dt,open,high,low,close,volume
2026-06-09 09:20:00+05:30,141.43,142.0,141.32,141.94,672517.0
2026-06-09 09:25:00+05:30,142.06,142.19,141.72,141.84,454237.0
2026-06-09 09:30:00+05:30,141.84,142.38,141.51,141.55,486267.0
2026-06-09 09:35:00+05:30,141.55,141.9,141.45,141.9,285059.0
2026-06-09 09:40:00+05:30,141.92,141.95,141.4,141.8,354932.0
2026-06-09 09:45:00+05:30,141.8,142.09,141.51,141.54,331270.0
2026-06-09 09:50:00+05:30,141.54,142.05,141.53,142.04,190650.0
2026-06-09 09:55:00+05:30,142.0,142.5,141.91,142.05,484108.0
2026-06-09 10:00:00+05:30,142.02,142.25,141.96,142.0,284707.0
2026-06-09 10:05:00+05:30,142.05,142.05,141.8,142.03,118445.0
2026-06-09 10:10:00+05:30,142.04,142.26,142.04,142.15,170978.0
2026-06-09 10:15:00+05:30,142.22,142.35,142.14,142.21,107977.0
2026-06-09 10:20:00+05:30,142.21,142.21,141.9,141.96,226946.0
2026-06-09 10:25:00+05:30,141.96,142.2,141.96,142.15,52553.0
2026-06-09 10:30:00+05:30,142.2,142.22,142.01,142.11,175561.0
2026-06-09 10:35:00+05:30,142.11,142.38,142.11,142.34,164860.0
2026-06-09 10:40:00+05:30,142.3,142.54,142.3,142.38,200377.0
2026-06-09 10:45:00+05:30,142.4,142.58,142.38,142.4,167976.0
2026-06-09 10:50:00+05:30,142.42,142.48,142.13,142.4,231842.0
2026-06-09 10:55:00+05:30,142.4,142.57,142.35,142.45,179373.0
2026-06-09 11:00:00+05:30,142.45,142.9,142.45,142.84,248460.0
2026-06-09 11:05:00+05:30,142.9,142.92,142.64,142.66,319457.0
2026-06-09 11:10:00+05:30,142.66,142.7,142.38,142.45,176033.0
2026-06-09 11:15:00+05:30,142.45,142.69,142.45,142.6,114778.0
2026-06-09 11:20:00+05:30,142.6,142.65,142.1,142.19,231786.0
2026-06-09 11:25:00+05:30,142.19,142.42,142.11,142.37,111808.0
2026-06-09 11:30:00+05:30,142.37,142.58,142.32,142.47,199451.0
2026-06-09 11:35:00+05:30,142.53,143.2,142.47,143.03,296882.0
2026-06-09 11:40:00+05:30,143.03,143.05,142.57,142.67,198610.0
2026-06-09 11:45:00+05:30,142.67,143.14,142.67,143.01,158146.0
2026-06-09 11:50:00+05:30,143.01,143.25,142.93,143.1,203390.0
2026-06-09 11:55:00+05:30,143.05,143.11,142.82,142.99,116728.0
2026-06-09 12:00:00+05:30,143.0,143.2,142.99,143.07,95045.0
2026-06-09 12:05:00+05:30,143.12,143.17,143.0,143.12,67446.0
2026-06-09 12:10:00+05:30,143.12,143.25,143.05,143.14,126007.0
2026-06-09 12:15:00+05:30,143.14,143.16,142.92,143.06,143848.0
2026-06-09 12:20:00+05:30,143.05,143.21,143.02,143.09,97086.0
2026-06-09 12:25:00+05:30,143.09,143.18,143.04,143.15,83352.0
2026-06-09 12:30:00+05:30,143.16,143.2,143.01,143.14,77907.0
2026-06-09 12:35:00+05:30,143.15,143.39,143.1,143.36,147755.0
2026-06-09 12:40:00+05:30,143.36,143.44,143.21,143.35,121014.0
2026-06-09 12:45:00+05:30,143.35,143.4,143.0,143.2,239415.0
2026-06-09 12:50:00+05:30,143.2,143.23,142.55,142.61,275209.0
2026-06-09 12:55:00+05:30,142.61,142.75,142.44,142.52,157147.0
2026-06-09 13:00:00+05:30,142.52,142.73,142.52,142.66,76733.0
2026-06-09 13:05:00+05:30,142.66,142.85,142.66,142.73,79562.0
2026-06-09 13:10:00+05:30,142.73,142.99,142.73,142.95,99285.0
2026-06-09 13:15:00+05:30,142.95,143.0,142.8,142.86,125683.0
2026-06-09 13:20:00+05:30,142.86,143.0,142.75,142.94,124363.0
2026-06-09 13:25:00+05:30,142.94,143.03,142.91,142.92,83293.0
2026-06-09 13:30:00+05:30,142.92,142.96,142.72,142.82,152818.0
2026-06-09 13:35:00+05:30,142.82,142.99,142.82,142.95,73613.0
2026-06-09 13:40:00+05:30,142.95,143.04,142.8,142.8,95232.0
2026-06-09 13:45:00+05:30,142.8,142.96,142.78,142.86,113959.0
2026-06-09 13:50:00+05:30,142.86,142.95,142.75,142.95,44019.0
2026-06-09 13:55:00+05:30,142.95,143.04,142.62,142.73,265990.0
2026-06-09 14:00:00+05:30,142.71,142.89,142.6,142.73,100616.0
2026-06-09 14:05:00+05:30,142.73,142.92,142.73,142.81,89245.0
2026-06-09 14:10:00+05:30,142.81,143.31,142.81,143.2,177408.0
2026-06-09 14:15:00+05:30,143.22,144.0,143.11,143.35,674954.0
2026-06-09 14:20:00+05:30,143.35,143.44,143.08,143.19,142492.0
2026-06-09 14:25:00+05:30,143.19,143.39,143.16,143.37,118353.0
2026-06-09 14:30:00+05:30,143.37,143.56,143.3,143.5,176374.0
2026-06-09 14:35:00+05:30,143.5,144.14,143.37,143.93,506667.0
2026-06-09 14:40:00+05:30,143.97,144.01,143.75,143.82,316559.0
2026-06-09 14:45:00+05:30,143.83,143.88,143.69,143.76,287372.0
2026-06-09 14:50:00+05:30,143.76,143.9,143.68,143.86,287417.0
2026-06-09 14:55:00+05:30,143.86,144.2,143.77,144.1,506173.0
2026-06-09 15:00:00+05:30,143.96,144.13,143.5,144.1,462848.0
2026-06-09 15:05:00+05:30,144.11,144.38,144.11,144.35,450383.0
2026-06-09 15:10:00+05:30,144.33,144.4,144.21,144.29,562882.0
2026-06-09 15:15:00+05:30,144.3,144.3,144.12,144.12,396757.0
2026-06-09 15:20:00+05:30,144.14,144.24,143.62,143.7,594327.0
2026-06-09 15:25:00+05:30,143.7,143.79,143.51,143.6,345451.0
2026-06-10 09:15:00+05:30,144.52,144.52,141.28,141.51,1330722.0
2026-06-10 09:20:00+05:30,141.62,141.67,140.72,141.5,652523.0
2026-06-10 09:25:00+05:30,141.49,141.79,141.33,141.58,384852.0
2026-06-10 09:30:00+05:30,141.57,142.26,141.34,142.14,501687.0
2026-06-10 09:35:00+05:30,142.14,142.85,141.94,142.72,304258.0
2026-06-10 09:40:00+05:30,142.73,143.1,142.72,143.08,296412.0
2026-06-10 09:45:00+05:30,143.1,143.42,142.8,143.37,212248.0
2026-06-10 09:50:00+05:30,143.37,143.44,142.9,143.02,187368.0
2026-06-10 09:55:00+05:30,143.02,143.29,143.01,143.03,121857.0
2026-06-10 10:00:00+05:30,143.03,143.25,142.95,143.16,161271.0
2026-06-10 10:05:00+05:30,143.14,143.2,142.9,142.9,91385.0
2026-06-10 10:10:00+05:30,142.87,143.2,142.77,142.77,175332.0
2026-06-10 10:15:00+05:30,142.85,143.15,142.67,143.15,169229.0
2026-06-10 10:20:00+05:30,143.15,143.17,142.98,143.01,90032.0
2026-06-10 10:25:00+05:30,143.01,143.13,143.0,143.01,65582.0
2026-06-10 10:30:00+05:30,143.04,143.48,142.95,143.47,150310.0
2026-06-10 10:35:00+05:30,143.47,143.59,143.14,143.19,240917.0
2026-06-10 10:40:00+05:30,143.16,143.45,143.16,143.31,87712.0
2026-06-10 10:45:00+05:30,143.31,143.4,142.99,143.13,111067.0
2026-06-10 10:50:00+05:30,143.13,143.13,142.77,142.95,160124.0
2026-06-10 10:55:00+05:30,142.94,142.98,142.73,142.93,176172.0
2026-06-10 11:00:00+05:30,142.94,143.0,142.73,142.99,234206.0
2026-06-10 11:05:00+05:30,143.0,143.15,142.9,143.14,429941.0
2026-06-10 11:10:00+05:30,143.14,143.14,142.58,142.62,201589.0
2026-06-10 11:15:00+05:30,142.64,142.85,142.64,142.65,87713.0
2026-06-10 11:20:00+05:30,142.65,142.93,142.62,142.83,74906.0
2026-06-10 11:25:00+05:30,142.81,143.0,142.81,142.96,85972.0
2026-06-10 11:30:00+05:30,142.96,143.03,142.79,142.95,128884.0
2026-06-10 11:35:00+05:30,142.93,142.99,142.81,142.93,70682.0
2026-06-10 11:40:00+05:30,142.9,143.0,142.9,142.97,178790.0
2026-06-10 11:45:00+05:30,143.0,143.0,142.71,142.83,45938.0
2026-06-10 11:50:00+05:30,142.84,142.89,142.75,142.82,77268.0
2026-06-10 11:55:00+05:30,142.79,142.97,142.79,142.9,73493.0
2026-06-10 12:00:00+05:30,142.9,142.9,142.73,142.78,48702.0
2026-06-10 12:05:00+05:30,142.78,142.95,142.71,142.88,56203.0
2026-06-10 12:10:00+05:30,142.94,143.0,142.83,142.98,68257.0
2026-06-10 12:15:00+05:30,142.98,143.0,142.89,142.99,93753.0
2026-06-10 12:20:00+05:30,143.0,143.0,142.85,142.91,137790.0
2026-06-10 12:25:00+05:30,142.92,143.0,142.86,142.94,65596.0
2026-06-10 12:30:00+05:30,142.92,143.0,142.87,142.96,12923.0
2026-06-10 12:35:00+05:30,142.96,143.0,142.95,143.0,60166.0
2026-06-10 12:40:00+05:30,143.0,143.0,142.23,142.53,121885.0
2026-06-10 12:45:00+05:30,142.53,142.65,142.43,142.51,105509.0
2026-06-10 12:50:00+05:30,142.51,142.75,142.31,142.36,289030.0
2026-06-10 12:55:00+05:30,142.4,142.46,142.1,142.42,111770.0
2026-06-10 13:00:00+05:30,142.43,142.65,142.39,142.65,75858.0
2026-06-10 13:05:00+05:30,142.65,142.88,142.63,142.85,36494.0
2026-06-10 13:10:00+05:30,142.88,143.0,142.8,142.87,71252.0
2026-06-10 13:15:00+05:30,142.9,143.0,142.84,142.86,67450.0
2026-06-10 13:20:00+05:30,142.91,142.94,142.69,142.75,61204.0
2026-06-10 13:25:00+05:30,142.75,143.0,142.71,142.99,302251.0
2026-06-10 13:30:00+05:30,143.0,143.41,142.92,142.96,240835.0
2026-06-10 13:35:00+05:30,143.0,143.0,142.81,142.89,37833.0
2026-06-10 13:40:00+05:30,142.89,143.0,142.54,142.6,111787.0
2026-06-10 13:45:00+05:30,142.65,142.9,142.62,142.87,109768.0
2026-06-10 13:50:00+05:30,142.87,142.96,142.68,142.77,71628.0
2026-06-10 13:55:00+05:30,142.77,142.82,142.72,142.78,58044.0
2026-06-10 14:00:00+05:30,142.78,142.94,142.69,142.71,50658.0
2026-06-10 14:05:00+05:30,142.66,142.78,142.56,142.57,48454.0
2026-06-10 14:10:00+05:30,142.57,142.77,142.51,142.58,107204.0
2026-06-10 14:15:00+05:30,142.58,142.85,142.55,142.79,54605.0
2026-06-10 14:20:00+05:30,142.76,143.0,142.76,142.9,83103.0
2026-06-10 14:25:00+05:30,142.89,142.98,142.78,142.86,62840.0
2026-06-10 14:30:00+05:30,142.89,142.99,142.73,142.98,70689.0
2026-06-10 14:35:00+05:30,143.0,143.0,142.16,142.16,490914.0
2026-06-10 14:40:00+05:30,142.21,142.27,142.04,142.19,520311.0
2026-06-10 14:45:00+05:30,142.19,142.82,141.99,142.49,549563.0
2026-06-10 14:50:00+05:30,142.49,142.84,142.41,142.66,575842.0
2026-06-10 14:55:00+05:30,142.69,142.76,142.47,142.69,518118.0
2026-06-10 15:00:00+05:30,142.67,142.84,142.5,142.62,812579.0
2026-06-10 15:05:00+05:30,142.63,142.7,142.21,142.54,906155.0
2026-06-10 15:10:00+05:30,142.55,142.6,142.07,142.11,821624.0
2026-06-10 15:15:00+05:30,142.17,142.2,141.35,142.14,990957.0
2026-06-10 15:20:00+05:30,142.12,142.31,141.83,142.05,1099650.0
2026-06-10 15:25:00+05:30,142.06,142.15,141.65,142.0,898657.0
2026-06-11 09:15:00+05:30,141.1,141.14,139.43,139.84,477306.0
2026-06-11 09:20:00+05:30,139.84,140.4,139.75,140.0,187076.0
2026-06-11 09:25:00+05:30,139.94,140.04,139.7,139.94,115332.0
2026-06-11 09:30:00+05:30,139.96,140.42,139.71,140.31,233698.0
2026-06-11 09:35:00+05:30,140.15,140.29,140.0,140.24,80991.0
2026-06-11 09:40:00+05:30,140.23,140.62,140.19,140.46,238065.0
2026-06-11 09:45:00+05:30,140.4,141.21,140.36,141.16,207672.0
2026-06-11 09:50:00+05:30,141.2,141.4,141.0,141.0,178702.0
2026-06-11 09:55:00+05:30,141.04,141.04,140.29,140.36,84808.0
2026-06-11 10:00:00+05:30,140.36,140.49,140.26,140.31,37600.0
2026-06-11 10:05:00+05:30,140.31,140.92,140.3,140.82,104090.0
2026-06-11 10:10:00+05:30,140.75,140.8,140.5,140.56,53502.0
2026-06-11 10:15:00+05:30,140.56,140.97,140.5,140.97,58650.0
2026-06-11 10:20:00+05:30,140.97,141.19,140.91,141.16,71511.0
2026-06-11 10:25:00+05:30,141.09,141.32,141.01,141.13,51514.0
2026-06-11 10:30:00+05:30,141.13,141.25,140.92,141.14,79468.0
2026-06-11 10:35:00+05:30,141.14,141.15,141.01,141.11,37034.0
2026-06-11 10:40:00+05:30,141.05,141.15,140.88,140.99,54716.0
2026-06-11 10:45:00+05:30,140.99,141.12,140.87,140.9,41500.0
2026-06-11 10:50:00+05:30,140.88,140.92,140.53,140.76,40944.0
2026-06-11 10:55:00+05:30,140.74,140.74,140.47,140.49,29258.0
2026-06-11 11:00:00+05:30,140.51,140.94,140.35,140.93,115946.0
2026-06-11 11:05:00+05:30,140.95,141.21,140.82,140.94,1149563.0
2026-06-11 11:10:00+05:30,140.86,141.06,140.72,140.94,187608.0
2026-06-11 11:15:00+05:30,140.88,140.9,140.13,140.14,236578.0
2026-06-11 11:20:00+05:30,140.22,140.44,140.15,140.35,66854.0
2026-06-11 11:25:00+05:30,140.35,140.78,140.3,140.78,102208.0
2026-06-11 11:30:00+05:30,140.69,140.78,140.09,140.18,119899.0
2026-06-11 11:35:00+05:30,140.17,140.42,140.02,140.19,67674.0
2026-06-11 11:40:00+05:30,140.19,140.33,140.15,140.33,51293.0
2026-06-11 11:45:00+05:30,140.38,140.59,140.31,140.33,60384.0
2026-06-11 11:50:00+05:30,140.37,140.46,140.26,140.33,123399.0
2026-06-11 11:55:00+05:30,140.3,140.44,140.2,140.25,57217.0
2026-06-11 12:00:00+05:30,140.25,140.38,140.17,140.25,39133.0
2026-06-11 12:05:00+05:30,140.2,140.25,139.74,139.89,163618.0
2026-06-11 12:10:00+05:30,139.89,139.92,139.66,139.75,59326.0
2026-06-11 12:15:00+05:30,139.8,140.0,139.8,139.84,36435.0
2026-06-11 12:20:00+05:30,139.84,139.95,139.67,139.82,44516.0
2026-06-11 12:25:00+05:30,139.78,139.85,139.6,139.73,126339.0
2026-06-11 12:30:00+05:30,139.73,140.21,139.73,140.1,147257.0
2026-06-11 12:35:00+05:30,140.19,140.2,140.0,140.01,198699.0
2026-06-11 12:40:00+05:30,140.03,140.09,140.0,140.03,502031.0
2026-06-11 12:45:00+05:30,140.03,140.07,139.65,139.65,149994.0
2026-06-11 12:50:00+05:30,139.7,139.91,139.5,139.56,113909.0
2026-06-11 12:55:00+05:30,139.55,139.93,139.5,139.91,64478.0
2026-06-11 13:00:00+05:30,139.84,139.97,139.71,139.79,52158.0
2026-06-11 13:05:00+05:30,139.75,139.79,139.6,139.6,34970.0
2026-06-11 13:10:00+05:30,139.64,139.76,139.5,139.72,76662.0
2026-06-11 13:15:00+05:30,139.72,139.85,139.66,139.66,61290.0
2026-06-11 13:20:00+05:30,139.7,139.72,139.27,139.52,184426.0
2026-06-11 13:25:00+05:30,139.5,139.55,139.3,139.45,74878.0
2026-06-11 13:30:00+05:30,139.41,139.79,139.41,139.55,51303.0
2026-06-11 13:35:00+05:30,139.53,139.78,139.45,139.52,50250.0
2026-06-11 13:40:00+05:30,139.55,139.6,139.47,139.56,41836.0
2026-06-11 13:45:00+05:30,139.54,139.68,139.37,139.38,52269.0
2026-06-11 13:50:00+05:30,139.38,139.68,139.37,139.65,123980.0
2026-06-11 13:55:00+05:30,139.7,139.79,139.6,139.67,46985.0
2026-06-11 14:00:00+05:30,139.72,139.97,139.65,139.93,100028.0
2026-06-11 14:05:00+05:30,139.88,139.96,139.73,139.82,72670.0
2026-06-11 14:10:00+05:30,139.77,139.96,139.74,139.94,40564.0
2026-06-11 14:15:00+05:30,139.94,140.04,139.81,139.94,82950.0
2026-06-11 14:20:00+05:30,139.96,140.08,139.92,139.95,58180.0
2026-06-11 14:25:00+05:30,139.98,140.5,139.93,140.43,137718.0
2026-06-11 14:30:00+05:30,140.43,140.57,140.31,140.45,130115.0
2026-06-11 14:35:00+05:30,140.41,140.5,140.25,140.28,69565.0
2026-06-11 14:40:00+05:30,140.3,140.32,140.09,140.14,78480.0
2026-06-11 14:45:00+05:30,140.14,140.36,139.9,140.06,83603.0
2026-06-11 14:50:00+05:30,140.13,140.54,139.92,140.52,255416.0
2026-06-11 14:55:00+05:30,140.53,140.96,140.53,140.8,590341.0
2026-06-11 15:00:00+05:30,140.81,141.15,140.68,140.74,1084594.0
2026-06-11 15:05:00+05:30,140.78,140.99,140.6,140.72,1025462.0
2026-06-11 15:10:00+05:30,140.79,140.89,140.58,140.78,1053949.0
2026-06-11 15:15:00+05:30,140.87,141.03,140.45,140.54,1214326.0
2026-06-11 15:20:00+05:30,140.5,140.68,140.26,140.53,1191377.0
2026-06-11 15:25:00+05:30,140.53,141.0,140.45,140.99,855363.0
2026-06-12 09:15:00+05:30,142.52,144.65,142.52,144.11,746980.0
2026-06-12 09:20:00+05:30,144.1,145.44,143.9,144.21,876972.0
2026-06-12 09:25:00+05:30,144.21,144.44,143.83,144.08,391561.0
2026-06-12 09:30:00+05:30,144.1,144.17,143.56,143.56,225804.0
2026-06-12 09:35:00+05:30,143.53,143.7,143.2,143.32,145062.0
2026-06-12 09:40:00+05:30,143.34,143.35,143.0,143.02,109484.0
2026-06-12 09:45:00+05:30,143.06,143.38,143.02,143.37,144016.0
2026-06-12 09:50:00+05:30,143.38,143.41,143.08,143.11,152602.0
2026-06-12 09:55:00+05:30,143.12,143.19,142.47,142.5,191103.0
2026-06-12 10:00:00+05:30,142.5,142.55,142.27,142.54,99988.0
2026-06-12 10:05:00+05:30,142.52,142.88,142.52,142.75,96495.0
2026-06-12 10:10:00+05:30,142.84,143.07,142.75,142.85,59045.0
2026-06-12 10:15:00+05:30,142.85,143.0,142.61,142.65,78758.0
2026-06-12 10:20:00+05:30,142.62,142.92,142.59,142.8,28965.0
2026-06-12 10:25:00+05:30,142.91,143.0,142.69,142.74,30497.0
2026-06-12 10:30:00+05:30,142.75,142.75,142.59,142.71,19074.0
2026-06-12 10:35:00+05:30,142.64,142.7,142.55,142.7,14057.0
2026-06-12 10:40:00+05:30,142.71,142.75,142.5,142.58,67612.0
2026-06-12 10:45:00+05:30,142.58,142.64,142.36,142.53,78676.0
2026-06-12 10:50:00+05:30,142.53,142.54,142.41,142.54,19492.0
2026-06-12 10:55:00+05:30,142.54,142.93,142.5,142.8,35212.0
2026-06-12 11:00:00+05:30,142.86,142.95,142.64,142.87,35266.0
2026-06-12 11:05:00+05:30,142.93,142.93,142.67,142.7,43215.0
2026-06-12 11:10:00+05:30,142.74,142.9,142.62,142.82,33229.0
2026-06-12 11:15:00+05:30,142.87,142.93,142.77,142.88,58129.0
2026-06-12 11:20:00+05:30,142.87,143.1,142.75,143.08,48433.0
2026-06-12 11:25:00+05:30,143.04,143.08,141.79,141.89,504607.0
2026-06-12 11:30:00+05:30,141.89,141.96,141.77,141.92,46620.0
2026-06-12 11:35:00+05:30,141.86,142.04,141.81,142.0,28801.0
2026-06-12 11:40:00+05:30,141.95,142.02,141.9,141.91,261663.0
2026-06-12 11:45:00+05:30,141.91,142.03,141.9,141.96,42257.0
2026-06-12 11:50:00+05:30,141.95,142.03,141.9,141.95,69224.0
2026-06-12 11:55:00+05:30,141.92,142.02,141.85,141.86,40859.0
2026-06-12 12:00:00+05:30,141.91,142.0,141.85,142.0,40744.0
2026-06-12 12:05:00+05:30,141.96,142.0,141.8,141.8,20572.0
2026-06-12 12:10:00+05:30,141.8,141.94,141.75,141.87,39335.0
2026-06-12 12:15:00+05:30,141.89,142.0,141.71,141.73,42997.0
2026-06-12 12:20:00+05:30,141.75,141.94,141.75,141.86,18561.0
2026-06-12 12:25:00+05:30,141.88,141.98,141.84,141.93,10070.0
2026-06-12 12:30:00+05:30,141.93,141.93,141.8,141.86,11231.0
2026-06-12 12:35:00+05:30,141.86,141.9,141.59,141.73,34595.0
2026-06-12 12:40:00+05:30,141.68,141.68,141.26,141.33,85439.0
2026-06-12 12:45:00+05:30,141.35,141.58,141.25,141.4,32633.0
2026-06-12 12:50:00+05:30,141.44,141.58,141.31,141.57,39002.0
2026-06-12 12:55:00+05:30,141.5,141.57,141.3,141.45,35635.0
2026-06-12 13:00:00+05:30,141.42,141.5,141.3,141.46,46051.0
2026-06-12 13:05:00+05:30,141.48,141.59,141.4,141.52,14250.0
2026-06-12 13:10:00+05:30,141.56,141.6,141.4,141.48,19668.0
2026-06-12 13:15:00+05:30,141.51,141.6,141.49,141.54,17031.0
2026-06-12 13:20:00+05:30,141.51,141.54,141.4,141.42,30596.0
2026-06-12 13:25:00+05:30,141.35,141.99,141.35,141.93,39554.0
2026-06-12 13:30:00+05:30,141.89,142.0,141.75,141.95,41877.0
2026-06-12 13:35:00+05:30,142.0,142.0,141.87,141.95,114114.0
2026-06-12 13:40:00+05:30,142.0,142.0,141.83,141.95,478678.0
2026-06-12 13:45:00+05:30,142.0,142.08,141.8,141.8,793763.0
2026-06-12 13:50:00+05:30,141.8,142.03,141.7,141.88,548431.0
2026-06-12 13:55:00+05:30,141.89,142.32,141.89,142.18,160910.0
2026-06-12 14:00:00+05:30,142.18,142.3,142.11,142.2,162154.0
2026-06-12 14:05:00+05:30,142.21,142.74,142.16,142.73,256903.0
2026-06-12 14:10:00+05:30,142.8,142.84,142.64,142.7,167478.0
2026-06-12 14:15:00+05:30,142.72,142.85,142.7,142.7,172762.0
2026-06-12 14:20:00+05:30,142.73,143.28,142.54,143.01,253496.0
2026-06-12 14:25:00+05:30,143.16,143.5,143.04,143.39,339646.0
2026-06-12 14:30:00+05:30,143.39,143.65,143.2,143.21,312179.0
2026-06-12 14:35:00+05:30,143.26,143.34,143.14,143.26,193188.0
2026-06-12 14:40:00+05:30,143.29,143.55,143.27,143.5,195576.0
2026-06-12 14:45:00+05:30,143.55,143.82,143.46,143.7,245007.0
2026-06-12 14:50:00+05:30,143.81,143.83,143.6,143.75,342085.0
2026-06-12 14:55:00+05:30,143.75,143.78,143.24,143.3,290937.0
2026-06-12 15:00:00+05:30,143.27,143.72,143.04,143.67,312376.0
2026-06-12 15:05:00+05:30,143.67,143.83,143.62,143.71,275841.0
2026-06-12 15:10:00+05:30,143.71,143.71,143.38,143.5,529493.0
2026-06-12 15:15:00+05:30,143.5,143.59,143.11,143.5,480057.0
2026-06-12 15:20:00+05:30,143.45,143.54,143.04,143.09,182811.0
2026-06-12 15:25:00+05:30,143.06,143.44,142.97,143.05,410806.0
2026-06-15 09:15:00+05:30,146.1,147.79,146.1,147.01,1075629.0
2026-06-15 09:20:00+05:30,147.09,147.69,146.88,146.97,648988.0
2026-06-15 09:25:00+05:30,146.97,148.0,146.57,147.7,1545348.0
2026-06-15 09:30:00+05:30,147.7,148.54,147.44,148.49,959867.0
2026-06-15 09:35:00+05:30,148.45,149.04,148.44,148.78,983015.0
2026-06-15 09:40:00+05:30,148.83,148.87,148.4,148.71,418811.0
2026-06-15 09:45:00+05:30,148.67,149.2,148.44,148.6,431835.0
2026-06-15 09:50:00+05:30,148.59,149.4,148.44,149.03,943325.0
2026-06-15 09:55:00+05:30,149.08,149.42,148.75,149.0,532103.0
2026-06-15 10:00:00+05:30,149.0,149.32,148.86,149.13,148149.0
2026-06-15 10:05:00+05:30,149.13,149.25,148.97,149.24,213886.0
2026-06-15 10:10:00+05:30,149.24,149.34,148.2,148.38,1286224.0
2026-06-15 10:15:00+05:30,148.35,148.78,148.35,148.75,156959.0
2026-06-15 10:20:00+05:30,148.69,148.99,148.69,148.77,142263.0
2026-06-15 10:25:00+05:30,148.79,149.63,148.76,149.55,459993.0
2026-06-15 10:30:00+05:30,149.51,149.9,149.51,149.7,358655.0
2026-06-15 10:35:00+05:30,149.74,149.75,149.33,149.33,194941.0
2026-06-15 10:40:00+05:30,149.33,149.6,149.3,149.3,212846.0
2026-06-15 10:45:00+05:30,149.3,149.59,149.3,149.48,184623.0
2026-06-15 10:50:00+05:30,149.51,149.74,149.45,149.52,144706.0
2026-06-15 10:55:00+05:30,149.57,149.75,149.45,149.66,117307.0
2026-06-15 11:00:00+05:30,149.63,149.7,149.48,149.53,123322.0
2026-06-15 11:05:00+05:30,149.49,149.53,149.39,149.4,94119.0
2026-06-15 11:10:00+05:30,149.39,149.42,148.83,148.83,193020.0
2026-06-15 11:15:00+05:30,148.83,149.03,148.75,148.98,152199.0
2026-06-15 11:20:00+05:30,148.98,149.06,148.89,148.9,112572.0
2026-06-15 11:25:00+05:30,148.9,149.15,148.87,149.06,95704.0
2026-06-15 11:30:00+05:30,149.06,149.1,148.82,148.86,111695.0
2026-06-15 11:35:00+05:30,148.86,148.95,148.76,148.76,143561.0
2026-06-15 11:40:00+05:30,148.77,148.95,148.72,148.82,126547.0
2026-06-15 11:45:00+05:30,148.82,148.9,148.65,148.79,100713.0
2026-06-15 11:50:00+05:30,148.79,148.88,148.7,148.83,103361.0
2026-06-15 11:55:00+05:30,148.88,148.88,148.7,148.71,85439.0
2026-06-15 12:00:00+05:30,148.73,148.76,148.54,148.54,118644.0
2026-06-15 12:05:00+05:30,148.54,148.6,148.31,148.33,116761.0
2026-06-15 12:10:00+05:30,148.38,148.69,148.34,148.58,95447.0
2026-06-15 12:15:00+05:30,148.6,148.62,148.33,148.51,96493.0
2026-06-15 12:20:00+05:30,148.53,148.65,148.51,148.65,59249.0
2026-06-15 12:25:00+05:30,148.66,148.66,148.27,148.27,111178.0
2026-06-15 12:30:00+05:30,148.29,148.42,148.15,148.35,126899.0
2026-06-15 12:35:00+05:30,148.39,148.5,148.27,148.27,145339.0
2026-06-15 12:40:00+05:30,148.33,148.34,148.05,148.33,171494.0
2026-06-15 12:45:00+05:30,148.35,148.42,148.29,148.39,52590.0
2026-06-15 12:50:00+05:30,148.39,148.42,148.24,148.28,77429.0
2026-06-15 12:55:00+05:30,148.28,148.39,148.24,148.35,100920.0
2026-06-15 13:00:00+05:30,148.33,148.5,148.29,148.3,86816.0
2026-06-15 13:05:00+05:30,148.33,148.46,148.3,148.44,49216.0
2026-06-15 13:10:00+05:30,148.44,148.5,148.38,148.49,77745.0
2026-06-15 13:15:00+05:30,148.49,148.5,148.34,148.39,92304.0
2026-06-15 13:20:00+05:30,148.39,148.49,148.28,148.43,100850.0
2026-06-15 13:25:00+05:30,148.41,148.48,148.26,148.4,81699.0
2026-06-15 13:30:00+05:30,148.32,148.5,148.31,148.35,86770.0
2026-06-15 13:35:00+05:30,148.4,148.4,148.27,148.33,68415.0
2026-06-15 13:40:00+05:30,148.4,148.43,148.21,148.21,115495.0
2026-06-15 13:45:00+05:30,148.21,148.26,148.11,148.17,129649.0
2026-06-15 13:50:00+05:30,148.19,148.25,148.0,148.19,136037.0
2026-06-15 13:55:00+05:30,148.18,148.45,148.14,148.37,176179.0
2026-06-15 14:00:00+05:30,148.32,148.45,148.31,148.35,48637.0
2026-06-15 14:05:00+05:30,148.35,148.44,148.28,148.35,70616.0
2026-06-15 14:10:00+05:30,148.41,148.68,148.3,148.61,123903.0
2026-06-15 14:15:00+05:30,148.61,148.73,148.46,148.54,688036.0
2026-06-15 14:20:00+05:30,148.6,148.72,148.45,148.64,171439.0
2026-06-15 14:25:00+05:30,148.64,148.74,148.51,148.58,91788.0
2026-06-15 14:30:00+05:30,148.58,148.65,148.25,148.38,150671.0
2026-06-15 14:35:00+05:30,148.39,148.5,148.38,148.48,81188.0
2026-06-15 14:40:00+05:30,148.48,148.5,148.0,148.2,294903.0
2026-06-15 14:45:00+05:30,148.11,148.18,148.0,148.1,138063.0
2026-06-15 14:50:00+05:30,148.1,148.19,148.0,148.13,170909.0
2026-06-15 14:55:00+05:30,148.13,148.18,148.0,148.05,194709.0
2026-06-15 15:00:00+05:30,148.05,148.2,148.0,148.18,1732434.0
2026-06-15 15:05:00+05:30,148.18,148.21,148.01,148.06,411116.0
2026-06-15 15:10:00+05:30,148.07,148.47,148.0,148.33,715188.0
2026-06-15 15:15:00+05:30,148.34,148.59,148.21,148.41,696597.0
2026-06-15 15:20:00+05:30,148.43,148.55,148.0,148.17,426463.0
2026-06-15 15:25:00+05:30,148.17,148.47,148.0,148.05,420489.0
2026-06-16 09:15:00+05:30,148.1,148.5,147.35,147.5,408616.0
2026-06-16 09:20:00+05:30,147.51,147.92,147.39,147.85,185859.0
2026-06-16 09:25:00+05:30,147.94,148.08,147.55,147.94,166196.0
2026-06-16 09:30:00+05:30,147.94,147.94,147.42,147.58,109490.0
2026-06-16 09:35:00+05:30,147.49,147.59,147.02,147.24,153928.0
2026-06-16 09:40:00+05:30,147.22,147.53,147.07,147.52,111356.0
2026-06-16 09:45:00+05:30,147.53,147.77,147.48,147.54,130995.0
2026-06-16 09:50:00+05:30,147.58,147.86,147.27,147.78,78507.0
2026-06-16 09:55:00+05:30,147.77,148.08,147.6,147.61,138077.0
2026-06-16 10:00:00+05:30,147.59,147.68,147.31,147.5,45022.0
2026-06-16 10:05:00+05:30,147.49,147.5,147.37,147.46,28850.0
2026-06-16 10:10:00+05:30,147.38,147.46,147.3,147.3,66103.0
2026-06-16 10:15:00+05:30,147.31,147.4,147.25,147.3,21992.0
2026-06-16 10:20:00+05:30,147.3,147.97,147.3,147.72,181539.0
2026-06-16 10:25:00+05:30,147.72,148.0,147.65,147.95,95951.0
2026-06-16 10:30:00+05:30,147.98,148.0,147.65,147.77,103651.0
2026-06-16 10:35:00+05:30,147.75,147.99,147.75,147.85,37689.0
2026-06-16 10:40:00+05:30,147.86,148.5,147.75,148.5,116077.0
2026-06-16 10:45:00+05:30,148.32,148.98,148.32,148.69,250196.0
2026-06-16 10:50:00+05:30,148.69,148.88,148.57,148.69,109256.0
2026-06-16 10:55:00+05:30,148.66,148.88,148.52,148.79,47131.0
2026-06-16 11:00:00+05:30,148.78,148.94,148.54,148.76,140169.0
2026-06-16 11:05:00+05:30,148.76,148.78,148.3,148.4,77509.0
2026-06-16 11:10:00+05:30,148.35,148.46,148.27,148.46,48234.0
2026-06-16 11:15:00+05:30,148.41,148.73,148.38,148.44,70862.0
2026-06-16 11:20:00+05:30,148.51,148.59,148.4,148.54,41097.0
2026-06-16 11:25:00+05:30,148.54,148.7,148.44,148.5,73265.0
2026-06-16 11:30:00+05:30,148.48,148.53,148.37,148.44,28471.0
2026-06-16 11:35:00+05:30,148.43,148.44,148.02,148.04,90676.0
2026-06-16 11:40:00+05:30,148.06,148.13,147.9,148.0,49212.0
2026-06-16 11:45:00+05:30,148.05,148.19,147.97,148.1,21464.0
2026-06-16 11:50:00+05:30,148.06,148.48,148.06,148.43,85262.0
2026-06-16 11:55:00+05:30,148.39,148.39,148.03,148.25,28538.0
2026-06-16 12:00:00+05:30,148.19,148.31,148.02,148.07,24932.0
2026-06-16 12:05:00+05:30,148.15,148.2,148.02,148.17,22736.0
2026-06-16 12:10:00+05:30,148.11,148.15,148.02,148.13,34030.0
2026-06-16 12:15:00+05:30,148.08,148.1,147.62,147.7,57174.0
2026-06-16 12:20:00+05:30,147.7,147.93,147.6,147.9,19386.0
2026-06-16 12:25:00+05:30,147.83,147.89,147.73,147.85,15855.0
2026-06-16 12:30:00+05:30,147.89,148.1,147.83,147.98,45673.0
2026-06-16 12:35:00+05:30,147.98,148.0,147.79,147.81,34378.0
2026-06-16 12:40:00+05:30,147.85,148.3,147.71,148.3,932856.0
2026-06-16 12:45:00+05:30,148.18,148.18,147.51,147.62,459987.0
2026-06-16 12:50:00+05:30,147.6,147.64,147.36,147.44,33020.0
2026-06-16 12:55:00+05:30,147.49,147.63,147.42,147.48,753068.0
2026-06-16 13:00:00+05:30,147.5,147.6,147.41,147.55,29819.0
2026-06-16 13:05:00+05:30,147.5,147.7,147.47,147.7,45812.0
2026-06-16 13:10:00+05:30,147.76,147.95,147.75,147.76,21420.0
2026-06-16 13:15:00+05:30,147.8,147.97,147.77,147.8,30648.0
2026-06-16 13:20:00+05:30,147.83,148.13,147.8,147.87,52412.0
2026-06-16 13:25:00+05:30,147.93,148.0,147.61,147.74,50757.0
2026-06-16 13:30:00+05:30,147.75,147.78,147.42,147.74,194451.0
2026-06-16 13:35:00+05:30,147.74,147.8,147.51,147.63,32553.0
2026-06-16 13:40:00+05:30,147.69,147.75,147.63,147.7,7666.0
2026-06-16 13:45:00+05:30,147.7,147.84,147.7,147.8,18950.0
2026-06-16 13:50:00+05:30,147.79,148.48,147.79,148.46,275990.0
2026-06-16 13:55:00+05:30,148.51,148.59,148.25,148.37,57070.0
2026-06-16 14:00:00+05:30,148.38,148.58,148.34,148.55,84200.0
2026-06-16 14:05:00+05:30,148.52,148.7,148.52,148.58,54177.0
2026-06-16 14:10:00+05:30,148.55,148.8,148.52,148.8,62358.0
2026-06-16 14:15:00+05:30,148.8,149.08,148.69,148.87,211231.0
2026-06-16 14:20:00+05:30,148.89,148.9,148.06,148.19,254759.0
2026-06-16 14:25:00+05:30,148.21,148.26,147.87,148.0,229443.0
2026-06-16 14:30:00+05:30,148.0,148.0,147.91,147.97,50460.0
2026-06-16 14:35:00+05:30,147.94,148.0,147.72,147.92,600044.0
2026-06-16 14:40:00+05:30,147.92,148.0,147.65,147.65,220397.0
2026-06-16 14:45:00+05:30,147.65,147.79,147.6,147.72,94736.0
2026-06-16 14:50:00+05:30,147.71,147.99,147.65,147.93,38285.0
2026-06-16 14:55:00+05:30,147.93,147.99,147.85,147.95,37285.0
2026-06-16 15:00:00+05:30,147.99,148.0,147.73,147.77,353224.0
2026-06-16 15:05:00+05:30,147.75,147.8,147.7,147.7,223988.0
2026-06-16 15:10:00+05:30,147.72,147.72,147.5,147.63,337453.0
2026-06-16 15:15:00+05:30,147.64,147.72,147.49,147.62,311419.0
2026-06-16 15:20:00+05:30,147.63,147.63,147.35,147.37,299937.0
2026-06-16 15:25:00+05:30,147.37,147.58,147.11,147.25,389400.0
2026-06-17 09:15:00+05:30,147.51,147.59,145.35,145.4,692434.0
2026-06-17 09:20:00+05:30,145.4,145.55,145.05,145.38,408353.0
2026-06-17 09:25:00+05:30,145.33,146.19,144.97,146.12,456402.0
2026-06-17 09:30:00+05:30,146.15,146.42,145.81,145.87,335037.0
2026-06-17 09:35:00+05:30,145.85,146.52,145.81,146.42,265400.0
2026-06-17 09:40:00+05:30,146.42,147.08,146.24,147.07,634217.0
2026-06-17 09:45:00+05:30,147.05,147.18,146.64,146.71,451750.0
2026-06-17 09:50:00+05:30,146.73,146.79,146.58,146.64,103435.0
2026-06-17 09:55:00+05:30,146.68,146.68,146.41,146.48,130260.0
2026-06-17 10:00:00+05:30,146.52,146.64,145.61,145.75,400616.0
2026-06-17 10:05:00+05:30,145.79,146.11,145.73,145.95,158407.0
2026-06-17 10:10:00+05:30,145.99,146.16,145.94,146.12,113021.0
2026-06-17 10:15:00+05:30,146.11,146.72,146.06,146.63,154272.0
2026-06-17 10:20:00+05:30,146.61,146.74,146.48,146.74,123487.0
2026-06-17 10:25:00+05:30,146.74,146.8,146.5,146.53,125557.0
2026-06-17 10:30:00+05:30,146.55,146.72,146.5,146.69,73710.0
2026-06-17 10:35:00+05:30,146.68,146.73,146.64,146.7,69639.0
2026-06-17 10:40:00+05:30,146.68,146.69,146.48,146.49,100514.0
2026-06-17 10:45:00+05:30,146.49,146.5,146.15,146.34,187560.0
2026-06-17 10:50:00+05:30,146.34,146.46,146.28,146.33,85189.0
2026-06-17 10:55:00+05:30,146.32,147.07,146.32,146.91,372717.0
2026-06-17 11:00:00+05:30,146.91,146.94,146.45,146.49,79937.0
2026-06-17 11:05:00+05:30,146.49,146.53,146.36,146.43,64487.0
2026-06-17 11:10:00+05:30,146.43,146.5,146.41,146.5,56213.0
2026-06-17 11:15:00+05:30,146.5,146.5,146.42,146.47,57429.0
2026-06-17 11:20:00+05:30,146.46,146.47,146.21,146.38,382226.0
2026-06-17 11:25:00+05:30,146.38,146.5,146.3,146.43,288145.0
2026-06-17 11:30:00+05:30,146.38,146.65,146.37,146.46,114188.0
2026-06-17 11:35:00+05:30,146.49,146.5,146.34,146.35,77989.0
2026-06-17 11:40:00+05:30,146.35,146.75,146.29,146.74,107377.0
2026-06-17 11:45:00+05:30,146.74,146.85,146.61,146.67,97004.0
2026-06-17 11:50:00+05:30,146.67,146.68,146.57,146.63,51740.0
2026-06-17 11:55:00+05:30,146.63,146.97,146.58,146.66,130829.0
2026-06-17 12:00:00+05:30,146.66,146.72,146.5,146.51,44830.0
2026-06-17 12:05:00+05:30,146.54,146.76,146.51,146.7,59584.0
2026-06-17 12:10:00+05:30,146.65,146.75,146.65,146.65,59174.0
2026-06-17 12:15:00+05:30,146.65,146.7,146.3,146.31,103779.0
2026-06-17 12:20:00+05:30,146.32,146.38,146.29,146.37,69283.0
2026-06-17 12:25:00+05:30,146.31,146.42,146.29,146.29,52202.0
2026-06-17 12:30:00+05:30,146.29,146.39,145.6,145.62,175594.0
2026-06-17 12:35:00+05:30,145.69,145.82,144.48,144.7,394849.0
2026-06-17 12:40:00+05:30,144.82,144.82,143.54,143.96,750133.0
2026-06-17 12:45:00+05:30,143.89,143.93,143.07,143.51,567326.0
2026-06-17 12:50:00+05:30,143.5,143.6,143.02,143.46,355571.0
2026-06-17 12:55:00+05:30,143.58,143.9,143.25,143.25,393372.0
2026-06-17 13:00:00+05:30,143.29,143.36,143.2,143.28,222969.0
2026-06-17 13:05:00+05:30,143.3,143.49,142.94,143.36,286904.0
2026-06-17 13:10:00+05:30,143.43,144.06,143.36,143.69,313239.0
2026-06-17 13:15:00+05:30,143.73,144.05,143.46,144.0,182650.0
2026-06-17 13:20:00+05:30,143.95,144.35,143.95,144.08,148769.0
2026-06-17 13:25:00+05:30,144.08,144.35,144.08,144.22,85685.0
2026-06-17 13:30:00+05:30,144.22,144.34,144.11,144.24,78227.0
2026-06-17 13:35:00+05:30,144.17,144.28,144.13,144.17,67283.0
2026-06-17 13:40:00+05:30,144.17,144.25,144.17,144.19,67925.0
2026-06-17 13:45:00+05:30,144.19,144.21,143.43,143.63,189769.0
2026-06-17 13:50:00+05:30,143.59,143.63,143.02,143.33,209281.0
2026-06-17 13:55:00+05:30,143.27,143.54,143.24,143.3,107643.0
2026-06-17 14:00:00+05:30,143.34,143.44,143.19,143.31,135544.0
2026-06-17 14:05:00+05:30,143.3,143.34,142.63,142.94,402120.0
2026-06-17 14:10:00+05:30,142.94,143.62,142.9,143.62,210212.0
2026-06-17 14:15:00+05:30,143.65,143.8,143.51,143.65,121835.0
2026-06-17 14:20:00+05:30,143.72,143.96,143.66,143.96,103077.0
2026-06-17 14:25:00+05:30,143.95,144.0,143.74,143.9,119986.0
2026-06-17 14:30:00+05:30,143.9,144.0,143.7,143.91,132943.0
2026-06-17 14:35:00+05:30,143.91,143.96,143.79,143.95,150844.0
2026-06-17 14:40:00+05:30,143.93,144.19,143.84,143.92,210840.0
2026-06-17 14:45:00+05:30,143.95,144.44,143.5,144.24,602310.0
2026-06-17 14:50:00+05:30,144.18,144.32,143.91,144.32,429781.0
2026-06-17 14:55:00+05:30,144.28,144.79,144.26,144.77,638649.0
2026-06-17 15:00:00+05:30,144.8,145.5,144.77,145.4,810611.0
2026-06-17 15:05:00+05:30,145.4,145.68,145.33,145.6,714795.0
2026-06-17 15:10:00+05:30,145.58,145.6,145.23,145.4,672750.0
2026-06-17 15:15:00+05:30,145.4,145.4,144.6,144.91,1387961.0
2026-06-17 15:20:00+05:30,144.88,145.04,144.61,144.74,963889.0
2026-06-17 15:25:00+05:30,144.74,145.0,144.0,144.79,633544.0
2026-06-18 09:15:00+05:30,145.1,145.46,143.72,145.05,865019.0
2026-06-18 09:20:00+05:30,145.01,145.05,144.1,144.25,349060.0
2026-06-18 09:25:00+05:30,144.25,144.6,144.2,144.36,227963.0
2026-06-18 09:30:00+05:30,144.36,144.8,144.14,144.48,261181.0
2026-06-18 09:35:00+05:30,144.48,144.75,144.28,144.75,159044.0
2026-06-18 09:40:00+05:30,144.75,144.88,144.55,144.75,153491.0
2026-06-18 09:45:00+05:30,144.7,144.8,144.4,144.47,81889.0
2026-06-18 09:50:00+05:30,144.4,144.5,144.36,144.46,68047.0
2026-06-18 09:55:00+05:30,144.45,144.76,144.44,144.67,198789.0
2026-06-18 10:00:00+05:30,144.67,144.67,144.42,144.49,52835.0
2026-06-18 10:05:00+05:30,144.49,144.5,144.21,144.27,86757.0
2026-06-18 10:10:00+05:30,144.27,144.27,143.8,143.8,262652.0
2026-06-18 10:15:00+05:30,143.86,144.05,143.86,144.0,117510.0
2026-06-18 10:20:00+05:30,144.02,144.14,143.75,143.86,98444.0
2026-06-18 10:25:00+05:30,143.86,143.86,143.72,143.79,72637.0
2026-06-18 10:30:00+05:30,143.79,143.79,143.4,143.51,150635.0
2026-06-18 10:35:00+05:30,143.51,143.57,143.22,143.34,108358.0
2026-06-18 10:40:00+05:30,143.31,143.4,143.22,143.31,101428.0
2026-06-18 10:45:00+05:30,143.26,143.55,143.26,143.26,148846.0
2026-06-18 10:50:00+05:30,143.32,143.32,143.1,143.19,82837.0
2026-06-18 10:55:00+05:30,143.16,143.27,143.14,143.2,48851.0
2026-06-18 11:00:00+05:30,143.17,143.37,143.02,143.26,165411.0
2026-06-18 11:05:00+05:30,143.27,143.31,143.0,143.07,133817.0
2026-06-18 11:10:00+05:30,143.07,143.07,142.82,142.86,244588.0
2026-06-18 11:15:00+05:30,142.86,143.35,142.75,143.1,305894.0
2026-06-18 11:20:00+05:30,143.06,143.36,142.91,143.3,223123.0
2026-06-18 11:25:00+05:30,143.23,143.34,142.97,142.97,111009.0
2026-06-18 11:30:00+05:30,142.91,143.14,142.83,143.05,98986.0
2026-06-18 11:35:00+05:30,143.05,143.06,142.75,142.76,71956.0
2026-06-18 11:40:00+05:30,142.8,143.16,142.61,142.94,204123.0
2026-06-18 11:45:00+05:30,142.94,143.02,142.75,142.75,131680.0
2026-06-18 11:50:00+05:30,142.78,142.86,142.65,142.74,91734.0
2026-06-18 11:55:00+05:30,142.75,142.9,142.65,142.8,93727.0
2026-06-18 12:00:00+05:30,142.83,142.92,142.79,142.89,36666.0
2026-06-18 12:05:00+05:30,142.87,143.1,142.83,142.94,114651.0
2026-06-18 12:10:00+05:30,142.94,143.13,142.91,143.03,77874.0
2026-06-18 12:15:00+05:30,143.03,143.25,142.83,142.92,248282.0
2026-06-18 12:20:00+05:30,142.92,143.75,142.92,143.53,516388.0
2026-06-18 12:25:00+05:30,143.49,143.99,143.49,143.95,203821.0
2026-06-18 12:30:00+05:30,143.98,144.29,143.75,144.06,561244.0
2026-06-18 12:35:00+05:30,144.06,144.11,143.73,143.96,197032.0
2026-06-18 12:40:00+05:30,143.91,143.95,143.7,143.7,155956.0
2026-06-18 12:45:00+05:30,143.73,143.8,143.5,143.73,93533.0
2026-06-18 12:50:00+05:30,143.71,143.84,143.69,143.7,70817.0
2026-06-18 12:55:00+05:30,143.81,143.87,143.74,143.78,79484.0
2026-06-18 13:00:00+05:30,143.81,144.11,143.8,143.99,163831.0
2026-06-18 13:05:00+05:30,143.99,144.16,143.84,144.15,138055.0
2026-06-18 13:10:00+05:30,144.15,144.15,144.0,144.14,57730.0
2026-06-18 13:15:00+05:30,144.14,144.15,144.0,144.01,41857.0
2026-06-18 13:20:00+05:30,144.01,144.05,143.91,143.99,54548.0
2026-06-18 13:25:00+05:30,143.95,143.95,143.8,143.91,109142.0
2026-06-18 13:30:00+05:30,143.95,144.34,143.91,144.09,189450.0
2026-06-18 13:35:00+05:30,144.09,144.16,143.9,144.05,48268.0
2026-06-18 13:40:00+05:30,144.05,144.19,144.05,144.17,59832.0
2026-06-18 13:45:00+05:30,144.17,144.31,144.15,144.23,79913.0
2026-06-18 13:50:00+05:30,144.17,144.19,144.01,144.02,30487.0
2026-06-18 13:55:00+05:30,144.02,144.08,144.01,144.01,45732.0
2026-06-18 14:00:00+05:30,144.01,144.3,144.0,144.24,110177.0
2026-06-18 14:05:00+05:30,144.24,144.43,144.01,144.04,96544.0
2026-06-18 14:10:00+05:30,144.0,144.29,144.0,144.26,54794.0
2026-06-18 14:15:00+05:30,144.26,144.37,144.1,144.21,79376.0
2026-06-18 14:20:00+05:30,144.21,144.58,144.19,144.43,210391.0
2026-06-18 14:25:00+05:30,144.43,144.51,144.31,144.48,171457.0
2026-06-18 14:30:00+05:30,144.42,144.42,144.05,144.12,133121.0
2026-06-18 14:35:00+05:30,144.12,144.21,143.89,144.09,121292.0
2026-06-18 14:40:00+05:30,144.06,144.2,144.02,144.1,103211.0
2026-06-18 14:45:00+05:30,144.08,144.24,144.0,144.01,92735.0
2026-06-18 14:50:00+05:30,144.0,144.25,143.95,144.15,163785.0
2026-06-18 14:55:00+05:30,144.11,144.49,144.08,144.49,231863.0
2026-06-18 15:00:00+05:30,144.48,144.5,144.31,144.32,350003.0
2026-06-18 15:05:00+05:30,144.31,144.49,144.31,144.47,359951.0
2026-06-18 15:10:00+05:30,144.48,144.49,144.3,144.39,553267.0
2026-06-18 15:15:00+05:30,144.37,144.5,144.22,144.41,752030.0
2026-06-18 15:20:00+05:30,144.42,144.9,144.33,144.76,807342.0
2026-06-18 15:25:00+05:30,144.75,145.0,144.57,144.65,2424278.0
2026-06-19 09:15:00+05:30,144.5,144.68,143.3,143.84,371035.0
2026-06-19 09:20:00+05:30,143.75,143.82,143.5,143.63,123185.0
2026-06-19 09:25:00+05:30,143.65,143.84,143.52,143.62,130843.0
2026-06-19 09:30:00+05:30,143.6,143.7,143.5,143.5,151426.0
2026-06-19 09:35:00+05:30,143.56,143.65,143.44,143.61,102273.0
2026-06-19 09:40:00+05:30,143.59,143.78,143.55,143.57,99250.0
2026-06-19 09:45:00+05:30,143.57,143.68,143.42,143.51,55523.0
2026-06-19 09:50:00+05:30,143.45,143.51,143.25,143.37,82946.0
2026-06-19 09:55:00+05:30,143.37,143.42,143.1,143.21,59149.0
2026-06-19 10:00:00+05:30,143.23,143.23,143.02,143.2,126430.0
2026-06-19 10:05:00+05:30,143.16,143.57,143.15,143.51,93152.0
2026-06-19 10:10:00+05:30,143.58,143.59,143.43,143.53,60917.0
2026-06-19 10:15:00+05:30,143.53,143.74,143.46,143.6,95585.0
2026-06-19 10:20:00+05:30,143.65,143.85,143.51,143.79,102035.0
2026-06-19 10:25:00+05:30,143.8,143.85,143.59,143.59,46544.0
2026-06-19 10:30:00+05:30,143.64,143.71,143.5,143.57,134260.0
2026-06-19 10:35:00+05:30,143.57,143.71,143.51,143.66,59889.0
2026-06-19 10:40:00+05:30,143.66,143.91,143.57,143.85,119145.0
2026-06-19 10:45:00+05:30,143.91,144.25,143.85,144.25,179331.0
2026-06-19 10:50:00+05:30,144.2,144.6,144.1,144.46,292162.0
2026-06-19 10:55:00+05:30,144.51,144.56,144.4,144.5,117201.0
2026-06-19 11:00:00+05:30,144.54,144.58,144.13,144.19,143410.0
2026-06-19 11:05:00+05:30,144.22,144.22,143.87,144.19,96867.0
2026-06-19 11:10:00+05:30,144.19,144.2,144.1,144.12,28011.0
2026-06-19 11:15:00+05:30,144.12,144.14,144.02,144.1,36636.0
2026-06-19 11:20:00+05:30,144.04,144.28,144.01,144.16,52661.0
2026-06-19 11:25:00+05:30,144.16,144.25,144.13,144.19,44241.0
2026-06-19 11:30:00+05:30,144.2,144.41,144.19,144.38,55183.0
2026-06-19 11:35:00+05:30,144.39,144.44,144.15,144.19,30192.0
2026-06-19 11:40:00+05:30,144.15,144.28,144.0,144.05,50875.0
2026-06-19 11:45:00+05:30,144.01,144.13,144.0,144.03,70409.0
2026-06-19 11:50:00+05:30,144.0,144.04,144.0,144.0,134102.0
2026-06-19 11:55:00+05:30,144.0,144.06,143.79,144.06,296243.0
2026-06-19 12:00:00+05:30,144.06,144.19,144.02,144.07,23406.0
2026-06-19 12:05:00+05:30,144.07,144.13,144.0,144.13,47154.0
2026-06-19 12:10:00+05:30,144.09,144.17,144.02,144.16,32271.0
2026-06-19 12:15:00+05:30,144.16,144.16,144.03,144.09,19123.0
2026-06-19 12:20:00+05:30,144.09,144.29,144.09,144.14,62245.0
2026-06-19 12:25:00+05:30,144.14,144.4,144.09,144.33,33683.0
2026-06-19 12:30:00+05:30,144.35,144.38,144.23,144.38,78481.0
2026-06-19 12:35:00+05:30,144.34,144.46,144.28,144.41,45278.0
2026-06-19 12:40:00+05:30,144.29,145.21,144.29,144.77,2606853.0
2026-06-19 12:45:00+05:30,144.77,145.69,144.73,145.58,698231.0
2026-06-19 12:50:00+05:30,145.52,145.63,145.5,145.56,192126.0
2026-06-19 12:55:00+05:30,145.55,145.57,145.1,145.24,170197.0
2026-06-19 13:00:00+05:30,145.2,145.29,145.01,145.04,123357.0
2026-06-19 13:05:00+05:30,145.1,145.5,145.07,145.45,104997.0
2026-06-19 13:10:00+05:30,145.43,145.69,145.27,145.57,158325.0
2026-06-19 13:15:00+05:30,145.63,145.74,145.49,145.56,374370.0
2026-06-19 13:20:00+05:30,145.56,145.63,144.8,144.93,1039898.0
2026-06-19 13:25:00+05:30,144.85,145.0,144.85,144.93,58298.0
2026-06-19 13:30:00+05:30,144.95,145.0,144.76,145.0,135422.0
2026-06-19 13:35:00+05:30,144.9,145.47,144.79,145.44,510750.0
2026-06-19 13:40:00+05:30,145.44,145.64,145.4,145.57,131103.0
2026-06-19 13:45:00+05:30,145.61,145.7,145.39,145.47,71759.0
2026-06-19 13:50:00+05:30,145.45,145.52,145.31,145.41,49328.0
2026-06-19 13:55:00+05:30,145.47,145.51,145.25,145.4,250267.0
2026-06-19 14:00:00+05:30,145.4,145.61,145.39,145.58,229995.0
2026-06-19 14:05:00+05:30,145.6,145.73,145.57,145.61,87796.0
2026-06-19 14:10:00+05:30,145.68,146.05,145.6,145.95,243406.0
2026-06-19 14:15:00+05:30,146.0,146.03,145.88,145.88,119225.0
2026-06-19 14:20:00+05:30,145.93,145.95,145.75,145.76,132068.0
2026-06-19 14:25:00+05:30,145.76,145.92,145.73,145.92,131671.0
2026-06-19 14:30:00+05:30,145.92,146.05,145.82,145.85,285418.0
2026-06-19 14:35:00+05:30,145.9,145.98,145.84,145.95,49959.0
2026-06-19 14:40:00+05:30,145.97,146.0,145.9,145.96,107106.0
2026-06-19 14:45:00+05:30,145.96,146.03,145.0,145.33,717411.0
2026-06-19 14:50:00+05:30,145.29,145.45,145.12,145.24,656949.0
2026-06-19 14:55:00+05:30,145.2,145.2,145.0,145.17,604794.0
2026-06-19 15:00:00+05:30,145.11,145.4,145.0,145.28,1356830.0
2026-06-19 15:05:00+05:30,145.28,145.6,145.28,145.48,928926.0
2026-06-19 15:10:00+05:30,145.49,145.88,145.49,145.67,996399.0
2026-06-19 15:15:00+05:30,145.67,145.75,145.57,145.73,852856.0
2026-06-19 15:20:00+05:30,145.73,145.81,145.66,145.75,857379.0
2026-06-19 15:25:00+05:30,145.75,145.81,144.95,144.95,1167502.0
2026-06-22 09:15:00+05:30,145.54,145.7,143.67,143.9,814140.0
2026-06-22 09:20:00+05:30,143.83,144.0,143.3,143.71,743481.0
2026-06-22 09:25:00+05:30,143.72,144.24,143.5,144.19,194608.0
2026-06-22 09:30:00+05:30,144.13,144.15,143.7,143.93,210770.0
2026-06-22 09:35:00+05:30,143.93,144.14,143.88,144.08,79030.0
2026-06-22 09:40:00+05:30,144.13,144.45,144.06,144.4,104837.0
2026-06-22 09:45:00+05:30,144.4,144.48,144.2,144.44,96936.0
2026-06-22 09:50:00+05:30,144.5,144.62,144.4,144.51,54063.0
2026-06-22 09:55:00+05:30,144.56,144.66,144.41,144.65,64634.0
2026-06-22 10:00:00+05:30,144.65,144.9,144.61,144.79,66446.0
2026-06-22 10:05:00+05:30,144.74,145.15,144.51,145.0,184529.0
2026-06-22 10:10:00+05:30,144.97,145.03,144.72,144.84,34798.0
2026-06-22 10:15:00+05:30,144.84,144.99,144.73,144.99,77852.0
2026-06-22 10:20:00+05:30,144.97,145.0,144.6,144.63,58051.0
2026-06-22 10:25:00+05:30,144.6,144.81,144.6,144.72,39164.0
2026-06-22 10:30:00+05:30,144.73,144.79,144.6,144.6,21336.0
2026-06-22 10:35:00+05:30,144.62,144.79,144.56,144.79,42490.0
2026-06-22 10:40:00+05:30,144.74,144.91,144.74,144.89,43216.0
2026-06-22 10:45:00+05:30,144.89,144.91,144.84,144.85,31213.0
2026-06-22 10:50:00+05:30,144.85,144.85,144.7,144.71,16991.0
2026-06-22 10:55:00+05:30,144.74,144.76,144.65,144.72,36492.0
2026-06-22 11:00:00+05:30,144.73,144.74,144.5,144.5,49237.0
2026-06-22 11:05:00+05:30,144.53,144.66,144.5,144.55,28562.0
2026-06-22 11:10:00+05:30,144.55,144.61,144.15,144.26,159348.0
2026-06-22 11:15:00+05:30,144.3,144.43,144.25,144.39,49442.0
2026-06-22 11:20:00+05:30,144.36,144.85,144.3,144.75,328519.0
2026-06-22 11:25:00+05:30,144.77,144.81,144.61,144.65,33531.0
2026-06-22 11:30:00+05:30,144.7,144.7,144.6,144.64,24870.0
2026-06-22 11:35:00+05:30,144.65,144.73,144.51,144.51,22024.0
2026-06-22 11:40:00+05:30,144.56,144.79,144.46,144.66,57338.0
2026-06-22 11:45:00+05:30,144.67,144.81,144.43,144.74,77505.0
2026-06-22 11:50:00+05:30,144.74,144.93,144.7,144.93,35776.0
2026-06-22 11:55:00+05:30,144.83,145.0,144.83,144.89,150686.0
2026-06-22 12:00:00+05:30,144.95,145.0,144.65,144.68,159698.0
2026-06-22 12:05:00+05:30,144.71,144.99,144.71,144.85,62718.0
2026-06-22 12:10:00+05:30,144.85,145.0,144.77,144.85,64504.0
2026-06-22 12:15:00+05:30,144.83,144.92,144.75,144.83,26031.0
2026-06-22 12:20:00+05:30,144.84,144.98,144.81,144.87,27530.0
2026-06-22 12:25:00+05:30,144.82,144.95,144.8,144.83,21230.0
2026-06-22 12:30:00+05:30,144.8,144.96,144.8,144.85,19677.0
2026-06-22 12:35:00+05:30,144.88,144.95,144.8,144.9,51508.0
2026-06-22 12:40:00+05:30,144.93,144.98,144.83,144.88,26586.0
2026-06-22 12:45:00+05:30,144.89,144.94,144.83,144.9,32711.0
2026-06-22 12:50:00+05:30,144.91,144.97,144.83,144.94,36983.0
2026-06-22 12:55:00+05:30,144.9,145.0,144.83,144.89,46041.0
2026-06-22 13:00:00+05:30,144.93,144.98,144.8,144.81,24058.0
2026-06-22 13:05:00+05:30,144.82,144.93,144.79,144.88,32827.0
2026-06-22 13:10:00+05:30,144.92,144.95,144.83,144.88,16659.0
2026-06-22 13:15:00+05:30,144.85,144.9,144.82,144.85,14273.0
2026-06-22 13:20:00+05:30,144.85,144.9,144.76,144.86,32687.0
2026-06-22 13:25:00+05:30,144.87,144.99,144.8,144.91,42663.0
2026-06-22 13:30:00+05:30,144.95,144.98,144.82,144.84,34796.0
2026-06-22 13:35:00+05:30,144.86,144.95,144.78,144.83,18163.0
2026-06-22 13:40:00+05:30,144.83,144.9,144.71,144.84,54018.0
2026-06-22 13:45:00+05:30,144.86,144.9,144.8,144.82,14415.0
2026-06-22 13:50:00+05:30,144.83,144.91,144.81,144.83,17516.0
2026-06-22 13:55:00+05:30,144.87,144.98,144.85,144.85,25028.0
2026-06-22 14:00:00+05:30,144.87,144.94,144.82,144.82,16173.0
2026-06-22 14:05:00+05:30,144.88,145.11,144.84,145.07,114223.0
2026-06-22 14:10:00+05:30,145.08,145.16,144.85,144.85,99142.0
2026-06-22 14:15:00+05:30,144.85,145.42,144.84,145.4,134754.0
2026-06-22 14:20:00+05:30,145.4,145.6,145.4,145.5,114257.0
2026-06-22 14:25:00+05:30,145.53,145.65,145.4,145.54,215325.0
2026-06-22 14:30:00+05:30,145.54,145.68,145.52,145.67,112241.0
2026-06-22 14:35:00+05:30,145.67,145.68,145.55,145.58,61582.0
2026-06-22 14:40:00+05:30,145.55,145.66,145.54,145.54,132942.0
2026-06-22 14:45:00+05:30,145.56,145.8,145.54,145.59,829883.0
2026-06-22 14:50:00+05:30,145.6,145.64,145.36,145.45,711595.0
2026-06-22 14:55:00+05:30,145.45,145.52,145.29,145.38,411719.0
2026-06-22 15:00:00+05:30,145.48,145.6,145.42,145.5,1318539.0
2026-06-22 15:05:00+05:30,145.55,145.84,145.48,145.74,869181.0
2026-06-22 15:10:00+05:30,145.65,146.46,145.65,146.21,1483843.0
2026-06-22 15:15:00+05:30,146.13,146.29,145.86,146.14,1126012.0
2026-06-22 15:20:00+05:30,146.09,146.23,145.8,145.97,1272761.0
2026-06-22 15:25:00+05:30,145.97,146.12,145.4,145.5,974165.0
2026-06-23 09:15:00+05:30,145.85,146.14,145.5,145.79,225941.0
2026-06-23 09:20:00+05:30,145.74,146.03,145.3,145.32,242935.0
2026-06-23 09:25:00+05:30,145.35,145.82,145.35,145.7,119005.0
2026-06-23 09:30:00+05:30,145.61,145.77,145.5,145.73,72431.0
2026-06-23 09:35:00+05:30,145.69,145.76,145.05,145.33,3125908.0
2026-06-23 09:40:00+05:30,145.31,145.5,145.1,145.1,93309.0
2026-06-23 09:45:00+05:30,145.1,145.39,145.1,145.34,39265.0
2026-06-23 09:50:00+05:30,145.34,145.49,145.29,145.33,63946.0
2026-06-23 09:55:00+05:30,145.36,145.36,144.86,145.16,180193.0
2026-06-23 10:00:00+05:30,145.22,145.3,145.12,145.22,62697.0
2026-06-23 10:05:00+05:30,145.26,145.49,145.11,145.32,55029.0
2026-06-23 10:10:00+05:30,145.28,145.33,145.06,145.14,120799.0
2026-06-23 10:15:00+05:30,145.14,145.16,144.6,144.68,112693.0
2026-06-23 10:20:00+05:30,144.68,144.87,144.61,144.65,100234.0
2026-06-23 10:25:00+05:30,144.67,144.69,144.45,144.49,86290.0
2026-06-23 10:30:00+05:30,144.49,144.68,144.35,144.58,104794.0
2026-06-23 10:35:00+05:30,144.64,144.67,144.44,144.45,43517.0
2026-06-23 10:40:00+05:30,144.49,144.64,144.42,144.45,45307.0
2026-06-23 10:45:00+05:30,144.44,144.48,144.24,144.3,69807.0
2026-06-23 10:50:00+05:30,144.3,144.39,144.05,144.2,96503.0
2026-06-23 10:55:00+05:30,144.21,144.32,144.11,144.2,32686.0
2026-06-23 11:00:00+05:30,144.2,144.21,144.07,144.09,44820.0
2026-06-23 11:05:00+05:30,144.1,144.3,144.07,144.29,67184.0
2026-06-23 11:10:00+05:30,144.28,144.34,144.19,144.27,44272.0
2026-06-23 11:15:00+05:30,144.25,144.38,144.12,144.31,43812.0
2026-06-23 11:20:00+05:30,144.36,144.41,144.21,144.36,42950.0
2026-06-23 11:25:00+05:30,144.37,144.48,144.19,144.2,60924.0
2026-06-23 11:30:00+05:30,144.17,144.33,144.15,144.25,114771.0
2026-06-23 11:35:00+05:30,144.25,144.25,143.59,143.66,247460.0
2026-06-23 11:40:00+05:30,143.72,143.72,143.12,143.37,368821.0
2026-06-23 11:45:00+05:30,143.36,143.36,142.82,142.93,158487.0
2026-06-23 11:50:00+05:30,142.99,143.01,142.89,143.0,67388.0
2026-06-23 11:55:00+05:30,143.01,143.01,142.75,142.93,98748.0
2026-06-23 12:00:00+05:30,142.89,143.06,142.82,142.86,61689.0
2026-06-23 12:05:00+05:30,142.87,142.94,142.68,142.84,79445.0
2026-06-23 12:10:00+05:30,142.84,142.89,142.64,142.74,41146.0
2026-06-23 12:15:00+05:30,142.74,143.06,142.72,142.92,44000.0
2026-06-23 12:20:00+05:30,142.85,142.88,142.56,142.66,53706.0
2026-06-23 12:25:00+05:30,142.73,142.94,142.61,142.77,63709.0
2026-06-23 12:30:00+05:30,142.76,142.76,142.5,142.58,62323.0
2026-06-23 12:35:00+05:30,142.63,142.76,142.5,142.72,55694.0
2026-06-23 12:40:00+05:30,142.74,142.77,142.27,142.4,95463.0
2026-06-23 12:45:00+05:30,142.37,142.42,142.15,142.21,107724.0
2026-06-23 12:50:00+05:30,142.24,142.32,141.82,141.99,197300.0
2026-06-23 12:55:00+05:30,141.89,142.21,141.76,142.05,104639.0
2026-06-23 13:00:00+05:30,142.05,142.38,141.92,142.15,174177.0
2026-06-23 13:05:00+05:30,142.2,142.57,142.19,142.49,74128.0
2026-06-23 13:10:00+05:30,142.5,142.5,142.4,142.41,41855.0
2026-06-23 13:15:00+05:30,142.41,142.47,142.3,142.37,68755.0
2026-06-23 13:20:00+05:30,142.4,142.54,142.35,142.43,92756.0
2026-06-23 13:25:00+05:30,142.39,142.42,142.2,142.25,71693.0
2026-06-23 13:30:00+05:30,142.22,142.45,142.2,142.27,96329.0
2026-06-23 13:35:00+05:30,142.27,142.39,142.2,142.34,52899.0
2026-06-23 13:40:00+05:30,142.34,142.51,142.3,142.48,55007.0
2026-06-23 13:45:00+05:30,142.5,142.6,142.46,142.54,43024.0
2026-06-23 13:50:00+05:30,142.54,142.57,142.25,142.38,57385.0
2026-06-23 13:55:00+05:30,142.33,142.39,142.2,142.21,35543.0
2026-06-23 14:00:00+05:30,142.24,142.55,142.11,142.55,166611.0
2026-06-23 14:05:00+05:30,142.53,142.53,141.9,141.96,168672.0
2026-06-23 14:10:00+05:30,141.97,142.4,141.91,142.19,180586.0
2026-06-23 14:15:00+05:30,142.2,142.24,142.1,142.13,69144.0
2026-06-23 14:20:00+05:30,142.13,142.39,142.05,142.37,87586.0
2026-06-23 14:25:00+05:30,142.37,142.5,142.29,142.35,44299.0
2026-06-23 14:30:00+05:30,142.33,142.55,142.33,142.48,56244.0
2026-06-23 14:35:00+05:30,142.48,142.6,142.39,142.57,96591.0
2026-06-23 14:40:00+05:30,142.63,142.91,142.52,142.87,87975.0
2026-06-23 14:45:00+05:30,142.85,143.44,142.65,143.37,272749.0
2026-06-23 14:50:00+05:30,143.35,143.98,143.35,143.96,628954.0
2026-06-23 14:55:00+05:30,143.89,144.38,143.89,144.05,650923.0
2026-06-23 15:00:00+05:30,144.15,144.31,143.32,143.69,897098.0
2026-06-23 15:05:00+05:30,143.72,144.17,143.55,143.63,754299.0
2026-06-23 15:10:00+05:30,143.64,143.77,143.33,143.42,761615.0
2026-06-23 15:15:00+05:30,143.44,143.51,143.07,143.31,723003.0
2026-06-23 15:20:00+05:30,143.36,143.7,143.33,143.61,773261.0
2026-06-23 15:25:00+05:30,143.61,143.8,143.19,143.44,657892.0
2026-06-24 09:15:00+05:30,143.0,144.32,142.8,143.66,317511.0
2026-06-24 09:20:00+05:30,143.66,144.1,143.58,144.03,148769.0
2026-06-24 09:25:00+05:30,144.03,144.03,143.41,143.83,135860.0
2026-06-24 09:30:00+05:30,143.79,144.69,143.73,144.09,175769.0
2026-06-24 09:35:00+05:30,144.07,144.25,143.24,143.24,233283.0
2026-06-24 09:40:00+05:30,143.27,143.3,142.93,143.0,178772.0
2026-06-24 09:45:00+05:30,142.93,143.0,142.27,142.27,157630.0
2026-06-24 09:50:00+05:30,142.2,142.75,142.07,142.75,150816.0
2026-06-24 09:55:00+05:30,142.7,143.3,142.68,143.05,134485.0
2026-06-24 10:00:00+05:30,143.05,143.22,142.75,143.18,99305.0
2026-06-24 10:05:00+05:30,143.14,143.3,143.0,143.2,111541.0
2026-06-24 10:10:00+05:30,143.2,143.36,143.1,143.24,99028.0
2026-06-24 10:15:00+05:30,143.26,143.36,143.1,143.22,97714.0
2026-06-24 10:20:00+05:30,143.22,143.65,143.16,143.48,135468.0
2026-06-24 10:25:00+05:30,143.46,143.74,143.4,143.46,118824.0
2026-06-24 10:30:00+05:30,143.43,143.68,143.35,143.63,101887.0
2026-06-24 10:35:00+05:30,143.62,144.12,143.53,143.9,201724.0
2026-06-24 10:40:00+05:30,143.97,144.37,143.94,143.95,138824.0
2026-06-24 10:45:00+05:30,143.94,144.23,143.81,143.85,192128.0
2026-06-24 10:50:00+05:30,143.85,143.91,143.6,143.65,126318.0
2026-06-24 10:55:00+05:30,143.65,143.79,143.65,143.69,74754.0
2026-06-24 11:00:00+05:30,143.66,143.75,143.41,143.66,84857.0
2026-06-24 11:05:00+05:30,143.68,144.12,143.61,144.06,74777.0
2026-06-24 11:10:00+05:30,144.06,144.24,143.95,144.02,171453.0
2026-06-24 11:15:00+05:30,143.95,144.04,143.89,143.99,158752.0
2026-06-24 11:20:00+05:30,143.97,144.24,143.9,144.24,90045.0
2026-06-24 11:25:00+05:30,144.24,144.35,144.02,144.24,182500.0
2026-06-24 11:30:00+05:30,144.21,144.5,144.09,144.48,76920.0
2026-06-24 11:35:00+05:30,144.45,144.59,144.3,144.55,182926.0
2026-06-24 11:40:00+05:30,144.59,144.79,144.52,144.78,81743.0
2026-06-24 11:45:00+05:30,144.72,144.78,144.59,144.72,68009.0
2026-06-24 11:50:00+05:30,144.72,145.16,144.67,145.1,305051.0
2026-06-24 11:55:00+05:30,145.08,145.1,144.69,144.85,293208.0
2026-06-24 12:00:00+05:30,144.86,144.92,144.31,144.54,1758499.0
2026-06-24 12:05:00+05:30,144.47,144.94,144.31,144.91,305572.0
2026-06-24 12:10:00+05:30,144.91,144.98,144.75,144.75,155755.0
2026-06-24 12:15:00+05:30,144.72,145.0,144.71,144.97,89680.0
2026-06-24 12:20:00+05:30,144.97,145.03,144.6,144.67,141440.0
2026-06-24 12:25:00+05:30,144.62,144.74,144.61,144.7,45448.0
2026-06-24 12:30:00+05:30,144.67,144.7,144.41,144.48,56148.0
2026-06-24 12:35:00+05:30,144.47,144.59,144.41,144.42,80687.0
2026-06-24 12:40:00+05:30,144.42,144.57,144.3,144.53,85977.0
2026-06-24 12:45:00+05:30,144.5,144.6,144.45,144.54,74498.0
2026-06-24 12:50:00+05:30,144.54,144.7,144.45,144.69,39383.0
2026-06-24 12:55:00+05:30,144.7,144.78,144.48,144.73,140475.0
2026-06-24 13:00:00+05:30,144.72,145.0,144.69,144.77,173075.0
2026-06-24 13:05:00+05:30,144.77,144.85,144.65,144.8,58815.0
2026-06-24 13:10:00+05:30,144.77,144.83,144.48,144.67,80526.0
2026-06-24 13:15:00+05:30,144.67,144.85,144.67,144.76,67832.0
2026-06-24 13:20:00+05:30,144.72,144.84,144.64,144.72,43881.0
2026-06-24 13:25:00+05:30,144.71,144.88,144.71,144.76,54066.0
2026-06-24 13:30:00+05:30,144.77,144.79,144.55,144.7,53869.0
2026-06-24 13:35:00+05:30,144.69,144.86,144.55,144.6,59597.0
2026-06-24 13:40:00+05:30,144.58,144.61,144.4,144.46,66204.0
2026-06-24 13:45:00+05:30,144.43,144.68,144.43,144.54,53130.0
2026-06-24 13:50:00+05:30,144.49,144.65,144.49,144.6,39419.0
2026-06-24 13:55:00+05:30,144.6,144.67,144.47,144.54,49592.0
2026-06-24 14:00:00+05:30,144.54,144.6,144.28,144.41,65447.0
2026-06-24 14:05:00+05:30,144.42,144.59,144.41,144.55,62151.0
2026-06-24 14:10:00+05:30,144.56,144.71,144.5,144.65,52434.0
2026-06-24 14:15:00+05:30,144.65,144.65,144.38,144.49,85223.0
2026-06-24 14:20:00+05:30,144.49,144.55,144.45,144.55,41876.0
2026-06-24 14:25:00+05:30,144.53,144.55,144.05,144.08,108616.0
2026-06-24 14:30:00+05:30,144.08,144.19,143.95,144.0,79661.0
2026-06-24 14:35:00+05:30,144.0,144.2,143.97,144.05,77925.0
2026-06-24 14:40:00+05:30,144.05,144.24,143.93,144.04,91946.0
2026-06-24 14:45:00+05:30,144.04,144.11,143.75,144.04,95786.0
2026-06-24 14:50:00+05:30,144.01,144.33,144.01,144.09,106475.0
2026-06-24 14:55:00+05:30,144.08,144.13,143.9,144.05,142932.0
2026-06-24 15:00:00+05:30,144.01,144.75,143.82,144.72,307517.0
2026-06-24 15:05:00+05:30,144.67,144.8,144.56,144.77,306244.0
2026-06-24 15:10:00+05:30,144.74,144.85,144.65,144.8,257867.0
2026-06-24 15:15:00+05:30,144.77,144.85,144.6,144.63,232552.0
2026-06-24 15:20:00+05:30,144.6,144.65,144.17,144.59,268231.0
2026-06-24 15:25:00+05:30,144.53,144.74,144.41,144.65,230037.0
2026-06-25 09:15:00+05:30,145.03,146.2,144.02,146.2,767728.0
2026-06-25 09:20:00+05:30,146.18,147.1,146.15,146.85,539484.0
2026-06-25 09:25:00+05:30,146.85,147.14,146.71,146.99,713347.0
2026-06-25 09:30:00+05:30,146.98,148.09,146.98,147.9,807734.0
2026-06-25 09:35:00+05:30,147.91,148.2,147.52,148.2,621149.0
2026-06-25 09:40:00+05:30,148.12,148.46,147.55,148.3,691338.0
2026-06-25 09:45:00+05:30,148.27,148.5,147.78,148.34,771602.0
2026-06-25 09:50:00+05:30,148.4,148.67,148.2,148.4,569852.0
2026-06-25 09:55:00+05:30,148.34,148.7,148.33,148.61,428985.0
2026-06-25 10:00:00+05:30,148.57,148.65,148.01,148.11,564184.0
2026-06-25 10:05:00+05:30,148.12,148.86,147.9,148.81,688349.0
2026-06-25 10:10:00+05:30,148.85,149.26,148.71,148.81,1021681.0
2026-06-25 10:15:00+05:30,148.8,149.89,148.75,149.8,1168128.0
2026-06-25 10:20:00+05:30,149.8,149.95,149.39,149.43,1223476.0
2026-06-25 10:25:00+05:30,149.43,149.87,148.9,149.7,1180770.0
2026-06-25 10:30:00+05:30,149.71,149.9,149.51,149.64,357899.0
2026-06-25 10:35:00+05:30,149.65,149.71,149.26,149.43,487966.0
2026-06-25 10:40:00+05:30,149.45,149.57,149.27,149.32,168518.0
2026-06-25 10:45:00+05:30,149.31,149.52,149.3,149.41,174221.0
2026-06-25 10:50:00+05:30,149.4,149.55,148.86,148.86,394502.0
2026-06-25 10:55:00+05:30,148.9,149.4,148.82,149.34,454462.0
2026-06-25 11:00:00+05:30,149.3,149.34,148.88,149.0,172968.0
2026-06-25 11:05:00+05:30,148.93,149.08,148.93,149.0,133871.0
2026-06-25 11:10:00+05:30,149.07,149.21,148.91,148.97,149241.0
2026-06-25 11:15:00+05:30,148.94,149.12,148.85,149.06,173156.0
2026-06-25 11:20:00+05:30,149.09,149.4,148.99,149.18,371266.0
2026-06-25 11:25:00+05:30,149.19,149.41,149.16,149.22,164762.0
2026-06-25 11:30:00+05:30,149.23,149.37,149.05,149.31,158694.0
2026-06-25 11:35:00+05:30,149.29,149.57,149.23,149.44,228532.0
2026-06-25 11:40:00+05:30,149.44,149.44,149.25,149.32,94005.0
2026-06-25 11:45:00+05:30,149.32,149.49,148.94,149.43,241012.0
2026-06-25 11:50:00+05:30,149.43,149.6,149.2,149.27,151681.0
2026-06-25 11:55:00+05:30,149.29,149.36,149.2,149.34,148079.0
2026-06-25 12:00:00+05:30,149.36,149.62,149.31,149.5,178311.0
2026-06-25 12:05:00+05:30,149.5,149.85,149.45,149.85,295467.0
2026-06-25 12:10:00+05:30,149.85,150.38,149.55,150.32,884724.0
2026-06-25 12:15:00+05:30,150.33,150.33,150.0,150.22,398836.0
2026-06-25 12:20:00+05:30,150.22,151.12,150.21,151.03,1493043.0
2026-06-25 12:25:00+05:30,151.04,151.15,150.9,151.07,803837.0
2026-06-25 12:30:00+05:30,151.08,151.38,150.98,151.33,1065910.0
2026-06-25 12:35:00+05:30,151.3,151.55,151.04,151.19,918707.0
2026-06-25 12:40:00+05:30,151.15,151.27,151.0,151.03,338907.0
2026-06-25 12:45:00+05:30,151.03,151.23,151.0,151.02,465373.0
2026-06-25 12:50:00+05:30,151.06,151.15,150.5,150.7,918132.0
2026-06-25 12:55:00+05:30,150.65,151.1,150.65,151.05,434591.0
2026-06-25 13:00:00+05:30,151.07,151.07,150.97,151.04,144031.0
2026-06-25 13:05:00+05:30,151.04,151.04,150.46,150.57,415102.0
2026-06-25 13:10:00+05:30,150.57,150.75,150.36,150.58,477336.0
2026-06-25 13:15:00+05:30,150.58,151.11,150.57,150.99,391230.0
2026-06-25 13:20:00+05:30,150.96,151.4,150.63,150.8,1625650.0
2026-06-25 13:25:00+05:30,150.88,151.0,150.75,150.91,248334.0
2026-06-25 13:30:00+05:30,150.96,151.34,150.85,151.3,818930.0
2026-06-25 13:35:00+05:30,151.34,151.71,151.3,151.5,617771.0
2026-06-25 13:40:00+05:30,151.5,152.39,151.42,152.11,1798851.0
2026-06-25 13:45:00+05:30,152.1,153.64,152.06,153.63,2331649.0
2026-06-25 13:50:00+05:30,153.76,155.25,153.31,153.37,8823485.0
2026-06-25 13:55:00+05:30,153.28,153.79,152.65,153.04,4104189.0
2026-06-25 14:00:00+05:30,153.1,153.71,152.81,153.7,1820869.0
2026-06-25 14:05:00+05:30,153.7,154.73,153.61,154.51,3102979.0
2026-06-25 14:10:00+05:30,154.52,154.89,153.6,153.6,3542567.0
2026-06-25 14:15:00+05:30,153.71,153.71,152.75,152.79,2061363.0
2026-06-25 14:20:00+05:30,152.8,153.29,152.75,152.96,1099074.0
2026-06-25 14:25:00+05:30,152.87,153.02,152.74,152.81,727782.0
2026-06-25 14:30:00+05:30,152.84,153.34,152.64,153.12,1139380.0
2026-06-25 14:35:00+05:30,153.12,153.5,152.73,152.73,1252019.0
2026-06-25 14:40:00+05:30,152.72,152.75,151.73,151.9,2139222.0
2026-06-25 14:45:00+05:30,151.86,152.16,151.8,151.92,1429950.0
2026-06-25 14:50:00+05:30,151.92,152.1,151.7,151.95,758537.0
2026-06-25 14:55:00+05:30,151.94,152.4,151.85,152.37,1168927.0
2026-06-25 15:00:00+05:30,152.32,152.32,151.1,151.55,1969397.0
2026-06-25 15:05:00+05:30,151.53,151.9,151.4,151.66,964433.0
2026-06-25 15:10:00+05:30,151.65,152.02,151.56,151.65,1333783.0
2026-06-25 15:15:00+05:30,151.65,151.97,151.51,151.76,1456199.0
2026-06-25 15:20:00+05:30,151.85,151.85,151.3,151.61,1407622.0
2026-06-25 15:25:00+05:30,151.6,151.95,151.21,151.85,1044984.0
2026-06-29 09:15:00+05:30,151.71,153.0,151.22,151.94,2399875.0
2026-06-29 09:20:00+05:30,151.91,151.95,150.25,150.25,675968.0
2026-06-29 09:25:00+05:30,150.25,151.4,149.54,151.32,2211580.0
2026-06-29 09:30:00+05:30,151.33,152.78,150.87,152.7,2364673.0
2026-06-29 09:35:00+05:30,152.6,154.0,151.71,153.64,3700002.0
2026-06-29 09:40:00+05:30,153.68,153.99,152.5,152.54,1182017.0
2026-06-29 09:45:00+05:30,152.5,153.69,152.13,153.45,1244997.0
2026-06-29 09:50:00+05:30,153.53,153.69,153.04,153.37,549540.0
2026-06-29 09:55:00+05:30,153.43,153.78,152.8,152.88,550301.0
2026-06-29 10:00:00+05:30,152.75,152.85,152.25,152.32,665440.0
2026-06-29 10:05:00+05:30,152.41,152.98,152.36,152.68,568753.0
2026-06-29 10:10:00+05:30,152.72,152.95,152.05,152.22,734342.0
2026-06-29 10:15:00+05:30,152.17,152.37,151.98,152.04,1183391.0
2026-06-29 10:20:00+05:30,152.0,152.03,151.79,151.98,380583.0
2026-06-29 10:25:00+05:30,151.96,152.01,151.71,151.85,273648.0
2026-06-29 10:30:00+05:30,151.88,151.97,151.68,151.89,321931.0
2026-06-29 10:35:00+05:30,151.89,151.89,151.25,151.3,562514.0
2026-06-29 10:40:00+05:30,151.35,151.36,151.01,151.31,349914.0
2026-06-29 10:45:00+05:30,151.27,151.41,150.93,151.11,324270.0
2026-06-29 10:50:00+05:30,151.1,151.11,150.58,150.73,359877.0
2026-06-29 10:55:00+05:30,150.67,150.99,150.67,150.9,296540.0
2026-06-29 11:00:00+05:30,150.9,151.03,150.66,150.83,279839.0
2026-06-29 11:05:00+05:30,150.77,150.77,150.42,150.7,254481.0
2026-06-29 11:10:00+05:30,150.68,150.84,150.5,150.56,203600.0
2026-06-29 11:15:00+05:30,150.5,150.54,149.8,150.47,931249.0
2026-06-29 11:20:00+05:30,150.43,150.48,150.06,150.22,150461.0
2026-06-29 11:25:00+05:30,150.2,150.34,149.93,150.07,232075.0
2026-06-29 11:30:00+05:30,150.13,150.25,149.85,150.07,234792.0
2026-06-29 11:35:00+05:30,150.07,150.43,150.07,150.33,207096.0
2026-06-29 11:40:00+05:30,150.27,150.39,150.15,150.21,168436.0
2026-06-29 11:45:00+05:30,150.2,150.2,148.6,149.4,2642792.0
2026-06-29 11:50:00+05:30,149.4,149.9,149.39,149.67,371263.0
2026-06-29 11:55:00+05:30,149.62,149.85,149.47,149.8,176183.0
2026-06-29 12:00:00+05:30,149.79,150.0,149.72,149.95,233187.0
2026-06-29 12:05:00+05:30,149.95,149.95,149.23,149.23,399837.0
2026-06-29 12:10:00+05:30,149.34,149.7,149.27,149.56,252281.0
2026-06-29 12:15:00+05:30,149.5,149.73,149.49,149.55,208658.0
2026-06-29 12:20:00+05:30,149.56,149.78,149.21,149.38,300071.0
2026-06-29 12:25:00+05:30,149.31,149.43,148.67,149.0,409085.0
2026-06-29 12:30:00+05:30,149.01,149.06,148.6,148.61,293121.0
2026-06-29 12:35:00+05:30,148.53,149.11,148.42,148.69,439484.0
2026-06-29 12:40:00+05:30,148.7,148.8,148.51,148.71,288035.0
2026-06-29 12:45:00+05:30,148.76,149.04,148.55,148.66,292239.0
2026-06-29 12:50:00+05:30,148.65,148.75,148.4,148.53,390648.0
2026-06-29 12:55:00+05:30,148.5,148.59,148.4,148.5,665132.0
2026-06-29 13:00:00+05:30,148.5,148.59,148.34,148.45,399374.0
2026-06-29 13:05:00+05:30,148.45,148.55,148.4,148.5,369549.0
2026-06-29 13:10:00+05:30,148.5,148.55,148.35,148.44,575582.0
2026-06-29 13:15:00+05:30,148.47,148.58,148.3,148.46,361712.0
2026-06-29 13:20:00+05:30,148.45,148.45,147.72,147.93,678317.0
2026-06-29 13:25:00+05:30,147.91,148.05,147.85,147.96,344379.0
2026-06-29 13:30:00+05:30,147.95,148.0,147.8,147.97,425512.0
2026-06-29 13:35:00+05:30,147.97,148.05,147.89,148.0,670943.0
2026-06-29 13:40:00+05:30,147.94,148.52,147.92,148.41,972654.0
2026-06-29 13:45:00+05:30,148.35,148.65,148.31,148.43,440487.0
2026-06-29 13:50:00+05:30,148.43,148.79,148.39,148.71,415944.0
2026-06-29 13:55:00+05:30,148.71,148.8,148.56,148.72,221443.0
2026-06-29 14:00:00+05:30,148.74,148.85,148.57,148.7,308681.0
2026-06-29 14:05:00+05:30,148.68,149.43,148.56,149.19,464368.0
2026-06-29 14:10:00+05:30,149.13,149.47,149.0,149.46,299177.0
2026-06-29 14:15:00+05:30,149.35,149.65,149.22,149.47,247557.0
2026-06-29 14:20:00+05:30,149.43,149.73,149.31,149.43,294743.0
2026-06-29 14:25:00+05:30,149.33,149.7,149.33,149.36,310166.0
2026-06-29 14:30:00+05:30,149.36,149.38,148.99,149.03,340711.0
2026-06-29 14:35:00+05:30,149.0,149.07,148.83,148.93,497378.0
2026-06-29 14:40:00+05:30,148.98,149.21,148.88,149.02,291041.0
2026-06-29 14:45:00+05:30,148.99,149.06,148.55,148.7,381251.0
2026-06-29 14:50:00+05:30,148.7,149.0,148.4,148.61,490384.0
2026-06-29 14:55:00+05:30,148.58,148.96,148.55,148.59,529478.0
2026-06-29 15:00:00+05:30,148.49,150.58,148.43,150.49,5212010.0
2026-06-29 15:05:00+05:30,150.47,151.36,149.97,151.23,5249433.0
2026-06-29 15:10:00+05:30,151.34,151.68,150.49,150.9,5821185.0
2026-06-29 15:15:00+05:30,150.92,152.24,150.76,152.24,5272715.0
2026-06-29 15:20:00+05:30,152.21,153.87,148.31,148.55,7642238.0
2026-06-29 15:25:00+05:30,148.55,149.09,148.26,148.98,3780628.0
2026-06-30 09:15:00+05:30,148.94,148.94,146.8,146.91,1568407.0
2026-06-30 09:20:00+05:30,146.93,147.22,146.62,146.75,578478.0
2026-06-30 09:25:00+05:30,146.75,147.3,146.75,147.05,458502.0
2026-06-30 09:30:00+05:30,147.0,147.0,146.5,146.86,511450.0
2026-06-30 09:35:00+05:30,146.91,147.86,146.77,147.8,495255.0
2026-06-30 09:40:00+05:30,147.77,148.25,147.6,148.06,533951.0
2026-06-30 09:45:00+05:30,148.1,148.41,147.99,148.26,342349.0
2026-06-30 09:50:00+05:30,148.19,148.67,148.06,148.12,284998.0
2026-06-30 09:55:00+05:30,148.1,148.7,147.82,148.46,700812.0
2026-06-30 10:00:00+05:30,148.54,148.78,148.16,148.22,265176.0
2026-06-30 10:05:00+05:30,148.23,148.44,148.2,148.38,150246.0
2026-06-30 10:10:00+05:30,148.38,148.89,148.21,148.75,255882.0
2026-06-30 10:15:00+05:30,148.76,149.3,148.67,148.94,295837.0
2026-06-30 10:20:00+05:30,148.98,149.09,148.79,148.93,106308.0
2026-06-30 10:25:00+05:30,148.87,149.64,148.64,149.64,328592.0
2026-06-30 10:30:00+05:30,149.65,149.85,148.9,148.99,251018.0
2026-06-30 10:35:00+05:30,148.97,149.06,148.75,148.88,157955.0
2026-06-30 10:40:00+05:30,148.88,148.99,148.76,148.86,116065.0
2026-06-30 10:45:00+05:30,148.86,149.25,148.78,149.16,203288.0
2026-06-30 10:50:00+05:30,149.17,149.38,149.15,149.34,151551.0
2026-06-30 10:55:00+05:30,149.28,149.49,148.96,149.07,210803.0
2026-06-30 11:00:00+05:30,149.08,149.19,148.84,148.95,96754.0
2026-06-30 11:05:00+05:30,148.93,149.12,148.62,148.96,198496.0
2026-06-30 11:10:00+05:30,148.95,149.24,148.82,149.1,221392.0
2026-06-30 11:15:00+05:30,149.13,149.34,149.07,149.31,172829.0
2026-06-30 11:20:00+05:30,149.31,149.73,149.25,149.63,175786.0
2026-06-30 11:25:00+05:30,149.63,150.0,149.59,149.84,274744.0
2026-06-30 11:30:00+05:30,149.91,150.25,149.72,149.84,450702.0
2026-06-30 11:35:00+05:30,149.85,149.97,149.64,149.96,108887.0
2026-06-30 11:40:00+05:30,149.97,150.46,149.81,149.88,874469.0
2026-06-30 11:45:00+05:30,149.88,150.0,149.66,149.83,471721.0
2026-06-30 11:50:00+05:30,149.83,149.95,149.71,149.88,416830.0
2026-06-30 11:55:00+05:30,149.89,150.0,149.74,149.81,141124.0
2026-06-30 12:00:00+05:30,149.73,149.87,149.66,149.75,111006.0
2026-06-30 12:05:00+05:30,149.75,149.75,149.52,149.72,102067.0
2026-06-30 12:10:00+05:30,149.72,149.94,149.65,149.91,105274.0
2026-06-30 12:15:00+05:30,149.89,150.03,149.73,149.99,518119.0
2026-06-30 12:20:00+05:30,149.94,150.21,149.85,150.0,616707.0
2026-06-30 12:25:00+05:30,150.01,150.5,149.98,150.43,301533.0
2026-06-30 12:30:00+05:30,150.43,150.44,149.97,150.01,151001.0
2026-06-30 12:35:00+05:30,150.0,150.07,149.9,149.99,684679.0
2026-06-30 12:40:00+05:30,149.93,150.04,149.82,149.82,318273.0
2026-06-30 12:45:00+05:30,149.82,149.84,149.5,149.63,174448.0
2026-06-30 12:50:00+05:30,149.62,149.63,149.22,149.28,121234.0
2026-06-30 12:55:00+05:30,149.25,149.29,149.0,149.1,136294.0
2026-06-30 13:00:00+05:30,149.1,149.15,148.87,149.14,144277.0
2026-06-30 13:05:00+05:30,149.1,149.13,148.8,148.8,77084.0
2026-06-30 13:10:00+05:30,148.8,148.98,148.8,148.93,85999.0
2026-06-30 13:15:00+05:30,148.91,148.97,148.8,148.81,73278.0
2026-06-30 13:20:00+05:30,148.77,148.84,148.64,148.76,79525.0
2026-06-30 13:25:00+05:30,148.83,149.13,148.73,149.03,82447.0
2026-06-30 13:30:00+05:30,149.03,149.35,149.01,149.22,108370.0
2026-06-30 13:35:00+05:30,149.22,149.28,149.13,149.23,49083.0
2026-06-30 13:40:00+05:30,149.23,149.6,149.19,149.54,244031.0
2026-06-30 13:45:00+05:30,149.54,149.56,149.39,149.47,153723.0
2026-06-30 13:50:00+05:30,149.47,149.49,149.22,149.28,98773.0
2026-06-30 13:55:00+05:30,149.28,149.31,149.06,149.26,85804.0
2026-06-30 14:00:00+05:30,149.2,149.28,149.01,149.16,83842.0
2026-06-30 14:05:00+05:30,149.09,149.26,149.04,149.23,74168.0
2026-06-30 14:10:00+05:30,149.23,149.23,148.85,149.03,133913.0
2026-06-30 14:15:00+05:30,149.02,149.3,148.94,149.12,107542.0
2026-06-30 14:20:00+05:30,149.12,149.62,148.98,149.62,176545.0
2026-06-30 14:25:00+05:30,149.65,149.88,149.59,149.78,159952.0
2026-06-30 14:30:00+05:30,149.74,149.81,149.6,149.67,126327.0
2026-06-30 14:35:00+05:30,149.66,149.78,149.59,149.75,149257.0
2026-06-30 14:40:00+05:30,149.74,149.84,149.6,149.6,148201.0
2026-06-30 14:45:00+05:30,149.6,149.75,149.3,149.38,287503.0
2026-06-30 14:50:00+05:30,149.38,149.47,149.2,149.47,221146.0
2026-06-30 14:55:00+05:30,149.49,149.49,149.04,149.15,196862.0
2026-06-30 15:00:00+05:30,149.16,149.16,148.12,148.13,1117479.0
2026-06-30 15:05:00+05:30,148.12,148.35,147.95,148.26,1102693.0
2026-06-30 15:10:00+05:30,148.27,148.27,148.0,148.19,1074359.0
2026-06-30 15:15:00+05:30,148.19,148.23,147.8,147.98,1267076.0
2026-06-30 15:20:00+05:30,147.98,148.13,147.74,147.91,1423686.0
2026-06-30 15:25:00+05:30,147.94,148.5,147.84,148.5,1354208.0
2026-07-01 09:15:00+05:30,148.25,149.0,147.5,148.54,764183.0
2026-07-01 09:20:00+05:30,148.55,148.71,148.33,148.45,360563.0
2026-07-01 09:25:00+05:30,148.45,148.49,147.96,148.13,256323.0
2026-07-01 09:30:00+05:30,148.03,148.45,148.02,148.17,246024.0
2026-07-01 09:35:00+05:30,148.18,148.64,148.04,148.32,151773.0
2026-07-01 09:40:00+05:30,148.34,148.35,148.08,148.19,146776.0
2026-07-01 09:45:00+05:30,148.22,148.63,148.19,148.3,132787.0
2026-07-01 09:50:00+05:30,148.3,148.4,148.17,148.33,82866.0
2026-07-01 09:55:00+05:30,148.29,148.33,148.11,148.15,70765.0
2026-07-01 10:00:00+05:30,148.12,148.35,147.76,147.9,353958.0
2026-07-01 10:05:00+05:30,147.88,147.99,147.6,147.82,205090.0
2026-07-01 10:10:00+05:30,147.79,147.92,147.6,147.73,113374.0
2026-07-01 10:15:00+05:30,147.75,147.8,147.65,147.74,77550.0
2026-07-01 10:20:00+05:30,147.74,147.94,147.72,147.8,145335.0
2026-07-01 10:25:00+05:30,147.76,147.82,147.31,147.58,283309.0
2026-07-01 10:30:00+05:30,147.58,147.79,147.46,147.63,161550.0
2026-07-01 10:35:00+05:30,147.62,147.95,147.58,147.63,118602.0
2026-07-01 10:40:00+05:30,147.6,147.71,147.4,147.54,122353.0
2026-07-01 10:45:00+05:30,147.6,147.79,147.52,147.66,81902.0
2026-07-01 10:50:00+05:30,147.67,147.7,147.4,147.63,111071.0
2026-07-01 10:55:00+05:30,147.57,147.62,147.3,147.31,126435.0
2026-07-01 11:00:00+05:30,147.35,147.49,147.03,147.12,359643.0
2026-07-01 11:05:00+05:30,147.15,147.25,147.02,147.09,105198.0
2026-07-01 11:10:00+05:30,147.09,148.0,147.09,147.97,168138.0
2026-07-01 11:15:00+05:30,147.95,148.14,147.9,148.0,192789.0
2026-07-01 11:20:00+05:30,147.99,148.49,147.97,148.25,220899.0
2026-07-01 11:25:00+05:30,148.2,148.29,148.11,148.23,150516.0
2026-07-01 11:30:00+05:30,148.21,148.8,148.08,148.16,532301.0
2026-07-01 11:35:00+05:30,148.15,148.15,147.77,147.95,630472.0
2026-07-01 11:40:00+05:30,147.95,148.02,147.79,147.83,123124.0
2026-07-01 11:45:00+05:30,147.83,147.92,147.79,147.86,86973.0
2026-07-01 11:50:00+05:30,147.86,147.88,147.36,147.6,279453.0
2026-07-01 11:55:00+05:30,147.6,147.6,147.11,147.39,207214.0
2026-07-01 12:00:00+05:30,147.35,147.48,146.98,147.15,432521.0
2026-07-01 12:05:00+05:30,147.15,147.26,146.98,147.17,425649.0
2026-07-01 12:10:00+05:30,147.15,147.19,146.96,147.05,239102.0
2026-07-01 12:15:00+05:30,147.05,147.21,146.99,147.16,98166.0
2026-07-01 12:20:00+05:30,147.1,147.19,146.99,147.05,104363.0
2026-07-01 12:25:00+05:30,147.02,147.28,146.61,146.96,281119.0
2026-07-01 12:30:00+05:30,147.0,147.23,146.9,146.98,138953.0
2026-07-01 12:35:00+05:30,146.98,147.08,146.86,147.02,159014.0
2026-07-01 12:40:00+05:30,146.99,147.43,146.72,146.93,436667.0
2026-07-01 12:45:00+05:30,146.97,147.12,146.49,146.5,2974259.0
2026-07-01 12:50:00+05:30,146.58,146.78,146.49,146.74,457758.0
2026-07-01 12:55:00+05:30,146.69,146.98,146.57,146.85,127556.0
2026-07-01 13:00:00+05:30,146.82,146.92,146.48,146.59,132228.0
2026-07-01 13:05:00+05:30,146.59,147.01,146.58,146.78,390997.0
2026-07-01 13:10:00+05:30,146.75,146.86,146.67,146.79,104973.0
2026-07-01 13:15:00+05:30,146.81,146.95,146.72,146.94,122805.0
2026-07-01 13:20:00+05:30,146.95,147.0,146.85,146.98,85072.0
2026-07-01 13:25:00+05:30,146.97,147.0,146.92,146.95,328909.0
2026-07-01 13:30:00+05:30,146.95,147.31,146.8,147.16,1515079.0
2026-07-01 13:35:00+05:30,147.27,147.42,147.15,147.4,192408.0
2026-07-01 13:40:00+05:30,147.33,147.55,147.28,147.55,150880.0
2026-07-01 13:45:00+05:30,147.49,147.5,146.8,146.85,307419.0
2026-07-01 13:50:00+05:30,146.8,146.9,146.8,146.87,108981.0
2026-07-01 13:55:00+05:30,146.81,146.97,146.8,146.95,167439.0
2026-07-01 14:00:00+05:30,146.95,147.0,146.76,146.99,93463.0
2026-07-01 14:05:00+05:30,146.99,147.41,146.91,147.35,383733.0
2026-07-01 14:10:00+05:30,147.35,147.49,147.2,147.28,138219.0
2026-07-01 14:15:00+05:30,147.22,147.33,147.2,147.24,111348.0
2026-07-01 14:20:00+05:30,147.25,147.3,147.1,147.24,97423.0
2026-07-01 14:25:00+05:30,147.24,147.48,147.18,147.36,162313.0
2026-07-01 14:30:00+05:30,147.4,147.57,147.33,147.53,127968.0
2026-07-01 14:35:00+05:30,147.52,147.55,147.37,147.4,178124.0
2026-07-01 14:40:00+05:30,147.35,147.46,147.2,147.37,163714.0
2026-07-01 14:45:00+05:30,147.43,147.57,147.35,147.39,239466.0
2026-07-01 14:50:00+05:30,147.39,147.54,147.39,147.43,113952.0
2026-07-01 14:55:00+05:30,147.4,147.45,147.0,147.3,358388.0
2026-07-01 15:00:00+05:30,147.32,147.48,147.1,147.35,317985.0
2026-07-01 15:05:00+05:30,147.35,147.89,147.21,147.59,478287.0
2026-07-01 15:10:00+05:30,147.59,147.7,147.37,147.47,354625.0
2026-07-01 15:15:00+05:30,147.47,147.52,147.33,147.52,415100.0
2026-07-01 15:20:00+05:30,147.51,147.55,147.22,147.52,714512.0
2026-07-01 15:25:00+05:30,147.52,148.16,147.41,147.84,737541.0
2026-07-02 09:15:00+05:30,148.24,148.59,147.25,147.25,739268.0
2026-07-02 09:20:00+05:30,147.31,148.13,147.17,148.02,253389.0
2026-07-02 09:25:00+05:30,148.0,148.03,147.45,147.45,186242.0
2026-07-02 09:30:00+05:30,147.45,147.68,147.2,147.2,214425.0
2026-07-02 09:35:00+05:30,147.26,147.39,147.05,147.07,244071.0
2026-07-02 09:40:00+05:30,147.12,147.28,147.01,147.17,176276.0
2026-07-02 09:45:00+05:30,147.22,147.27,147.01,147.02,142981.0
2026-07-02 09:50:00+05:30,147.08,147.16,147.01,147.07,139799.0
2026-07-02 09:55:00+05:30,147.07,147.11,146.8,146.92,293535.0
2026-07-02 10:00:00+05:30,146.89,147.0,146.87,146.9,124954.0
2026-07-02 10:05:00+05:30,146.96,147.13,146.89,147.0,154514.0
2026-07-02 10:10:00+05:30,147.01,147.26,146.8,146.8,207121.0
2026-07-02 10:15:00+05:30,146.8,147.0,146.72,146.96,111762.0
2026-07-02 10:20:00+05:30,146.97,147.04,146.85,146.91,146203.0
2026-07-02 10:25:00+05:30,146.91,147.15,146.9,147.01,147490.0
2026-07-02 10:30:00+05:30,147.05,147.06,146.85,146.85,95755.0
2026-07-02 10:35:00+05:30,146.85,147.0,146.83,146.94,127807.0
2026-07-02 10:40:00+05:30,146.94,146.99,146.75,146.92,137550.0
2026-07-02 10:45:00+05:30,146.92,147.0,146.75,146.83,125944.0
2026-07-02 10:50:00+05:30,146.82,146.86,146.7,146.7,91355.0
2026-07-02 10:55:00+05:30,146.75,147.0,146.72,146.94,56926.0
2026-07-02 11:00:00+05:30,146.94,147.11,146.89,147.08,143826.0
2026-07-02 11:05:00+05:30,147.14,147.25,147.0,147.17,105037.0
2026-07-02 11:10:00+05:30,147.18,147.54,147.04,147.48,229247.0
2026-07-02 11:15:00+05:30,147.42,147.78,147.42,147.73,120842.0
2026-07-02 11:20:00+05:30,147.7,147.74,147.6,147.74,84430.0
2026-07-02 11:25:00+05:30,147.74,147.8,147.29,147.38,108078.0
2026-07-02 11:30:00+05:30,147.35,147.4,147.23,147.34,38765.0
2026-07-02 11:35:00+05:30,147.31,147.42,147.09,147.09,133260.0
2026-07-02 11:40:00+05:30,147.12,147.14,146.9,146.92,95359.0
2026-07-02 11:45:00+05:30,146.9,147.02,146.9,146.99,58909.0
2026-07-02 11:50:00+05:30,146.95,147.1,146.93,147.07,42367.0
2026-07-02 11:55:00+05:30,147.05,147.19,147.02,147.15,26724.0
2026-07-02 12:00:00+05:30,147.15,147.19,147.06,147.17,60523.0
2026-07-02 12:05:00+05:30,147.12,147.21,147.03,147.04,44684.0
2026-07-02 12:10:00+05:30,147.09,147.14,147.02,147.05,31273.0
2026-07-02 12:15:00+05:30,147.06,147.32,147.05,147.3,77326.0
2026-07-02 12:20:00+05:30,147.3,147.5,147.19,147.3,107323.0
2026-07-02 12:25:00+05:30,147.24,147.4,147.24,147.39,45576.0
2026-07-02 12:30:00+05:30,147.39,147.44,147.22,147.32,133496.0
2026-07-02 12:35:00+05:30,147.39,147.39,147.25,147.31,38112.0
2026-07-02 12:40:00+05:30,147.32,147.33,147.0,147.01,56182.0
2026-07-02 12:45:00+05:30,147.01,147.07,146.85,146.95,77945.0
2026-07-02 12:50:00+05:30,146.9,146.97,146.84,146.97,85466.0
2026-07-02 12:55:00+05:30,146.97,147.07,146.91,146.97,51030.0
2026-07-02 13:00:00+05:30,146.95,147.06,146.87,146.99,54449.0
2026-07-02 13:05:00+05:30,146.99,147.1,146.97,147.06,42491.0
2026-07-02 13:10:00+05:30,147.05,147.15,147.04,147.1,48202.0
2026-07-02 13:15:00+05:30,147.15,147.41,147.1,147.21,182376.0
2026-07-02 13:20:00+05:30,147.25,147.39,147.15,147.32,79282.0
2026-07-02 13:25:00+05:30,147.38,147.5,147.27,147.37,128401.0
2026-07-02 13:30:00+05:30,147.37,147.39,147.2,147.26,37271.0
2026-07-02 13:35:00+05:30,147.26,147.35,147.06,147.31,50305.0
2026-07-02 13:40:00+05:30,147.23,147.32,147.14,147.2,40081.0
2026-07-02 13:45:00+05:30,147.2,147.26,147.03,147.08,60024.0
2026-07-02 13:50:00+05:30,147.08,147.17,147.02,147.09,74703.0
2026-07-02 13:55:00+05:30,147.08,147.29,147.05,147.17,91820.0
2026-07-02 14:00:00+05:30,147.18,147.55,147.17,147.45,244443.0
2026-07-02 14:05:00+05:30,147.4,147.55,147.25,147.3,150532.0
2026-07-02 14:10:00+05:30,147.3,147.34,147.2,147.25,41753.0
2026-07-02 14:15:00+05:30,147.25,147.43,147.21,147.41,62330.0
2026-07-02 14:20:00+05:30,147.34,147.55,147.31,147.4,78772.0
2026-07-02 14:25:00+05:30,147.4,147.4,147.21,147.3,49306.0
2026-07-02 14:30:00+05:30,147.3,147.41,147.24,147.37,61351.0
2026-07-02 14:35:00+05:30,147.38,147.47,147.27,147.47,91524.0
2026-07-02 14:40:00+05:30,147.47,147.48,147.37,147.47,70527.0
2026-07-02 14:45:00+05:30,147.47,147.5,147.37,147.45,102620.0
2026-07-02 14:50:00+05:30,147.45,147.45,147.25,147.32,63308.0
2026-07-02 14:55:00+05:30,147.33,147.38,147.25,147.37,98263.0
2026-07-02 15:00:00+05:30,147.45,147.47,147.29,147.43,285313.0
2026-07-02 15:05:00+05:30,147.43,147.59,147.39,147.55,174526.0
2026-07-02 15:10:00+05:30,147.55,147.72,147.46,147.7,356306.0
2026-07-02 15:15:00+05:30,147.67,147.75,147.51,147.63,265937.0
2026-07-02 15:20:00+05:30,147.6,147.9,147.54,147.88,294385.0
2026-07-02 15:25:00+05:30,147.88,147.88,147.63,147.79,289038.0
2026-07-03 09:15:00+05:30,148.9,149.19,148.0,148.72,493297.0
2026-07-03 09:20:00+05:30,148.66,148.75,147.86,147.86,268384.0
2026-07-03 09:25:00+05:30,147.86,148.32,147.78,147.97,195762.0
2026-07-03 09:30:00+05:30,147.96,148.5,147.93,148.47,134613.0
2026-07-03 09:35:00+05:30,148.45,148.99,148.32,148.85,270984.0
2026-07-03 09:40:00+05:30,148.9,148.94,148.56,148.65,105395.0
2026-07-03 09:45:00+05:30,148.63,148.69,148.08,148.21,128901.0
2026-07-03 09:50:00+05:30,148.21,148.3,148.14,148.21,42340.0
2026-07-03 09:55:00+05:30,148.23,148.48,148.06,148.38,43684.0
2026-07-03 10:00:00+05:30,148.38,148.51,148.27,148.3,84015.0
2026-07-03 10:05:00+05:30,148.31,148.72,148.26,148.68,86149.0
2026-07-03 10:10:00+05:30,148.67,148.82,148.6,148.7,83215.0
2026-07-03 10:15:00+05:30,148.71,148.8,148.46,148.6,54063.0
2026-07-03 10:20:00+05:30,148.57,148.8,148.57,148.75,83383.0
2026-07-03 10:25:00+05:30,148.73,148.99,148.64,148.86,132112.0
2026-07-03 10:30:00+05:30,148.9,148.99,148.85,148.94,95735.0
2026-07-03 10:35:00+05:30,148.93,148.96,148.76,148.86,81599.0
2026-07-03 10:40:00+05:30,148.87,149.64,148.86,149.56,549296.0
2026-07-03 10:45:00+05:30,149.5,149.73,149.33,149.52,240419.0
2026-07-03 10:50:00+05:30,149.53,149.53,148.93,148.97,265385.0
2026-07-03 10:55:00+05:30,149.0,149.16,148.88,148.89,135280.0
2026-07-03 11:00:00+05:30,148.9,148.99,148.8,148.82,82843.0
2026-07-03 11:05:00+05:30,148.84,148.97,148.75,148.83,94072.0
2026-07-03 11:10:00+05:30,148.82,149.24,148.78,149.24,102602.0
2026-07-03 11:15:00+05:30,149.24,149.39,149.14,149.35,103378.0
2026-07-03 11:20:00+05:30,149.35,149.64,149.35,149.5,252510.0
2026-07-03 11:25:00+05:30,149.5,149.56,149.06,149.12,137520.0
2026-07-03 11:30:00+05:30,149.1,149.28,149.06,149.28,63254.0
2026-07-03 11:35:00+05:30,149.14,149.23,148.92,149.04,196938.0
2026-07-03 11:40:00+05:30,149.03,149.1,148.77,148.77,129143.0
2026-07-03 11:45:00+05:30,148.77,148.8,148.49,148.7,104923.0
2026-07-03 11:50:00+05:30,148.67,148.92,148.67,148.8,89924.0
2026-07-03 11:55:00+05:30,148.81,148.97,148.75,148.86,45690.0
2026-07-03 12:00:00+05:30,148.87,148.94,148.79,148.79,33890.0
2026-07-03 12:05:00+05:30,148.79,148.8,148.57,148.61,71631.0
2026-07-03 12:10:00+05:30,148.61,148.83,148.58,148.6,78914.0
2026-07-03 12:15:00+05:30,148.58,148.65,147.9,147.96,188575.0
2026-07-03 12:20:00+05:30,147.91,147.97,147.61,147.71,128696.0
2026-07-03 12:25:00+05:30,147.71,148.0,147.71,148.0,91421.0
2026-07-03 12:30:00+05:30,147.96,148.06,147.8,147.83,52539.0
2026-07-03 12:35:00+05:30,147.83,147.89,147.8,147.8,23563.0
2026-07-03 12:40:00+05:30,147.81,147.86,147.65,147.82,56444.0
2026-07-03 12:45:00+05:30,147.77,147.79,147.62,147.68,93276.0
2026-07-03 12:50:00+05:30,147.66,147.89,147.64,147.83,34165.0
2026-07-03 12:55:00+05:30,147.83,147.93,147.69,147.76,44157.0
2026-07-03 13:00:00+05:30,147.77,147.77,147.26,147.38,178128.0
2026-07-03 13:05:00+05:30,147.4,147.44,147.17,147.19,155203.0
2026-07-03 13:10:00+05:30,147.2,147.45,147.15,147.35,54993.0
2026-07-03 13:15:00+05:30,147.35,147.71,147.29,147.63,81404.0
2026-07-03 13:20:00+05:30,147.64,148.0,147.61,147.77,130411.0
2026-07-03 13:25:00+05:30,147.79,147.89,147.7,147.74,156129.0
2026-07-03 13:30:00+05:30,147.75,147.9,147.5,147.53,148921.0
2026-07-03 13:35:00+05:30,147.53,147.61,147.34,147.55,134686.0
2026-07-03 13:40:00+05:30,147.57,147.75,147.36,147.38,67453.0
2026-07-03 13:45:00+05:30,147.42,147.48,147.36,147.41,32603.0
2026-07-03 13:50:00+05:30,147.42,147.48,147.31,147.37,87459.0
2026-07-03 13:55:00+05:30,147.38,147.44,147.3,147.38,58412.0
2026-07-03 14:00:00+05:30,147.3,147.45,147.01,147.01,137349.0
2026-07-03 14:05:00+05:30,147.01,147.09,146.81,146.85,197314.0
2026-07-03 14:10:00+05:30,146.85,146.97,146.75,146.75,108225.0
2026-07-03 14:15:00+05:30,146.75,146.77,146.58,146.69,80762.0
2026-07-03 14:20:00+05:30,146.71,146.74,146.6,146.66,56172.0
2026-07-03 14:25:00+05:30,146.67,146.79,146.62,146.72,70524.0
2026-07-03 14:30:00+05:30,146.72,147.0,146.72,146.86,52163.0
2026-07-03 14:35:00+05:30,146.85,146.94,146.57,146.66,55287.0
2026-07-03 14:40:00+05:30,146.66,146.82,146.52,146.72,34807.0
2026-07-03 14:45:00+05:30,146.72,146.79,146.5,146.6,112809.0
2026-07-03 14:50:00+05:30,146.64,146.7,146.15,146.21,231867.0
2026-07-03 14:55:00+05:30,146.21,146.33,146.02,146.07,168682.0
2026-07-03 15:00:00+05:30,146.16,146.49,146.16,146.36,216850.0
2026-07-03 15:05:00+05:30,146.37,146.48,146.22,146.27,341062.0
2026-07-03 15:10:00+05:30,146.25,146.32,146.15,146.21,254031.0
2026-07-03 15:15:00+05:30,146.24,146.39,146.12,146.19,288016.0
2026-07-03 15:20:00+05:30,146.19,146.29,146.1,146.15,249017.0
2026-07-03 15:25:00+05:30,146.15,146.5,146.14,146.46,266617.0
2026-07-06 09:15:00+05:30,146.54,148.8,146.54,148.48,482793.0
2026-07-06 09:20:00+05:30,148.45,148.45,146.89,147.25,326588.0
2026-07-06 09:25:00+05:30,147.26,147.41,146.88,147.31,107772.0
2026-07-06 09:30:00+05:30,147.35,147.35,146.92,147.07,128483.0
2026-07-06 09:35:00+05:30,146.75,147.15,146.4,146.66,275010.0
2026-07-06 09:40:00+05:30,146.66,146.91,146.62,146.66,44466.0
2026-07-06 09:45:00+05:30,146.72,147.0,146.71,146.89,69633.0
2026-07-06 09:50:00+05:30,146.82,147.0,146.7,147.0,82948.0
2026-07-06 09:55:00+05:30,147.0,147.3,146.81,147.25,112215.0
2026-07-06 10:00:00+05:30,147.26,147.55,147.05,147.14,192969.0
2026-07-06 10:05:00+05:30,147.13,147.25,147.03,147.16,29267.0
2026-07-06 10:10:00+05:30,147.16,147.26,147.09,147.1,84892.0
2026-07-06 10:15:00+05:30,147.1,147.43,147.1,147.25,94786.0
2026-07-06 10:20:00+05:30,147.26,147.39,146.69,146.9,151653.0
2026-07-06 10:25:00+05:30,146.95,146.98,145.66,145.78,298327.0
2026-07-06 10:30:00+05:30,145.78,145.87,145.11,145.26,264230.0
2026-07-06 10:35:00+05:30,145.29,145.83,145.21,145.8,79772.0
2026-07-06 10:40:00+05:30,145.84,146.19,145.8,146.14,127798.0
2026-07-06 10:45:00+05:30,146.15,146.23,145.86,146.2,276802.0
2026-07-06 10:50:00+05:30,146.15,146.21,144.6,144.85,6904361.0
2026-07-06 10:55:00+05:30,144.84,144.88,144.51,144.52,481695.0
2026-07-06 11:00:00+05:30,144.66,146.01,144.5,145.72,1552006.0
2026-07-06 11:05:00+05:30,145.7,146.06,145.17,145.17,502321.0
2026-07-06 11:10:00+05:30,145.26,145.57,145.15,145.3,449315.0
2026-07-06 11:15:00+05:30,145.4,145.67,145.31,145.66,53643.0
2026-07-06 11:20:00+05:30,145.62,145.68,145.34,145.57,62037.0
2026-07-06 11:25:00+05:30,145.57,145.8,145.57,145.67,58228.0
2026-07-06 11:30:00+05:30,145.64,145.88,145.63,145.71,41037.0
2026-07-06 11:35:00+05:30,145.68,146.11,145.67,145.87,203425.0
2026-07-06 11:40:00+05:30,145.8,146.18,145.71,146.15,135152.0
2026-07-06 11:45:00+05:30,146.15,146.3,145.75,145.85,127732.0
2026-07-06 11:50:00+05:30,145.85,145.91,145.67,145.91,40850.0
2026-07-06 11:55:00+05:30,145.89,145.97,145.69,145.9,49826.0
2026-07-06 12:00:00+05:30,145.9,145.99,145.8,145.95,41622.0
2026-07-06 12:05:00+05:30,145.95,146.2,145.84,146.01,89344.0
2026-07-06 12:10:00+05:30,146.01,146.1,145.92,145.96,44560.0
2026-07-06 12:15:00+05:30,145.97,146.0,145.75,145.79,32931.0
2026-07-06 12:20:00+05:30,145.78,145.81,145.6,145.66,45650.0
2026-07-06 12:25:00+05:30,145.65,145.78,145.5,145.69,101846.0
2026-07-06 12:30:00+05:30,145.71,146.08,145.69,145.85,188356.0
2026-07-06 12:35:00+05:30,145.95,145.96,145.65,145.65,34573.0
2026-07-06 12:40:00+05:30,145.71,146.04,145.65,145.93,104652.0
2026-07-06 12:45:00+05:30,145.92,145.95,145.76,145.89,138364.0
2026-07-06 12:50:00+05:30,145.87,145.95,145.8,145.85,22133.0
2026-07-06 12:55:00+05:30,145.87,145.87,145.67,145.7,37737.0
2026-07-06 13:00:00+05:30,145.67,145.9,145.67,145.87,23417.0
2026-07-06 13:05:00+05:30,145.84,145.89,145.52,145.67,43126.0
2026-07-06 13:10:00+05:30,145.7,145.85,145.2,145.3,142965.0
2026-07-06 13:15:00+05:30,145.31,145.43,145.3,145.39,34684.0
2026-07-06 13:20:00+05:30,145.35,145.49,145.32,145.4,29318.0
2026-07-06 13:25:00+05:30,145.38,145.4,145.16,145.26,121248.0
2026-07-06 13:30:00+05:30,145.3,145.3,145.11,145.12,28353.0
2026-07-06 13:35:00+05:30,145.12,145.3,145.12,145.21,27657.0
2026-07-06 13:40:00+05:30,145.25,145.45,145.12,145.13,48487.0
2026-07-06 13:45:00+05:30,145.17,145.2,145.01,145.1,49545.0
2026-07-06 13:50:00+05:30,145.16,145.17,145.05,145.13,43306.0
2026-07-06 13:55:00+05:30,145.12,145.12,144.9,144.9,77175.0
2026-07-06 14:00:00+05:30,144.93,145.15,144.93,145.08,25377.0
2026-07-06 14:05:00+05:30,145.15,145.28,145.0,145.06,42359.0
2026-07-06 14:10:00+05:30,145.06,145.15,145.04,145.06,23072.0
2026-07-06 14:15:00+05:30,145.08,145.21,145.06,145.11,28021.0
2026-07-06 14:20:00+05:30,145.12,145.17,145.02,145.09,36760.0
2026-07-06 14:25:00+05:30,145.1,145.2,145.01,145.1,36471.0
2026-07-06 14:30:00+05:30,145.12,145.19,145.05,145.05,37203.0
2026-07-06 14:35:00+05:30,145.07,145.15,145.01,145.03,40778.0
2026-07-06 14:40:00+05:30,145.02,145.22,144.9,145.11,116187.0
2026-07-06 14:45:00+05:30,145.12,145.21,145.0,145.1,119467.0
2026-07-06 14:50:00+05:30,145.09,145.28,145.0,145.24,127106.0
2026-07-06 14:55:00+05:30,145.24,145.29,145.12,145.21,114571.0
2026-07-06 15:00:00+05:30,145.26,145.4,145.13,145.18,344713.0
2026-07-06 15:05:00+05:30,145.18,145.43,145.14,145.24,296694.0
2026-07-06 15:10:00+05:30,145.24,145.24,145.1,145.16,221915.0
2026-07-06 15:15:00+05:30,145.15,145.45,145.1,145.45,578664.0
2026-07-06 15:20:00+05:30,145.38,145.49,145.29,145.48,509304.0
2026-07-06 15:25:00+05:30,145.38,145.7,145.38,145.5,409121.0
2026-07-07 09:15:00+05:30,145.35,145.67,144.2,144.38,376275.0
2026-07-07 09:20:00+05:30,144.35,144.61,144.01,144.22,249266.0
2026-07-07 09:25:00+05:30,144.25,144.27,143.74,144.04,268100.0
2026-07-07 09:30:00+05:30,144.06,144.13,143.17,143.23,258598.0
2026-07-07 09:35:00+05:30,143.23,143.25,142.76,142.83,242757.0
2026-07-07 09:40:00+05:30,142.8,143.0,142.77,142.85,93338.0
2026-07-07 09:45:00+05:30,142.85,142.86,142.5,142.59,161397.0
2026-07-07 09:50:00+05:30,142.52,143.0,142.52,142.63,141793.0
2026-07-07 09:55:00+05:30,142.62,142.88,142.5,142.57,135759.0
2026-07-07 10:00:00+05:30,142.56,142.8,142.42,142.43,323589.0
2026-07-07 10:05:00+05:30,142.45,142.51,142.1,142.43,372555.0
2026-07-07 10:10:00+05:30,142.4,142.74,142.05,142.17,398862.0
2026-07-07 10:15:00+05:30,142.13,142.49,142.1,142.39,164250.0
2026-07-07 10:20:00+05:30,142.36,142.63,142.19,142.32,337092.0
2026-07-07 10:25:00+05:30,142.32,142.5,141.93,142.49,287650.0
2026-07-07 10:30:00+05:30,142.49,142.85,142.38,142.77,169551.0
2026-07-07 10:35:00+05:30,142.71,142.88,136.71,141.84,16310474.0
2026-07-07 10:40:00+05:30,141.79,142.06,141.04,141.58,1617896.0
2026-07-07 10:45:00+05:30,141.59,142.21,141.54,141.75,2050441.0
2026-07-07 10:50:00+05:30,141.71,141.71,141.08,141.16,394214.0
2026-07-07 10:55:00+05:30,141.17,141.55,141.09,141.36,403785.0
2026-07-07 11:00:00+05:30,141.4,141.99,141.2,141.92,793777.0
2026-07-07 11:05:00+05:30,141.89,142.73,141.81,142.59,1421190.0
2026-07-07 11:10:00+05:30,142.53,143.04,142.51,142.95,939043.0
2026-07-07 11:15:00+05:30,142.93,143.0,142.68,142.99,271886.0
2026-07-07 11:20:00+05:30,142.97,142.97,142.5,142.74,241693.0
2026-07-07 11:25:00+05:30,142.67,142.94,142.59,142.75,201504.0
2026-07-07 11:30:00+05:30,142.8,142.84,142.51,142.67,261153.0
2026-07-07 11:35:00+05:30,142.62,143.24,142.53,142.97,600911.0
2026-07-07 11:40:00+05:30,142.98,143.49,142.8,142.89,573592.0
2026-07-07 11:45:00+05:30,142.88,143.02,142.55,142.89,286763.0
2026-07-07 11:50:00+05:30,142.89,143.1,142.72,143.08,114248.0
2026-07-07 11:55:00+05:30,143.1,143.29,143.0,143.2,116607.0
2026-07-07 12:00:00+05:30,143.25,143.68,143.18,143.25,484918.0
2026-07-07 12:05:00+05:30,143.22,143.43,143.14,143.39,101874.0
2026-07-07 12:10:00+05:30,143.39,143.58,143.25,143.44,128542.0
2026-07-07 12:15:00+05:30,143.44,143.5,143.31,143.34,175271.0
2026-07-07 12:20:00+05:30,143.35,143.44,143.27,143.3,78236.0
2026-07-07 12:25:00+05:30,143.3,143.72,143.27,143.61,266270.0
2026-07-07 12:30:00+05:30,143.6,143.6,143.33,143.4,82821.0
2026-07-07 12:35:00+05:30,143.39,143.68,143.36,143.55,77884.0
2026-07-07 12:40:00+05:30,143.55,143.7,143.48,143.54,73202.0
2026-07-07 12:45:00+05:30,143.54,143.8,143.46,143.72,221869.0
2026-07-07 12:50:00+05:30,143.72,144.19,143.62,143.96,542014.0
2026-07-07 12:55:00+05:30,144.01,144.36,143.86,144.17,287288.0
2026-07-07 13:00:00+05:30,144.18,144.25,143.87,143.87,110694.0
2026-07-07 13:05:00+05:30,143.88,144.16,143.84,144.1,253695.0
2026-07-07 13:10:00+05:30,144.05,144.1,143.81,143.88,156113.0
2026-07-07 13:15:00+05:30,143.89,143.93,143.63,143.75,181395.0
2026-07-07 13:20:00+05:30,143.76,144.07,143.75,144.01,67509.0
2026-07-07 13:25:00+05:30,144.04,144.3,143.99,144.13,210394.0
2026-07-07 13:30:00+05:30,144.13,144.14,143.86,143.86,71250.0
2026-07-07 13:35:00+05:30,143.8,143.92,143.67,143.74,92114.0
2026-07-07 13:40:00+05:30,143.76,144.02,143.7,144.0,117868.0
2026-07-07 13:45:00+05:30,144.0,144.03,143.73,143.76,139006.0
2026-07-07 13:50:00+05:30,143.76,144.43,143.76,144.36,496291.0
2026-07-07 13:55:00+05:30,144.32,144.33,144.02,144.08,128137.0
2026-07-07 14:00:00+05:30,144.08,144.26,144.01,144.23,103610.0
2026-07-07 14:05:00+05:30,144.23,144.23,144.1,144.21,46410.0
2026-07-07 14:10:00+05:30,144.21,144.22,144.07,144.17,79176.0
2026-07-07 14:15:00+05:30,144.21,144.3,144.11,144.2,105379.0
2026-07-07 14:20:00+05:30,144.2,144.2,143.8,143.87,140385.0
2026-07-07 14:25:00+05:30,143.95,144.19,143.85,144.09,74404.0
2026-07-07 14:30:00+05:30,144.08,144.15,144.04,144.05,159834.0
2026-07-07 14:35:00+05:30,144.05,144.12,143.87,143.96,136781.0
2026-07-07 14:40:00+05:30,143.9,143.97,143.54,143.71,307762.0
2026-07-07 14:45:00+05:30,143.72,143.9,143.62,143.77,165664.0
2026-07-07 14:50:00+05:30,143.74,143.91,143.65,143.85,262904.0
2026-07-07 14:55:00+05:30,143.91,144.03,143.82,143.91,227182.0
2026-07-07 15:00:00+05:30,143.87,143.9,143.4,143.5,492364.0
2026-07-07 15:05:00+05:30,143.49,143.81,143.37,143.46,1326355.0
2026-07-07 15:10:00+05:30,143.41,143.55,143.25,143.45,822219.0
2026-07-07 15:15:00+05:30,143.41,143.59,143.25,143.33,583414.0
2026-07-07 15:20:00+05:30,143.33,143.33,143.09,143.18,887529.0
2026-07-07 15:25:00+05:30,143.15,143.2,142.84,143.0,924527.0
2026-07-08 09:15:00+05:30,142.71,143.46,140.85,142.7,705085.0
2026-07-08 09:20:00+05:30,142.71,142.78,142.34,142.65,222607.0
2026-07-08 09:25:00+05:30,142.64,142.75,142.42,142.56,112985.0
2026-07-08 09:30:00+05:30,142.53,142.95,142.48,142.83,70132.0
2026-07-08 09:35:00+05:30,142.86,142.87,142.2,142.38,190632.0
2026-07-08 09:40:00+05:30,142.37,142.86,142.3,142.53,98254.0
2026-07-08 09:45:00+05:30,142.57,142.72,142.36,142.62,49057.0
2026-07-08 09:50:00+05:30,142.63,142.99,142.57,142.87,122559.0
2026-07-08 09:55:00+05:30,142.87,143.35,142.73,143.31,141131.0
2026-07-08 10:00:00+05:30,143.31,143.86,143.31,143.76,192286.0
2026-07-08 10:05:00+05:30,143.76,144.26,143.76,143.95,286885.0
2026-07-08 10:10:00+05:30,143.94,144.48,143.76,144.37,185286.0
2026-07-08 10:15:00+05:30,144.46,144.47,144.19,144.44,151488.0
2026-07-08 10:20:00+05:30,144.45,144.65,144.34,144.57,165241.0
2026-07-08 10:25:00+05:30,144.55,144.7,144.31,144.39,192959.0
2026-07-08 10:30:00+05:30,144.42,144.7,144.42,144.63,96938.0
2026-07-08 10:35:00+05:30,144.58,144.83,144.24,144.37,207086.0
2026-07-08 10:40:00+05:30,144.41,144.5,144.33,144.36,63306.0
2026-07-08 10:45:00+05:30,144.35,144.43,144.25,144.41,55633.0
2026-07-08 10:50:00+05:30,144.43,144.47,144.1,144.13,98055.0
2026-07-08 10:55:00+05:30,144.13,144.4,144.05,144.38,134427.0
2026-07-08 11:00:00+05:30,144.28,144.39,144.17,144.34,90067.0
2026-07-08 11:05:00+05:30,144.34,144.6,144.28,144.38,126789.0
2026-07-08 11:10:00+05:30,144.38,144.44,144.21,144.31,115478.0
2026-07-08 11:15:00+05:30,144.31,144.4,144.15,144.26,55050.0
2026-07-08 11:20:00+05:30,144.3,144.31,144.15,144.25,39006.0
2026-07-08 11:25:00+05:30,144.29,144.5,144.29,144.44,47990.0
2026-07-08 11:30:00+05:30,144.44,144.46,144.2,144.21,42928.0
2026-07-08 11:35:00+05:30,144.24,144.24,143.76,143.83,137591.0
2026-07-08 11:40:00+05:30,143.84,143.89,143.73,143.75,95846.0
2026-07-08 11:45:00+05:30,143.79,143.86,143.71,143.75,58430.0
2026-07-08 11:50:00+05:30,143.77,143.83,143.38,143.38,123644.0
2026-07-08 11:55:00+05:30,143.4,143.41,142.92,142.96,147476.0
2026-07-08 12:00:00+05:30,142.97,143.13,142.97,143.01,62108.0
2026-07-08 12:05:00+05:30,143.03,143.32,143.02,143.07,63380.0
2026-07-08 12:10:00+05:30,143.06,143.22,142.97,143.0,70769.0
2026-07-08 12:15:00+05:30,143.0,143.4,142.96,143.36,138681.0
2026-07-08 12:20:00+05:30,143.36,143.36,142.9,142.94,154351.0
2026-07-08 12:25:00+05:30,142.98,143.52,142.94,143.3,265824.0
2026-07-08 12:30:00+05:30,143.34,143.47,143.32,143.37,42209.0
2026-07-08 12:35:00+05:30,143.4,143.44,143.3,143.33,33325.0
2026-07-08 12:40:00+05:30,143.34,143.48,143.25,143.46,42782.0
2026-07-08 12:45:00+05:30,143.46,143.65,143.41,143.53,96294.0
2026-07-08 12:50:00+05:30,143.54,143.62,143.5,143.61,42160.0
2026-07-08 12:55:00+05:30,143.62,144.2,143.55,144.14,1204797.0
2026-07-08 13:00:00+05:30,144.09,144.2,144.03,144.1,94995.0
2026-07-08 13:05:00+05:30,144.15,144.36,144.09,144.09,135030.0
2026-07-08 13:10:00+05:30,144.1,144.2,143.69,143.91,119593.0
2026-07-08 13:15:00+05:30,143.9,144.13,143.9,144.06,47433.0
2026-07-08 13:20:00+05:30,144.07,144.22,143.99,144.04,86480.0
2026-07-08 13:25:00+05:30,144.1,144.11,143.94,144.02,58477.0
2026-07-08 13:30:00+05:30,144.06,144.07,143.9,143.91,38533.0
2026-07-08 13:35:00+05:30,143.95,144.1,143.89,144.05,47344.0
2026-07-08 13:40:00+05:30,144.07,144.19,143.92,144.0,95257.0
2026-07-08 13:45:00+05:30,144.02,144.26,142.96,143.13,327212.0
2026-07-08 13:50:00+05:30,143.12,143.14,141.72,141.84,1046342.0
2026-07-08 13:55:00+05:30,142.0,142.0,140.5,140.57,854472.0
2026-07-08 14:00:00+05:30,140.63,140.84,140.35,140.6,277498.0
2026-07-08 14:05:00+05:30,140.6,141.02,140.47,140.63,1155067.0
2026-07-08 14:10:00+05:30,140.69,140.78,140.15,140.48,630415.0
2026-07-08 14:15:00+05:30,140.44,141.16,140.11,140.26,465583.0
2026-07-08 14:20:00+05:30,140.29,140.46,139.61,140.15,631215.0
2026-07-08 14:25:00+05:30,140.22,140.34,139.88,140.0,273493.0
2026-07-08 14:30:00+05:30,140.02,140.29,139.66,139.85,279036.0
2026-07-08 14:35:00+05:30,139.89,140.18,139.77,140.05,399155.0
2026-07-08 14:40:00+05:30,140.01,140.24,139.84,140.15,499709.0
2026-07-08 14:45:00+05:30,140.15,140.18,140.0,140.0,265939.0
2026-07-08 14:50:00+05:30,140.04,140.24,140.0,140.06,977436.0
2026-07-08 14:55:00+05:30,140.07,140.27,139.76,140.18,727151.0
2026-07-08 15:00:00+05:30,140.16,140.69,140.16,140.34,283761.0
2026-07-08 15:05:00+05:30,140.37,140.45,140.17,140.22,218905.0
2026-07-08 15:10:00+05:30,140.22,140.48,140.17,140.3,269912.0
2026-07-08 15:15:00+05:30,140.3,140.97,140.27,140.76,458577.0
2026-07-08 15:20:00+05:30,140.73,141.29,140.73,141.13,317638.0
2026-07-08 15:25:00+05:30,141.17,141.22,140.18,140.7,335954.0
2026-07-09 09:15:00+05:30,140.21,142.8,140.0,142.61,334938.0
2026-07-09 09:20:00+05:30,142.62,142.75,142.36,142.54,176627.0
2026-07-09 09:25:00+05:30,142.54,142.7,142.3,142.66,117191.0
2026-07-09 09:30:00+05:30,142.59,142.96,142.36,142.76,219889.0
2026-07-09 09:35:00+05:30,142.73,142.86,142.51,142.86,80718.0
2026-07-09 09:40:00+05:30,142.86,143.04,142.73,142.95,157136.0
2026-07-09 09:45:00+05:30,143.0,143.09,142.75,142.78,74270.0
2026-07-09 09:50:00+05:30,142.78,142.8,142.66,142.7,36691.0
2026-07-09 09:55:00+05:30,142.66,142.87,142.25,142.46,78437.0
2026-07-09 10:00:00+05:30,142.5,142.75,142.46,142.57,45123.0
2026-07-09 10:05:00+05:30,142.56,142.69,142.55,142.59,47337.0
2026-07-09 10:10:00+05:30,142.64,142.71,142.32,142.33,63441.0
2026-07-09 10:15:00+05:30,142.33,142.97,142.3,142.71,88056.0
2026-07-09 10:20:00+05:30,142.71,142.97,142.7,142.79,62429.0
2026-07-09 10:25:00+05:30,142.79,142.79,142.41,142.54,34463.0
2026-07-09 10:30:00+05:30,142.53,142.65,141.73,141.79,189914.0
2026-07-09 10:35:00+05:30,141.84,142.06,141.56,141.94,85482.0
2026-07-09 10:40:00+05:30,141.98,142.24,141.48,141.93,231586.0
2026-07-09 10:45:00+05:30,141.92,142.04,141.56,141.59,124062.0
2026-07-09 10:50:00+05:30,141.7,141.95,141.56,141.65,59833.0
2026-07-09 10:55:00+05:30,141.65,142.33,141.17,141.98,610267.0
2026-07-09 11:00:00+05:30,142.13,142.13,141.53,141.67,54520.0
2026-07-09 11:05:00+05:30,141.69,141.78,141.56,141.72,24937.0
2026-07-09 11:10:00+05:30,141.71,141.95,141.71,141.83,49094.0
2026-07-09 11:15:00+05:30,141.87,142.18,141.83,142.16,54592.0
2026-07-09 11:20:00+05:30,142.16,142.38,142.12,142.22,86883.0
2026-07-09 11:25:00+05:30,142.23,142.39,142.08,142.26,69483.0
2026-07-09 11:30:00+05:30,142.27,142.48,142.21,142.44,91462.0
2026-07-09 11:35:00+05:30,142.37,142.44,142.21,142.4,37939.0
2026-07-09 11:40:00+05:30,142.41,142.79,142.36,142.73,142027.0
2026-07-09 11:45:00+05:30,142.72,142.9,142.67,142.79,105554.0
2026-07-09 11:50:00+05:30,142.78,142.9,142.76,142.83,33495.0
2026-07-09 11:55:00+05:30,142.84,143.02,142.81,143.02,67745.0
2026-07-09 12:00:00+05:30,143.02,143.37,143.01,143.26,125326.0
2026-07-09 12:05:00+05:30,143.24,143.27,143.04,143.16,119779.0
2026-07-09 12:10:00+05:30,143.25,143.25,143.01,143.19,52891.0
2026-07-09 12:15:00+05:30,143.16,143.24,142.21,142.53,830336.0
2026-07-09 12:20:00+05:30,142.54,142.55,141.36,141.69,197199.0
2026-07-09 12:25:00+05:30,141.68,142.3,141.68,142.18,95552.0
2026-07-09 12:30:00+05:30,142.13,142.39,141.97,142.06,104623.0
2026-07-09 12:35:00+05:30,142.11,142.24,142.05,142.18,19314.0
2026-07-09 12:40:00+05:30,142.19,142.86,142.08,142.8,116464.0
2026-07-09 12:45:00+05:30,142.86,143.01,142.77,143.0,80649.0
2026-07-09 12:50:00+05:30,142.98,143.08,142.74,143.01,87383.0
2026-07-09 12:55:00+05:30,142.99,143.04,142.81,142.94,29858.0
2026-07-09 13:00:00+05:30,142.9,143.4,142.87,143.08,267374.0
2026-07-09 13:05:00+05:30,143.11,143.32,143.05,143.23,77769.0
2026-07-09 13:10:00+05:30,143.23,143.34,143.17,143.28,143320.0
2026-07-09 13:15:00+05:30,143.27,143.39,143.05,143.35,128097.0
2026-07-09 13:20:00+05:30,143.35,143.37,143.21,143.22,33174.0
2026-07-09 13:25:00+05:30,143.27,143.45,143.22,143.4,50456.0
2026-07-09 13:30:00+05:30,143.4,144.06,143.34,143.98,169856.0
2026-07-09 13:35:00+05:30,143.94,143.99,143.72,143.86,58311.0
2026-07-09 13:40:00+05:30,143.86,144.15,143.37,143.56,184214.0
2026-07-09 13:45:00+05:30,143.63,143.68,143.44,143.49,58066.0
2026-07-09 13:50:00+05:30,143.49,143.57,143.2,143.37,106519.0
2026-07-09 13:55:00+05:30,143.37,143.42,143.19,143.27,48153.0
2026-07-09 14:00:00+05:30,143.31,143.52,143.26,143.33,38041.0
2026-07-09 14:05:00+05:30,143.33,143.7,143.3,143.62,62038.0
2026-07-09 14:10:00+05:30,143.57,143.7,143.53,143.61,27560.0
2026-07-09 14:15:00+05:30,143.66,143.75,143.54,143.58,38778.0
2026-07-09 14:20:00+05:30,143.59,143.63,143.36,143.62,52011.0
2026-07-09 14:25:00+05:30,143.62,143.76,143.3,143.49,156569.0
2026-07-09 14:30:00+05:30,143.52,143.8,143.48,143.72,33923.0
2026-07-09 14:35:00+05:30,143.78,143.84,143.3,143.3,81472.0
2026-07-09 14:40:00+05:30,143.3,143.57,143.21,143.53,88790.0
2026-07-09 14:45:00+05:30,143.6,143.62,143.26,143.33,66715.0
2026-07-09 14:50:00+05:30,143.32,143.48,143.17,143.19,99726.0
2026-07-09 14:55:00+05:30,143.27,143.32,143.16,143.19,88997.0
2026-07-09 15:00:00+05:30,143.21,143.21,142.91,143.0,407868.0
2026-07-09 15:05:00+05:30,142.98,143.03,142.7,142.95,298009.0
2026-07-09 15:10:00+05:30,142.99,143.0,142.56,142.78,440071.0
2026-07-09 15:15:00+05:30,142.78,142.8,142.56,142.75,376527.0
2026-07-09 15:20:00+05:30,142.79,142.86,142.62,142.72,424506.0
2026-07-09 15:25:00+05:30,142.71,142.82,142.5,142.69,425017.0
2026-07-10 09:15:00+05:30,144.2,144.85,143.47,143.71,495819.0
2026-07-10 09:20:00+05:30,143.68,144.03,143.68,143.98,120322.0
2026-07-10 09:25:00+05:30,143.94,144.0,143.73,143.82,78768.0
2026-07-10 09:30:00+05:30,143.85,144.43,143.85,144.33,128830.0
2026-07-10 09:35:00+05:30,144.39,144.45,144.13,144.18,56563.0
2026-07-10 09:40:00+05:30,144.18,144.4,144.15,144.35,51342.0
2026-07-10 09:45:00+05:30,144.32,144.36,143.72,143.93,165861.0
2026-07-10 09:50:00+05:30,143.94,143.94,143.59,143.85,60173.0
2026-07-10 09:55:00+05:30,143.85,143.98,143.82,143.97,29574.0
2026-07-10 10:00:00+05:30,143.98,144.18,143.94,144.14,37962.0
2026-07-10 10:05:00+05:30,144.12,144.14,144.01,144.08,17108.0
2026-07-10 10:10:00+05:30,144.1,144.29,144.08,144.15,35912.0
2026-07-10 10:15:00+05:30,144.16,144.3,144.05,144.22,39760.0
2026-07-10 10:20:00+05:30,144.3,144.5,144.22,144.45,73026.0
2026-07-10 10:25:00+05:30,144.44,144.45,144.15,144.2,75185.0
2026-07-10 10:30:00+05:30,144.2,144.34,144.07,144.19,70631.0
2026-07-10 10:35:00+05:30,144.25,144.38,144.24,144.26,27091.0
2026-07-10 10:40:00+05:30,144.27,144.33,144.17,144.18,35153.0
2026-07-10 10:45:00+05:30,144.21,144.21,143.63,143.77,119979.0
2026-07-10 10:50:00+05:30,143.74,143.89,143.15,143.82,155945.0
2026-07-10 10:55:00+05:30,143.85,143.9,143.74,143.83,20431.0
2026-07-10 11:00:00+05:30,143.83,143.85,143.77,143.85,17259.0
2026-07-10 11:05:00+05:30,143.85,143.88,143.48,143.55,118835.0
2026-07-10 11:10:00+05:30,143.55,143.69,143.48,143.5,54312.0
2026-07-10 11:15:00+05:30,143.5,143.62,143.35,143.49,59661.0
2026-07-10 11:20:00+05:30,143.49,143.49,143.3,143.44,31952.0
2026-07-10 11:25:00+05:30,143.44,143.76,143.44,143.68,53356.0
2026-07-10 11:30:00+05:30,143.68,143.79,143.64,143.76,40821.0
2026-07-10 11:35:00+05:30,143.8,143.8,143.5,143.64,36366.0
2026-07-10 11:40:00+05:30,143.61,143.78,143.35,143.48,37830.0
2026-07-10 11:45:00+05:30,143.46,143.67,143.46,143.56,45807.0
2026-07-10 11:50:00+05:30,143.56,143.97,143.51,143.85,68129.0
2026-07-10 11:55:00+05:30,143.88,144.15,143.77,143.9,201594.0
2026-07-10 12:00:00+05:30,143.91,144.25,143.76,144.0,537304.0
2026-07-10 12:05:00+05:30,144.0,144.13,143.98,144.03,77445.0
2026-07-10 12:10:00+05:30,144.09,144.1,143.93,144.0,134071.0
2026-07-10 12:15:00+05:30,144.0,144.11,144.0,144.04,24470.0
2026-07-10 12:20:00+05:30,144.05,144.1,144.01,144.03,14888.0
2026-07-10 12:25:00+05:30,144.03,144.19,143.99,144.13,165471.0
2026-07-10 12:30:00+05:30,144.13,144.18,144.03,144.04,19995.0
2026-07-10 12:35:00+05:30,144.1,144.1,144.0,144.0,27844.0
2026-07-10 12:40:00+05:30,144.01,144.12,144.0,144.06,112997.0
2026-07-10 12:45:00+05:30,144.13,144.15,144.04,144.1,15202.0
2026-07-10 12:50:00+05:30,144.1,144.23,144.01,144.03,41125.0
2026-07-10 12:55:00+05:30,144.03,144.11,144.0,144.0,80411.0
2026-07-10 13:00:00+05:30,144.04,144.05,143.64,143.7,291796.0
2026-07-10 13:05:00+05:30,143.74,143.74,143.06,143.1,106534.0
2026-07-10 13:10:00+05:30,143.15,143.18,142.62,142.94,237934.0
2026-07-10 13:15:00+05:30,142.93,143.0,142.77,142.91,57924.0
2026-07-10 13:20:00+05:30,142.92,143.13,142.7,142.93,202049.0
2026-07-10 13:25:00+05:30,142.98,143.12,142.94,143.1,34791.0
2026-07-10 13:30:00+05:30,143.08,143.24,143.06,143.14,30415.0
2026-07-10 13:35:00+05:30,143.18,143.2,142.98,143.03,51525.0
2026-07-10 13:40:00+05:30,143.03,143.23,143.03,143.15,15944.0
2026-07-10 13:45:00+05:30,143.1,143.26,143.1,143.18,23923.0
2026-07-10 13:50:00+05:30,143.18,143.48,142.99,143.27,183318.0
2026-07-10 13:55:00+05:30,143.25,143.39,143.07,143.09,80753.0
2026-07-10 14:00:00+05:30,143.09,143.35,143.03,143.35,46886.0
2026-07-10 14:05:00+05:30,143.12,143.12,142.83,142.84,144773.0
2026-07-10 14:10:00+05:30,142.89,143.26,142.82,143.23,57445.0
2026-07-10 14:15:00+05:30,143.15,143.29,143.08,143.17,22302.0
2026-07-10 14:20:00+05:30,143.13,143.26,143.1,143.24,18368.0
2026-07-10 14:25:00+05:30,143.26,143.26,143.03,143.19,60688.0
2026-07-10 14:30:00+05:30,143.19,143.34,143.18,143.24,40003.0
2026-07-10 14:35:00+05:30,143.21,143.22,143.14,143.2,16854.0
2026-07-10 14:40:00+05:30,143.2,143.5,143.18,143.45,49303.0
2026-07-10 14:45:00+05:30,143.46,143.55,142.92,143.14,678903.0
2026-07-10 14:50:00+05:30,143.08,143.17,142.94,143.0,325971.0
2026-07-10 14:55:00+05:30,142.99,143.3,142.99,143.17,253972.0
2026-07-10 15:00:00+05:30,143.15,143.4,143.09,143.27,152436.0
2026-07-10 15:05:00+05:30,143.27,143.33,143.16,143.22,141474.0
2026-07-10 15:10:00+05:30,143.22,143.27,143.04,143.07,169607.0
2026-07-10 15:15:00+05:30,143.06,143.15,142.97,143.11,234548.0
2026-07-10 15:20:00+05:30,143.11,143.25,143.01,143.25,220083.0
2026-07-10 15:25:00+05:30,143.23,143.5,143.2,143.3,280894.0
2026-07-13 09:15:00+05:30,142.05,142.2,141.06,141.44,421948.0
2026-07-13 09:20:00+05:30,141.4,142.11,141.29,141.8,172056.0
2026-07-13 09:25:00+05:30,141.82,142.13,141.66,142.08,105264.0
2026-07-13 09:30:00+05:30,142.07,142.28,141.2,141.28,301973.0
2026-07-13 09:35:00+05:30,141.28,142.14,141.11,141.79,192009.0
2026-07-13 09:40:00+05:30,141.79,141.84,141.41,141.41,148567.0
2026-07-13 09:45:00+05:30,141.4,141.64,141.34,141.61,81747.0
2026-07-13 09:50:00+05:30,141.61,141.75,141.52,141.68,65585.0
2026-07-13 09:55:00+05:30,141.65,142.07,141.51,141.97,175526.0
2026-07-13 10:00:00+05:30,141.99,142.91,141.95,142.74,844374.0
2026-07-13 10:05:00+05:30,142.75,142.8,142.44,142.46,74618.0
2026-07-13 10:10:00+05:30,142.51,142.85,142.1,142.29,232295.0
2026-07-13 10:15:00+05:30,142.3,142.32,142.0,142.09,61305.0
2026-07-13 10:20:00+05:30,142.08,142.25,142.08,142.18,56082.0
2026-07-13 10:25:00+05:30,142.17,142.49,142.16,142.47,70431.0
2026-07-13 10:30:00+05:30,142.45,142.63,142.37,142.52,86110.0
2026-07-13 10:35:00+05:30,142.56,142.85,142.43,142.69,196225.0
2026-07-13 10:40:00+05:30,142.63,142.81,142.4,142.53,207135.0
2026-07-13 10:45:00+05:30,142.52,142.53,142.01,142.01,76711.0
2026-07-13 10:50:00+05:30,142.01,142.14,141.54,141.6,1068534.0
2026-07-13 10:55:00+05:30,141.61,142.03,141.59,141.95,238041.0
2026-07-13 11:00:00+05:30,141.95,142.15,141.86,141.93,109316.0
2026-07-13 11:05:00+05:30,141.89,141.98,141.85,141.93,29020.0
2026-07-13 11:10:00+05:30,141.9,142.46,141.9,141.98,752565.0
2026-07-13 11:15:00+05:30,141.98,142.08,141.93,142.0,209372.0
2026-07-13 11:20:00+05:30,142.0,143.16,141.97,143.15,384780.0
2026-07-13 11:25:00+05:30,143.15,143.26,142.87,142.99,58250.0
2026-07-13 11:30:00+05:30,142.96,142.99,142.44,142.44,93281.0
2026-07-13 11:35:00+05:30,142.51,142.71,142.36,142.44,44173.0
2026-07-13 11:40:00+05:30,142.44,142.55,142.3,142.35,49090.0
2026-07-13 11:45:00+05:30,142.39,142.46,142.26,142.34,30649.0
2026-07-13 11:50:00+05:30,142.39,142.42,142.22,142.3,49352.0
2026-07-13 11:55:00+05:30,142.33,142.36,142.08,142.2,81457.0
2026-07-13 12:00:00+05:30,142.2,142.65,142.2,142.65,117038.0
2026-07-13 12:05:00+05:30,142.65,142.71,142.56,142.69,23689.0
2026-07-13 12:10:00+05:30,142.69,142.81,142.52,142.72,48140.0
2026-07-13 12:15:00+05:30,142.69,142.8,142.6,142.66,33577.0
2026-07-13 12:20:00+05:30,142.67,143.19,142.65,143.1,146179.0
2026-07-13 12:25:00+05:30,143.09,143.13,142.99,143.02,79185.0
2026-07-13 12:30:00+05:30,143.0,143.4,142.9,142.95,1160061.0
2026-07-13 12:35:00+05:30,142.94,143.04,142.87,143.04,32402.0
2026-07-13 12:40:00+05:30,143.0,143.1,142.96,143.0,1149972.0
2026-07-13 12:45:00+05:30,143.01,143.49,143.0,143.47,174047.0
2026-07-13 12:50:00+05:30,143.44,143.85,143.41,143.53,152503.0
2026-07-13 12:55:00+05:30,143.58,143.71,143.41,143.57,78937.0
2026-07-13 13:00:00+05:30,143.58,143.6,143.32,143.35,39354.0
2026-07-13 13:05:00+05:30,143.35,143.37,143.3,143.3,14343.0
2026-07-13 13:10:00+05:30,143.36,143.48,143.26,143.45,25856.0
2026-07-13 13:15:00+05:30,143.41,143.5,143.19,143.2,17442.0
2026-07-13 13:20:00+05:30,143.2,143.3,143.08,143.24,45511.0
2026-07-13 13:25:00+05:30,143.26,143.98,143.09,143.92,183170.0
2026-07-13 13:30:00+05:30,143.92,144.15,143.45,143.55,209566.0
2026-07-13 13:35:00+05:30,143.59,143.83,143.53,143.76,20220.0
2026-07-13 13:40:00+05:30,143.77,144.09,143.76,143.83,90412.0
2026-07-13 13:45:00+05:30,143.78,143.97,143.76,143.96,25647.0
2026-07-13 13:50:00+05:30,143.95,143.96,143.76,143.82,49314.0
2026-07-13 13:55:00+05:30,143.81,143.86,143.75,143.82,14082.0
2026-07-13 14:00:00+05:30,143.82,144.0,143.8,143.87,36459.0
2026-07-13 14:05:00+05:30,143.89,143.98,143.8,143.98,38674.0
2026-07-13 14:10:00+05:30,143.97,144.23,143.92,144.11,61765.0
2026-07-13 14:15:00+05:30,144.18,144.29,144.07,144.19,60838.0
2026-07-13 14:20:00+05:30,144.19,144.26,144.12,144.24,44052.0
2026-07-13 14:25:00+05:30,144.24,144.27,143.71,144.2,153953.0
2026-07-13 14:30:00+05:30,144.2,144.63,144.14,144.38,178036.0
2026-07-13 14:35:00+05:30,144.37,144.54,144.25,144.26,111520.0
2026-07-13 14:40:00+05:30,144.26,144.3,144.16,144.29,34034.0
2026-07-13 14:45:00+05:30,144.28,144.53,144.24,144.51,78619.0
2026-07-13 14:50:00+05:30,144.51,144.75,144.51,144.66,104434.0
2026-07-13 14:55:00+05:30,144.67,144.67,144.2,144.28,145048.0
2026-07-13 15:00:00+05:30,144.24,144.29,143.82,144.0,366923.0
2026-07-13 15:05:00+05:30,144.01,144.1,143.9,143.91,243781.0
2026-07-13 15:10:00+05:30,143.91,144.1,143.85,144.0,437100.0
2026-07-13 15:15:00+05:30,143.91,144.19,143.91,144.03,476158.0
2026-07-13 15:20:00+05:30,144.03,144.17,143.95,144.03,535065.0
2026-07-13 15:25:00+05:30,144.08,144.4,144.08,144.25,450602.0
2026-07-14 09:15:00+05:30,143.25,143.55,141.29,142.02,791848.0
2026-07-14 09:20:00+05:30,142.0,142.25,141.7,142.05,209156.0
2026-07-14 09:25:00+05:30,142.0,142.13,141.7,141.75,174880.0
2026-07-14 09:30:00+05:30,141.75,142.14,141.62,142.03,264298.0
2026-07-14 09:35:00+05:30,142.06,142.8,142.0,142.41,309164.0
2026-07-14 09:40:00+05:30,142.4,142.4,142.11,142.21,39536.0
2026-07-14 09:45:00+05:30,142.22,142.25,142.05,142.14,78847.0
2026-07-14 09:50:00+05:30,142.06,142.2,141.8,141.83,243314.0
2026-07-14 09:55:00+05:30,141.82,141.99,141.72,141.99,132982.0
2026-07-14 10:00:00+05:30,141.96,142.2,141.91,142.16,74100.0
2026-07-14 10:05:00+05:30,142.2,142.21,142.01,142.17,43703.0
2026-07-14 10:10:00+05:30,142.16,142.2,142.06,142.17,45795.0
2026-07-14 10:15:00+05:30,142.15,142.17,141.79,141.8,56798.0
2026-07-14 10:20:00+05:30,141.75,142.08,141.7,141.99,71337.0
2026-07-14 10:25:00+05:30,141.95,141.98,141.42,141.5,109053.0
2026-07-14 10:30:00+05:30,141.5,141.97,141.44,141.81,109438.0
2026-07-14 10:35:00+05:30,141.79,142.14,141.73,142.05,5356456.0
2026-07-14 10:40:00+05:30,142.04,142.35,142.0,142.13,167090.0
2026-07-14 10:45:00+05:30,142.13,142.25,142.1,142.24,26422.0
2026-07-14 10:50:00+05:30,142.24,142.44,142.15,142.22,86966.0
2026-07-14 10:55:00+05:30,142.14,142.28,142.11,142.25,23207.0
2026-07-14 11:00:00+05:30,142.25,142.32,142.11,142.27,64864.0
2026-07-14 11:05:00+05:30,142.3,142.31,142.1,142.14,76701.0
2026-07-14 11:10:00+05:30,142.16,142.38,142.01,142.35,71340.0
2026-07-14 11:15:00+05:30,142.36,142.43,142.28,142.36,24788.0
2026-07-14 11:20:00+05:30,142.3,142.35,142.18,142.23,16336.0
2026-07-14 11:25:00+05:30,142.23,142.23,141.85,142.05,95811.0
2026-07-14 11:30:00+05:30,142.04,142.28,141.96,142.21,84504.0
2026-07-14 11:35:00+05:30,142.21,142.31,142.06,142.16,22437.0
2026-07-14 11:40:00+05:30,142.16,142.2,142.02,142.2,37378.0
2026-07-14 11:45:00+05:30,142.2,142.2,142.03,142.13,14288.0
2026-07-14 11:50:00+05:30,142.14,142.19,142.1,142.11,25148.0
2026-07-14 11:55:00+05:30,142.11,142.2,142.04,142.11,21713.0
2026-07-14 12:00:00+05:30,142.11,142.23,142.11,142.21,27366.0
2026-07-14 12:05:00+05:30,142.2,142.37,142.06,142.16,112739.0
2026-07-14 12:10:00+05:30,142.19,142.19,142.04,142.12,10996.0
2026-07-14 12:15:00+05:30,142.1,142.16,142.05,142.16,20916.0
2026-07-14 12:20:00+05:30,142.16,142.18,142.02,142.05,16369.0
2026-07-14 12:25:00+05:30,142.05,142.05,141.75,141.77,60891.0
2026-07-14 12:30:00+05:30,141.77,142.03,141.75,142.03,48846.0
2026-07-14 12:35:00+05:30,142.02,142.14,141.97,142.14,27494.0
2026-07-14 12:40:00+05:30,142.14,142.2,142.1,142.17,18695.0
2026-07-14 12:45:00+05:30,142.17,142.2,142.1,142.18,21495.0
2026-07-14 12:50:00+05:30,142.16,142.2,142.1,142.13,18341.0
2026-07-14 12:55:00+05:30,142.13,142.17,141.93,141.96,79403.0
2026-07-14 13:00:00+05:30,141.96,142.0,141.7,141.96,50870.0
2026-07-14 13:05:00+05:30,141.96,142.05,141.89,141.99,72195.0
2026-07-14 13:10:00+05:30,141.99,142.0,141.82,141.83,29158.0
2026-07-14 13:15:00+05:30,141.89,141.91,141.78,141.83,16842.0
2026-07-14 13:20:00+05:30,141.85,141.97,141.81,141.89,34051.0
2026-07-14 13:25:00+05:30,141.85,141.95,141.75,141.95,17671.0
2026-07-14 13:30:00+05:30,141.95,141.95,141.76,141.8,25679.0
2026-07-14 13:35:00+05:30,141.77,141.89,141.58,141.65,31439.0
2026-07-14 13:40:00+05:30,141.65,141.7,141.6,141.68,25527.0
2026-07-14 13:45:00+05:30,141.69,141.83,141.68,141.82,42670.0
2026-07-14 13:50:00+05:30,141.82,142.0,141.78,141.93,31588.0
2026-07-14 13:55:00+05:30,141.93,141.98,141.78,141.86,66998.0
2026-07-14 14:00:00+05:30,141.82,142.04,141.8,142.04,63796.0
2026-07-14 14:05:00+05:30,142.04,142.08,141.89,142.07,46566.0
2026-07-14 14:10:00+05:30,142.05,142.13,142.0,142.12,28775.0
2026-07-14 14:15:00+05:30,142.12,142.17,142.0,142.09,31835.0
2026-07-14 14:20:00+05:30,142.09,142.09,142.0,142.07,40808.0
2026-07-14 14:25:00+05:30,142.05,142.43,142.0,142.41,320107.0
2026-07-14 14:30:00+05:30,142.42,142.49,142.1,142.16,211404.0
2026-07-14 14:35:00+05:30,142.16,142.26,142.1,142.2,21887.0
2026-07-14 14:40:00+05:30,142.2,142.26,142.1,142.18,21902.0
2026-07-14 14:45:00+05:30,142.18,142.18,142.1,142.14,43878.0
2026-07-14 14:50:00+05:30,142.14,142.21,142.1,142.2,72417.0
2026-07-14 14:55:00+05:30,142.2,142.29,141.99,141.99,79890.0
2026-07-14 15:00:00+05:30,142.05,142.25,142.02,142.14,238398.0
2026-07-14 15:05:00+05:30,142.14,142.23,142.1,142.17,167523.0
2026-07-14 15:10:00+05:30,142.18,142.24,142.01,142.1,294866.0
2026-07-14 15:15:00+05:30,142.11,142.19,141.76,141.84,434350.0
2026-07-14 15:20:00+05:30,141.84,142.15,141.81,142.1,382907.0
2026-07-14 15:25:00+05:30,142.11,142.5,142.0,142.5,506212.0
2026-07-15 09:15:00+05:30,142.91,143.92,142.1,143.72,406325.0
2026-07-15 09:20:00+05:30,143.68,144.28,143.32,143.46,384397.0
2026-07-15 09:25:00+05:30,143.43,143.75,143.19,143.2,410160.0
2026-07-15 09:30:00+05:30,143.19,143.48,143.03,143.29,221677.0
2026-07-15 09:35:00+05:30,143.26,143.72,143.21,143.72,116446.0
2026-07-15 09:40:00+05:30,143.65,144.35,143.65,144.1,200693.0
2026-07-15 09:45:00+05:30,144.03,144.25,143.85,143.89,688554.0
2026-07-15 09:50:00+05:30,144.0,144.25,143.94,144.02,165374.0
2026-07-15 09:55:00+05:30,144.0,144.02,143.26,143.47,253358.0
2026-07-15 10:00:00+05:30,143.47,143.53,142.58,142.61,218209.0
2026-07-15 10:05:00+05:30,142.6,142.74,142.52,142.58,63049.0
2026-07-15 10:10:00+05:30,142.54,142.8,142.53,142.71,154958.0
2026-07-15 10:15:00+05:30,142.66,142.77,142.34,142.5,151976.0
2026-07-15 10:20:00+05:30,142.46,142.5,142.21,142.3,94954.0
2026-07-15 10:25:00+05:30,142.26,142.42,142.05,142.22,227237.0
2026-07-15 10:30:00+05:30,142.22,142.5,142.1,142.34,294842.0
2026-07-15 10:35:00+05:30,142.33,142.48,142.25,142.27,107786.0
2026-07-15 10:40:00+05:30,142.28,142.4,142.17,142.3,97901.0
2026-07-15 10:45:00+05:30,142.29,142.34,142.15,142.23,116660.0
2026-07-15 10:50:00+05:30,142.18,142.5,142.15,142.33,239998.0
2026-07-15 10:55:00+05:30,142.26,142.32,141.86,142.1,208351.0
2026-07-15 11:00:00+05:30,142.05,142.13,141.88,142.03,1133888.0
2026-07-15 11:05:00+05:30,142.0,142.23,141.65,141.94,292900.0
2026-07-15 11:10:00+05:30,141.96,142.06,141.85,141.99,89405.0
2026-07-15 11:15:00+05:30,141.92,142.0,141.9,141.92,71201.0
2026-07-15 11:20:00+05:30,141.9,141.95,141.83,141.9,51457.0
2026-07-15 11:25:00+05:30,141.86,141.9,141.75,141.77,72829.0
2026-07-15 11:30:00+05:30,141.77,142.24,141.7,142.08,633249.0
2026-07-15 11:35:00+05:30,142.01,142.33,142.01,142.16,85817.0
2026-07-15 11:40:00+05:30,142.14,142.35,142.1,142.13,103209.0
2026-07-15 11:45:00+05:30,142.13,142.29,142.13,142.19,113191.0
2026-07-15 11:50:00+05:30,142.19,142.31,142.06,142.15,107756.0
2026-07-15 11:55:00+05:30,142.16,142.79,142.15,142.61,205069.0
2026-07-15 12:00:00+05:30,142.59,142.69,142.45,142.53,56853.0
2026-07-15 12:05:00+05:30,142.5,142.5,142.23,142.31,40406.0
2026-07-15 12:10:00+05:30,142.26,142.34,142.2,142.31,34405.0
2026-07-15 12:15:00+05:30,142.31,142.34,142.19,142.23,31866.0
2026-07-15 12:20:00+05:30,142.23,142.28,142.1,142.16,48325.0
2026-07-15 12:25:00+05:30,142.1,142.19,141.92,141.98,136113.0
2026-07-15 12:30:00+05:30,141.98,142.34,141.95,142.2,209876.0
2026-07-15 12:35:00+05:30,142.2,142.2,142.0,142.04,44913.0
2026-07-15 12:40:00+05:30,142.0,142.41,141.92,142.32,185828.0
2026-07-15 12:45:00+05:30,142.25,142.39,142.15,142.27,97418.0
2026-07-15 12:50:00+05:30,142.24,142.29,142.1,142.16,69562.0
2026-07-15 12:55:00+05:30,142.1,142.13,141.65,141.93,165639.0
2026-07-15 13:00:00+05:30,141.91,142.17,141.81,142.11,93227.0
2026-07-15 13:05:00+05:30,142.1,142.1,141.79,141.88,84638.0
2026-07-15 13:10:00+05:30,141.87,142.27,141.8,142.09,584592.0
2026-07-15 13:15:00+05:30,142.06,142.21,142.0,142.1,87216.0
2026-07-15 13:20:00+05:30,142.1,142.18,142.0,142.1,77214.0
2026-07-15 13:25:00+05:30,142.1,142.16,141.95,142.07,68714.0
2026-07-15 13:30:00+05:30,142.03,142.11,141.96,142.06,52088.0
2026-07-15 13:35:00+05:30,142.03,142.13,141.95,141.99,57317.0
2026-07-15 13:40:00+05:30,141.98,142.02,141.88,141.97,31607.0
2026-07-15 13:45:00+05:30,141.95,142.22,141.92,142.09,82969.0
2026-07-15 13:50:00+05:30,142.05,142.09,141.97,142.08,45594.0
2026-07-15 13:55:00+05:30,142.08,142.08,141.86,141.95,104136.0
2026-07-15 14:00:00+05:30,141.89,142.08,141.87,142.05,50341.0
2026-07-15 14:05:00+05:30,142.04,142.05,141.88,142.0,108611.0
2026-07-15 14:10:00+05:30,141.99,142.19,141.97,142.08,288932.0
2026-07-15 14:15:00+05:30,142.04,142.14,142.02,142.1,66875.0
2026-07-15 14:20:00+05:30,142.1,142.15,141.91,141.97,72521.0
2026-07-15 14:25:00+05:30,141.92,142.06,141.85,142.02,104258.0
2026-07-15 14:30:00+05:30,141.97,142.02,141.9,141.97,43065.0
2026-07-15 14:35:00+05:30,141.92,142.06,141.91,142.04,58137.0
2026-07-15 14:40:00+05:30,141.98,142.09,141.81,141.93,152523.0
2026-07-15 14:45:00+05:30,141.93,142.16,141.9,142.0,143381.0
2026-07-15 14:50:00+05:30,141.99,142.09,141.89,141.99,187716.0
2026-07-15 14:55:00+05:30,141.87,142.08,141.85,142.01,574893.0
2026-07-15 15:00:00+05:30,142.01,142.13,141.91,142.09,480188.0
2026-07-15 15:05:00+05:30,142.04,142.2,142.04,142.15,186926.0
2026-07-15 15:10:00+05:30,142.17,142.21,142.02,142.11,266525.0
2026-07-15 15:15:00+05:30,142.1,142.21,142.01,142.08,313612.0
2026-07-15 15:20:00+05:30,142.11,142.33,142.09,142.24,370450.0
2026-07-15 15:25:00+05:30,142.21,142.37,141.62,141.62,401709.0
2026-07-16 09:15:00+05:30,142.5,143.18,142.11,142.93,241981.0
2026-07-16 09:20:00+05:30,142.94,143.44,142.77,143.0,222601.0
2026-07-16 09:25:00+05:30,143.0,143.39,142.88,143.04,140488.0
2026-07-16 09:30:00+05:30,143.04,143.1,142.41,142.49,101257.0
2026-07-16 09:35:00+05:30,142.59,142.83,142.44,142.8,88049.0
2026-07-16 09:40:00+05:30,142.78,143.09,142.75,142.89,125236.0
2026-07-16 09:45:00+05:30,142.88,143.09,142.77,142.85,62829.0
2026-07-16 09:50:00+05:30,142.91,143.6,142.82,143.34,502608.0
2026-07-16 09:55:00+05:30,143.3,143.34,142.76,142.8,240345.0
2026-07-16 10:00:00+05:30,142.79,143.09,142.7,143.04,249747.0
2026-07-16 10:05:00+05:30,143.03,143.49,143.02,143.32,174048.0
2026-07-16 10:10:00+05:30,143.39,143.42,143.17,143.32,47493.0
2026-07-16 10:15:00+05:30,143.3,143.58,143.29,143.5,60167.0
2026-07-16 10:20:00+05:30,143.48,143.53,143.36,143.45,54117.0
2026-07-16 10:25:00+05:30,143.45,143.68,143.26,143.57,156205.0
2026-07-16 10:30:00+05:30,143.53,143.8,143.47,143.63,145979.0
2026-07-16 10:35:00+05:30,143.63,143.73,143.43,143.43,58628.0
2026-07-16 10:40:00+05:30,143.45,143.59,142.88,143.31,484188.0
2026-07-16 10:45:00+05:30,143.32,143.99,143.31,143.85,212129.0
2026-07-16 10:50:00+05:30,143.86,144.14,143.78,143.9,372953.0
2026-07-16 10:55:00+05:30,143.89,144.18,143.81,144.15,604873.0
2026-07-16 11:00:00+05:30,144.19,144.48,144.12,144.28,189591.0
2026-07-16 11:05:00+05:30,144.26,144.3,144.03,144.13,68822.0
2026-07-16 11:10:00+05:30,144.13,144.29,144.06,144.21,95864.0
2026-07-16 11:15:00+05:30,144.25,144.3,144.12,144.2,34002.0
2026-07-16 11:20:00+05:30,144.16,144.35,144.09,144.3,60139.0
2026-07-16 11:25:00+05:30,144.29,144.3,143.82,143.9,129718.0
2026-07-16 11:30:00+05:30,143.86,143.9,143.78,143.8,79231.0
2026-07-16 11:35:00+05:30,143.77,143.9,143.67,143.77,458963.0
2026-07-16 11:40:00+05:30,143.77,143.84,143.53,143.63,89771.0
2026-07-16 11:45:00+05:30,143.6,143.77,143.57,143.68,64882.0
2026-07-16 11:50:00+05:30,143.67,143.67,143.3,143.56,134098.0
2026-07-16 11:55:00+05:30,143.5,144.07,143.45,143.79,1798462.0
2026-07-16 12:00:00+05:30,143.83,144.06,143.15,143.24,4207640.0
2026-07-16 12:05:00+05:30,143.25,143.35,143.01,143.33,94142.0
2026-07-16 12:10:00+05:30,143.29,143.35,143.11,143.18,46848.0
2026-07-16 12:15:00+05:30,143.17,143.29,143.11,143.28,43575.0
2026-07-16 12:20:00+05:30,143.24,143.27,142.9,143.0,131085.0
2026-07-16 12:25:00+05:30,142.99,143.2,142.99,143.12,84174.0
2026-07-16 12:30:00+05:30,143.09,143.23,143.02,143.1,59210.0
2026-07-16 12:35:00+05:30,143.08,143.08,142.9,143.0,550444.0
2026-07-16 12:40:00+05:30,142.99,143.03,142.85,142.94,168730.0
2026-07-16 12:45:00+05:30,142.93,143.0,142.88,142.95,35298.0
2026-07-16 12:50:00+05:30,142.96,143.03,142.88,143.02,140355.0
2026-07-16 12:55:00+05:30,143.01,143.18,142.95,143.01,883967.0
2026-07-16 13:00:00+05:30,143.02,143.22,142.97,143.22,115871.0
2026-07-16 13:05:00+05:30,143.21,143.24,143.16,143.19,31221.0
2026-07-16 13:10:00+05:30,143.19,143.98,143.09,143.89,382137.0
2026-07-16 13:15:00+05:30,143.92,144.03,143.85,143.95,112829.0
2026-07-16 13:20:00+05:30,143.92,144.38,143.9,144.3,119899.0
2026-07-16 13:25:00+05:30,144.37,144.38,144.04,144.22,225312.0
2026-07-16 13:30:00+05:30,144.23,144.3,143.82,143.91,107276.0
2026-07-16 13:35:00+05:30,143.87,143.91,143.67,143.78,62360.0
2026-07-16 13:40:00+05:30,143.77,143.81,143.57,143.71,123339.0
2026-07-16 13:45:00+05:30,143.7,143.75,143.6,143.62,50120.0
2026-07-16 13:50:00+05:30,143.62,144.32,143.57,144.29,889812.0
2026-07-16 13:55:00+05:30,144.28,144.98,144.22,144.72,1368606.0
2026-07-16 14:00:00+05:30,144.73,145.5,144.6,145.04,1098866.0
2026-07-16 14:05:00+05:30,144.93,144.97,144.43,144.5,397841.0
2026-07-16 14:10:00+05:30,144.5,145.15,144.47,145.0,548041.0
2026-07-16 14:15:00+05:30,145.0,145.23,144.75,144.86,530979.0
2026-07-16 14:20:00+05:30,144.77,144.87,144.39,144.49,359386.0
2026-07-16 14:25:00+05:30,144.47,144.75,144.41,144.5,352158.0
2026-07-16 14:30:00+05:30,144.5,144.54,144.15,144.3,205345.0
2026-07-16 14:35:00+05:30,144.26,144.3,144.03,144.13,147464.0
2026-07-16 14:40:00+05:30,144.11,144.24,144.01,144.23,107446.0
2026-07-16 14:45:00+05:30,144.23,144.24,144.07,144.11,103440.0
2026-07-16 14:50:00+05:30,144.08,144.3,144.08,144.3,94986.0
2026-07-16 14:55:00+05:30,144.19,144.26,143.95,143.99,161317.0
2026-07-16 15:00:00+05:30,143.95,144.12,143.91,143.97,601926.0
2026-07-16 15:05:00+05:30,143.96,144.07,143.9,143.93,390926.0
2026-07-16 15:10:00+05:30,143.96,144.08,143.9,143.99,717868.0
2026-07-16 15:15:00+05:30,143.99,143.99,143.47,143.62,2992297.0
2026-07-16 15:20:00+05:30,143.66,143.78,143.0,143.36,2332005.0
2026-07-16 15:25:00+05:30,143.3,143.7,143.21,143.7,478644.0
2026-07-17 09:15:00+05:30,143.01,143.93,143.01,143.68,256174.0
2026-07-17 09:20:00+05:30,143.55,144.14,143.41,143.47,161717.0
2026-07-17 09:25:00+05:30,143.47,144.5,143.47,144.49,169142.0
2026-07-17 09:30:00+05:30,144.41,145.0,144.41,144.78,224774.0
2026-07-17 09:35:00+05:30,144.77,144.9,144.09,144.26,166634.0
2026-07-17 09:40:00+05:30,144.2,144.45,144.16,144.3,38273.0
2026-07-17 09:45:00+05:30,144.3,144.89,144.27,144.81,94831.0
2026-07-17 09:50:00+05:30,144.85,144.85,144.52,144.66,58433.0
2026-07-17 09:55:00+05:30,144.59,144.67,144.31,144.59,52683.0
2026-07-17 10:00:00+05:30,144.55,144.62,143.4,143.53,400715.0
2026-07-17 10:05:00+05:30,143.57,144.05,143.51,143.95,85815.0
2026-07-17 10:10:00+05:30,144.0,144.14,143.83,144.04,100415.0
2026-07-17 10:15:00+05:30,143.98,144.12,143.94,144.1,28577.0
2026-07-17 10:20:00+05:30,144.07,144.12,144.0,144.12,27936.0
2026-07-17 10:25:00+05:30,144.07,144.47,144.02,144.47,59280.0
2026-07-17 10:30:00+05:30,144.46,144.96,144.42,144.44,283323.0
2026-07-17 10:35:00+05:30,144.5,144.5,144.05,144.12,152099.0
2026-07-17 10:40:00+05:30,144.12,144.18,143.83,143.98,136513.0
2026-07-17 10:45:00+05:30,143.98,144.0,143.65,143.7,69187.0
2026-07-17 10:50:00+05:30,143.7,143.81,143.66,143.76,59951.0
2026-07-17 10:55:00+05:30,143.73,143.8,143.52,143.57,55875.0
2026-07-17 11:00:00+05:30,143.57,143.92,143.57,143.78,59887.0
2026-07-17 11:05:00+05:30,143.78,143.89,143.61,143.84,61356.0
2026-07-17 11:10:00+05:30,143.81,143.94,143.67,143.94,64492.0
2026-07-17 11:15:00+05:30,143.92,143.92,143.78,143.82,33112.0
2026-07-17 11:20:00+05:30,143.81,143.86,143.72,143.8,42225.0
2026-07-17 11:25:00+05:30,143.77,143.98,143.77,143.84,33807.0
2026-07-17 11:30:00+05:30,143.82,143.88,143.62,143.75,42506.0
2026-07-17 11:35:00+05:30,143.75,143.88,143.74,143.86,32160.0
2026-07-17 11:40:00+05:30,143.86,144.03,143.82,143.93,56576.0
2026-07-17 11:45:00+05:30,143.85,143.98,143.76,143.87,32504.0
2026-07-17 11:50:00+05:30,143.9,144.0,143.81,143.81,83100.0
2026-07-17 11:55:00+05:30,143.87,143.93,143.7,143.71,35180.0
2026-07-17 12:00:00+05:30,143.71,143.71,143.5,143.57,81688.0
2026-07-17 12:05:00+05:30,143.45,143.66,143.4,143.62,86665.0
2026-07-17 12:10:00+05:30,143.62,143.75,143.62,143.75,37088.0
2026-07-17 12:15:00+05:30,143.72,143.76,143.65,143.67,30595.0
2026-07-17 12:20:00+05:30,143.67,143.79,143.61,143.68,35317.0
2026-07-17 12:25:00+05:30,143.67,143.78,143.59,143.71,46197.0
2026-07-17 12:30:00+05:30,143.65,143.79,143.4,143.77,212850.0
2026-07-17 12:35:00+05:30,143.77,143.92,143.71,143.91,52744.0
2026-07-17 12:40:00+05:30,143.91,143.94,143.77,143.85,44528.0
2026-07-17 12:45:00+05:30,143.85,143.92,143.71,143.88,64578.0
2026-07-17 12:50:00+05:30,143.88,144.3,143.82,144.29,151614.0
2026-07-17 12:55:00+05:30,144.3,145.08,144.21,145.06,579012.0
2026-07-17 13:00:00+05:30,145.02,145.24,145.02,145.18,151122.0
2026-07-17 13:05:00+05:30,145.18,145.43,145.17,145.27,136964.0
2026-07-17 13:10:00+05:30,145.27,145.27,145.1,145.19,83154.0
2026-07-17 13:15:00+05:30,145.19,145.3,145.1,145.26,122878.0
2026-07-17 13:20:00+05:30,145.26,145.29,145.1,145.2,120058.0
2026-07-17 13:25:00+05:30,145.2,145.24,144.86,144.86,120186.0
2026-07-17 13:30:00+05:30,144.9,145.1,144.76,145.1,98399.0
2026-07-17 13:35:00+05:30,145.1,145.22,145.07,145.17,92030.0
2026-07-17 13:40:00+05:30,145.15,145.17,144.78,144.85,75394.0
2026-07-17 13:45:00+05:30,144.85,144.95,144.74,144.91,111637.0
2026-07-17 13:50:00+05:30,144.91,144.91,144.71,144.8,51204.0
2026-07-17 13:55:00+05:30,144.8,144.9,144.77,144.89,43316.0
2026-07-17 14:00:00+05:30,144.89,144.97,144.78,144.94,44553.0
2026-07-17 14:05:00+05:30,144.94,144.98,144.82,144.85,58323.0
2026-07-17 14:10:00+05:30,144.85,145.24,144.77,145.24,156803.0
2026-07-17 14:15:00+05:30,145.24,145.69,145.23,145.35,318359.0
2026-07-17 14:20:00+05:30,145.33,145.43,145.16,145.29,177238.0
2026-07-17 14:25:00+05:30,145.29,145.38,145.19,145.2,147026.0
2026-07-17 14:30:00+05:30,145.2,145.32,145.07,145.17,128207.0
2026-07-17 14:35:00+05:30,145.22,145.35,145.15,145.27,136382.0
2026-07-17 14:40:00+05:30,145.28,145.48,145.27,145.45,134291.0
2026-07-17 14:45:00+05:30,145.46,145.67,145.35,145.64,150261.0
2026-07-17 14:50:00+05:30,145.64,145.83,145.5,145.68,288779.0
2026-07-17 14:55:00+05:30,145.68,145.84,145.68,145.74,190481.0
2026-07-17 15:00:00+05:30,145.73,145.79,145.27,145.31,217843.0
2026-07-17 15:05:00+05:30,145.36,145.37,144.96,145.0,466661.0
2026-07-17 15:10:00+05:30,145.03,145.03,144.75,144.82,148689.0
2026-07-17 15:15:00+05:30,144.82,144.89,143.99,144.0,1766825.0
2026-07-17 15:20:00+05:30,144.0,144.35,143.49,143.58,3818348.0
2026-07-17 15:25:00+05:30,143.58,144.56,143.57,144.44,449306.0
2026-07-20 09:15:00+05:30,144.0,144.04,143.11,143.58,183776.0
2026-07-20 09:20:00+05:30,143.58,143.84,143.4,143.68,117184.0
2026-07-20 09:25:00+05:30,143.64,143.78,142.75,142.91,266853.0
2026-07-20 09:30:00+05:30,142.89,142.98,142.53,142.86,89184.0
2026-07-20 09:35:00+05:30,142.93,142.98,142.8,142.86,55560.0
2026-07-20 09:40:00+05:30,142.8,142.89,142.6,142.77,52621.0
2026-07-20 09:45:00+05:30,142.84,143.05,142.77,142.95,42248.0
2026-07-20 09:50:00+05:30,143.0,143.03,142.73,142.73,49643.0
2026-07-20 09:55:00+05:30,142.77,142.77,142.4,142.6,77958.0
2026-07-20 10:00:00+05:30,142.63,142.79,142.51,142.51,48086.0
2026-07-20 10:05:00+05:30,142.55,142.57,142.31,142.53,135993.0
2026-07-20 10:10:00+05:30,142.54,142.63,142.51,142.52,40359.0
2026-07-20 10:15:00+05:30,142.53,142.95,142.52,142.79,57660.0
2026-07-20 10:20:00+05:30,142.87,143.0,142.76,142.85,101179.0
2026-07-20 10:25:00+05:30,142.86,142.99,142.8,142.94,65775.0
2026-07-20 10:30:00+05:30,142.94,142.98,142.7,142.71,88213.0
2026-07-20 10:35:00+05:30,142.72,142.99,142.62,142.87,76389.0
2026-07-20 10:40:00+05:30,142.93,142.96,142.71,142.73,73922.0
2026-07-20 10:45:00+05:30,142.77,142.79,142.63,142.66,80712.0
2026-07-20 10:50:00+05:30,142.66,142.7,142.57,142.63,62770.0
2026-07-20 10:55:00+05:30,142.63,142.75,142.51,142.55,182233.0
2026-07-20 11:00:00+05:30,142.6,142.6,142.36,142.44,177912.0
2026-07-20 11:05:00+05:30,142.44,142.51,142.38,142.4,48926.0
2026-07-20 11:10:00+05:30,142.4,142.4,142.25,142.25,107715.0
2026-07-20 11:15:00+05:30,142.26,142.37,142.25,142.3,69358.0
2026-07-20 11:20:00+05:30,142.31,142.35,142.13,142.18,113276.0
2026-07-20 11:25:00+05:30,142.23,142.25,142.13,142.18,62394.0
2026-07-20 11:30:00+05:30,142.18,142.36,142.13,142.22,62089.0
2026-07-20 11:35:00+05:30,142.21,142.55,142.16,142.43,123664.0
2026-07-20 11:40:00+05:30,142.45,142.6,142.3,142.33,97144.0
2026-07-20 11:45:00+05:30,142.33,142.54,142.14,142.27,66360.0
2026-07-20 11:50:00+05:30,142.27,142.27,142.11,142.15,37161.0
2026-07-20 11:55:00+05:30,142.12,142.42,142.12,142.29,65833.0
2026-07-20 12:00:00+05:30,142.24,142.31,142.19,142.26,53732.0
2026-07-20 12:05:00+05:30,142.26,142.35,142.25,142.3,51671.0
2026-07-20 12:10:00+05:30,142.35,142.51,142.3,142.51,68053.0
2026-07-20 12:15:00+05:30,142.38,142.72,142.35,142.62,91909.0
2026-07-20 12:20:00+05:30,142.62,142.8,142.62,142.67,83227.0
2026-07-20 12:25:00+05:30,142.65,142.99,142.37,142.46,237786.0
2026-07-20 12:30:00+05:30,142.46,142.61,142.38,142.47,52087.0
2026-07-20 12:35:00+05:30,142.48,142.48,142.35,142.45,63525.0
2026-07-20 12:40:00+05:30,142.45,142.61,142.32,142.36,124515.0
2026-07-20 12:45:00+05:30,142.35,142.38,142.19,142.24,84590.0
2026-07-20 12:50:00+05:30,142.26,142.4,142.22,142.34,54445.0
2026-07-20 12:55:00+05:30,142.3,142.44,142.25,142.39,52507.0
2026-07-20 13:00:00+05:30,142.37,142.49,142.28,142.44,69905.0
2026-07-20 13:05:00+05:30,142.44,142.47,142.31,142.47,75048.0
2026-07-20 13:10:00+05:30,142.47,142.82,142.44,142.82,119816.0
2026-07-20 13:15:00+05:30,142.82,142.95,142.63,142.65,71785.0
2026-07-20 13:20:00+05:30,142.65,142.85,142.58,142.7,108033.0
2026-07-20 13:25:00+05:30,142.7,142.73,142.52,142.57,176064.0
2026-07-20 13:30:00+05:30,142.54,142.75,142.54,142.66,72623.0
2026-07-20 13:35:00+05:30,142.66,142.81,142.66,142.66,40040.0
2026-07-20 13:40:00+05:30,142.71,142.85,142.65,142.76,73568.0
2026-07-20 13:45:00+05:30,142.76,143.08,142.74,142.88,340125.0
2026-07-20 13:50:00+05:30,142.91,143.2,142.84,143.08,529842.0
2026-07-20 13:55:00+05:30,143.11,143.26,143.08,143.2,90416.0
2026-07-20 14:00:00+05:30,143.2,143.24,143.08,143.15,86604.0
2026-07-20 14:05:00+05:30,143.15,143.25,143.06,143.14,105114.0
2026-07-20 14:10:00+05:30,143.09,143.31,143.06,143.15,133090.0
2026-07-20 14:15:00+05:30,143.17,143.38,143.1,143.36,190657.0
2026-07-20 14:20:00+05:30,143.37,143.55,143.34,143.35,106925.0
2026-07-20 14:25:00+05:30,143.35,143.61,143.35,143.39,164179.0
2026-07-20 14:30:00+05:30,143.38,143.39,143.25,143.3,55120.0
2026-07-20 14:35:00+05:30,143.29,143.37,143.15,143.15,107227.0
2026-07-20 14:40:00+05:30,143.15,143.28,143.14,143.15,55778.0
2026-07-20 14:45:00+05:30,143.15,143.38,143.14,143.35,80567.0
2026-07-20 14:50:00+05:30,143.35,143.37,143.21,143.32,81785.0
2026-07-20 14:55:00+05:30,143.4,143.45,143.25,143.31,198090.0
2026-07-20 15:00:00+05:30,143.42,143.59,143.34,143.44,246696.0
2026-07-20 15:05:00+05:30,143.48,143.56,143.41,143.46,221307.0
2026-07-20 15:10:00+05:30,143.51,143.59,143.4,143.5,220077.0
2026-07-20 15:15:00+05:30,143.53,143.57,143.05,143.26,1329927.0
2026-07-20 15:20:00+05:30,143.27,143.5,143.23,143.5,408703.0
2026-07-20 15:25:00+05:30,143.5,143.51,143.34,143.35,330023.0
2026-07-21 09:15:00+05:30,143.5,145.14,143.36,144.92,623740.0
2026-07-21 09:20:00+05:30,144.96,145.24,144.75,144.9,239478.0
2026-07-21 09:25:00+05:30,144.9,144.95,144.6,144.94,82631.0
2026-07-21 09:30:00+05:30,144.97,144.99,144.31,144.44,190406.0
2026-07-21 09:35:00+05:30,144.44,144.77,144.27,144.72,81068.0
2026-07-21 09:40:00+05:30,144.69,144.74,144.4,144.45,66999.0
2026-07-21 09:45:00+05:30,144.5,144.5,144.3,144.49,62319.0
2026-07-21 09:50:00+05:30,144.49,144.5,144.29,144.3,82660.0
2026-07-21 09:55:00+05:30,144.35,144.36,143.83,143.94,124765.0
2026-07-21 10:00:00+05:30,143.9,143.99,143.72,143.79,102486.0
2026-07-21 10:05:00+05:30,143.73,143.85,143.7,143.8,62168.0
2026-07-21 10:10:00+05:30,143.76,143.81,143.5,143.51,106606.0
2026-07-21 10:15:00+05:30,143.55,143.55,143.4,143.55,92939.0
2026-07-21 10:20:00+05:30,143.55,143.59,143.42,143.5,40054.0
2026-07-21 10:25:00+05:30,143.51,143.59,143.25,143.5,108479.0
2026-07-21 10:30:00+05:30,143.5,143.55,143.17,143.18,66685.0
2026-07-21 10:35:00+05:30,143.17,143.43,143.17,143.27,37469.0
2026-07-21 10:40:00+05:30,143.32,143.92,143.27,143.82,119846.0
2026-07-21 10:45:00+05:30,143.75,144.25,143.71,144.15,101763.0
2026-07-21 10:50:00+05:30,144.15,144.15,143.56,143.64,99196.0
2026-07-21 10:55:00+05:30,143.63,143.8,143.57,143.57,132096.0
2026-07-21 11:00:00+05:30,143.61,143.65,143.42,143.54,50124.0
2026-07-21 11:05:00+05:30,143.59,143.73,143.57,143.62,13323.0
2026-07-21 11:10:00+05:30,143.64,143.67,143.55,143.6,24224.0
2026-07-21 11:15:00+05:30,143.56,143.65,143.42,143.57,27846.0
2026-07-21 11:20:00+05:30,143.57,144.53,143.57,144.34,318106.0
2026-07-21 11:25:00+05:30,144.39,144.95,144.38,144.89,283798.0
2026-07-21 11:30:00+05:30,144.89,144.89,144.7,144.87,123292.0
2026-07-21 11:35:00+05:30,144.86,144.88,144.65,144.7,73789.0
2026-07-21 11:40:00+05:30,144.64,144.79,144.6,144.65,54392.0
2026-07-21 11:45:00+05:30,144.64,145.06,144.6,144.9,686815.0
2026-07-21 11:50:00+05:30,144.89,144.9,144.69,144.83,91828.0
2026-07-21 11:55:00+05:30,144.83,144.96,144.8,144.87,53979.0
2026-07-21 12:00:00+05:30,144.87,145.05,144.87,145.02,123851.0
2026-07-21 12:05:00+05:30,145.03,145.05,144.85,144.92,43206.0
2026-07-21 12:10:00+05:30,144.92,144.97,144.86,144.94,24863.0
2026-07-21 12:15:00+05:30,144.94,144.95,144.81,144.9,33005.0
2026-07-21 12:20:00+05:30,144.89,145.08,144.86,144.97,124213.0
2026-07-21 12:25:00+05:30,144.96,145.01,144.86,144.97,34014.0
2026-07-21 12:30:00+05:30,144.96,145.0,144.89,144.98,23871.0
2026-07-21 12:35:00+05:30,144.98,145.05,144.87,144.98,125688.0
2026-07-21 12:40:00+05:30,144.96,145.0,144.77,144.89,60945.0
2026-07-21 12:45:00+05:30,144.84,144.99,144.51,144.56,121333.0
2026-07-21 12:50:00+05:30,144.56,144.6,144.24,144.31,173985.0
2026-07-21 12:55:00+05:30,144.31,144.35,144.04,144.1,148917.0
2026-07-21 13:00:00+05:30,144.06,144.27,144.0,144.24,100292.0
2026-07-21 13:05:00+05:30,144.22,144.24,144.09,144.24,33039.0
2026-07-21 13:10:00+05:30,144.24,144.32,144.12,144.18,33267.0
2026-07-21 13:15:00+05:30,144.18,144.18,144.05,144.13,32319.0
2026-07-21 13:20:00+05:30,144.12,144.41,144.11,144.33,49197.0
2026-07-21 13:25:00+05:30,144.3,144.38,144.25,144.3,30579.0
2026-07-21 13:30:00+05:30,144.3,144.44,144.25,144.43,44742.0
2026-07-21 13:35:00+05:30,144.43,145.03,144.4,145.0,670144.0
2026-07-21 13:40:00+05:30,145.0,145.02,144.6,145.0,326407.0
2026-07-21 13:45:00+05:30,144.95,145.13,144.9,145.0,149408.0
2026-07-21 13:50:00+05:30,145.0,145.07,144.98,144.99,65219.0
2026-07-21 13:55:00+05:30,145.01,145.1,144.93,145.03,110497.0
2026-07-21 14:00:00+05:30,145.05,145.2,145.04,145.04,114252.0
2026-07-21 14:05:00+05:30,145.04,145.28,144.95,145.23,107010.0
2026-07-21 14:10:00+05:30,145.23,145.45,145.0,145.28,183903.0
2026-07-21 14:15:00+05:30,145.26,145.45,145.25,145.32,131097.0
2026-07-21 14:20:00+05:30,145.33,145.38,145.16,145.35,170405.0
2026-07-21 14:25:00+05:30,145.35,145.59,145.17,145.59,278939.0
2026-07-21 14:30:00+05:30,145.49,145.53,144.98,145.06,254950.0
2026-07-21 14:35:00+05:30,145.08,145.15,145.01,145.09,105024.0
2026-07-21 14:40:00+05:30,145.12,145.2,145.04,145.16,105898.0
2026-07-21 14:45:00+05:30,145.17,145.2,145.1,145.16,90722.0
2026-07-21 14:50:00+05:30,145.17,145.18,145.08,145.11,110690.0
2026-07-21 14:55:00+05:30,145.13,145.2,145.08,145.12,98915.0
2026-07-21 15:00:00+05:30,145.12,145.19,145.08,145.08,213214.0
2026-07-21 15:05:00+05:30,145.09,145.12,145.01,145.09,219025.0
2026-07-21 15:10:00+05:30,145.1,145.12,145.06,145.11,229127.0
2026-07-21 15:15:00+05:30,145.11,145.13,145.01,145.11,302615.0
2026-07-21 15:20:00+05:30,145.11,145.45,145.1,145.43,445584.0
2026-07-21 15:25:00+05:30,145.43,145.8,145.42,145.7,369730.0
2026-07-22 09:15:00+05:30,145.0,147.1,145.0,146.34,595590.0
2026-07-22 09:20:00+05:30,146.3,147.17,146.29,146.84,364044.0
2026-07-22 09:25:00+05:30,146.84,147.2,146.72,146.8,443063.0
2026-07-22 09:30:00+05:30,146.79,147.03,146.51,146.9,456726.0
2026-07-22 09:35:00+05:30,146.88,147.19,146.65,146.67,514884.0
2026-07-22 09:40:00+05:30,146.7,146.9,146.47,146.8,396560.0
2026-07-22 09:45:00+05:30,146.8,146.9,145.85,146.27,387499.0
2026-07-22 09:50:00+05:30,146.25,146.46,146.09,146.15,184431.0
2026-07-22 09:55:00+05:30,146.18,146.25,146.01,146.22,154802.0
2026-07-22 10:00:00+05:30,146.22,146.46,146.15,146.37,156039.0
2026-07-22 10:05:00+05:30,146.44,146.63,146.14,146.48,247459.0
2026-07-22 10:10:00+05:30,146.48,146.99,146.43,146.84,376088.0
2026-07-22 10:15:00+05:30,146.84,147.15,146.72,146.88,381818.0
2026-07-22 10:20:00+05:30,146.79,147.13,146.67,146.81,293057.0
2026-07-22 10:25:00+05:30,146.81,146.81,146.03,146.42,338895.0
2026-07-22 10:30:00+05:30,146.42,146.54,146.3,146.39,131945.0
2026-07-22 10:35:00+05:30,146.39,146.43,146.0,146.03,364493.0
2026-07-22 10:40:00+05:30,145.99,146.18,145.95,146.18,154029.0
2026-07-22 10:45:00+05:30,146.13,146.3,146.13,146.3,146233.0
2026-07-22 10:50:00+05:30,146.37,146.5,146.26,146.48,96408.0
2026-07-22 10:55:00+05:30,146.46,146.92,146.46,146.74,236781.0
2026-07-22 11:00:00+05:30,146.75,146.75,146.35,146.35,113612.0
2026-07-22 11:05:00+05:30,146.36,146.45,146.0,146.25,175499.0
2026-07-22 11:10:00+05:30,146.25,146.69,145.9,146.64,185801.0
2026-07-22 11:15:00+05:30,146.64,146.89,146.62,146.8,220477.0
2026-07-22 11:20:00+05:30,146.77,146.9,146.55,146.75,126282.0
2026-07-22 11:25:00+05:30,146.73,147.0,146.7,146.98,173079.0
2026-07-22 11:30:00+05:30,146.97,147.6,146.92,147.47,505750.0
2026-07-22 11:35:00+05:30,147.45,147.6,147.39,147.44,239765.0
2026-07-22 11:40:00+05:30,147.42,147.48,147.34,147.35,149016.0
2026-07-22 11:45:00+05:30,147.35,147.5,147.35,147.39,104155.0
2026-07-22 11:50:00+05:30,147.41,147.43,147.24,147.34,102984.0
2026-07-22 11:55:00+05:30,147.32,147.41,147.21,147.25,152209.0
2026-07-22 12:00:00+05:30,147.29,147.34,147.02,147.2,133445.0
2026-07-22 12:05:00+05:30,147.2,147.22,147.11,147.13,69573.0
2026-07-22 12:10:00+05:30,147.12,147.15,146.77,146.9,713347.0
2026-07-22 12:15:00+05:30,146.97,146.97,146.2,146.27,298501.0
2026-07-22 12:20:00+05:30,146.2,146.36,146.06,146.3,164662.0
2026-07-22 12:25:00+05:30,146.34,146.35,145.82,145.99,285317.0
2026-07-22 12:30:00+05:30,145.96,146.05,145.7,145.92,177917.0
2026-07-22 12:35:00+05:30,145.97,145.98,145.52,145.57,108480.0
2026-07-22 12:40:00+05:30,145.57,145.6,145.32,145.48,158860.0
2026-07-22 12:45:00+05:30,145.47,145.58,145.3,145.41,100515.0
2026-07-22 12:50:00+05:30,145.43,145.57,145.27,145.35,107500.0
2026-07-22 12:55:00+05:30,145.35,145.45,145.0,145.4,196545.0
2026-07-22 13:00:00+05:30,145.37,145.6,145.2,145.23,97165.0
2026-07-22 13:05:00+05:30,145.23,145.29,145.09,145.09,65739.0
2026-07-22 13:10:00+05:30,145.17,145.25,145.0,145.06,91085.0
2026-07-22 13:15:00+05:30,145.05,145.1,144.72,144.94,169976.0
2026-07-22 13:20:00+05:30,144.91,144.95,144.75,144.86,53245.0
2026-07-22 13:25:00+05:30,144.83,144.85,144.66,144.81,85082.0
2026-07-22 13:30:00+05:30,144.82,145.0,144.66,145.0,122849.0
2026-07-22 13:35:00+05:30,144.99,145.26,144.99,145.18,50542.0
2026-07-22 13:40:00+05:30,145.17,145.18,144.95,145.06,72494.0
2026-07-22 13:45:00+05:30,145.05,145.1,144.87,144.93,43679.0
2026-07-22 13:50:00+05:30,144.92,145.13,144.85,145.09,60803.0
2026-07-22 13:55:00+05:30,145.03,145.22,144.95,145.01,60359.0
2026-07-22 14:00:00+05:30,145.04,145.11,144.8,144.9,90720.0
2026-07-22 14:05:00+05:30,144.9,144.95,144.72,144.83,66419.0
2026-07-22 14:10:00+05:30,144.83,144.86,144.43,144.64,105718.0
2026-07-22 14:15:00+05:30,144.62,144.73,144.55,144.71,50259.0
2026-07-22 14:20:00+05:30,144.71,144.79,144.65,144.77,43745.0
2026-07-22 14:25:00+05:30,144.77,144.77,144.29,144.31,92107.0
2026-07-22 14:30:00+05:30,144.39,144.47,143.6,143.99,603646.0
2026-07-22 14:35:00+05:30,143.99,144.0,143.85,143.91,117205.0
2026-07-22 14:40:00+05:30,143.9,143.95,143.7,143.9,130837.0
2026-07-22 14:45:00+05:30,143.93,143.96,143.75,143.84,82489.0
2026-07-22 14:50:00+05:30,143.84,144.0,143.76,143.86,114305.0
2026-07-22 14:55:00+05:30,143.85,143.97,143.8,143.91,77960.0
2026-07-22 15:00:00+05:30,143.93,144.0,143.44,143.44,232024.0
2026-07-22 15:05:00+05:30,143.48,143.85,143.42,143.78,249617.0
2026-07-22 15:10:00+05:30,143.81,143.84,143.6,143.78,315019.0
2026-07-22 15:15:00+05:30,143.77,143.82,143.49,143.57,311310.0
2026-07-22 15:20:00+05:30,143.56,143.57,143.32,143.41,446225.0
2026-07-22 15:25:00+05:30,143.4,143.57,143.31,143.55,267428.0
2026-07-23 09:15:00+05:30,142.2,143.72,142.2,143.72,286683.0
2026-07-23 09:20:00+05:30,143.63,144.66,143.63,144.26,281231.0
2026-07-23 09:25:00+05:30,144.29,144.69,144.16,144.55,133010.0
2026-07-23 09:30:00+05:30,144.55,144.65,144.31,144.42,99552.0
2026-07-23 09:35:00+05:30,144.42,144.45,143.85,143.93,100947.0
2026-07-23 09:40:00+05:30,143.84,143.87,143.52,143.58,64374.0
2026-07-23 09:45:00+05:30,143.53,143.65,143.01,143.4,116493.0
2026-07-23 09:50:00+05:30,143.41,143.65,142.6,143.22,598164.0
2026-07-23 09:55:00+05:30,143.22,143.94,142.8,143.94,316940.0
2026-07-23 10:00:00+05:30,143.93,144.4,143.66,144.4,125470.0
2026-07-23 10:05:00+05:30,144.4,144.86,144.23,144.61,195101.0
2026-07-23 10:10:00+05:30,144.55,145.2,144.53,145.1,157132.0
2026-07-23 10:15:00+05:30,145.1,145.53,145.05,145.23,208572.0
2026-07-23 10:20:00+05:30,145.39,145.68,145.25,145.43,188868.0
2026-07-23 10:25:00+05:30,145.36,145.73,145.36,145.55,204265.0
2026-07-23 10:30:00+05:30,145.6,145.6,145.26,145.3,109277.0
2026-07-23 10:35:00+05:30,145.3,146.48,145.3,146.3,293524.0
2026-07-23 10:40:00+05:30,146.36,146.4,146.21,146.24,121952.0
2026-07-23 10:45:00+05:30,146.29,146.58,146.21,146.49,148109.0
2026-07-23 10:50:00+05:30,146.44,146.89,146.35,146.89,156561.0
2026-07-23 10:55:00+05:30,146.9,147.15,146.7,147.13,393087.0
2026-07-23 11:00:00+05:30,147.13,147.38,147.03,147.27,291676.0
2026-07-23 11:05:00+05:30,147.33,147.92,147.24,147.84,499543.0
2026-07-23 11:10:00+05:30,147.84,147.9,147.44,147.88,597092.0
2026-07-23 11:15:00+05:30,147.81,148.19,147.56,147.75,558652.0
2026-07-23 11:20:00+05:30,147.74,147.87,146.69,146.73,804461.0
2026-07-23 11:25:00+05:30,146.78,146.78,146.41,146.53,235833.0
2026-07-23 11:30:00+05:30,146.53,146.65,146.41,146.51,111145.0
2026-07-23 11:35:00+05:30,146.51,146.8,146.4,146.67,173662.0
2026-07-23 11:40:00+05:30,146.65,146.95,146.52,146.89,90479.0
2026-07-23 11:45:00+05:30,146.89,146.89,146.62,146.69,82324.0
2026-07-23 11:50:00+05:30,146.64,146.99,146.61,146.85,109656.0
2026-07-23 11:55:00+05:30,146.8,146.93,146.31,146.42,192900.0
2026-07-23 12:00:00+05:30,146.47,146.79,145.74,145.9,653380.0
2026-07-23 12:05:00+05:30,145.9,146.1,145.8,146.0,132419.0
2026-07-23 12:10:00+05:30,146.0,146.18,146.0,146.01,80357.0
2026-07-23 12:15:00+05:30,146.01,146.07,145.9,146.01,63618.0
2026-07-23 12:20:00+05:30,146.0,146.12,145.74,146.1,144714.0
2026-07-23 12:25:00+05:30,146.08,146.24,145.56,145.64,91204.0
2026-07-23 12:30:00+05:30,145.65,145.7,145.25,145.37,110440.0
2026-07-23 12:35:00+05:30,145.36,145.54,145.25,145.34,224759.0
2026-07-23 12:40:00+05:30,145.39,145.39,144.75,144.79,259071.0
2026-07-23 12:45:00+05:30,144.8,144.97,144.74,144.74,90197.0
2026-07-23 12:50:00+05:30,144.76,145.18,144.67,145.07,119345.0
2026-07-23 12:55:00+05:30,145.09,145.98,145.07,145.6,289940.0
2026-07-23 13:00:00+05:30,145.67,145.69,145.42,145.42,59672.0
2026-07-23 13:05:00+05:30,145.41,145.66,145.31,145.37,62123.0
2026-07-23 13:10:00+05:30,145.37,145.65,145.26,145.56,289317.0
2026-07-23 13:15:00+05:30,145.4,146.07,144.75,145.32,1849331.0
2026-07-23 13:20:00+05:30,145.32,146.0,145.24,145.86,97265.0
2026-07-23 13:25:00+05:30,145.85,146.18,145.85,146.16,185977.0
2026-07-23 13:30:00+05:30,146.1,146.1,145.64,145.71,175843.0
2026-07-23 13:35:00+05:30,145.65,145.98,145.52,145.86,67435.0
2026-07-23 13:40:00+05:30,145.85,146.03,145.63,145.78,62889.0
2026-07-23 13:45:00+05:30,145.7,145.86,145.69,145.72,34074.0
2026-07-23 13:50:00+05:30,145.72,145.82,145.55,145.6,53189.0
2026-07-23 13:55:00+05:30,145.54,145.7,145.5,145.5,57933.0
2026-07-23 14:00:00+05:30,145.5,145.64,145.47,145.54,95025.0
2026-07-23 14:05:00+05:30,145.54,145.69,145.21,145.47,64895.0
2026-07-23 14:10:00+05:30,145.43,145.48,145.31,145.35,42433.0
2026-07-23 14:15:00+05:30,145.35,145.69,145.34,145.57,93796.0
2026-07-23 14:20:00+05:30,145.57,145.74,145.5,145.64,136264.0
2026-07-23 14:25:00+05:30,145.65,145.7,145.53,145.59,104432.0
2026-07-23 14:30:00+05:30,145.59,145.81,145.41,145.77,80321.0
2026-07-23 14:35:00+05:30,145.76,145.88,145.49,145.65,140808.0
2026-07-23 14:40:00+05:30,145.65,145.65,145.21,145.26,79097.0
2026-07-23 14:45:00+05:30,145.26,145.37,144.94,145.1,118494.0
2026-07-23 14:50:00+05:30,145.08,145.25,145.0,145.18,85219.0
2026-07-23 14:55:00+05:30,145.16,145.34,145.01,145.09,89460.0
2026-07-23 15:00:00+05:30,145.14,145.25,144.87,144.87,250260.0
2026-07-23 15:05:00+05:30,144.9,145.5,144.87,145.3,438123.0
2026-07-23 15:10:00+05:30,145.3,145.61,145.19,145.6,503683.0
2026-07-23 15:15:00+05:30,145.63,145.91,145.52,145.83,475069.0
2026-07-23 15:20:00+05:30,145.78,145.96,145.72,145.87,443058.0
2026-07-23 15:25:00+05:30,145.88,146.47,145.68,146.05,442186.0
2026-07-24 09:15:00+05:30,144.2,144.69,143.62,144.25,290042.0
2026-07-24 09:20:00+05:30,144.17,144.74,143.73,143.87,368085.0
2026-07-24 09:25:00+05:30,143.77,143.86,143.51,143.68,128605.0
2026-07-24 09:30:00+05:30,143.74,143.84,143.47,143.74,75779.0
2026-07-24 09:35:00+05:30,143.66,143.94,143.4,143.55,79104.0
2026-07-24 09:40:00+05:30,143.55,143.7,143.4,143.5,83575.0
2026-07-24 09:45:00+05:30,143.55,143.55,143.03,143.19,162143.0
2026-07-24 09:50:00+05:30,143.18,143.5,143.0,143.21,323391.0
2026-07-24 09:55:00+05:30,143.23,143.46,143.16,143.31,83893.0
2026-07-24 10:00:00+05:30,143.34,143.5,143.02,143.14,132327.0
2026-07-24 10:05:00+05:30,143.09,143.29,143.0,143.19,114310.0
2026-07-24 10:10:00+05:30,143.19,143.39,143.09,143.19,106424.0
2026-07-24 10:15:00+05:30,143.15,143.53,143.12,143.37,97285.0
2026-07-24 10:20:00+05:30,143.37,143.55,143.15,143.22,64348.0
2026-07-24 10:25:00+05:30,143.22,143.73,143.2,143.59,133473.0
2026-07-24 10:30:00+05:30,143.58,143.6,143.2,143.38,43911.0
2026-07-24 10:35:00+05:30,143.38,143.74,143.3,143.69,62683.0
2026-07-24 10:40:00+05:30,143.69,143.84,143.63,143.66,47909.0
2026-07-24 10:45:00+05:30,143.66,144.06,143.63,144.02,156007.0
2026-07-24 10:50:00+05:30,144.02,144.23,143.92,144.14,79306.0
2026-07-24 10:55:00+05:30,144.1,144.11,143.73,143.75,60527.0
2026-07-24 11:00:00+05:30,143.75,143.75,143.5,143.57,60739.0
2026-07-24 11:05:00+05:30,143.57,143.92,143.55,143.78,71850.0
2026-07-24 11:10:00+05:30,143.78,144.52,143.76,144.4,214189.0
2026-07-24 11:15:00+05:30,144.5,145.02,144.49,144.9,713170.0
2026-07-24 11:20:00+05:30,144.91,145.27,144.87,145.08,164751.0
2026-07-24 11:25:00+05:30,145.09,145.2,144.87,144.87,46909.0
2026-07-24 11:30:00+05:30,144.89,144.89,144.69,144.77,42984.0
2026-07-24 11:35:00+05:30,144.77,144.88,144.64,144.67,31035.0
2026-07-24 11:40:00+05:30,144.72,144.79,144.67,144.73,38710.0
2026-07-24 11:45:00+05:30,144.77,145.22,144.77,145.22,50447.0
2026-07-24 11:50:00+05:30,145.2,145.34,145.0,145.11,75906.0
2026-07-24 11:55:00+05:30,145.11,145.25,145.04,145.14,31477.0
2026-07-24 12:00:00+05:30,145.2,145.38,145.07,145.37,51410.0
2026-07-24 12:05:00+05:30,145.37,145.37,144.79,145.09,86500.0
2026-07-24 12:10:00+05:30,145.09,145.09,144.85,145.03,50826.0
2026-07-24 12:15:00+05:30,145.03,145.05,144.82,144.95,50640.0
2026-07-24 12:20:00+05:30,144.95,145.07,144.87,145.05,52867.0
2026-07-24 12:25:00+05:30,145.05,145.5,145.02,145.45,199998.0
2026-07-24 12:30:00+05:30,145.49,145.49,145.2,145.26,76363.0
2026-07-24 12:35:00+05:30,145.25,145.38,145.16,145.28,60236.0
2026-07-24 12:40:00+05:30,145.27,145.95,145.27,145.92,179903.0
2026-07-24 12:45:00+05:30,145.91,146.1,145.8,146.1,153926.0
2026-07-24 12:50:00+05:30,146.1,146.6,146.1,146.5,211896.0
2026-07-24 12:55:00+05:30,146.51,146.66,146.11,146.16,171577.0
2026-07-24 13:00:00+05:30,146.22,146.47,146.04,146.1,119603.0
2026-07-24 13:05:00+05:30,146.24,146.24,146.0,146.08,95644.0
2026-07-24 13:10:00+05:30,146.08,146.15,145.92,146.09,80953.0
2026-07-24 13:15:00+05:30,146.11,146.26,146.05,146.07,54052.0
2026-07-24 13:20:00+05:30,146.06,146.09,145.91,146.02,79529.0
2026-07-24 13:25:00+05:30,146.04,146.27,145.93,146.04,120593.0
2026-07-24 13:30:00+05:30,146.04,146.16,145.62,145.69,97419.0
2026-07-24 13:35:00+05:30,145.71,145.75,145.54,145.66,78031.0
2026-07-24 13:40:00+05:30,145.65,145.65,145.11,145.59,114308.0
2026-07-24 13:45:00+05:30,145.6,145.99,145.57,145.96,111141.0
2026-07-24 13:50:00+05:30,145.95,146.07,145.62,145.72,155353.0
2026-07-24 13:55:00+05:30,145.72,145.8,145.64,145.8,91285.0
2026-07-24 14:00:00+05:30,145.8,146.24,145.74,146.2,279412.0
2026-07-24 14:05:00+05:30,146.18,146.2,146.01,146.1,140135.0
2026-07-24 14:10:00+05:30,146.06,146.35,145.87,146.11,128167.0
2026-07-24 14:15:00+05:30,146.12,146.17,145.84,145.94,80928.0
2026-07-24 14:20:00+05:30,145.94,145.96,145.7,145.7,89978.0
2026-07-24 14:25:00+05:30,145.7,145.8,145.53,145.65,121150.0
2026-07-24 14:30:00+05:30,145.65,145.69,145.51,145.66,80120.0
2026-07-24 14:35:00+05:30,145.6,145.62,145.25,145.26,105992.0
2026-07-24 14:40:00+05:30,145.3,145.5,145.19,145.47,108479.0
2026-07-24 14:45:00+05:30,145.45,145.49,145.3,145.45,93201.0
2026-07-24 14:50:00+05:30,145.44,145.82,145.36,145.75,109595.0
2026-07-24 14:55:00+05:30,145.74,145.77,145.49,145.54,101988.0
2026-07-24 15:00:00+05:30,145.62,145.7,145.41,145.57,130977.0
2026-07-24 15:05:00+05:30,145.58,145.59,145.41,145.55,132317.0
2026-07-24 15:10:00+05:30,145.6,145.67,145.5,145.54,172935.0
2026-07-24 15:15:00+05:30,145.6,145.62,145.36,145.56,159310.0
2026-07-24 15:20:00+05:30,145.56,145.72,145.52,145.63,264875.0
2026-07-24 15:25:00+05:30,145.6,145.9,145.38,145.84,182250.0
2026-07-27 09:15:00+05:30,146.99,147.47,146.3,147.05,233864.0
2026-07-27 09:20:00+05:30,147.09,147.45,146.86,147.3,152777.0
2026-07-27 09:25:00+05:30,147.24,147.94,147.13,147.68,202139.0
2026-07-27 09:30:00+05:30,147.68,147.99,147.31,147.41,165785.0
2026-07-27 09:35:00+05:30,147.43,147.94,147.33,147.94,151314.0
2026-07-27 09:40:00+05:30,147.94,148.15,147.56,147.66,188783.0
2026-07-27 09:45:00+05:30,147.66,147.75,147.4,147.66,114403.0
2026-07-27 09:50:00+05:30,147.6,147.79,147.5,147.64,80263.0
2026-07-27 09:55:00+05:30,147.63,147.78,147.51,147.7,61937.0
2026-07-27 10:00:00+05:30,147.75,148.2,147.68,147.84,167539.0
2026-07-27 10:05:00+05:30,147.84,148.14,147.75,147.75,136002.0
2026-07-27 10:10:00+05:30,147.75,148.0,147.75,147.95,75362.0
2026-07-27 10:15:00+05:30,147.92,148.2,147.81,148.1,107626.0
2026-07-27 10:20:00+05:30,148.14,148.49,148.1,148.24,319792.0
2026-07-27 10:25:00+05:30,148.2,148.21,147.95,148.05,306197.0
2026-07-27 10:30:00+05:30,148.05,148.23,147.84,148.07,174350.0
2026-07-27 10:35:00+05:30,148.13,148.27,147.99,148.25,155910.0
2026-07-27 10:40:00+05:30,148.23,148.65,148.22,148.57,286367.0
2026-07-27 10:45:00+05:30,148.59,148.95,148.51,148.56,268743.0
2026-07-27 10:50:00+05:30,148.57,148.98,148.46,148.78,241745.0
2026-07-27 10:55:00+05:30,148.78,148.85,148.3,148.3,152636.0
2026-07-27 11:00:00+05:30,148.35,148.35,147.85,147.99,361176.0
2026-07-27 11:05:00+05:30,147.96,148.01,147.8,148.0,235179.0
2026-07-27 11:10:00+05:30,147.97,148.0,147.63,147.79,230037.0
2026-07-27 11:15:00+05:30,147.81,148.35,147.78,148.26,792524.0
2026-07-27 11:20:00+05:30,148.27,148.67,148.25,148.57,126735.0
2026-07-27 11:25:00+05:30,148.62,148.67,148.38,148.53,100293.0
2026-07-27 11:30:00+05:30,148.52,148.82,148.5,148.58,193222.0
2026-07-27 11:35:00+05:30,148.58,148.68,148.3,148.31,61290.0
2026-07-27 11:40:00+05:30,148.32,148.63,148.31,148.38,120596.0
2026-07-27 11:45:00+05:30,148.35,148.43,148.15,148.18,87091.0
2026-07-27 11:50:00+05:30,148.16,148.23,148.03,148.11,69564.0
2026-07-27 11:55:00+05:30,148.14,148.33,148.04,148.17,47042.0
2026-07-27 12:00:00+05:30,148.18,148.8,148.15,148.58,216317.0
2026-07-27 12:05:00+05:30,148.6,148.62,148.41,148.45,68031.0
2026-07-27 12:10:00+05:30,148.47,148.5,148.33,148.39,34840.0
2026-07-27 12:15:00+05:30,148.38,148.6,148.23,148.3,98815.0
2026-07-27 12:20:00+05:30,148.26,148.29,148.0,148.03,139649.0
2026-07-27 12:25:00+05:30,148.02,148.27,148.0,148.0,92790.0
2026-07-27 12:30:00+05:30,148.0,148.13,147.96,148.02,152928.0
2026-07-27 12:35:00+05:30,148.0,148.07,147.95,148.03,133659.0
2026-07-27 12:40:00+05:30,148.07,148.29,147.84,148.24,295807.0
2026-07-27 12:45:00+05:30,148.2,148.31,148.07,148.13,85993.0
2026-07-27 12:50:00+05:30,148.12,148.2,148.03,148.15,96307.0
2026-07-27 12:55:00+05:30,148.16,148.23,148.01,148.07,55690.0
2026-07-27 13:00:00+05:30,148.08,148.37,148.01,148.3,128831.0
2026-07-27 13:05:00+05:30,148.26,148.35,148.09,148.09,90264.0
2026-07-27 13:10:00+05:30,148.1,148.24,148.0,148.16,97177.0
2026-07-27 13:15:00+05:30,148.19,148.45,148.18,148.36,129667.0
2026-07-27 13:20:00+05:30,148.36,148.45,148.24,148.26,60088.0
2026-07-27 13:25:00+05:30,148.27,148.5,148.24,148.37,124464.0
2026-07-27 13:30:00+05:30,148.34,148.55,148.21,148.27,121510.0
2026-07-27 13:35:00+05:30,148.25,148.25,148.07,148.15,82528.0
2026-07-27 13:40:00+05:30,148.15,148.35,148.15,148.29,93631.0
2026-07-27 13:45:00+05:30,148.23,148.29,148.05,148.05,78046.0
2026-07-27 13:50:00+05:30,148.05,148.25,148.03,148.22,90393.0
2026-07-27 13:55:00+05:30,148.19,148.9,148.12,148.78,309214.0
2026-07-27 14:00:00+05:30,148.81,148.81,148.42,148.54,107862.0
2026-07-27 14:05:00+05:30,148.63,148.75,148.43,148.72,185209.0
2026-07-27 14:10:00+05:30,148.6,148.67,148.49,148.5,95092.0
2026-07-27 14:15:00+05:30,148.5,148.67,148.42,148.55,163351.0
2026-07-27 14:20:00+05:30,148.55,148.66,148.5,148.53,69975.0
2026-07-27 14:25:00+05:30,148.57,148.73,148.52,148.54,97413.0
2026-07-27 14:30:00+05:30,148.6,148.89,148.49,148.81,183265.0
2026-07-27 14:35:00+05:30,148.75,148.85,148.51,148.53,81982.0
2026-07-27 14:40:00+05:30,148.61,148.79,148.52,148.73,167872.0
2026-07-27 14:45:00+05:30,148.71,148.72,148.44,148.45,115150.0
2026-07-27 14:50:00+05:30,148.48,148.59,148.4,148.58,110953.0
2026-07-27 14:55:00+05:30,148.58,148.61,148.4,148.4,114960.0
2026-07-27 15:00:00+05:30,148.45,148.95,148.45,148.94,424279.0
2026-07-27 15:05:00+05:30,148.95,149.15,148.9,149.15,464894.0
2026-07-27 15:10:00+05:30,149.15,149.17,148.97,149.04,298118.0
2026-07-27 15:15:00+05:30,149.09,149.28,148.87,148.98,1059031.0
2026-07-27 15:20:00+05:30,148.99,148.99,148.84,148.9,540120.0
2026-07-27 15:25:00+05:30,148.91,149.5,148.83,149.38,549512.0
2026-07-28 09:15:00+05:30,147.0,148.45,145.75,147.65,1757555.0
2026-07-28 09:20:00+05:30,147.64,147.64,146.72,147.1,306812.0
2026-07-28 09:25:00+05:30,147.01,147.16,146.75,147.01,190657.0
2026-07-28 09:30:00+05:30,147.0,147.58,146.36,146.41,266415.0
2026-07-28 09:35:00+05:30,146.41,146.59,146.37,146.48,77650.0
2026-07-28 09:40:00+05:30,146.48,146.65,146.14,146.39,132296.0
2026-07-28 09:45:00+05:30,146.48,146.5,145.89,146.14,214956.0
2026-07-28 09:50:00+05:30,146.11,146.23,146.02,146.1,93840.0
2026-07-28 09:55:00+05:30,146.04,146.28,145.8,145.86,95047.0
2026-07-28 10:00:00+05:30,145.85,145.85,145.6,145.7,102775.0
2026-07-28 10:05:00+05:30,145.63,145.93,145.63,145.8,76685.0
2026-07-28 10:10:00+05:30,145.85,145.95,145.77,145.9,96643.0
2026-07-28 10:15:00+05:30,145.91,146.99,145.75,146.96,1212270.0
2026-07-28 10:20:00+05:30,146.96,146.96,145.7,146.54,626457.0
2026-07-28 10:25:00+05:30,146.54,146.86,146.46,146.73,104401.0
2026-07-28 10:30:00+05:30,146.74,147.39,146.71,147.21,173739.0
2026-07-28 10:35:00+05:30,147.37,147.48,147.2,147.38,110621.0
2026-07-28 10:40:00+05:30,147.41,147.45,147.13,147.44,104191.0
2026-07-28 10:45:00+05:30,147.42,147.42,147.29,147.35,54947.0
2026-07-28 10:50:00+05:30,147.35,147.5,147.26,147.5,105289.0
2026-07-28 10:55:00+05:30,147.49,147.62,147.41,147.58,85501.0
2026-07-28 11:00:00+05:30,147.62,147.88,147.56,147.87,107577.0
2026-07-28 11:05:00+05:30,147.88,147.9,147.67,147.76,81559.0
2026-07-28 11:10:00+05:30,147.74,147.76,147.6,147.67,69606.0
2026-07-28 11:15:00+05:30,147.67,147.83,147.6,147.77,52969.0
2026-07-28 11:20:00+05:30,147.74,147.77,147.61,147.63,58330.0
2026-07-28 11:25:00+05:30,147.65,147.79,147.6,147.75,48327.0
2026-07-28 11:30:00+05:30,147.74,147.77,147.6,147.7,80205.0
2026-07-28 11:35:00+05:30,147.61,148.35,147.6,148.25,243733.0
2026-07-28 11:40:00+05:30,148.24,148.4,148.21,148.29,136081.0
2026-07-28 11:45:00+05:30,148.3,148.5,147.84,147.9,125323.0
2026-07-28 11:50:00+05:30,147.91,148.32,147.81,147.87,111685.0
2026-07-28 11:55:00+05:30,147.87,147.97,147.78,147.95,60178.0
2026-07-28 12:00:00+05:30,147.95,148.0,147.8,147.97,51813.0
2026-07-28 12:05:00+05:30,147.93,148.25,147.9,148.1,95809.0
2026-07-28 12:10:00+05:30,148.1,148.24,148.04,148.16,91536.0
2026-07-28 12:15:00+05:30,148.16,148.2,148.03,148.08,65884.0
2026-07-28 12:20:00+05:30,148.02,148.13,147.9,148.06,99417.0
2026-07-28 12:25:00+05:30,148.1,148.2,148.01,148.05,58425.0
2026-07-28 12:30:00+05:30,148.04,148.17,147.92,147.98,57094.0
2026-07-28 12:35:00+05:30,147.99,148.11,147.88,148.07,80931.0
2026-07-28 12:40:00+05:30,148.01,148.23,148.01,148.14,125479.0
2026-07-28 12:45:00+05:30,148.1,148.24,148.02,148.05,90523.0
2026-07-28 12:50:00+05:30,148.06,148.18,147.94,148.0,69056.0
2026-07-28 12:55:00+05:30,148.01,148.25,147.95,148.17,66974.0
2026-07-28 13:00:00+05:30,148.17,148.33,148.05,148.08,74071.0
2026-07-28 13:05:00+05:30,148.09,148.3,148.05,148.1,106237.0
2026-07-28 13:10:00+05:30,148.09,148.13,147.9,148.05,121657.0
2026-07-28 13:15:00+05:30,148.01,148.13,147.94,147.98,78926.0
2026-07-28 13:20:00+05:30,148.03,148.25,147.96,148.2,64486.0
2026-07-28 13:25:00+05:30,148.23,148.23,148.01,148.03,67902.0
2026-07-28 13:30:00+05:30,148.11,148.17,148.0,148.13,59771.0
2026-07-28 13:35:00+05:30,148.12,148.15,147.95,148.0,70439.0
2026-07-28 13:40:00+05:30,147.99,148.0,147.81,147.84,83752.0
2026-07-28 13:45:00+05:30,147.91,147.94,147.75,147.92,70183.0
2026-07-28 13:50:00+05:30,147.87,148.17,147.8,148.1,74194.0
2026-07-28 13:55:00+05:30,148.1,148.23,147.94,148.06,69443.0
2026-07-28 14:00:00+05:30,148.05,148.19,147.99,148.12,68179.0
2026-07-28 14:05:00+05:30,148.12,148.15,147.96,148.07,64951.0
2026-07-28 14:10:00+05:30,148.03,148.09,147.96,148.06,54175.0
2026-07-28 14:15:00+05:30,148.02,148.14,148.01,148.02,44646.0
2026-07-28 14:20:00+05:30,148.02,148.1,147.88,147.96,81669.0
2026-07-28 14:25:00+05:30,147.96,148.0,147.9,147.9,72158.0
2026-07-28 14:30:00+05:30,147.88,147.88,147.6,147.66,153277.0
2026-07-28 14:35:00+05:30,147.65,147.91,147.63,147.84,67698.0
2026-07-28 14:40:00+05:30,147.82,147.92,147.77,147.85,102121.0
2026-07-28 14:45:00+05:30,147.85,147.89,147.71,147.88,97993.0
2026-07-28 14:50:00+05:30,147.75,147.81,147.66,147.73,55857.0
2026-07-28 14:55:00+05:30,147.77,147.89,147.68,147.78,95282.0
2026-07-28 15:00:00+05:30,147.77,147.78,147.6,147.65,317214.0
2026-07-28 15:05:00+05:30,147.65,147.82,147.6,147.74,336819.0
2026-07-28 15:10:00+05:30,147.73,147.82,147.7,147.79,284758.0
2026-07-28 15:15:00+05:30,147.78,148.01,147.77,147.96,502953.0
2026-07-28 15:20:00+05:30,147.92,148.14,147.88,148.14,516871.0
2026-07-28 15:25:00+05:30,148.08,148.2,147.92,148.0,411968.0
2026-07-29 09:15:00+05:30,148.04,148.8,147.9,148.65,342814.0
2026-07-29 09:20:00+05:30,148.24,148.53,146.86,146.96,321922.0
2026-07-29 09:25:00+05:30,146.98,147.0,146.35,146.59,200616.0
2026-07-29 09:30:00+05:30,146.61,146.81,145.75,145.8,413115.0
2026-07-29 09:35:00+05:30,145.8,145.89,145.2,145.35,166842.0
2026-07-29 09:40:00+05:30,145.32,145.49,145.02,145.37,216324.0
2026-07-29 09:45:00+05:30,145.33,145.86,145.33,145.8,166694.0
2026-07-29 09:50:00+05:30,145.81,145.89,145.48,145.6,142717.0
2026-07-29 09:55:00+05:30,145.6,145.7,143.86,143.96,1077787.0
2026-07-29 10:00:00+05:30,143.99,144.59,143.92,144.15,501080.0
2026-07-29 10:05:00+05:30,144.23,144.9,144.13,144.7,176928.0
2026-07-29 10:10:00+05:30,144.68,144.78,144.33,144.75,160541.0
2026-07-29 10:15:00+05:30,144.73,145.1,144.63,145.1,286363.0
2026-07-29 10:20:00+05:30,145.11,145.15,144.67,144.97,133191.0
2026-07-29 10:25:00+05:30,144.96,145.0,144.22,144.37,310587.0
2026-07-29 10:30:00+05:30,144.34,144.64,144.2,144.48,418202.0
2026-07-29 10:35:00+05:30,144.48,145.44,144.45,145.35,262519.0
2026-07-29 10:40:00+05:30,145.39,145.86,145.26,145.81,269779.0
2026-07-29 10:45:00+05:30,145.81,145.99,144.96,145.44,333591.0
2026-07-29 10:50:00+05:30,145.41,145.75,145.39,145.6,246632.0
2026-07-29 10:55:00+05:30,145.59,145.6,145.11,145.2,231257.0
2026-07-29 11:00:00+05:30,145.19,145.37,144.87,145.28,286990.0
2026-07-29 11:05:00+05:30,145.27,145.66,145.17,145.46,140374.0
2026-07-29 11:10:00+05:30,145.3,145.46,145.06,145.36,401561.0
2026-07-29 11:15:00+05:30,145.36,145.41,145.1,145.41,134557.0
2026-07-29 11:20:00+05:30,145.4,145.8,145.34,145.66,135593.0
2026-07-29 11:25:00+05:30,145.64,145.75,145.02,145.63,214442.0
2026-07-29 11:30:00+05:30,145.59,145.7,145.42,145.48,146657.0
2026-07-29 11:35:00+05:30,145.42,145.65,145.4,145.61,111896.0
2026-07-29 11:40:00+05:30,145.56,145.97,145.51,145.97,159529.0
2026-07-29 11:45:00+05:30,145.98,145.98,145.55,145.83,106849.0
2026-07-29 11:50:00+05:30,145.8,145.85,145.65,145.85,71577.0
2026-07-29 11:55:00+05:30,145.84,145.89,145.63,145.7,107570.0
2026-07-29 12:00:00+05:30,145.7,146.2,145.65,146.1,216482.0
2026-07-29 12:05:00+05:30,146.1,146.12,146.0,146.07,64325.0
2026-07-29 12:10:00+05:30,146.04,146.15,146.0,146.14,47497.0
2026-07-29 12:15:00+05:30,146.14,146.14,145.87,145.94,109713.0
2026-07-29 12:20:00+05:30,145.88,146.0,145.78,146.0,74136.0
2026-07-29 12:25:00+05:30,145.96,146.0,145.15,145.59,169868.0
2026-07-29 12:30:00+05:30,145.7,145.87,145.69,145.86,94872.0
2026-07-29 12:35:00+05:30,145.85,146.14,145.79,146.07,320390.0
2026-07-29 12:40:00+05:30,146.1,146.1,146.0,146.06,46192.0
2026-07-29 12:45:00+05:30,146.05,146.09,146.0,146.05,65069.0
2026-07-29 12:50:00+05:30,146.04,146.08,146.0,146.04,43560.0
2026-07-29 12:55:00+05:30,146.04,146.05,145.97,146.0,117742.0
2026-07-29 13:00:00+05:30,146.0,146.05,146.0,146.02,46108.0
2026-07-29 13:05:00+05:30,146.03,146.05,146.0,146.0,70431.0
2026-07-29 13:10:00+05:30,146.0,146.13,145.62,145.72,470134.0
2026-07-29 13:15:00+05:30,145.7,145.76,145.63,145.73,71408.0
2026-07-29 13:20:00+05:30,145.73,145.75,145.5,145.63,119344.0
2026-07-29 13:25:00+05:30,145.62,145.72,145.35,145.4,174428.0
2026-07-29 13:30:00+05:30,145.42,145.61,145.42,145.61,64779.0
2026-07-29 13:35:00+05:30,145.6,145.65,145.42,145.5,55702.0
2026-07-29 13:40:00+05:30,145.43,145.6,145.29,145.54,172196.0
2026-07-29 13:45:00+05:30,145.54,145.6,145.44,145.57,63112.0
2026-07-29 13:50:00+05:30,145.54,145.8,145.5,145.77,93348.0
2026-07-29 13:55:00+05:30,145.76,145.8,145.56,145.6,55764.0
2026-07-29 14:00:00+05:30,145.6,145.6,145.03,145.35,143650.0
2026-07-29 14:05:00+05:30,145.31,145.49,145.3,145.49,68525.0
2026-07-29 14:10:00+05:30,145.49,145.69,145.49,145.6,72594.0
2026-07-29 14:15:00+05:30,145.59,145.6,145.53,145.55,63830.0
2026-07-29 14:20:00+05:30,145.54,145.6,145.53,145.53,41618.0
2026-07-29 14:25:00+05:30,145.54,145.87,145.52,145.84,216573.0
2026-07-29 14:30:00+05:30,145.83,145.88,145.8,145.82,50922.0
2026-07-29 14:35:00+05:30,145.81,145.85,145.75,145.81,51706.0
2026-07-29 14:40:00+05:30,145.85,146.08,145.8,145.9,152764.0
2026-07-29 14:45:00+05:30,145.9,146.0,145.9,145.94,72773.0
2026-07-29 14:50:00+05:30,145.93,146.08,145.86,145.98,197523.0
2026-07-29 14:55:00+05:30,145.97,146.25,145.91,146.03,199895.0
2026-07-29 15:00:00+05:30,146.03,146.3,146.0,146.06,255949.0
2026-07-29 15:05:00+05:30,146.1,146.18,146.0,146.05,269956.0
2026-07-29 15:10:00+05:30,146.05,146.18,145.98,146.0,207513.0
2026-07-29 15:15:00+05:30,146.0,146.0,145.82,145.92,363593.0
2026-07-29 15:20:00+05:30,145.92,146.03,145.8,145.94,487665.0
2026-07-29 15:25:00+05:30,145.93,146.1,145.8,146.1,309611.0
2026-07-30 09:15:00+05:30,146.0,146.33,144.83,145.27,280399.0
2026-07-30 09:20:00+05:30,145.2,145.4,145.13,145.22,111988.0
2026-07-30 09:25:00+05:30,145.14,145.37,145.09,145.31,38109.0
2026-07-30 09:30:00+05:30,145.24,145.9,145.24,145.75,123355.0
2026-07-30 09:35:00+05:30,145.75,145.75,145.29,145.36,70500.0
2026-07-30 09:40:00+05:30,145.43,145.46,145.15,145.35,49686.0
2026-07-30 09:45:00+05:30,145.39,146.4,145.36,146.37,169365.0
2026-07-30 09:50:00+05:30,146.5,147.0,146.45,146.91,295262.0
2026-07-30 09:55:00+05:30,146.91,147.0,146.65,146.9,144584.0
2026-07-30 10:00:00+05:30,146.84,147.39,146.77,147.04,240390.0
2026-07-30 10:05:00+05:30,147.1,147.14,146.9,146.93,60692.0
2026-07-30 10:10:00+05:30,146.9,147.15,146.42,146.47,186184.0
2026-07-30 10:15:00+05:30,146.42,146.66,146.42,146.53,104813.0
2026-07-30 10:20:00+05:30,146.53,146.73,146.33,146.34,127786.0
2026-07-30 10:25:00+05:30,146.35,146.44,146.1,146.14,90032.0
2026-07-30 10:30:00+05:30,146.13,146.18,146.0,146.1,81960.0
2026-07-30 10:35:00+05:30,146.09,146.47,146.09,146.44,105724.0
2026-07-30 10:40:00+05:30,146.45,146.45,146.09,146.24,72387.0
2026-07-30 10:45:00+05:30,146.24,146.43,146.12,146.34,42239.0
2026-07-30 10:50:00+05:30,146.41,146.7,146.35,146.69,78210.0
2026-07-30 10:55:00+05:30,146.66,146.85,146.61,146.78,86331.0
2026-07-30 11:00:00+05:30,146.78,146.8,146.6,146.72,106776.0
2026-07-30 11:05:00+05:30,146.7,146.79,146.35,146.66,79080.0
2026-07-30 11:10:00+05:30,146.72,147.07,146.48,146.5,661739.0
2026-07-30 11:15:00+05:30,146.55,146.85,146.0,146.1,658725.0
2026-07-30 11:20:00+05:30,146.09,146.43,146.01,146.42,86560.0
2026-07-30 11:25:00+05:30,146.42,146.57,146.35,146.55,26621.0
2026-07-30 11:30:00+05:30,146.59,146.59,146.35,146.53,147545.0
2026-07-30 11:35:00+05:30,146.51,147.0,146.5,147.0,128047.0
2026-07-30 11:40:00+05:30,147.03,147.05,146.78,146.85,43966.0
2026-07-30 11:45:00+05:30,146.83,146.87,146.56,146.6,43539.0
2026-07-30 11:50:00+05:30,146.58,146.64,146.54,146.55,23173.0
2026-07-30 11:55:00+05:30,146.55,146.88,146.2,146.3,162793.0
2026-07-30 12:00:00+05:30,146.26,146.39,146.17,146.2,55579.0
2026-07-30 12:05:00+05:30,146.22,146.32,146.1,146.13,37495.0
2026-07-30 12:10:00+05:30,146.14,146.22,146.05,146.14,30568.0
2026-07-30 12:15:00+05:30,146.07,146.21,146.05,146.16,23625.0
2026-07-30 12:20:00+05:30,146.17,146.26,146.05,146.13,100563.0
2026-07-30 12:25:00+05:30,146.07,146.15,145.5,145.63,147065.0
2026-07-30 12:30:00+05:30,145.59,146.17,145.57,146.0,73651.0
2026-07-30 12:35:00+05:30,146.0,146.37,145.94,146.37,66634.0
2026-07-30 12:40:00+05:30,146.34,146.42,146.2,146.21,32904.0
2026-07-30 12:45:00+05:30,146.21,146.26,146.11,146.14,31555.0
2026-07-30 12:50:00+05:30,146.19,146.19,145.95,146.0,54218.0
2026-07-30 12:55:00+05:30,146.0,146.11,145.96,146.02,48960.0
2026-07-30 13:00:00+05:30,146.02,146.1,145.69,145.95,108645.0
2026-07-30 13:05:00+05:30,145.95,145.99,145.71,145.71,71985.0
2026-07-30 13:10:00+05:30,145.71,145.77,145.4,145.64,161111.0
2026-07-30 13:15:00+05:30,145.66,145.68,145.5,145.56,48581.0
2026-07-30 13:20:00+05:30,145.6,145.66,145.26,145.3,82505.0
2026-07-30 13:25:00+05:30,145.31,145.45,145.08,145.45,125074.0
2026-07-30 13:30:00+05:30,145.47,145.66,145.37,145.6,46566.0
2026-07-30 13:35:00+05:30,145.66,145.78,145.56,145.65,112648.0
2026-07-30 13:40:00+05:30,145.62,145.83,145.55,145.55,59646.0
2026-07-30 13:45:00+05:30,145.56,145.65,145.53,145.56,86692.0
2026-07-30 13:50:00+05:30,145.61,145.79,145.54,145.7,36291.0
2026-07-30 13:55:00+05:30,145.7,146.1,145.7,145.96,88330.0
2026-07-30 14:00:00+05:30,145.91,146.15,145.91,146.0,27193.0
2026-07-30 14:05:00+05:30,146.07,146.13,145.86,146.09,72522.0
2026-07-30 14:10:00+05:30,146.02,146.1,145.92,146.1,46947.0
2026-07-30 14:15:00+05:30,146.05,146.14,145.94,146.14,58263.0
2026-07-30 14:20:00+05:30,146.1,146.14,145.93,146.03,35561.0
2026-07-30 14:25:00+05:30,146.0,146.05,145.72,145.82,127644.0
2026-07-30 14:30:00+05:30,145.75,146.01,145.61,146.01,39531.0
2026-07-30 14:35:00+05:30,145.93,146.12,145.9,146.09,66990.0
2026-07-30 14:40:00+05:30,146.03,146.32,146.03,146.28,62894.0
2026-07-30 14:45:00+05:30,146.27,146.8,146.19,146.8,116677.0
2026-07-30 14:50:00+05:30,146.8,146.88,146.72,146.79,90943.0
2026-07-30 14:55:00+05:30,146.72,146.75,146.58,146.65,134823.0
2026-07-30 15:00:00+05:30,146.72,146.94,146.54,146.79,280603.0
2026-07-30 15:05:00+05:30,146.77,147.0,146.63,146.68,430797.0
2026-07-30 15:10:00+05:30,146.73,146.84,146.67,146.79,239826.0
2026-07-30 15:15:00+05:30,146.78,146.79,146.5,146.58,336519.0
2026-07-30 15:20:00+05:30,146.56,146.81,146.54,146.8,417964.0
2026-07-30 15:25:00+05:30,146.79,146.88,146.5,146.69,391809.0
2026-07-31 09:15:00+05:30,146.81,148.25,146.42,147.78,378736.0
2026-07-31 09:20:00+05:30,147.77,148.45,147.6,148.24,193693.0
2026-07-31 09:25:00+05:30,148.25,148.6,148.17,148.44,234679.0
2026-07-31 09:30:00+05:30,148.45,149.37,148.36,149.1,570639.0
2026-07-31 09:35:00+05:30,149.09,149.66,149.0,149.22,391405.0
2026-07-31 09:40:00+05:30,149.25,149.4,148.91,149.3,315409.0
2026-07-31 09:45:00+05:30,149.29,149.69,149.12,149.49,234779.0
2026-07-31 09:50:00+05:30,149.49,149.5,148.9,148.91,212887.0
2026-07-31 09:55:00+05:30,148.87,149.5,148.7,149.24,317271.0
2026-07-31 10:00:00+05:30,149.24,149.74,149.12,149.67,182735.0
2026-07-31 10:05:00+05:30,149.67,150.0,149.62,149.97,438967.0
2026-07-31 10:10:00+05:30,149.97,150.0,149.57,149.63,215896.0
2026-07-31 10:15:00+05:30,149.62,149.65,149.25,149.44,256061.0
2026-07-31 10:20:00+05:30,149.5,149.76,149.41,149.7,115770.0
2026-07-31 10:25:00+05:30,149.79,149.96,149.73,149.82,243996.0
2026-07-31 10:30:00+05:30,149.82,150.41,149.51,150.16,658221.0
2026-07-31 10:35:00+05:30,150.15,150.16,149.86,150.03,286448.0
2026-07-31 10:40:00+05:30,150.04,150.15,149.73,150.09,356057.0
2026-07-31 10:45:00+05:30,150.08,150.37,150.07,150.25,228128.0
2026-07-31 10:50:00+05:30,150.24,150.48,150.15,150.41,229207.0
2026-07-31 10:55:00+05:30,150.36,150.5,150.18,150.27,217800.0
2026-07-31 11:00:00+05:30,150.27,150.32,150.05,150.05,127104.0
2026-07-31 11:05:00+05:30,150.02,150.26,150.0,150.2,229815.0
2026-07-31 11:10:00+05:30,150.24,150.63,150.2,150.6,396706.0
2026-07-31 11:15:00+05:30,150.65,150.66,150.44,150.48,137536.0
2026-07-31 11:20:00+05:30,150.48,150.7,150.33,150.46,267689.0
2026-07-31 11:25:00+05:30,150.41,150.57,150.26,150.4,157006.0
2026-07-31 11:30:00+05:30,150.41,150.7,150.36,150.56,194048.0
2026-07-31 11:35:00+05:30,150.55,151.2,150.49,150.88,691627.0
2026-07-31 11:40:00+05:30,150.82,151.45,150.77,151.37,315050.0
2026-07-31 11:45:00+05:30,151.4,151.6,151.13,151.37,458965.0
2026-07-31 11:50:00+05:30,151.35,151.77,151.35,151.7,332237.0
2026-07-31 11:55:00+05:30,151.7,151.95,151.3,151.94,402989.0
2026-07-31 12:00:00+05:30,151.91,152.25,151.8,151.94,1111679.0
2026-07-31 12:05:00+05:30,151.91,152.4,151.9,152.13,373028.0
2026-07-31 12:10:00+05:30,152.13,152.15,151.52,151.59,374384.0
2026-07-31 12:15:00+05:30,151.59,151.61,151.35,151.45,174012.0
2026-07-31 12:20:00+05:30,151.41,151.59,151.0,151.15,475182.0
2026-07-31 12:25:00+05:30,151.17,151.34,150.73,151.01,295328.0
2026-07-31 12:30:00+05:30,151.02,151.07,150.9,151.05,85580.0
2026-07-31 12:35:00+05:30,151.06,151.19,151.0,151.12,155937.0
2026-07-31 12:40:00+05:30,151.15,151.24,151.05,151.12,107818.0
2026-07-31 12:45:00+05:30,151.07,151.12,150.94,150.98,114292.0
2026-07-31 12:50:00+05:30,150.98,151.25,150.84,151.03,220234.0
2026-07-31 12:55:00+05:30,151.06,151.12,151.0,151.1,90110.0
2026-07-31 13:00:00+05:30,151.1,151.29,151.07,151.13,177098.0
2026-07-31 13:05:00+05:30,151.08,151.2,151.07,151.19,73422.0
2026-07-31 13:10:00+05:30,151.16,151.36,151.08,151.34,175753.0
2026-07-31 13:15:00+05:30,151.34,151.35,150.82,150.86,286231.0
2026-07-31 13:20:00+05:30,150.84,151.29,150.8,151.25,340135.0
2026-07-31 13:25:00+05:30,151.28,151.35,151.23,151.25,121083.0
2026-07-31 13:30:00+05:30,151.29,151.33,151.02,151.25,198981.0
2026-07-31 13:35:00+05:30,151.25,151.29,150.29,150.35,561674.0
2026-07-31 13:40:00+05:30,150.22,150.81,150.14,150.81,305172.0
2026-07-31 13:45:00+05:30,150.77,150.92,150.75,150.9,61775.0
2026-07-31 13:50:00+05:30,150.88,150.99,150.79,150.89,150225.0
2026-07-31 13:55:00+05:30,150.87,150.9,150.76,150.8,60568.0
2026-07-31 14:00:00+05:30,150.8,150.92,150.65,150.76,67557.0
2026-07-31 14:05:00+05:30,150.73,150.77,150.51,150.73,105220.0
2026-07-31 14:10:00+05:30,150.68,150.85,150.65,150.8,63212.0
2026-07-31 14:15:00+05:30,150.82,151.14,150.78,150.88,137093.0
2026-07-31 14:20:00+05:30,150.88,150.9,150.73,150.87,66119.0
2026-07-31 14:25:00+05:30,150.9,150.99,150.81,150.88,88214.0
2026-07-31 14:30:00+05:30,150.95,150.96,150.81,150.84,74437.0
2026-07-31 14:35:00+05:30,150.84,150.87,150.75,150.81,60410.0
2026-07-31 14:40:00+05:30,150.81,150.88,150.53,150.63,114064.0
2026-07-31 14:45:00+05:30,150.58,150.83,150.51,150.83,114799.0
2026-07-31 14:50:00+05:30,150.8,151.34,150.74,151.31,411589.0
2026-07-31 14:55:00+05:30,151.3,151.34,151.0,151.04,228404.0
2026-07-31 15:00:00+05:30,151.04,151.08,150.6,150.91,641253.0
2026-07-31 15:05:00+05:30,150.87,150.97,150.78,150.83,711294.0
2026-07-31 15:10:00+05:30,150.81,150.85,150.51,150.57,1016988.0
2026-07-31 15:15:00+05:30,150.58,150.95,150.44,150.78,1993600.0
2026-07-31 15:20:00+05:30,150.75,151.0,150.75,150.9,705254.0
2026-07-31 15:25:00+05:30,150.88,151.0,150.7,150.96,784796.0
2026-08-03 09:15:00+05:30,152.9,153.1,152.03,152.96,720017.0
2026-08-03 09:20:00+05:30,152.96,153.57,152.77,152.9,493963.0
2026-08-03 09:25:00+05:30,152.93,153.03,152.5,152.9,284533.0
2026-08-03 09:30:00+05:30,152.9,153.57,152.74,153.48,416208.0
2026-08-03 09:35:00+05:30,153.41,153.65,153.03,153.52,341981.0
2026-08-03 09:40:00+05:30,153.5,153.6,153.18,153.41,147735.0
2026-08-03 09:45:00+05:30,153.41,153.5,153.12,153.19,99427.0
2026-08-03 09:50:00+05:30,153.19,153.74,153.16,153.49,268777.0
2026-08-03 09:55:00+05:30,153.5,153.62,153.41,153.55,114639.0
2026-08-03 10:00:00+05:30,153.6,153.65,153.25,153.34,144226.0
2026-08-03 10:05:00+05:30,153.34,153.54,153.2,153.39,93132.0
2026-08-03 10:10:00+05:30,153.39,153.5,153.3,153.32,60852.0
2026-08-03 10:15:00+05:30,153.39,153.51,153.34,153.44,69723.0
2026-08-03 10:20:00+05:30,153.44,153.51,153.19,153.5,127664.0
2026-08-03 10:25:00+05:30,153.5,153.57,153.33,153.41,91980.0
2026-08-03 10:30:00+05:30,153.47,153.68,153.12,153.12,145788.0
2026-08-03 10:35:00+05:30,153.09,153.37,152.86,153.35,239902.0
2026-08-03 10:40:00+05:30,153.35,153.38,153.04,153.1,172067.0
2026-08-03 10:45:00+05:30,153.1,153.57,152.93,153.57,262791.0
2026-08-03 10:50:00+05:30,153.56,153.7,153.4,153.5,102770.0
2026-08-03 10:55:00+05:30,153.54,153.56,153.4,153.54,101147.0
2026-08-03 11:00:00+05:30,153.54,153.64,153.47,153.56,87882.0
2026-08-03 11:05:00+05:30,153.5,153.68,153.47,153.59,119719.0
2026-08-03 11:10:00+05:30,153.59,153.69,153.47,153.54,207489.0
2026-08-03 11:15:00+05:30,153.53,153.65,153.2,153.36,538190.0
2026-08-03 11:20:00+05:30,153.36,153.79,153.27,153.75,174293.0
2026-08-03 11:25:00+05:30,153.73,153.78,153.5,153.62,91460.0
2026-08-03 11:30:00+05:30,153.56,153.61,153.42,153.48,61085.0
2026-08-03 11:35:00+05:30,153.48,153.7,153.42,153.7,60083.0
2026-08-03 11:40:00+05:30,153.75,153.78,153.62,153.65,79886.0
2026-08-03 11:45:00+05:30,153.65,153.72,153.07,153.58,440993.0
2026-08-03 11:50:00+05:30,153.56,154.24,153.51,154.13,397442.0
2026-08-03 11:55:00+05:30,154.19,154.34,154.16,154.25,149220.0
2026-08-03 12:00:00+05:30,154.24,154.39,154.04,154.09,109763.0
2026-08-03 12:05:00+05:30,154.09,154.2,154.0,154.01,93728.0
2026-08-03 12:10:00+05:30,154.01,154.1,153.56,153.85,151190.0
2026-08-03 12:15:00+05:30,153.79,153.9,153.5,153.69,129871.0
2026-08-03 12:20:00+05:30,153.7,153.82,153.58,153.75,79091.0
2026-08-03 12:25:00+05:30,153.75,153.85,153.53,153.82,112309.0
2026-08-03 12:30:00+05:30,153.82,153.84,153.56,153.66,122529.0
2026-08-03 12:35:00+05:30,153.66,153.68,153.56,153.65,95453.0
2026-08-03 12:40:00+05:30,153.65,153.78,153.59,153.72,158833.0
2026-08-03 12:45:00+05:30,153.72,153.8,153.52,153.65,135782.0
2026-08-03 12:50:00+05:30,153.65,153.72,153.53,153.67,88577.0
2026-08-03 12:55:00+05:30,153.67,153.71,153.6,153.6,66442.0
2026-08-03 13:00:00+05:30,153.66,153.85,153.6,153.75,140351.0
2026-08-03 13:05:00+05:30,153.75,153.86,153.72,153.8,114386.0
2026-08-03 13:10:00+05:30,153.8,153.85,153.53,153.71,328065.0
2026-08-03 13:15:00+05:30,153.71,153.84,153.67,153.82,58043.0
2026-08-03 13:20:00+05:30,153.82,153.85,153.75,153.83,63003.0
2026-08-03 13:25:00+05:30,153.83,153.86,153.6,153.69,92765.0
2026-08-03 13:30:00+05:30,153.69,153.75,153.38,153.5,219858.0
2026-08-03 13:35:00+05:30,153.5,153.6,153.45,153.52,76502.0
2026-08-03 13:40:00+05:30,153.51,153.55,153.01,153.48,410778.0
2026-08-03 13:45:00+05:30,153.48,153.71,153.41,153.6,217442.0
2026-08-03 13:50:00+05:30,153.6,153.67,153.5,153.56,644576.0
2026-08-03 13:55:00+05:30,153.56,153.79,153.56,153.68,122253.0
2026-08-03 14:00:00+05:30,153.68,153.73,153.6,153.73,66254.0
2026-08-03 14:05:00+05:30,153.73,153.8,153.68,153.76,92732.0
2026-08-03 14:10:00+05:30,153.77,153.78,153.5,153.53,175312.0
2026-08-03 14:15:00+05:30,153.53,153.6,153.5,153.55,233437.0
2026-08-03 14:20:00+05:30,153.55,153.6,153.5,153.6,86381.0
2026-08-03 14:25:00+05:30,153.59,153.67,153.53,153.65,78726.0
2026-08-03 14:30:00+05:30,153.66,153.7,153.6,153.64,77612.0
2026-08-03 14:35:00+05:30,153.68,153.71,153.51,153.56,82783.0
2026-08-03 14:40:00+05:30,153.56,153.6,153.5,153.57,80114.0
2026-08-03 14:45:00+05:30,153.56,154.16,153.5,154.09,1433003.0
2026-08-03 14:50:00+05:30,154.08,154.09,154.0,154.02,181894.0
2026-08-03 14:55:00+05:30,154.02,154.22,154.0,154.14,243885.0
2026-08-03 15:00:00+05:30,154.19,155.01,153.99,154.13,2307939.0
2026-08-03 15:05:00+05:30,154.14,154.15,153.72,153.81,753013.0
2026-08-03 15:10:00+05:30,153.79,154.51,153.71,154.4,627312.0
2026-08-04 09:15:00+05:30,155.01,155.2,154.38,155.0,535419.0
2026-08-04 09:20:00+05:30,155.05,155.87,154.79,155.49,585601.0
2026-08-04 09:25:00+05:30,155.46,155.5,155.05,155.19,227607.0
2026-08-04 09:30:00+05:30,155.19,155.47,154.9,155.3,346008.0
2026-08-04 09:35:00+05:30,155.28,155.3,154.98,155.08,145485.0
2026-08-04 09:40:00+05:30,155.08,155.08,154.05,154.27,453824.0
2026-08-04 09:45:00+05:30,154.27,154.33,153.21,153.24,646276.0
2026-08-04 09:50:00+05:30,153.22,153.46,153.05,153.26,565743.0
2026-08-04 09:55:00+05:30,153.31,153.39,153.1,153.19,284081.0
2026-08-04 10:00:00+05:30,153.19,153.27,152.63,153.27,621981.0
2026-08-04 10:05:00+05:30,153.27,153.4,153.09,153.09,168598.0
2026-08-04 10:10:00+05:30,153.11,153.15,153.0,153.07,173130.0
2026-08-04 10:15:00+05:30,153.07,153.83,153.07,153.81,176744.0
2026-08-04 10:20:00+05:30,153.81,153.89,153.4,153.4,119722.0
2026-08-04 10:25:00+05:30,153.4,153.75,153.15,153.18,195342.0
2026-08-04 10:30:00+05:30,153.18,153.18,152.31,152.31,328944.0
2026-08-04 10:35:00+05:30,152.31,152.42,151.62,152.04,865331.0
2026-08-04 10:40:00+05:30,152.05,152.45,151.97,152.4,165235.0
2026-08-04 10:45:00+05:30,152.4,152.62,152.35,152.55,150135.0
2026-08-04 10:50:00+05:30,152.57,152.79,152.36,152.59,127411.0
2026-08-04 10:55:00+05:30,152.59,152.74,152.52,152.71,86907.0
2026-08-04 11:00:00+05:30,152.71,153.19,152.66,153.18,182853.0
2026-08-04 11:05:00+05:30,153.18,153.2,153.01,153.07,69632.0
2026-08-04 11:10:00+05:30,153.08,153.08,152.7,153.02,93927.0
2026-08-04 11:15:00+05:30,153.04,153.14,151.78,152.04,325286.0
2026-08-04 11:20:00+05:30,152.04,152.15,151.65,151.69,191276.0
2026-08-04 11:25:00+05:30,151.69,152.17,151.66,151.98,338271.0
2026-08-04 11:30:00+05:30,151.98,152.15,151.84,152.07,89444.0
2026-08-04 11:35:00+05:30,152.07,152.13,151.5,152.03,250186.0
2026-08-04 11:40:00+05:30,152.03,152.03,151.2,151.47,379787.0
2026-08-04 11:45:00+05:30,151.42,151.47,151.13,151.17,119347.0
2026-08-04 11:50:00+05:30,151.17,151.39,151.01,151.03,179040.0
2026-08-04 11:55:00+05:30,151.04,151.14,150.81,151.14,292574.0
2026-08-04 12:00:00+05:30,151.14,151.44,151.07,151.39,82494.0
2026-08-04 12:05:00+05:30,151.39,151.53,151.23,151.27,94186.0
2026-08-04 12:10:00+05:30,151.27,151.3,151.06,151.28,70631.0
2026-08-04 12:15:00+05:30,151.28,151.31,150.8,150.91,144138.0
2026-08-04 12:20:00+05:30,150.93,151.67,150.81,151.65,228853.0
2026-08-04 12:25:00+05:30,151.66,151.8,151.53,151.55,65760.0
2026-08-04 12:30:00+05:30,151.55,151.7,151.54,151.63,50180.0
2026-08-04 12:35:00+05:30,151.63,151.78,151.61,151.75,103808.0
2026-08-04 12:40:00+05:30,151.75,151.83,151.62,151.71,35804.0
2026-08-04 12:45:00+05:30,151.69,151.73,151.3,151.52,75918.0
2026-08-04 12:50:00+05:30,151.51,151.54,151.12,151.31,220960.0
2026-08-04 12:55:00+05:30,151.31,151.33,151.1,151.2,164857.0
2026-08-04 13:00:00+05:30,151.24,151.32,151.05,151.08,214586.0
2026-08-04 13:05:00+05:30,151.1,151.13,150.81,150.86,176039.0
2026-08-04 13:10:00+05:30,150.85,150.85,150.5,150.51,235044.0
2026-08-04 13:15:00+05:30,150.55,150.79,150.26,150.7,320193.0
2026-08-04 13:20:00+05:30,150.7,151.2,150.63,151.13,177001.0
2026-08-04 13:25:00+05:30,151.13,151.17,150.71,150.74,165274.0
2026-08-04 13:30:00+05:30,150.74,150.77,150.61,150.7,158749.0
2026-08-04 13:35:00+05:30,150.69,150.75,150.57,150.73,180445.0
2026-08-04 13:40:00+05:30,150.72,150.73,150.51,150.51,159531.0
2026-08-04 13:45:00+05:30,150.51,150.97,150.5,150.85,224430.0
2026-08-04 13:50:00+05:30,150.85,150.85,150.62,150.67,139099.0
2026-08-04 13:55:00+05:30,150.67,150.67,150.32,150.37,234963.0
2026-08-04 14:00:00+05:30,150.35,150.52,150.27,150.47,216326.0
2026-08-04 14:05:00+05:30,150.48,150.83,150.46,150.78,172073.0
2026-08-04 14:10:00+05:30,150.78,151.05,150.75,150.79,172598.0
2026-08-04 14:15:00+05:30,150.79,150.89,150.67,150.86,346525.0
2026-08-04 14:20:00+05:30,150.86,150.96,150.0,150.0,891430.0
2026-08-04 14:25:00+05:30,150.08,150.25,149.58,149.75,1388832.0
2026-08-04 14:30:00+05:30,149.75,150.07,149.53,149.7,1285247.0
2026-08-04 14:35:00+05:30,149.7,149.75,148.81,148.89,1015701.0
2026-08-04 14:40:00+05:30,148.86,149.27,148.82,148.9,1255602.0
2026-08-04 14:45:00+05:30,148.87,148.99,148.7,148.91,649623.0
2026-08-04 14:50:00+05:30,148.92,149.0,148.5,148.74,1565328.0
2026-08-04 14:55:00+05:30,148.74,148.97,148.41,148.41,1926900.0
2026-08-04 15:00:00+05:30,148.45,149.38,148.34,149.28,924830.0
2026-08-04 15:05:00+05:30,149.21,149.4,149.1,149.35,757330.0
2026-08-04 15:10:00+05:30,149.35,149.7,149.2,149.7,795036.0
2026-08-05 09:15:00+05:30,152.0,152.0,150.9,151.76,484859.0
2026-08-05 09:20:00+05:30,151.76,151.92,151.3,151.71,234539.0
2026-08-05 09:25:00+05:30,151.71,152.9,151.71,152.74,468061.0
2026-08-05 09:30:00+05:30,152.8,153.63,152.35,153.3,564213.0
2026-08-05 09:35:00+05:30,153.3,153.5,153.1,153.22,399934.0
2026-08-05 09:40:00+05:30,153.25,153.83,153.05,153.37,566576.0
2026-08-05 09:45:00+05:30,153.4,153.62,153.11,153.11,323674.0
2026-08-05 09:50:00+05:30,153.15,153.24,152.82,153.01,252688.0
2026-08-05 09:55:00+05:30,153.01,153.05,152.86,153.0,233446.0
2026-08-05 10:00:00+05:30,153.12,153.82,153.09,153.64,380441.0
2026-08-05 10:05:00+05:30,153.63,153.72,153.32,153.53,165828.0
2026-08-05 10:10:00+05:30,153.59,153.73,153.53,153.72,163965.0
2026-08-05 10:15:00+05:30,153.73,153.78,153.36,153.54,138352.0
2026-08-05 10:20:00+05:30,153.56,153.71,153.53,153.6,101418.0
2026-08-05 10:25:00+05:30,153.6,153.64,153.14,153.2,186979.0
2026-08-05 10:30:00+05:30,153.2,153.63,152.99,153.32,278880.0
2026-08-05 10:35:00+05:30,153.32,153.5,153.26,153.35,228927.0
2026-08-05 10:40:00+05:30,153.35,153.44,153.16,153.38,129998.0
2026-08-05 10:45:00+05:30,153.38,154.08,153.32,153.97,471948.0
2026-08-05 10:50:00+05:30,153.94,153.99,153.6,153.63,110441.0
2026-08-05 10:55:00+05:30,153.63,154.43,153.51,154.3,418693.0
2026-08-05 11:00:00+05:30,154.29,154.35,154.07,154.13,162726.0
2026-08-05 11:05:00+05:30,154.13,155.02,153.91,154.21,1694788.0
2026-08-05 11:10:00+05:30,154.21,154.64,154.08,154.64,164755.0
2026-08-05 11:15:00+05:30,154.64,154.92,154.56,154.82,382435.0
2026-08-05 11:20:00+05:30,154.82,155.0,154.2,154.89,546142.0
2026-08-05 11:25:00+05:30,154.89,154.93,154.31,154.41,186123.0
2026-08-05 11:30:00+05:30,154.42,154.48,154.21,154.23,165939.0
2026-08-05 11:35:00+05:30,154.23,154.3,154.05,154.18,125455.0
2026-08-05 11:40:00+05:30,154.18,154.42,154.08,154.28,218376.0
2026-08-05 11:45:00+05:30,154.28,154.32,154.0,154.01,153464.0
2026-08-05 11:50:00+05:30,154.01,154.06,153.75,153.9,151601.0
2026-08-05 11:55:00+05:30,153.9,154.0,153.89,153.92,139042.0
2026-08-05 12:00:00+05:30,153.93,154.25,153.88,154.14,230028.0
2026-08-05 12:05:00+05:30,154.12,154.18,154.07,154.14,44167.0
2026-08-05 12:10:00+05:30,154.14,154.15,153.93,154.08,52146.0
2026-08-05 12:15:00+05:30,154.07,154.3,154.03,154.15,73928.0
2026-08-05 12:20:00+05:30,154.1,154.21,154.06,154.2,72752.0
2026-08-05 12:25:00+05:30,154.2,154.36,154.1,154.2,62727.0
2026-08-05 12:30:00+05:30,154.15,154.19,153.85,153.95,120760.0
2026-08-05 12:35:00+05:30,153.87,154.0,153.82,153.98,54785.0
2026-08-05 12:40:00+05:30,153.98,154.14,153.92,154.06,54219.0
2026-08-05 12:45:00+05:30,154.06,154.15,153.97,153.98,68980.0
2026-08-05 12:50:00+05:30,153.98,154.15,153.93,154.09,102585.0
2026-08-05 12:55:00+05:30,154.08,154.33,154.04,154.32,74804.0
2026-08-05 13:00:00+05:30,154.28,154.34,154.19,154.28,93275.0
2026-08-05 13:05:00+05:30,154.26,154.27,154.1,154.21,85244.0
2026-08-05 13:10:00+05:30,154.21,154.25,153.92,153.94,82661.0
2026-08-05 13:15:00+05:30,153.93,154.2,153.92,154.2,50166.0
2026-08-05 13:20:00+05:30,154.19,154.42,154.04,154.29,132069.0
2026-08-05 13:25:00+05:30,154.29,154.29,154.13,154.17,47018.0
2026-08-05 13:30:00+05:30,154.18,154.33,154.08,154.08,87888.0
2026-08-05 13:35:00+05:30,154.08,154.3,154.08,154.23,89414.0
2026-08-05 13:40:00+05:30,154.23,154.3,153.94,154.0,242797.0
2026-08-05 13:45:00+05:30,154.0,154.42,153.95,154.29,154515.0
2026-08-05 13:50:00+05:30,154.29,154.47,154.24,154.47,176483.0
2026-08-05 13:55:00+05:30,154.47,154.5,154.29,154.43,162371.0
2026-08-05 14:00:00+05:30,154.38,154.6,154.19,154.46,165204.0
2026-08-05 14:05:00+05:30,154.5,155.88,154.43,155.85,1194820.0
2026-08-05 14:10:00+05:30,155.8,156.39,155.7,155.8,968367.0
2026-08-05 14:15:00+05:30,155.8,155.95,155.2,155.2,627894.0
2026-08-05 14:20:00+05:30,155.2,155.48,155.1,155.29,229652.0
2026-08-05 14:25:00+05:30,155.3,155.45,154.75,154.99,381386.0
2026-08-05 14:30:00+05:30,155.0,155.0,154.65,154.92,261535.0
2026-08-05 14:35:00+05:30,154.94,154.97,154.57,154.58,331865.0
2026-08-05 14:40:00+05:30,154.58,154.7,154.3,154.42,373251.0
2026-08-05 14:45:00+05:30,154.43,154.63,154.3,154.56,274973.0
2026-08-05 14:50:00+05:30,154.56,154.56,154.35,154.42,237781.0
2026-08-05 14:55:00+05:30,154.42,154.54,154.39,154.41,309104.0
2026-08-05 15:00:00+05:30,154.42,154.5,154.08,154.4,486043.0
2026-08-05 15:05:00+05:30,154.39,154.42,154.13,154.2,529755.0
2026-08-05 15:10:00+05:30,154.21,154.66,154.12,154.64,880630.0
2026-08-06 09:15:00+05:30,155.3,155.9,154.39,154.63,920680.0
2026-08-06 09:20:00+05:30,154.74,155.21,154.55,154.96,408024.0
2026-08-06 09:25:00+05:30,154.89,155.15,154.67,155.0,234231.0
2026-08-06 09:30:00+05:30,155.01,155.27,155.0,155.1,216220.0
2026-08-06 09:35:00+05:30,155.1,155.38,154.6,154.95,1386697.0
2026-08-06 09:40:00+05:30,155.0,155.6,154.78,155.18,429485.0
2026-08-06 09:45:00+05:30,155.12,155.35,155.11,155.25,159366.0
2026-08-06 09:50:00+05:30,155.25,155.35,155.06,155.06,198734.0
2026-08-06 09:55:00+05:30,155.1,155.16,154.35,154.6,324427.0
2026-08-06 10:00:00+05:30,154.59,154.81,154.21,154.32,279524.0
2026-08-06 10:05:00+05:30,154.33,154.84,154.25,154.74,172539.0
2026-08-06 10:10:00+05:30,154.74,155.07,154.74,154.85,141510.0
2026-08-06 10:15:00+05:30,154.86,155.03,154.83,155.0,79632.0
2026-08-06 10:20:00+05:30,154.98,155.26,154.79,155.2,194321.0
2026-08-06 10:25:00+05:30,155.23,155.33,155.1,155.19,170256.0
2026-08-06 10:30:00+05:30,155.2,155.68,155.2,155.56,259129.0
2026-08-06 10:35:00+05:30,155.52,155.98,155.34,155.89,320501.0
2026-08-06 10:40:00+05:30,155.85,156.63,155.82,156.6,505812.0
2026-08-06 10:45:00+05:30,156.61,156.88,156.5,156.68,453541.0
2026-08-06 10:50:00+05:30,156.65,156.81,156.3,156.53,372028.0
2026-08-06 10:55:00+05:30,156.5,156.65,156.22,156.43,206703.0
2026-08-06 11:00:00+05:30,156.39,156.54,156.2,156.53,122987.0
2026-08-06 11:05:00+05:30,156.5,156.75,156.45,156.45,192934.0
2026-08-06 11:10:00+05:30,156.52,156.73,156.4,156.6,158310.0
2026-08-06 11:15:00+05:30,156.55,156.6,155.7,156.08,675983.0
2026-08-06 11:20:00+05:30,156.07,156.15,155.68,155.75,187176.0
2026-08-06 11:25:00+05:30,155.75,156.11,155.75,155.88,125208.0
2026-08-06 11:30:00+05:30,155.91,156.0,155.7,155.7,82098.0
2026-08-06 11:35:00+05:30,155.72,155.77,154.01,154.71,715804.0
2026-08-06 11:40:00+05:30,154.39,156.95,151.61,156.38,5401434.0
2026-08-06 11:45:00+05:30,156.33,156.33,154.55,155.52,2130054.0
2026-08-06 11:50:00+05:30,155.52,157.99,155.32,157.05,3069402.0
2026-08-06 11:55:00+05:30,156.96,157.0,153.85,154.42,2233550.0
2026-08-06 12:00:00+05:30,154.43,154.49,152.85,153.09,2012001.0
2026-08-06 12:05:00+05:30,153.09,153.43,152.32,153.34,1088015.0
2026-08-06 12:10:00+05:30,153.34,153.42,152.76,153.16,1094160.0
2026-08-06 12:15:00+05:30,153.18,154.62,152.72,153.85,1759225.0
2026-08-06 12:20:00+05:30,153.85,154.92,153.71,154.66,1228152.0
2026-08-06 12:25:00+05:30,154.66,154.74,154.37,154.5,209398.0
2026-08-06 12:30:00+05:30,154.5,154.7,154.35,154.41,288038.0
2026-08-06 12:35:00+05:30,154.41,154.8,154.41,154.51,274267.0
2026-08-06 12:40:00+05:30,154.5,154.66,153.86,154.02,345330.0
2026-08-06 12:45:00+05:30,154.02,154.45,153.81,154.0,289568.0
2026-08-06 12:50:00+05:30,154.04,154.08,153.37,153.61,256437.0
2026-08-06 12:55:00+05:30,153.65,153.86,153.55,153.79,138520.0
2026-08-06 13:00:00+05:30,153.79,154.43,153.69,154.31,181223.0
2026-08-06 13:05:00+05:30,154.39,154.43,153.93,154.04,190432.0
2026-08-06 13:10:00+05:30,154.07,154.09,153.67,153.75,150882.0
2026-08-06 13:15:00+05:30,153.75,154.05,153.67,153.99,153938.0
2026-08-06 13:20:00+05:30,154.04,154.25,153.84,153.87,146575.0
2026-08-06 13:25:00+05:30,153.92,154.49,153.85,154.45,218249.0
2026-08-06 13:30:00+05:30,154.46,154.49,153.94,154.33,210749.0
2026-08-06 13:35:00+05:30,154.33,154.55,154.31,154.33,211499.0
2026-08-06 13:40:00+05:30,154.34,154.5,154.13,154.31,200922.0
2026-08-06 13:45:00+05:30,154.31,154.42,153.8,153.85,255778.0
2026-08-06 13:50:00+05:30,153.84,154.0,153.56,153.89,206838.0
2026-08-06 13:55:00+05:30,153.92,153.99,153.68,153.83,120904.0
2026-08-06 14:00:00+05:30,153.83,153.9,153.65,153.73,169726.0
2026-08-06 14:05:00+05:30,153.73,153.85,153.62,153.65,154212.0
2026-08-06 14:10:00+05:30,153.7,153.9,153.52,153.52,272253.0
2026-08-06 14:15:00+05:30,153.51,153.58,153.25,153.35,214779.0
2026-08-06 14:20:00+05:30,153.28,153.45,153.15,153.35,232727.0
2026-08-06 14:25:00+05:30,153.4,153.4,153.17,153.26,158897.0
2026-08-06 14:30:00+05:30,153.31,153.55,153.21,153.5,115320.0
2026-08-06 14:35:00+05:30,153.55,154.05,153.3,154.0,674478.0
2026-08-06 14:40:00+05:30,154.0,154.32,153.56,154.25,384534.0
2026-08-06 14:45:00+05:30,154.29,154.6,154.22,154.3,586768.0
2026-08-06 14:50:00+05:30,154.29,154.41,154.01,154.09,270404.0
2026-08-06 14:55:00+05:30,154.1,154.34,153.87,153.95,387739.0
2026-08-06 15:00:00+05:30,153.85,153.86,153.21,153.4,451830.0
2026-08-06 15:05:00+05:30,153.33,154.02,153.27,153.59,593034.0
2026-08-06 15:10:00+05:30,153.62,154.0,153.25,154.0,659756.0
2026-08-06 15:15:00+05:30,154.0,154.0,154.0,154.0,0.0
2026-08-06 15:20:00+05:30,154.0,154.0,154.0,154.0,0.0
2026-08-06 15:25:00+05:30,154.0,155.0,154.0,155.0,839050.0
2026-08-06 15:30:00+05:30,155.0,155.0,155.0,155.0,0.0
2026-08-06 15:35:00+05:30,155.0,155.0,155.0,155.0,0.0
2026-08-07 09:15:00+05:30,155.17,163.8,155.17,162.09,5721906.0
2026-08-07 09:20:00+05:30,162.09,162.45,161.2,161.34,2476405.0
2026-08-07 09:25:00+05:30,161.29,161.88,160.97,161.55,1608167.0
2026-08-07 09:30:00+05:30,161.51,161.98,161.2,161.53,874891.0
2026-08-07 09:35:00+05:30,161.61,162.45,161.25,162.1,1622131.0
2026-08-07 09:40:00+05:30,162.1,163.3,162.02,163.22,2340691.0
2026-08-07 09:45:00+05:30,163.29,163.5,162.97,163.04,1675785.0
2026-08-07 09:50:00+05:30,163.02,163.8,162.81,163.59,1436723.0
2026-08-07 09:55:00+05:30,163.54,164.6,163.52,164.21,2622647.0
2026-08-07 10:00:00+05:30,164.23,164.48,164.05,164.1,1268382.0
2026-08-07 10:05:00+05:30,164.1,164.39,164.1,164.3,1002921.0
2026-08-07 10:10:00+05:30,164.35,164.85,164.2,164.56,1496042.0
2026-08-07 10:15:00+05:30,164.52,164.54,164.2,164.36,1155180.0
2026-08-07 10:20:00+05:30,164.35,165.25,164.21,165.17,2040354.0
2026-08-07 10:25:00+05:30,165.16,166.39,165.11,166.36,3442166.0
2026-08-07 10:30:00+05:30,166.4,166.5,165.8,165.8,2226355.0
2026-08-07 10:35:00+05:30,166.13,166.79,165.91,166.55,2062711.0
2026-08-07 10:40:00+05:30,166.6,167.27,165.95,167.03,2523361.0
2026-08-07 10:45:00+05:30,167.09,167.1,166.27,166.66,1993569.0
2026-08-07 10:50:00+05:30,166.67,167.17,166.39,166.91,1474385.0
2026-08-07 10:55:00+05:30,166.99,168.3,166.91,168.16,3762041.0
2026-08-07 11:00:00+05:30,168.14,168.95,168.04,168.88,3927002.0
2026-08-07 11:05:00+05:30,168.9,168.9,168.0,168.55,3684287.0
2026-08-07 11:10:00+05:30,168.6,168.85,166.98,167.71,4323979.0
2026-08-07 11:15:00+05:30,167.71,168.5,167.7,168.44,2505313.0
2026-08-07 11:20:00+05:30,168.36,168.8,167.61,167.93,4461490.0
2026-08-07 11:25:00+05:30,167.95,167.95,166.82,167.35,3137586.0
2026-08-07 11:30:00+05:30,167.3,167.9,166.9,167.0,3657599.0
2026-08-07 11:35:00+05:30,167.01,167.8,167.01,167.64,1515683.0
2026-08-07 11:40:00+05:30,167.65,168.19,167.54,168.02,1114101.0
2026-08-07 11:45:00+05:30,168.05,168.24,167.67,167.72,1394433.0
2026-08-07 11:50:00+05:30,167.69,167.9,167.51,167.63,520768.0
2026-08-07 11:55:00+05:30,167.68,167.95,167.61,167.87,578434.0
2026-08-07 12:00:00+05:30,167.81,168.6,167.8,168.42,1553568.0
2026-08-07 12:05:00+05:30,168.36,168.45,168.02,168.2,633933.0
2026-08-07 12:10:00+05:30,168.2,168.25,167.72,167.89,979522.0
2026-08-07 12:15:00+05:30,167.88,168.73,167.85,168.41,1368688.0
2026-08-07 12:20:00+05:30,168.41,168.7,168.41,168.56,783510.0
2026-08-07 12:25:00+05:30,168.56,168.69,168.33,168.53,902521.0
2026-08-07 12:30:00+05:30,168.53,168.88,168.1,168.16,1023904.0
2026-08-07 12:35:00+05:30,168.16,168.39,167.92,168.1,740485.0
2026-08-07 12:40:00+05:30,168.04,168.65,168.04,168.59,794965.0
2026-08-07 12:45:00+05:30,168.65,168.67,168.1,168.1,401342.0
2026-08-07 12:50:00+05:30,168.1,168.67,168.1,168.67,543705.0
2026-08-07 12:55:00+05:30,168.64,168.74,168.49,168.56,575623.0
2026-08-07 13:00:00+05:30,168.56,168.65,168.1,168.3,764695.0
2026-08-07 13:05:00+05:30,168.3,168.47,167.86,167.9,678332.0
2026-08-07 13:10:00+05:30,167.82,168.0,167.51,167.71,1158038.0
2026-08-07 13:15:00+05:30,167.74,168.0,167.61,167.86,508796.0
2026-08-07 13:20:00+05:30,167.93,168.2,167.75,168.15,489640.0
2026-08-07 13:25:00+05:30,168.15,168.26,167.87,167.9,521136.0
2026-08-07 13:30:00+05:30,167.93,168.4,167.86,168.08,660084.0
2026-08-07 13:35:00+05:30,168.17,168.38,168.12,168.21,280504.0
2026-08-07 13:40:00+05:30,168.26,168.35,168.15,168.3,321259.0
2026-08-07 13:45:00+05:30,168.34,168.42,168.0,168.02,529291.0
2026-08-07 13:50:00+05:30,168.09,168.6,168.0,168.39,1152176.0
2026-08-07 13:55:00+05:30,168.46,168.87,168.12,168.15,1111563.0
2026-08-07 14:00:00+05:30,168.14,168.49,168.1,168.4,862990.0
2026-08-07 14:05:00+05:30,168.45,169.3,168.29,168.42,1696815.0
2026-08-07 14:10:00+05:30,168.5,168.6,168.35,168.48,478340.0
2026-08-07 14:15:00+05:30,168.49,168.5,168.39,168.48,389972.0
2026-08-07 14:20:00+05:30,168.49,168.5,168.37,168.44,261180.0
2026-08-07 14:25:00+05:30,168.44,169.4,168.4,169.21,1530106.0
2026-08-07 14:30:00+05:30,169.2,169.8,169.2,169.7,1963312.0
2026-08-07 14:35:00+05:30,169.7,169.73,169.29,169.42,1320201.0
2026-08-07 14:40:00+05:30,169.4,169.44,168.27,168.6,2080509.0
2026-08-07 14:45:00+05:30,168.66,168.7,168.09,168.5,1132409.0
2026-08-07 14:50:00+05:30,168.5,168.56,168.12,168.46,965312.0
2026-08-07 14:55:00+05:30,168.44,168.84,168.32,168.71,1015798.0
2026-08-07 15:00:00+05:30,168.75,169.0,168.55,169.0,1813247.0
2026-08-07 15:05:00+05:30,169.0,169.37,168.65,169.09,2521404.0
2026-08-07 15:10:00+05:30,169.17,169.44,168.6,168.6,2586795.0
2026-08-10 09:15:00+05:30,170.0,171.3,169.06,170.9,3008957.0
2026-08-10 09:20:00+05:30,170.91,171.5,170.67,171.33,1967029.0
2026-08-10 09:25:00+05:30,171.4,172.0,171.16,171.86,2015668.0
2026-08-10 09:30:00+05:30,171.77,171.84,170.8,171.25,1154626.0
2026-08-10 09:35:00+05:30,171.2,171.6,170.82,170.9,965895.0
2026-08-10 09:40:00+05:30,170.95,170.95,169.31,169.5,1569519.0
2026-08-10 09:45:00+05:30,169.52,169.6,168.5,168.61,1260896.0
2026-08-10 09:50:00+05:30,168.65,168.99,168.14,168.66,971594.0
2026-08-10 09:55:00+05:30,168.6,169.29,168.31,169.14,817898.0
2026-08-10 10:00:00+05:30,169.2,169.79,169.13,169.37,883677.0
2026-08-10 10:05:00+05:30,169.4,169.4,169.0,169.19,298676.0
2026-08-10 10:10:00+05:30,169.19,169.4,168.53,168.64,394407.0
2026-08-10 10:15:00+05:30,168.6,168.78,168.46,168.64,261603.0
2026-08-10 10:20:00+05:30,168.69,168.75,168.35,168.53,235993.0
2026-08-10 10:25:00+05:30,168.53,169.36,168.38,168.73,306953.0
2026-08-10 10:30:00+05:30,168.72,168.95,168.1,168.21,542833.0
2026-08-10 10:35:00+05:30,168.21,168.95,168.21,168.93,334131.0
2026-08-10 10:40:00+05:30,168.89,169.0,168.61,168.7,244908.0
2026-08-10 10:45:00+05:30,168.7,169.68,168.62,169.6,402735.0
2026-08-10 10:50:00+05:30,169.58,169.74,169.31,169.4,318914.0
2026-08-10 10:55:00+05:30,169.39,169.69,169.36,169.66,177098.0
2026-08-10 11:00:00+05:30,169.61,169.7,169.31,169.68,170684.0
2026-08-10 11:05:00+05:30,169.68,169.92,169.6,169.8,277267.0
2026-08-10 11:10:00+05:30,169.8,169.8,169.55,169.77,171991.0
2026-08-10 11:15:00+05:30,169.77,169.85,169.63,169.85,146406.0
2026-08-10 11:20:00+05:30,169.85,170.0,169.81,169.99,229430.0
2026-08-10 11:25:00+05:30,169.91,170.0,169.75,169.84,222806.0
2026-08-10 11:30:00+05:30,169.82,169.99,169.41,169.64,215582.0
2026-08-10 11:35:00+05:30,169.58,169.75,169.34,169.72,137615.0
2026-08-10 11:40:00+05:30,169.66,169.8,169.54,169.69,123917.0
2026-08-10 11:45:00+05:30,169.69,169.75,169.55,169.73,167986.0
2026-08-10 11:50:00+05:30,169.73,169.89,169.62,169.7,125280.0
2026-08-10 11:55:00+05:30,169.7,169.86,169.61,169.66,95071.0
2026-08-10 12:00:00+05:30,169.63,169.74,169.42,169.51,138684.0
2026-08-10 12:05:00+05:30,169.51,169.71,169.5,169.69,75537.0
2026-08-10 12:10:00+05:30,169.69,169.74,169.55,169.74,95963.0
2026-08-10 12:15:00+05:30,169.72,169.74,169.55,169.69,78144.0
2026-08-10 12:20:00+05:30,169.69,169.74,169.5,169.65,92955.0
2026-08-10 12:25:00+05:30,169.63,169.69,168.85,168.99,241052.0
2026-08-10 12:30:00+05:30,168.99,169.23,168.88,169.2,137389.0
2026-08-10 12:35:00+05:30,169.01,169.44,168.99,169.36,146768.0
2026-08-10 12:40:00+05:30,169.43,169.49,169.26,169.4,126199.0
2026-08-10 12:45:00+05:30,169.4,169.44,169.22,169.42,63357.0
2026-08-10 12:50:00+05:30,169.41,169.5,169.28,169.5,93488.0
2026-08-10 12:55:00+05:30,169.47,169.56,169.43,169.54,100412.0
2026-08-10 13:00:00+05:30,169.54,169.55,169.39,169.49,76341.0
2026-08-10 13:05:00+05:30,169.49,169.55,169.45,169.52,73799.0
2026-08-10 13:10:00+05:30,169.52,169.55,169.2,169.34,116273.0
2026-08-10 13:15:00+05:30,169.34,169.54,168.77,168.8,236132.0
2026-08-10 13:20:00+05:30,168.8,169.0,168.71,168.95,106918.0
2026-08-10 13:25:00+05:30,168.95,169.07,168.86,168.99,113971.0
2026-08-10 13:30:00+05:30,169.04,169.16,168.85,169.1,124067.0
2026-08-10 13:35:00+05:30,169.09,169.17,168.9,168.98,127018.0
2026-08-10 13:40:00+05:30,168.98,169.06,168.81,168.9,146108.0
2026-08-10 13:45:00+05:30,168.9,168.96,168.34,168.45,353895.0
2026-08-10 13:50:00+05:30,168.4,168.85,168.29,168.69,192624.0
2026-08-10 13:55:00+05:30,168.66,168.66,167.8,168.26,405256.0
2026-08-10 14:00:00+05:30,168.26,168.4,168.03,168.04,110145.0
2026-08-10 14:05:00+05:30,168.06,168.2,167.77,167.94,313703.0
2026-08-10 14:10:00+05:30,167.95,168.16,167.87,168.11,205816.0
2026-08-10 14:15:00+05:30,168.14,168.14,167.71,168.04,193690.0
2026-08-10 14:20:00+05:30,168.09,168.11,167.67,167.72,156038.0
2026-08-10 14:25:00+05:30,167.72,167.94,167.26,167.94,458053.0
2026-08-10 14:30:00+05:30,167.99,168.19,167.82,167.91,301085.0
2026-08-10 14:35:00+05:30,167.91,168.2,167.67,168.0,327770.0
2026-08-10 14:40:00+05:30,168.0,168.41,167.82,168.41,382351.0
2026-08-10 14:45:00+05:30,168.39,168.47,168.11,168.23,261406.0
2026-08-10 14:50:00+05:30,168.17,168.23,167.81,168.11,293967.0
2026-08-10 14:55:00+05:30,168.05,168.1,167.81,167.96,402245.0
2026-08-10 15:00:00+05:30,167.93,168.0,167.8,167.95,407610.0
2026-08-10 15:05:00+05:30,167.89,167.92,167.49,167.68,971822.0
2026-08-10 15:10:00+05:30,167.68,167.89,167.16,167.66,931012.0
2026-08-11 09:15:00+05:30,168.5,170.03,168.16,169.76,754986.0
2026-08-11 09:20:00+05:30,169.8,169.91,168.5,168.87,472238.0
2026-08-11 09:25:00+05:30,168.99,169.4,168.9,168.9,273503.0
2026-08-11 09:30:00+05:30,168.94,169.43,168.8,169.0,326735.0
2026-08-11 09:35:00+05:30,168.97,169.17,168.76,168.81,164419.0
2026-08-11 09:40:00+05:30,168.91,168.94,168.46,168.68,258285.0
2026-08-11 09:45:00+05:30,168.71,168.72,168.2,168.41,333727.0
2026-08-11 09:50:00+05:30,168.41,168.61,168.01,168.03,177760.0
2026-08-11 09:55:00+05:30,168.07,168.26,168.0,168.12,173382.0
2026-08-11 10:00:00+05:30,168.22,168.22,167.44,167.6,227555.0
2026-08-11 10:05:00+05:30,167.55,167.92,167.46,167.8,294050.0
2026-08-11 10:10:00+05:30,167.8,167.99,167.7,167.9,196193.0
2026-08-11 10:15:00+05:30,167.87,168.0,167.71,167.88,174151.0
2026-08-11 10:20:00+05:30,167.9,167.99,167.55,167.84,588534.0
2026-08-11 10:25:00+05:30,167.85,168.0,167.79,167.99,132323.0
2026-08-11 10:30:00+05:30,168.0,168.49,167.99,168.35,644547.0
2026-08-11 10:35:00+05:30,168.35,168.95,168.35,168.91,499514.0
2026-08-11 10:40:00+05:30,168.9,169.34,168.67,169.15,361002.0
2026-08-11 10:45:00+05:30,169.16,169.21,168.82,168.98,256214.0
2026-08-11 10:50:00+05:30,168.98,169.0,168.77,168.97,150436.0
2026-08-11 10:55:00+05:30,168.97,169.04,168.77,168.91,133276.0
2026-08-11 11:00:00+05:30,168.91,169.06,168.81,168.85,926072.0
2026-08-11 11:05:00+05:30,168.85,169.45,168.83,169.13,608068.0
2026-08-11 11:10:00+05:30,169.08,169.44,169.05,169.25,135723.0
2026-08-11 11:15:00+05:30,169.26,169.42,169.13,169.27,156496.0
2026-08-11 11:20:00+05:30,169.27,169.28,168.6,168.72,243198.0
2026-08-11 11:25:00+05:30,168.72,168.8,168.51,168.53,93210.0
2026-08-11 11:30:00+05:30,168.53,168.78,168.51,168.7,113837.0
2026-08-11 11:35:00+05:30,168.7,168.79,168.5,168.5,115301.0
2026-08-11 11:40:00+05:30,168.5,168.75,168.5,168.58,113187.0
2026-08-11 11:45:00+05:30,168.61,168.68,168.54,168.58,55387.0
2026-08-11 11:50:00+05:30,168.58,168.66,168.18,168.22,224771.0
2026-08-11 11:55:00+05:30,168.22,168.34,168.05,168.21,202756.0
2026-08-11 12:00:00+05:30,168.21,168.42,168.21,168.37,100599.0
2026-08-11 12:05:00+05:30,168.37,168.95,168.31,168.47,265906.0
2026-08-11 12:10:00+05:30,168.47,169.03,168.46,168.78,2250213.0
2026-08-11 12:15:00+05:30,168.6,169.2,168.55,169.16,226872.0
2026-08-11 12:20:00+05:30,169.15,169.42,169.12,169.25,165766.0
2026-08-11 12:25:00+05:30,169.25,169.25,168.89,168.95,105867.0
2026-08-11 12:30:00+05:30,168.93,168.96,168.87,168.95,68406.0
2026-08-11 12:35:00+05:30,168.94,169.07,168.87,168.98,99472.0
2026-08-11 12:40:00+05:30,168.97,169.05,168.89,168.96,54855.0
2026-08-11 12:45:00+05:30,168.96,169.1,168.87,168.92,52959.0
2026-08-11 12:50:00+05:30,168.87,168.9,168.56,168.65,129611.0
2026-08-11 12:55:00+05:30,168.65,168.77,168.64,168.65,57947.0
2026-08-11 13:00:00+05:30,168.65,168.77,168.5,168.68,78739.0
2026-08-11 13:05:00+05:30,168.68,168.95,168.56,168.89,68979.0
2026-08-11 13:10:00+05:30,168.89,169.02,168.87,169.0,75278.0
2026-08-11 13:15:00+05:30,169.0,169.17,168.91,169.02,61722.0
2026-08-11 13:20:00+05:30,169.02,169.09,168.91,169.02,56902.0
2026-08-11 13:25:00+05:30,169.02,169.15,168.94,169.03,63710.0
2026-08-11 13:30:00+05:30,169.01,169.29,169.01,169.25,124431.0
2026-08-11 13:35:00+05:30,169.25,169.25,169.0,169.1,168671.0
2026-08-11 13:40:00+05:30,169.1,169.39,169.1,169.33,140964.0
2026-08-11 13:45:00+05:30,169.32,169.33,168.91,168.98,157753.0
2026-08-11 13:50:00+05:30,168.98,169.1,168.91,169.03,142630.0
2026-08-11 13:55:00+05:30,169.03,169.21,168.97,169.03,87200.0
2026-08-11 14:00:00+05:30,169.03,169.1,168.85,169.0,123485.0
2026-08-11 14:05:00+05:30,169.0,169.15,168.93,168.97,101374.0
2026-08-11 14:10:00+05:30,168.95,169.0,168.74,168.8,143007.0
2026-08-11 14:15:00+05:30,168.74,169.0,168.74,168.96,99060.0
2026-08-11 14:20:00+05:30,168.94,168.98,168.85,168.91,59690.0
2026-08-11 14:25:00+05:30,168.91,169.0,168.91,168.91,70767.0
2026-08-11 14:30:00+05:30,168.94,168.99,168.9,168.96,60230.0
2026-08-11 14:35:00+05:30,168.96,168.99,168.83,168.9,88443.0
2026-08-11 14:40:00+05:30,168.9,168.96,168.73,168.8,121758.0
2026-08-11 14:45:00+05:30,168.8,168.97,168.74,168.87,88291.0
2026-08-11 14:50:00+05:30,168.87,168.92,168.75,168.8,123935.0
2026-08-11 14:55:00+05:30,168.79,168.94,168.75,168.87,185312.0
2026-08-11 15:00:00+05:30,168.89,169.0,168.74,169.0,372727.0
2026-08-11 15:05:00+05:30,169.0,169.1,168.87,168.99,355807.0
2026-08-11 15:10:00+05:30,169.09,169.14,168.75,168.75,471645.0
