dt,open,high,low,close,volume
2026-05-29 09:15:00+05:30,222.82,225.99,222.27,224.71,2751.0
2026-05-29 09:20:00+05:30,225.99,225.99,224.0,224.0,781.0
2026-05-29 09:25:00+05:30,223.91,224.1,223.0,223.0,2687.0
2026-05-29 09:30:00+05:30,223.0,223.14,222.42,223.0,1305.0
2026-05-29 09:35:00+05:30,223.0,224.27,223.0,223.46,37.0
2026-05-29 09:40:00+05:30,223.46,224.3,223.46,223.64,154.0
2026-05-29 09:45:00+05:30,224.09,224.09,223.38,224.0,1435.0
2026-05-29 09:50:00+05:30,224.11,225.54,224.11,225.0,1150.0
2026-05-29 09:55:00+05:30,224.64,224.64,224.0,224.0,980.0
2026-05-29 10:00:00+05:30,224.74,224.74,224.74,224.74,103.0
2026-05-29 10:05:00+05:30,224.74,224.74,224.69,224.69,14.0
2026-05-29 10:10:00+05:30,224.69,224.77,224.69,224.77,85.0
2026-05-29 10:15:00+05:30,224.65,224.79,224.29,224.79,42.0
2026-05-29 10:20:00+05:30,224.88,224.92,224.34,224.41,305.0
2026-05-29 10:25:00+05:30,224.41,224.93,224.41,224.93,417.0
2026-05-29 10:30:00+05:30,224.93,224.93,224.6,224.6,32.0
2026-05-29 10:35:00+05:30,224.6,225.4,224.6,225.4,1031.0
2026-05-29 10:40:00+05:30,225.45,225.45,224.96,225.0,675.0
2026-05-29 10:45:00+05:30,225.0,225.0,224.51,224.51,2.0
2026-05-29 10:50:00+05:30,224.44,224.44,224.44,224.44,49.0
2026-05-29 10:55:00+05:30,224.44,224.44,224.44,224.44,0.0
2026-05-29 11:00:00+05:30,224.44,225.0,224.44,225.0,576.0
2026-05-29 11:05:00+05:30,225.0,225.0,225.0,225.0,5.0
2026-05-29 11:10:00+05:30,224.67,225.0,224.66,224.98,125.0
2026-05-29 11:15:00+05:30,224.98,225.0,224.98,225.0,889.0
2026-05-29 11:20:00+05:30,225.0,225.0,225.0,225.0,565.0
2026-05-29 11:25:00+05:30,225.0,225.05,224.59,225.05,231.0
2026-05-29 11:30:00+05:30,225.05,225.05,224.97,224.97,30.0
2026-05-29 11:35:00+05:30,224.58,224.58,224.58,224.58,100.0
2026-05-29 11:40:00+05:30,224.97,224.97,224.44,224.44,529.0
2026-05-29 11:45:00+05:30,224.4,224.4,224.29,224.29,11.0
2026-05-29 11:50:00+05:30,224.29,224.29,224.01,224.01,201.0
2026-05-29 11:55:00+05:30,224.01,224.01,224.01,224.01,0.0
2026-05-29 12:00:00+05:30,224.01,224.5,224.01,224.5,4054.0
2026-05-29 12:05:00+05:30,224.26,224.26,224.01,224.01,10.0
2026-05-29 12:10:00+05:30,224.01,224.01,224.0,224.0,641.0
2026-05-29 12:15:00+05:30,224.28,224.28,224.0,224.2,67.0
2026-05-29 12:20:00+05:30,224.2,224.2,224.0,224.0,13.0
2026-05-29 12:25:00+05:30,224.0,224.21,224.0,224.21,35.0
2026-05-29 12:30:00+05:30,224.21,224.21,222.5,222.58,4252.0
2026-05-29 12:35:00+05:30,222.5,222.75,222.41,222.41,123.0
2026-05-29 12:40:00+05:30,222.97,223.0,222.53,222.71,223.0
2026-05-29 12:45:00+05:30,222.71,223.26,222.71,223.26,200.0
2026-05-29 12:50:00+05:30,223.26,223.26,222.0,222.78,2614.0
2026-05-29 12:55:00+05:30,221.99,222.25,221.94,221.99,1182.0
2026-05-29 13:00:00+05:30,221.99,222.59,221.89,222.4,2651.0
2026-05-29 13:05:00+05:30,222.4,222.4,222.05,222.05,12.0
2026-05-29 13:10:00+05:30,222.05,222.1,221.82,221.98,471.0
2026-05-29 13:15:00+05:30,221.98,222.36,221.76,222.36,92.0
2026-05-29 13:20:00+05:30,222.39,222.39,221.78,221.87,437.0
2026-05-29 13:25:00+05:30,222.08,222.08,221.01,221.17,1927.0
2026-05-29 13:30:00+05:30,221.17,221.65,219.75,219.86,2815.0
2026-05-29 13:35:00+05:30,219.99,220.49,219.82,220.49,672.0
2026-05-29 13:40:00+05:30,220.09,220.93,220.01,220.25,477.0
2026-05-29 13:45:00+05:30,220.3,220.82,220.02,220.39,468.0
2026-05-29 13:50:00+05:30,220.02,220.1,219.24,219.24,6803.0
2026-05-29 13:55:00+05:30,219.2,219.7,219.01,219.01,324.0
2026-05-29 14:00:00+05:30,219.54,219.78,219.52,219.78,183.0
2026-05-29 14:05:00+05:30,219.83,219.83,219.48,219.48,120.0
2026-05-29 14:10:00+05:30,219.48,219.98,219.01,219.98,1289.0
2026-05-29 14:15:00+05:30,219.73,220.31,219.34,220.0,537.0
2026-05-29 14:20:00+05:30,220.0,220.0,219.43,219.92,190.0
2026-05-29 14:25:00+05:30,219.92,219.92,219.5,219.5,510.0
2026-05-29 14:30:00+05:30,219.99,219.99,219.6,219.6,30.0
2026-05-29 14:35:00+05:30,220.0,220.0,219.61,219.61,263.0
2026-05-29 14:40:00+05:30,219.99,220.14,219.62,219.97,748.0
2026-05-29 14:45:00+05:30,219.97,220.0,219.6,219.6,819.0
2026-05-29 14:50:00+05:30,219.6,220.37,218.95,219.19,3017.0
2026-05-29 14:55:00+05:30,219.5,219.58,219.21,219.21,201.0
2026-05-29 15:00:00+05:30,219.21,219.6,217.89,218.97,3074.0
2026-05-29 15:05:00+05:30,218.65,220.09,218.65,219.99,1917.0
2026-05-29 15:10:00+05:30,219.99,219.99,219.15,219.5,463.0
2026-05-29 15:15:00+05:30,219.76,220.0,219.0,219.02,3734.0
2026-05-29 15:20:00+05:30,219.97,219.98,219.0,219.51,522.0
2026-05-29 15:25:00+05:30,219.97,219.97,219.01,219.2,1631.0
2026-06-01 09:15:00+05:30,220.25,222.19,220.25,221.33,4255.0
2026-06-01 09:20:00+05:30,221.33,221.57,221.0,221.0,1359.0
2026-06-01 09:25:00+05:30,220.66,221.86,220.66,221.31,876.0
2026-06-01 09:30:00+05:30,221.31,221.58,221.0,221.08,82.0
2026-06-01 09:35:00+05:30,221.46,221.56,220.7,221.19,1369.0
2026-06-01 09:40:00+05:30,221.05,222.58,221.05,222.38,2055.0
2026-06-01 09:45:00+05:30,222.38,222.99,222.38,222.66,600.0
2026-06-01 09:50:00+05:30,222.42,223.52,221.78,223.05,1254.0
2026-06-01 09:55:00+05:30,222.7,222.7,222.12,222.58,156.0
2026-06-01 10:00:00+05:30,222.5,222.5,220.82,220.82,538.0
2026-06-01 10:05:00+05:30,221.2,221.29,220.71,221.29,1969.0
2026-06-01 10:10:00+05:30,221.0,221.43,220.7,221.43,207.0
2026-06-01 10:15:00+05:30,221.43,221.58,221.0,221.58,401.0
2026-06-01 10:20:00+05:30,221.08,221.41,221.08,221.41,12.0
2026-06-01 10:25:00+05:30,221.42,221.86,221.41,221.41,24.0
2026-06-01 10:30:00+05:30,221.41,221.81,221.41,221.81,3.0
2026-06-01 10:35:00+05:30,221.81,222.0,221.19,221.21,387.0
2026-06-01 10:40:00+05:30,221.21,221.79,221.21,221.79,122.0
2026-06-01 10:45:00+05:30,221.79,221.9,221.24,221.24,533.0
2026-06-01 10:50:00+05:30,221.51,221.51,221.35,221.5,980.0
2026-06-01 10:55:00+05:30,221.5,221.5,221.48,221.48,89.0
2026-06-01 11:00:00+05:30,221.37,221.37,221.37,221.37,9.0
2026-06-01 11:05:00+05:30,221.37,221.9,221.32,221.9,1867.0
2026-06-01 11:10:00+05:30,221.99,221.99,221.41,221.97,286.0
2026-06-01 11:15:00+05:30,221.97,221.97,221.96,221.96,10.0
2026-06-01 11:20:00+05:30,221.94,222.0,221.35,221.35,857.0
2026-06-01 11:25:00+05:30,221.35,221.35,221.3,221.3,60.0
2026-06-01 11:30:00+05:30,221.0,221.0,220.7,220.73,4079.0
2026-06-01 11:35:00+05:30,220.76,221.28,220.76,221.28,198.0
2026-06-01 11:40:00+05:30,220.84,221.21,220.84,221.16,18.0
2026-06-01 11:45:00+05:30,221.16,221.17,220.94,220.94,38.0
2026-06-01 11:50:00+05:30,220.94,221.53,220.94,221.41,1054.0
2026-06-01 11:55:00+05:30,221.26,221.26,220.85,220.85,12.0
2026-06-01 12:00:00+05:30,221.13,221.33,220.76,220.76,640.0
2026-06-01 12:05:00+05:30,220.76,221.1,220.76,220.99,83.0
2026-06-01 12:10:00+05:30,220.99,220.99,220.69,220.98,171.0
2026-06-01 12:15:00+05:30,220.77,220.91,220.69,220.69,221.0
2026-06-01 12:20:00+05:30,220.69,221.11,220.69,220.75,16.0
2026-06-01 12:25:00+05:30,220.75,220.75,220.75,220.75,1.0
2026-06-01 12:30:00+05:30,220.75,220.98,220.75,220.98,3.0
2026-06-01 12:35:00+05:30,220.98,220.98,220.95,220.95,233.0
2026-06-01 12:40:00+05:30,220.92,220.99,220.7,220.99,1163.0
2026-06-01 12:45:00+05:30,220.99,220.99,220.5,220.75,510.0
2026-06-01 12:50:00+05:30,220.75,220.75,220.75,220.75,521.0
2026-06-01 12:55:00+05:30,220.75,220.75,220.33,220.33,355.0
2026-06-01 13:00:00+05:30,220.33,220.33,220.33,220.33,0.0
2026-06-01 13:05:00+05:30,220.33,220.33,220.33,220.33,0.0
2026-06-01 13:10:00+05:30,220.59,220.59,220.05,220.21,1515.0
2026-06-01 13:15:00+05:30,220.13,220.75,220.13,220.65,1136.0
2026-06-01 13:20:00+05:30,220.65,220.65,220.05,220.29,301.0
2026-06-01 13:25:00+05:30,220.29,220.29,220.29,220.29,120.0
2026-06-01 13:30:00+05:30,220.29,220.61,220.29,220.61,10.0
2026-06-01 13:35:00+05:30,220.61,220.61,220.61,220.61,2.0
2026-06-01 13:40:00+05:30,220.3,220.5,220.3,220.5,1040.0
2026-06-01 13:45:00+05:30,220.49,220.49,220.2,220.2,73.0
2026-06-01 13:50:00+05:30,220.1,220.49,220.1,220.49,595.0
2026-06-01 13:55:00+05:30,220.12,220.49,220.05,220.11,560.0
2026-06-01 14:00:00+05:30,220.46,220.5,220.05,220.05,230.0
2026-06-01 14:05:00+05:30,220.05,220.4,220.05,220.07,35.0
2026-06-01 14:10:00+05:30,220.07,220.5,220.07,220.5,277.0
2026-06-01 14:15:00+05:30,220.5,220.5,220.1,220.5,164.0
2026-06-01 14:20:00+05:30,220.5,220.5,220.17,220.45,138.0
2026-06-01 14:25:00+05:30,220.45,220.45,220.12,220.12,133.0
2026-06-01 14:30:00+05:30,220.11,220.5,220.11,220.5,816.0
2026-06-01 14:35:00+05:30,220.5,220.5,220.5,220.5,268.0
2026-06-01 14:40:00+05:30,220.5,220.5,220.5,220.5,152.0
2026-06-01 14:45:00+05:30,220.5,220.58,220.5,220.58,17.0
2026-06-01 14:50:00+05:30,220.65,220.65,219.98,220.02,3018.0
2026-06-01 14:55:00+05:30,220.02,220.31,220.02,220.08,278.0
2026-06-01 15:00:00+05:30,220.07,220.59,220.07,220.59,809.0
2026-06-01 15:05:00+05:30,220.59,220.9,220.55,220.8,2239.0
2026-06-01 15:10:00+05:30,220.8,220.9,220.63,220.63,763.0
2026-06-01 15:15:00+05:30,220.64,220.64,219.75,219.75,534.0
2026-06-01 15:20:00+05:30,219.75,220.0,219.75,220.0,44.0
2026-06-01 15:25:00+05:30,219.99,220.0,219.0,219.0,1768.0
2026-06-02 09:15:00+05:30,219.1,219.1,215.1,218.35,3643.0
2026-06-02 09:20:00+05:30,218.39,220.77,218.39,219.5,2348.0
2026-06-02 09:25:00+05:30,219.57,219.96,219.22,219.22,1635.0
2026-06-02 09:30:00+05:30,219.22,219.71,218.56,218.56,653.0
2026-06-02 09:35:00+05:30,217.81,219.79,217.81,219.79,1788.0
2026-06-02 09:40:00+05:30,219.79,219.79,219.03,219.18,110.0
2026-06-02 09:45:00+05:30,219.18,219.24,218.93,219.19,98.0
2026-06-02 09:50:00+05:30,219.25,219.99,219.25,219.3,829.0
2026-06-02 09:55:00+05:30,219.82,219.82,219.57,219.57,110.0
2026-06-02 10:00:00+05:30,219.57,220.0,219.5,219.5,865.0
2026-06-02 10:05:00+05:30,219.5,219.5,219.07,219.07,150.0
2026-06-02 10:10:00+05:30,219.44,219.5,219.43,219.43,179.0
2026-06-02 10:15:00+05:30,219.0,219.01,219.0,219.01,393.0
2026-06-02 10:20:00+05:30,219.02,219.91,219.02,219.91,117.0
2026-06-02 10:25:00+05:30,219.91,220.0,219.34,219.89,1098.0
2026-06-02 10:30:00+05:30,219.89,220.0,219.4,219.4,324.0
2026-06-02 10:35:00+05:30,219.4,220.0,219.4,220.0,1.0
2026-06-02 10:40:00+05:30,220.0,220.0,219.62,220.0,2438.0
2026-06-02 10:45:00+05:30,220.0,220.0,219.49,219.49,136.0
2026-06-02 10:50:00+05:30,219.95,220.0,219.95,220.0,34.0
2026-06-02 10:55:00+05:30,220.0,220.0,220.0,220.0,0.0
2026-06-02 11:00:00+05:30,220.0,220.0,219.98,219.98,1.0
2026-06-02 11:05:00+05:30,219.98,219.98,219.35,219.35,209.0
2026-06-02 11:10:00+05:30,219.35,219.35,219.35,219.35,0.0
2026-06-02 11:15:00+05:30,219.35,219.35,219.35,219.35,0.0
2026-06-02 11:20:00+05:30,219.35,220.0,219.35,220.0,251.0
2026-06-02 11:25:00+05:30,220.0,220.0,219.36,219.77,53.0
2026-06-02 11:30:00+05:30,219.77,219.77,219.37,219.37,29.0
2026-06-02 11:35:00+05:30,219.37,219.37,219.37,219.37,0.0
2026-06-02 11:40:00+05:30,219.28,219.93,219.28,219.5,40.0
2026-06-02 11:45:00+05:30,219.93,219.93,219.09,219.67,142.0
2026-06-02 11:50:00+05:30,219.0,219.0,218.75,219.0,1374.0
2026-06-02 11:55:00+05:30,219.0,219.79,219.0,219.03,385.0
2026-06-02 12:00:00+05:30,219.03,219.78,218.81,219.78,1498.0
2026-06-02 12:05:00+05:30,219.21,219.35,219.01,219.35,228.0
2026-06-02 12:10:00+05:30,219.35,219.99,219.25,219.25,1172.0
2026-06-02 12:15:00+05:30,219.38,219.38,218.5,218.5,767.0
2026-06-02 12:20:00+05:30,218.5,218.61,218.25,218.61,525.0
2026-06-02 12:25:00+05:30,218.61,218.61,218.25,218.25,501.0
2026-06-02 12:30:00+05:30,218.25,219.09,218.11,218.11,548.0
2026-06-02 12:35:00+05:30,218.11,218.2,218.11,218.2,17.0
2026-06-02 12:40:00+05:30,218.21,220.0,218.01,220.0,5698.0
2026-06-02 12:45:00+05:30,219.45,219.45,219.45,219.45,1.0
2026-06-02 12:50:00+05:30,219.45,219.45,218.97,218.97,2036.0
2026-06-02 12:55:00+05:30,218.97,219.5,218.97,219.5,713.0
2026-06-02 13:00:00+05:30,219.5,220.23,219.42,220.2,311.0
2026-06-02 13:05:00+05:30,220.2,220.2,220.0,220.0,458.0
2026-06-02 13:10:00+05:30,220.22,220.22,220.22,220.22,200.0
2026-06-02 13:15:00+05:30,220.22,220.35,219.86,220.33,35.0
2026-06-02 13:20:00+05:30,220.33,220.33,219.82,219.82,12.0
2026-06-02 13:25:00+05:30,219.82,219.86,219.8,219.86,429.0
2026-06-02 13:30:00+05:30,219.86,220.35,219.86,220.35,550.0
2026-06-02 13:35:00+05:30,220.11,220.35,220.1,220.1,704.0
2026-06-02 13:40:00+05:30,220.1,220.1,220.0,220.0,467.0
2026-06-02 13:45:00+05:30,220.0,220.35,219.98,220.33,2061.0
2026-06-02 13:50:00+05:30,220.33,220.33,220.28,220.31,35.0
2026-06-02 13:55:00+05:30,220.31,220.31,220.0,220.31,217.0
2026-06-02 14:00:00+05:30,220.25,220.25,220.25,220.25,1.0
2026-06-02 14:05:00+05:30,220.25,220.25,220.0,220.0,288.0
2026-06-02 14:10:00+05:30,220.0,220.25,220.0,220.2,26.0
2026-06-02 14:15:00+05:30,220.2,220.2,220.0,220.0,125.0
2026-06-02 14:20:00+05:30,220.0,220.24,219.82,219.82,120.0
2026-06-02 14:25:00+05:30,220.16,220.2,219.8,220.0,151.0
2026-06-02 14:30:00+05:30,219.82,220.04,219.43,219.6,1082.0
2026-06-02 14:35:00+05:30,219.51,219.91,219.22,219.22,604.0
2026-06-02 14:40:00+05:30,219.22,219.27,219.12,219.15,484.0
2026-06-02 14:45:00+05:30,219.22,219.25,219.02,219.02,475.0
2026-06-02 14:50:00+05:30,219.02,219.43,218.3,218.85,1297.0
2026-06-02 14:55:00+05:30,218.85,219.0,218.34,218.41,385.0
2026-06-02 15:00:00+05:30,218.39,219.57,218.39,219.57,271.0
2026-06-02 15:05:00+05:30,219.57,220.0,219.57,220.0,1316.0
2026-06-02 15:10:00+05:30,220.0,220.09,220.0,220.09,807.0
2026-06-02 15:15:00+05:30,220.2,220.2,219.82,220.15,532.0
2026-06-02 15:20:00+05:30,220.01,220.15,219.85,219.85,860.0
2026-06-02 15:25:00+05:30,219.85,220.22,219.85,220.22,2851.0
2026-06-03 09:15:00+05:30,221.34,227.97,221.34,224.5,13911.0
2026-06-03 09:20:00+05:30,224.5,229.9,224.5,229.18,27250.0
2026-06-03 09:25:00+05:30,229.9,232.9,227.08,227.87,46859.0
2026-06-03 09:30:00+05:30,227.88,229.0,226.02,226.99,10675.0
2026-06-03 09:35:00+05:30,226.52,227.96,226.0,227.0,3263.0
2026-06-03 09:40:00+05:30,226.91,227.0,226.17,226.87,2831.0
2026-06-03 09:45:00+05:30,226.87,229.4,226.0,229.4,15710.0
2026-06-03 09:50:00+05:30,229.27,230.9,228.47,228.62,39128.0
2026-06-03 09:55:00+05:30,228.62,229.15,227.9,228.39,7427.0
2026-06-03 10:00:00+05:30,228.47,228.49,226.01,227.22,7638.0
2026-06-03 10:05:00+05:30,227.16,227.18,226.1,226.1,4311.0
2026-06-03 10:10:00+05:30,226.1,226.41,224.11,224.81,8170.0
2026-06-03 10:15:00+05:30,224.81,224.99,223.5,224.99,4650.0
2026-06-03 10:20:00+05:30,224.25,225.66,224.25,225.0,4997.0
2026-06-03 10:25:00+05:30,225.34,227.0,225.0,226.47,20252.0
2026-06-03 10:30:00+05:30,227.02,227.02,225.05,225.54,3825.0
2026-06-03 10:35:00+05:30,225.0,225.88,225.0,225.5,1046.0
2026-06-03 10:40:00+05:30,226.02,226.02,225.2,225.23,1008.0
2026-06-03 10:45:00+05:30,225.23,225.4,225.23,225.4,102.0
2026-06-03 10:50:00+05:30,225.4,225.68,224.16,224.16,16669.0
2026-06-03 10:55:00+05:30,224.19,224.37,223.42,224.22,6179.0
2026-06-03 11:00:00+05:30,224.22,224.22,223.19,223.19,1551.0
2026-06-03 11:05:00+05:30,223.19,223.75,222.7,222.85,5493.0
2026-06-03 11:10:00+05:30,222.85,223.75,222.41,222.41,4624.0
2026-06-03 11:15:00+05:30,222.41,223.14,222.41,223.14,2.0
2026-06-03 11:20:00+05:30,223.14,223.14,222.6,222.6,1020.0
2026-06-03 11:25:00+05:30,223.07,223.18,222.62,223.18,139.0
2026-06-03 11:30:00+05:30,223.18,223.75,223.01,223.46,1216.0
2026-06-03 11:35:00+05:30,223.46,223.64,223.46,223.64,142.0
2026-06-03 11:40:00+05:30,223.5,223.75,223.5,223.75,202.0
2026-06-03 11:45:00+05:30,223.75,224.49,223.75,223.95,1046.0
2026-06-03 11:50:00+05:30,224.28,224.28,223.77,223.77,303.0
2026-06-03 11:55:00+05:30,223.77,224.26,222.62,223.6,2760.0
2026-06-03 12:00:00+05:30,223.6,223.6,222.62,222.62,835.0
2026-06-03 12:05:00+05:30,223.31,223.31,222.89,222.89,140.0
2026-06-03 12:10:00+05:30,222.89,223.0,222.77,222.77,1358.0
2026-06-03 12:15:00+05:30,222.77,223.23,222.77,223.23,227.0
2026-06-03 12:20:00+05:30,223.2,223.35,223.2,223.35,222.0
2026-06-03 12:25:00+05:30,223.25,223.93,223.25,223.93,531.0
2026-06-03 12:30:00+05:30,223.93,224.55,223.93,224.55,481.0
2026-06-03 12:35:00+05:30,224.55,225.0,224.21,225.0,2063.0
2026-06-03 12:40:00+05:30,225.0,225.23,224.47,224.98,1889.0
2026-06-03 12:45:00+05:30,224.98,225.0,224.47,224.47,2294.0
2026-06-03 12:50:00+05:30,224.5,224.84,223.6,223.88,1925.0
2026-06-03 12:55:00+05:30,223.94,223.97,223.62,223.97,265.0
2026-06-03 13:00:00+05:30,223.57,223.57,223.57,223.57,100.0
2026-06-03 13:05:00+05:30,223.57,224.0,223.57,224.0,283.0
2026-06-03 13:10:00+05:30,224.0,224.0,223.24,223.37,2020.0
2026-06-03 13:15:00+05:30,223.37,223.95,223.37,223.42,257.0
2026-06-03 13:20:00+05:30,223.42,223.96,223.42,223.87,560.0
2026-06-03 13:25:00+05:30,223.87,223.87,223.87,223.87,105.0
2026-06-03 13:30:00+05:30,223.5,223.91,223.44,223.51,745.0
2026-06-03 13:35:00+05:30,223.9,223.93,223.5,223.53,2685.0
2026-06-03 13:40:00+05:30,223.53,223.53,223.0,223.07,4230.0
2026-06-03 13:45:00+05:30,223.18,223.89,223.14,223.61,2887.0
2026-06-03 13:50:00+05:30,223.61,223.89,223.61,223.89,49.0
2026-06-03 13:55:00+05:30,223.89,224.56,223.64,223.64,2601.0
2026-06-03 14:00:00+05:30,223.64,223.64,223.6,223.6,1200.0
2026-06-03 14:05:00+05:30,223.6,224.19,223.6,224.0,61.0
2026-06-03 14:10:00+05:30,224.15,224.15,223.7,224.0,261.0
2026-06-03 14:15:00+05:30,224.0,224.1,223.62,224.05,367.0
2026-06-03 14:20:00+05:30,224.17,224.17,223.6,223.6,3392.0
2026-06-03 14:25:00+05:30,223.6,223.76,223.6,223.6,385.0
2026-06-03 14:30:00+05:30,223.6,223.61,223.6,223.61,110.0
2026-06-03 14:35:00+05:30,223.61,223.61,223.61,223.61,32.0
2026-06-03 14:40:00+05:30,223.61,223.75,223.6,223.6,638.0
2026-06-03 14:45:00+05:30,223.6,223.6,223.04,223.51,4558.0
2026-06-03 14:50:00+05:30,223.51,224.8,223.51,224.65,2553.0
2026-06-03 14:55:00+05:30,224.59,224.59,224.08,224.18,435.0
2026-06-03 15:00:00+05:30,224.06,224.18,223.56,224.18,533.0
2026-06-03 15:05:00+05:30,224.0,224.15,223.05,223.56,2282.0
2026-06-03 15:10:00+05:30,223.59,223.97,222.47,222.47,2399.0
2026-06-03 15:15:00+05:30,222.99,223.75,222.63,223.49,2810.0
2026-06-03 15:20:00+05:30,223.86,223.89,223.44,223.8,5631.0
2026-06-03 15:25:00+05:30,223.54,225.0,222.0,222.01,13320.0
2026-06-04 09:15:00+05:30,222.3,225.13,222.3,223.99,1636.0
2026-06-04 09:20:00+05:30,223.94,223.94,223.5,223.55,140.0
2026-06-04 09:25:00+05:30,223.58,223.8,223.22,223.22,693.0
2026-06-04 09:30:00+05:30,223.86,223.86,223.01,223.36,190.0
2026-06-04 09:35:00+05:30,223.37,223.38,222.71,223.18,262.0
2026-06-04 09:40:00+05:30,223.13,223.4,222.61,223.4,2981.0
2026-06-04 09:45:00+05:30,223.36,223.5,222.82,222.95,575.0
2026-06-04 09:50:00+05:30,223.0,223.0,222.62,222.63,214.0
2026-06-04 09:55:00+05:30,222.63,223.5,222.63,223.5,5449.0
2026-06-04 10:00:00+05:30,223.5,223.5,223.5,223.5,109.0
2026-06-04 10:05:00+05:30,223.5,223.95,223.5,223.5,130.0
2026-06-04 10:10:00+05:30,223.5,223.99,223.5,223.6,1207.0
2026-06-04 10:15:00+05:30,223.62,224.0,223.62,224.0,342.0
2026-06-04 10:20:00+05:30,224.0,224.5,224.0,224.5,579.0
2026-06-04 10:25:00+05:30,224.73,224.78,224.5,224.5,1449.0
2026-06-04 10:30:00+05:30,224.1,224.1,223.12,223.12,2646.0
2026-06-04 10:35:00+05:30,223.12,223.8,223.1,223.8,460.0
2026-06-04 10:40:00+05:30,223.21,223.92,223.21,223.92,165.0
2026-06-04 10:45:00+05:30,222.8,223.57,222.8,223.57,1407.0
2026-06-04 10:50:00+05:30,223.57,223.57,222.8,223.32,759.0
2026-06-04 10:55:00+05:30,223.32,223.48,223.3,223.3,18.0
2026-06-04 11:00:00+05:30,222.94,223.52,221.82,222.59,2610.0
2026-06-04 11:05:00+05:30,222.59,223.16,222.22,222.22,1818.0
2026-06-04 11:10:00+05:30,222.59,222.66,222.49,222.66,182.0
2026-06-04 11:15:00+05:30,222.67,223.0,222.22,222.93,591.0
2026-06-04 11:20:00+05:30,222.93,222.98,222.93,222.98,1.0
2026-06-04 11:25:00+05:30,222.66,222.73,222.52,222.65,294.0
2026-06-04 11:30:00+05:30,222.5,222.79,222.5,222.79,1136.0
2026-06-04 11:35:00+05:30,222.51,223.54,222.51,223.54,192.0
2026-06-04 11:40:00+05:30,223.54,223.54,223.07,223.07,231.0
2026-06-04 11:45:00+05:30,223.07,223.07,222.99,222.99,10.0
2026-06-04 11:50:00+05:30,222.86,223.46,222.86,223.2,96.0
2026-06-04 11:55:00+05:30,222.93,223.13,222.63,223.0,169.0
2026-06-04 12:00:00+05:30,223.0,223.0,222.53,222.54,120.0
2026-06-04 12:05:00+05:30,222.54,222.98,222.54,222.98,35.0
2026-06-04 12:10:00+05:30,222.98,222.98,222.98,222.98,0.0
2026-06-04 12:15:00+05:30,222.98,222.98,222.98,222.98,35.0
2026-06-04 12:20:00+05:30,222.98,222.98,222.54,222.92,528.0
2026-06-04 12:25:00+05:30,222.97,222.97,222.55,222.55,183.0
2026-06-04 12:30:00+05:30,222.5,222.68,222.5,222.68,455.0
2026-06-04 12:35:00+05:30,222.5,222.5,222.5,222.5,5.0
2026-06-04 12:40:00+05:30,222.33,222.7,222.24,222.7,24.0
2026-06-04 12:45:00+05:30,222.7,222.75,221.23,221.23,3600.0
2026-06-04 12:50:00+05:30,221.99,221.99,221.31,221.31,581.0
2026-06-04 12:55:00+05:30,221.31,221.85,221.31,221.63,128.0
2026-06-04 13:00:00+05:30,221.63,221.63,221.63,221.63,0.0
2026-06-04 13:05:00+05:30,222.16,222.16,221.63,221.93,25.0
2026-06-04 13:10:00+05:30,221.93,221.99,221.4,221.4,88.0
2026-06-04 13:15:00+05:30,221.38,221.67,221.16,221.22,264.0
2026-06-04 13:20:00+05:30,221.85,221.85,221.35,221.35,200.0
2026-06-04 13:25:00+05:30,221.45,221.45,221.45,221.45,20.0
2026-06-04 13:30:00+05:30,221.45,221.45,220.32,221.0,2524.0
2026-06-04 13:35:00+05:30,221.0,221.0,221.0,221.0,957.0
2026-06-04 13:40:00+05:30,221.0,221.0,220.65,220.65,20.0
2026-06-04 13:45:00+05:30,220.65,220.71,219.31,220.07,3313.0
2026-06-04 13:50:00+05:30,220.07,220.99,220.07,220.99,237.0
2026-06-04 13:55:00+05:30,220.91,220.97,220.22,220.97,476.0
2026-06-04 14:00:00+05:30,220.96,221.47,220.94,221.47,932.0
2026-06-04 14:05:00+05:30,221.51,221.51,221.11,221.39,205.0
2026-06-04 14:10:00+05:30,221.39,221.67,221.25,221.61,178.0
2026-06-04 14:15:00+05:30,221.25,221.25,221.25,221.25,270.0
2026-06-04 14:20:00+05:30,221.25,221.59,221.1,221.58,330.0
2026-06-04 14:25:00+05:30,221.58,221.61,221.03,221.03,440.0
2026-06-04 14:30:00+05:30,221.02,221.02,221.02,221.02,101.0
2026-06-04 14:35:00+05:30,221.02,222.0,221.02,222.0,431.0
2026-06-04 14:40:00+05:30,222.0,222.49,222.0,222.47,37.0
2026-06-04 14:45:00+05:30,222.47,222.49,222.2,222.2,70.0
2026-06-04 14:50:00+05:30,222.2,222.5,221.78,222.25,1119.0
2026-06-04 14:55:00+05:30,222.25,222.25,221.85,222.18,298.0
2026-06-04 15:00:00+05:30,222.0,222.0,221.78,221.78,3325.0
2026-06-04 15:05:00+05:30,221.78,222.19,221.78,222.0,432.0
2026-06-04 15:10:00+05:30,222.2,222.45,221.8,221.8,3599.0
2026-06-04 15:15:00+05:30,222.35,222.35,221.19,221.19,2014.0
2026-06-04 15:20:00+05:30,221.36,222.48,221.0,222.18,2059.0
2026-06-04 15:25:00+05:30,222.18,224.78,221.03,222.15,4398.0
2026-06-05 09:15:00+05:30,224.0,224.45,223.0,223.8,531.0
2026-06-05 09:20:00+05:30,223.8,223.8,222.22,223.38,1419.0
2026-06-05 09:25:00+05:30,223.06,223.06,222.87,222.87,214.0
2026-06-05 09:30:00+05:30,223.0,223.62,223.0,223.17,281.0
2026-06-05 09:35:00+05:30,223.17,223.17,221.95,222.35,1417.0
2026-06-05 09:40:00+05:30,222.52,222.52,222.02,222.29,155.0
2026-06-05 09:45:00+05:30,222.57,222.57,221.9,221.9,255.0
2026-06-05 09:50:00+05:30,221.68,222.25,221.68,222.1,142.0
2026-06-05 09:55:00+05:30,221.99,222.37,221.74,221.74,1310.0
2026-06-05 10:00:00+05:30,221.23,222.38,221.23,222.08,1118.0
2026-06-05 10:05:00+05:30,221.7,222.29,221.7,222.29,34.0
2026-06-05 10:10:00+05:30,221.72,222.21,221.72,222.21,73.0
2026-06-05 10:15:00+05:30,222.21,222.79,222.21,222.79,955.0
2026-06-05 10:20:00+05:30,222.25,223.01,222.17,223.01,1360.0
2026-06-05 10:25:00+05:30,222.93,223.1,222.33,222.5,203.0
2026-06-05 10:30:00+05:30,222.0,222.34,221.26,221.61,1251.0
2026-06-05 10:35:00+05:30,221.61,221.61,220.63,221.12,1712.0
2026-06-05 10:40:00+05:30,221.11,221.99,220.61,220.95,1732.0
2026-06-05 10:45:00+05:30,220.95,221.64,220.63,221.0,374.0
2026-06-05 10:50:00+05:30,221.0,221.77,220.64,220.64,1660.0
2026-06-05 10:55:00+05:30,220.64,221.71,220.64,221.71,456.0
2026-06-05 11:00:00+05:30,221.79,221.99,221.41,221.96,494.0
2026-06-05 11:05:00+05:30,221.95,222.94,221.95,222.77,764.0
2026-06-05 11:10:00+05:30,222.77,222.77,222.05,222.05,5.0
2026-06-05 11:15:00+05:30,222.5,222.87,222.0,222.87,1297.0
2026-06-05 11:20:00+05:30,222.25,222.25,221.88,221.88,117.0
2026-06-05 11:25:00+05:30,221.88,223.99,221.88,223.99,3521.0
2026-06-05 11:30:00+05:30,223.99,223.99,222.81,223.5,641.0
2026-06-05 11:35:00+05:30,223.12,223.38,222.62,222.82,156.0
2026-06-05 11:40:00+05:30,222.96,224.0,222.96,222.96,1201.0
2026-06-05 11:45:00+05:30,222.96,223.48,222.8,223.19,1067.0
2026-06-05 11:50:00+05:30,223.19,223.19,222.53,223.04,111.0
2026-06-05 11:55:00+05:30,223.04,223.04,222.41,222.62,195.0
2026-06-05 12:00:00+05:30,222.53,223.15,222.53,222.67,257.0
2026-06-05 12:05:00+05:30,223.14,223.15,223.14,223.15,150.0
2026-06-05 12:10:00+05:30,223.12,223.14,222.53,223.0,303.0
2026-06-05 12:15:00+05:30,223.0,223.0,223.0,223.0,72.0
2026-06-05 12:20:00+05:30,223.0,223.0,222.63,222.81,70.0
2026-06-05 12:25:00+05:30,222.81,222.95,222.54,222.95,28.0
2026-06-05 12:30:00+05:30,222.95,222.95,222.23,222.23,83.0
2026-06-05 12:35:00+05:30,222.23,222.23,222.02,222.02,176.0
2026-06-05 12:40:00+05:30,222.2,222.2,222.15,222.15,25.0
2026-06-05 12:45:00+05:30,222.15,222.69,222.15,222.69,10.0
2026-06-05 12:50:00+05:30,222.29,222.5,222.21,222.5,308.0
2026-06-05 12:55:00+05:30,222.0,222.07,222.0,222.07,594.0
2026-06-05 13:00:00+05:30,222.07,222.07,222.07,222.07,0.0
2026-06-05 13:05:00+05:30,222.07,222.07,222.07,222.07,0.0
2026-06-05 13:10:00+05:30,221.41,221.41,221.0,221.0,768.0
2026-06-05 13:15:00+05:30,221.0,221.0,220.22,220.8,633.0
2026-06-05 13:20:00+05:30,220.8,221.12,220.8,221.0,100.0
2026-06-05 13:25:00+05:30,220.98,221.16,220.9,220.9,328.0
2026-06-05 13:30:00+05:30,220.8,221.08,220.63,221.08,704.0
2026-06-05 13:35:00+05:30,221.08,221.08,220.8,221.05,128.0
2026-06-05 13:40:00+05:30,221.32,221.32,221.26,221.26,83.0
2026-06-05 13:45:00+05:30,221.26,221.38,221.05,221.05,197.0
2026-06-05 13:50:00+05:30,221.05,221.14,221.05,221.14,12.0
2026-06-05 13:55:00+05:30,221.14,221.14,221.14,221.14,0.0
2026-06-05 14:00:00+05:30,221.27,221.42,221.27,221.42,11.0
2026-06-05 14:05:00+05:30,221.42,221.87,221.42,221.55,486.0
2026-06-05 14:10:00+05:30,221.77,221.77,221.77,221.77,50.0
2026-06-05 14:15:00+05:30,221.77,221.77,220.84,220.84,710.0
2026-06-05 14:20:00+05:30,220.92,221.15,220.92,221.15,244.0
2026-06-05 14:25:00+05:30,221.15,221.44,220.67,220.95,347.0
2026-06-05 14:30:00+05:30,220.64,220.89,220.64,220.65,465.0
2026-06-05 14:35:00+05:30,220.65,220.99,220.64,220.65,363.0
2026-06-05 14:40:00+05:30,220.64,221.0,220.6,220.6,459.0
2026-06-05 14:45:00+05:30,220.71,221.78,220.71,221.78,710.0
2026-06-05 14:50:00+05:30,221.23,221.23,221.23,221.23,10.0
2026-06-05 14:55:00+05:30,221.23,221.86,221.23,221.86,200.0
2026-06-05 15:00:00+05:30,221.17,221.78,221.17,221.78,266.0
2026-06-05 15:05:00+05:30,221.74,221.74,221.33,221.33,655.0
2026-06-05 15:10:00+05:30,221.64,221.7,221.36,221.42,773.0
2026-06-05 15:15:00+05:30,221.45,221.53,221.43,221.53,1929.0
2026-06-05 15:20:00+05:30,221.56,222.01,221.01,221.57,1933.0
2026-06-05 15:25:00+05:30,221.57,221.63,221.0,221.2,1169.0
2026-06-08 09:15:00+05:30,221.0,221.0,218.21,219.48,3041.0
2026-06-08 09:20:00+05:30,220.33,220.63,220.0,220.14,1110.0
2026-06-08 09:25:00+05:30,219.9,220.39,218.8,220.01,692.0
2026-06-08 09:30:00+05:30,220.0,220.14,219.61,219.9,1345.0
2026-06-08 09:35:00+05:30,219.9,219.9,218.82,218.82,192.0
2026-06-08 09:40:00+05:30,218.61,219.14,218.03,218.63,1523.0
2026-06-08 09:45:00+05:30,219.05,219.65,218.94,218.94,473.0
2026-06-08 09:50:00+05:30,219.26,219.99,218.89,219.57,337.0
2026-06-08 09:55:00+05:30,219.57,220.02,219.57,220.02,15.0
2026-06-08 10:00:00+05:30,220.02,220.02,220.02,220.02,0.0
2026-06-08 10:05:00+05:30,220.0,220.77,219.69,220.77,290.0
2026-06-08 10:10:00+05:30,220.77,220.83,220.77,220.8,199.0
2026-06-08 10:15:00+05:30,220.8,220.8,220.33,220.33,98.0
2026-06-08 10:20:00+05:30,220.33,220.48,220.33,220.48,534.0
2026-06-08 10:25:00+05:30,219.81,219.81,219.81,219.81,660.0
2026-06-08 10:30:00+05:30,219.65,220.19,219.65,220.07,489.0
2026-06-08 10:35:00+05:30,220.19,220.61,220.03,220.03,162.0
2026-06-08 10:40:00+05:30,220.03,220.55,220.03,220.5,534.0
2026-06-08 10:45:00+05:30,220.18,220.18,220.18,220.18,23.0
2026-06-08 10:50:00+05:30,220.0,220.4,220.0,220.4,310.0
2026-06-08 10:55:00+05:30,220.4,220.4,219.82,220.3,338.0
2026-06-08 11:00:00+05:30,220.24,220.24,220.16,220.16,201.0
2026-06-08 11:05:00+05:30,220.16,221.54,220.16,221.28,2994.0
2026-06-08 11:10:00+05:30,221.93,222.0,221.47,221.95,1133.0
2026-06-08 11:15:00+05:30,221.95,222.35,221.88,222.1,1664.0
2026-06-08 11:20:00+05:30,221.01,221.01,221.01,221.01,30.0
2026-06-08 11:25:00+05:30,221.13,221.58,221.13,221.56,301.0
2026-06-08 11:30:00+05:30,221.17,221.26,220.84,220.84,525.0
2026-06-08 11:35:00+05:30,220.84,220.84,220.69,220.69,35.0
2026-06-08 11:40:00+05:30,220.69,220.69,220.69,220.69,38.0
2026-06-08 11:45:00+05:30,220.69,220.94,220.5,220.5,310.0
2026-06-08 11:50:00+05:30,220.98,220.98,220.98,220.98,1.0
2026-06-08 11:55:00+05:30,220.98,220.98,220.42,220.42,121.0
2026-06-08 12:00:00+05:30,220.42,220.42,220.0,220.0,438.0
2026-06-08 12:05:00+05:30,220.0,220.46,220.0,220.46,10.0
2026-06-08 12:10:00+05:30,220.46,220.46,220.19,220.43,180.0
2026-06-08 12:15:00+05:30,220.43,220.43,220.43,220.43,0.0
2026-06-08 12:20:00+05:30,220.43,220.46,220.43,220.45,100.0
2026-06-08 12:25:00+05:30,220.46,220.46,220.16,220.44,25.0
2026-06-08 12:30:00+05:30,220.44,220.44,220.02,220.02,188.0
2026-06-08 12:35:00+05:30,220.02,220.38,220.0,220.38,85.0
2026-06-08 12:40:00+05:30,220.78,220.78,220.78,220.78,2016.0
2026-06-08 12:45:00+05:30,220.78,221.22,220.78,221.0,3032.0
2026-06-08 12:50:00+05:30,221.01,221.75,221.0,221.75,373.0
2026-06-08 12:55:00+05:30,221.75,221.75,221.01,221.55,502.0
2026-06-08 13:00:00+05:30,221.55,221.55,221.21,221.21,115.0
2026-06-08 13:05:00+05:30,221.21,221.21,220.35,220.51,2085.0
2026-06-08 13:10:00+05:30,220.51,220.51,220.5,220.5,70.0
2026-06-08 13:15:00+05:30,220.5,220.5,220.11,220.11,12.0
2026-06-08 13:20:00+05:30,220.46,220.46,220.08,220.3,179.0
2026-06-08 13:25:00+05:30,220.25,220.57,219.43,219.43,1856.0
2026-06-08 13:30:00+05:30,219.31,219.31,219.31,219.31,50.0
2026-06-08 13:35:00+05:30,219.31,219.56,218.18,218.95,2555.0
2026-06-08 13:40:00+05:30,218.95,218.95,218.84,218.92,258.0
2026-06-08 13:45:00+05:30,218.92,218.92,218.92,218.92,0.0
2026-06-08 13:50:00+05:30,218.92,218.92,218.4,218.4,15.0
2026-06-08 13:55:00+05:30,218.4,218.73,218.4,218.73,9.0
2026-06-08 14:00:00+05:30,218.73,218.73,218.73,218.73,111.0
2026-06-08 14:05:00+05:30,218.73,219.5,218.73,219.37,522.0
2026-06-08 14:10:00+05:30,219.37,219.37,219.37,219.37,0.0
2026-06-08 14:15:00+05:30,219.37,219.5,219.37,219.5,300.0
2026-06-08 14:20:00+05:30,219.55,219.55,219.02,219.14,76.0
2026-06-08 14:25:00+05:30,219.14,220.59,218.9,218.9,4243.0
2026-06-08 14:30:00+05:30,218.95,219.39,218.85,219.0,143.0
2026-06-08 14:35:00+05:30,219.0,220.0,218.61,218.61,4305.0
2026-06-08 14:40:00+05:30,219.02,220.39,218.16,220.37,3729.0
2026-06-08 14:45:00+05:30,220.0,220.55,218.83,219.29,601.0
2026-06-08 14:50:00+05:30,219.29,219.29,218.51,218.63,563.0
2026-06-08 14:55:00+05:30,218.63,219.27,218.5,218.65,557.0
2026-06-08 15:00:00+05:30,219.36,219.79,218.0,218.14,2939.0
2026-06-08 15:05:00+05:30,218.14,219.78,218.11,218.93,1582.0
2026-06-08 15:10:00+05:30,219.46,220.47,218.7,219.83,660.0
2026-06-08 15:15:00+05:30,219.79,220.64,219.3,220.48,1640.0
2026-06-08 15:20:00+05:30,220.47,220.48,220.01,220.25,954.0
2026-06-08 15:25:00+05:30,220.0,220.45,219.0,219.55,1376.0
2026-06-09 09:15:00+05:30,220.7,222.38,218.11,221.19,1419.0
2026-06-09 09:20:00+05:30,221.19,221.19,220.7,220.85,1212.0
2026-06-09 09:25:00+05:30,220.62,221.03,220.62,221.03,443.0
2026-06-09 09:30:00+05:30,221.0,221.77,220.82,221.77,81.0
2026-06-09 09:35:00+05:30,221.12,221.7,220.85,220.85,158.0
2026-06-09 09:40:00+05:30,220.47,221.07,220.39,220.39,182.0
2026-06-09 09:45:00+05:30,220.2,220.95,220.2,220.6,50.0
2026-06-09 09:50:00+05:30,220.6,221.07,220.6,220.75,26.0
2026-06-09 09:55:00+05:30,220.75,220.75,220.6,220.6,65.0
2026-06-09 10:00:00+05:30,220.75,220.92,220.6,220.92,91.0
2026-06-09 10:05:00+05:30,220.5,220.5,220.12,220.12,328.0
2026-06-09 10:10:00+05:30,220.5,220.92,220.5,220.92,16.0
2026-06-09 10:15:00+05:30,220.9,221.31,220.43,220.43,959.0
2026-06-09 10:20:00+05:30,220.43,220.43,220.41,220.41,120.0
2026-06-09 10:25:00+05:30,220.41,220.83,220.41,220.83,30.0
2026-06-09 10:30:00+05:30,220.41,220.99,220.41,220.91,89.0
2026-06-09 10:35:00+05:30,221.18,221.18,220.73,220.73,8.0
2026-06-09 10:40:00+05:30,220.73,220.75,220.65,220.65,29.0
2026-06-09 10:45:00+05:30,220.65,220.84,220.65,220.84,10.0
2026-06-09 10:50:00+05:30,220.84,220.84,220.69,220.69,412.0
2026-06-09 10:55:00+05:30,220.69,220.74,220.69,220.74,12.0
2026-06-09 11:00:00+05:30,221.14,221.14,220.39,220.5,444.0
2026-06-09 11:05:00+05:30,220.5,220.8,220.5,220.8,42.0
2026-06-09 11:10:00+05:30,220.8,221.13,220.38,220.38,219.0
2026-06-09 11:15:00+05:30,220.38,221.14,220.38,221.14,352.0
2026-06-09 11:20:00+05:30,221.5,221.5,220.52,220.52,2098.0
2026-06-09 11:25:00+05:30,220.52,220.52,220.23,220.23,200.0
2026-06-09 11:30:00+05:30,220.23,220.23,220.23,220.23,2.0
2026-06-09 11:35:00+05:30,220.23,221.18,220.09,220.98,521.0
2026-06-09 11:40:00+05:30,220.98,220.98,220.21,220.21,246.0
2026-06-09 11:45:00+05:30,220.21,220.69,220.21,220.69,500.0
2026-06-09 11:50:00+05:30,220.69,221.38,220.69,220.82,35.0
2026-06-09 11:55:00+05:30,221.51,221.51,220.0,220.24,2114.0
2026-06-09 12:00:00+05:30,220.24,220.49,220.24,220.49,396.0
2026-06-09 12:05:00+05:30,220.49,220.49,220.22,220.22,49.0
2026-06-09 12:10:00+05:30,220.53,220.53,220.0,220.0,234.0
2026-06-09 12:15:00+05:30,220.0,220.8,220.0,220.8,197.0
2026-06-09 12:20:00+05:30,221.18,221.18,221.18,221.18,50.0
2026-06-09 12:25:00+05:30,220.67,220.67,220.67,220.67,200.0
2026-06-09 12:30:00+05:30,220.67,220.67,220.67,220.67,0.0
2026-06-09 12:35:00+05:30,220.67,221.51,220.67,221.51,290.0
2026-06-09 12:40:00+05:30,221.51,221.69,221.0,221.0,407.0
2026-06-09 12:45:00+05:30,221.0,221.34,220.42,221.34,505.0
2026-06-09 12:50:00+05:30,220.67,220.67,219.48,220.15,1750.0
2026-06-09 12:55:00+05:30,219.41,219.81,219.3,219.81,521.0
2026-06-09 13:00:00+05:30,219.31,220.0,219.28,219.51,400.0
2026-06-09 13:05:00+05:30,219.51,220.79,219.51,220.79,1010.0
2026-06-09 13:10:00+05:30,220.79,220.79,219.52,220.2,201.0
2026-06-09 13:15:00+05:30,220.2,220.2,220.2,220.2,0.0
2026-06-09 13:20:00+05:30,220.0,220.3,220.0,220.3,263.0
2026-06-09 13:25:00+05:30,220.3,220.31,220.0,220.0,52.0
2026-06-09 13:30:00+05:30,219.61,219.96,219.52,219.96,72.0
2026-06-09 13:35:00+05:30,219.61,219.99,219.61,219.97,23.0
2026-06-09 13:40:00+05:30,220.28,220.28,220.28,220.28,50.0
2026-06-09 13:45:00+05:30,220.28,220.28,220.19,220.19,11.0
2026-06-09 13:50:00+05:30,220.19,220.19,220.19,220.19,0.0
2026-06-09 13:55:00+05:30,219.0,219.98,219.0,219.6,10646.0
2026-06-09 14:00:00+05:30,219.6,219.81,219.51,219.51,122.0
2026-06-09 14:05:00+05:30,220.0,220.19,220.0,220.19,732.0
2026-06-09 14:10:00+05:30,220.19,220.19,220.0,220.0,13.0
2026-06-09 14:15:00+05:30,220.0,220.19,220.0,220.19,95.0
2026-06-09 14:20:00+05:30,220.03,220.28,220.03,220.28,282.0
2026-06-09 14:25:00+05:30,220.66,220.82,220.66,220.78,126.0
2026-06-09 14:30:00+05:30,220.78,220.78,219.61,219.61,1269.0
2026-06-09 14:35:00+05:30,220.15,220.38,220.0,220.0,338.0
2026-06-09 14:40:00+05:30,220.0,220.59,219.01,219.01,1040.0
2026-06-09 14:45:00+05:30,220.19,220.83,220.19,220.78,745.0
2026-06-09 14:50:00+05:30,220.78,220.78,219.82,220.44,635.0
2026-06-09 14:55:00+05:30,219.98,221.32,219.82,220.52,1116.0
2026-06-09 15:00:00+05:30,220.5,221.03,220.22,220.79,310.0
2026-06-09 15:05:00+05:30,220.89,221.78,220.79,221.78,1185.0
2026-06-09 15:10:00+05:30,220.68,221.18,219.9,220.0,2012.0
2026-06-09 15:15:00+05:30,220.66,220.83,219.98,220.32,1594.0
2026-06-09 15:20:00+05:30,220.99,222.0,218.5,219.93,12634.0
2026-06-09 15:25:00+05:30,219.93,219.93,218.61,219.0,3064.0
2026-06-10 09:15:00+05:30,220.99,223.7,220.99,221.0,2051.0
2026-06-10 09:20:00+05:30,220.41,220.9,220.18,220.18,713.0
2026-06-10 09:25:00+05:30,220.97,222.11,218.91,219.94,20106.0
2026-06-10 09:30:00+05:30,219.86,219.95,219.85,219.92,433.0
2026-06-10 09:35:00+05:30,219.34,219.75,218.5,218.5,1610.0
2026-06-10 09:40:00+05:30,219.3,220.0,219.0,219.62,6185.0
2026-06-10 09:45:00+05:30,219.62,220.46,219.51,220.0,17279.0
2026-06-10 09:50:00+05:30,220.01,222.2,219.81,222.12,20346.0
2026-06-10 09:55:00+05:30,222.5,222.78,222.43,222.44,2253.0
2026-06-10 10:00:00+05:30,222.44,222.75,220.61,220.61,804.0
2026-06-10 10:05:00+05:30,220.49,222.1,220.49,222.1,467.0
2026-06-10 10:10:00+05:30,222.0,224.39,222.0,224.35,3293.0
2026-06-10 10:15:00+05:30,224.42,225.05,224.0,225.0,4836.0
2026-06-10 10:20:00+05:30,225.0,225.08,224.86,224.86,417.0
2026-06-10 10:25:00+05:30,226.39,226.39,225.0,225.68,4847.0
2026-06-10 10:30:00+05:30,225.7,229.37,225.3,228.1,15517.0
2026-06-10 10:35:00+05:30,228.81,230.0,227.35,227.87,11524.0
2026-06-10 10:40:00+05:30,228.39,228.39,226.96,226.96,3380.0
2026-06-10 10:45:00+05:30,226.27,227.19,225.77,226.35,1754.0
2026-06-10 10:50:00+05:30,226.43,226.43,225.78,225.79,956.0
2026-06-10 10:55:00+05:30,225.77,225.86,224.7,225.01,3452.0
2026-06-10 11:00:00+05:30,225.48,225.48,225.0,225.0,209.0
2026-06-10 11:05:00+05:30,225.0,225.14,225.0,225.14,2370.0
2026-06-10 11:10:00+05:30,225.1,225.57,224.52,224.52,1157.0
2026-06-10 11:15:00+05:30,224.53,224.86,224.1,224.1,1014.0
2026-06-10 11:20:00+05:30,224.57,224.57,224.18,224.32,79.0
2026-06-10 11:25:00+05:30,224.32,224.86,224.32,224.86,70.0
2026-06-10 11:30:00+05:30,224.15,225.19,224.0,224.0,1037.0
2026-06-10 11:35:00+05:30,224.32,224.65,223.65,223.65,407.0
2026-06-10 11:40:00+05:30,223.65,223.99,223.58,223.7,1092.0
2026-06-10 11:45:00+05:30,223.7,223.7,222.3,223.01,4970.0
2026-06-10 11:50:00+05:30,223.01,223.8,222.71,223.78,3440.0
2026-06-10 11:55:00+05:30,223.83,223.83,223.66,223.66,49.0
2026-06-10 12:00:00+05:30,223.66,223.98,223.66,223.98,342.0
2026-06-10 12:05:00+05:30,223.98,224.09,223.58,224.04,141.0
2026-06-10 12:10:00+05:30,224.04,224.04,223.56,223.56,5.0
2026-06-10 12:15:00+05:30,223.58,223.58,223.58,223.58,16.0
2026-06-10 12:20:00+05:30,223.55,223.98,223.0,223.0,2124.0
2026-06-10 12:25:00+05:30,223.0,223.0,223.0,223.0,15.0
2026-06-10 12:30:00+05:30,223.16,223.16,222.8,222.87,569.0
2026-06-10 12:35:00+05:30,222.87,222.98,222.75,222.87,250.0
2026-06-10 12:40:00+05:30,222.87,223.0,222.71,222.71,1251.0
2026-06-10 12:45:00+05:30,222.66,222.66,221.62,221.81,643.0
2026-06-10 12:50:00+05:30,221.81,222.3,221.81,222.3,23.0
2026-06-10 12:55:00+05:30,222.3,222.53,222.05,222.05,851.0
2026-06-10 13:00:00+05:30,222.05,222.62,222.05,222.62,3.0
2026-06-10 13:05:00+05:30,222.01,223.04,222.01,223.04,615.0
2026-06-10 13:10:00+05:30,222.91,223.05,222.41,222.41,590.0
2026-06-10 13:15:00+05:30,222.91,222.96,222.45,222.82,179.0
2026-06-10 13:20:00+05:30,223.04,223.14,222.84,222.84,961.0
2026-06-10 13:25:00+05:30,222.0,222.09,222.0,222.0,1870.0
2026-06-10 13:30:00+05:30,222.0,222.58,222.0,222.58,6.0
2026-06-10 13:35:00+05:30,222.58,222.71,222.58,222.71,40.0
2026-06-10 13:40:00+05:30,222.71,222.71,222.1,222.1,332.0
2026-06-10 13:45:00+05:30,222.1,222.1,222.1,222.1,0.0
2026-06-10 13:50:00+05:30,222.1,222.45,222.1,222.45,18.0
2026-06-10 13:55:00+05:30,222.59,222.59,222.07,222.5,182.0
2026-06-10 14:00:00+05:30,222.5,222.5,222.5,222.5,100.0
2026-06-10 14:05:00+05:30,222.5,222.79,222.5,222.79,275.0
2026-06-10 14:10:00+05:30,222.57,222.78,222.23,222.23,85.0
2026-06-10 14:15:00+05:30,222.08,222.79,222.08,222.79,316.0
2026-06-10 14:20:00+05:30,222.79,222.79,222.4,222.4,3.0
2026-06-10 14:25:00+05:30,222.4,222.4,222.38,222.38,59.0
2026-06-10 14:30:00+05:30,222.18,222.37,221.3,222.35,1050.0
2026-06-10 14:35:00+05:30,222.04,222.1,222.0,222.0,193.0
2026-06-10 14:40:00+05:30,222.0,222.0,220.26,220.95,2904.0
2026-06-10 14:45:00+05:30,221.25,221.25,220.21,220.99,1607.0
2026-06-10 14:50:00+05:30,221.34,221.34,221.23,221.26,12.0
2026-06-10 14:55:00+05:30,221.25,221.35,221.2,221.22,280.0
2026-06-10 15:00:00+05:30,221.22,221.4,221.0,221.0,195.0
2026-06-10 15:05:00+05:30,221.0,221.0,220.18,220.86,3689.0
2026-06-10 15:10:00+05:30,220.86,220.86,219.5,219.51,1723.0
2026-06-10 15:15:00+05:30,220.29,220.29,218.63,218.8,4121.0
2026-06-10 15:20:00+05:30,218.8,220.01,218.8,220.01,4746.0
2026-06-10 15:25:00+05:30,220.01,221.0,219.21,221.0,2035.0
2026-06-11 09:15:00+05:30,218.1,219.19,217.1,218.52,2496.0
2026-06-11 09:20:00+05:30,218.73,219.1,218.22,218.5,1266.0
2026-06-11 09:25:00+05:30,218.5,218.96,217.65,218.96,633.0
2026-06-11 09:30:00+05:30,218.96,218.96,217.72,218.1,372.0
2026-06-11 09:35:00+05:30,218.1,218.58,217.38,218.31,354.0
2026-06-11 09:40:00+05:30,218.72,218.89,218.33,218.89,427.0
2026-06-11 09:45:00+05:30,218.89,218.89,218.75,218.75,101.0
2026-06-11 09:50:00+05:30,218.34,218.65,218.33,218.33,274.0
2026-06-11 09:55:00+05:30,218.31,218.39,217.6,217.72,427.0
2026-06-11 10:00:00+05:30,217.72,218.35,217.72,218.17,61.0
2026-06-11 10:05:00+05:30,217.85,218.63,217.85,218.63,504.0
2026-06-11 10:10:00+05:30,218.63,218.93,218.4,218.61,100.0
2026-06-11 10:15:00+05:30,218.61,219.0,218.61,219.0,371.0
2026-06-11 10:20:00+05:30,219.0,219.32,218.84,219.09,82.0
2026-06-11 10:25:00+05:30,219.0,219.0,218.81,218.81,721.0
2026-06-11 10:30:00+05:30,218.81,219.43,218.81,219.43,66.0
2026-06-11 10:35:00+05:30,219.39,219.39,218.81,218.81,202.0
2026-06-11 10:40:00+05:30,218.81,218.81,218.53,218.81,32.0
2026-06-11 10:45:00+05:30,218.81,218.81,218.49,218.59,109.0
2026-06-11 10:50:00+05:30,218.64,218.79,218.25,218.25,565.0
2026-06-11 10:55:00+05:30,218.25,218.25,218.02,218.02,215.0
2026-06-11 11:00:00+05:30,218.28,218.28,218.03,218.03,32.0
2026-06-11 11:05:00+05:30,218.23,218.78,218.23,218.78,41.0
2026-06-11 11:10:00+05:30,218.5,218.5,218.22,218.42,57.0
2026-06-11 11:15:00+05:30,218.43,218.43,218.43,218.43,22.0
2026-06-11 11:20:00+05:30,218.43,218.43,218.43,218.43,0.0
2026-06-11 11:25:00+05:30,218.45,218.69,218.42,218.42,248.0
2026-06-11 11:30:00+05:30,218.75,218.75,218.7,218.7,124.0
2026-06-11 11:35:00+05:30,218.7,218.7,218.42,218.7,73.0
2026-06-11 11:40:00+05:30,218.42,218.42,218.02,218.02,201.0
2026-06-11 11:45:00+05:30,218.02,218.48,218.02,218.44,64.0
2026-06-11 11:50:00+05:30,218.44,218.44,218.26,218.26,1.0
2026-06-11 11:55:00+05:30,218.48,218.75,218.37,218.75,94.0
2026-06-11 12:00:00+05:30,218.84,218.84,218.37,218.79,176.0
2026-06-11 12:05:00+05:30,218.62,218.99,218.62,218.82,322.0
2026-06-11 12:10:00+05:30,218.82,218.82,218.63,218.63,16.0
2026-06-11 12:15:00+05:30,218.63,218.63,218.63,218.63,85.0
2026-06-11 12:20:00+05:30,218.63,218.63,218.63,218.63,67.0
2026-06-11 12:25:00+05:30,219.39,219.39,218.93,218.93,699.0
2026-06-11 12:30:00+05:30,218.93,219.39,218.84,218.84,502.0
2026-06-11 12:35:00+05:30,218.79,218.79,218.79,218.79,44.0
2026-06-11 12:40:00+05:30,218.79,218.79,218.64,218.64,1.0
2026-06-11 12:45:00+05:30,218.64,218.64,218.14,218.59,145.0
2026-06-11 12:50:00+05:30,218.59,218.76,218.24,218.38,256.0
2026-06-11 12:55:00+05:30,218.38,218.46,218.11,218.46,79.0
2026-06-11 13:00:00+05:30,218.4,218.47,218.11,218.47,495.0
2026-06-11 13:05:00+05:30,218.47,218.47,218.11,218.11,110.0
2026-06-11 13:10:00+05:30,218.11,218.23,218.02,218.02,627.0
2026-06-11 13:15:00+05:30,218.23,218.23,217.0,217.29,2245.0
2026-06-11 13:20:00+05:30,217.2,217.6,217.2,217.44,109.0
2026-06-11 13:25:00+05:30,217.12,217.62,217.12,217.62,297.0
2026-06-11 13:30:00+05:30,217.62,217.62,217.46,217.46,60.0
2026-06-11 13:35:00+05:30,217.46,217.93,217.46,217.87,12.0
2026-06-11 13:40:00+05:30,217.87,217.87,217.87,217.87,0.0
2026-06-11 13:45:00+05:30,217.87,217.87,217.6,217.6,468.0
2026-06-11 13:50:00+05:30,218.06,218.06,217.04,217.44,298.0
2026-06-11 13:55:00+05:30,217.33,217.36,217.33,217.36,32.0
2026-06-11 14:00:00+05:30,217.36,217.61,217.36,217.6,50.0
2026-06-11 14:05:00+05:30,217.6,218.19,217.0,218.19,1090.0
2026-06-11 14:10:00+05:30,218.19,218.19,217.04,217.1,141.0
2026-06-11 14:15:00+05:30,217.27,217.6,217.01,217.11,344.0
2026-06-11 14:20:00+05:30,217.21,217.33,217.02,217.24,367.0
2026-06-11 14:25:00+05:30,217.16,217.5,217.06,217.5,356.0
2026-06-11 14:30:00+05:30,217.21,217.57,217.0,217.18,1910.0
2026-06-11 14:35:00+05:30,217.2,218.54,217.0,218.42,2552.0
2026-06-11 14:40:00+05:30,218.15,218.97,217.17,217.26,748.0
2026-06-11 14:45:00+05:30,217.13,217.54,217.07,217.18,321.0
2026-06-11 14:50:00+05:30,217.07,217.5,217.07,217.26,306.0
2026-06-11 14:55:00+05:30,217.26,217.42,217.11,217.11,339.0
2026-06-11 15:00:00+05:30,217.39,217.91,217.02,217.23,1863.0
2026-06-11 15:05:00+05:30,217.52,218.18,217.21,217.86,510.0
2026-06-11 15:10:00+05:30,217.77,218.8,217.77,218.65,2503.0
2026-06-11 15:15:00+05:30,218.02,219.0,217.2,217.31,727.0
2026-06-11 15:20:00+05:30,217.48,217.59,217.2,217.2,644.0
2026-06-11 15:25:00+05:30,217.3,219.42,217.0,219.0,1859.0
2026-06-12 09:15:00+05:30,219.9,221.86,219.61,219.85,799.0
2026-06-12 09:20:00+05:30,219.85,220.0,219.21,219.64,487.0
2026-06-12 09:25:00+05:30,219.63,219.63,218.5,218.6,481.0
2026-06-12 09:30:00+05:30,218.6,220.62,218.6,220.62,1565.0
2026-06-12 09:35:00+05:30,220.62,221.08,220.1,220.46,852.0
2026-06-12 09:40:00+05:30,220.22,220.56,219.46,220.5,1687.0
2026-06-12 09:45:00+05:30,220.5,220.5,219.4,219.86,179.0
2026-06-12 09:50:00+05:30,219.86,220.19,219.0,219.0,234.0
2026-06-12 09:55:00+05:30,219.32,219.49,219.0,219.49,98.0
2026-06-12 10:00:00+05:30,219.49,219.99,219.0,219.26,2876.0
2026-06-12 10:05:00+05:30,219.45,219.96,219.45,219.96,258.0
2026-06-12 10:10:00+05:30,219.96,219.99,219.27,219.99,618.0
2026-06-12 10:15:00+05:30,220.09,220.09,219.88,220.09,319.0
2026-06-12 10:20:00+05:30,220.09,220.95,220.09,220.43,588.0
2026-06-12 10:25:00+05:30,220.43,220.65,220.43,220.65,352.0
2026-06-12 10:30:00+05:30,220.65,220.65,219.18,219.18,559.0
2026-06-12 10:35:00+05:30,219.17,219.39,218.0,218.64,4400.0
2026-06-12 10:40:00+05:30,219.13,219.29,219.0,219.1,256.0
2026-06-12 10:45:00+05:30,219.0,219.0,218.3,218.3,1201.0
2026-06-12 10:50:00+05:30,218.3,218.31,218.3,218.3,401.0
2026-06-12 10:55:00+05:30,218.4,218.9,218.4,218.9,170.0
2026-06-12 11:00:00+05:30,218.99,219.58,218.99,219.35,216.0
2026-06-12 11:05:00+05:30,219.31,219.31,219.0,219.0,686.0
2026-06-12 11:10:00+05:30,218.69,219.0,218.51,218.83,351.0
2026-06-12 11:15:00+05:30,218.52,219.19,218.52,219.0,342.0
2026-06-12 11:20:00+05:30,219.0,219.0,218.97,218.97,164.0
2026-06-12 11:25:00+05:30,218.97,219.0,218.97,219.0,111.0
2026-06-12 11:30:00+05:30,219.0,219.02,219.0,219.02,141.0
2026-06-12 11:35:00+05:30,219.03,219.88,219.03,219.88,39.0
2026-06-12 11:40:00+05:30,219.83,220.38,219.26,219.48,1375.0
2026-06-12 11:45:00+05:30,219.48,220.19,219.48,220.19,156.0
2026-06-12 11:50:00+05:30,220.19,220.19,219.62,219.82,115.0
2026-06-12 11:55:00+05:30,219.82,219.82,219.82,219.82,0.0
2026-06-12 12:00:00+05:30,219.4,219.4,219.4,219.4,185.0
2026-06-12 12:05:00+05:30,219.4,219.4,219.02,219.12,72.0
2026-06-12 12:10:00+05:30,219.1,219.1,218.6,218.6,686.0
2026-06-12 12:15:00+05:30,218.6,219.11,218.51,218.51,220.0
2026-06-12 12:20:00+05:30,218.79,219.49,218.1,219.49,1485.0
2026-06-12 12:25:00+05:30,219.49,219.49,219.49,219.49,0.0
2026-06-12 12:30:00+05:30,219.42,219.42,219.42,219.42,50.0
2026-06-12 12:35:00+05:30,219.42,219.47,219.29,219.29,101.0
2026-06-12 12:40:00+05:30,219.29,219.29,219.15,219.15,95.0
2026-06-12 12:45:00+05:30,219.15,219.59,219.03,219.43,205.0
2026-06-12 12:50:00+05:30,219.43,219.43,218.96,218.96,255.0
2026-06-12 12:55:00+05:30,218.96,218.96,218.96,218.96,0.0
2026-06-12 13:00:00+05:30,218.96,219.0,218.96,219.0,153.0
2026-06-12 13:05:00+05:30,219.0,219.0,218.55,218.55,501.0
2026-06-12 13:10:00+05:30,218.6,218.85,218.5,218.85,295.0
2026-06-12 13:15:00+05:30,218.85,218.87,218.7,218.7,145.0
2026-06-12 13:20:00+05:30,218.7,218.7,218.7,218.7,0.0
2026-06-12 13:25:00+05:30,218.5,219.0,218.5,219.0,2358.0
2026-06-12 13:30:00+05:30,219.0,220.0,219.0,220.0,1993.0
2026-06-12 13:35:00+05:30,220.0,220.0,219.82,219.82,2698.0
2026-06-12 13:40:00+05:30,219.82,219.82,219.02,219.47,900.0
2026-06-12 13:45:00+05:30,220.0,220.4,220.0,220.0,5729.0
2026-06-12 13:50:00+05:30,220.0,220.0,220.0,220.0,0.0
2026-06-12 13:55:00+05:30,220.0,220.18,220.0,220.18,942.0
2026-06-12 14:00:00+05:30,220.5,221.1,220.0,220.1,2009.0
2026-06-12 14:05:00+05:30,220.1,220.52,220.1,220.1,65.0
2026-06-12 14:10:00+05:30,220.0,221.17,220.0,220.68,1485.0
2026-06-12 14:15:00+05:30,220.68,221.19,220.68,221.19,28.0
2026-06-12 14:20:00+05:30,220.15,220.95,220.15,220.65,1312.0
2026-06-12 14:25:00+05:30,221.0,221.8,221.0,221.8,395.0
2026-06-12 14:30:00+05:30,221.8,221.8,220.66,221.08,277.0
2026-06-12 14:35:00+05:30,221.07,221.8,221.0,221.8,1154.0
2026-06-12 14:40:00+05:30,221.8,222.5,221.5,222.25,1978.0
2026-06-12 14:45:00+05:30,222.25,222.5,222.08,222.3,1193.0
2026-06-12 14:50:00+05:30,222.03,222.24,221.79,221.83,480.0
2026-06-12 14:55:00+05:30,222.14,222.14,222.0,222.0,141.0
2026-06-12 15:00:00+05:30,222.0,222.11,221.61,222.0,1052.0
2026-06-12 15:05:00+05:30,222.01,222.01,221.04,221.1,1518.0
2026-06-12 15:10:00+05:30,221.15,221.51,220.0,220.5,2517.0
2026-06-12 15:15:00+05:30,220.32,221.5,220.0,220.21,2485.0
2026-06-12 15:20:00+05:30,220.31,221.05,220.01,220.37,2441.0
2026-06-12 15:25:00+05:30,220.37,222.4,220.37,222.4,4240.0
2026-06-15 09:15:00+05:30,227.24,227.7,225.0,225.26,10264.0
2026-06-15 09:20:00+05:30,225.45,225.9,224.0,224.21,4613.0
2026-06-15 09:25:00+05:30,224.5,225.53,224.46,225.22,1587.0
2026-06-15 09:30:00+05:30,225.9,225.9,224.54,224.54,1933.0
2026-06-15 09:35:00+05:30,224.82,225.99,224.81,225.62,858.0
2026-06-15 09:40:00+05:30,225.5,225.58,224.83,225.09,389.0
2026-06-15 09:45:00+05:30,224.42,225.51,224.4,225.06,1705.0
2026-06-15 09:50:00+05:30,225.06,225.7,225.02,225.31,1227.0
2026-06-15 09:55:00+05:30,225.43,226.39,225.08,225.2,1205.0
2026-06-15 10:00:00+05:30,225.0,225.3,224.0,225.07,4930.0
2026-06-15 10:05:00+05:30,225.54,225.54,224.51,224.51,108.0
2026-06-15 10:10:00+05:30,224.61,224.61,224.0,224.0,306.0
2026-06-15 10:15:00+05:30,224.0,224.0,223.75,223.98,871.0
2026-06-15 10:20:00+05:30,224.76,224.98,224.12,224.16,272.0
2026-06-15 10:25:00+05:30,224.16,224.33,224.16,224.33,1.0
2026-06-15 10:30:00+05:30,224.78,224.99,224.69,224.99,318.0
2026-06-15 10:35:00+05:30,224.99,224.99,224.99,224.99,0.0
2026-06-15 10:40:00+05:30,225.0,225.0,225.0,225.0,544.0
2026-06-15 10:45:00+05:30,225.0,225.0,225.0,225.0,32.0
2026-06-15 10:50:00+05:30,225.0,225.49,225.0,225.49,24.0
2026-06-15 10:55:00+05:30,225.49,226.0,225.49,225.6,1192.0
2026-06-15 11:00:00+05:30,225.6,225.6,225.42,225.42,268.0
2026-06-15 11:05:00+05:30,225.42,225.42,224.6,225.15,1117.0
2026-06-15 11:10:00+05:30,226.39,228.5,225.81,226.0,12228.0
2026-06-15 11:15:00+05:30,226.0,226.11,226.0,226.11,15.0
2026-06-15 11:20:00+05:30,226.11,226.12,225.36,226.12,142.0
2026-06-15 11:25:00+05:30,226.12,226.39,225.54,226.39,1353.0
2026-06-15 11:30:00+05:30,226.45,226.45,226.0,226.0,35.0
2026-06-15 11:35:00+05:30,226.46,226.46,225.5,226.38,2360.0
2026-06-15 11:40:00+05:30,225.42,225.72,225.35,225.35,41.0
2026-06-15 11:45:00+05:30,225.35,225.66,225.2,225.2,143.0
2026-06-15 11:50:00+05:30,225.3,227.5,225.1,227.01,4986.0
2026-06-15 11:55:00+05:30,226.21,226.89,226.08,226.26,372.0
2026-06-15 12:00:00+05:30,226.47,226.47,226.0,226.0,7.0
2026-06-15 12:05:00+05:30,225.26,225.7,225.25,225.35,543.0
2026-06-15 12:10:00+05:30,225.25,225.25,225.0,225.0,64.0
2026-06-15 12:15:00+05:30,225.0,225.0,225.0,225.0,528.0
2026-06-15 12:20:00+05:30,225.0,225.0,225.0,225.0,200.0
2026-06-15 12:25:00+05:30,225.01,225.05,225.01,225.05,11.0
2026-06-15 12:30:00+05:30,225.67,226.47,225.15,225.75,2085.0
2026-06-15 12:35:00+05:30,225.75,226.0,225.75,225.85,122.0
2026-06-15 12:40:00+05:30,226.47,226.47,225.9,226.45,62.0
2026-06-15 12:45:00+05:30,226.4,226.47,226.03,226.13,128.0
2026-06-15 12:50:00+05:30,226.13,226.51,226.0,226.51,199.0
2026-06-15 12:55:00+05:30,226.51,226.51,226.21,226.21,500.0
2026-06-15 13:00:00+05:30,226.21,226.51,226.12,226.12,300.0
2026-06-15 13:05:00+05:30,226.51,226.51,226.07,226.48,608.0
2026-06-15 13:10:00+05:30,226.5,226.55,226.36,226.55,569.0
2026-06-15 13:15:00+05:30,226.55,227.2,226.53,227.2,2685.0
2026-06-15 13:20:00+05:30,226.98,227.92,226.98,227.07,832.0
2026-06-15 13:25:00+05:30,226.24,227.24,226.24,227.24,1214.0
2026-06-15 13:30:00+05:30,227.22,227.6,227.22,227.6,527.0
2026-06-15 13:35:00+05:30,227.6,227.6,227.11,227.13,1186.0
2026-06-15 13:40:00+05:30,227.3,227.3,227.13,227.13,167.0
2026-06-15 13:45:00+05:30,227.13,227.13,226.95,227.05,190.0
2026-06-15 13:50:00+05:30,227.05,227.05,226.72,226.72,442.0
2026-06-15 13:55:00+05:30,226.9,227.05,226.83,227.05,743.0
2026-06-15 14:00:00+05:30,227.05,227.29,226.89,226.89,334.0
2026-06-15 14:05:00+05:30,226.85,226.85,226.02,226.19,1623.0
2026-06-15 14:10:00+05:30,226.02,227.15,226.02,226.45,1638.0
2026-06-15 14:15:00+05:30,226.51,226.9,226.07,226.6,326.0
2026-06-15 14:20:00+05:30,226.11,226.43,226.06,226.06,209.0
2026-06-15 14:25:00+05:30,226.25,226.25,226.01,226.01,582.0
2026-06-15 14:30:00+05:30,226.01,226.95,226.01,226.22,702.0
2026-06-15 14:35:00+05:30,226.47,228.45,226.12,226.36,3103.0
2026-06-15 14:40:00+05:30,226.55,226.55,226.06,226.34,182.0
2026-06-15 14:45:00+05:30,226.23,226.78,226.01,226.78,745.0
2026-06-15 14:50:00+05:30,226.22,226.79,226.22,226.44,358.0
2026-06-15 14:55:00+05:30,226.44,227.0,226.13,226.28,1272.0
2026-06-15 15:00:00+05:30,226.72,226.72,226.23,226.23,1014.0
2026-06-15 15:05:00+05:30,226.23,226.23,226.0,226.11,739.0
2026-06-15 15:10:00+05:30,226.12,226.49,225.5,225.91,1069.0
2026-06-15 15:15:00+05:30,225.5,226.39,225.5,226.39,3108.0
2026-06-15 15:20:00+05:30,226.26,226.31,225.85,226.18,1960.0
2026-06-15 15:25:00+05:30,226.18,226.49,225.92,226.3,2981.0
2026-06-16 09:15:00+05:30,227.5,228.95,226.41,226.41,1597.0
2026-06-16 09:20:00+05:30,226.21,227.4,226.21,227.4,751.0
2026-06-16 09:25:00+05:30,227.44,227.79,227.0,227.06,700.0
2026-06-16 09:30:00+05:30,227.06,227.38,226.92,227.0,119.0
2026-06-16 09:35:00+05:30,226.87,227.32,226.86,226.86,602.0
2026-06-16 09:40:00+05:30,226.86,227.43,226.86,227.43,676.0
2026-06-16 09:45:00+05:30,226.86,226.86,226.8,226.8,368.0
2026-06-16 09:50:00+05:30,226.75,226.95,226.5,226.5,1334.0
2026-06-16 09:55:00+05:30,226.8,227.32,226.66,226.66,212.0
2026-06-16 10:00:00+05:30,226.66,227.61,226.66,227.39,825.0
2026-06-16 10:05:00+05:30,227.39,227.39,226.0,226.5,4017.0
2026-06-16 10:10:00+05:30,226.0,226.95,225.92,226.0,4706.0
2026-06-16 10:15:00+05:30,226.31,226.72,226.22,226.22,59.0
2026-06-16 10:20:00+05:30,226.22,227.7,226.22,227.39,1200.0
2026-06-16 10:25:00+05:30,227.39,227.39,226.5,226.55,474.0
2026-06-16 10:30:00+05:30,226.55,228.7,226.55,228.32,5220.0
2026-06-16 10:35:00+05:30,228.32,228.56,228.1,228.1,764.0
2026-06-16 10:40:00+05:30,228.03,228.03,227.11,227.11,644.0
2026-06-16 10:45:00+05:30,227.11,227.81,227.11,227.81,9.0
2026-06-16 10:50:00+05:30,227.81,227.81,227.11,227.31,771.0
2026-06-16 10:55:00+05:30,227.31,227.31,227.1,227.1,54.0
2026-06-16 11:00:00+05:30,227.02,227.02,226.3,226.3,1583.0
2026-06-16 11:05:00+05:30,226.7,226.7,225.41,225.41,890.0
2026-06-16 11:10:00+05:30,225.86,225.86,224.98,225.0,5366.0
2026-06-16 11:15:00+05:30,225.0,225.02,225.0,225.01,410.0
2026-06-16 11:20:00+05:30,225.01,225.01,225.01,225.01,0.0
2026-06-16 11:25:00+05:30,225.01,225.78,225.01,225.25,56.0
2026-06-16 11:30:00+05:30,225.13,225.59,225.13,225.59,475.0
2026-06-16 11:35:00+05:30,225.59,225.59,225.09,225.5,200.0
2026-06-16 11:40:00+05:30,225.55,225.6,225.55,225.59,225.0
2026-06-16 11:45:00+05:30,225.59,225.66,225.59,225.66,100.0
2026-06-16 11:50:00+05:30,225.66,225.84,225.65,225.79,177.0
2026-06-16 11:55:00+05:30,225.56,225.56,225.5,225.5,502.0
2026-06-16 12:00:00+05:30,225.5,225.5,225.3,225.3,1444.0
2026-06-16 12:05:00+05:30,225.3,225.3,223.4,223.5,5475.0
2026-06-16 12:10:00+05:30,223.7,223.98,222.81,223.51,3737.0
2026-06-16 12:15:00+05:30,223.3,223.49,223.16,223.24,486.0
2026-06-16 12:20:00+05:30,223.19,223.19,222.5,223.0,165.0
2026-06-16 12:25:00+05:30,223.0,223.33,222.75,223.0,49.0
2026-06-16 12:30:00+05:30,223.0,223.2,223.0,223.2,1296.0
2026-06-16 12:35:00+05:30,223.01,223.52,223.01,223.52,206.0
2026-06-16 12:40:00+05:30,223.52,223.72,223.2,223.72,207.0
2026-06-16 12:45:00+05:30,223.2,223.55,222.82,223.52,764.0
2026-06-16 12:50:00+05:30,223.52,223.54,222.94,223.26,519.0
2026-06-16 12:55:00+05:30,223.26,223.37,223.26,223.37,86.0
2026-06-16 13:00:00+05:30,223.51,223.72,223.4,223.4,388.0
2026-06-16 13:05:00+05:30,223.25,223.75,223.21,223.67,132.0
2026-06-16 13:10:00+05:30,224.0,224.0,222.82,222.82,1000.0
2026-06-16 13:15:00+05:30,222.82,224.0,222.82,223.74,366.0
2026-06-16 13:20:00+05:30,223.74,223.74,223.41,223.41,35.0
2026-06-16 13:25:00+05:30,223.41,224.0,223.41,223.99,723.0
2026-06-16 13:30:00+05:30,223.99,223.99,223.75,223.99,264.0
2026-06-16 13:35:00+05:30,223.75,223.99,223.75,223.99,601.0
2026-06-16 13:40:00+05:30,223.99,223.99,223.99,223.99,125.0
2026-06-16 13:45:00+05:30,222.8,223.83,222.8,222.93,12809.0
2026-06-16 13:50:00+05:30,222.93,223.99,222.75,222.75,1976.0
2026-06-16 13:55:00+05:30,222.75,223.0,222.61,222.61,447.0
2026-06-16 14:00:00+05:30,223.08,223.08,221.94,222.55,11851.0
2026-06-16 14:05:00+05:30,222.79,222.79,221.7,221.91,1893.0
2026-06-16 14:10:00+05:30,222.02,222.55,221.8,221.85,2950.0
2026-06-16 14:15:00+05:30,222.32,222.59,222.0,222.11,227.0
2026-06-16 14:20:00+05:30,222.1,222.38,221.7,221.95,5515.0
2026-06-16 14:25:00+05:30,221.84,222.58,221.84,221.9,569.0
2026-06-16 14:30:00+05:30,221.97,221.97,221.91,221.92,250.0
2026-06-16 14:35:00+05:30,222.02,222.39,221.94,221.95,507.0
2026-06-16 14:40:00+05:30,221.95,222.63,221.95,222.1,914.0
2026-06-16 14:45:00+05:30,222.1,222.5,222.0,222.0,1103.0
2026-06-16 14:50:00+05:30,222.0,222.25,221.1,222.06,4014.0
2026-06-16 14:55:00+05:30,222.12,222.48,221.85,221.97,775.0
2026-06-16 15:00:00+05:30,222.06,222.59,221.87,222.04,529.0
2026-06-16 15:05:00+05:30,222.03,222.45,221.86,221.86,279.0
2026-06-16 15:10:00+05:30,221.95,222.99,221.95,222.5,1414.0
2026-06-16 15:15:00+05:30,222.5,223.0,222.37,222.44,3495.0
2026-06-16 15:20:00+05:30,222.44,223.02,222.38,222.5,2022.0
2026-06-16 15:25:00+05:30,222.5,223.16,222.5,223.09,2674.0
2026-06-17 09:15:00+05:30,225.0,225.25,224.22,224.45,1490.0
2026-06-17 09:20:00+05:30,224.45,224.8,224.0,224.8,738.0
2026-06-17 09:25:00+05:30,225.0,225.46,224.93,225.39,1318.0
2026-06-17 09:30:00+05:30,225.39,225.4,224.81,224.81,603.0
2026-06-17 09:35:00+05:30,225.05,225.5,225.0,225.5,1600.0
2026-06-17 09:40:00+05:30,225.6,225.98,225.4,225.5,1136.0
2026-06-17 09:45:00+05:30,225.91,226.28,225.69,225.69,1411.0
2026-06-17 09:50:00+05:30,225.66,226.24,225.61,225.61,326.0
2026-06-17 09:55:00+05:30,225.61,225.61,225.3,225.3,2002.0
2026-06-17 10:00:00+05:30,225.3,225.5,225.1,225.1,786.0
2026-06-17 10:05:00+05:30,225.4,225.56,225.04,225.56,256.0
2026-06-17 10:10:00+05:30,225.56,225.72,225.09,225.21,120.0
2026-06-17 10:15:00+05:30,225.63,225.63,225.57,225.57,11.0
2026-06-17 10:20:00+05:30,225.57,225.61,224.9,224.9,1997.0
2026-06-17 10:25:00+05:30,224.95,225.09,224.75,225.08,250.0
2026-06-17 10:30:00+05:30,224.9,224.9,224.4,224.4,350.0
2026-06-17 10:35:00+05:30,224.4,225.05,224.4,225.05,417.0
2026-06-17 10:40:00+05:30,225.05,225.05,224.76,224.76,46.0
2026-06-17 10:45:00+05:30,224.76,225.07,224.76,225.0,60.0
2026-06-17 10:50:00+05:30,224.87,225.5,224.87,225.5,579.0
2026-06-17 10:55:00+05:30,225.5,225.5,225.2,225.2,99.0
2026-06-17 11:00:00+05:30,225.2,225.2,225.0,225.01,65.0
2026-06-17 11:05:00+05:30,225.01,225.37,225.01,225.29,76.0
2026-06-17 11:10:00+05:30,224.91,225.22,224.91,225.22,265.0
2026-06-17 11:15:00+05:30,225.0,225.62,225.0,225.62,719.0
2026-06-17 11:20:00+05:30,225.62,225.68,225.0,225.62,1706.0
2026-06-17 11:25:00+05:30,225.62,225.62,225.0,225.0,935.0
2026-06-17 11:30:00+05:30,224.61,224.89,224.61,224.89,124.0
2026-06-17 11:35:00+05:30,224.63,225.0,224.63,225.0,268.0
2026-06-17 11:40:00+05:30,225.0,226.0,225.0,226.0,2419.0
2026-06-17 11:45:00+05:30,225.3,225.3,225.3,225.3,372.0
2026-06-17 11:50:00+05:30,225.3,225.46,225.01,225.09,6.0
2026-06-17 11:55:00+05:30,225.09,225.5,225.09,225.5,10.0
2026-06-17 12:00:00+05:30,225.21,225.21,224.69,224.69,1457.0
2026-06-17 12:05:00+05:30,224.69,225.14,224.69,225.14,10.0
2026-06-17 12:10:00+05:30,225.14,225.14,225.14,225.14,0.0
2026-06-17 12:15:00+05:30,225.14,225.36,225.14,225.36,250.0
2026-06-17 12:20:00+05:30,225.36,225.36,224.69,224.69,160.0
2026-06-17 12:25:00+05:30,225.0,225.42,225.0,225.42,496.0
2026-06-17 12:30:00+05:30,225.42,225.42,225.2,225.2,349.0
2026-06-17 12:35:00+05:30,225.2,225.27,225.2,225.27,86.0
2026-06-17 12:40:00+05:30,225.27,225.27,225.22,225.22,17.0
2026-06-17 12:45:00+05:30,225.22,225.76,225.22,225.26,246.0
2026-06-17 12:50:00+05:30,225.26,225.26,225.26,225.26,10.0
2026-06-17 12:55:00+05:30,225.2,226.85,225.2,226.85,6170.0
2026-06-17 13:00:00+05:30,226.78,229.9,226.22,227.52,11860.0
2026-06-17 13:05:00+05:30,227.52,227.52,227.4,227.4,106.0
2026-06-17 13:10:00+05:30,227.1,227.1,225.94,225.97,1648.0
2026-06-17 13:15:00+05:30,226.08,227.0,226.08,226.98,2021.0
2026-06-17 13:20:00+05:30,227.14,227.14,226.68,227.05,121.0
2026-06-17 13:25:00+05:30,226.68,226.83,226.57,226.83,230.0
2026-06-17 13:30:00+05:30,226.83,226.83,226.45,226.45,52.0
2026-06-17 13:35:00+05:30,226.45,226.74,226.45,226.74,190.0
2026-06-17 13:40:00+05:30,226.74,226.9,226.5,226.5,342.0
2026-06-17 13:45:00+05:30,226.5,226.52,226.5,226.52,3.0
2026-06-17 13:50:00+05:30,225.91,225.91,225.91,225.91,1500.0
2026-06-17 13:55:00+05:30,226.36,226.36,226.36,226.36,9.0
2026-06-17 14:00:00+05:30,226.0,226.0,226.0,226.0,1.0
2026-06-17 14:05:00+05:30,226.0,226.22,226.0,226.2,20.0
2026-06-17 14:10:00+05:30,226.2,226.43,226.2,226.33,585.0
2026-06-17 14:15:00+05:30,226.42,226.42,226.11,226.32,68.0
2026-06-17 14:20:00+05:30,226.32,226.32,226.32,226.32,0.0
2026-06-17 14:25:00+05:30,226.29,226.29,225.87,225.87,624.0
2026-06-17 14:30:00+05:30,225.8,225.95,225.7,225.95,867.0
2026-06-17 14:35:00+05:30,225.95,226.0,225.95,226.0,433.0
2026-06-17 14:40:00+05:30,226.06,226.06,225.71,225.71,665.0
2026-06-17 14:45:00+05:30,225.72,226.09,225.72,225.78,473.0
2026-06-17 14:50:00+05:30,225.76,225.76,225.15,225.16,1367.0
2026-06-17 14:55:00+05:30,225.15,225.43,225.11,225.18,481.0
2026-06-17 15:00:00+05:30,225.15,225.72,225.11,225.11,417.0
2026-06-17 15:05:00+05:30,226.79,226.79,225.21,225.9,3132.0
2026-06-17 15:10:00+05:30,225.91,226.66,225.64,226.66,2119.0
2026-06-17 15:15:00+05:30,226.19,226.39,225.88,225.93,593.0
2026-06-17 15:20:00+05:30,226.38,226.39,225.76,226.39,1176.0
2026-06-17 15:25:00+05:30,226.39,226.5,225.98,226.49,1693.0
2026-06-18 09:15:00+05:30,226.53,228.17,226.53,227.99,2179.0
2026-06-18 09:20:00+05:30,227.2,228.1,227.17,227.9,2106.0
2026-06-18 09:25:00+05:30,227.27,227.9,227.1,227.32,543.0
2026-06-18 09:30:00+05:30,227.32,227.84,227.32,227.32,663.0
2026-06-18 09:35:00+05:30,227.0,227.55,226.95,227.17,359.0
2026-06-18 09:40:00+05:30,227.17,228.5,227.17,228.25,1706.0
2026-06-18 09:45:00+05:30,228.25,228.8,228.25,228.5,871.0
2026-06-18 09:50:00+05:30,228.97,229.8,228.28,228.28,2209.0
2026-06-18 09:55:00+05:30,228.22,230.6,228.01,229.9,9884.0
2026-06-18 10:00:00+05:30,229.32,230.32,229.22,229.5,1381.0
2026-06-18 10:05:00+05:30,229.8,229.8,229.0,229.35,1031.0
2026-06-18 10:10:00+05:30,229.04,229.04,228.51,228.51,461.0
2026-06-18 10:15:00+05:30,228.51,228.8,228.51,228.8,30.0
2026-06-18 10:20:00+05:30,228.42,228.68,228.24,228.24,196.0
2026-06-18 10:25:00+05:30,228.99,228.99,228.3,228.91,419.0
2026-06-18 10:30:00+05:30,228.91,228.91,228.35,228.51,105.0
2026-06-18 10:35:00+05:30,228.51,228.8,228.04,228.04,690.0
2026-06-18 10:40:00+05:30,228.04,228.04,228.02,228.02,174.0
2026-06-18 10:45:00+05:30,228.56,229.79,228.56,229.22,2659.0
2026-06-18 10:50:00+05:30,229.01,230.3,229.01,230.3,5245.0
2026-06-18 10:55:00+05:30,230.05,230.5,230.0,230.0,1505.0
2026-06-18 11:00:00+05:30,230.0,230.4,230.0,230.24,861.0
2026-06-18 11:05:00+05:30,230.0,230.0,229.1,229.65,1328.0
2026-06-18 11:10:00+05:30,229.1,229.1,228.5,229.0,2476.0
2026-06-18 11:15:00+05:30,229.0,229.0,228.41,228.76,200.0
2026-06-18 11:20:00+05:30,228.2,228.58,228.2,228.58,104.0
2026-06-18 11:25:00+05:30,228.58,228.63,228.58,228.63,20.0
2026-06-18 11:30:00+05:30,229.0,229.14,228.84,229.0,105.0
2026-06-18 11:35:00+05:30,229.0,230.0,229.0,230.0,7997.0
2026-06-18 11:40:00+05:30,230.4,231.4,230.27,231.29,3846.0
2026-06-18 11:45:00+05:30,231.25,232.0,231.0,231.1,6657.0
2026-06-18 11:50:00+05:30,231.79,231.79,230.41,231.0,1272.0
2026-06-18 11:55:00+05:30,231.0,231.0,229.7,229.7,2619.0
2026-06-18 12:00:00+05:30,229.7,230.08,229.7,229.77,3999.0
2026-06-18 12:05:00+05:30,229.77,231.38,229.5,229.5,2616.0
2026-06-18 12:10:00+05:30,229.5,230.39,229.5,230.39,3.0
2026-06-18 12:15:00+05:30,230.3,230.5,230.22,230.33,714.0
2026-06-18 12:20:00+05:30,230.33,230.5,230.33,230.42,31.0
2026-06-18 12:25:00+05:30,230.42,231.39,230.02,231.0,12965.0
2026-06-18 12:30:00+05:30,231.38,231.38,231.0,231.24,241.0
2026-06-18 12:35:00+05:30,231.24,231.28,231.0,231.28,1050.0
2026-06-18 12:40:00+05:30,231.26,231.26,231.0,231.1,216.0
2026-06-18 12:45:00+05:30,231.28,231.28,231.1,231.1,244.0
2026-06-18 12:50:00+05:30,231.1,231.1,230.22,230.6,1538.0
2026-06-18 12:55:00+05:30,230.6,230.6,230.6,230.6,412.0
2026-06-18 13:00:00+05:30,230.85,230.85,230.85,230.85,247.0
2026-06-18 13:05:00+05:30,230.85,231.28,230.82,230.82,1026.0
2026-06-18 13:10:00+05:30,230.82,230.82,230.82,230.82,0.0
2026-06-18 13:15:00+05:30,231.24,231.28,230.85,230.85,28.0
2026-06-18 13:20:00+05:30,230.85,231.28,230.81,230.81,378.0
2026-06-18 13:25:00+05:30,231.28,231.66,231.25,231.66,3028.0
2026-06-18 13:30:00+05:30,231.66,231.66,231.22,231.64,140.0
2026-06-18 13:35:00+05:30,231.64,231.64,231.2,231.57,118.0
2026-06-18 13:40:00+05:30,231.57,231.57,231.07,231.48,426.0
2026-06-18 13:45:00+05:30,231.4,231.4,231.4,231.4,1.0
2026-06-18 13:50:00+05:30,231.4,231.4,231.0,231.0,696.0
2026-06-18 13:55:00+05:30,231.0,231.0,231.0,231.0,199.0
2026-06-18 14:00:00+05:30,231.0,231.0,230.62,230.62,276.0
2026-06-18 14:05:00+05:30,230.62,230.62,230.42,230.42,150.0
2026-06-18 14:10:00+05:30,230.7,230.94,230.7,230.94,250.0
2026-06-18 14:15:00+05:30,230.98,231.06,230.41,230.5,1548.0
2026-06-18 14:20:00+05:30,230.5,230.52,230.5,230.52,458.0
2026-06-18 14:25:00+05:30,230.52,230.97,230.47,230.91,1156.0
2026-06-18 14:30:00+05:30,230.91,230.91,230.91,230.91,35.0
2026-06-18 14:35:00+05:30,230.51,230.84,230.46,230.46,773.0
2026-06-18 14:40:00+05:30,230.46,230.98,230.46,230.82,1323.0
2026-06-18 14:45:00+05:30,230.82,230.99,230.47,230.99,542.0
2026-06-18 14:50:00+05:30,230.99,230.99,230.43,230.93,627.0
2026-06-18 14:55:00+05:30,230.93,230.93,230.9,230.9,29.0
2026-06-18 15:00:00+05:30,231.0,232.0,230.96,232.0,3071.0
2026-06-18 15:05:00+05:30,232.0,232.0,231.22,231.5,1521.0
2026-06-18 15:10:00+05:30,231.42,231.65,231.14,231.65,1029.0
2026-06-18 15:15:00+05:30,231.57,231.57,231.17,231.48,873.0
2026-06-18 15:20:00+05:30,231.2,231.57,230.93,231.18,1589.0
2026-06-18 15:25:00+05:30,231.01,232.0,230.1,232.0,5304.0
2026-06-19 09:15:00+05:30,231.84,232.0,227.1,227.85,2057.0
2026-06-19 09:20:00+05:30,228.34,229.19,228.08,228.78,1533.0
2026-06-19 09:25:00+05:30,228.78,228.78,228.5,228.5,386.0
2026-06-19 09:30:00+05:30,228.5,228.99,228.32,228.32,462.0
2026-06-19 09:35:00+05:30,228.32,228.98,228.32,228.98,136.0
2026-06-19 09:40:00+05:30,229.26,229.34,228.64,229.34,514.0
2026-06-19 09:45:00+05:30,229.14,229.14,228.5,228.67,275.0
2026-06-19 09:50:00+05:30,228.67,230.0,227.89,230.0,5316.0
2026-06-19 09:55:00+05:30,230.0,230.0,229.51,229.51,30.0
2026-06-19 10:00:00+05:30,229.51,229.95,229.5,229.95,42.0
2026-06-19 10:05:00+05:30,229.5,230.0,229.5,230.0,1410.0
2026-06-19 10:10:00+05:30,229.88,230.26,229.88,230.21,10.0
2026-06-19 10:15:00+05:30,230.07,230.79,230.0,230.52,1898.0
2026-06-19 10:20:00+05:30,230.52,230.56,230.05,230.51,568.0
2026-06-19 10:25:00+05:30,230.51,230.51,229.82,230.0,265.0
2026-06-19 10:30:00+05:30,230.0,230.08,229.63,229.63,51.0
2026-06-19 10:35:00+05:30,229.99,230.3,229.99,230.0,129.0
2026-06-19 10:40:00+05:30,230.0,230.29,230.0,230.0,900.0
2026-06-19 10:45:00+05:30,229.99,229.99,229.25,229.25,304.0
2026-06-19 10:50:00+05:30,229.72,229.72,229.41,229.41,567.0
2026-06-19 10:55:00+05:30,229.35,229.61,229.35,229.61,10.0
2026-06-19 11:00:00+05:30,229.5,229.65,229.26,229.65,213.0
2026-06-19 11:05:00+05:30,229.65,229.65,229.65,229.65,0.0
2026-06-19 11:10:00+05:30,228.81,229.07,228.81,229.0,1144.0
2026-06-19 11:15:00+05:30,229.0,229.0,229.0,229.0,103.0
2026-06-19 11:20:00+05:30,229.0,229.34,229.0,229.0,198.0
2026-06-19 11:25:00+05:30,229.0,229.5,229.0,229.5,7.0
2026-06-19 11:30:00+05:30,229.5,229.58,229.5,229.58,12.0
2026-06-19 11:35:00+05:30,229.89,229.89,229.8,229.8,75.0
2026-06-19 11:40:00+05:30,229.8,229.9,229.44,229.44,26.0
2026-06-19 11:45:00+05:30,229.44,229.61,229.4,229.4,438.0
2026-06-19 11:50:00+05:30,229.4,229.4,229.4,229.4,0.0
2026-06-19 11:55:00+05:30,229.4,229.4,229.0,229.0,228.0
2026-06-19 12:00:00+05:30,229.0,229.0,229.0,229.0,5.0
2026-06-19 12:05:00+05:30,229.0,229.0,229.0,229.0,50.0
2026-06-19 12:10:00+05:30,229.0,229.26,228.21,228.58,7379.0
2026-06-19 12:15:00+05:30,228.58,228.58,228.58,228.58,0.0
2026-06-19 12:20:00+05:30,228.58,228.95,228.58,228.58,25.0
2026-06-19 12:25:00+05:30,228.51,228.92,228.32,228.64,108.0
2026-06-19 12:30:00+05:30,228.64,228.64,228.64,228.64,0.0
2026-06-19 12:35:00+05:30,228.64,228.93,228.64,228.89,52.0
2026-06-19 12:40:00+05:30,228.89,228.89,228.38,228.38,216.0
2026-06-19 12:45:00+05:30,228.38,228.5,227.89,227.89,372.0
2026-06-19 12:50:00+05:30,227.89,227.89,227.89,227.89,0.0
2026-06-19 12:55:00+05:30,227.89,227.89,227.89,227.89,0.0
2026-06-19 13:00:00+05:30,227.89,228.5,227.89,228.5,210.0
2026-06-19 13:05:00+05:30,228.5,228.5,228.5,228.5,0.0
2026-06-19 13:10:00+05:30,228.4,228.4,227.5,227.5,1361.0
2026-06-19 13:15:00+05:30,227.5,227.5,227.2,227.2,300.0
2026-06-19 13:20:00+05:30,227.2,227.52,227.2,227.52,291.0
2026-06-19 13:25:00+05:30,227.52,227.93,227.52,227.93,173.0
2026-06-19 13:30:00+05:30,227.93,227.93,227.89,227.89,35.0
2026-06-19 13:35:00+05:30,227.89,228.0,227.89,228.0,203.0
2026-06-19 13:40:00+05:30,228.0,228.0,228.0,228.0,0.0
2026-06-19 13:45:00+05:30,228.0,228.15,228.0,228.15,250.0
2026-06-19 13:50:00+05:30,228.15,228.15,228.15,228.15,24.0
2026-06-19 13:55:00+05:30,228.15,228.15,228.15,228.15,50.0
2026-06-19 14:00:00+05:30,228.15,228.5,228.15,228.5,127.0
2026-06-19 14:05:00+05:30,228.5,229.39,228.5,228.75,1535.0
2026-06-19 14:10:00+05:30,228.75,228.95,228.75,228.95,180.0
2026-06-19 14:15:00+05:30,228.95,228.95,228.5,228.5,461.0
2026-06-19 14:20:00+05:30,228.89,228.89,228.15,228.58,1325.0
2026-06-19 14:25:00+05:30,227.89,228.11,227.89,228.05,719.0
2026-06-19 14:30:00+05:30,227.75,228.08,227.75,228.08,320.0
2026-06-19 14:35:00+05:30,228.15,230.7,228.15,230.7,13473.0
2026-06-19 14:40:00+05:30,232.0,233.02,230.59,230.59,9630.0
2026-06-19 14:45:00+05:30,230.59,230.59,230.29,230.4,280.0
2026-06-19 14:50:00+05:30,230.4,230.4,229.84,229.84,301.0
2026-06-19 14:55:00+05:30,229.68,230.18,229.51,229.61,477.0
2026-06-19 15:00:00+05:30,229.52,231.98,229.14,231.98,2873.0
2026-06-19 15:05:00+05:30,231.03,232.0,230.23,230.7,2029.0
2026-06-19 15:10:00+05:30,230.86,231.0,230.72,230.87,339.0
2026-06-19 15:15:00+05:30,230.95,231.55,230.85,230.85,1657.0
2026-06-19 15:20:00+05:30,230.84,231.6,230.84,230.93,2616.0
2026-06-19 15:25:00+05:30,230.63,232.0,230.63,232.0,3545.0
2026-06-22 09:15:00+05:30,232.6,233.18,231.5,231.69,3536.0
2026-06-22 09:20:00+05:30,232.0,232.43,231.75,232.26,1092.0
2026-06-22 09:25:00+05:30,232.26,232.32,232.07,232.32,87.0
2026-06-22 09:30:00+05:30,232.31,232.32,231.85,232.23,1148.0
2026-06-22 09:35:00+05:30,232.23,232.72,232.22,232.22,147.0
2026-06-22 09:40:00+05:30,232.84,233.48,232.83,233.4,3143.0
2026-06-22 09:45:00+05:30,232.92,233.79,232.46,232.46,3565.0
2026-06-22 09:50:00+05:30,232.64,232.94,232.51,232.94,27.0
2026-06-22 09:55:00+05:30,232.99,233.86,232.99,233.37,1128.0
2026-06-22 10:00:00+05:30,233.37,233.78,233.37,233.65,851.0
2026-06-22 10:05:00+05:30,233.65,233.67,232.97,233.02,1700.0
2026-06-22 10:10:00+05:30,233.02,234.38,233.02,234.38,1575.0
2026-06-22 10:15:00+05:30,234.0,234.82,233.95,234.0,961.0
2026-06-22 10:20:00+05:30,234.0,234.89,234.0,234.87,445.0
2026-06-22 10:25:00+05:30,234.35,235.0,234.07,235.0,2902.0
2026-06-22 10:30:00+05:30,235.0,235.45,234.08,234.11,413.0
2026-06-22 10:35:00+05:30,234.0,234.19,233.28,233.99,1691.0
2026-06-22 10:40:00+05:30,233.69,234.38,233.69,234.0,112.0
2026-06-22 10:45:00+05:30,234.0,236.2,234.0,236.2,7763.0
2026-06-22 10:50:00+05:30,236.2,237.19,236.0,236.1,5578.0
2026-06-22 10:55:00+05:30,236.1,236.57,235.79,235.79,1177.0
2026-06-22 11:00:00+05:30,236.0,236.0,235.21,235.22,804.0
2026-06-22 11:05:00+05:30,236.0,236.24,235.0,235.0,4835.0
2026-06-22 11:10:00+05:30,235.0,235.78,234.72,235.78,180.0
2026-06-22 11:15:00+05:30,235.55,235.55,234.6,234.6,417.0
2026-06-22 11:20:00+05:30,234.6,234.6,234.6,234.6,0.0
2026-06-22 11:25:00+05:30,236.0,236.0,236.0,236.0,529.0
2026-06-22 11:30:00+05:30,236.0,236.0,235.39,235.78,75.0
2026-06-22 11:35:00+05:30,235.78,235.78,235.2,235.2,162.0
2026-06-22 11:40:00+05:30,234.82,234.82,234.82,234.82,1.0
2026-06-22 11:45:00+05:30,234.82,235.0,234.82,235.0,86.0
2026-06-22 11:50:00+05:30,235.0,235.0,234.3,234.31,2611.0
2026-06-22 11:55:00+05:30,234.31,234.52,233.5,233.5,791.0
2026-06-22 12:00:00+05:30,233.0,233.73,233.0,233.59,561.0
2026-06-22 12:05:00+05:30,233.72,233.72,233.72,233.72,1.0
2026-06-22 12:10:00+05:30,233.72,234.3,233.46,233.46,3092.0
2026-06-22 12:15:00+05:30,233.78,233.78,232.27,232.76,7273.0
2026-06-22 12:20:00+05:30,232.76,233.07,232.76,233.07,4.0
2026-06-22 12:25:00+05:30,233.03,233.33,233.01,233.33,89.0
2026-06-22 12:30:00+05:30,233.41,233.41,232.53,232.75,1481.0
2026-06-22 12:35:00+05:30,232.75,232.75,232.75,232.75,146.0
2026-06-22 12:40:00+05:30,232.75,232.79,231.5,232.15,3122.0
2026-06-22 12:45:00+05:30,232.15,232.19,232.15,232.19,1.0
2026-06-22 12:50:00+05:30,232.19,232.95,232.19,232.77,224.0
2026-06-22 12:55:00+05:30,233.0,233.0,232.5,232.5,325.0
2026-06-22 13:00:00+05:30,232.5,232.98,232.5,232.79,201.0
2026-06-22 13:05:00+05:30,232.79,233.0,232.79,232.85,346.0
2026-06-22 13:10:00+05:30,232.85,232.85,232.85,232.85,0.0
2026-06-22 13:15:00+05:30,233.46,233.46,233.46,233.46,700.0
2026-06-22 13:20:00+05:30,233.46,233.46,233.34,233.35,4.0
2026-06-22 13:25:00+05:30,233.35,233.35,232.75,232.75,50.0
2026-06-22 13:30:00+05:30,232.75,233.36,232.75,233.36,400.0
2026-06-22 13:35:00+05:30,233.36,233.36,233.36,233.36,0.0
2026-06-22 13:40:00+05:30,233.36,233.36,233.36,233.36,0.0
2026-06-22 13:45:00+05:30,233.36,233.36,233.36,233.36,2000.0
2026-06-22 13:50:00+05:30,233.36,233.5,233.0,233.01,938.0
2026-06-22 13:55:00+05:30,233.01,233.6,233.01,233.58,1368.0
2026-06-22 14:00:00+05:30,233.58,233.58,233.58,233.58,0.0
2026-06-22 14:05:00+05:30,233.58,234.0,233.58,233.9,701.0
2026-06-22 14:10:00+05:30,233.58,233.62,233.58,233.62,13.0
2026-06-22 14:15:00+05:30,233.62,233.95,233.5,233.5,144.0
2026-06-22 14:20:00+05:30,233.5,233.5,233.41,233.5,476.0
2026-06-22 14:25:00+05:30,232.77,233.27,232.77,233.27,1420.0
2026-06-22 14:30:00+05:30,233.27,233.28,233.27,233.28,8.0
2026-06-22 14:35:00+05:30,233.28,233.28,233.0,233.0,219.0
2026-06-22 14:40:00+05:30,233.0,233.38,233.0,233.38,8.0
2026-06-22 14:45:00+05:30,233.38,233.74,233.37,233.37,93.0
2026-06-22 14:50:00+05:30,233.37,233.75,233.37,233.6,495.0
2026-06-22 14:55:00+05:30,233.6,234.0,233.37,233.41,1610.0
2026-06-22 15:00:00+05:30,233.43,233.43,233.0,233.12,3325.0
2026-06-22 15:05:00+05:30,233.08,234.0,233.08,233.23,2631.0
2026-06-22 15:10:00+05:30,233.55,233.55,232.79,232.79,3638.0
2026-06-22 15:15:00+05:30,232.82,233.44,232.79,233.02,1604.0
2026-06-22 15:20:00+05:30,232.96,233.4,232.77,233.4,773.0
2026-06-22 15:25:00+05:30,233.4,234.0,233.06,233.11,2521.0
2026-06-23 09:15:00+05:30,234.5,234.5,232.0,233.46,2008.0
2026-06-23 09:20:00+05:30,233.65,233.95,233.01,233.36,1279.0
2026-06-23 09:25:00+05:30,233.36,234.17,233.21,233.5,784.0
2026-06-23 09:30:00+05:30,233.54,234.17,233.21,233.21,987.0
2026-06-23 09:35:00+05:30,233.69,234.12,233.21,233.9,1194.0
2026-06-23 09:40:00+05:30,234.0,235.42,233.9,234.78,6982.0
2026-06-23 09:45:00+05:30,234.37,234.78,234.37,234.5,686.0
2026-06-23 09:50:00+05:30,234.6,235.0,234.35,235.0,706.0
2026-06-23 09:55:00+05:30,234.48,234.75,234.35,234.75,315.0
2026-06-23 10:00:00+05:30,234.75,234.75,234.35,234.35,24.0
2026-06-23 10:05:00+05:30,234.35,234.65,234.15,234.15,1053.0
2026-06-23 10:10:00+05:30,234.15,234.58,234.15,234.58,410.0
2026-06-23 10:15:00+05:30,234.57,234.57,233.43,233.45,248.0
2026-06-23 10:20:00+05:30,233.45,233.45,233.21,233.21,173.0
2026-06-23 10:25:00+05:30,233.5,233.5,233.0,233.0,323.0
2026-06-23 10:30:00+05:30,233.0,233.0,232.5,232.5,179.0
2026-06-23 10:35:00+05:30,232.5,232.8,232.5,232.8,102.0
2026-06-23 10:40:00+05:30,232.8,232.8,232.23,232.61,227.0
2026-06-23 10:45:00+05:30,232.0,232.8,232.0,232.8,451.0
2026-06-23 10:50:00+05:30,232.8,232.8,232.31,232.31,2006.0
2026-06-23 10:55:00+05:30,232.54,232.54,232.5,232.5,57.0
2026-06-23 11:00:00+05:30,232.31,232.31,232.0,232.0,351.0
2026-06-23 11:05:00+05:30,232.0,232.0,231.92,232.0,205.0
2026-06-23 11:10:00+05:30,232.0,232.23,232.0,232.23,1.0
2026-06-23 11:15:00+05:30,232.54,232.74,232.54,232.73,147.0
2026-06-23 11:20:00+05:30,232.62,232.62,232.03,232.46,163.0
2026-06-23 11:25:00+05:30,232.46,232.48,231.34,231.34,1519.0
2026-06-23 11:30:00+05:30,231.34,231.34,231.34,231.34,0.0
2026-06-23 11:35:00+05:30,231.34,231.34,231.34,231.34,0.0
2026-06-23 11:40:00+05:30,231.34,231.71,231.25,231.25,452.0
2026-06-23 11:45:00+05:30,231.1,231.1,230.68,230.68,249.0
2026-06-23 11:50:00+05:30,230.78,230.8,230.78,230.8,35.0
2026-06-23 11:55:00+05:30,230.41,230.42,230.41,230.42,249.0
2026-06-23 12:00:00+05:30,230.42,230.42,229.69,229.69,1166.0
2026-06-23 12:05:00+05:30,229.59,229.75,229.21,229.73,471.0
2026-06-23 12:10:00+05:30,229.32,229.32,224.26,227.64,15858.0
2026-06-23 12:15:00+05:30,228.05,228.86,227.99,228.83,1516.0
2026-06-23 12:20:00+05:30,228.83,229.1,227.24,228.41,369.0
2026-06-23 12:25:00+05:30,228.52,229.25,227.61,229.14,920.0
2026-06-23 12:30:00+05:30,229.25,229.32,229.25,229.32,90.0
2026-06-23 12:35:00+05:30,229.32,229.32,229.32,229.32,0.0
2026-06-23 12:40:00+05:30,228.8,228.8,228.55,228.55,935.0
2026-06-23 12:45:00+05:30,228.55,228.55,228.26,228.26,413.0
2026-06-23 12:50:00+05:30,228.26,228.99,228.26,228.99,475.0
2026-06-23 12:55:00+05:30,228.99,228.99,228.36,228.36,837.0
2026-06-23 13:00:00+05:30,227.79,227.82,227.75,227.75,50.0
2026-06-23 13:05:00+05:30,227.71,228.0,227.5,227.5,135.0
2026-06-23 13:10:00+05:30,227.5,227.88,227.5,227.88,125.0
2026-06-23 13:15:00+05:30,227.75,227.75,227.75,227.75,500.0
2026-06-23 13:20:00+05:30,227.83,227.88,227.83,227.85,69.0
2026-06-23 13:25:00+05:30,227.85,227.85,227.5,227.69,293.0
2026-06-23 13:30:00+05:30,227.69,227.69,226.58,226.58,663.0
2026-06-23 13:35:00+05:30,226.58,227.37,226.58,227.37,363.0
2026-06-23 13:40:00+05:30,227.37,227.37,227.37,227.37,3.0
2026-06-23 13:45:00+05:30,227.37,227.43,227.08,227.43,6.0
2026-06-23 13:50:00+05:30,227.77,227.97,227.44,227.44,365.0
2026-06-23 13:55:00+05:30,227.67,227.67,227.44,227.44,33.0
2026-06-23 14:00:00+05:30,227.49,227.49,226.8,227.0,579.0
2026-06-23 14:05:00+05:30,227.0,227.46,227.0,227.46,35.0
2026-06-23 14:10:00+05:30,227.46,228.16,227.46,228.16,68.0
2026-06-23 14:15:00+05:30,228.16,228.16,227.06,227.83,55.0
2026-06-23 14:20:00+05:30,227.83,227.95,227.54,227.54,40.0
2026-06-23 14:25:00+05:30,227.54,227.98,227.54,227.98,4.0
2026-06-23 14:30:00+05:30,227.98,227.98,227.98,227.98,0.0
2026-06-23 14:35:00+05:30,227.98,227.98,227.98,227.98,22.0
2026-06-23 14:40:00+05:30,227.98,228.04,227.97,228.04,6.0
2026-06-23 14:45:00+05:30,228.23,228.57,228.23,228.57,454.0
2026-06-23 14:50:00+05:30,228.57,228.95,228.38,228.38,209.0
2026-06-23 14:55:00+05:30,228.38,228.8,228.38,228.8,1.0
2026-06-23 15:00:00+05:30,228.28,228.59,227.62,227.62,259.0
2026-06-23 15:05:00+05:30,227.62,229.58,227.0,227.47,9062.0
2026-06-23 15:10:00+05:30,227.47,227.69,226.55,226.55,1603.0
2026-06-23 15:15:00+05:30,226.55,226.98,226.5,226.98,1052.0
2026-06-23 15:20:00+05:30,227.61,227.61,226.13,226.97,1778.0
2026-06-23 15:25:00+05:30,226.5,227.33,224.7,226.5,6688.0
2026-06-24 09:15:00+05:30,228.08,230.4,226.01,226.74,2707.0
2026-06-24 09:20:00+05:30,227.98,227.98,227.53,227.53,43.0
2026-06-24 09:25:00+05:30,227.27,227.79,226.75,227.22,1501.0
2026-06-24 09:30:00+05:30,227.22,227.22,227.22,227.22,0.0
2026-06-24 09:35:00+05:30,227.59,227.66,227.59,227.66,151.0
2026-06-24 09:40:00+05:30,227.41,227.41,226.75,226.75,2944.0
2026-06-24 09:45:00+05:30,226.75,226.75,226.1,226.1,1248.0
2026-06-24 09:50:00+05:30,226.1,226.41,226.1,226.41,28.0
2026-06-24 09:55:00+05:30,226.76,226.98,226.53,226.98,531.0
2026-06-24 10:00:00+05:30,226.98,226.98,226.98,226.98,4.0
2026-06-24 10:05:00+05:30,226.98,226.98,226.98,226.98,25.0
2026-06-24 10:10:00+05:30,227.34,227.34,226.64,226.64,93.0
2026-06-24 10:15:00+05:30,226.96,226.96,226.75,226.75,92.0
2026-06-24 10:20:00+05:30,226.75,227.79,226.73,227.79,892.0
2026-06-24 10:25:00+05:30,227.79,227.79,226.82,226.82,70.0
2026-06-24 10:30:00+05:30,226.82,227.38,226.6,227.38,892.0
2026-06-24 10:35:00+05:30,227.33,227.39,226.82,227.39,59.0
2026-06-24 10:40:00+05:30,227.39,227.39,227.39,227.39,0.0
2026-06-24 10:45:00+05:30,227.54,227.54,227.27,227.27,43.0
2026-06-24 10:50:00+05:30,227.27,227.27,227.27,227.27,0.0
2026-06-24 10:55:00+05:30,227.9,227.9,227.9,227.9,1.0
2026-06-24 11:00:00+05:30,227.78,227.79,227.7,227.79,17.0
2026-06-24 11:05:00+05:30,227.79,227.79,227.22,227.7,153.0
2026-06-24 11:10:00+05:30,227.7,227.7,227.48,227.48,9.0
2026-06-24 11:15:00+05:30,227.48,227.48,227.48,227.48,17.0
2026-06-24 11:20:00+05:30,227.48,227.48,227.21,227.21,200.0
2026-06-24 11:25:00+05:30,227.21,227.21,227.21,227.21,0.0
2026-06-24 11:30:00+05:30,227.21,227.21,227.21,227.21,0.0
2026-06-24 11:35:00+05:30,227.21,227.58,227.21,227.51,526.0
2026-06-24 11:40:00+05:30,227.51,228.05,227.51,228.04,126.0
2026-06-24 11:45:00+05:30,228.04,228.04,228.04,228.04,0.0
2026-06-24 11:50:00+05:30,228.04,228.04,228.04,228.04,0.0
2026-06-24 11:55:00+05:30,228.04,228.04,228.04,228.04,100.0
2026-06-24 12:00:00+05:30,227.54,227.54,227.54,227.54,450.0
2026-06-24 12:05:00+05:30,227.54,227.54,227.54,227.54,0.0
2026-06-24 12:10:00+05:30,227.54,228.04,227.54,228.04,47.0
2026-06-24 12:15:00+05:30,228.04,228.04,227.52,227.52,230.0
2026-06-24 12:20:00+05:30,227.97,227.97,227.53,227.53,67.0
2026-06-24 12:25:00+05:30,227.53,227.53,227.53,227.53,0.0
2026-06-24 12:30:00+05:30,227.53,227.53,227.51,227.51,1686.0
2026-06-24 12:35:00+05:30,227.51,227.51,227.51,227.51,0.0
2026-06-24 12:40:00+05:30,227.51,227.51,227.1,227.1,1.0
2026-06-24 12:45:00+05:30,227.1,227.6,227.1,227.6,75.0
2026-06-24 12:50:00+05:30,227.6,227.6,227.6,227.6,0.0
2026-06-24 12:55:00+05:30,227.6,227.6,227.6,227.6,0.0
2026-06-24 13:00:00+05:30,227.6,229.0,227.6,229.0,1578.0
2026-06-24 13:05:00+05:30,229.0,230.38,229.0,230.26,6689.0
2026-06-24 13:10:00+05:30,228.81,229.25,228.81,228.98,1286.0
2026-06-24 13:15:00+05:30,229.01,229.01,228.98,228.98,135.0
2026-06-24 13:20:00+05:30,228.98,228.98,228.98,228.98,14.0
2026-06-24 13:25:00+05:30,228.96,230.49,228.96,230.02,2716.0
2026-06-24 13:30:00+05:30,230.02,230.02,230.02,230.02,32.0
2026-06-24 13:35:00+05:30,230.38,231.4,229.9,230.07,1995.0
2026-06-24 13:40:00+05:30,230.28,231.31,230.21,230.21,598.0
2026-06-24 13:45:00+05:30,230.21,230.75,230.21,230.4,194.0
2026-06-24 13:50:00+05:30,230.95,230.95,230.07,230.07,1061.0
2026-06-24 13:55:00+05:30,230.07,230.4,230.04,230.04,46.0
2026-06-24 14:00:00+05:30,230.04,230.09,230.04,230.09,12.0
2026-06-24 14:05:00+05:30,230.09,230.5,229.62,229.62,2331.0
2026-06-24 14:10:00+05:30,229.42,230.39,229.42,230.39,1588.0
2026-06-24 14:15:00+05:30,230.39,230.56,229.89,230.1,472.0
2026-06-24 14:20:00+05:30,229.86,229.86,228.15,229.17,1809.0
2026-06-24 14:25:00+05:30,228.97,229.05,228.22,228.92,990.0
2026-06-24 14:30:00+05:30,228.92,229.31,228.67,228.71,237.0
2026-06-24 14:35:00+05:30,230.38,231.2,230.38,231.0,3181.0
2026-06-24 14:40:00+05:30,231.0,231.0,231.0,231.0,696.0
2026-06-24 14:45:00+05:30,231.0,231.19,231.0,231.19,511.0
2026-06-24 14:50:00+05:30,231.19,231.19,230.6,230.6,1032.0
2026-06-24 14:55:00+05:30,230.72,230.72,230.31,230.31,921.0
2026-06-24 15:00:00+05:30,230.31,230.55,230.31,230.55,96.0
2026-06-24 15:05:00+05:30,231.1,231.78,231.0,231.77,3948.0
2026-06-24 15:10:00+05:30,231.77,232.0,231.5,231.82,1599.0
2026-06-24 15:15:00+05:30,231.14,231.92,230.76,230.76,1679.0
2026-06-24 15:20:00+05:30,231.1,231.94,230.94,231.94,1271.0
2026-06-24 15:25:00+05:30,230.94,232.0,230.94,232.0,866.0
2026-06-25 09:15:00+05:30,231.37,235.9,230.51,230.85,5003.0
2026-06-25 09:20:00+05:30,231.01,232.25,231.01,232.25,1164.0
2026-06-25 09:25:00+05:30,231.53,232.58,231.35,232.57,1468.0
2026-06-25 09:30:00+05:30,232.57,233.13,232.26,232.26,466.0
2026-06-25 09:35:00+05:30,232.7,232.79,232.31,232.79,92.0
2026-06-25 09:40:00+05:30,232.49,233.39,232.06,233.39,762.0
2026-06-25 09:45:00+05:30,232.71,233.39,232.71,233.0,1003.0
2026-06-25 09:50:00+05:30,233.0,233.38,232.48,233.25,1182.0
2026-06-25 09:55:00+05:30,232.8,236.2,232.8,234.32,8290.0
2026-06-25 10:00:00+05:30,234.43,235.18,234.0,234.0,1412.0
2026-06-25 10:05:00+05:30,233.7,234.02,233.41,234.0,1756.0
2026-06-25 10:10:00+05:30,234.56,239.0,234.56,238.9,19004.0
2026-06-25 10:15:00+05:30,238.26,238.39,236.82,236.9,5087.0
2026-06-25 10:20:00+05:30,236.83,240.7,236.51,240.36,13583.0
2026-06-25 10:25:00+05:30,240.4,242.8,240.02,241.54,21553.0
2026-06-25 10:30:00+05:30,241.57,242.0,239.95,241.51,9267.0
2026-06-25 10:35:00+05:30,241.24,242.0,240.41,240.41,3294.0
2026-06-25 10:40:00+05:30,240.41,241.3,239.26,240.19,7070.0
2026-06-25 10:45:00+05:30,241.0,241.58,240.5,241.22,4343.0
2026-06-25 10:50:00+05:30,242.0,243.66,241.0,242.38,10258.0
2026-06-25 10:55:00+05:30,242.38,242.5,241.43,242.5,1495.0
2026-06-25 11:00:00+05:30,242.5,242.78,241.21,242.3,1847.0
2026-06-25 11:05:00+05:30,242.0,242.5,242.0,242.28,1898.0
2026-06-25 11:10:00+05:30,242.27,242.34,241.6,241.6,972.0
2026-06-25 11:15:00+05:30,241.5,242.18,239.76,241.01,21428.0
2026-06-25 11:20:00+05:30,240.95,241.91,240.95,241.01,1570.0
2026-06-25 11:25:00+05:30,241.38,241.91,241.38,241.42,501.0
2026-06-25 11:30:00+05:30,241.13,241.88,241.09,241.56,495.0
2026-06-25 11:35:00+05:30,241.56,242.1,241.4,241.78,1695.0
2026-06-25 11:40:00+05:30,241.5,241.77,241.29,241.29,215.0
2026-06-25 11:45:00+05:30,241.69,241.69,241.0,241.0,1726.0
2026-06-25 11:50:00+05:30,240.76,241.28,240.28,240.28,498.0
2026-06-25 11:55:00+05:30,240.28,241.74,240.2,241.5,2103.0
2026-06-25 12:00:00+05:30,241.78,241.78,241.06,241.06,655.0
2026-06-25 12:05:00+05:30,241.7,241.7,240.81,240.81,1949.0
2026-06-25 12:10:00+05:30,240.21,240.99,240.21,240.49,1000.0
2026-06-25 12:15:00+05:30,240.49,240.49,240.0,240.0,378.0
2026-06-25 12:20:00+05:30,240.29,241.02,240.01,241.01,940.0
2026-06-25 12:25:00+05:30,240.94,241.0,240.46,240.51,1242.0
2026-06-25 12:30:00+05:30,240.51,240.51,240.16,240.16,3697.0
2026-06-25 12:35:00+05:30,240.16,240.5,240.16,240.5,221.0
2026-06-25 12:40:00+05:30,240.16,240.5,240.16,240.5,212.0
2026-06-25 12:45:00+05:30,240.16,240.16,239.29,239.31,2782.0
2026-06-25 12:50:00+05:30,239.31,239.31,238.22,238.61,4694.0
2026-06-25 12:55:00+05:30,238.5,238.5,237.15,237.15,1196.0
2026-06-25 13:00:00+05:30,237.5,238.12,237.25,238.0,1246.0
2026-06-25 13:05:00+05:30,237.6,237.93,237.5,237.93,125.0
2026-06-25 13:10:00+05:30,237.94,237.94,237.25,237.58,165.0
2026-06-25 13:15:00+05:30,237.25,237.96,237.0,237.43,2059.0
2026-06-25 13:20:00+05:30,237.46,237.46,237.43,237.43,350.0
2026-06-25 13:25:00+05:30,237.12,237.77,237.12,237.63,533.0
2026-06-25 13:30:00+05:30,237.63,237.63,237.24,237.24,282.0
2026-06-25 13:35:00+05:30,237.98,237.98,237.23,237.23,231.0
2026-06-25 13:40:00+05:30,238.18,238.24,237.62,237.62,305.0
2026-06-25 13:45:00+05:30,237.62,238.27,237.62,238.0,484.0
2026-06-25 13:50:00+05:30,238.0,238.0,237.56,237.99,95.0
2026-06-25 13:55:00+05:30,237.6,237.6,237.26,237.45,3204.0
2026-06-25 14:00:00+05:30,237.54,237.55,237.54,237.55,25.0
2026-06-25 14:05:00+05:30,237.85,237.85,237.55,237.55,185.0
2026-06-25 14:10:00+05:30,237.49,237.5,237.0,237.0,1360.0
2026-06-25 14:15:00+05:30,237.42,237.49,237.0,237.11,168.0
2026-06-25 14:20:00+05:30,237.49,237.5,237.0,237.49,513.0
2026-06-25 14:25:00+05:30,237.0,237.49,237.0,237.0,1481.0
2026-06-25 14:30:00+05:30,237.0,237.49,237.0,237.0,204.0
2026-06-25 14:35:00+05:30,237.0,237.48,237.0,237.3,567.0
2026-06-25 14:40:00+05:30,237.5,237.5,237.03,237.5,766.0
2026-06-25 14:45:00+05:30,237.02,237.48,237.02,237.48,101.0
2026-06-25 14:50:00+05:30,236.15,237.11,235.97,236.04,7029.0
2026-06-25 14:55:00+05:30,236.04,236.75,236.04,236.75,452.0
2026-06-25 15:00:00+05:30,236.75,236.75,236.04,236.06,385.0
2026-06-25 15:05:00+05:30,236.0,236.98,235.12,236.78,2968.0
2026-06-25 15:10:00+05:30,237.18,238.95,236.55,236.81,12673.0
2026-06-25 15:15:00+05:30,237.34,237.34,236.06,236.94,2701.0
2026-06-25 15:20:00+05:30,236.93,236.94,235.76,236.42,4436.0
2026-06-25 15:25:00+05:30,236.41,237.66,235.0,236.17,8343.0
2026-06-29 09:15:00+05:30,234.95,236.72,232.61,232.61,1327.0
2026-06-29 09:20:00+05:30,232.93,233.01,231.97,232.48,924.0
2026-06-29 09:25:00+05:30,232.02,232.84,231.01,232.84,1482.0
2026-06-29 09:30:00+05:30,232.83,237.11,232.33,236.0,8790.0
2026-06-29 09:35:00+05:30,235.69,238.8,235.68,238.0,3019.0
2026-06-29 09:40:00+05:30,238.38,241.0,237.36,241.0,6001.0
2026-06-29 09:45:00+05:30,241.0,243.37,240.98,243.37,10850.0
2026-06-29 09:50:00+05:30,242.02,243.4,242.02,242.09,5882.0
2026-06-29 09:55:00+05:30,242.1,242.1,240.91,240.91,2063.0
2026-06-29 10:00:00+05:30,241.0,242.08,241.0,241.77,4078.0
2026-06-29 10:05:00+05:30,241.73,241.73,240.9,241.3,1136.0
2026-06-29 10:10:00+05:30,241.3,241.3,240.45,240.45,286.0
2026-06-29 10:15:00+05:30,240.3,240.3,239.85,239.85,2108.0
2026-06-29 10:20:00+05:30,239.12,239.31,239.12,239.24,795.0
2026-06-29 10:25:00+05:30,238.57,241.0,238.57,240.7,4887.0
2026-06-29 10:30:00+05:30,240.7,241.38,240.06,241.38,1063.0
2026-06-29 10:35:00+05:30,240.91,240.94,239.22,239.51,1107.0
2026-06-29 10:40:00+05:30,239.51,239.65,237.0,239.0,2950.0
2026-06-29 10:45:00+05:30,239.0,239.0,238.07,239.0,2244.0
2026-06-29 10:50:00+05:30,239.0,239.0,238.91,238.91,14.0
2026-06-29 10:55:00+05:30,238.91,238.98,238.22,238.98,317.0
2026-06-29 11:00:00+05:30,238.98,239.42,238.36,239.09,632.0
2026-06-29 11:05:00+05:30,239.38,239.38,238.21,238.98,434.0
2026-06-29 11:10:00+05:30,238.36,238.88,238.36,238.41,353.0
2026-06-29 11:15:00+05:30,238.41,238.41,238.41,238.41,0.0
2026-06-29 11:20:00+05:30,238.99,239.17,238.41,238.41,541.0
2026-06-29 11:25:00+05:30,238.41,239.58,238.41,239.48,4424.0
2026-06-29 11:30:00+05:30,239.48,239.48,238.61,239.0,643.0
2026-06-29 11:35:00+05:30,239.35,241.0,239.0,239.47,2058.0
2026-06-29 11:40:00+05:30,240.39,240.39,238.91,238.91,790.0
2026-06-29 11:45:00+05:30,239.99,239.99,238.56,239.47,1186.0
2026-06-29 11:50:00+05:30,239.15,239.15,238.11,238.11,974.0
2026-06-29 11:55:00+05:30,238.34,238.34,237.02,237.02,420.0
2026-06-29 12:00:00+05:30,237.02,237.78,237.02,237.78,350.0
2026-06-29 12:05:00+05:30,237.01,237.6,237.01,237.47,1050.0
2026-06-29 12:10:00+05:30,237.45,237.45,236.91,236.91,121.0
2026-06-29 12:15:00+05:30,236.91,236.91,235.67,235.67,1900.0
2026-06-29 12:20:00+05:30,235.67,236.24,235.11,235.47,7316.0
2026-06-29 12:25:00+05:30,235.5,235.53,235.5,235.53,454.0
2026-06-29 12:30:00+05:30,235.55,235.55,235.02,235.05,127.0
2026-06-29 12:35:00+05:30,235.58,235.81,235.23,235.23,245.0
2026-06-29 12:40:00+05:30,235.33,235.91,235.33,235.76,569.0
2026-06-29 12:45:00+05:30,235.01,235.75,235.01,235.07,503.0
2026-06-29 12:50:00+05:30,235.07,235.23,235.07,235.23,11.0
2026-06-29 12:55:00+05:30,235.8,236.93,235.8,236.89,1417.0
2026-06-29 13:00:00+05:30,236.89,236.89,236.89,236.89,0.0
2026-06-29 13:05:00+05:30,236.89,236.89,236.09,236.09,428.0
2026-06-29 13:10:00+05:30,236.09,237.06,236.09,236.57,399.0
2026-06-29 13:15:00+05:30,236.7,236.7,236.7,236.7,500.0
2026-06-29 13:20:00+05:30,236.7,236.98,236.51,236.57,11.0
2026-06-29 13:25:00+05:30,236.59,236.59,236.51,236.51,22.0
2026-06-29 13:30:00+05:30,236.59,236.59,236.0,236.0,1800.0
2026-06-29 13:35:00+05:30,236.0,236.41,236.0,236.36,12.0
2026-06-29 13:40:00+05:30,236.79,236.79,235.52,236.0,333.0
2026-06-29 13:45:00+05:30,236.0,236.0,236.0,236.0,0.0
2026-06-29 13:50:00+05:30,236.0,236.45,236.0,236.02,14.0
2026-06-29 13:55:00+05:30,236.02,236.02,236.02,236.02,0.0
2026-06-29 14:00:00+05:30,236.02,236.49,236.02,236.49,14.0
2026-06-29 14:05:00+05:30,236.49,236.5,236.49,236.5,100.0
2026-06-29 14:10:00+05:30,236.5,236.5,236.49,236.49,40.0
2026-06-29 14:15:00+05:30,236.49,236.49,236.0,236.0,15.0
2026-06-29 14:20:00+05:30,236.0,236.05,236.0,236.0,35.0
2026-06-29 14:25:00+05:30,236.0,236.47,236.0,236.07,16.0
2026-06-29 14:30:00+05:30,236.07,236.49,236.07,236.08,12.0
2026-06-29 14:35:00+05:30,236.07,236.07,234.66,234.72,1467.0
2026-06-29 14:40:00+05:30,234.97,235.04,234.25,234.31,1404.0
2026-06-29 14:45:00+05:30,234.24,234.84,234.24,234.54,884.0
2026-06-29 14:50:00+05:30,234.49,235.4,234.49,235.03,1671.0
2026-06-29 14:55:00+05:30,235.05,235.14,234.8,234.8,513.0
2026-06-29 15:00:00+05:30,234.37,234.59,233.5,234.36,1237.0
2026-06-29 15:05:00+05:30,234.16,235.08,234.03,234.68,1816.0
2026-06-29 15:10:00+05:30,234.99,234.99,234.1,234.1,744.0
2026-06-29 15:15:00+05:30,234.22,234.9,234.11,234.54,1012.0
2026-06-29 15:20:00+05:30,234.63,234.9,234.0,234.02,3094.0
2026-06-29 15:25:00+05:30,234.03,235.99,234.0,235.99,3998.0
2026-06-30 09:15:00+05:30,235.82,237.55,234.57,237.55,4905.0
2026-06-30 09:20:00+05:30,237.38,238.0,236.0,236.21,5187.0
2026-06-30 09:25:00+05:30,236.21,236.21,235.02,235.23,1555.0
2026-06-30 09:30:00+05:30,235.26,236.36,235.0,235.0,2007.0
2026-06-30 09:35:00+05:30,234.89,235.94,234.85,235.52,270.0
2026-06-30 09:40:00+05:30,235.25,235.51,235.0,235.51,131.0
2026-06-30 09:45:00+05:30,234.85,235.94,234.0,235.13,3124.0
2026-06-30 09:50:00+05:30,235.13,235.55,234.93,235.55,95.0
2026-06-30 09:55:00+05:30,235.28,235.28,234.76,234.92,1278.0
2026-06-30 10:00:00+05:30,235.0,236.17,235.0,236.17,216.0
2026-06-30 10:05:00+05:30,236.17,236.17,235.5,235.5,182.0
2026-06-30 10:10:00+05:30,235.5,235.5,235.38,235.46,20.0
2026-06-30 10:15:00+05:30,235.46,235.48,235.04,235.07,396.0
2026-06-30 10:20:00+05:30,235.07,235.78,235.02,235.36,85.0
2026-06-30 10:25:00+05:30,235.36,235.79,235.36,235.79,159.0
2026-06-30 10:30:00+05:30,235.79,236.09,235.47,236.09,66.0
2026-06-30 10:35:00+05:30,236.09,236.99,236.09,236.53,796.0
2026-06-30 10:40:00+05:30,236.39,236.79,236.14,236.14,203.0
2026-06-30 10:45:00+05:30,236.14,236.47,235.9,236.3,2221.0
2026-06-30 10:50:00+05:30,235.81,235.82,235.81,235.82,57.0
2026-06-30 10:55:00+05:30,234.81,235.0,234.22,234.31,1598.0
2026-06-30 11:00:00+05:30,234.31,234.65,234.31,234.65,3.0
2026-06-30 11:05:00+05:30,234.65,234.65,234.65,234.65,0.0
2026-06-30 11:10:00+05:30,234.75,235.59,233.77,234.0,4940.0
2026-06-30 11:15:00+05:30,234.0,234.42,234.0,234.42,788.0
2026-06-30 11:20:00+05:30,234.42,234.69,234.0,234.5,1572.0
2026-06-30 11:25:00+05:30,234.51,234.51,234.51,234.51,17.0
2026-06-30 11:30:00+05:30,234.51,234.56,234.2,234.56,104.0
2026-06-30 11:35:00+05:30,234.0,234.3,233.83,233.83,67.0
2026-06-30 11:40:00+05:30,233.83,234.09,233.83,234.09,38.0
2026-06-30 11:45:00+05:30,234.09,234.13,234.09,234.13,3.0
2026-06-30 11:50:00+05:30,234.13,234.25,234.13,234.25,40.0
2026-06-30 11:55:00+05:30,234.25,234.25,234.25,234.25,95.0
2026-06-30 12:00:00+05:30,234.25,234.25,234.13,234.13,20.0
2026-06-30 12:05:00+05:30,234.13,234.26,234.1,234.26,54.0
2026-06-30 12:10:00+05:30,234.26,234.27,234.1,234.11,305.0
2026-06-30 12:15:00+05:30,234.27,235.0,234.11,234.4,1047.0
2026-06-30 12:20:00+05:30,234.4,234.46,234.4,234.46,20.0
2026-06-30 12:25:00+05:30,234.46,234.78,234.46,234.64,22.0
2026-06-30 12:30:00+05:30,234.64,234.64,234.36,234.36,20.0
2026-06-30 12:35:00+05:30,234.36,234.36,234.36,234.36,14.0
2026-06-30 12:40:00+05:30,234.36,234.54,234.11,234.11,215.0
2026-06-30 12:45:00+05:30,234.11,234.7,234.11,234.7,267.0
2026-06-30 12:50:00+05:30,234.7,234.7,234.7,234.7,40.0
2026-06-30 12:55:00+05:30,234.7,234.7,234.11,234.45,426.0
2026-06-30 13:00:00+05:30,234.78,234.78,234.76,234.76,16.0
2026-06-30 13:05:00+05:30,234.76,234.76,234.4,234.4,161.0
2026-06-30 13:10:00+05:30,234.4,234.48,234.4,234.48,10.0
2026-06-30 13:15:00+05:30,234.4,234.8,234.4,234.79,724.0
2026-06-30 13:20:00+05:30,234.41,234.41,234.41,234.41,5.0
2026-06-30 13:25:00+05:30,234.45,234.45,234.42,234.42,39.0
2026-06-30 13:30:00+05:30,234.42,234.51,233.65,233.65,2735.0
2026-06-30 13:35:00+05:30,233.62,233.74,233.62,233.74,220.0
2026-06-30 13:40:00+05:30,233.94,233.94,232.86,233.64,1891.0
2026-06-30 13:45:00+05:30,233.64,233.64,233.46,233.5,217.0
2026-06-30 13:50:00+05:30,233.7,233.7,233.28,233.28,11.0
2026-06-30 13:55:00+05:30,233.79,234.16,233.79,234.16,290.0
2026-06-30 14:00:00+05:30,234.16,234.16,233.55,233.55,100.0
2026-06-30 14:05:00+05:30,233.55,233.79,233.5,233.53,241.0
2026-06-30 14:10:00+05:30,233.53,233.59,233.53,233.59,5.0
2026-06-30 14:15:00+05:30,233.41,233.78,233.35,233.55,572.0
2026-06-30 14:20:00+05:30,233.5,234.15,233.5,234.15,183.0
2026-06-30 14:25:00+05:30,234.15,234.24,233.96,234.24,110.0
2026-06-30 14:30:00+05:30,234.24,234.24,233.53,233.53,111.0
2026-06-30 14:35:00+05:30,233.53,233.75,233.5,233.5,419.0
2026-06-30 14:40:00+05:30,233.55,233.66,233.5,233.6,197.0
2026-06-30 14:45:00+05:30,233.65,233.66,233.5,233.56,175.0
2026-06-30 14:50:00+05:30,233.5,233.7,233.45,233.45,217.0
2026-06-30 14:55:00+05:30,233.45,233.45,233.25,233.29,29.0
2026-06-30 15:00:00+05:30,233.2,233.27,232.6,232.65,497.0
2026-06-30 15:05:00+05:30,232.61,232.83,232.61,232.83,93.0
2026-06-30 15:10:00+05:30,232.95,233.07,232.95,233.07,231.0
2026-06-30 15:15:00+05:30,233.22,233.61,232.93,232.93,1578.0
2026-06-30 15:20:00+05:30,232.92,233.41,232.92,233.41,956.0
2026-06-30 15:25:00+05:30,233.41,233.99,233.0,233.99,569.0
2026-07-01 09:15:00+05:30,233.4,237.88,233.22,235.05,5339.0
2026-07-01 09:20:00+05:30,234.98,236.99,233.61,234.02,3405.0
2026-07-01 09:25:00+05:30,234.73,234.73,234.0,234.25,115.0
2026-07-01 09:30:00+05:30,234.42,234.7,233.79,234.7,507.0
2026-07-01 09:35:00+05:30,234.73,235.23,234.12,234.12,918.0
2026-07-01 09:40:00+05:30,234.0,234.79,233.5,234.23,1751.0
2026-07-01 09:45:00+05:30,233.81,234.5,233.81,234.25,894.0
2026-07-01 09:50:00+05:30,233.81,233.97,233.81,233.82,42.0
2026-07-01 09:55:00+05:30,233.82,235.0,233.82,235.0,916.0
2026-07-01 10:00:00+05:30,235.99,235.99,234.84,234.84,217.0
2026-07-01 10:05:00+05:30,234.84,234.84,234.63,234.63,19.0
2026-07-01 10:10:00+05:30,234.63,235.19,234.63,235.11,140.0
2026-07-01 10:15:00+05:30,235.01,235.99,235.01,235.99,472.0
2026-07-01 10:20:00+05:30,235.99,236.28,235.58,236.17,811.0
2026-07-01 10:25:00+05:30,236.17,236.17,235.4,235.4,734.0
2026-07-01 10:30:00+05:30,235.4,235.79,235.4,235.5,105.0
2026-07-01 10:35:00+05:30,235.73,236.5,235.71,235.71,2479.0
2026-07-01 10:40:00+05:30,235.5,235.74,234.82,234.82,184.0
2026-07-01 10:45:00+05:30,235.26,236.99,235.26,236.5,1023.0
2026-07-01 10:50:00+05:30,236.87,237.0,236.25,236.53,1063.0
2026-07-01 10:55:00+05:30,236.75,237.58,236.52,237.58,1594.0
2026-07-01 11:00:00+05:30,237.34,238.0,236.87,238.0,1232.0
2026-07-01 11:05:00+05:30,238.0,238.22,237.69,238.22,966.0
2026-07-01 11:10:00+05:30,237.96,238.09,237.57,237.57,136.0
2026-07-01 11:15:00+05:30,237.24,237.47,237.0,237.04,715.0
2026-07-01 11:20:00+05:30,237.18,237.18,236.66,236.66,67.0
2026-07-01 11:25:00+05:30,236.98,237.01,236.41,236.41,372.0
2026-07-01 11:30:00+05:30,236.41,236.41,236.21,236.21,300.0
2026-07-01 11:35:00+05:30,235.9,236.54,235.9,236.04,578.0
2026-07-01 11:40:00+05:30,236.05,236.2,236.05,236.2,41.0
2026-07-01 11:45:00+05:30,236.2,236.2,236.2,236.2,0.0
2026-07-01 11:50:00+05:30,236.2,236.76,236.2,236.4,98.0
2026-07-01 11:55:00+05:30,236.4,236.4,236.36,236.36,25.0
2026-07-01 12:00:00+05:30,236.48,236.87,236.34,236.43,619.0
2026-07-01 12:05:00+05:30,236.43,236.89,236.43,236.89,210.0
2026-07-01 12:10:00+05:30,236.8,236.81,236.34,236.81,795.0
2026-07-01 12:15:00+05:30,236.86,238.13,236.5,237.79,3300.0
2026-07-01 12:20:00+05:30,237.63,237.63,235.26,236.48,2800.0
2026-07-01 12:25:00+05:30,236.48,236.48,236.48,236.48,0.0
2026-07-01 12:30:00+05:30,236.48,236.64,236.04,236.04,117.0
2026-07-01 12:35:00+05:30,236.04,236.88,236.04,236.42,215.0
2026-07-01 12:40:00+05:30,236.23,236.58,236.16,236.2,1159.0
2026-07-01 12:45:00+05:30,236.2,236.2,236.2,236.2,0.0
2026-07-01 12:50:00+05:30,236.2,236.5,236.11,236.4,84.0
2026-07-01 12:55:00+05:30,236.4,236.4,236.1,236.1,431.0
2026-07-01 13:00:00+05:30,236.1,236.36,236.06,236.36,1823.0
2026-07-01 13:05:00+05:30,236.36,236.36,236.28,236.28,6.0
2026-07-01 13:10:00+05:30,235.45,235.78,235.45,235.78,886.0
2026-07-01 13:15:00+05:30,235.78,235.98,235.78,235.98,110.0
2026-07-01 13:20:00+05:30,236.16,236.51,236.16,236.51,179.0
2026-07-01 13:25:00+05:30,236.51,236.51,235.83,235.83,34.0
2026-07-01 13:30:00+05:30,235.83,235.83,235.74,235.74,50.0
2026-07-01 13:35:00+05:30,235.74,235.74,235.47,235.47,123.0
2026-07-01 13:40:00+05:30,235.47,235.78,235.26,235.26,630.0
2026-07-01 13:45:00+05:30,235.26,235.88,235.26,235.88,106.0
2026-07-01 13:50:00+05:30,235.88,235.88,235.26,235.26,149.0
2026-07-01 13:55:00+05:30,235.26,235.67,235.26,235.66,165.0
2026-07-01 14:00:00+05:30,235.66,235.66,235.26,235.65,27.0
2026-07-01 14:05:00+05:30,235.65,235.65,235.27,235.61,9.0
2026-07-01 14:10:00+05:30,235.61,235.61,234.86,235.24,784.0
2026-07-01 14:15:00+05:30,235.44,235.44,235.44,235.44,2.0
2026-07-01 14:20:00+05:30,235.44,235.67,235.02,235.67,330.0
2026-07-01 14:25:00+05:30,235.66,235.66,235.0,235.0,640.0
2026-07-01 14:30:00+05:30,235.0,235.67,235.0,235.0,478.0
2026-07-01 14:35:00+05:30,235.0,235.73,234.83,234.85,729.0
2026-07-01 14:40:00+05:30,234.85,235.1,234.82,235.1,546.0
2026-07-01 14:45:00+05:30,235.1,235.1,234.85,234.86,169.0
2026-07-01 14:50:00+05:30,235.26,235.26,235.26,235.26,47.0
2026-07-01 14:55:00+05:30,235.62,235.8,235.62,235.8,754.0
2026-07-01 15:00:00+05:30,235.8,235.93,235.4,235.93,253.0
2026-07-01 15:05:00+05:30,236.0,237.69,236.0,236.78,2470.0
2026-07-01 15:10:00+05:30,236.45,236.45,235.62,235.62,290.0
2026-07-01 15:15:00+05:30,235.98,236.0,235.27,236.0,1530.0
2026-07-01 15:20:00+05:30,236.0,236.0,235.39,235.58,253.0
2026-07-01 15:25:00+05:30,235.7,238.0,235.02,238.0,6179.0
2026-07-02 09:15:00+05:30,238.02,242.0,238.02,241.17,9354.0
2026-07-02 09:20:00+05:30,241.01,241.11,239.49,240.66,4363.0
2026-07-02 09:25:00+05:30,241.0,244.47,241.0,242.78,10621.0
2026-07-02 09:30:00+05:30,242.5,243.19,240.07,240.54,3380.0
2026-07-02 09:35:00+05:30,240.9,242.99,240.73,241.78,3537.0
2026-07-02 09:40:00+05:30,242.38,242.38,240.81,240.95,1159.0
2026-07-02 09:45:00+05:30,240.77,241.0,240.77,241.0,24.0
2026-07-02 09:50:00+05:30,241.0,241.0,240.0,240.7,604.0
2026-07-02 09:55:00+05:30,240.01,240.37,240.01,240.27,257.0
2026-07-02 10:00:00+05:30,240.7,240.7,240.38,240.69,362.0
2026-07-02 10:05:00+05:30,240.7,240.9,240.39,240.9,329.0
2026-07-02 10:10:00+05:30,240.9,241.99,240.82,240.82,982.0
2026-07-02 10:15:00+05:30,240.82,241.71,240.82,241.06,443.0
2026-07-02 10:20:00+05:30,241.06,241.1,241.06,241.1,48.0
2026-07-02 10:25:00+05:30,241.39,241.5,240.44,241.5,1021.0
2026-07-02 10:30:00+05:30,241.36,241.36,240.62,241.24,217.0
2026-07-02 10:35:00+05:30,241.24,241.24,241.24,241.24,33.0
2026-07-02 10:40:00+05:30,241.24,241.24,240.81,240.84,154.0
2026-07-02 10:45:00+05:30,240.84,241.37,240.52,241.37,561.0
2026-07-02 10:50:00+05:30,241.37,241.9,241.37,241.9,967.0
2026-07-02 10:55:00+05:30,241.9,242.78,241.9,242.5,2821.0
2026-07-02 11:00:00+05:30,242.13,242.39,241.9,241.9,1236.0
2026-07-02 11:05:00+05:30,241.9,242.5,241.9,242.49,575.0
2026-07-02 11:10:00+05:30,242.0,242.8,241.98,242.8,2442.0
2026-07-02 11:15:00+05:30,243.0,243.9,242.87,243.26,1520.0
2026-07-02 11:20:00+05:30,243.26,247.69,243.26,245.82,22552.0
2026-07-02 11:25:00+05:30,245.82,247.38,244.98,245.89,5774.0
2026-07-02 11:30:00+05:30,246.58,249.35,246.1,249.12,13776.0
2026-07-02 11:35:00+05:30,249.3,249.58,244.84,245.86,21056.0
2026-07-02 11:40:00+05:30,245.48,246.79,244.21,244.22,6064.0
2026-07-02 11:45:00+05:30,244.23,244.87,243.0,243.6,3382.0
2026-07-02 11:50:00+05:30,243.6,244.72,243.43,243.48,2115.0
2026-07-02 11:55:00+05:30,243.57,244.79,243.21,243.24,2590.0
2026-07-02 12:00:00+05:30,243.24,244.88,243.22,243.43,2955.0
2026-07-02 12:05:00+05:30,243.41,244.26,243.21,243.29,628.0
2026-07-02 12:10:00+05:30,243.36,243.58,242.75,242.76,2061.0
2026-07-02 12:15:00+05:30,242.76,243.13,242.75,243.01,353.0
2026-07-02 12:20:00+05:30,243.01,243.49,242.82,242.99,1489.0
2026-07-02 12:25:00+05:30,243.0,244.0,243.0,243.22,1271.0
2026-07-02 12:30:00+05:30,243.28,244.5,243.28,243.5,1361.0
2026-07-02 12:35:00+05:30,243.56,245.04,243.13,244.42,2782.0
2026-07-02 12:40:00+05:30,244.24,246.57,244.09,246.0,4771.0
2026-07-02 12:45:00+05:30,245.48,246.55,245.41,246.1,1661.0
2026-07-02 12:50:00+05:30,245.94,245.94,245.25,245.25,138.0
2026-07-02 12:55:00+05:30,244.28,245.27,244.28,244.45,1400.0
2026-07-02 13:00:00+05:30,244.47,244.98,244.21,244.38,561.0
2026-07-02 13:05:00+05:30,244.38,245.16,244.17,245.16,579.0
2026-07-02 13:10:00+05:30,245.16,246.0,245.16,245.81,294.0
2026-07-02 13:15:00+05:30,246.0,246.38,246.0,246.38,1526.0
2026-07-02 13:20:00+05:30,246.38,246.38,245.46,246.01,787.0
2026-07-02 13:25:00+05:30,246.37,246.38,246.0,246.0,456.0
2026-07-02 13:30:00+05:30,246.01,246.38,246.0,246.38,131.0
2026-07-02 13:35:00+05:30,246.38,247.4,245.87,247.02,4539.0
2026-07-02 13:40:00+05:30,247.4,247.78,246.63,246.9,3128.0
2026-07-02 13:45:00+05:30,246.45,247.06,246.45,247.01,388.0
2026-07-02 13:50:00+05:30,247.2,247.2,246.02,246.71,849.0
2026-07-02 13:55:00+05:30,246.71,246.87,246.41,246.5,345.0
2026-07-02 14:00:00+05:30,246.96,247.38,246.42,246.63,2139.0
2026-07-02 14:05:00+05:30,246.47,248.18,246.47,248.02,3547.0
2026-07-02 14:10:00+05:30,248.2,248.76,246.4,247.17,2511.0
2026-07-02 14:15:00+05:30,247.0,247.68,246.96,247.01,2610.0
2026-07-02 14:20:00+05:30,247.01,248.35,247.01,248.01,1985.0
2026-07-02 14:25:00+05:30,247.29,248.13,246.62,246.62,653.0
2026-07-02 14:30:00+05:30,246.62,247.0,246.6,246.66,701.0
2026-07-02 14:35:00+05:30,247.0,247.0,246.02,246.5,962.0
2026-07-02 14:40:00+05:30,246.42,246.6,246.01,246.31,287.0
2026-07-02 14:45:00+05:30,246.31,247.38,246.01,247.38,1629.0
2026-07-02 14:50:00+05:30,247.0,247.0,246.01,246.01,807.0
2026-07-02 14:55:00+05:30,246.01,246.01,244.54,245.59,9088.0
2026-07-02 15:00:00+05:30,245.16,245.92,245.02,245.92,526.0
2026-07-02 15:05:00+05:30,245.42,246.59,245.21,246.0,2566.0
2026-07-02 15:10:00+05:30,245.66,246.58,245.44,246.06,2336.0
2026-07-02 15:15:00+05:30,246.05,247.0,245.41,246.57,3437.0
2026-07-02 15:20:00+05:30,246.49,246.54,245.58,245.98,1607.0
2026-07-02 15:25:00+05:30,245.97,246.0,245.0,245.9,6567.0
2026-07-03 09:15:00+05:30,245.8,251.89,245.8,251.89,12263.0
2026-07-03 09:20:00+05:30,251.78,252.0,250.0,250.26,6644.0
2026-07-03 09:25:00+05:30,250.25,250.99,250.0,250.03,3782.0
2026-07-03 09:30:00+05:30,250.02,250.8,248.26,249.08,14575.0
2026-07-03 09:35:00+05:30,249.11,249.38,248.47,249.3,1487.0
2026-07-03 09:40:00+05:30,248.68,249.0,248.53,248.53,874.0
2026-07-03 09:45:00+05:30,248.64,249.08,247.74,248.53,1023.0
2026-07-03 09:50:00+05:30,248.78,249.8,248.71,249.31,2994.0
2026-07-03 09:55:00+05:30,249.19,249.19,248.0,248.0,1321.0
2026-07-03 10:00:00+05:30,247.92,247.92,247.36,247.82,590.0
2026-07-03 10:05:00+05:30,247.61,248.3,247.61,247.76,205.0
2026-07-03 10:10:00+05:30,248.29,248.29,247.35,247.75,586.0
2026-07-03 10:15:00+05:30,247.75,247.75,247.35,247.49,28.0
2026-07-03 10:20:00+05:30,247.5,247.6,247.1,247.1,781.0
2026-07-03 10:25:00+05:30,247.22,247.42,246.82,247.34,481.0
2026-07-03 10:30:00+05:30,247.34,248.06,247.01,247.01,1612.0
2026-07-03 10:35:00+05:30,247.01,247.5,246.77,246.77,345.0
2026-07-03 10:40:00+05:30,246.77,247.38,246.77,247.25,90.0
2026-07-03 10:45:00+05:30,247.25,247.9,247.25,247.89,106.0
2026-07-03 10:50:00+05:30,247.45,247.92,247.45,247.45,306.0
2026-07-03 10:55:00+05:30,247.98,247.98,246.51,246.51,895.0
2026-07-03 11:00:00+05:30,247.13,247.13,247.0,247.06,392.0
2026-07-03 11:05:00+05:30,246.51,247.35,246.51,246.89,429.0
2026-07-03 11:10:00+05:30,246.89,246.89,246.89,246.89,0.0
2026-07-03 11:15:00+05:30,247.49,247.63,247.09,247.63,148.0
2026-07-03 11:20:00+05:30,247.63,247.63,246.87,246.87,101.0
2026-07-03 11:25:00+05:30,246.66,247.51,246.66,247.51,375.0
2026-07-03 11:30:00+05:30,247.51,247.51,247.02,247.02,80.0
2026-07-03 11:35:00+05:30,247.02,247.37,247.02,247.37,117.0
2026-07-03 11:40:00+05:30,247.37,247.37,247.11,247.11,2.0
2026-07-03 11:45:00+05:30,247.11,247.11,247.02,247.02,150.0
2026-07-03 11:50:00+05:30,247.02,247.03,247.0,247.0,305.0
2026-07-03 11:55:00+05:30,247.0,247.0,246.0,246.35,2258.0
2026-07-03 12:00:00+05:30,246.35,246.81,246.0,246.81,796.0
2026-07-03 12:05:00+05:30,246.8,246.8,246.79,246.8,30.0
2026-07-03 12:10:00+05:30,246.8,246.8,246.8,246.8,20.0
2026-07-03 12:15:00+05:30,246.8,247.39,246.79,247.39,314.0
2026-07-03 12:20:00+05:30,247.38,247.38,247.38,247.38,125.0
2026-07-03 12:25:00+05:30,247.38,247.38,247.38,247.38,0.0
2026-07-03 12:30:00+05:30,247.38,247.4,247.38,247.4,530.0
2026-07-03 12:35:00+05:30,247.4,247.4,247.01,247.01,1.0
2026-07-03 12:40:00+05:30,247.0,247.01,246.11,246.25,504.0
2026-07-03 12:45:00+05:30,246.65,246.65,246.25,246.54,54.0
2026-07-03 12:50:00+05:30,246.54,246.54,245.29,245.29,700.0
2026-07-03 12:55:00+05:30,245.18,245.67,245.14,245.14,401.0
2026-07-03 13:00:00+05:30,245.14,245.67,245.14,245.67,174.0
2026-07-03 13:05:00+05:30,245.67,245.67,245.67,245.67,0.0
2026-07-03 13:10:00+05:30,245.67,246.24,245.67,246.22,512.0
2026-07-03 13:15:00+05:30,246.22,246.22,246.22,246.22,80.0
2026-07-03 13:20:00+05:30,246.22,246.69,246.22,246.24,118.0
2026-07-03 13:25:00+05:30,246.24,246.24,246.11,246.11,135.0
2026-07-03 13:30:00+05:30,246.11,246.11,246.0,246.0,4.0
2026-07-03 13:35:00+05:30,246.0,246.0,246.0,246.0,0.0
2026-07-03 13:40:00+05:30,246.0,246.0,245.61,245.61,251.0
2026-07-03 13:45:00+05:30,245.61,246.11,245.61,246.11,877.0
2026-07-03 13:50:00+05:30,246.11,246.78,246.11,246.78,221.0
2026-07-03 13:55:00+05:30,246.78,246.78,245.99,245.99,246.0
2026-07-03 14:00:00+05:30,245.99,246.47,245.99,246.47,40.0
2026-07-03 14:05:00+05:30,246.47,247.0,246.47,247.0,718.0
2026-07-03 14:10:00+05:30,247.0,247.36,247.0,247.0,1041.0
2026-07-03 14:15:00+05:30,247.0,247.01,246.9,247.0,264.0
2026-07-03 14:20:00+05:30,247.38,247.76,247.38,247.76,763.0
2026-07-03 14:25:00+05:30,247.21,247.64,247.21,247.64,168.0
2026-07-03 14:30:00+05:30,247.64,247.64,247.06,247.06,64.0
2026-07-03 14:35:00+05:30,247.06,247.06,247.06,247.06,0.0
2026-07-03 14:40:00+05:30,247.06,247.06,246.74,247.0,812.0
2026-07-03 14:45:00+05:30,247.0,247.0,246.52,246.53,323.0
2026-07-03 14:50:00+05:30,246.53,246.53,246.5,246.5,549.0
2026-07-03 14:55:00+05:30,246.5,246.5,245.99,245.99,125.0
2026-07-03 15:00:00+05:30,246.0,246.49,246.0,246.41,297.0
2026-07-03 15:05:00+05:30,246.01,246.5,245.99,246.0,3525.0
2026-07-03 15:10:00+05:30,246.0,246.33,245.42,245.56,1510.0
2026-07-03 15:15:00+05:30,246.0,246.0,244.72,245.45,2395.0
2026-07-03 15:20:00+05:30,245.44,245.48,244.5,244.5,2556.0
2026-07-03 15:25:00+05:30,244.52,244.52,243.25,243.47,3240.0
2026-07-06 09:15:00+05:30,246.25,246.3,242.62,243.52,3360.0
2026-07-06 09:20:00+05:30,243.52,243.52,239.04,242.34,6380.0
2026-07-06 09:25:00+05:30,241.01,241.99,240.11,241.0,2423.0
2026-07-06 09:30:00+05:30,241.0,241.0,239.21,240.94,2309.0
2026-07-06 09:35:00+05:30,240.91,242.64,240.51,242.43,5406.0
2026-07-06 09:40:00+05:30,241.41,242.35,241.41,242.35,267.0
2026-07-06 09:45:00+05:30,242.97,243.37,242.53,242.91,931.0
2026-07-06 09:50:00+05:30,242.45,242.79,241.07,241.07,2883.0
2026-07-06 09:55:00+05:30,241.02,241.36,241.0,241.26,150.0
2026-07-06 10:00:00+05:30,241.99,241.99,241.29,241.69,794.0
2026-07-06 10:05:00+05:30,241.54,242.77,241.48,242.19,1672.0
2026-07-06 10:10:00+05:30,242.0,242.0,241.21,241.27,918.0
2026-07-06 10:15:00+05:30,241.91,242.99,241.91,242.99,443.0
2026-07-06 10:20:00+05:30,241.21,241.38,239.61,240.77,5133.0
2026-07-06 10:25:00+05:30,240.77,240.77,239.82,240.55,91.0
2026-07-06 10:30:00+05:30,240.51,240.59,239.26,240.59,1117.0
2026-07-06 10:35:00+05:30,240.98,240.98,239.74,240.85,299.0
2026-07-06 10:40:00+05:30,240.85,240.85,240.21,240.22,255.0
2026-07-06 10:45:00+05:30,240.22,241.0,240.22,241.0,500.0
2026-07-06 10:50:00+05:30,241.0,241.34,241.0,241.34,111.0
2026-07-06 10:55:00+05:30,240.41,241.53,239.89,241.15,3148.0
2026-07-06 11:00:00+05:30,240.71,241.59,239.84,240.5,16203.0
2026-07-06 11:05:00+05:30,240.27,241.99,240.19,241.1,25055.0
2026-07-06 11:10:00+05:30,241.1,241.61,240.11,241.26,17697.0
2026-07-06 11:15:00+05:30,241.6,241.99,240.21,240.97,4409.0
2026-07-06 11:20:00+05:30,240.97,240.97,240.7,240.78,12.0
2026-07-06 11:25:00+05:30,240.78,240.78,240.1,240.1,568.0
2026-07-06 11:30:00+05:30,240.1,240.16,240.1,240.11,412.0
2026-07-06 11:35:00+05:30,240.11,240.97,240.11,240.12,379.0
2026-07-06 11:40:00+05:30,240.98,240.98,240.3,240.96,89.0
2026-07-06 11:45:00+05:30,240.96,240.97,240.33,240.33,87.0
2026-07-06 11:50:00+05:30,240.33,240.72,240.33,240.44,679.0
2026-07-06 11:55:00+05:30,240.44,240.88,240.35,240.35,46.0
2026-07-06 12:00:00+05:30,240.3,240.3,240.3,240.3,46.0
2026-07-06 12:05:00+05:30,240.3,240.3,239.81,239.81,619.0
2026-07-06 12:10:00+05:30,239.81,240.16,239.64,239.64,130.0
2026-07-06 12:15:00+05:30,239.64,240.18,239.64,240.18,1.0
2026-07-06 12:20:00+05:30,240.18,240.18,240.05,240.05,100.0
2026-07-06 12:25:00+05:30,240.05,240.18,240.0,240.0,50.0
2026-07-06 12:30:00+05:30,239.58,239.58,239.58,239.58,270.0
2026-07-06 12:35:00+05:30,239.58,239.58,238.5,239.31,1046.0
2026-07-06 12:40:00+05:30,239.13,239.13,238.51,238.6,54.0
2026-07-06 12:45:00+05:30,238.95,238.95,238.95,238.95,20.0
2026-07-06 12:50:00+05:30,238.97,239.18,238.7,239.18,215.0
2026-07-06 12:55:00+05:30,239.18,239.18,238.7,238.7,79.0
2026-07-06 13:00:00+05:30,238.7,238.7,237.0,237.03,1633.0
2026-07-06 13:05:00+05:30,237.07,238.45,237.07,238.27,246.0
2026-07-06 13:10:00+05:30,238.38,238.38,238.01,238.01,171.0
2026-07-06 13:15:00+05:30,238.01,238.79,238.01,238.79,34.0
2026-07-06 13:20:00+05:30,238.79,238.79,238.64,238.64,22.0
2026-07-06 13:25:00+05:30,238.64,238.64,238.6,238.6,229.0
2026-07-06 13:30:00+05:30,238.6,238.6,238.0,238.0,490.0
2026-07-06 13:35:00+05:30,238.0,238.59,237.88,238.59,577.0
2026-07-06 13:40:00+05:30,237.57,238.77,237.57,238.77,609.0
2026-07-06 13:45:00+05:30,238.5,238.5,237.62,237.62,301.0
2026-07-06 13:50:00+05:30,237.62,238.01,237.62,238.01,45.0
2026-07-06 13:55:00+05:30,238.01,238.01,238.01,238.01,0.0
2026-07-06 14:00:00+05:30,238.01,238.59,238.01,238.59,16.0
2026-07-06 14:05:00+05:30,238.59,238.59,238.59,238.59,0.0
2026-07-06 14:10:00+05:30,238.59,238.59,238.15,238.15,262.0
2026-07-06 14:15:00+05:30,238.15,238.77,238.15,238.77,21.0
2026-07-06 14:20:00+05:30,238.77,238.77,237.69,237.69,869.0
2026-07-06 14:25:00+05:30,237.65,239.0,237.65,238.46,1797.0
2026-07-06 14:30:00+05:30,238.69,239.12,238.46,238.98,305.0
2026-07-06 14:35:00+05:30,238.61,238.61,238.46,238.46,366.0
2026-07-06 14:40:00+05:30,238.47,238.81,238.46,238.46,302.0
2026-07-06 14:45:00+05:30,238.46,239.78,238.46,238.63,1721.0
2026-07-06 14:50:00+05:30,238.83,238.83,238.6,238.6,278.0
2026-07-06 14:55:00+05:30,238.6,239.0,238.6,239.0,200.0
2026-07-06 15:00:00+05:30,239.0,240.01,239.0,240.0,905.0
2026-07-06 15:05:00+05:30,240.0,241.0,240.0,240.48,1704.0
2026-07-06 15:10:00+05:30,240.26,240.75,239.51,239.51,1508.0
2026-07-06 15:15:00+05:30,239.73,240.2,239.5,239.51,3455.0
2026-07-06 15:20:00+05:30,239.6,239.88,239.6,239.79,457.0
2026-07-06 15:25:00+05:30,239.79,239.9,239.0,239.0,4890.0
2026-07-07 09:15:00+05:30,240.0,240.0,237.41,237.9,503.0
2026-07-07 09:20:00+05:30,237.21,237.78,237.21,237.45,611.0
2026-07-07 09:25:00+05:30,237.45,237.96,237.2,237.76,1561.0
2026-07-07 09:30:00+05:30,237.98,237.98,237.31,237.84,627.0
2026-07-07 09:35:00+05:30,237.69,237.69,236.49,236.53,6003.0
2026-07-07 09:40:00+05:30,236.53,236.53,236.53,236.53,20.0
2026-07-07 09:45:00+05:30,236.53,236.53,236.1,236.25,595.0
2026-07-07 09:50:00+05:30,236.1,236.28,235.6,236.0,308.0
2026-07-07 09:55:00+05:30,235.62,236.09,235.62,235.99,71.0
2026-07-07 10:00:00+05:30,236.0,236.1,236.0,236.0,171.0
2026-07-07 10:05:00+05:30,236.09,236.09,235.71,236.0,940.0
2026-07-07 10:10:00+05:30,235.7,236.09,235.7,236.09,338.0
2026-07-07 10:15:00+05:30,236.06,236.09,235.7,235.7,435.0
2026-07-07 10:20:00+05:30,235.7,236.09,235.5,235.52,2736.0
2026-07-07 10:25:00+05:30,236.03,236.03,235.5,235.5,254.0
2026-07-07 10:30:00+05:30,235.5,235.66,235.5,235.66,31.0
2026-07-07 10:35:00+05:30,235.66,238.64,235.66,238.0,5060.0
2026-07-07 10:40:00+05:30,237.66,238.52,236.82,237.49,1481.0
2026-07-07 10:45:00+05:30,237.6,237.6,236.5,236.82,2294.0
2026-07-07 10:50:00+05:30,236.82,237.18,236.3,236.72,3752.0
2026-07-07 10:55:00+05:30,236.72,236.72,235.82,235.82,250.0
2026-07-07 11:00:00+05:30,235.82,236.59,235.82,236.5,55.0
2026-07-07 11:05:00+05:30,236.28,236.96,236.28,236.78,46.0
2026-07-07 11:10:00+05:30,236.78,236.78,236.78,236.78,9.0
2026-07-07 11:15:00+05:30,236.78,236.78,236.78,236.78,0.0
2026-07-07 11:20:00+05:30,236.78,236.78,236.76,236.76,5.0
2026-07-07 11:25:00+05:30,236.76,236.76,236.75,236.75,1.0
2026-07-07 11:30:00+05:30,236.75,236.75,236.74,236.74,103.0
2026-07-07 11:35:00+05:30,236.74,236.74,236.74,236.74,21.0
2026-07-07 11:40:00+05:30,236.73,236.73,236.0,236.0,497.0
2026-07-07 11:45:00+05:30,236.12,236.72,236.0,236.0,594.0
2026-07-07 11:50:00+05:30,236.0,236.72,236.0,236.72,2.0
2026-07-07 11:55:00+05:30,236.72,236.72,236.72,236.72,0.0
2026-07-07 12:00:00+05:30,236.15,236.69,236.15,236.69,20.0
2026-07-07 12:05:00+05:30,236.69,236.69,236.57,236.57,20.0
2026-07-07 12:10:00+05:30,236.57,236.74,236.3,236.3,251.0
2026-07-07 12:15:00+05:30,236.3,236.39,236.3,236.39,1.0
2026-07-07 12:20:00+05:30,236.73,236.74,236.25,236.74,61.0
2026-07-07 12:25:00+05:30,236.74,236.74,236.74,236.74,0.0
2026-07-07 12:30:00+05:30,236.74,236.93,236.44,236.93,62.0
2026-07-07 12:35:00+05:30,236.93,236.93,236.89,236.89,3.0
2026-07-07 12:40:00+05:30,236.89,237.21,236.89,237.21,56.0
2026-07-07 12:45:00+05:30,237.23,237.23,235.85,235.85,2587.0
2026-07-07 12:50:00+05:30,235.85,235.85,235.85,235.85,100.0
2026-07-07 12:55:00+05:30,235.85,235.85,235.6,235.6,528.0
2026-07-07 13:00:00+05:30,236.21,236.21,235.85,235.85,60.0
2026-07-07 13:05:00+05:30,235.75,235.75,235.75,235.75,36.0
2026-07-07 13:10:00+05:30,235.75,235.75,235.5,235.5,367.0
2026-07-07 13:15:00+05:30,235.5,235.5,235.17,235.17,101.0
2026-07-07 13:20:00+05:30,235.15,235.38,234.78,235.38,2713.0
2026-07-07 13:25:00+05:30,235.38,235.38,235.0,235.11,48.0
2026-07-07 13:30:00+05:30,234.7,235.09,234.7,234.99,610.0
2026-07-07 13:35:00+05:30,234.76,235.21,234.76,235.21,39.0
2026-07-07 13:40:00+05:30,235.21,235.37,234.82,235.37,89.0
2026-07-07 13:45:00+05:30,235.37,235.37,235.37,235.37,0.0
2026-07-07 13:50:00+05:30,235.37,235.37,235.37,235.37,20.0
2026-07-07 13:55:00+05:30,235.37,235.37,235.01,235.01,147.0
2026-07-07 14:00:00+05:30,235.48,235.56,235.48,235.56,101.0
2026-07-07 14:05:00+05:30,235.56,235.56,235.56,235.56,0.0
2026-07-07 14:10:00+05:30,235.3,235.3,235.06,235.06,167.0
2026-07-07 14:15:00+05:30,235.16,235.41,235.16,235.16,332.0
2026-07-07 14:20:00+05:30,235.98,235.98,235.23,235.23,447.0
2026-07-07 14:25:00+05:30,235.23,235.98,235.23,235.89,249.0
2026-07-07 14:30:00+05:30,235.89,235.89,235.85,235.85,1.0
2026-07-07 14:35:00+05:30,235.85,236.0,235.85,236.0,56.0
2026-07-07 14:40:00+05:30,236.0,236.36,236.0,236.35,13.0
2026-07-07 14:45:00+05:30,235.98,237.38,235.98,237.38,762.0
2026-07-07 14:50:00+05:30,237.25,237.5,237.0,237.26,356.0
2026-07-07 14:55:00+05:30,236.81,236.81,236.74,236.74,90.0
2026-07-07 15:00:00+05:30,236.79,236.79,236.17,236.55,115.0
2026-07-07 15:05:00+05:30,236.49,238.38,236.49,236.92,3169.0
2026-07-07 15:10:00+05:30,237.95,237.95,236.55,236.55,190.0
2026-07-07 15:15:00+05:30,236.66,236.66,235.63,235.63,1097.0
2026-07-07 15:20:00+05:30,235.94,239.5,235.51,239.39,10356.0
2026-07-07 15:25:00+05:30,239.39,239.39,237.32,239.39,2199.0
2026-07-08 09:15:00+05:30,237.49,237.49,235.0,236.0,367.0
2026-07-08 09:20:00+05:30,235.5,236.37,235.21,236.37,562.0
2026-07-08 09:25:00+05:30,236.49,236.49,235.82,236.41,329.0
2026-07-08 09:30:00+05:30,236.41,237.16,236.41,237.0,1255.0
2026-07-08 09:35:00+05:30,237.0,237.0,235.01,236.68,1211.0
2026-07-08 09:40:00+05:30,236.58,236.68,235.92,236.68,177.0
2026-07-08 09:45:00+05:30,236.25,236.68,235.63,235.91,85.0
2026-07-08 09:50:00+05:30,235.67,236.31,235.67,235.95,84.0
2026-07-08 09:55:00+05:30,235.61,235.61,235.61,235.61,2.0
2026-07-08 10:00:00+05:30,235.61,236.39,235.61,236.0,30.0
2026-07-08 10:05:00+05:30,236.0,236.0,235.0,235.0,2113.0
2026-07-08 10:10:00+05:30,235.0,235.0,234.75,235.0,55.0
2026-07-08 10:15:00+05:30,234.85,234.85,234.77,234.77,289.0
2026-07-08 10:20:00+05:30,234.77,235.41,234.77,235.41,4.0
2026-07-08 10:25:00+05:30,235.48,235.48,234.58,234.65,368.0
2026-07-08 10:30:00+05:30,234.65,234.65,234.3,234.61,52.0
2026-07-08 10:35:00+05:30,234.61,235.19,234.61,235.0,1390.0
2026-07-08 10:40:00+05:30,234.62,234.97,234.3,234.97,611.0
2026-07-08 10:45:00+05:30,234.89,234.89,234.89,234.89,166.0
2026-07-08 10:50:00+05:30,234.89,235.0,234.89,235.0,357.0
2026-07-08 10:55:00+05:30,235.0,235.0,234.75,234.75,39.0
2026-07-08 11:00:00+05:30,234.75,234.75,234.75,234.75,10.0
2026-07-08 11:05:00+05:30,234.75,234.75,234.75,234.75,0.0
2026-07-08 11:10:00+05:30,234.75,234.78,234.5,234.5,17.0
2026-07-08 11:15:00+05:30,234.89,234.89,234.89,234.89,91.0
2026-07-08 11:20:00+05:30,234.55,234.55,234.55,234.55,19.0
2026-07-08 11:25:00+05:30,234.55,234.55,234.55,234.55,0.0
2026-07-08 11:30:00+05:30,234.94,234.94,234.94,234.94,2.0
2026-07-08 11:35:00+05:30,234.89,234.89,234.5,234.89,94.0
2026-07-08 11:40:00+05:30,234.89,234.89,234.88,234.88,1.0
2026-07-08 11:45:00+05:30,234.88,234.88,234.88,234.88,0.0
2026-07-08 11:50:00+05:30,234.99,234.99,234.6,234.98,42.0
2026-07-08 11:55:00+05:30,234.98,235.0,234.4,234.4,8682.0
2026-07-08 12:00:00+05:30,234.29,234.74,234.29,234.5,344.0
2026-07-08 12:05:00+05:30,234.5,234.5,234.41,234.41,15.0
2026-07-08 12:10:00+05:30,234.41,234.41,234.34,234.34,2019.0
2026-07-08 12:15:00+05:30,234.34,234.46,234.34,234.4,5.0
2026-07-08 12:20:00+05:30,234.4,234.65,234.4,234.65,140.0
2026-07-08 12:25:00+05:30,234.03,234.46,233.7,234.17,801.0
2026-07-08 12:30:00+05:30,234.17,234.17,233.7,233.7,70.0
2026-07-08 12:35:00+05:30,234.08,234.08,233.7,234.08,171.0
2026-07-08 12:40:00+05:30,234.08,234.18,234.08,234.14,32.0
2026-07-08 12:45:00+05:30,234.14,234.14,234.14,234.14,0.0
2026-07-08 12:50:00+05:30,234.14,234.26,233.73,234.26,55.0
2026-07-08 12:55:00+05:30,234.26,234.42,234.26,234.42,33.0
2026-07-08 13:00:00+05:30,234.42,234.42,234.42,234.42,0.0
2026-07-08 13:05:00+05:30,234.38,234.45,234.38,234.45,107.0
2026-07-08 13:10:00+05:30,234.45,234.63,234.45,234.45,994.0
2026-07-08 13:15:00+05:30,234.45,234.58,234.35,234.58,202.0
2026-07-08 13:20:00+05:30,234.58,234.58,234.5,234.5,30.0
2026-07-08 13:25:00+05:30,234.5,234.73,234.5,234.73,40.0
2026-07-08 13:30:00+05:30,234.73,234.73,234.27,234.27,100.0
2026-07-08 13:35:00+05:30,234.65,234.68,234.27,234.67,438.0
2026-07-08 13:40:00+05:30,234.67,234.67,234.67,234.67,51.0
2026-07-08 13:45:00+05:30,234.67,234.67,233.7,234.0,3091.0
2026-07-08 13:50:00+05:30,233.96,233.96,233.5,233.5,107.0
2026-07-08 13:55:00+05:30,233.3,233.94,233.2,233.94,466.0
2026-07-08 14:00:00+05:30,233.0,233.0,232.01,232.15,509.0
2026-07-08 14:05:00+05:30,232.51,232.51,227.01,229.0,11721.0
2026-07-08 14:10:00+05:30,229.39,230.39,228.0,229.7,2498.0
2026-07-08 14:15:00+05:30,228.95,229.5,227.47,229.42,2371.0
2026-07-08 14:20:00+05:30,229.42,229.42,227.83,227.83,1170.0
2026-07-08 14:25:00+05:30,227.97,227.97,224.02,227.0,24489.0
2026-07-08 14:30:00+05:30,226.65,227.79,226.0,226.67,5418.0
2026-07-08 14:35:00+05:30,226.67,227.05,225.22,227.05,780.0
2026-07-08 14:40:00+05:30,225.9,226.57,225.47,226.55,1435.0
2026-07-08 14:45:00+05:30,226.51,226.51,225.94,226.08,294.0
2026-07-08 14:50:00+05:30,226.11,226.11,224.13,225.67,4425.0
2026-07-08 14:55:00+05:30,225.12,226.67,225.0,226.19,1628.0
2026-07-08 15:00:00+05:30,226.44,226.8,226.0,226.0,462.0
2026-07-08 15:05:00+05:30,226.51,226.99,226.21,226.65,2049.0
2026-07-08 15:10:00+05:30,226.6,228.13,226.51,227.5,3594.0
2026-07-08 15:15:00+05:30,226.5,227.47,226.5,227.29,1952.0
2026-07-08 15:20:00+05:30,227.29,228.77,227.0,227.97,4895.0
2026-07-08 15:25:00+05:30,228.0,228.0,225.2,228.0,8171.0
2026-07-09 09:15:00+05:30,228.44,235.0,228.1,229.91,5374.0
2026-07-09 09:20:00+05:30,230.53,232.18,230.53,230.88,973.0
2026-07-09 09:25:00+05:30,230.88,231.0,230.61,230.75,252.0
2026-07-09 09:30:00+05:30,231.06,231.86,230.7,231.86,1782.0
2026-07-09 09:35:00+05:30,231.5,231.99,230.62,231.18,1523.0
2026-07-09 09:40:00+05:30,231.18,231.65,231.18,231.65,301.0
2026-07-09 09:45:00+05:30,231.65,232.18,231.5,231.99,941.0
2026-07-09 09:50:00+05:30,231.99,232.2,230.0,231.57,7187.0
2026-07-09 09:55:00+05:30,231.11,231.57,231.08,231.57,386.0
2026-07-09 10:00:00+05:30,231.57,231.68,231.0,231.33,1215.0
2026-07-09 10:05:00+05:30,231.33,231.5,231.28,231.28,130.0
2026-07-09 10:10:00+05:30,231.69,231.78,231.25,231.78,393.0
2026-07-09 10:15:00+05:30,231.76,231.82,231.3,231.3,480.0
2026-07-09 10:20:00+05:30,231.36,231.36,231.36,231.36,11.0
2026-07-09 10:25:00+05:30,231.36,231.36,231.25,231.34,464.0
2026-07-09 10:30:00+05:30,231.34,231.35,230.25,230.5,2135.0
2026-07-09 10:35:00+05:30,230.8,230.98,229.65,229.65,2051.0
2026-07-09 10:40:00+05:30,229.66,231.12,229.61,230.51,1372.0
2026-07-09 10:45:00+05:30,230.51,230.51,229.71,230.2,345.0
2026-07-09 10:50:00+05:30,230.2,230.64,230.2,230.64,59.0
2026-07-09 10:55:00+05:30,230.64,230.64,230.22,230.61,465.0
2026-07-09 11:00:00+05:30,230.6,230.6,230.07,230.07,108.0
2026-07-09 11:05:00+05:30,230.07,230.58,230.06,230.58,39.0
2026-07-09 11:10:00+05:30,230.58,231.79,230.38,231.48,2525.0
2026-07-09 11:15:00+05:30,230.7,231.04,230.66,230.66,196.0
2026-07-09 11:20:00+05:30,230.66,231.18,230.66,231.11,64.0
2026-07-09 11:25:00+05:30,231.11,231.6,231.11,231.6,500.0
2026-07-09 11:30:00+05:30,231.6,231.6,231.56,231.56,70.0
2026-07-09 11:35:00+05:30,231.29,231.39,231.29,231.39,297.0
2026-07-09 11:40:00+05:30,231.39,232.0,230.93,231.23,1800.0
2026-07-09 11:45:00+05:30,231.23,231.23,231.23,231.23,1.0
2026-07-09 11:50:00+05:30,231.23,231.5,231.23,231.5,26.0
2026-07-09 11:55:00+05:30,231.5,231.5,231.5,231.5,0.0
2026-07-09 12:00:00+05:30,231.27,231.27,231.27,231.27,18.0
2026-07-09 12:05:00+05:30,231.27,231.5,231.27,231.5,11.0
2026-07-09 12:10:00+05:30,231.5,232.0,231.5,232.0,816.0
2026-07-09 12:15:00+05:30,232.0,232.0,231.87,231.87,25.0
2026-07-09 12:20:00+05:30,231.87,232.0,231.65,232.0,237.0
2026-07-09 12:25:00+05:30,231.93,231.93,231.01,231.22,1260.0
2026-07-09 12:30:00+05:30,231.22,231.62,231.15,231.15,11.0
2026-07-09 12:35:00+05:30,231.15,231.61,231.15,231.61,2.0
2026-07-09 12:40:00+05:30,231.61,231.61,230.38,230.38,469.0
2026-07-09 12:45:00+05:30,230.38,230.8,230.38,230.8,33.0
2026-07-09 12:50:00+05:30,230.8,231.39,230.8,230.91,961.0
2026-07-09 12:55:00+05:30,230.91,230.95,230.91,230.95,75.0
2026-07-09 13:00:00+05:30,231.59,231.95,231.59,231.95,5004.0
2026-07-09 13:05:00+05:30,232.0,232.0,232.0,232.0,9.0
2026-07-09 13:10:00+05:30,232.0,232.0,232.0,232.0,0.0
2026-07-09 13:15:00+05:30,232.0,232.26,232.0,232.25,130.0
2026-07-09 13:20:00+05:30,232.11,232.27,232.06,232.27,775.0
2026-07-09 13:25:00+05:30,232.27,232.27,232.27,232.27,0.0
2026-07-09 13:30:00+05:30,232.27,232.74,232.2,232.74,1274.0
2026-07-09 13:35:00+05:30,232.74,232.74,232.49,232.49,55.0
2026-07-09 13:40:00+05:30,232.72,232.84,232.42,232.8,1090.0
2026-07-09 13:45:00+05:30,232.8,232.8,232.45,232.45,105.0
2026-07-09 13:50:00+05:30,232.61,232.61,232.61,232.61,53.0
2026-07-09 13:55:00+05:30,232.61,232.77,232.61,232.77,94.0
2026-07-09 14:00:00+05:30,232.9,232.9,232.77,232.77,234.0
2026-07-09 14:05:00+05:30,232.8,233.15,232.8,233.15,101.0
2026-07-09 14:10:00+05:30,233.12,233.14,232.77,232.81,153.0
2026-07-09 14:15:00+05:30,232.81,232.81,231.13,231.13,1252.0
2026-07-09 14:20:00+05:30,231.16,231.4,231.15,231.15,1149.0
2026-07-09 14:25:00+05:30,231.15,231.15,230.51,230.56,1854.0
2026-07-09 14:30:00+05:30,231.15,231.39,230.56,230.57,1044.0
2026-07-09 14:35:00+05:30,230.58,231.07,230.51,230.51,948.0
2026-07-09 14:40:00+05:30,230.52,231.72,230.52,231.09,3558.0
2026-07-09 14:45:00+05:30,231.5,231.6,230.58,230.7,1629.0
2026-07-09 14:50:00+05:30,230.53,231.77,230.51,230.63,1071.0
2026-07-09 14:55:00+05:30,230.63,231.39,230.51,231.36,633.0
2026-07-09 15:00:00+05:30,231.34,232.0,231.34,231.96,2879.0
2026-07-09 15:05:00+05:30,231.6,231.78,230.39,230.91,2143.0
2026-07-09 15:10:00+05:30,230.86,230.86,230.5,230.82,332.0
2026-07-09 15:15:00+05:30,230.5,231.66,230.32,231.66,1589.0
2026-07-09 15:20:00+05:30,230.73,231.49,230.11,231.4,1896.0
2026-07-09 15:25:00+05:30,230.21,231.66,230.1,230.1,2616.0
2026-07-10 09:15:00+05:30,231.4,233.04,231.4,233.03,1428.0
2026-07-10 09:20:00+05:30,233.52,233.52,232.65,232.92,62.0
2026-07-10 09:25:00+05:30,233.28,233.28,232.45,233.0,404.0
2026-07-10 09:30:00+05:30,232.99,232.99,232.5,232.64,350.0
2026-07-10 09:35:00+05:30,232.84,233.79,232.84,233.09,884.0
2026-07-10 09:40:00+05:30,233.0,233.0,232.22,232.22,717.0
2026-07-10 09:45:00+05:30,232.65,233.07,232.01,233.07,1495.0
2026-07-10 09:50:00+05:30,233.4,233.4,232.75,232.75,1485.0
2026-07-10 09:55:00+05:30,232.75,232.87,232.73,232.87,1633.0
2026-07-10 10:00:00+05:30,232.87,232.91,232.78,232.78,115.0
2026-07-10 10:05:00+05:30,232.68,232.68,232.22,232.22,155.0
2026-07-10 10:10:00+05:30,232.79,233.0,232.01,232.6,1011.0
2026-07-10 10:15:00+05:30,232.01,232.59,232.01,232.59,254.0
2026-07-10 10:20:00+05:30,232.59,232.59,232.01,232.01,450.0
2026-07-10 10:25:00+05:30,232.01,232.3,231.87,232.3,76.0
2026-07-10 10:30:00+05:30,232.3,232.78,232.06,232.06,1583.0
2026-07-10 10:35:00+05:30,232.06,232.98,232.06,232.98,1020.0
2026-07-10 10:40:00+05:30,232.98,233.0,232.98,233.0,500.0
2026-07-10 10:45:00+05:30,233.0,233.0,232.4,232.4,1555.0
2026-07-10 10:50:00+05:30,232.96,232.96,231.42,231.42,1094.0
2026-07-10 10:55:00+05:30,231.42,231.42,231.42,231.42,0.0
2026-07-10 11:00:00+05:30,231.42,232.39,231.42,232.39,156.0
2026-07-10 11:05:00+05:30,232.28,232.28,231.86,232.16,132.0
2026-07-10 11:10:00+05:30,231.77,231.8,231.5,231.8,1078.0
2026-07-10 11:15:00+05:30,231.8,232.29,231.8,231.8,496.0
2026-07-10 11:20:00+05:30,232.25,232.25,231.82,231.88,75.0
2026-07-10 11:25:00+05:30,231.88,233.0,231.88,232.26,1005.0
2026-07-10 11:30:00+05:30,232.26,232.99,231.84,232.99,1760.0
2026-07-10 11:35:00+05:30,232.99,232.99,231.8,231.8,1110.0
2026-07-10 11:40:00+05:30,232.11,232.11,231.74,231.74,190.0
2026-07-10 11:45:00+05:30,231.74,231.9,231.42,231.9,1233.0
2026-07-10 11:50:00+05:30,231.9,231.9,231.9,231.9,0.0
2026-07-10 11:55:00+05:30,231.9,231.9,231.25,231.71,140.0
2026-07-10 12:00:00+05:30,231.71,231.71,231.71,231.71,0.0
2026-07-10 12:05:00+05:30,231.71,232.36,231.31,231.97,957.0
2026-07-10 12:10:00+05:30,231.97,231.97,230.88,230.92,2297.0
2026-07-10 12:15:00+05:30,230.92,231.59,230.78,231.35,3206.0
2026-07-10 12:20:00+05:30,231.53,232.0,231.53,232.0,1644.0
2026-07-10 12:25:00+05:30,232.0,232.0,232.0,232.0,0.0
2026-07-10 12:30:00+05:30,232.0,232.0,232.0,232.0,0.0
2026-07-10 12:35:00+05:30,232.0,232.0,230.92,230.92,904.0
2026-07-10 12:40:00+05:30,230.92,231.19,230.01,231.19,1438.0
2026-07-10 12:45:00+05:30,231.19,231.9,231.19,231.9,272.0
2026-07-10 12:50:00+05:30,231.86,231.86,231.86,231.86,5.0
2026-07-10 12:55:00+05:30,231.86,231.86,231.6,231.6,35.0
2026-07-10 13:00:00+05:30,231.87,231.87,230.83,230.83,543.0
2026-07-10 13:05:00+05:30,230.83,230.83,230.83,230.83,0.0
2026-07-10 13:10:00+05:30,230.85,230.97,230.85,230.97,1028.0
2026-07-10 13:15:00+05:30,231.58,231.58,231.58,231.58,20.0
2026-07-10 13:20:00+05:30,231.34,231.5,231.34,231.5,260.0
2026-07-10 13:25:00+05:30,231.5,231.5,231.0,231.0,47.0
2026-07-10 13:30:00+05:30,231.39,231.39,231.29,231.29,132.0
2026-07-10 13:35:00+05:30,231.58,231.77,231.01,231.01,258.0
2026-07-10 13:40:00+05:30,231.01,231.01,230.96,230.96,10.0
2026-07-10 13:45:00+05:30,230.96,230.96,229.32,230.63,2343.0
2026-07-10 13:50:00+05:30,230.63,230.97,230.63,230.9,14.0
2026-07-10 13:55:00+05:30,230.9,231.13,230.9,231.13,45.0
2026-07-10 14:00:00+05:30,231.18,231.18,230.2,230.2,594.0
2026-07-10 14:05:00+05:30,230.2,230.63,230.2,230.48,10.0
2026-07-10 14:10:00+05:30,230.7,230.91,230.47,230.47,59.0
2026-07-10 14:15:00+05:30,230.47,230.95,230.0,230.95,112.0
2026-07-10 14:20:00+05:30,230.95,230.95,230.87,230.87,18.0
2026-07-10 14:25:00+05:30,230.87,230.87,230.87,230.87,0.0
2026-07-10 14:30:00+05:30,230.87,231.38,230.71,231.38,77.0
2026-07-10 14:35:00+05:30,231.38,231.38,231.31,231.31,1.0
2026-07-10 14:40:00+05:30,231.3,231.3,231.1,231.1,710.0
2026-07-10 14:45:00+05:30,231.1,232.38,231.1,231.12,3192.0
2026-07-10 14:50:00+05:30,231.12,231.73,231.12,231.16,99.0
2026-07-10 14:55:00+05:30,231.16,232.14,231.1,231.84,948.0
2026-07-10 15:00:00+05:30,231.64,232.38,231.64,231.72,217.0
2026-07-10 15:05:00+05:30,232.29,232.29,231.6,231.6,216.0
2026-07-10 15:10:00+05:30,231.6,232.0,231.44,232.0,402.0
2026-07-10 15:15:00+05:30,231.46,232.78,231.46,231.55,4715.0
2026-07-10 15:20:00+05:30,231.85,231.9,231.57,231.86,622.0
2026-07-10 15:25:00+05:30,231.86,232.78,231.65,232.78,5733.0
2026-07-13 09:15:00+05:30,229.01,231.0,228.01,230.0,3190.0
2026-07-13 09:20:00+05:30,230.0,231.79,229.75,231.18,1011.0
2026-07-13 09:25:00+05:30,231.18,231.54,230.3,230.3,1243.0
2026-07-13 09:30:00+05:30,230.3,230.34,230.3,230.3,111.0
2026-07-13 09:35:00+05:30,230.3,230.3,229.72,229.72,303.0
2026-07-13 09:40:00+05:30,229.72,230.11,229.72,230.0,64.0
2026-07-13 09:45:00+05:30,229.51,230.02,229.51,230.0,628.0
2026-07-13 09:50:00+05:30,230.0,230.33,229.62,230.33,18.0
2026-07-13 09:55:00+05:30,230.33,230.97,230.33,230.97,345.0
2026-07-13 10:00:00+05:30,230.89,230.98,230.86,230.86,94.0
2026-07-13 10:05:00+05:30,230.86,231.0,230.79,231.0,4257.0
2026-07-13 10:10:00+05:30,231.39,231.39,230.67,231.03,73.0
2026-07-13 10:15:00+05:30,231.03,231.3,230.41,230.41,601.0
2026-07-13 10:20:00+05:30,230.95,230.95,230.95,230.95,13.0
2026-07-13 10:25:00+05:30,230.95,230.95,230.57,230.81,130.0
2026-07-13 10:30:00+05:30,230.69,230.69,230.64,230.64,110.0
2026-07-13 10:35:00+05:30,230.64,230.64,230.62,230.62,40.0
2026-07-13 10:40:00+05:30,230.62,230.62,230.38,230.38,18.0
2026-07-13 10:45:00+05:30,230.19,230.38,230.19,230.38,142.0
2026-07-13 10:50:00+05:30,230.38,230.38,229.97,230.24,338.0
2026-07-13 10:55:00+05:30,230.24,230.24,230.24,230.24,50.0
2026-07-13 11:00:00+05:30,230.24,230.24,229.81,229.81,56.0
2026-07-13 11:05:00+05:30,229.81,229.81,229.81,229.81,1.0
2026-07-13 11:10:00+05:30,229.86,231.76,229.86,231.76,3623.0
2026-07-13 11:15:00+05:30,230.54,230.54,230.54,230.54,500.0
2026-07-13 11:20:00+05:30,230.54,231.42,230.54,231.42,24.0
2026-07-13 11:25:00+05:30,231.42,231.42,230.42,230.42,335.0
2026-07-13 11:30:00+05:30,230.42,230.42,230.42,230.42,0.0
2026-07-13 11:35:00+05:30,230.25,231.79,230.25,230.64,2033.0
2026-07-13 11:40:00+05:30,230.64,230.64,230.64,230.64,0.0
2026-07-13 11:45:00+05:30,231.7,231.7,231.12,231.12,999.0
2026-07-13 11:50:00+05:30,231.55,231.7,231.32,231.68,131.0
2026-07-13 11:55:00+05:30,231.68,231.68,231.68,231.68,0.0
2026-07-13 12:00:00+05:30,231.68,231.7,231.2,231.2,209.0
2026-07-13 12:05:00+05:30,231.18,231.18,231.18,231.18,21.0
2026-07-13 12:10:00+05:30,231.25,231.25,231.24,231.24,31.0
2026-07-13 12:15:00+05:30,231.24,231.24,230.62,231.16,1001.0
2026-07-13 12:20:00+05:30,231.16,231.16,231.16,231.16,0.0
2026-07-13 12:25:00+05:30,231.06,231.06,231.06,231.06,8.0
2026-07-13 12:30:00+05:30,231.06,231.06,231.03,231.03,219.0
2026-07-13 12:35:00+05:30,231.17,231.67,231.17,231.34,247.0
2026-07-13 12:40:00+05:30,231.94,231.95,231.38,231.48,332.0
2026-07-13 12:45:00+05:30,231.48,231.9,231.48,231.9,111.0
2026-07-13 12:50:00+05:30,231.9,232.0,231.9,232.0,206.0
2026-07-13 12:55:00+05:30,232.3,232.3,232.07,232.12,106.0
2026-07-13 13:00:00+05:30,232.12,232.12,232.12,232.12,100.0
2026-07-13 13:05:00+05:30,232.12,232.12,232.12,232.12,596.0
2026-07-13 13:10:00+05:30,232.79,251.57,232.67,249.26,88167.0
2026-07-13 13:15:00+05:30,250.0,250.0,244.61,245.43,35119.0
2026-07-13 13:20:00+05:30,245.32,247.58,244.74,246.47,19235.0
2026-07-13 13:25:00+05:30,245.21,247.08,244.75,245.65,8338.0
2026-07-13 13:30:00+05:30,246.39,246.39,243.01,243.8,14584.0
2026-07-13 13:35:00+05:30,244.99,246.49,243.52,246.21,8225.0
2026-07-13 13:40:00+05:30,245.0,245.27,244.65,244.65,2734.0
2026-07-13 13:45:00+05:30,245.32,245.37,244.98,245.0,1471.0
2026-07-13 13:50:00+05:30,244.65,245.0,243.82,245.0,2378.0
2026-07-13 13:55:00+05:30,244.95,244.95,244.21,244.21,911.0
2026-07-13 14:00:00+05:30,244.21,244.78,243.61,244.77,2771.0
2026-07-13 14:05:00+05:30,243.82,244.5,242.8,244.5,3063.0
2026-07-13 14:10:00+05:30,243.88,243.88,242.8,243.0,1866.0
2026-07-13 14:15:00+05:30,243.0,244.19,243.0,243.38,2206.0
2026-07-13 14:20:00+05:30,243.06,243.38,242.8,243.07,2743.0
2026-07-13 14:25:00+05:30,243.07,243.39,242.77,242.77,411.0
2026-07-13 14:30:00+05:30,242.87,245.0,242.11,243.03,7191.0
2026-07-13 14:35:00+05:30,243.79,247.4,242.78,245.5,11948.0
2026-07-13 14:40:00+05:30,244.97,245.76,242.75,243.45,1713.0
2026-07-13 14:45:00+05:30,243.45,244.39,242.82,242.82,1325.0
2026-07-13 14:50:00+05:30,243.29,243.29,242.11,242.61,2287.0
2026-07-13 14:55:00+05:30,243.27,243.79,242.01,243.79,3207.0
2026-07-13 15:00:00+05:30,243.07,243.78,242.1,242.71,3633.0
2026-07-13 15:05:00+05:30,243.34,243.78,241.56,242.78,5902.0
2026-07-13 15:10:00+05:30,242.87,250.48,242.0,250.0,40799.0
2026-07-13 15:15:00+05:30,248.93,252.18,245.83,251.74,73049.0
2026-07-13 15:20:00+05:30,254.3,265.0,252.99,263.26,155744.0
2026-07-13 15:25:00+05:30,263.36,266.0,262.1,264.0,89572.0
2026-07-14 09:15:00+05:30,264.0,264.0,257.82,259.6,47556.0
2026-07-14 09:20:00+05:30,260.5,260.63,257.0,258.89,19993.0
2026-07-14 09:25:00+05:30,258.12,258.42,256.09,257.69,6069.0
2026-07-14 09:30:00+05:30,257.36,260.89,256.93,260.05,12746.0
2026-07-14 09:35:00+05:30,259.51,259.51,257.5,258.54,4496.0
2026-07-14 09:40:00+05:30,258.99,259.35,257.86,258.39,6943.0
2026-07-14 09:45:00+05:30,258.55,258.55,257.13,258.55,4145.0
2026-07-14 09:50:00+05:30,257.91,257.91,252.6,253.49,36860.0
2026-07-14 09:55:00+05:30,254.29,254.93,253.5,254.33,16230.0
2026-07-14 10:00:00+05:30,254.42,254.79,253.08,253.99,18651.0
2026-07-14 10:05:00+05:30,253.99,254.11,252.2,253.38,16430.0
2026-07-14 10:10:00+05:30,253.37,254.01,252.02,253.2,16140.0
2026-07-14 10:15:00+05:30,253.27,254.0,253.1,253.1,4158.0
2026-07-14 10:20:00+05:30,253.1,254.0,252.9,253.12,4846.0
2026-07-14 10:25:00+05:30,253.0,253.63,251.6,252.3,8220.0
2026-07-14 10:30:00+05:30,252.3,252.3,251.68,251.83,1811.0
2026-07-14 10:35:00+05:30,251.9,252.18,251.9,252.14,394.0
2026-07-14 10:40:00+05:30,252.03,252.83,252.0,252.54,2275.0
2026-07-14 10:45:00+05:30,252.05,252.78,252.05,252.78,543.0
2026-07-14 10:50:00+05:30,252.99,253.1,252.57,252.72,846.0
2026-07-14 10:55:00+05:30,253.7,254.8,253.69,254.05,2406.0
2026-07-14 11:00:00+05:30,254.03,254.97,254.03,254.6,1660.0
2026-07-14 11:05:00+05:30,254.65,254.65,253.24,253.24,1693.0
2026-07-14 11:10:00+05:30,253.32,253.99,253.3,253.99,757.0
2026-07-14 11:15:00+05:30,253.99,253.99,253.36,253.78,305.0
2026-07-14 11:20:00+05:30,253.95,254.16,253.4,253.41,2803.0
2026-07-14 11:25:00+05:30,253.76,253.76,253.4,253.41,312.0
2026-07-14 11:30:00+05:30,253.41,253.79,253.41,253.79,284.0
2026-07-14 11:35:00+05:30,253.79,253.8,253.3,253.4,3441.0
2026-07-14 11:40:00+05:30,253.42,253.42,253.0,253.26,2726.0
2026-07-14 11:45:00+05:30,253.06,253.83,253.01,253.83,640.0
2026-07-14 11:50:00+05:30,253.13,253.56,253.13,253.31,1204.0
2026-07-14 11:55:00+05:30,253.02,253.04,252.82,253.04,6182.0
2026-07-14 12:00:00+05:30,253.04,253.65,253.0,253.58,844.0
2026-07-14 12:05:00+05:30,253.98,253.98,253.58,253.58,235.0
2026-07-14 12:10:00+05:30,253.58,253.99,253.58,253.99,23.0
2026-07-14 12:15:00+05:30,254.39,254.39,253.1,253.1,1317.0
2026-07-14 12:20:00+05:30,252.43,252.78,252.19,252.61,1263.0
2026-07-14 12:25:00+05:30,252.59,252.66,252.0,252.66,531.0
2026-07-14 12:30:00+05:30,252.66,252.66,251.8,251.8,2042.0
2026-07-14 12:35:00+05:30,252.06,252.46,252.04,252.29,361.0
2026-07-14 12:40:00+05:30,252.27,252.41,251.97,252.01,173.0
2026-07-14 12:45:00+05:30,252.01,252.58,252.0,252.42,848.0
2026-07-14 12:50:00+05:30,252.42,252.45,252.42,252.45,12.0
2026-07-14 12:55:00+05:30,252.44,253.87,252.44,253.58,2918.0
2026-07-14 13:00:00+05:30,253.78,253.87,253.19,253.19,256.0
2026-07-14 13:05:00+05:30,253.19,253.5,253.14,253.14,122.0
2026-07-14 13:10:00+05:30,253.14,253.54,251.82,252.24,9142.0
2026-07-14 13:15:00+05:30,252.19,253.5,251.8,253.5,4588.0
2026-07-14 13:20:00+05:30,253.75,253.75,253.47,253.47,260.0
2026-07-14 13:25:00+05:30,253.47,253.47,253.15,253.15,147.0
2026-07-14 13:30:00+05:30,253.15,253.15,253.15,253.15,122.0
2026-07-14 13:35:00+05:30,253.12,253.14,252.58,252.85,183.0
2026-07-14 13:40:00+05:30,252.85,252.85,252.21,252.25,214.0
2026-07-14 13:45:00+05:30,252.25,252.55,252.25,252.55,90.0
2026-07-14 13:50:00+05:30,252.55,252.55,252.21,252.21,300.0
2026-07-14 13:55:00+05:30,252.1,252.23,251.85,251.85,435.0
2026-07-14 14:00:00+05:30,251.85,252.14,251.85,252.14,47.0
2026-07-14 14:05:00+05:30,252.14,252.48,252.14,252.4,97.0
2026-07-14 14:10:00+05:30,252.27,252.36,252.27,252.36,142.0
2026-07-14 14:15:00+05:30,252.48,253.19,252.37,253.12,1119.0
2026-07-14 14:20:00+05:30,253.12,253.12,252.0,252.0,2265.0
2026-07-14 14:25:00+05:30,252.0,252.0,251.8,251.8,958.0
2026-07-14 14:30:00+05:30,251.8,251.82,251.1,251.1,1340.0
2026-07-14 14:35:00+05:30,251.1,251.57,251.1,251.57,15.0
2026-07-14 14:40:00+05:30,251.55,251.6,251.1,251.59,2430.0
2026-07-14 14:45:00+05:30,251.12,251.56,251.11,251.12,256.0
2026-07-14 14:50:00+05:30,251.14,251.27,251.11,251.27,479.0
2026-07-14 14:55:00+05:30,251.22,251.78,251.17,251.17,185.0
2026-07-14 15:00:00+05:30,251.12,251.66,251.12,251.66,651.0
2026-07-14 15:05:00+05:30,251.66,252.19,251.48,251.5,5869.0
2026-07-14 15:10:00+05:30,251.21,251.23,249.6,250.0,2252.0
2026-07-14 15:15:00+05:30,249.73,249.94,248.25,249.94,7387.0
2026-07-14 15:20:00+05:30,249.94,249.98,248.42,249.35,8185.0
2026-07-14 15:25:00+05:30,249.63,250.98,248.1,248.1,14507.0
2026-07-15 09:15:00+05:30,247.15,248.8,247.15,247.99,3069.0
2026-07-15 09:20:00+05:30,248.03,248.64,247.81,248.02,897.0
2026-07-15 09:25:00+05:30,248.26,248.26,247.5,247.52,326.0
2026-07-15 09:30:00+05:30,247.52,248.19,247.52,248.19,285.0
2026-07-15 09:35:00+05:30,248.19,248.19,248.19,248.19,144.0
2026-07-15 09:40:00+05:30,248.59,248.97,248.19,248.19,639.0
2026-07-15 09:45:00+05:30,248.19,248.9,248.19,248.19,592.0
2026-07-15 09:50:00+05:30,248.19,248.19,247.16,247.16,119.0
2026-07-15 09:55:00+05:30,247.16,247.16,246.92,247.04,520.0
2026-07-15 10:00:00+05:30,247.1,247.63,247.1,247.63,96.0
2026-07-15 10:05:00+05:30,247.63,247.78,247.44,247.78,466.0
2026-07-15 10:10:00+05:30,247.66,249.0,247.38,249.0,1614.0
2026-07-15 10:15:00+05:30,249.0,249.0,248.84,248.84,20.0
2026-07-15 10:20:00+05:30,248.84,248.84,247.4,247.4,5913.0
2026-07-15 10:25:00+05:30,247.68,247.68,247.37,247.37,671.0
2026-07-15 10:30:00+05:30,247.34,247.52,247.11,247.52,298.0
2026-07-15 10:35:00+05:30,247.52,248.18,247.26,247.26,78.0
2026-07-15 10:40:00+05:30,247.26,247.47,247.26,247.4,42.0
2026-07-15 10:45:00+05:30,247.4,247.4,247.0,247.0,1333.0
2026-07-15 10:50:00+05:30,247.0,247.79,246.95,247.79,932.0
2026-07-15 10:55:00+05:30,247.79,247.79,247.04,247.53,454.0
2026-07-15 11:00:00+05:30,247.14,247.14,246.3,246.3,3571.0
2026-07-15 11:05:00+05:30,246.4,247.98,246.24,246.79,3065.0
2026-07-15 11:10:00+05:30,246.79,247.39,246.76,247.39,28.0
2026-07-15 11:15:00+05:30,246.96,246.96,246.32,246.63,543.0
2026-07-15 11:20:00+05:30,246.58,246.97,246.58,246.97,115.0
2026-07-15 11:25:00+05:30,246.42,247.11,246.42,247.11,121.0
2026-07-15 11:30:00+05:30,247.04,247.18,246.44,247.18,122.0
2026-07-15 11:35:00+05:30,247.18,247.18,247.0,247.0,2.0
2026-07-15 11:40:00+05:30,247.16,247.16,246.22,246.22,292.0
2026-07-15 11:45:00+05:30,246.81,246.97,246.22,246.97,68.0
2026-07-15 11:50:00+05:30,246.97,246.97,246.97,246.97,0.0
2026-07-15 11:55:00+05:30,246.51,246.98,246.25,246.25,386.0
2026-07-15 12:00:00+05:30,246.25,246.83,246.25,246.83,95.0
2026-07-15 12:05:00+05:30,246.75,246.75,246.45,246.45,72.0
2026-07-15 12:10:00+05:30,246.45,246.55,246.27,246.27,147.0
2026-07-15 12:15:00+05:30,246.3,247.14,246.26,247.1,3088.0
2026-07-15 12:20:00+05:30,247.1,247.3,247.1,247.3,40.0
2026-07-15 12:25:00+05:30,247.3,247.38,247.2,247.38,208.0
2026-07-15 12:30:00+05:30,247.38,247.99,247.38,247.99,500.0
2026-07-15 12:35:00+05:30,247.99,247.99,247.99,247.99,0.0
2026-07-15 12:40:00+05:30,247.95,247.95,247.25,247.25,421.0
2026-07-15 12:45:00+05:30,247.25,247.38,247.25,247.38,107.0
2026-07-15 12:50:00+05:30,247.38,247.38,247.38,247.38,0.0
2026-07-15 12:55:00+05:30,247.38,247.38,246.27,246.28,2934.0
2026-07-15 13:00:00+05:30,246.28,246.69,246.0,246.12,981.0
2026-07-15 13:05:00+05:30,246.12,246.43,246.12,246.43,2.0
2026-07-15 13:10:00+05:30,246.43,246.43,246.0,246.0,201.0
2026-07-15 13:15:00+05:30,246.43,246.43,246.43,246.43,3.0
2026-07-15 13:20:00+05:30,246.0,246.0,246.0,246.0,250.0
2026-07-15 13:25:00+05:30,246.0,246.0,245.26,245.26,936.0
2026-07-15 13:30:00+05:30,245.26,245.93,245.26,245.93,87.0
2026-07-15 13:35:00+05:30,245.93,245.93,245.93,245.93,0.0
2026-07-15 13:40:00+05:30,246.05,246.07,246.0,246.0,15.0
2026-07-15 13:45:00+05:30,246.0,246.0,245.41,245.41,100.0
2026-07-15 13:50:00+05:30,245.67,245.67,245.62,245.62,59.0
2026-07-15 13:55:00+05:30,245.62,245.85,245.62,245.85,165.0
2026-07-15 14:00:00+05:30,245.95,245.98,245.87,245.87,237.0
2026-07-15 14:05:00+05:30,245.25,245.91,245.25,245.91,201.0
2026-07-15 14:10:00+05:30,245.91,245.91,245.21,245.21,25.0
2026-07-15 14:15:00+05:30,245.21,245.76,245.21,245.76,107.0
2026-07-15 14:20:00+05:30,245.76,245.76,244.48,245.12,2017.0
2026-07-15 14:25:00+05:30,245.12,245.84,245.12,245.84,273.0
2026-07-15 14:30:00+05:30,245.25,245.53,244.61,244.61,707.0
2026-07-15 14:35:00+05:30,244.61,244.92,244.1,244.92,502.0
2026-07-15 14:40:00+05:30,244.97,245.13,244.0,245.06,614.0
2026-07-15 14:45:00+05:30,245.06,245.06,245.06,245.06,0.0
2026-07-15 14:50:00+05:30,245.06,245.09,244.45,245.09,123.0
2026-07-15 14:55:00+05:30,245.09,245.09,244.7,244.8,673.0
2026-07-15 15:00:00+05:30,244.8,244.8,244.25,244.27,606.0
2026-07-15 15:05:00+05:30,244.68,244.93,244.2,244.37,1899.0
2026-07-15 15:10:00+05:30,244.37,245.0,244.05,244.05,780.0
2026-07-15 15:15:00+05:30,244.05,244.14,244.01,244.01,1212.0
2026-07-15 15:20:00+05:30,244.01,244.7,244.01,244.4,1826.0
2026-07-15 15:25:00+05:30,244.12,244.8,243.01,243.11,4086.0
2026-07-16 09:15:00+05:30,245.0,248.45,243.0,243.83,2992.0
2026-07-16 09:20:00+05:30,244.25,245.38,244.25,244.76,1209.0
2026-07-16 09:25:00+05:30,244.3,245.18,243.69,244.65,1232.0
2026-07-16 09:30:00+05:30,244.49,244.78,244.49,244.5,185.0
2026-07-16 09:35:00+05:30,243.98,243.98,242.32,242.85,1336.0
2026-07-16 09:40:00+05:30,242.85,243.24,242.78,243.24,286.0
2026-07-16 09:45:00+05:30,243.24,243.98,243.2,243.2,466.0
2026-07-16 09:50:00+05:30,242.85,243.09,242.37,243.09,483.0
2026-07-16 09:55:00+05:30,243.2,243.53,242.81,242.88,159.0
2026-07-16 10:00:00+05:30,243.28,243.57,243.25,243.4,319.0
2026-07-16 10:05:00+05:30,242.81,243.7,242.81,243.7,904.0
2026-07-16 10:10:00+05:30,243.02,243.02,243.02,243.02,45.0
2026-07-16 10:15:00+05:30,243.39,243.76,243.39,243.76,502.0
2026-07-16 10:20:00+05:30,243.12,245.99,242.13,245.94,4408.0
2026-07-16 10:25:00+05:30,246.79,247.0,244.37,244.74,1282.0
2026-07-16 10:30:00+05:30,244.74,244.74,244.7,244.7,16.0
2026-07-16 10:35:00+05:30,244.7,244.7,244.0,244.0,644.0
2026-07-16 10:40:00+05:30,243.53,243.73,243.32,243.73,188.0
2026-07-16 10:45:00+05:30,243.73,243.73,243.73,243.73,1.0
2026-07-16 10:50:00+05:30,243.87,244.58,243.87,244.43,111.0
2026-07-16 10:55:00+05:30,244.43,244.43,244.4,244.4,11.0
2026-07-16 11:00:00+05:30,244.0,244.0,244.0,244.0,344.0
2026-07-16 11:05:00+05:30,244.0,244.68,243.99,244.68,483.0
2026-07-16 11:10:00+05:30,244.57,244.57,244.02,244.02,37.0
2026-07-16 11:15:00+05:30,244.02,244.02,244.02,244.02,0.0
2026-07-16 11:20:00+05:30,244.02,244.56,244.02,244.56,12.0
2026-07-16 11:25:00+05:30,244.56,244.7,244.56,244.7,8.0
2026-07-16 11:30:00+05:30,244.56,244.66,244.11,244.11,78.0
2026-07-16 11:35:00+05:30,244.11,244.11,244.11,244.11,0.0
2026-07-16 11:40:00+05:30,244.11,244.11,243.73,244.09,191.0
2026-07-16 11:45:00+05:30,244.09,244.09,244.09,244.09,50.0
2026-07-16 11:50:00+05:30,244.09,244.09,242.93,242.93,1350.0
2026-07-16 11:55:00+05:30,242.93,243.35,242.93,243.35,181.0
2026-07-16 12:00:00+05:30,244.09,244.09,243.35,243.35,698.0
2026-07-16 12:05:00+05:30,243.88,243.88,243.88,243.88,20.0
2026-07-16 12:10:00+05:30,243.22,243.22,243.22,243.22,107.0
2026-07-16 12:15:00+05:30,243.22,243.22,243.22,243.22,0.0
2026-07-16 12:20:00+05:30,243.8,244.0,243.8,244.0,7.0
2026-07-16 12:25:00+05:30,244.38,244.38,243.91,243.91,408.0
2026-07-16 12:30:00+05:30,243.91,244.44,243.91,244.44,3.0
2026-07-16 12:35:00+05:30,244.44,244.44,244.44,244.44,0.0
2026-07-16 12:40:00+05:30,244.44,244.44,244.0,244.0,20.0
2026-07-16 12:45:00+05:30,244.46,244.83,244.46,244.83,1942.0
2026-07-16 12:50:00+05:30,245.0,245.0,245.0,245.0,692.0
2026-07-16 12:55:00+05:30,245.0,245.0,244.97,245.0,18.0
2026-07-16 13:00:00+05:30,245.0,245.36,245.0,245.36,550.0
2026-07-16 13:05:00+05:30,245.36,245.79,244.62,244.62,1159.0
2026-07-16 13:10:00+05:30,244.62,245.58,244.62,245.58,25.0
2026-07-16 13:15:00+05:30,245.58,245.58,245.3,245.49,36.0
2026-07-16 13:20:00+05:30,245.49,245.49,244.94,244.94,348.0
2026-07-16 13:25:00+05:30,244.97,244.97,244.09,244.09,39.0
2026-07-16 13:30:00+05:30,244.09,244.09,243.53,243.53,68.0
2026-07-16 13:35:00+05:30,244.17,244.17,244.16,244.16,192.0
2026-07-16 13:40:00+05:30,244.16,244.78,243.0,243.54,2177.0
2026-07-16 13:45:00+05:30,243.54,243.54,243.0,243.0,243.0
2026-07-16 13:50:00+05:30,243.0,243.0,243.0,243.0,0.0
2026-07-16 13:55:00+05:30,243.37,243.37,242.02,242.73,748.0
2026-07-16 14:00:00+05:30,242.73,242.92,242.73,242.92,16.0
2026-07-16 14:05:00+05:30,242.92,242.92,242.56,242.56,20.0
2026-07-16 14:10:00+05:30,242.56,242.56,242.0,242.0,392.0
2026-07-16 14:15:00+05:30,243.19,243.19,243.07,243.18,301.0
2026-07-16 14:20:00+05:30,242.85,243.19,242.5,242.51,228.0
2026-07-16 14:25:00+05:30,243.25,243.25,242.51,243.17,296.0
2026-07-16 14:30:00+05:30,242.6,243.19,242.51,242.61,421.0
2026-07-16 14:35:00+05:30,242.61,242.61,242.61,242.61,225.0
2026-07-16 14:40:00+05:30,242.61,242.61,242.5,242.51,333.0
2026-07-16 14:45:00+05:30,242.51,242.51,242.0,242.12,2544.0
2026-07-16 14:50:00+05:30,242.31,242.6,242.26,242.26,226.0
2026-07-16 14:55:00+05:30,242.79,242.99,242.35,242.41,393.0
2026-07-16 15:00:00+05:30,242.98,243.38,242.35,242.35,1799.0
2026-07-16 15:05:00+05:30,242.35,243.99,241.61,243.99,1716.0
2026-07-16 15:10:00+05:30,243.82,243.82,243.11,243.11,254.0
2026-07-16 15:15:00+05:30,243.13,243.63,242.76,243.5,3799.0
2026-07-16 15:20:00+05:30,243.51,243.55,243.51,243.55,79.0
2026-07-16 15:25:00+05:30,243.85,243.85,242.02,242.02,1836.0
2026-07-17 09:15:00+05:30,244.19,246.39,244.19,244.19,3490.0
2026-07-17 09:20:00+05:30,244.02,244.98,243.0,243.0,3741.0
2026-07-17 09:25:00+05:30,242.78,243.59,242.66,243.59,943.0
2026-07-17 09:30:00+05:30,243.4,243.5,242.48,243.42,1325.0
2026-07-17 09:35:00+05:30,243.49,243.49,242.0,242.0,1645.0
2026-07-17 09:40:00+05:30,241.78,242.16,241.18,241.39,2064.0
2026-07-17 09:45:00+05:30,241.4,241.4,240.41,241.18,1187.0
2026-07-17 09:50:00+05:30,241.18,241.6,241.18,241.6,266.0
2026-07-17 09:55:00+05:30,241.6,241.6,241.0,241.0,1305.0
2026-07-17 10:00:00+05:30,241.0,241.1,240.5,240.76,1827.0
2026-07-17 10:05:00+05:30,240.76,240.76,240.2,240.7,150.0
2026-07-17 10:10:00+05:30,240.65,241.0,240.41,241.0,188.0
2026-07-17 10:15:00+05:30,241.19,242.37,241.17,242.22,1745.0
2026-07-17 10:20:00+05:30,242.1,242.1,241.29,241.5,867.0
2026-07-17 10:25:00+05:30,241.81,244.8,241.81,243.58,32534.0
2026-07-17 10:30:00+05:30,243.7,244.7,242.82,242.82,137.0
2026-07-17 10:35:00+05:30,242.82,242.94,242.5,242.5,223.0
2026-07-17 10:40:00+05:30,242.5,242.91,242.5,242.91,801.0
2026-07-17 10:45:00+05:30,243.78,243.78,243.78,243.78,1000.0
2026-07-17 10:50:00+05:30,242.97,243.09,242.64,243.09,434.0
2026-07-17 10:55:00+05:30,243.09,243.94,243.09,243.85,1370.0
2026-07-17 11:00:00+05:30,244.45,245.0,244.37,245.0,2222.0
2026-07-17 11:05:00+05:30,245.78,245.78,243.22,243.22,2328.0
2026-07-17 11:10:00+05:30,243.22,243.22,241.83,241.83,553.0
2026-07-17 11:15:00+05:30,242.44,242.44,241.84,241.84,373.0
2026-07-17 11:20:00+05:30,241.85,241.85,240.39,240.99,6220.0
2026-07-17 11:25:00+05:30,240.51,241.1,240.51,240.52,268.0
2026-07-17 11:30:00+05:30,240.3,240.92,240.05,240.55,1253.0
2026-07-17 11:35:00+05:30,240.55,241.08,240.4,240.4,333.0
2026-07-17 11:40:00+05:30,240.4,240.96,240.37,240.37,384.0
2026-07-17 11:45:00+05:30,240.37,240.37,239.6,239.74,1471.0
2026-07-17 11:50:00+05:30,239.74,240.33,239.74,240.33,200.0
2026-07-17 11:55:00+05:30,240.21,240.3,240.18,240.3,213.0
2026-07-17 12:00:00+05:30,240.3,240.3,239.41,239.78,510.0
2026-07-17 12:05:00+05:30,239.42,239.8,239.42,239.8,159.0
2026-07-17 12:10:00+05:30,239.8,240.08,239.8,240.08,527.0
2026-07-17 12:15:00+05:30,240.08,240.08,240.08,240.08,0.0
2026-07-17 12:20:00+05:30,240.08,240.08,240.06,240.08,25.0
2026-07-17 12:25:00+05:30,240.08,240.08,240.08,240.08,22.0
2026-07-17 12:30:00+05:30,240.16,240.78,240.16,240.78,723.0
2026-07-17 12:35:00+05:30,240.78,240.97,240.78,240.97,1.0
2026-07-17 12:40:00+05:30,240.97,240.97,240.89,240.89,20.0
2026-07-17 12:45:00+05:30,240.89,240.89,240.89,240.89,0.0
2026-07-17 12:50:00+05:30,240.89,240.89,240.08,240.63,135.0
2026-07-17 12:55:00+05:30,240.63,240.67,240.63,240.67,11.0
2026-07-17 13:00:00+05:30,240.67,240.7,240.67,240.7,2.0
2026-07-17 13:05:00+05:30,240.27,240.7,240.1,240.1,469.0
2026-07-17 13:10:00+05:30,240.1,240.68,240.08,240.08,2120.0
2026-07-17 13:15:00+05:30,240.0,240.18,239.64,240.0,243.0
2026-07-17 13:20:00+05:30,239.75,239.99,238.94,239.99,1272.0
2026-07-17 13:25:00+05:30,239.99,240.12,239.9,240.12,31.0
2026-07-17 13:30:00+05:30,240.17,240.17,240.15,240.15,135.0
2026-07-17 13:35:00+05:30,240.15,240.15,239.81,239.81,131.0
2026-07-17 13:40:00+05:30,240.37,240.37,239.61,239.79,144.0
2026-07-17 13:45:00+05:30,239.79,239.79,239.42,239.42,3.0
2026-07-17 13:50:00+05:30,239.93,239.93,238.87,238.9,166.0
2026-07-17 13:55:00+05:30,237.5,238.05,237.5,238.05,1501.0
2026-07-17 14:00:00+05:30,238.05,238.99,238.05,238.99,1.0
2026-07-17 14:05:00+05:30,238.97,238.97,238.21,238.21,260.0
2026-07-17 14:10:00+05:30,238.21,238.99,238.21,238.99,589.0
2026-07-17 14:15:00+05:30,239.0,240.35,239.0,240.35,1176.0
2026-07-17 14:20:00+05:30,240.35,240.35,238.59,238.62,227.0
2026-07-17 14:25:00+05:30,238.6,239.37,238.51,238.85,249.0
2026-07-17 14:30:00+05:30,238.88,239.28,238.51,238.51,120.0
2026-07-17 14:35:00+05:30,238.51,238.98,238.35,238.44,135.0
2026-07-17 14:40:00+05:30,238.43,239.99,238.32,238.76,936.0
2026-07-17 14:45:00+05:30,238.84,239.12,238.59,238.71,185.0
2026-07-17 14:50:00+05:30,238.64,240.17,238.61,240.17,557.0
2026-07-17 14:55:00+05:30,240.17,240.17,240.17,240.17,0.0
2026-07-17 15:00:00+05:30,239.94,239.94,238.81,238.81,1083.0
2026-07-17 15:05:00+05:30,239.0,239.87,239.0,239.59,1583.0
2026-07-17 15:10:00+05:30,239.66,239.66,238.52,238.52,2418.0
2026-07-17 15:15:00+05:30,238.58,238.79,238.55,238.63,572.0
2026-07-17 15:20:00+05:30,238.69,238.69,237.26,238.0,2751.0
2026-07-17 15:25:00+05:30,238.2,242.78,237.41,238.14,3552.0
2026-07-20 09:15:00+05:30,237.0,239.59,237.0,238.58,1464.0
2026-07-20 09:20:00+05:30,238.01,238.58,238.01,238.11,419.0
2026-07-20 09:25:00+05:30,237.81,237.81,237.0,237.0,1286.0
2026-07-20 09:30:00+05:30,237.29,237.29,236.42,237.15,1199.0
2026-07-20 09:35:00+05:30,237.39,237.68,237.07,237.44,242.0
2026-07-20 09:40:00+05:30,238.18,238.18,237.99,237.99,68.0
2026-07-20 09:45:00+05:30,237.99,238.99,237.9,237.94,715.0
2026-07-20 09:50:00+05:30,237.77,237.77,237.76,237.76,55.0
2026-07-20 09:55:00+05:30,237.76,238.13,237.28,238.13,122.0
2026-07-20 10:00:00+05:30,238.09,238.09,237.24,237.32,1043.0
2026-07-20 10:05:00+05:30,237.7,237.89,237.24,237.55,630.0
2026-07-20 10:10:00+05:30,237.21,237.85,237.21,237.76,127.0
2026-07-20 10:15:00+05:30,237.98,238.99,237.9,238.15,1277.0
2026-07-20 10:20:00+05:30,238.15,238.15,238.15,238.15,335.0
2026-07-20 10:25:00+05:30,238.15,238.15,238.0,238.0,10.0
2026-07-20 10:30:00+05:30,238.0,238.88,237.99,237.99,1168.0
2026-07-20 10:35:00+05:30,237.99,237.99,237.63,237.63,347.0
2026-07-20 10:40:00+05:30,237.63,237.63,237.38,237.38,68.0
2026-07-20 10:45:00+05:30,237.49,237.49,236.0,236.79,903.0
2026-07-20 10:50:00+05:30,237.12,238.12,237.12,237.27,1657.0
2026-07-20 10:55:00+05:30,237.27,237.61,237.19,237.61,621.0
2026-07-20 11:00:00+05:30,237.61,237.61,236.8,236.8,567.0
2026-07-20 11:05:00+05:30,236.8,237.01,236.8,237.01,1.0
2026-07-20 11:10:00+05:30,237.01,237.01,236.8,236.8,28.0
2026-07-20 11:15:00+05:30,236.95,236.95,236.65,236.65,857.0
2026-07-20 11:20:00+05:30,236.9,236.9,236.27,236.6,109.0
2026-07-20 11:25:00+05:30,236.6,236.98,236.0,236.98,1183.0
2026-07-20 11:30:00+05:30,236.98,238.31,236.29,238.31,2532.0
2026-07-20 11:35:00+05:30,237.84,238.27,237.62,237.8,718.0
2026-07-20 11:40:00+05:30,237.8,237.8,237.43,237.43,35.0
2026-07-20 11:45:00+05:30,237.43,237.44,237.01,237.01,198.0
2026-07-20 11:50:00+05:30,237.01,237.01,237.01,237.01,25.0
2026-07-20 11:55:00+05:30,236.42,237.16,236.25,236.64,969.0
2026-07-20 12:00:00+05:30,236.64,236.65,235.9,236.39,540.0
2026-07-20 12:05:00+05:30,236.4,236.78,236.12,236.78,304.0
2026-07-20 12:10:00+05:30,236.01,236.49,236.0,236.49,1011.0
2026-07-20 12:15:00+05:30,236.38,236.78,235.93,236.78,1269.0
2026-07-20 12:20:00+05:30,235.76,235.76,235.76,235.76,10.0
2026-07-20 12:25:00+05:30,235.76,235.76,235.76,235.76,0.0
2026-07-20 12:30:00+05:30,235.6,235.66,234.06,235.1,4227.0
2026-07-20 12:35:00+05:30,235.1,235.59,235.1,235.59,63.0
2026-07-20 12:40:00+05:30,235.59,235.59,234.81,235.0,1667.0
2026-07-20 12:45:00+05:30,235.07,235.18,235.07,235.13,467.0
2026-07-20 12:50:00+05:30,235.18,235.39,234.25,235.0,346.0
2026-07-20 12:55:00+05:30,235.0,235.0,235.0,235.0,0.0
2026-07-20 13:00:00+05:30,235.0,235.62,235.0,235.62,64.0
2026-07-20 13:05:00+05:30,235.56,235.56,235.06,235.07,239.0
2026-07-20 13:10:00+05:30,235.07,235.1,235.07,235.1,1003.0
2026-07-20 13:15:00+05:30,235.97,236.34,235.41,235.41,1322.0
2026-07-20 13:20:00+05:30,235.41,235.41,235.02,235.02,85.0
2026-07-20 13:25:00+05:30,235.03,235.77,235.03,235.24,60.0
2026-07-20 13:30:00+05:30,235.19,235.77,235.19,235.77,18.0
2026-07-20 13:35:00+05:30,235.77,236.18,235.19,236.18,407.0
2026-07-20 13:40:00+05:30,236.08,236.51,236.08,236.43,827.0
2026-07-20 13:45:00+05:30,235.81,236.5,235.81,236.11,225.0
2026-07-20 13:50:00+05:30,236.11,236.11,236.1,236.1,55.0
2026-07-20 13:55:00+05:30,236.1,236.9,236.1,236.9,271.0
2026-07-20 14:00:00+05:30,236.89,236.89,235.02,236.26,2149.0
2026-07-20 14:05:00+05:30,236.26,236.26,236.26,236.26,0.0
2026-07-20 14:10:00+05:30,236.3,236.3,236.02,236.02,214.0
2026-07-20 14:15:00+05:30,236.0,236.19,234.82,234.91,925.0
2026-07-20 14:20:00+05:30,234.91,235.79,234.91,235.79,223.0
2026-07-20 14:25:00+05:30,235.79,235.82,235.79,235.82,11.0
2026-07-20 14:30:00+05:30,236.18,236.29,235.79,235.79,100.0
2026-07-20 14:35:00+05:30,234.91,235.51,234.83,234.83,1309.0
2026-07-20 14:40:00+05:30,235.55,235.55,235.55,235.55,41.0
2026-07-20 14:45:00+05:30,235.55,235.76,235.55,235.76,1000.0
2026-07-20 14:50:00+05:30,236.02,236.05,235.5,235.97,146.0
2026-07-20 14:55:00+05:30,235.97,235.97,235.55,235.78,78.0
2026-07-20 15:00:00+05:30,236.04,236.19,235.05,235.05,1459.0
2026-07-20 15:05:00+05:30,235.05,235.59,235.05,235.59,684.0
2026-07-20 15:10:00+05:30,235.59,235.59,234.91,234.92,352.0
2026-07-20 15:15:00+05:30,235.33,235.5,234.84,235.3,1504.0
2026-07-20 15:20:00+05:30,235.39,235.42,234.86,234.86,2206.0
2026-07-20 15:25:00+05:30,235.56,236.9,234.84,236.9,3042.0
2026-07-21 09:15:00+05:30,235.27,239.88,235.27,237.25,1364.0
2026-07-21 09:20:00+05:30,237.25,237.25,236.66,237.23,234.0
2026-07-21 09:25:00+05:30,237.0,237.93,236.23,237.77,2275.0
2026-07-21 09:30:00+05:30,237.44,237.5,237.02,237.02,214.0
2026-07-21 09:35:00+05:30,237.01,237.01,236.35,236.35,836.0
2026-07-21 09:40:00+05:30,236.42,241.05,236.42,241.05,8996.0
2026-07-21 09:45:00+05:30,240.38,240.54,239.72,239.72,1090.0
2026-07-21 09:50:00+05:30,239.02,239.84,238.61,239.28,807.0
2026-07-21 09:55:00+05:30,239.28,239.28,238.06,238.06,505.0
2026-07-21 10:00:00+05:30,237.68,238.02,237.34,237.86,461.0
2026-07-21 10:05:00+05:30,237.86,238.79,237.86,238.79,328.0
2026-07-21 10:10:00+05:30,237.41,237.41,237.41,237.41,324.0
2026-07-21 10:15:00+05:30,237.41,238.03,237.41,237.82,49.0
2026-07-21 10:20:00+05:30,238.05,239.78,237.79,239.43,2405.0
2026-07-21 10:25:00+05:30,239.87,240.0,239.64,240.0,984.0
2026-07-21 10:30:00+05:30,240.0,241.12,239.3,239.41,4243.0
2026-07-21 10:35:00+05:30,239.41,239.96,239.35,239.78,1206.0
2026-07-21 10:40:00+05:30,239.78,239.78,239.59,239.78,130.0
2026-07-21 10:45:00+05:30,239.96,241.0,239.96,240.3,777.0
2026-07-21 10:50:00+05:30,240.36,240.36,240.08,240.08,118.0
2026-07-21 10:55:00+05:30,240.08,240.5,239.82,240.01,744.0
2026-07-21 11:00:00+05:30,240.06,241.0,239.71,240.51,1689.0
2026-07-21 11:05:00+05:30,240.51,240.58,239.42,240.29,1137.0
2026-07-21 11:10:00+05:30,240.29,241.0,240.29,240.43,122.0
2026-07-21 11:15:00+05:30,240.7,240.9,240.7,240.89,211.0
2026-07-21 11:20:00+05:30,240.89,240.89,240.77,240.77,10.0
2026-07-21 11:25:00+05:30,240.77,240.9,240.77,240.9,120.0
2026-07-21 11:30:00+05:30,240.9,240.9,240.7,240.7,3.0
2026-07-21 11:35:00+05:30,240.7,240.7,240.24,240.31,162.0
2026-07-21 11:40:00+05:30,240.31,240.31,240.31,240.31,0.0
2026-07-21 11:45:00+05:30,240.31,240.31,240.0,240.0,1093.0
2026-07-21 11:50:00+05:30,239.81,239.81,239.81,239.81,46.0
2026-07-21 11:55:00+05:30,239.82,239.82,239.82,239.82,4.0
2026-07-21 12:00:00+05:30,239.82,239.88,239.78,239.88,36.0
2026-07-21 12:05:00+05:30,239.56,239.56,239.56,239.56,410.0
2026-07-21 12:10:00+05:30,240.22,240.22,240.22,240.22,10.0
2026-07-21 12:15:00+05:30,239.56,239.56,239.56,239.56,171.0
2026-07-21 12:20:00+05:30,239.56,239.56,239.56,239.56,0.0
2026-07-21 12:25:00+05:30,239.56,239.98,239.56,239.98,308.0
2026-07-21 12:30:00+05:30,239.98,240.17,239.98,240.17,26.0
2026-07-21 12:35:00+05:30,240.17,240.17,240.17,240.17,10.0
2026-07-21 12:40:00+05:30,239.66,239.66,239.56,239.66,388.0
2026-07-21 12:45:00+05:30,239.66,240.0,239.66,240.0,1.0
2026-07-21 12:50:00+05:30,240.2,240.46,239.56,239.57,388.0
2026-07-21 12:55:00+05:30,239.9,239.9,239.9,239.9,25.0
2026-07-21 13:00:00+05:30,239.5,239.5,239.0,239.0,182.0
2026-07-21 13:05:00+05:30,239.0,239.46,239.0,239.46,5.0
2026-07-21 13:10:00+05:30,239.46,239.56,239.46,239.56,1.0
2026-07-21 13:15:00+05:30,239.56,239.56,239.56,239.56,0.0
2026-07-21 13:20:00+05:30,239.56,239.56,238.81,238.88,213.0
2026-07-21 13:25:00+05:30,238.88,239.0,238.79,239.0,1210.0
2026-07-21 13:30:00+05:30,239.0,239.0,238.0,238.0,1005.0
2026-07-21 13:35:00+05:30,238.0,238.0,238.0,238.0,0.0
2026-07-21 13:40:00+05:30,238.0,239.9,238.0,239.9,450.0
2026-07-21 13:45:00+05:30,238.44,238.44,238.44,238.44,5.0
2026-07-21 13:50:00+05:30,238.44,239.28,238.42,239.28,27.0
2026-07-21 13:55:00+05:30,239.28,239.28,239.28,239.28,0.0
2026-07-21 14:00:00+05:30,239.28,239.28,239.28,239.28,0.0
2026-07-21 14:05:00+05:30,239.28,239.38,239.0,239.38,2.0
2026-07-21 14:10:00+05:30,239.36,239.79,239.36,239.79,525.0
2026-07-21 14:15:00+05:30,239.05,239.05,238.51,238.51,517.0
2026-07-21 14:20:00+05:30,238.51,238.76,238.25,238.25,172.0
2026-07-21 14:25:00+05:30,237.47,238.42,237.47,237.92,4226.0
2026-07-21 14:30:00+05:30,237.92,239.37,237.92,239.37,505.0
2026-07-21 14:35:00+05:30,239.37,239.9,238.63,239.0,1954.0
2026-07-21 14:40:00+05:30,239.0,239.9,238.3,238.3,2807.0
2026-07-21 14:45:00+05:30,238.53,239.08,238.05,238.13,689.0
2026-07-21 14:50:00+05:30,238.12,238.18,238.12,238.14,354.0
2026-07-21 14:55:00+05:30,238.14,238.68,237.88,238.0,867.0
2026-07-21 15:00:00+05:30,238.31,239.04,238.02,238.14,417.0
2026-07-21 15:05:00+05:30,238.51,239.78,238.3,238.83,1283.0
2026-07-21 15:10:00+05:30,239.0,239.54,238.31,238.34,754.0
2026-07-21 15:15:00+05:30,238.73,239.32,238.22,238.91,1147.0
2026-07-21 15:20:00+05:30,239.38,239.38,238.55,238.55,1974.0
2026-07-21 15:25:00+05:30,239.46,239.88,238.12,239.88,1069.0
2026-07-22 09:15:00+05:30,239.01,240.63,237.64,237.64,1465.0
2026-07-22 09:20:00+05:30,237.64,237.64,236.96,237.15,2454.0
2026-07-22 09:25:00+05:30,237.35,237.35,236.01,236.4,590.0
2026-07-22 09:30:00+05:30,236.4,236.4,234.0,235.16,7168.0
2026-07-22 09:35:00+05:30,234.78,236.29,234.78,235.72,1373.0
2026-07-22 09:40:00+05:30,235.61,235.61,235.43,235.5,1148.0
2026-07-22 09:45:00+05:30,235.4,235.4,234.5,234.59,436.0
2026-07-22 09:50:00+05:30,234.75,235.82,234.74,234.74,986.0
2026-07-22 09:55:00+05:30,234.74,234.78,234.15,234.69,239.0
2026-07-22 10:00:00+05:30,234.68,234.69,233.93,234.68,456.0
2026-07-22 10:05:00+05:30,234.92,236.2,234.68,236.2,1426.0
2026-07-22 10:10:00+05:30,236.49,236.49,235.99,236.28,870.0
2026-07-22 10:15:00+05:30,236.28,236.29,235.52,235.52,61.0
2026-07-22 10:20:00+05:30,235.82,236.38,235.82,236.38,2434.0
2026-07-22 10:25:00+05:30,236.02,238.29,235.7,238.29,3930.0
2026-07-22 10:30:00+05:30,238.11,238.11,237.4,237.46,166.0
2026-07-22 10:35:00+05:30,237.46,237.46,237.46,237.46,610.0
2026-07-22 10:40:00+05:30,237.44,237.59,236.77,236.77,397.0
2026-07-22 10:45:00+05:30,236.77,236.77,236.77,236.77,0.0
2026-07-22 10:50:00+05:30,236.77,237.6,236.77,237.6,101.0
2026-07-22 10:55:00+05:30,237.6,237.6,237.6,237.6,0.0
2026-07-22 11:00:00+05:30,237.6,238.0,237.6,238.0,318.0
2026-07-22 11:05:00+05:30,238.0,238.34,238.0,238.34,20.0
2026-07-22 11:10:00+05:30,238.24,238.63,237.38,237.38,1536.0
2026-07-22 11:15:00+05:30,237.38,237.38,236.72,236.72,541.0
2026-07-22 11:20:00+05:30,236.72,238.46,236.72,238.26,100.0
2026-07-22 11:25:00+05:30,238.26,238.26,238.26,238.26,0.0
2026-07-22 11:30:00+05:30,238.26,238.5,238.26,238.5,119.0
2026-07-22 11:35:00+05:30,238.5,238.5,238.5,238.5,0.0
2026-07-22 11:40:00+05:30,238.5,238.5,238.07,238.07,1.0
2026-07-22 11:45:00+05:30,238.38,238.38,238.38,238.38,1.0
2026-07-22 11:50:00+05:30,238.02,238.5,237.32,238.5,1172.0
2026-07-22 11:55:00+05:30,237.9,238.29,237.21,237.82,192.0
2026-07-22 12:00:00+05:30,237.82,238.49,237.4,237.4,283.0
2026-07-22 12:05:00+05:30,237.4,237.4,237.07,237.07,5.0
2026-07-22 12:10:00+05:30,237.07,237.07,237.07,237.07,0.0
2026-07-22 12:15:00+05:30,237.1,237.1,237.1,237.1,25.0
2026-07-22 12:20:00+05:30,237.1,237.1,237.1,237.1,0.0
2026-07-22 12:25:00+05:30,237.1,237.1,237.1,237.1,0.0
2026-07-22 12:30:00+05:30,237.1,237.62,237.1,237.12,2.0
2026-07-22 12:35:00+05:30,237.12,237.12,237.12,237.12,0.0
2026-07-22 12:40:00+05:30,237.12,237.57,237.1,237.49,97.0
2026-07-22 12:45:00+05:30,237.49,237.49,237.24,237.24,16.0
2026-07-22 12:50:00+05:30,237.24,237.24,237.03,237.03,18.0
2026-07-22 12:55:00+05:30,237.03,237.05,237.0,237.0,510.0
2026-07-22 13:00:00+05:30,237.0,237.0,234.68,234.68,4680.0
2026-07-22 13:05:00+05:30,234.68,237.42,234.68,235.64,969.0
2026-07-22 13:10:00+05:30,235.64,236.47,235.64,236.47,24.0
2026-07-22 13:15:00+05:30,236.3,236.3,235.25,235.84,1321.0
2026-07-22 13:20:00+05:30,235.84,235.84,235.41,235.41,750.0
2026-07-22 13:25:00+05:30,235.41,236.4,235.41,236.4,3.0
2026-07-22 13:30:00+05:30,236.05,236.05,235.5,235.9,628.0
2026-07-22 13:35:00+05:30,235.9,235.9,235.9,235.9,0.0
2026-07-22 13:40:00+05:30,235.9,236.53,235.43,235.43,86.0
2026-07-22 13:45:00+05:30,235.43,236.68,235.43,236.68,200.0
2026-07-22 13:50:00+05:30,236.68,236.68,236.68,236.68,0.0
2026-07-22 13:55:00+05:30,236.68,236.68,236.68,236.68,822.0
2026-07-22 14:00:00+05:30,236.68,236.68,235.81,236.56,112.0
2026-07-22 14:05:00+05:30,235.51,235.51,235.51,235.51,110.0
2026-07-22 14:10:00+05:30,235.55,235.55,235.55,235.55,12.0
2026-07-22 14:15:00+05:30,235.55,235.82,235.55,235.82,130.0
2026-07-22 14:20:00+05:30,235.51,236.66,235.21,235.21,801.0
2026-07-22 14:25:00+05:30,235.21,235.76,235.06,235.06,324.0
2026-07-22 14:30:00+05:30,235.06,236.38,235.06,235.07,626.0
2026-07-22 14:35:00+05:30,234.7,234.73,234.48,234.54,269.0
2026-07-22 14:40:00+05:30,234.54,235.13,234.51,234.51,144.0
2026-07-22 14:45:00+05:30,234.6,235.35,234.53,234.84,177.0
2026-07-22 14:50:00+05:30,235.0,235.0,234.63,234.75,147.0
2026-07-22 14:55:00+05:30,234.8,236.0,234.71,236.0,1304.0
2026-07-22 15:00:00+05:30,236.03,238.49,235.22,237.18,5513.0
2026-07-22 15:05:00+05:30,237.22,237.43,236.92,236.96,387.0
2026-07-22 15:10:00+05:30,237.1,237.85,237.01,237.05,1447.0
2026-07-22 15:15:00+05:30,237.05,237.64,237.05,237.5,450.0
2026-07-22 15:20:00+05:30,237.59,237.59,237.31,237.31,467.0
2026-07-22 15:25:00+05:30,237.45,238.5,237.32,238.5,1928.0
2026-07-23 09:15:00+05:30,239.1,239.1,235.5,236.98,1393.0
2026-07-23 09:20:00+05:30,236.98,236.98,236.49,236.49,47.0
2026-07-23 09:25:00+05:30,236.22,236.22,235.85,236.0,1013.0
2026-07-23 09:30:00+05:30,236.0,236.5,236.0,236.5,50.0
2026-07-23 09:35:00+05:30,235.95,236.02,235.94,235.94,824.0
2026-07-23 09:40:00+05:30,235.94,235.94,235.76,235.76,91.0
2026-07-23 09:45:00+05:30,235.89,236.38,235.4,236.38,441.0
2026-07-23 09:50:00+05:30,236.38,236.38,236.18,236.18,9.0
2026-07-23 09:55:00+05:30,235.65,236.18,235.65,236.18,46.0
2026-07-23 10:00:00+05:30,236.18,236.84,236.14,236.84,123.0
2026-07-23 10:05:00+05:30,236.84,238.19,236.79,237.58,1558.0
2026-07-23 10:10:00+05:30,237.58,237.58,237.5,237.5,115.0
2026-07-23 10:15:00+05:30,237.5,237.5,237.5,237.5,84.0
2026-07-23 10:20:00+05:30,237.5,237.5,237.5,237.5,600.0
2026-07-23 10:25:00+05:30,237.5,237.71,237.5,237.71,626.0
2026-07-23 10:30:00+05:30,237.71,237.71,237.5,237.5,450.0
2026-07-23 10:35:00+05:30,237.5,237.5,237.02,237.02,186.0
2026-07-23 10:40:00+05:30,237.07,237.42,237.07,237.42,80.0
2026-07-23 10:45:00+05:30,237.42,237.42,237.42,237.42,0.0
2026-07-23 10:50:00+05:30,237.42,237.42,237.42,237.42,0.0
2026-07-23 10:55:00+05:30,237.42,237.42,237.42,237.42,0.0
2026-07-23 11:00:00+05:30,237.42,237.42,237.26,237.26,23.0
2026-07-23 11:05:00+05:30,237.26,237.26,237.26,237.26,0.0
2026-07-23 11:10:00+05:30,237.26,237.73,237.26,237.73,100.0
2026-07-23 11:15:00+05:30,237.73,237.73,237.19,237.57,74.0
2026-07-23 11:20:00+05:30,237.57,237.67,237.1,237.1,247.0
2026-07-23 11:25:00+05:30,237.1,237.62,237.1,237.62,50.0
2026-07-23 11:30:00+05:30,237.62,237.64,237.35,237.64,40.0
2026-07-23 11:35:00+05:30,237.37,237.62,236.43,237.54,529.0
2026-07-23 11:40:00+05:30,237.54,237.54,236.11,236.6,643.0
2026-07-23 11:45:00+05:30,236.48,236.8,236.11,236.8,170.0
2026-07-23 11:50:00+05:30,236.8,236.8,236.8,236.8,0.0
2026-07-23 11:55:00+05:30,236.8,236.8,236.8,236.8,0.0
2026-07-23 12:00:00+05:30,235.96,235.96,235.21,235.96,1033.0
2026-07-23 12:05:00+05:30,236.17,236.45,236.1,236.22,66.0
2026-07-23 12:10:00+05:30,236.13,236.17,236.13,236.17,379.0
2026-07-23 12:15:00+05:30,235.9,235.9,235.0,235.49,1691.0
2026-07-23 12:20:00+05:30,235.77,236.0,235.0,235.0,522.0
2026-07-23 12:25:00+05:30,236.08,236.39,236.08,236.39,134.0
2026-07-23 12:30:00+05:30,236.39,236.39,236.39,236.39,0.0
2026-07-23 12:35:00+05:30,236.39,236.39,235.96,235.96,5.0
2026-07-23 12:40:00+05:30,235.96,235.96,235.96,235.96,139.0
2026-07-23 12:45:00+05:30,235.96,235.96,235.05,235.05,43.0
2026-07-23 12:50:00+05:30,235.05,235.38,235.05,235.38,2.0
2026-07-23 12:55:00+05:30,235.38,235.38,235.38,235.38,0.0
2026-07-23 13:00:00+05:30,235.38,235.38,235.38,235.38,0.0
2026-07-23 13:05:00+05:30,235.01,235.01,234.57,234.57,31.0
2026-07-23 13:10:00+05:30,234.57,234.57,232.53,233.65,2101.0
2026-07-23 13:15:00+05:30,233.71,235.0,232.71,235.0,1128.0
2026-07-23 13:20:00+05:30,234.01,234.9,234.01,234.9,51.0
2026-07-23 13:25:00+05:30,234.9,234.9,234.01,234.01,42.0
2026-07-23 13:30:00+05:30,233.71,234.53,233.26,234.53,275.0
2026-07-23 13:35:00+05:30,234.56,234.56,234.02,234.02,35.0
2026-07-23 13:40:00+05:30,234.02,234.02,234.0,234.0,77.0
2026-07-23 13:45:00+05:30,234.0,234.75,233.41,233.41,375.0
2026-07-23 13:50:00+05:30,234.54,234.57,233.9,234.57,116.0
2026-07-23 13:55:00+05:30,234.75,234.88,234.75,234.88,19.0
2026-07-23 14:00:00+05:30,234.88,234.88,234.6,234.6,55.0
2026-07-23 14:05:00+05:30,234.6,234.61,234.06,234.06,62.0
2026-07-23 14:10:00+05:30,234.01,234.05,234.01,234.05,56.0
2026-07-23 14:15:00+05:30,234.55,234.55,234.05,234.3,157.0
2026-07-23 14:20:00+05:30,234.3,234.3,234.05,234.05,1272.0
2026-07-23 14:25:00+05:30,234.05,234.05,234.05,234.05,56.0
2026-07-23 14:30:00+05:30,234.1,234.6,233.79,233.79,533.0
2026-07-23 14:35:00+05:30,233.79,234.59,233.62,234.59,112.0
2026-07-23 14:40:00+05:30,234.59,234.59,234.59,234.59,5.0
2026-07-23 14:45:00+05:30,234.54,234.54,234.03,234.03,227.0
2026-07-23 14:50:00+05:30,234.03,234.6,234.03,234.6,10.0
2026-07-23 14:55:00+05:30,234.6,235.48,234.6,235.45,581.0
2026-07-23 15:00:00+05:30,235.36,235.48,234.0,234.67,926.0
2026-07-23 15:05:00+05:30,234.5,235.84,234.0,234.33,2005.0
2026-07-23 15:10:00+05:30,234.33,234.89,234.0,234.85,881.0
2026-07-23 15:15:00+05:30,234.8,234.8,234.12,234.52,270.0
2026-07-23 15:20:00+05:30,234.52,234.52,232.0,232.98,8107.0
2026-07-23 15:25:00+05:30,233.9,234.25,232.5,232.5,1918.0
2026-07-24 09:15:00+05:30,231.45,232.49,230.6,231.83,1207.0
2026-07-24 09:20:00+05:30,232.29,232.62,230.11,231.24,1821.0
2026-07-24 09:25:00+05:30,231.23,231.23,230.58,230.99,138.0
2026-07-24 09:30:00+05:30,231.09,231.86,230.62,231.72,370.0
2026-07-24 09:35:00+05:30,231.72,231.72,230.2,230.2,69.0
2026-07-24 09:40:00+05:30,230.55,230.96,230.06,230.65,393.0
2026-07-24 09:45:00+05:30,230.65,230.66,229.23,229.96,792.0
2026-07-24 09:50:00+05:30,229.96,230.54,229.96,230.49,169.0
2026-07-24 09:55:00+05:30,230.15,230.15,229.59,229.84,224.0
2026-07-24 10:00:00+05:30,230.3,230.3,229.7,229.7,225.0
2026-07-24 10:05:00+05:30,229.35,229.78,229.35,229.43,150.0
2026-07-24 10:10:00+05:30,229.43,230.09,229.21,229.29,530.0
2026-07-24 10:15:00+05:30,229.29,229.68,229.01,229.02,140.0
2026-07-24 10:20:00+05:30,229.01,229.41,229.0,229.0,398.0
2026-07-24 10:25:00+05:30,229.0,229.68,229.0,229.59,142.0
2026-07-24 10:30:00+05:30,229.04,229.41,229.02,229.03,43.0
2026-07-24 10:35:00+05:30,229.02,229.9,229.0,229.9,516.0
2026-07-24 10:40:00+05:30,230.35,230.52,226.37,229.02,6484.0
2026-07-24 10:45:00+05:30,229.02,229.15,228.4,229.15,238.0
2026-07-24 10:50:00+05:30,229.54,229.54,228.0,228.0,594.0
2026-07-24 10:55:00+05:30,227.43,229.0,227.43,228.48,1559.0
2026-07-24 11:00:00+05:30,228.48,229.07,228.48,229.07,162.0
2026-07-24 11:05:00+05:30,228.94,228.95,228.88,228.88,50.0
2026-07-24 11:10:00+05:30,228.88,229.05,228.88,228.89,74.0
2026-07-24 11:15:00+05:30,228.88,229.05,228.48,229.05,223.0
2026-07-24 11:20:00+05:30,229.38,230.13,229.38,230.13,487.0
2026-07-24 11:25:00+05:30,230.32,230.63,230.0,230.63,121.0
2026-07-24 11:30:00+05:30,230.63,230.63,230.16,230.16,104.0
2026-07-24 11:35:00+05:30,230.16,230.45,230.16,230.45,5.0
2026-07-24 11:40:00+05:30,230.45,230.57,230.45,230.57,59.0
2026-07-24 11:45:00+05:30,230.57,232.48,230.57,231.34,948.0
2026-07-24 11:50:00+05:30,231.34,232.18,231.34,232.18,430.0
2026-07-24 11:55:00+05:30,232.18,232.18,232.18,232.18,0.0
2026-07-24 12:00:00+05:30,231.98,231.98,231.38,231.38,514.0
2026-07-24 12:05:00+05:30,231.38,231.88,231.38,231.88,20.0
2026-07-24 12:10:00+05:30,231.88,231.88,231.73,231.73,9.0
2026-07-24 12:15:00+05:30,231.73,231.73,231.35,231.35,1.0
2026-07-24 12:20:00+05:30,231.35,231.59,231.35,231.59,1.0
2026-07-24 12:25:00+05:30,231.59,232.1,231.59,232.1,105.0
2026-07-24 12:30:00+05:30,232.1,232.32,232.1,232.32,91.0
2026-07-24 12:35:00+05:30,232.32,232.32,232.0,232.3,91.0
2026-07-24 12:40:00+05:30,232.3,232.3,231.0,231.98,105.0
2026-07-24 12:45:00+05:30,231.98,231.98,231.86,231.86,4.0
2026-07-24 12:50:00+05:30,231.86,231.86,231.86,231.86,0.0
2026-07-24 12:55:00+05:30,231.86,231.86,230.53,231.85,334.0
2026-07-24 13:00:00+05:30,231.85,231.85,231.8,231.8,201.0
2026-07-24 13:05:00+05:30,231.8,231.8,231.8,231.8,0.0
2026-07-24 13:10:00+05:30,231.8,231.83,231.8,231.81,545.0
2026-07-24 13:15:00+05:30,231.85,232.5,231.85,232.36,406.0
2026-07-24 13:20:00+05:30,232.36,232.36,231.82,231.82,22.0
2026-07-24 13:25:00+05:30,231.82,231.82,231.82,231.82,0.0
2026-07-24 13:30:00+05:30,232.28,233.0,231.82,232.63,1719.0
2026-07-24 13:35:00+05:30,232.63,234.29,232.35,234.29,2143.0
2026-07-24 13:40:00+05:30,234.29,234.56,232.69,232.69,1204.0
2026-07-24 13:45:00+05:30,232.21,232.21,232.21,232.21,150.0
2026-07-24 13:50:00+05:30,232.21,233.4,232.21,232.61,265.0
2026-07-24 13:55:00+05:30,232.61,232.61,232.61,232.61,0.0
2026-07-24 14:00:00+05:30,232.61,233.35,232.61,232.77,139.0
2026-07-24 14:05:00+05:30,232.77,232.77,232.77,232.77,0.0
2026-07-24 14:10:00+05:30,233.5,234.5,233.5,234.43,1100.0
2026-07-24 14:15:00+05:30,234.43,234.43,234.43,234.43,0.0
2026-07-24 14:20:00+05:30,234.43,234.43,234.43,234.43,0.0
2026-07-24 14:25:00+05:30,234.43,234.43,233.02,233.47,655.0
2026-07-24 14:30:00+05:30,233.47,233.84,233.44,233.84,28.0
2026-07-24 14:35:00+05:30,233.84,234.25,233.72,234.25,127.0
2026-07-24 14:40:00+05:30,234.59,236.0,234.12,236.0,547.0
2026-07-24 14:45:00+05:30,236.19,237.49,235.52,237.38,2262.0
2026-07-24 14:50:00+05:30,237.38,237.38,235.09,235.09,1286.0
2026-07-24 14:55:00+05:30,234.05,235.01,234.05,235.01,1893.0
2026-07-24 15:00:00+05:30,235.19,235.27,234.96,235.2,446.0
2026-07-24 15:05:00+05:30,235.18,236.5,235.0,235.0,1864.0
2026-07-24 15:10:00+05:30,235.0,235.62,234.52,235.12,2162.0
2026-07-24 15:15:00+05:30,235.3,235.3,233.0,233.28,1870.0
2026-07-24 15:20:00+05:30,233.83,233.88,230.49,231.0,13716.0
2026-07-24 15:25:00+05:30,231.06,232.5,230.01,232.5,17148.0
2026-07-27 09:15:00+05:30,239.9,239.9,233.16,236.91,6210.0
2026-07-27 09:20:00+05:30,236.39,238.49,236.2,237.6,4452.0
2026-07-27 09:25:00+05:30,237.21,238.5,237.18,238.0,2594.0
2026-07-27 09:30:00+05:30,238.18,239.0,237.64,238.48,3165.0
2026-07-27 09:35:00+05:30,238.48,239.47,238.48,239.47,1517.0
2026-07-27 09:40:00+05:30,239.67,240.0,238.58,240.0,1486.0
2026-07-27 09:45:00+05:30,238.71,239.09,238.57,239.09,177.0
2026-07-27 09:50:00+05:30,238.7,238.71,237.32,237.5,1121.0
2026-07-27 09:55:00+05:30,237.5,237.5,237.26,237.26,122.0
2026-07-27 10:00:00+05:30,237.5,237.5,237.5,237.5,92.0
2026-07-27 10:05:00+05:30,237.5,237.5,237.18,237.18,325.0
2026-07-27 10:10:00+05:30,237.0,237.23,236.76,237.23,248.0
2026-07-27 10:15:00+05:30,237.23,237.23,236.13,236.13,503.0
2026-07-27 10:20:00+05:30,236.13,236.77,236.13,236.19,467.0
2026-07-27 10:25:00+05:30,236.0,236.19,235.01,235.01,1660.0
2026-07-27 10:30:00+05:30,235.0,235.31,234.02,234.02,1518.0
2026-07-27 10:35:00+05:30,234.3,235.38,232.35,233.04,7683.0
2026-07-27 10:40:00+05:30,234.02,234.09,232.85,232.85,1354.0
2026-07-27 10:45:00+05:30,233.05,233.56,232.65,232.98,2483.0
2026-07-27 10:50:00+05:30,232.6,233.17,232.34,233.09,1167.0
2026-07-27 10:55:00+05:30,232.34,233.27,232.1,232.31,900.0
2026-07-27 11:00:00+05:30,232.93,232.97,232.25,232.25,1049.0
2026-07-27 11:05:00+05:30,232.25,232.62,232.25,232.31,1077.0
2026-07-27 11:10:00+05:30,232.33,232.94,232.25,232.25,1092.0
2026-07-27 11:15:00+05:30,232.25,232.28,231.28,231.56,5330.0
2026-07-27 11:20:00+05:30,231.57,232.32,231.55,231.55,914.0
2026-07-27 11:25:00+05:30,231.74,231.87,231.74,231.75,818.0
2026-07-27 11:30:00+05:30,232.01,232.17,231.74,232.17,900.0
2026-07-27 11:35:00+05:30,232.24,232.24,231.77,231.9,880.0
2026-07-27 11:40:00+05:30,232.02,232.43,231.69,232.0,1778.0
2026-07-27 11:45:00+05:30,232.09,232.78,231.8,232.49,1520.0
2026-07-27 11:50:00+05:30,232.18,232.18,231.55,231.55,3091.0
2026-07-27 11:55:00+05:30,231.58,231.63,231.12,231.63,1165.0
2026-07-27 12:00:00+05:30,232.08,233.13,232.08,232.48,573.0
2026-07-27 12:05:00+05:30,232.48,233.46,232.48,233.06,221.0
2026-07-27 12:10:00+05:30,232.41,233.03,232.41,233.0,172.0
2026-07-27 12:15:00+05:30,233.0,233.01,233.0,233.01,1.0
2026-07-27 12:20:00+05:30,233.01,233.02,232.7,232.88,186.0
2026-07-27 12:25:00+05:30,232.88,233.0,232.88,233.0,200.0
2026-07-27 12:30:00+05:30,233.0,233.0,232.53,232.53,33.0
2026-07-27 12:35:00+05:30,232.2,232.54,232.2,232.53,43.0
2026-07-27 12:40:00+05:30,232.53,232.53,232.53,232.53,0.0
2026-07-27 12:45:00+05:30,232.53,232.96,232.5,232.8,907.0
2026-07-27 12:50:00+05:30,234.97,234.97,234.01,234.01,3063.0
2026-07-27 12:55:00+05:30,233.88,234.4,233.88,234.4,109.0
2026-07-27 13:00:00+05:30,234.4,234.4,234.03,234.03,250.0
2026-07-27 13:05:00+05:30,234.44,234.44,234.44,234.44,3.0
2026-07-27 13:10:00+05:30,234.44,234.44,234.44,234.44,0.0
2026-07-27 13:15:00+05:30,234.44,234.44,234.04,234.04,11.0
2026-07-27 13:20:00+05:30,234.04,234.04,234.04,234.04,0.0
2026-07-27 13:25:00+05:30,233.55,234.0,233.55,234.0,741.0
2026-07-27 13:30:00+05:30,234.0,234.0,234.0,234.0,0.0
2026-07-27 13:35:00+05:30,233.95,233.95,233.71,233.71,137.0
2026-07-27 13:40:00+05:30,233.71,233.71,233.71,233.71,22.0
2026-07-27 13:45:00+05:30,233.55,233.79,233.55,233.79,51.0
2026-07-27 13:50:00+05:30,233.79,233.79,233.55,233.55,39.0
2026-07-27 13:55:00+05:30,233.78,233.78,233.78,233.78,40.0
2026-07-27 14:00:00+05:30,233.78,233.78,233.78,233.78,0.0
2026-07-27 14:05:00+05:30,233.78,233.8,233.55,233.8,2296.0
2026-07-27 14:10:00+05:30,233.8,234.0,233.61,234.0,645.0
2026-07-27 14:15:00+05:30,233.83,233.83,233.83,233.83,244.0
2026-07-27 14:20:00+05:30,233.58,233.58,233.55,233.55,427.0
2026-07-27 14:25:00+05:30,233.85,233.85,233.57,233.57,27.0
2026-07-27 14:30:00+05:30,233.57,233.95,233.55,233.94,150.0
2026-07-27 14:35:00+05:30,233.94,233.94,233.55,233.55,305.0
2026-07-27 14:40:00+05:30,233.94,233.94,233.55,233.91,1092.0
2026-07-27 14:45:00+05:30,233.91,234.0,233.55,233.55,824.0
2026-07-27 14:50:00+05:30,233.55,234.5,233.55,234.31,65.0
2026-07-27 14:55:00+05:30,234.38,234.38,234.0,234.0,117.0
2026-07-27 15:00:00+05:30,234.04,234.38,233.87,234.38,828.0
2026-07-27 15:05:00+05:30,233.85,234.1,233.75,233.79,57.0
2026-07-27 15:10:00+05:30,233.76,234.25,233.76,234.1,1391.0
2026-07-27 15:15:00+05:30,234.25,234.25,233.55,233.83,2241.0
2026-07-27 15:20:00+05:30,233.78,233.86,233.6,233.8,1978.0
2026-07-27 15:25:00+05:30,233.82,233.93,232.1,232.31,2326.0
2026-07-28 09:15:00+05:30,232.62,233.47,232.35,232.35,286.0
2026-07-28 09:20:00+05:30,233.55,233.55,232.06,232.06,1465.0
2026-07-28 09:25:00+05:30,232.06,232.96,232.06,232.96,260.0
2026-07-28 09:30:00+05:30,232.96,232.98,232.0,232.0,915.0
2026-07-28 09:35:00+05:30,232.03,232.86,232.03,232.77,261.0
2026-07-28 09:40:00+05:30,232.5,232.79,232.28,232.6,472.0
2026-07-28 09:45:00+05:30,232.6,232.6,232.06,232.06,161.0
2026-07-28 09:50:00+05:30,232.0,235.0,232.0,233.52,2869.0
2026-07-28 09:55:00+05:30,233.52,233.52,233.28,233.28,23.0
2026-07-28 10:00:00+05:30,233.1,233.1,232.22,232.22,15.0
2026-07-28 10:05:00+05:30,232.01,232.35,232.0,232.0,53.0
2026-07-28 10:10:00+05:30,231.8,232.0,231.8,231.8,1208.0
2026-07-28 10:15:00+05:30,231.8,232.81,231.8,232.81,20.0
2026-07-28 10:20:00+05:30,232.81,232.84,232.48,232.48,235.0
2026-07-28 10:25:00+05:30,232.1,232.92,232.04,232.46,321.0
2026-07-28 10:30:00+05:30,232.46,232.46,232.42,232.42,2.0
2026-07-28 10:35:00+05:30,232.42,232.42,232.42,232.42,892.0
2026-07-28 10:40:00+05:30,232.01,232.46,232.0,232.46,99.0
2026-07-28 10:45:00+05:30,232.46,232.47,231.2,231.84,1253.0
2026-07-28 10:50:00+05:30,231.84,232.06,231.84,232.06,35.0
2026-07-28 10:55:00+05:30,232.06,232.07,231.62,231.62,25.0
2026-07-28 11:00:00+05:30,231.62,232.11,231.62,232.11,28.0
2026-07-28 11:05:00+05:30,232.11,232.11,232.11,232.11,0.0
2026-07-28 11:10:00+05:30,232.11,232.11,230.0,231.86,3566.0
2026-07-28 11:15:00+05:30,231.86,231.86,231.23,231.53,39.0
2026-07-28 11:20:00+05:30,231.53,231.53,231.5,231.5,2.0
2026-07-28 11:25:00+05:30,231.5,231.5,231.03,231.03,30.0
2026-07-28 11:30:00+05:30,231.03,231.03,231.03,231.03,0.0
2026-07-28 11:35:00+05:30,231.03,231.5,231.03,231.5,99.0
2026-07-28 11:40:00+05:30,231.5,231.5,231.05,231.05,273.0
2026-07-28 11:45:00+05:30,231.64,231.64,231.62,231.62,150.0
2026-07-28 11:50:00+05:30,231.62,231.62,231.62,231.62,0.0
2026-07-28 11:55:00+05:30,231.17,231.26,231.17,231.26,11.0
2026-07-28 12:00:00+05:30,231.26,231.3,231.26,231.3,3.0
2026-07-28 12:05:00+05:30,231.3,231.59,231.3,231.54,52.0
2026-07-28 12:10:00+05:30,231.16,231.16,231.16,231.16,3.0
2026-07-28 12:15:00+05:30,231.16,231.4,231.16,231.4,10.0
2026-07-28 12:20:00+05:30,231.3,231.3,230.96,230.96,593.0
2026-07-28 12:25:00+05:30,230.96,231.62,230.96,231.62,100.0
2026-07-28 12:30:00+05:30,231.05,231.62,231.05,231.62,2.0
2026-07-28 12:35:00+05:30,231.03,231.03,231.03,231.03,25.0
2026-07-28 12:40:00+05:30,231.03,231.03,231.03,231.03,60.0
2026-07-28 12:45:00+05:30,231.03,231.57,231.03,231.57,10.0
2026-07-28 12:50:00+05:30,231.57,231.59,231.57,231.59,11.0
2026-07-28 12:55:00+05:30,231.05,231.56,231.05,231.56,62.0
2026-07-28 13:00:00+05:30,231.62,231.62,231.11,231.59,233.0
2026-07-28 13:05:00+05:30,231.59,231.59,231.59,231.59,0.0
2026-07-28 13:10:00+05:30,231.59,231.59,231.0,231.0,673.0
2026-07-28 13:15:00+05:30,231.0,231.0,231.0,231.0,60.0
2026-07-28 13:20:00+05:30,231.0,231.2,231.0,231.2,537.0
2026-07-28 13:25:00+05:30,231.49,231.49,231.49,231.49,10.0
2026-07-28 13:30:00+05:30,231.49,231.49,231.49,231.49,0.0
2026-07-28 13:35:00+05:30,231.55,231.55,231.55,231.55,109.0
2026-07-28 13:40:00+05:30,231.6,231.6,231.59,231.59,50.0
2026-07-28 13:45:00+05:30,231.59,231.59,230.71,230.71,51.0
2026-07-28 13:50:00+05:30,230.71,230.71,230.71,230.71,0.0
2026-07-28 13:55:00+05:30,230.71,230.71,230.71,230.71,0.0
2026-07-28 14:00:00+05:30,230.71,230.77,230.71,230.77,30.0
2026-07-28 14:05:00+05:30,230.77,230.77,230.77,230.77,0.0
2026-07-28 14:10:00+05:30,230.77,231.4,230.77,230.91,13.0
2026-07-28 14:15:00+05:30,231.13,231.13,231.13,231.13,142.0
2026-07-28 14:20:00+05:30,231.13,231.35,231.13,231.14,13.0
2026-07-28 14:25:00+05:30,231.14,231.14,230.51,230.51,190.0
2026-07-28 14:30:00+05:30,230.5,230.5,230.0,230.0,509.0
2026-07-28 14:35:00+05:30,230.0,230.59,230.0,230.07,690.0
2026-07-28 14:40:00+05:30,230.09,230.29,230.0,230.0,474.0
2026-07-28 14:45:00+05:30,230.0,230.05,229.2,229.2,1057.0
2026-07-28 14:50:00+05:30,229.2,229.71,229.0,229.0,471.0
2026-07-28 14:55:00+05:30,229.7,229.7,228.42,228.42,1028.0
2026-07-28 15:00:00+05:30,229.45,229.66,228.68,229.32,823.0
2026-07-28 15:05:00+05:30,229.48,230.06,228.6,228.6,696.0
2026-07-28 15:10:00+05:30,228.6,229.85,228.5,229.69,1350.0
2026-07-28 15:15:00+05:30,229.87,229.89,228.5,229.25,984.0
2026-07-28 15:20:00+05:30,228.67,229.21,228.5,229.0,1375.0
2026-07-28 15:25:00+05:30,228.99,229.48,228.1,229.48,1538.0
2026-07-29 09:15:00+05:30,229.6,231.4,229.6,231.4,1170.0
2026-07-29 09:20:00+05:30,231.4,231.46,230.23,230.52,722.0
2026-07-29 09:25:00+05:30,230.72,231.6,230.55,231.21,1883.0
2026-07-29 09:30:00+05:30,231.21,231.7,230.6,231.7,595.0
2026-07-29 09:35:00+05:30,231.26,231.79,229.91,231.79,470.0
2026-07-29 09:40:00+05:30,231.79,231.79,231.19,231.19,59.0
2026-07-29 09:45:00+05:30,231.42,233.36,231.42,232.54,987.0
2026-07-29 09:50:00+05:30,232.34,232.46,231.42,231.84,345.0
2026-07-29 09:55:00+05:30,231.84,231.84,231.44,231.44,50.0
2026-07-29 10:00:00+05:30,232.6,235.0,232.6,233.04,4445.0
2026-07-29 10:05:00+05:30,233.04,233.15,232.41,232.41,575.0
2026-07-29 10:10:00+05:30,232.98,232.98,232.39,232.82,215.0
2026-07-29 10:15:00+05:30,232.82,233.99,232.82,233.99,274.0
2026-07-29 10:20:00+05:30,233.66,233.86,232.26,233.3,1893.0
2026-07-29 10:25:00+05:30,233.3,233.45,232.66,233.01,171.0
2026-07-29 10:30:00+05:30,232.82,232.82,232.55,232.59,22.0
2026-07-29 10:35:00+05:30,232.59,232.59,232.59,232.59,0.0
2026-07-29 10:40:00+05:30,232.59,233.38,232.59,233.38,250.0
2026-07-29 10:45:00+05:30,233.35,233.35,232.86,232.89,112.0
2026-07-29 10:50:00+05:30,233.01,233.3,232.87,233.28,118.0
2026-07-29 10:55:00+05:30,233.02,233.67,232.88,232.88,529.0
2026-07-29 11:00:00+05:30,232.88,233.13,232.79,233.13,149.0
2026-07-29 11:05:00+05:30,233.13,233.13,233.13,233.13,0.0
2026-07-29 11:10:00+05:30,232.82,232.82,232.82,232.82,3.0
2026-07-29 11:15:00+05:30,233.57,233.57,233.03,233.03,143.0
2026-07-29 11:20:00+05:30,233.28,233.28,233.28,233.28,9.0
2026-07-29 11:25:00+05:30,233.28,233.28,232.3,232.61,302.0
2026-07-29 11:30:00+05:30,232.14,232.23,232.14,232.23,19.0
2026-07-29 11:35:00+05:30,232.23,232.23,232.23,232.23,0.0
2026-07-29 11:40:00+05:30,232.23,232.23,231.98,231.98,505.0
2026-07-29 11:45:00+05:30,231.98,232.22,231.98,232.19,56.0
2026-07-29 11:50:00+05:30,232.19,232.79,232.19,232.79,18.0
2026-07-29 11:55:00+05:30,232.79,232.82,232.4,232.4,11.0
2026-07-29 12:00:00+05:30,232.4,232.4,232.4,232.4,0.0
2026-07-29 12:05:00+05:30,233.38,233.38,233.38,233.38,237.0
2026-07-29 12:10:00+05:30,233.38,233.38,233.38,233.38,0.0
2026-07-29 12:15:00+05:30,233.38,233.38,232.45,232.45,16.0
2026-07-29 12:20:00+05:30,232.41,233.33,232.41,233.33,100.0
2026-07-29 12:25:00+05:30,233.33,233.33,233.33,233.33,0.0
2026-07-29 12:30:00+05:30,233.33,233.35,233.33,233.35,100.0
2026-07-29 12:35:00+05:30,233.35,233.35,232.53,232.62,80.0
2026-07-29 12:40:00+05:30,232.62,233.0,232.62,233.0,100.0
2026-07-29 12:45:00+05:30,233.0,233.0,233.0,233.0,0.0
2026-07-29 12:50:00+05:30,232.27,232.27,232.27,232.27,47.0
2026-07-29 12:55:00+05:30,232.27,232.27,232.27,232.27,0.0
2026-07-29 13:00:00+05:30,232.27,232.27,232.27,232.27,0.0
2026-07-29 13:05:00+05:30,232.27,233.39,232.27,232.67,230.0
2026-07-29 13:10:00+05:30,232.67,232.67,232.67,232.67,0.0
2026-07-29 13:15:00+05:30,232.67,232.67,232.67,232.67,0.0
2026-07-29 13:20:00+05:30,232.67,232.67,232.67,232.67,0.0
2026-07-29 13:25:00+05:30,232.66,232.66,232.66,232.66,100.0
2026-07-29 13:30:00+05:30,232.66,232.66,232.66,232.66,0.0
2026-07-29 13:35:00+05:30,232.66,233.35,232.66,233.35,56.0
2026-07-29 13:40:00+05:30,233.35,233.99,232.72,233.99,590.0
2026-07-29 13:45:00+05:30,233.99,233.99,233.99,233.99,0.0
2026-07-29 13:50:00+05:30,232.83,232.83,232.74,232.74,793.0
2026-07-29 13:55:00+05:30,232.74,232.74,232.74,232.74,0.0
2026-07-29 14:00:00+05:30,232.74,232.74,232.61,232.61,31.0
2026-07-29 14:05:00+05:30,232.61,232.74,232.61,232.74,66.0
2026-07-29 14:10:00+05:30,232.74,233.78,232.66,232.66,665.0
2026-07-29 14:15:00+05:30,233.32,233.35,233.32,233.35,175.0
2026-07-29 14:20:00+05:30,233.35,233.35,233.35,233.35,0.0
2026-07-29 14:25:00+05:30,233.45,233.6,233.45,233.6,17.0
2026-07-29 14:30:00+05:30,233.6,233.6,233.31,233.6,96.0
2026-07-29 14:35:00+05:30,233.6,233.6,233.6,233.6,0.0
2026-07-29 14:40:00+05:30,233.0,233.0,233.0,233.0,27.0
2026-07-29 14:45:00+05:30,233.0,233.0,232.99,233.0,163.0
2026-07-29 14:50:00+05:30,233.0,233.94,233.0,233.94,120.0
2026-07-29 14:55:00+05:30,233.95,233.95,233.1,233.1,310.0
2026-07-29 15:00:00+05:30,233.1,233.61,232.59,232.59,465.0
2026-07-29 15:05:00+05:30,232.59,233.32,231.14,232.0,3157.0
2026-07-29 15:10:00+05:30,231.91,232.93,231.17,231.5,2829.0
2026-07-29 15:15:00+05:30,231.61,232.14,231.4,231.65,464.0
2026-07-29 15:20:00+05:30,231.4,232.0,231.28,231.94,2070.0
2026-07-29 15:25:00+05:30,231.96,232.6,231.5,232.6,2320.0
2026-07-30 09:15:00+05:30,231.88,231.88,230.62,231.23,49.0
2026-07-30 09:20:00+05:30,231.01,232.68,230.16,232.0,1797.0
2026-07-30 09:25:00+05:30,232.01,232.8,232.01,232.45,751.0
2026-07-30 09:30:00+05:30,235.27,235.27,232.29,233.83,13858.0
2026-07-30 09:35:00+05:30,233.83,234.73,233.62,233.83,1887.0
2026-07-30 09:40:00+05:30,233.82,233.87,233.11,233.11,1131.0
2026-07-30 09:45:00+05:30,233.11,233.48,233.11,233.48,100.0
2026-07-30 09:50:00+05:30,233.48,234.39,232.88,233.41,2590.0
2026-07-30 09:55:00+05:30,233.49,233.49,232.85,233.1,118.0
2026-07-30 10:00:00+05:30,233.1,233.1,232.58,232.96,33.0
2026-07-30 10:05:00+05:30,232.96,233.83,232.96,233.14,570.0
2026-07-30 10:10:00+05:30,232.97,233.08,232.8,232.88,558.0
2026-07-30 10:15:00+05:30,232.88,233.05,232.41,233.05,180.0
2026-07-30 10:20:00+05:30,233.05,233.05,232.73,232.73,155.0
2026-07-30 10:25:00+05:30,232.73,233.19,232.73,233.19,2.0
2026-07-30 10:30:00+05:30,233.19,233.19,232.8,232.8,15.0
2026-07-30 10:35:00+05:30,232.8,233.4,232.66,232.66,689.0
2026-07-30 10:40:00+05:30,232.66,232.68,232.54,232.54,59.0
2026-07-30 10:45:00+05:30,233.36,233.36,233.22,233.22,2.0
2026-07-30 10:50:00+05:30,233.23,233.36,233.23,233.36,7.0
2026-07-30 10:55:00+05:30,233.36,233.61,233.36,233.36,39.0
2026-07-30 11:00:00+05:30,233.36,233.78,233.36,233.78,5.0
2026-07-30 11:05:00+05:30,233.78,233.78,233.29,233.54,453.0
2026-07-30 11:10:00+05:30,233.54,233.54,233.07,233.07,89.0
2026-07-30 11:15:00+05:30,233.07,233.12,233.07,233.12,58.0
2026-07-30 11:20:00+05:30,233.12,233.41,233.12,233.36,126.0
2026-07-30 11:25:00+05:30,233.36,234.07,233.36,234.0,234.0
2026-07-30 11:30:00+05:30,234.0,234.14,233.77,233.77,19.0
2026-07-30 11:35:00+05:30,233.77,233.77,233.77,233.77,0.0
2026-07-30 11:40:00+05:30,234.5,235.0,233.97,234.13,2571.0
2026-07-30 11:45:00+05:30,234.14,234.14,233.66,233.66,603.0
2026-07-30 11:50:00+05:30,233.8,233.8,233.79,233.79,211.0
2026-07-30 11:55:00+05:30,233.79,233.79,233.37,233.37,46.0
2026-07-30 12:00:00+05:30,233.37,233.43,233.37,233.43,61.0
2026-07-30 12:05:00+05:30,233.43,233.43,233.35,233.35,64.0
2026-07-30 12:10:00+05:30,233.35,233.82,233.35,233.39,48.0
2026-07-30 12:15:00+05:30,233.39,233.39,233.0,233.0,634.0
2026-07-30 12:20:00+05:30,232.5,232.88,232.27,232.88,1245.0
2026-07-30 12:25:00+05:30,233.15,233.15,233.15,233.15,73.0
2026-07-30 12:30:00+05:30,233.15,233.22,232.26,233.15,651.0
2026-07-30 12:35:00+05:30,233.09,233.17,233.09,233.17,1607.0
2026-07-30 12:40:00+05:30,233.17,233.17,233.17,233.17,0.0
2026-07-30 12:45:00+05:30,233.17,233.17,232.92,232.92,70.0
2026-07-30 12:50:00+05:30,232.92,233.39,232.92,233.39,375.0
2026-07-30 12:55:00+05:30,233.18,233.62,233.18,233.62,263.0
2026-07-30 13:00:00+05:30,233.62,233.62,233.2,233.27,348.0
2026-07-30 13:05:00+05:30,233.27,233.27,232.79,232.79,77.0
2026-07-30 13:10:00+05:30,233.29,233.29,232.26,232.26,710.0
2026-07-30 13:15:00+05:30,232.26,232.26,232.26,232.26,50.0
2026-07-30 13:20:00+05:30,232.84,233.1,232.6,233.1,411.0
2026-07-30 13:25:00+05:30,233.1,233.14,232.52,232.96,360.0
2026-07-30 13:30:00+05:30,232.96,232.96,232.78,232.78,102.0
2026-07-30 13:35:00+05:30,232.78,232.78,232.61,232.61,9.0
2026-07-30 13:40:00+05:30,232.61,232.61,232.51,232.61,96.0
2026-07-30 13:45:00+05:30,232.61,232.61,232.61,232.61,14.0
2026-07-30 13:50:00+05:30,232.61,232.61,232.61,232.61,0.0
2026-07-30 13:55:00+05:30,232.61,232.61,232.61,232.61,0.0
2026-07-30 14:00:00+05:30,232.61,232.61,232.61,232.61,0.0
2026-07-30 14:05:00+05:30,232.61,232.61,232.26,232.42,111.0
2026-07-30 14:10:00+05:30,232.42,232.42,232.42,232.42,0.0
2026-07-30 14:15:00+05:30,232.39,232.39,231.93,231.93,1921.0
2026-07-30 14:20:00+05:30,231.93,232.05,231.93,232.05,26.0
2026-07-30 14:25:00+05:30,232.0,232.0,231.94,231.94,39.0
2026-07-30 14:30:00+05:30,231.94,231.94,231.94,231.94,0.0
2026-07-30 14:35:00+05:30,231.94,232.24,231.94,232.24,86.0
2026-07-30 14:40:00+05:30,232.19,232.19,232.19,232.19,3.0
2026-07-30 14:45:00+05:30,232.24,232.41,232.24,232.34,273.0
2026-07-30 14:50:00+05:30,232.27,232.27,232.27,232.27,13.0
2026-07-30 14:55:00+05:30,232.41,233.0,232.41,233.0,87.0
2026-07-30 15:00:00+05:30,232.77,233.0,232.01,232.9,361.0
2026-07-30 15:05:00+05:30,232.9,234.49,232.9,233.71,1625.0
2026-07-30 15:10:00+05:30,233.99,234.74,233.02,233.02,2841.0
2026-07-30 15:15:00+05:30,234.05,235.26,232.7,235.26,7869.0
2026-07-30 15:20:00+05:30,235.26,236.0,234.1,235.77,8906.0
2026-07-30 15:25:00+05:30,235.0,242.0,234.06,239.2,14590.0
