dt,open,high,low,close,volume
2026-05-29 09:15:00+05:30,187.0,188.32,185.76,186.8,152856.0
2026-05-29 09:20:00+05:30,186.9,187.21,186.0,186.0,106467.0
2026-05-29 09:25:00+05:30,185.92,186.0,185.26,185.26,76867.0
2026-05-29 09:30:00+05:30,185.34,186.4,185.3,186.35,27739.0
2026-05-29 09:35:00+05:30,186.37,188.0,186.28,186.81,80798.0
2026-05-29 09:40:00+05:30,186.8,187.07,185.7,185.71,39020.0
2026-05-29 09:45:00+05:30,185.8,186.09,185.31,185.52,42340.0
2026-05-29 09:50:00+05:30,185.3,185.5,184.85,185.16,50811.0
2026-05-29 09:55:00+05:30,185.16,185.25,184.9,185.02,33007.0
2026-05-29 10:00:00+05:30,185.06,185.37,184.95,185.2,16491.0
2026-05-29 10:05:00+05:30,185.2,185.48,185.16,185.22,15216.0
2026-05-29 10:10:00+05:30,185.3,185.89,185.15,185.63,28899.0
2026-05-29 10:15:00+05:30,185.62,185.63,185.04,185.39,78943.0
2026-05-29 10:20:00+05:30,185.48,185.62,185.31,185.45,13365.0
2026-05-29 10:25:00+05:30,185.45,185.45,185.12,185.24,5083.0
2026-05-29 10:30:00+05:30,185.23,185.5,185.11,185.5,8964.0
2026-05-29 10:35:00+05:30,185.5,185.57,185.41,185.57,5716.0
2026-05-29 10:40:00+05:30,185.5,185.57,184.7,184.84,41031.0
2026-05-29 10:45:00+05:30,184.99,185.18,184.9,185.09,8078.0
2026-05-29 10:50:00+05:30,185.09,185.09,184.59,184.7,21668.0
2026-05-29 10:55:00+05:30,184.7,185.18,184.55,185.13,11901.0
2026-05-29 11:00:00+05:30,185.13,185.14,184.98,185.13,7643.0
2026-05-29 11:05:00+05:30,185.13,185.14,184.94,185.05,5472.0
2026-05-29 11:10:00+05:30,185.05,185.12,184.8,185.04,22111.0
2026-05-29 11:15:00+05:30,185.04,185.16,184.96,185.08,3979.0
2026-05-29 11:20:00+05:30,185.09,185.1,184.72,184.81,7486.0
2026-05-29 11:25:00+05:30,184.81,185.17,184.74,185.05,15425.0
2026-05-29 11:30:00+05:30,185.05,185.11,184.87,184.97,9709.0
2026-05-29 11:35:00+05:30,184.9,184.96,184.77,184.87,6010.0
2026-05-29 11:40:00+05:30,184.87,184.9,184.74,184.79,4732.0
2026-05-29 11:45:00+05:30,184.79,184.9,184.71,184.9,8190.0
2026-05-29 11:50:00+05:30,184.91,184.98,184.6,184.7,19302.0
2026-05-29 11:55:00+05:30,184.7,184.93,184.6,184.89,6169.0
2026-05-29 12:00:00+05:30,184.88,184.96,184.7,184.82,9697.0
2026-05-29 12:05:00+05:30,184.79,184.87,184.7,184.85,4814.0
2026-05-29 12:10:00+05:30,184.82,184.82,184.35,184.35,19344.0
2026-05-29 12:15:00+05:30,184.35,184.59,184.12,184.4,29475.0
2026-05-29 12:20:00+05:30,184.54,184.79,184.44,184.78,15810.0
2026-05-29 12:25:00+05:30,184.71,184.88,184.61,184.79,18814.0
2026-05-29 12:30:00+05:30,184.79,184.8,184.55,184.65,12827.0
2026-05-29 12:35:00+05:30,184.67,184.72,184.46,184.56,4492.0
2026-05-29 12:40:00+05:30,184.63,184.98,184.47,184.91,16287.0
2026-05-29 12:45:00+05:30,184.9,184.96,184.71,184.93,6224.0
2026-05-29 12:50:00+05:30,184.84,184.91,184.69,184.86,5287.0
2026-05-29 12:55:00+05:30,184.85,184.86,184.53,184.67,6816.0
2026-05-29 13:00:00+05:30,184.68,184.73,184.56,184.56,6208.0
2026-05-29 13:05:00+05:30,184.5,184.5,184.26,184.42,10963.0
2026-05-29 13:10:00+05:30,184.42,184.42,184.1,184.23,10094.0
2026-05-29 13:15:00+05:30,184.23,184.38,184.0,184.1,32149.0
2026-05-29 13:20:00+05:30,184.19,184.25,184.01,184.16,5463.0
2026-05-29 13:25:00+05:30,184.13,184.3,184.1,184.1,3859.0
2026-05-29 13:30:00+05:30,184.16,184.25,184.01,184.23,9092.0
2026-05-29 13:35:00+05:30,184.22,184.3,184.03,184.27,5454.0
2026-05-29 13:40:00+05:30,184.15,184.29,184.03,184.03,4207.0
2026-05-29 13:45:00+05:30,184.14,184.18,183.81,184.0,24247.0
2026-05-29 13:50:00+05:30,184.07,184.07,183.85,183.91,7808.0
2026-05-29 13:55:00+05:30,183.91,184.2,183.91,184.04,14382.0
2026-05-29 14:00:00+05:30,184.14,184.14,183.78,183.88,13628.0
2026-05-29 14:05:00+05:30,183.88,184.01,183.61,183.9,20065.0
2026-05-29 14:10:00+05:30,183.9,183.9,183.67,183.69,9158.0
2026-05-29 14:15:00+05:30,183.69,183.82,183.66,183.81,6861.0
2026-05-29 14:20:00+05:30,183.81,184.3,183.72,184.26,16090.0
2026-05-29 14:25:00+05:30,184.3,184.45,184.16,184.43,15487.0
2026-05-29 14:30:00+05:30,184.46,184.5,183.5,183.72,93869.0
2026-05-29 14:35:00+05:30,183.85,183.91,182.41,183.0,232295.0
2026-05-29 14:40:00+05:30,183.05,183.05,182.28,182.85,97422.0
2026-05-29 14:45:00+05:30,182.75,182.85,182.5,182.72,16068.0
2026-05-29 14:50:00+05:30,182.72,182.72,182.23,182.43,22234.0
2026-05-29 14:55:00+05:30,182.43,182.87,182.11,182.75,40485.0
2026-05-29 15:00:00+05:30,182.76,182.76,180.22,180.54,249886.0
2026-05-29 15:05:00+05:30,180.52,180.8,180.12,180.12,122587.0
2026-05-29 15:10:00+05:30,180.15,182.18,180.12,182.18,196697.0
2026-05-29 15:15:00+05:30,181.78,183.8,181.64,183.26,261698.0
2026-05-29 15:20:00+05:30,183.34,184.4,182.88,183.0,261714.0
2026-05-29 15:25:00+05:30,183.0,184.0,181.0,181.55,155222.0
2026-06-01 09:15:00+05:30,182.6,183.3,181.36,182.14,87044.0
2026-06-01 09:20:00+05:30,182.0,182.05,180.67,180.89,57377.0
2026-06-01 09:25:00+05:30,180.8,180.86,180.1,180.23,22606.0
2026-06-01 09:30:00+05:30,180.22,180.81,180.01,180.32,21100.0
2026-06-01 09:35:00+05:30,180.32,180.56,179.7,180.36,41035.0
2026-06-01 09:40:00+05:30,180.41,180.66,180.13,180.23,15763.0
2026-06-01 09:45:00+05:30,180.24,180.48,179.5,179.75,23585.0
2026-06-01 09:50:00+05:30,179.81,180.0,179.04,179.47,31916.0
2026-06-01 09:55:00+05:30,179.46,179.5,179.2,179.32,10974.0
2026-06-01 10:00:00+05:30,179.32,179.39,179.01,179.2,17127.0
2026-06-01 10:05:00+05:30,179.14,179.57,179.14,179.28,13966.0
2026-06-01 10:10:00+05:30,179.35,179.78,179.18,179.18,23719.0
2026-06-01 10:15:00+05:30,179.33,179.77,179.2,179.2,9995.0
2026-06-01 10:20:00+05:30,179.22,179.47,179.15,179.29,11810.0
2026-06-01 10:25:00+05:30,179.47,179.9,179.25,179.74,14762.0
2026-06-01 10:30:00+05:30,179.62,179.85,179.2,179.27,8165.0
2026-06-01 10:35:00+05:30,179.28,179.79,179.16,179.67,5786.0
2026-06-01 10:40:00+05:30,179.67,179.79,179.52,179.52,4409.0
2026-06-01 10:45:00+05:30,179.69,180.2,179.56,180.2,27437.0
2026-06-01 10:50:00+05:30,180.2,180.58,180.1,180.55,6904.0
2026-06-01 10:55:00+05:30,180.49,180.96,180.41,180.9,9867.0
2026-06-01 11:00:00+05:30,180.9,181.18,180.72,181.04,10635.0
2026-06-01 11:05:00+05:30,181.01,181.32,180.64,181.11,26019.0
2026-06-01 11:10:00+05:30,181.1,181.1,180.71,180.8,7376.0
2026-06-01 11:15:00+05:30,180.84,181.17,180.77,181.15,8880.0
2026-06-01 11:20:00+05:30,181.1,181.1,180.31,180.39,12685.0
2026-06-01 11:25:00+05:30,180.39,180.49,180.01,180.01,5318.0
2026-06-01 11:30:00+05:30,180.14,180.26,179.8,179.99,14500.0
2026-06-01 11:35:00+05:30,179.99,180.09,179.8,179.82,3653.0
2026-06-01 11:40:00+05:30,179.93,179.95,179.82,179.85,3504.0
2026-06-01 11:45:00+05:30,179.87,179.9,179.8,179.82,2250.0
2026-06-01 11:50:00+05:30,179.82,179.9,179.82,179.83,316.0
2026-06-01 11:55:00+05:30,179.9,179.93,179.3,179.33,8168.0
2026-06-01 12:00:00+05:30,179.47,179.63,179.31,179.47,5563.0
2026-06-01 12:05:00+05:30,179.45,179.72,179.35,179.65,2645.0
2026-06-01 12:10:00+05:30,179.53,179.69,179.51,179.59,2314.0
2026-06-01 12:15:00+05:30,179.63,179.89,179.5,179.61,8629.0
2026-06-01 12:20:00+05:30,179.66,180.13,179.44,180.13,14863.0
2026-06-01 12:25:00+05:30,180.22,180.57,179.98,179.98,15951.0
2026-06-01 12:30:00+05:30,180.18,180.18,179.69,179.84,2731.0
2026-06-01 12:35:00+05:30,179.71,179.85,179.61,179.85,1718.0
2026-06-01 12:40:00+05:30,179.85,179.85,179.58,179.74,2253.0
2026-06-01 12:45:00+05:30,179.58,179.7,179.47,179.7,3437.0
2026-06-01 12:50:00+05:30,179.55,179.7,179.52,179.67,1445.0
2026-06-01 12:55:00+05:30,179.68,179.7,179.45,179.47,3015.0
2026-06-01 13:00:00+05:30,179.55,179.68,179.45,179.54,3003.0
2026-06-01 13:05:00+05:30,179.54,179.61,179.15,179.18,7318.0
2026-06-01 13:10:00+05:30,179.19,179.19,178.7,178.7,22909.0
2026-06-01 13:15:00+05:30,178.76,178.86,178.56,178.61,7315.0
2026-06-01 13:20:00+05:30,178.52,179.34,178.52,179.24,12193.0
2026-06-01 13:25:00+05:30,179.2,179.2,178.92,178.95,2548.0
2026-06-01 13:30:00+05:30,178.92,179.07,178.76,178.94,5878.0
2026-06-01 13:35:00+05:30,178.98,179.02,178.9,179.0,2250.0
2026-06-01 13:40:00+05:30,178.98,179.75,178.89,179.12,14967.0
2026-06-01 13:45:00+05:30,179.16,179.16,178.62,178.78,3824.0
2026-06-01 13:50:00+05:30,178.8,178.8,178.6,178.74,2127.0
2026-06-01 13:55:00+05:30,178.75,178.86,178.61,178.84,3522.0
2026-06-01 14:00:00+05:30,178.85,178.85,178.4,178.53,17545.0
2026-06-01 14:05:00+05:30,178.53,178.69,178.4,178.52,7114.0
2026-06-01 14:10:00+05:30,178.59,178.6,178.0,178.1,39481.0
2026-06-01 14:15:00+05:30,178.11,178.36,177.9,178.28,12318.0
2026-06-01 14:20:00+05:30,178.28,178.28,178.02,178.06,4876.0
2026-06-01 14:25:00+05:30,178.01,178.29,177.98,178.1,7180.0
2026-06-01 14:30:00+05:30,178.12,178.33,177.9,178.24,7786.0
2026-06-01 14:35:00+05:30,178.2,178.61,178.14,178.6,8218.0
2026-06-01 14:40:00+05:30,178.6,178.74,178.5,178.5,15809.0
2026-06-01 14:45:00+05:30,178.59,178.75,178.34,178.35,4990.0
2026-06-01 14:50:00+05:30,178.35,178.8,178.11,178.15,16009.0
2026-06-01 14:55:00+05:30,178.05,178.22,177.99,177.99,9363.0
2026-06-01 15:00:00+05:30,177.99,178.24,177.91,178.18,11628.0
2026-06-01 15:05:00+05:30,178.2,178.83,177.94,178.75,16322.0
2026-06-01 15:10:00+05:30,178.74,178.81,178.38,178.68,14415.0
2026-06-01 15:15:00+05:30,178.7,178.92,178.55,178.77,35728.0
2026-06-01 15:20:00+05:30,178.77,178.79,178.02,178.14,37161.0
2026-06-01 15:25:00+05:30,178.12,178.17,177.52,177.75,41993.0
2026-06-02 09:15:00+05:30,176.98,176.98,173.65,175.29,186345.0
2026-06-02 09:20:00+05:30,175.31,176.4,175.01,175.73,111924.0
2026-06-02 09:25:00+05:30,175.79,176.44,175.69,176.27,39051.0
2026-06-02 09:30:00+05:30,176.2,176.5,175.61,175.86,60795.0
2026-06-02 09:35:00+05:30,175.97,176.4,175.6,176.32,21116.0
2026-06-02 09:40:00+05:30,176.28,176.43,176.04,176.22,27107.0
2026-06-02 09:45:00+05:30,176.17,176.17,175.1,175.51,37922.0
2026-06-02 09:50:00+05:30,175.5,176.24,175.29,176.12,20865.0
2026-06-02 09:55:00+05:30,176.31,176.31,175.68,176.04,8638.0
2026-06-02 10:00:00+05:30,175.94,176.1,175.8,175.99,12237.0
2026-06-02 10:05:00+05:30,176.0,176.2,175.51,175.51,12958.0
2026-06-02 10:10:00+05:30,175.52,175.59,175.2,175.3,29433.0
2026-06-02 10:15:00+05:30,175.19,175.2,174.8,175.03,27455.0
2026-06-02 10:20:00+05:30,175.0,175.42,175.0,175.29,22980.0
2026-06-02 10:25:00+05:30,175.28,175.73,175.28,175.67,28739.0
2026-06-02 10:30:00+05:30,175.52,175.75,175.0,175.1,22178.0
2026-06-02 10:35:00+05:30,175.09,175.22,175.0,175.2,8412.0
2026-06-02 10:40:00+05:30,175.1,175.64,175.1,175.55,6130.0
2026-06-02 10:45:00+05:30,175.36,175.58,175.26,175.26,13023.0
2026-06-02 10:50:00+05:30,175.17,175.43,174.8,174.8,13661.0
2026-06-02 10:55:00+05:30,174.78,174.88,174.5,174.8,24344.0
2026-06-02 11:00:00+05:30,174.82,175.08,174.73,175.06,4109.0
2026-06-02 11:05:00+05:30,174.99,175.02,174.67,174.84,15035.0
2026-06-02 11:10:00+05:30,174.76,175.0,174.66,174.76,14223.0
2026-06-02 11:15:00+05:30,174.74,175.0,174.74,174.9,5305.0
2026-06-02 11:20:00+05:30,174.99,175.15,174.84,175.09,10430.0
2026-06-02 11:25:00+05:30,175.0,175.08,174.24,174.25,22712.0
2026-06-02 11:30:00+05:30,174.25,174.4,174.15,174.31,10161.0
2026-06-02 11:35:00+05:30,174.31,174.31,174.05,174.05,19616.0
2026-06-02 11:40:00+05:30,174.06,174.47,174.05,174.14,7591.0
2026-06-02 11:45:00+05:30,174.06,174.27,174.01,174.19,4764.0
2026-06-02 11:50:00+05:30,174.19,174.33,174.04,174.04,14854.0
2026-06-02 11:55:00+05:30,174.02,174.15,173.62,173.68,72497.0
2026-06-02 12:00:00+05:30,173.67,173.85,173.5,173.62,19307.0
2026-06-02 12:05:00+05:30,173.7,173.78,173.5,173.6,11807.0
2026-06-02 12:10:00+05:30,173.6,173.76,172.9,173.0,68707.0
2026-06-02 12:15:00+05:30,172.8,174.3,172.8,174.24,67369.0
2026-06-02 12:20:00+05:30,174.2,174.49,173.93,174.49,26282.0
2026-06-02 12:25:00+05:30,174.49,174.49,173.91,174.11,36204.0
2026-06-02 12:30:00+05:30,174.1,174.41,174.1,174.4,4712.0
2026-06-02 12:35:00+05:30,174.4,174.41,174.14,174.2,6643.0
2026-06-02 12:40:00+05:30,174.18,174.77,174.17,174.73,55167.0
2026-06-02 12:45:00+05:30,174.62,175.47,174.62,175.33,51389.0
2026-06-02 12:50:00+05:30,175.33,175.68,175.22,175.53,25003.0
2026-06-02 12:55:00+05:30,175.49,175.61,175.35,175.59,11610.0
2026-06-02 13:00:00+05:30,175.48,175.59,175.4,175.53,6158.0
2026-06-02 13:05:00+05:30,175.53,175.75,175.36,175.74,10965.0
2026-06-02 13:10:00+05:30,175.74,175.94,175.65,175.88,11874.0
2026-06-02 13:15:00+05:30,175.85,175.97,175.71,175.8,12224.0
2026-06-02 13:20:00+05:30,175.91,176.25,175.76,176.21,22823.0
2026-06-02 13:25:00+05:30,176.31,176.4,176.16,176.29,11959.0
2026-06-02 13:30:00+05:30,176.3,176.47,176.24,176.38,28154.0
2026-06-02 13:35:00+05:30,176.43,176.79,176.33,176.56,25467.0
2026-06-02 13:40:00+05:30,176.6,176.6,176.27,176.48,17249.0
2026-06-02 13:45:00+05:30,176.57,176.8,176.41,176.73,11390.0
2026-06-02 13:50:00+05:30,176.79,176.8,176.5,176.63,13932.0
2026-06-02 13:55:00+05:30,176.65,177.2,176.5,176.53,29936.0
2026-06-02 14:00:00+05:30,176.75,177.4,176.49,177.4,22614.0
2026-06-02 14:05:00+05:30,177.4,177.4,177.0,177.31,12580.0
2026-06-02 14:10:00+05:30,177.18,177.6,177.02,177.24,19473.0
2026-06-02 14:15:00+05:30,177.16,178.0,177.16,177.64,31593.0
2026-06-02 14:20:00+05:30,177.6,179.7,177.6,178.82,53088.0
2026-06-02 14:25:00+05:30,178.88,179.21,178.5,178.98,27437.0
2026-06-02 14:30:00+05:30,179.1,179.49,179.03,179.39,29209.0
2026-06-02 14:35:00+05:30,179.2,179.67,178.96,179.08,33632.0
2026-06-02 14:40:00+05:30,178.95,179.01,178.03,178.21,53597.0
2026-06-02 14:45:00+05:30,178.21,178.58,178.16,178.44,26553.0
2026-06-02 14:50:00+05:30,178.52,178.6,178.3,178.44,19490.0
2026-06-02 14:55:00+05:30,178.49,178.8,178.28,178.57,25482.0
2026-06-02 15:00:00+05:30,178.57,179.35,178.39,179.15,49594.0
2026-06-02 15:05:00+05:30,179.27,179.5,178.42,178.86,45027.0
2026-06-02 15:10:00+05:30,178.95,179.24,178.81,179.06,35233.0
2026-06-02 15:15:00+05:30,179.17,179.18,178.64,178.82,57835.0
2026-06-02 15:20:00+05:30,178.81,179.21,178.7,179.02,56733.0
2026-06-02 15:25:00+05:30,179.09,179.2,177.67,178.48,53874.0
2026-06-03 09:15:00+05:30,177.06,178.62,176.53,177.84,86298.0
2026-06-03 09:20:00+05:30,177.82,179.22,177.82,178.67,99543.0
2026-06-03 09:25:00+05:30,178.61,178.9,177.8,177.89,22247.0
2026-06-03 09:30:00+05:30,177.89,178.0,177.48,177.76,15476.0
2026-06-03 09:35:00+05:30,177.82,178.39,177.75,178.33,19065.0
2026-06-03 09:40:00+05:30,178.22,178.75,177.81,178.47,13409.0
2026-06-03 09:45:00+05:30,178.52,178.71,178.21,178.47,9616.0
2026-06-03 09:50:00+05:30,178.59,178.6,177.64,177.64,15573.0
2026-06-03 09:55:00+05:30,177.55,177.91,177.4,177.72,11180.0
2026-06-03 10:00:00+05:30,177.71,178.15,177.71,177.99,2438.0
2026-06-03 10:05:00+05:30,178.06,178.08,177.83,178.03,8631.0
2026-06-03 10:10:00+05:30,178.03,178.05,177.55,177.86,15049.0
2026-06-03 10:15:00+05:30,177.88,178.5,177.57,178.5,23663.0
2026-06-03 10:20:00+05:30,178.5,178.85,178.34,178.69,14908.0
2026-06-03 10:25:00+05:30,178.69,179.07,178.41,178.69,23592.0
2026-06-03 10:30:00+05:30,178.54,178.9,177.94,178.08,6660.0
2026-06-03 10:35:00+05:30,178.15,178.64,177.95,178.56,6374.0
2026-06-03 10:40:00+05:30,178.57,178.92,178.57,178.65,6750.0
2026-06-03 10:45:00+05:30,178.66,179.12,178.65,178.94,17061.0
2026-06-03 10:50:00+05:30,178.93,178.94,178.6,178.83,3737.0
2026-06-03 10:55:00+05:30,178.85,179.28,178.7,178.77,10856.0
2026-06-03 11:00:00+05:30,178.94,179.0,178.5,178.57,7687.0
2026-06-03 11:05:00+05:30,178.56,178.6,178.01,178.02,7921.0
2026-06-03 11:10:00+05:30,178.19,178.47,178.19,178.38,5888.0
2026-06-03 11:15:00+05:30,178.29,178.43,178.02,178.27,3270.0
2026-06-03 11:20:00+05:30,178.27,178.45,178.03,178.37,3184.0
2026-06-03 11:25:00+05:30,178.34,178.34,177.97,178.16,6577.0
2026-06-03 11:30:00+05:30,178.14,178.28,177.96,178.0,4090.0
2026-06-03 11:35:00+05:30,178.05,178.08,177.66,177.83,5855.0
2026-06-03 11:40:00+05:30,177.8,178.09,177.63,177.66,6279.0
2026-06-03 11:45:00+05:30,177.64,178.0,177.64,177.83,2371.0
2026-06-03 11:50:00+05:30,177.99,178.02,177.61,177.71,1594.0
2026-06-03 11:55:00+05:30,177.82,177.94,177.4,177.7,15236.0
2026-06-03 12:00:00+05:30,177.71,177.83,177.3,177.55,9048.0
2026-06-03 12:05:00+05:30,177.55,177.68,177.43,177.64,3598.0
2026-06-03 12:10:00+05:30,177.66,177.68,177.38,177.64,8318.0
2026-06-03 12:15:00+05:30,177.5,177.79,177.48,177.76,2280.0
2026-06-03 12:20:00+05:30,177.67,177.84,177.64,177.77,1461.0
2026-06-03 12:25:00+05:30,177.75,178.23,177.67,178.01,11144.0
2026-06-03 12:30:00+05:30,178.09,178.8,178.02,178.8,12741.0
2026-06-03 12:35:00+05:30,178.8,179.26,178.8,179.2,16136.0
2026-06-03 12:40:00+05:30,179.13,180.57,179.13,179.59,54442.0
2026-06-03 12:45:00+05:30,179.59,179.99,179.59,179.71,49603.0
2026-06-03 12:50:00+05:30,179.7,180.12,179.56,179.7,70116.0
2026-06-03 12:55:00+05:30,179.7,179.87,179.65,179.71,5948.0
2026-06-03 13:00:00+05:30,179.73,179.89,179.7,179.73,5934.0
2026-06-03 13:05:00+05:30,179.76,179.8,179.54,179.54,9743.0
2026-06-03 13:10:00+05:30,179.49,179.76,179.49,179.75,6091.0
2026-06-03 13:15:00+05:30,179.75,180.08,179.62,180.0,10758.0
2026-06-03 13:20:00+05:30,179.96,180.3,179.96,180.24,11643.0
2026-06-03 13:25:00+05:30,180.16,180.3,180.07,180.15,11265.0
2026-06-03 13:30:00+05:30,180.15,180.15,179.8,179.95,8630.0
2026-06-03 13:35:00+05:30,179.95,180.3,179.9,180.25,5442.0
2026-06-03 13:40:00+05:30,180.23,180.25,179.93,180.03,5543.0
2026-06-03 13:45:00+05:30,180.04,180.35,180.04,180.26,11012.0
2026-06-03 13:50:00+05:30,180.27,180.31,180.02,180.31,8583.0
2026-06-03 13:55:00+05:30,180.2,180.35,180.08,180.25,5005.0
2026-06-03 14:00:00+05:30,180.25,180.26,179.86,179.99,14840.0
2026-06-03 14:05:00+05:30,179.86,180.0,179.82,179.97,5367.0
2026-06-03 14:10:00+05:30,179.95,180.0,179.75,179.99,9566.0
2026-06-03 14:15:00+05:30,179.99,180.0,179.61,179.9,6577.0
2026-06-03 14:20:00+05:30,179.9,180.0,179.78,180.0,6109.0
2026-06-03 14:25:00+05:30,180.0,180.0,179.77,180.0,4124.0
2026-06-03 14:30:00+05:30,180.0,180.0,179.73,179.92,7434.0
2026-06-03 14:35:00+05:30,179.92,179.99,179.7,179.97,5362.0
2026-06-03 14:40:00+05:30,179.96,180.0,179.82,179.97,32510.0
2026-06-03 14:45:00+05:30,179.99,180.0,179.87,179.9,6490.0
2026-06-03 14:50:00+05:30,179.97,180.0,179.77,179.91,18184.0
2026-06-03 14:55:00+05:30,179.91,180.5,179.71,180.32,37356.0
2026-06-03 15:00:00+05:30,180.32,180.91,180.0,180.64,40534.0
2026-06-03 15:05:00+05:30,180.73,180.88,180.31,180.61,65893.0
2026-06-03 15:10:00+05:30,180.61,180.7,180.25,180.47,25812.0
2026-06-03 15:15:00+05:30,180.46,180.47,179.94,180.22,38048.0
2026-06-03 15:20:00+05:30,180.19,180.4,180.06,180.34,24145.0
2026-06-03 15:25:00+05:30,180.28,180.35,179.82,180.05,59205.0
2026-06-04 09:15:00+05:30,178.75,179.5,178.03,179.45,53750.0
2026-06-04 09:20:00+05:30,179.22,179.86,179.06,179.36,33814.0
2026-06-04 09:25:00+05:30,179.2,179.3,178.53,178.85,25119.0
2026-06-04 09:30:00+05:30,178.85,179.18,178.75,179.18,20896.0
2026-06-04 09:35:00+05:30,179.13,179.48,179.02,179.25,12462.0
2026-06-04 09:40:00+05:30,179.11,179.74,178.7,179.57,21814.0
2026-06-04 09:45:00+05:30,179.69,179.8,179.58,179.79,10174.0
2026-06-04 09:50:00+05:30,179.73,180.18,179.68,180.18,16414.0
2026-06-04 09:55:00+05:30,180.25,180.42,179.91,180.2,14732.0
2026-06-04 10:00:00+05:30,180.25,180.3,180.03,180.03,7709.0
2026-06-04 10:05:00+05:30,180.09,180.38,179.87,180.38,15483.0
2026-06-04 10:10:00+05:30,180.25,180.4,180.02,180.35,17973.0
2026-06-04 10:15:00+05:30,180.35,180.35,180.25,180.35,5195.0
2026-06-04 10:20:00+05:30,180.35,180.35,180.25,180.35,4257.0
2026-06-04 10:25:00+05:30,180.35,180.35,180.17,180.25,5211.0
2026-06-04 10:30:00+05:30,180.25,180.25,178.71,178.95,27267.0
2026-06-04 10:35:00+05:30,178.8,179.04,178.72,178.82,5102.0
2026-06-04 10:40:00+05:30,178.8,179.07,178.64,178.96,12995.0
2026-06-04 10:45:00+05:30,178.92,179.06,178.75,179.0,30890.0
2026-06-04 10:50:00+05:30,179.0,179.12,178.91,179.1,9329.0
2026-06-04 10:55:00+05:30,179.1,179.22,179.01,179.05,3878.0
2026-06-04 11:00:00+05:30,179.17,179.21,178.64,178.84,12679.0
2026-06-04 11:05:00+05:30,178.84,179.0,178.75,178.88,3978.0
2026-06-04 11:10:00+05:30,178.87,179.0,178.75,178.97,2699.0
2026-06-04 11:15:00+05:30,178.98,179.03,178.77,178.95,3558.0
2026-06-04 11:20:00+05:30,178.95,179.0,178.73,178.93,7948.0
2026-06-04 11:25:00+05:30,178.97,179.47,178.72,179.08,13243.0
2026-06-04 11:30:00+05:30,178.85,178.94,178.65,178.89,3760.0
2026-06-04 11:35:00+05:30,178.89,179.02,178.8,179.02,3935.0
2026-06-04 11:40:00+05:30,179.02,179.13,178.8,178.97,7019.0
2026-06-04 11:45:00+05:30,178.97,178.97,178.8,178.92,4750.0
2026-06-04 11:50:00+05:30,178.94,179.11,178.87,178.97,3218.0
2026-06-04 11:55:00+05:30,178.97,178.97,178.0,178.88,57994.0
2026-06-04 12:00:00+05:30,178.87,178.92,178.66,178.91,2645.0
2026-06-04 12:05:00+05:30,178.91,178.97,178.51,178.59,8395.0
2026-06-04 12:10:00+05:30,178.82,178.82,178.53,178.81,6031.0
2026-06-04 12:15:00+05:30,178.81,178.95,178.7,178.94,5074.0
2026-06-04 12:20:00+05:30,178.97,178.97,178.72,178.85,2703.0
2026-06-04 12:25:00+05:30,178.85,178.94,178.76,178.92,4482.0
2026-06-04 12:30:00+05:30,178.92,178.92,178.5,178.5,4401.0
2026-06-04 12:35:00+05:30,178.61,178.61,178.5,178.61,2875.0
2026-06-04 12:40:00+05:30,178.5,178.68,178.5,178.63,2607.0
2026-06-04 12:45:00+05:30,178.63,178.75,178.54,178.73,1866.0
2026-06-04 12:50:00+05:30,178.73,178.73,178.43,178.48,2435.0
2026-06-04 12:55:00+05:30,178.48,178.69,178.41,178.67,7301.0
2026-06-04 13:00:00+05:30,178.66,178.75,178.53,178.72,3214.0
2026-06-04 13:05:00+05:30,178.75,178.87,178.61,178.72,3809.0
2026-06-04 13:10:00+05:30,178.83,178.84,178.2,178.39,5748.0
2026-06-04 13:15:00+05:30,178.38,178.38,178.18,178.33,3692.0
2026-06-04 13:20:00+05:30,178.34,178.66,178.22,178.6,6083.0
2026-06-04 13:25:00+05:30,178.62,178.65,178.56,178.65,1421.0
2026-06-04 13:30:00+05:30,178.65,178.65,178.51,178.51,3165.0
2026-06-04 13:35:00+05:30,178.61,178.61,178.07,178.15,5306.0
2026-06-04 13:40:00+05:30,178.15,178.61,177.89,178.61,22113.0
2026-06-04 13:45:00+05:30,178.61,178.63,178.51,178.63,1126.0
2026-06-04 13:50:00+05:30,178.63,178.63,178.48,178.6,1417.0
2026-06-04 13:55:00+05:30,178.6,178.62,178.27,178.54,15251.0
2026-06-04 14:00:00+05:30,178.54,178.8,178.49,178.6,3556.0
2026-06-04 14:05:00+05:30,178.6,178.6,178.26,178.44,14532.0
2026-06-04 14:10:00+05:30,178.44,178.44,178.25,178.35,1831.0
2026-06-04 14:15:00+05:30,178.35,178.44,178.29,178.29,3520.0
2026-06-04 14:20:00+05:30,178.38,178.38,178.01,178.12,4500.0
2026-06-04 14:25:00+05:30,178.12,178.21,178.01,178.2,3242.0
2026-06-04 14:30:00+05:30,178.22,178.43,177.84,178.4,7474.0
2026-06-04 14:35:00+05:30,178.4,178.41,178.07,178.15,3942.0
2026-06-04 14:40:00+05:30,178.24,178.25,178.11,178.21,5580.0
2026-06-04 14:45:00+05:30,178.2,178.21,178.1,178.1,3091.0
2026-06-04 14:50:00+05:30,178.17,178.18,177.99,178.09,10747.0
2026-06-04 14:55:00+05:30,178.09,178.09,177.7,177.72,8688.0
2026-06-04 15:00:00+05:30,177.84,177.99,177.71,177.99,15069.0
2026-06-04 15:05:00+05:30,177.99,177.99,177.81,177.86,21137.0
2026-06-04 15:10:00+05:30,177.86,177.97,177.8,177.85,13602.0
2026-06-04 15:15:00+05:30,177.91,177.97,177.69,177.97,36950.0
2026-06-04 15:20:00+05:30,177.97,178.29,177.95,178.13,13625.0
2026-06-04 15:25:00+05:30,178.14,178.5,177.1,177.1,73126.0
2026-06-05 09:15:00+05:30,178.79,182.0,178.1,180.29,143264.0
2026-06-05 09:20:00+05:30,180.27,180.27,179.54,180.0,46824.0
2026-06-05 09:25:00+05:30,180.0,180.39,179.8,180.19,20605.0
2026-06-05 09:30:00+05:30,180.26,180.29,179.86,180.0,18306.0
2026-06-05 09:35:00+05:30,179.9,180.0,179.5,179.95,15306.0
2026-06-05 09:40:00+05:30,179.94,180.14,179.69,180.04,10082.0
2026-06-05 09:45:00+05:30,180.14,180.85,179.93,180.32,59062.0
2026-06-05 09:50:00+05:30,180.32,180.35,179.8,179.82,19314.0
2026-06-05 09:55:00+05:30,179.91,180.03,179.6,179.74,11601.0
2026-06-05 10:00:00+05:30,179.61,180.15,179.59,179.89,17738.0
2026-06-05 10:05:00+05:30,179.89,180.49,179.89,180.49,7627.0
2026-06-05 10:10:00+05:30,180.39,180.72,180.11,180.11,31757.0
2026-06-05 10:15:00+05:30,179.9,180.11,179.61,179.81,19772.0
2026-06-05 10:20:00+05:30,179.89,179.89,179.56,179.82,36529.0
2026-06-05 10:25:00+05:30,179.85,179.87,179.2,179.2,10940.0
2026-06-05 10:30:00+05:30,179.32,179.57,179.25,179.4,12546.0
2026-06-05 10:35:00+05:30,179.26,179.39,178.81,178.92,21588.0
2026-06-05 10:40:00+05:30,178.9,178.95,178.53,178.64,6788.0
2026-06-05 10:45:00+05:30,178.65,178.7,178.5,178.7,8290.0
2026-06-05 10:50:00+05:30,178.72,179.0,178.72,179.0,5200.0
2026-06-05 10:55:00+05:30,179.0,179.18,178.91,179.14,3019.0
2026-06-05 11:00:00+05:30,179.13,179.48,179.13,179.32,8647.0
2026-06-05 11:05:00+05:30,179.35,179.75,179.1,179.7,21952.0
2026-06-05 11:10:00+05:30,179.75,179.75,179.33,179.46,6167.0
2026-06-05 11:15:00+05:30,179.54,179.54,179.1,179.1,14643.0
2026-06-05 11:20:00+05:30,179.17,179.17,178.83,178.9,9275.0
2026-06-05 11:25:00+05:30,179.0,179.06,178.9,178.96,2948.0
2026-06-05 11:30:00+05:30,178.96,179.14,178.96,179.05,2118.0
2026-06-05 11:35:00+05:30,178.97,178.99,178.85,178.94,3338.0
2026-06-05 11:40:00+05:30,178.9,179.31,178.9,178.99,14573.0
2026-06-05 11:45:00+05:30,178.86,178.96,178.85,178.88,364.0
2026-06-05 11:50:00+05:30,178.88,178.92,178.65,178.78,11255.0
2026-06-05 11:55:00+05:30,178.78,178.79,178.6,178.6,4940.0
2026-06-05 12:00:00+05:30,178.6,178.82,178.6,178.8,3387.0
2026-06-05 12:05:00+05:30,178.8,178.8,178.75,178.76,1310.0
2026-06-05 12:10:00+05:30,178.76,178.8,178.56,178.62,5717.0
2026-06-05 12:15:00+05:30,178.68,178.94,178.65,178.9,2737.0
2026-06-05 12:20:00+05:30,178.9,178.96,178.84,178.92,392.0
2026-06-05 12:25:00+05:30,178.9,178.9,178.32,178.35,9126.0
2026-06-05 12:30:00+05:30,178.35,178.43,178.2,178.4,6535.0
2026-06-05 12:35:00+05:30,178.4,178.57,178.32,178.56,4352.0
2026-06-05 12:40:00+05:30,178.52,178.52,178.21,178.34,2405.0
2026-06-05 12:45:00+05:30,178.22,178.56,178.21,178.31,7119.0
2026-06-05 12:50:00+05:30,178.4,178.4,178.0,178.11,5723.0
2026-06-05 12:55:00+05:30,178.17,178.17,178.01,178.01,2672.0
2026-06-05 13:00:00+05:30,177.96,178.09,177.85,178.0,23137.0
2026-06-05 13:05:00+05:30,178.0,178.01,177.76,177.76,5328.0
2026-06-05 13:10:00+05:30,178.07,178.15,177.92,177.92,6946.0
2026-06-05 13:15:00+05:30,177.93,178.24,177.93,178.23,2660.0
2026-06-05 13:20:00+05:30,178.23,178.29,177.9,177.95,5371.0
2026-06-05 13:25:00+05:30,177.9,178.0,177.9,177.9,1836.0
2026-06-05 13:30:00+05:30,177.9,177.97,177.71,177.95,5804.0
2026-06-05 13:35:00+05:30,177.9,177.97,177.9,177.9,1876.0
2026-06-05 13:40:00+05:30,177.9,177.99,177.63,177.98,15774.0
2026-06-05 13:45:00+05:30,177.9,178.0,177.86,177.9,3823.0
2026-06-05 13:50:00+05:30,177.9,177.98,177.76,177.98,7689.0
2026-06-05 13:55:00+05:30,177.92,177.98,177.78,177.92,9195.0
2026-06-05 14:00:00+05:30,177.92,177.99,177.86,177.9,5283.0
2026-06-05 14:05:00+05:30,177.9,178.04,177.76,178.04,4316.0
2026-06-05 14:10:00+05:30,177.95,178.04,177.86,177.91,3008.0
2026-06-05 14:15:00+05:30,177.91,178.0,177.9,177.91,2989.0
2026-06-05 14:20:00+05:30,177.9,178.0,177.83,177.92,12889.0
2026-06-05 14:25:00+05:30,177.9,178.0,177.9,178.0,11210.0
2026-06-05 14:30:00+05:30,178.0,178.0,177.79,177.9,15585.0
2026-06-05 14:35:00+05:30,177.91,177.92,177.89,177.9,7507.0
2026-06-05 14:40:00+05:30,177.85,178.36,177.8,178.29,23084.0
2026-06-05 14:45:00+05:30,178.29,178.45,178.02,178.02,11842.0
2026-06-05 14:50:00+05:30,178.18,178.18,178.01,178.1,1830.0
2026-06-05 14:55:00+05:30,178.01,178.31,178.01,178.3,15389.0
2026-06-05 15:00:00+05:30,178.31,178.84,178.17,178.51,13528.0
2026-06-05 15:05:00+05:30,178.65,178.8,178.37,178.49,813924.0
2026-06-05 15:10:00+05:30,178.49,178.93,178.08,178.8,141769.0
2026-06-05 15:15:00+05:30,178.84,179.0,178.75,178.95,24742.0
2026-06-05 15:20:00+05:30,178.98,179.05,178.73,179.03,19955.0
2026-06-05 15:25:00+05:30,179.03,179.3,179.0,179.3,20274.0
2026-06-08 09:15:00+05:30,177.0,179.3,175.14,178.91,75017.0
2026-06-08 09:20:00+05:30,178.9,179.75,178.45,179.36,46702.0
2026-06-08 09:25:00+05:30,179.37,180.3,179.14,179.27,52399.0
2026-06-08 09:30:00+05:30,179.35,180.4,178.94,180.15,52665.0
2026-06-08 09:35:00+05:30,180.18,180.18,179.31,179.73,25584.0
2026-06-08 09:40:00+05:30,179.76,179.76,179.17,179.7,18356.0
2026-06-08 09:45:00+05:30,179.7,179.8,178.92,178.92,22713.0
2026-06-08 09:50:00+05:30,178.97,178.99,177.9,178.11,30063.0
2026-06-08 09:55:00+05:30,178.11,178.14,177.8,177.93,14608.0
2026-06-08 10:00:00+05:30,177.99,177.99,177.52,177.61,12575.0
2026-06-08 10:05:00+05:30,177.63,177.71,177.22,177.47,17009.0
2026-06-08 10:10:00+05:30,177.38,177.6,177.2,177.42,13018.0
2026-06-08 10:15:00+05:30,177.33,178.0,177.05,177.88,23699.0
2026-06-08 10:20:00+05:30,177.76,177.83,176.9,177.0,47206.0
2026-06-08 10:25:00+05:30,176.9,177.0,176.62,176.68,15078.0
2026-06-08 10:30:00+05:30,176.72,177.12,176.63,176.8,9783.0
2026-06-08 10:35:00+05:30,177.02,177.54,176.98,177.45,13254.0
2026-06-08 10:40:00+05:30,177.45,177.58,177.3,177.37,11197.0
2026-06-08 10:45:00+05:30,177.07,177.24,176.8,177.03,18171.0
2026-06-08 10:50:00+05:30,177.03,177.16,176.86,176.89,10278.0
2026-06-08 10:55:00+05:30,176.94,176.94,176.69,176.72,14614.0
2026-06-08 11:00:00+05:30,176.79,176.81,176.48,176.59,16860.0
2026-06-08 11:05:00+05:30,176.62,176.62,176.04,176.15,12457.0
2026-06-08 11:10:00+05:30,176.11,176.28,175.9,176.0,22212.0
2026-06-08 11:15:00+05:30,176.08,176.19,175.7,175.77,31621.0
2026-06-08 11:20:00+05:30,175.77,176.03,175.55,175.55,13471.0
2026-06-08 11:25:00+05:30,175.59,175.83,175.47,175.65,18433.0
2026-06-08 11:30:00+05:30,175.73,175.91,175.56,175.78,15916.0
2026-06-08 11:35:00+05:30,175.76,176.17,175.75,176.17,12752.0
2026-06-08 11:40:00+05:30,176.06,176.17,175.8,175.87,27157.0
2026-06-08 11:45:00+05:30,175.87,176.45,175.84,176.3,23240.0
2026-06-08 11:50:00+05:30,176.3,176.49,175.94,176.09,34403.0
2026-06-08 11:55:00+05:30,176.02,176.13,175.99,176.08,12694.0
2026-06-08 12:00:00+05:30,176.07,176.09,175.65,175.8,35238.0
2026-06-08 12:05:00+05:30,175.9,175.9,175.7,175.86,11637.0
2026-06-08 12:10:00+05:30,175.81,176.25,175.81,176.17,14915.0
2026-06-08 12:15:00+05:30,176.17,176.25,175.77,175.84,12717.0
2026-06-08 12:20:00+05:30,175.85,175.87,175.74,175.87,15013.0
2026-06-08 12:25:00+05:30,175.87,175.87,175.73,175.87,14098.0
2026-06-08 12:30:00+05:30,175.84,176.12,175.79,176.02,9927.0
2026-06-08 12:35:00+05:30,176.07,176.21,176.01,176.21,9718.0
2026-06-08 12:40:00+05:30,176.17,176.2,175.83,175.99,17862.0
2026-06-08 12:45:00+05:30,175.99,176.15,175.76,176.09,9702.0
2026-06-08 12:50:00+05:30,176.15,176.8,176.12,176.46,46381.0
2026-06-08 12:55:00+05:30,176.46,176.5,176.16,176.38,14062.0
2026-06-08 13:00:00+05:30,176.44,176.5,176.25,176.36,13798.0
2026-06-08 13:05:00+05:30,176.32,176.39,176.12,176.12,5939.0
2026-06-08 13:10:00+05:30,176.2,176.2,175.9,175.91,6141.0
2026-06-08 13:15:00+05:30,175.98,176.15,175.97,176.01,5823.0
2026-06-08 13:20:00+05:30,176.11,176.11,175.86,175.89,11868.0
2026-06-08 13:25:00+05:30,175.9,175.94,175.87,175.89,7756.0
2026-06-08 13:30:00+05:30,175.9,175.94,175.72,175.89,14983.0
2026-06-08 13:35:00+05:30,175.89,175.89,175.72,175.86,7429.0
2026-06-08 13:40:00+05:30,175.86,175.92,175.66,175.85,9953.0
2026-06-08 13:45:00+05:30,175.85,175.86,175.67,175.84,28207.0
2026-06-08 13:50:00+05:30,175.85,175.85,175.76,175.85,5547.0
2026-06-08 13:55:00+05:30,175.85,175.93,175.69,175.75,12182.0
2026-06-08 14:00:00+05:30,175.85,175.85,175.7,175.85,8697.0
2026-06-08 14:05:00+05:30,175.84,175.86,175.78,175.86,9993.0
2026-06-08 14:10:00+05:30,175.85,175.85,175.56,175.71,10728.0
2026-06-08 14:15:00+05:30,175.85,175.89,175.69,175.85,23344.0
2026-06-08 14:20:00+05:30,175.86,175.87,175.71,175.86,10405.0
2026-06-08 14:25:00+05:30,175.86,175.86,175.37,175.37,18062.0
2026-06-08 14:30:00+05:30,175.27,175.41,175.23,175.33,15225.0
2026-06-08 14:35:00+05:30,175.33,175.48,175.25,175.37,13185.0
2026-06-08 14:40:00+05:30,175.37,175.37,175.23,175.35,10990.0
2026-06-08 14:45:00+05:30,175.35,175.35,175.2,175.29,13555.0
2026-06-08 14:50:00+05:30,175.29,175.3,175.15,175.24,17150.0
2026-06-08 14:55:00+05:30,175.25,175.35,175.21,175.32,19359.0
2026-06-08 15:00:00+05:30,175.32,175.32,174.52,174.7,48013.0
2026-06-08 15:05:00+05:30,174.8,174.93,174.5,174.76,35293.0
2026-06-08 15:10:00+05:30,174.84,174.84,174.76,174.78,24054.0
2026-06-08 15:15:00+05:30,174.78,174.79,174.56,174.56,33642.0
2026-06-08 15:20:00+05:30,174.59,174.98,174.0,174.03,49953.0
2026-06-08 15:25:00+05:30,174.07,174.71,173.11,174.0,64052.0
2026-06-09 09:15:00+05:30,175.5,175.97,174.17,174.69,54191.0
2026-06-09 09:20:00+05:30,174.6,174.69,174.15,174.37,34006.0
2026-06-09 09:25:00+05:30,174.35,174.48,173.34,173.51,35703.0
2026-06-09 09:30:00+05:30,173.49,174.07,173.39,173.99,14635.0
2026-06-09 09:35:00+05:30,173.99,174.16,173.75,173.75,11722.0
2026-06-09 09:40:00+05:30,173.85,174.0,173.55,173.55,13839.0
2026-06-09 09:45:00+05:30,173.66,173.7,173.21,173.26,18423.0
2026-06-09 09:50:00+05:30,173.19,173.69,173.15,173.69,11739.0
2026-06-09 09:55:00+05:30,173.58,173.58,173.05,173.1,16987.0
2026-06-09 10:00:00+05:30,173.13,173.25,172.98,173.16,31255.0
2026-06-09 10:05:00+05:30,173.16,173.2,173.04,173.2,11891.0
2026-06-09 10:10:00+05:30,173.33,173.48,173.06,173.07,8519.0
2026-06-09 10:15:00+05:30,173.14,173.32,173.05,173.16,8033.0
2026-06-09 10:20:00+05:30,173.05,173.12,172.25,172.4,29604.0
2026-06-09 10:25:00+05:30,172.4,172.58,172.11,172.56,25264.0
2026-06-09 10:30:00+05:30,172.56,172.6,172.4,172.6,4544.0
2026-06-09 10:35:00+05:30,172.5,172.59,172.15,172.43,18119.0
2026-06-09 10:40:00+05:30,172.38,172.49,172.31,172.49,2605.0
2026-06-09 10:45:00+05:30,172.49,172.95,172.49,172.72,11787.0
2026-06-09 10:50:00+05:30,172.68,172.68,172.39,172.58,3099.0
2026-06-09 10:55:00+05:30,172.63,172.78,172.56,172.78,3040.0
2026-06-09 11:00:00+05:30,172.78,172.91,172.61,172.72,5571.0
2026-06-09 11:05:00+05:30,172.75,172.86,172.64,172.8,3295.0
2026-06-09 11:10:00+05:30,172.8,172.91,172.75,172.8,2513.0
2026-06-09 11:15:00+05:30,172.8,172.8,172.34,172.58,18059.0
2026-06-09 11:20:00+05:30,172.58,172.58,172.2,172.25,17389.0
2026-06-09 11:25:00+05:30,172.25,172.4,172.2,172.35,10156.0
2026-06-09 11:30:00+05:30,172.39,172.39,172.31,172.31,1152.0
2026-06-09 11:35:00+05:30,172.31,172.4,172.16,172.38,9448.0
2026-06-09 11:40:00+05:30,172.38,172.38,172.13,172.21,2415.0
2026-06-09 11:45:00+05:30,172.27,172.66,172.11,172.4,15098.0
2026-06-09 11:50:00+05:30,172.44,172.44,172.17,172.37,8249.0
2026-06-09 11:55:00+05:30,172.26,172.44,172.24,172.44,2617.0
2026-06-09 12:00:00+05:30,172.37,172.76,172.35,172.73,19303.0
2026-06-09 12:05:00+05:30,172.8,172.88,172.4,172.62,10498.0
2026-06-09 12:10:00+05:30,172.63,173.0,172.41,172.57,14957.0
2026-06-09 12:15:00+05:30,172.55,172.63,172.45,172.63,3677.0
2026-06-09 12:20:00+05:30,172.63,172.63,172.45,172.53,5079.0
2026-06-09 12:25:00+05:30,172.53,172.58,172.45,172.58,2590.0
2026-06-09 12:30:00+05:30,172.55,172.75,172.51,172.75,1637.0
2026-06-09 12:35:00+05:30,172.74,172.75,172.54,172.57,3878.0
2026-06-09 12:40:00+05:30,172.55,172.79,172.52,172.79,8035.0
2026-06-09 12:45:00+05:30,172.67,172.87,172.67,172.85,2790.0
2026-06-09 12:50:00+05:30,172.67,172.67,172.32,172.4,11695.0
2026-06-09 12:55:00+05:30,172.3,172.31,172.13,172.14,8742.0
2026-06-09 13:00:00+05:30,172.12,172.14,172.02,172.09,13100.0
2026-06-09 13:05:00+05:30,172.09,172.1,172.05,172.1,2899.0
2026-06-09 13:10:00+05:30,172.1,172.24,172.05,172.2,5342.0
2026-06-09 13:15:00+05:30,172.22,172.28,172.2,172.24,2028.0
2026-06-09 13:20:00+05:30,172.29,172.31,172.2,172.2,4835.0
2026-06-09 13:25:00+05:30,172.2,172.24,172.15,172.2,2922.0
2026-06-09 13:30:00+05:30,172.2,172.22,171.73,171.95,26644.0
2026-06-09 13:35:00+05:30,171.95,172.0,171.85,171.96,8999.0
2026-06-09 13:40:00+05:30,171.91,172.29,171.85,172.2,8762.0
2026-06-09 13:45:00+05:30,172.08,172.2,172.05,172.14,3990.0
2026-06-09 13:50:00+05:30,172.1,172.84,172.1,172.68,13610.0
2026-06-09 13:55:00+05:30,172.57,172.77,172.31,172.57,17703.0
2026-06-09 14:00:00+05:30,172.7,172.7,172.31,172.48,3296.0
2026-06-09 14:05:00+05:30,172.39,172.5,172.38,172.5,5267.0
2026-06-09 14:10:00+05:30,172.5,172.5,172.01,172.19,29779.0
2026-06-09 14:15:00+05:30,172.19,172.26,172.08,172.2,7207.0
2026-06-09 14:20:00+05:30,172.16,172.37,172.11,172.12,11940.0
2026-06-09 14:25:00+05:30,172.12,172.36,172.12,172.36,4396.0
2026-06-09 14:30:00+05:30,172.37,172.49,172.23,172.49,10083.0
2026-06-09 14:35:00+05:30,172.35,172.48,172.31,172.45,7148.0
2026-06-09 14:40:00+05:30,172.33,172.5,172.3,172.5,13279.0
2026-06-09 14:45:00+05:30,172.5,172.5,172.27,172.44,16133.0
2026-06-09 14:50:00+05:30,172.37,172.47,171.84,171.84,22953.0
2026-06-09 14:55:00+05:30,171.99,172.0,171.89,171.99,51693.0
2026-06-09 15:00:00+05:30,171.96,171.96,171.62,171.78,33456.0
2026-06-09 15:05:00+05:30,171.78,171.85,171.77,171.83,19199.0
2026-06-09 15:10:00+05:30,171.83,172.0,171.81,171.99,29428.0
2026-06-09 15:15:00+05:30,171.96,171.96,171.5,171.67,54604.0
2026-06-09 15:20:00+05:30,171.69,171.8,171.29,171.6,70213.0
2026-06-09 15:25:00+05:30,171.61,171.88,171.1,171.87,85028.0
2026-06-10 09:15:00+05:30,172.0,172.52,170.32,170.56,60224.0
2026-06-10 09:20:00+05:30,170.55,170.68,169.3,169.8,111046.0
2026-06-10 09:25:00+05:30,169.66,169.69,169.17,169.44,55899.0
2026-06-10 09:30:00+05:30,169.59,169.95,169.52,169.8,17527.0
2026-06-10 09:35:00+05:30,169.84,170.09,169.59,169.93,21384.0
2026-06-10 09:40:00+05:30,170.03,170.45,169.93,170.41,29278.0
2026-06-10 09:45:00+05:30,170.4,170.42,169.76,170.28,75653.0
2026-06-10 09:50:00+05:30,170.26,170.3,170.1,170.26,8367.0
2026-06-10 09:55:00+05:30,170.22,170.22,169.68,169.7,11847.0
2026-06-10 10:00:00+05:30,169.68,169.97,169.61,169.97,10169.0
2026-06-10 10:05:00+05:30,169.97,169.99,169.75,169.81,4840.0
2026-06-10 10:10:00+05:30,169.81,170.6,169.71,170.2,32704.0
2026-06-10 10:15:00+05:30,170.04,170.07,169.7,170.0,17958.0
2026-06-10 10:20:00+05:30,170.0,170.0,169.75,169.85,6564.0
2026-06-10 10:25:00+05:30,169.84,169.91,169.7,169.91,8103.0
2026-06-10 10:30:00+05:30,169.9,170.19,169.9,170.12,10218.0
2026-06-10 10:35:00+05:30,170.13,170.18,169.9,169.9,6145.0
2026-06-10 10:40:00+05:30,169.9,170.16,169.89,170.01,3021.0
2026-06-10 10:45:00+05:30,170.04,170.12,169.66,169.66,5154.0
2026-06-10 10:50:00+05:30,169.77,169.77,169.61,169.67,1676.0
2026-06-10 10:55:00+05:30,169.67,169.69,169.47,169.57,5018.0
2026-06-10 11:00:00+05:30,169.57,169.6,169.5,169.57,5294.0
2026-06-10 11:05:00+05:30,169.57,169.58,169.1,169.31,21810.0
2026-06-10 11:10:00+05:30,169.29,169.31,169.25,169.31,912.0
2026-06-10 11:15:00+05:30,169.3,169.33,169.1,169.2,6050.0
2026-06-10 11:20:00+05:30,169.2,169.2,168.88,168.99,25047.0
2026-06-10 11:25:00+05:30,169.0,169.3,168.95,169.3,14397.0
2026-06-10 11:30:00+05:30,169.33,169.35,169.03,169.27,18195.0
2026-06-10 11:35:00+05:30,169.27,169.27,168.86,168.86,8308.0
2026-06-10 11:40:00+05:30,168.94,169.05,168.86,169.05,4274.0
2026-06-10 11:45:00+05:30,169.01,169.04,168.86,168.86,4309.0
2026-06-10 11:50:00+05:30,168.86,168.91,168.86,168.9,3677.0
2026-06-10 11:55:00+05:30,168.96,169.18,168.9,169.0,4074.0
2026-06-10 12:00:00+05:30,169.01,169.02,168.71,168.88,12726.0
2026-06-10 12:05:00+05:30,168.83,168.84,168.7,168.84,3798.0
2026-06-10 12:10:00+05:30,168.84,168.97,168.81,168.93,1310.0
2026-06-10 12:15:00+05:30,168.92,169.0,168.87,169.0,2200.0
2026-06-10 12:20:00+05:30,169.0,169.25,168.91,168.98,13612.0
2026-06-10 12:25:00+05:30,168.95,168.95,168.75,168.88,12884.0
2026-06-10 12:30:00+05:30,168.99,169.04,168.84,168.93,4279.0
2026-06-10 12:35:00+05:30,168.9,169.04,168.8,169.04,3750.0
2026-06-10 12:40:00+05:30,169.06,169.17,168.84,168.84,1703.0
2026-06-10 12:45:00+05:30,168.82,168.98,168.77,168.82,2175.0
2026-06-10 12:50:00+05:30,168.83,168.96,168.82,168.96,2279.0
2026-06-10 12:55:00+05:30,168.86,168.96,168.83,168.9,1694.0
2026-06-10 13:00:00+05:30,168.9,168.94,168.9,168.92,614.0
2026-06-10 13:05:00+05:30,168.92,168.99,168.81,168.93,3235.0
2026-06-10 13:10:00+05:30,168.97,169.0,168.8,168.89,2123.0
2026-06-10 13:15:00+05:30,168.91,169.05,168.8,168.88,6673.0
2026-06-10 13:20:00+05:30,168.8,168.88,168.71,168.79,2255.0
2026-06-10 13:25:00+05:30,168.79,168.81,168.74,168.8,1189.0
2026-06-10 13:30:00+05:30,168.8,168.99,168.71,168.81,5160.0
2026-06-10 13:35:00+05:30,168.78,168.78,168.52,168.61,9631.0
2026-06-10 13:40:00+05:30,168.61,168.69,168.54,168.61,5594.0
2026-06-10 13:45:00+05:30,168.6,169.04,168.6,169.04,4532.0
2026-06-10 13:50:00+05:30,169.06,169.16,168.7,168.7,3720.0
2026-06-10 13:55:00+05:30,168.76,168.76,168.61,168.61,5808.0
2026-06-10 14:00:00+05:30,168.61,169.04,168.6,169.03,5901.0
2026-06-10 14:05:00+05:30,168.92,169.08,168.69,168.69,7517.0
2026-06-10 14:10:00+05:30,168.84,168.89,168.65,168.8,6866.0
2026-06-10 14:15:00+05:30,168.8,168.8,168.7,168.79,2991.0
2026-06-10 14:20:00+05:30,168.79,168.85,168.72,168.84,2194.0
2026-06-10 14:25:00+05:30,168.85,168.85,168.6,168.63,8128.0
2026-06-10 14:30:00+05:30,168.63,168.67,168.6,168.67,1798.0
2026-06-10 14:35:00+05:30,168.65,168.67,168.3,168.45,14600.0
2026-06-10 14:40:00+05:30,168.43,168.55,168.2,168.26,9070.0
2026-06-10 14:45:00+05:30,168.26,168.29,168.0,168.17,25193.0
2026-06-10 14:50:00+05:30,168.17,168.26,168.09,168.1,5014.0
2026-06-10 14:55:00+05:30,168.23,168.44,168.11,168.28,6431.0
2026-06-10 15:00:00+05:30,168.4,168.71,168.25,168.68,21030.0
2026-06-10 15:05:00+05:30,168.68,169.25,168.48,169.09,27687.0
2026-06-10 15:10:00+05:30,169.32,169.49,168.6,168.7,15712.0
2026-06-10 15:15:00+05:30,168.7,168.7,168.0,168.07,27258.0
2026-06-10 15:20:00+05:30,168.0,168.1,167.85,167.86,49148.0
2026-06-10 15:25:00+05:30,167.86,167.93,167.0,167.5,37513.0
2026-06-11 09:15:00+05:30,167.31,167.31,165.45,166.26,54641.0
2026-06-11 09:20:00+05:30,166.2,166.5,165.4,165.68,71596.0
2026-06-11 09:25:00+05:30,165.51,166.12,165.2,166.09,27939.0
2026-06-11 09:30:00+05:30,166.0,166.49,165.8,166.22,27054.0
2026-06-11 09:35:00+05:30,166.12,166.71,165.89,166.71,22039.0
2026-06-11 09:40:00+05:30,166.64,166.75,166.2,166.6,26279.0
2026-06-11 09:45:00+05:30,166.62,166.9,166.55,166.81,15024.0
2026-06-11 09:50:00+05:30,166.81,167.35,166.75,166.82,42224.0
2026-06-11 09:55:00+05:30,166.7,166.98,166.33,166.69,20017.0
2026-06-11 10:00:00+05:30,166.62,166.69,166.26,166.3,17619.0
2026-06-11 10:05:00+05:30,166.3,166.86,166.11,166.85,12251.0
2026-06-11 10:10:00+05:30,166.63,166.81,166.33,166.67,6957.0
2026-06-11 10:15:00+05:30,166.52,166.84,166.52,166.79,5301.0
2026-06-11 10:20:00+05:30,166.99,166.99,166.6,166.72,9329.0
2026-06-11 10:25:00+05:30,166.61,166.93,166.42,166.85,40655.0
2026-06-11 10:30:00+05:30,166.94,167.48,166.84,167.35,18622.0
2026-06-11 10:35:00+05:30,167.44,167.45,166.8,166.83,8072.0
2026-06-11 10:40:00+05:30,166.94,167.22,166.94,167.0,5572.0
2026-06-11 10:45:00+05:30,167.0,167.14,167.0,167.02,2730.0
2026-06-11 10:50:00+05:30,167.02,167.02,166.65,166.73,8821.0
2026-06-11 10:55:00+05:30,166.66,166.72,166.46,166.5,6031.0
2026-06-11 11:00:00+05:30,166.46,166.48,166.3,166.39,5167.0
2026-06-11 11:05:00+05:30,166.3,166.46,166.3,166.37,3836.0
2026-06-11 11:10:00+05:30,166.32,166.5,166.3,166.5,4193.0
2026-06-11 11:15:00+05:30,166.43,166.49,166.42,166.49,2532.0
2026-06-11 11:20:00+05:30,166.55,166.69,166.4,166.47,5269.0
2026-06-11 11:25:00+05:30,166.58,166.96,166.58,166.83,13258.0
2026-06-11 11:30:00+05:30,166.91,166.94,166.59,166.65,2533.0
2026-06-11 11:35:00+05:30,166.65,166.71,166.25,166.37,5656.0
2026-06-11 11:40:00+05:30,166.45,166.54,166.27,166.54,7096.0
2026-06-11 11:45:00+05:30,166.66,166.98,166.6,166.91,4052.0
2026-06-11 11:50:00+05:30,166.91,167.2,166.72,167.15,9522.0
2026-06-11 11:55:00+05:30,167.2,167.2,166.99,167.0,4868.0
2026-06-11 12:00:00+05:30,167.03,167.11,166.71,166.86,4227.0
2026-06-11 12:05:00+05:30,166.86,166.99,166.71,166.82,7803.0
2026-06-11 12:10:00+05:30,166.82,166.85,166.69,166.81,5771.0
2026-06-11 12:15:00+05:30,166.81,167.0,166.77,167.0,26238.0
2026-06-11 12:20:00+05:30,167.0,167.0,166.75,166.84,3069.0
2026-06-11 12:25:00+05:30,166.75,166.99,166.75,166.97,3173.0
2026-06-11 12:30:00+05:30,166.81,167.0,166.76,166.99,2551.0
2026-06-11 12:35:00+05:30,166.99,166.99,166.83,166.96,10012.0
2026-06-11 12:40:00+05:30,166.96,166.97,166.88,166.97,1708.0
2026-06-11 12:45:00+05:30,166.97,166.97,166.8,166.88,3472.0
2026-06-11 12:50:00+05:30,166.88,166.88,166.6,166.65,3387.0
2026-06-11 12:55:00+05:30,166.65,166.71,166.39,166.71,10554.0
2026-06-11 13:00:00+05:30,166.71,166.94,166.69,166.85,5907.0
2026-06-11 13:05:00+05:30,166.85,166.86,166.6,166.65,11220.0
2026-06-11 13:10:00+05:30,166.65,166.68,166.5,166.58,1838.0
2026-06-11 13:15:00+05:30,166.58,166.84,166.5,166.72,16443.0
2026-06-11 13:20:00+05:30,166.72,166.72,166.5,166.65,2304.0
2026-06-11 13:25:00+05:30,166.65,166.74,166.45,166.74,19631.0
2026-06-11 13:30:00+05:30,166.74,166.88,166.7,166.82,4874.0
2026-06-11 13:35:00+05:30,166.82,166.82,166.61,166.66,2339.0
2026-06-11 13:40:00+05:30,166.66,166.78,166.49,166.5,6737.0
2026-06-11 13:45:00+05:30,166.5,166.86,166.33,166.6,4392.0
2026-06-11 13:50:00+05:30,166.7,166.78,166.64,166.68,1351.0
2026-06-11 13:55:00+05:30,166.68,166.74,166.64,166.74,2142.0
2026-06-11 14:00:00+05:30,166.74,166.87,166.7,166.87,4789.0
2026-06-11 14:05:00+05:30,166.87,166.87,166.65,166.78,2673.0
2026-06-11 14:10:00+05:30,166.78,166.86,166.65,166.82,3789.0
2026-06-11 14:15:00+05:30,166.82,167.18,166.47,166.99,19486.0
2026-06-11 14:20:00+05:30,166.99,167.38,166.99,167.22,13111.0
2026-06-11 14:25:00+05:30,167.22,167.88,167.12,167.75,13703.0
2026-06-11 14:30:00+05:30,167.84,168.0,167.57,167.67,9250.0
2026-06-11 14:35:00+05:30,167.59,167.62,167.29,167.48,4544.0
2026-06-11 14:40:00+05:30,167.4,167.53,167.21,167.25,13289.0
2026-06-11 14:45:00+05:30,167.36,167.49,167.06,167.31,10176.0
2026-06-11 14:50:00+05:30,167.44,167.44,167.09,167.13,3743.0
2026-06-11 14:55:00+05:30,167.25,167.56,167.13,167.4,19451.0
2026-06-11 15:00:00+05:30,167.53,167.99,167.31,167.83,62685.0
2026-06-11 15:05:00+05:30,167.77,168.46,167.67,168.02,53022.0
2026-06-11 15:10:00+05:30,168.17,168.39,167.9,168.25,22176.0
2026-06-11 15:15:00+05:30,168.21,168.5,168.03,168.03,45766.0
2026-06-11 15:20:00+05:30,168.25,168.3,167.82,168.03,36965.0
2026-06-11 15:25:00+05:30,168.04,168.19,167.3,167.5,650994.0
2026-06-12 09:15:00+05:30,169.0,169.99,168.34,168.86,47118.0
2026-06-12 09:20:00+05:30,168.81,169.08,168.21,168.37,56759.0
2026-06-12 09:25:00+05:30,168.47,168.63,168.21,168.21,29907.0
2026-06-12 09:30:00+05:30,168.33,168.43,168.05,168.39,15476.0
2026-06-12 09:35:00+05:30,168.44,168.91,168.33,168.75,10516.0
2026-06-12 09:40:00+05:30,168.66,168.67,168.1,168.1,12907.0
2026-06-12 09:45:00+05:30,168.29,168.49,168.14,168.45,11023.0
2026-06-12 09:50:00+05:30,168.35,168.95,168.29,168.51,11867.0
2026-06-12 09:55:00+05:30,168.52,168.69,168.5,168.57,8021.0
2026-06-12 10:00:00+05:30,168.52,168.7,168.5,168.62,5211.0
2026-06-12 10:05:00+05:30,168.66,168.68,168.5,168.53,8796.0
2026-06-12 10:10:00+05:30,168.51,168.53,168.11,168.11,20362.0
2026-06-12 10:15:00+05:30,168.12,168.27,167.88,168.18,20102.0
2026-06-12 10:20:00+05:30,168.09,168.55,168.09,168.45,2559.0
2026-06-12 10:25:00+05:30,168.45,168.79,168.21,168.79,7531.0
2026-06-12 10:30:00+05:30,168.66,168.79,168.11,168.46,5048.0
2026-06-12 10:35:00+05:30,168.46,168.48,168.15,168.25,2996.0
2026-06-12 10:40:00+05:30,168.25,168.26,168.0,168.1,6224.0
2026-06-12 10:45:00+05:30,168.0,168.0,167.75,167.81,11806.0
2026-06-12 10:50:00+05:30,167.81,167.97,167.75,167.96,5719.0
2026-06-12 10:55:00+05:30,167.97,168.02,167.81,167.9,2837.0
2026-06-12 11:00:00+05:30,167.9,167.96,167.75,167.89,6275.0
2026-06-12 11:05:00+05:30,167.89,167.89,167.75,167.87,1855.0
2026-06-12 11:10:00+05:30,167.87,168.31,167.77,168.0,11922.0
2026-06-12 11:15:00+05:30,168.1,168.21,167.91,167.91,6302.0
2026-06-12 11:20:00+05:30,167.98,168.25,167.87,168.05,10197.0
2026-06-12 11:25:00+05:30,168.11,168.11,167.9,167.98,5628.0
2026-06-12 11:30:00+05:30,167.98,168.25,167.85,168.24,2574.0
2026-06-12 11:35:00+05:30,168.31,168.31,168.21,168.29,2388.0
2026-06-12 11:40:00+05:30,168.29,168.58,168.21,168.4,9408.0
2026-06-12 11:45:00+05:30,168.4,168.5,168.32,168.45,4607.0
2026-06-12 11:50:00+05:30,168.45,168.49,168.0,168.0,27306.0
2026-06-12 11:55:00+05:30,168.11,168.29,167.81,167.85,9690.0
2026-06-12 12:00:00+05:30,167.95,168.2,167.81,168.14,4920.0
2026-06-12 12:05:00+05:30,168.14,168.14,167.99,167.99,800.0
2026-06-12 12:10:00+05:30,167.9,168.04,167.85,167.89,3153.0
2026-06-12 12:15:00+05:30,167.95,168.01,167.85,167.85,3868.0
2026-06-12 12:20:00+05:30,167.85,168.2,167.85,168.2,4997.0
2026-06-12 12:25:00+05:30,168.1,168.15,168.0,168.1,4140.0
2026-06-12 12:30:00+05:30,168.09,168.15,167.99,167.99,3169.0
2026-06-12 12:35:00+05:30,168.0,168.09,167.9,167.9,4785.0
2026-06-12 12:40:00+05:30,167.91,168.0,167.9,168.0,8771.0
2026-06-12 12:45:00+05:30,167.99,167.99,167.8,167.81,4119.0
2026-06-12 12:50:00+05:30,167.81,168.04,167.8,167.88,3778.0
2026-06-12 12:55:00+05:30,167.8,167.98,167.8,167.81,3261.0
2026-06-12 13:00:00+05:30,167.81,168.07,167.8,167.92,1612.0
2026-06-12 13:05:00+05:30,168.0,168.2,167.95,167.95,6263.0
2026-06-12 13:10:00+05:30,168.08,168.1,167.96,168.04,2979.0
2026-06-12 13:15:00+05:30,168.05,168.13,168.01,168.01,1174.0
2026-06-12 13:20:00+05:30,168.02,168.18,168.01,168.01,2058.0
2026-06-12 13:25:00+05:30,168.0,168.16,167.9,168.11,3595.0
2026-06-12 13:30:00+05:30,168.0,168.38,168.0,168.3,4991.0
2026-06-12 13:35:00+05:30,168.3,168.37,168.26,168.35,4000.0
2026-06-12 13:40:00+05:30,168.34,168.5,168.3,168.3,8102.0
2026-06-12 13:45:00+05:30,168.31,168.43,168.21,168.41,9480.0
2026-06-12 13:50:00+05:30,168.41,168.41,168.18,168.4,4231.0
2026-06-12 13:55:00+05:30,168.4,168.5,168.31,168.5,16084.0
2026-06-12 14:00:00+05:30,168.5,168.5,168.32,168.4,34108.0
2026-06-12 14:05:00+05:30,168.4,168.5,168.29,168.46,12095.0
2026-06-12 14:10:00+05:30,168.46,168.53,168.35,168.5,12728.0
2026-06-12 14:15:00+05:30,168.5,168.5,168.25,168.25,13197.0
2026-06-12 14:20:00+05:30,168.25,168.5,168.25,168.47,14475.0
2026-06-12 14:25:00+05:30,168.46,168.5,168.31,168.5,13239.0
2026-06-12 14:30:00+05:30,168.5,168.61,168.36,168.5,13324.0
2026-06-12 14:35:00+05:30,168.5,168.5,168.4,168.5,9777.0
2026-06-12 14:40:00+05:30,168.5,168.78,168.42,168.5,78556.0
2026-06-12 14:45:00+05:30,168.5,168.58,168.42,168.42,33817.0
2026-06-12 14:50:00+05:30,168.5,168.5,168.42,168.5,5287.0
2026-06-12 14:55:00+05:30,168.5,168.63,168.25,168.37,28857.0
2026-06-12 15:00:00+05:30,168.31,168.31,168.0,168.05,27401.0
2026-06-12 15:05:00+05:30,168.1,168.18,168.0,168.09,30016.0
2026-06-12 15:10:00+05:30,168.09,168.11,167.85,167.93,16067.0
2026-06-12 15:15:00+05:30,167.91,168.2,167.8,168.18,43849.0
2026-06-12 15:20:00+05:30,168.18,168.37,168.11,168.29,43313.0
2026-06-12 15:25:00+05:30,168.29,168.5,168.11,168.4,79395.0
2026-06-15 09:15:00+05:30,170.74,171.49,170.5,170.78,66132.0
2026-06-15 09:20:00+05:30,170.86,171.33,170.5,171.12,56471.0
2026-06-15 09:25:00+05:30,171.05,171.16,170.51,170.73,30741.0
2026-06-15 09:30:00+05:30,170.73,171.2,170.53,170.81,26588.0
2026-06-15 09:35:00+05:30,170.8,171.03,170.71,171.03,30135.0
2026-06-15 09:40:00+05:30,171.0,171.14,170.98,171.08,9807.0
2026-06-15 09:45:00+05:30,171.08,172.09,170.95,171.79,67418.0
2026-06-15 09:50:00+05:30,171.8,172.33,171.55,172.33,50256.0
2026-06-15 09:55:00+05:30,172.3,172.41,171.84,171.97,40945.0
2026-06-15 10:00:00+05:30,171.96,171.96,171.71,171.83,14792.0
2026-06-15 10:05:00+05:30,171.84,171.84,171.37,171.37,11949.0
2026-06-15 10:10:00+05:30,171.45,171.53,171.18,171.4,17592.0
2026-06-15 10:15:00+05:30,171.51,171.58,171.4,171.46,4403.0
2026-06-15 10:20:00+05:30,171.47,171.5,170.78,170.9,32725.0
2026-06-15 10:25:00+05:30,170.9,170.95,170.72,170.95,3895.0
2026-06-15 10:30:00+05:30,170.95,171.12,170.8,170.84,6049.0
2026-06-15 10:35:00+05:30,170.81,170.88,170.77,170.88,6245.0
2026-06-15 10:40:00+05:30,170.8,171.03,170.7,171.0,7294.0
2026-06-15 10:45:00+05:30,171.0,171.0,170.62,170.85,11725.0
2026-06-15 10:50:00+05:30,170.77,171.5,170.77,171.49,25464.0
2026-06-15 10:55:00+05:30,171.49,171.51,171.33,171.46,30876.0
2026-06-15 11:00:00+05:30,171.46,171.51,171.16,171.33,37385.0
2026-06-15 11:05:00+05:30,171.45,171.47,171.17,171.32,4598.0
2026-06-15 11:10:00+05:30,171.32,171.41,171.3,171.39,2057.0
2026-06-15 11:15:00+05:30,171.39,171.51,171.37,171.49,44320.0
2026-06-15 11:20:00+05:30,171.42,171.55,171.34,171.5,14485.0
2026-06-15 11:25:00+05:30,171.5,171.62,170.81,170.96,67183.0
2026-06-15 11:30:00+05:30,171.0,171.2,170.7,171.01,9989.0
2026-06-15 11:35:00+05:30,170.88,170.88,170.65,170.74,8487.0
2026-06-15 11:40:00+05:30,170.7,170.9,170.65,170.81,6653.0
2026-06-15 11:45:00+05:30,170.8,170.8,170.55,170.6,11328.0
2026-06-15 11:50:00+05:30,170.55,170.6,170.36,170.56,11160.0
2026-06-15 11:55:00+05:30,170.55,170.6,170.3,170.3,8845.0
2026-06-15 12:00:00+05:30,170.3,170.4,170.27,170.36,5541.0
2026-06-15 12:05:00+05:30,170.33,170.33,170.1,170.15,5541.0
2026-06-15 12:10:00+05:30,170.15,170.31,170.03,170.25,16553.0
2026-06-15 12:15:00+05:30,170.14,170.2,169.74,169.74,32667.0
2026-06-15 12:20:00+05:30,169.99,170.05,169.83,169.9,5082.0
2026-06-15 12:25:00+05:30,169.99,170.02,168.8,168.95,61660.0
2026-06-15 12:30:00+05:30,168.94,169.0,168.51,168.9,27845.0
2026-06-15 12:35:00+05:30,168.93,169.0,168.82,168.9,6159.0
2026-06-15 12:40:00+05:30,168.91,168.95,168.66,168.74,7009.0
2026-06-15 12:45:00+05:30,168.7,168.73,168.48,168.65,15831.0
2026-06-15 12:50:00+05:30,168.54,168.59,168.35,168.4,34442.0
2026-06-15 12:55:00+05:30,168.4,168.6,168.4,168.53,9819.0
2026-06-15 13:00:00+05:30,168.53,168.6,168.45,168.54,6800.0
2026-06-15 13:05:00+05:30,168.42,168.51,168.4,168.41,6936.0
2026-06-15 13:10:00+05:30,168.45,168.7,168.42,168.7,9774.0
2026-06-15 13:15:00+05:30,168.7,168.8,168.6,168.76,12965.0
2026-06-15 13:20:00+05:30,168.78,168.8,168.6,168.77,6152.0
2026-06-15 13:25:00+05:30,168.78,168.85,168.76,168.85,7678.0
2026-06-15 13:30:00+05:30,168.8,168.85,168.51,168.55,19156.0
2026-06-15 13:35:00+05:30,168.62,168.69,168.4,168.57,12576.0
2026-06-15 13:40:00+05:30,168.57,168.7,168.43,168.7,2845.0
2026-06-15 13:45:00+05:30,168.6,168.7,168.6,168.7,7794.0
2026-06-15 13:50:00+05:30,168.85,168.99,168.7,168.78,27446.0
2026-06-15 13:55:00+05:30,168.78,168.98,168.78,168.95,5889.0
2026-06-15 14:00:00+05:30,168.95,168.95,168.78,168.78,3642.0
2026-06-15 14:05:00+05:30,168.78,168.8,168.75,168.79,5053.0
2026-06-15 14:10:00+05:30,168.79,168.79,168.7,168.7,4772.0
2026-06-15 14:15:00+05:30,168.65,168.72,168.51,168.64,8440.0
2026-06-15 14:20:00+05:30,168.64,168.64,168.45,168.55,14097.0
2026-06-15 14:25:00+05:30,168.55,168.6,168.42,168.43,4233.0
2026-06-15 14:30:00+05:30,168.5,168.84,168.35,168.84,39455.0
2026-06-15 14:35:00+05:30,168.84,169.25,168.84,169.24,36290.0
2026-06-15 14:40:00+05:30,169.24,169.24,169.06,169.24,6586.0
2026-06-15 14:45:00+05:30,169.24,169.41,168.87,168.96,12265.0
2026-06-15 14:50:00+05:30,168.95,168.95,168.64,168.9,11582.0
2026-06-15 14:55:00+05:30,168.9,168.99,168.66,168.9,12574.0
2026-06-15 15:00:00+05:30,168.89,168.9,168.5,168.75,18797.0
2026-06-15 15:05:00+05:30,168.73,169.76,168.72,169.0,65708.0
2026-06-15 15:10:00+05:30,169.0,169.08,168.65,168.93,32584.0
2026-06-15 15:15:00+05:30,168.93,169.35,168.83,169.12,32154.0
2026-06-15 15:20:00+05:30,169.12,169.19,168.66,169.0,43189.0
2026-06-15 15:25:00+05:30,168.96,169.65,168.63,169.65,38306.0
2026-06-16 09:15:00+05:30,169.0,170.75,168.95,169.8,42543.0
2026-06-16 09:20:00+05:30,169.8,170.2,169.75,169.95,23525.0
2026-06-16 09:25:00+05:30,170.02,170.41,169.91,170.37,16850.0
2026-06-16 09:30:00+05:30,170.38,170.48,169.93,170.12,27524.0
2026-06-16 09:35:00+05:30,170.02,170.47,170.02,170.32,5639.0
2026-06-16 09:40:00+05:30,170.39,170.64,170.16,170.16,19362.0
2026-06-16 09:45:00+05:30,170.14,170.79,170.13,170.73,54713.0
2026-06-16 09:50:00+05:30,170.8,171.57,170.8,171.45,48603.0
2026-06-16 09:55:00+05:30,171.51,173.98,170.86,173.36,183297.0
2026-06-16 10:00:00+05:30,173.47,173.47,172.66,172.88,45969.0
2026-06-16 10:05:00+05:30,172.97,173.19,172.55,173.15,59754.0
2026-06-16 10:10:00+05:30,173.21,173.3,172.69,172.88,24695.0
2026-06-16 10:15:00+05:30,172.8,173.3,172.8,173.25,18735.0
2026-06-16 10:20:00+05:30,173.25,173.31,172.9,172.9,25449.0
2026-06-16 10:25:00+05:30,172.89,173.13,171.7,171.85,59426.0
2026-06-16 10:30:00+05:30,171.87,172.21,171.86,172.08,36490.0
2026-06-16 10:35:00+05:30,172.08,172.4,172.02,172.13,9872.0
2026-06-16 10:40:00+05:30,172.16,172.18,172.02,172.18,5924.0
2026-06-16 10:45:00+05:30,172.2,172.4,172.15,172.22,6512.0
2026-06-16 10:50:00+05:30,172.22,172.22,171.85,172.0,26686.0
2026-06-16 10:55:00+05:30,171.96,172.01,171.9,172.0,4807.0
2026-06-16 11:00:00+05:30,171.99,172.01,171.78,171.91,13977.0
2026-06-16 11:05:00+05:30,171.86,171.91,171.62,171.85,14512.0
2026-06-16 11:10:00+05:30,171.85,171.94,171.67,171.8,7744.0
2026-06-16 11:15:00+05:30,171.95,172.4,171.94,172.2,7607.0
2026-06-16 11:20:00+05:30,172.12,172.33,172.1,172.33,12307.0
2026-06-16 11:25:00+05:30,172.39,172.39,172.0,172.06,3778.0
2026-06-16 11:30:00+05:30,172.0,172.18,172.0,172.07,7792.0
2026-06-16 11:35:00+05:30,172.05,172.23,172.02,172.16,7476.0
2026-06-16 11:40:00+05:30,172.29,172.3,172.07,172.1,3303.0
2026-06-16 11:45:00+05:30,172.18,172.18,172.06,172.07,1378.0
2026-06-16 11:50:00+05:30,172.08,172.27,172.0,172.21,10368.0
2026-06-16 11:55:00+05:30,172.21,172.27,172.0,172.0,7895.0
2026-06-16 12:00:00+05:30,172.04,172.12,172.0,172.01,6857.0
2026-06-16 12:05:00+05:30,172.09,172.13,172.01,172.1,4427.0
2026-06-16 12:10:00+05:30,172.13,172.48,172.1,172.46,7045.0
2026-06-16 12:15:00+05:30,172.46,172.46,172.0,172.0,19184.0
2026-06-16 12:20:00+05:30,172.1,172.1,171.98,172.04,8839.0
2026-06-16 12:25:00+05:30,172.05,172.18,172.05,172.11,1802.0
2026-06-16 12:30:00+05:30,172.14,172.14,172.07,172.07,2463.0
2026-06-16 12:35:00+05:30,172.1,172.28,172.07,172.15,6420.0
2026-06-16 12:40:00+05:30,172.15,172.3,172.15,172.27,3383.0
2026-06-16 12:45:00+05:30,172.23,172.28,172.23,172.23,1916.0
2026-06-16 12:50:00+05:30,172.23,172.23,172.09,172.12,2795.0
2026-06-16 12:55:00+05:30,172.13,172.21,172.13,172.2,1139.0
2026-06-16 13:00:00+05:30,172.14,172.2,172.14,172.15,2510.0
2026-06-16 13:05:00+05:30,172.2,172.3,172.15,172.29,2851.0
2026-06-16 13:10:00+05:30,172.3,172.5,172.3,172.45,9331.0
2026-06-16 13:15:00+05:30,172.4,172.48,172.27,172.28,5820.0
2026-06-16 13:20:00+05:30,172.34,172.5,172.28,172.44,12117.0
2026-06-16 13:25:00+05:30,172.44,172.49,172.4,172.48,1633.0
2026-06-16 13:30:00+05:30,172.42,172.46,172.04,172.33,73629.0
2026-06-16 13:35:00+05:30,172.33,172.33,172.24,172.29,3000.0
2026-06-16 13:40:00+05:30,172.24,172.24,172.11,172.2,811.0
2026-06-16 13:45:00+05:30,172.2,172.32,172.0,172.32,3881.0
2026-06-16 13:50:00+05:30,172.25,172.3,172.11,172.24,2594.0
2026-06-16 13:55:00+05:30,172.17,172.48,172.17,172.36,5783.0
2026-06-16 14:00:00+05:30,172.36,172.36,172.09,172.23,5789.0
2026-06-16 14:05:00+05:30,172.23,172.35,172.12,172.13,10230.0
2026-06-16 14:10:00+05:30,172.21,172.3,172.21,172.25,1143.0
2026-06-16 14:15:00+05:30,172.25,172.29,172.07,172.07,5477.0
2026-06-16 14:20:00+05:30,172.07,172.29,172.01,172.29,7890.0
2026-06-16 14:25:00+05:30,172.29,172.45,172.25,172.25,11920.0
2026-06-16 14:30:00+05:30,172.25,172.5,172.08,172.49,7358.0
2026-06-16 14:35:00+05:30,172.49,172.5,172.3,172.39,3998.0
2026-06-16 14:40:00+05:30,172.3,172.38,172.27,172.27,6635.0
2026-06-16 14:45:00+05:30,172.27,172.27,172.02,172.15,14222.0
2026-06-16 14:50:00+05:30,172.09,172.32,172.06,172.27,9407.0
2026-06-16 14:55:00+05:30,172.23,172.29,172.06,172.22,12926.0
2026-06-16 15:00:00+05:30,172.24,172.51,172.19,172.45,34777.0
2026-06-16 15:05:00+05:30,172.45,172.49,172.31,172.4,16875.0
2026-06-16 15:10:00+05:30,172.4,172.5,172.24,172.42,41660.0
2026-06-16 15:15:00+05:30,172.44,172.44,172.1,172.34,50548.0
2026-06-16 15:20:00+05:30,172.34,172.39,172.0,172.02,39698.0
2026-06-16 15:25:00+05:30,172.09,172.37,171.51,171.51,47664.0
2026-06-17 09:15:00+05:30,172.26,172.36,170.01,170.01,80779.0
2026-06-17 09:20:00+05:30,170.14,170.2,169.8,170.09,32740.0
2026-06-17 09:25:00+05:30,170.13,170.7,170.0,170.22,36373.0
2026-06-17 09:30:00+05:30,170.19,170.47,170.02,170.06,21744.0
2026-06-17 09:35:00+05:30,170.11,170.36,170.02,170.22,12206.0
2026-06-17 09:40:00+05:30,170.26,170.29,170.11,170.18,16360.0
2026-06-17 09:45:00+05:30,170.12,170.18,169.9,169.91,50278.0
2026-06-17 09:50:00+05:30,170.0,170.0,169.54,169.73,31325.0
2026-06-17 09:55:00+05:30,169.73,170.01,169.6,169.95,72046.0
2026-06-17 10:00:00+05:30,170.0,170.0,169.7,169.76,23556.0
2026-06-17 10:05:00+05:30,169.76,169.9,169.75,169.9,8270.0
2026-06-17 10:10:00+05:30,169.81,169.93,169.7,169.8,5942.0
2026-06-17 10:15:00+05:30,169.8,169.89,169.74,169.78,5449.0
2026-06-17 10:20:00+05:30,169.88,169.99,169.75,169.94,11168.0
2026-06-17 10:25:00+05:30,169.97,169.99,169.9,169.97,7121.0
2026-06-17 10:30:00+05:30,169.97,170.0,169.83,169.96,9607.0
2026-06-17 10:35:00+05:30,169.96,169.96,169.81,169.92,3447.0
2026-06-17 10:40:00+05:30,169.81,170.0,169.81,169.99,7846.0
2026-06-17 10:45:00+05:30,170.0,170.0,169.86,169.89,6487.0
2026-06-17 10:50:00+05:30,169.88,169.89,169.8,169.89,8365.0
2026-06-17 10:55:00+05:30,169.88,169.89,169.77,169.85,13316.0
2026-06-17 11:00:00+05:30,169.84,169.95,169.75,169.8,16480.0
2026-06-17 11:05:00+05:30,169.8,169.83,169.75,169.76,2028.0
2026-06-17 11:10:00+05:30,169.76,170.07,169.76,170.07,17109.0
2026-06-17 11:15:00+05:30,169.94,170.0,169.8,170.0,20558.0
2026-06-17 11:20:00+05:30,169.99,170.04,169.91,169.99,7107.0
2026-06-17 11:25:00+05:30,169.99,170.0,169.8,169.95,5364.0
2026-06-17 11:30:00+05:30,169.9,169.95,169.9,169.95,4540.0
2026-06-17 11:35:00+05:30,169.95,170.07,169.9,169.9,4847.0
2026-06-17 11:40:00+05:30,169.99,169.99,169.9,169.97,10597.0
2026-06-17 11:45:00+05:30,169.97,170.01,169.9,169.95,23720.0
2026-06-17 11:50:00+05:30,169.96,170.0,169.9,170.0,5858.0
2026-06-17 11:55:00+05:30,170.0,170.06,169.9,169.95,6205.0
2026-06-17 12:00:00+05:30,169.95,169.96,169.9,169.96,3641.0
2026-06-17 12:05:00+05:30,169.9,169.99,169.9,169.99,2630.0
2026-06-17 12:10:00+05:30,169.99,170.0,169.91,170.0,7027.0
2026-06-17 12:15:00+05:30,170.0,170.0,169.81,169.91,24398.0
2026-06-17 12:20:00+05:30,169.91,169.92,169.75,169.89,13837.0
2026-06-17 12:25:00+05:30,169.89,169.94,169.76,169.94,4115.0
2026-06-17 12:30:00+05:30,169.94,169.94,169.75,169.89,7636.0
2026-06-17 12:35:00+05:30,169.9,170.07,169.87,169.95,23479.0
2026-06-17 12:40:00+05:30,169.81,169.98,169.76,169.9,9079.0
2026-06-17 12:45:00+05:30,169.9,169.99,169.77,169.98,3608.0
2026-06-17 12:50:00+05:30,169.98,170.01,169.89,169.99,4883.0
2026-06-17 12:55:00+05:30,169.91,170.0,169.89,169.97,1314.0
2026-06-17 13:00:00+05:30,169.88,169.99,169.75,169.81,9067.0
2026-06-17 13:05:00+05:30,169.91,169.98,169.75,169.9,5381.0
2026-06-17 13:10:00+05:30,169.9,169.97,169.8,169.9,3069.0
2026-06-17 13:15:00+05:30,169.9,170.0,169.78,170.0,5207.0
2026-06-17 13:20:00+05:30,170.0,170.1,169.86,170.0,6104.0
2026-06-17 13:25:00+05:30,169.99,170.0,169.83,170.0,14658.0
2026-06-17 13:30:00+05:30,170.0,170.07,169.9,169.97,14443.0
2026-06-17 13:35:00+05:30,169.97,169.97,169.95,169.95,1211.0
2026-06-17 13:40:00+05:30,169.97,170.01,169.95,169.99,21946.0
2026-06-17 13:45:00+05:30,169.95,169.99,169.9,169.96,4059.0
2026-06-17 13:50:00+05:30,169.96,170.0,169.9,170.0,13025.0
2026-06-17 13:55:00+05:30,169.99,170.0,169.91,169.92,4423.0
2026-06-17 14:00:00+05:30,169.91,170.01,169.9,169.96,7655.0
2026-06-17 14:05:00+05:30,170.0,170.0,169.96,170.0,9879.0
2026-06-17 14:10:00+05:30,170.0,170.0,169.79,169.84,6456.0
2026-06-17 14:15:00+05:30,169.8,170.0,169.78,169.94,24223.0
2026-06-17 14:20:00+05:30,169.86,170.0,169.81,169.95,9044.0
2026-06-17 14:25:00+05:30,169.95,170.0,169.89,169.98,3931.0
2026-06-17 14:30:00+05:30,169.97,170.03,169.81,169.82,8692.0
2026-06-17 14:35:00+05:30,169.93,169.96,169.8,169.86,3482.0
2026-06-17 14:40:00+05:30,169.93,170.01,169.85,170.0,61897.0
2026-06-17 14:45:00+05:30,170.0,170.02,169.9,169.99,26835.0
2026-06-17 14:50:00+05:30,169.97,169.97,169.81,169.89,4217.0
2026-06-17 14:55:00+05:30,169.9,169.94,169.8,169.83,4298.0
2026-06-17 15:00:00+05:30,169.92,170.0,169.9,169.99,26606.0
2026-06-17 15:05:00+05:30,169.99,170.0,169.9,169.99,68461.0
2026-06-17 15:10:00+05:30,169.99,170.0,169.93,169.98,32164.0
2026-06-17 15:15:00+05:30,169.98,170.0,169.8,169.89,41696.0
2026-06-17 15:20:00+05:30,169.89,170.0,169.55,169.96,49207.0
2026-06-17 15:25:00+05:30,169.96,170.0,169.5,169.96,48186.0
2026-06-18 09:15:00+05:30,170.0,170.99,170.0,170.27,41870.0
2026-06-18 09:20:00+05:30,170.25,170.45,170.1,170.23,22447.0
2026-06-18 09:25:00+05:30,170.25,171.42,169.95,171.39,56970.0
2026-06-18 09:30:00+05:30,171.39,171.4,170.85,170.85,17611.0
2026-06-18 09:35:00+05:30,170.86,170.86,170.19,170.67,17362.0
2026-06-18 09:40:00+05:30,170.65,171.21,170.58,170.9,13663.0
2026-06-18 09:45:00+05:30,170.9,171.52,170.84,171.42,27638.0
2026-06-18 09:50:00+05:30,171.42,171.48,171.11,171.37,8946.0
2026-06-18 09:55:00+05:30,171.37,171.37,171.0,171.02,7847.0
2026-06-18 10:00:00+05:30,171.02,171.8,170.66,171.58,34005.0
2026-06-18 10:05:00+05:30,171.58,171.58,171.33,171.44,2650.0
2026-06-18 10:10:00+05:30,171.5,171.5,171.07,171.4,13703.0
2026-06-18 10:15:00+05:30,171.33,171.44,171.0,171.0,1808.0
2026-06-18 10:20:00+05:30,171.09,171.09,170.9,170.9,15953.0
2026-06-18 10:25:00+05:30,170.91,170.96,170.51,170.64,4868.0
2026-06-18 10:30:00+05:30,170.64,170.93,170.5,170.9,2947.0
2026-06-18 10:35:00+05:30,170.9,170.9,170.59,170.59,3622.0
2026-06-18 10:40:00+05:30,170.59,170.91,170.5,170.77,7863.0
2026-06-18 10:45:00+05:30,170.86,171.0,170.77,170.84,3873.0
2026-06-18 10:50:00+05:30,170.84,170.92,169.92,170.02,35306.0
2026-06-18 10:55:00+05:30,170.0,170.0,169.47,169.5,30413.0
2026-06-18 11:00:00+05:30,169.51,169.62,169.11,169.15,21756.0
2026-06-18 11:05:00+05:30,169.19,169.19,168.66,168.94,58765.0
2026-06-18 11:10:00+05:30,168.8,168.8,168.5,168.51,20841.0
2026-06-18 11:15:00+05:30,168.53,168.53,168.3,168.35,19431.0
2026-06-18 11:20:00+05:30,168.35,168.77,168.35,168.57,29697.0
2026-06-18 11:25:00+05:30,168.58,168.79,168.56,168.79,15774.0
2026-06-18 11:30:00+05:30,168.79,168.79,168.6,168.7,16512.0
2026-06-18 11:35:00+05:30,168.8,168.92,168.7,168.7,16516.0
2026-06-18 11:40:00+05:30,168.7,168.8,168.55,168.59,12918.0
2026-06-18 11:45:00+05:30,168.55,168.63,168.5,168.54,16327.0
2026-06-18 11:50:00+05:30,168.5,168.59,168.41,168.43,12218.0
2026-06-18 11:55:00+05:30,168.53,168.56,168.4,168.44,14901.0
2026-06-18 12:00:00+05:30,168.51,168.83,168.4,168.83,17749.0
2026-06-18 12:05:00+05:30,168.89,168.98,168.74,168.74,15067.0
2026-06-18 12:10:00+05:30,168.79,168.95,168.7,168.8,12998.0
2026-06-18 12:15:00+05:30,168.79,168.98,168.7,168.74,14565.0
2026-06-18 12:20:00+05:30,168.79,169.13,168.73,169.13,13053.0
2026-06-18 12:25:00+05:30,169.02,169.65,168.88,169.65,19104.0
2026-06-18 12:30:00+05:30,169.65,170.2,169.57,170.04,36496.0
2026-06-18 12:35:00+05:30,170.03,170.03,169.73,169.91,8515.0
2026-06-18 12:40:00+05:30,169.85,170.15,169.85,170.1,7047.0
2026-06-18 12:45:00+05:30,170.08,170.1,169.83,170.09,7001.0
2026-06-18 12:50:00+05:30,170.1,170.4,170.01,170.3,20500.0
2026-06-18 12:55:00+05:30,170.29,170.36,170.22,170.34,3207.0
2026-06-18 13:00:00+05:30,170.34,170.37,170.01,170.29,3626.0
2026-06-18 13:05:00+05:30,170.29,170.69,170.23,170.6,14015.0
2026-06-18 13:10:00+05:30,170.57,170.8,170.53,170.75,4244.0
2026-06-18 13:15:00+05:30,170.61,170.68,170.43,170.45,4436.0
2026-06-18 13:20:00+05:30,170.45,170.5,170.36,170.36,4894.0
2026-06-18 13:25:00+05:30,170.45,170.61,170.34,170.58,7325.0
2026-06-18 13:30:00+05:30,170.58,170.58,170.3,170.47,7257.0
2026-06-18 13:35:00+05:30,170.59,170.6,170.51,170.58,1127.0
2026-06-18 13:40:00+05:30,170.58,170.6,170.5,170.59,5139.0
2026-06-18 13:45:00+05:30,170.49,170.58,170.48,170.55,993.0
2026-06-18 13:50:00+05:30,170.57,170.6,170.35,170.35,6622.0
2026-06-18 13:55:00+05:30,170.3,170.34,170.17,170.3,9312.0
2026-06-18 14:00:00+05:30,170.3,170.34,170.17,170.25,11834.0
2026-06-18 14:05:00+05:30,170.25,170.4,170.09,170.09,12674.0
2026-06-18 14:10:00+05:30,170.09,170.57,170.09,170.1,21792.0
2026-06-18 14:15:00+05:30,170.11,170.23,169.93,170.0,10160.0
2026-06-18 14:20:00+05:30,169.99,170.23,169.96,170.14,7042.0
2026-06-18 14:25:00+05:30,170.13,170.38,170.11,170.21,8050.0
2026-06-18 14:30:00+05:30,170.22,170.28,170.05,170.12,14640.0
2026-06-18 14:35:00+05:30,170.12,170.38,170.07,170.21,8845.0
2026-06-18 14:40:00+05:30,170.22,170.34,170.07,170.15,6827.0
2026-06-18 14:45:00+05:30,170.13,170.55,170.07,170.14,11593.0
2026-06-18 14:50:00+05:30,170.12,170.35,170.11,170.12,10192.0
2026-06-18 14:55:00+05:30,170.11,170.52,170.08,170.52,33579.0
2026-06-18 15:00:00+05:30,170.69,171.0,170.69,170.93,20550.0
2026-06-18 15:05:00+05:30,170.93,170.99,170.73,170.99,12735.0
2026-06-18 15:10:00+05:30,170.95,170.99,170.6,170.92,24921.0
2026-06-18 15:15:00+05:30,170.92,170.92,170.61,170.75,18240.0
2026-06-18 15:20:00+05:30,170.75,170.85,170.51,170.6,18680.0
2026-06-18 15:25:00+05:30,170.64,170.93,170.25,170.7,49346.0
2026-06-19 09:15:00+05:30,169.8,170.49,169.63,170.36,15187.0
2026-06-19 09:20:00+05:30,170.42,170.57,170.17,170.5,7763.0
2026-06-19 09:25:00+05:30,170.55,170.8,170.07,170.07,11301.0
2026-06-19 09:30:00+05:30,170.07,170.16,169.85,169.9,10684.0
2026-06-19 09:35:00+05:30,169.88,170.64,169.82,170.45,21308.0
2026-06-19 09:40:00+05:30,170.46,170.93,170.46,170.65,16881.0
2026-06-19 09:45:00+05:30,170.68,171.49,170.26,171.39,27096.0
2026-06-19 09:50:00+05:30,171.34,171.34,170.72,170.72,17912.0
2026-06-19 09:55:00+05:30,170.95,170.97,170.67,170.75,2609.0
2026-06-19 10:00:00+05:30,170.75,170.95,170.5,170.95,6420.0
2026-06-19 10:05:00+05:30,170.96,171.13,170.82,171.07,22513.0
2026-06-19 10:10:00+05:30,171.1,171.28,171.08,171.14,8602.0
2026-06-19 10:15:00+05:30,171.14,171.2,171.0,171.09,9948.0
2026-06-19 10:20:00+05:30,171.09,171.18,170.8,170.95,11247.0
2026-06-19 10:25:00+05:30,170.96,170.97,170.55,170.71,10698.0
2026-06-19 10:30:00+05:30,170.71,170.8,170.56,170.77,2861.0
2026-06-19 10:35:00+05:30,170.76,170.77,170.55,170.64,3055.0
2026-06-19 10:40:00+05:30,170.63,170.64,170.5,170.64,2953.0
2026-06-19 10:45:00+05:30,170.64,170.64,170.52,170.52,812.0
2026-06-19 10:50:00+05:30,170.62,170.64,170.4,170.5,7277.0
2026-06-19 10:55:00+05:30,170.5,170.5,170.3,170.45,3716.0
2026-06-19 11:00:00+05:30,170.44,170.67,170.44,170.62,2943.0
2026-06-19 11:05:00+05:30,170.61,170.63,170.3,170.3,1836.0
2026-06-19 11:10:00+05:30,170.11,170.59,170.11,170.5,9608.0
2026-06-19 11:15:00+05:30,170.5,170.6,170.25,170.25,3488.0
2026-06-19 11:20:00+05:30,170.25,170.29,170.11,170.19,3239.0
2026-06-19 11:25:00+05:30,170.19,170.25,170.11,170.11,3345.0
2026-06-19 11:30:00+05:30,170.11,170.22,169.81,169.89,21257.0
2026-06-19 11:35:00+05:30,169.8,170.06,169.66,169.71,8896.0
2026-06-19 11:40:00+05:30,169.71,170.22,169.71,169.98,35656.0
2026-06-19 11:45:00+05:30,169.9,169.9,169.8,169.86,2550.0
2026-06-19 11:50:00+05:30,169.86,169.93,169.6,169.83,14663.0
2026-06-19 11:55:00+05:30,169.83,170.0,169.58,169.71,8964.0
2026-06-19 12:00:00+05:30,169.69,169.95,169.51,169.62,14474.0
2026-06-19 12:05:00+05:30,169.52,169.61,169.3,169.36,9970.0
2026-06-19 12:10:00+05:30,169.3,169.66,169.3,169.66,2120.0
2026-06-19 12:15:00+05:30,169.52,169.75,169.35,169.35,7959.0
2026-06-19 12:20:00+05:30,169.38,169.71,169.38,169.46,6142.0
2026-06-19 12:25:00+05:30,169.57,169.66,169.45,169.46,8996.0
2026-06-19 12:30:00+05:30,169.61,169.65,169.45,169.58,6531.0
2026-06-19 12:35:00+05:30,169.59,169.59,169.02,169.07,17279.0
2026-06-19 12:40:00+05:30,169.2,169.2,168.82,169.13,24440.0
2026-06-19 12:45:00+05:30,169.25,169.38,169.12,169.12,2899.0
2026-06-19 12:50:00+05:30,169.27,169.42,169.15,169.21,6456.0
2026-06-19 12:55:00+05:30,169.21,169.55,169.21,169.37,6549.0
2026-06-19 13:00:00+05:30,169.37,169.45,169.2,169.2,688.0
2026-06-19 13:05:00+05:30,169.25,169.31,169.1,169.11,3743.0
2026-06-19 13:10:00+05:30,169.11,169.22,169.01,169.22,3784.0
2026-06-19 13:15:00+05:30,169.22,169.24,169.12,169.14,715.0
2026-06-19 13:20:00+05:30,169.17,169.3,169.12,169.27,3450.0
2026-06-19 13:25:00+05:30,169.21,169.44,169.15,169.3,5340.0
2026-06-19 13:30:00+05:30,169.3,169.5,169.3,169.5,3275.0
2026-06-19 13:35:00+05:30,169.4,169.55,169.37,169.51,2586.0
2026-06-19 13:40:00+05:30,169.51,169.71,169.51,169.66,3897.0
2026-06-19 13:45:00+05:30,169.65,169.68,169.46,169.46,2143.0
2026-06-19 13:50:00+05:30,169.58,169.7,169.15,169.18,7651.0
2026-06-19 13:55:00+05:30,169.27,169.33,169.18,169.26,841.0
2026-06-19 14:00:00+05:30,169.25,169.39,169.18,169.26,1790.0
2026-06-19 14:05:00+05:30,169.31,169.47,169.01,169.1,13539.0
2026-06-19 14:10:00+05:30,169.06,169.1,169.01,169.1,8586.0
2026-06-19 14:15:00+05:30,169.1,169.1,169.01,169.1,4292.0
2026-06-19 14:20:00+05:30,169.1,169.43,169.0,169.07,27170.0
2026-06-19 14:25:00+05:30,169.18,169.3,168.96,169.16,2485.0
2026-06-19 14:30:00+05:30,169.3,169.42,169.19,169.28,2060.0
2026-06-19 14:35:00+05:30,169.35,169.54,169.19,169.52,4899.0
2026-06-19 14:40:00+05:30,169.4,169.7,169.39,169.62,4372.0
2026-06-19 14:45:00+05:30,169.66,169.75,169.48,169.6,6127.0
2026-06-19 14:50:00+05:30,169.58,169.68,168.96,169.15,20739.0
2026-06-19 14:55:00+05:30,169.1,169.23,168.8,169.1,5590.0
2026-06-19 15:00:00+05:30,169.18,169.7,168.45,168.84,119967.0
2026-06-19 15:05:00+05:30,168.92,169.35,168.71,169.03,60875.0
2026-06-19 15:10:00+05:30,169.1,169.18,168.8,169.0,36883.0
2026-06-19 15:15:00+05:30,169.11,169.15,168.72,168.99,53951.0
2026-06-19 15:20:00+05:30,168.99,169.02,168.5,168.7,45793.0
2026-06-19 15:25:00+05:30,168.85,169.0,168.66,169.0,63844.0
2026-06-22 09:15:00+05:30,170.4,171.57,169.9,171.0,71785.0
2026-06-22 09:20:00+05:30,171.09,172.66,171.0,172.19,176831.0
2026-06-22 09:25:00+05:30,172.2,172.2,171.78,171.83,43154.0
2026-06-22 09:30:00+05:30,171.73,173.4,171.73,173.26,125516.0
2026-06-22 09:35:00+05:30,173.4,173.74,173.12,173.45,129647.0
2026-06-22 09:40:00+05:30,173.43,176.44,173.07,176.42,491164.0
2026-06-22 09:45:00+05:30,176.38,177.25,174.41,174.41,597077.0
2026-06-22 09:50:00+05:30,174.45,174.61,173.43,173.45,233457.0
2026-06-22 09:55:00+05:30,173.52,173.89,173.5,173.87,74088.0
2026-06-22 10:00:00+05:30,173.88,174.66,173.82,174.0,93795.0
2026-06-22 10:05:00+05:30,174.0,174.44,173.92,174.44,24422.0
2026-06-22 10:10:00+05:30,174.38,174.99,174.11,174.8,59548.0
2026-06-22 10:15:00+05:30,174.79,174.91,174.2,174.21,26609.0
2026-06-22 10:20:00+05:30,174.21,174.32,174.11,174.3,15949.0
2026-06-22 10:25:00+05:30,174.14,174.28,174.0,174.08,21733.0
2026-06-22 10:30:00+05:30,174.01,174.11,173.6,173.6,39345.0
2026-06-22 10:35:00+05:30,173.6,173.96,173.51,173.79,19848.0
2026-06-22 10:40:00+05:30,173.91,174.22,173.8,174.14,15562.0
2026-06-22 10:45:00+05:30,174.03,174.2,173.56,173.56,12495.0
2026-06-22 10:50:00+05:30,173.67,173.98,173.56,173.84,8901.0
2026-06-22 10:55:00+05:30,173.72,174.18,173.67,174.09,11181.0
2026-06-22 11:00:00+05:30,174.1,174.11,173.85,174.04,9982.0
2026-06-22 11:05:00+05:30,174.0,174.09,173.89,173.89,6002.0
2026-06-22 11:10:00+05:30,174.0,174.05,173.82,173.9,5056.0
2026-06-22 11:15:00+05:30,173.99,174.05,173.83,173.91,6068.0
2026-06-22 11:20:00+05:30,173.89,174.0,173.88,173.91,4931.0
2026-06-22 11:25:00+05:30,173.88,174.13,173.88,174.04,9695.0
2026-06-22 11:30:00+05:30,174.04,174.1,173.89,174.1,7864.0
2026-06-22 11:35:00+05:30,174.0,174.14,173.97,174.07,4509.0
2026-06-22 11:40:00+05:30,174.04,174.13,174.04,174.13,1637.0
2026-06-22 11:45:00+05:30,174.08,174.14,173.99,173.99,4296.0
2026-06-22 11:50:00+05:30,174.0,174.14,173.9,174.01,11266.0
2026-06-22 11:55:00+05:30,174.02,174.5,173.95,174.08,23375.0
2026-06-22 12:00:00+05:30,174.08,174.17,173.85,173.92,11664.0
2026-06-22 12:05:00+05:30,173.85,173.97,173.55,173.65,17662.0
2026-06-22 12:10:00+05:30,173.65,173.8,173.6,173.6,2591.0
2026-06-22 12:15:00+05:30,173.67,173.82,173.6,173.69,3760.0
2026-06-22 12:20:00+05:30,173.69,173.97,173.64,173.74,10488.0
2026-06-22 12:25:00+05:30,173.65,173.85,173.6,173.84,6334.0
2026-06-22 12:30:00+05:30,173.75,173.87,173.7,173.75,5633.0
2026-06-22 12:35:00+05:30,173.75,173.85,173.6,173.61,4421.0
2026-06-22 12:40:00+05:30,173.61,173.97,173.61,173.87,2436.0
2026-06-22 12:45:00+05:30,173.85,173.88,173.73,173.75,2372.0
2026-06-22 12:50:00+05:30,173.73,173.95,173.73,173.73,6139.0
2026-06-22 12:55:00+05:30,173.73,173.85,173.62,173.66,5219.0
2026-06-22 13:00:00+05:30,173.8,173.83,173.59,173.59,7199.0
2026-06-22 13:05:00+05:30,173.59,174.26,173.58,174.17,22754.0
2026-06-22 13:10:00+05:30,174.26,174.85,174.23,174.3,50785.0
2026-06-22 13:15:00+05:30,174.3,174.54,174.18,174.39,19318.0
2026-06-22 13:20:00+05:30,174.24,174.4,174.17,174.23,5770.0
2026-06-22 13:25:00+05:30,174.27,174.5,174.25,174.38,8329.0
2026-06-22 13:30:00+05:30,174.3,174.4,174.15,174.19,10368.0
2026-06-22 13:35:00+05:30,174.26,174.32,174.0,174.2,9167.0
2026-06-22 13:40:00+05:30,174.25,174.25,174.0,174.1,8966.0
2026-06-22 13:45:00+05:30,174.15,174.17,174.0,174.0,16077.0
2026-06-22 13:50:00+05:30,174.01,174.12,174.0,174.0,8645.0
2026-06-22 13:55:00+05:30,174.01,174.4,174.0,174.13,21675.0
2026-06-22 14:00:00+05:30,174.2,174.47,174.11,174.3,6819.0
2026-06-22 14:05:00+05:30,174.3,174.43,173.68,173.83,25688.0
2026-06-22 14:10:00+05:30,173.81,174.01,173.79,173.93,2455.0
2026-06-22 14:15:00+05:30,173.85,174.08,173.7,173.92,7782.0
2026-06-22 14:20:00+05:30,173.92,174.1,173.9,174.09,1686.0
2026-06-22 14:25:00+05:30,174.09,174.68,174.0,174.4,37927.0
2026-06-22 14:30:00+05:30,174.5,174.5,174.27,174.27,9383.0
2026-06-22 14:35:00+05:30,174.27,174.4,174.13,174.19,13886.0
2026-06-22 14:40:00+05:30,174.16,174.45,174.06,174.3,10228.0
2026-06-22 14:45:00+05:30,174.29,174.37,174.08,174.2,15349.0
2026-06-22 14:50:00+05:30,174.2,174.45,174.2,174.26,14407.0
2026-06-22 14:55:00+05:30,174.26,174.34,174.06,174.18,18918.0
2026-06-22 15:00:00+05:30,174.27,174.85,174.27,174.79,61618.0
2026-06-22 15:05:00+05:30,174.81,175.2,174.14,174.47,93624.0
2026-06-22 15:10:00+05:30,174.52,174.7,174.32,174.42,24293.0
2026-06-22 15:15:00+05:30,174.44,174.49,174.02,174.2,59935.0
2026-06-22 15:20:00+05:30,174.2,174.25,173.36,173.8,146762.0
2026-06-22 15:25:00+05:30,173.8,174.18,173.52,173.7,60606.0
2026-06-23 09:15:00+05:30,174.22,175.08,173.31,173.46,37006.0
2026-06-23 09:20:00+05:30,173.43,173.78,173.36,173.36,21643.0
2026-06-23 09:25:00+05:30,173.36,173.48,173.2,173.36,25181.0
2026-06-23 09:30:00+05:30,173.36,174.36,173.2,174.14,28303.0
2026-06-23 09:35:00+05:30,174.26,174.3,173.74,173.89,16083.0
2026-06-23 09:40:00+05:30,173.75,173.79,173.55,173.6,6282.0
2026-06-23 09:45:00+05:30,173.59,173.94,173.55,173.79,8447.0
2026-06-23 09:50:00+05:30,173.98,173.98,173.1,173.49,40178.0
2026-06-23 09:55:00+05:30,173.33,173.47,173.2,173.37,3919.0
2026-06-23 10:00:00+05:30,173.38,173.5,173.25,173.25,8740.0
2026-06-23 10:05:00+05:30,173.25,173.25,173.0,173.14,10220.0
2026-06-23 10:10:00+05:30,173.16,173.26,173.02,173.03,8447.0
2026-06-23 10:15:00+05:30,173.0,173.05,172.8,173.05,16882.0
2026-06-23 10:20:00+05:30,173.08,173.08,172.82,172.85,4693.0
2026-06-23 10:25:00+05:30,172.84,172.84,172.61,172.66,8837.0
2026-06-23 10:30:00+05:30,172.61,172.8,172.55,172.78,14295.0
2026-06-23 10:35:00+05:30,172.7,172.9,172.53,172.63,10235.0
2026-06-23 10:40:00+05:30,172.62,172.72,172.61,172.69,4546.0
2026-06-23 10:45:00+05:30,172.69,172.69,172.5,172.5,9807.0
2026-06-23 10:50:00+05:30,172.5,172.64,172.5,172.61,1955.0
2026-06-23 10:55:00+05:30,172.55,172.7,172.55,172.67,2048.0
2026-06-23 11:00:00+05:30,172.67,172.67,172.32,172.43,7259.0
2026-06-23 11:05:00+05:30,172.43,172.68,172.43,172.67,2415.0
2026-06-23 11:10:00+05:30,172.66,172.89,172.65,172.7,7257.0
2026-06-23 11:15:00+05:30,172.68,172.95,172.65,172.69,7340.0
2026-06-23 11:20:00+05:30,172.68,172.68,172.42,172.42,7886.0
2026-06-23 11:25:00+05:30,172.42,172.87,172.25,172.35,11043.0
2026-06-23 11:30:00+05:30,172.42,172.87,172.42,172.87,5667.0
2026-06-23 11:35:00+05:30,172.85,172.85,171.71,171.9,30529.0
2026-06-23 11:40:00+05:30,172.04,172.2,171.92,172.08,8669.0
2026-06-23 11:45:00+05:30,172.18,172.2,171.84,171.91,4095.0
2026-06-23 11:50:00+05:30,171.89,171.89,171.67,171.67,6809.0
2026-06-23 11:55:00+05:30,171.73,171.8,171.5,171.62,16212.0
2026-06-23 12:00:00+05:30,171.66,171.67,171.51,171.54,9696.0
2026-06-23 12:05:00+05:30,171.51,171.66,171.4,171.5,12577.0
2026-06-23 12:10:00+05:30,171.47,171.7,171.36,171.7,11739.0
2026-06-23 12:15:00+05:30,171.69,171.7,171.37,171.59,8062.0
2026-06-23 12:20:00+05:30,171.59,172.02,171.49,171.62,15456.0
2026-06-23 12:25:00+05:30,171.62,171.92,171.57,171.89,18654.0
2026-06-23 12:30:00+05:30,171.88,171.94,171.48,171.6,13365.0
2026-06-23 12:35:00+05:30,171.6,171.8,171.55,171.74,7337.0
2026-06-23 12:40:00+05:30,171.7,171.72,171.4,171.5,4943.0
2026-06-23 12:45:00+05:30,171.49,171.62,171.4,171.55,4548.0
2026-06-23 12:50:00+05:30,171.55,171.6,171.36,171.43,5333.0
2026-06-23 12:55:00+05:30,171.45,171.77,171.35,171.73,18955.0
2026-06-23 13:00:00+05:30,171.64,171.68,171.45,171.65,6390.0
2026-06-23 13:05:00+05:30,171.71,171.95,171.66,171.91,20398.0
2026-06-23 13:10:00+05:30,171.92,171.92,171.72,171.79,8809.0
2026-06-23 13:15:00+05:30,171.8,171.83,171.6,171.71,3314.0
2026-06-23 13:20:00+05:30,171.7,171.87,171.59,171.63,3547.0
2026-06-23 13:25:00+05:30,171.74,171.74,171.44,171.44,6180.0
2026-06-23 13:30:00+05:30,171.51,171.59,171.35,171.35,4261.0
2026-06-23 13:35:00+05:30,171.36,171.49,171.3,171.49,5000.0
2026-06-23 13:40:00+05:30,171.48,171.5,171.32,171.49,11435.0
2026-06-23 13:45:00+05:30,171.49,171.67,171.34,171.64,6546.0
2026-06-23 13:50:00+05:30,171.64,171.64,171.47,171.61,5087.0
2026-06-23 13:55:00+05:30,171.61,171.68,171.49,171.5,5134.0
2026-06-23 14:00:00+05:30,171.5,171.82,171.39,171.61,6925.0
2026-06-23 14:05:00+05:30,171.64,171.74,171.46,171.57,6400.0
2026-06-23 14:10:00+05:30,171.58,171.65,171.44,171.64,3953.0
2026-06-23 14:15:00+05:30,171.64,171.66,171.52,171.66,5077.0
2026-06-23 14:20:00+05:30,171.63,171.72,171.6,171.65,2773.0
2026-06-23 14:25:00+05:30,171.65,171.65,171.6,171.65,1655.0
2026-06-23 14:30:00+05:30,171.65,171.74,171.5,171.61,7623.0
2026-06-23 14:35:00+05:30,171.61,171.8,171.53,171.7,3487.0
2026-06-23 14:40:00+05:30,171.79,171.79,171.56,171.71,8274.0
2026-06-23 14:45:00+05:30,171.65,171.9,171.65,171.81,13073.0
2026-06-23 14:50:00+05:30,171.75,171.8,171.45,171.45,25109.0
2026-06-23 14:55:00+05:30,171.49,171.66,171.42,171.6,13477.0
2026-06-23 15:00:00+05:30,171.6,171.69,171.05,171.1,26014.0
2026-06-23 15:05:00+05:30,171.11,171.27,171.05,171.2,22216.0
2026-06-23 15:10:00+05:30,171.2,171.27,171.11,171.15,13818.0
2026-06-23 15:15:00+05:30,171.17,171.17,171.05,171.07,32986.0
2026-06-23 15:20:00+05:30,171.07,171.1,171.05,171.1,33031.0
2026-06-23 15:25:00+05:30,171.1,171.9,171.0,171.53,49064.0
2026-06-24 09:15:00+05:30,171.25,171.9,170.75,171.42,28712.0
2026-06-24 09:20:00+05:30,171.62,172.04,171.23,171.76,31621.0
2026-06-24 09:25:00+05:30,171.76,172.09,171.64,171.9,27920.0
2026-06-24 09:30:00+05:30,171.9,172.47,171.9,172.27,33357.0
2026-06-24 09:35:00+05:30,172.39,172.45,171.6,171.75,17753.0
2026-06-24 09:40:00+05:30,171.7,172.15,171.6,171.79,16587.0
2026-06-24 09:45:00+05:30,171.63,171.9,171.34,171.38,15696.0
2026-06-24 09:50:00+05:30,171.3,171.63,171.15,171.46,23898.0
2026-06-24 09:55:00+05:30,171.46,171.71,171.34,171.39,4496.0
2026-06-24 10:00:00+05:30,171.48,171.88,171.46,171.76,11630.0
2026-06-24 10:05:00+05:30,171.91,171.91,171.55,171.55,5195.0
2026-06-24 10:10:00+05:30,171.5,171.62,171.3,171.45,6229.0
2026-06-24 10:15:00+05:30,171.56,171.8,171.26,171.55,9059.0
2026-06-24 10:20:00+05:30,171.47,171.52,171.3,171.48,1895.0
2026-06-24 10:25:00+05:30,171.46,171.48,170.31,170.42,39393.0
2026-06-24 10:30:00+05:30,170.32,170.69,170.25,170.69,7245.0
2026-06-24 10:35:00+05:30,170.69,170.69,170.55,170.59,1900.0
2026-06-24 10:40:00+05:30,170.6,170.72,170.38,170.38,3728.0
2026-06-24 10:45:00+05:30,170.38,170.63,170.29,170.52,3189.0
2026-06-24 10:50:00+05:30,170.41,170.48,169.45,169.45,28286.0
2026-06-24 10:55:00+05:30,169.48,169.49,169.05,169.12,26306.0
2026-06-24 11:00:00+05:30,169.23,169.31,168.8,169.15,49939.0
2026-06-24 11:05:00+05:30,169.15,169.38,169.11,169.23,10815.0
2026-06-24 11:10:00+05:30,169.15,169.34,169.0,169.16,9490.0
2026-06-24 11:15:00+05:30,169.16,169.27,168.85,168.85,17045.0
2026-06-24 11:20:00+05:30,168.85,169.01,168.82,168.93,8263.0
2026-06-24 11:25:00+05:30,168.95,169.17,168.8,169.01,14452.0
2026-06-24 11:30:00+05:30,169.08,169.18,168.85,169.0,10995.0
2026-06-24 11:35:00+05:30,169.01,169.04,168.84,168.86,7324.0
2026-06-24 11:40:00+05:30,169.07,169.13,168.88,169.0,14802.0
2026-06-24 11:45:00+05:30,169.03,169.22,168.93,169.15,13093.0
2026-06-24 11:50:00+05:30,169.18,169.18,168.94,169.11,7562.0
2026-06-24 11:55:00+05:30,168.98,169.19,168.95,169.04,8238.0
2026-06-24 12:00:00+05:30,168.95,169.08,168.87,168.87,10860.0
2026-06-24 12:05:00+05:30,169.04,169.08,168.87,168.99,9299.0
2026-06-24 12:10:00+05:30,168.89,169.27,168.89,169.11,19236.0
2026-06-24 12:15:00+05:30,169.12,169.32,169.04,169.11,9066.0
2026-06-24 12:20:00+05:30,169.07,169.21,168.92,169.14,23007.0
2026-06-24 12:25:00+05:30,169.28,169.28,168.8,168.81,11606.0
2026-06-24 12:30:00+05:30,168.81,168.98,168.8,168.89,13340.0
2026-06-24 12:35:00+05:30,168.84,168.9,168.75,168.87,7686.0
2026-06-24 12:40:00+05:30,168.82,169.04,168.75,168.91,12540.0
2026-06-24 12:45:00+05:30,168.88,169.01,168.83,168.83,9002.0
2026-06-24 12:50:00+05:30,168.92,169.0,168.83,168.86,11589.0
2026-06-24 12:55:00+05:30,168.84,168.99,168.15,168.2,66473.0
2026-06-24 13:00:00+05:30,168.2,168.34,168.11,168.19,9738.0
2026-06-24 13:05:00+05:30,168.15,168.2,167.86,167.95,51155.0
2026-06-24 13:10:00+05:30,167.93,168.09,167.9,167.95,17976.0
2026-06-24 13:15:00+05:30,168.0,168.33,167.91,168.32,19368.0
2026-06-24 13:20:00+05:30,168.27,168.41,168.13,168.2,11204.0
2026-06-24 13:25:00+05:30,168.25,168.74,168.2,168.72,9874.0
2026-06-24 13:30:00+05:30,168.75,169.33,168.75,169.31,59804.0
2026-06-24 13:35:00+05:30,169.23,169.85,169.23,169.37,21706.0
2026-06-24 13:40:00+05:30,169.37,169.6,169.3,169.53,8831.0
2026-06-24 13:45:00+05:30,169.53,169.64,169.24,169.51,22261.0
2026-06-24 13:50:00+05:30,169.51,169.77,169.51,169.69,14673.0
2026-06-24 13:55:00+05:30,169.7,169.95,169.69,169.94,12495.0
2026-06-24 14:00:00+05:30,169.83,169.9,169.65,169.77,5085.0
2026-06-24 14:05:00+05:30,169.77,170.39,169.6,170.28,21291.0
2026-06-24 14:10:00+05:30,170.35,170.53,170.19,170.19,19392.0
2026-06-24 14:15:00+05:30,170.19,170.19,169.89,170.06,9369.0
2026-06-24 14:20:00+05:30,170.06,170.06,169.73,169.88,5840.0
2026-06-24 14:25:00+05:30,169.81,170.03,169.75,169.97,5919.0
2026-06-24 14:30:00+05:30,169.8,170.0,169.67,169.99,2241.0
2026-06-24 14:35:00+05:30,169.99,170.0,169.58,169.81,5023.0
2026-06-24 14:40:00+05:30,169.81,170.0,169.8,169.94,11935.0
2026-06-24 14:45:00+05:30,169.85,169.87,169.51,169.58,5030.0
2026-06-24 14:50:00+05:30,169.68,169.83,169.33,169.42,8734.0
2026-06-24 14:55:00+05:30,169.49,169.55,169.05,169.12,19158.0
2026-06-24 15:00:00+05:30,169.12,169.49,169.12,169.45,18266.0
2026-06-24 15:05:00+05:30,169.39,169.49,169.33,169.49,25040.0
2026-06-24 15:10:00+05:30,169.49,169.49,169.31,169.31,20706.0
2026-06-24 15:15:00+05:30,169.22,169.7,169.19,169.45,50245.0
2026-06-24 15:20:00+05:30,169.44,169.66,169.26,169.45,23836.0
2026-06-24 15:25:00+05:30,169.41,169.99,169.11,169.99,38179.0
2026-06-25 09:15:00+05:30,170.9,171.68,169.99,170.52,46652.0
2026-06-25 09:20:00+05:30,170.62,171.2,170.5,170.52,41802.0
2026-06-25 09:25:00+05:30,170.5,170.72,169.99,170.27,31233.0
2026-06-25 09:30:00+05:30,170.27,170.27,169.5,169.92,20959.0
2026-06-25 09:35:00+05:30,170.0,170.6,169.99,170.56,13141.0
2026-06-25 09:40:00+05:30,170.43,170.43,170.0,170.03,8506.0
2026-06-25 09:45:00+05:30,170.03,170.42,170.03,170.25,14885.0
2026-06-25 09:50:00+05:30,170.23,170.25,169.89,170.2,11151.0
2026-06-25 09:55:00+05:30,170.09,170.17,169.75,169.75,7790.0
2026-06-25 10:00:00+05:30,169.79,170.07,169.77,170.07,8224.0
2026-06-25 10:05:00+05:30,169.93,170.02,169.51,169.74,12693.0
2026-06-25 10:10:00+05:30,169.8,170.32,169.8,170.01,7366.0
2026-06-25 10:15:00+05:30,170.01,170.35,170.01,170.35,4374.0
2026-06-25 10:20:00+05:30,170.23,170.43,170.18,170.2,5488.0
2026-06-25 10:25:00+05:30,170.26,170.26,169.74,169.86,16091.0
2026-06-25 10:30:00+05:30,169.91,170.53,169.86,170.35,61594.0
2026-06-25 10:35:00+05:30,170.44,170.7,170.44,170.61,5514.0
2026-06-25 10:40:00+05:30,170.49,170.57,170.31,170.52,10146.0
2026-06-25 10:45:00+05:30,170.53,170.61,170.2,170.2,6294.0
2026-06-25 10:50:00+05:30,170.11,170.21,169.79,169.81,6512.0
2026-06-25 10:55:00+05:30,169.91,169.91,169.32,169.33,40656.0
2026-06-25 11:00:00+05:30,169.47,169.48,169.25,169.35,7891.0
2026-06-25 11:05:00+05:30,169.34,169.34,169.11,169.25,9286.0
2026-06-25 11:10:00+05:30,169.13,169.25,169.01,169.16,50483.0
2026-06-25 11:15:00+05:30,169.26,169.29,169.17,169.2,3079.0
2026-06-25 11:20:00+05:30,169.21,169.21,169.04,169.04,10023.0
2026-06-25 11:25:00+05:30,169.22,169.42,169.21,169.21,10836.0
2026-06-25 11:30:00+05:30,169.34,169.36,169.0,169.1,7048.0
2026-06-25 11:35:00+05:30,169.09,169.1,169.0,169.0,6922.0
2026-06-25 11:40:00+05:30,169.08,169.1,168.75,168.91,12628.0
2026-06-25 11:45:00+05:30,168.8,168.96,168.71,168.88,5279.0
2026-06-25 11:50:00+05:30,168.88,169.06,168.69,168.92,10887.0
2026-06-25 11:55:00+05:30,169.0,169.4,168.8,169.15,9295.0
2026-06-25 12:00:00+05:30,169.15,169.16,168.94,168.95,6888.0
2026-06-25 12:05:00+05:30,169.1,169.34,168.95,169.3,7267.0
2026-06-25 12:10:00+05:30,169.22,169.35,169.0,169.15,11734.0
2026-06-25 12:15:00+05:30,169.08,169.11,168.9,168.97,5947.0
2026-06-25 12:20:00+05:30,169.03,169.15,168.97,169.0,7928.0
2026-06-25 12:25:00+05:30,169.06,169.11,168.97,168.97,22267.0
2026-06-25 12:30:00+05:30,168.97,169.0,168.8,168.8,10215.0
2026-06-25 12:35:00+05:30,168.81,169.08,168.8,168.98,10051.0
2026-06-25 12:40:00+05:30,169.11,169.11,168.75,168.93,12427.0
2026-06-25 12:45:00+05:30,168.91,169.05,168.74,169.05,16711.0
2026-06-25 12:50:00+05:30,169.01,169.13,168.95,169.03,5962.0
2026-06-25 12:55:00+05:30,169.1,169.1,168.5,168.72,19337.0
2026-06-25 13:00:00+05:30,168.78,168.99,168.64,168.68,9716.0
2026-06-25 13:05:00+05:30,168.75,168.89,168.46,168.53,13149.0
2026-06-25 13:10:00+05:30,168.69,168.85,168.2,168.33,13655.0
2026-06-25 13:15:00+05:30,168.22,168.55,168.21,168.21,15586.0
2026-06-25 13:20:00+05:30,168.46,168.7,168.31,168.33,16171.0
2026-06-25 13:25:00+05:30,168.55,168.55,168.24,168.41,20459.0
2026-06-25 13:30:00+05:30,168.4,168.75,168.15,168.74,10472.0
2026-06-25 13:35:00+05:30,168.74,168.8,168.61,168.73,2408.0
2026-06-25 13:40:00+05:30,168.6,168.74,168.58,168.7,1046.0
2026-06-25 13:45:00+05:30,168.7,168.85,168.59,168.71,3057.0
2026-06-25 13:50:00+05:30,168.59,168.74,168.57,168.67,2289.0
2026-06-25 13:55:00+05:30,168.67,168.76,168.59,168.6,1598.0
2026-06-25 14:00:00+05:30,168.6,168.71,168.6,168.69,1194.0
2026-06-25 14:05:00+05:30,168.64,168.71,168.6,168.68,2281.0
2026-06-25 14:10:00+05:30,168.65,168.65,168.4,168.49,4274.0
2026-06-25 14:15:00+05:30,168.49,168.52,168.3,168.46,6574.0
2026-06-25 14:20:00+05:30,168.46,168.52,168.38,168.52,1394.0
2026-06-25 14:25:00+05:30,168.46,168.58,168.41,168.47,5107.0
2026-06-25 14:30:00+05:30,168.52,168.75,168.4,168.4,10019.0
2026-06-25 14:35:00+05:30,168.56,168.65,168.45,168.49,2355.0
2026-06-25 14:40:00+05:30,168.41,168.5,168.2,168.32,3164.0
2026-06-25 14:45:00+05:30,168.25,168.36,168.08,168.25,13819.0
2026-06-25 14:50:00+05:30,168.25,168.48,168.13,168.47,3964.0
2026-06-25 14:55:00+05:30,168.47,168.47,168.15,168.35,12316.0
2026-06-25 15:00:00+05:30,168.32,168.37,167.91,168.25,56212.0
2026-06-25 15:05:00+05:30,168.26,168.5,168.02,168.17,25846.0
2026-06-25 15:10:00+05:30,168.17,168.17,167.9,168.0,23281.0
2026-06-25 15:15:00+05:30,168.02,168.08,167.87,167.98,28863.0
2026-06-25 15:20:00+05:30,167.98,167.98,167.77,167.95,38898.0
2026-06-25 15:25:00+05:30,167.92,168.41,167.8,167.95,37811.0
2026-06-29 09:15:00+05:30,168.01,168.77,167.69,167.71,25061.0
2026-06-29 09:20:00+05:30,167.7,167.89,166.7,166.95,42277.0
2026-06-29 09:25:00+05:30,166.95,167.1,166.43,167.07,21042.0
2026-06-29 09:30:00+05:30,167.13,167.13,165.85,166.28,41155.0
2026-06-29 09:35:00+05:30,166.28,166.58,165.81,166.5,15241.0
2026-06-29 09:40:00+05:30,166.48,166.81,166.37,166.68,15761.0
2026-06-29 09:45:00+05:30,166.67,166.83,166.5,166.54,16346.0
2026-06-29 09:50:00+05:30,166.56,166.66,166.31,166.52,18025.0
2026-06-29 09:55:00+05:30,166.6,166.88,166.52,166.69,9286.0
2026-06-29 10:00:00+05:30,166.69,166.86,166.36,166.36,11201.0
2026-06-29 10:05:00+05:30,166.36,166.83,166.23,166.66,10844.0
2026-06-29 10:10:00+05:30,166.66,166.73,166.52,166.7,5577.0
2026-06-29 10:15:00+05:30,166.68,166.73,166.52,166.7,14874.0
2026-06-29 10:20:00+05:30,166.57,166.81,166.52,166.72,3814.0
2026-06-29 10:25:00+05:30,166.72,166.86,166.67,166.76,5384.0
2026-06-29 10:30:00+05:30,166.77,166.8,166.62,166.64,3869.0
2026-06-29 10:35:00+05:30,166.63,166.7,166.56,166.56,4726.0
2026-06-29 10:40:00+05:30,166.64,166.7,165.82,165.94,34857.0
2026-06-29 10:45:00+05:30,165.91,165.99,164.77,164.98,132603.0
2026-06-29 10:50:00+05:30,164.98,165.13,164.8,164.91,13292.0
2026-06-29 10:55:00+05:30,164.92,164.92,164.6,164.72,24701.0
2026-06-29 11:00:00+05:30,164.71,164.76,164.39,164.39,28605.0
2026-06-29 11:05:00+05:30,164.4,164.4,163.48,163.6,72595.0
2026-06-29 11:10:00+05:30,163.6,163.81,163.45,163.51,33432.0
2026-06-29 11:15:00+05:30,163.51,163.79,163.5,163.67,11111.0
2026-06-29 11:20:00+05:30,163.67,163.84,163.51,163.59,34122.0
2026-06-29 11:25:00+05:30,163.59,163.62,163.5,163.55,9298.0
2026-06-29 11:30:00+05:30,163.55,163.6,163.25,163.38,44598.0
2026-06-29 11:35:00+05:30,163.38,163.48,163.01,163.06,44993.0
2026-06-29 11:40:00+05:30,163.08,163.21,163.0,163.02,59757.0
2026-06-29 11:45:00+05:30,163.02,163.38,163.0,163.24,7959.0
2026-06-29 11:50:00+05:30,163.24,163.45,163.13,163.42,10268.0
2026-06-29 11:55:00+05:30,163.31,163.47,163.3,163.31,9696.0
2026-06-29 12:00:00+05:30,163.39,163.49,163.31,163.44,12564.0
2026-06-29 12:05:00+05:30,163.4,163.68,163.4,163.45,21819.0
2026-06-29 12:10:00+05:30,163.46,163.56,163.3,163.31,21297.0
2026-06-29 12:15:00+05:30,163.3,163.42,163.09,163.2,12101.0
2026-06-29 12:20:00+05:30,163.19,163.41,163.07,163.23,11811.0
2026-06-29 12:25:00+05:30,163.23,163.3,163.15,163.24,11357.0
2026-06-29 12:30:00+05:30,163.16,163.23,163.01,163.03,16987.0
2026-06-29 12:35:00+05:30,163.03,163.15,163.0,163.0,14531.0
2026-06-29 12:40:00+05:30,163.0,163.1,162.86,162.95,31329.0
2026-06-29 12:45:00+05:30,162.88,163.11,162.8,162.8,14671.0
2026-06-29 12:50:00+05:30,162.8,162.95,162.8,162.81,8284.0
2026-06-29 12:55:00+05:30,162.84,163.07,162.83,163.04,8707.0
2026-06-29 13:00:00+05:30,163.02,163.03,162.87,163.01,10876.0
2026-06-29 13:05:00+05:30,163.04,163.04,162.86,162.9,7712.0
2026-06-29 13:10:00+05:30,162.97,163.09,162.9,163.0,10001.0
2026-06-29 13:15:00+05:30,163.05,163.15,162.9,163.02,9911.0
2026-06-29 13:20:00+05:30,163.02,163.02,162.84,162.84,533528.0
2026-06-29 13:25:00+05:30,162.88,163.3,162.8,163.23,9940.0
2026-06-29 13:30:00+05:30,163.32,163.75,163.19,163.22,532621.0
2026-06-29 13:35:00+05:30,163.24,163.37,163.2,163.33,6067.0
2026-06-29 13:40:00+05:30,163.3,163.39,163.2,163.25,8849.0
2026-06-29 13:45:00+05:30,163.25,163.5,163.21,163.39,20885.0
2026-06-29 13:50:00+05:30,163.39,163.49,163.33,163.48,4410.0
2026-06-29 13:55:00+05:30,163.48,164.21,163.48,163.95,128540.0
2026-06-29 14:00:00+05:30,163.95,164.01,163.9,163.9,7358.0
2026-06-29 14:05:00+05:30,163.85,164.06,163.8,163.9,101640.0
2026-06-29 14:10:00+05:30,163.92,164.0,163.9,164.0,6954.0
2026-06-29 14:15:00+05:30,164.0,164.02,163.87,163.97,14985.0
2026-06-29 14:20:00+05:30,163.93,164.03,163.88,163.9,14797.0
2026-06-29 14:25:00+05:30,163.9,164.0,163.9,163.91,20103.0
2026-06-29 14:30:00+05:30,163.99,164.0,163.85,163.93,32777.0
2026-06-29 14:35:00+05:30,163.88,163.98,163.82,163.93,9989.0
2026-06-29 14:40:00+05:30,163.93,163.98,163.79,163.89,20641.0
2026-06-29 14:45:00+05:30,163.89,163.89,163.55,163.69,11409.0
2026-06-29 14:50:00+05:30,163.71,163.79,163.25,163.47,45981.0
2026-06-29 14:55:00+05:30,163.47,163.5,163.14,163.18,25690.0
2026-06-29 15:00:00+05:30,163.4,164.6,163.4,164.25,98720.0
2026-06-29 15:05:00+05:30,164.34,164.6,164.05,164.48,64501.0
2026-06-29 15:10:00+05:30,164.48,164.95,164.24,164.55,112843.0
2026-06-29 15:15:00+05:30,164.55,164.9,164.28,164.65,74625.0
2026-06-29 15:20:00+05:30,164.65,164.85,164.51,164.73,63815.0
2026-06-29 15:25:00+05:30,164.79,165.0,164.33,164.79,83985.0
2026-06-30 09:15:00+05:30,164.79,169.91,164.79,169.06,241237.0
2026-06-30 09:20:00+05:30,168.94,169.9,168.35,168.64,159235.0
2026-06-30 09:25:00+05:30,168.68,168.88,167.57,168.12,89293.0
2026-06-30 09:30:00+05:30,167.94,168.9,167.46,167.65,94989.0
2026-06-30 09:35:00+05:30,167.72,168.39,167.65,168.0,45561.0
2026-06-30 09:40:00+05:30,168.0,168.08,167.52,167.77,21558.0
2026-06-30 09:45:00+05:30,167.79,168.0,167.52,167.85,22774.0
2026-06-30 09:50:00+05:30,167.91,167.94,167.66,167.92,10219.0
2026-06-30 09:55:00+05:30,167.82,167.91,167.65,167.65,7558.0
2026-06-30 10:00:00+05:30,167.63,168.4,167.54,168.4,19168.0
2026-06-30 10:05:00+05:30,168.22,168.74,168.06,168.31,24563.0
2026-06-30 10:10:00+05:30,168.17,168.36,167.52,167.92,40627.0
2026-06-30 10:15:00+05:30,167.89,167.92,167.38,167.38,23351.0
2026-06-30 10:20:00+05:30,167.5,168.27,167.21,167.97,24846.0
2026-06-30 10:25:00+05:30,167.92,168.0,167.76,168.0,7218.0
2026-06-30 10:30:00+05:30,168.0,168.17,167.9,168.06,8579.0
2026-06-30 10:35:00+05:30,168.1,168.45,167.94,168.24,10652.0
2026-06-30 10:40:00+05:30,168.1,168.12,167.8,168.0,9191.0
2026-06-30 10:45:00+05:30,167.99,168.1,167.71,168.03,11971.0
2026-06-30 10:50:00+05:30,167.94,168.09,167.81,168.03,6918.0
2026-06-30 10:55:00+05:30,168.15,168.25,168.0,168.03,2551.0
2026-06-30 11:00:00+05:30,167.99,168.14,167.84,168.0,6663.0
2026-06-30 11:05:00+05:30,168.08,168.13,167.86,168.04,3297.0
2026-06-30 11:10:00+05:30,167.9,168.15,167.9,168.01,1984.0
2026-06-30 11:15:00+05:30,168.01,168.16,168.01,168.04,3446.0
2026-06-30 11:20:00+05:30,168.1,168.5,167.92,168.5,28244.0
2026-06-30 11:25:00+05:30,168.37,168.49,167.5,167.73,19689.0
2026-06-30 11:30:00+05:30,167.85,167.85,167.54,167.72,8679.0
2026-06-30 11:35:00+05:30,167.6,167.85,167.5,167.85,15656.0
2026-06-30 11:40:00+05:30,167.85,167.89,167.62,167.69,15961.0
2026-06-30 11:45:00+05:30,167.64,167.69,167.52,167.53,2925.0
2026-06-30 11:50:00+05:30,167.66,167.68,167.52,167.68,2033.0
2026-06-30 11:55:00+05:30,167.68,167.77,167.52,167.63,9798.0
2026-06-30 12:00:00+05:30,167.63,167.82,167.61,167.61,6132.0
2026-06-30 12:05:00+05:30,167.69,167.89,167.61,167.7,1971.0
2026-06-30 12:10:00+05:30,167.83,167.89,167.6,167.7,7168.0
2026-06-30 12:15:00+05:30,167.73,167.89,167.66,167.71,2118.0
2026-06-30 12:20:00+05:30,167.71,167.99,167.63,167.72,8403.0
2026-06-30 12:25:00+05:30,167.64,167.72,167.4,167.4,3835.0
2026-06-30 12:30:00+05:30,167.4,168.75,167.32,168.49,78218.0
2026-06-30 12:35:00+05:30,168.65,168.68,168.38,168.46,9585.0
2026-06-30 12:40:00+05:30,168.59,169.08,168.45,168.78,64708.0
2026-06-30 12:45:00+05:30,168.9,168.9,168.45,168.66,14155.0
2026-06-30 12:50:00+05:30,168.66,169.8,168.66,169.59,83006.0
2026-06-30 12:55:00+05:30,169.65,169.74,169.21,169.6,29126.0
2026-06-30 13:00:00+05:30,169.5,169.5,169.02,169.12,10919.0
2026-06-30 13:05:00+05:30,169.12,169.2,169.01,169.2,7853.0
2026-06-30 13:10:00+05:30,169.1,169.2,168.85,169.1,10037.0
2026-06-30 13:15:00+05:30,169.05,169.19,168.98,169.11,3660.0
2026-06-30 13:20:00+05:30,169.15,169.15,168.76,168.94,7022.0
2026-06-30 13:25:00+05:30,168.8,168.99,168.73,168.94,4843.0
2026-06-30 13:30:00+05:30,168.85,169.32,168.85,169.2,12459.0
2026-06-30 13:35:00+05:30,169.2,169.2,169.05,169.2,3270.0
2026-06-30 13:40:00+05:30,169.15,169.26,169.15,169.25,1196.0
2026-06-30 13:45:00+05:30,169.17,169.37,169.0,169.1,7670.0
2026-06-30 13:50:00+05:30,169.0,169.2,168.96,169.04,6662.0
2026-06-30 13:55:00+05:30,169.04,169.19,168.86,169.13,5292.0
2026-06-30 14:00:00+05:30,169.02,169.18,168.75,168.79,5692.0
2026-06-30 14:05:00+05:30,168.75,169.11,168.75,169.11,4594.0
2026-06-30 14:10:00+05:30,169.0,169.4,169.0,169.21,17538.0
2026-06-30 14:15:00+05:30,169.07,169.3,169.04,169.3,5230.0
2026-06-30 14:20:00+05:30,169.25,169.39,169.06,169.39,10459.0
2026-06-30 14:25:00+05:30,169.52,169.82,169.41,169.62,24715.0
2026-06-30 14:30:00+05:30,169.47,169.61,169.24,169.46,8182.0
2026-06-30 14:35:00+05:30,169.35,169.48,169.27,169.35,4166.0
2026-06-30 14:40:00+05:30,169.33,169.48,169.24,169.46,8628.0
2026-06-30 14:45:00+05:30,169.34,169.6,169.21,169.6,14480.0
2026-06-30 14:50:00+05:30,169.55,169.75,169.37,169.39,22354.0
2026-06-30 14:55:00+05:30,169.46,169.54,169.3,169.5,15258.0
2026-06-30 15:00:00+05:30,169.41,169.41,168.63,169.0,26990.0
2026-06-30 15:05:00+05:30,169.05,169.41,168.98,169.19,20035.0
2026-06-30 15:10:00+05:30,169.09,169.4,169.0,169.14,30986.0
2026-06-30 15:15:00+05:30,169.04,169.14,168.46,168.7,112704.0
2026-06-30 15:20:00+05:30,168.7,168.97,168.55,168.77,31430.0
2026-06-30 15:25:00+05:30,168.84,169.0,168.35,168.88,50807.0
2026-07-01 09:15:00+05:30,168.25,170.79,168.0,169.13,84642.0
2026-07-01 09:20:00+05:30,169.22,169.66,168.85,169.58,30945.0
2026-07-01 09:25:00+05:30,169.66,169.9,169.36,169.64,53897.0
2026-07-01 09:30:00+05:30,169.68,169.75,169.1,169.44,31620.0
2026-07-01 09:35:00+05:30,169.44,169.68,169.37,169.38,8740.0
2026-07-01 09:40:00+05:30,169.38,169.7,169.3,169.44,25371.0
2026-07-01 09:45:00+05:30,169.44,169.66,169.15,169.27,14545.0
2026-07-01 09:50:00+05:30,169.33,169.7,169.31,169.32,31479.0
2026-07-01 09:55:00+05:30,169.32,169.41,169.16,169.17,4345.0
2026-07-01 10:00:00+05:30,169.17,169.24,169.03,169.24,19937.0
2026-07-01 10:05:00+05:30,169.24,169.88,169.24,169.54,20279.0
2026-07-01 10:10:00+05:30,169.54,169.7,169.28,169.68,18694.0
2026-07-01 10:15:00+05:30,169.68,170.32,169.68,170.23,47091.0
2026-07-01 10:20:00+05:30,170.25,170.26,169.88,169.9,9749.0
2026-07-01 10:25:00+05:30,169.9,169.94,169.71,169.79,7448.0
2026-07-01 10:30:00+05:30,169.84,170.18,169.75,170.0,8571.0
2026-07-01 10:35:00+05:30,170.0,170.08,169.7,169.7,10514.0
2026-07-01 10:40:00+05:30,169.7,169.9,169.51,169.81,7119.0
2026-07-01 10:45:00+05:30,169.89,170.1,169.71,169.95,11663.0
2026-07-01 10:50:00+05:30,170.05,170.06,169.84,169.9,4422.0
2026-07-01 10:55:00+05:30,170.0,170.01,169.72,169.87,2145.0
2026-07-01 11:00:00+05:30,169.87,169.88,169.74,169.88,3096.0
2026-07-01 11:05:00+05:30,169.87,170.1,169.87,170.09,3189.0
2026-07-01 11:10:00+05:30,169.98,170.1,169.8,169.87,5018.0
2026-07-01 11:15:00+05:30,169.87,169.95,169.71,169.92,4845.0
2026-07-01 11:20:00+05:30,169.92,169.94,169.7,169.7,5485.0
2026-07-01 11:25:00+05:30,169.7,169.77,169.41,169.5,13174.0
2026-07-01 11:30:00+05:30,169.48,169.74,169.48,169.68,4285.0
2026-07-01 11:35:00+05:30,169.67,169.8,169.42,169.61,8990.0
2026-07-01 11:40:00+05:30,169.61,170.65,169.61,170.38,32669.0
2026-07-01 11:45:00+05:30,170.28,170.38,169.76,170.02,9612.0
2026-07-01 11:50:00+05:30,169.95,170.02,169.73,169.73,2610.0
2026-07-01 11:55:00+05:30,169.78,169.78,169.3,169.45,15330.0
2026-07-01 12:00:00+05:30,169.45,169.5,169.33,169.49,3317.0
2026-07-01 12:05:00+05:30,169.48,169.75,169.35,169.68,3373.0
2026-07-01 12:10:00+05:30,169.75,169.75,169.61,169.72,2634.0
2026-07-01 12:15:00+05:30,169.61,169.75,169.61,169.65,2100.0
2026-07-01 12:20:00+05:30,169.65,169.72,169.5,169.56,1334.0
2026-07-01 12:25:00+05:30,169.51,169.64,169.5,169.6,4704.0
2026-07-01 12:30:00+05:30,169.6,169.95,169.56,169.88,16675.0
2026-07-01 12:35:00+05:30,169.88,169.91,169.7,169.78,4924.0
2026-07-01 12:40:00+05:30,169.77,170.0,169.66,169.88,13863.0
2026-07-01 12:45:00+05:30,169.76,170.0,169.68,169.73,48998.0
2026-07-01 12:50:00+05:30,169.72,169.99,169.59,169.72,7330.0
2026-07-01 12:55:00+05:30,169.73,169.73,169.51,169.61,2328.0
2026-07-01 13:00:00+05:30,169.6,169.65,169.42,169.61,3587.0
2026-07-01 13:05:00+05:30,169.61,169.65,169.35,169.65,7547.0
2026-07-01 13:10:00+05:30,169.61,170.0,169.61,169.74,39320.0
2026-07-01 13:15:00+05:30,169.74,170.0,169.61,169.94,21637.0
2026-07-01 13:20:00+05:30,169.83,169.94,169.83,169.84,1771.0
2026-07-01 13:25:00+05:30,169.83,169.92,169.72,169.83,6451.0
2026-07-01 13:30:00+05:30,169.82,169.88,169.7,169.7,3078.0
2026-07-01 13:35:00+05:30,169.7,170.04,169.7,169.98,49934.0
2026-07-01 13:40:00+05:30,169.98,170.05,169.79,169.89,18864.0
2026-07-01 13:45:00+05:30,169.87,170.0,169.77,169.9,1588.0
2026-07-01 13:50:00+05:30,169.9,170.0,169.8,169.92,8243.0
2026-07-01 13:55:00+05:30,169.91,170.0,169.8,169.8,1200.0
2026-07-01 14:00:00+05:30,169.86,170.05,169.76,170.0,8238.0
2026-07-01 14:05:00+05:30,170.0,170.04,169.93,170.0,12003.0
2026-07-01 14:10:00+05:30,170.0,170.0,169.94,170.0,6524.0
2026-07-01 14:15:00+05:30,170.0,170.05,169.91,169.99,5221.0
2026-07-01 14:20:00+05:30,169.99,170.0,169.8,169.99,8219.0
2026-07-01 14:25:00+05:30,170.0,170.0,169.93,170.0,10471.0
2026-07-01 14:30:00+05:30,170.0,170.0,169.82,169.94,2467.0
2026-07-01 14:35:00+05:30,169.96,169.97,169.7,169.9,5149.0
2026-07-01 14:40:00+05:30,169.9,169.95,169.68,169.91,10970.0
2026-07-01 14:45:00+05:30,169.91,170.0,169.86,169.97,5930.0
2026-07-01 14:50:00+05:30,169.97,170.04,169.97,169.99,20779.0
2026-07-01 14:55:00+05:30,169.97,169.99,169.52,169.85,22494.0
2026-07-01 15:00:00+05:30,169.9,170.0,169.71,169.85,41698.0
2026-07-01 15:05:00+05:30,169.8,169.99,169.8,169.94,23586.0
2026-07-01 15:10:00+05:30,169.94,169.94,169.58,169.78,37242.0
2026-07-01 15:15:00+05:30,169.78,169.8,169.51,169.55,29688.0
2026-07-01 15:20:00+05:30,169.55,169.75,169.25,169.68,27089.0
2026-07-01 15:25:00+05:30,169.68,169.7,169.17,169.42,29608.0
2026-07-02 09:15:00+05:30,169.62,170.47,169.02,169.18,34989.0
2026-07-02 09:20:00+05:30,169.15,169.63,169.11,169.46,16681.0
2026-07-02 09:25:00+05:30,169.65,169.8,169.16,169.39,21136.0
2026-07-02 09:30:00+05:30,169.3,169.91,169.3,169.54,14114.0
2026-07-02 09:35:00+05:30,169.44,169.81,169.38,169.56,7423.0
2026-07-02 09:40:00+05:30,169.42,169.56,169.33,169.52,5720.0
2026-07-02 09:45:00+05:30,169.53,169.7,169.45,169.6,9572.0
2026-07-02 09:50:00+05:30,169.68,170.12,169.48,169.85,15092.0
2026-07-02 09:55:00+05:30,169.85,170.45,169.85,170.45,10826.0
2026-07-02 10:00:00+05:30,170.45,171.0,170.29,170.29,36936.0
2026-07-02 10:05:00+05:30,170.47,170.47,169.79,170.36,15799.0
2026-07-02 10:10:00+05:30,170.4,170.9,170.17,170.65,19825.0
2026-07-02 10:15:00+05:30,170.77,170.95,170.59,170.59,20162.0
2026-07-02 10:20:00+05:30,170.5,171.2,170.22,170.37,31776.0
2026-07-02 10:25:00+05:30,170.37,170.43,170.01,170.32,46341.0
2026-07-02 10:30:00+05:30,170.37,170.45,170.0,170.07,13357.0
2026-07-02 10:35:00+05:30,170.07,170.34,170.01,170.17,9265.0
2026-07-02 10:40:00+05:30,170.29,170.5,169.9,170.27,30486.0
2026-07-02 10:45:00+05:30,170.15,170.48,170.15,170.19,25909.0
2026-07-02 10:50:00+05:30,170.24,170.42,170.1,170.18,2045.0
2026-07-02 10:55:00+05:30,170.06,170.25,170.05,170.17,5071.0
2026-07-02 11:00:00+05:30,170.17,170.25,170.06,170.06,2653.0
2026-07-02 11:05:00+05:30,170.06,170.12,170.0,170.05,3302.0
2026-07-02 11:10:00+05:30,170.0,170.14,169.79,170.0,4782.0
2026-07-02 11:15:00+05:30,170.04,170.22,169.62,170.1,11339.0
2026-07-02 11:20:00+05:30,170.08,170.19,169.95,169.95,3280.0
2026-07-02 11:25:00+05:30,170.09,170.13,169.95,169.99,2755.0
2026-07-02 11:30:00+05:30,169.95,170.01,169.9,169.99,3763.0
2026-07-02 11:35:00+05:30,169.98,170.08,169.78,169.78,5250.0
2026-07-02 11:40:00+05:30,169.8,170.22,169.8,169.96,14080.0
2026-07-02 11:45:00+05:30,170.1,170.14,170.02,170.05,3296.0
2026-07-02 11:50:00+05:30,170.06,170.25,170.02,170.17,3253.0
2026-07-02 11:55:00+05:30,170.07,170.23,170.02,170.06,4846.0
2026-07-02 12:00:00+05:30,170.02,170.3,170.0,170.26,6905.0
2026-07-02 12:05:00+05:30,170.17,170.26,170.12,170.24,2525.0
2026-07-02 12:10:00+05:30,170.2,170.24,170.12,170.19,5738.0
2026-07-02 12:15:00+05:30,170.12,170.19,170.0,170.16,12502.0
2026-07-02 12:20:00+05:30,170.02,170.29,169.96,170.1,15646.0
2026-07-02 12:25:00+05:30,170.09,170.1,169.91,170.1,4461.0
2026-07-02 12:30:00+05:30,170.1,170.15,169.99,169.99,4203.0
2026-07-02 12:35:00+05:30,170.08,170.08,169.94,170.0,1366.0
2026-07-02 12:40:00+05:30,169.93,170.15,169.93,170.0,4374.0
2026-07-02 12:45:00+05:30,170.0,170.15,169.93,170.0,3743.0
2026-07-02 12:50:00+05:30,170.0,170.13,169.83,169.87,7533.0
2026-07-02 12:55:00+05:30,169.87,170.15,169.75,170.01,9048.0
2026-07-02 13:00:00+05:30,170.0,170.0,169.82,169.91,4520.0
2026-07-02 13:05:00+05:30,169.99,170.0,169.8,169.95,4098.0
2026-07-02 13:10:00+05:30,169.83,170.0,169.82,169.83,2751.0
2026-07-02 13:15:00+05:30,169.83,169.96,169.75,169.78,5400.0
2026-07-02 13:20:00+05:30,169.78,169.93,169.75,169.84,4957.0
2026-07-02 13:25:00+05:30,169.87,169.94,169.81,169.91,3566.0
2026-07-02 13:30:00+05:30,169.87,170.0,169.75,169.9,3339.0
2026-07-02 13:35:00+05:30,169.91,170.03,169.75,169.92,7835.0
2026-07-02 13:40:00+05:30,169.92,169.99,169.67,169.7,16564.0
2026-07-02 13:45:00+05:30,169.7,169.74,169.5,169.56,14584.0
2026-07-02 13:50:00+05:30,169.64,170.0,169.56,169.95,5262.0
2026-07-02 13:55:00+05:30,169.86,169.88,169.73,169.76,5396.0
2026-07-02 14:00:00+05:30,169.76,169.81,169.51,169.57,8279.0
2026-07-02 14:05:00+05:30,169.57,169.65,169.54,169.55,4779.0
2026-07-02 14:10:00+05:30,169.55,169.59,169.41,169.49,5579.0
2026-07-02 14:15:00+05:30,169.48,169.7,169.26,169.45,7468.0
2026-07-02 14:20:00+05:30,169.45,169.54,169.4,169.49,8581.0
2026-07-02 14:25:00+05:30,169.49,169.68,169.32,169.48,10012.0
2026-07-02 14:30:00+05:30,169.41,169.63,169.4,169.48,5676.0
2026-07-02 14:35:00+05:30,169.48,169.65,169.43,169.55,4725.0
2026-07-02 14:40:00+05:30,169.55,169.75,169.52,169.56,6252.0
2026-07-02 14:45:00+05:30,169.56,169.66,169.4,169.4,12075.0
2026-07-02 14:50:00+05:30,169.5,169.66,169.43,169.66,5024.0
2026-07-02 14:55:00+05:30,169.59,169.59,169.51,169.51,5165.0
2026-07-02 15:00:00+05:30,169.55,170.49,169.55,170.45,25995.0
2026-07-02 15:05:00+05:30,170.45,170.48,170.24,170.27,34439.0
2026-07-02 15:10:00+05:30,170.25,170.3,169.9,169.95,24297.0
2026-07-02 15:15:00+05:30,170.0,170.27,169.9,170.05,26937.0
2026-07-02 15:20:00+05:30,170.14,170.25,169.95,170.12,16877.0
2026-07-02 15:25:00+05:30,170.1,171.0,169.93,170.99,55967.0
2026-07-03 09:15:00+05:30,171.39,171.55,169.94,170.04,42541.0
2026-07-03 09:20:00+05:30,170.04,170.27,169.85,170.07,33338.0
2026-07-03 09:25:00+05:30,170.25,170.89,169.89,170.46,27834.0
2026-07-03 09:30:00+05:30,170.52,170.62,170.13,170.39,18314.0
2026-07-03 09:35:00+05:30,170.39,170.43,170.1,170.11,15448.0
2026-07-03 09:40:00+05:30,170.1,170.25,170.05,170.17,8604.0
2026-07-03 09:45:00+05:30,170.11,170.21,169.92,169.93,17278.0
2026-07-03 09:50:00+05:30,169.94,170.23,169.85,170.11,15718.0
2026-07-03 09:55:00+05:30,170.14,170.32,170.02,170.02,11435.0
2026-07-03 10:00:00+05:30,170.05,170.15,169.78,170.09,8632.0
2026-07-03 10:05:00+05:30,170.09,170.09,169.83,170.06,29033.0
2026-07-03 10:10:00+05:30,170.01,170.01,169.83,170.01,5133.0
2026-07-03 10:15:00+05:30,170.09,170.09,169.89,169.89,1861.0
2026-07-03 10:20:00+05:30,169.89,169.96,169.69,169.83,13840.0
2026-07-03 10:25:00+05:30,169.83,169.99,169.83,169.91,1794.0
2026-07-03 10:30:00+05:30,169.9,169.99,169.86,169.92,1671.0
2026-07-03 10:35:00+05:30,169.99,169.99,169.87,169.99,3139.0
2026-07-03 10:40:00+05:30,169.99,169.99,169.51,169.88,10358.0
2026-07-03 10:45:00+05:30,169.8,169.98,169.76,169.83,5051.0
2026-07-03 10:50:00+05:30,169.83,170.0,169.65,169.71,6641.0
2026-07-03 10:55:00+05:30,169.71,169.79,169.61,169.72,3471.0
2026-07-03 11:00:00+05:30,169.77,169.77,169.68,169.68,4163.0
2026-07-03 11:05:00+05:30,169.68,169.68,169.61,169.61,2594.0
2026-07-03 11:10:00+05:30,169.61,169.72,169.61,169.61,1793.0
2026-07-03 11:15:00+05:30,169.61,169.84,169.6,169.8,8112.0
2026-07-03 11:20:00+05:30,169.8,169.82,169.64,169.77,3243.0
2026-07-03 11:25:00+05:30,169.77,169.84,169.71,169.75,3444.0
2026-07-03 11:30:00+05:30,169.74,169.82,169.74,169.74,1559.0
2026-07-03 11:35:00+05:30,169.78,169.84,169.74,169.8,12018.0
2026-07-03 11:40:00+05:30,169.79,169.88,169.74,169.74,2436.0
2026-07-03 11:45:00+05:30,169.74,169.86,169.6,169.6,20564.0
2026-07-03 11:50:00+05:30,169.6,169.7,169.6,169.63,2766.0
2026-07-03 11:55:00+05:30,169.63,169.7,169.6,169.6,2071.0
2026-07-03 12:00:00+05:30,169.68,169.7,169.6,169.7,3033.0
2026-07-03 12:05:00+05:30,169.69,169.95,169.69,169.95,3927.0
2026-07-03 12:10:00+05:30,169.87,169.95,169.75,169.87,2997.0
2026-07-03 12:15:00+05:30,169.75,169.95,169.72,169.94,4020.0
2026-07-03 12:20:00+05:30,169.94,170.0,169.73,169.75,3742.0
2026-07-03 12:25:00+05:30,169.75,169.89,169.75,169.82,1068.0
2026-07-03 12:30:00+05:30,169.82,169.98,169.75,169.88,1580.0
2026-07-03 12:35:00+05:30,169.86,169.88,169.85,169.85,1253.0
2026-07-03 12:40:00+05:30,169.85,169.87,169.75,169.77,5782.0
2026-07-03 12:45:00+05:30,169.81,169.98,169.77,169.85,2317.0
2026-07-03 12:50:00+05:30,169.97,170.4,169.86,170.35,8334.0
2026-07-03 12:55:00+05:30,170.3,170.35,169.86,170.0,12033.0
2026-07-03 13:00:00+05:30,169.87,169.99,169.75,169.76,5468.0
2026-07-03 13:05:00+05:30,169.86,169.86,169.76,169.8,1407.0
2026-07-03 13:10:00+05:30,169.8,169.91,169.76,169.78,2594.0
2026-07-03 13:15:00+05:30,169.91,169.91,169.76,169.8,2439.0
2026-07-03 13:20:00+05:30,169.9,169.91,169.77,169.77,1796.0
2026-07-03 13:25:00+05:30,169.77,169.77,169.71,169.71,2965.0
2026-07-03 13:30:00+05:30,169.71,169.77,169.6,169.65,5065.0
2026-07-03 13:35:00+05:30,169.65,169.8,169.6,169.71,2570.0
2026-07-03 13:40:00+05:30,169.71,170.0,169.67,169.67,9510.0
2026-07-03 13:45:00+05:30,169.7,169.75,169.3,169.4,33790.0
2026-07-03 13:50:00+05:30,169.43,169.55,169.4,169.45,2557.0
2026-07-03 13:55:00+05:30,169.5,169.55,169.42,169.42,3588.0
2026-07-03 14:00:00+05:30,169.42,169.48,169.41,169.41,4377.0
2026-07-03 14:05:00+05:30,169.45,169.52,169.4,169.49,3438.0
2026-07-03 14:10:00+05:30,169.48,169.93,169.44,169.71,9638.0
2026-07-03 14:15:00+05:30,169.71,169.83,169.45,169.82,9967.0
2026-07-03 14:20:00+05:30,169.82,169.95,169.72,169.74,11820.0
2026-07-03 14:25:00+05:30,169.74,169.87,169.64,169.83,6026.0
2026-07-03 14:30:00+05:30,169.88,170.0,169.88,169.96,4428.0
2026-07-03 14:35:00+05:30,169.93,169.95,169.68,169.86,8451.0
2026-07-03 14:40:00+05:30,169.79,169.97,169.77,169.87,3648.0
2026-07-03 14:45:00+05:30,169.87,170.0,169.86,169.86,8334.0
2026-07-03 14:50:00+05:30,169.86,169.86,169.71,169.81,4602.0
2026-07-03 14:55:00+05:30,169.81,169.81,169.62,169.64,4208.0
2026-07-03 15:00:00+05:30,169.76,169.95,169.76,169.8,10292.0
2026-07-03 15:05:00+05:30,169.8,169.88,169.76,169.86,8528.0
2026-07-03 15:10:00+05:30,169.86,169.92,169.57,169.75,29533.0
2026-07-03 15:15:00+05:30,169.74,169.78,169.45,169.56,25157.0
2026-07-03 15:20:00+05:30,169.57,169.77,169.41,169.71,29370.0
2026-07-03 15:25:00+05:30,169.77,169.77,169.41,169.51,29208.0
2026-07-06 09:15:00+05:30,169.85,170.99,169.53,170.0,20856.0
2026-07-06 09:20:00+05:30,169.93,169.99,169.45,169.88,22712.0
2026-07-06 09:25:00+05:30,169.88,170.29,169.8,169.95,20604.0
2026-07-06 09:30:00+05:30,170.0,170.08,169.62,169.95,17436.0
2026-07-06 09:35:00+05:30,170.01,170.1,169.72,169.72,5419.0
2026-07-06 09:40:00+05:30,169.7,170.33,169.56,169.88,11113.0
2026-07-06 09:45:00+05:30,169.92,170.07,169.53,169.55,5890.0
2026-07-06 09:50:00+05:30,169.67,169.95,169.67,169.91,7578.0
2026-07-06 09:55:00+05:30,169.85,169.97,169.75,169.82,4871.0
2026-07-06 10:00:00+05:30,169.82,170.28,169.54,169.67,15140.0
2026-07-06 10:05:00+05:30,169.67,169.72,169.6,169.7,2960.0
2026-07-06 10:10:00+05:30,169.78,169.88,169.78,169.88,2148.0
2026-07-06 10:15:00+05:30,169.82,169.88,169.74,169.74,2358.0
2026-07-06 10:20:00+05:30,169.74,170.0,169.74,169.89,13348.0
2026-07-06 10:25:00+05:30,169.89,170.1,169.8,170.0,12314.0
2026-07-06 10:30:00+05:30,170.0,170.0,169.7,169.7,8721.0
2026-07-06 10:35:00+05:30,169.76,169.76,169.75,169.76,574.0
2026-07-06 10:40:00+05:30,169.75,169.96,169.75,169.96,2354.0
2026-07-06 10:45:00+05:30,169.96,169.96,169.75,169.82,770.0
2026-07-06 10:50:00+05:30,169.82,169.96,169.52,169.52,6378.0
2026-07-06 10:55:00+05:30,169.52,169.68,169.4,169.48,8560.0
2026-07-06 11:00:00+05:30,169.3,169.45,168.54,168.83,24110.0
2026-07-06 11:05:00+05:30,168.83,168.9,168.7,168.79,4527.0
2026-07-06 11:10:00+05:30,168.79,168.86,168.7,168.8,3923.0
2026-07-06 11:15:00+05:30,168.8,168.93,168.65,168.93,5893.0
2026-07-06 11:20:00+05:30,168.8,169.0,168.8,168.84,6405.0
2026-07-06 11:25:00+05:30,168.84,168.97,168.84,168.88,3567.0
2026-07-06 11:30:00+05:30,168.88,169.04,168.8,168.8,5098.0
2026-07-06 11:35:00+05:30,168.8,168.96,168.69,168.94,5989.0
2026-07-06 11:40:00+05:30,168.82,169.15,168.79,169.15,8989.0
2026-07-06 11:45:00+05:30,169.01,169.29,168.91,169.29,7594.0
2026-07-06 11:50:00+05:30,169.15,169.3,168.53,168.86,10099.0
2026-07-06 11:55:00+05:30,168.68,169.0,168.64,168.99,13401.0
2026-07-06 12:00:00+05:30,168.84,169.0,168.69,168.92,19340.0
2026-07-06 12:05:00+05:30,168.78,168.93,168.7,168.91,3556.0
2026-07-06 12:10:00+05:30,168.88,168.92,168.7,168.85,9218.0
2026-07-06 12:15:00+05:30,168.85,168.89,168.53,168.72,5787.0
2026-07-06 12:20:00+05:30,168.59,168.76,168.55,168.69,4655.0
2026-07-06 12:25:00+05:30,168.71,168.9,168.56,168.86,8989.0
2026-07-06 12:30:00+05:30,168.76,169.07,168.74,168.9,34974.0
2026-07-06 12:35:00+05:30,168.77,168.89,168.6,168.66,4519.0
2026-07-06 12:40:00+05:30,168.6,168.81,168.52,168.81,6020.0
2026-07-06 12:45:00+05:30,168.81,168.81,168.52,168.69,5091.0
2026-07-06 12:50:00+05:30,168.6,168.82,168.6,168.61,4275.0
2026-07-06 12:55:00+05:30,168.61,168.7,168.51,168.51,4582.0
2026-07-06 13:00:00+05:30,168.51,168.64,168.4,168.59,8920.0
2026-07-06 13:05:00+05:30,168.41,168.7,168.41,168.7,6524.0
2026-07-06 13:10:00+05:30,168.58,168.83,168.58,168.69,5476.0
2026-07-06 13:15:00+05:30,168.59,168.95,168.52,168.95,8835.0
2026-07-06 13:20:00+05:30,168.78,169.65,168.76,169.34,251946.0
2026-07-06 13:25:00+05:30,169.35,169.53,169.3,169.4,7947.0
2026-07-06 13:30:00+05:30,169.3,169.39,169.1,169.35,7559.0
2026-07-06 13:35:00+05:30,169.24,169.37,169.2,169.35,15155.0
2026-07-06 13:40:00+05:30,169.32,169.37,169.06,169.26,8981.0
2026-07-06 13:45:00+05:30,169.17,169.4,169.12,169.27,5449.0
2026-07-06 13:50:00+05:30,169.17,169.33,169.17,169.22,4938.0
2026-07-06 13:55:00+05:30,169.21,169.33,169.18,169.18,3459.0
2026-07-06 14:00:00+05:30,169.18,169.26,169.1,169.1,7969.0
2026-07-06 14:05:00+05:30,169.1,169.28,168.73,168.81,10033.0
2026-07-06 14:10:00+05:30,168.73,168.95,168.72,168.9,4498.0
2026-07-06 14:15:00+05:30,168.77,169.09,168.77,168.96,11253.0
2026-07-06 14:20:00+05:30,168.86,169.05,168.75,168.93,6183.0
2026-07-06 14:25:00+05:30,168.84,169.2,168.83,169.1,8613.0
2026-07-06 14:30:00+05:30,169.03,169.09,168.8,168.89,7517.0
2026-07-06 14:35:00+05:30,168.8,169.03,168.7,168.94,9673.0
2026-07-06 14:40:00+05:30,168.8,168.93,168.75,168.84,5525.0
2026-07-06 14:45:00+05:30,168.75,168.84,168.7,168.79,5165.0
2026-07-06 14:50:00+05:30,168.7,168.9,168.68,168.84,7261.0
2026-07-06 14:55:00+05:30,168.68,169.41,168.68,169.18,33967.0
2026-07-06 15:00:00+05:30,169.25,169.39,169.17,169.33,20559.0
2026-07-06 15:05:00+05:30,169.33,169.33,169.11,169.24,13060.0
2026-07-06 15:10:00+05:30,169.23,169.27,169.0,169.26,13035.0
2026-07-06 15:15:00+05:30,169.26,169.27,169.0,169.05,26123.0
2026-07-06 15:20:00+05:30,169.05,169.25,169.0,169.2,28550.0
2026-07-06 15:25:00+05:30,169.2,169.89,169.12,169.32,28279.0
2026-07-07 09:15:00+05:30,169.22,170.47,169.03,169.87,28203.0
2026-07-07 09:20:00+05:30,169.91,170.3,169.73,169.93,14294.0
2026-07-07 09:25:00+05:30,169.91,170.39,169.54,169.67,20355.0
2026-07-07 09:30:00+05:30,169.62,169.84,169.23,169.51,10749.0
2026-07-07 09:35:00+05:30,169.62,169.62,169.05,169.05,2833.0
2026-07-07 09:40:00+05:30,169.03,169.2,168.81,168.97,11651.0
2026-07-07 09:45:00+05:30,168.99,168.99,168.75,168.77,4690.0
2026-07-07 09:50:00+05:30,168.8,169.23,168.71,169.07,15096.0
2026-07-07 09:55:00+05:30,168.46,168.61,167.71,168.01,128872.0
2026-07-07 10:00:00+05:30,167.98,167.98,167.75,167.79,7485.0
2026-07-07 10:05:00+05:30,167.78,168.0,167.7,167.88,3463.0
2026-07-07 10:10:00+05:30,167.97,167.97,167.65,167.65,15547.0
2026-07-07 10:15:00+05:30,167.66,167.66,167.28,167.42,22089.0
2026-07-07 10:20:00+05:30,167.42,167.5,167.22,167.25,5488.0
2026-07-07 10:25:00+05:30,167.34,167.34,167.07,167.3,4147.0
2026-07-07 10:30:00+05:30,167.3,167.73,167.06,167.38,24735.0
2026-07-07 10:35:00+05:30,167.38,167.53,167.05,167.14,4692.0
2026-07-07 10:40:00+05:30,167.25,167.34,167.12,167.27,2204.0
2026-07-07 10:45:00+05:30,167.27,168.14,167.23,167.91,39859.0
2026-07-07 10:50:00+05:30,167.88,168.0,167.54,168.0,5686.0
2026-07-07 10:55:00+05:30,168.0,168.0,167.32,167.51,6088.0
2026-07-07 11:00:00+05:30,167.51,167.62,167.42,167.56,5441.0
2026-07-07 11:05:00+05:30,167.56,167.63,167.39,167.59,2581.0
2026-07-07 11:10:00+05:30,167.59,167.61,167.46,167.6,1795.0
2026-07-07 11:15:00+05:30,167.6,167.62,167.4,167.55,6596.0
2026-07-07 11:20:00+05:30,167.55,167.63,167.4,167.58,5856.0
2026-07-07 11:25:00+05:30,167.58,167.77,167.42,167.64,18609.0
2026-07-07 11:30:00+05:30,167.6,167.65,167.45,167.58,3839.0
2026-07-07 11:35:00+05:30,167.58,167.72,167.44,167.62,75848.0
2026-07-07 11:40:00+05:30,167.5,167.88,167.47,167.58,20368.0
2026-07-07 11:45:00+05:30,167.58,167.64,167.42,167.62,8429.0
2026-07-07 11:50:00+05:30,167.62,167.64,167.48,167.59,2904.0
2026-07-07 11:55:00+05:30,167.59,167.6,167.48,167.57,5681.0
2026-07-07 12:00:00+05:30,167.57,167.72,167.46,167.58,13378.0
2026-07-07 12:05:00+05:30,167.58,167.6,167.46,167.58,4163.0
2026-07-07 12:10:00+05:30,167.58,167.6,167.48,167.5,3420.0
2026-07-07 12:15:00+05:30,167.5,167.59,167.4,167.58,6913.0
2026-07-07 12:20:00+05:30,167.58,167.67,167.49,167.61,11344.0
2026-07-07 12:25:00+05:30,167.61,167.62,167.4,167.49,6216.0
2026-07-07 12:30:00+05:30,167.49,167.83,167.42,167.45,9040.0
2026-07-07 12:35:00+05:30,167.41,167.62,167.41,167.49,4281.0
2026-07-07 12:40:00+05:30,167.49,167.62,167.49,167.54,3818.0
2026-07-07 12:45:00+05:30,167.54,167.62,167.44,167.58,45738.0
2026-07-07 12:50:00+05:30,167.58,167.59,167.45,167.57,12597.0
2026-07-07 12:55:00+05:30,167.57,167.77,167.41,167.69,8366.0
2026-07-07 13:00:00+05:30,167.69,167.9,167.53,167.71,6558.0
2026-07-07 13:05:00+05:30,167.71,167.84,167.51,167.81,3265.0
2026-07-07 13:10:00+05:30,167.81,167.89,167.5,167.65,3287.0
2026-07-07 13:15:00+05:30,167.65,167.68,167.49,167.59,1950.0
2026-07-07 13:20:00+05:30,167.6,167.61,167.47,167.58,2128.0
2026-07-07 13:25:00+05:30,167.58,167.76,167.52,167.72,11898.0
2026-07-07 13:30:00+05:30,167.72,167.76,167.26,167.38,4715.0
2026-07-07 13:35:00+05:30,167.38,167.43,167.25,167.32,6247.0
2026-07-07 13:40:00+05:30,167.32,168.32,167.32,168.07,27820.0
2026-07-07 13:45:00+05:30,168.06,168.06,167.64,167.64,8777.0
2026-07-07 13:50:00+05:30,167.64,167.83,167.58,167.65,2339.0
2026-07-07 13:55:00+05:30,167.65,167.74,167.5,167.56,3487.0
2026-07-07 14:00:00+05:30,167.5,167.65,167.45,167.5,3587.0
2026-07-07 14:05:00+05:30,167.5,167.76,167.5,167.58,7855.0
2026-07-07 14:10:00+05:30,167.65,167.65,167.45,167.5,9397.0
2026-07-07 14:15:00+05:30,167.54,167.66,167.5,167.5,4826.0
2026-07-07 14:20:00+05:30,167.5,167.59,166.84,167.02,89482.0
2026-07-07 14:25:00+05:30,166.97,167.16,166.95,167.09,8513.0
2026-07-07 14:30:00+05:30,167.09,167.14,166.98,167.09,8580.0
2026-07-07 14:35:00+05:30,166.99,167.13,166.97,166.97,6808.0
2026-07-07 14:40:00+05:30,166.97,167.2,166.97,167.07,6877.0
2026-07-07 14:45:00+05:30,166.98,167.15,166.98,167.0,10985.0
2026-07-07 14:50:00+05:30,166.98,167.09,166.9,166.93,5858.0
2026-07-07 14:55:00+05:30,166.93,167.09,166.9,166.94,20679.0
2026-07-07 15:00:00+05:30,167.05,167.05,166.59,166.66,22948.0
2026-07-07 15:05:00+05:30,166.74,166.98,166.61,166.84,20745.0
2026-07-07 15:10:00+05:30,166.9,166.92,166.51,166.75,24926.0
2026-07-07 15:15:00+05:30,166.72,166.95,166.5,166.68,22165.0
2026-07-07 15:20:00+05:30,166.65,166.87,166.5,166.71,28884.0
2026-07-07 15:25:00+05:30,166.7,167.16,166.5,166.76,34397.0
2026-07-08 09:15:00+05:30,165.0,165.11,164.1,164.9,24916.0
2026-07-08 09:20:00+05:30,164.9,165.45,164.9,165.44,72076.0
2026-07-08 09:25:00+05:30,165.45,165.99,165.29,165.65,10316.0
2026-07-08 09:30:00+05:30,165.65,165.7,165.26,165.36,14086.0
2026-07-08 09:35:00+05:30,165.36,165.5,165.26,165.36,2226.0
2026-07-08 09:40:00+05:30,165.36,165.4,165.26,165.39,1887.0
2026-07-08 09:45:00+05:30,165.3,165.69,165.3,165.5,13016.0
2026-07-08 09:50:00+05:30,165.64,166.25,165.5,166.09,25086.0
2026-07-08 09:55:00+05:30,166.06,166.19,166.0,166.0,5386.0
2026-07-08 10:00:00+05:30,166.0,166.48,166.0,166.4,5430.0
2026-07-08 10:05:00+05:30,166.31,166.51,166.01,166.01,7932.0
2026-07-08 10:10:00+05:30,166.19,166.49,166.01,166.17,14894.0
2026-07-08 10:15:00+05:30,166.19,166.42,166.0,166.34,6261.0
2026-07-08 10:20:00+05:30,166.34,166.4,166.12,166.24,1245.0
2026-07-08 10:25:00+05:30,166.11,166.34,166.11,166.32,592.0
2026-07-08 10:30:00+05:30,166.06,166.45,166.01,166.03,8165.0
2026-07-08 10:35:00+05:30,166.03,166.22,165.85,166.05,6656.0
2026-07-08 10:40:00+05:30,166.0,166.13,165.86,166.0,2768.0
2026-07-08 10:45:00+05:30,166.0,166.1,165.76,165.87,7955.0
2026-07-08 10:50:00+05:30,165.87,166.04,165.7,165.7,6590.0
2026-07-08 10:55:00+05:30,165.7,165.81,165.03,165.06,16789.0
2026-07-08 11:00:00+05:30,165.06,165.32,165.05,165.18,10731.0
2026-07-08 11:05:00+05:30,165.18,165.43,165.15,165.26,4398.0
2026-07-08 11:10:00+05:30,165.4,165.68,165.17,165.51,14393.0
2026-07-08 11:15:00+05:30,165.51,165.64,165.15,165.35,71035.0
2026-07-08 11:20:00+05:30,165.35,165.76,165.29,165.48,16243.0
2026-07-08 11:25:00+05:30,165.48,165.64,165.32,165.33,3613.0
2026-07-08 11:30:00+05:30,165.33,165.54,165.3,165.4,1446.0
2026-07-08 11:35:00+05:30,165.52,165.61,165.35,165.41,8591.0
2026-07-08 11:40:00+05:30,165.43,165.59,165.35,165.37,5089.0
2026-07-08 11:45:00+05:30,165.37,165.56,165.37,165.41,4067.0
2026-07-08 11:50:00+05:30,165.42,165.62,165.28,165.38,12175.0
2026-07-08 11:55:00+05:30,165.38,165.6,165.31,165.45,5011.0
2026-07-08 12:00:00+05:30,165.41,165.76,165.24,165.33,14290.0
2026-07-08 12:05:00+05:30,165.33,165.49,165.3,165.3,3246.0
2026-07-08 12:10:00+05:30,165.3,165.44,165.21,165.21,3268.0
2026-07-08 12:15:00+05:30,165.22,165.51,165.22,165.32,10191.0
2026-07-08 12:20:00+05:30,165.32,165.56,165.32,165.35,4113.0
2026-07-08 12:25:00+05:30,165.35,165.47,165.3,165.32,1558.0
2026-07-08 12:30:00+05:30,165.45,165.45,165.3,165.3,1668.0
2026-07-08 12:35:00+05:30,165.3,165.4,165.3,165.31,1135.0
2026-07-08 12:40:00+05:30,165.31,165.4,165.31,165.31,834.0
2026-07-08 12:45:00+05:30,165.37,165.6,165.36,165.44,3653.0
2026-07-08 12:50:00+05:30,165.44,165.58,165.44,165.48,2298.0
2026-07-08 12:55:00+05:30,165.48,165.49,165.11,165.23,26788.0
2026-07-08 13:00:00+05:30,165.25,165.39,165.19,165.23,792.0
2026-07-08 13:05:00+05:30,165.23,165.59,165.23,165.28,4009.0
2026-07-08 13:10:00+05:30,165.41,165.48,165.25,165.47,1630.0
2026-07-08 13:15:00+05:30,165.47,165.47,165.26,165.3,1441.0
2026-07-08 13:20:00+05:30,165.4,165.4,165.06,165.13,9032.0
2026-07-08 13:25:00+05:30,165.13,165.27,165.12,165.26,2242.0
2026-07-08 13:30:00+05:30,165.17,165.3,165.12,165.12,2224.0
2026-07-08 13:35:00+05:30,165.2,165.33,165.13,165.33,6235.0
2026-07-08 13:40:00+05:30,165.33,165.49,165.33,165.38,5239.0
2026-07-08 13:45:00+05:30,165.48,165.48,165.01,165.1,61964.0
2026-07-08 13:50:00+05:30,165.1,165.19,164.5,164.5,28119.0
2026-07-08 13:55:00+05:30,164.5,164.65,164.35,164.4,10820.0
2026-07-08 14:00:00+05:30,164.42,164.5,163.9,163.96,31931.0
2026-07-08 14:05:00+05:30,163.95,163.98,163.5,163.5,21496.0
2026-07-08 14:10:00+05:30,163.5,163.72,163.25,163.72,24902.0
2026-07-08 14:15:00+05:30,163.56,163.98,163.52,163.82,8625.0
2026-07-08 14:20:00+05:30,163.8,164.0,163.7,163.9,4558.0
2026-07-08 14:25:00+05:30,163.89,164.0,163.65,163.65,3870.0
2026-07-08 14:30:00+05:30,163.72,164.0,163.67,163.82,3313.0
2026-07-08 14:35:00+05:30,163.82,163.92,163.66,163.76,7551.0
2026-07-08 14:40:00+05:30,163.77,163.97,163.71,163.95,8733.0
2026-07-08 14:45:00+05:30,163.92,163.96,163.66,163.76,7165.0
2026-07-08 14:50:00+05:30,163.78,164.1,163.48,164.0,52093.0
2026-07-08 14:55:00+05:30,164.0,164.0,163.53,163.79,12103.0
2026-07-08 15:00:00+05:30,163.88,164.2,163.85,164.0,24389.0
2026-07-08 15:05:00+05:30,164.06,164.08,163.74,163.96,6140.0
2026-07-08 15:10:00+05:30,163.88,164.09,163.57,163.62,42001.0
2026-07-08 15:15:00+05:30,163.63,163.75,163.55,163.75,17835.0
2026-07-08 15:20:00+05:30,163.75,163.75,163.66,163.71,10651.0
2026-07-08 15:25:00+05:30,163.71,163.75,163.41,163.5,32876.0
2026-07-09 09:15:00+05:30,164.09,164.29,162.5,162.83,41096.0
2026-07-09 09:20:00+05:30,162.88,163.44,162.68,163.05,21779.0
2026-07-09 09:25:00+05:30,162.82,163.49,162.76,163.17,33288.0
2026-07-09 09:30:00+05:30,163.17,163.5,163.05,163.05,27736.0
2026-07-09 09:35:00+05:30,163.01,163.49,162.85,163.22,70637.0
2026-07-09 09:40:00+05:30,163.22,163.61,163.2,163.27,14430.0
2026-07-09 09:45:00+05:30,163.47,163.69,163.33,163.33,7886.0
2026-07-09 09:50:00+05:30,163.48,163.59,163.34,163.52,4713.0
2026-07-09 09:55:00+05:30,163.4,163.64,163.4,163.4,8955.0
2026-07-09 10:00:00+05:30,163.51,163.91,163.43,163.91,7853.0
2026-07-09 10:05:00+05:30,163.8,164.0,163.8,163.86,8553.0
2026-07-09 10:10:00+05:30,163.84,163.89,163.7,163.75,5643.0
2026-07-09 10:15:00+05:30,163.82,163.88,163.53,163.84,7630.0
2026-07-09 10:20:00+05:30,163.76,163.8,163.54,163.65,6094.0
2026-07-09 10:25:00+05:30,163.6,163.8,163.59,163.67,3091.0
2026-07-09 10:30:00+05:30,163.66,163.66,163.25,163.25,4892.0
2026-07-09 10:35:00+05:30,163.2,163.3,163.12,163.17,3905.0
2026-07-09 10:40:00+05:30,163.2,163.94,163.2,163.5,11960.0
2026-07-09 10:45:00+05:30,163.58,163.65,163.39,163.53,5877.0
2026-07-09 10:50:00+05:30,163.52,163.66,163.49,163.66,21163.0
2026-07-09 10:55:00+05:30,163.51,163.62,163.41,163.52,5533.0
2026-07-09 11:00:00+05:30,163.5,163.58,163.35,163.4,6228.0
2026-07-09 11:05:00+05:30,163.5,163.5,163.1,163.1,5689.0
2026-07-09 11:10:00+05:30,163.1,163.33,163.1,163.15,3441.0
2026-07-09 11:15:00+05:30,163.15,163.38,163.15,163.2,5880.0
2026-07-09 11:20:00+05:30,163.2,163.39,163.15,163.3,2787.0
2026-07-09 11:25:00+05:30,163.2,163.57,163.2,163.5,1291.0
2026-07-09 11:30:00+05:30,163.5,163.7,163.44,163.6,2484.0
2026-07-09 11:35:00+05:30,163.56,163.65,163.39,163.45,2476.0
2026-07-09 11:40:00+05:30,163.56,163.67,163.4,163.55,7919.0
2026-07-09 11:45:00+05:30,163.55,163.62,163.38,163.49,2174.0
2026-07-09 11:50:00+05:30,163.54,163.61,163.41,163.41,1249.0
2026-07-09 11:55:00+05:30,163.55,163.78,163.42,163.51,4582.0
2026-07-09 12:00:00+05:30,163.62,163.63,163.42,163.5,4032.0
2026-07-09 12:05:00+05:30,163.5,163.71,161.95,162.61,213682.0
2026-07-09 12:10:00+05:30,163.0,163.2,162.94,163.15,14281.0
2026-07-09 12:15:00+05:30,163.19,163.35,163.1,163.26,4383.0
2026-07-09 12:20:00+05:30,163.18,163.26,163.0,163.18,25382.0
2026-07-09 12:25:00+05:30,163.2,163.2,163.07,163.1,1014.0
2026-07-09 12:30:00+05:30,163.1,163.25,162.97,163.2,3968.0
2026-07-09 12:35:00+05:30,163.24,163.33,163.08,163.3,8392.0
2026-07-09 12:40:00+05:30,163.3,163.3,162.94,162.94,13296.0
2026-07-09 12:45:00+05:30,162.9,162.99,162.65,162.95,5671.0
2026-07-09 12:50:00+05:30,162.86,163.04,162.83,162.95,3396.0
2026-07-09 12:55:00+05:30,162.99,163.06,162.81,162.84,9607.0
2026-07-09 13:00:00+05:30,162.83,162.99,162.83,162.87,1697.0
2026-07-09 13:05:00+05:30,162.98,163.0,162.87,162.91,1030.0
2026-07-09 13:10:00+05:30,162.91,163.06,162.9,162.9,1465.0
2026-07-09 13:15:00+05:30,162.9,163.19,162.9,163.19,5731.0
2026-07-09 13:20:00+05:30,163.2,163.2,163.05,163.1,7381.0
2026-07-09 13:25:00+05:30,163.1,163.15,163.0,163.08,5544.0
2026-07-09 13:30:00+05:30,163.17,163.86,163.06,163.75,26718.0
2026-07-09 13:35:00+05:30,163.75,163.9,163.7,163.8,9913.0
2026-07-09 13:40:00+05:30,163.86,163.98,163.79,163.9,11926.0
2026-07-09 13:45:00+05:30,163.83,163.9,163.75,163.76,11599.0
2026-07-09 13:50:00+05:30,163.76,163.86,163.76,163.82,7055.0
2026-07-09 13:55:00+05:30,163.92,163.92,163.76,163.88,4089.0
2026-07-09 14:00:00+05:30,163.8,163.95,163.75,163.75,5204.0
2026-07-09 14:05:00+05:30,163.75,163.95,163.75,163.83,3150.0
2026-07-09 14:10:00+05:30,163.83,163.93,163.79,163.84,5345.0
2026-07-09 14:15:00+05:30,163.83,163.99,163.83,163.87,3553.0
2026-07-09 14:20:00+05:30,163.95,163.99,163.87,163.87,3559.0
2026-07-09 14:25:00+05:30,163.97,163.97,163.87,163.87,3463.0
2026-07-09 14:30:00+05:30,163.87,163.99,163.6,163.86,10185.0
2026-07-09 14:35:00+05:30,163.88,163.89,163.62,163.64,5704.0
2026-07-09 14:40:00+05:30,163.64,163.74,163.51,163.73,9089.0
2026-07-09 14:45:00+05:30,163.65,163.75,163.23,163.23,26436.0
2026-07-09 14:50:00+05:30,163.23,163.4,163.2,163.4,6063.0
2026-07-09 14:55:00+05:30,163.34,163.64,163.34,163.5,11781.0
2026-07-09 15:00:00+05:30,163.54,163.54,163.11,163.21,24420.0
2026-07-09 15:05:00+05:30,163.21,163.21,162.11,162.4,64270.0
2026-07-09 15:10:00+05:30,162.51,162.67,162.43,162.67,17349.0
2026-07-09 15:15:00+05:30,162.67,163.04,162.67,162.99,30173.0
2026-07-09 15:20:00+05:30,163.0,163.28,162.98,163.09,27065.0
2026-07-09 15:25:00+05:30,163.09,163.45,162.7,163.42,33000.0
2026-07-10 09:15:00+05:30,163.67,164.99,163.67,164.59,25836.0
2026-07-10 09:20:00+05:30,164.58,165.49,164.39,165.28,27765.0
2026-07-10 09:25:00+05:30,165.28,165.29,165.0,165.02,9292.0
2026-07-10 09:30:00+05:30,164.95,165.03,164.79,164.83,8280.0
2026-07-10 09:35:00+05:30,164.83,165.4,164.83,165.12,13628.0
2026-07-10 09:40:00+05:30,165.12,165.36,165.05,165.23,9095.0
2026-07-10 09:45:00+05:30,165.33,165.5,165.23,165.48,15609.0
2026-07-10 09:50:00+05:30,165.36,165.79,165.36,165.57,15015.0
2026-07-10 09:55:00+05:30,165.78,165.9,165.62,165.73,15927.0
2026-07-10 10:00:00+05:30,165.83,165.83,165.52,165.68,4328.0
2026-07-10 10:05:00+05:30,165.74,165.9,165.5,165.86,8758.0
2026-07-10 10:10:00+05:30,165.94,166.2,165.86,166.2,21379.0
2026-07-10 10:15:00+05:30,166.25,166.4,166.03,166.24,9536.0
2026-07-10 10:20:00+05:30,166.24,166.6,165.89,166.5,32416.0
2026-07-10 10:25:00+05:30,166.48,166.79,166.4,166.4,17865.0
2026-07-10 10:30:00+05:30,166.57,166.57,166.03,166.3,14689.0
2026-07-10 10:35:00+05:30,166.3,166.54,166.17,166.54,13373.0
2026-07-10 10:40:00+05:30,166.4,166.52,166.21,166.22,6773.0
2026-07-10 10:45:00+05:30,166.22,166.22,166.05,166.07,3208.0
2026-07-10 10:50:00+05:30,166.11,166.27,166.0,166.1,4271.0
2026-07-10 10:55:00+05:30,166.1,166.31,166.1,166.21,2461.0
2026-07-10 11:00:00+05:30,166.23,166.29,166.0,166.02,3874.0
2026-07-10 11:05:00+05:30,166.02,166.19,164.8,165.64,153063.0
2026-07-10 11:10:00+05:30,165.77,165.77,165.46,165.64,2189.0
2026-07-10 11:15:00+05:30,165.68,165.76,164.9,165.51,106634.0
2026-07-10 11:20:00+05:30,165.51,165.61,165.5,165.51,1674.0
2026-07-10 11:25:00+05:30,165.51,165.53,165.29,165.46,2414.0
2026-07-10 11:30:00+05:30,165.46,165.65,165.0,165.0,24451.0
2026-07-10 11:35:00+05:30,165.0,165.14,164.96,165.02,22808.0
2026-07-10 11:40:00+05:30,165.02,165.2,164.97,165.02,33744.0
2026-07-10 11:45:00+05:30,165.02,165.25,163.8,163.95,149560.0
2026-07-10 11:50:00+05:30,163.98,164.05,163.8,163.97,25993.0
2026-07-10 11:55:00+05:30,163.97,164.06,163.97,163.99,5305.0
2026-07-10 12:00:00+05:30,164.05,164.11,163.93,163.94,9900.0
2026-07-10 12:05:00+05:30,163.94,164.39,163.94,164.16,26758.0
2026-07-10 12:10:00+05:30,164.16,164.5,164.16,164.27,12653.0
2026-07-10 12:15:00+05:30,164.3,164.5,164.15,164.21,16884.0
2026-07-10 12:20:00+05:30,164.15,164.27,164.12,164.19,1722.0
2026-07-10 12:25:00+05:30,164.18,164.29,164.11,164.16,3930.0
2026-07-10 12:30:00+05:30,164.16,164.33,164.14,164.22,1465.0
2026-07-10 12:35:00+05:30,164.22,164.57,164.2,164.45,9262.0
2026-07-10 12:40:00+05:30,164.45,164.62,164.43,164.48,10141.0
2026-07-10 12:45:00+05:30,164.49,165.03,164.46,164.56,71704.0
2026-07-10 12:50:00+05:30,164.59,164.62,164.41,164.41,3443.0
2026-07-10 12:55:00+05:30,164.41,164.53,164.31,164.4,10371.0
2026-07-10 13:00:00+05:30,164.32,164.43,164.18,164.3,2460.0
2026-07-10 13:05:00+05:30,164.3,164.51,164.29,164.39,2645.0
2026-07-10 13:10:00+05:30,164.41,164.41,164.25,164.27,5422.0
2026-07-10 13:15:00+05:30,164.27,164.37,163.95,164.05,19635.0
2026-07-10 13:20:00+05:30,164.01,164.08,163.91,164.0,3999.0
2026-07-10 13:25:00+05:30,163.98,164.11,163.96,163.98,10335.0
2026-07-10 13:30:00+05:30,163.99,164.07,163.94,163.94,11665.0
2026-07-10 13:35:00+05:30,163.94,164.12,163.92,163.93,9699.0
2026-07-10 13:40:00+05:30,163.93,164.14,163.93,163.99,4453.0
2026-07-10 13:45:00+05:30,163.99,164.38,163.93,164.0,38322.0
2026-07-10 13:50:00+05:30,163.96,164.22,163.96,164.02,20572.0
2026-07-10 13:55:00+05:30,164.08,164.09,163.94,163.97,7099.0
2026-07-10 14:00:00+05:30,163.96,164.02,163.81,164.0,9065.0
2026-07-10 14:05:00+05:30,163.99,164.05,163.9,163.98,4222.0
2026-07-10 14:10:00+05:30,163.98,164.05,163.9,163.92,2682.0
2026-07-10 14:15:00+05:30,163.92,164.11,163.91,163.99,8270.0
2026-07-10 14:20:00+05:30,163.98,164.02,163.8,163.97,7606.0
2026-07-10 14:25:00+05:30,163.8,164.29,163.8,164.0,22363.0
2026-07-10 14:30:00+05:30,164.0,164.09,163.8,164.05,19169.0
2026-07-10 14:35:00+05:30,163.99,164.13,163.99,163.99,5528.0
2026-07-10 14:40:00+05:30,164.04,164.2,163.9,164.03,11051.0
2026-07-10 14:45:00+05:30,163.99,164.14,163.96,164.0,6364.0
2026-07-10 14:50:00+05:30,164.07,164.07,163.89,164.03,16794.0
2026-07-10 14:55:00+05:30,163.98,164.1,163.9,163.95,8841.0
2026-07-10 15:00:00+05:30,164.0,164.09,163.8,163.89,18525.0
2026-07-10 15:05:00+05:30,163.89,164.0,163.81,163.99,24978.0
2026-07-10 15:10:00+05:30,163.92,163.95,163.78,163.85,28706.0
2026-07-10 15:15:00+05:30,163.88,163.99,163.75,163.89,28820.0
2026-07-10 15:20:00+05:30,163.99,164.17,163.89,164.11,22378.0
2026-07-10 15:25:00+05:30,164.08,164.15,163.94,164.15,63745.0
2026-07-13 09:15:00+05:30,163.0,164.05,162.2,163.8,23589.0
2026-07-13 09:20:00+05:30,163.71,164.69,163.71,164.27,26220.0
2026-07-13 09:25:00+05:30,164.4,164.75,163.76,164.03,55437.0
2026-07-13 09:30:00+05:30,164.0,164.03,163.26,163.3,16590.0
2026-07-13 09:35:00+05:30,163.25,163.56,163.15,163.23,13450.0
2026-07-13 09:40:00+05:30,163.23,163.4,163.17,163.4,6295.0
2026-07-13 09:45:00+05:30,163.4,163.46,163.16,163.25,6108.0
2026-07-13 09:50:00+05:30,163.25,163.25,162.74,162.95,27367.0
2026-07-13 09:55:00+05:30,162.95,163.13,162.95,162.96,10817.0
2026-07-13 10:00:00+05:30,162.96,163.09,162.94,163.0,9746.0
2026-07-13 10:05:00+05:30,163.03,163.1,162.95,162.95,7262.0
2026-07-13 10:10:00+05:30,162.96,163.07,162.96,163.05,13535.0
2026-07-13 10:15:00+05:30,163.09,163.19,162.95,162.99,15298.0
2026-07-13 10:20:00+05:30,162.99,163.12,162.91,162.98,6945.0
2026-07-13 10:25:00+05:30,163.09,163.79,162.95,163.74,15478.0
2026-07-13 10:30:00+05:30,163.79,163.84,163.62,163.71,7483.0
2026-07-13 10:35:00+05:30,163.71,163.71,162.95,163.0,15916.0
2026-07-13 10:40:00+05:30,163.0,163.0,162.75,162.75,31179.0
2026-07-13 10:45:00+05:30,162.75,162.85,162.25,162.26,57721.0
2026-07-13 10:50:00+05:30,162.27,162.27,161.88,162.03,49716.0
2026-07-13 10:55:00+05:30,162.03,162.08,161.8,161.87,23738.0
2026-07-13 11:00:00+05:30,161.87,162.0,161.7,161.86,21114.0
2026-07-13 11:05:00+05:30,161.82,161.99,161.55,161.56,29652.0
2026-07-13 11:10:00+05:30,161.58,161.81,161.5,161.6,24272.0
2026-07-13 11:15:00+05:30,161.67,162.03,161.51,161.51,36050.0
2026-07-13 11:20:00+05:30,161.52,161.73,161.5,161.54,23974.0
2026-07-13 11:25:00+05:30,161.51,161.71,161.43,161.44,23482.0
2026-07-13 11:30:00+05:30,161.44,161.55,161.14,161.5,37542.0
2026-07-13 11:35:00+05:30,161.5,161.73,161.24,161.4,26072.0
2026-07-13 11:40:00+05:30,161.57,161.57,161.25,161.27,22747.0
2026-07-13 11:45:00+05:30,161.27,161.48,161.27,161.31,20836.0
2026-07-13 11:50:00+05:30,161.32,161.45,161.3,161.3,22343.0
2026-07-13 11:55:00+05:30,161.3,161.42,161.2,161.21,20644.0
2026-07-13 12:00:00+05:30,161.2,161.38,161.2,161.21,20352.0
2026-07-13 12:05:00+05:30,161.21,161.48,161.15,161.4,27179.0
2026-07-13 12:10:00+05:30,161.31,161.96,161.31,161.8,19979.0
2026-07-13 12:15:00+05:30,161.81,161.87,161.41,161.49,21105.0
2026-07-13 12:20:00+05:30,161.46,161.67,161.4,161.66,19592.0
2026-07-13 12:25:00+05:30,161.68,161.68,161.5,161.5,18512.0
2026-07-13 12:30:00+05:30,161.52,162.29,161.5,162.2,53597.0
2026-07-13 12:35:00+05:30,162.36,162.36,161.78,162.04,28461.0
2026-07-13 12:40:00+05:30,162.04,162.04,161.69,161.77,28341.0
2026-07-13 12:45:00+05:30,161.77,161.94,161.54,161.58,20652.0
2026-07-13 12:50:00+05:30,161.56,162.17,161.56,162.07,30124.0
2026-07-13 12:55:00+05:30,162.06,162.25,161.95,161.97,23489.0
2026-07-13 13:00:00+05:30,161.95,162.12,161.95,162.11,27641.0
2026-07-13 13:05:00+05:30,162.19,162.29,162.0,162.11,21762.0
2026-07-13 13:10:00+05:30,162.11,162.25,161.99,162.1,46372.0
2026-07-13 13:15:00+05:30,162.01,162.25,162.01,162.03,33245.0
2026-07-13 13:20:00+05:30,162.04,162.19,162.04,162.09,19245.0
2026-07-13 13:25:00+05:30,162.04,162.15,161.62,161.66,81450.0
2026-07-13 13:30:00+05:30,161.59,161.74,161.55,161.57,19412.0
2026-07-13 13:35:00+05:30,161.72,161.82,161.56,161.69,24039.0
2026-07-13 13:40:00+05:30,161.8,161.81,161.55,161.67,22946.0
2026-07-13 13:45:00+05:30,161.63,161.74,161.54,161.67,20643.0
2026-07-13 13:50:00+05:30,161.66,161.78,161.58,161.59,19278.0
2026-07-13 13:55:00+05:30,161.63,161.7,161.58,161.59,20120.0
2026-07-13 14:00:00+05:30,161.59,161.67,161.54,161.65,19020.0
2026-07-13 14:05:00+05:30,161.67,161.83,161.61,161.77,20664.0
2026-07-13 14:10:00+05:30,161.85,161.85,161.59,161.66,20593.0
2026-07-13 14:15:00+05:30,161.7,161.99,161.64,161.71,29430.0
2026-07-13 14:20:00+05:30,161.74,161.99,161.64,161.92,21369.0
2026-07-13 14:25:00+05:30,161.92,162.0,161.62,161.87,25266.0
2026-07-13 14:30:00+05:30,161.87,161.98,161.62,161.82,33767.0
2026-07-13 14:35:00+05:30,161.82,162.0,161.68,161.73,22854.0
2026-07-13 14:40:00+05:30,161.88,162.0,161.71,161.91,25979.0
2026-07-13 14:45:00+05:30,161.9,161.97,161.68,161.78,27850.0
2026-07-13 14:50:00+05:30,161.75,161.91,161.75,161.85,21638.0
2026-07-13 14:55:00+05:30,161.76,161.89,161.7,161.79,26776.0
2026-07-13 15:00:00+05:30,161.8,162.0,161.7,161.84,46002.0
2026-07-13 15:05:00+05:30,161.84,161.99,161.71,161.82,41011.0
2026-07-13 15:10:00+05:30,161.9,162.03,161.8,161.92,58864.0
2026-07-13 15:15:00+05:30,162.0,162.0,161.8,161.9,49763.0
2026-07-13 15:20:00+05:30,162.0,162.1,161.9,162.0,68524.0
2026-07-13 15:25:00+05:30,161.99,162.2,161.72,162.0,69199.0
2026-07-14 09:15:00+05:30,161.9,162.8,160.6,161.23,58580.0
2026-07-14 09:20:00+05:30,161.34,161.37,160.4,160.55,167267.0
2026-07-14 09:25:00+05:30,160.43,160.66,160.26,160.29,34024.0
2026-07-14 09:30:00+05:30,160.29,160.5,160.29,160.5,33023.0
2026-07-14 09:35:00+05:30,160.5,160.78,160.38,160.48,28831.0
2026-07-14 09:40:00+05:30,160.5,160.5,160.3,160.39,19755.0
2026-07-14 09:45:00+05:30,160.4,160.4,160.3,160.35,23156.0
2026-07-14 09:50:00+05:30,160.4,160.5,160.25,160.5,16950.0
2026-07-14 09:55:00+05:30,160.4,160.95,160.4,160.7,76286.0
2026-07-14 10:00:00+05:30,160.67,160.81,160.51,160.81,4695.0
2026-07-14 10:05:00+05:30,160.8,160.82,160.61,160.7,4094.0
2026-07-14 10:10:00+05:30,160.71,161.38,160.71,161.28,37571.0
2026-07-14 10:15:00+05:30,161.3,161.38,160.56,160.56,18630.0
2026-07-14 10:20:00+05:30,160.68,160.68,160.31,160.5,18541.0
2026-07-14 10:25:00+05:30,160.55,160.68,160.32,160.47,7540.0
2026-07-14 10:30:00+05:30,160.39,160.5,160.35,160.38,3587.0
2026-07-14 10:35:00+05:30,160.43,160.48,160.36,160.43,6499.0
2026-07-14 10:40:00+05:30,160.47,160.5,160.46,160.5,9102.0
2026-07-14 10:45:00+05:30,160.5,160.65,160.49,160.5,5655.0
2026-07-14 10:50:00+05:30,160.62,160.69,160.47,160.51,6103.0
2026-07-14 10:55:00+05:30,160.5,160.63,160.43,160.59,4346.0
2026-07-14 11:00:00+05:30,160.46,160.71,160.45,160.56,4101.0
2026-07-14 11:05:00+05:30,160.64,160.81,160.61,160.66,9122.0
2026-07-14 11:10:00+05:30,160.65,160.89,160.65,160.89,4619.0
2026-07-14 11:15:00+05:30,160.89,161.0,160.8,160.95,8470.0
2026-07-14 11:20:00+05:30,160.95,160.97,160.84,160.9,2966.0
2026-07-14 11:25:00+05:30,160.91,160.91,160.76,160.8,5071.0
2026-07-14 11:30:00+05:30,160.82,160.82,159.8,159.97,324547.0
2026-07-14 11:35:00+05:30,160.0,160.0,159.7,159.9,15279.0
2026-07-14 11:40:00+05:30,159.9,159.91,159.75,159.78,5084.0
2026-07-14 11:45:00+05:30,159.82,159.9,159.61,159.84,20656.0
2026-07-14 11:50:00+05:30,159.84,159.9,159.76,159.76,8362.0
2026-07-14 11:55:00+05:30,159.83,159.9,159.63,159.82,5949.0
2026-07-14 12:00:00+05:30,159.76,159.84,159.63,159.81,13052.0
2026-07-14 12:05:00+05:30,159.81,159.82,159.6,159.62,8887.0
2026-07-14 12:10:00+05:30,159.62,159.69,159.51,159.62,14774.0
2026-07-14 12:15:00+05:30,159.72,159.8,159.59,159.68,9782.0
2026-07-14 12:20:00+05:30,159.68,159.68,159.51,159.61,2416.0
2026-07-14 12:25:00+05:30,159.54,159.67,159.47,159.67,33342.0
2026-07-14 12:30:00+05:30,159.57,159.72,159.57,159.68,3798.0
2026-07-14 12:35:00+05:30,159.7,159.85,159.7,159.83,5761.0
2026-07-14 12:40:00+05:30,159.85,159.85,159.48,159.61,40426.0
2026-07-14 12:45:00+05:30,159.61,159.65,159.49,159.5,10667.0
2026-07-14 12:50:00+05:30,159.6,159.63,159.49,159.59,6990.0
2026-07-14 12:55:00+05:30,159.5,159.64,159.49,159.6,11883.0
2026-07-14 13:00:00+05:30,159.59,159.6,159.46,159.59,7084.0
2026-07-14 13:05:00+05:30,159.51,159.58,159.36,159.52,9165.0
2026-07-14 13:10:00+05:30,159.52,159.56,159.37,159.47,3128.0
2026-07-14 13:15:00+05:30,159.5,159.5,159.36,159.5,3233.0
2026-07-14 13:20:00+05:30,159.5,159.55,159.45,159.52,8500.0
2026-07-14 13:25:00+05:30,159.54,159.61,159.46,159.49,13589.0
2026-07-14 13:30:00+05:30,159.47,159.61,159.4,159.43,4307.0
2026-07-14 13:35:00+05:30,159.33,159.33,159.03,159.18,29697.0
2026-07-14 13:40:00+05:30,159.1,159.2,159.1,159.19,6793.0
2026-07-14 13:45:00+05:30,159.2,159.29,159.16,159.2,8700.0
2026-07-14 13:50:00+05:30,159.21,159.21,159.12,159.16,2579.0
2026-07-14 13:55:00+05:30,159.17,159.2,159.03,159.2,17783.0
2026-07-14 14:00:00+05:30,159.2,159.26,159.13,159.2,7198.0
2026-07-14 14:05:00+05:30,159.23,159.27,159.12,159.2,17412.0
2026-07-14 14:10:00+05:30,159.2,159.29,159.15,159.2,11554.0
2026-07-14 14:15:00+05:30,159.2,159.2,159.11,159.2,5277.0
2026-07-14 14:20:00+05:30,159.2,159.2,159.1,159.16,5235.0
2026-07-14 14:25:00+05:30,159.16,159.17,159.03,159.03,16822.0
2026-07-14 14:30:00+05:30,159.03,159.16,159.03,159.15,3991.0
2026-07-14 14:35:00+05:30,159.04,159.16,159.04,159.1,4070.0
2026-07-14 14:40:00+05:30,159.11,159.16,159.11,159.12,2823.0
2026-07-14 14:45:00+05:30,159.12,159.18,159.11,159.18,7889.0
2026-07-14 14:50:00+05:30,159.15,159.15,159.11,159.14,2252.0
2026-07-14 14:55:00+05:30,159.12,159.32,159.03,159.12,31573.0
2026-07-14 15:00:00+05:30,159.18,159.27,159.13,159.2,36737.0
2026-07-14 15:05:00+05:30,159.2,159.26,159.15,159.2,16097.0
2026-07-14 15:10:00+05:30,159.2,159.2,159.03,159.17,28972.0
2026-07-14 15:15:00+05:30,159.17,159.24,159.03,159.1,30811.0
2026-07-14 15:20:00+05:30,159.14,159.34,159.1,159.18,26916.0
2026-07-14 15:25:00+05:30,159.18,159.21,159.1,159.2,49506.0
2026-07-15 09:15:00+05:30,159.16,160.06,159.01,159.19,37261.0
2026-07-15 09:20:00+05:30,159.18,159.45,158.93,159.24,47425.0
2026-07-15 09:25:00+05:30,159.2,159.61,159.18,159.42,29275.0
2026-07-15 09:30:00+05:30,159.43,159.79,159.37,159.75,7966.0
2026-07-15 09:35:00+05:30,159.74,160.24,159.67,159.99,25817.0
2026-07-15 09:40:00+05:30,159.99,160.01,159.71,160.0,26498.0
2026-07-15 09:45:00+05:30,159.97,160.22,159.9,160.09,15817.0
2026-07-15 09:50:00+05:30,160.07,160.4,159.93,160.05,13067.0
2026-07-15 09:55:00+05:30,159.91,160.02,159.65,159.76,8729.0
2026-07-15 10:00:00+05:30,159.81,159.81,159.54,159.58,13845.0
2026-07-15 10:05:00+05:30,159.59,159.69,159.5,159.5,5576.0
2026-07-15 10:10:00+05:30,159.58,159.58,159.34,159.36,7500.0
2026-07-15 10:15:00+05:30,159.41,159.73,159.41,159.5,7909.0
2026-07-15 10:20:00+05:30,159.52,159.54,159.35,159.36,2194.0
2026-07-15 10:25:00+05:30,159.44,159.5,159.29,159.38,4821.0
2026-07-15 10:30:00+05:30,159.32,159.68,159.32,159.47,16438.0
2026-07-15 10:35:00+05:30,159.5,159.54,159.32,159.35,3144.0
2026-07-15 10:40:00+05:30,159.46,159.5,159.29,159.5,5535.0
2026-07-15 10:45:00+05:30,159.5,160.74,159.24,160.74,52038.0
2026-07-15 10:50:00+05:30,160.74,161.49,160.62,161.25,58064.0
2026-07-15 10:55:00+05:30,161.3,161.49,160.98,161.02,23776.0
2026-07-15 11:00:00+05:30,161.21,161.39,160.75,161.0,32525.0
2026-07-15 11:05:00+05:30,161.0,161.95,160.54,161.67,57378.0
2026-07-15 11:10:00+05:30,161.72,161.99,161.67,161.75,28434.0
2026-07-15 11:15:00+05:30,161.8,161.98,161.53,161.64,16319.0
2026-07-15 11:20:00+05:30,161.64,163.39,161.64,163.27,293812.0
2026-07-15 11:25:00+05:30,163.26,163.4,163.14,163.17,34977.0
2026-07-15 11:30:00+05:30,163.15,163.15,163.0,163.04,33268.0
2026-07-15 11:35:00+05:30,163.14,163.14,163.0,163.0,111788.0
2026-07-15 11:40:00+05:30,163.02,163.25,163.0,163.15,57522.0
2026-07-15 11:45:00+05:30,163.06,163.18,163.0,163.1,18545.0
2026-07-15 11:50:00+05:30,163.1,163.13,163.0,163.11,8298.0
2026-07-15 11:55:00+05:30,163.09,163.38,163.0,163.37,14343.0
2026-07-15 12:00:00+05:30,163.37,163.38,163.07,163.11,9477.0
2026-07-15 12:05:00+05:30,163.13,163.15,163.0,163.03,10091.0
2026-07-15 12:10:00+05:30,163.01,163.05,163.0,163.05,11312.0
2026-07-15 12:15:00+05:30,163.05,163.09,163.01,163.08,3284.0
2026-07-15 12:20:00+05:30,163.02,163.08,163.0,163.01,5133.0
2026-07-15 12:25:00+05:30,163.02,163.13,163.01,163.05,7555.0
2026-07-15 12:30:00+05:30,163.05,163.7,163.01,163.34,53679.0
2026-07-15 12:35:00+05:30,163.28,163.4,163.11,163.2,6786.0
2026-07-15 12:40:00+05:30,163.13,163.25,163.01,163.11,5380.0
2026-07-15 12:45:00+05:30,163.11,163.17,163.0,163.1,7263.0
2026-07-15 12:50:00+05:30,163.1,163.24,163.0,163.08,19592.0
2026-07-15 12:55:00+05:30,163.04,163.2,162.9,163.02,82983.0
2026-07-15 13:00:00+05:30,163.08,163.2,163.0,163.04,6607.0
2026-07-15 13:05:00+05:30,163.1,163.15,163.0,163.01,6399.0
2026-07-15 13:10:00+05:30,163.1,163.12,163.0,163.05,20044.0
2026-07-15 13:15:00+05:30,163.05,163.1,163.0,163.0,8976.0
2026-07-15 13:20:00+05:30,163.0,163.34,163.0,163.08,12965.0
2026-07-15 13:25:00+05:30,163.08,163.12,163.01,163.03,2413.0
2026-07-15 13:30:00+05:30,163.09,163.2,162.94,163.14,8250.0
2026-07-15 13:35:00+05:30,163.12,163.2,163.08,163.1,3863.0
2026-07-15 13:40:00+05:30,163.17,163.17,163.0,163.09,72111.0
2026-07-15 13:45:00+05:30,163.07,163.07,163.0,163.05,13920.0
2026-07-15 13:50:00+05:30,163.05,163.14,163.0,163.02,6194.0
2026-07-15 13:55:00+05:30,163.11,163.35,163.02,163.34,18883.0
2026-07-15 14:00:00+05:30,163.26,163.35,163.19,163.25,3754.0
2026-07-15 14:05:00+05:30,163.34,163.59,163.25,163.42,11520.0
2026-07-15 14:10:00+05:30,163.45,164.0,163.28,163.54,33257.0
2026-07-15 14:15:00+05:30,163.62,163.7,163.46,163.59,4816.0
2026-07-15 14:20:00+05:30,163.59,163.68,163.45,163.64,4389.0
2026-07-15 14:25:00+05:30,163.63,163.69,163.43,163.47,6216.0
2026-07-15 14:30:00+05:30,163.58,163.63,163.45,163.45,5323.0
2026-07-15 14:35:00+05:30,163.52,163.68,163.44,163.47,7511.0
2026-07-15 14:40:00+05:30,163.59,163.65,163.47,163.62,3318.0
2026-07-15 14:45:00+05:30,163.62,163.9,163.42,163.63,26966.0
2026-07-15 14:50:00+05:30,163.73,163.85,163.53,163.75,25430.0
2026-07-15 14:55:00+05:30,163.74,163.74,163.5,163.64,12494.0
2026-07-15 15:00:00+05:30,163.64,163.79,163.4,163.55,15989.0
2026-07-15 15:05:00+05:30,163.55,163.63,163.35,163.43,29026.0
2026-07-15 15:10:00+05:30,163.44,163.5,163.3,163.34,28806.0
2026-07-15 15:15:00+05:30,163.38,163.55,163.3,163.48,34789.0
2026-07-15 15:20:00+05:30,163.53,163.6,163.4,163.48,22132.0
2026-07-15 15:25:00+05:30,163.48,163.9,163.44,163.74,82418.0
2026-07-16 09:15:00+05:30,163.54,164.58,163.0,164.17,41036.0
2026-07-16 09:20:00+05:30,164.17,164.49,163.48,163.52,34374.0
2026-07-16 09:25:00+05:30,163.43,164.79,163.43,164.16,40454.0
2026-07-16 09:30:00+05:30,164.15,164.48,163.55,164.48,24783.0
2026-07-16 09:35:00+05:30,164.4,164.48,163.89,163.89,27272.0
2026-07-16 09:40:00+05:30,163.87,164.1,163.75,164.02,21708.0
2026-07-16 09:45:00+05:30,164.02,164.98,163.9,164.68,34988.0
2026-07-16 09:50:00+05:30,164.59,164.72,164.29,164.56,24564.0
2026-07-16 09:55:00+05:30,164.4,164.54,164.07,164.41,8019.0
2026-07-16 10:00:00+05:30,164.43,165.37,164.43,164.65,57185.0
2026-07-16 10:05:00+05:30,164.6,164.79,164.46,164.72,16232.0
2026-07-16 10:10:00+05:30,164.61,164.72,164.13,164.6,8905.0
2026-07-16 10:15:00+05:30,164.49,164.71,164.45,164.71,5578.0
2026-07-16 10:20:00+05:30,164.7,165.45,164.57,165.36,39965.0
2026-07-16 10:25:00+05:30,165.37,165.37,164.88,165.0,13110.0
2026-07-16 10:30:00+05:30,164.79,165.0,164.73,165.0,23520.0
2026-07-16 10:35:00+05:30,164.96,164.98,164.78,164.9,7867.0
2026-07-16 10:40:00+05:30,164.98,164.99,164.74,164.74,6845.0
2026-07-16 10:45:00+05:30,164.7,164.97,164.7,164.94,6059.0
2026-07-16 10:50:00+05:30,164.94,164.97,164.9,164.9,4524.0
2026-07-16 10:55:00+05:30,164.9,164.9,164.61,164.67,5034.0
2026-07-16 11:00:00+05:30,164.75,164.96,164.69,164.89,9394.0
2026-07-16 11:05:00+05:30,164.81,165.61,164.8,165.61,21348.0
2026-07-16 11:10:00+05:30,165.61,165.7,165.37,165.5,13053.0
2026-07-16 11:15:00+05:30,165.43,165.5,165.43,165.43,4208.0
2026-07-16 11:20:00+05:30,165.44,165.44,165.06,165.18,31304.0
2026-07-16 11:25:00+05:30,165.2,165.48,165.2,165.4,7990.0
2026-07-16 11:30:00+05:30,165.34,165.4,165.1,165.1,15734.0
2026-07-16 11:35:00+05:30,165.09,165.44,165.09,165.26,23310.0
2026-07-16 11:40:00+05:30,165.34,166.3,165.28,166.0,67705.0
2026-07-16 11:45:00+05:30,166.0,166.05,165.94,166.0,21616.0
2026-07-16 11:50:00+05:30,166.0,166.07,166.0,166.0,20513.0
2026-07-16 11:55:00+05:30,166.04,166.04,166.0,166.0,8901.0
2026-07-16 12:00:00+05:30,166.0,166.12,166.0,166.11,57983.0
2026-07-16 12:05:00+05:30,166.14,166.14,166.1,166.13,11647.0
2026-07-16 12:10:00+05:30,166.12,166.13,166.1,166.11,5579.0
2026-07-16 12:15:00+05:30,166.11,166.29,166.11,166.14,17010.0
2026-07-16 12:20:00+05:30,166.13,166.2,166.0,166.15,29865.0
2026-07-16 12:25:00+05:30,166.07,166.15,166.07,166.07,2083.0
2026-07-16 12:30:00+05:30,166.07,166.18,166.07,166.11,3746.0
2026-07-16 12:35:00+05:30,166.11,166.18,166.01,166.14,12490.0
2026-07-16 12:40:00+05:30,166.08,166.14,165.92,166.0,9793.0
2026-07-16 12:45:00+05:30,166.05,166.05,166.0,166.01,14195.0
2026-07-16 12:50:00+05:30,166.01,166.1,166.0,166.06,14558.0
2026-07-16 12:55:00+05:30,166.0,166.06,166.0,166.0,36876.0
2026-07-16 13:00:00+05:30,166.0,166.02,165.96,166.0,53800.0
2026-07-16 13:05:00+05:30,166.0,166.09,165.97,166.05,9236.0
2026-07-16 13:10:00+05:30,166.0,166.05,166.0,166.0,22849.0
2026-07-16 13:15:00+05:30,166.01,166.01,165.96,166.01,15301.0
2026-07-16 13:20:00+05:30,166.0,166.01,166.0,166.0,5846.0
2026-07-16 13:25:00+05:30,166.01,166.01,165.96,166.0,15501.0
2026-07-16 13:30:00+05:30,166.01,166.01,165.99,166.0,17951.0
2026-07-16 13:35:00+05:30,166.0,166.04,166.0,166.0,40178.0
2026-07-16 13:40:00+05:30,166.0,166.02,165.99,166.0,41171.0
2026-07-16 13:45:00+05:30,166.01,166.01,166.0,166.01,8318.0
2026-07-16 13:50:00+05:30,166.0,166.07,166.0,166.07,30760.0
2026-07-16 13:55:00+05:30,166.07,166.16,166.03,166.15,6960.0
2026-07-16 14:00:00+05:30,166.08,166.38,166.06,166.1,14016.0
2026-07-16 14:05:00+05:30,166.1,166.2,166.07,166.08,6552.0
2026-07-16 14:10:00+05:30,166.08,166.2,166.03,166.07,10744.0
2026-07-16 14:15:00+05:30,166.07,166.2,166.04,166.18,13803.0
2026-07-16 14:20:00+05:30,166.03,166.17,166.03,166.03,7687.0
2026-07-16 14:25:00+05:30,166.07,166.07,166.0,166.04,5520.0
2026-07-16 14:30:00+05:30,166.0,166.04,165.99,166.0,11788.0
2026-07-16 14:35:00+05:30,165.99,166.2,165.99,166.15,11491.0
2026-07-16 14:40:00+05:30,166.14,166.15,165.96,166.0,11168.0
2026-07-16 14:45:00+05:30,166.02,166.13,166.0,166.09,16261.0
2026-07-16 14:50:00+05:30,166.0,166.13,166.0,166.02,19673.0
2026-07-16 14:55:00+05:30,166.07,166.07,166.0,166.0,20837.0
2026-07-16 15:00:00+05:30,166.08,166.13,166.0,166.01,44002.0
2026-07-16 15:05:00+05:30,166.01,166.01,166.0,166.01,31287.0
2026-07-16 15:10:00+05:30,166.01,166.05,166.0,166.01,53990.0
2026-07-16 15:15:00+05:30,166.01,166.1,166.0,166.01,49857.0
2026-07-16 15:20:00+05:30,166.0,166.04,165.98,166.01,48500.0
2026-07-16 15:25:00+05:30,166.01,166.04,165.99,166.01,35995.0
2026-07-17 09:15:00+05:30,166.5,166.99,164.4,164.46,56614.0
2026-07-17 09:20:00+05:30,164.46,164.7,163.81,163.93,23944.0
2026-07-17 09:25:00+05:30,163.9,164.24,163.86,164.05,13338.0
2026-07-17 09:30:00+05:30,164.08,164.74,164.07,164.54,5698.0
2026-07-17 09:35:00+05:30,164.62,164.63,164.3,164.43,7425.0
2026-07-17 09:40:00+05:30,164.43,164.58,164.21,164.4,7864.0
2026-07-17 09:45:00+05:30,164.43,164.43,164.06,164.18,6624.0
2026-07-17 09:50:00+05:30,164.05,164.28,164.05,164.25,4134.0
2026-07-17 09:55:00+05:30,164.2,164.25,163.95,164.2,12801.0
2026-07-17 10:00:00+05:30,164.23,164.33,164.1,164.19,4233.0
2026-07-17 10:05:00+05:30,164.19,164.34,164.1,164.28,6289.0
2026-07-17 10:10:00+05:30,164.34,164.35,164.1,164.19,3728.0
2026-07-17 10:15:00+05:30,164.2,164.63,164.18,164.18,36562.0
2026-07-17 10:20:00+05:30,164.31,164.33,164.18,164.3,2081.0
2026-07-17 10:25:00+05:30,164.33,164.33,164.15,164.23,7765.0
2026-07-17 10:30:00+05:30,164.23,164.23,164.06,164.06,4658.0
2026-07-17 10:35:00+05:30,164.06,164.06,163.9,163.97,6085.0
2026-07-17 10:40:00+05:30,163.98,164.08,163.9,163.9,17047.0
2026-07-17 10:45:00+05:30,163.99,163.99,163.86,163.86,12231.0
2026-07-17 10:50:00+05:30,163.89,163.94,163.75,163.81,7434.0
2026-07-17 10:55:00+05:30,163.76,165.64,163.47,165.64,108663.0
2026-07-17 11:00:00+05:30,165.63,165.75,165.33,165.51,17918.0
2026-07-17 11:05:00+05:30,165.51,165.58,165.32,165.49,8821.0
2026-07-17 11:10:00+05:30,165.41,165.41,165.04,165.12,5295.0
2026-07-17 11:15:00+05:30,165.08,165.27,165.0,165.03,19908.0
2026-07-17 11:20:00+05:30,165.04,165.14,165.0,165.1,6192.0
2026-07-17 11:25:00+05:30,165.1,165.1,165.0,165.0,8443.0
2026-07-17 11:30:00+05:30,165.06,165.06,165.0,165.05,19034.0
2026-07-17 11:35:00+05:30,165.01,165.05,165.0,165.05,17421.0
2026-07-17 11:40:00+05:30,165.0,165.04,165.0,165.0,9840.0
2026-07-17 11:45:00+05:30,165.0,165.01,165.0,165.01,5894.0
2026-07-17 11:50:00+05:30,165.02,165.03,165.0,165.03,4566.0
2026-07-17 11:55:00+05:30,165.03,165.18,165.0,165.15,11934.0
2026-07-17 12:00:00+05:30,165.16,165.16,165.0,165.0,6498.0
2026-07-17 12:05:00+05:30,165.01,165.04,165.0,165.02,8479.0
2026-07-17 12:10:00+05:30,165.0,165.01,165.0,165.01,15420.0
2026-07-17 12:15:00+05:30,165.02,165.29,165.0,165.22,11974.0
2026-07-17 12:20:00+05:30,165.21,165.28,165.04,165.18,5716.0
2026-07-17 12:25:00+05:30,165.16,165.25,165.13,165.18,3093.0
2026-07-17 12:30:00+05:30,165.18,165.18,165.03,165.16,1547.0
2026-07-17 12:35:00+05:30,165.02,165.09,165.0,165.0,9457.0
2026-07-17 12:40:00+05:30,165.08,165.22,165.01,165.09,3520.0
2026-07-17 12:45:00+05:30,165.07,165.32,165.07,165.21,3268.0
2026-07-17 12:50:00+05:30,165.12,165.18,165.0,165.1,9988.0
2026-07-17 12:55:00+05:30,165.1,165.14,165.0,165.09,3011.0
2026-07-17 13:00:00+05:30,165.21,165.32,165.11,165.32,3469.0
2026-07-17 13:05:00+05:30,165.3,165.47,165.22,165.32,6796.0
2026-07-17 13:10:00+05:30,165.46,165.46,165.31,165.42,4702.0
2026-07-17 13:15:00+05:30,165.42,165.43,165.27,165.35,2100.0
2026-07-17 13:20:00+05:30,165.35,165.41,165.0,165.01,6347.0
2026-07-17 13:25:00+05:30,165.01,165.17,165.0,165.1,8896.0
2026-07-17 13:30:00+05:30,165.01,165.07,165.0,165.01,2245.0
2026-07-17 13:35:00+05:30,165.02,165.16,165.0,165.0,16058.0
2026-07-17 13:40:00+05:30,165.07,165.07,165.0,165.0,1284.0
2026-07-17 13:45:00+05:30,165.0,165.05,165.0,165.05,1968.0
2026-07-17 13:50:00+05:30,165.0,165.06,165.0,165.01,12206.0
2026-07-17 13:55:00+05:30,165.06,165.27,165.06,165.27,6032.0
2026-07-17 14:00:00+05:30,165.27,165.27,165.11,165.2,2327.0
2026-07-17 14:05:00+05:30,165.1,165.15,165.04,165.11,1484.0
2026-07-17 14:10:00+05:30,165.1,165.2,165.0,165.06,3755.0
2026-07-17 14:15:00+05:30,165.05,165.48,165.01,165.37,6579.0
2026-07-17 14:20:00+05:30,165.29,165.34,165.18,165.2,986.0
2026-07-17 14:25:00+05:30,165.16,165.39,165.16,165.25,5202.0
2026-07-17 14:30:00+05:30,165.3,165.3,165.08,165.27,2965.0
2026-07-17 14:35:00+05:30,165.28,165.3,165.08,165.3,5568.0
2026-07-17 14:40:00+05:30,165.28,165.28,165.11,165.22,8910.0
2026-07-17 14:45:00+05:30,165.21,165.31,165.13,165.31,3832.0
2026-07-17 14:50:00+05:30,165.31,165.31,165.02,165.15,5176.0
2026-07-17 14:55:00+05:30,165.15,165.26,165.15,165.26,3188.0
2026-07-17 15:00:00+05:30,165.26,165.31,165.1,165.11,4378.0
2026-07-17 15:05:00+05:30,165.2,165.25,165.01,165.05,9349.0
2026-07-17 15:10:00+05:30,165.05,165.1,165.0,165.01,9008.0
2026-07-17 15:15:00+05:30,165.0,165.19,165.0,165.19,16335.0
2026-07-17 15:20:00+05:30,165.19,165.2,165.0,165.15,25858.0
2026-07-17 15:25:00+05:30,165.19,165.5,165.0,165.1,17363.0
2026-07-20 09:15:00+05:30,165.0,165.0,164.29,164.77,17375.0
2026-07-20 09:20:00+05:30,164.77,166.22,164.77,165.75,25950.0
2026-07-20 09:25:00+05:30,165.7,166.05,165.33,165.37,23577.0
2026-07-20 09:30:00+05:30,165.5,165.5,164.65,165.18,27489.0
2026-07-20 09:35:00+05:30,165.16,165.29,165.04,165.07,5077.0
2026-07-20 09:40:00+05:30,165.07,165.3,165.07,165.2,6415.0
2026-07-20 09:45:00+05:30,165.18,165.5,165.13,165.46,6760.0
2026-07-20 09:50:00+05:30,165.57,165.73,165.44,165.58,14256.0
2026-07-20 09:55:00+05:30,165.66,166.19,165.57,165.87,17824.0
2026-07-20 10:00:00+05:30,165.96,166.44,165.9,166.42,14504.0
2026-07-20 10:05:00+05:30,166.35,166.6,165.86,166.27,27842.0
2026-07-20 10:10:00+05:30,166.1,166.49,166.05,166.09,13603.0
2026-07-20 10:15:00+05:30,166.32,166.46,166.28,166.41,10944.0
2026-07-20 10:20:00+05:30,166.44,166.59,166.4,166.49,9980.0
2026-07-20 10:25:00+05:30,166.49,166.8,166.16,166.7,14499.0
2026-07-20 10:30:00+05:30,166.7,167.09,166.58,166.93,35931.0
2026-07-20 10:35:00+05:30,166.93,167.02,166.52,166.63,7832.0
2026-07-20 10:40:00+05:30,166.63,166.69,166.45,166.54,5775.0
2026-07-20 10:45:00+05:30,166.54,166.62,166.17,166.33,5680.0
2026-07-20 10:50:00+05:30,166.33,166.5,166.22,166.35,2284.0
2026-07-20 10:55:00+05:30,166.36,166.6,166.35,166.5,6149.0
2026-07-20 11:00:00+05:30,166.48,166.6,166.35,166.37,4467.0
2026-07-20 11:05:00+05:30,166.5,166.59,166.36,166.5,1932.0
2026-07-20 11:10:00+05:30,166.59,166.6,166.39,166.45,3869.0
2026-07-20 11:15:00+05:30,166.45,166.57,166.42,166.42,1698.0
2026-07-20 11:20:00+05:30,166.42,166.59,166.35,166.35,9985.0
2026-07-20 11:25:00+05:30,166.36,166.51,166.35,166.35,2127.0
2026-07-20 11:30:00+05:30,166.35,166.62,166.35,166.62,10040.0
2026-07-20 11:35:00+05:30,166.5,166.69,166.49,166.49,5621.0
2026-07-20 11:40:00+05:30,166.49,166.6,166.14,166.14,3313.0
2026-07-20 11:45:00+05:30,166.12,166.2,166.04,166.1,4432.0
2026-07-20 11:50:00+05:30,166.1,166.51,166.1,166.17,13108.0
2026-07-20 11:55:00+05:30,166.26,166.37,166.16,166.17,3413.0
2026-07-20 12:00:00+05:30,166.17,166.29,166.06,166.08,3917.0
2026-07-20 12:05:00+05:30,166.08,166.34,166.07,166.34,5191.0
2026-07-20 12:10:00+05:30,166.23,166.65,166.23,166.39,6718.0
2026-07-20 12:15:00+05:30,166.53,166.53,166.13,166.18,4844.0
2026-07-20 12:20:00+05:30,166.29,166.41,166.14,166.26,1605.0
2026-07-20 12:25:00+05:30,166.26,166.28,166.0,166.15,4809.0
2026-07-20 12:30:00+05:30,166.08,166.27,166.01,166.05,3810.0
2026-07-20 12:35:00+05:30,166.14,166.14,165.59,165.64,10606.0
2026-07-20 12:40:00+05:30,165.66,165.9,165.6,165.72,5493.0
2026-07-20 12:45:00+05:30,165.72,165.96,165.68,165.71,1604.0
2026-07-20 12:50:00+05:30,165.71,166.01,165.7,165.71,4038.0
2026-07-20 12:55:00+05:30,165.71,165.99,165.7,165.95,2683.0
2026-07-20 13:00:00+05:30,165.95,165.95,165.75,165.87,1878.0
2026-07-20 13:05:00+05:30,165.87,166.0,165.71,165.92,6153.0
2026-07-20 13:10:00+05:30,165.8,166.05,165.8,166.05,2503.0
2026-07-20 13:15:00+05:30,166.09,166.35,165.95,166.08,5916.0
2026-07-20 13:20:00+05:30,166.03,166.29,165.91,166.17,3714.0
2026-07-20 13:25:00+05:30,166.15,166.37,166.14,166.2,6476.0
2026-07-20 13:30:00+05:30,166.28,166.53,166.21,166.41,3388.0
2026-07-20 13:35:00+05:30,166.44,166.61,166.13,166.17,11969.0
2026-07-20 13:40:00+05:30,166.18,166.41,166.15,166.24,2181.0
2026-07-20 13:45:00+05:30,166.31,166.34,166.08,166.22,4792.0
2026-07-20 13:50:00+05:30,166.22,166.37,166.1,166.2,2814.0
2026-07-20 13:55:00+05:30,166.29,166.32,166.2,166.23,1370.0
2026-07-20 14:00:00+05:30,166.23,166.3,166.02,166.04,2960.0
2026-07-20 14:05:00+05:30,166.16,166.16,165.9,165.97,9427.0
2026-07-20 14:10:00+05:30,165.91,166.1,165.91,166.02,1052.0
2026-07-20 14:15:00+05:30,166.08,166.2,165.8,165.8,22024.0
2026-07-20 14:20:00+05:30,165.81,165.82,165.2,165.22,26243.0
2026-07-20 14:25:00+05:30,165.22,165.43,165.0,165.0,47226.0
2026-07-20 14:30:00+05:30,165.0,165.15,165.0,165.02,21857.0
2026-07-20 14:35:00+05:30,165.02,165.12,165.0,165.08,21941.0
2026-07-20 14:40:00+05:30,165.04,165.14,164.93,165.0,19575.0
2026-07-20 14:45:00+05:30,165.0,165.14,164.99,165.0,21379.0
2026-07-20 14:50:00+05:30,165.0,165.46,164.99,165.46,47675.0
2026-07-20 14:55:00+05:30,165.3,165.44,165.1,165.23,20329.0
2026-07-20 15:00:00+05:30,165.33,165.69,165.33,165.5,26503.0
2026-07-20 15:05:00+05:30,165.5,165.59,165.38,165.51,24558.0
2026-07-20 15:10:00+05:30,165.41,165.64,165.25,165.56,39647.0
2026-07-20 15:15:00+05:30,165.56,165.74,165.37,165.61,42832.0
2026-07-20 15:20:00+05:30,165.49,166.1,165.48,166.1,49369.0
2026-07-20 15:25:00+05:30,166.1,166.3,165.05,165.05,39209.0
2026-07-21 09:15:00+05:30,165.3,167.45,165.3,166.82,26333.0
2026-07-21 09:20:00+05:30,166.62,167.0,166.62,167.0,19601.0
2026-07-21 09:25:00+05:30,166.84,167.0,166.45,166.74,15987.0
2026-07-21 09:30:00+05:30,166.63,166.76,166.32,166.4,9072.0
2026-07-21 09:35:00+05:30,166.4,166.47,166.05,166.47,3203.0
2026-07-21 09:40:00+05:30,166.3,166.72,166.25,166.42,16003.0
2026-07-21 09:45:00+05:30,166.4,166.88,166.4,166.75,7939.0
2026-07-21 09:50:00+05:30,166.7,166.77,166.37,166.44,10971.0
2026-07-21 09:55:00+05:30,166.6,166.6,166.3,166.49,5649.0
2026-07-21 10:00:00+05:30,166.44,166.5,166.21,166.22,2481.0
2026-07-21 10:05:00+05:30,166.23,166.48,166.18,166.18,9250.0
2026-07-21 10:10:00+05:30,166.18,166.28,166.1,166.11,3657.0
2026-07-21 10:15:00+05:30,166.19,166.23,166.01,166.18,2162.0
2026-07-21 10:20:00+05:30,166.18,166.39,166.06,166.09,33678.0
2026-07-21 10:25:00+05:30,166.06,166.18,166.0,166.0,1728.0
2026-07-21 10:30:00+05:30,166.17,166.17,166.0,166.07,2515.0
2026-07-21 10:35:00+05:30,165.97,166.0,165.5,165.63,6686.0
2026-07-21 10:40:00+05:30,165.62,165.62,164.1,164.13,38870.0
2026-07-21 10:45:00+05:30,163.94,164.07,163.61,163.81,37517.0
2026-07-21 10:50:00+05:30,163.81,164.01,163.81,163.92,13472.0
2026-07-21 10:55:00+05:30,164.0,164.19,164.0,164.0,30311.0
2026-07-21 11:00:00+05:30,163.98,164.01,163.95,164.0,7265.0
2026-07-21 11:05:00+05:30,164.0,164.0,163.98,163.99,7642.0
2026-07-21 11:10:00+05:30,164.0,164.9,163.94,164.9,516002.0
2026-07-21 11:15:00+05:30,165.08,165.1,164.56,164.63,5221.0
2026-07-21 11:20:00+05:30,164.57,164.94,164.4,164.87,14170.0
2026-07-21 11:25:00+05:30,164.87,164.88,164.64,164.8,2357.0
2026-07-21 11:30:00+05:30,164.69,164.69,164.45,164.64,6463.0
2026-07-21 11:35:00+05:30,164.64,164.9,164.58,164.75,4460.0
2026-07-21 11:40:00+05:30,164.75,164.76,164.61,164.7,1194.0
2026-07-21 11:45:00+05:30,164.71,164.77,164.61,164.68,2244.0
2026-07-21 11:50:00+05:30,164.61,164.69,164.51,164.51,5688.0
2026-07-21 11:55:00+05:30,164.65,164.7,164.64,164.7,533.0
2026-07-21 12:00:00+05:30,164.7,164.71,164.5,164.69,2922.0
2026-07-21 12:05:00+05:30,164.54,164.68,164.5,164.68,2388.0
2026-07-21 12:10:00+05:30,164.68,164.79,164.45,164.5,4498.0
2026-07-21 12:15:00+05:30,164.5,164.5,164.01,164.19,18316.0
2026-07-21 12:20:00+05:30,164.19,164.32,164.05,164.29,6964.0
2026-07-21 12:25:00+05:30,164.29,164.59,164.16,164.47,9217.0
2026-07-21 12:30:00+05:30,164.41,164.51,164.22,164.48,7023.0
2026-07-21 12:35:00+05:30,164.44,164.55,164.25,164.53,7680.0
2026-07-21 12:40:00+05:30,164.53,164.6,164.05,164.36,28746.0
2026-07-21 12:45:00+05:30,164.35,164.39,164.23,164.3,6684.0
2026-07-21 12:50:00+05:30,164.28,164.37,164.15,164.35,6646.0
2026-07-21 12:55:00+05:30,164.3,164.37,164.11,164.17,6399.0
2026-07-21 13:00:00+05:30,164.14,164.32,164.0,164.22,12509.0
2026-07-21 13:05:00+05:30,164.07,164.28,164.01,164.1,8611.0
2026-07-21 13:10:00+05:30,164.07,164.28,164.02,164.25,9121.0
2026-07-21 13:15:00+05:30,164.2,164.29,164.05,164.29,8587.0
2026-07-21 13:20:00+05:30,164.25,164.4,164.21,164.29,9793.0
2026-07-21 13:25:00+05:30,164.27,164.29,164.11,164.27,8427.0
2026-07-21 13:30:00+05:30,164.21,164.29,164.11,164.17,6801.0
2026-07-21 13:35:00+05:30,164.14,164.28,164.12,164.22,6730.0
2026-07-21 13:40:00+05:30,164.18,164.26,164.12,164.25,6810.0
2026-07-21 13:45:00+05:30,164.18,164.27,164.11,164.24,9427.0
2026-07-21 13:50:00+05:30,164.22,164.37,164.2,164.21,14800.0
2026-07-21 13:55:00+05:30,164.21,164.34,164.0,164.15,12517.0
2026-07-21 14:00:00+05:30,164.04,164.36,164.04,164.32,8215.0
2026-07-21 14:05:00+05:30,164.21,164.36,164.07,164.29,10694.0
2026-07-21 14:10:00+05:30,164.25,164.46,164.11,164.44,10822.0
2026-07-21 14:15:00+05:30,164.39,165.58,164.32,165.38,55242.0
2026-07-21 14:20:00+05:30,165.4,165.6,165.31,165.55,6452.0
2026-07-21 14:25:00+05:30,165.55,165.55,165.35,165.45,3208.0
2026-07-21 14:30:00+05:30,165.45,165.57,165.0,165.09,11473.0
2026-07-21 14:35:00+05:30,165.08,165.2,165.0,165.2,9427.0
2026-07-21 14:40:00+05:30,165.2,165.24,165.0,165.1,10108.0
2026-07-21 14:45:00+05:30,165.18,165.2,165.0,165.14,8690.0
2026-07-21 14:50:00+05:30,165.14,165.22,165.0,165.11,10455.0
2026-07-21 14:55:00+05:30,165.11,165.3,165.0,165.17,12864.0
2026-07-21 15:00:00+05:30,165.17,165.35,165.07,165.14,10061.0
2026-07-21 15:05:00+05:30,165.14,165.21,165.0,165.14,12499.0
2026-07-21 15:10:00+05:30,165.14,165.19,165.0,165.1,24251.0
2026-07-21 15:15:00+05:30,165.1,165.2,165.0,165.08,22981.0
2026-07-21 15:20:00+05:30,165.08,165.3,165.07,165.19,32883.0
2026-07-21 15:25:00+05:30,165.17,165.29,165.0,165.0,39963.0
2026-07-22 09:15:00+05:30,164.95,166.76,164.94,165.58,23951.0
2026-07-22 09:20:00+05:30,165.65,165.88,165.4,165.47,10444.0
2026-07-22 09:25:00+05:30,165.47,165.55,164.6,164.68,10607.0
2026-07-22 09:30:00+05:30,164.68,165.1,164.51,164.71,14527.0
2026-07-22 09:35:00+05:30,164.8,164.88,164.5,164.55,15515.0
2026-07-22 09:40:00+05:30,164.5,164.83,164.3,164.78,6371.0
2026-07-22 09:45:00+05:30,164.78,164.83,164.45,164.59,18823.0
2026-07-22 09:50:00+05:30,164.54,164.7,164.35,164.4,6149.0
2026-07-22 09:55:00+05:30,164.4,164.54,164.02,164.42,9774.0
2026-07-22 10:00:00+05:30,164.42,164.76,164.34,164.65,2101.0
2026-07-22 10:05:00+05:30,164.73,165.45,164.65,164.96,7140.0
2026-07-22 10:10:00+05:30,164.98,165.17,164.77,164.85,3615.0
2026-07-22 10:15:00+05:30,164.77,164.92,164.65,164.65,3859.0
2026-07-22 10:20:00+05:30,164.75,164.75,164.41,164.5,1538.0
2026-07-22 10:25:00+05:30,164.46,164.6,164.23,164.38,5662.0
2026-07-22 10:30:00+05:30,164.4,164.49,164.35,164.37,2904.0
2026-07-22 10:35:00+05:30,164.45,164.69,164.26,164.35,4299.0
2026-07-22 10:40:00+05:30,164.25,164.47,164.25,164.4,675.0
2026-07-22 10:45:00+05:30,164.4,164.53,164.26,164.53,4654.0
2026-07-22 10:50:00+05:30,164.53,164.85,164.43,164.77,13984.0
2026-07-22 10:55:00+05:30,164.77,164.9,164.56,164.85,6257.0
2026-07-22 11:00:00+05:30,164.72,164.84,164.72,164.72,843.0
2026-07-22 11:05:00+05:30,164.79,164.83,164.76,164.82,1739.0
2026-07-22 11:10:00+05:30,164.81,164.81,164.56,164.62,1721.0
2026-07-22 11:15:00+05:30,164.61,164.73,164.51,164.69,1235.0
2026-07-22 11:20:00+05:30,164.69,164.76,164.61,164.76,1046.0
2026-07-22 11:25:00+05:30,164.77,164.77,164.66,164.66,1010.0
2026-07-22 11:30:00+05:30,164.66,164.75,164.59,164.72,1978.0
2026-07-22 11:35:00+05:30,164.73,164.77,164.58,164.58,1984.0
2026-07-22 11:40:00+05:30,164.59,164.72,164.58,164.72,1621.0
2026-07-22 11:45:00+05:30,164.74,165.29,164.56,165.14,13106.0
2026-07-22 11:50:00+05:30,165.26,165.26,164.81,164.89,2284.0
2026-07-22 11:55:00+05:30,164.81,164.88,164.8,164.8,1092.0
2026-07-22 12:00:00+05:30,164.77,164.8,164.5,164.5,2536.0
2026-07-22 12:05:00+05:30,164.41,164.48,164.41,164.47,4108.0
2026-07-22 12:10:00+05:30,164.47,164.47,164.15,164.27,2916.0
2026-07-22 12:15:00+05:30,164.42,164.47,164.27,164.41,1794.0
2026-07-22 12:20:00+05:30,164.39,164.45,164.25,164.35,1908.0
2026-07-22 12:25:00+05:30,164.44,164.64,164.24,164.41,6108.0
2026-07-22 12:30:00+05:30,164.31,164.44,164.31,164.4,350.0
2026-07-22 12:35:00+05:30,164.4,164.4,164.0,164.14,10237.0
2026-07-22 12:40:00+05:30,164.14,164.66,164.13,164.28,8635.0
2026-07-22 12:45:00+05:30,164.2,164.5,164.2,164.49,1438.0
2026-07-22 12:50:00+05:30,164.49,164.64,164.37,164.49,3223.0
2026-07-22 12:55:00+05:30,164.61,164.65,164.41,164.41,3768.0
2026-07-22 13:00:00+05:30,164.5,164.62,164.42,164.42,1218.0
2026-07-22 13:05:00+05:30,164.42,164.49,164.33,164.44,2198.0
2026-07-22 13:10:00+05:30,164.44,164.48,164.36,164.48,509.0
2026-07-22 13:15:00+05:30,164.49,164.57,164.43,164.56,1124.0
2026-07-22 13:20:00+05:30,164.57,164.61,164.45,164.6,1469.0
2026-07-22 13:25:00+05:30,164.6,164.61,164.5,164.55,965.0
2026-07-22 13:30:00+05:30,164.55,165.2,164.55,164.95,19367.0
2026-07-22 13:35:00+05:30,164.96,165.15,164.88,164.88,5729.0
2026-07-22 13:40:00+05:30,165.01,165.13,164.91,165.0,2587.0
2026-07-22 13:45:00+05:30,165.0,165.02,164.88,164.88,1523.0
2026-07-22 13:50:00+05:30,164.93,164.97,164.52,164.86,7898.0
2026-07-22 13:55:00+05:30,164.86,164.92,164.82,164.9,3302.0
2026-07-22 14:00:00+05:30,164.82,164.9,164.55,164.77,1794.0
2026-07-22 14:05:00+05:30,164.77,164.81,164.67,164.81,1429.0
2026-07-22 14:10:00+05:30,164.81,164.81,164.47,164.55,2402.0
2026-07-22 14:15:00+05:30,164.56,164.76,164.47,164.76,39340.0
2026-07-22 14:20:00+05:30,164.76,164.76,164.63,164.69,2094.0
2026-07-22 14:25:00+05:30,164.69,164.69,164.31,164.31,3359.0
2026-07-22 14:30:00+05:30,164.43,164.59,164.43,164.59,261.0
2026-07-22 14:35:00+05:30,164.59,164.64,164.47,164.63,1714.0
2026-07-22 14:40:00+05:30,164.53,164.62,164.25,164.37,13828.0
2026-07-22 14:45:00+05:30,164.37,164.48,164.2,164.22,7656.0
2026-07-22 14:50:00+05:30,164.29,164.45,164.23,164.45,1749.0
2026-07-22 14:55:00+05:30,164.43,164.5,164.3,164.32,2663.0
2026-07-22 15:00:00+05:30,164.3,164.4,164.15,164.21,7436.0
2026-07-22 15:05:00+05:30,164.21,164.5,164.15,164.42,8794.0
2026-07-22 15:10:00+05:30,164.42,164.5,164.2,164.41,11940.0
2026-07-22 15:15:00+05:30,164.46,164.63,164.43,164.52,12095.0
2026-07-22 15:20:00+05:30,164.54,164.76,164.51,164.58,16738.0
2026-07-22 15:25:00+05:30,164.55,164.56,164.4,164.41,10553.0
2026-07-23 09:15:00+05:30,164.3,164.3,163.0,163.28,14350.0
2026-07-23 09:20:00+05:30,163.31,164.2,163.31,163.92,12611.0
2026-07-23 09:25:00+05:30,163.92,164.02,163.58,163.7,13075.0
2026-07-23 09:30:00+05:30,163.81,163.89,163.65,163.65,3228.0
2026-07-23 09:35:00+05:30,163.66,163.8,163.58,163.63,2707.0
2026-07-23 09:40:00+05:30,163.74,163.75,163.5,163.5,2755.0
2026-07-23 09:45:00+05:30,163.63,163.7,163.41,163.58,5654.0
2026-07-23 09:50:00+05:30,163.58,163.66,163.51,163.54,1013.0
2026-07-23 09:55:00+05:30,163.62,163.99,163.54,163.95,6229.0
2026-07-23 10:00:00+05:30,163.95,164.29,163.76,164.29,18448.0
2026-07-23 10:05:00+05:30,164.29,164.29,163.96,164.1,3565.0
2026-07-23 10:10:00+05:30,164.16,164.16,163.69,163.78,9868.0
2026-07-23 10:15:00+05:30,163.78,163.84,163.75,163.75,900.0
2026-07-23 10:20:00+05:30,163.76,163.78,163.69,163.72,2139.0
2026-07-23 10:25:00+05:30,163.61,163.82,163.61,163.78,2163.0
2026-07-23 10:30:00+05:30,163.81,163.82,163.69,163.79,1385.0
2026-07-23 10:35:00+05:30,163.79,163.85,163.51,163.76,8028.0
2026-07-23 10:40:00+05:30,163.79,163.8,163.66,163.77,1137.0
2026-07-23 10:45:00+05:30,163.68,163.98,163.68,163.98,3081.0
2026-07-23 10:50:00+05:30,163.81,164.02,163.81,163.95,1224.0
2026-07-23 10:55:00+05:30,164.03,164.99,164.0,164.55,48789.0
2026-07-23 11:00:00+05:30,164.55,164.83,164.36,164.83,11404.0
2026-07-23 11:05:00+05:30,164.83,164.83,164.62,164.77,942.0
2026-07-23 11:10:00+05:30,164.7,164.72,164.57,164.62,284.0
2026-07-23 11:15:00+05:30,164.62,164.62,164.55,164.56,826.0
2026-07-23 11:20:00+05:30,164.56,164.57,164.0,164.06,1813.0
2026-07-23 11:25:00+05:30,164.0,164.19,163.9,163.9,8076.0
2026-07-23 11:30:00+05:30,164.0,164.05,163.8,164.05,3908.0
2026-07-23 11:35:00+05:30,164.05,164.34,164.05,164.13,2001.0
2026-07-23 11:40:00+05:30,164.13,164.14,163.99,164.1,646.0
2026-07-23 11:45:00+05:30,164.19,164.33,164.11,164.2,3557.0
2026-07-23 11:50:00+05:30,164.2,164.21,164.0,164.0,1448.0
2026-07-23 11:55:00+05:30,164.1,164.12,163.92,164.12,1263.0
2026-07-23 12:00:00+05:30,164.16,164.32,164.16,164.16,759.0
2026-07-23 12:05:00+05:30,164.28,164.28,164.16,164.28,201.0
2026-07-23 12:10:00+05:30,164.28,164.29,164.04,164.16,1604.0
2026-07-23 12:15:00+05:30,164.16,164.2,164.03,164.14,667.0
2026-07-23 12:20:00+05:30,164.14,164.14,163.97,164.04,2263.0
2026-07-23 12:25:00+05:30,164.04,164.15,164.0,164.0,1209.0
2026-07-23 12:30:00+05:30,164.12,164.12,163.86,163.92,2263.0
2026-07-23 12:35:00+05:30,164.0,164.0,163.86,164.0,1109.0
2026-07-23 12:40:00+05:30,164.0,164.0,163.76,163.76,4304.0
2026-07-23 12:45:00+05:30,163.89,163.9,163.8,163.89,690.0
2026-07-23 12:50:00+05:30,163.81,163.95,163.65,163.95,3603.0
2026-07-23 12:55:00+05:30,163.95,163.95,163.6,163.85,1933.0
2026-07-23 13:00:00+05:30,163.85,163.85,163.68,163.76,1497.0
2026-07-23 13:05:00+05:30,163.8,163.8,163.48,163.6,4662.0
2026-07-23 13:10:00+05:30,163.5,163.51,162.81,162.9,22015.0
2026-07-23 13:15:00+05:30,162.89,162.89,162.55,162.71,7799.0
2026-07-23 13:20:00+05:30,162.6,162.71,162.5,162.5,11302.0
2026-07-23 13:25:00+05:30,162.57,162.92,162.51,162.76,7857.0
2026-07-23 13:30:00+05:30,162.64,162.73,162.21,162.41,19177.0
2026-07-23 13:35:00+05:30,162.4,162.94,162.36,162.94,9740.0
2026-07-23 13:40:00+05:30,162.94,162.95,162.63,162.82,3023.0
2026-07-23 13:45:00+05:30,162.72,162.92,162.62,162.78,8234.0
2026-07-23 13:50:00+05:30,162.78,163.01,162.7,162.87,10259.0
2026-07-23 13:55:00+05:30,162.71,162.87,162.66,162.8,8354.0
2026-07-23 14:00:00+05:30,162.8,162.82,162.59,162.59,4304.0
2026-07-23 14:05:00+05:30,162.68,162.69,162.45,162.54,5584.0
2026-07-23 14:10:00+05:30,162.53,162.75,162.53,162.63,12748.0
2026-07-23 14:15:00+05:30,162.63,162.96,162.51,162.79,10040.0
2026-07-23 14:20:00+05:30,162.79,162.89,162.62,162.89,6919.0
2026-07-23 14:25:00+05:30,162.9,162.99,162.75,162.76,1418.0
2026-07-23 14:30:00+05:30,162.76,163.1,162.7,163.04,7416.0
2026-07-23 14:35:00+05:30,162.91,163.02,162.62,162.73,4071.0
2026-07-23 14:40:00+05:30,162.73,162.73,162.3,162.37,5642.0
2026-07-23 14:45:00+05:30,162.37,162.69,162.26,162.43,6362.0
2026-07-23 14:50:00+05:30,162.42,162.6,162.32,162.57,4991.0
2026-07-23 14:55:00+05:30,162.49,162.9,162.49,162.73,12910.0
2026-07-23 15:00:00+05:30,163.02,163.2,162.7,162.82,16124.0
2026-07-23 15:05:00+05:30,162.7,162.91,162.53,162.64,10606.0
2026-07-23 15:10:00+05:30,162.72,162.9,162.5,162.78,11201.0
2026-07-23 15:15:00+05:30,162.81,162.9,162.51,162.85,16532.0
2026-07-23 15:20:00+05:30,162.85,163.04,162.57,162.93,16544.0
2026-07-23 15:25:00+05:30,162.93,163.26,162.0,162.95,72780.0
2026-07-24 09:15:00+05:30,161.88,163.44,161.87,162.86,23223.0
2026-07-24 09:20:00+05:30,162.8,163.5,162.66,162.7,17976.0
2026-07-24 09:25:00+05:30,162.63,162.66,161.83,162.24,19880.0
2026-07-24 09:30:00+05:30,162.25,162.5,161.81,162.14,28050.0
2026-07-24 09:35:00+05:30,162.25,162.47,162.02,162.02,2791.0
2026-07-24 09:40:00+05:30,162.02,162.49,161.99,162.36,6845.0
2026-07-24 09:45:00+05:30,162.23,162.43,161.85,161.85,5469.0
2026-07-24 09:50:00+05:30,161.75,162.15,161.52,162.05,8620.0
2026-07-24 09:55:00+05:30,162.05,162.23,162.02,162.02,7273.0
2026-07-24 10:00:00+05:30,162.07,162.19,161.9,162.03,3208.0
2026-07-24 10:05:00+05:30,162.03,162.22,161.7,162.05,7051.0
2026-07-24 10:10:00+05:30,162.15,162.15,161.87,161.87,4423.0
2026-07-24 10:15:00+05:30,161.89,162.08,161.67,162.03,10751.0
2026-07-24 10:20:00+05:30,162.07,162.27,161.8,162.21,8277.0
2026-07-24 10:25:00+05:30,162.21,162.21,161.8,161.85,19124.0
2026-07-24 10:30:00+05:30,161.8,162.03,161.6,161.6,17309.0
2026-07-24 10:35:00+05:30,161.67,162.16,161.58,162.16,6855.0
2026-07-24 10:40:00+05:30,162.16,162.16,161.9,162.07,1562.0
2026-07-24 10:45:00+05:30,162.07,162.27,161.99,162.18,15365.0
2026-07-24 10:50:00+05:30,162.18,162.24,162.12,162.22,1328.0
2026-07-24 10:55:00+05:30,162.22,162.39,162.12,162.29,2338.0
2026-07-24 11:00:00+05:30,162.16,162.3,162.16,162.27,639.0
2026-07-24 11:05:00+05:30,162.17,162.39,162.02,162.08,6284.0
2026-07-24 11:10:00+05:30,162.16,162.29,162.02,162.21,1892.0
2026-07-24 11:15:00+05:30,162.37,162.79,162.08,162.63,15717.0
2026-07-24 11:20:00+05:30,162.62,163.17,162.62,162.85,14351.0
2026-07-24 11:25:00+05:30,162.88,162.91,162.72,162.8,3197.0
2026-07-24 11:30:00+05:30,162.72,162.9,162.48,162.9,5184.0
2026-07-24 11:35:00+05:30,162.9,162.9,162.51,162.85,3799.0
2026-07-24 11:40:00+05:30,162.85,163.1,162.74,163.1,6518.0
2026-07-24 11:45:00+05:30,163.1,163.3,163.03,163.3,8056.0
2026-07-24 11:50:00+05:30,163.3,163.57,163.16,163.29,8987.0
2026-07-24 11:55:00+05:30,163.16,163.25,163.01,163.12,1643.0
2026-07-24 12:00:00+05:30,163.12,163.12,163.0,163.07,1123.0
2026-07-24 12:05:00+05:30,163.1,163.2,162.99,163.12,2219.0
2026-07-24 12:10:00+05:30,163.03,163.13,162.81,162.88,1981.0
2026-07-24 12:15:00+05:30,162.88,163.15,162.88,163.15,1526.0
2026-07-24 12:20:00+05:30,163.1,163.15,162.95,163.13,2629.0
2026-07-24 12:25:00+05:30,163.2,163.66,162.5,162.53,14290.0
2026-07-24 12:30:00+05:30,162.53,162.73,162.26,162.34,15767.0
2026-07-24 12:35:00+05:30,162.35,162.59,162.11,162.33,16216.0
2026-07-24 12:40:00+05:30,162.49,162.62,162.15,162.42,7365.0
2026-07-24 12:45:00+05:30,162.4,162.92,162.4,162.4,8557.0
2026-07-24 12:50:00+05:30,162.32,162.47,162.24,162.35,10320.0
2026-07-24 12:55:00+05:30,162.35,162.8,162.34,162.47,7715.0
2026-07-24 13:00:00+05:30,162.47,162.55,162.35,162.4,5030.0
2026-07-24 13:05:00+05:30,162.33,162.4,162.23,162.23,1854.0
2026-07-24 13:10:00+05:30,162.28,162.49,162.18,162.49,8942.0
2026-07-24 13:15:00+05:30,162.43,162.56,162.32,162.56,3323.0
2026-07-24 13:20:00+05:30,162.56,162.83,162.45,162.83,4793.0
2026-07-24 13:25:00+05:30,162.85,162.98,162.76,162.91,6999.0
2026-07-24 13:30:00+05:30,162.85,162.85,162.57,162.75,1514.0
2026-07-24 13:35:00+05:30,162.75,162.99,162.6,162.98,2440.0
2026-07-24 13:40:00+05:30,162.74,162.75,162.57,162.75,1100.0
2026-07-24 13:45:00+05:30,162.75,162.75,162.66,162.66,1179.0
2026-07-24 13:50:00+05:30,162.9,162.91,162.73,162.9,1188.0
2026-07-24 13:55:00+05:30,162.85,163.15,162.85,163.15,2860.0
2026-07-24 14:00:00+05:30,163.1,163.24,162.85,163.16,9036.0
2026-07-24 14:05:00+05:30,163.19,163.35,163.09,163.12,5268.0
2026-07-24 14:10:00+05:30,163.12,163.2,162.85,162.85,1395.0
2026-07-24 14:15:00+05:30,162.85,162.85,162.8,162.85,806.0
2026-07-24 14:20:00+05:30,162.76,162.85,162.75,162.76,1010.0
2026-07-24 14:25:00+05:30,162.82,162.84,162.62,162.82,2794.0
2026-07-24 14:30:00+05:30,162.82,162.98,162.68,162.98,983.0
2026-07-24 14:35:00+05:30,162.85,162.89,162.65,162.74,1295.0
2026-07-24 14:40:00+05:30,162.88,162.94,162.68,162.9,987.0
2026-07-24 14:45:00+05:30,162.89,162.92,162.7,162.8,544.0
2026-07-24 14:50:00+05:30,162.75,163.24,162.72,163.15,5253.0
2026-07-24 14:55:00+05:30,163.15,163.24,163.02,163.15,2424.0
2026-07-24 15:00:00+05:30,163.15,163.15,162.71,162.71,8622.0
2026-07-24 15:05:00+05:30,162.8,162.99,162.6,162.74,6451.0
2026-07-24 15:10:00+05:30,162.74,163.22,162.69,163.21,14157.0
2026-07-24 15:15:00+05:30,163.18,163.6,163.12,163.6,21540.0
2026-07-24 15:20:00+05:30,163.59,163.69,163.3,163.37,14763.0
2026-07-24 15:25:00+05:30,163.33,163.5,163.11,163.13,25799.0
2026-07-27 09:15:00+05:30,163.51,165.32,163.51,164.62,53903.0
2026-07-27 09:20:00+05:30,164.68,164.95,164.54,164.86,9039.0
2026-07-27 09:25:00+05:30,164.85,165.1,164.6,164.95,51085.0
2026-07-27 09:30:00+05:30,164.94,164.94,164.23,164.58,8950.0
2026-07-27 09:35:00+05:30,164.46,164.56,164.14,164.45,33647.0
2026-07-27 09:40:00+05:30,164.45,164.45,163.82,164.03,10753.0
2026-07-27 09:45:00+05:30,164.14,164.32,163.7,163.76,16890.0
2026-07-27 09:50:00+05:30,163.75,163.75,163.63,163.75,6396.0
2026-07-27 09:55:00+05:30,163.69,163.69,163.35,163.57,21577.0
2026-07-27 10:00:00+05:30,163.64,163.94,163.54,163.65,8986.0
2026-07-27 10:05:00+05:30,163.51,163.79,163.42,163.6,8741.0
2026-07-27 10:10:00+05:30,163.58,163.6,163.25,163.39,10529.0
2026-07-27 10:15:00+05:30,163.5,163.56,163.21,163.36,8448.0
2026-07-27 10:20:00+05:30,163.21,163.5,163.1,163.43,23020.0
2026-07-27 10:25:00+05:30,163.34,163.43,163.1,163.42,14200.0
2026-07-27 10:30:00+05:30,163.35,163.45,163.1,163.1,12142.0
2026-07-27 10:35:00+05:30,163.25,163.4,163.13,163.16,7842.0
2026-07-27 10:40:00+05:30,163.13,163.34,163.07,163.27,5132.0
2026-07-27 10:45:00+05:30,163.27,163.27,163.1,163.1,3859.0
2026-07-27 10:50:00+05:30,163.13,163.31,163.05,163.23,1819.0
2026-07-27 10:55:00+05:30,163.3,164.18,162.26,162.36,62593.0
2026-07-27 11:00:00+05:30,162.34,162.34,162.05,162.2,15052.0
2026-07-27 11:05:00+05:30,162.11,162.49,161.65,162.37,34274.0
2026-07-27 11:10:00+05:30,162.42,162.42,162.2,162.23,2607.0
2026-07-27 11:15:00+05:30,162.37,162.37,162.17,162.24,8720.0
2026-07-27 11:20:00+05:30,162.31,162.49,162.2,162.49,11927.0
2026-07-27 11:25:00+05:30,162.45,162.53,162.08,162.53,22835.0
2026-07-27 11:30:00+05:30,162.51,162.87,162.46,162.74,13776.0
2026-07-27 11:35:00+05:30,162.7,162.7,162.52,162.59,899.0
2026-07-27 11:40:00+05:30,162.53,162.94,162.53,162.71,3984.0
2026-07-27 11:45:00+05:30,162.78,162.83,162.54,162.54,976.0
2026-07-27 11:50:00+05:30,162.54,162.63,162.51,162.52,1252.0
2026-07-27 11:55:00+05:30,162.58,162.75,162.53,162.55,1449.0
2026-07-27 12:00:00+05:30,162.65,162.65,162.52,162.52,1442.0
2026-07-27 12:05:00+05:30,162.58,162.67,162.5,162.57,4041.0
2026-07-27 12:10:00+05:30,162.59,162.74,162.57,162.65,1242.0
2026-07-27 12:15:00+05:30,162.59,162.73,162.59,162.6,1671.0
2026-07-27 12:20:00+05:30,162.6,162.94,162.49,162.81,5383.0
2026-07-27 12:25:00+05:30,162.9,162.9,162.58,162.9,5414.0
2026-07-27 12:30:00+05:30,162.89,162.9,162.78,162.86,2638.0
2026-07-27 12:35:00+05:30,162.86,162.86,162.6,162.75,7373.0
2026-07-27 12:40:00+05:30,162.75,162.78,162.58,162.74,2298.0
2026-07-27 12:45:00+05:30,162.74,162.89,162.61,162.85,2926.0
2026-07-27 12:50:00+05:30,162.85,162.85,162.77,162.81,1350.0
2026-07-27 12:55:00+05:30,162.81,162.84,162.72,162.78,745.0
2026-07-27 13:00:00+05:30,162.78,163.18,162.7,163.15,3103.0
2026-07-27 13:05:00+05:30,163.15,163.15,163.0,163.0,1049.0
2026-07-27 13:10:00+05:30,163.0,163.12,162.87,163.12,4987.0
2026-07-27 13:15:00+05:30,163.14,163.17,163.0,163.09,7024.0
2026-07-27 13:20:00+05:30,163.09,163.09,162.88,162.99,4688.0
2026-07-27 13:25:00+05:30,162.99,162.99,162.72,162.99,5434.0
2026-07-27 13:30:00+05:30,162.99,163.13,162.88,162.88,13178.0
2026-07-27 13:35:00+05:30,162.96,162.96,162.75,162.75,241.0
2026-07-27 13:40:00+05:30,162.83,162.83,162.6,162.71,3364.0
2026-07-27 13:45:00+05:30,162.71,162.71,162.47,162.54,2220.0
2026-07-27 13:50:00+05:30,162.54,162.6,162.47,162.55,1898.0
2026-07-27 13:55:00+05:30,162.5,162.62,162.5,162.56,1290.0
2026-07-27 14:00:00+05:30,162.56,162.75,162.5,162.57,2222.0
2026-07-27 14:05:00+05:30,162.57,162.58,162.48,162.5,6822.0
2026-07-27 14:10:00+05:30,162.5,162.78,162.5,162.7,2430.0
2026-07-27 14:15:00+05:30,162.63,162.74,162.45,162.46,2943.0
2026-07-27 14:20:00+05:30,162.47,162.67,162.47,162.64,2106.0
2026-07-27 14:25:00+05:30,162.53,162.8,162.51,162.71,5182.0
2026-07-27 14:30:00+05:30,162.7,162.7,162.44,162.59,5448.0
2026-07-27 14:35:00+05:30,162.69,162.88,162.65,162.71,1831.0
2026-07-27 14:40:00+05:30,162.65,162.71,162.51,162.71,4090.0
2026-07-27 14:45:00+05:30,162.51,162.94,162.51,162.73,7217.0
2026-07-27 14:50:00+05:30,162.73,162.83,162.5,162.5,3830.0
2026-07-27 14:55:00+05:30,162.5,162.75,162.49,162.69,6223.0
2026-07-27 15:00:00+05:30,162.49,162.75,162.44,162.73,5244.0
2026-07-27 15:05:00+05:30,162.71,162.73,162.25,162.39,28724.0
2026-07-27 15:10:00+05:30,162.38,162.41,162.14,162.25,11590.0
2026-07-27 15:15:00+05:30,162.24,162.35,162.01,162.22,23720.0
2026-07-27 15:20:00+05:30,162.21,162.59,162.1,162.42,24425.0
2026-07-27 15:25:00+05:30,162.48,162.69,162.4,162.44,31403.0
2026-07-28 09:15:00+05:30,162.2,162.88,161.84,162.88,16799.0
2026-07-28 09:20:00+05:30,162.77,164.6,162.75,164.3,54211.0
2026-07-28 09:25:00+05:30,164.3,164.4,163.8,164.3,29203.0
2026-07-28 09:30:00+05:30,164.31,164.32,163.97,164.0,6881.0
2026-07-28 09:35:00+05:30,163.97,164.1,163.87,164.1,51189.0
2026-07-28 09:40:00+05:30,164.09,164.21,163.97,164.02,8099.0
2026-07-28 09:45:00+05:30,164.02,164.07,163.75,164.0,56621.0
2026-07-28 09:50:00+05:30,164.01,164.12,163.92,163.99,8559.0
2026-07-28 09:55:00+05:30,164.0,164.17,163.97,164.0,16649.0
2026-07-28 10:00:00+05:30,164.01,164.06,163.8,163.85,19348.0
2026-07-28 10:05:00+05:30,163.86,164.25,163.75,164.25,22725.0
2026-07-28 10:10:00+05:30,164.28,164.3,164.0,164.11,2621.0
2026-07-28 10:15:00+05:30,164.03,164.49,163.88,164.21,5810.0
2026-07-28 10:20:00+05:30,164.23,164.39,164.08,164.18,1206.0
2026-07-28 10:25:00+05:30,164.18,164.49,164.01,164.49,5333.0
2026-07-28 10:30:00+05:30,164.34,164.48,164.34,164.48,2750.0
2026-07-28 10:35:00+05:30,164.48,164.48,164.19,164.23,1162.0
2026-07-28 10:40:00+05:30,164.23,164.29,164.14,164.16,215.0
2026-07-28 10:45:00+05:30,164.27,164.34,164.14,164.29,2388.0
2026-07-28 10:50:00+05:30,164.29,164.3,164.09,164.15,1132.0
2026-07-28 10:55:00+05:30,164.14,164.24,163.92,163.99,5101.0
2026-07-28 11:00:00+05:30,164.03,164.21,163.91,164.09,18104.0
2026-07-28 11:05:00+05:30,164.09,164.1,164.0,164.1,8181.0
2026-07-28 11:10:00+05:30,164.04,164.1,164.0,164.04,970.0
2026-07-28 11:15:00+05:30,164.01,164.1,164.0,164.02,1003.0
2026-07-28 11:20:00+05:30,164.02,164.1,164.0,164.01,5314.0
2026-07-28 11:25:00+05:30,163.99,164.08,163.99,164.08,906.0
2026-07-28 11:30:00+05:30,164.0,164.19,163.97,164.19,1823.0
2026-07-28 11:35:00+05:30,164.0,164.5,164.0,164.45,52595.0
2026-07-28 11:40:00+05:30,164.42,164.83,164.42,164.79,15032.0
2026-07-28 11:45:00+05:30,164.65,165.2,164.65,165.18,32807.0
2026-07-28 11:50:00+05:30,165.04,165.2,164.25,164.4,23346.0
2026-07-28 11:55:00+05:30,164.38,164.42,164.08,164.36,4589.0
2026-07-28 12:00:00+05:30,164.34,164.39,164.2,164.2,1063.0
2026-07-28 12:05:00+05:30,164.13,164.23,164.05,164.22,2398.0
2026-07-28 12:10:00+05:30,164.23,164.48,164.23,164.38,5465.0
2026-07-28 12:15:00+05:30,164.23,164.36,164.1,164.34,5407.0
2026-07-28 12:20:00+05:30,164.34,164.34,164.2,164.2,3234.0
2026-07-28 12:25:00+05:30,164.15,164.29,164.15,164.17,438.0
2026-07-28 12:30:00+05:30,164.25,164.3,164.15,164.29,1241.0
2026-07-28 12:35:00+05:30,164.17,164.25,164.15,164.21,1782.0
2026-07-28 12:40:00+05:30,164.21,164.49,163.9,164.4,10463.0
2026-07-28 12:45:00+05:30,164.5,164.5,164.36,164.44,968.0
2026-07-28 12:50:00+05:30,164.44,164.44,164.1,164.1,2652.0
2026-07-28 12:55:00+05:30,164.13,164.25,164.1,164.15,567.0
2026-07-28 13:00:00+05:30,164.06,164.2,164.04,164.1,4498.0
2026-07-28 13:05:00+05:30,164.1,164.2,164.01,164.05,1638.0
2026-07-28 13:10:00+05:30,164.0,164.12,164.0,164.12,572.0
2026-07-28 13:15:00+05:30,164.13,164.13,163.97,164.08,2193.0
2026-07-28 13:20:00+05:30,163.96,164.2,163.96,164.2,1537.0
2026-07-28 13:25:00+05:30,164.2,164.2,164.04,164.05,3177.0
2026-07-28 13:30:00+05:30,164.0,164.11,163.96,164.0,95309.0
2026-07-28 13:35:00+05:30,164.0,164.08,164.0,164.0,125408.0
2026-07-28 13:40:00+05:30,164.08,164.23,163.15,163.15,36255.0
2026-07-28 13:45:00+05:30,163.12,164.15,163.12,164.0,71129.0
2026-07-28 13:50:00+05:30,164.15,164.18,163.83,164.0,32355.0
2026-07-28 13:55:00+05:30,164.14,164.17,164.0,164.01,13260.0
2026-07-28 14:00:00+05:30,164.05,164.17,164.0,164.02,14313.0
2026-07-28 14:05:00+05:30,164.02,164.15,163.99,164.0,8338.0
2026-07-28 14:10:00+05:30,164.0,164.15,163.97,164.08,16168.0
2026-07-28 14:15:00+05:30,164.0,164.1,163.97,164.01,13113.0
2026-07-28 14:20:00+05:30,164.02,164.17,164.0,164.05,16717.0
2026-07-28 14:25:00+05:30,164.1,164.17,163.98,164.0,17834.0
2026-07-28 14:30:00+05:30,164.0,164.17,164.0,164.04,15218.0
2026-07-28 14:35:00+05:30,164.09,164.13,163.99,164.05,14962.0
2026-07-28 14:40:00+05:30,164.01,164.23,164.0,164.12,19206.0
2026-07-28 14:45:00+05:30,164.0,164.12,163.94,163.94,20511.0
2026-07-28 14:50:00+05:30,164.0,164.0,163.85,163.96,1316.0
2026-07-28 14:55:00+05:30,163.86,164.09,163.86,164.0,13562.0
2026-07-28 15:00:00+05:30,164.06,164.1,163.95,164.09,30287.0
2026-07-28 15:05:00+05:30,164.08,164.08,163.99,163.99,24690.0
2026-07-28 15:10:00+05:30,163.99,164.03,163.99,164.02,27472.0
2026-07-28 15:15:00+05:30,164.02,164.02,163.54,163.6,47860.0
2026-07-28 15:20:00+05:30,163.64,163.9,163.51,163.84,25169.0
2026-07-28 15:25:00+05:30,163.65,163.83,163.51,163.71,11704.0
2026-07-29 09:15:00+05:30,163.71,164.08,163.12,163.25,32466.0
2026-07-29 09:20:00+05:30,163.23,163.4,162.5,162.64,16856.0
2026-07-29 09:25:00+05:30,162.53,163.6,162.53,163.56,22299.0
2026-07-29 09:30:00+05:30,163.59,163.71,163.5,163.58,11145.0
2026-07-29 09:35:00+05:30,163.6,163.86,163.36,163.86,9636.0
2026-07-29 09:40:00+05:30,163.86,164.05,163.8,164.05,4622.0
2026-07-29 09:45:00+05:30,164.1,164.48,164.1,164.48,5173.0
2026-07-29 09:50:00+05:30,164.36,164.89,164.33,164.82,10073.0
2026-07-29 09:55:00+05:30,164.94,164.95,164.4,164.53,3247.0
2026-07-29 10:00:00+05:30,164.41,164.7,164.39,164.4,4942.0
2026-07-29 10:05:00+05:30,164.36,164.6,164.35,164.55,5264.0
2026-07-29 10:10:00+05:30,164.57,164.57,164.35,164.35,4157.0
2026-07-29 10:15:00+05:30,164.43,164.58,164.35,164.49,2140.0
2026-07-29 10:20:00+05:30,164.52,164.82,164.4,164.47,8735.0
2026-07-29 10:25:00+05:30,164.4,164.45,164.0,164.39,66636.0
2026-07-29 10:30:00+05:30,164.45,164.45,164.12,164.2,3611.0
2026-07-29 10:35:00+05:30,164.24,164.33,164.12,164.16,3528.0
2026-07-29 10:40:00+05:30,164.25,164.25,164.05,164.05,1367.0
2026-07-29 10:45:00+05:30,164.05,164.08,164.0,164.0,17817.0
2026-07-29 10:50:00+05:30,164.01,164.06,164.0,164.06,1392.0
2026-07-29 10:55:00+05:30,164.06,164.07,163.95,164.04,6389.0
2026-07-29 11:00:00+05:30,164.04,164.06,164.0,164.03,1915.0
2026-07-29 11:05:00+05:30,164.03,164.23,164.01,164.18,7670.0
2026-07-29 11:10:00+05:30,164.1,164.36,164.1,164.26,3268.0
2026-07-29 11:15:00+05:30,164.29,164.29,164.03,164.12,2361.0
2026-07-29 11:20:00+05:30,164.03,164.1,164.0,164.1,1913.0
2026-07-29 11:25:00+05:30,164.12,164.12,164.06,164.06,729.0
2026-07-29 11:30:00+05:30,164.06,164.08,164.0,164.03,2156.0
2026-07-29 11:35:00+05:30,164.0,164.04,164.0,164.04,1967.0
2026-07-29 11:40:00+05:30,164.03,164.12,164.0,164.01,24094.0
2026-07-29 11:45:00+05:30,164.0,164.03,164.0,164.0,2837.0
2026-07-29 11:50:00+05:30,164.02,164.08,164.01,164.01,1677.0
2026-07-29 11:55:00+05:30,164.01,164.07,164.01,164.05,1665.0
2026-07-29 12:00:00+05:30,164.01,164.05,164.0,164.01,5804.0
2026-07-29 12:05:00+05:30,164.01,164.05,164.0,164.0,6809.0
2026-07-29 12:10:00+05:30,164.0,164.02,164.0,164.0,2499.0
2026-07-29 12:15:00+05:30,164.0,164.01,163.95,164.0,2035.0
2026-07-29 12:20:00+05:30,164.0,164.01,163.95,164.0,1253.0
2026-07-29 12:25:00+05:30,164.0,164.02,164.0,164.0,1897.0
2026-07-29 12:30:00+05:30,164.0,164.12,163.96,164.08,2548.0
2026-07-29 12:35:00+05:30,164.0,164.01,163.5,164.01,21393.0
2026-07-29 12:40:00+05:30,163.98,164.1,163.77,164.1,1726.0
2026-07-29 12:45:00+05:30,164.0,164.12,164.0,164.11,3600.0
2026-07-29 12:50:00+05:30,164.0,164.2,164.0,164.2,4384.0
2026-07-29 12:55:00+05:30,164.2,164.38,164.2,164.33,4782.0
2026-07-29 13:00:00+05:30,164.33,164.33,164.12,164.15,1277.0
2026-07-29 13:05:00+05:30,164.15,164.23,164.12,164.15,855.0
2026-07-29 13:10:00+05:30,164.22,164.22,164.11,164.13,1179.0
2026-07-29 13:15:00+05:30,164.21,164.21,163.96,164.02,4198.0
2026-07-29 13:20:00+05:30,164.03,164.21,164.03,164.18,2691.0
2026-07-29 13:25:00+05:30,164.13,164.2,164.03,164.11,4041.0
2026-07-29 13:30:00+05:30,164.04,164.15,164.04,164.1,1475.0
2026-07-29 13:35:00+05:30,164.13,164.14,164.0,164.0,3368.0
2026-07-29 13:40:00+05:30,164.0,164.03,163.94,164.03,1537.0
2026-07-29 13:45:00+05:30,164.0,164.1,164.0,164.1,1546.0
2026-07-29 13:50:00+05:30,164.09,164.09,163.93,164.06,7084.0
2026-07-29 13:55:00+05:30,164.08,164.08,163.98,164.04,937.0
2026-07-29 14:00:00+05:30,164.04,164.26,164.02,164.26,5632.0
2026-07-29 14:05:00+05:30,164.26,164.26,164.1,164.17,2467.0
2026-07-29 14:10:00+05:30,164.17,164.29,164.07,164.18,3176.0
2026-07-29 14:15:00+05:30,164.3,164.3,164.18,164.27,1541.0
2026-07-29 14:20:00+05:30,164.2,164.3,164.18,164.28,1713.0
2026-07-29 14:25:00+05:30,164.18,164.26,164.18,164.2,1339.0
2026-07-29 14:30:00+05:30,164.18,164.2,164.18,164.18,1408.0
2026-07-29 14:35:00+05:30,164.18,164.18,164.1,164.1,877.0
2026-07-29 14:40:00+05:30,164.1,164.2,164.0,164.2,15066.0
2026-07-29 14:45:00+05:30,164.2,164.2,164.0,164.0,7644.0
2026-07-29 14:50:00+05:30,164.16,164.16,164.0,164.12,1027.0
2026-07-29 14:55:00+05:30,164.12,164.12,163.97,163.99,2483.0
2026-07-29 15:00:00+05:30,164.09,164.14,164.04,164.07,3434.0
2026-07-29 15:05:00+05:30,164.08,164.08,163.98,164.02,13108.0
2026-07-29 15:10:00+05:30,164.05,164.1,163.99,164.1,12218.0
2026-07-29 15:15:00+05:30,164.1,164.49,164.0,164.25,67244.0
2026-07-29 15:20:00+05:30,164.22,164.34,164.04,164.28,9410.0
2026-07-29 15:25:00+05:30,164.21,164.3,164.01,164.2,15761.0
2026-07-30 09:15:00+05:30,164.0,164.0,162.72,162.75,23096.0
2026-07-30 09:20:00+05:30,162.8,162.86,162.45,162.66,35711.0
2026-07-30 09:25:00+05:30,162.6,162.62,162.45,162.55,8172.0
2026-07-30 09:30:00+05:30,162.55,162.78,162.46,162.53,13055.0
2026-07-30 09:35:00+05:30,162.53,162.53,162.32,162.32,13003.0
2026-07-30 09:40:00+05:30,162.32,162.32,162.15,162.31,10489.0
2026-07-30 09:45:00+05:30,162.23,162.43,162.2,162.27,7201.0
2026-07-30 09:50:00+05:30,162.2,162.26,162.12,162.21,6652.0
2026-07-30 09:55:00+05:30,162.21,162.48,162.18,162.4,6382.0
2026-07-30 10:00:00+05:30,162.4,162.4,162.08,162.09,7732.0
2026-07-30 10:05:00+05:30,162.09,162.21,162.08,162.18,3609.0
2026-07-30 10:10:00+05:30,162.11,162.19,161.98,162.11,33541.0
2026-07-30 10:15:00+05:30,162.06,162.36,162.03,162.1,6724.0
2026-07-30 10:20:00+05:30,162.1,162.28,162.1,162.22,3318.0
2026-07-30 10:25:00+05:30,162.21,162.22,162.17,162.17,1365.0
2026-07-30 10:30:00+05:30,162.16,162.19,162.0,162.18,10356.0
2026-07-30 10:35:00+05:30,162.12,162.44,162.1,162.44,12837.0
2026-07-30 10:40:00+05:30,162.49,162.8,162.49,162.76,11855.0
2026-07-30 10:45:00+05:30,162.9,164.36,162.72,164.3,105512.0
2026-07-30 10:50:00+05:30,164.15,164.7,164.0,164.36,23493.0
2026-07-30 10:55:00+05:30,164.45,164.45,164.0,164.07,14531.0
2026-07-30 11:00:00+05:30,164.05,164.05,163.75,164.01,4714.0
2026-07-30 11:05:00+05:30,164.01,165.29,163.92,165.07,46560.0
2026-07-30 11:10:00+05:30,165.0,165.0,164.46,164.46,11563.0
2026-07-30 11:15:00+05:30,164.46,164.46,164.14,164.26,2847.0
2026-07-30 11:20:00+05:30,164.34,164.46,164.34,164.38,14352.0
2026-07-30 11:25:00+05:30,164.44,164.5,164.38,164.47,11047.0
2026-07-30 11:30:00+05:30,164.56,165.05,164.56,165.0,15486.0
2026-07-30 11:35:00+05:30,164.92,165.02,164.88,164.99,12007.0
2026-07-30 11:40:00+05:30,164.99,165.01,164.62,164.89,80907.0
2026-07-30 11:45:00+05:30,165.01,165.01,164.2,164.39,18796.0
2026-07-30 11:50:00+05:30,164.39,164.52,164.16,164.17,5949.0
2026-07-30 11:55:00+05:30,164.02,164.15,164.0,164.05,4953.0
2026-07-30 12:00:00+05:30,164.0,164.19,164.0,164.14,4830.0
2026-07-30 12:05:00+05:30,164.14,164.14,163.94,163.96,3845.0
2026-07-30 12:10:00+05:30,163.93,164.05,163.69,163.94,3840.0
2026-07-30 12:15:00+05:30,163.94,164.19,163.93,164.09,3467.0
2026-07-30 12:20:00+05:30,164.08,164.08,164.0,164.03,4441.0
2026-07-30 12:25:00+05:30,164.01,164.02,163.88,164.02,3238.0
2026-07-30 12:30:00+05:30,164.01,165.0,163.94,164.94,19478.0
2026-07-30 12:35:00+05:30,165.01,165.09,164.87,165.0,10968.0
2026-07-30 12:40:00+05:30,164.94,165.02,164.9,165.0,3468.0
2026-07-30 12:45:00+05:30,165.0,165.0,164.57,164.64,10279.0
2026-07-30 12:50:00+05:30,164.62,164.65,164.32,164.37,6834.0
2026-07-30 12:55:00+05:30,164.37,164.56,164.37,164.53,5136.0
2026-07-30 13:00:00+05:30,164.46,164.46,164.03,164.3,4566.0
2026-07-30 13:05:00+05:30,164.3,164.3,164.05,164.05,5710.0
2026-07-30 13:10:00+05:30,164.13,164.13,164.01,164.01,5603.0
2026-07-30 13:15:00+05:30,164.01,164.04,163.87,163.87,13554.0
2026-07-30 13:20:00+05:30,163.88,163.9,163.8,163.85,6594.0
2026-07-30 13:25:00+05:30,163.9,163.9,163.78,163.78,3412.0
2026-07-30 13:30:00+05:30,163.78,163.88,163.74,163.88,5933.0
2026-07-30 13:35:00+05:30,163.88,163.93,163.84,163.85,4220.0
2026-07-30 13:40:00+05:30,163.93,163.93,163.2,163.3,14905.0
2026-07-30 13:45:00+05:30,163.17,164.66,163.17,164.35,69400.0
2026-07-30 13:50:00+05:30,164.36,164.83,164.36,164.74,8764.0
2026-07-30 13:55:00+05:30,164.74,164.79,164.71,164.71,2212.0
2026-07-30 14:00:00+05:30,164.71,165.54,164.63,165.38,181913.0
2026-07-30 14:05:00+05:30,165.35,165.4,164.96,165.06,13444.0
2026-07-30 14:10:00+05:30,165.07,165.24,164.9,165.05,14089.0
2026-07-30 14:15:00+05:30,165.03,165.03,164.82,164.89,7556.0
2026-07-30 14:20:00+05:30,164.89,164.9,164.75,164.76,5944.0
2026-07-30 14:25:00+05:30,164.75,164.87,164.75,164.8,5627.0
2026-07-30 14:30:00+05:30,164.79,164.83,164.75,164.83,5750.0
2026-07-30 14:35:00+05:30,164.83,164.83,164.76,164.8,3241.0
2026-07-30 14:40:00+05:30,164.8,164.83,164.63,164.76,5286.0
2026-07-30 14:45:00+05:30,164.7,164.98,164.69,164.98,9220.0
2026-07-30 14:50:00+05:30,164.91,164.98,164.9,164.97,3992.0
2026-07-30 14:55:00+05:30,164.97,164.99,164.83,164.94,11468.0
2026-07-30 15:00:00+05:30,164.69,164.79,164.51,164.6,27314.0
2026-07-30 15:05:00+05:30,164.56,165.06,164.55,164.97,25966.0
2026-07-30 15:10:00+05:30,164.97,165.05,164.69,164.89,25529.0
2026-07-30 15:15:00+05:30,164.9,165.03,164.8,164.9,53460.0
2026-07-30 15:20:00+05:30,164.9,165.03,164.81,164.85,46577.0
2026-07-30 15:25:00+05:30,164.87,165.4,164.81,165.1,56657.0
