dt,open,high,low,close,volume
2026-05-29 09:15:00+05:30,448.0,455.95,413.55,449.35,39550.0
2026-05-29 09:20:00+05:30,449.2,449.65,444.0,444.6,51412.0
2026-05-29 09:25:00+05:30,444.7,445.7,443.55,443.55,28476.0
2026-05-29 09:30:00+05:30,443.35,444.65,442.5,443.85,14600.0
2026-05-29 09:35:00+05:30,443.85,444.65,443.65,443.9,8538.0
2026-05-29 09:40:00+05:30,443.85,446.4,442.25,442.55,26784.0
2026-05-29 09:45:00+05:30,442.45,444.15,442.05,443.5,13670.0
2026-05-29 09:50:00+05:30,443.5,444.0,443.1,443.4,15954.0
2026-05-29 09:55:00+05:30,443.4,447.3,443.4,446.05,19866.0
2026-05-29 10:00:00+05:30,446.5,446.65,445.55,446.0,7668.0
2026-05-29 10:05:00+05:30,446.0,446.45,445.25,446.05,8599.0
2026-05-29 10:10:00+05:30,446.05,446.4,445.1,445.75,8911.0
2026-05-29 10:15:00+05:30,446.0,446.65,445.7,446.55,9640.0
2026-05-29 10:20:00+05:30,446.45,447.85,446.2,446.6,15779.0
2026-05-29 10:25:00+05:30,446.85,450.25,446.4,449.65,21014.0
2026-05-29 10:30:00+05:30,449.7,449.85,448.8,448.85,10203.0
2026-05-29 10:35:00+05:30,448.85,449.8,447.65,448.6,14812.0
2026-05-29 10:40:00+05:30,448.6,448.6,447.8,447.8,7287.0
2026-05-29 10:45:00+05:30,447.8,447.95,446.55,446.6,14312.0
2026-05-29 10:50:00+05:30,446.7,446.7,445.75,446.2,7509.0
2026-05-29 10:55:00+05:30,446.0,446.25,445.0,445.4,10649.0
2026-05-29 11:00:00+05:30,445.55,445.65,445.15,445.2,6345.0
2026-05-29 11:05:00+05:30,445.3,445.35,445.15,445.15,4755.0
2026-05-29 11:10:00+05:30,445.25,445.4,444.6,445.0,7404.0
2026-05-29 11:15:00+05:30,445.0,446.6,444.9,446.25,6262.0
2026-05-29 11:20:00+05:30,446.75,447.0,444.0,445.2,314589.0
2026-05-29 11:25:00+05:30,445.2,446.8,445.0,446.75,31775.0
2026-05-29 11:30:00+05:30,446.8,447.6,445.85,446.2,24459.0
2026-05-29 11:35:00+05:30,446.35,446.4,446.0,446.1,4873.0
2026-05-29 11:40:00+05:30,446.1,446.25,445.3,445.5,2308.0
2026-05-29 11:45:00+05:30,445.7,446.35,445.45,446.05,3583.0
2026-05-29 11:50:00+05:30,446.05,446.9,445.9,446.65,4157.0
2026-05-29 11:55:00+05:30,446.85,448.35,446.55,447.85,11102.0
2026-05-29 12:00:00+05:30,447.6,447.6,445.5,445.7,6867.0
2026-05-29 12:05:00+05:30,445.7,446.45,445.7,445.7,7404.0
2026-05-29 12:10:00+05:30,445.7,445.9,445.0,445.35,6259.0
2026-05-29 12:15:00+05:30,445.35,446.55,445.0,446.05,22536.0
2026-05-29 12:20:00+05:30,446.05,446.1,445.7,445.7,2956.0
2026-05-29 12:25:00+05:30,445.75,446.15,445.45,446.05,4359.0
2026-05-29 12:30:00+05:30,446.1,446.15,446.0,446.0,1759.0
2026-05-29 12:35:00+05:30,446.0,446.25,445.4,445.8,7273.0
2026-05-29 12:40:00+05:30,445.95,445.95,445.3,445.65,4356.0
2026-05-29 12:45:00+05:30,445.65,445.9,445.5,445.5,3036.0
2026-05-29 12:50:00+05:30,445.55,445.55,445.1,445.2,4618.0
2026-05-29 12:55:00+05:30,445.2,445.65,445.05,445.4,2523.0
2026-05-29 13:00:00+05:30,445.45,445.85,445.4,445.85,3966.0
2026-05-29 13:05:00+05:30,446.1,446.3,445.0,445.0,22330.0
2026-05-29 13:10:00+05:30,445.0,445.4,445.0,445.2,45498.0
2026-05-29 13:15:00+05:30,445.25,445.35,445.05,445.05,6052.0
2026-05-29 13:20:00+05:30,445.1,445.1,445.0,445.0,10277.0
2026-05-29 13:25:00+05:30,445.0,445.2,445.0,445.05,10007.0
2026-05-29 13:30:00+05:30,445.0,445.5,445.0,445.0,6630.0
2026-05-29 13:35:00+05:30,445.05,445.4,445.0,445.0,6608.0
2026-05-29 13:40:00+05:30,445.05,445.05,445.0,445.0,5196.0
2026-05-29 13:45:00+05:30,445.0,445.35,445.0,445.05,6260.0
2026-05-29 13:50:00+05:30,445.1,445.25,445.0,445.0,5093.0
2026-05-29 13:55:00+05:30,445.05,445.7,445.05,445.05,5245.0
2026-05-29 14:00:00+05:30,445.2,445.45,445.0,445.0,5819.0
2026-05-29 14:05:00+05:30,445.0,445.35,445.0,445.0,7597.0
2026-05-29 14:10:00+05:30,445.05,446.15,445.0,445.05,10902.0
2026-05-29 14:15:00+05:30,445.25,445.35,445.0,445.0,4514.0
2026-05-29 14:20:00+05:30,445.0,445.2,445.0,445.15,5336.0
2026-05-29 14:25:00+05:30,445.2,445.2,445.0,445.0,6583.0
2026-05-29 14:30:00+05:30,445.05,445.5,445.0,445.2,6375.0
2026-05-29 14:35:00+05:30,445.15,445.35,445.0,445.1,5958.0
2026-05-29 14:40:00+05:30,445.15,447.0,445.05,447.0,12121.0
2026-05-29 14:45:00+05:30,447.0,447.15,445.9,446.75,5604.0
2026-05-29 14:50:00+05:30,446.75,447.25,446.3,447.2,11109.0
2026-05-29 14:55:00+05:30,447.2,447.45,446.3,447.25,10078.0
2026-05-29 15:00:00+05:30,447.4,447.5,445.05,445.3,33274.0
2026-05-29 15:05:00+05:30,445.2,445.8,445.0,445.05,22298.0
2026-05-29 15:10:00+05:30,445.05,445.4,445.0,445.0,32077.0
2026-05-29 15:15:00+05:30,445.05,445.4,445.0,445.05,30460.0
2026-05-29 15:20:00+05:30,445.05,445.1,445.0,445.05,29904.0
2026-05-29 15:25:00+05:30,445.0,448.0,445.0,448.0,27946.0
2026-06-01 09:15:00+05:30,445.9,449.35,445.65,448.75,4151.0
2026-06-01 09:20:00+05:30,448.85,448.95,446.6,448.95,3644.0
2026-06-01 09:25:00+05:30,449.0,450.9,448.35,450.75,6495.0
2026-06-01 09:30:00+05:30,450.75,453.85,450.0,452.3,8470.0
2026-06-01 09:35:00+05:30,452.8,452.8,449.55,451.85,4771.0
2026-06-01 09:40:00+05:30,452.5,452.9,451.4,452.0,1168.0
2026-06-01 09:45:00+05:30,451.75,454.75,450.95,451.15,16869.0
2026-06-01 09:50:00+05:30,451.1,452.9,450.45,452.25,14036.0
2026-06-01 09:55:00+05:30,451.7,451.85,450.45,451.25,1576.0
2026-06-01 10:00:00+05:30,451.55,451.75,449.5,449.85,19823.0
2026-06-01 10:05:00+05:30,449.7,451.2,448.55,449.9,23500.0
2026-06-01 10:10:00+05:30,450.0,450.0,448.8,448.8,3453.0
2026-06-01 10:15:00+05:30,448.3,448.85,448.1,448.6,1107.0
2026-06-01 10:20:00+05:30,448.8,449.4,447.7,449.4,6327.0
2026-06-01 10:25:00+05:30,449.5,449.5,448.5,448.5,881.0
2026-06-01 10:30:00+05:30,448.4,448.5,448.05,448.35,177.0
2026-06-01 10:35:00+05:30,448.0,449.85,448.0,449.45,5105.0
2026-06-01 10:40:00+05:30,449.45,450.0,449.45,450.0,9609.0
2026-06-01 10:45:00+05:30,450.0,450.85,450.0,450.65,8613.0
2026-06-01 10:50:00+05:30,450.8,450.8,448.95,449.8,7805.0
2026-06-01 10:55:00+05:30,449.85,449.85,448.95,449.0,1151.0
2026-06-01 11:00:00+05:30,449.0,449.4,448.6,449.1,406.0
2026-06-01 11:05:00+05:30,449.25,449.45,449.0,449.4,348.0
2026-06-01 11:10:00+05:30,449.45,449.45,448.2,448.2,1306.0
2026-06-01 11:15:00+05:30,448.8,448.95,448.1,448.4,6716.0
2026-06-01 11:20:00+05:30,448.85,448.85,447.75,448.25,784.0
2026-06-01 11:25:00+05:30,448.2,448.75,447.5,448.0,2098.0
2026-06-01 11:30:00+05:30,448.3,448.55,447.5,448.55,1390.0
2026-06-01 11:35:00+05:30,448.15,448.75,447.3,447.3,2544.0
2026-06-01 11:40:00+05:30,447.25,447.5,447.1,447.35,1101.0
2026-06-01 11:45:00+05:30,447.35,447.7,447.15,447.7,1055.0
2026-06-01 11:50:00+05:30,447.7,447.85,446.75,447.25,1291.0
2026-06-01 11:55:00+05:30,447.25,448.7,447.0,448.65,16718.0
2026-06-01 12:00:00+05:30,448.65,448.65,448.0,448.25,1517.0
2026-06-01 12:05:00+05:30,448.3,448.5,448.05,448.5,1344.0
2026-06-01 12:10:00+05:30,448.5,448.6,448.1,448.1,1447.0
2026-06-01 12:15:00+05:30,448.6,448.75,448.5,448.65,381.0
2026-06-01 12:20:00+05:30,448.7,448.95,448.65,448.8,183.0
2026-06-01 12:25:00+05:30,448.9,449.6,448.8,449.1,1608.0
2026-06-01 12:30:00+05:30,449.1,449.1,448.2,448.4,348.0
2026-06-01 12:35:00+05:30,448.25,448.55,448.15,448.55,307.0
2026-06-01 12:40:00+05:30,448.5,448.5,448.0,448.0,870.0
2026-06-01 12:45:00+05:30,448.6,448.65,448.0,448.25,7481.0
2026-06-01 12:50:00+05:30,448.15,448.15,447.1,448.15,5161.0
2026-06-01 12:55:00+05:30,448.15,448.15,448.0,448.0,1095.0
2026-06-01 13:00:00+05:30,448.15,448.15,447.45,447.75,2046.0
2026-06-01 13:05:00+05:30,447.7,447.8,446.55,446.9,7553.0
2026-06-01 13:10:00+05:30,446.95,446.95,446.15,446.75,1903.0
2026-06-01 13:15:00+05:30,446.65,446.8,446.4,446.65,1851.0
2026-06-01 13:20:00+05:30,446.65,446.75,446.4,446.65,964.0
2026-06-01 13:25:00+05:30,446.5,447.05,446.45,447.05,3397.0
2026-06-01 13:30:00+05:30,447.3,447.6,447.05,447.6,3903.0
2026-06-01 13:35:00+05:30,447.6,447.6,447.15,447.45,1041.0
2026-06-01 13:40:00+05:30,447.45,447.45,446.85,447.35,997.0
2026-06-01 13:45:00+05:30,447.25,447.3,446.7,446.7,1020.0
2026-06-01 13:50:00+05:30,446.85,446.85,446.2,446.2,1268.0
2026-06-01 13:55:00+05:30,446.2,446.45,445.15,445.3,1987.0
2026-06-01 14:00:00+05:30,445.3,445.65,444.6,445.35,2467.0
2026-06-01 14:05:00+05:30,445.35,445.85,444.85,445.85,2758.0
2026-06-01 14:10:00+05:30,445.85,446.15,445.25,445.6,2180.0
2026-06-01 14:15:00+05:30,445.6,445.8,444.6,445.7,1293.0
2026-06-01 14:20:00+05:30,445.55,445.75,445.1,445.55,1053.0
2026-06-01 14:25:00+05:30,445.3,446.55,445.3,446.55,1742.0
2026-06-01 14:30:00+05:30,446.55,446.7,445.0,446.4,6894.0
2026-06-01 14:35:00+05:30,446.4,446.75,445.85,446.5,2951.0
2026-06-01 14:40:00+05:30,446.6,446.95,445.85,446.05,4617.0
2026-06-01 14:45:00+05:30,446.4,447.0,446.4,447.0,5614.0
2026-06-01 14:50:00+05:30,447.0,447.0,446.05,446.45,7595.0
2026-06-01 14:55:00+05:30,446.45,446.7,445.6,446.3,6090.0
2026-06-01 15:00:00+05:30,446.3,447.45,445.95,446.7,9513.0
2026-06-01 15:05:00+05:30,446.7,447.45,446.3,447.0,6756.0
2026-06-01 15:10:00+05:30,447.0,447.45,445.65,447.15,10421.0
2026-06-01 15:15:00+05:30,446.95,446.95,444.8,445.5,9109.0
2026-06-01 15:20:00+05:30,445.55,446.4,445.5,445.9,6538.0
2026-06-01 15:25:00+05:30,445.9,446.4,444.5,446.0,5853.0
2026-06-02 09:15:00+05:30,444.5,449.35,437.2,439.6,28657.0
2026-06-02 09:20:00+05:30,439.3,439.85,437.5,439.45,13963.0
2026-06-02 09:25:00+05:30,439.45,439.8,438.5,438.6,3261.0
2026-06-02 09:30:00+05:30,438.0,438.1,436.05,436.8,4525.0
2026-06-02 09:35:00+05:30,436.8,439.85,436.45,438.95,4160.0
2026-06-02 09:40:00+05:30,438.65,439.7,438.0,438.45,3626.0
2026-06-02 09:45:00+05:30,438.45,438.8,438.15,438.55,1576.0
2026-06-02 09:50:00+05:30,438.25,439.7,437.45,438.35,9208.0
2026-06-02 09:55:00+05:30,438.35,439.0,437.2,437.8,7538.0
2026-06-02 10:00:00+05:30,437.9,438.55,437.55,438.15,4666.0
2026-06-02 10:05:00+05:30,438.1,438.6,437.75,438.1,5111.0
2026-06-02 10:10:00+05:30,438.0,438.5,437.7,437.7,1141.0
2026-06-02 10:15:00+05:30,437.7,437.9,436.6,437.45,7613.0
2026-06-02 10:20:00+05:30,437.5,439.0,437.5,439.0,1680.0
2026-06-02 10:25:00+05:30,439.15,440.85,439.15,440.8,4430.0
2026-06-02 10:30:00+05:30,440.75,440.9,439.75,440.0,1254.0
2026-06-02 10:35:00+05:30,440.0,446.8,439.7,444.3,1641348.0
2026-06-02 10:40:00+05:30,444.3,445.0,443.8,443.8,3271.0
2026-06-02 10:45:00+05:30,443.3,443.55,441.2,442.45,9824.0
2026-06-02 10:50:00+05:30,441.85,441.9,439.1,439.45,7791.0
2026-06-02 10:55:00+05:30,439.75,440.4,439.0,439.9,6650.0
2026-06-02 11:00:00+05:30,440.25,440.55,439.9,440.1,5079.0
2026-06-02 11:05:00+05:30,440.3,440.3,439.05,439.3,1643.0
2026-06-02 11:10:00+05:30,439.3,439.95,439.1,439.7,1453.0
2026-06-02 11:15:00+05:30,439.7,439.75,439.05,439.75,3759.0
2026-06-02 11:20:00+05:30,439.9,439.95,439.5,439.75,1725.0
2026-06-02 11:25:00+05:30,439.6,440.65,439.6,439.9,3812.0
2026-06-02 11:30:00+05:30,440.0,440.1,439.5,439.95,1320.0
2026-06-02 11:35:00+05:30,439.95,439.95,439.15,439.15,1255.0
2026-06-02 11:40:00+05:30,439.1,439.35,439.0,439.0,3682.0
2026-06-02 11:45:00+05:30,439.05,439.3,438.95,439.25,609.0
2026-06-02 11:50:00+05:30,439.25,439.25,438.95,439.0,1286.0
2026-06-02 11:55:00+05:30,439.15,439.2,438.95,439.0,2881.0
2026-06-02 12:00:00+05:30,439.15,439.2,438.9,439.1,906.0
2026-06-02 12:05:00+05:30,439.1,439.45,438.85,439.35,1658.0
2026-06-02 12:10:00+05:30,439.35,439.5,438.8,439.0,1940.0
2026-06-02 12:15:00+05:30,439.0,439.25,439.0,439.15,2603.0
2026-06-02 12:20:00+05:30,439.15,439.25,438.85,438.85,3233.0
2026-06-02 12:25:00+05:30,438.85,439.0,438.65,439.0,7841.0
2026-06-02 12:30:00+05:30,439.0,439.25,438.9,439.0,1288.0
2026-06-02 12:35:00+05:30,439.15,439.2,438.85,438.95,835.0
2026-06-02 12:40:00+05:30,439.05,439.05,438.8,438.95,1273.0
2026-06-02 12:45:00+05:30,439.0,439.65,439.0,439.35,7267.0
2026-06-02 12:50:00+05:30,439.35,439.95,439.0,439.7,4757.0
2026-06-02 12:55:00+05:30,439.7,440.4,439.0,440.3,5649.0
2026-06-02 13:00:00+05:30,439.95,441.0,439.45,440.8,9524.0
2026-06-02 13:05:00+05:30,440.8,441.5,440.55,441.5,3399.0
2026-06-02 13:10:00+05:30,441.25,441.85,440.75,441.25,2049.0
2026-06-02 13:15:00+05:30,441.25,441.4,440.6,441.4,1269.0
2026-06-02 13:20:00+05:30,441.4,441.55,440.75,440.75,1304.0
2026-06-02 13:25:00+05:30,441.35,441.35,440.35,440.4,2978.0
2026-06-02 13:30:00+05:30,440.0,440.8,440.0,440.5,4251.0
2026-06-02 13:35:00+05:30,440.35,440.8,440.15,440.6,3350.0
2026-06-02 13:40:00+05:30,440.7,440.85,440.6,440.8,1123.0
2026-06-02 13:45:00+05:30,440.6,441.1,440.6,441.1,978.0
2026-06-02 13:50:00+05:30,441.1,441.1,440.6,440.6,1160.0
2026-06-02 13:55:00+05:30,440.8,440.9,440.6,440.8,787.0
2026-06-02 14:00:00+05:30,440.6,441.35,440.6,441.35,2889.0
2026-06-02 14:05:00+05:30,441.35,442.15,441.05,442.15,3458.0
2026-06-02 14:10:00+05:30,441.75,441.85,441.3,441.7,838.0
2026-06-02 14:15:00+05:30,441.75,441.75,441.4,441.4,259.0
2026-06-02 14:20:00+05:30,441.25,441.65,441.05,441.05,2571.0
2026-06-02 14:25:00+05:30,441.25,442.15,440.2,441.85,5067.0
2026-06-02 14:30:00+05:30,441.65,442.2,441.35,442.2,7671.0
2026-06-02 14:35:00+05:30,442.2,442.35,440.25,440.3,5982.0
2026-06-02 14:40:00+05:30,440.55,441.3,439.55,439.6,11594.0
2026-06-02 14:45:00+05:30,439.95,440.0,439.6,439.6,4464.0
2026-06-02 14:50:00+05:30,439.8,440.1,439.35,439.35,4255.0
2026-06-02 14:55:00+05:30,439.8,440.1,439.35,439.6,2786.0
2026-06-02 15:00:00+05:30,439.35,439.9,439.0,439.35,8976.0
2026-06-02 15:05:00+05:30,439.55,440.0,439.15,439.65,4219.0
2026-06-02 15:10:00+05:30,439.35,440.45,438.8,439.2,77079.0
2026-06-02 15:15:00+05:30,439.2,439.4,438.8,439.2,10311.0
2026-06-02 15:20:00+05:30,439.2,439.45,438.8,438.8,18934.0
2026-06-02 15:25:00+05:30,439.1,440.4,438.8,440.0,13287.0
2026-06-03 09:15:00+05:30,439.2,440.2,437.0,439.05,14221.0
2026-06-03 09:20:00+05:30,439.05,439.35,437.5,437.85,4008.0
2026-06-03 09:25:00+05:30,438.0,438.15,437.1,437.85,4222.0
2026-06-03 09:30:00+05:30,437.8,437.85,437.1,437.1,1205.0
2026-06-03 09:35:00+05:30,437.35,438.6,437.0,438.4,461.0
2026-06-03 09:40:00+05:30,438.25,438.25,435.15,435.55,14024.0
2026-06-03 09:45:00+05:30,435.8,437.05,435.55,437.05,1455.0
2026-06-03 09:50:00+05:30,437.05,437.05,435.5,435.5,3212.0
2026-06-03 09:55:00+05:30,435.4,436.1,435.0,435.2,5382.0
2026-06-03 10:00:00+05:30,435.55,435.8,433.55,433.7,8131.0
2026-06-03 10:05:00+05:30,433.7,434.4,433.65,434.0,2400.0
2026-06-03 10:10:00+05:30,434.15,434.15,433.5,433.85,938.0
2026-06-03 10:15:00+05:30,434.0,434.35,433.2,434.05,2959.0
2026-06-03 10:20:00+05:30,434.35,435.0,434.0,434.7,2436.0
2026-06-03 10:25:00+05:30,434.7,434.95,433.0,433.25,7081.0
2026-06-03 10:30:00+05:30,433.5,433.75,432.2,432.5,10007.0
2026-06-03 10:35:00+05:30,432.5,433.5,432.5,433.3,2009.0
2026-06-03 10:40:00+05:30,432.9,433.4,432.9,432.9,229.0
2026-06-03 10:45:00+05:30,433.0,433.0,432.25,432.5,3330.0
2026-06-03 10:50:00+05:30,432.35,433.1,432.35,432.75,763.0
2026-06-03 10:55:00+05:30,432.75,432.75,432.3,432.6,1399.0
2026-06-03 11:00:00+05:30,432.5,432.85,432.25,432.25,3195.0
2026-06-03 11:05:00+05:30,432.25,432.25,431.0,431.05,2601.0
2026-06-03 11:10:00+05:30,431.4,431.75,431.0,431.5,491.0
2026-06-03 11:15:00+05:30,431.5,432.8,431.35,432.8,6827.0
2026-06-03 11:20:00+05:30,432.85,433.5,432.8,433.25,4388.0
2026-06-03 11:25:00+05:30,433.0,433.85,432.8,433.85,1280.0
2026-06-03 11:30:00+05:30,433.85,433.95,433.05,433.45,2832.0
2026-06-03 11:35:00+05:30,433.2,433.4,432.1,432.55,644.0
2026-06-03 11:40:00+05:30,432.3,432.8,432.05,432.4,709.0
2026-06-03 11:45:00+05:30,432.2,432.95,432.0,432.55,544.0
2026-06-03 11:50:00+05:30,432.6,433.15,432.5,432.5,845.0
2026-06-03 11:55:00+05:30,432.5,432.75,432.2,432.2,1788.0
2026-06-03 12:00:00+05:30,432.0,432.2,431.5,431.5,814.0
2026-06-03 12:05:00+05:30,431.5,431.8,430.9,430.9,3271.0
2026-06-03 12:10:00+05:30,430.9,431.0,430.8,430.8,565.0
2026-06-03 12:15:00+05:30,430.8,431.2,430.7,431.1,514.0
2026-06-03 12:20:00+05:30,430.95,431.4,430.55,431.1,1427.0
2026-06-03 12:25:00+05:30,431.25,431.45,430.6,431.25,2135.0
2026-06-03 12:30:00+05:30,431.55,433.05,431.55,432.85,6304.0
2026-06-03 12:35:00+05:30,432.6,433.85,432.6,433.85,12812.0
2026-06-03 12:40:00+05:30,433.55,434.35,433.55,434.35,13552.0
2026-06-03 12:45:00+05:30,434.35,434.7,434.15,434.2,2562.0
2026-06-03 12:50:00+05:30,434.2,434.45,434.2,434.4,505.0
2026-06-03 12:55:00+05:30,434.45,434.45,434.15,434.2,272.0
2026-06-03 13:00:00+05:30,434.0,434.2,434.0,434.0,94.0
2026-06-03 13:05:00+05:30,434.0,434.0,433.05,433.5,470.0
2026-06-03 13:10:00+05:30,433.5,434.0,433.0,434.0,1793.0
2026-06-03 13:15:00+05:30,434.4,434.6,434.0,434.4,944.0
2026-06-03 13:20:00+05:30,434.55,434.6,434.35,434.35,659.0
2026-06-03 13:25:00+05:30,434.35,435.7,434.35,435.2,3621.0
2026-06-03 13:30:00+05:30,435.6,435.6,433.0,433.3,14960.0
2026-06-03 13:35:00+05:30,433.6,433.85,432.1,432.1,2797.0
2026-06-03 13:40:00+05:30,432.0,433.2,431.6,432.85,2259.0
2026-06-03 13:45:00+05:30,433.0,433.0,431.4,432.2,140039.0
2026-06-03 13:50:00+05:30,432.0,432.45,432.0,432.3,792.0
2026-06-03 13:55:00+05:30,432.3,432.3,431.7,431.7,6954.0
2026-06-03 14:00:00+05:30,431.75,432.0,431.35,431.95,1262.0
2026-06-03 14:05:00+05:30,431.95,432.25,431.95,432.0,2164.0
2026-06-03 14:10:00+05:30,431.9,431.95,431.65,431.95,639.0
2026-06-03 14:15:00+05:30,431.7,432.45,431.6,432.45,679.0
2026-06-03 14:20:00+05:30,432.25,432.55,432.25,432.35,2089.0
2026-06-03 14:25:00+05:30,432.35,432.35,431.7,432.0,3240.0
2026-06-03 14:30:00+05:30,432.0,432.0,431.7,431.9,770.0
2026-06-03 14:35:00+05:30,431.7,432.0,431.3,432.0,6879.0
2026-06-03 14:40:00+05:30,431.75,433.9,431.75,433.3,4520.0
2026-06-03 14:45:00+05:30,433.15,433.25,432.45,433.0,1352.0
2026-06-03 14:50:00+05:30,432.75,433.25,432.5,432.95,4178.0
2026-06-03 14:55:00+05:30,433.2,433.25,432.35,433.1,28261.0
2026-06-03 15:00:00+05:30,432.95,436.2,432.3,436.2,27731.0
2026-06-03 15:05:00+05:30,436.3,436.85,435.4,436.45,16591.0
2026-06-03 15:10:00+05:30,436.45,437.7,435.95,437.45,17312.0
2026-06-03 15:15:00+05:30,437.5,437.7,432.55,432.9,42211.0
2026-06-03 15:20:00+05:30,432.85,433.9,432.35,433.85,17208.0
2026-06-03 15:25:00+05:30,433.9,434.9,432.7,434.8,15824.0
2026-06-04 09:15:00+05:30,431.0,436.2,431.0,436.15,6543.0
2026-06-04 09:20:00+05:30,435.65,436.55,434.75,435.8,10740.0
2026-06-04 09:25:00+05:30,435.55,435.75,434.3,434.8,1165.0
2026-06-04 09:30:00+05:30,434.2,435.65,434.2,435.1,1971.0
2026-06-04 09:35:00+05:30,435.4,436.4,435.0,435.0,6247.0
2026-06-04 09:40:00+05:30,435.25,436.75,435.25,436.75,4446.0
2026-06-04 09:45:00+05:30,436.85,437.05,435.5,437.0,2368.0
2026-06-04 09:50:00+05:30,436.75,438.5,436.75,438.1,4801.0
2026-06-04 09:55:00+05:30,438.5,439.8,437.9,438.75,9604.0
2026-06-04 10:00:00+05:30,438.5,438.85,438.0,438.3,1791.0
2026-06-04 10:05:00+05:30,438.0,438.9,437.85,438.55,1720.0
2026-06-04 10:10:00+05:30,438.5,439.0,438.5,438.75,2100.0
2026-06-04 10:15:00+05:30,438.75,439.4,438.3,439.15,2087.0
2026-06-04 10:20:00+05:30,439.5,440.9,439.05,440.2,7136.0
2026-06-04 10:25:00+05:30,440.55,440.75,439.4,439.5,2747.0
2026-06-04 10:30:00+05:30,439.45,439.75,435.35,436.1,2075.0
2026-06-04 10:35:00+05:30,436.35,438.2,436.25,436.9,1797.0
2026-06-04 10:40:00+05:30,436.9,437.95,436.9,437.4,868.0
2026-06-04 10:45:00+05:30,437.5,438.0,437.1,437.35,527.0
2026-06-04 10:50:00+05:30,437.35,438.0,437.35,437.6,697.0
2026-06-04 10:55:00+05:30,437.7,438.0,437.25,437.35,710.0
2026-06-04 11:00:00+05:30,437.3,437.8,436.9,437.4,467.0
2026-06-04 11:05:00+05:30,437.0,437.7,436.3,437.3,2777.0
2026-06-04 11:10:00+05:30,437.45,437.75,437.4,437.75,221.0
2026-06-04 11:15:00+05:30,437.4,438.0,437.1,437.4,1175.0
2026-06-04 11:20:00+05:30,437.45,438.0,437.45,437.9,313.0
2026-06-04 11:25:00+05:30,437.65,438.0,437.4,437.55,371.0
2026-06-04 11:30:00+05:30,437.4,437.9,437.25,437.85,46.0
2026-06-04 11:35:00+05:30,437.85,438.1,437.3,437.8,839.0
2026-06-04 11:40:00+05:30,437.8,438.7,437.7,437.8,1563.0
2026-06-04 11:45:00+05:30,437.85,437.85,436.5,436.5,1622.0
2026-06-04 11:50:00+05:30,436.5,437.55,436.5,436.6,541.0
2026-06-04 11:55:00+05:30,436.7,437.7,436.7,437.35,192.0
2026-06-04 12:00:00+05:30,437.4,437.85,437.05,437.55,409.0
2026-06-04 12:05:00+05:30,437.6,438.15,437.55,437.55,558.0
2026-06-04 12:10:00+05:30,437.55,438.0,437.1,437.85,559.0
2026-06-04 12:15:00+05:30,437.9,438.0,437.25,437.25,300.0
2026-06-04 12:20:00+05:30,437.15,437.55,437.15,437.55,645.0
2026-06-04 12:25:00+05:30,437.55,437.55,437.0,437.4,1516.0
2026-06-04 12:30:00+05:30,437.15,437.4,436.7,436.9,671.0
2026-06-04 12:35:00+05:30,436.9,437.15,435.2,435.3,2753.0
2026-06-04 12:40:00+05:30,435.1,435.3,434.75,434.95,2200.0
2026-06-04 12:45:00+05:30,435.0,435.5,434.95,435.3,1855.0
2026-06-04 12:50:00+05:30,435.25,435.9,435.15,435.5,1267.0
2026-06-04 12:55:00+05:30,435.55,435.55,435.15,435.2,417.0
2026-06-04 13:00:00+05:30,435.2,435.45,435.15,435.2,215.0
2026-06-04 13:05:00+05:30,435.1,435.85,435.1,435.25,11479.0
2026-06-04 13:10:00+05:30,435.45,435.55,434.25,434.35,2197.0
2026-06-04 13:15:00+05:30,434.55,434.95,434.2,434.8,441.0
2026-06-04 13:20:00+05:30,434.8,435.05,434.6,434.7,471.0
2026-06-04 13:25:00+05:30,435.0,435.0,434.55,434.85,368.0
2026-06-04 13:30:00+05:30,434.85,435.0,434.75,434.75,128.0
2026-06-04 13:35:00+05:30,434.75,434.95,434.7,434.7,199.0
2026-06-04 13:40:00+05:30,434.7,434.85,433.3,433.3,5971.0
2026-06-04 13:45:00+05:30,433.4,433.8,433.3,433.45,238.0
2026-06-04 13:50:00+05:30,433.5,434.6,433.5,434.6,722.0
2026-06-04 13:55:00+05:30,434.35,434.5,432.35,433.3,12190.0
2026-06-04 14:00:00+05:30,433.45,434.9,433.45,434.05,1567.0
2026-06-04 14:05:00+05:30,434.05,434.2,433.8,433.8,631.0
2026-06-04 14:10:00+05:30,433.8,434.65,433.55,433.9,1391.0
2026-06-04 14:15:00+05:30,434.0,434.4,433.6,434.05,1212.0
2026-06-04 14:20:00+05:30,433.65,434.2,433.65,434.2,362.0
2026-06-04 14:25:00+05:30,433.9,434.55,433.9,434.2,1451.0
2026-06-04 14:30:00+05:30,434.2,435.0,434.0,434.85,881.0
2026-06-04 14:35:00+05:30,435.0,435.0,434.15,434.3,1592.0
2026-06-04 14:40:00+05:30,434.45,434.8,434.2,434.75,874.0
2026-06-04 14:45:00+05:30,434.4,434.9,434.4,434.45,1297.0
2026-06-04 14:50:00+05:30,434.45,434.65,434.15,434.15,28517.0
2026-06-04 14:55:00+05:30,434.15,434.5,434.15,434.4,465.0
2026-06-04 15:00:00+05:30,434.45,435.0,434.1,434.5,3100.0
2026-06-04 15:05:00+05:30,434.25,434.65,433.8,434.3,6515.0
2026-06-04 15:10:00+05:30,434.2,434.55,433.8,433.8,4177.0
2026-06-04 15:15:00+05:30,433.8,433.95,433.6,433.6,6082.0
2026-06-04 15:20:00+05:30,433.6,434.7,433.6,433.95,9950.0
2026-06-04 15:25:00+05:30,433.85,436.0,433.3,434.0,21073.0
2026-06-05 09:15:00+05:30,435.4,441.9,431.05,434.0,13666.0
2026-06-05 09:20:00+05:30,434.0,436.15,434.0,436.15,6308.0
2026-06-05 09:25:00+05:30,436.55,436.9,436.0,436.85,1699.0
2026-06-05 09:30:00+05:30,436.5,436.7,433.5,433.7,8141.0
2026-06-05 09:35:00+05:30,433.85,434.45,433.5,433.75,2353.0
2026-06-05 09:40:00+05:30,434.05,434.65,433.6,434.15,5688.0
2026-06-05 09:45:00+05:30,433.95,434.4,433.35,434.0,2547.0
2026-06-05 09:50:00+05:30,434.0,434.65,433.5,434.1,2898.0
2026-06-05 09:55:00+05:30,434.2,434.85,433.1,433.35,5291.0
2026-06-05 10:00:00+05:30,433.35,436.8,433.05,436.4,608103.0
2026-06-05 10:05:00+05:30,436.2,437.4,435.95,437.0,20414.0
2026-06-05 10:10:00+05:30,437.35,439.45,436.5,437.5,17328.0
2026-06-05 10:15:00+05:30,437.55,438.5,437.0,438.3,4616.0
2026-06-05 10:20:00+05:30,438.4,438.45,437.4,438.05,4142.0
2026-06-05 10:25:00+05:30,438.1,438.4,437.45,437.55,1044.0
2026-06-05 10:30:00+05:30,437.8,437.8,435.4,435.4,8084.0
2026-06-05 10:35:00+05:30,435.35,435.8,435.0,435.6,3294.0
2026-06-05 10:40:00+05:30,435.55,435.8,434.9,435.0,2454.0
2026-06-05 10:45:00+05:30,435.0,435.0,434.15,434.4,3047.0
2026-06-05 10:50:00+05:30,434.6,435.6,434.5,435.15,7153.0
2026-06-05 10:55:00+05:30,435.3,437.3,435.1,437.2,4959.0
2026-06-05 11:00:00+05:30,437.25,437.85,436.25,437.85,14470.0
2026-06-05 11:05:00+05:30,437.35,438.5,437.35,438.15,5899.0
2026-06-05 11:10:00+05:30,438.15,444.0,436.8,441.9,23869.0
2026-06-05 11:15:00+05:30,442.25,442.25,439.15,439.75,7807.0
2026-06-05 11:20:00+05:30,439.4,439.85,438.95,439.85,4746.0
2026-06-05 11:25:00+05:30,439.75,439.85,439.15,439.35,1830.0
2026-06-05 11:30:00+05:30,439.15,440.0,439.15,439.3,2087.0
2026-06-05 11:35:00+05:30,439.7,439.7,438.95,439.6,926.0
2026-06-05 11:40:00+05:30,439.5,440.5,439.3,439.85,5377.0
2026-06-05 11:45:00+05:30,439.55,440.25,439.5,439.9,1486.0
2026-06-05 11:50:00+05:30,439.95,440.0,439.9,439.9,1157.0
2026-06-05 11:55:00+05:30,439.9,440.0,439.9,439.95,1384.0
2026-06-05 12:00:00+05:30,439.95,440.0,439.0,439.2,1569.0
2026-06-05 12:05:00+05:30,439.2,439.75,439.2,439.45,629.0
2026-06-05 12:10:00+05:30,439.4,439.95,439.2,439.45,1984.0
2026-06-05 12:15:00+05:30,441.0,441.05,440.15,440.25,11689.0
2026-06-05 12:20:00+05:30,440.3,440.7,440.0,440.0,18441.0
2026-06-05 12:25:00+05:30,440.0,440.3,440.0,440.0,5503.0
2026-06-05 12:30:00+05:30,440.0,440.05,438.15,439.25,34468.0
2026-06-05 12:35:00+05:30,439.05,439.3,438.4,438.6,2935.0
2026-06-05 12:40:00+05:30,438.75,439.0,438.5,438.6,812.0
2026-06-05 12:45:00+05:30,438.6,438.8,438.5,438.5,593.0
2026-06-05 12:50:00+05:30,438.45,438.45,437.6,437.85,2625.0
2026-06-05 12:55:00+05:30,437.75,438.0,437.2,437.6,3084.0
2026-06-05 13:00:00+05:30,437.6,437.85,437.3,437.6,580.0
2026-06-05 13:05:00+05:30,437.6,437.85,436.5,436.5,2319.0
2026-06-05 13:10:00+05:30,436.5,436.75,435.65,435.65,2766.0
2026-06-05 13:15:00+05:30,435.65,436.95,435.65,436.5,891.0
2026-06-05 13:20:00+05:30,436.5,436.95,435.7,435.8,2422.0
2026-06-05 13:25:00+05:30,435.7,436.25,435.3,435.3,5699.0
2026-06-05 13:30:00+05:30,435.35,435.8,435.1,435.15,1941.0
2026-06-05 13:35:00+05:30,435.15,435.65,435.0,435.15,2045.0
2026-06-05 13:40:00+05:30,435.15,435.45,435.0,435.1,565.0
2026-06-05 13:45:00+05:30,435.1,435.45,435.0,435.2,1614.0
2026-06-05 13:50:00+05:30,435.15,435.9,435.15,435.55,5420.0
2026-06-05 13:55:00+05:30,435.5,435.85,435.45,435.65,982.0
2026-06-05 14:00:00+05:30,435.7,436.3,434.5,434.65,9365.0
2026-06-05 14:05:00+05:30,434.55,435.4,434.5,434.95,902.0
2026-06-05 14:10:00+05:30,434.95,435.35,434.75,434.85,583.0
2026-06-05 14:15:00+05:30,434.85,435.25,434.75,434.9,636.0
2026-06-05 14:20:00+05:30,434.85,435.15,434.15,434.25,5291.0
2026-06-05 14:25:00+05:30,434.4,435.3,434.25,435.3,1233.0
2026-06-05 14:30:00+05:30,435.35,435.5,434.8,435.2,5061.0
2026-06-05 14:35:00+05:30,434.8,435.25,434.0,434.5,3624.0
2026-06-05 14:40:00+05:30,434.25,436.0,433.9,435.9,7832.0
2026-06-05 14:45:00+05:30,435.75,435.8,434.45,434.7,3010.0
2026-06-05 14:50:00+05:30,434.85,436.25,434.7,435.65,5611.0
2026-06-05 14:55:00+05:30,435.65,436.7,435.55,435.9,4130.0
2026-06-05 15:00:00+05:30,436.2,436.2,434.8,435.6,4173.0
2026-06-05 15:05:00+05:30,435.7,437.0,435.5,436.15,10334.0
2026-06-05 15:10:00+05:30,436.0,436.7,435.85,436.4,2252.0
2026-06-05 15:15:00+05:30,436.55,438.8,435.85,436.35,24876.0
2026-06-05 15:20:00+05:30,436.35,436.85,435.85,436.65,3873.0
2026-06-05 15:25:00+05:30,436.65,436.75,435.0,435.95,8133.0
2026-06-08 09:15:00+05:30,430.0,433.0,425.0,429.0,19245.0
2026-06-08 09:20:00+05:30,429.1,429.1,425.85,426.0,20120.0
2026-06-08 09:25:00+05:30,426.25,426.8,425.0,426.4,12025.0
2026-06-08 09:30:00+05:30,426.4,426.4,424.45,424.8,26891.0
2026-06-08 09:35:00+05:30,425.1,425.1,422.0,422.2,25194.0
2026-06-08 09:40:00+05:30,422.2,423.2,422.05,422.4,12894.0
2026-06-08 09:45:00+05:30,422.5,423.8,422.35,423.0,11166.0
2026-06-08 09:50:00+05:30,423.05,423.05,422.2,422.45,7229.0
2026-06-08 09:55:00+05:30,422.45,423.25,422.2,423.2,16195.0
2026-06-08 10:00:00+05:30,423.2,423.2,420.1,420.2,23700.0
2026-06-08 10:05:00+05:30,420.2,421.35,420.1,420.95,5705.0
2026-06-08 10:10:00+05:30,420.95,421.0,418.65,419.15,26789.0
2026-06-08 10:15:00+05:30,419.15,419.2,418.2,418.45,9486.0
2026-06-08 10:20:00+05:30,418.45,418.95,418.2,418.7,6666.0
2026-06-08 10:25:00+05:30,418.7,419.95,416.7,419.95,31195.0
2026-06-08 10:30:00+05:30,419.95,421.3,419.8,421.0,13031.0
2026-06-08 10:35:00+05:30,421.15,422.2,420.65,421.1,19425.0
2026-06-08 10:40:00+05:30,421.6,424.5,421.6,424.45,15784.0
2026-06-08 10:45:00+05:30,424.65,424.9,422.05,422.45,9598.0
2026-06-08 10:50:00+05:30,422.4,423.2,422.4,422.45,1360.0
2026-06-08 10:55:00+05:30,422.45,423.45,422.45,423.0,1662.0
2026-06-08 11:00:00+05:30,422.8,423.3,422.8,423.2,1047.0
2026-06-08 11:05:00+05:30,423.2,423.2,422.3,422.75,785.0
2026-06-08 11:10:00+05:30,422.75,422.75,421.65,421.7,2260.0
2026-06-08 11:15:00+05:30,421.95,421.95,421.0,421.0,2404.0
2026-06-08 11:20:00+05:30,420.65,421.7,420.65,421.2,5365.0
2026-06-08 11:25:00+05:30,421.2,421.2,420.85,421.15,302.0
2026-06-08 11:30:00+05:30,421.15,423.85,421.15,423.75,4419.0
2026-06-08 11:35:00+05:30,423.5,423.75,423.45,423.6,2403.0
2026-06-08 11:40:00+05:30,423.6,423.6,421.2,422.8,4899.0
2026-06-08 11:45:00+05:30,422.8,423.5,422.6,423.3,1719.0
2026-06-08 11:50:00+05:30,423.3,424.0,421.5,423.0,13740.0
2026-06-08 11:55:00+05:30,423.0,423.4,422.45,422.6,1317.0
2026-06-08 12:00:00+05:30,422.5,422.95,421.8,422.1,1263.0
2026-06-08 12:05:00+05:30,422.0,422.25,420.9,421.2,12215.0
2026-06-08 12:10:00+05:30,421.55,422.05,421.3,421.55,671.0
2026-06-08 12:15:00+05:30,421.55,421.85,421.2,421.25,1752.0
2026-06-08 12:20:00+05:30,421.6,421.95,421.25,421.6,603.0
2026-06-08 12:25:00+05:30,421.55,422.05,421.45,421.7,1074.0
2026-06-08 12:30:00+05:30,421.45,421.8,421.2,421.45,709.0
2026-06-08 12:35:00+05:30,421.85,421.95,421.45,421.5,994.0
2026-06-08 12:40:00+05:30,421.75,422.3,421.35,422.0,817.0
2026-06-08 12:45:00+05:30,422.0,422.35,422.0,422.0,903.0
2026-06-08 12:50:00+05:30,422.05,422.5,422.0,422.35,1696.0
2026-06-08 12:55:00+05:30,422.7,423.8,422.15,423.15,2826.0
2026-06-08 13:00:00+05:30,423.45,423.7,422.2,422.2,2310.0
2026-06-08 13:05:00+05:30,422.2,422.65,421.2,421.2,6264.0
2026-06-08 13:10:00+05:30,421.5,421.8,421.2,421.5,3445.0
2026-06-08 13:15:00+05:30,421.75,422.05,421.25,421.25,815.0
2026-06-08 13:20:00+05:30,421.25,421.7,421.0,421.15,9420.0
2026-06-08 13:25:00+05:30,421.15,421.6,420.95,421.05,2936.0
2026-06-08 13:30:00+05:30,421.0,421.6,420.55,420.85,4384.0
2026-06-08 13:35:00+05:30,420.8,421.0,420.5,420.6,3636.0
2026-06-08 13:40:00+05:30,421.0,421.05,420.5,420.5,2484.0
2026-06-08 13:45:00+05:30,421.25,421.5,420.5,421.15,5527.0
2026-06-08 13:50:00+05:30,421.45,422.35,421.0,421.55,2717.0
2026-06-08 13:55:00+05:30,421.55,421.75,420.95,421.7,955.0
2026-06-08 14:00:00+05:30,421.7,422.4,421.7,422.3,2995.0
2026-06-08 14:05:00+05:30,422.3,422.5,421.8,422.0,3339.0
2026-06-08 14:10:00+05:30,422.0,422.0,421.05,421.85,14498.0
2026-06-08 14:15:00+05:30,421.9,422.5,421.85,422.25,3334.0
2026-06-08 14:20:00+05:30,422.4,422.4,421.0,421.0,3242.0
2026-06-08 14:25:00+05:30,421.35,421.7,420.85,420.85,2884.0
2026-06-08 14:30:00+05:30,421.1,421.7,420.8,421.1,3517.0
2026-06-08 14:35:00+05:30,421.4,421.7,421.1,421.45,1824.0
2026-06-08 14:40:00+05:30,421.05,421.9,421.05,421.65,1821.0
2026-06-08 14:45:00+05:30,421.65,421.9,421.25,421.5,7945.0
2026-06-08 14:50:00+05:30,421.5,422.2,420.95,421.2,8464.0
2026-06-08 14:55:00+05:30,421.45,421.95,421.0,421.55,4649.0
2026-06-08 15:00:00+05:30,421.55,424.2,421.05,422.05,46452.0
2026-06-08 15:05:00+05:30,422.4,422.5,421.15,421.35,1984.0
2026-06-08 15:10:00+05:30,421.5,422.15,420.95,421.6,14753.0
2026-06-08 15:15:00+05:30,421.55,421.9,419.1,421.05,48910.0
2026-06-08 15:20:00+05:30,420.7,421.45,419.05,420.1,56551.0
2026-06-08 15:25:00+05:30,420.0,422.8,419.05,422.8,12660.0
2026-06-09 09:15:00+05:30,422.55,448.0,422.55,445.95,218024.0
2026-06-09 09:20:00+05:30,446.0,446.9,436.2,437.15,437929.0
2026-06-09 09:25:00+05:30,437.85,437.85,430.2,431.6,262042.0
2026-06-09 09:30:00+05:30,431.25,431.5,428.3,429.0,146447.0
2026-06-09 09:35:00+05:30,428.7,428.8,425.05,425.6,125923.0
2026-06-09 09:40:00+05:30,425.8,429.75,425.1,426.3,129486.0
2026-06-09 09:45:00+05:30,425.85,427.35,425.5,426.0,24426.0
2026-06-09 09:50:00+05:30,426.0,427.25,425.65,426.9,14784.0
2026-06-09 09:55:00+05:30,427.0,427.0,425.25,425.25,15661.0
2026-06-09 10:00:00+05:30,425.15,426.1,423.8,423.8,36652.0
2026-06-09 10:05:00+05:30,423.25,425.85,423.25,425.6,23767.0
2026-06-09 10:10:00+05:30,425.8,426.95,425.6,426.0,8170.0
2026-06-09 10:15:00+05:30,426.0,426.9,425.6,425.6,14922.0
2026-06-09 10:20:00+05:30,425.55,426.5,425.5,425.5,2783.0
2026-06-09 10:25:00+05:30,425.5,426.1,424.6,424.95,15014.0
2026-06-09 10:30:00+05:30,425.05,425.05,423.55,423.9,22108.0
2026-06-09 10:35:00+05:30,423.95,424.05,423.2,423.8,14007.0
2026-06-09 10:40:00+05:30,423.8,424.4,423.4,423.85,9337.0
2026-06-09 10:45:00+05:30,423.85,424.5,423.85,424.0,5648.0
2026-06-09 10:50:00+05:30,423.7,423.7,423.05,423.5,7593.0
2026-06-09 10:55:00+05:30,423.5,423.65,423.1,423.55,4264.0
2026-06-09 11:00:00+05:30,423.55,423.8,422.2,423.15,22788.0
2026-06-09 11:05:00+05:30,423.0,424.1,423.0,423.85,10757.0
2026-06-09 11:10:00+05:30,423.85,423.95,422.9,423.3,5849.0
2026-06-09 11:15:00+05:30,423.3,423.5,423.05,423.3,2890.0
2026-06-09 11:20:00+05:30,423.4,423.5,422.5,422.85,4903.0
2026-06-09 11:25:00+05:30,422.85,423.5,422.5,423.3,5702.0
2026-06-09 11:30:00+05:30,422.5,423.2,422.5,422.95,6476.0
2026-06-09 11:35:00+05:30,423.0,428.25,422.8,426.45,59356.0
2026-06-09 11:40:00+05:30,426.3,426.5,425.15,425.3,11008.0
2026-06-09 11:45:00+05:30,425.3,426.4,425.3,425.6,5002.0
2026-06-09 11:50:00+05:30,425.55,425.85,425.35,425.7,4353.0
2026-06-09 11:55:00+05:30,425.35,426.0,425.35,426.0,1858.0
2026-06-09 12:00:00+05:30,426.0,426.0,425.25,425.5,2459.0
2026-06-09 12:05:00+05:30,425.55,425.55,425.25,425.55,1887.0
2026-06-09 12:10:00+05:30,425.55,426.15,425.35,425.6,1948.0
2026-06-09 12:15:00+05:30,425.6,425.75,425.35,425.5,721.0
2026-06-09 12:20:00+05:30,425.5,425.85,425.25,425.85,2354.0
2026-06-09 12:25:00+05:30,425.55,425.55,425.25,425.4,804.0
2026-06-09 12:30:00+05:30,425.4,425.6,425.0,425.0,5237.0
2026-06-09 12:35:00+05:30,425.0,425.35,425.0,425.2,3200.0
2026-06-09 12:40:00+05:30,425.2,425.8,424.15,425.7,13867.0
2026-06-09 12:45:00+05:30,425.45,425.55,425.0,425.05,2576.0
2026-06-09 12:50:00+05:30,425.05,427.1,425.0,426.3,18946.0
2026-06-09 12:55:00+05:30,426.2,427.0,426.05,427.0,7732.0
2026-06-09 13:00:00+05:30,427.0,427.4,426.5,426.85,7177.0
2026-06-09 13:05:00+05:30,426.85,426.85,426.05,426.05,3034.0
2026-06-09 13:10:00+05:30,426.35,427.25,426.0,427.0,20255.0
2026-06-09 13:15:00+05:30,427.0,427.05,426.45,426.5,358.0
2026-06-09 13:20:00+05:30,426.45,426.75,426.15,426.2,759.0
2026-06-09 13:25:00+05:30,426.15,426.45,426.05,426.15,1143.0
2026-06-09 13:30:00+05:30,426.15,426.35,426.0,426.0,2712.0
2026-06-09 13:35:00+05:30,426.0,426.5,426.0,426.15,3322.0
2026-06-09 13:40:00+05:30,426.15,426.85,426.15,426.45,704.0
2026-06-09 13:45:00+05:30,426.45,427.15,426.45,426.85,5512.0
2026-06-09 13:50:00+05:30,426.85,427.4,426.5,426.5,2680.0
2026-06-09 13:55:00+05:30,426.5,426.7,426.0,426.25,6780.0
2026-06-09 14:00:00+05:30,426.25,426.35,426.0,426.0,2895.0
2026-06-09 14:05:00+05:30,426.0,426.4,426.0,426.05,872.0
2026-06-09 14:10:00+05:30,426.0,426.4,426.0,426.05,6885.0
2026-06-09 14:15:00+05:30,426.05,426.45,426.0,426.1,11006.0
2026-06-09 14:20:00+05:30,426.1,426.85,426.1,426.55,1115.0
2026-06-09 14:25:00+05:30,426.5,427.55,426.2,427.35,6136.0
2026-06-09 14:30:00+05:30,427.6,427.7,427.0,427.15,6064.0
2026-06-09 14:35:00+05:30,427.15,427.75,427.15,427.3,4674.0
2026-06-09 14:40:00+05:30,427.3,429.6,427.1,429.0,44097.0
2026-06-09 14:45:00+05:30,429.0,429.9,429.0,429.0,28922.0
2026-06-09 14:50:00+05:30,429.0,429.75,428.95,429.7,30270.0
2026-06-09 14:55:00+05:30,429.85,430.0,428.1,428.65,28835.0
2026-06-09 15:00:00+05:30,428.6,430.3,428.0,430.0,47462.0
2026-06-09 15:05:00+05:30,430.1,430.5,427.0,428.3,82130.0
2026-06-09 15:10:00+05:30,428.3,430.05,428.05,429.8,19639.0
2026-06-09 15:15:00+05:30,430.0,436.0,429.9,434.6,93929.0
2026-06-09 15:20:00+05:30,434.25,434.7,430.0,430.75,32700.0
2026-06-09 15:25:00+05:30,430.8,432.75,428.6,429.7,32874.0
2026-06-10 09:15:00+05:30,431.0,433.65,427.2,430.5,18308.0
2026-06-10 09:20:00+05:30,430.75,431.9,430.0,431.55,15214.0
2026-06-10 09:25:00+05:30,431.5,432.85,428.15,428.15,9594.0
2026-06-10 09:30:00+05:30,428.15,428.5,426.9,428.5,8314.0
2026-06-10 09:35:00+05:30,428.75,428.75,427.0,427.8,5251.0
2026-06-10 09:40:00+05:30,427.8,427.8,426.9,427.25,5791.0
2026-06-10 09:45:00+05:30,427.25,427.95,426.7,427.85,4299.0
2026-06-10 09:50:00+05:30,427.85,428.5,427.5,427.7,6939.0
2026-06-10 09:55:00+05:30,427.7,428.1,426.5,426.7,7324.0
2026-06-10 10:00:00+05:30,426.65,427.4,426.2,426.4,6091.0
2026-06-10 10:05:00+05:30,426.55,426.8,426.4,426.8,1043.0
2026-06-10 10:10:00+05:30,426.6,426.8,425.85,426.4,8803.0
2026-06-10 10:15:00+05:30,426.55,428.9,426.5,428.45,17131.0
2026-06-10 10:20:00+05:30,428.15,428.7,427.85,427.85,3243.0
2026-06-10 10:25:00+05:30,427.8,428.2,427.45,428.2,1634.0
2026-06-10 10:30:00+05:30,428.15,428.75,428.0,428.75,628.0
2026-06-10 10:35:00+05:30,428.75,429.1,428.65,428.65,1437.0
2026-06-10 10:40:00+05:30,428.85,428.85,427.5,427.5,3202.0
2026-06-10 10:45:00+05:30,427.8,432.65,427.5,431.9,48712.0
2026-06-10 10:50:00+05:30,431.95,432.85,431.05,431.9,10229.0
2026-06-10 10:55:00+05:30,432.15,432.5,431.7,432.4,2041.0
2026-06-10 11:00:00+05:30,432.15,433.7,431.8,433.5,9496.0
2026-06-10 11:05:00+05:30,433.6,435.95,433.3,435.2,15590.0
2026-06-10 11:10:00+05:30,435.5,436.6,435.4,436.6,6290.0
2026-06-10 11:15:00+05:30,436.2,438.35,435.75,437.4,13020.0
2026-06-10 11:20:00+05:30,436.95,437.45,436.8,437.05,11145.0
2026-06-10 11:25:00+05:30,437.3,437.35,436.8,437.0,1678.0
2026-06-10 11:30:00+05:30,437.0,437.55,436.1,437.05,8239.0
2026-06-10 11:35:00+05:30,437.05,438.3,437.0,437.25,4703.0
2026-06-10 11:40:00+05:30,437.25,437.6,437.25,437.4,2456.0
2026-06-10 11:45:00+05:30,437.4,440.0,434.65,434.65,27053.0
2026-06-10 11:50:00+05:30,434.4,435.25,434.15,435.05,6172.0
2026-06-10 11:55:00+05:30,435.2,435.2,433.55,433.55,4464.0
2026-06-10 12:00:00+05:30,433.4,433.55,431.8,432.05,6469.0
2026-06-10 12:05:00+05:30,432.25,432.9,431.75,431.75,4633.0
2026-06-10 12:10:00+05:30,431.5,432.75,431.15,432.45,4558.0
2026-06-10 12:15:00+05:30,432.7,432.7,432.0,432.35,505.0
2026-06-10 12:20:00+05:30,432.35,432.6,431.0,431.3,6223.0
2026-06-10 12:25:00+05:30,431.2,431.4,430.0,430.3,1961.0
2026-06-10 12:30:00+05:30,430.45,430.8,430.0,430.05,2320.0
2026-06-10 12:35:00+05:30,430.3,430.65,429.95,430.35,1904.0
2026-06-10 12:40:00+05:30,430.3,430.6,430.05,430.15,1305.0
2026-06-10 12:45:00+05:30,430.0,430.45,429.15,429.7,4005.0
2026-06-10 12:50:00+05:30,429.5,430.35,429.5,429.95,1579.0
2026-06-10 12:55:00+05:30,430.25,430.8,429.85,430.0,2736.0
2026-06-10 13:00:00+05:30,430.0,430.4,430.0,430.25,314.0
2026-06-10 13:05:00+05:30,430.4,431.3,430.0,431.3,2290.0
2026-06-10 13:10:00+05:30,431.3,434.0,431.1,433.35,5007.0
2026-06-10 13:15:00+05:30,433.05,433.3,432.35,432.7,882.0
2026-06-10 13:20:00+05:30,432.8,433.5,430.35,430.6,8859.0
2026-06-10 13:25:00+05:30,430.6,432.3,430.6,432.3,1583.0
2026-06-10 13:30:00+05:30,432.3,432.3,430.6,431.25,5075.0
2026-06-10 13:35:00+05:30,431.1,432.45,431.1,431.8,1184.0
2026-06-10 13:40:00+05:30,431.65,432.15,431.35,431.9,870.0
2026-06-10 13:45:00+05:30,431.85,432.3,431.4,432.05,248.0
2026-06-10 13:50:00+05:30,432.05,432.45,431.8,432.4,2048.0
2026-06-10 13:55:00+05:30,432.4,432.4,431.05,431.6,2558.0
2026-06-10 14:00:00+05:30,431.85,432.4,431.6,432.0,261.0
2026-06-10 14:05:00+05:30,432.1,432.75,432.0,432.15,2033.0
2026-06-10 14:10:00+05:30,432.8,432.8,431.55,431.8,2261.0
2026-06-10 14:15:00+05:30,432.05,432.3,431.8,432.15,797.0
2026-06-10 14:20:00+05:30,432.15,432.75,431.85,432.35,4312.0
2026-06-10 14:25:00+05:30,432.1,432.35,431.55,431.8,1890.0
2026-06-10 14:30:00+05:30,431.8,431.85,431.0,431.4,2102.0
2026-06-10 14:35:00+05:30,431.75,432.35,431.5,431.8,1806.0
2026-06-10 14:40:00+05:30,431.95,432.75,431.8,432.15,3598.0
2026-06-10 14:45:00+05:30,431.7,431.9,430.85,431.2,3311.0
2026-06-10 14:50:00+05:30,431.15,431.6,430.6,431.45,3474.0
2026-06-10 14:55:00+05:30,431.45,432.4,430.85,431.55,5355.0
2026-06-10 15:00:00+05:30,431.55,431.55,430.75,431.35,2350.0
2026-06-10 15:05:00+05:30,431.35,434.35,431.35,431.9,13494.0
2026-06-10 15:10:00+05:30,432.25,432.25,431.1,431.75,4618.0
2026-06-10 15:15:00+05:30,431.55,431.75,427.95,428.65,16348.0
2026-06-10 15:20:00+05:30,428.5,428.85,427.5,428.8,13725.0
2026-06-10 15:25:00+05:30,428.8,430.0,428.1,430.0,8433.0
2026-06-11 09:15:00+05:30,431.0,431.0,422.8,425.1,29994.0
2026-06-11 09:20:00+05:30,424.4,425.25,423.1,423.5,14834.0
2026-06-11 09:25:00+05:30,423.0,423.0,420.1,421.3,15374.0
2026-06-11 09:30:00+05:30,421.2,421.5,419.45,419.8,17368.0
2026-06-11 09:35:00+05:30,419.85,421.15,419.5,421.15,6801.0
2026-06-11 09:40:00+05:30,421.55,422.0,420.15,420.85,17602.0
2026-06-11 09:45:00+05:30,420.8,421.6,420.1,420.6,4884.0
2026-06-11 09:50:00+05:30,420.6,420.6,420.1,420.1,7650.0
2026-06-11 09:55:00+05:30,420.25,421.15,419.5,419.8,11362.0
2026-06-11 10:00:00+05:30,419.8,420.6,419.35,419.6,2752.0
2026-06-11 10:05:00+05:30,419.6,420.65,419.2,420.4,2329.0
2026-06-11 10:10:00+05:30,420.4,420.7,419.85,419.85,1934.0
2026-06-11 10:15:00+05:30,419.25,419.7,419.15,419.65,3080.0
2026-06-11 10:20:00+05:30,419.65,421.95,419.5,420.65,5475.0
2026-06-11 10:25:00+05:30,420.85,421.3,420.8,421.2,1919.0
2026-06-11 10:30:00+05:30,421.2,421.65,421.1,421.45,3164.0
2026-06-11 10:35:00+05:30,421.45,421.5,421.0,421.2,3681.0
2026-06-11 10:40:00+05:30,421.25,421.55,420.05,421.5,5853.0
2026-06-11 10:45:00+05:30,421.5,421.85,421.35,421.35,1309.0
2026-06-11 10:50:00+05:30,421.35,421.35,419.15,419.25,9666.0
2026-06-11 10:55:00+05:30,419.25,419.7,419.1,419.5,2574.0
2026-06-11 11:00:00+05:30,419.5,419.65,419.15,419.55,2932.0
2026-06-11 11:05:00+05:30,419.55,420.2,419.15,419.8,5678.0
2026-06-11 11:10:00+05:30,419.8,420.0,419.4,419.85,1080.0
2026-06-11 11:15:00+05:30,419.85,420.3,419.5,420.1,792.0
2026-06-11 11:20:00+05:30,420.1,420.55,420.1,420.3,662.0
2026-06-11 11:25:00+05:30,420.35,420.75,420.05,420.7,2080.0
2026-06-11 11:30:00+05:30,420.7,420.75,420.0,420.4,1487.0
2026-06-11 11:35:00+05:30,420.1,420.4,420.0,420.2,351.0
2026-06-11 11:40:00+05:30,420.2,420.3,420.0,420.3,270.0
2026-06-11 11:45:00+05:30,420.25,420.75,420.25,420.6,1182.0
2026-06-11 11:50:00+05:30,420.7,421.05,420.3,420.5,1828.0
2026-06-11 11:55:00+05:30,420.5,421.15,420.4,420.75,4904.0
2026-06-11 12:00:00+05:30,420.75,421.45,420.75,420.9,3757.0
2026-06-11 12:05:00+05:30,420.9,421.0,420.15,420.65,3354.0
2026-06-11 12:10:00+05:30,420.6,420.6,420.15,420.45,297.0
2026-06-11 12:15:00+05:30,420.15,420.45,420.0,420.2,815.0
2026-06-11 12:20:00+05:30,420.2,420.45,419.3,420.3,14061.0
2026-06-11 12:25:00+05:30,420.0,420.5,419.8,420.4,7143.0
2026-06-11 12:30:00+05:30,420.1,420.6,420.0,420.6,1325.0
2026-06-11 12:35:00+05:30,420.6,420.6,420.0,420.3,1280.0
2026-06-11 12:40:00+05:30,420.0,420.5,420.0,420.3,862.0
2026-06-11 12:45:00+05:30,420.3,420.3,418.75,418.8,17151.0
2026-06-11 12:50:00+05:30,418.75,419.8,418.5,419.5,3990.0
2026-06-11 12:55:00+05:30,419.55,420.15,418.85,419.15,3370.0
2026-06-11 13:00:00+05:30,419.15,419.15,418.0,418.5,6263.0
2026-06-11 13:05:00+05:30,418.35,419.05,418.35,418.5,3910.0
2026-06-11 13:10:00+05:30,418.75,418.85,418.15,418.15,2482.0
2026-06-11 13:15:00+05:30,418.45,418.45,418.0,418.2,1799.0
2026-06-11 13:20:00+05:30,418.2,418.2,416.7,417.3,13906.0
2026-06-11 13:25:00+05:30,417.3,417.35,416.5,417.15,2933.0
2026-06-11 13:30:00+05:30,417.25,417.7,416.5,416.5,4657.0
2026-06-11 13:35:00+05:30,416.75,417.15,416.05,416.45,5207.0
2026-06-11 13:40:00+05:30,416.4,416.45,415.35,415.75,4528.0
2026-06-11 13:45:00+05:30,415.4,416.45,415.35,415.7,4025.0
2026-06-11 13:50:00+05:30,415.7,415.9,415.5,415.9,252.0
2026-06-11 13:55:00+05:30,415.95,417.0,415.7,417.0,1513.0
2026-06-11 14:00:00+05:30,417.0,417.0,416.2,416.55,2487.0
2026-06-11 14:05:00+05:30,416.55,416.8,416.5,416.7,851.0
2026-06-11 14:10:00+05:30,416.7,416.75,416.2,416.4,1269.0
2026-06-11 14:15:00+05:30,416.5,416.9,416.2,416.55,2478.0
2026-06-11 14:20:00+05:30,416.55,417.15,416.2,416.85,2139.0
2026-06-11 14:25:00+05:30,416.85,418.3,416.7,417.5,4429.0
2026-06-11 14:30:00+05:30,417.55,418.2,417.0,417.6,3082.0
2026-06-11 14:35:00+05:30,417.6,421.55,417.0,420.0,48668.0
2026-06-11 14:40:00+05:30,419.85,420.8,418.75,419.85,106614.0
2026-06-11 14:45:00+05:30,419.8,420.6,419.65,419.75,3514.0
2026-06-11 14:50:00+05:30,419.55,419.95,419.0,419.0,5784.0
2026-06-11 14:55:00+05:30,419.0,419.9,419.0,419.9,5498.0
2026-06-11 15:00:00+05:30,419.8,420.65,418.8,420.0,5028.0
2026-06-11 15:05:00+05:30,420.0,421.9,419.7,421.55,13408.0
2026-06-11 15:10:00+05:30,421.7,424.75,421.4,423.75,30906.0
2026-06-11 15:15:00+05:30,423.7,424.15,422.6,424.0,23081.0
2026-06-11 15:20:00+05:30,424.05,424.5,423.4,424.0,12984.0
2026-06-11 15:25:00+05:30,424.15,430.5,424.0,430.5,31504.0
2026-06-12 09:15:00+05:30,430.45,431.9,423.5,428.25,27936.0
2026-06-12 09:20:00+05:30,428.65,429.65,427.25,429.0,8157.0
2026-06-12 09:25:00+05:30,429.0,429.55,426.8,427.1,14438.0
2026-06-12 09:30:00+05:30,427.25,430.9,426.95,430.3,16722.0
2026-06-12 09:35:00+05:30,430.45,430.85,429.15,429.7,5964.0
2026-06-12 09:40:00+05:30,429.7,430.05,429.4,429.4,5199.0
2026-06-12 09:45:00+05:30,429.6,429.85,428.6,429.45,12736.0
2026-06-12 09:50:00+05:30,429.45,429.85,427.55,427.7,6243.0
2026-06-12 09:55:00+05:30,427.7,428.5,427.65,428.35,1598.0
2026-06-12 10:00:00+05:30,428.6,432.5,428.35,432.0,19806.0
2026-06-12 10:05:00+05:30,432.35,435.9,432.35,433.45,19435.0
2026-06-12 10:10:00+05:30,433.75,434.5,433.05,434.45,7539.0
2026-06-12 10:15:00+05:30,434.45,437.45,433.9,435.0,39844.0
2026-06-12 10:20:00+05:30,435.0,435.3,433.15,434.8,8298.0
2026-06-12 10:25:00+05:30,434.8,435.4,434.4,434.9,7749.0
2026-06-12 10:30:00+05:30,434.85,435.2,434.45,435.15,2963.0
2026-06-12 10:35:00+05:30,434.95,437.0,434.65,435.7,12165.0
2026-06-12 10:40:00+05:30,435.95,435.95,434.85,435.0,4030.0
2026-06-12 10:45:00+05:30,435.3,435.3,434.8,435.3,2265.0
2026-06-12 10:50:00+05:30,435.2,435.2,434.8,435.05,817.0
2026-06-12 10:55:00+05:30,435.15,435.8,435.05,435.35,4044.0
2026-06-12 11:00:00+05:30,435.65,435.65,435.05,435.35,2130.0
2026-06-12 11:05:00+05:30,435.55,435.6,435.0,435.0,4264.0
2026-06-12 11:10:00+05:30,435.0,435.55,435.0,435.3,5957.0
2026-06-12 11:15:00+05:30,435.3,436.5,435.05,435.9,10570.0
2026-06-12 11:20:00+05:30,435.95,439.6,435.95,437.5,41304.0
2026-06-12 11:25:00+05:30,437.45,437.45,435.6,435.9,11105.0
2026-06-12 11:30:00+05:30,436.3,437.05,435.85,436.45,6843.0
2026-06-12 11:35:00+05:30,436.2,436.45,436.0,436.25,2108.0
2026-06-12 11:40:00+05:30,436.25,436.65,436.0,436.15,3812.0
2026-06-12 11:45:00+05:30,436.15,436.35,435.45,435.65,5254.0
2026-06-12 11:50:00+05:30,435.65,436.0,435.2,435.4,4436.0
2026-06-12 11:55:00+05:30,435.4,435.7,435.25,435.65,2295.0
2026-06-12 12:00:00+05:30,435.6,435.6,435.2,435.6,3132.0
2026-06-12 12:05:00+05:30,435.6,435.75,435.15,435.45,5983.0
2026-06-12 12:10:00+05:30,435.45,435.8,434.95,435.0,14145.0
2026-06-12 12:15:00+05:30,435.0,435.25,435.0,435.0,1395.0
2026-06-12 12:20:00+05:30,435.0,435.75,435.0,435.5,2100.0
2026-06-12 12:25:00+05:30,435.75,435.75,434.6,435.05,7744.0
2026-06-12 12:30:00+05:30,435.1,435.2,435.0,435.05,1855.0
2026-06-12 12:35:00+05:30,435.05,435.5,434.8,434.95,1963.0
2026-06-12 12:40:00+05:30,435.0,435.2,435.0,435.0,2165.0
2026-06-12 12:45:00+05:30,435.15,435.15,435.0,435.0,673.0
2026-06-12 12:50:00+05:30,435.15,435.15,435.0,435.0,511.0
2026-06-12 12:55:00+05:30,435.15,437.15,434.85,436.75,5290.0
2026-06-12 13:00:00+05:30,436.75,437.75,436.45,437.35,6454.0
2026-06-12 13:05:00+05:30,437.35,437.65,436.45,437.5,3170.0
2026-06-12 13:10:00+05:30,437.5,437.75,436.35,436.75,4858.0
2026-06-12 13:15:00+05:30,437.1,437.5,436.55,437.4,2944.0
2026-06-12 13:20:00+05:30,437.4,437.4,435.35,435.4,3757.0
2026-06-12 13:25:00+05:30,435.3,435.4,434.9,435.1,17043.0
2026-06-12 13:30:00+05:30,435.1,435.6,434.95,435.3,4931.0
2026-06-12 13:35:00+05:30,435.35,435.5,435.0,435.25,5183.0
2026-06-12 13:40:00+05:30,435.25,435.8,434.65,435.7,6025.0
2026-06-12 13:45:00+05:30,435.7,436.4,435.65,436.15,5165.0
2026-06-12 13:50:00+05:30,436.15,436.55,435.75,436.0,5823.0
2026-06-12 13:55:00+05:30,436.0,436.9,436.0,436.85,2972.0
2026-06-12 14:00:00+05:30,436.85,436.85,435.75,436.3,7554.0
2026-06-12 14:05:00+05:30,436.3,436.45,436.15,436.3,2090.0
2026-06-12 14:10:00+05:30,436.4,436.55,435.55,436.5,3856.0
2026-06-12 14:15:00+05:30,436.65,437.15,436.1,437.05,6650.0
2026-06-12 14:20:00+05:30,437.1,440.0,436.0,436.95,364676.0
2026-06-12 14:25:00+05:30,436.75,440.5,436.7,438.4,42001.0
2026-06-12 14:30:00+05:30,437.8,438.8,437.7,438.8,6352.0
2026-06-12 14:35:00+05:30,438.65,439.0,437.6,438.35,5342.0
2026-06-12 14:40:00+05:30,438.3,438.95,437.65,438.15,9273.0
2026-06-12 14:45:00+05:30,438.2,438.6,437.85,438.45,3466.0
2026-06-12 14:50:00+05:30,438.5,438.6,438.0,438.1,2062.0
2026-06-12 14:55:00+05:30,438.05,438.8,437.35,438.6,3289.0
2026-06-12 15:00:00+05:30,438.6,440.45,437.9,440.4,18633.0
2026-06-12 15:05:00+05:30,440.6,441.6,440.0,440.9,22044.0
2026-06-12 15:10:00+05:30,440.9,440.9,440.0,440.2,11194.0
2026-06-12 15:15:00+05:30,440.2,440.85,438.0,438.0,30381.0
2026-06-12 15:20:00+05:30,438.2,438.6,436.85,438.1,55796.0
2026-06-12 15:25:00+05:30,438.1,442.0,437.8,442.0,40296.0
2026-06-15 09:15:00+05:30,458.0,472.45,450.25,468.8,338897.0
2026-06-15 09:20:00+05:30,469.8,475.2,468.55,471.35,485335.0
2026-06-15 09:25:00+05:30,471.05,471.65,466.3,467.4,331581.0
2026-06-15 09:30:00+05:30,467.2,470.6,466.4,469.2,149499.0
2026-06-15 09:35:00+05:30,469.5,470.7,463.85,465.45,240714.0
2026-06-15 09:40:00+05:30,465.65,466.0,463.75,465.0,120856.0
2026-06-15 09:45:00+05:30,465.15,465.4,460.3,460.95,159605.0
2026-06-15 09:50:00+05:30,460.65,463.6,460.5,460.95,94646.0
2026-06-15 09:55:00+05:30,461.4,466.8,460.45,465.95,167365.0
2026-06-15 10:00:00+05:30,466.0,466.25,464.25,465.5,47564.0
2026-06-15 10:05:00+05:30,465.55,466.05,463.45,465.0,38899.0
2026-06-15 10:10:00+05:30,465.25,466.7,465.0,465.65,27241.0
2026-06-15 10:15:00+05:30,465.8,467.6,465.15,467.3,56116.0
2026-06-15 10:20:00+05:30,467.7,469.65,467.0,469.1,272639.0
2026-06-15 10:25:00+05:30,469.45,472.6,468.1,471.35,217445.0
2026-06-15 10:30:00+05:30,471.55,475.0,470.85,473.65,200850.0
2026-06-15 10:35:00+05:30,474.0,474.95,471.8,472.7,236038.0
2026-06-15 10:40:00+05:30,472.7,477.9,468.05,476.95,307628.0
2026-06-15 10:45:00+05:30,476.9,481.5,474.0,480.7,626729.0
2026-06-15 10:50:00+05:30,480.65,482.95,472.0,472.6,671609.0
2026-06-15 10:55:00+05:30,472.65,474.4,468.5,469.4,499683.0
2026-06-15 11:00:00+05:30,469.2,469.7,467.45,468.25,267705.0
2026-06-15 11:05:00+05:30,468.25,475.9,467.1,475.2,353007.0
2026-06-15 11:10:00+05:30,475.2,475.95,473.6,474.2,282601.0
2026-06-15 11:15:00+05:30,474.3,479.5,473.5,478.55,319581.0
2026-06-15 11:20:00+05:30,478.95,485.75,477.5,478.75,788958.0
2026-06-15 11:25:00+05:30,478.7,479.7,472.85,474.8,420218.0
2026-06-15 11:30:00+05:30,474.65,479.7,473.3,478.15,270873.0
2026-06-15 11:35:00+05:30,478.15,482.95,477.0,479.65,220300.0
2026-06-15 11:40:00+05:30,479.55,481.6,479.2,479.85,108446.0
2026-06-15 11:45:00+05:30,479.9,482.55,479.0,482.4,150953.0
2026-06-15 11:50:00+05:30,482.4,486.25,481.5,485.6,368803.0
2026-06-15 11:55:00+05:30,485.4,485.9,481.85,483.0,217538.0
2026-06-15 12:00:00+05:30,482.55,485.0,481.5,482.45,199828.0
2026-06-15 12:05:00+05:30,482.4,482.55,477.2,477.9,253889.0
2026-06-15 12:10:00+05:30,477.55,478.85,476.8,476.85,127916.0
2026-06-15 12:15:00+05:30,476.85,478.55,475.25,477.6,139158.0
2026-06-15 12:20:00+05:30,477.4,477.6,476.15,476.35,85891.0
2026-06-15 12:25:00+05:30,476.55,476.8,475.1,475.5,68122.0
2026-06-15 12:30:00+05:30,475.5,475.95,474.05,475.0,101666.0
2026-06-15 12:35:00+05:30,474.95,475.15,473.95,474.35,63546.0
2026-06-15 12:40:00+05:30,474.4,474.8,472.15,472.95,130496.0
2026-06-15 12:45:00+05:30,472.9,474.2,472.8,473.75,89893.0
2026-06-15 12:50:00+05:30,473.45,473.9,472.2,472.2,79405.0
2026-06-15 12:55:00+05:30,472.1,472.5,470.55,471.1,135204.0
2026-06-15 13:00:00+05:30,471.0,472.7,471.0,471.0,61663.0
2026-06-15 13:05:00+05:30,471.15,471.5,470.3,471.05,51765.0
2026-06-15 13:10:00+05:30,471.5,472.1,470.85,470.85,59218.0
2026-06-15 13:15:00+05:30,470.7,471.05,469.6,470.15,89394.0
2026-06-15 13:20:00+05:30,470.45,470.7,470.0,470.5,48912.0
2026-06-15 13:25:00+05:30,470.3,470.65,469.45,470.25,81881.0
2026-06-15 13:30:00+05:30,470.2,470.6,469.0,469.35,42912.0
2026-06-15 13:35:00+05:30,469.35,469.35,468.25,468.7,82540.0
2026-06-15 13:40:00+05:30,468.6,468.75,465.6,466.05,119539.0
2026-06-15 13:45:00+05:30,466.0,467.6,466.0,467.5,62704.0
2026-06-15 13:50:00+05:30,467.35,468.65,467.05,467.6,78209.0
2026-06-15 13:55:00+05:30,467.9,468.5,467.3,467.45,49537.0
2026-06-15 14:00:00+05:30,467.45,468.2,467.25,467.75,46156.0
2026-06-15 14:05:00+05:30,467.7,467.75,465.8,466.0,108724.0
2026-06-15 14:10:00+05:30,466.0,466.85,465.5,466.3,49436.0
2026-06-15 14:15:00+05:30,466.35,468.15,466.0,467.95,44519.0
2026-06-15 14:20:00+05:30,467.85,468.15,467.05,467.8,35434.0
2026-06-15 14:25:00+05:30,467.3,470.85,467.0,470.85,125174.0
2026-06-15 14:30:00+05:30,470.35,470.95,469.0,469.3,71411.0
2026-06-15 14:35:00+05:30,469.65,470.4,468.3,470.0,91878.0
2026-06-15 14:40:00+05:30,470.6,470.95,469.8,470.25,52625.0
2026-06-15 14:45:00+05:30,470.25,470.55,469.3,469.55,57998.0
2026-06-15 14:50:00+05:30,469.5,470.5,469.2,470.25,76978.0
2026-06-15 14:55:00+05:30,470.25,470.25,468.7,469.5,70304.0
2026-06-15 15:00:00+05:30,469.7,470.15,468.6,468.95,93240.0
2026-06-15 15:05:00+05:30,468.95,469.25,466.3,466.95,127927.0
2026-06-15 15:10:00+05:30,467.0,467.4,465.25,466.35,140976.0
2026-06-15 15:15:00+05:30,466.0,467.8,465.85,467.75,222304.0
2026-06-15 15:20:00+05:30,467.55,467.85,466.0,466.55,149943.0
2026-06-15 15:25:00+05:30,466.65,468.95,464.4,465.7,182976.0
2026-06-16 09:15:00+05:30,465.0,469.6,463.35,467.75,62525.0
2026-06-16 09:20:00+05:30,467.35,468.95,466.0,467.85,24948.0
2026-06-16 09:25:00+05:30,467.75,469.3,467.3,467.3,14288.0
2026-06-16 09:30:00+05:30,467.35,469.35,467.15,468.55,11383.0
2026-06-16 09:35:00+05:30,468.55,469.4,467.85,469.0,13072.0
2026-06-16 09:40:00+05:30,469.0,469.2,466.45,466.7,22615.0
2026-06-16 09:45:00+05:30,465.95,470.4,465.95,469.0,44130.0
2026-06-16 09:50:00+05:30,468.5,470.95,468.5,469.9,18262.0
2026-06-16 09:55:00+05:30,469.9,470.75,469.5,470.1,11405.0
2026-06-16 10:00:00+05:30,470.1,472.2,469.85,471.5,12819.0
2026-06-16 10:05:00+05:30,471.5,474.0,471.5,473.05,44088.0
2026-06-16 10:10:00+05:30,472.7,473.05,471.1,471.2,8263.0
2026-06-16 10:15:00+05:30,471.5,471.6,470.85,471.25,4693.0
2026-06-16 10:20:00+05:30,471.5,472.25,466.85,467.05,34303.0
2026-06-16 10:25:00+05:30,467.35,468.5,466.1,467.65,19366.0
2026-06-16 10:30:00+05:30,468.1,469.5,468.1,469.25,53647.0
2026-06-16 10:35:00+05:30,469.35,469.5,468.85,469.2,15384.0
2026-06-16 10:40:00+05:30,469.1,469.1,468.2,468.8,2935.0
2026-06-16 10:45:00+05:30,468.85,469.5,468.6,468.9,5729.0
2026-06-16 10:50:00+05:30,468.55,468.8,468.2,468.5,890.0
2026-06-16 10:55:00+05:30,468.3,468.7,468.1,468.1,2501.0
2026-06-16 11:00:00+05:30,468.25,468.5,467.35,468.3,1715.0
2026-06-16 11:05:00+05:30,468.25,468.5,467.0,467.6,10522.0
2026-06-16 11:10:00+05:30,467.75,467.95,466.65,467.0,6532.0
2026-06-16 11:15:00+05:30,466.95,467.55,466.1,466.75,5555.0
2026-06-16 11:20:00+05:30,466.55,467.2,466.35,467.0,5911.0
2026-06-16 11:25:00+05:30,467.15,467.45,466.25,466.7,3073.0
2026-06-16 11:30:00+05:30,466.7,466.7,466.25,466.7,806.0
2026-06-16 11:35:00+05:30,466.5,467.5,466.5,466.7,984.0
2026-06-16 11:40:00+05:30,467.1,467.15,466.25,466.7,4029.0
2026-06-16 11:45:00+05:30,466.5,467.9,466.45,467.6,7378.0
2026-06-16 11:50:00+05:30,467.4,467.4,466.3,466.5,2583.0
2026-06-16 11:55:00+05:30,466.5,467.0,466.25,466.9,487.0
2026-06-16 12:00:00+05:30,466.9,467.2,466.5,466.5,875.0
2026-06-16 12:05:00+05:30,466.25,467.15,466.25,467.05,4700.0
2026-06-16 12:10:00+05:30,467.0,467.0,466.7,466.8,78.0
2026-06-16 12:15:00+05:30,466.8,466.95,466.1,466.1,754.0
2026-06-16 12:20:00+05:30,466.3,466.35,465.6,465.85,2094.0
2026-06-16 12:25:00+05:30,465.65,466.8,465.25,466.8,2991.0
2026-06-16 12:30:00+05:30,466.45,467.1,466.4,466.4,1782.0
2026-06-16 12:35:00+05:30,466.5,466.55,465.55,465.7,2105.0
2026-06-16 12:40:00+05:30,465.75,466.15,465.5,466.1,1307.0
2026-06-16 12:45:00+05:30,466.25,466.3,465.35,465.55,1066.0
2026-06-16 12:50:00+05:30,465.95,466.0,464.5,464.5,9541.0
2026-06-16 12:55:00+05:30,464.85,464.9,464.1,464.85,4083.0
2026-06-16 13:00:00+05:30,464.55,464.85,461.0,462.7,9898.0
2026-06-16 13:05:00+05:30,462.7,462.7,462.1,462.65,1468.0
2026-06-16 13:10:00+05:30,462.5,463.05,462.3,462.55,3177.0
2026-06-16 13:15:00+05:30,463.0,463.15,461.65,462.0,4369.0
2026-06-16 13:20:00+05:30,462.0,462.45,460.5,460.7,12899.0
2026-06-16 13:25:00+05:30,460.65,461.6,460.3,461.4,4851.0
2026-06-16 13:30:00+05:30,461.3,461.6,460.6,460.7,4658.0
2026-06-16 13:35:00+05:30,460.7,464.95,460.7,464.3,31901.0
2026-06-16 13:40:00+05:30,464.15,464.25,463.15,463.15,1820.0
2026-06-16 13:45:00+05:30,463.1,463.8,463.1,463.8,1110.0
2026-06-16 13:50:00+05:30,463.5,463.6,463.1,463.5,2201.0
2026-06-16 13:55:00+05:30,463.2,464.3,463.2,464.15,4263.0
2026-06-16 14:00:00+05:30,464.45,465.3,464.15,464.65,1200.0
2026-06-16 14:05:00+05:30,464.5,465.8,464.5,465.5,7731.0
2026-06-16 14:10:00+05:30,465.25,465.9,465.1,465.55,549.0
2026-06-16 14:15:00+05:30,465.55,465.55,464.9,465.3,1134.0
2026-06-16 14:20:00+05:30,465.0,466.9,464.6,466.35,13767.0
2026-06-16 14:25:00+05:30,466.5,466.6,465.8,465.8,8867.0
2026-06-16 14:30:00+05:30,466.2,466.5,465.6,466.4,9310.0
2026-06-16 14:35:00+05:30,466.35,467.45,465.8,466.8,9952.0
2026-06-16 14:40:00+05:30,467.0,467.4,465.85,466.0,7554.0
2026-06-16 14:45:00+05:30,466.0,466.0,465.05,465.35,6976.0
2026-06-16 14:50:00+05:30,465.7,465.85,464.65,465.0,7020.0
2026-06-16 14:55:00+05:30,464.85,465.2,464.5,465.05,4688.0
2026-06-16 15:00:00+05:30,465.05,466.3,464.75,465.35,13416.0
2026-06-16 15:05:00+05:30,465.35,465.4,464.5,464.95,3294.0
2026-06-16 15:10:00+05:30,465.1,465.45,464.9,465.15,5734.0
2026-06-16 15:15:00+05:30,465.15,465.15,463.0,463.4,30816.0
2026-06-16 15:20:00+05:30,463.4,465.05,463.3,465.05,20353.0
2026-06-16 15:25:00+05:30,465.25,466.45,464.0,465.0,11599.0
2026-06-17 09:15:00+05:30,468.95,482.0,467.0,479.65,153090.0
2026-06-17 09:20:00+05:30,479.65,479.65,476.3,478.55,48924.0
2026-06-17 09:25:00+05:30,478.8,484.9,478.6,483.25,116210.0
2026-06-17 09:30:00+05:30,483.0,487.9,480.3,485.4,182302.0
2026-06-17 09:35:00+05:30,485.6,491.75,485.0,488.0,240761.0
2026-06-17 09:40:00+05:30,488.0,490.25,487.4,488.8,133735.0
2026-06-17 09:45:00+05:30,488.65,490.45,484.45,490.0,160556.0
2026-06-17 09:50:00+05:30,490.0,490.0,484.3,485.0,107834.0
2026-06-17 09:55:00+05:30,484.75,486.15,484.6,485.85,32559.0
2026-06-17 10:00:00+05:30,485.6,488.1,485.35,485.6,46757.0
2026-06-17 10:05:00+05:30,485.55,486.1,481.2,482.45,93436.0
2026-06-17 10:10:00+05:30,482.8,482.85,480.9,481.2,68694.0
2026-06-17 10:15:00+05:30,481.5,482.3,481.1,482.25,21771.0
2026-06-17 10:20:00+05:30,482.3,483.15,482.0,482.7,29317.0
2026-06-17 10:25:00+05:30,482.3,482.75,481.05,482.0,24315.0
2026-06-17 10:30:00+05:30,481.8,482.0,481.0,481.75,12297.0
2026-06-17 10:35:00+05:30,481.95,482.75,481.3,481.9,12711.0
2026-06-17 10:40:00+05:30,481.55,488.0,481.3,487.15,46117.0
2026-06-17 10:45:00+05:30,487.15,487.15,485.6,486.5,19255.0
2026-06-17 10:50:00+05:30,486.35,487.0,485.0,485.25,16760.0
2026-06-17 10:55:00+05:30,485.1,486.0,483.35,483.8,19805.0
2026-06-17 11:00:00+05:30,483.8,484.35,482.8,483.0,16229.0
2026-06-17 11:05:00+05:30,482.95,484.65,482.95,483.75,9224.0
2026-06-17 11:10:00+05:30,483.5,483.85,483.05,483.85,8969.0
2026-06-17 11:15:00+05:30,484.1,485.8,483.6,485.7,7699.0
2026-06-17 11:20:00+05:30,485.95,486.3,482.25,484.35,37637.0
2026-06-17 11:25:00+05:30,484.65,484.65,478.85,479.1,54709.0
2026-06-17 11:30:00+05:30,478.95,479.8,477.5,478.0,39173.0
2026-06-17 11:35:00+05:30,478.05,478.45,477.0,477.0,19718.0
2026-06-17 11:40:00+05:30,477.0,477.5,474.75,475.4,43507.0
2026-06-17 11:45:00+05:30,475.15,475.8,474.55,474.6,18260.0
2026-06-17 11:50:00+05:30,474.6,475.45,474.35,474.65,9237.0
2026-06-17 11:55:00+05:30,474.65,475.6,474.6,474.8,15153.0
2026-06-17 12:00:00+05:30,474.85,475.55,474.35,474.7,12271.0
2026-06-17 12:05:00+05:30,474.4,475.45,474.25,475.0,7108.0
2026-06-17 12:10:00+05:30,475.0,476.4,475.0,475.65,19626.0
2026-06-17 12:15:00+05:30,475.65,477.05,475.5,476.45,22312.0
2026-06-17 12:20:00+05:30,476.45,479.85,476.45,479.05,39798.0
2026-06-17 12:25:00+05:30,479.05,481.85,478.45,481.2,32962.0
2026-06-17 12:30:00+05:30,481.2,486.5,480.8,485.55,134304.0
2026-06-17 12:35:00+05:30,485.55,485.9,485.0,485.3,21221.0
2026-06-17 12:40:00+05:30,485.3,485.95,484.3,485.35,83775.0
2026-06-17 12:45:00+05:30,485.05,486.0,484.9,485.1,16621.0
2026-06-17 12:50:00+05:30,485.1,485.9,484.25,485.0,16224.0
2026-06-17 12:55:00+05:30,485.0,485.55,484.75,485.5,11039.0
2026-06-17 13:00:00+05:30,485.2,485.5,484.6,485.0,11036.0
2026-06-17 13:05:00+05:30,485.0,485.5,484.3,484.75,21680.0
2026-06-17 13:10:00+05:30,484.5,485.4,484.3,485.0,15903.0
2026-06-17 13:15:00+05:30,485.0,485.45,485.0,485.05,4707.0
2026-06-17 13:20:00+05:30,485.05,485.5,485.0,485.0,4659.0
2026-06-17 13:25:00+05:30,485.0,485.2,484.5,485.0,20851.0
2026-06-17 13:30:00+05:30,484.8,485.05,484.55,484.7,16989.0
2026-06-17 13:35:00+05:30,484.7,485.0,483.8,485.0,24089.0
2026-06-17 13:40:00+05:30,484.55,485.35,484.3,484.6,14220.0
2026-06-17 13:45:00+05:30,484.6,486.1,484.6,485.8,22226.0
2026-06-17 13:50:00+05:30,485.8,486.5,485.75,486.4,10558.0
2026-06-17 13:55:00+05:30,486.15,487.4,486.0,486.4,16000.0
2026-06-17 14:00:00+05:30,486.4,487.0,486.0,486.05,9159.0
2026-06-17 14:05:00+05:30,486.05,487.4,486.05,486.8,11709.0
2026-06-17 14:10:00+05:30,486.6,487.25,486.3,487.0,11020.0
2026-06-17 14:15:00+05:30,486.95,487.95,486.9,487.1,12043.0
2026-06-17 14:20:00+05:30,487.1,487.45,486.0,486.0,20100.0
2026-06-17 14:25:00+05:30,486.0,486.4,485.0,485.0,28507.0
2026-06-17 14:30:00+05:30,485.15,485.75,484.65,485.15,12242.0
2026-06-17 14:35:00+05:30,485.15,485.75,485.0,485.5,5893.0
2026-06-17 14:40:00+05:30,485.65,485.65,484.75,485.0,53721.0
2026-06-17 14:45:00+05:30,485.0,486.4,485.0,486.15,12583.0
2026-06-17 14:50:00+05:30,486.15,486.35,484.85,485.0,21445.0
2026-06-17 14:55:00+05:30,485.0,485.55,485.0,485.0,11622.0
2026-06-17 15:00:00+05:30,485.0,485.45,485.0,485.25,7918.0
2026-06-17 15:05:00+05:30,485.4,485.55,484.45,485.0,92108.0
2026-06-17 15:10:00+05:30,485.0,486.0,485.0,485.65,55921.0
2026-06-17 15:15:00+05:30,485.9,486.8,485.55,485.7,35619.0
2026-06-17 15:20:00+05:30,485.65,487.6,485.55,487.55,56447.0
2026-06-17 15:25:00+05:30,487.2,487.75,485.0,486.5,28173.0
2026-06-18 09:15:00+05:30,489.95,499.4,488.2,490.75,169290.0
2026-06-18 09:20:00+05:30,490.95,502.0,490.65,501.9,137701.0
2026-06-18 09:25:00+05:30,501.45,503.55,501.15,502.45,164499.0
2026-06-18 09:30:00+05:30,502.45,504.0,500.35,502.95,118115.0
2026-06-18 09:35:00+05:30,503.05,503.8,501.3,502.1,67061.0
2026-06-18 09:40:00+05:30,501.75,504.4,501.75,503.8,50407.0
2026-06-18 09:45:00+05:30,503.4,506.0,503.0,503.95,122785.0
2026-06-18 09:50:00+05:30,503.8,507.0,502.55,506.5,123915.0
2026-06-18 09:55:00+05:30,506.35,506.6,504.35,504.6,35707.0
2026-06-18 10:00:00+05:30,504.9,507.0,504.25,505.5,53090.0
2026-06-18 10:05:00+05:30,505.05,509.9,504.05,509.5,175648.0
2026-06-18 10:10:00+05:30,509.55,513.3,508.65,510.8,251902.0
2026-06-18 10:15:00+05:30,511.15,511.45,510.0,510.95,85261.0
2026-06-18 10:20:00+05:30,511.0,512.5,510.65,511.9,79401.0
2026-06-18 10:25:00+05:30,511.6,512.0,509.15,510.55,86840.0
2026-06-18 10:30:00+05:30,510.5,510.75,508.55,509.0,50080.0
2026-06-18 10:35:00+05:30,509.0,509.05,508.0,509.0,49213.0
2026-06-18 10:40:00+05:30,508.75,508.75,506.25,507.15,64237.0
2026-06-18 10:45:00+05:30,507.15,508.6,507.0,508.15,26586.0
2026-06-18 10:50:00+05:30,508.2,509.05,506.8,508.15,36244.0
2026-06-18 10:55:00+05:30,507.8,508.5,507.75,508.35,5391.0
2026-06-18 11:00:00+05:30,508.4,508.75,507.6,507.9,20200.0
2026-06-18 11:05:00+05:30,507.9,509.05,507.15,508.55,23704.0
2026-06-18 11:10:00+05:30,508.55,508.9,508.15,508.65,12889.0
2026-06-18 11:15:00+05:30,508.65,508.65,506.7,508.0,18598.0
2026-06-18 11:20:00+05:30,508.0,508.6,507.45,508.3,13398.0
2026-06-18 11:25:00+05:30,508.3,510.15,508.0,509.9,45849.0
2026-06-18 11:30:00+05:30,510.0,511.0,509.5,510.45,27379.0
2026-06-18 11:35:00+05:30,510.1,511.05,509.7,510.85,20068.0
2026-06-18 11:40:00+05:30,511.05,511.05,508.75,508.8,17363.0
2026-06-18 11:45:00+05:30,508.5,509.0,508.0,508.25,15332.0
2026-06-18 11:50:00+05:30,508.2,508.5,507.75,508.4,17558.0
2026-06-18 11:55:00+05:30,508.4,508.4,507.3,508.0,7979.0
2026-06-18 12:00:00+05:30,508.0,508.5,506.35,508.4,34620.0
2026-06-18 12:05:00+05:30,508.4,508.5,507.95,508.3,12085.0
2026-06-18 12:10:00+05:30,508.3,511.0,507.45,510.85,82881.0
2026-06-18 12:15:00+05:30,510.9,511.95,510.35,510.95,48020.0
2026-06-18 12:20:00+05:30,510.9,514.5,510.9,514.0,156216.0
2026-06-18 12:25:00+05:30,513.75,517.45,513.35,516.45,325692.0
2026-06-18 12:30:00+05:30,516.4,519.25,515.95,516.5,326343.0
2026-06-18 12:35:00+05:30,516.6,526.0,516.5,523.95,503831.0
2026-06-18 12:40:00+05:30,524.0,524.0,517.25,520.3,388605.0
2026-06-18 12:45:00+05:30,520.5,522.5,519.2,519.4,220443.0
2026-06-18 12:50:00+05:30,519.0,520.95,518.6,520.35,182672.0
2026-06-18 12:55:00+05:30,520.65,521.55,516.5,517.95,182647.0
2026-06-18 13:00:00+05:30,517.8,518.45,516.7,518.25,98244.0
2026-06-18 13:05:00+05:30,518.3,518.35,517.0,517.6,46484.0
2026-06-18 13:10:00+05:30,517.6,519.8,516.95,518.7,64166.0
2026-06-18 13:15:00+05:30,518.65,518.65,514.9,518.05,94373.0
2026-06-18 13:20:00+05:30,518.0,518.5,517.05,518.3,31774.0
2026-06-18 13:25:00+05:30,518.0,518.6,517.45,518.55,21621.0
2026-06-18 13:30:00+05:30,518.55,519.7,517.95,519.05,31256.0
2026-06-18 13:35:00+05:30,518.55,520.0,518.25,518.8,48875.0
2026-06-18 13:40:00+05:30,518.45,519.95,518.2,519.25,50643.0
2026-06-18 13:45:00+05:30,518.7,519.5,518.35,518.4,39665.0
2026-06-18 13:50:00+05:30,518.5,519.65,518.2,519.1,60097.0
2026-06-18 13:55:00+05:30,519.1,520.0,518.6,519.3,32717.0
2026-06-18 14:00:00+05:30,519.3,519.65,518.3,518.75,24592.0
2026-06-18 14:05:00+05:30,518.4,518.7,517.8,518.15,27057.0
2026-06-18 14:10:00+05:30,517.8,520.8,517.8,519.9,79251.0
2026-06-18 14:15:00+05:30,520.2,520.2,518.65,519.0,23096.0
2026-06-18 14:20:00+05:30,519.0,520.0,518.6,519.95,24456.0
2026-06-18 14:25:00+05:30,519.95,520.4,519.2,519.6,16100.0
2026-06-18 14:30:00+05:30,519.6,519.75,519.0,519.35,23977.0
2026-06-18 14:35:00+05:30,519.6,520.75,519.5,520.5,33662.0
2026-06-18 14:40:00+05:30,520.2,520.55,514.35,514.35,125543.0
2026-06-18 14:45:00+05:30,514.25,515.95,512.9,515.55,158482.0
2026-06-18 14:50:00+05:30,515.25,517.0,515.0,516.9,52666.0
2026-06-18 14:55:00+05:30,517.0,517.8,515.05,517.2,75815.0
2026-06-18 15:00:00+05:30,517.15,518.5,516.7,518.5,33959.0
2026-06-18 15:05:00+05:30,518.3,519.85,518.0,518.95,79901.0
2026-06-18 15:10:00+05:30,519.0,520.05,518.2,519.7,83167.0
2026-06-18 15:15:00+05:30,519.35,519.75,516.7,518.85,163927.0
2026-06-18 15:20:00+05:30,518.95,519.9,516.65,519.1,87972.0
2026-06-18 15:25:00+05:30,519.0,521.55,517.2,517.6,64178.0
2026-06-19 09:15:00+05:30,518.9,527.85,513.05,517.5,155087.0
2026-06-19 09:20:00+05:30,517.8,520.95,517.15,519.35,61414.0
2026-06-19 09:25:00+05:30,519.5,520.3,518.25,518.4,20505.0
2026-06-19 09:30:00+05:30,518.15,519.5,517.5,518.5,21620.0
2026-06-19 09:35:00+05:30,518.5,523.95,518.5,523.2,49827.0
2026-06-19 09:40:00+05:30,523.2,524.0,518.95,520.3,55174.0
2026-06-19 09:45:00+05:30,520.2,520.5,518.7,519.15,17463.0
2026-06-19 09:50:00+05:30,519.15,519.15,517.8,518.85,24583.0
2026-06-19 09:55:00+05:30,519.1,519.8,518.7,519.2,4784.0
2026-06-19 10:00:00+05:30,519.0,519.35,517.8,518.7,6964.0
2026-06-19 10:05:00+05:30,518.7,519.7,518.0,519.05,16014.0
2026-06-19 10:10:00+05:30,519.35,520.5,518.6,520.4,9883.0
2026-06-19 10:15:00+05:30,520.0,520.4,519.35,519.7,4026.0
2026-06-19 10:20:00+05:30,519.5,519.75,519.0,519.5,7599.0
2026-06-19 10:25:00+05:30,519.6,519.6,518.5,519.0,6564.0
2026-06-19 10:30:00+05:30,519.05,519.2,518.0,518.25,8767.0
2026-06-19 10:35:00+05:30,518.2,519.7,517.25,519.3,15024.0
2026-06-19 10:40:00+05:30,519.0,519.0,516.5,517.25,18761.0
2026-06-19 10:45:00+05:30,517.25,517.3,516.0,516.25,27013.0
2026-06-19 10:50:00+05:30,516.25,516.4,514.55,514.75,14490.0
2026-06-19 10:55:00+05:30,515.1,517.05,514.2,516.95,14852.0
2026-06-19 11:00:00+05:30,516.95,517.05,515.45,515.9,9716.0
2026-06-19 11:05:00+05:30,516.0,517.0,516.0,517.0,2599.0
2026-06-19 11:10:00+05:30,516.75,517.0,516.05,516.5,3094.0
2026-06-19 11:15:00+05:30,516.5,517.6,516.5,517.5,5789.0
2026-06-19 11:20:00+05:30,517.3,517.5,516.55,516.9,1223.0
2026-06-19 11:25:00+05:30,516.7,517.0,516.25,516.65,3493.0
2026-06-19 11:30:00+05:30,516.65,516.9,516.2,516.9,2303.0
2026-06-19 11:35:00+05:30,517.0,517.15,512.25,513.0,30510.0
2026-06-19 11:40:00+05:30,513.0,513.4,512.25,512.8,7716.0
2026-06-19 11:45:00+05:30,513.0,513.0,512.15,512.15,4814.0
2026-06-19 11:50:00+05:30,512.15,512.5,511.65,512.3,10808.0
2026-06-19 11:55:00+05:30,512.45,512.6,512.35,512.45,4052.0
2026-06-19 12:00:00+05:30,512.4,512.6,512.4,512.45,4984.0
2026-06-19 12:05:00+05:30,512.4,512.45,511.1,512.05,5815.0
2026-06-19 12:10:00+05:30,512.05,512.55,510.5,511.1,33330.0
2026-06-19 12:15:00+05:30,511.6,511.7,510.7,511.4,4384.0
2026-06-19 12:20:00+05:30,511.35,511.75,511.0,511.7,4733.0
2026-06-19 12:25:00+05:30,511.65,511.65,511.05,511.55,1615.0
2026-06-19 12:30:00+05:30,511.65,512.0,511.15,511.7,10503.0
2026-06-19 12:35:00+05:30,511.7,511.9,511.2,511.65,2496.0
2026-06-19 12:40:00+05:30,511.7,511.7,511.65,511.7,42825.0
2026-06-19 12:45:00+05:30,511.7,511.7,511.0,511.1,51302.0
2026-06-19 12:50:00+05:30,511.3,511.5,510.35,511.2,7929.0
2026-06-19 12:55:00+05:30,511.2,511.7,511.0,511.2,4259.0
2026-06-19 13:00:00+05:30,511.3,511.4,510.65,511.1,4476.0
2026-06-19 13:05:00+05:30,511.0,511.35,510.1,511.05,4313.0
2026-06-19 13:10:00+05:30,511.05,511.3,510.05,511.0,10737.0
2026-06-19 13:15:00+05:30,511.3,511.3,509.0,509.85,10228.0
2026-06-19 13:20:00+05:30,509.9,510.0,508.0,508.45,6204.0
2026-06-19 13:25:00+05:30,508.2,508.9,508.05,508.75,4218.0
2026-06-19 13:30:00+05:30,508.75,509.2,508.3,508.9,1510.0
2026-06-19 13:35:00+05:30,508.8,509.0,508.2,508.7,2969.0
2026-06-19 13:40:00+05:30,508.7,508.7,507.3,507.95,4743.0
2026-06-19 13:45:00+05:30,507.8,509.0,507.8,508.15,5908.0
2026-06-19 13:50:00+05:30,508.6,509.0,508.5,508.65,3346.0
2026-06-19 13:55:00+05:30,508.7,509.0,508.35,508.65,4944.0
2026-06-19 14:00:00+05:30,508.7,508.7,508.1,508.25,2669.0
2026-06-19 14:05:00+05:30,508.35,508.6,507.3,508.0,10999.0
2026-06-19 14:10:00+05:30,508.05,508.1,507.4,507.9,6668.0
2026-06-19 14:15:00+05:30,507.85,509.8,507.7,509.0,28888.0
2026-06-19 14:20:00+05:30,509.0,509.3,508.5,509.1,5959.0
2026-06-19 14:25:00+05:30,509.0,509.55,508.65,509.2,8863.0
2026-06-19 14:30:00+05:30,509.35,509.6,509.0,509.45,8316.0
2026-06-19 14:35:00+05:30,509.5,509.9,508.55,509.15,10767.0
2026-06-19 14:40:00+05:30,509.2,509.25,507.65,508.6,7085.0
2026-06-19 14:45:00+05:30,508.6,508.75,507.7,507.95,6056.0
2026-06-19 14:50:00+05:30,508.0,508.1,506.15,507.45,12776.0
2026-06-19 14:55:00+05:30,507.45,508.7,507.35,508.4,10582.0
2026-06-19 15:00:00+05:30,508.25,518.0,507.5,516.05,140990.0
2026-06-19 15:05:00+05:30,516.0,521.0,515.9,520.65,86245.0
2026-06-19 15:10:00+05:30,520.45,522.0,520.15,521.0,80149.0
2026-06-19 15:15:00+05:30,520.55,524.0,520.55,523.3,117370.0
2026-06-19 15:20:00+05:30,523.25,524.0,522.25,523.8,78355.0
2026-06-19 15:25:00+05:30,523.65,524.0,522.35,523.9,67183.0
2026-06-22 09:15:00+05:30,519.8,520.75,514.0,514.25,33291.0
2026-06-22 09:20:00+05:30,514.2,515.15,511.6,513.6,38936.0
2026-06-22 09:25:00+05:30,513.55,514.8,512.6,514.0,33753.0
2026-06-22 09:30:00+05:30,514.45,515.3,512.5,513.15,14060.0
2026-06-22 09:35:00+05:30,512.95,513.15,512.05,512.45,10532.0
2026-06-22 09:40:00+05:30,512.45,513.0,511.5,511.5,17168.0
2026-06-22 09:45:00+05:30,511.3,511.9,510.1,511.5,14803.0
2026-06-22 09:50:00+05:30,511.15,512.15,510.75,511.05,10835.0
2026-06-22 09:55:00+05:30,511.15,513.0,511.0,511.6,11428.0
2026-06-22 10:00:00+05:30,511.55,512.05,510.7,511.0,19634.0
2026-06-22 10:05:00+05:30,510.7,511.9,510.6,511.85,6432.0
2026-06-22 10:10:00+05:30,511.6,511.8,511.05,511.25,4919.0
2026-06-22 10:15:00+05:30,511.25,511.25,510.5,511.0,5126.0
2026-06-22 10:20:00+05:30,511.15,511.45,510.4,511.45,8155.0
2026-06-22 10:25:00+05:30,511.25,511.6,510.7,510.9,5191.0
2026-06-22 10:30:00+05:30,510.9,511.65,510.5,510.7,8458.0
2026-06-22 10:35:00+05:30,510.8,511.65,510.45,511.0,4333.0
2026-06-22 10:40:00+05:30,511.15,514.95,509.85,514.8,37740.0
2026-06-22 10:45:00+05:30,514.8,514.95,513.3,513.55,7076.0
2026-06-22 10:50:00+05:30,513.85,514.15,513.1,513.45,8325.0
2026-06-22 10:55:00+05:30,513.35,513.8,512.05,512.5,10813.0
2026-06-22 11:00:00+05:30,512.2,512.45,511.2,511.9,9199.0
2026-06-22 11:05:00+05:30,511.8,511.8,509.8,510.2,58562.0
2026-06-22 11:10:00+05:30,510.5,510.55,507.5,507.75,77567.0
2026-06-22 11:15:00+05:30,507.9,508.45,507.6,508.4,10250.0
2026-06-22 11:20:00+05:30,508.3,508.85,508.0,508.75,6721.0
2026-06-22 11:25:00+05:30,508.6,508.8,507.85,508.6,10101.0
2026-06-22 11:30:00+05:30,508.25,508.25,504.9,505.1,20401.0
2026-06-22 11:35:00+05:30,505.05,505.5,504.75,504.75,7725.0
2026-06-22 11:40:00+05:30,504.75,504.75,502.3,503.4,20404.0
2026-06-22 11:45:00+05:30,503.4,504.05,503.15,503.75,18511.0
2026-06-22 11:50:00+05:30,503.75,505.4,503.75,505.2,20227.0
2026-06-22 11:55:00+05:30,505.0,505.25,504.5,504.5,7207.0
2026-06-22 12:00:00+05:30,504.5,504.55,503.0,503.3,11792.0
2026-06-22 12:05:00+05:30,503.05,503.5,503.0,503.25,7304.0
2026-06-22 12:10:00+05:30,503.25,503.5,503.0,503.4,7266.0
2026-06-22 12:15:00+05:30,503.35,503.5,503.0,503.2,6719.0
2026-06-22 12:20:00+05:30,503.15,503.75,502.5,502.85,14809.0
2026-06-22 12:25:00+05:30,502.85,503.1,502.0,502.1,11575.0
2026-06-22 12:30:00+05:30,502.15,502.5,501.15,502.0,24587.0
2026-06-22 12:35:00+05:30,501.95,501.95,500.9,501.75,22250.0
2026-06-22 12:40:00+05:30,501.7,502.0,501.0,501.5,6332.0
2026-06-22 12:45:00+05:30,501.5,501.8,501.3,501.55,5237.0
2026-06-22 12:50:00+05:30,501.55,502.1,501.05,501.05,10487.0
2026-06-22 12:55:00+05:30,501.05,502.15,501.0,501.3,6092.0
2026-06-22 13:00:00+05:30,501.3,501.95,501.1,501.55,11008.0
2026-06-22 13:05:00+05:30,501.5,501.75,499.7,500.0,31347.0
2026-06-22 13:10:00+05:30,500.0,500.75,499.25,500.55,10503.0
2026-06-22 13:15:00+05:30,500.5,500.7,500.05,500.05,7124.0
2026-06-22 13:20:00+05:30,500.5,500.5,499.5,500.2,13042.0
2026-06-22 13:25:00+05:30,500.0,500.5,497.6,498.8,21262.0
2026-06-22 13:30:00+05:30,498.75,502.5,498.55,502.1,32011.0
2026-06-22 13:35:00+05:30,501.8,502.1,501.15,501.55,7176.0
2026-06-22 13:40:00+05:30,501.5,501.7,500.55,501.45,9153.0
2026-06-22 13:45:00+05:30,501.05,501.35,500.75,501.2,10256.0
2026-06-22 13:50:00+05:30,501.25,502.2,500.75,501.8,12101.0
2026-06-22 13:55:00+05:30,501.8,502.2,501.5,502.0,7336.0
2026-06-22 14:00:00+05:30,502.0,505.05,502.0,503.95,69683.0
2026-06-22 14:05:00+05:30,503.9,505.2,503.8,504.25,22631.0
2026-06-22 14:10:00+05:30,504.25,504.8,504.0,504.4,6914.0
2026-06-22 14:15:00+05:30,504.3,505.4,504.25,504.5,16833.0
2026-06-22 14:20:00+05:30,504.5,504.85,503.0,504.45,74619.0
2026-06-22 14:25:00+05:30,504.65,506.0,504.0,504.05,22087.0
2026-06-22 14:30:00+05:30,504.05,504.5,503.8,503.8,11353.0
2026-06-22 14:35:00+05:30,504.0,504.6,504.0,504.25,8967.0
2026-06-22 14:40:00+05:30,504.4,504.65,503.0,503.25,29011.0
2026-06-22 14:45:00+05:30,503.1,503.2,501.9,501.9,19200.0
2026-06-22 14:50:00+05:30,501.75,502.3,501.1,502.05,13809.0
2026-06-22 14:55:00+05:30,501.9,502.7,501.3,502.4,11411.0
2026-06-22 15:00:00+05:30,502.55,502.55,501.45,502.2,12210.0
2026-06-22 15:05:00+05:30,502.05,504.95,502.0,504.35,27049.0
2026-06-22 15:10:00+05:30,504.35,504.5,503.95,504.5,37136.0
2026-06-22 15:15:00+05:30,504.5,504.5,502.1,503.9,46351.0
2026-06-22 15:20:00+05:30,504.05,504.2,502.2,502.95,35559.0
2026-06-22 15:25:00+05:30,503.0,504.2,502.0,503.0,39016.0
2026-06-23 09:15:00+05:30,505.3,507.55,498.8,500.3,22122.0
2026-06-23 09:20:00+05:30,499.95,501.5,498.75,498.85,14668.0
2026-06-23 09:25:00+05:30,499.4,499.5,498.85,499.35,5580.0
2026-06-23 09:30:00+05:30,499.65,500.25,499.1,499.15,4313.0
2026-06-23 09:35:00+05:30,499.65,499.75,498.0,498.25,13899.0
2026-06-23 09:40:00+05:30,498.55,498.9,496.5,497.5,13445.0
2026-06-23 09:45:00+05:30,497.1,499.35,496.8,497.75,10516.0
2026-06-23 09:50:00+05:30,498.0,498.0,496.8,496.9,5997.0
2026-06-23 09:55:00+05:30,496.9,497.9,496.65,497.9,5372.0
2026-06-23 10:00:00+05:30,497.4,498.0,497.25,497.75,1326.0
2026-06-23 10:05:00+05:30,497.75,497.95,497.4,497.5,2752.0
2026-06-23 10:10:00+05:30,497.75,498.0,496.8,497.15,4633.0
2026-06-23 10:15:00+05:30,497.15,497.5,497.0,497.3,5206.0
2026-06-23 10:20:00+05:30,497.0,497.5,496.1,496.35,3822.0
2026-06-23 10:25:00+05:30,496.7,497.2,496.15,496.15,1643.0
2026-06-23 10:30:00+05:30,496.1,499.4,494.7,498.2,14602.0
2026-06-23 10:35:00+05:30,498.2,498.7,497.4,498.3,5853.0
2026-06-23 10:40:00+05:30,497.8,498.3,496.75,497.2,3610.0
2026-06-23 10:45:00+05:30,498.15,498.2,496.65,497.5,5307.0
2026-06-23 10:50:00+05:30,497.5,498.0,496.55,497.7,2848.0
2026-06-23 10:55:00+05:30,497.25,497.9,497.0,497.55,1897.0
2026-06-23 11:00:00+05:30,497.5,498.7,497.1,498.2,8831.0
2026-06-23 11:05:00+05:30,498.15,498.55,497.4,497.75,3344.0
2026-06-23 11:10:00+05:30,497.5,498.5,497.2,498.0,4262.0
2026-06-23 11:15:00+05:30,498.0,498.0,497.15,497.4,848.0
2026-06-23 11:20:00+05:30,497.2,497.75,497.15,497.75,815.0
2026-06-23 11:25:00+05:30,497.75,497.75,496.55,496.8,2668.0
2026-06-23 11:30:00+05:30,496.85,496.9,496.5,496.85,825.0
2026-06-23 11:35:00+05:30,496.7,496.85,496.0,496.4,1759.0
2026-06-23 11:40:00+05:30,496.4,496.4,495.6,495.6,682.0
2026-06-23 11:45:00+05:30,495.3,496.45,495.0,496.4,6935.0
2026-06-23 11:50:00+05:30,496.0,496.7,496.0,496.5,1667.0
2026-06-23 11:55:00+05:30,494.9,495.65,494.85,495.0,28136.0
2026-06-23 12:00:00+05:30,495.0,495.0,494.0,494.95,3843.0
2026-06-23 12:05:00+05:30,494.65,495.0,493.0,493.8,22721.0
2026-06-23 12:10:00+05:30,493.8,493.85,489.55,490.15,83804.0
2026-06-23 12:15:00+05:30,490.15,491.0,489.6,490.8,5569.0
2026-06-23 12:20:00+05:30,490.8,493.4,490.15,493.4,33326.0
2026-06-23 12:25:00+05:30,493.35,495.5,491.8,492.3,36985.0
2026-06-23 12:30:00+05:30,492.0,492.6,491.15,492.3,8150.0
2026-06-23 12:35:00+05:30,492.3,493.2,491.3,492.4,74703.0
2026-06-23 12:40:00+05:30,492.15,492.85,491.65,492.8,7714.0
2026-06-23 12:45:00+05:30,492.55,493.35,492.0,492.25,4767.0
2026-06-23 12:50:00+05:30,492.6,492.65,491.45,491.9,2084.0
2026-06-23 12:55:00+05:30,491.55,492.25,491.5,491.75,3613.0
2026-06-23 13:00:00+05:30,491.5,492.3,491.0,492.3,10240.0
2026-06-23 13:05:00+05:30,492.3,492.55,491.15,491.55,3845.0
2026-06-23 13:10:00+05:30,491.3,492.55,490.35,491.95,20154.0
2026-06-23 13:15:00+05:30,492.2,492.7,491.65,491.85,3111.0
2026-06-23 13:20:00+05:30,491.85,492.45,491.45,492.45,3746.0
2026-06-23 13:25:00+05:30,492.5,492.5,491.25,491.4,3855.0
2026-06-23 13:30:00+05:30,491.4,492.25,490.85,491.7,11967.0
2026-06-23 13:35:00+05:30,491.55,492.25,490.85,491.2,9418.0
2026-06-23 13:40:00+05:30,491.55,491.95,491.1,491.65,3502.0
2026-06-23 13:45:00+05:30,491.65,492.0,491.05,491.85,3057.0
2026-06-23 13:50:00+05:30,491.85,493.0,489.05,492.75,22707.0
2026-06-23 13:55:00+05:30,492.45,492.9,492.15,492.5,6321.0
2026-06-23 14:00:00+05:30,492.45,494.05,492.15,493.8,7373.0
2026-06-23 14:05:00+05:30,494.05,495.5,493.65,495.2,13428.0
2026-06-23 14:10:00+05:30,495.2,495.25,494.75,495.0,3238.0
2026-06-23 14:15:00+05:30,495.0,495.7,494.6,494.85,5083.0
2026-06-23 14:20:00+05:30,494.65,495.4,494.55,494.95,502.0
2026-06-23 14:25:00+05:30,495.0,495.6,494.9,495.35,1696.0
2026-06-23 14:30:00+05:30,495.35,495.35,494.1,494.85,3650.0
2026-06-23 14:35:00+05:30,494.55,495.55,493.35,494.7,8272.0
2026-06-23 14:40:00+05:30,494.75,496.4,494.4,496.4,13044.0
2026-06-23 14:45:00+05:30,496.4,496.5,495.65,496.35,5432.0
2026-06-23 14:50:00+05:30,496.35,497.0,495.3,495.55,6188.0
2026-06-23 14:55:00+05:30,495.55,496.35,495.3,496.1,7234.0
2026-06-23 15:00:00+05:30,496.0,498.65,495.2,496.4,27566.0
2026-06-23 15:05:00+05:30,496.35,497.65,496.2,496.9,15067.0
2026-06-23 15:10:00+05:30,497.15,497.25,495.65,496.2,12957.0
2026-06-23 15:15:00+05:30,496.1,497.15,495.3,495.95,21568.0
2026-06-23 15:20:00+05:30,495.5,496.0,494.0,494.9,22399.0
2026-06-23 15:25:00+05:30,495.0,497.0,493.45,493.45,35417.0
2026-06-24 09:15:00+05:30,493.55,495.6,492.55,492.7,7365.0
2026-06-24 09:20:00+05:30,492.35,494.1,492.35,493.8,4480.0
2026-06-24 09:25:00+05:30,493.3,493.55,491.8,491.8,4655.0
2026-06-24 09:30:00+05:30,491.95,492.65,490.25,492.1,25568.0
2026-06-24 09:35:00+05:30,492.45,492.8,491.3,491.85,3899.0
2026-06-24 09:40:00+05:30,492.0,492.2,491.0,491.0,3249.0
2026-06-24 09:45:00+05:30,491.4,491.4,490.15,490.5,2353.0
2026-06-24 09:50:00+05:30,489.6,490.55,489.45,490.1,13195.0
2026-06-24 09:55:00+05:30,490.15,491.1,490.0,490.0,1404.0
2026-06-24 10:00:00+05:30,490.2,491.75,490.2,491.75,2721.0
2026-06-24 10:05:00+05:30,491.35,492.65,491.35,491.9,2817.0
2026-06-24 10:10:00+05:30,491.95,492.6,491.6,492.2,3078.0
2026-06-24 10:15:00+05:30,493.0,494.3,493.0,493.55,6893.0
2026-06-24 10:20:00+05:30,493.55,493.55,491.4,491.45,25398.0
2026-06-24 10:25:00+05:30,491.4,492.0,489.2,489.3,11224.0
2026-06-24 10:30:00+05:30,489.4,490.0,489.1,489.55,6028.0
2026-06-24 10:35:00+05:30,490.0,490.45,489.55,489.9,4238.0
2026-06-24 10:40:00+05:30,489.75,490.3,489.65,489.95,1849.0
2026-06-24 10:45:00+05:30,490.1,490.85,490.0,490.8,2340.0
2026-06-24 10:50:00+05:30,490.95,490.95,490.4,490.65,350.0
2026-06-24 10:55:00+05:30,490.35,490.65,490.05,490.65,233.0
2026-06-24 11:00:00+05:30,490.6,490.95,490.0,490.45,4275.0
2026-06-24 11:05:00+05:30,490.65,491.0,490.1,490.4,944.0
2026-06-24 11:10:00+05:30,490.6,490.65,490.0,490.0,593.0
2026-06-24 11:15:00+05:30,490.25,490.95,490.0,490.35,1588.0
2026-06-24 11:20:00+05:30,490.75,490.75,490.0,490.45,1929.0
2026-06-24 11:25:00+05:30,490.45,490.45,489.8,490.4,2339.0
2026-06-24 11:30:00+05:30,490.3,490.4,489.0,489.5,3248.0
2026-06-24 11:35:00+05:30,489.55,490.7,489.15,490.6,1914.0
2026-06-24 11:40:00+05:30,490.65,493.0,490.65,491.3,28819.0
2026-06-24 11:45:00+05:30,491.6,492.85,490.25,490.25,15215.0
2026-06-24 11:50:00+05:30,490.25,491.8,490.25,491.3,2884.0
2026-06-24 11:55:00+05:30,491.3,491.95,491.3,491.4,4585.0
2026-06-24 12:00:00+05:30,491.3,491.7,490.7,491.0,3061.0
2026-06-24 12:05:00+05:30,490.75,490.75,489.45,489.9,1840.0
2026-06-24 12:10:00+05:30,489.6,491.6,489.35,490.3,20673.0
2026-06-24 12:15:00+05:30,490.6,490.6,490.0,490.0,787.0
2026-06-24 12:20:00+05:30,490.3,490.6,489.85,489.85,1455.0
2026-06-24 12:25:00+05:30,490.1,490.5,489.6,490.25,2657.0
2026-06-24 12:30:00+05:30,490.5,492.2,489.95,492.15,17515.0
2026-06-24 12:35:00+05:30,491.75,492.65,491.0,492.45,16869.0
2026-06-24 12:40:00+05:30,492.3,492.95,491.8,492.5,5701.0
2026-06-24 12:45:00+05:30,492.65,493.2,491.0,491.25,14846.0
2026-06-24 12:50:00+05:30,491.0,491.7,490.95,491.7,84377.0
2026-06-24 12:55:00+05:30,491.8,491.8,489.6,489.6,5419.0
2026-06-24 13:00:00+05:30,489.6,490.35,489.6,489.9,2683.0
2026-06-24 13:05:00+05:30,489.9,490.0,489.55,490.0,2815.0
2026-06-24 13:10:00+05:30,490.0,490.65,490.0,490.55,1597.0
2026-06-24 13:15:00+05:30,490.6,491.0,490.4,490.95,1301.0
2026-06-24 13:20:00+05:30,490.95,491.0,489.7,489.95,26030.0
2026-06-24 13:25:00+05:30,490.15,490.15,489.2,489.6,5203.0
2026-06-24 13:30:00+05:30,489.5,489.95,489.5,489.65,1055.0
2026-06-24 13:35:00+05:30,489.65,490.1,489.4,489.95,20374.0
2026-06-24 13:40:00+05:30,489.95,490.0,489.2,489.55,4839.0
2026-06-24 13:45:00+05:30,489.3,489.75,489.3,489.3,4143.0
2026-06-24 13:50:00+05:30,489.2,490.25,488.8,489.6,69129.0
2026-06-24 13:55:00+05:30,489.6,489.9,489.45,489.55,575.0
2026-06-24 14:00:00+05:30,489.55,490.0,489.55,489.75,2117.0
2026-06-24 14:05:00+05:30,489.75,490.55,489.75,490.0,4269.0
2026-06-24 14:10:00+05:30,490.05,490.8,489.95,490.35,4233.0
2026-06-24 14:15:00+05:30,490.35,491.0,490.05,490.5,5170.0
2026-06-24 14:20:00+05:30,490.5,491.0,490.1,490.5,6704.0
2026-06-24 14:25:00+05:30,490.5,491.0,490.5,490.95,4992.0
2026-06-24 14:30:00+05:30,490.75,491.0,490.2,490.2,4289.0
2026-06-24 14:35:00+05:30,490.1,490.7,489.35,490.3,9911.0
2026-06-24 14:40:00+05:30,490.55,490.8,490.3,490.75,2922.0
2026-06-24 14:45:00+05:30,490.8,490.9,489.8,489.9,10359.0
2026-06-24 14:50:00+05:30,490.2,490.45,489.95,490.0,2663.0
2026-06-24 14:55:00+05:30,490.1,490.6,490.0,490.1,9174.0
2026-06-24 15:00:00+05:30,490.5,491.45,490.0,490.8,10343.0
2026-06-24 15:05:00+05:30,490.8,491.0,490.4,490.95,8224.0
2026-06-24 15:10:00+05:30,491.2,494.55,490.95,494.4,85375.0
2026-06-24 15:15:00+05:30,494.4,495.0,494.25,494.75,22070.0
2026-06-24 15:20:00+05:30,494.85,498.8,494.65,497.75,33934.0
2026-06-24 15:25:00+05:30,497.95,500.4,497.15,499.35,27286.0
2026-06-25 09:15:00+05:30,498.9,503.4,497.8,502.7,38138.0
2026-06-25 09:20:00+05:30,502.7,506.0,501.55,504.0,46432.0
2026-06-25 09:25:00+05:30,504.0,506.65,503.3,504.0,52529.0
2026-06-25 09:30:00+05:30,503.6,504.3,501.0,502.0,24664.0
2026-06-25 09:35:00+05:30,501.6,502.2,500.2,501.05,7446.0
2026-06-25 09:40:00+05:30,500.35,503.75,498.8,503.75,31775.0
2026-06-25 09:45:00+05:30,502.85,503.1,502.1,502.95,6454.0
2026-06-25 09:50:00+05:30,502.5,502.9,500.9,501.55,5145.0
2026-06-25 09:55:00+05:30,501.2,501.2,500.15,500.4,2966.0
2026-06-25 10:00:00+05:30,500.95,500.95,498.1,498.8,9495.0
2026-06-25 10:05:00+05:30,498.1,498.35,497.2,497.75,13942.0
2026-06-25 10:10:00+05:30,497.95,498.0,495.3,496.2,9769.0
2026-06-25 10:15:00+05:30,495.6,495.95,495.25,495.6,4943.0
2026-06-25 10:20:00+05:30,495.55,496.15,495.25,495.35,3590.0
2026-06-25 10:25:00+05:30,495.85,496.25,495.5,496.0,3926.0
2026-06-25 10:30:00+05:30,496.2,497.65,496.0,497.15,5627.0
2026-06-25 10:35:00+05:30,497.0,498.55,496.85,497.5,7794.0
2026-06-25 10:40:00+05:30,497.2,497.85,497.15,497.15,2480.0
2026-06-25 10:45:00+05:30,496.9,496.9,496.35,496.85,1549.0
2026-06-25 10:50:00+05:30,496.6,496.6,496.2,496.35,2705.0
2026-06-25 10:55:00+05:30,496.75,497.0,496.3,496.45,4187.0
2026-06-25 11:00:00+05:30,496.75,496.9,496.5,496.6,962.0
2026-06-25 11:05:00+05:30,496.5,496.75,495.65,496.25,3505.0
2026-06-25 11:10:00+05:30,496.2,496.55,495.85,496.55,200.0
2026-06-25 11:15:00+05:30,496.55,497.35,496.25,496.65,1249.0
2026-06-25 11:20:00+05:30,496.3,496.6,495.6,495.95,3944.0
2026-06-25 11:25:00+05:30,495.65,495.75,495.0,495.05,2555.0
2026-06-25 11:30:00+05:30,495.4,495.45,494.5,495.3,11358.0
2026-06-25 11:35:00+05:30,495.45,495.45,494.6,495.25,714.0
2026-06-25 11:40:00+05:30,495.3,495.45,495.0,495.05,592.0
2026-06-25 11:45:00+05:30,495.05,495.55,494.8,495.55,1788.0
2026-06-25 11:50:00+05:30,495.4,496.0,494.5,496.0,4899.0
2026-06-25 11:55:00+05:30,496.3,499.0,496.3,499.0,6387.0
2026-06-25 12:00:00+05:30,499.15,499.15,496.55,497.7,4123.0
2026-06-25 12:05:00+05:30,497.7,498.0,496.85,496.95,2584.0
2026-06-25 12:10:00+05:30,496.9,497.35,496.9,497.3,264.0
2026-06-25 12:15:00+05:30,497.5,497.5,496.95,497.35,1392.0
2026-06-25 12:20:00+05:30,496.85,497.2,496.35,496.5,2942.0
2026-06-25 12:25:00+05:30,496.35,497.0,496.2,496.85,4552.0
2026-06-25 12:30:00+05:30,497.25,497.25,496.05,496.5,2374.0
2026-06-25 12:35:00+05:30,496.25,497.2,496.0,497.15,4273.0
2026-06-25 12:40:00+05:30,496.5,497.1,493.25,493.75,11301.0
2026-06-25 12:45:00+05:30,493.4,494.55,492.65,494.5,27018.0
2026-06-25 12:50:00+05:30,494.75,496.3,494.6,495.9,1733.0
2026-06-25 12:55:00+05:30,495.9,496.25,495.7,495.7,313.0
2026-06-25 13:00:00+05:30,495.55,496.3,494.85,496.1,2155.0
2026-06-25 13:05:00+05:30,496.1,496.15,495.7,495.7,491.0
2026-06-25 13:10:00+05:30,496.0,496.0,495.55,495.55,191.0
2026-06-25 13:15:00+05:30,495.35,496.0,494.4,496.0,2757.0
2026-06-25 13:20:00+05:30,495.75,496.3,495.55,496.0,3680.0
2026-06-25 13:25:00+05:30,496.0,496.25,495.7,495.9,1405.0
2026-06-25 13:30:00+05:30,496.1,496.3,495.55,496.05,408.0
2026-06-25 13:35:00+05:30,496.0,496.2,495.1,495.1,2011.0
2026-06-25 13:40:00+05:30,495.25,496.3,495.25,496.25,2547.0
2026-06-25 13:45:00+05:30,496.05,496.55,495.9,495.95,702.0
2026-06-25 13:50:00+05:30,496.05,496.65,495.6,496.2,2428.0
2026-06-25 13:55:00+05:30,496.85,497.1,495.95,495.95,6574.0
2026-06-25 14:00:00+05:30,496.4,496.7,495.75,496.2,1643.0
2026-06-25 14:05:00+05:30,496.35,496.35,495.65,495.8,1031.0
2026-06-25 14:10:00+05:30,495.85,495.9,494.2,494.75,4609.0
2026-06-25 14:15:00+05:30,494.35,495.05,494.0,494.7,2799.0
2026-06-25 14:20:00+05:30,494.7,494.8,494.2,494.35,5733.0
2026-06-25 14:25:00+05:30,494.35,495.25,494.35,495.25,1172.0
2026-06-25 14:30:00+05:30,495.45,495.65,494.8,494.8,1021.0
2026-06-25 14:35:00+05:30,495.0,495.05,494.55,494.65,800.0
2026-06-25 14:40:00+05:30,495.0,495.6,494.55,495.0,2890.0
2026-06-25 14:45:00+05:30,494.95,495.55,494.55,495.0,3735.0
2026-06-25 14:50:00+05:30,495.05,495.5,494.25,494.25,6642.0
2026-06-25 14:55:00+05:30,494.6,497.9,494.2,497.8,12400.0
2026-06-25 15:00:00+05:30,497.7,499.5,497.7,499.25,11444.0
2026-06-25 15:05:00+05:30,499.3,499.9,498.1,499.2,6994.0
2026-06-25 15:10:00+05:30,499.25,499.35,497.55,498.35,10499.0
2026-06-25 15:15:00+05:30,498.4,498.85,496.85,497.3,10082.0
2026-06-25 15:20:00+05:30,497.3,497.4,494.65,494.65,21764.0
2026-06-25 15:25:00+05:30,494.5,500.0,493.8,496.0,18872.0
2026-06-29 09:15:00+05:30,497.65,498.0,491.0,493.8,14289.0
2026-06-29 09:20:00+05:30,493.8,494.7,492.2,492.2,7146.0
2026-06-29 09:25:00+05:30,492.15,495.35,491.65,494.4,8119.0
2026-06-29 09:30:00+05:30,494.1,494.1,489.25,490.6,28536.0
2026-06-29 09:35:00+05:30,490.2,490.3,488.15,489.0,17185.0
2026-06-29 09:40:00+05:30,489.05,493.35,486.0,486.65,28933.0
2026-06-29 09:45:00+05:30,486.45,488.75,486.1,486.1,7916.0
2026-06-29 09:50:00+05:30,486.65,487.5,486.0,486.55,19057.0
2026-06-29 09:55:00+05:30,486.5,486.55,484.4,484.8,16958.0
2026-06-29 10:00:00+05:30,485.15,486.0,484.85,485.45,4732.0
2026-06-29 10:05:00+05:30,485.6,489.85,485.25,488.6,14529.0
2026-06-29 10:10:00+05:30,488.65,488.8,487.85,488.4,1588.0
2026-06-29 10:15:00+05:30,488.3,488.7,487.75,487.85,7069.0
2026-06-29 10:20:00+05:30,487.75,488.0,487.25,487.4,1046.0
2026-06-29 10:25:00+05:30,487.55,488.25,487.55,487.8,606.0
2026-06-29 10:30:00+05:30,487.75,488.4,485.3,485.85,5249.0
2026-06-29 10:35:00+05:30,485.85,487.0,485.45,486.4,2916.0
2026-06-29 10:40:00+05:30,486.45,486.85,486.05,486.6,1805.0
2026-06-29 10:45:00+05:30,486.5,486.55,486.05,486.5,1963.0
2026-06-29 10:50:00+05:30,486.5,486.5,485.1,485.8,5892.0
2026-06-29 10:55:00+05:30,485.8,486.0,485.55,485.9,959.0
2026-06-29 11:00:00+05:30,485.95,486.25,485.5,485.8,3781.0
2026-06-29 11:05:00+05:30,485.45,485.8,485.3,485.65,1310.0
2026-06-29 11:10:00+05:30,485.6,485.85,485.05,485.85,1405.0
2026-06-29 11:15:00+05:30,485.9,486.3,485.25,486.0,5064.0
2026-06-29 11:20:00+05:30,486.35,486.35,483.25,483.65,12011.0
2026-06-29 11:25:00+05:30,483.6,484.65,483.25,484.0,2179.0
2026-06-29 11:30:00+05:30,484.3,484.65,483.6,483.75,5053.0
2026-06-29 11:35:00+05:30,484.2,484.55,484.05,484.1,975.0
2026-06-29 11:40:00+05:30,484.45,486.5,481.05,486.1,523252.0
2026-06-29 11:45:00+05:30,485.9,489.1,485.8,488.6,31547.0
2026-06-29 11:50:00+05:30,488.45,489.4,488.2,488.7,12933.0
2026-06-29 11:55:00+05:30,488.7,489.6,488.4,489.4,6421.0
2026-06-29 12:00:00+05:30,489.1,489.1,487.1,487.1,6992.0
2026-06-29 12:05:00+05:30,487.1,488.0,486.7,486.75,2218.0
2026-06-29 12:10:00+05:30,486.75,487.2,486.05,486.9,6419.0
2026-06-29 12:15:00+05:30,486.8,487.05,486.25,486.6,3591.0
2026-06-29 12:20:00+05:30,486.9,487.25,486.6,486.85,3682.0
2026-06-29 12:25:00+05:30,486.8,487.7,486.75,487.3,2553.0
2026-06-29 12:30:00+05:30,487.05,487.4,486.35,486.8,1260.0
2026-06-29 12:35:00+05:30,486.8,487.25,486.4,486.4,1330.0
2026-06-29 12:40:00+05:30,486.75,487.4,486.4,487.3,1766.0
2026-06-29 12:45:00+05:30,487.3,488.1,487.1,487.6,4410.0
2026-06-29 12:50:00+05:30,487.95,488.25,487.1,487.85,1697.0
2026-06-29 12:55:00+05:30,487.95,488.5,487.95,488.4,1380.0
2026-06-29 13:00:00+05:30,488.35,488.85,488.2,488.85,1099.0
2026-06-29 13:05:00+05:30,488.5,489.1,488.1,488.7,2517.0
2026-06-29 13:10:00+05:30,488.7,489.05,487.85,488.55,3314.0
2026-06-29 13:15:00+05:30,488.55,488.85,487.7,488.15,2707.0
2026-06-29 13:20:00+05:30,488.15,488.55,487.3,488.55,3361.0
2026-06-29 13:25:00+05:30,488.65,489.0,488.3,488.75,1140.0
2026-06-29 13:30:00+05:30,488.95,489.4,488.25,488.6,2241.0
2026-06-29 13:35:00+05:30,488.95,489.3,488.55,489.3,1275.0
2026-06-29 13:40:00+05:30,488.9,489.05,486.9,487.2,3209.0
2026-06-29 13:45:00+05:30,487.15,487.45,486.65,487.15,1827.0
2026-06-29 13:50:00+05:30,487.15,487.8,486.45,487.8,2135.0
2026-06-29 13:55:00+05:30,488.2,488.2,487.5,487.85,1901.0
2026-06-29 14:00:00+05:30,487.85,488.65,487.65,488.05,824.0
2026-06-29 14:05:00+05:30,488.05,488.6,487.95,488.2,1149.0
2026-06-29 14:10:00+05:30,488.55,488.6,487.1,488.0,7314.0
2026-06-29 14:15:00+05:30,488.0,488.8,487.95,488.7,1608.0
2026-06-29 14:20:00+05:30,488.45,489.0,488.2,488.5,2674.0
2026-06-29 14:25:00+05:30,488.55,490.55,487.15,487.35,107924.0
2026-06-29 14:30:00+05:30,487.25,488.25,487.2,487.75,3609.0
2026-06-29 14:35:00+05:30,488.2,488.5,487.8,488.0,3663.0
2026-06-29 14:40:00+05:30,488.2,488.4,488.0,488.2,1496.0
2026-06-29 14:45:00+05:30,488.4,488.65,487.85,488.55,2780.0
2026-06-29 14:50:00+05:30,488.15,488.4,486.6,488.05,4515.0
2026-06-29 14:55:00+05:30,487.8,488.1,486.7,487.35,4191.0
2026-06-29 15:00:00+05:30,487.55,488.9,487.3,487.85,11986.0
2026-06-29 15:05:00+05:30,488.0,488.85,487.45,487.45,12574.0
2026-06-29 15:10:00+05:30,487.4,488.1,486.6,486.85,21685.0
2026-06-29 15:15:00+05:30,486.9,488.05,486.65,486.75,17745.0
2026-06-29 15:20:00+05:30,486.8,487.05,485.65,486.1,19400.0
2026-06-29 15:25:00+05:30,486.2,487.55,485.1,485.1,16518.0
2026-06-30 09:15:00+05:30,487.3,488.75,485.2,488.25,17218.0
2026-06-30 09:20:00+05:30,487.85,490.0,487.15,487.15,12637.0
2026-06-30 09:25:00+05:30,487.25,488.85,487.25,487.85,5345.0
2026-06-30 09:30:00+05:30,488.2,488.2,487.0,487.15,1573.0
2026-06-30 09:35:00+05:30,487.35,488.65,486.75,487.9,6029.0
2026-06-30 09:40:00+05:30,487.9,488.55,487.2,487.65,1937.0
2026-06-30 09:45:00+05:30,487.55,488.0,486.4,486.7,1577.0
2026-06-30 09:50:00+05:30,486.35,488.15,486.35,487.6,4503.0
2026-06-30 09:55:00+05:30,487.5,488.35,487.35,487.65,754.0
2026-06-30 10:00:00+05:30,487.8,488.9,487.55,488.5,1407.0
2026-06-30 10:05:00+05:30,488.2,488.2,487.45,487.45,504.0
2026-06-30 10:10:00+05:30,487.45,488.25,487.4,487.7,517.0
2026-06-30 10:15:00+05:30,487.7,488.4,487.5,487.5,893.0
2026-06-30 10:20:00+05:30,487.7,487.7,487.05,487.7,2243.0
2026-06-30 10:25:00+05:30,487.7,488.7,487.55,488.7,511.0
2026-06-30 10:30:00+05:30,488.35,488.75,488.15,488.25,1747.0
2026-06-30 10:35:00+05:30,488.7,488.7,487.25,487.25,2114.0
2026-06-30 10:40:00+05:30,487.35,487.65,487.25,487.3,698.0
2026-06-30 10:45:00+05:30,487.3,487.95,487.25,487.3,1062.0
2026-06-30 10:50:00+05:30,487.55,487.8,487.4,487.65,263.0
2026-06-30 10:55:00+05:30,487.4,489.0,487.4,488.6,1085.0
2026-06-30 11:00:00+05:30,488.85,496.85,488.35,494.8,86663.0
2026-06-30 11:05:00+05:30,494.8,495.3,494.05,494.25,9337.0
2026-06-30 11:10:00+05:30,494.55,494.85,494.1,494.7,4834.0
2026-06-30 11:15:00+05:30,494.45,496.15,494.35,495.95,6153.0
2026-06-30 11:20:00+05:30,496.15,499.9,496.15,499.5,15879.0
2026-06-30 11:25:00+05:30,499.5,499.7,497.6,499.6,17387.0
2026-06-30 11:30:00+05:30,499.9,507.2,499.6,506.0,62023.0
2026-06-30 11:35:00+05:30,505.9,509.7,503.45,503.95,103647.0
2026-06-30 11:40:00+05:30,504.0,506.35,503.65,505.4,43051.0
2026-06-30 11:45:00+05:30,505.4,506.7,503.8,504.05,30883.0
2026-06-30 11:50:00+05:30,504.4,504.75,502.2,503.0,20977.0
2026-06-30 11:55:00+05:30,503.0,505.95,502.4,505.1,18500.0
2026-06-30 12:00:00+05:30,505.1,505.5,504.0,505.15,7862.0
2026-06-30 12:05:00+05:30,505.2,505.25,503.7,504.5,7476.0
2026-06-30 12:10:00+05:30,504.5,506.65,504.0,505.8,11438.0
2026-06-30 12:15:00+05:30,506.75,507.6,505.05,506.05,23252.0
2026-06-30 12:20:00+05:30,506.05,508.75,506.0,508.4,23162.0
2026-06-30 12:25:00+05:30,508.4,509.95,507.5,508.25,38906.0
2026-06-30 12:30:00+05:30,508.0,508.4,507.4,508.4,8656.0
2026-06-30 12:35:00+05:30,508.4,512.5,507.9,509.3,65497.0
2026-06-30 12:40:00+05:30,509.8,511.1,509.15,510.0,37450.0
2026-06-30 12:45:00+05:30,510.15,510.9,508.25,510.2,39972.0
2026-06-30 12:50:00+05:30,510.2,510.35,508.85,509.5,10054.0
2026-06-30 12:55:00+05:30,509.45,509.45,506.7,507.65,20010.0
2026-06-30 13:00:00+05:30,507.5,508.55,507.5,507.5,7951.0
2026-06-30 13:05:00+05:30,507.6,507.9,507.15,507.3,9515.0
2026-06-30 13:10:00+05:30,507.3,507.75,507.0,507.4,2907.0
2026-06-30 13:15:00+05:30,507.65,507.7,506.0,506.0,12748.0
2026-06-30 13:20:00+05:30,505.9,506.7,505.9,506.15,2859.0
2026-06-30 13:25:00+05:30,506.1,506.85,506.1,506.6,2726.0
2026-06-30 13:30:00+05:30,506.5,506.5,503.35,503.55,25607.0
2026-06-30 13:35:00+05:30,503.55,504.0,503.1,504.0,20306.0
2026-06-30 13:40:00+05:30,504.0,505.35,504.0,504.7,2763.0
2026-06-30 13:45:00+05:30,504.7,504.9,504.1,504.5,1933.0
2026-06-30 13:50:00+05:30,504.55,504.6,502.8,503.3,8091.0
2026-06-30 13:55:00+05:30,503.3,503.45,502.55,502.85,5596.0
2026-06-30 14:00:00+05:30,502.9,503.25,500.0,500.05,20875.0
2026-06-30 14:05:00+05:30,500.0,500.95,500.0,500.25,4494.0
2026-06-30 14:10:00+05:30,500.25,500.9,500.0,500.2,6193.0
2026-06-30 14:15:00+05:30,500.0,500.45,499.1,499.3,5923.0
2026-06-30 14:20:00+05:30,499.45,500.9,499.1,500.5,6258.0
2026-06-30 14:25:00+05:30,500.5,501.55,500.4,501.0,6324.0
2026-06-30 14:30:00+05:30,501.2,501.7,500.6,501.5,7670.0
2026-06-30 14:35:00+05:30,501.5,501.85,500.8,501.1,6737.0
2026-06-30 14:40:00+05:30,501.15,504.15,501.0,502.1,41798.0
2026-06-30 14:45:00+05:30,501.9,505.5,501.9,505.05,12715.0
2026-06-30 14:50:00+05:30,505.25,505.25,504.15,504.6,10779.0
2026-06-30 14:55:00+05:30,504.85,505.0,503.0,503.75,15906.0
2026-06-30 15:00:00+05:30,503.6,504.85,502.2,504.5,18113.0
2026-06-30 15:05:00+05:30,504.15,505.5,503.7,505.25,14892.0
2026-06-30 15:10:00+05:30,505.25,505.7,504.45,505.4,17569.0
2026-06-30 15:15:00+05:30,505.0,506.5,504.45,505.5,44233.0
2026-06-30 15:20:00+05:30,505.5,506.5,505.05,505.8,19984.0
2026-06-30 15:25:00+05:30,505.95,506.0,502.3,502.3,24907.0
2026-07-01 09:15:00+05:30,508.5,524.7,508.0,521.95,183714.0
2026-07-01 09:20:00+05:30,521.2,522.8,518.35,519.25,127939.0
2026-07-01 09:25:00+05:30,518.95,523.85,518.45,522.1,100658.0
2026-07-01 09:30:00+05:30,521.95,525.4,517.7,518.75,118027.0
2026-07-01 09:35:00+05:30,518.8,519.75,516.65,519.15,33947.0
2026-07-01 09:40:00+05:30,518.75,519.0,516.2,517.25,16637.0
2026-07-01 09:45:00+05:30,517.25,517.25,515.6,516.4,11027.0
2026-07-01 09:50:00+05:30,516.55,516.75,514.75,515.45,16381.0
2026-07-01 09:55:00+05:30,515.55,517.15,513.85,514.55,9999.0
2026-07-01 10:00:00+05:30,514.5,515.2,512.65,514.65,26863.0
2026-07-01 10:05:00+05:30,514.6,515.1,514.0,514.4,3945.0
2026-07-01 10:10:00+05:30,514.6,514.6,513.0,513.75,15079.0
2026-07-01 10:15:00+05:30,513.25,515.0,513.1,514.8,9427.0
2026-07-01 10:20:00+05:30,514.95,515.05,514.0,514.95,8131.0
2026-07-01 10:25:00+05:30,514.75,514.95,514.05,514.3,2223.0
2026-07-01 10:30:00+05:30,514.45,515.95,514.4,515.95,9312.0
2026-07-01 10:35:00+05:30,515.95,516.0,514.95,515.6,9642.0
2026-07-01 10:40:00+05:30,515.45,515.6,514.55,515.0,3083.0
2026-07-01 10:45:00+05:30,515.0,515.35,514.5,514.95,1945.0
2026-07-01 10:50:00+05:30,514.55,515.0,514.5,515.0,1931.0
2026-07-01 10:55:00+05:30,515.05,515.2,514.5,514.8,1698.0
2026-07-01 11:00:00+05:30,515.2,515.25,514.05,514.55,3997.0
2026-07-01 11:05:00+05:30,514.4,516.0,514.4,515.05,1900.0
2026-07-01 11:10:00+05:30,515.05,515.8,514.6,515.0,3119.0
2026-07-01 11:15:00+05:30,515.0,515.5,514.55,514.55,4760.0
2026-07-01 11:20:00+05:30,514.55,515.5,514.3,514.65,6902.0
2026-07-01 11:25:00+05:30,515.0,515.9,515.0,515.7,1533.0
2026-07-01 11:30:00+05:30,515.9,517.0,515.7,515.85,8863.0
2026-07-01 11:35:00+05:30,516.15,516.9,515.75,516.65,5398.0
2026-07-01 11:40:00+05:30,516.95,517.25,516.6,516.6,1182.0
2026-07-01 11:45:00+05:30,516.25,516.95,515.8,516.7,3976.0
2026-07-01 11:50:00+05:30,516.65,517.8,516.3,517.4,2013.0
2026-07-01 11:55:00+05:30,517.85,519.0,517.7,518.4,12085.0
2026-07-01 12:00:00+05:30,518.4,518.85,517.5,517.65,2604.0
2026-07-01 12:05:00+05:30,518.0,518.0,517.2,517.2,1879.0
2026-07-01 12:10:00+05:30,517.5,518.45,517.2,517.6,4090.0
2026-07-01 12:15:00+05:30,517.6,518.2,517.3,517.5,4108.0
2026-07-01 12:20:00+05:30,517.7,518.6,517.4,518.15,4770.0
2026-07-01 12:25:00+05:30,518.05,522.0,518.0,520.75,45812.0
2026-07-01 12:30:00+05:30,520.85,521.0,519.0,519.0,12699.0
2026-07-01 12:35:00+05:30,519.0,519.55,518.1,518.9,4937.0
2026-07-01 12:40:00+05:30,518.8,518.9,517.85,518.0,2937.0
2026-07-01 12:45:00+05:30,518.05,518.9,517.4,517.65,7456.0
2026-07-01 12:50:00+05:30,517.65,518.5,517.2,517.3,1790.0
2026-07-01 12:55:00+05:30,517.75,518.6,517.35,518.35,1055.0
2026-07-01 13:00:00+05:30,518.2,518.2,517.2,517.2,6018.0
2026-07-01 13:05:00+05:30,517.0,517.7,517.0,517.05,1888.0
2026-07-01 13:10:00+05:30,517.05,517.9,517.05,517.7,1564.0
2026-07-01 13:15:00+05:30,517.85,517.85,516.0,517.2,9265.0
2026-07-01 13:20:00+05:30,516.95,517.8,516.95,517.4,859.0
2026-07-01 13:25:00+05:30,517.0,518.9,516.95,517.7,2199.0
2026-07-01 13:30:00+05:30,517.7,519.15,517.05,518.45,12882.0
2026-07-01 13:35:00+05:30,518.55,519.1,518.35,518.55,1986.0
2026-07-01 13:40:00+05:30,518.55,518.55,517.7,517.95,2895.0
2026-07-01 13:45:00+05:30,518.45,518.55,517.75,518.15,3391.0
2026-07-01 13:50:00+05:30,518.3,518.3,517.45,517.75,3907.0
2026-07-01 13:55:00+05:30,517.7,518.1,517.1,517.3,3720.0
2026-07-01 14:00:00+05:30,517.15,518.1,517.1,517.65,2557.0
2026-07-01 14:05:00+05:30,517.8,518.0,517.45,517.45,621.0
2026-07-01 14:10:00+05:30,517.25,517.8,517.1,517.3,1143.0
2026-07-01 14:15:00+05:30,517.7,517.8,517.1,517.45,1331.0
2026-07-01 14:20:00+05:30,518.0,518.0,517.05,517.7,2221.0
2026-07-01 14:25:00+05:30,517.3,517.8,517.3,517.45,408.0
2026-07-01 14:30:00+05:30,517.45,517.45,517.0,517.0,1241.0
2026-07-01 14:35:00+05:30,517.0,517.7,516.95,517.2,4928.0
2026-07-01 14:40:00+05:30,517.2,518.95,516.4,518.1,20313.0
2026-07-01 14:45:00+05:30,518.55,518.55,517.1,517.3,3691.0
2026-07-01 14:50:00+05:30,517.2,518.15,516.8,517.75,5867.0
2026-07-01 14:55:00+05:30,518.0,518.5,517.1,518.5,10820.0
2026-07-01 15:00:00+05:30,518.5,519.4,517.7,518.0,11560.0
2026-07-01 15:05:00+05:30,518.25,518.45,516.95,517.25,9972.0
2026-07-01 15:10:00+05:30,517.4,517.8,516.8,517.15,7364.0
2026-07-01 15:15:00+05:30,517.4,517.95,516.85,517.3,12977.0
2026-07-01 15:20:00+05:30,517.3,517.7,516.9,517.25,16392.0
2026-07-01 15:25:00+05:30,517.25,518.0,515.4,517.1,46606.0
2026-07-02 09:15:00+05:30,520.0,527.95,520.0,522.25,101790.0
2026-07-02 09:20:00+05:30,522.55,523.55,521.6,521.75,18432.0
2026-07-02 09:25:00+05:30,521.45,522.95,521.0,522.5,14226.0
2026-07-02 09:30:00+05:30,522.2,523.0,521.2,521.9,11806.0
2026-07-02 09:35:00+05:30,522.45,526.0,522.0,524.5,58664.0
2026-07-02 09:40:00+05:30,524.7,529.05,524.0,527.35,43116.0
2026-07-02 09:45:00+05:30,527.35,528.3,526.8,526.85,15143.0
2026-07-02 09:50:00+05:30,526.85,527.5,525.95,526.25,7192.0
2026-07-02 09:55:00+05:30,526.75,529.9,524.9,527.8,37101.0
2026-07-02 10:00:00+05:30,527.8,530.95,527.4,528.6,40663.0
2026-07-02 10:05:00+05:30,528.5,536.0,528.2,534.5,109823.0
2026-07-02 10:10:00+05:30,535.4,539.3,534.5,536.3,118657.0
2026-07-02 10:15:00+05:30,536.4,542.0,536.15,539.55,162630.0
2026-07-02 10:20:00+05:30,539.65,543.4,539.35,540.1,117197.0
2026-07-02 10:25:00+05:30,540.1,540.2,538.15,539.0,34127.0
2026-07-02 10:30:00+05:30,539.0,539.0,537.65,538.1,34966.0
2026-07-02 10:35:00+05:30,537.95,541.1,536.65,540.65,70359.0
2026-07-02 10:40:00+05:30,540.4,548.2,540.1,546.05,252022.0
2026-07-02 10:45:00+05:30,546.5,547.05,543.05,543.05,75940.0
2026-07-02 10:50:00+05:30,543.0,545.7,542.1,544.4,71179.0
2026-07-02 10:55:00+05:30,544.0,546.9,543.0,546.55,46920.0
2026-07-02 11:00:00+05:30,546.4,550.0,545.75,548.4,269641.0
2026-07-02 11:05:00+05:30,548.7,549.95,545.7,549.3,96907.0
2026-07-02 11:10:00+05:30,549.3,549.55,546.15,547.5,61078.0
2026-07-02 11:15:00+05:30,546.65,546.95,545.0,545.3,36925.0
2026-07-02 11:20:00+05:30,545.45,545.45,543.9,543.9,45784.0
2026-07-02 11:25:00+05:30,544.35,547.0,543.95,546.5,33314.0
2026-07-02 11:30:00+05:30,546.5,547.95,545.55,545.95,34722.0
2026-07-02 11:35:00+05:30,546.0,546.4,544.9,545.0,17234.0
2026-07-02 11:40:00+05:30,544.8,545.2,542.65,545.2,36638.0
2026-07-02 11:45:00+05:30,545.4,545.4,544.0,544.75,13097.0
2026-07-02 11:50:00+05:30,544.75,546.2,544.0,545.8,11174.0
2026-07-02 11:55:00+05:30,546.0,546.0,545.35,545.35,7311.0
2026-07-02 12:00:00+05:30,545.05,545.5,544.6,544.75,5664.0
2026-07-02 12:05:00+05:30,544.9,544.9,543.25,543.5,17452.0
2026-07-02 12:10:00+05:30,543.45,543.5,542.5,542.75,20529.0
2026-07-02 12:15:00+05:30,542.75,543.25,542.55,542.95,8002.0
2026-07-02 12:20:00+05:30,543.0,543.25,542.6,542.6,7215.0
2026-07-02 12:25:00+05:30,542.75,543.25,542.6,543.05,4011.0
2026-07-02 12:30:00+05:30,543.25,543.25,542.4,543.15,5338.0
2026-07-02 12:35:00+05:30,543.1,543.1,542.5,542.9,8964.0
2026-07-02 12:40:00+05:30,542.9,543.1,542.2,542.75,4689.0
2026-07-02 12:45:00+05:30,542.6,542.7,541.3,541.45,12872.0
2026-07-02 12:50:00+05:30,541.8,542.0,541.1,542.0,6957.0
2026-07-02 12:55:00+05:30,541.65,542.0,541.1,541.25,7794.0
2026-07-02 13:00:00+05:30,541.4,542.3,541.1,542.05,8286.0
2026-07-02 13:05:00+05:30,541.85,542.3,541.25,541.25,4503.0
2026-07-02 13:10:00+05:30,541.25,541.8,541.05,541.7,7094.0
2026-07-02 13:15:00+05:30,541.65,542.45,540.25,540.7,24498.0
2026-07-02 13:20:00+05:30,540.75,541.15,540.2,540.8,9088.0
2026-07-02 13:25:00+05:30,540.8,540.85,540.0,540.5,8839.0
2026-07-02 13:30:00+05:30,540.05,541.8,540.05,541.35,10543.0
2026-07-02 13:35:00+05:30,540.95,541.0,537.2,538.4,29957.0
2026-07-02 13:40:00+05:30,538.15,538.15,537.5,537.9,7565.0
2026-07-02 13:45:00+05:30,537.6,542.7,537.35,541.05,26520.0
2026-07-02 13:50:00+05:30,541.15,541.9,540.2,540.2,9969.0
2026-07-02 13:55:00+05:30,540.4,540.85,540.05,540.4,4785.0
2026-07-02 14:00:00+05:30,540.4,540.85,540.2,540.8,1217.0
2026-07-02 14:05:00+05:30,540.6,541.25,539.95,539.95,6819.0
2026-07-02 14:10:00+05:30,539.95,540.2,537.75,538.65,7985.0
2026-07-02 14:15:00+05:30,538.7,539.45,537.75,538.6,7113.0
2026-07-02 14:20:00+05:30,538.6,539.75,538.45,539.6,5363.0
2026-07-02 14:25:00+05:30,539.6,539.85,539.1,539.8,6113.0
2026-07-02 14:30:00+05:30,539.75,541.4,539.55,540.75,23491.0
2026-07-02 14:35:00+05:30,540.75,540.9,540.0,540.4,7090.0
2026-07-02 14:40:00+05:30,540.4,540.7,539.8,540.4,2309.0
2026-07-02 14:45:00+05:30,540.4,544.9,540.4,544.8,40316.0
2026-07-02 14:50:00+05:30,545.2,547.95,544.85,546.2,57736.0
2026-07-02 14:55:00+05:30,546.15,546.7,545.65,545.9,28946.0
2026-07-02 15:00:00+05:30,545.9,547.0,545.1,546.5,44331.0
2026-07-02 15:05:00+05:30,546.5,547.45,545.3,546.55,24519.0
2026-07-02 15:10:00+05:30,546.55,546.6,540.45,541.15,56379.0
2026-07-02 15:15:00+05:30,541.25,545.6,540.75,545.3,54806.0
2026-07-02 15:20:00+05:30,545.05,545.6,544.05,544.75,24296.0
2026-07-02 15:25:00+05:30,544.75,545.0,537.55,540.6,53483.0
2026-07-03 09:15:00+05:30,547.5,558.95,547.5,557.5,149227.0
2026-07-03 09:20:00+05:30,557.3,558.5,555.55,556.05,50322.0
2026-07-03 09:25:00+05:30,556.0,557.05,555.4,556.25,39186.0
2026-07-03 09:30:00+05:30,555.8,555.8,552.1,552.55,63861.0
2026-07-03 09:35:00+05:30,552.7,555.95,551.3,554.0,29052.0
2026-07-03 09:40:00+05:30,554.15,554.5,552.95,553.45,23644.0
2026-07-03 09:45:00+05:30,553.45,554.0,552.5,553.25,5528.0
2026-07-03 09:50:00+05:30,553.05,553.95,552.55,553.75,7705.0
2026-07-03 09:55:00+05:30,553.7,553.75,549.0,549.25,38398.0
2026-07-03 10:00:00+05:30,548.85,549.45,547.5,547.8,12507.0
2026-07-03 10:05:00+05:30,547.0,548.3,546.65,547.25,15189.0
2026-07-03 10:10:00+05:30,547.0,549.4,547.0,548.45,18123.0
2026-07-03 10:15:00+05:30,548.5,551.7,547.8,550.6,26148.0
2026-07-03 10:20:00+05:30,550.3,551.7,550.15,550.3,4280.0
2026-07-03 10:25:00+05:30,550.45,551.3,548.25,548.45,14330.0
2026-07-03 10:30:00+05:30,548.5,548.5,545.3,545.3,29605.0
2026-07-03 10:35:00+05:30,545.7,545.95,544.1,545.45,19210.0
2026-07-03 10:40:00+05:30,545.45,545.45,543.1,544.1,15905.0
2026-07-03 10:45:00+05:30,543.65,544.15,543.1,543.55,4549.0
2026-07-03 10:50:00+05:30,543.85,544.0,542.2,542.9,13571.0
2026-07-03 10:55:00+05:30,542.35,542.9,539.5,540.65,43211.0
2026-07-03 11:00:00+05:30,540.95,542.25,540.35,541.4,21019.0
2026-07-03 11:05:00+05:30,541.4,541.75,540.35,540.75,10143.0
2026-07-03 11:10:00+05:30,540.75,541.6,540.45,540.6,16185.0
2026-07-03 11:15:00+05:30,540.35,541.0,540.1,540.95,13284.0
2026-07-03 11:20:00+05:30,540.5,541.1,540.5,540.6,1511.0
2026-07-03 11:25:00+05:30,540.65,540.7,540.1,540.35,4529.0
2026-07-03 11:30:00+05:30,540.1,541.0,540.1,540.85,2970.0
2026-07-03 11:35:00+05:30,540.95,541.3,540.35,540.8,2504.0
2026-07-03 11:40:00+05:30,541.15,541.15,540.1,540.15,2454.0
2026-07-03 11:45:00+05:30,540.1,540.8,540.05,540.65,2948.0
2026-07-03 11:50:00+05:30,540.65,540.9,540.1,540.35,861.0
2026-07-03 11:55:00+05:30,540.4,541.05,539.3,540.55,7501.0
2026-07-03 12:00:00+05:30,540.55,541.95,540.5,541.45,3983.0
2026-07-03 12:05:00+05:30,541.45,541.6,540.85,540.85,877.0
2026-07-03 12:10:00+05:30,541.25,541.5,540.5,540.5,528.0
2026-07-03 12:15:00+05:30,540.5,545.75,540.5,545.1,23432.0
2026-07-03 12:20:00+05:30,545.1,546.3,544.7,545.9,9646.0
2026-07-03 12:25:00+05:30,545.9,546.45,544.75,544.75,4346.0
2026-07-03 12:30:00+05:30,544.7,545.0,544.35,544.9,1893.0
2026-07-03 12:35:00+05:30,544.9,548.5,544.0,547.4,10437.0
2026-07-03 12:40:00+05:30,547.25,550.0,547.0,548.25,18816.0
2026-07-03 12:45:00+05:30,548.6,553.5,548.1,552.65,48193.0
2026-07-03 12:50:00+05:30,552.65,553.6,551.8,553.3,15925.0
2026-07-03 12:55:00+05:30,553.3,554.4,552.85,554.4,18881.0
2026-07-03 13:00:00+05:30,554.6,554.6,551.55,552.45,13093.0
2026-07-03 13:05:00+05:30,552.45,552.75,552.0,552.75,1856.0
2026-07-03 13:10:00+05:30,552.5,554.25,552.1,554.2,7779.0
2026-07-03 13:15:00+05:30,554.25,554.3,552.85,553.1,7041.0
2026-07-03 13:20:00+05:30,552.85,552.85,552.05,552.6,3264.0
2026-07-03 13:25:00+05:30,552.6,553.5,551.3,552.0,8949.0
2026-07-03 13:30:00+05:30,551.65,552.0,550.6,551.15,4586.0
2026-07-03 13:35:00+05:30,551.15,551.8,551.0,551.45,2524.0
2026-07-03 13:40:00+05:30,551.2,553.0,551.2,552.5,10617.0
2026-07-03 13:45:00+05:30,552.5,552.8,551.5,552.3,3413.0
2026-07-03 13:50:00+05:30,552.15,552.4,551.6,551.95,3652.0
2026-07-03 13:55:00+05:30,551.85,552.3,551.05,551.05,3398.0
2026-07-03 14:00:00+05:30,551.1,551.45,548.95,550.7,9284.0
2026-07-03 14:05:00+05:30,551.0,552.2,550.6,551.1,15959.0
2026-07-03 14:10:00+05:30,551.0,551.3,549.5,551.15,14939.0
2026-07-03 14:15:00+05:30,550.8,551.95,550.8,551.75,6795.0
2026-07-03 14:20:00+05:30,551.75,551.75,551.0,551.15,1889.0
2026-07-03 14:25:00+05:30,551.45,551.6,550.7,551.5,2558.0
2026-07-03 14:30:00+05:30,551.45,551.95,551.15,551.8,2718.0
2026-07-03 14:35:00+05:30,551.8,551.8,550.85,551.15,2107.0
2026-07-03 14:40:00+05:30,551.1,551.8,550.85,551.0,9927.0
2026-07-03 14:45:00+05:30,550.85,551.5,550.5,551.5,3908.0
2026-07-03 14:50:00+05:30,551.5,551.8,550.65,550.95,7887.0
2026-07-03 14:55:00+05:30,551.05,551.1,550.1,550.45,2304.0
2026-07-03 15:00:00+05:30,550.7,552.5,550.65,552.4,15399.0
2026-07-03 15:05:00+05:30,552.5,552.5,551.45,551.9,10271.0
2026-07-03 15:10:00+05:30,551.55,552.0,550.05,550.05,23251.0
2026-07-03 15:15:00+05:30,550.0,550.0,548.15,549.2,24685.0
2026-07-03 15:20:00+05:30,549.25,550.0,549.0,549.95,13843.0
2026-07-03 15:25:00+05:30,549.7,551.2,549.15,551.0,25955.0
2026-07-06 09:15:00+05:30,550.4,553.75,546.9,547.45,18823.0
2026-07-06 09:20:00+05:30,547.5,548.45,545.65,547.3,8456.0
2026-07-06 09:25:00+05:30,546.85,547.15,545.25,546.65,11406.0
2026-07-06 09:30:00+05:30,546.25,547.75,546.2,547.3,6027.0
2026-07-06 09:35:00+05:30,547.25,547.7,546.5,546.55,2154.0
2026-07-06 09:40:00+05:30,546.75,548.85,546.45,547.65,5115.0
2026-07-06 09:45:00+05:30,547.7,548.3,546.6,546.9,3053.0
2026-07-06 09:50:00+05:30,546.6,547.75,546.25,547.35,3385.0
2026-07-06 09:55:00+05:30,547.6,547.6,546.3,546.75,2208.0
2026-07-06 10:00:00+05:30,546.75,552.65,546.5,552.0,16181.0
2026-07-06 10:05:00+05:30,552.0,555.4,551.8,554.8,24220.0
2026-07-06 10:10:00+05:30,554.65,558.45,554.65,556.95,35148.0
2026-07-06 10:15:00+05:30,556.55,557.55,555.35,556.45,9108.0
2026-07-06 10:20:00+05:30,555.8,557.0,555.8,556.55,13382.0
2026-07-06 10:25:00+05:30,556.55,557.0,556.0,556.45,7527.0
2026-07-06 10:30:00+05:30,556.45,556.8,555.65,556.2,2474.0
2026-07-06 10:35:00+05:30,556.4,557.4,555.8,557.4,5498.0
2026-07-06 10:40:00+05:30,557.75,559.9,557.0,557.35,31289.0
2026-07-06 10:45:00+05:30,557.8,558.75,557.15,557.25,8635.0
2026-07-06 10:50:00+05:30,558.05,562.0,558.05,561.0,64095.0
2026-07-06 10:55:00+05:30,561.0,561.0,559.0,559.15,9504.0
2026-07-06 11:00:00+05:30,559.6,560.0,558.85,559.45,13334.0
2026-07-06 11:05:00+05:30,559.0,559.45,556.15,557.1,15454.0
2026-07-06 11:10:00+05:30,557.65,558.8,557.4,558.0,6718.0
2026-07-06 11:15:00+05:30,558.45,564.5,557.9,563.0,41107.0
2026-07-06 11:20:00+05:30,562.4,565.0,562.4,564.8,20022.0
2026-07-06 11:25:00+05:30,564.8,565.0,560.05,562.0,21930.0
2026-07-06 11:30:00+05:30,562.45,562.95,561.4,561.5,10106.0
2026-07-06 11:35:00+05:30,561.45,562.4,560.0,562.1,14985.0
2026-07-06 11:40:00+05:30,562.1,562.1,560.4,561.15,13838.0
2026-07-06 11:45:00+05:30,561.1,561.45,560.15,561.0,8635.0
2026-07-06 11:50:00+05:30,561.0,561.45,560.55,561.4,10332.0
2026-07-06 11:55:00+05:30,561.1,561.4,560.8,561.15,3902.0
2026-07-06 12:00:00+05:30,561.15,561.4,557.35,559.7,11058.0
2026-07-06 12:05:00+05:30,559.25,560.15,557.7,558.5,16029.0
2026-07-06 12:10:00+05:30,558.95,559.0,558.1,558.5,4821.0
2026-07-06 12:15:00+05:30,558.5,559.0,558.1,558.5,2929.0
2026-07-06 12:20:00+05:30,558.5,559.0,558.15,558.5,3883.0
2026-07-06 12:25:00+05:30,558.5,558.85,557.85,558.4,6668.0
2026-07-06 12:30:00+05:30,558.4,559.2,557.6,558.3,14159.0
2026-07-06 12:35:00+05:30,558.25,558.65,557.55,558.25,2671.0
2026-07-06 12:40:00+05:30,558.25,558.7,557.7,558.05,4217.0
2026-07-06 12:45:00+05:30,557.85,558.2,557.85,558.05,1389.0
2026-07-06 12:50:00+05:30,558.05,559.05,557.5,557.5,3225.0
2026-07-06 12:55:00+05:30,557.5,558.4,557.2,558.4,1578.0
2026-07-06 13:00:00+05:30,558.05,558.5,557.2,557.65,1593.0
2026-07-06 13:05:00+05:30,557.3,558.35,557.3,557.65,2380.0
2026-07-06 13:10:00+05:30,557.65,558.55,557.25,557.95,2672.0
2026-07-06 13:15:00+05:30,557.7,558.25,557.6,557.9,1535.0
2026-07-06 13:20:00+05:30,557.55,557.95,557.5,557.85,680.0
2026-07-06 13:25:00+05:30,557.55,558.0,556.4,557.15,10093.0
2026-07-06 13:30:00+05:30,557.15,557.5,556.35,556.7,4259.0
2026-07-06 13:35:00+05:30,556.6,558.0,556.6,557.25,3771.0
2026-07-06 13:40:00+05:30,557.65,557.65,556.05,556.55,10737.0
2026-07-06 13:45:00+05:30,556.55,556.6,554.45,554.85,6284.0
2026-07-06 13:50:00+05:30,555.0,555.0,553.15,553.15,4760.0
2026-07-06 13:55:00+05:30,552.75,553.55,552.2,552.3,5585.0
2026-07-06 14:00:00+05:30,552.55,555.75,552.3,555.55,6974.0
2026-07-06 14:05:00+05:30,555.55,556.4,554.55,554.65,4612.0
2026-07-06 14:10:00+05:30,554.6,555.0,552.95,554.8,6430.0
2026-07-06 14:15:00+05:30,554.8,555.4,554.0,554.75,2353.0
2026-07-06 14:20:00+05:30,554.75,555.05,554.2,554.4,1501.0
2026-07-06 14:25:00+05:30,554.4,556.4,554.4,555.6,2873.0
2026-07-06 14:30:00+05:30,555.65,556.85,555.1,555.45,4381.0
2026-07-06 14:35:00+05:30,555.95,556.65,555.2,555.4,4099.0
2026-07-06 14:40:00+05:30,555.35,555.9,555.35,555.45,857.0
2026-07-06 14:45:00+05:30,555.45,556.3,555.4,556.0,3171.0
2026-07-06 14:50:00+05:30,555.85,557.9,555.85,557.4,14754.0
2026-07-06 14:55:00+05:30,557.05,557.4,556.0,556.4,3886.0
2026-07-06 15:00:00+05:30,556.8,557.05,555.2,555.5,4920.0
2026-07-06 15:05:00+05:30,555.5,555.95,554.65,554.9,5364.0
2026-07-06 15:10:00+05:30,554.8,554.9,553.5,554.2,7488.0
2026-07-06 15:15:00+05:30,554.2,554.2,552.95,553.1,9559.0
2026-07-06 15:20:00+05:30,553.55,554.7,552.05,554.65,17509.0
2026-07-06 15:25:00+05:30,554.6,554.7,552.05,554.3,27030.0
2026-07-07 09:15:00+05:30,553.85,555.2,549.45,552.15,19996.0
2026-07-07 09:20:00+05:30,552.3,554.35,551.15,552.05,17884.0
2026-07-07 09:25:00+05:30,551.95,552.15,548.6,550.7,8376.0
2026-07-07 09:30:00+05:30,550.65,551.35,548.9,549.4,7204.0
2026-07-07 09:35:00+05:30,549.35,551.95,549.0,550.45,12199.0
2026-07-07 09:40:00+05:30,551.95,551.95,550.5,550.85,4089.0
2026-07-07 09:45:00+05:30,551.0,551.65,550.5,551.3,4183.0
2026-07-07 09:50:00+05:30,551.05,551.8,549.55,551.65,16422.0
2026-07-07 09:55:00+05:30,551.35,552.05,550.05,551.5,7506.0
2026-07-07 10:00:00+05:30,551.5,551.5,549.3,549.3,5184.0
2026-07-07 10:05:00+05:30,549.75,549.9,549.05,549.05,786.0
2026-07-07 10:10:00+05:30,549.25,549.25,546.75,547.05,15701.0
2026-07-07 10:15:00+05:30,547.45,547.45,545.8,546.2,2407.0
2026-07-07 10:20:00+05:30,546.3,546.35,545.05,545.1,2203.0
2026-07-07 10:25:00+05:30,545.45,554.45,545.45,551.5,63001.0
2026-07-07 10:30:00+05:30,551.35,552.2,550.55,551.9,3827.0
2026-07-07 10:35:00+05:30,551.9,552.45,550.65,550.95,8189.0
2026-07-07 10:40:00+05:30,551.2,551.55,550.15,551.5,4200.0
2026-07-07 10:45:00+05:30,551.2,552.85,551.15,552.65,8342.0
2026-07-07 10:50:00+05:30,552.6,552.7,550.8,551.0,6691.0
2026-07-07 10:55:00+05:30,550.75,551.5,550.2,550.75,3275.0
2026-07-07 11:00:00+05:30,551.0,551.6,547.95,548.35,61410.0
2026-07-07 11:05:00+05:30,548.35,548.95,547.85,548.75,7227.0
2026-07-07 11:10:00+05:30,548.75,548.9,548.4,548.5,604.0
2026-07-07 11:15:00+05:30,548.5,548.55,547.65,548.55,1112.0
2026-07-07 11:20:00+05:30,548.15,549.0,548.1,548.15,840.0
2026-07-07 11:25:00+05:30,548.45,549.15,547.8,547.8,1089.0
2026-07-07 11:30:00+05:30,548.35,548.9,548.3,548.85,826.0
2026-07-07 11:35:00+05:30,548.05,549.0,548.0,548.4,2714.0
2026-07-07 11:40:00+05:30,548.85,548.85,547.1,547.8,1049.0
2026-07-07 11:45:00+05:30,547.45,548.85,547.4,548.35,1258.0
2026-07-07 11:50:00+05:30,548.25,548.75,548.05,548.2,418.0
2026-07-07 11:55:00+05:30,547.85,549.1,547.85,548.75,1213.0
2026-07-07 12:00:00+05:30,548.4,548.7,548.1,548.15,774.0
2026-07-07 12:05:00+05:30,548.45,548.45,547.65,547.75,348.0
2026-07-07 12:10:00+05:30,547.7,548.25,546.95,547.7,7098.0
2026-07-07 12:15:00+05:30,547.75,548.2,547.35,547.7,1423.0
2026-07-07 12:20:00+05:30,547.7,548.1,547.7,547.7,652.0
2026-07-07 12:25:00+05:30,547.7,548.25,547.0,547.65,24099.0
2026-07-07 12:30:00+05:30,547.5,548.0,546.95,547.45,15168.0
2026-07-07 12:35:00+05:30,547.15,547.75,547.1,547.4,1542.0
2026-07-07 12:40:00+05:30,547.4,548.0,547.1,547.1,1277.0
2026-07-07 12:45:00+05:30,547.1,548.2,547.1,547.85,1489.0
2026-07-07 12:50:00+05:30,548.0,548.85,547.7,548.4,2252.0
2026-07-07 12:55:00+05:30,548.75,548.75,547.85,548.05,849.0
2026-07-07 13:00:00+05:30,548.1,548.65,547.9,548.55,1902.0
2026-07-07 13:05:00+05:30,548.7,549.95,548.3,549.0,4050.0
2026-07-07 13:10:00+05:30,549.0,549.65,548.95,549.05,815.0
2026-07-07 13:15:00+05:30,549.05,549.2,549.0,549.0,1013.0
2026-07-07 13:20:00+05:30,549.45,549.7,549.0,549.25,1968.0
2026-07-07 13:25:00+05:30,549.25,550.0,549.2,549.25,2462.0
2026-07-07 13:30:00+05:30,549.1,549.5,548.35,549.0,6945.0
2026-07-07 13:35:00+05:30,548.7,549.7,548.7,549.0,1629.0
2026-07-07 13:40:00+05:30,549.0,549.55,548.95,549.05,919.0
2026-07-07 13:45:00+05:30,549.05,549.55,549.0,549.1,2360.0
2026-07-07 13:50:00+05:30,549.1,549.65,549.0,549.15,5649.0
2026-07-07 13:55:00+05:30,549.15,549.15,548.75,549.05,1968.0
2026-07-07 14:00:00+05:30,549.0,549.05,549.0,549.0,335.0
2026-07-07 14:05:00+05:30,549.0,549.25,548.95,549.0,266.0
2026-07-07 14:10:00+05:30,548.95,549.45,548.8,549.0,1780.0
2026-07-07 14:15:00+05:30,549.0,549.55,549.0,549.05,4478.0
2026-07-07 14:20:00+05:30,549.05,549.5,549.0,549.0,4900.0
2026-07-07 14:25:00+05:30,549.0,549.4,548.8,549.4,1008.0
2026-07-07 14:30:00+05:30,549.0,549.6,548.8,549.0,3944.0
2026-07-07 14:35:00+05:30,549.0,549.65,548.9,549.05,2315.0
2026-07-07 14:40:00+05:30,549.05,549.7,549.0,549.3,3502.0
2026-07-07 14:45:00+05:30,549.0,549.7,548.8,549.15,5103.0
2026-07-07 14:50:00+05:30,549.0,549.35,546.15,546.95,5975.0
2026-07-07 14:55:00+05:30,546.75,547.45,546.05,546.75,992.0
2026-07-07 15:00:00+05:30,546.75,546.85,544.8,544.9,6034.0
2026-07-07 15:05:00+05:30,544.9,549.7,544.7,549.1,18456.0
2026-07-07 15:10:00+05:30,549.4,549.4,547.65,548.95,12752.0
2026-07-07 15:15:00+05:30,548.9,549.8,548.25,549.5,17451.0
2026-07-07 15:20:00+05:30,549.35,549.75,548.95,549.7,16236.0
2026-07-07 15:25:00+05:30,549.65,549.65,547.0,547.0,17509.0
2026-07-08 09:15:00+05:30,545.45,546.65,539.05,542.15,17810.0
2026-07-08 09:20:00+05:30,541.8,547.75,541.05,547.05,18015.0
2026-07-08 09:25:00+05:30,547.45,549.0,542.9,543.2,8574.0
2026-07-08 09:30:00+05:30,543.65,548.75,543.2,548.75,7660.0
2026-07-08 09:35:00+05:30,547.05,547.05,544.75,545.85,7196.0
2026-07-08 09:40:00+05:30,545.85,546.2,544.2,544.85,6527.0
2026-07-08 09:45:00+05:30,544.9,545.5,544.9,545.5,1149.0
2026-07-08 09:50:00+05:30,545.35,546.1,544.5,544.5,2343.0
2026-07-08 09:55:00+05:30,544.8,545.3,544.35,545.0,1571.0
2026-07-08 10:00:00+05:30,544.6,548.0,544.6,547.85,9657.0
2026-07-08 10:05:00+05:30,547.5,552.45,547.5,551.15,16053.0
2026-07-08 10:10:00+05:30,551.45,553.75,551.15,552.9,9253.0
2026-07-08 10:15:00+05:30,552.7,553.05,552.0,552.1,1922.0
2026-07-08 10:20:00+05:30,552.1,553.8,552.1,553.5,8918.0
2026-07-08 10:25:00+05:30,553.75,553.75,552.0,552.4,4042.0
2026-07-08 10:30:00+05:30,552.4,553.7,552.4,553.35,3822.0
2026-07-08 10:35:00+05:30,553.65,554.2,552.9,553.65,2582.0
2026-07-08 10:40:00+05:30,554.0,555.0,553.1,554.35,5317.0
2026-07-08 10:45:00+05:30,554.95,555.0,554.3,554.5,2081.0
2026-07-08 10:50:00+05:30,554.5,554.9,553.05,553.05,3023.0
2026-07-08 10:55:00+05:30,553.0,554.0,553.0,553.55,2806.0
2026-07-08 11:00:00+05:30,553.55,554.0,553.5,554.0,630.0
2026-07-08 11:05:00+05:30,554.25,557.0,554.0,555.55,12666.0
2026-07-08 11:10:00+05:30,555.2,555.5,554.55,554.55,3535.0
2026-07-08 11:15:00+05:30,554.55,554.85,552.75,554.55,6414.0
2026-07-08 11:20:00+05:30,554.5,555.45,553.25,555.2,4591.0
2026-07-08 11:25:00+05:30,555.2,556.6,554.2,554.3,4178.0
2026-07-08 11:30:00+05:30,554.3,555.0,554.1,554.55,3115.0
2026-07-08 11:35:00+05:30,554.55,554.9,554.45,554.7,927.0
2026-07-08 11:40:00+05:30,554.7,554.8,551.25,551.35,6722.0
2026-07-08 11:45:00+05:30,551.35,552.0,551.0,551.05,2173.0
2026-07-08 11:50:00+05:30,551.0,551.05,550.75,550.75,235.0
2026-07-08 11:55:00+05:30,550.75,552.7,550.75,552.15,1969.0
2026-07-08 12:00:00+05:30,552.15,552.95,551.25,552.15,11343.0
2026-07-08 12:05:00+05:30,551.9,557.9,551.9,557.8,41175.0
2026-07-08 12:10:00+05:30,558.0,561.0,557.6,560.2,37158.0
2026-07-08 12:15:00+05:30,560.2,560.3,558.85,559.6,11379.0
2026-07-08 12:20:00+05:30,559.8,559.8,558.95,559.2,6759.0
2026-07-08 12:25:00+05:30,559.45,559.65,555.75,556.25,22471.0
2026-07-08 12:30:00+05:30,556.35,556.35,555.2,555.65,15859.0
2026-07-08 12:35:00+05:30,555.85,556.45,555.25,555.95,8279.0
2026-07-08 12:40:00+05:30,555.95,557.5,555.6,557.5,20213.0
2026-07-08 12:45:00+05:30,557.5,558.75,557.25,558.25,6797.0
2026-07-08 12:50:00+05:30,558.65,558.65,557.2,557.7,5543.0
2026-07-08 12:55:00+05:30,558.0,560.0,556.5,556.5,30308.0
2026-07-08 13:00:00+05:30,557.1,559.65,557.1,559.15,11870.0
2026-07-08 13:05:00+05:30,559.0,559.6,558.75,558.75,4647.0
2026-07-08 13:10:00+05:30,559.0,559.0,558.3,558.85,4494.0
2026-07-08 13:15:00+05:30,558.35,558.9,558.25,558.3,3016.0
2026-07-08 13:20:00+05:30,558.2,558.75,557.55,558.15,10559.0
2026-07-08 13:25:00+05:30,558.5,558.6,558.05,558.4,2215.0
2026-07-08 13:30:00+05:30,558.4,558.4,557.8,558.15,3481.0
2026-07-08 13:35:00+05:30,558.4,559.0,558.15,558.65,5601.0
2026-07-08 13:40:00+05:30,558.75,558.9,558.0,558.1,6290.0
2026-07-08 13:45:00+05:30,558.45,558.65,556.45,556.6,9489.0
2026-07-08 13:50:00+05:30,556.95,556.95,553.3,554.05,9245.0
2026-07-08 13:55:00+05:30,553.95,554.3,549.25,549.85,25225.0
2026-07-08 14:00:00+05:30,549.95,551.55,548.5,550.0,36471.0
2026-07-08 14:05:00+05:30,550.0,550.35,544.2,544.4,22982.0
2026-07-08 14:10:00+05:30,544.45,546.65,539.4,540.4,75375.0
2026-07-08 14:15:00+05:30,540.5,542.85,539.15,541.8,24334.0
2026-07-08 14:20:00+05:30,542.7,543.45,540.45,542.6,29784.0
2026-07-08 14:25:00+05:30,542.8,544.1,536.55,538.3,66366.0
2026-07-08 14:30:00+05:30,537.85,539.85,532.6,536.55,49557.0
2026-07-08 14:35:00+05:30,536.9,537.05,532.5,533.0,17063.0
2026-07-08 14:40:00+05:30,533.45,534.7,532.0,534.1,16646.0
2026-07-08 14:45:00+05:30,533.8,534.15,531.15,531.7,20434.0
2026-07-08 14:50:00+05:30,531.85,533.35,531.4,532.15,9387.0
2026-07-08 14:55:00+05:30,532.05,536.85,530.15,534.25,19889.0
2026-07-08 15:00:00+05:30,534.85,538.75,534.85,536.1,28897.0
2026-07-08 15:05:00+05:30,536.45,537.9,535.85,536.15,21620.0
2026-07-08 15:10:00+05:30,536.6,537.65,535.65,537.5,22107.0
2026-07-08 15:15:00+05:30,537.2,539.4,536.7,537.25,33493.0
2026-07-08 15:20:00+05:30,537.1,540.05,536.55,539.9,27348.0
2026-07-08 15:25:00+05:30,539.7,544.5,537.75,542.1,31370.0
2026-07-09 09:15:00+05:30,538.0,538.0,530.35,532.15,31329.0
2026-07-09 09:20:00+05:30,532.5,534.3,532.0,533.9,12856.0
2026-07-09 09:25:00+05:30,534.5,537.7,534.45,536.6,14301.0
2026-07-09 09:30:00+05:30,536.55,539.2,536.15,536.15,18653.0
2026-07-09 09:35:00+05:30,536.0,537.1,534.95,536.1,15227.0
2026-07-09 09:40:00+05:30,536.05,538.0,535.8,537.7,8063.0
2026-07-09 09:45:00+05:30,537.75,538.2,535.05,535.55,7130.0
2026-07-09 09:50:00+05:30,535.55,536.7,535.5,536.6,2704.0
2026-07-09 09:55:00+05:30,536.6,537.3,536.35,536.55,5013.0
2026-07-09 10:00:00+05:30,536.75,537.25,536.25,536.55,4177.0
2026-07-09 10:05:00+05:30,536.25,536.7,536.25,536.4,1141.0
2026-07-09 10:10:00+05:30,536.65,537.1,535.65,536.05,4795.0
2026-07-09 10:15:00+05:30,536.15,536.7,535.5,536.35,5345.0
2026-07-09 10:20:00+05:30,536.1,536.6,535.5,535.5,2516.0
2026-07-09 10:25:00+05:30,535.5,535.85,534.45,534.55,2176.0
2026-07-09 10:30:00+05:30,534.8,534.95,534.5,534.6,556.0
2026-07-09 10:35:00+05:30,534.65,535.8,534.6,535.45,3409.0
2026-07-09 10:40:00+05:30,535.5,538.0,535.5,536.4,6693.0
2026-07-09 10:45:00+05:30,536.5,536.5,533.75,533.85,1509.0
2026-07-09 10:50:00+05:30,533.9,534.3,533.5,533.5,1711.0
2026-07-09 10:55:00+05:30,533.5,534.85,533.0,534.7,3856.0
2026-07-09 11:00:00+05:30,534.4,538.4,533.7,538.4,5541.0
2026-07-09 11:05:00+05:30,538.85,540.1,537.35,539.0,11333.0
2026-07-09 11:10:00+05:30,538.5,542.55,538.5,539.3,10895.0
2026-07-09 11:15:00+05:30,539.0,539.8,538.55,539.55,1147.0
2026-07-09 11:20:00+05:30,539.65,542.8,539.65,541.35,4055.0
2026-07-09 11:25:00+05:30,541.75,543.1,541.35,542.15,3558.0
2026-07-09 11:30:00+05:30,542.35,543.7,542.35,543.0,4557.0
2026-07-09 11:35:00+05:30,542.9,543.0,541.3,541.45,2057.0
2026-07-09 11:40:00+05:30,541.35,542.15,541.35,541.6,1755.0
2026-07-09 11:45:00+05:30,541.6,541.8,541.0,541.0,2072.0
2026-07-09 11:50:00+05:30,540.85,541.1,540.55,540.8,652.0
2026-07-09 11:55:00+05:30,541.25,542.0,541.15,541.8,3832.0
2026-07-09 12:00:00+05:30,541.75,542.15,541.55,542.15,1219.0
2026-07-09 12:05:00+05:30,542.15,542.15,541.9,541.9,221.0
2026-07-09 12:10:00+05:30,541.9,542.45,541.9,542.15,1138.0
2026-07-09 12:15:00+05:30,542.1,542.5,542.1,542.25,368.0
2026-07-09 12:20:00+05:30,542.1,542.25,541.85,542.0,477.0
2026-07-09 12:25:00+05:30,542.0,542.5,541.25,542.4,1835.0
2026-07-09 12:30:00+05:30,542.4,542.5,540.55,541.0,7756.0
2026-07-09 12:35:00+05:30,541.2,541.85,541.1,541.75,2243.0
2026-07-09 12:40:00+05:30,541.45,541.5,540.7,540.75,1575.0
2026-07-09 12:45:00+05:30,540.75,541.35,540.1,540.95,1950.0
2026-07-09 12:50:00+05:30,541.5,541.6,541.3,541.3,1502.0
2026-07-09 12:55:00+05:30,541.55,541.7,540.85,541.15,1542.0
2026-07-09 13:00:00+05:30,541.15,541.9,541.15,541.85,1909.0
2026-07-09 13:05:00+05:30,542.0,542.15,540.9,541.7,2397.0
2026-07-09 13:10:00+05:30,541.7,542.25,541.6,541.6,887.0
2026-07-09 13:15:00+05:30,541.45,541.85,540.2,540.75,1880.0
2026-07-09 13:20:00+05:30,540.75,545.95,540.5,545.95,23207.0
2026-07-09 13:25:00+05:30,545.55,548.2,545.25,548.2,13004.0
2026-07-09 13:30:00+05:30,547.9,548.7,544.5,547.35,5925.0
2026-07-09 13:35:00+05:30,547.85,547.85,545.65,545.65,1505.0
2026-07-09 13:40:00+05:30,546.2,546.85,545.9,546.75,3331.0
2026-07-09 13:45:00+05:30,546.75,547.4,546.55,547.4,1228.0
2026-07-09 13:50:00+05:30,547.1,547.65,547.1,547.5,1456.0
2026-07-09 13:55:00+05:30,547.5,547.85,547.05,547.15,999.0
2026-07-09 14:00:00+05:30,547.5,548.5,547.15,548.05,2515.0
2026-07-09 14:05:00+05:30,548.0,548.05,547.15,547.6,1175.0
2026-07-09 14:10:00+05:30,547.05,548.0,546.85,548.0,1654.0
2026-07-09 14:15:00+05:30,548.0,548.0,546.8,547.35,2233.0
2026-07-09 14:20:00+05:30,547.35,548.15,546.3,548.1,4980.0
2026-07-09 14:25:00+05:30,547.8,549.85,547.8,548.95,5495.0
2026-07-09 14:30:00+05:30,549.3,549.45,547.25,547.55,5222.0
2026-07-09 14:35:00+05:30,547.25,547.55,545.25,546.05,8594.0
2026-07-09 14:40:00+05:30,546.15,547.1,545.2,546.45,5406.0
2026-07-09 14:45:00+05:30,546.4,546.4,546.0,546.0,2485.0
2026-07-09 14:50:00+05:30,546.0,548.75,545.4,548.75,5991.0
2026-07-09 14:55:00+05:30,548.6,551.0,548.25,551.0,16528.0
2026-07-09 15:00:00+05:30,550.75,551.95,550.05,551.0,11761.0
2026-07-09 15:05:00+05:30,550.8,551.0,548.8,549.65,13275.0
2026-07-09 15:10:00+05:30,549.7,551.0,549.45,550.6,10814.0
2026-07-09 15:15:00+05:30,550.75,550.75,547.55,548.25,17898.0
2026-07-09 15:20:00+05:30,548.25,549.5,548.15,548.65,11060.0
2026-07-09 15:25:00+05:30,548.6,549.5,548.0,549.4,11534.0
2026-07-10 09:15:00+05:30,550.1,553.7,544.2,547.3,31450.0
2026-07-10 09:20:00+05:30,547.35,549.45,546.25,548.6,6035.0
2026-07-10 09:25:00+05:30,548.2,552.7,547.75,552.15,28378.0
2026-07-10 09:30:00+05:30,552.45,555.0,552.1,552.25,36526.0
2026-07-10 09:35:00+05:30,552.55,553.5,552.0,553.15,5249.0
2026-07-10 09:40:00+05:30,552.95,553.45,552.2,553.05,6039.0
2026-07-10 09:45:00+05:30,553.15,553.65,550.75,551.5,9119.0
2026-07-10 09:50:00+05:30,551.6,551.6,550.0,550.0,1367.0
2026-07-10 09:55:00+05:30,550.2,551.15,550.2,551.15,1718.0
2026-07-10 10:00:00+05:30,551.2,551.2,550.5,550.7,1912.0
2026-07-10 10:05:00+05:30,550.8,550.95,550.5,550.7,1029.0
2026-07-10 10:10:00+05:30,550.85,553.25,550.65,553.2,7442.0
2026-07-10 10:15:00+05:30,553.2,554.65,553.2,554.25,38012.0
2026-07-10 10:20:00+05:30,554.6,554.6,552.95,553.45,10557.0
2026-07-10 10:25:00+05:30,553.9,555.0,553.4,554.1,27032.0
2026-07-10 10:30:00+05:30,554.3,555.0,554.3,554.5,16326.0
2026-07-10 10:35:00+05:30,554.5,560.55,553.0,557.05,47752.0
2026-07-10 10:40:00+05:30,557.05,562.8,557.05,562.8,19622.0
2026-07-10 10:45:00+05:30,562.8,562.9,557.5,558.1,21326.0
2026-07-10 10:50:00+05:30,558.1,560.45,558.1,558.35,13523.0
2026-07-10 10:55:00+05:30,558.35,558.45,555.6,556.1,8026.0
2026-07-10 11:00:00+05:30,555.9,556.65,553.5,553.7,7080.0
2026-07-10 11:05:00+05:30,553.5,553.5,552.3,552.3,2242.0
2026-07-10 11:10:00+05:30,552.3,552.3,552.0,552.15,505.0
2026-07-10 11:15:00+05:30,552.0,552.5,552.0,552.3,1641.0
2026-07-10 11:20:00+05:30,552.3,552.3,551.55,551.8,1519.0
2026-07-10 11:25:00+05:30,551.9,552.55,551.9,552.55,850.0
2026-07-10 11:30:00+05:30,552.9,554.35,552.6,554.35,3384.0
2026-07-10 11:35:00+05:30,554.35,554.4,553.3,553.3,3154.0
2026-07-10 11:40:00+05:30,553.3,553.6,552.0,552.0,5481.0
2026-07-10 11:45:00+05:30,546.55,549.9,546.55,548.75,54006.0
2026-07-10 11:50:00+05:30,548.85,548.95,548.2,548.5,1283.0
2026-07-10 11:55:00+05:30,548.6,549.25,547.35,547.65,7779.0
2026-07-10 12:00:00+05:30,547.4,549.4,547.4,549.15,3139.0
2026-07-10 12:05:00+05:30,548.9,549.05,548.1,548.2,4050.0
2026-07-10 12:10:00+05:30,548.2,548.5,547.3,547.4,1594.0
2026-07-10 12:15:00+05:30,547.7,548.0,547.4,547.7,685.0
2026-07-10 12:20:00+05:30,547.7,548.0,547.15,547.2,1345.0
2026-07-10 12:25:00+05:30,547.1,547.8,547.05,547.4,1512.0
2026-07-10 12:30:00+05:30,547.4,548.0,547.4,547.75,1926.0
2026-07-10 12:35:00+05:30,547.8,549.5,547.75,549.15,2881.0
2026-07-10 12:40:00+05:30,549.1,549.1,548.0,548.1,2969.0
2026-07-10 12:45:00+05:30,548.1,549.0,548.1,548.4,872.0
2026-07-10 12:50:00+05:30,548.35,548.8,548.05,548.15,955.0
2026-07-10 12:55:00+05:30,548.2,548.55,547.6,548.25,1007.0
2026-07-10 13:00:00+05:30,548.3,548.45,546.2,546.6,24020.0
2026-07-10 13:05:00+05:30,546.6,546.9,546.0,546.0,22864.0
2026-07-10 13:10:00+05:30,546.0,546.9,546.0,546.5,9087.0
2026-07-10 13:15:00+05:30,546.5,546.9,546.0,546.45,5843.0
2026-07-10 13:20:00+05:30,546.25,546.3,545.9,546.0,3934.0
2026-07-10 13:25:00+05:30,546.0,546.0,541.8,544.1,44732.0
2026-07-10 13:30:00+05:30,544.35,544.8,543.15,544.05,6587.0
2026-07-10 13:35:00+05:30,544.05,545.0,544.0,544.6,4894.0
2026-07-10 13:40:00+05:30,544.2,544.9,544.2,544.6,952.0
2026-07-10 13:45:00+05:30,544.6,544.8,544.45,544.45,334.0
2026-07-10 13:50:00+05:30,544.45,544.55,541.55,541.65,16477.0
2026-07-10 13:55:00+05:30,541.65,543.15,541.6,541.95,8638.0
2026-07-10 14:00:00+05:30,541.95,543.25,541.8,541.85,23763.0
2026-07-10 14:05:00+05:30,541.8,543.1,541.6,542.55,5951.0
2026-07-10 14:10:00+05:30,542.55,542.75,541.15,541.2,5788.0
2026-07-10 14:15:00+05:30,541.2,541.5,539.7,539.8,14022.0
2026-07-10 14:20:00+05:30,540.0,540.8,539.2,539.55,22195.0
2026-07-10 14:25:00+05:30,539.55,540.5,539.35,539.45,5225.0
2026-07-10 14:30:00+05:30,539.45,540.0,539.25,539.5,3548.0
2026-07-10 14:35:00+05:30,539.5,540.0,538.0,538.9,11328.0
2026-07-10 14:40:00+05:30,538.9,542.85,538.6,542.85,53201.0
2026-07-10 14:45:00+05:30,542.85,546.3,542.7,545.25,22257.0
2026-07-10 14:50:00+05:30,545.25,545.65,543.9,544.75,11215.0
2026-07-10 14:55:00+05:30,544.65,545.35,543.8,544.95,3379.0
2026-07-10 15:00:00+05:30,544.35,546.9,544.0,546.3,23428.0
2026-07-10 15:05:00+05:30,546.3,546.5,545.45,545.55,6907.0
2026-07-10 15:10:00+05:30,545.8,546.9,545.55,546.4,25867.0
2026-07-10 15:15:00+05:30,546.25,546.9,545.05,546.4,26994.0
2026-07-10 15:20:00+05:30,546.4,549.0,544.1,548.1,63718.0
2026-07-10 15:25:00+05:30,548.5,549.0,546.65,547.95,28543.0
2026-07-13 09:15:00+05:30,547.95,547.95,539.65,540.9,12033.0
2026-07-13 09:20:00+05:30,540.45,540.45,538.65,539.95,10227.0
2026-07-13 09:25:00+05:30,538.8,540.75,538.8,540.35,5135.0
2026-07-13 09:30:00+05:30,540.35,543.4,539.6,542.95,6091.0
2026-07-13 09:35:00+05:30,542.55,543.4,542.4,542.7,5803.0
2026-07-13 09:40:00+05:30,542.3,542.85,539.6,541.0,10966.0
2026-07-13 09:45:00+05:30,541.0,541.05,540.1,541.05,854.0
2026-07-13 09:50:00+05:30,541.25,542.0,541.0,541.95,621.0
2026-07-13 09:55:00+05:30,542.0,543.0,541.65,542.5,4230.0
2026-07-13 10:00:00+05:30,542.5,543.25,542.5,543.1,1268.0
2026-07-13 10:05:00+05:30,543.1,543.5,541.0,541.0,5974.0
2026-07-13 10:10:00+05:30,539.75,543.0,539.5,542.45,9958.0
2026-07-13 10:15:00+05:30,543.0,544.9,542.6,544.1,14112.0
2026-07-13 10:20:00+05:30,544.1,544.1,542.65,543.0,4440.0
2026-07-13 10:25:00+05:30,543.0,543.4,542.0,542.2,1429.0
2026-07-13 10:30:00+05:30,542.0,542.2,541.15,541.2,7229.0
2026-07-13 10:35:00+05:30,542.25,542.25,540.15,541.7,4626.0
2026-07-13 10:40:00+05:30,541.5,542.7,540.25,541.7,8243.0
2026-07-13 10:45:00+05:30,541.3,541.8,540.0,540.75,4707.0
2026-07-13 10:50:00+05:30,540.45,541.1,540.45,540.75,2417.0
2026-07-13 10:55:00+05:30,540.75,541.6,540.55,541.35,3106.0
2026-07-13 11:00:00+05:30,541.6,542.05,541.0,542.0,927.0
2026-07-13 11:05:00+05:30,541.55,541.85,541.15,541.2,1216.0
2026-07-13 11:10:00+05:30,541.5,543.8,541.15,542.9,3786.0
2026-07-13 11:15:00+05:30,542.9,543.65,542.0,542.45,3440.0
2026-07-13 11:20:00+05:30,542.45,543.1,542.4,543.1,859.0
2026-07-13 11:25:00+05:30,543.05,543.6,542.8,542.8,801.0
2026-07-13 11:30:00+05:30,542.8,542.9,542.8,542.9,772.0
2026-07-13 11:35:00+05:30,542.4,543.45,542.2,543.0,2590.0
2026-07-13 11:40:00+05:30,543.0,543.2,542.25,543.05,1875.0
2026-07-13 11:45:00+05:30,543.1,543.4,542.9,543.1,934.0
2026-07-13 11:50:00+05:30,542.95,542.95,542.2,542.6,889.0
2026-07-13 11:55:00+05:30,542.6,542.6,542.0,542.0,3782.0
2026-07-13 12:00:00+05:30,542.3,542.55,542.1,542.4,1234.0
2026-07-13 12:05:00+05:30,542.4,542.55,542.0,542.5,974.0
2026-07-13 12:10:00+05:30,542.5,543.0,542.1,542.95,2097.0
2026-07-13 12:15:00+05:30,543.0,543.65,542.9,543.3,6988.0
2026-07-13 12:20:00+05:30,543.65,543.65,542.4,542.9,917.0
2026-07-13 12:25:00+05:30,542.65,543.1,542.35,542.7,995.0
2026-07-13 12:30:00+05:30,542.7,543.0,542.0,542.95,3432.0
2026-07-13 12:35:00+05:30,542.9,543.45,542.85,543.4,1225.0
2026-07-13 12:40:00+05:30,543.35,543.95,542.55,543.85,1961.0
2026-07-13 12:45:00+05:30,543.9,544.9,543.9,544.85,4687.0
2026-07-13 12:50:00+05:30,544.85,544.85,543.55,543.55,4092.0
2026-07-13 12:55:00+05:30,543.8,544.0,543.6,543.65,1332.0
2026-07-13 13:00:00+05:30,543.65,544.5,543.5,544.45,1411.0
2026-07-13 13:05:00+05:30,544.5,544.8,544.0,544.0,1215.0
2026-07-13 13:10:00+05:30,544.45,545.0,543.95,544.9,9425.0
2026-07-13 13:15:00+05:30,544.6,544.9,544.05,544.3,1984.0
2026-07-13 13:20:00+05:30,544.1,544.55,544.0,544.35,824.0
2026-07-13 13:25:00+05:30,544.15,544.2,543.55,543.6,2354.0
2026-07-13 13:30:00+05:30,543.65,544.35,543.55,544.0,1570.0
2026-07-13 13:35:00+05:30,543.7,544.9,543.7,544.55,2983.0
2026-07-13 13:40:00+05:30,544.75,544.85,543.15,543.4,4836.0
2026-07-13 13:45:00+05:30,543.45,544.05,543.2,543.95,1678.0
2026-07-13 13:50:00+05:30,544.0,544.5,543.5,544.5,1588.0
2026-07-13 13:55:00+05:30,544.25,544.6,543.5,543.55,1931.0
2026-07-13 14:00:00+05:30,543.85,544.8,543.55,544.8,2154.0
2026-07-13 14:05:00+05:30,544.9,545.1,544.15,544.85,16941.0
2026-07-13 14:10:00+05:30,544.9,545.2,544.5,544.85,6766.0
2026-07-13 14:15:00+05:30,544.9,544.9,544.0,544.9,7150.0
2026-07-13 14:20:00+05:30,544.9,544.9,544.85,544.9,790.0
2026-07-13 14:25:00+05:30,544.9,544.95,544.75,544.9,879.0
2026-07-13 14:30:00+05:30,544.8,545.0,544.5,544.9,4356.0
2026-07-13 14:35:00+05:30,544.9,544.9,544.4,544.9,12036.0
2026-07-13 14:40:00+05:30,544.9,544.9,544.3,544.7,884.0
2026-07-13 14:45:00+05:30,544.7,544.9,544.0,544.8,9173.0
2026-07-13 14:50:00+05:30,544.9,544.9,544.35,544.9,3840.0
2026-07-13 14:55:00+05:30,544.9,544.9,543.85,543.9,3919.0
2026-07-13 15:00:00+05:30,544.15,544.15,543.5,544.0,5050.0
2026-07-13 15:05:00+05:30,544.0,544.0,543.4,543.65,2993.0
2026-07-13 15:10:00+05:30,543.65,543.65,542.1,543.0,6665.0
2026-07-13 15:15:00+05:30,542.8,543.0,541.95,542.95,13454.0
2026-07-13 15:20:00+05:30,542.95,543.2,542.0,542.7,10169.0
2026-07-13 15:25:00+05:30,542.7,548.2,542.0,542.0,50211.0
2026-07-14 09:15:00+05:30,542.0,545.95,541.95,544.3,7277.0
2026-07-14 09:20:00+05:30,545.0,545.0,542.0,542.6,8849.0
2026-07-14 09:25:00+05:30,542.05,543.35,541.8,542.15,4905.0
2026-07-14 09:30:00+05:30,542.15,544.7,542.15,544.1,3069.0
2026-07-14 09:35:00+05:30,544.15,544.3,542.35,542.35,3227.0
2026-07-14 09:40:00+05:30,542.35,543.0,541.5,543.0,26191.0
2026-07-14 09:45:00+05:30,543.45,543.75,542.35,542.65,1475.0
2026-07-14 09:50:00+05:30,542.95,543.4,542.45,542.45,1327.0
2026-07-14 09:55:00+05:30,542.85,543.75,542.85,543.15,1358.0
2026-07-14 10:00:00+05:30,543.15,543.15,542.0,542.05,25603.0
2026-07-14 10:05:00+05:30,542.0,542.35,542.0,542.0,42350.0
2026-07-14 10:10:00+05:30,542.0,542.5,542.0,542.0,868.0
2026-07-14 10:15:00+05:30,542.0,542.3,542.0,542.05,8636.0
2026-07-14 10:20:00+05:30,542.15,542.3,542.0,542.05,21618.0
2026-07-14 10:25:00+05:30,542.05,542.25,541.25,542.25,29714.0
2026-07-14 10:30:00+05:30,542.25,543.0,542.0,542.85,1193.0
2026-07-14 10:35:00+05:30,542.8,542.95,542.1,542.2,3401.0
2026-07-14 10:40:00+05:30,542.5,542.5,542.05,542.2,1107.0
2026-07-14 10:45:00+05:30,542.2,543.3,542.2,543.0,2042.0
2026-07-14 10:50:00+05:30,543.35,543.65,542.65,543.3,1221.0
2026-07-14 10:55:00+05:30,542.85,543.3,542.8,542.85,885.0
2026-07-14 11:00:00+05:30,543.3,543.75,542.95,543.75,279.0
2026-07-14 11:05:00+05:30,543.3,543.8,543.2,543.2,2811.0
2026-07-14 11:10:00+05:30,543.5,543.85,543.1,543.2,632.0
2026-07-14 11:15:00+05:30,543.05,543.65,543.0,543.5,428.0
2026-07-14 11:20:00+05:30,543.35,544.05,543.35,543.45,2312.0
2026-07-14 11:25:00+05:30,544.15,544.15,543.2,543.7,618.0
2026-07-14 11:30:00+05:30,543.35,543.8,543.15,543.8,387.0
2026-07-14 11:35:00+05:30,543.6,544.2,543.4,544.2,760.0
2026-07-14 11:40:00+05:30,544.1,544.9,543.4,544.75,7535.0
2026-07-14 11:45:00+05:30,544.85,544.9,543.5,543.75,9228.0
2026-07-14 11:50:00+05:30,543.75,543.9,543.4,543.85,1443.0
2026-07-14 11:55:00+05:30,544.05,544.45,543.4,544.2,4184.0
2026-07-14 12:00:00+05:30,544.4,544.75,543.65,544.0,3832.0
2026-07-14 12:05:00+05:30,544.0,544.65,543.05,543.05,3824.0
2026-07-14 12:10:00+05:30,543.05,543.35,542.35,542.6,7072.0
2026-07-14 12:15:00+05:30,542.5,543.4,542.5,543.35,3010.0
2026-07-14 12:20:00+05:30,543.45,543.9,543.25,543.6,1834.0
2026-07-14 12:25:00+05:30,543.2,544.9,543.15,544.5,8775.0
2026-07-14 12:30:00+05:30,544.3,544.45,543.7,543.95,3927.0
2026-07-14 12:35:00+05:30,543.9,544.9,543.75,544.9,13480.0
2026-07-14 12:40:00+05:30,544.9,544.9,544.0,544.6,14034.0
2026-07-14 12:45:00+05:30,544.4,544.7,543.7,544.7,8198.0
2026-07-14 12:50:00+05:30,544.7,544.7,544.55,544.55,1015.0
2026-07-14 12:55:00+05:30,544.55,544.55,544.4,544.5,5138.0
2026-07-14 13:00:00+05:30,544.5,544.85,544.35,544.6,1871.0
2026-07-14 13:05:00+05:30,544.6,544.6,544.0,544.5,5987.0
2026-07-14 13:10:00+05:30,544.45,544.9,544.2,544.35,3388.0
2026-07-14 13:15:00+05:30,544.4,544.9,544.35,544.9,506.0
2026-07-14 13:20:00+05:30,544.5,544.9,544.4,544.4,964.0
2026-07-14 13:25:00+05:30,544.4,544.5,543.9,544.25,2720.0
2026-07-14 13:30:00+05:30,544.5,544.75,544.15,544.15,304.0
2026-07-14 13:35:00+05:30,544.15,545.0,543.3,543.75,17166.0
2026-07-14 13:40:00+05:30,543.75,543.85,543.65,543.65,2086.0
2026-07-14 13:45:00+05:30,543.65,543.65,543.35,543.35,550.0
2026-07-14 13:50:00+05:30,543.35,543.8,543.35,543.5,363.0
2026-07-14 13:55:00+05:30,543.5,544.55,543.5,544.2,2374.0
2026-07-14 14:00:00+05:30,544.25,544.3,543.6,543.65,356.0
2026-07-14 14:05:00+05:30,543.65,544.55,543.5,544.1,1835.0
2026-07-14 14:10:00+05:30,544.15,544.85,544.05,544.05,881.0
2026-07-14 14:15:00+05:30,544.05,544.85,544.0,544.05,1674.0
2026-07-14 14:20:00+05:30,544.15,544.65,544.05,544.25,224.0
2026-07-14 14:25:00+05:30,544.25,545.0,544.05,544.35,17659.0
2026-07-14 14:30:00+05:30,544.6,545.0,544.05,544.5,40164.0
2026-07-14 14:35:00+05:30,544.5,549.0,544.45,547.75,48066.0
2026-07-14 14:40:00+05:30,547.8,549.9,547.65,549.15,11220.0
2026-07-14 14:45:00+05:30,549.15,549.9,547.65,548.1,23876.0
2026-07-14 14:50:00+05:30,548.1,548.1,545.95,545.95,8211.0
2026-07-14 14:55:00+05:30,545.95,546.65,545.8,546.0,1746.0
2026-07-14 15:00:00+05:30,546.3,549.7,546.3,548.65,9116.0
2026-07-14 15:05:00+05:30,548.55,548.9,547.35,547.85,4645.0
2026-07-14 15:10:00+05:30,548.25,548.25,546.05,546.75,7809.0
2026-07-14 15:15:00+05:30,547.0,547.55,545.55,547.55,8778.0
2026-07-14 15:20:00+05:30,547.3,547.95,545.3,545.8,11223.0
2026-07-14 15:25:00+05:30,545.8,549.25,545.15,547.8,7113.0
2026-07-15 09:15:00+05:30,550.0,554.85,548.05,550.55,19266.0
2026-07-15 09:20:00+05:30,549.05,553.5,548.5,552.35,17844.0
2026-07-15 09:25:00+05:30,552.4,554.85,552.2,554.4,19720.0
2026-07-15 09:30:00+05:30,554.85,554.85,552.8,553.95,16983.0
2026-07-15 09:35:00+05:30,554.05,556.65,554.0,555.5,15242.0
2026-07-15 09:40:00+05:30,556.0,557.0,554.45,556.05,10489.0
2026-07-15 09:45:00+05:30,556.1,557.1,554.5,554.75,11147.0
2026-07-15 09:50:00+05:30,554.5,558.9,554.5,558.3,17307.0
2026-07-15 09:55:00+05:30,558.75,559.45,556.9,557.0,9910.0
2026-07-15 10:00:00+05:30,556.9,559.8,556.7,559.3,13526.0
2026-07-15 10:05:00+05:30,558.85,559.15,557.6,559.15,4213.0
2026-07-15 10:10:00+05:30,558.7,559.0,556.85,557.15,4338.0
2026-07-15 10:15:00+05:30,557.6,558.15,556.4,557.1,4816.0
2026-07-15 10:20:00+05:30,557.15,559.45,557.1,558.0,9052.0
2026-07-15 10:25:00+05:30,558.6,558.95,556.5,556.95,9220.0
2026-07-15 10:30:00+05:30,556.6,557.15,555.9,556.8,4394.0
2026-07-15 10:35:00+05:30,556.55,559.4,556.25,558.85,7943.0
2026-07-15 10:40:00+05:30,558.55,558.85,556.3,556.85,4422.0
2026-07-15 10:45:00+05:30,556.5,559.25,555.15,558.25,19217.0
2026-07-15 10:50:00+05:30,558.75,559.1,557.6,557.6,4024.0
2026-07-15 10:55:00+05:30,557.45,557.85,553.55,554.8,10880.0
2026-07-15 11:00:00+05:30,554.85,555.0,554.1,554.9,5953.0
2026-07-15 11:05:00+05:30,555.0,555.0,554.2,554.8,3434.0
2026-07-15 11:10:00+05:30,554.85,554.9,553.7,554.2,7309.0
2026-07-15 11:15:00+05:30,554.3,555.0,553.6,554.9,5100.0
2026-07-15 11:20:00+05:30,555.0,555.0,554.45,554.5,4377.0
2026-07-15 11:25:00+05:30,554.5,555.0,554.2,554.85,3796.0
2026-07-15 11:30:00+05:30,554.35,554.85,554.2,554.7,1991.0
2026-07-15 11:35:00+05:30,554.7,555.0,554.0,554.6,2925.0
2026-07-15 11:40:00+05:30,554.3,555.0,554.0,555.0,7954.0
2026-07-15 11:45:00+05:30,555.0,555.05,554.3,554.85,5094.0
2026-07-15 11:50:00+05:30,554.85,555.0,554.15,554.7,1690.0
2026-07-15 11:55:00+05:30,554.15,554.7,554.0,554.2,3598.0
2026-07-15 12:00:00+05:30,554.35,554.5,551.35,551.35,12532.0
2026-07-15 12:05:00+05:30,551.5,551.8,550.95,551.5,2826.0
2026-07-15 12:10:00+05:30,551.5,551.95,546.15,547.85,28130.0
2026-07-15 12:15:00+05:30,547.95,548.35,547.1,548.35,3670.0
2026-07-15 12:20:00+05:30,548.35,549.3,547.85,549.3,7679.0
2026-07-15 12:25:00+05:30,549.3,549.5,548.4,548.5,2857.0
2026-07-15 12:30:00+05:30,548.85,548.85,547.8,548.35,3911.0
2026-07-15 12:35:00+05:30,548.35,548.55,547.0,548.0,5429.0
2026-07-15 12:40:00+05:30,547.75,548.05,543.65,546.85,30425.0
2026-07-15 12:45:00+05:30,546.6,547.1,539.4,545.9,54283.0
2026-07-15 12:50:00+05:30,545.9,545.9,544.65,545.0,2853.0
2026-07-15 12:55:00+05:30,545.1,545.3,543.8,545.3,6340.0
2026-07-15 13:00:00+05:30,545.2,545.75,543.25,543.85,27913.0
2026-07-15 13:05:00+05:30,543.85,543.95,541.6,543.1,46077.0
2026-07-15 13:10:00+05:30,543.05,544.55,542.85,544.55,2316.0
2026-07-15 13:15:00+05:30,544.3,545.0,543.5,544.65,35951.0
2026-07-15 13:20:00+05:30,544.4,545.75,544.4,545.3,2877.0
2026-07-15 13:25:00+05:30,545.45,546.15,544.75,545.4,2761.0
2026-07-15 13:30:00+05:30,545.85,546.4,545.05,545.95,2655.0
2026-07-15 13:35:00+05:30,545.9,546.2,544.0,544.6,13844.0
2026-07-15 13:40:00+05:30,544.65,545.25,544.4,545.2,1004.0
2026-07-15 13:45:00+05:30,545.2,545.85,544.75,545.8,2143.0
2026-07-15 13:50:00+05:30,545.7,545.95,543.85,544.35,2425.0
2026-07-15 13:55:00+05:30,544.1,544.6,544.05,544.5,1057.0
2026-07-15 14:00:00+05:30,544.5,544.55,542.6,543.15,13606.0
2026-07-15 14:05:00+05:30,543.5,543.7,542.55,543.45,4027.0
2026-07-15 14:10:00+05:30,543.15,543.75,543.1,543.15,2209.0
2026-07-15 14:15:00+05:30,543.35,543.75,543.3,543.6,2684.0
2026-07-15 14:20:00+05:30,543.75,543.75,543.25,543.75,2330.0
2026-07-15 14:25:00+05:30,543.5,543.75,541.2,542.25,34616.0
2026-07-15 14:30:00+05:30,542.1,544.7,540.7,541.4,57478.0
2026-07-15 14:35:00+05:30,541.5,541.95,538.45,541.5,18296.0
2026-07-15 14:40:00+05:30,541.1,542.7,540.8,542.3,4751.0
2026-07-15 14:45:00+05:30,542.3,542.3,541.15,541.5,2938.0
2026-07-15 14:50:00+05:30,541.5,541.55,540.45,541.05,3948.0
2026-07-15 14:55:00+05:30,541.05,542.5,540.8,541.35,4433.0
2026-07-15 15:00:00+05:30,541.35,542.5,540.95,541.45,8213.0
2026-07-15 15:05:00+05:30,541.95,542.15,540.15,540.25,10827.0
2026-07-15 15:10:00+05:30,540.5,540.5,539.5,539.95,14675.0
2026-07-15 15:15:00+05:30,539.9,540.4,539.0,540.0,13820.0
2026-07-15 15:20:00+05:30,539.6,544.55,539.6,542.0,43409.0
2026-07-15 15:25:00+05:30,542.0,543.5,540.15,543.0,18559.0
2026-07-16 09:15:00+05:30,543.0,546.05,543.0,543.85,4132.0
2026-07-16 09:20:00+05:30,543.15,543.95,542.4,543.35,7915.0
2026-07-16 09:25:00+05:30,543.0,543.1,542.0,542.0,1828.0
2026-07-16 09:30:00+05:30,542.0,543.35,542.0,543.15,3538.0
2026-07-16 09:35:00+05:30,543.05,543.05,542.2,542.3,1216.0
2026-07-16 09:40:00+05:30,542.35,543.55,542.35,543.2,1527.0
2026-07-16 09:45:00+05:30,543.45,544.0,542.75,542.75,1165.0
2026-07-16 09:50:00+05:30,542.65,542.8,542.15,542.8,2710.0
2026-07-16 09:55:00+05:30,543.1,543.1,542.7,543.05,234.0
2026-07-16 10:00:00+05:30,542.75,544.65,542.2,543.6,1661.0
2026-07-16 10:05:00+05:30,543.2,545.4,543.0,544.45,4026.0
2026-07-16 10:10:00+05:30,544.45,544.8,544.2,544.7,1279.0
2026-07-16 10:15:00+05:30,544.7,547.75,544.1,547.3,2347.0
2026-07-16 10:20:00+05:30,547.4,547.4,546.05,546.2,7339.0
2026-07-16 10:25:00+05:30,545.9,547.0,545.9,546.75,4519.0
2026-07-16 10:30:00+05:30,546.7,546.95,546.0,546.5,961.0
2026-07-16 10:35:00+05:30,546.35,546.9,546.0,546.85,1594.0
2026-07-16 10:40:00+05:30,546.85,547.15,545.65,545.75,4669.0
2026-07-16 10:45:00+05:30,545.75,546.0,545.2,545.25,3062.0
2026-07-16 10:50:00+05:30,545.7,545.8,545.25,545.55,360.0
2026-07-16 10:55:00+05:30,545.7,545.8,545.45,545.8,861.0
2026-07-16 11:00:00+05:30,545.8,545.8,545.0,545.0,189.0
2026-07-16 11:05:00+05:30,545.0,545.45,545.0,545.45,194.0
2026-07-16 11:10:00+05:30,545.2,545.45,544.75,544.9,442.0
2026-07-16 11:15:00+05:30,544.95,545.95,544.75,545.85,2454.0
2026-07-16 11:20:00+05:30,546.95,548.35,546.3,547.95,6405.0
2026-07-16 11:25:00+05:30,547.95,547.95,547.35,547.95,632.0
2026-07-16 11:30:00+05:30,548.1,548.1,547.2,547.2,289.0
2026-07-16 11:35:00+05:30,547.2,547.35,546.1,546.35,348.0
2026-07-16 11:40:00+05:30,546.35,546.55,543.1,543.1,2122.0
2026-07-16 11:45:00+05:30,543.35,544.25,542.75,544.2,2714.0
2026-07-16 11:50:00+05:30,544.2,544.25,543.65,543.9,119.0
2026-07-16 11:55:00+05:30,544.45,544.9,544.05,544.65,911.0
2026-07-16 12:00:00+05:30,544.65,544.75,544.1,544.1,368.0
2026-07-16 12:05:00+05:30,543.95,544.5,543.95,544.25,438.0
2026-07-16 12:10:00+05:30,544.25,544.5,544.1,544.35,206.0
2026-07-16 12:15:00+05:30,544.35,544.8,544.35,544.5,80.0
2026-07-16 12:20:00+05:30,544.5,544.75,544.5,544.65,155.0
2026-07-16 12:25:00+05:30,544.75,544.95,544.4,544.8,97.0
2026-07-16 12:30:00+05:30,544.8,544.85,544.5,544.7,785.0
2026-07-16 12:35:00+05:30,544.7,544.7,544.25,544.6,96.0
2026-07-16 12:40:00+05:30,544.6,544.6,544.25,544.25,82.0
2026-07-16 12:45:00+05:30,544.15,545.15,544.1,545.15,1253.0
2026-07-16 12:50:00+05:30,545.15,545.2,544.2,544.9,2219.0
2026-07-16 12:55:00+05:30,545.0,546.95,544.4,546.95,5250.0
2026-07-16 13:00:00+05:30,546.8,547.0,545.4,546.15,1730.0
2026-07-16 13:05:00+05:30,546.1,546.45,545.75,546.25,743.0
2026-07-16 13:10:00+05:30,546.1,546.45,545.7,546.25,716.0
2026-07-16 13:15:00+05:30,546.25,546.25,546.25,546.25,51.0
2026-07-16 13:20:00+05:30,546.25,546.25,545.65,545.95,448.0
2026-07-16 13:25:00+05:30,546.2,546.2,545.65,546.0,243.0
2026-07-16 13:30:00+05:30,545.65,545.65,544.55,545.45,282.0
2026-07-16 13:35:00+05:30,545.5,545.5,544.4,544.7,545.0
2026-07-16 13:40:00+05:30,544.7,544.7,544.1,544.65,673.0
2026-07-16 13:45:00+05:30,543.65,544.65,543.65,544.35,2060.0
2026-07-16 13:50:00+05:30,544.65,544.7,544.35,544.7,295.0
2026-07-16 13:55:00+05:30,545.0,545.0,544.25,544.95,1230.0
2026-07-16 14:00:00+05:30,545.0,545.7,544.65,544.95,6295.0
2026-07-16 14:05:00+05:30,545.15,545.25,545.0,545.25,465.0
2026-07-16 14:10:00+05:30,545.5,545.6,544.95,545.35,980.0
2026-07-16 14:15:00+05:30,545.3,546.85,544.8,546.6,4790.0
2026-07-16 14:20:00+05:30,546.4,546.45,545.7,546.45,623.0
2026-07-16 14:25:00+05:30,545.85,546.2,545.45,545.7,899.0
2026-07-16 14:30:00+05:30,546.1,546.1,544.8,544.9,627.0
2026-07-16 14:35:00+05:30,544.9,545.3,544.4,544.55,2835.0
2026-07-16 14:40:00+05:30,544.55,545.45,544.35,544.6,1440.0
2026-07-16 14:45:00+05:30,544.9,545.5,544.4,545.5,1280.0
2026-07-16 14:50:00+05:30,545.5,545.5,545.05,545.35,3798.0
2026-07-16 14:55:00+05:30,545.45,547.2,545.0,546.6,2310.0
2026-07-16 15:00:00+05:30,547.35,550.0,546.7,548.7,9557.0
2026-07-16 15:05:00+05:30,548.75,554.0,548.35,553.25,36682.0
2026-07-16 15:10:00+05:30,553.25,554.0,553.0,553.6,18000.0
2026-07-16 15:15:00+05:30,553.7,553.9,552.0,553.25,21803.0
2026-07-16 15:20:00+05:30,553.2,553.5,551.45,552.95,15985.0
2026-07-16 15:25:00+05:30,552.35,553.45,550.0,551.0,18545.0
2026-07-17 09:15:00+05:30,553.25,554.35,547.65,549.25,8231.0
2026-07-17 09:20:00+05:30,549.5,550.35,548.65,549.4,11005.0
2026-07-17 09:25:00+05:30,548.9,549.2,548.25,549.2,1915.0
2026-07-17 09:30:00+05:30,549.5,552.2,549.5,551.85,3394.0
2026-07-17 09:35:00+05:30,552.05,553.75,551.55,552.35,7130.0
2026-07-17 09:40:00+05:30,552.5,552.75,550.5,551.1,1837.0
2026-07-17 09:45:00+05:30,551.15,551.2,550.45,550.7,1746.0
2026-07-17 09:50:00+05:30,550.6,550.85,550.0,550.05,1338.0
2026-07-17 09:55:00+05:30,549.85,550.2,548.55,549.25,2066.0
2026-07-17 10:00:00+05:30,549.25,549.25,547.9,548.5,2015.0
2026-07-17 10:05:00+05:30,548.5,549.0,547.85,548.85,2368.0
2026-07-17 10:10:00+05:30,549.35,550.85,549.35,550.4,2680.0
2026-07-17 10:15:00+05:30,550.4,551.85,549.8,551.55,2256.0
2026-07-17 10:20:00+05:30,551.9,552.4,550.25,552.4,1520.0
2026-07-17 10:25:00+05:30,552.5,552.9,551.8,552.7,3392.0
2026-07-17 10:30:00+05:30,552.5,552.8,552.0,552.45,1931.0
2026-07-17 10:35:00+05:30,552.65,552.65,551.5,551.6,953.0
2026-07-17 10:40:00+05:30,552.1,553.85,551.6,553.5,3474.0
2026-07-17 10:45:00+05:30,553.5,553.5,552.35,552.75,789.0
2026-07-17 10:50:00+05:30,552.4,552.9,552.1,552.5,788.0
2026-07-17 10:55:00+05:30,552.25,553.35,552.05,553.0,1236.0
2026-07-17 11:00:00+05:30,553.0,556.4,553.0,555.95,19114.0
2026-07-17 11:05:00+05:30,555.7,556.0,554.95,555.05,1318.0
2026-07-17 11:10:00+05:30,555.3,555.3,553.5,553.5,701.0
2026-07-17 11:15:00+05:30,553.75,553.75,552.5,552.9,925.0
2026-07-17 11:20:00+05:30,552.6,553.3,552.3,552.45,1864.0
2026-07-17 11:25:00+05:30,552.45,552.75,552.05,552.75,759.0
2026-07-17 11:30:00+05:30,552.6,553.2,552.25,552.55,422.0
2026-07-17 11:35:00+05:30,552.55,552.55,551.6,551.75,2899.0
2026-07-17 11:40:00+05:30,551.95,552.5,551.5,551.75,2530.0
2026-07-17 11:45:00+05:30,551.5,551.5,551.15,551.5,235.0
2026-07-17 11:50:00+05:30,551.5,552.35,551.3,552.2,1134.0
2026-07-17 11:55:00+05:30,552.2,552.2,551.0,552.0,1195.0
2026-07-17 12:00:00+05:30,551.35,551.6,550.7,551.5,923.0
2026-07-17 12:05:00+05:30,551.8,552.2,551.25,552.2,1343.0
2026-07-17 12:10:00+05:30,552.2,552.5,551.75,551.75,632.0
2026-07-17 12:15:00+05:30,552.0,552.7,552.0,552.25,3200.0
2026-07-17 12:20:00+05:30,552.25,553.5,552.25,553.5,4758.0
2026-07-17 12:25:00+05:30,553.2,553.2,552.6,552.65,731.0
2026-07-17 12:30:00+05:30,552.65,552.85,552.65,552.85,188.0
2026-07-17 12:35:00+05:30,552.6,552.85,552.5,552.7,1274.0
2026-07-17 12:40:00+05:30,552.35,552.9,552.35,552.5,163.0
2026-07-17 12:45:00+05:30,552.5,553.25,552.5,552.85,845.0
2026-07-17 12:50:00+05:30,552.85,552.85,552.5,552.55,641.0
2026-07-17 12:55:00+05:30,552.8,553.5,552.55,553.5,818.0
2026-07-17 13:00:00+05:30,553.35,554.4,553.0,553.95,3575.0
2026-07-17 13:05:00+05:30,553.85,554.0,553.05,553.15,755.0
2026-07-17 13:10:00+05:30,553.6,553.6,552.8,552.8,2273.0
2026-07-17 13:15:00+05:30,552.45,553.0,552.05,552.05,1463.0
2026-07-17 13:20:00+05:30,552.05,558.0,551.95,557.5,24897.0
2026-07-17 13:25:00+05:30,557.85,558.8,557.0,557.0,27762.0
2026-07-17 13:30:00+05:30,557.0,557.55,556.25,557.55,8110.0
2026-07-17 13:35:00+05:30,557.5,557.5,556.6,557.0,1706.0
2026-07-17 13:40:00+05:30,556.8,557.0,555.95,556.35,3961.0
2026-07-17 13:45:00+05:30,556.05,557.9,556.0,557.0,12633.0
2026-07-17 13:50:00+05:30,557.0,557.2,555.45,557.05,22908.0
2026-07-17 13:55:00+05:30,557.2,558.5,556.7,558.05,20563.0
2026-07-17 14:00:00+05:30,558.5,558.8,558.0,558.15,3278.0
2026-07-17 14:05:00+05:30,558.45,558.7,557.7,558.25,2629.0
2026-07-17 14:10:00+05:30,558.3,558.3,557.1,557.15,7347.0
2026-07-17 14:15:00+05:30,557.15,558.3,557.1,557.45,9498.0
2026-07-17 14:20:00+05:30,557.65,558.25,556.0,557.1,7805.0
2026-07-17 14:25:00+05:30,557.4,557.7,556.75,557.2,2957.0
2026-07-17 14:30:00+05:30,557.5,558.0,556.85,557.1,9032.0
2026-07-17 14:35:00+05:30,557.35,557.5,556.55,557.1,1679.0
2026-07-17 14:40:00+05:30,557.3,557.35,556.2,556.7,3882.0
2026-07-17 14:45:00+05:30,556.7,557.25,555.3,555.9,1975.0
2026-07-17 14:50:00+05:30,555.85,556.0,554.85,555.05,2279.0
2026-07-17 14:55:00+05:30,555.0,556.55,554.9,556.25,1077.0
2026-07-17 15:00:00+05:30,556.4,558.45,556.2,558.25,12753.0
2026-07-17 15:05:00+05:30,558.0,558.45,557.1,557.85,22984.0
2026-07-17 15:10:00+05:30,558.0,558.8,557.5,558.55,18034.0
2026-07-17 15:15:00+05:30,558.45,558.8,557.9,558.15,20590.0
2026-07-17 15:20:00+05:30,557.45,558.1,554.4,554.8,9156.0
2026-07-17 15:25:00+05:30,554.8,558.2,553.3,556.45,26374.0
2026-07-20 09:15:00+05:30,555.0,556.0,547.35,549.0,14770.0
2026-07-20 09:20:00+05:30,549.0,550.7,548.4,548.5,6013.0
2026-07-20 09:25:00+05:30,548.55,550.15,548.0,548.4,7128.0
2026-07-20 09:30:00+05:30,548.7,549.0,548.25,548.95,2355.0
2026-07-20 09:35:00+05:30,548.65,550.25,548.65,549.3,2119.0
2026-07-20 09:40:00+05:30,549.25,550.5,549.05,550.4,2814.0
2026-07-20 09:45:00+05:30,550.45,551.25,550.45,551.05,2355.0
2026-07-20 09:50:00+05:30,551.05,551.05,550.15,551.0,652.0
2026-07-20 09:55:00+05:30,551.2,551.2,550.3,550.8,2374.0
2026-07-20 10:00:00+05:30,550.8,551.5,550.8,551.35,3301.0
2026-07-20 10:05:00+05:30,551.35,553.95,550.8,552.9,3709.0
2026-07-20 10:10:00+05:30,553.1,553.85,551.8,551.95,2138.0
2026-07-20 10:15:00+05:30,552.05,555.55,552.05,555.1,3770.0
2026-07-20 10:20:00+05:30,555.1,555.45,554.55,555.05,3922.0
2026-07-20 10:25:00+05:30,554.5,556.0,554.2,555.95,1056.0
2026-07-20 10:30:00+05:30,556.0,556.3,555.4,555.6,1061.0
2026-07-20 10:35:00+05:30,555.65,556.0,555.0,555.6,2218.0
2026-07-20 10:40:00+05:30,555.65,555.95,555.0,555.05,687.0
2026-07-20 10:45:00+05:30,555.05,555.45,551.75,552.0,2851.0
2026-07-20 10:50:00+05:30,552.05,552.45,552.05,552.1,1226.0
2026-07-20 10:55:00+05:30,552.1,552.5,551.0,551.25,2064.0
2026-07-20 11:00:00+05:30,550.8,552.4,550.5,552.15,765.0
2026-07-20 11:05:00+05:30,552.45,552.45,551.85,552.0,515.0
2026-07-20 11:10:00+05:30,552.05,552.4,552.05,552.35,43.0
2026-07-20 11:15:00+05:30,552.35,553.2,552.25,552.8,837.0
2026-07-20 11:20:00+05:30,552.45,553.45,552.25,553.2,672.0
2026-07-20 11:25:00+05:30,553.4,553.4,551.45,551.45,1080.0
2026-07-20 11:30:00+05:30,551.3,553.15,551.3,553.15,3736.0
2026-07-20 11:35:00+05:30,553.3,553.3,552.6,552.95,273.0
2026-07-20 11:40:00+05:30,553.0,553.15,552.1,552.1,1268.0
2026-07-20 11:45:00+05:30,552.05,552.15,551.65,551.65,233.0
2026-07-20 11:50:00+05:30,551.55,552.45,551.5,552.2,836.0
2026-07-20 11:55:00+05:30,552.2,552.2,551.0,551.0,1001.0
2026-07-20 12:00:00+05:30,551.7,551.7,551.3,551.7,257.0
2026-07-20 12:05:00+05:30,551.3,551.65,551.15,551.2,140.0
2026-07-20 12:10:00+05:30,551.2,555.85,551.2,553.95,3903.0
2026-07-20 12:15:00+05:30,554.0,554.0,552.7,553.8,2762.0
2026-07-20 12:20:00+05:30,553.75,556.75,553.75,555.6,13465.0
2026-07-20 12:25:00+05:30,555.45,555.45,554.75,555.2,326.0
2026-07-20 12:30:00+05:30,555.45,555.95,554.85,555.3,693.0
2026-07-20 12:35:00+05:30,555.1,557.45,554.05,557.3,9678.0
2026-07-20 12:40:00+05:30,557.3,557.35,556.0,556.8,1422.0
2026-07-20 12:45:00+05:30,556.8,556.85,555.9,556.8,1526.0
2026-07-20 12:50:00+05:30,556.45,557.15,556.45,557.0,1144.0
2026-07-20 12:55:00+05:30,557.0,557.75,556.8,557.6,1714.0
2026-07-20 13:00:00+05:30,557.65,557.65,556.95,557.55,1480.0
2026-07-20 13:05:00+05:30,557.55,558.7,557.2,558.7,1493.0
2026-07-20 13:10:00+05:30,558.7,559.9,558.25,559.3,23131.0
2026-07-20 13:15:00+05:30,559.75,561.0,559.05,560.1,42397.0
2026-07-20 13:20:00+05:30,560.15,561.0,560.15,560.5,7183.0
2026-07-20 13:25:00+05:30,560.1,561.0,559.3,560.15,8536.0
2026-07-20 13:30:00+05:30,560.1,560.45,559.15,559.2,637.0
2026-07-20 13:35:00+05:30,559.15,559.7,559.0,559.55,5447.0
2026-07-20 13:40:00+05:30,559.05,563.0,559.0,562.2,17759.0
2026-07-20 13:45:00+05:30,562.2,563.0,561.5,562.0,12431.0
2026-07-20 13:50:00+05:30,562.0,564.9,561.85,564.85,21346.0
2026-07-20 13:55:00+05:30,564.85,569.0,564.35,567.5,43030.0
2026-07-20 14:00:00+05:30,567.4,567.5,566.0,566.2,18137.0
2026-07-20 14:05:00+05:30,566.0,566.5,565.0,565.9,18886.0
2026-07-20 14:10:00+05:30,566.0,567.0,565.9,566.0,6375.0
2026-07-20 14:15:00+05:30,566.0,567.5,565.4,567.1,10820.0
2026-07-20 14:20:00+05:30,567.5,569.0,567.05,568.8,14341.0
2026-07-20 14:25:00+05:30,568.5,569.9,568.5,569.05,23271.0
2026-07-20 14:30:00+05:30,569.5,569.9,569.0,569.25,26609.0
2026-07-20 14:35:00+05:30,569.85,572.5,569.4,570.9,46384.0
2026-07-20 14:40:00+05:30,571.4,572.9,570.95,571.75,24946.0
2026-07-20 14:45:00+05:30,571.7,575.6,571.35,574.9,63642.0
2026-07-20 14:50:00+05:30,574.6,575.0,572.45,572.7,48624.0
2026-07-20 14:55:00+05:30,572.7,573.0,568.9,568.9,28870.0
2026-07-20 15:00:00+05:30,569.35,570.55,568.65,569.25,16126.0
2026-07-20 15:05:00+05:30,569.0,569.35,568.15,568.55,17233.0
2026-07-20 15:10:00+05:30,567.7,569.8,567.7,569.15,21492.0
2026-07-20 15:15:00+05:30,569.0,571.55,568.65,570.65,18620.0
2026-07-20 15:20:00+05:30,570.65,572.5,570.55,571.75,22902.0
2026-07-20 15:25:00+05:30,571.75,574.4,571.05,572.4,28856.0
2026-07-21 09:15:00+05:30,574.0,574.3,566.15,568.75,24406.0
2026-07-21 09:20:00+05:30,569.2,570.7,567.05,569.65,16347.0
2026-07-21 09:25:00+05:30,571.65,573.5,570.05,573.1,14547.0
2026-07-21 09:30:00+05:30,572.8,573.2,569.7,570.1,11113.0
2026-07-21 09:35:00+05:30,569.9,571.45,569.9,570.8,3877.0
2026-07-21 09:40:00+05:30,570.8,573.3,569.85,572.55,5081.0
2026-07-21 09:45:00+05:30,572.7,572.7,568.05,568.05,46846.0
2026-07-21 09:50:00+05:30,568.2,569.7,567.6,569.0,12978.0
2026-07-21 09:55:00+05:30,568.85,568.85,566.7,566.85,6542.0
2026-07-21 10:00:00+05:30,566.7,566.8,565.4,565.95,7704.0
2026-07-21 10:05:00+05:30,565.95,566.6,565.0,566.6,6222.0
2026-07-21 10:10:00+05:30,566.05,566.4,565.0,565.0,4489.0
2026-07-21 10:15:00+05:30,565.45,569.9,565.25,569.9,32311.0
2026-07-21 10:20:00+05:30,569.9,569.9,568.7,568.95,24056.0
2026-07-21 10:25:00+05:30,568.95,569.7,568.95,569.55,2127.0
2026-07-21 10:30:00+05:30,569.55,569.7,568.55,568.95,1865.0
2026-07-21 10:35:00+05:30,568.85,568.95,567.9,568.35,2547.0
2026-07-21 10:40:00+05:30,568.35,568.75,568.0,568.75,2195.0
2026-07-21 10:45:00+05:30,568.75,568.75,568.3,568.45,1200.0
2026-07-21 10:50:00+05:30,568.7,568.7,567.75,568.05,1519.0
2026-07-21 10:55:00+05:30,568.1,568.25,567.75,568.2,1302.0
2026-07-21 11:00:00+05:30,568.25,568.25,567.3,568.0,1918.0
2026-07-21 11:05:00+05:30,567.75,568.1,567.3,567.75,1355.0
2026-07-21 11:10:00+05:30,567.75,569.25,567.45,569.1,2836.0
2026-07-21 11:15:00+05:30,568.7,569.3,566.75,569.0,3022.0
2026-07-21 11:20:00+05:30,569.0,569.1,568.25,568.65,1325.0
2026-07-21 11:25:00+05:30,568.65,568.65,567.35,567.7,2759.0
2026-07-21 11:30:00+05:30,567.7,569.2,567.2,569.15,3555.0
2026-07-21 11:35:00+05:30,569.2,569.2,568.4,568.85,1873.0
2026-07-21 11:40:00+05:30,568.85,569.0,568.0,568.95,1319.0
2026-07-21 11:45:00+05:30,568.9,569.15,568.55,569.1,991.0
2026-07-21 11:50:00+05:30,569.1,569.2,568.7,568.85,1124.0
2026-07-21 11:55:00+05:30,568.8,569.6,568.8,569.45,1209.0
2026-07-21 12:00:00+05:30,569.5,569.55,567.35,567.85,2033.0
2026-07-21 12:05:00+05:30,567.85,569.1,567.85,568.55,1547.0
2026-07-21 12:10:00+05:30,568.2,569.4,568.2,569.3,953.0
2026-07-21 12:15:00+05:30,569.3,569.3,568.3,568.7,1585.0
2026-07-21 12:20:00+05:30,568.65,569.15,568.3,569.1,1942.0
2026-07-21 12:25:00+05:30,569.25,569.25,568.55,568.9,1254.0
2026-07-21 12:30:00+05:30,568.95,569.25,568.75,569.2,1127.0
2026-07-21 12:35:00+05:30,569.25,569.55,569.0,569.45,1801.0
2026-07-21 12:40:00+05:30,569.5,569.5,568.7,569.2,1812.0
2026-07-21 12:45:00+05:30,569.15,569.65,569.05,569.4,4816.0
2026-07-21 12:50:00+05:30,569.4,569.45,568.4,569.2,1518.0
2026-07-21 12:55:00+05:30,569.25,569.35,567.05,567.55,10856.0
2026-07-21 13:00:00+05:30,567.4,568.1,566.85,567.55,1977.0
2026-07-21 13:05:00+05:30,567.3,567.95,567.15,567.9,1142.0
2026-07-21 13:10:00+05:30,567.8,567.85,567.0,567.8,2954.0
2026-07-21 13:15:00+05:30,567.35,567.95,567.35,567.75,997.0
2026-07-21 13:20:00+05:30,567.95,568.4,567.6,568.0,1069.0
2026-07-21 13:25:00+05:30,568.3,568.35,567.2,567.85,1253.0
2026-07-21 13:30:00+05:30,567.85,568.05,567.35,567.35,1408.0
2026-07-21 13:35:00+05:30,567.7,567.95,567.0,567.4,1427.0
2026-07-21 13:40:00+05:30,567.75,568.05,567.0,567.45,1322.0
2026-07-21 13:45:00+05:30,567.1,567.85,566.65,567.7,2729.0
2026-07-21 13:50:00+05:30,567.7,568.0,567.35,567.55,1704.0
2026-07-21 13:55:00+05:30,567.85,567.85,566.5,567.05,2694.0
2026-07-21 14:00:00+05:30,567.05,567.7,566.7,567.1,1135.0
2026-07-21 14:05:00+05:30,567.6,567.75,567.2,567.4,1039.0
2026-07-21 14:10:00+05:30,567.4,567.45,566.85,567.3,1495.0
2026-07-21 14:15:00+05:30,566.85,567.65,566.65,567.2,1790.0
2026-07-21 14:20:00+05:30,567.55,567.65,567.0,567.15,1240.0
2026-07-21 14:25:00+05:30,567.5,567.9,567.15,567.5,1303.0
2026-07-21 14:30:00+05:30,567.7,567.9,567.2,567.85,1548.0
2026-07-21 14:35:00+05:30,567.45,569.8,567.45,567.95,5278.0
2026-07-21 14:40:00+05:30,568.35,569.1,567.15,567.15,11641.0
2026-07-21 14:45:00+05:30,566.6,567.25,566.0,566.2,2809.0
2026-07-21 14:50:00+05:30,566.2,568.3,566.0,568.3,2041.0
2026-07-21 14:55:00+05:30,568.1,568.8,566.0,566.0,3077.0
2026-07-21 15:00:00+05:30,566.3,566.55,564.25,564.9,4530.0
2026-07-21 15:05:00+05:30,564.55,564.8,562.55,563.25,14591.0
2026-07-21 15:10:00+05:30,563.35,565.0,563.0,564.55,5136.0
2026-07-21 15:15:00+05:30,564.55,565.6,564.45,564.95,5065.0
2026-07-21 15:20:00+05:30,564.95,565.5,563.2,564.95,20802.0
2026-07-21 15:25:00+05:30,564.85,566.0,564.05,566.0,6988.0
2026-07-22 09:15:00+05:30,564.45,569.95,559.1,559.85,8913.0
2026-07-22 09:20:00+05:30,559.15,559.6,557.0,557.25,6528.0
2026-07-22 09:25:00+05:30,557.8,557.8,555.75,556.05,6955.0
2026-07-22 09:30:00+05:30,555.55,556.6,555.1,555.25,5413.0
2026-07-22 09:35:00+05:30,555.25,555.9,554.65,555.8,10918.0
2026-07-22 09:40:00+05:30,556.0,556.0,554.3,555.4,8437.0
2026-07-22 09:45:00+05:30,555.4,557.2,555.1,556.0,3038.0
2026-07-22 09:50:00+05:30,555.85,557.0,555.85,556.2,4238.0
2026-07-22 09:55:00+05:30,556.05,556.05,555.15,556.0,1964.0
2026-07-22 10:00:00+05:30,556.1,557.85,556.0,557.85,966.0
2026-07-22 10:05:00+05:30,557.85,558.85,557.5,558.8,2207.0
2026-07-22 10:10:00+05:30,558.55,558.95,552.3,552.95,5460.0
2026-07-22 10:15:00+05:30,552.95,554.05,552.25,554.05,2509.0
2026-07-22 10:20:00+05:30,554.0,554.5,553.7,554.0,994.0
2026-07-22 10:25:00+05:30,553.7,553.8,552.0,553.8,5240.0
2026-07-22 10:30:00+05:30,553.85,554.9,552.95,554.9,3616.0
2026-07-22 10:35:00+05:30,554.85,556.6,554.85,556.15,1048.0
2026-07-22 10:40:00+05:30,556.15,556.2,555.0,555.6,2122.0
2026-07-22 10:45:00+05:30,555.7,556.1,555.4,556.1,1437.0
2026-07-22 10:50:00+05:30,556.05,556.05,551.45,552.05,5966.0
2026-07-22 10:55:00+05:30,552.2,554.0,551.3,552.85,9536.0
2026-07-22 11:00:00+05:30,553.2,553.35,552.05,552.3,10034.0
2026-07-22 11:05:00+05:30,552.05,552.1,551.05,551.5,2559.0
2026-07-22 11:10:00+05:30,551.2,552.1,551.15,551.7,795.0
2026-07-22 11:15:00+05:30,551.7,552.7,551.7,552.7,10311.0
2026-07-22 11:20:00+05:30,552.7,553.45,552.25,552.9,3536.0
2026-07-22 11:25:00+05:30,552.9,553.4,552.9,553.0,637.0
2026-07-22 11:30:00+05:30,553.15,553.15,552.5,552.75,1006.0
2026-07-22 11:35:00+05:30,552.75,553.5,552.35,552.55,2243.0
2026-07-22 11:40:00+05:30,552.55,553.8,552.4,552.65,1984.0
2026-07-22 11:45:00+05:30,552.65,553.6,552.3,552.9,1283.0
2026-07-22 11:50:00+05:30,552.9,553.05,552.5,552.9,876.0
2026-07-22 11:55:00+05:30,552.85,553.4,552.4,553.35,1459.0
2026-07-22 12:00:00+05:30,553.35,553.35,551.2,551.9,1952.0
2026-07-22 12:05:00+05:30,551.9,552.1,550.0,550.5,4943.0
2026-07-22 12:10:00+05:30,550.55,551.3,550.25,551.3,1294.0
2026-07-22 12:15:00+05:30,551.4,551.4,550.05,550.75,3380.0
2026-07-22 12:20:00+05:30,550.75,551.85,549.3,551.85,4783.0
2026-07-22 12:25:00+05:30,551.95,552.7,551.35,551.8,1958.0
2026-07-22 12:30:00+05:30,551.8,551.8,550.55,551.15,2184.0
2026-07-22 12:35:00+05:30,551.15,551.15,550.05,550.05,1014.0
2026-07-22 12:40:00+05:30,550.1,551.0,549.8,551.0,1093.0
2026-07-22 12:45:00+05:30,551.0,551.3,550.7,551.3,1456.0
2026-07-22 12:50:00+05:30,551.45,551.7,550.95,551.5,667.0
2026-07-22 12:55:00+05:30,551.5,552.0,551.0,551.0,1017.0
2026-07-22 13:00:00+05:30,550.95,551.85,550.7,551.1,866.0
2026-07-22 13:05:00+05:30,551.0,551.4,550.6,550.95,703.0
2026-07-22 13:10:00+05:30,550.4,550.65,550.05,550.5,1024.0
2026-07-22 13:15:00+05:30,550.35,550.5,550.0,550.15,624.0
2026-07-22 13:20:00+05:30,550.15,550.7,550.0,550.5,2930.0
2026-07-22 13:25:00+05:30,550.5,550.75,550.1,550.55,1414.0
2026-07-22 13:30:00+05:30,550.5,550.65,549.9,550.4,1611.0
2026-07-22 13:35:00+05:30,550.6,550.6,549.4,549.6,1913.0
2026-07-22 13:40:00+05:30,549.85,550.05,548.25,549.1,3092.0
2026-07-22 13:45:00+05:30,549.0,549.25,548.3,548.5,1556.0
2026-07-22 13:50:00+05:30,548.5,548.65,548.0,548.0,1448.0
2026-07-22 13:55:00+05:30,548.0,549.1,547.85,547.85,4395.0
2026-07-22 14:00:00+05:30,547.55,547.55,546.05,547.05,5841.0
2026-07-22 14:05:00+05:30,547.05,547.5,545.85,545.85,3448.0
2026-07-22 14:10:00+05:30,545.85,547.25,545.45,546.0,4625.0
2026-07-22 14:15:00+05:30,545.7,546.35,545.15,546.0,3131.0
2026-07-22 14:20:00+05:30,546.0,546.4,544.0,546.0,11465.0
2026-07-22 14:25:00+05:30,546.3,546.5,545.3,545.35,3308.0
2026-07-22 14:30:00+05:30,545.1,545.5,544.85,545.35,3325.0
2026-07-22 14:35:00+05:30,545.5,545.85,544.95,545.45,1945.0
2026-07-22 14:40:00+05:30,545.8,545.8,544.5,544.85,5082.0
2026-07-22 14:45:00+05:30,544.85,545.6,544.7,545.1,1804.0
2026-07-22 14:50:00+05:30,545.1,545.55,543.7,544.15,4335.0
2026-07-22 14:55:00+05:30,545.0,548.15,545.0,547.25,14454.0
2026-07-22 15:00:00+05:30,547.5,549.5,546.6,548.2,12699.0
2026-07-22 15:05:00+05:30,548.25,548.75,546.5,548.2,16438.0
2026-07-22 15:10:00+05:30,548.2,548.25,545.3,546.25,11733.0
2026-07-22 15:15:00+05:30,546.5,546.5,544.3,545.75,15750.0
2026-07-22 15:20:00+05:30,545.65,545.65,544.55,545.45,21723.0
2026-07-22 15:25:00+05:30,545.4,546.0,541.3,544.2,42854.0
2026-07-23 09:15:00+05:30,545.3,547.8,539.25,542.7,27575.0
2026-07-23 09:20:00+05:30,542.5,543.4,541.75,543.4,3605.0
2026-07-23 09:25:00+05:30,543.35,544.45,542.75,544.35,6631.0
2026-07-23 09:30:00+05:30,544.35,544.35,542.85,543.25,1093.0
2026-07-23 09:35:00+05:30,543.25,543.25,541.0,541.4,2728.0
2026-07-23 09:40:00+05:30,542.1,543.25,541.25,542.25,1991.0
2026-07-23 09:45:00+05:30,542.6,542.65,541.8,542.2,822.0
2026-07-23 09:50:00+05:30,542.15,543.4,542.15,543.4,1977.0
2026-07-23 09:55:00+05:30,543.4,545.35,543.4,545.05,2362.0
2026-07-23 10:00:00+05:30,544.95,547.5,544.95,546.7,4650.0
2026-07-23 10:05:00+05:30,546.7,547.0,543.85,543.95,6155.0
2026-07-23 10:10:00+05:30,544.2,544.2,543.0,543.0,773.0
2026-07-23 10:15:00+05:30,542.95,543.15,539.0,539.1,23457.0
2026-07-23 10:20:00+05:30,539.2,539.65,539.1,539.55,736.0
2026-07-23 10:25:00+05:30,539.55,543.3,539.05,542.95,4467.0
2026-07-23 10:30:00+05:30,543.0,543.7,542.95,543.3,1802.0
2026-07-23 10:35:00+05:30,543.3,545.2,542.95,542.95,4549.0
2026-07-23 10:40:00+05:30,542.7,543.1,537.1,537.75,33220.0
2026-07-23 10:45:00+05:30,537.75,538.15,536.6,537.85,6365.0
2026-07-23 10:50:00+05:30,537.95,538.25,537.0,537.85,3281.0
2026-07-23 10:55:00+05:30,537.9,538.25,537.3,537.85,2497.0
2026-07-23 11:00:00+05:30,537.9,538.0,537.5,537.5,1070.0
2026-07-23 11:05:00+05:30,538.1,538.15,537.55,538.05,1551.0
2026-07-23 11:10:00+05:30,537.5,537.5,537.0,537.2,3822.0
2026-07-23 11:15:00+05:30,537.2,537.25,536.4,536.4,1524.0
2026-07-23 11:20:00+05:30,536.3,536.5,535.55,536.0,4290.0
2026-07-23 11:25:00+05:30,536.0,536.5,535.3,535.75,3766.0
2026-07-23 11:30:00+05:30,536.0,536.05,535.75,536.0,665.0
2026-07-23 11:35:00+05:30,536.0,536.3,535.9,535.9,1225.0
2026-07-23 11:40:00+05:30,536.1,536.1,535.5,535.85,390.0
2026-07-23 11:45:00+05:30,536.0,536.1,535.55,536.05,969.0
2026-07-23 11:50:00+05:30,535.65,535.95,535.3,535.95,602.0
2026-07-23 11:55:00+05:30,535.5,536.65,535.3,536.65,451.0
2026-07-23 12:00:00+05:30,536.0,536.45,535.65,535.8,1576.0
2026-07-23 12:05:00+05:30,535.8,536.65,535.7,536.15,2162.0
2026-07-23 12:10:00+05:30,536.1,536.6,536.0,536.1,368.0
2026-07-23 12:15:00+05:30,535.9,535.9,535.2,535.65,854.0
2026-07-23 12:20:00+05:30,535.6,535.85,535.3,535.5,209.0
2026-07-23 12:25:00+05:30,535.55,535.55,535.0,535.3,2068.0
2026-07-23 12:30:00+05:30,534.9,535.15,533.25,535.15,11239.0
2026-07-23 12:35:00+05:30,534.55,536.05,534.55,535.65,745.0
2026-07-23 12:40:00+05:30,535.7,535.7,534.4,534.4,1003.0
2026-07-23 12:45:00+05:30,534.0,534.0,533.05,534.0,1835.0
2026-07-23 12:50:00+05:30,533.75,534.3,533.75,534.0,979.0
2026-07-23 12:55:00+05:30,534.05,534.05,529.9,531.6,22213.0
2026-07-23 13:00:00+05:30,531.2,531.2,529.0,529.95,18543.0
2026-07-23 13:05:00+05:30,530.4,530.95,529.2,529.75,2084.0
2026-07-23 13:10:00+05:30,529.3,530.0,529.3,529.3,1073.0
2026-07-23 13:15:00+05:30,529.3,529.9,529.0,529.75,3236.0
2026-07-23 13:20:00+05:30,529.6,529.6,528.85,528.9,1476.0
2026-07-23 13:25:00+05:30,529.2,529.55,528.35,529.05,1710.0
2026-07-23 13:30:00+05:30,529.05,529.3,526.55,527.2,8589.0
2026-07-23 13:35:00+05:30,527.2,527.5,526.75,527.2,1081.0
2026-07-23 13:40:00+05:30,527.25,528.0,527.25,527.45,1952.0
2026-07-23 13:45:00+05:30,527.4,528.45,527.4,528.05,2300.0
2026-07-23 13:50:00+05:30,528.1,529.75,528.1,529.3,4914.0
2026-07-23 13:55:00+05:30,529.2,534.6,529.0,533.9,12611.0
2026-07-23 14:00:00+05:30,533.9,536.35,533.9,536.35,13187.0
2026-07-23 14:05:00+05:30,536.35,537.0,535.2,536.9,7815.0
2026-07-23 14:10:00+05:30,536.65,536.9,536.05,536.55,5477.0
2026-07-23 14:15:00+05:30,536.55,537.75,536.5,536.85,4494.0
2026-07-23 14:20:00+05:30,536.85,537.8,536.55,537.5,4827.0
2026-07-23 14:25:00+05:30,537.5,537.5,536.05,536.35,3895.0
2026-07-23 14:30:00+05:30,536.55,538.4,536.55,537.4,3904.0
2026-07-23 14:35:00+05:30,537.65,538.35,535.85,536.85,9109.0
2026-07-23 14:40:00+05:30,536.6,542.7,536.6,538.75,18710.0
2026-07-23 14:45:00+05:30,538.35,539.45,538.25,539.1,2924.0
2026-07-23 14:50:00+05:30,538.85,539.15,538.0,539.15,3053.0
2026-07-23 14:55:00+05:30,538.85,540.85,538.85,539.55,4613.0
2026-07-23 15:00:00+05:30,539.75,539.75,533.25,534.55,16693.0
2026-07-23 15:05:00+05:30,534.4,535.25,533.1,534.2,17911.0
2026-07-23 15:10:00+05:30,534.9,535.4,533.45,534.8,11264.0
2026-07-23 15:15:00+05:30,534.7,535.45,533.55,534.9,16357.0
2026-07-23 15:20:00+05:30,535.0,535.55,533.65,534.4,19770.0
2026-07-23 15:25:00+05:30,534.4,535.45,532.55,532.6,30166.0
2026-07-24 09:15:00+05:30,535.2,535.2,525.2,531.35,18356.0
2026-07-24 09:20:00+05:30,531.5,532.15,528.4,528.85,5629.0
2026-07-24 09:25:00+05:30,528.6,528.6,524.0,525.1,10025.0
2026-07-24 09:30:00+05:30,525.5,527.3,525.5,527.05,2564.0
2026-07-24 09:35:00+05:30,527.1,529.0,526.3,526.5,6253.0
2026-07-24 09:40:00+05:30,526.65,526.85,525.5,526.0,1058.0
2026-07-24 09:45:00+05:30,526.2,526.65,525.0,525.55,1760.0
2026-07-24 09:50:00+05:30,525.45,525.55,524.85,525.35,1024.0
2026-07-24 09:55:00+05:30,525.35,525.35,524.15,524.6,3324.0
2026-07-24 10:00:00+05:30,524.35,524.8,521.6,521.95,3500.0
2026-07-24 10:05:00+05:30,522.0,522.25,520.5,520.8,3540.0
2026-07-24 10:10:00+05:30,520.9,526.65,520.55,526.1,13250.0
2026-07-24 10:15:00+05:30,526.1,527.6,526.0,526.65,2720.0
2026-07-24 10:20:00+05:30,526.0,526.5,524.85,524.85,1389.0
2026-07-24 10:25:00+05:30,525.1,526.75,524.9,526.75,3825.0
2026-07-24 10:30:00+05:30,526.35,527.25,526.35,527.1,2356.0
2026-07-24 10:35:00+05:30,526.75,528.7,526.75,528.5,688.0
2026-07-24 10:40:00+05:30,528.45,528.75,527.9,528.2,286.0
2026-07-24 10:45:00+05:30,528.2,528.2,527.55,527.75,267.0
2026-07-24 10:50:00+05:30,528.1,528.7,527.9,528.65,799.0
2026-07-24 10:55:00+05:30,528.75,528.75,527.8,527.8,236.0
2026-07-24 11:00:00+05:30,527.7,527.7,526.9,527.35,349.0
2026-07-24 11:05:00+05:30,527.25,527.25,526.45,526.9,96.0
2026-07-24 11:10:00+05:30,526.85,527.7,526.25,527.0,1301.0
2026-07-24 11:15:00+05:30,526.8,527.05,526.0,526.7,2354.0
2026-07-24 11:20:00+05:30,526.1,527.85,526.1,527.1,832.0
2026-07-24 11:25:00+05:30,527.1,527.75,526.7,526.8,1500.0
2026-07-24 11:30:00+05:30,526.7,527.8,526.7,527.75,613.0
2026-07-24 11:35:00+05:30,527.35,527.8,527.25,527.45,181.0
2026-07-24 11:40:00+05:30,527.45,528.0,527.2,528.0,483.0
2026-07-24 11:45:00+05:30,527.7,529.0,527.55,528.25,1634.0
2026-07-24 11:50:00+05:30,528.25,529.5,527.75,528.55,1888.0
2026-07-24 11:55:00+05:30,528.55,529.0,528.35,528.6,749.0
2026-07-24 12:00:00+05:30,528.05,528.55,528.05,528.55,250.0
2026-07-24 12:05:00+05:30,528.65,528.65,528.1,528.65,1144.0
2026-07-24 12:10:00+05:30,528.15,528.6,527.05,528.15,4365.0
2026-07-24 12:15:00+05:30,528.15,529.55,528.15,528.95,573.0
2026-07-24 12:20:00+05:30,529.0,529.35,528.1,529.15,1973.0
2026-07-24 12:25:00+05:30,529.2,530.25,529.2,530.0,6440.0
2026-07-24 12:30:00+05:30,530.0,530.55,529.7,530.0,633.0
2026-07-24 12:35:00+05:30,530.0,530.65,529.85,530.0,385.0
2026-07-24 12:40:00+05:30,530.0,531.35,530.0,531.35,3593.0
2026-07-24 12:45:00+05:30,531.25,531.5,530.9,531.2,795.0
2026-07-24 12:50:00+05:30,531.2,531.6,530.4,530.85,1485.0
2026-07-24 12:55:00+05:30,530.9,531.8,530.9,531.4,495.0
2026-07-24 13:00:00+05:30,531.2,531.55,530.4,530.7,610.0
2026-07-24 13:05:00+05:30,530.25,530.3,529.6,529.85,1431.0
2026-07-24 13:10:00+05:30,529.75,531.35,529.75,531.2,3506.0
2026-07-24 13:15:00+05:30,531.25,533.35,530.9,533.0,3108.0
2026-07-24 13:20:00+05:30,533.0,533.4,532.35,532.6,1324.0
2026-07-24 13:25:00+05:30,532.45,533.2,532.25,533.1,1570.0
2026-07-24 13:30:00+05:30,533.1,533.7,531.95,531.95,917.0
2026-07-24 13:35:00+05:30,531.95,534.35,531.75,532.5,3373.0
2026-07-24 13:40:00+05:30,532.5,532.65,531.0,531.3,795.0
2026-07-24 13:45:00+05:30,531.3,531.8,530.45,530.5,1463.0
2026-07-24 13:50:00+05:30,530.5,531.45,530.5,531.35,585.0
2026-07-24 13:55:00+05:30,530.95,531.35,530.95,531.05,301.0
2026-07-24 14:00:00+05:30,531.35,533.5,531.2,533.1,3278.0
2026-07-24 14:05:00+05:30,533.0,535.5,532.3,534.1,12568.0
2026-07-24 14:10:00+05:30,533.7,534.4,533.0,533.15,708.0
2026-07-24 14:15:00+05:30,533.4,535.85,533.4,535.85,11926.0
2026-07-24 14:20:00+05:30,535.35,535.85,528.25,531.2,112001.0
2026-07-24 14:25:00+05:30,531.2,531.9,530.0,530.6,16942.0
2026-07-24 14:30:00+05:30,530.6,531.4,530.5,530.8,2154.0
2026-07-24 14:35:00+05:30,530.8,531.1,530.0,530.2,5789.0
2026-07-24 14:40:00+05:30,530.2,531.45,530.0,531.15,5074.0
2026-07-24 14:45:00+05:30,531.15,531.95,530.9,531.95,3151.0
2026-07-24 14:50:00+05:30,531.55,536.95,531.55,535.55,15390.0
2026-07-24 14:55:00+05:30,535.55,536.5,534.8,536.35,7652.0
2026-07-24 15:00:00+05:30,536.25,536.7,535.0,536.15,18255.0
2026-07-24 15:05:00+05:30,536.15,537.9,535.55,535.65,13538.0
2026-07-24 15:10:00+05:30,535.7,536.45,534.55,536.45,35330.0
2026-07-24 15:15:00+05:30,535.9,536.5,534.1,534.95,35457.0
2026-07-24 15:20:00+05:30,534.95,535.9,534.0,535.25,22258.0
2026-07-24 15:25:00+05:30,535.55,538.0,534.95,535.3,28550.0
2026-07-27 09:15:00+05:30,540.0,548.3,539.85,542.4,65037.0
2026-07-27 09:20:00+05:30,541.8,543.4,541.5,541.5,16118.0
2026-07-27 09:25:00+05:30,541.2,543.7,540.55,542.85,12592.0
2026-07-27 09:30:00+05:30,542.9,551.25,542.55,549.8,33675.0
2026-07-27 09:35:00+05:30,549.8,550.05,544.3,544.6,16632.0
2026-07-27 09:40:00+05:30,544.75,545.2,542.2,542.2,21843.0
2026-07-27 09:45:00+05:30,542.55,543.5,542.25,542.8,12745.0
2026-07-27 09:50:00+05:30,543.15,543.2,541.1,541.25,12157.0
2026-07-27 09:55:00+05:30,541.45,543.35,540.8,542.1,11885.0
2026-07-27 10:00:00+05:30,542.1,543.85,541.5,541.85,9641.0
2026-07-27 10:05:00+05:30,541.65,543.25,540.8,540.8,11490.0
2026-07-27 10:10:00+05:30,540.8,542.25,540.5,541.5,20112.0
2026-07-27 10:15:00+05:30,541.55,542.3,540.7,540.7,21253.0
2026-07-27 10:20:00+05:30,540.8,546.4,540.1,546.4,25440.0
2026-07-27 10:25:00+05:30,547.1,554.4,547.1,550.55,49027.0
2026-07-27 10:30:00+05:30,550.55,551.95,548.0,550.7,10718.0
2026-07-27 10:35:00+05:30,551.0,551.95,549.55,551.4,12528.0
2026-07-27 10:40:00+05:30,551.0,553.7,551.0,553.15,21994.0
2026-07-27 10:45:00+05:30,553.15,556.55,553.1,555.8,35675.0
2026-07-27 10:50:00+05:30,556.05,557.95,553.6,553.6,43067.0
2026-07-27 10:55:00+05:30,553.5,554.6,551.25,551.55,18498.0
2026-07-27 11:00:00+05:30,551.4,551.75,549.9,550.1,14351.0
2026-07-27 11:05:00+05:30,550.0,550.0,546.0,546.65,33380.0
2026-07-27 11:10:00+05:30,546.15,546.8,545.25,545.7,3153.0
2026-07-27 11:15:00+05:30,545.6,551.5,545.0,551.4,48850.0
2026-07-27 11:20:00+05:30,550.65,551.55,548.65,549.8,31695.0
2026-07-27 11:25:00+05:30,549.7,553.8,549.0,552.8,23966.0
2026-07-27 11:30:00+05:30,552.55,553.95,548.65,549.0,29500.0
2026-07-27 11:35:00+05:30,549.45,549.95,548.25,549.5,21045.0
2026-07-27 11:40:00+05:30,549.05,549.5,548.25,548.65,5814.0
2026-07-27 11:45:00+05:30,548.45,549.0,548.15,548.15,5456.0
2026-07-27 11:50:00+05:30,548.1,548.8,547.95,548.6,3864.0
2026-07-27 11:55:00+05:30,548.7,549.0,547.75,548.0,5654.0
2026-07-27 12:00:00+05:30,547.65,548.1,547.25,547.65,5386.0
2026-07-27 12:05:00+05:30,547.25,548.15,547.15,547.85,3734.0
2026-07-27 12:10:00+05:30,547.4,549.25,547.35,549.0,16685.0
2026-07-27 12:15:00+05:30,548.85,549.75,548.55,549.45,4246.0
2026-07-27 12:20:00+05:30,549.15,549.45,548.55,548.85,3069.0
2026-07-27 12:25:00+05:30,548.85,549.0,547.05,547.4,16960.0
2026-07-27 12:30:00+05:30,547.05,547.4,546.65,547.0,3110.0
2026-07-27 12:35:00+05:30,546.65,547.0,545.95,546.15,5651.0
2026-07-27 12:40:00+05:30,545.9,546.0,543.55,544.5,9413.0
2026-07-27 12:45:00+05:30,544.4,545.95,544.0,544.6,7540.0
2026-07-27 12:50:00+05:30,544.15,544.65,544.0,544.45,2753.0
2026-07-27 12:55:00+05:30,544.25,544.55,542.4,543.05,14787.0
2026-07-27 13:00:00+05:30,542.75,545.35,542.55,544.85,27375.0
2026-07-27 13:05:00+05:30,544.85,545.65,542.5,542.55,22260.0
2026-07-27 13:10:00+05:30,542.55,543.0,542.0,542.5,3796.0
2026-07-27 13:15:00+05:30,542.15,542.5,541.4,542.1,14407.0
2026-07-27 13:20:00+05:30,541.9,542.35,541.0,541.5,11871.0
2026-07-27 13:25:00+05:30,541.45,542.0,540.8,541.1,9373.0
2026-07-27 13:30:00+05:30,541.4,542.5,541.2,541.25,9817.0
2026-07-27 13:35:00+05:30,541.25,541.65,541.05,541.15,4267.0
2026-07-27 13:40:00+05:30,541.3,541.85,541.0,541.55,5765.0
2026-07-27 13:45:00+05:30,541.55,542.75,541.25,542.65,7613.0
2026-07-27 13:50:00+05:30,542.45,542.7,541.75,542.0,3417.0
2026-07-27 13:55:00+05:30,541.9,542.8,541.55,542.55,3532.0
2026-07-27 14:00:00+05:30,542.2,542.7,542.0,542.45,4006.0
2026-07-27 14:05:00+05:30,542.2,542.6,542.0,542.2,3833.0
2026-07-27 14:10:00+05:30,542.15,542.7,541.0,541.5,13593.0
2026-07-27 14:15:00+05:30,541.0,542.0,541.0,541.7,5280.0
2026-07-27 14:20:00+05:30,541.35,542.0,540.45,540.9,15924.0
2026-07-27 14:25:00+05:30,541.0,541.0,540.1,540.6,6465.0
2026-07-27 14:30:00+05:30,540.6,540.9,540.0,540.4,8558.0
2026-07-27 14:35:00+05:30,540.45,541.0,540.0,540.45,3809.0
2026-07-27 14:40:00+05:30,540.8,545.85,540.45,541.05,74629.0
2026-07-27 14:45:00+05:30,540.85,542.0,540.7,541.05,6710.0
2026-07-27 14:50:00+05:30,541.6,542.5,540.6,541.7,7510.0
2026-07-27 14:55:00+05:30,541.8,542.1,541.1,541.7,4862.0
2026-07-27 15:00:00+05:30,541.55,542.3,541.2,542.25,9248.0
2026-07-27 15:05:00+05:30,542.2,542.4,540.3,540.4,16436.0
2026-07-27 15:10:00+05:30,540.75,541.75,540.0,540.8,29264.0
2026-07-27 15:15:00+05:30,540.6,541.0,540.0,540.7,20330.0
2026-07-27 15:20:00+05:30,540.15,541.0,539.7,540.1,44776.0
2026-07-27 15:25:00+05:30,540.45,543.0,538.55,543.0,155245.0
2026-07-28 09:15:00+05:30,540.0,550.3,540.0,545.5,34426.0
2026-07-28 09:20:00+05:30,544.8,546.4,543.4,545.75,11710.0
2026-07-28 09:25:00+05:30,545.8,553.65,545.05,552.4,31014.0
2026-07-28 09:30:00+05:30,552.1,552.75,544.5,545.35,55667.0
2026-07-28 09:35:00+05:30,545.0,546.75,545.0,545.0,34199.0
2026-07-28 09:40:00+05:30,545.0,548.75,544.95,548.75,31657.0
2026-07-28 09:45:00+05:30,549.15,557.1,549.15,556.45,70247.0
2026-07-28 09:50:00+05:30,556.7,557.45,552.7,554.35,47089.0
2026-07-28 09:55:00+05:30,553.85,557.7,551.5,552.9,40852.0
2026-07-28 10:00:00+05:30,552.9,555.85,549.75,550.4,70286.0
2026-07-28 10:05:00+05:30,550.35,551.7,546.5,547.45,64074.0
2026-07-28 10:10:00+05:30,547.9,550.65,547.45,550.2,67176.0
2026-07-28 10:15:00+05:30,550.2,554.7,550.0,550.0,69046.0
2026-07-28 10:20:00+05:30,550.0,552.9,547.95,548.35,154675.0
2026-07-28 10:25:00+05:30,548.8,552.85,547.5,552.8,67306.0
2026-07-28 10:30:00+05:30,552.65,554.65,549.35,552.3,80045.0
2026-07-28 10:35:00+05:30,552.35,554.3,552.3,554.15,20317.0
2026-07-28 10:40:00+05:30,554.1,555.0,553.15,553.3,27739.0
2026-07-28 10:45:00+05:30,553.3,554.75,552.8,554.25,26101.0
2026-07-28 10:50:00+05:30,554.0,554.85,553.45,554.5,16201.0
2026-07-28 10:55:00+05:30,554.25,554.75,553.9,554.15,12345.0
2026-07-28 11:00:00+05:30,553.9,554.95,553.1,553.2,20295.0
2026-07-28 11:05:00+05:30,553.55,561.7,553.55,557.55,73822.0
2026-07-28 11:10:00+05:30,557.55,561.5,555.5,561.5,25764.0
2026-07-28 11:15:00+05:30,561.2,564.9,560.0,563.5,84312.0
2026-07-28 11:20:00+05:30,563.15,569.0,562.4,566.8,181050.0
2026-07-28 11:25:00+05:30,566.7,571.5,565.85,569.75,226782.0
2026-07-28 11:30:00+05:30,569.35,573.6,563.35,563.5,410611.0
2026-07-28 11:35:00+05:30,564.0,566.5,561.0,564.0,350035.0
2026-07-28 11:40:00+05:30,564.3,564.95,560.7,562.0,101097.0
2026-07-28 11:45:00+05:30,561.9,562.4,561.3,561.5,53986.0
2026-07-28 11:50:00+05:30,561.5,562.15,560.05,560.5,84105.0
2026-07-28 11:55:00+05:30,560.7,561.0,560.0,560.95,32704.0
2026-07-28 12:00:00+05:30,560.7,565.6,560.6,565.55,58878.0
2026-07-28 12:05:00+05:30,565.45,567.35,562.35,563.5,59192.0
2026-07-28 12:10:00+05:30,563.3,564.0,562.45,563.55,22097.0
2026-07-28 12:15:00+05:30,563.55,565.0,562.5,563.05,33778.0
2026-07-28 12:20:00+05:30,563.35,564.15,560.3,560.95,64171.0
2026-07-28 12:25:00+05:30,561.0,561.85,560.15,560.75,17108.0
2026-07-28 12:30:00+05:30,560.65,561.4,556.65,560.4,87311.0
2026-07-28 12:35:00+05:30,560.7,560.8,559.55,560.1,32473.0
2026-07-28 12:40:00+05:30,560.1,560.9,560.0,560.1,10107.0
2026-07-28 12:45:00+05:30,560.0,560.6,559.15,560.15,16932.0
2026-07-28 12:50:00+05:30,560.05,560.15,557.55,559.4,44598.0
2026-07-28 12:55:00+05:30,559.4,560.1,559.3,559.75,23403.0
2026-07-28 13:00:00+05:30,559.7,560.95,559.6,560.35,21951.0
2026-07-28 13:05:00+05:30,560.05,560.55,560.0,560.3,19876.0
2026-07-28 13:10:00+05:30,560.2,561.0,560.0,560.1,12464.0
2026-07-28 13:15:00+05:30,560.0,560.35,559.85,560.0,19314.0
2026-07-28 13:20:00+05:30,560.0,561.0,560.0,560.35,14697.0
2026-07-28 13:25:00+05:30,560.55,561.05,560.25,560.25,12087.0
2026-07-28 13:30:00+05:30,560.25,561.5,560.0,560.9,20965.0
2026-07-28 13:35:00+05:30,560.85,561.2,560.25,560.55,12197.0
2026-07-28 13:40:00+05:30,560.45,560.9,560.35,560.5,8420.0
2026-07-28 13:45:00+05:30,560.5,560.95,560.0,560.0,16186.0
2026-07-28 13:50:00+05:30,560.0,560.6,560.0,560.1,16318.0
2026-07-28 13:55:00+05:30,560.05,560.75,560.0,560.0,21083.0
2026-07-28 14:00:00+05:30,560.0,560.4,560.0,560.0,17898.0
2026-07-28 14:05:00+05:30,560.0,560.15,559.85,560.1,22123.0
2026-07-28 14:10:00+05:30,560.1,560.45,560.0,560.0,15572.0
2026-07-28 14:15:00+05:30,560.0,562.45,560.0,561.7,34624.0
2026-07-28 14:20:00+05:30,561.6,562.0,561.2,561.4,19528.0
2026-07-28 14:25:00+05:30,561.35,561.75,560.3,560.5,15848.0
2026-07-28 14:30:00+05:30,560.5,560.85,560.35,560.7,13014.0
2026-07-28 14:35:00+05:30,560.65,561.95,560.45,561.65,12448.0
2026-07-28 14:40:00+05:30,561.75,561.85,560.5,561.3,18470.0
2026-07-28 14:45:00+05:30,561.45,561.85,561.15,561.3,27381.0
2026-07-28 14:50:00+05:30,561.3,561.6,560.65,560.95,44863.0
2026-07-28 14:55:00+05:30,560.95,561.2,560.6,560.8,13744.0
2026-07-28 15:00:00+05:30,561.0,561.45,560.6,560.95,87193.0
2026-07-28 15:05:00+05:30,561.05,562.1,560.65,561.2,77427.0
2026-07-28 15:10:00+05:30,561.35,564.45,560.7,561.6,122079.0
2026-07-28 15:15:00+05:30,561.7,562.35,560.25,560.35,49268.0
2026-07-28 15:20:00+05:30,560.75,561.75,560.0,561.25,119073.0
2026-07-28 15:25:00+05:30,561.25,562.0,560.1,561.4,71568.0
2026-07-29 09:15:00+05:30,561.4,571.95,561.4,568.4,54747.0
2026-07-29 09:20:00+05:30,568.7,568.8,565.0,565.9,14070.0
2026-07-29 09:25:00+05:30,565.5,567.75,563.85,564.2,17500.0
2026-07-29 09:30:00+05:30,564.2,565.55,563.4,564.15,22514.0
2026-07-29 09:35:00+05:30,564.35,565.0,563.4,565.0,13842.0
2026-07-29 09:40:00+05:30,565.0,566.0,564.7,565.7,6545.0
2026-07-29 09:45:00+05:30,566.0,566.35,565.25,566.15,5952.0
2026-07-29 09:50:00+05:30,566.05,567.3,566.0,566.4,11896.0
2026-07-29 09:55:00+05:30,566.85,566.9,565.2,565.55,7102.0
2026-07-29 10:00:00+05:30,565.65,568.0,565.65,568.0,7221.0
2026-07-29 10:05:00+05:30,567.8,568.0,566.6,566.85,5656.0
2026-07-29 10:10:00+05:30,566.95,567.0,566.2,566.8,3680.0
2026-07-29 10:15:00+05:30,566.9,566.9,560.4,562.65,40398.0
2026-07-29 10:20:00+05:30,562.5,563.3,556.55,557.85,24048.0
2026-07-29 10:25:00+05:30,557.3,558.1,556.4,556.4,21413.0
2026-07-29 10:30:00+05:30,556.4,562.0,556.4,560.55,11143.0
2026-07-29 10:35:00+05:30,560.65,563.35,560.1,562.05,24940.0
2026-07-29 10:40:00+05:30,561.95,563.15,561.3,561.3,14497.0
2026-07-29 10:45:00+05:30,561.2,564.85,561.0,563.25,12597.0
2026-07-29 10:50:00+05:30,563.7,564.0,562.8,563.0,3977.0
2026-07-29 10:55:00+05:30,562.2,564.0,561.95,563.25,9693.0
2026-07-29 11:00:00+05:30,563.4,563.4,562.0,562.8,5538.0
2026-07-29 11:05:00+05:30,562.4,563.45,562.4,563.4,2172.0
2026-07-29 11:10:00+05:30,563.4,563.7,563.4,563.65,2853.0
2026-07-29 11:15:00+05:30,563.4,563.65,562.4,563.0,5802.0
2026-07-29 11:20:00+05:30,563.0,565.35,562.85,564.3,28932.0
2026-07-29 11:25:00+05:30,564.15,567.95,563.8,567.4,21778.0
2026-07-29 11:30:00+05:30,567.6,568.55,566.95,568.1,26945.0
2026-07-29 11:35:00+05:30,568.1,568.85,565.6,565.85,27049.0
2026-07-29 11:40:00+05:30,565.85,565.85,565.0,565.2,3585.0
2026-07-29 11:45:00+05:30,565.2,565.8,565.0,565.4,2257.0
2026-07-29 11:50:00+05:30,565.4,565.8,565.1,565.4,2834.0
2026-07-29 11:55:00+05:30,565.2,565.85,565.0,565.85,2030.0
2026-07-29 12:00:00+05:30,565.85,568.1,563.65,567.85,18909.0
2026-07-29 12:05:00+05:30,567.85,567.85,567.15,567.2,3848.0
2026-07-29 12:10:00+05:30,567.2,567.85,567.2,567.75,2816.0
2026-07-29 12:15:00+05:30,567.4,567.85,567.3,567.85,2719.0
2026-07-29 12:20:00+05:30,567.5,567.85,567.5,567.8,2200.0
2026-07-29 12:25:00+05:30,567.5,567.6,567.05,567.05,4918.0
2026-07-29 12:30:00+05:30,567.35,567.45,567.0,567.3,2166.0
2026-07-29 12:35:00+05:30,567.3,567.45,567.0,567.1,3061.0
2026-07-29 12:40:00+05:30,567.1,572.25,567.1,570.45,92331.0
2026-07-29 12:45:00+05:30,570.8,570.8,570.0,570.0,2255.0
2026-07-29 12:50:00+05:30,570.0,570.9,570.0,570.5,8503.0
2026-07-29 12:55:00+05:30,570.25,571.1,569.75,570.7,25609.0
2026-07-29 13:00:00+05:30,570.9,570.9,570.1,570.1,2648.0
2026-07-29 13:05:00+05:30,570.35,571.0,570.35,570.95,2908.0
2026-07-29 13:10:00+05:30,571.0,571.95,570.65,571.15,9572.0
2026-07-29 13:15:00+05:30,571.4,571.4,570.2,570.8,6582.0
2026-07-29 13:20:00+05:30,570.8,571.15,569.75,570.1,4561.0
2026-07-29 13:25:00+05:30,570.1,570.1,568.6,568.65,2632.0
2026-07-29 13:30:00+05:30,568.65,569.2,568.65,569.1,1622.0
2026-07-29 13:35:00+05:30,569.1,569.25,568.2,568.2,4041.0
2026-07-29 13:40:00+05:30,568.0,568.5,568.0,568.25,2760.0
2026-07-29 13:45:00+05:30,568.05,568.25,566.0,567.35,7014.0
2026-07-29 13:50:00+05:30,567.0,568.0,566.7,566.7,7799.0
2026-07-29 13:55:00+05:30,566.7,568.05,566.7,568.05,3722.0
2026-07-29 14:00:00+05:30,568.05,568.25,567.7,567.75,5422.0
2026-07-29 14:05:00+05:30,567.75,568.15,567.1,568.0,11018.0
2026-07-29 14:10:00+05:30,567.6,568.1,567.4,568.0,4877.0
2026-07-29 14:15:00+05:30,567.9,569.95,567.9,569.95,6577.0
2026-07-29 14:20:00+05:30,569.65,570.8,569.6,570.6,24043.0
2026-07-29 14:25:00+05:30,570.6,570.8,568.5,568.7,11145.0
2026-07-29 14:30:00+05:30,568.7,569.0,567.45,568.2,8239.0
2026-07-29 14:35:00+05:30,567.6,568.15,567.0,567.5,5526.0
2026-07-29 14:40:00+05:30,568.0,568.05,565.9,566.3,9588.0
2026-07-29 14:45:00+05:30,566.55,567.35,565.85,566.8,9191.0
2026-07-29 14:50:00+05:30,566.25,566.75,565.55,566.0,4164.0
2026-07-29 14:55:00+05:30,566.0,568.1,565.75,566.15,7910.0
2026-07-29 15:00:00+05:30,566.15,569.0,566.0,567.35,16147.0
2026-07-29 15:05:00+05:30,567.35,570.95,567.3,569.15,33150.0
2026-07-29 15:10:00+05:30,569.45,569.95,568.85,569.7,22177.0
2026-07-29 15:15:00+05:30,569.5,569.85,568.05,568.5,24003.0
2026-07-29 15:20:00+05:30,568.35,568.85,567.15,568.85,13737.0
2026-07-29 15:25:00+05:30,568.45,569.0,564.35,566.5,24328.0
2026-07-30 09:15:00+05:30,565.05,565.25,552.3,554.4,31308.0
2026-07-30 09:20:00+05:30,553.75,556.45,548.5,549.45,40881.0
2026-07-30 09:25:00+05:30,549.75,553.25,548.05,550.0,33997.0
2026-07-30 09:30:00+05:30,550.45,557.95,550.45,557.5,28986.0
2026-07-30 09:35:00+05:30,557.7,557.75,555.05,556.1,13903.0
2026-07-30 09:40:00+05:30,556.05,556.4,554.4,555.2,10094.0
2026-07-30 09:45:00+05:30,555.0,557.0,554.65,554.9,12696.0
2026-07-30 09:50:00+05:30,554.9,556.45,554.9,555.6,9417.0
2026-07-30 09:55:00+05:30,555.45,557.15,555.25,556.35,11616.0
2026-07-30 10:00:00+05:30,556.85,557.15,555.35,555.85,7925.0
2026-07-30 10:05:00+05:30,555.85,557.15,555.2,555.4,9805.0
2026-07-30 10:10:00+05:30,555.8,556.25,555.0,555.95,7803.0
2026-07-30 10:15:00+05:30,555.35,557.15,555.0,556.05,6843.0
2026-07-30 10:20:00+05:30,556.1,557.05,555.65,556.4,10146.0
2026-07-30 10:25:00+05:30,556.8,559.8,555.9,556.85,19717.0
2026-07-30 10:30:00+05:30,556.85,557.05,551.45,551.75,28740.0
2026-07-30 10:35:00+05:30,551.65,552.9,550.3,550.5,13112.0
2026-07-30 10:40:00+05:30,550.5,557.0,550.5,556.15,17805.0
2026-07-30 10:45:00+05:30,556.25,560.9,556.0,560.65,28717.0
2026-07-30 10:50:00+05:30,560.65,561.85,557.2,557.2,27127.0
2026-07-30 10:55:00+05:30,557.95,559.85,557.65,559.25,11490.0
2026-07-30 11:00:00+05:30,558.85,560.0,558.3,559.4,8265.0
2026-07-30 11:05:00+05:30,558.85,559.4,557.6,558.95,8439.0
2026-07-30 11:10:00+05:30,559.15,560.0,558.8,559.7,6497.0
2026-07-30 11:15:00+05:30,559.3,560.55,558.7,560.55,5920.0
2026-07-30 11:20:00+05:30,560.3,560.95,559.95,560.9,7130.0
2026-07-30 11:25:00+05:30,560.85,561.25,560.4,561.2,6652.0
2026-07-30 11:30:00+05:30,561.1,561.35,560.2,560.3,7736.0
2026-07-30 11:35:00+05:30,560.55,560.95,559.8,560.75,6695.0
2026-07-30 11:40:00+05:30,560.6,560.75,559.8,560.6,5785.0
2026-07-30 11:45:00+05:30,560.5,562.9,560.35,561.5,13275.0
2026-07-30 11:50:00+05:30,561.85,562.45,561.45,562.1,6725.0
2026-07-30 11:55:00+05:30,562.1,562.4,561.45,561.45,6208.0
2026-07-30 12:00:00+05:30,561.3,562.0,557.6,557.9,19016.0
2026-07-30 12:05:00+05:30,558.1,558.7,557.05,557.8,6884.0
2026-07-30 12:10:00+05:30,557.8,559.05,557.8,558.5,6103.0
2026-07-30 12:15:00+05:30,558.2,558.85,553.15,554.15,14647.0
2026-07-30 12:20:00+05:30,554.45,554.95,553.65,554.4,6827.0
2026-07-30 12:25:00+05:30,554.75,554.9,553.6,554.9,8255.0
2026-07-30 12:30:00+05:30,554.35,555.1,553.4,554.15,13204.0
2026-07-30 12:35:00+05:30,553.7,554.85,552.8,554.6,14213.0
2026-07-30 12:40:00+05:30,554.95,555.0,553.2,553.8,20903.0
2026-07-30 12:45:00+05:30,554.3,556.9,553.75,556.9,9708.0
2026-07-30 12:50:00+05:30,556.8,557.6,556.2,557.6,7115.0
2026-07-30 12:55:00+05:30,557.5,558.15,557.0,557.6,7343.0
2026-07-30 13:00:00+05:30,557.8,558.15,557.2,557.6,5782.0
2026-07-30 13:05:00+05:30,557.25,558.0,557.1,557.55,6972.0
2026-07-30 13:10:00+05:30,557.65,557.95,556.55,556.8,6033.0
2026-07-30 13:15:00+05:30,556.7,557.95,556.7,557.6,5860.0
2026-07-30 13:20:00+05:30,557.6,559.0,557.6,558.35,7075.0
2026-07-30 13:25:00+05:30,558.35,559.9,557.5,557.5,9963.0
2026-07-30 13:30:00+05:30,558.05,558.5,557.65,558.15,5230.0
2026-07-30 13:35:00+05:30,558.5,559.15,558.1,558.8,6056.0
2026-07-30 13:40:00+05:30,558.55,559.65,558.4,558.6,7593.0
2026-07-30 13:45:00+05:30,558.55,559.05,557.8,557.8,5114.0
2026-07-30 13:50:00+05:30,558.3,559.4,557.85,558.9,6921.0
2026-07-30 13:55:00+05:30,559.1,559.35,555.45,555.8,7596.0
2026-07-30 14:00:00+05:30,555.8,556.7,555.55,556.25,6440.0
2026-07-30 14:05:00+05:30,556.25,557.55,556.0,556.35,9022.0
2026-07-30 14:10:00+05:30,556.75,557.0,555.8,556.2,6853.0
2026-07-30 14:15:00+05:30,556.3,556.75,555.8,556.55,5944.0
2026-07-30 14:20:00+05:30,556.0,556.6,554.25,555.0,8188.0
2026-07-30 14:25:00+05:30,554.85,556.0,553.3,554.25,9950.0
2026-07-30 14:30:00+05:30,554.35,554.95,553.7,553.9,9839.0
2026-07-30 14:35:00+05:30,553.9,554.95,553.9,554.25,7497.0
2026-07-30 14:40:00+05:30,554.25,555.0,553.75,554.35,7052.0
2026-07-30 14:45:00+05:30,554.5,555.2,554.25,554.5,7199.0
2026-07-30 14:50:00+05:30,554.5,554.95,553.9,554.55,7010.0
2026-07-30 14:55:00+05:30,554.6,555.65,554.4,554.9,7370.0
2026-07-30 15:00:00+05:30,553.9,554.4,552.7,553.3,14897.0
2026-07-30 15:05:00+05:30,553.2,557.2,552.1,553.65,31897.0
2026-07-30 15:10:00+05:30,553.65,556.75,553.65,555.15,13621.0
2026-07-30 15:15:00+05:30,555.15,555.15,549.55,551.0,30324.0
2026-07-30 15:20:00+05:30,551.05,552.5,550.6,551.25,20608.0
2026-07-30 15:25:00+05:30,551.25,552.0,550.4,552.0,16280.0
