dt,open,high,low,close,volume
2026-05-29 09:16:00+05:30,222.1,224.13,216.45,221.27,7297.0
2026-05-29 09:20:00+05:30,220.86,222.78,220.0,220.95,1643.0
2026-05-29 09:25:00+05:30,220.82,220.82,217.0,217.0,2113.0
2026-05-29 09:30:00+05:30,218.92,218.98,213.0,216.5,6608.0
2026-05-29 09:35:00+05:30,216.51,217.88,212.72,216.46,4664.0
2026-05-29 09:40:00+05:30,216.46,217.99,216.46,217.19,1738.0
2026-05-29 09:45:00+05:30,216.15,217.19,216.11,216.11,1415.0
2026-05-29 09:50:00+05:30,217.99,218.2,217.39,217.39,542.0
2026-05-29 09:55:00+05:30,217.98,217.98,217.3,217.31,407.0
2026-05-29 10:00:00+05:30,217.31,217.88,217.01,217.22,255.0
2026-05-29 10:05:00+05:30,217.22,217.96,217.22,217.5,175.0
2026-05-29 10:10:00+05:30,218.09,218.09,218.01,218.01,22.0
2026-05-29 10:15:00+05:30,218.01,218.01,216.9,217.0,1581.0
2026-05-29 10:20:00+05:30,217.0,217.0,217.0,217.0,0.0
2026-05-29 10:25:00+05:30,217.0,217.0,217.0,217.0,0.0
2026-05-29 10:30:00+05:30,217.88,217.88,217.2,217.2,123.0
2026-05-29 10:35:00+05:30,217.81,217.89,217.5,217.5,104.0
2026-05-29 10:40:00+05:30,218.03,218.03,217.15,217.59,466.0
2026-05-29 10:45:00+05:30,217.59,217.74,217.21,217.25,1395.0
2026-05-29 10:50:00+05:30,217.25,218.11,217.1,217.2,135.0
2026-05-29 10:55:00+05:30,217.52,218.34,217.3,217.3,166.0
2026-05-29 11:00:00+05:30,217.3,218.39,217.3,218.39,400.0
2026-05-29 11:05:00+05:30,217.3,218.28,217.3,217.91,1032.0
2026-05-29 11:10:00+05:30,217.91,217.91,217.78,217.78,30.0
2026-05-29 11:15:00+05:30,217.44,218.54,217.44,218.54,4237.0
2026-05-29 11:20:00+05:30,218.54,218.88,218.54,218.88,100.0
2026-05-29 11:25:00+05:30,217.83,218.74,217.83,217.89,23.0
2026-05-29 11:30:00+05:30,217.89,218.6,217.89,218.6,211.0
2026-05-29 11:35:00+05:30,218.6,218.6,218.6,218.6,0.0
2026-05-29 11:40:00+05:30,218.6,218.6,218.6,218.6,0.0
2026-05-29 11:45:00+05:30,218.6,218.6,217.9,218.0,97.0
2026-05-29 11:50:00+05:30,218.0,218.89,218.0,218.89,162.0
2026-05-29 11:55:00+05:30,218.89,218.89,218.8,218.8,1400.0
2026-05-29 12:00:00+05:30,218.5,218.89,218.5,218.89,1856.0
2026-05-29 12:05:00+05:30,218.89,218.89,218.89,218.89,0.0
2026-05-29 12:10:00+05:30,218.89,218.89,218.04,218.04,46.0
2026-05-29 12:15:00+05:30,218.04,218.37,217.89,217.92,938.0
2026-05-29 12:20:00+05:30,218.42,218.42,217.91,217.91,19.0
2026-05-29 12:25:00+05:30,217.91,218.39,217.91,218.39,21.0
2026-05-29 12:30:00+05:30,218.39,218.39,218.39,218.39,61.0
2026-05-29 12:35:00+05:30,218.76,218.76,218.76,218.76,20.0
2026-05-29 12:40:00+05:30,218.76,218.76,218.76,218.76,0.0
2026-05-29 12:45:00+05:30,218.76,218.76,218.39,218.74,12.0
2026-05-29 12:50:00+05:30,218.74,218.74,218.5,218.5,450.0
2026-05-29 12:55:00+05:30,217.96,217.96,217.89,217.89,204.0
2026-05-29 13:00:00+05:30,217.89,217.89,217.46,217.46,100.0
2026-05-29 13:05:00+05:30,217.46,217.46,217.21,217.21,1561.0
2026-05-29 13:10:00+05:30,217.59,217.59,217.59,217.59,1.0
2026-05-29 13:15:00+05:30,217.59,217.59,217.59,217.59,0.0
2026-05-29 13:20:00+05:30,217.59,217.59,217.28,217.28,20.0
2026-05-29 13:25:00+05:30,217.28,217.28,217.28,217.28,0.0
2026-05-29 13:30:00+05:30,217.28,217.9,217.28,217.84,880.0
2026-05-29 13:35:00+05:30,217.84,217.84,217.44,217.44,150.0
2026-05-29 13:40:00+05:30,217.9,217.9,217.9,217.9,639.0
2026-05-29 13:45:00+05:30,217.9,217.9,217.9,217.9,0.0
2026-05-29 13:50:00+05:30,217.85,218.06,217.85,218.06,1153.0
2026-05-29 13:55:00+05:30,218.06,218.13,217.61,218.13,128.0
2026-05-29 14:00:00+05:30,218.3,218.3,217.63,217.63,24.0
2026-05-29 14:05:00+05:30,217.63,218.0,217.63,218.0,200.0
2026-05-29 14:10:00+05:30,218.0,218.0,217.95,218.0,7.0
2026-05-29 14:15:00+05:30,218.0,218.0,217.99,217.99,18.0
2026-05-29 14:20:00+05:30,217.99,218.88,217.95,218.88,805.0
2026-05-29 14:25:00+05:30,218.88,218.88,218.27,218.39,13.0
2026-05-29 14:30:00+05:30,218.39,218.39,218.39,218.39,10.0
2026-05-29 14:35:00+05:30,218.39,218.39,218.39,218.39,20.0
2026-05-29 14:40:00+05:30,218.39,218.39,218.39,218.39,0.0
2026-05-29 14:45:00+05:30,218.17,218.4,218.17,218.39,66.0
2026-05-29 14:50:00+05:30,218.39,218.45,218.05,218.12,213.0
2026-05-29 14:55:00+05:30,218.09,218.25,218.0,218.25,267.0
2026-05-29 15:00:00+05:30,217.99,218.0,216.5,216.5,1322.0
2026-05-29 15:05:00+05:30,216.43,216.5,216.0,216.0,508.0
2026-05-29 15:10:00+05:30,215.89,216.0,215.0,215.0,2587.0
2026-05-29 15:15:00+05:30,215.95,215.99,215.0,215.0,596.0
2026-05-29 15:20:00+05:30,215.0,215.95,214.67,215.01,1280.0
2026-05-29 15:25:00+05:30,215.75,215.75,214.4,215.0,649.0
2026-06-01 09:17:00+05:30,216.98,216.98,214.81,216.8,211.0
2026-06-01 09:20:00+05:30,216.8,217.0,214.83,215.34,474.0
2026-06-01 09:25:00+05:30,215.34,215.34,215.26,215.26,25.0
2026-06-01 09:30:00+05:30,215.26,216.93,215.26,216.93,203.0
2026-06-01 09:35:00+05:30,216.93,216.93,216.02,216.02,19.0
2026-06-01 09:40:00+05:30,216.02,216.9,216.02,216.89,55.0
2026-06-01 09:45:00+05:30,216.89,216.89,215.71,216.89,256.0
2026-06-01 09:50:00+05:30,216.89,217.8,216.89,217.78,177.0
2026-06-01 09:55:00+05:30,217.9,218.0,216.01,216.94,689.0
2026-06-01 10:00:00+05:30,216.94,218.0,216.34,217.52,141.0
2026-06-01 10:05:00+05:30,217.9,217.9,216.04,216.89,363.0
2026-06-01 10:10:00+05:30,217.55,219.96,217.51,218.71,483.0
2026-06-01 10:15:00+05:30,218.0,218.0,217.3,217.65,129.0
2026-06-01 10:20:00+05:30,218.08,219.5,218.02,218.02,287.0
2026-06-01 10:25:00+05:30,218.1,218.98,217.16,218.98,317.0
2026-06-01 10:30:00+05:30,218.98,219.0,218.18,218.25,125.0
2026-06-01 10:35:00+05:30,218.75,219.54,218.6,219.54,197.0
2026-06-01 10:40:00+05:30,219.54,220.19,219.54,220.19,328.0
2026-06-01 10:45:00+05:30,220.19,221.62,220.0,221.54,340.0
2026-06-01 10:50:00+05:30,221.54,221.54,221.54,221.54,0.0
2026-06-01 10:55:00+05:30,221.0,221.0,221.0,221.0,11.0
2026-06-01 11:00:00+05:30,222.0,224.0,222.0,222.0,972.0
2026-06-01 11:05:00+05:30,222.0,222.67,221.35,222.67,94.0
2026-06-01 11:10:00+05:30,222.67,223.0,222.0,223.0,102.0
2026-06-01 11:15:00+05:30,223.0,224.37,222.04,224.37,323.0
2026-06-01 11:20:00+05:30,224.37,224.5,222.31,224.5,358.0
2026-06-01 11:25:00+05:30,224.5,224.5,224.0,224.0,838.0
2026-06-01 11:30:00+05:30,224.88,224.88,224.88,224.88,190.0
2026-06-01 11:35:00+05:30,224.88,224.88,224.88,224.88,0.0
2026-06-01 11:40:00+05:30,224.85,224.85,224.0,224.0,201.0
2026-06-01 11:45:00+05:30,224.0,224.0,224.0,224.0,0.0
2026-06-01 11:50:00+05:30,224.0,224.0,223.6,223.6,1.0
2026-06-01 11:55:00+05:30,223.6,223.9,223.6,223.9,50.0
2026-06-01 12:00:00+05:30,223.9,223.9,223.0,223.8,16.0
2026-06-01 12:05:00+05:30,223.8,223.8,223.8,223.8,0.0
2026-06-01 12:10:00+05:30,223.8,223.8,223.8,223.8,0.0
2026-06-01 12:15:00+05:30,223.8,224.99,223.8,224.99,1022.0
2026-06-01 12:20:00+05:30,223.7,223.87,223.29,223.87,37.0
2026-06-01 12:25:00+05:30,223.88,223.88,223.02,223.71,29.0
2026-06-01 12:30:00+05:30,223.71,224.99,223.5,223.5,211.0
2026-06-01 12:35:00+05:30,223.5,223.99,223.5,223.99,2.0
2026-06-01 12:40:00+05:30,223.99,223.99,223.97,223.97,24.0
2026-06-01 12:45:00+05:30,223.97,223.97,223.97,223.97,0.0
2026-06-01 12:50:00+05:30,223.97,223.97,223.93,223.93,2.0
2026-06-01 12:55:00+05:30,223.93,223.93,223.93,223.93,0.0
2026-06-01 13:00:00+05:30,223.93,223.93,223.93,223.93,0.0
2026-06-01 13:05:00+05:30,223.93,223.93,223.93,223.93,0.0
2026-06-01 13:10:00+05:30,223.93,223.93,222.2,223.29,60.0
2026-06-01 13:15:00+05:30,222.5,224.7,222.5,223.54,167.0
2026-06-01 13:20:00+05:30,223.54,223.54,223.54,223.54,0.0
2026-06-01 13:25:00+05:30,223.54,223.54,223.54,223.54,0.0
2026-06-01 13:30:00+05:30,223.54,223.54,222.71,222.71,8.0
2026-06-01 13:35:00+05:30,222.5,222.98,222.5,222.78,500.0
2026-06-01 13:40:00+05:30,222.5,224.0,222.5,223.12,176.0
2026-06-01 13:45:00+05:30,223.12,224.1,222.15,222.97,211.0
2026-06-01 13:50:00+05:30,221.95,224.5,221.95,223.29,1625.0
2026-06-01 13:55:00+05:30,223.29,223.29,223.29,223.29,0.0
2026-06-01 14:00:00+05:30,223.29,223.29,223.29,223.29,0.0
2026-06-01 14:05:00+05:30,221.84,221.84,221.84,221.84,10.0
2026-06-01 14:10:00+05:30,221.84,221.84,221.84,221.84,0.0
2026-06-01 14:15:00+05:30,222.82,222.82,221.81,221.81,30.0
2026-06-01 14:20:00+05:30,221.81,222.53,221.81,222.53,60.0
2026-06-01 14:25:00+05:30,223.85,224.13,222.2,222.95,590.0
2026-06-01 14:30:00+05:30,222.97,223.04,222.97,223.04,552.0
2026-06-01 14:35:00+05:30,223.08,223.08,221.5,221.5,464.0
2026-06-01 14:40:00+05:30,221.5,221.5,221.5,221.5,0.0
2026-06-01 14:45:00+05:30,221.5,222.0,221.5,222.0,95.0
2026-06-01 14:50:00+05:30,222.0,222.0,222.0,222.0,0.0
2026-06-01 14:55:00+05:30,221.89,221.9,221.84,221.9,72.0
2026-06-01 15:00:00+05:30,221.9,221.9,221.9,221.9,0.0
2026-06-01 15:05:00+05:30,221.9,223.75,221.9,223.75,93.0
2026-06-01 15:10:00+05:30,223.75,223.78,223.75,223.78,125.0
2026-06-01 15:15:00+05:30,222.16,222.16,221.75,221.75,130.0
2026-06-01 15:20:00+05:30,221.75,225.0,221.75,223.2,507.0
2026-06-01 15:25:00+05:30,223.2,225.95,223.2,225.95,765.0
2026-06-02 09:15:00+05:30,224.3,225.0,218.06,218.06,467.0
2026-06-02 09:20:00+05:30,218.06,222.86,218.06,221.62,115.0
2026-06-02 09:25:00+05:30,221.71,221.71,221.71,221.71,22.0
2026-06-02 09:30:00+05:30,221.71,222.0,218.01,218.01,1525.0
2026-06-02 09:35:00+05:30,221.19,221.19,220.13,220.2,522.0
2026-06-02 09:40:00+05:30,220.2,220.2,220.2,220.2,0.0
2026-06-02 09:45:00+05:30,220.0,220.22,220.0,220.22,21.0
2026-06-02 09:50:00+05:30,220.22,221.35,220.22,221.35,50.0
2026-06-02 09:55:00+05:30,221.4,221.69,221.35,221.69,883.0
2026-06-02 10:00:00+05:30,220.59,222.97,220.59,222.39,557.0
2026-06-02 10:05:00+05:30,223.27,223.58,221.64,221.64,1173.0
2026-06-02 10:10:00+05:30,221.64,221.64,221.16,221.18,57.0
2026-06-02 10:15:00+05:30,221.5,221.78,221.02,221.78,142.0
2026-06-02 10:20:00+05:30,221.78,222.78,221.58,222.78,505.0
2026-06-02 10:25:00+05:30,222.78,222.78,221.61,221.61,114.0
2026-06-02 10:30:00+05:30,221.61,221.99,221.61,221.99,73.0
2026-06-02 10:35:00+05:30,221.99,222.39,221.99,222.39,20.0
2026-06-02 10:40:00+05:30,222.39,222.39,222.33,222.37,77.0
2026-06-02 10:45:00+05:30,222.37,222.37,222.37,222.37,0.0
2026-06-02 10:50:00+05:30,221.75,221.9,221.75,221.9,177.0
2026-06-02 10:55:00+05:30,221.9,221.9,221.9,221.9,0.0
2026-06-02 11:00:00+05:30,221.9,221.9,221.9,221.9,0.0
2026-06-02 11:05:00+05:30,221.9,222.4,221.9,222.4,45.0
2026-06-02 11:10:00+05:30,222.4,222.4,221.9,222.4,183.0
2026-06-02 11:15:00+05:30,222.4,222.4,222.4,222.4,0.0
2026-06-02 11:20:00+05:30,222.4,222.4,222.4,222.4,10.0
2026-06-02 11:25:00+05:30,222.4,222.4,222.4,222.4,0.0
2026-06-02 11:30:00+05:30,222.4,222.4,222.4,222.4,0.0
2026-06-02 11:35:00+05:30,222.4,222.4,222.4,222.4,0.0
2026-06-02 11:40:00+05:30,222.4,222.4,222.4,222.4,2.0
2026-06-02 11:45:00+05:30,222.4,223.58,222.4,223.58,100.0
2026-06-02 11:50:00+05:30,222.4,222.4,222.4,222.4,24.0
2026-06-02 11:55:00+05:30,222.4,222.4,222.4,222.4,0.0
2026-06-02 12:00:00+05:30,222.4,223.11,222.4,222.45,1488.0
2026-06-02 12:05:00+05:30,222.45,222.46,222.45,222.46,60.0
2026-06-02 12:10:00+05:30,223.05,223.05,223.05,223.05,22.0
2026-06-02 12:15:00+05:30,223.05,223.05,222.4,222.4,75.0
2026-06-02 12:20:00+05:30,222.43,222.76,222.43,222.76,140.0
2026-06-02 12:25:00+05:30,223.09,226.38,222.52,225.0,2980.0
2026-06-02 12:30:00+05:30,225.0,225.0,225.0,225.0,5.0
2026-06-02 12:35:00+05:30,225.0,225.0,223.15,223.87,156.0
2026-06-02 12:40:00+05:30,223.87,225.11,223.87,225.11,400.0
2026-06-02 12:45:00+05:30,225.11,226.52,225.11,226.16,108.0
2026-06-02 12:50:00+05:30,226.16,226.16,226.0,226.0,1.0
2026-06-02 12:55:00+05:30,226.0,227.57,226.0,227.12,483.0
2026-06-02 13:00:00+05:30,227.16,227.16,224.95,225.75,256.0
2026-06-02 13:05:00+05:30,225.6,227.63,225.45,226.37,307.0
2026-06-02 13:10:00+05:30,226.63,229.0,226.39,226.42,1619.0
2026-06-02 13:15:00+05:30,226.41,227.69,226.41,226.62,129.0
2026-06-02 13:20:00+05:30,226.62,226.62,226.62,226.62,0.0
2026-06-02 13:25:00+05:30,226.62,226.62,226.62,226.62,50.0
2026-06-02 13:30:00+05:30,227.57,227.57,227.57,227.57,2.0
2026-06-02 13:35:00+05:30,227.57,227.57,226.23,227.0,36.0
2026-06-02 13:40:00+05:30,227.0,227.03,225.4,225.4,101.0
2026-06-02 13:45:00+05:30,226.05,227.42,225.5,227.16,567.0
2026-06-02 13:50:00+05:30,226.81,227.16,225.37,225.37,334.0
2026-06-02 13:55:00+05:30,225.37,227.0,225.37,226.5,21.0
2026-06-02 14:00:00+05:30,226.75,227.4,225.45,227.21,495.0
2026-06-02 14:05:00+05:30,227.3,227.4,225.7,227.4,677.0
2026-06-02 14:10:00+05:30,227.4,228.0,226.3,228.0,1116.0
2026-06-02 14:15:00+05:30,229.39,229.39,227.0,228.28,177.0
2026-06-02 14:20:00+05:30,228.28,228.28,228.28,228.28,473.0
2026-06-02 14:25:00+05:30,228.08,228.08,228.08,228.08,35.0
2026-06-02 14:30:00+05:30,228.08,228.08,228.08,228.08,0.0
2026-06-02 14:35:00+05:30,228.08,228.08,228.0,228.0,436.0
2026-06-02 14:40:00+05:30,228.0,228.07,228.0,228.07,65.0
2026-06-02 14:45:00+05:30,228.07,228.07,228.07,228.07,83.0
2026-06-02 14:50:00+05:30,228.07,228.07,228.07,228.07,0.0
2026-06-02 14:55:00+05:30,228.07,229.88,228.07,229.88,456.0
2026-06-02 15:00:00+05:30,229.85,230.99,229.0,229.72,1222.0
2026-06-02 15:05:00+05:30,229.72,230.9,229.72,230.9,427.0
2026-06-02 15:10:00+05:30,230.8,230.8,229.3,230.2,289.0
2026-06-02 15:15:00+05:30,230.89,230.9,229.83,230.73,477.0
2026-06-02 15:20:00+05:30,230.74,230.74,228.39,228.63,535.0
2026-06-02 15:25:00+05:30,228.63,230.98,228.63,230.98,1903.0
2026-06-03 09:15:00+05:30,231.63,231.63,230.93,231.63,388.0
2026-06-03 09:20:00+05:30,231.63,231.63,229.93,230.0,230.0
2026-06-03 09:25:00+05:30,230.0,230.0,228.5,229.2,813.0
2026-06-03 09:30:00+05:30,229.2,230.0,229.2,230.0,747.0
2026-06-03 09:35:00+05:30,230.0,239.9,230.0,238.78,4404.0
2026-06-03 09:40:00+05:30,238.57,240.48,237.04,237.04,2702.0
2026-06-03 09:45:00+05:30,237.0,240.64,236.52,240.0,3461.0
2026-06-03 09:50:00+05:30,239.23,244.38,239.23,244.0,4311.0
2026-06-03 09:55:00+05:30,243.23,243.23,237.5,238.01,3147.0
2026-06-03 10:00:00+05:30,238.59,240.0,237.0,237.0,572.0
2026-06-03 10:05:00+05:30,237.0,238.44,237.0,238.39,380.0
2026-06-03 10:10:00+05:30,238.44,238.44,237.12,237.12,559.0
2026-06-03 10:15:00+05:30,237.12,237.73,237.06,237.06,101.0
2026-06-03 10:20:00+05:30,237.06,239.79,237.06,238.3,1033.0
2026-06-03 10:25:00+05:30,238.3,238.3,237.06,237.65,35.0
2026-06-03 10:30:00+05:30,238.23,238.23,237.76,237.76,9.0
2026-06-03 10:35:00+05:30,237.0,237.0,236.55,236.55,327.0
2026-06-03 10:40:00+05:30,236.69,238.4,236.0,236.59,1670.0
2026-06-03 10:45:00+05:30,236.11,236.11,236.11,236.11,166.0
2026-06-03 10:50:00+05:30,236.11,236.11,236.11,236.11,0.0
2026-06-03 10:55:00+05:30,236.11,236.11,236.11,236.11,16.0
2026-06-03 11:00:00+05:30,236.11,236.56,236.11,236.56,39.0
2026-06-03 11:05:00+05:30,236.56,236.56,235.26,235.26,354.0
2026-06-03 11:10:00+05:30,235.26,235.26,235.26,235.26,0.0
2026-06-03 11:15:00+05:30,235.81,235.81,234.0,235.66,922.0
2026-06-03 11:20:00+05:30,235.66,235.8,235.01,235.8,57.0
2026-06-03 11:25:00+05:30,235.8,236.25,235.49,236.17,1604.0
2026-06-03 11:30:00+05:30,236.17,236.18,236.17,236.18,6.0
2026-06-03 11:35:00+05:30,236.18,236.34,236.18,236.18,64.0
2026-06-03 11:40:00+05:30,236.18,236.18,236.18,236.18,0.0
2026-06-03 11:45:00+05:30,236.18,236.18,236.18,236.18,0.0
2026-06-03 11:50:00+05:30,236.18,236.18,235.36,235.36,73.0
2026-06-03 11:55:00+05:30,235.36,235.36,235.36,235.36,0.0
2026-06-03 12:00:00+05:30,235.36,235.36,234.6,234.61,108.0
2026-06-03 12:05:00+05:30,234.61,234.69,234.3,234.66,6.0
2026-06-03 12:10:00+05:30,234.66,234.78,234.66,234.78,55.0
2026-06-03 12:15:00+05:30,234.78,235.05,233.69,235.05,243.0
2026-06-03 12:20:00+05:30,235.25,235.81,234.4,235.81,344.0
2026-06-03 12:25:00+05:30,235.81,235.81,235.01,235.01,4.0
2026-06-03 12:30:00+05:30,235.01,235.49,235.01,235.49,2.0
2026-06-03 12:35:00+05:30,235.49,235.49,235.49,235.49,5.0
2026-06-03 12:40:00+05:30,235.49,236.2,235.49,236.2,25.0
2026-06-03 12:45:00+05:30,236.0,236.0,235.29,235.29,78.0
2026-06-03 12:50:00+05:30,235.29,235.29,235.13,235.13,3.0
2026-06-03 12:55:00+05:30,238.02,238.02,236.01,237.02,899.0
2026-06-03 13:00:00+05:30,237.02,237.02,236.8,236.8,81.0
2026-06-03 13:05:00+05:30,236.0,236.77,235.51,235.51,223.0
2026-06-03 13:10:00+05:30,237.99,237.99,237.99,237.99,134.0
2026-06-03 13:15:00+05:30,237.99,237.99,237.96,237.96,36.0
2026-06-03 13:20:00+05:30,237.96,237.96,237.96,237.96,0.0
2026-06-03 13:25:00+05:30,237.96,237.96,237.96,237.96,0.0
2026-06-03 13:30:00+05:30,237.92,237.93,236.02,237.9,114.0
2026-06-03 13:35:00+05:30,237.87,237.9,237.87,237.9,152.0
2026-06-03 13:40:00+05:30,237.9,237.9,237.9,237.9,5.0
2026-06-03 13:45:00+05:30,237.9,237.9,237.9,237.9,0.0
2026-06-03 13:50:00+05:30,237.88,237.88,237.88,237.88,5.0
2026-06-03 13:55:00+05:30,237.88,237.88,236.68,236.68,2.0
2026-06-03 14:00:00+05:30,236.68,236.68,236.68,236.68,0.0
2026-06-03 14:05:00+05:30,236.68,236.68,236.59,236.59,54.0
2026-06-03 14:10:00+05:30,236.59,238.19,234.9,234.9,1795.0
2026-06-03 14:15:00+05:30,236.0,236.0,236.0,236.0,20.0
2026-06-03 14:20:00+05:30,236.0,236.92,236.0,236.88,26.0
2026-06-03 14:25:00+05:30,236.88,236.88,236.33,236.33,97.0
2026-06-03 14:30:00+05:30,236.33,236.33,236.28,236.28,30.0
2026-06-03 14:35:00+05:30,236.28,236.28,235.0,235.8,1106.0
2026-06-03 14:40:00+05:30,235.8,235.8,235.8,235.8,816.0
2026-06-03 14:45:00+05:30,235.55,236.48,235.54,236.02,387.0
2026-06-03 14:50:00+05:30,236.03,236.5,235.13,236.5,412.0
2026-06-03 14:55:00+05:30,236.5,236.75,235.17,236.75,290.0
2026-06-03 15:00:00+05:30,236.75,236.75,235.65,235.65,10.0
2026-06-03 15:05:00+05:30,235.65,235.79,235.65,235.79,13.0
2026-06-03 15:10:00+05:30,235.82,237.95,235.81,235.81,643.0
2026-06-03 15:15:00+05:30,235.65,237.62,235.1,235.91,443.0
2026-06-03 15:20:00+05:30,236.18,237.93,236.0,237.0,208.0
2026-06-03 15:25:00+05:30,237.0,237.0,235.2,236.5,1280.0
2026-06-04 09:15:00+05:30,230.0,236.99,230.0,236.99,537.0
2026-06-04 09:20:00+05:30,236.99,238.99,236.99,238.03,1516.0
2026-06-04 09:25:00+05:30,237.27,237.49,234.51,235.54,344.0
2026-06-04 09:30:00+05:30,235.7,237.96,235.6,237.96,494.0
2026-06-04 09:35:00+05:30,237.51,237.51,235.98,235.98,175.0
2026-06-04 09:40:00+05:30,235.98,237.81,235.98,237.81,1.0
2026-06-04 09:45:00+05:30,237.81,237.81,237.81,237.81,0.0
2026-06-04 09:50:00+05:30,237.7,237.7,237.7,237.7,20.0
2026-06-04 09:55:00+05:30,237.7,237.7,237.7,237.7,0.0
2026-06-04 10:00:00+05:30,237.7,237.7,235.57,235.57,780.0
2026-06-04 10:05:00+05:30,235.57,235.57,235.57,235.57,0.0
2026-06-04 10:10:00+05:30,235.57,238.18,235.57,238.18,811.0
2026-06-04 10:15:00+05:30,236.42,238.0,235.79,235.79,1841.0
2026-06-04 10:20:00+05:30,238.0,238.82,238.0,238.82,749.0
2026-06-04 10:25:00+05:30,239.0,239.75,239.0,239.75,498.0
2026-06-04 10:30:00+05:30,240.0,243.4,239.9,241.55,1686.0
2026-06-04 10:35:00+05:30,241.55,244.34,241.04,243.95,1214.0
2026-06-04 10:40:00+05:30,244.4,248.9,244.31,244.31,3825.0
2026-06-04 10:45:00+05:30,244.31,245.57,244.31,245.57,5.0
2026-06-04 10:50:00+05:30,245.57,245.63,245.57,245.63,20.0
2026-06-04 10:55:00+05:30,245.63,246.25,245.6,245.6,220.0
2026-06-04 11:00:00+05:30,246.81,246.81,245.4,245.4,965.0
2026-06-04 11:05:00+05:30,245.4,245.53,243.04,244.0,588.0
2026-06-04 11:10:00+05:30,244.0,245.36,244.0,245.27,46.0
2026-06-04 11:15:00+05:30,244.05,246.49,244.05,245.1,1076.0
2026-06-04 11:20:00+05:30,245.1,245.34,245.0,245.34,400.0
2026-06-04 11:25:00+05:30,245.53,245.53,245.0,245.0,120.0
2026-06-04 11:30:00+05:30,245.0,245.01,245.0,245.01,50.0
2026-06-04 11:35:00+05:30,245.01,245.49,245.0,245.49,193.0
2026-06-04 11:40:00+05:30,245.49,245.69,245.03,245.05,444.0
2026-06-04 11:45:00+05:30,245.05,245.67,245.05,245.34,36.0
2026-06-04 11:50:00+05:30,245.34,245.34,245.34,245.34,0.0
2026-06-04 11:55:00+05:30,245.02,245.02,245.0,245.0,168.0
2026-06-04 12:00:00+05:30,245.0,245.0,245.0,245.0,0.0
2026-06-04 12:05:00+05:30,245.0,245.0,245.0,245.0,294.0
2026-06-04 12:10:00+05:30,245.0,245.9,245.0,245.85,847.0
2026-06-04 12:15:00+05:30,245.85,245.85,244.05,244.71,730.0
2026-06-04 12:20:00+05:30,244.71,244.71,244.71,244.71,180.0
2026-06-04 12:25:00+05:30,244.71,244.71,244.71,244.71,0.0
2026-06-04 12:30:00+05:30,244.71,245.0,244.0,244.61,600.0
2026-06-04 12:35:00+05:30,244.61,245.24,244.61,245.24,64.0
2026-06-04 12:40:00+05:30,245.24,245.24,242.05,242.05,643.0
2026-06-04 12:45:00+05:30,242.02,242.05,242.02,242.05,2.0
2026-06-04 12:50:00+05:30,242.05,242.06,242.05,242.06,1.0
2026-06-04 12:55:00+05:30,242.06,245.25,242.06,243.77,846.0
2026-06-04 13:00:00+05:30,243.88,243.88,243.88,243.88,100.0
2026-06-04 13:05:00+05:30,243.01,243.01,243.0,243.0,31.0
2026-06-04 13:10:00+05:30,245.99,245.99,243.0,243.0,1383.0
2026-06-04 13:15:00+05:30,243.0,243.0,242.05,242.05,156.0
2026-06-04 13:20:00+05:30,242.05,242.05,242.05,242.05,0.0
2026-06-04 13:25:00+05:30,242.05,242.05,242.05,242.05,0.0
2026-06-04 13:30:00+05:30,242.05,242.05,242.05,242.05,0.0
2026-06-04 13:35:00+05:30,242.05,242.05,242.05,242.05,0.0
2026-06-04 13:40:00+05:30,242.05,242.06,242.05,242.06,40.0
2026-06-04 13:45:00+05:30,242.06,242.06,242.06,242.06,0.0
2026-06-04 13:50:00+05:30,242.06,242.06,242.06,242.06,0.0
2026-06-04 13:55:00+05:30,242.06,242.15,242.06,242.15,12.0
2026-06-04 14:00:00+05:30,242.73,243.14,242.73,243.14,20.0
2026-06-04 14:05:00+05:30,243.14,243.25,243.14,243.25,2.0
2026-06-04 14:10:00+05:30,243.25,243.25,243.25,243.25,0.0
2026-06-04 14:15:00+05:30,243.25,243.35,243.25,243.35,110.0
2026-06-04 14:20:00+05:30,243.35,243.35,243.35,243.35,0.0
2026-06-04 14:25:00+05:30,243.35,243.35,242.6,242.6,105.0
2026-06-04 14:30:00+05:30,242.6,244.48,242.05,243.19,368.0
2026-06-04 14:35:00+05:30,243.19,243.19,243.19,243.19,593.0
2026-06-04 14:40:00+05:30,244.36,244.36,244.0,244.0,70.0
2026-06-04 14:45:00+05:30,244.0,244.0,242.54,242.54,593.0
2026-06-04 14:50:00+05:30,242.54,242.54,242.54,242.54,1.0
2026-06-04 14:55:00+05:30,242.54,242.6,242.54,242.6,25.0
2026-06-04 15:00:00+05:30,242.6,242.6,242.6,242.6,0.0
2026-06-04 15:05:00+05:30,242.6,242.61,242.6,242.61,199.0
2026-06-04 15:10:00+05:30,242.65,243.24,240.0,240.72,1875.0
2026-06-04 15:15:00+05:30,242.22,242.87,241.76,241.77,538.0
2026-06-04 15:20:00+05:30,241.77,241.78,240.99,241.0,1307.0
2026-06-04 15:25:00+05:30,241.46,242.48,240.06,240.06,932.0
2026-06-05 09:15:00+05:30,240.62,244.76,240.1,244.76,189.0
2026-06-05 09:20:00+05:30,244.76,244.76,243.51,243.53,50.0
2026-06-05 09:25:00+05:30,242.59,242.59,240.02,240.05,668.0
2026-06-05 09:30:00+05:30,240.05,241.87,240.05,240.47,94.0
2026-06-05 09:35:00+05:30,240.82,240.82,240.82,240.82,36.0
2026-06-05 09:40:00+05:30,240.82,242.18,240.82,242.18,10.0
2026-06-05 09:45:00+05:30,240.88,240.88,240.88,240.88,1.0
2026-06-05 09:50:00+05:30,240.82,241.15,240.73,240.73,94.0
2026-06-05 09:55:00+05:30,240.73,240.73,240.73,240.73,0.0
2026-06-05 10:00:00+05:30,240.73,240.73,236.35,236.35,1084.0
2026-06-05 10:05:00+05:30,236.35,240.96,236.35,240.96,689.0
2026-06-05 10:10:00+05:30,237.66,239.84,237.0,237.0,1148.0
2026-06-05 10:15:00+05:30,237.0,238.54,236.41,237.65,1405.0
2026-06-05 10:20:00+05:30,237.65,238.37,237.65,238.22,63.0
2026-06-05 10:25:00+05:30,238.22,239.0,236.52,239.0,346.0
2026-06-05 10:30:00+05:30,238.56,238.6,237.0,237.65,332.0
2026-06-05 10:35:00+05:30,237.7,238.0,236.0,236.0,1586.0
2026-06-05 10:40:00+05:30,236.0,236.0,236.0,236.0,0.0
2026-06-05 10:45:00+05:30,236.0,236.0,236.0,236.0,0.0
2026-06-05 10:50:00+05:30,236.0,236.92,236.0,236.92,5.0
2026-06-05 10:55:00+05:30,236.92,237.0,236.92,236.95,316.0
2026-06-05 11:00:00+05:30,236.95,239.48,236.95,239.43,2367.0
2026-06-05 11:05:00+05:30,239.43,240.84,239.43,240.5,1167.0
2026-06-05 11:10:00+05:30,241.26,241.26,240.0,240.0,594.0
2026-06-05 11:15:00+05:30,240.01,240.25,240.0,240.0,287.0
2026-06-05 11:20:00+05:30,240.0,240.0,239.42,239.42,2.0
2026-06-05 11:25:00+05:30,239.6,240.0,239.0,240.0,820.0
2026-06-05 11:30:00+05:30,240.0,240.0,240.0,240.0,250.0
2026-06-05 11:35:00+05:30,240.0,240.16,239.98,239.98,122.0
2026-06-05 11:40:00+05:30,239.98,239.98,239.98,239.98,0.0
2026-06-05 11:45:00+05:30,239.98,239.98,239.8,239.8,24.0
2026-06-05 11:50:00+05:30,239.8,240.99,239.8,240.0,413.0
2026-06-05 11:55:00+05:30,240.11,240.23,239.8,239.8,412.0
2026-06-05 12:00:00+05:30,240.0,240.0,240.0,240.0,264.0
2026-06-05 12:05:00+05:30,240.06,240.06,240.0,240.0,254.0
2026-06-05 12:10:00+05:30,240.0,240.0,240.0,240.0,196.0
2026-06-05 12:15:00+05:30,240.0,240.0,240.0,240.0,0.0
2026-06-05 12:20:00+05:30,239.03,239.03,239.03,239.03,25.0
2026-06-05 12:25:00+05:30,239.03,239.03,239.0,239.0,220.0
2026-06-05 12:30:00+05:30,239.0,239.0,239.0,239.0,0.0
2026-06-05 12:35:00+05:30,239.0,239.0,239.0,239.0,0.0
2026-06-05 12:40:00+05:30,239.0,239.37,239.0,239.37,1.0
2026-06-05 12:45:00+05:30,239.37,239.37,239.37,239.37,0.0
2026-06-05 12:50:00+05:30,239.37,239.37,239.37,239.37,0.0
2026-06-05 12:55:00+05:30,239.37,239.37,239.37,239.37,0.0
2026-06-05 13:00:00+05:30,239.37,239.37,238.37,238.37,23.0
2026-06-05 13:05:00+05:30,238.37,238.37,238.37,238.37,0.0
2026-06-05 13:10:00+05:30,237.52,237.52,237.0,237.0,229.0
2026-06-05 13:15:00+05:30,236.96,237.11,236.96,237.11,8.0
2026-06-05 13:20:00+05:30,236.07,236.66,236.07,236.66,41.0
2026-06-05 13:25:00+05:30,237.14,237.14,237.14,237.14,10.0
2026-06-05 13:30:00+05:30,237.14,237.14,237.14,237.14,0.0
2026-06-05 13:35:00+05:30,237.14,237.14,237.14,237.14,0.0
2026-06-05 13:40:00+05:30,237.14,237.14,236.06,236.06,760.0
2026-06-05 13:45:00+05:30,236.06,237.99,236.06,237.99,119.0
2026-06-05 13:50:00+05:30,236.27,238.97,236.06,236.06,269.0
2026-06-05 13:55:00+05:30,236.06,237.3,236.06,237.3,73.0
2026-06-05 14:00:00+05:30,237.3,237.3,237.3,237.3,0.0
2026-06-05 14:05:00+05:30,237.3,237.3,237.3,237.3,0.0
2026-06-05 14:10:00+05:30,237.3,238.49,237.3,238.49,150.0
2026-06-05 14:15:00+05:30,238.49,238.49,238.49,238.49,0.0
2026-06-05 14:20:00+05:30,238.49,238.49,238.41,238.41,5.0
2026-06-05 14:25:00+05:30,238.41,238.41,238.41,238.41,0.0
2026-06-05 14:30:00+05:30,238.41,238.41,238.41,238.41,0.0
2026-06-05 14:35:00+05:30,238.41,238.41,238.41,238.41,0.0
2026-06-05 14:40:00+05:30,238.41,238.41,238.41,238.41,0.0
2026-06-05 14:45:00+05:30,238.41,238.41,236.1,236.74,157.0
2026-06-05 14:50:00+05:30,236.74,237.5,236.51,237.5,45.0
2026-06-05 14:55:00+05:30,237.5,237.5,236.01,236.01,2950.0
2026-06-05 15:00:00+05:30,236.02,236.02,236.02,236.02,1.0
2026-06-05 15:05:00+05:30,236.02,236.02,235.86,235.86,1506.0
2026-06-05 15:10:00+05:30,235.4,235.94,235.4,235.41,387.0
2026-06-05 15:15:00+05:30,235.45,235.45,234.41,234.81,960.0
2026-06-05 15:20:00+05:30,235.0,235.0,234.0,234.39,508.0
2026-06-05 15:25:00+05:30,235.98,236.12,234.0,236.0,987.0
2026-06-08 09:21:00+05:30,235.83,235.83,235.32,235.32,11.0
2026-06-08 09:25:00+05:30,235.32,235.32,235.32,235.32,0.0
2026-06-08 09:30:00+05:30,231.0,233.54,231.0,233.0,202.0
2026-06-08 09:35:00+05:30,232.98,232.98,232.98,232.98,41.0
2026-06-08 09:40:00+05:30,232.89,232.89,232.89,232.89,10.0
2026-06-08 09:45:00+05:30,232.88,232.88,232.88,232.88,33.0
2026-06-08 09:50:00+05:30,232.88,232.88,232.72,232.72,10.0
2026-06-08 09:55:00+05:30,232.72,235.49,232.72,235.0,348.0
2026-06-08 10:00:00+05:30,234.07,234.07,234.02,234.02,37.0
2026-06-08 10:05:00+05:30,234.02,234.02,234.0,234.0,340.0
2026-06-08 10:10:00+05:30,234.69,234.69,234.69,234.69,1.0
2026-06-08 10:15:00+05:30,234.69,235.38,234.69,235.38,2.0
2026-06-08 10:20:00+05:30,235.38,235.38,235.38,235.38,0.0
2026-06-08 10:25:00+05:30,235.38,235.38,235.0,235.0,85.0
2026-06-08 10:30:00+05:30,235.0,235.0,235.0,235.0,0.0
2026-06-08 10:35:00+05:30,235.0,235.0,235.0,235.0,0.0
2026-06-08 10:40:00+05:30,235.0,235.0,235.0,235.0,0.0
2026-06-08 10:45:00+05:30,235.0,235.0,235.0,235.0,0.0
2026-06-08 10:50:00+05:30,235.0,235.0,235.0,235.0,0.0
2026-06-08 10:55:00+05:30,235.0,235.0,235.0,235.0,0.0
2026-06-08 11:00:00+05:30,235.0,235.0,235.0,235.0,0.0
2026-06-08 11:05:00+05:30,235.0,235.0,235.0,235.0,0.0
2026-06-08 11:10:00+05:30,234.17,235.0,234.17,235.0,111.0
2026-06-08 11:15:00+05:30,235.0,235.0,235.0,235.0,0.0
2026-06-08 11:20:00+05:30,234.2,235.49,234.2,235.49,20.0
2026-06-08 11:25:00+05:30,235.49,235.49,235.48,235.48,21.0
2026-06-08 11:30:00+05:30,235.48,235.48,235.48,235.48,0.0
2026-06-08 11:35:00+05:30,235.48,235.48,235.48,235.48,0.0
2026-06-08 11:40:00+05:30,235.48,235.48,234.05,234.05,60.0
2026-06-08 11:45:00+05:30,234.04,234.04,234.04,234.04,10.0
2026-06-08 11:50:00+05:30,234.04,234.04,234.04,234.04,0.0
2026-06-08 11:55:00+05:30,234.04,234.04,234.01,234.01,50.0
2026-06-08 12:00:00+05:30,234.01,234.01,234.01,234.01,0.0
2026-06-08 12:05:00+05:30,235.41,236.5,235.41,235.97,532.0
2026-06-08 12:10:00+05:30,235.97,235.97,235.97,235.97,0.0
2026-06-08 12:15:00+05:30,235.97,235.97,234.15,235.0,188.0
2026-06-08 12:20:00+05:30,235.46,235.81,235.01,235.01,34.0
2026-06-08 12:25:00+05:30,235.01,235.01,235.01,235.01,27.0
2026-06-08 12:30:00+05:30,235.01,235.01,235.01,235.01,0.0
2026-06-08 12:35:00+05:30,235.01,235.01,235.01,235.01,0.0
2026-06-08 12:40:00+05:30,236.5,236.7,236.5,236.7,276.0
2026-06-08 12:45:00+05:30,237.49,238.34,237.49,238.34,123.0
2026-06-08 12:50:00+05:30,238.34,238.34,238.34,238.34,0.0
2026-06-08 12:55:00+05:30,238.34,238.34,236.7,236.7,112.0
2026-06-08 13:00:00+05:30,237.47,237.8,237.4,237.8,51.0
2026-06-08 13:05:00+05:30,237.8,237.8,237.8,237.8,0.0
2026-06-08 13:10:00+05:30,237.8,237.8,237.8,237.8,0.0
2026-06-08 13:15:00+05:30,236.5,236.51,236.5,236.5,27.0
2026-06-08 13:20:00+05:30,236.5,236.5,236.5,236.5,207.0
2026-06-08 13:25:00+05:30,236.5,236.5,236.5,236.5,0.0
2026-06-08 13:30:00+05:30,236.5,236.93,236.48,236.7,75.0
2026-06-08 13:35:00+05:30,236.7,237.12,236.7,237.12,30.0
2026-06-08 13:40:00+05:30,237.7,237.95,237.7,237.95,145.0
2026-06-08 13:45:00+05:30,237.95,238.34,237.95,238.0,140.0
2026-06-08 13:50:00+05:30,238.0,238.0,238.0,238.0,41.0
2026-06-08 13:55:00+05:30,238.0,238.49,237.51,238.49,150.0
2026-06-08 14:00:00+05:30,238.49,238.49,238.49,238.49,0.0
2026-06-08 14:05:00+05:30,238.49,238.49,238.3,238.3,4.0
2026-06-08 14:10:00+05:30,238.3,238.3,238.3,238.3,0.0
2026-06-08 14:15:00+05:30,238.3,238.3,237.0,237.0,908.0
2026-06-08 14:20:00+05:30,236.5,237.0,236.5,237.0,258.0
2026-06-08 14:25:00+05:30,236.5,236.5,236.5,236.5,773.0
2026-06-08 14:30:00+05:30,236.5,238.0,236.5,238.0,394.0
2026-06-08 14:35:00+05:30,238.0,238.0,238.0,238.0,30.0
2026-06-08 14:40:00+05:30,238.0,238.3,238.0,238.3,11.0
2026-06-08 14:45:00+05:30,238.02,238.02,238.0,238.01,61.0
2026-06-08 14:50:00+05:30,238.01,238.01,238.0,238.01,28.0
2026-06-08 14:55:00+05:30,238.01,238.02,237.51,238.0,257.0
2026-06-08 15:00:00+05:30,238.0,238.0,236.6,236.6,3.0
2026-06-08 15:05:00+05:30,236.6,236.6,236.0,236.0,118.0
2026-06-08 15:10:00+05:30,236.0,237.49,236.0,236.0,156.0
2026-06-08 15:15:00+05:30,236.0,238.0,236.0,238.0,623.0
2026-06-08 15:20:00+05:30,238.01,238.01,238.01,238.01,91.0
2026-06-08 15:25:00+05:30,238.0,238.3,235.48,238.3,1309.0
2026-06-09 09:16:00+05:30,239.79,244.0,239.79,240.59,153.0
2026-06-09 09:20:00+05:30,241.03,241.03,238.52,240.49,371.0
2026-06-09 09:25:00+05:30,240.49,240.49,238.53,238.75,10.0
2026-06-09 09:30:00+05:30,238.75,238.88,238.75,238.88,1.0
2026-06-09 09:35:00+05:30,238.88,243.51,238.88,242.19,968.0
2026-06-09 09:40:00+05:30,242.2,242.58,242.0,242.0,2203.0
2026-06-09 09:45:00+05:30,242.0,242.0,242.0,242.0,40.0
2026-06-09 09:50:00+05:30,242.0,242.0,241.25,241.25,479.0
2026-06-09 09:55:00+05:30,241.25,241.25,238.5,239.17,385.0
2026-06-09 10:00:00+05:30,238.0,239.68,238.0,239.68,729.0
2026-06-09 10:05:00+05:30,239.68,239.99,238.54,238.54,467.0
2026-06-09 10:10:00+05:30,238.54,238.54,238.24,238.24,5.0
2026-06-09 10:15:00+05:30,238.24,238.99,238.24,238.99,184.0
2026-06-09 10:20:00+05:30,239.0,240.76,239.0,240.76,811.0
2026-06-09 10:25:00+05:30,239.79,240.46,239.79,240.46,13.0
2026-06-09 10:30:00+05:30,240.46,240.46,240.46,240.46,0.0
2026-06-09 10:35:00+05:30,240.46,240.46,240.46,240.46,100.0
2026-06-09 10:40:00+05:30,240.46,240.46,240.46,240.46,0.0
2026-06-09 10:45:00+05:30,240.46,240.46,239.47,239.47,163.0
2026-06-09 10:50:00+05:30,238.65,238.77,238.65,238.77,261.0
2026-06-09 10:55:00+05:30,238.77,238.77,238.77,238.77,0.0
2026-06-09 11:00:00+05:30,238.77,238.77,238.77,238.77,0.0
2026-06-09 11:05:00+05:30,238.77,238.77,238.77,238.77,0.0
2026-06-09 11:10:00+05:30,239.0,239.0,239.0,239.0,500.0
2026-06-09 11:15:00+05:30,239.0,239.0,239.0,239.0,0.0
2026-06-09 11:20:00+05:30,239.0,239.0,239.0,239.0,0.0
2026-06-09 11:25:00+05:30,239.0,239.01,239.0,239.01,74.0
2026-06-09 11:30:00+05:30,239.22,239.22,235.82,236.03,1532.0
2026-06-09 11:35:00+05:30,236.03,237.83,236.03,237.83,243.0
2026-06-09 11:40:00+05:30,237.83,237.83,237.83,237.83,0.0
2026-06-09 11:45:00+05:30,237.83,238.68,237.83,238.68,605.0
2026-06-09 11:50:00+05:30,238.68,238.68,238.68,238.68,0.0
2026-06-09 11:55:00+05:30,238.68,238.68,237.67,237.67,5.0
2026-06-09 12:00:00+05:30,237.67,237.87,237.67,237.87,70.0
2026-06-09 12:05:00+05:30,237.87,237.87,237.87,237.87,0.0
2026-06-09 12:10:00+05:30,237.87,237.87,237.87,237.87,0.0
2026-06-09 12:15:00+05:30,237.87,237.87,237.87,237.87,0.0
2026-06-09 12:20:00+05:30,237.87,237.87,237.87,237.87,0.0
2026-06-09 12:25:00+05:30,237.87,238.64,237.87,238.64,69.0
2026-06-09 12:30:00+05:30,239.2,239.96,235.52,236.0,1738.0
2026-06-09 12:35:00+05:30,236.99,238.01,236.95,237.54,169.0
2026-06-09 12:40:00+05:30,237.54,237.54,235.96,236.15,48.0
2026-06-09 12:45:00+05:30,236.0,236.0,235.03,236.0,300.0
2026-06-09 12:50:00+05:30,236.0,236.37,235.04,236.37,202.0
2026-06-09 12:55:00+05:30,236.01,236.36,236.01,236.16,31.0
2026-06-09 13:00:00+05:30,236.16,236.16,236.16,236.16,1.0
2026-06-09 13:05:00+05:30,236.16,236.25,236.16,236.25,1.0
2026-06-09 13:10:00+05:30,236.25,236.25,236.25,236.25,0.0
2026-06-09 13:15:00+05:30,236.1,236.12,236.1,236.12,24.0
2026-06-09 13:20:00+05:30,236.12,236.12,236.12,236.12,0.0
2026-06-09 13:25:00+05:30,236.12,236.22,236.1,236.22,6.0
2026-06-09 13:30:00+05:30,236.22,236.22,236.05,236.05,15.0
2026-06-09 13:35:00+05:30,236.05,236.05,236.01,236.01,2.0
2026-06-09 13:40:00+05:30,236.01,236.01,235.4,235.79,401.0
2026-06-09 13:45:00+05:30,235.79,236.02,235.79,236.02,1.0
2026-06-09 13:50:00+05:30,236.86,236.86,235.4,235.4,102.0
2026-06-09 13:55:00+05:30,235.4,235.4,235.4,235.4,0.0
2026-06-09 14:00:00+05:30,235.4,235.4,235.4,235.4,0.0
2026-06-09 14:05:00+05:30,235.4,236.91,235.4,236.86,7.0
2026-06-09 14:10:00+05:30,236.86,236.86,236.86,236.86,0.0
2026-06-09 14:15:00+05:30,236.86,236.86,236.86,236.86,0.0
2026-06-09 14:20:00+05:30,236.86,236.86,236.86,236.86,0.0
2026-06-09 14:25:00+05:30,236.86,236.86,236.86,236.86,0.0
2026-06-09 14:30:00+05:30,236.86,236.86,236.86,236.86,0.0
2026-06-09 14:35:00+05:30,236.86,236.86,236.86,236.86,0.0
2026-06-09 14:40:00+05:30,236.86,236.86,236.23,236.23,114.0
2026-06-09 14:45:00+05:30,236.23,236.23,235.9,235.9,116.0
2026-06-09 14:50:00+05:30,236.0,236.0,236.0,236.0,1.0
2026-06-09 14:55:00+05:30,238.0,238.01,238.0,238.0,581.0
2026-06-09 15:00:00+05:30,238.0,238.0,238.0,238.0,0.0
2026-06-09 15:05:00+05:30,238.0,238.0,237.0,237.52,87.0
2026-06-09 15:10:00+05:30,237.58,238.0,237.58,238.0,274.0
2026-06-09 15:15:00+05:30,238.03,238.95,237.0,238.95,675.0
2026-06-09 15:20:00+05:30,238.91,238.94,236.51,236.51,342.0
2026-06-09 15:25:00+05:30,236.51,240.0,236.5,236.5,247.0
2026-06-10 09:15:00+05:30,236.0,237.93,236.0,237.93,181.0
2026-06-10 09:20:00+05:30,237.93,237.93,237.93,237.93,0.0
2026-06-10 09:25:00+05:30,236.74,238.7,236.74,236.96,137.0
2026-06-10 09:30:00+05:30,236.76,237.7,236.76,237.57,69.0
2026-06-10 09:35:00+05:30,238.8,238.8,238.8,238.8,1.0
2026-06-10 09:40:00+05:30,238.8,238.8,238.51,238.51,38.0
2026-06-10 09:45:00+05:30,238.51,238.51,237.23,237.87,10.0
2026-06-10 09:50:00+05:30,237.87,238.49,237.35,238.15,214.0
2026-06-10 09:55:00+05:30,238.15,238.5,238.01,238.5,20.0
2026-06-10 10:00:00+05:30,238.5,238.5,238.5,238.5,29.0
2026-06-10 10:05:00+05:30,238.5,238.5,237.34,237.34,10.0
2026-06-10 10:10:00+05:30,237.34,237.34,237.34,237.34,0.0
2026-06-10 10:15:00+05:30,237.34,238.25,237.34,238.25,1.0
2026-06-10 10:20:00+05:30,237.3,238.62,237.27,237.27,136.0
2026-06-10 10:25:00+05:30,237.27,238.65,236.65,236.95,147.0
2026-06-10 10:30:00+05:30,236.5,238.2,235.7,237.51,559.0
2026-06-10 10:35:00+05:30,237.03,237.16,236.94,237.16,71.0
2026-06-10 10:40:00+05:30,237.16,237.16,237.16,237.16,0.0
2026-06-10 10:45:00+05:30,237.16,237.43,237.16,237.43,1.0
2026-06-10 10:50:00+05:30,237.43,237.43,237.43,237.43,0.0
2026-06-10 10:55:00+05:30,237.43,237.43,237.43,237.43,0.0
2026-06-10 11:00:00+05:30,237.43,237.43,236.5,236.5,54.0
2026-06-10 11:05:00+05:30,236.5,236.5,236.0,236.0,40.0
2026-06-10 11:10:00+05:30,236.0,236.0,236.0,236.0,41.0
2026-06-10 11:15:00+05:30,236.0,237.45,236.0,237.45,250.0
2026-06-10 11:20:00+05:30,238.5,238.5,238.0,238.0,244.0
2026-06-10 11:25:00+05:30,238.0,238.0,237.03,237.03,37.0
2026-06-10 11:30:00+05:30,237.03,237.03,236.51,236.51,4.0
2026-06-10 11:35:00+05:30,236.51,236.51,236.51,236.51,0.0
2026-06-10 11:40:00+05:30,236.51,236.51,236.2,236.2,100.0
2026-06-10 11:45:00+05:30,236.2,236.2,236.2,236.2,0.0
2026-06-10 11:50:00+05:30,236.2,237.03,236.2,237.03,1.0
2026-06-10 11:55:00+05:30,237.03,237.03,237.03,237.03,0.0
2026-06-10 12:00:00+05:30,236.01,238.89,236.01,238.89,310.0
2026-06-10 12:05:00+05:30,238.89,238.89,238.89,238.89,0.0
2026-06-10 12:10:00+05:30,236.04,236.04,236.04,236.04,6.0
2026-06-10 12:15:00+05:30,236.04,236.04,236.04,236.04,0.0
2026-06-10 12:20:00+05:30,236.04,236.04,236.04,236.04,0.0
2026-06-10 12:25:00+05:30,236.04,236.04,236.04,236.04,0.0
2026-06-10 12:30:00+05:30,236.04,236.04,235.9,235.9,105.0
2026-06-10 12:35:00+05:30,235.9,235.9,235.9,235.9,0.0
2026-06-10 12:40:00+05:30,235.5,235.5,235.5,235.5,350.0
2026-06-10 12:45:00+05:30,235.5,237.0,235.0,235.6,591.0
2026-06-10 12:50:00+05:30,235.16,236.21,235.0,235.25,794.0
2026-06-10 12:55:00+05:30,235.25,235.25,235.25,235.25,0.0
2026-06-10 13:00:00+05:30,235.25,235.25,235.14,235.14,1118.0
2026-06-10 13:05:00+05:30,235.14,235.14,235.14,235.14,0.0
2026-06-10 13:10:00+05:30,235.14,235.14,235.14,235.14,0.0
2026-06-10 13:15:00+05:30,235.14,235.14,235.14,235.14,0.0
2026-06-10 13:20:00+05:30,235.14,235.14,235.14,235.14,0.0
2026-06-10 13:25:00+05:30,235.14,235.35,235.1,235.35,70.0
2026-06-10 13:30:00+05:30,235.35,235.35,235.35,235.35,0.0
2026-06-10 13:35:00+05:30,235.35,235.35,233.51,235.34,310.0
2026-06-10 13:40:00+05:30,235.34,235.35,235.1,235.34,5.0
2026-06-10 13:45:00+05:30,235.34,235.34,235.34,235.34,0.0
2026-06-10 13:50:00+05:30,234.9,235.36,234.9,235.36,7.0
2026-06-10 13:55:00+05:30,235.23,235.23,233.03,233.03,1703.0
2026-06-10 14:00:00+05:30,233.17,235.33,233.17,235.33,268.0
2026-06-10 14:05:00+05:30,235.2,235.5,235.14,235.5,869.0
2026-06-10 14:10:00+05:30,234.83,234.84,234.59,234.59,72.0
2026-06-10 14:15:00+05:30,234.3,235.05,234.3,235.02,38.0
2026-06-10 14:20:00+05:30,235.02,235.32,234.96,235.1,983.0
2026-06-10 14:25:00+05:30,235.1,236.47,235.01,236.47,96.0
2026-06-10 14:30:00+05:30,236.02,237.5,236.02,237.5,51.0
2026-06-10 14:35:00+05:30,237.5,237.87,236.91,237.87,23.0
2026-06-10 14:40:00+05:30,237.87,237.87,237.87,237.87,0.0
2026-06-10 14:45:00+05:30,237.87,237.87,237.87,237.87,0.0
2026-06-10 14:50:00+05:30,237.68,237.68,236.0,236.0,279.0
2026-06-10 14:55:00+05:30,236.0,236.0,236.0,236.0,43.0
2026-06-10 15:00:00+05:30,237.33,237.33,237.33,237.33,1.0
2026-06-10 15:05:00+05:30,237.33,237.33,236.0,236.0,933.0
2026-06-10 15:10:00+05:30,235.72,235.72,234.32,234.32,41.0
2026-06-10 15:15:00+05:30,234.32,236.43,234.32,236.43,1.0
2026-06-10 15:20:00+05:30,235.21,235.21,233.0,233.0,1309.0
2026-06-10 15:25:00+05:30,233.0,233.0,233.0,233.0,149.0
2026-06-11 09:15:00+05:30,230.3,234.0,230.3,234.0,1.0
2026-06-11 09:20:00+05:30,234.0,234.0,233.14,233.26,79.0
2026-06-11 09:25:00+05:30,233.26,233.26,233.26,233.26,0.0
2026-06-11 09:30:00+05:30,233.26,233.26,233.26,233.26,0.0
2026-06-11 09:35:00+05:30,233.26,234.0,232.3,234.0,297.0
2026-06-11 09:40:00+05:30,235.01,235.05,234.99,235.05,53.0
2026-06-11 09:45:00+05:30,235.05,235.98,235.0,235.98,166.0
2026-06-11 09:50:00+05:30,235.98,236.0,235.0,235.0,46.0
2026-06-11 09:55:00+05:30,234.94,235.73,234.52,235.73,212.0
2026-06-11 10:00:00+05:30,235.76,235.84,234.57,234.59,640.0
2026-06-11 10:05:00+05:30,234.59,234.59,232.52,232.52,113.0
2026-06-11 10:10:00+05:30,232.52,232.52,232.52,232.52,0.0
2026-06-11 10:15:00+05:30,234.12,234.12,234.05,234.05,35.0
2026-06-11 10:20:00+05:30,234.05,234.05,234.05,234.05,0.0
2026-06-11 10:25:00+05:30,234.05,234.05,234.05,234.05,10.0
2026-06-11 10:30:00+05:30,234.05,234.05,232.36,232.36,1.0
2026-06-11 10:35:00+05:30,232.36,232.36,232.36,232.36,1.0
2026-06-11 10:40:00+05:30,232.36,232.4,232.36,232.4,9.0
2026-06-11 10:45:00+05:30,232.4,232.4,232.4,232.4,0.0
2026-06-11 10:50:00+05:30,230.99,231.56,230.3,230.3,864.0
2026-06-11 10:55:00+05:30,230.77,230.79,230.0,230.47,640.0
2026-06-11 11:00:00+05:30,230.47,230.47,230.47,230.47,0.0
2026-06-11 11:05:00+05:30,230.47,231.96,230.47,231.96,72.0
2026-06-11 11:10:00+05:30,231.96,232.0,231.56,231.8,318.0
2026-06-11 11:15:00+05:30,231.8,231.82,231.8,231.82,14.0
2026-06-11 11:20:00+05:30,231.5,231.5,231.5,231.5,500.0
2026-06-11 11:25:00+05:30,231.5,232.99,231.5,232.99,120.0
2026-06-11 11:30:00+05:30,232.6,233.37,232.6,233.37,42.0
2026-06-11 11:35:00+05:30,233.37,233.37,233.37,233.37,0.0
2026-06-11 11:40:00+05:30,233.37,233.37,233.03,233.03,2.0
2026-06-11 11:45:00+05:30,233.03,233.03,233.03,233.03,0.0
2026-06-11 11:50:00+05:30,233.03,233.03,233.03,233.03,0.0
2026-06-11 11:55:00+05:30,233.03,234.0,233.03,233.6,153.0
2026-06-11 12:00:00+05:30,233.6,234.0,233.6,234.0,5.0
2026-06-11 12:05:00+05:30,234.0,234.0,234.0,234.0,66.0
2026-06-11 12:10:00+05:30,234.0,234.0,234.0,234.0,5.0
2026-06-11 12:15:00+05:30,234.0,234.0,234.0,234.0,0.0
2026-06-11 12:20:00+05:30,234.0,234.12,234.0,234.0,626.0
2026-06-11 12:25:00+05:30,234.0,234.01,234.0,234.0,16.0
2026-06-11 12:30:00+05:30,234.0,234.0,234.0,234.0,0.0
2026-06-11 12:35:00+05:30,234.0,234.0,234.0,234.0,0.0
2026-06-11 12:40:00+05:30,234.0,234.0,234.0,234.0,0.0
2026-06-11 12:45:00+05:30,234.0,234.05,234.0,234.0,14.0
2026-06-11 12:50:00+05:30,234.0,234.0,234.0,234.0,0.0
2026-06-11 12:55:00+05:30,234.0,234.0,232.51,232.51,167.0
2026-06-11 13:00:00+05:30,232.51,233.1,231.06,231.06,19.0
2026-06-11 13:05:00+05:30,231.06,231.06,231.06,231.06,0.0
2026-06-11 13:10:00+05:30,231.06,232.4,231.06,232.4,168.0
2026-06-11 13:15:00+05:30,232.4,232.4,232.4,232.4,0.0
2026-06-11 13:20:00+05:30,232.4,232.4,232.01,232.01,10.0
2026-06-11 13:25:00+05:30,231.06,231.06,231.06,231.06,150.0
2026-06-11 13:30:00+05:30,231.06,233.04,231.06,233.04,32.0
2026-06-11 13:35:00+05:30,233.04,233.04,233.04,233.04,0.0
2026-06-11 13:40:00+05:30,233.04,233.04,233.04,233.04,0.0
2026-06-11 13:45:00+05:30,233.04,234.48,231.88,232.25,1210.0
2026-06-11 13:50:00+05:30,232.25,232.25,232.25,232.25,0.0
2026-06-11 13:55:00+05:30,232.25,232.25,232.25,232.25,0.0
2026-06-11 14:00:00+05:30,232.25,233.24,232.25,233.24,3.0
2026-06-11 14:05:00+05:30,233.24,236.0,233.24,236.0,453.0
2026-06-11 14:10:00+05:30,236.0,236.0,236.0,236.0,8.0
2026-06-11 14:15:00+05:30,236.0,236.0,233.57,235.6,215.0
2026-06-11 14:20:00+05:30,235.61,236.0,235.61,236.0,178.0
2026-06-11 14:25:00+05:30,236.0,236.0,236.0,236.0,149.0
2026-06-11 14:30:00+05:30,236.0,236.14,235.8,236.0,73.0
2026-06-11 14:35:00+05:30,235.8,236.0,235.44,235.44,193.0
2026-06-11 14:40:00+05:30,234.89,236.09,233.7,235.46,421.0
2026-06-11 14:45:00+05:30,235.49,236.0,235.49,236.0,259.0
2026-06-11 14:50:00+05:30,236.0,236.0,236.0,236.0,0.0
2026-06-11 14:55:00+05:30,236.0,236.0,231.6,232.88,402.0
2026-06-11 15:00:00+05:30,229.51,230.0,227.0,227.0,9927.0
2026-06-11 15:05:00+05:30,227.0,228.3,226.36,228.3,6711.0
2026-06-11 15:10:00+05:30,228.3,228.3,225.23,227.1,475.0
2026-06-11 15:15:00+05:30,227.1,229.44,226.21,229.44,930.0
2026-06-11 15:20:00+05:30,231.0,232.03,229.0,229.41,243.0
2026-06-11 15:25:00+05:30,231.49,231.49,227.42,227.42,139.0
2026-06-12 09:15:00+05:30,229.8,231.02,229.8,231.02,36.0
2026-06-12 09:20:00+05:30,232.09,234.37,232.09,234.36,848.0
2026-06-12 09:25:00+05:30,234.36,234.36,232.95,232.95,54.0
2026-06-12 09:30:00+05:30,232.0,232.0,232.0,232.0,10.0
2026-06-12 09:35:00+05:30,232.0,233.96,232.0,233.96,18.0
2026-06-12 09:40:00+05:30,233.96,233.96,232.0,232.43,1182.0
2026-06-12 09:45:00+05:30,232.43,233.19,232.05,233.17,158.0
2026-06-12 09:50:00+05:30,232.97,232.97,232.97,232.97,10.0
2026-06-12 09:55:00+05:30,232.97,232.97,232.97,232.97,0.0
2026-06-12 10:00:00+05:30,233.2,233.2,231.9,232.34,58.0
2026-06-12 10:05:00+05:30,232.34,232.34,232.34,232.34,0.0
2026-06-12 10:10:00+05:30,230.93,233.19,230.93,231.23,812.0
2026-06-12 10:15:00+05:30,231.23,231.79,230.94,231.79,13.0
2026-06-12 10:20:00+05:30,231.79,231.79,231.65,231.76,91.0
2026-06-12 10:25:00+05:30,232.0,232.0,231.4,231.4,110.0
2026-06-12 10:30:00+05:30,231.4,232.75,231.4,232.75,4.0
2026-06-12 10:35:00+05:30,232.75,232.75,231.9,231.9,25.0
2026-06-12 10:40:00+05:30,231.9,232.58,231.9,232.58,1.0
2026-06-12 10:45:00+05:30,232.58,232.58,232.58,232.58,19.0
2026-06-12 10:50:00+05:30,232.58,232.58,232.58,232.58,0.0
2026-06-12 10:55:00+05:30,232.58,232.58,232.58,232.58,0.0
2026-06-12 11:00:00+05:30,232.58,232.58,232.58,232.58,0.0
2026-06-12 11:05:00+05:30,231.26,231.26,231.26,231.26,10.0
2026-06-12 11:10:00+05:30,231.26,231.26,231.26,231.26,0.0
2026-06-12 11:15:00+05:30,231.26,231.26,231.26,231.26,0.0
2026-06-12 11:20:00+05:30,231.26,231.26,231.26,231.26,1.0
2026-06-12 11:25:00+05:30,231.26,231.26,231.26,231.26,0.0
2026-06-12 11:30:00+05:30,231.26,233.59,231.26,233.59,91.0
2026-06-12 11:35:00+05:30,233.59,233.59,233.12,233.12,1.0
2026-06-12 11:40:00+05:30,233.12,233.12,231.0,231.0,140.0
2026-06-12 11:45:00+05:30,231.14,231.14,231.14,231.14,150.0
2026-06-12 11:50:00+05:30,232.92,233.54,231.74,233.54,40.0
2026-06-12 11:55:00+05:30,233.54,233.54,233.54,233.54,0.0
2026-06-12 12:00:00+05:30,233.54,233.54,233.54,233.54,0.0
2026-06-12 12:05:00+05:30,233.54,233.96,233.54,233.96,708.0
2026-06-12 12:10:00+05:30,233.96,233.96,233.96,233.96,0.0
2026-06-12 12:15:00+05:30,234.43,235.57,234.2,235.57,366.0
2026-06-12 12:20:00+05:30,235.57,236.6,235.57,236.6,284.0
2026-06-12 12:25:00+05:30,236.6,236.6,236.0,236.4,64.0
2026-06-12 12:30:00+05:30,235.21,235.6,235.21,235.3,573.0
2026-06-12 12:35:00+05:30,235.3,235.5,234.56,235.31,115.0
2026-06-12 12:40:00+05:30,234.5,234.51,234.5,234.5,76.0
2026-06-12 12:45:00+05:30,234.5,234.5,234.5,234.5,0.0
2026-06-12 12:50:00+05:30,234.5,234.5,234.5,234.5,0.0
2026-06-12 12:55:00+05:30,234.5,234.8,234.5,234.8,1.0
2026-06-12 13:00:00+05:30,234.5,234.5,233.71,233.71,109.0
2026-06-12 13:05:00+05:30,233.71,233.71,233.71,233.71,0.0
2026-06-12 13:10:00+05:30,233.71,233.71,233.71,233.71,0.0
2026-06-12 13:15:00+05:30,233.71,233.71,233.71,233.71,0.0
2026-06-12 13:20:00+05:30,233.71,233.71,233.71,233.71,0.0
2026-06-12 13:25:00+05:30,233.71,234.45,233.71,234.45,10.0
2026-06-12 13:30:00+05:30,234.45,234.45,234.45,234.45,0.0
2026-06-12 13:35:00+05:30,234.45,234.45,234.45,234.45,0.0
2026-06-12 13:40:00+05:30,234.45,234.45,234.45,234.45,0.0
2026-06-12 13:45:00+05:30,234.45,234.45,234.38,234.38,31.0
2026-06-12 13:50:00+05:30,234.38,234.38,234.32,234.32,1.0
2026-06-12 13:55:00+05:30,234.32,236.0,234.32,236.0,529.0
2026-06-12 14:00:00+05:30,236.0,236.0,235.45,235.98,1515.0
2026-06-12 14:05:00+05:30,235.12,236.29,235.12,236.29,3434.0
2026-06-12 14:10:00+05:30,236.29,237.4,234.75,234.75,910.0
2026-06-12 14:15:00+05:30,235.0,237.01,235.0,237.01,101.0
2026-06-12 14:20:00+05:30,237.01,237.01,237.01,237.01,0.0
2026-06-12 14:25:00+05:30,237.01,237.01,237.01,237.01,0.0
2026-06-12 14:30:00+05:30,236.96,236.96,235.74,235.74,5.0
2026-06-12 14:35:00+05:30,236.95,236.99,236.95,236.99,41.0
2026-06-12 14:40:00+05:30,237.99,237.99,237.99,237.99,210.0
2026-06-12 14:45:00+05:30,237.99,237.99,237.79,237.79,11.0
2026-06-12 14:50:00+05:30,235.1,235.1,235.1,235.1,262.0
2026-06-12 14:55:00+05:30,235.9,236.56,235.9,236.18,68.0
2026-06-12 15:00:00+05:30,236.0,237.03,235.21,235.21,205.0
2026-06-12 15:05:00+05:30,235.21,236.93,235.21,236.93,62.0
2026-06-12 15:10:00+05:30,237.03,237.31,237.03,237.31,29.0
2026-06-12 15:15:00+05:30,237.19,238.23,236.01,236.25,597.0
2026-06-12 15:20:00+05:30,236.51,238.19,236.51,238.03,302.0
2026-06-12 15:25:00+05:30,237.61,238.35,235.32,235.32,422.0
2026-06-15 09:15:00+05:30,239.2,244.0,239.2,241.99,102.0
2026-06-15 09:20:00+05:30,241.99,241.99,241.99,241.99,0.0
2026-06-15 09:25:00+05:30,241.99,241.99,235.47,239.28,1017.0
2026-06-15 09:30:00+05:30,239.0,239.0,237.76,237.97,93.0
2026-06-15 09:35:00+05:30,239.5,240.19,238.64,240.19,409.0
2026-06-15 09:40:00+05:30,240.05,240.05,238.02,238.04,120.0
2026-06-15 09:45:00+05:30,238.04,240.32,238.04,240.01,343.0
2026-06-15 09:50:00+05:30,240.01,241.99,240.01,241.99,380.0
2026-06-15 09:55:00+05:30,241.99,241.99,241.99,241.99,0.0
2026-06-15 10:00:00+05:30,241.99,241.99,241.72,241.72,2.0
2026-06-15 10:05:00+05:30,241.72,241.73,241.72,241.73,20.0
2026-06-15 10:10:00+05:30,241.99,241.99,241.99,241.99,300.0
2026-06-15 10:15:00+05:30,241.99,241.99,241.99,241.99,0.0
2026-06-15 10:20:00+05:30,240.52,241.0,240.52,241.0,3.0
2026-06-15 10:25:00+05:30,241.0,241.0,240.52,240.52,5.0
2026-06-15 10:30:00+05:30,240.52,240.52,237.81,239.01,872.0
2026-06-15 10:35:00+05:30,241.48,241.48,239.74,240.26,168.0
2026-06-15 10:40:00+05:30,240.26,240.26,240.26,240.26,0.0
2026-06-15 10:45:00+05:30,240.26,240.26,240.26,240.26,0.0
2026-06-15 10:50:00+05:30,240.3,240.91,240.3,240.91,11.0
2026-06-15 10:55:00+05:30,240.91,241.0,240.82,241.0,197.0
2026-06-15 11:00:00+05:30,241.0,241.0,240.27,240.99,865.0
2026-06-15 11:05:00+05:30,240.96,241.31,240.96,241.25,97.0
2026-06-15 11:10:00+05:30,241.25,241.25,241.25,241.25,0.0
2026-06-15 11:15:00+05:30,240.96,240.96,240.96,240.96,53.0
2026-06-15 11:20:00+05:30,240.96,241.25,240.96,240.96,82.0
2026-06-15 11:25:00+05:30,240.96,241.5,240.65,241.14,838.0
2026-06-15 11:30:00+05:30,241.14,241.14,241.14,241.14,0.0
2026-06-15 11:35:00+05:30,241.14,241.14,241.14,241.14,0.0
2026-06-15 11:40:00+05:30,241.14,241.14,241.14,241.14,0.0
2026-06-15 11:45:00+05:30,241.14,241.14,239.51,239.65,62.0
2026-06-15 11:50:00+05:30,240.0,241.49,240.0,240.99,935.0
2026-06-15 11:55:00+05:30,240.99,240.99,239.11,239.11,40.0
2026-06-15 12:00:00+05:30,239.11,239.11,239.11,239.11,0.0
2026-06-15 12:05:00+05:30,239.11,239.11,239.11,239.11,0.0
2026-06-15 12:10:00+05:30,239.11,239.11,239.11,239.11,0.0
2026-06-15 12:15:00+05:30,239.11,239.8,239.11,239.8,100.0
2026-06-15 12:20:00+05:30,239.8,239.8,239.8,239.8,0.0
2026-06-15 12:25:00+05:30,239.8,239.8,239.11,239.11,215.0
2026-06-15 12:30:00+05:30,239.11,239.48,239.11,239.48,20.0
2026-06-15 12:35:00+05:30,239.48,239.48,238.92,238.92,304.0
2026-06-15 12:40:00+05:30,238.92,239.0,238.92,239.0,10.0
2026-06-15 12:45:00+05:30,239.23,239.23,239.23,239.23,299.0
2026-06-15 12:50:00+05:30,239.23,239.23,239.23,239.23,0.0
2026-06-15 12:55:00+05:30,239.23,239.23,239.23,239.23,0.0
2026-06-15 13:00:00+05:30,239.23,239.23,239.23,239.23,0.0
2026-06-15 13:05:00+05:30,239.23,239.23,239.23,239.23,0.0
2026-06-15 13:10:00+05:30,239.23,239.23,239.23,239.23,0.0
2026-06-15 13:15:00+05:30,239.23,239.23,239.23,239.23,0.0
2026-06-15 13:20:00+05:30,239.23,239.23,239.23,239.23,0.0
2026-06-15 13:25:00+05:30,239.23,239.23,239.23,239.23,0.0
2026-06-15 13:30:00+05:30,239.23,239.23,239.23,239.23,0.0
2026-06-15 13:35:00+05:30,239.23,239.23,239.23,239.23,0.0
2026-06-15 13:40:00+05:30,239.23,239.23,239.23,239.23,0.0
2026-06-15 13:45:00+05:30,239.23,240.8,239.23,240.8,25.0
2026-06-15 13:50:00+05:30,240.8,240.8,236.52,240.02,775.0
2026-06-15 13:55:00+05:30,240.02,240.02,240.02,240.02,0.0
2026-06-15 14:00:00+05:30,239.5,239.5,239.5,239.5,15.0
2026-06-15 14:05:00+05:30,239.5,239.5,239.5,239.5,100.0
2026-06-15 14:10:00+05:30,239.5,240.0,239.5,239.5,210.0
2026-06-15 14:15:00+05:30,239.5,239.5,239.41,239.41,101.0
2026-06-15 14:20:00+05:30,239.41,240.8,239.0,240.8,1178.0
2026-06-15 14:25:00+05:30,240.8,240.8,240.8,240.8,110.0
2026-06-15 14:30:00+05:30,240.0,241.48,240.0,240.27,519.0
2026-06-15 14:35:00+05:30,240.27,240.27,240.27,240.27,5.0
2026-06-15 14:40:00+05:30,240.27,240.27,240.27,240.27,25.0
2026-06-15 14:45:00+05:30,240.27,240.27,240.27,240.27,0.0
2026-06-15 14:50:00+05:30,240.27,240.27,240.27,240.27,0.0
2026-06-15 14:55:00+05:30,240.27,240.27,240.26,240.26,7.0
2026-06-15 15:00:00+05:30,240.26,240.26,240.0,240.25,254.0
2026-06-15 15:05:00+05:30,240.25,240.25,240.25,240.25,0.0
2026-06-15 15:10:00+05:30,240.93,240.93,240.93,240.93,56.0
2026-06-15 15:15:00+05:30,240.04,240.5,240.04,240.34,34.0
2026-06-15 15:20:00+05:30,240.2,241.0,240.01,241.0,276.0
2026-06-15 15:25:00+05:30,241.0,241.0,240.0,240.0,439.0
2026-06-16 09:21:00+05:30,239.0,239.0,238.68,238.68,177.0
2026-06-16 09:25:00+05:30,238.68,239.29,238.01,238.33,200.0
2026-06-16 09:30:00+05:30,238.33,239.02,238.33,238.68,11.0
2026-06-16 09:35:00+05:30,238.68,238.68,238.68,238.68,88.0
2026-06-16 09:40:00+05:30,238.68,238.68,238.0,238.0,146.0
2026-06-16 09:45:00+05:30,238.0,238.87,238.0,238.87,18.0
2026-06-16 09:50:00+05:30,238.87,238.87,238.87,238.87,0.0
2026-06-16 09:55:00+05:30,238.87,238.87,238.87,238.87,0.0
2026-06-16 10:00:00+05:30,238.87,238.87,238.35,238.35,21.0
2026-06-16 10:05:00+05:30,238.14,238.38,237.51,238.38,107.0
2026-06-16 10:10:00+05:30,238.98,238.98,237.96,237.98,17.0
2026-06-16 10:15:00+05:30,237.98,238.0,237.98,238.0,100.0
2026-06-16 10:20:00+05:30,238.38,238.79,238.38,238.79,9.0
2026-06-16 10:25:00+05:30,238.79,238.79,238.79,238.79,0.0
2026-06-16 10:30:00+05:30,238.79,238.79,238.79,238.79,0.0
2026-06-16 10:35:00+05:30,238.79,238.79,238.0,238.39,149.0
2026-06-16 10:40:00+05:30,238.39,238.39,238.39,238.39,0.0
2026-06-16 10:45:00+05:30,238.39,238.39,237.8,237.8,141.0
2026-06-16 10:50:00+05:30,237.8,237.8,237.8,237.8,0.0
2026-06-16 10:55:00+05:30,237.8,238.37,237.8,238.37,1.0
2026-06-16 11:00:00+05:30,238.37,238.99,238.37,238.55,31.0
2026-06-16 11:05:00+05:30,238.55,238.55,238.55,238.55,0.0
2026-06-16 11:10:00+05:30,238.55,238.55,238.55,238.55,0.0
2026-06-16 11:15:00+05:30,238.55,238.55,238.55,238.55,0.0
2026-06-16 11:20:00+05:30,238.55,238.55,238.55,238.55,0.0
2026-06-16 11:25:00+05:30,238.55,238.55,238.55,238.55,0.0
2026-06-16 11:30:00+05:30,238.55,239.0,238.35,238.35,89.0
2026-06-16 11:35:00+05:30,238.35,238.35,238.35,238.35,0.0
2026-06-16 11:40:00+05:30,238.37,239.98,238.37,239.98,106.0
2026-06-16 11:45:00+05:30,239.98,239.98,239.98,239.98,0.0
2026-06-16 11:50:00+05:30,239.98,239.98,239.98,239.98,0.0
2026-06-16 11:55:00+05:30,239.98,239.98,239.98,239.98,0.0
2026-06-16 12:00:00+05:30,239.98,239.98,238.0,238.0,50.0
2026-06-16 12:05:00+05:30,238.0,238.52,238.0,238.52,13.0
2026-06-16 12:10:00+05:30,238.52,238.85,238.19,238.19,104.0
2026-06-16 12:15:00+05:30,238.19,238.19,238.19,238.19,0.0
2026-06-16 12:20:00+05:30,238.19,238.19,238.19,238.19,0.0
2026-06-16 12:25:00+05:30,238.19,238.19,238.0,238.0,51.0
2026-06-16 12:30:00+05:30,238.0,238.07,238.0,238.07,110.0
2026-06-16 12:35:00+05:30,238.07,238.07,238.07,238.07,0.0
2026-06-16 12:40:00+05:30,238.07,238.07,238.07,238.07,0.0
2026-06-16 12:45:00+05:30,238.07,238.07,238.07,238.07,0.0
2026-06-16 12:50:00+05:30,238.07,238.11,238.07,238.11,3.0
2026-06-16 12:55:00+05:30,238.11,238.96,237.9,238.18,510.0
2026-06-16 13:00:00+05:30,238.18,238.18,238.18,238.18,50.0
2026-06-16 13:05:00+05:30,237.96,237.97,237.96,237.97,6.0
2026-06-16 13:10:00+05:30,238.92,238.92,238.92,238.92,1.0
2026-06-16 13:15:00+05:30,238.92,238.92,238.92,238.92,0.0
2026-06-16 13:20:00+05:30,238.92,238.92,238.92,238.92,0.0
2026-06-16 13:25:00+05:30,238.92,239.5,238.92,239.5,23.0
2026-06-16 13:30:00+05:30,238.27,239.49,238.0,238.0,402.0
2026-06-16 13:35:00+05:30,238.0,239.8,237.9,238.1,77.0
2026-06-16 13:40:00+05:30,238.65,239.12,238.15,238.5,85.0
2026-06-16 13:45:00+05:30,237.9,237.9,237.9,237.9,100.0
2026-06-16 13:50:00+05:30,237.9,237.9,237.9,237.9,0.0
2026-06-16 13:55:00+05:30,237.9,238.99,237.9,238.99,30.0
2026-06-16 14:00:00+05:30,238.99,238.99,238.99,238.99,0.0
2026-06-16 14:05:00+05:30,238.99,238.99,238.99,238.99,0.0
2026-06-16 14:10:00+05:30,238.99,238.99,238.99,238.99,0.0
2026-06-16 14:15:00+05:30,238.99,238.99,233.99,238.0,3196.0
2026-06-16 14:20:00+05:30,238.0,238.0,238.0,238.0,0.0
2026-06-16 14:25:00+05:30,238.0,238.0,238.0,238.0,0.0
2026-06-16 14:30:00+05:30,238.0,238.0,238.0,238.0,0.0
2026-06-16 14:35:00+05:30,239.48,239.48,238.27,238.31,27.0
2026-06-16 14:40:00+05:30,238.0,238.01,238.0,238.01,52.0
2026-06-16 14:45:00+05:30,238.2,239.0,238.02,239.0,455.0
2026-06-16 14:50:00+05:30,239.0,239.0,238.45,238.45,1.0
2026-06-16 14:55:00+05:30,238.45,238.45,238.45,238.45,0.0
2026-06-16 15:00:00+05:30,238.45,240.0,238.45,239.99,919.0
2026-06-16 15:05:00+05:30,239.99,239.99,239.99,239.99,0.0
2026-06-16 15:10:00+05:30,239.99,239.99,239.45,239.45,433.0
2026-06-16 15:15:00+05:30,239.32,239.32,239.32,239.32,5.0
2026-06-16 15:20:00+05:30,239.32,240.31,238.4,240.31,694.0
2026-06-16 15:25:00+05:30,240.31,240.31,238.0,238.0,249.0
2026-06-17 09:26:00+05:30,240.78,241.49,240.51,241.49,141.0
2026-06-17 09:30:00+05:30,240.52,240.52,240.51,240.51,198.0
2026-06-17 09:35:00+05:30,240.51,240.51,239.68,239.68,101.0
2026-06-17 09:40:00+05:30,239.68,240.67,239.68,240.67,197.0
2026-06-17 09:45:00+05:30,240.67,241.1,240.67,241.04,10.0
2026-06-17 09:50:00+05:30,241.04,241.04,240.93,240.93,58.0
2026-06-17 09:55:00+05:30,241.46,241.46,241.46,241.46,2.0
2026-06-17 10:00:00+05:30,241.46,241.49,241.46,241.49,60.0
2026-06-17 10:05:00+05:30,241.49,241.49,241.49,241.49,0.0
2026-06-17 10:10:00+05:30,241.49,241.49,241.49,241.49,0.0
2026-06-17 10:15:00+05:30,241.98,241.99,241.97,241.97,295.0
2026-06-17 10:20:00+05:30,241.97,241.97,241.97,241.97,0.0
2026-06-17 10:25:00+05:30,241.97,241.97,241.97,241.97,3.0
2026-06-17 10:30:00+05:30,241.97,244.0,241.97,244.0,790.0
2026-06-17 10:35:00+05:30,245.9,246.6,245.8,246.43,807.0
2026-06-17 10:40:00+05:30,246.43,246.43,245.1,245.11,24.0
2026-06-17 10:45:00+05:30,245.1,247.0,245.0,245.0,384.0
2026-06-17 10:50:00+05:30,245.6,246.98,245.6,246.01,237.0
2026-06-17 10:55:00+05:30,245.9,249.98,245.38,248.88,2160.0
2026-06-17 11:00:00+05:30,248.88,249.36,248.01,249.36,492.0
2026-06-17 11:05:00+05:30,248.0,248.0,247.5,248.0,354.0
2026-06-17 11:10:00+05:30,248.0,249.36,248.0,249.35,115.0
2026-06-17 11:15:00+05:30,249.02,249.27,247.51,248.58,395.0
2026-06-17 11:20:00+05:30,248.58,248.58,248.01,248.01,100.0
2026-06-17 11:25:00+05:30,248.43,248.43,248.41,248.41,4.0
2026-06-17 11:30:00+05:30,247.15,247.26,247.15,247.15,619.0
2026-06-17 11:35:00+05:30,247.15,248.94,246.47,248.94,334.0
2026-06-17 11:40:00+05:30,248.95,248.95,248.31,248.9,169.0
2026-06-17 11:45:00+05:30,246.72,247.85,246.72,247.7,1341.0
2026-06-17 11:50:00+05:30,247.7,247.7,246.5,247.28,120.0
2026-06-17 11:55:00+05:30,247.37,247.62,247.37,247.61,170.0
2026-06-17 12:00:00+05:30,247.61,247.73,246.0,246.0,467.0
2026-06-17 12:05:00+05:30,247.0,247.19,246.29,247.19,40.0
2026-06-17 12:10:00+05:30,247.19,247.19,247.16,247.16,10.0
2026-06-17 12:15:00+05:30,247.16,247.48,247.16,247.48,15.0
2026-06-17 12:20:00+05:30,247.48,247.48,246.01,246.01,40.0
2026-06-17 12:25:00+05:30,246.01,246.01,246.01,246.01,0.0
2026-06-17 12:30:00+05:30,246.01,246.06,246.01,246.06,27.0
2026-06-17 12:35:00+05:30,246.06,246.06,245.74,245.74,85.0
2026-06-17 12:40:00+05:30,245.74,245.74,245.74,245.74,0.0
2026-06-17 12:45:00+05:30,245.42,245.93,245.42,245.93,28.0
2026-06-17 12:50:00+05:30,245.93,245.93,244.27,244.27,420.0
2026-06-17 12:55:00+05:30,244.27,244.27,244.27,244.27,0.0
2026-06-17 13:00:00+05:30,244.27,244.27,244.27,244.27,60.0
2026-06-17 13:05:00+05:30,244.27,245.25,243.99,243.99,226.0
2026-06-17 13:10:00+05:30,244.0,244.83,244.0,244.83,66.0
2026-06-17 13:15:00+05:30,244.83,246.39,244.83,245.74,154.0
2026-06-17 13:20:00+05:30,245.74,245.74,245.74,245.74,0.0
2026-06-17 13:25:00+05:30,245.67,245.67,245.67,245.67,15.0
2026-06-17 13:30:00+05:30,244.86,245.0,244.83,244.83,146.0
2026-06-17 13:35:00+05:30,244.83,246.48,244.83,246.48,515.0
2026-06-17 13:40:00+05:30,246.48,246.48,246.48,246.48,0.0
2026-06-17 13:45:00+05:30,246.48,246.48,246.48,246.48,0.0
2026-06-17 13:50:00+05:30,246.48,246.48,246.06,246.06,8.0
2026-06-17 13:55:00+05:30,246.06,246.06,243.6,243.6,200.0
2026-06-17 14:00:00+05:30,243.75,245.16,243.75,245.16,11.0
2026-06-17 14:05:00+05:30,245.16,245.16,245.16,245.16,0.0
2026-06-17 14:10:00+05:30,245.16,245.16,245.16,245.16,0.0
2026-06-17 14:15:00+05:30,245.16,245.16,244.82,244.82,140.0
2026-06-17 14:20:00+05:30,244.0,246.49,244.0,245.24,71.0
2026-06-17 14:25:00+05:30,245.24,245.24,243.75,244.4,233.0
2026-06-17 14:30:00+05:30,244.4,244.4,244.4,244.4,0.0
2026-06-17 14:35:00+05:30,244.4,244.4,244.4,244.4,0.0
2026-06-17 14:40:00+05:30,244.4,244.4,244.4,244.4,0.0
2026-06-17 14:45:00+05:30,244.4,244.4,244.4,244.4,0.0
2026-06-17 14:50:00+05:30,244.4,244.4,243.37,244.0,168.0
2026-06-17 14:55:00+05:30,244.0,245.24,244.0,245.24,1.0
2026-06-17 15:00:00+05:30,245.24,245.24,244.89,244.89,1.0
2026-06-17 15:05:00+05:30,244.0,244.99,243.38,244.53,291.0
2026-06-17 15:10:00+05:30,244.53,245.68,244.53,245.68,175.0
2026-06-17 15:15:00+05:30,245.68,245.68,244.6,245.0,203.0
2026-06-17 15:20:00+05:30,244.99,244.99,243.4,244.0,385.0
2026-06-17 15:25:00+05:30,244.0,244.06,243.0,244.0,690.0
2026-06-18 09:15:00+05:30,241.0,245.98,241.0,245.88,488.0
2026-06-18 09:20:00+05:30,245.88,245.88,243.85,244.8,123.0
2026-06-18 09:25:00+05:30,244.68,244.69,244.68,244.69,211.0
2026-06-18 09:30:00+05:30,244.69,244.69,242.9,242.9,123.0
2026-06-18 09:35:00+05:30,242.86,243.07,240.51,242.01,355.0
2026-06-18 09:40:00+05:30,242.01,243.49,241.02,241.02,211.0
2026-06-18 09:45:00+05:30,243.38,243.38,243.17,243.17,44.0
2026-06-18 09:50:00+05:30,243.17,243.17,241.5,242.14,219.0
2026-06-18 09:55:00+05:30,242.14,242.32,241.51,242.08,38.0
2026-06-18 10:00:00+05:30,242.03,242.03,241.5,241.95,19.0
2026-06-18 10:05:00+05:30,241.7,243.49,241.7,243.49,472.0
2026-06-18 10:10:00+05:30,241.87,242.64,241.87,242.64,38.0
2026-06-18 10:15:00+05:30,242.64,243.42,242.64,243.42,3.0
2026-06-18 10:20:00+05:30,242.5,242.5,241.86,241.86,89.0
2026-06-18 10:25:00+05:30,241.86,241.86,241.86,241.86,0.0
2026-06-18 10:30:00+05:30,241.82,241.86,241.82,241.86,12.0
2026-06-18 10:35:00+05:30,241.48,241.48,241.48,241.48,25.0
2026-06-18 10:40:00+05:30,241.48,243.28,241.48,243.28,75.0
2026-06-18 10:45:00+05:30,243.28,243.28,241.6,241.6,18.0
2026-06-18 10:50:00+05:30,241.6,241.6,241.6,241.6,0.0
2026-06-18 10:55:00+05:30,241.6,242.49,241.6,242.49,20.0
2026-06-18 11:00:00+05:30,242.49,242.49,242.49,242.49,0.0
2026-06-18 11:05:00+05:30,242.49,242.49,241.93,241.93,9.0
2026-06-18 11:10:00+05:30,241.93,241.93,241.93,241.93,0.0
2026-06-18 11:15:00+05:30,241.93,241.93,240.01,240.01,111.0
2026-06-18 11:20:00+05:30,240.0,240.0,240.0,240.0,1.0
2026-06-18 11:25:00+05:30,240.0,240.0,240.0,240.0,0.0
2026-06-18 11:30:00+05:30,240.0,241.98,240.0,241.23,166.0
2026-06-18 11:35:00+05:30,241.23,241.23,241.23,241.23,0.0
2026-06-18 11:40:00+05:30,241.23,241.23,241.23,241.23,0.0
2026-06-18 11:45:00+05:30,241.23,241.23,241.23,241.23,0.0
2026-06-18 11:50:00+05:30,241.23,241.23,241.23,241.23,0.0
2026-06-18 11:55:00+05:30,241.23,241.23,241.0,241.0,222.0
2026-06-18 12:00:00+05:30,241.0,241.0,241.0,241.0,0.0
2026-06-18 12:05:00+05:30,241.0,241.0,240.93,240.93,18.0
2026-06-18 12:10:00+05:30,240.93,241.42,240.93,241.42,1.0
2026-06-18 12:15:00+05:30,241.42,241.42,240.0,240.0,89.0
2026-06-18 12:20:00+05:30,240.0,240.02,240.0,240.02,303.0
2026-06-18 12:25:00+05:30,240.02,241.42,240.02,241.42,145.0
2026-06-18 12:30:00+05:30,241.42,241.42,240.0,240.0,115.0
2026-06-18 12:35:00+05:30,240.0,240.01,239.0,239.0,1326.0
2026-06-18 12:40:00+05:30,239.0,239.0,239.0,239.0,101.0
2026-06-18 12:45:00+05:30,239.0,239.76,238.0,239.11,616.0
2026-06-18 12:50:00+05:30,238.0,239.99,238.0,238.61,2219.0
2026-06-18 12:55:00+05:30,238.82,238.82,238.82,238.82,1.0
2026-06-18 13:00:00+05:30,238.82,238.82,238.82,238.82,0.0
2026-06-18 13:05:00+05:30,238.82,238.82,238.82,238.82,0.0
2026-06-18 13:10:00+05:30,238.82,239.02,238.82,239.0,16.0
2026-06-18 13:15:00+05:30,239.0,239.0,238.63,238.63,116.0
2026-06-18 13:20:00+05:30,238.63,239.54,238.63,239.54,5.0
2026-06-18 13:25:00+05:30,239.47,239.47,239.47,239.47,12.0
2026-06-18 13:30:00+05:30,239.47,239.47,237.71,237.71,25.0
2026-06-18 13:35:00+05:30,237.71,237.71,237.71,237.71,0.0
2026-06-18 13:40:00+05:30,237.71,239.43,237.28,237.28,74.0
2026-06-18 13:45:00+05:30,236.6,237.92,232.35,232.5,842.0
2026-06-18 13:50:00+05:30,232.5,234.99,232.5,234.17,589.0
2026-06-18 13:55:00+05:30,234.11,236.05,234.11,234.7,841.0
2026-06-18 14:00:00+05:30,235.99,237.49,235.99,236.4,133.0
2026-06-18 14:05:00+05:30,236.4,236.4,236.4,236.4,0.0
2026-06-18 14:10:00+05:30,236.4,236.81,236.4,236.81,4.0
2026-06-18 14:15:00+05:30,237.13,237.38,236.0,236.0,305.0
2026-06-18 14:20:00+05:30,236.45,236.45,236.45,236.45,1.0
2026-06-18 14:25:00+05:30,237.2,238.27,237.2,238.27,159.0
2026-06-18 14:30:00+05:30,238.27,238.27,238.27,238.27,42.0
2026-06-18 14:35:00+05:30,237.52,237.52,237.52,237.52,15.0
2026-06-18 14:40:00+05:30,237.52,237.52,237.52,237.52,0.0
2026-06-18 14:45:00+05:30,237.52,238.25,237.52,238.15,216.0
2026-06-18 14:50:00+05:30,238.32,238.32,237.0,237.0,75.0
2026-06-18 14:55:00+05:30,237.0,237.75,237.0,237.75,5.0
2026-06-18 15:00:00+05:30,237.73,237.73,237.17,237.17,299.0
2026-06-18 15:05:00+05:30,238.16,239.48,238.16,238.16,182.0
2026-06-18 15:10:00+05:30,238.16,239.37,237.31,237.31,380.0
2026-06-18 15:15:00+05:30,237.32,239.13,237.32,238.38,193.0
2026-06-18 15:20:00+05:30,238.38,238.38,237.23,238.31,151.0
2026-06-18 15:25:00+05:30,237.23,239.5,237.0,239.5,727.0
2026-06-19 09:15:00+05:30,239.24,240.0,239.24,240.0,100.0
2026-06-19 09:20:00+05:30,240.0,240.0,234.0,236.66,991.0
2026-06-19 09:25:00+05:30,237.14,239.98,236.38,236.38,591.0
2026-06-19 09:30:00+05:30,235.67,235.67,235.67,235.67,1.0
2026-06-19 09:35:00+05:30,235.67,238.78,235.67,238.35,185.0
2026-06-19 09:40:00+05:30,238.91,239.0,238.91,239.0,9.0
2026-06-19 09:45:00+05:30,239.0,239.0,239.0,239.0,0.0
2026-06-19 09:50:00+05:30,239.0,239.0,238.9,238.9,20.0
2026-06-19 09:55:00+05:30,238.9,238.9,238.89,238.89,2.0
2026-06-19 10:00:00+05:30,239.0,239.0,239.0,239.0,299.0
2026-06-19 10:05:00+05:30,238.91,238.91,238.0,238.0,297.0
2026-06-19 10:10:00+05:30,238.0,239.87,238.0,239.87,3.0
2026-06-19 10:15:00+05:30,239.87,239.87,239.48,239.48,3.0
2026-06-19 10:20:00+05:30,239.48,239.48,239.48,239.48,1.0
2026-06-19 10:25:00+05:30,239.48,239.48,236.44,237.0,247.0
2026-06-19 10:30:00+05:30,236.05,237.79,236.05,237.79,78.0
2026-06-19 10:35:00+05:30,237.79,238.79,236.91,238.79,543.0
2026-06-19 10:40:00+05:30,238.79,238.79,238.13,238.2,7.0
2026-06-19 10:45:00+05:30,238.2,238.2,237.97,237.97,2.0
2026-06-19 10:50:00+05:30,237.97,237.97,237.97,237.97,0.0
2026-06-19 10:55:00+05:30,237.97,238.39,237.97,238.39,21.0
2026-06-19 11:00:00+05:30,238.39,238.39,235.6,235.6,370.0
2026-06-19 11:05:00+05:30,235.6,236.04,235.36,236.04,54.0
2026-06-19 11:10:00+05:30,235.87,236.62,235.8,236.62,1654.0
2026-06-19 11:15:00+05:30,236.72,236.72,236.72,236.72,38.0
2026-06-19 11:20:00+05:30,236.72,237.9,236.72,237.05,3.0
2026-06-19 11:25:00+05:30,237.05,237.05,237.05,237.05,0.0
2026-06-19 11:30:00+05:30,237.05,237.05,237.05,237.05,0.0
2026-06-19 11:35:00+05:30,237.05,238.0,237.05,238.0,100.0
2026-06-19 11:40:00+05:30,238.0,239.0,238.0,239.0,11.0
2026-06-19 11:45:00+05:30,239.39,239.39,236.75,237.38,986.0
2026-06-19 11:50:00+05:30,237.38,237.85,234.9,236.0,1002.0
2026-06-19 11:55:00+05:30,236.0,236.0,235.93,235.93,3.0
2026-06-19 12:00:00+05:30,235.93,235.93,235.08,235.08,15.0
2026-06-19 12:05:00+05:30,235.08,235.97,235.08,235.97,3.0
2026-06-19 12:10:00+05:30,235.97,235.97,235.8,235.89,8.0
2026-06-19 12:15:00+05:30,235.89,235.89,235.89,235.89,0.0
2026-06-19 12:20:00+05:30,235.89,235.89,235.39,235.39,10.0
2026-06-19 12:25:00+05:30,235.39,235.39,235.39,235.39,0.0
2026-06-19 12:30:00+05:30,235.39,235.86,235.0,235.0,956.0
2026-06-19 12:35:00+05:30,235.0,235.0,235.0,235.0,0.0
2026-06-19 12:40:00+05:30,235.0,236.0,234.41,236.0,1318.0
2026-06-19 12:45:00+05:30,236.0,236.65,235.6,235.97,13.0
2026-06-19 12:50:00+05:30,236.75,236.75,236.72,236.72,12.0
2026-06-19 12:55:00+05:30,236.72,236.75,236.51,236.51,103.0
2026-06-19 13:00:00+05:30,236.51,237.07,236.51,237.07,1.0
2026-06-19 13:05:00+05:30,236.55,236.55,236.05,236.05,45.0
2026-06-19 13:10:00+05:30,236.74,236.74,235.87,235.87,520.0
2026-06-19 13:15:00+05:30,235.87,235.87,235.87,235.87,0.0
2026-06-19 13:20:00+05:30,235.87,235.87,235.87,235.87,0.0
2026-06-19 13:25:00+05:30,235.87,236.66,235.87,236.01,15.0
2026-06-19 13:30:00+05:30,236.01,236.01,236.01,236.01,0.0
2026-06-19 13:35:00+05:30,236.01,236.01,236.01,236.01,0.0
2026-06-19 13:40:00+05:30,236.01,236.7,236.01,236.7,56.0
2026-06-19 13:45:00+05:30,236.7,236.7,236.7,236.7,0.0
2026-06-19 13:50:00+05:30,236.7,236.7,236.7,236.7,0.0
2026-06-19 13:55:00+05:30,236.7,236.7,236.7,236.7,0.0
2026-06-19 14:00:00+05:30,237.96,237.96,236.33,236.33,210.0
2026-06-19 14:05:00+05:30,236.33,236.33,236.33,236.33,0.0
2026-06-19 14:10:00+05:30,236.33,236.33,236.33,236.33,0.0
2026-06-19 14:15:00+05:30,237.08,237.08,237.08,237.08,71.0
2026-06-19 14:20:00+05:30,237.08,237.91,237.08,237.91,3.0
2026-06-19 14:25:00+05:30,237.91,237.91,236.65,236.65,94.0
2026-06-19 14:30:00+05:30,237.99,237.99,236.65,236.65,39.0
2026-06-19 14:35:00+05:30,236.65,236.65,236.65,236.65,0.0
2026-06-19 14:40:00+05:30,236.65,237.14,236.65,237.14,13.0
2026-06-19 14:45:00+05:30,237.14,237.14,237.14,237.14,0.0
2026-06-19 14:50:00+05:30,237.14,237.14,237.05,237.05,1.0
2026-06-19 14:55:00+05:30,237.05,237.05,235.4,235.4,15.0
2026-06-19 15:00:00+05:30,235.61,235.61,235.61,235.61,1.0
2026-06-19 15:05:00+05:30,235.61,235.61,235.61,235.61,0.0
2026-06-19 15:10:00+05:30,236.22,236.22,236.22,236.22,49.0
2026-06-19 15:15:00+05:30,238.55,238.55,237.78,237.78,135.0
2026-06-19 15:20:00+05:30,237.59,237.93,237.59,237.93,416.0
2026-06-19 15:25:00+05:30,237.56,239.85,235.01,239.85,458.0
2026-06-22 09:16:00+05:30,239.68,243.89,239.68,240.32,130.0
2026-06-22 09:20:00+05:30,240.32,240.32,240.32,240.32,0.0
2026-06-22 09:25:00+05:30,240.32,240.32,239.43,239.51,1552.0
2026-06-22 09:30:00+05:30,239.51,239.51,238.28,238.95,13.0
2026-06-22 09:35:00+05:30,238.95,239.9,238.0,239.29,959.0
2026-06-22 09:40:00+05:30,237.51,239.82,237.51,239.82,243.0
2026-06-22 09:45:00+05:30,239.82,239.82,238.63,239.02,25.0
2026-06-22 09:50:00+05:30,239.02,239.02,239.02,239.02,0.0
2026-06-22 09:55:00+05:30,239.02,239.02,239.02,239.02,0.0
2026-06-22 10:00:00+05:30,239.02,239.02,239.02,239.02,0.0
2026-06-22 10:05:00+05:30,238.77,238.77,238.52,238.52,29.0
2026-06-22 10:10:00+05:30,238.66,238.66,238.03,238.1,14.0
2026-06-22 10:15:00+05:30,238.34,238.44,238.33,238.33,10.0
2026-06-22 10:20:00+05:30,238.33,238.33,238.33,238.33,9.0
2026-06-22 10:25:00+05:30,238.33,239.74,238.0,239.74,676.0
2026-06-22 10:30:00+05:30,239.14,239.33,239.14,239.33,7.0
2026-06-22 10:35:00+05:30,239.33,241.34,239.0,241.34,3101.0
2026-06-22 10:40:00+05:30,241.34,241.5,240.02,240.02,32.0
2026-06-22 10:45:00+05:30,240.02,240.02,240.02,240.02,0.0
2026-06-22 10:50:00+05:30,240.02,240.88,239.5,239.5,110.0
2026-06-22 10:55:00+05:30,239.5,240.71,239.5,240.71,3.0
2026-06-22 11:00:00+05:30,240.71,241.5,240.71,241.5,100.0
2026-06-22 11:05:00+05:30,241.5,242.2,241.5,242.05,221.0
2026-06-22 11:10:00+05:30,240.75,242.03,240.75,242.0,954.0
2026-06-22 11:15:00+05:30,242.04,242.04,242.0,242.0,710.0
2026-06-22 11:20:00+05:30,242.0,242.0,241.01,241.01,100.0
2026-06-22 11:25:00+05:30,241.01,241.01,241.01,241.01,0.0
2026-06-22 11:30:00+05:30,241.01,241.01,241.01,241.01,0.0
2026-06-22 11:35:00+05:30,242.0,242.0,242.0,242.0,66.0
2026-06-22 11:40:00+05:30,242.0,242.0,241.84,241.84,98.0
2026-06-22 11:45:00+05:30,241.84,241.84,241.7,241.74,151.0
2026-06-22 11:50:00+05:30,241.74,241.85,241.51,241.83,574.0
2026-06-22 11:55:00+05:30,241.83,241.85,241.83,241.85,4.0
2026-06-22 12:00:00+05:30,241.85,242.0,241.85,242.0,256.0
2026-06-22 12:05:00+05:30,242.0,242.0,241.98,241.98,3.0
2026-06-22 12:10:00+05:30,241.85,241.96,241.84,241.84,28.0
2026-06-22 12:15:00+05:30,241.86,241.86,241.86,241.86,220.0
2026-06-22 12:20:00+05:30,241.86,241.86,241.57,241.57,4.0
2026-06-22 12:25:00+05:30,241.57,241.57,240.51,240.51,55.0
2026-06-22 12:30:00+05:30,240.51,240.51,240.51,240.51,0.0
2026-06-22 12:35:00+05:30,240.51,241.49,240.31,240.31,21.0
2026-06-22 12:40:00+05:30,240.31,240.31,240.31,240.31,0.0
2026-06-22 12:45:00+05:30,240.31,241.45,240.31,241.45,1.0
2026-06-22 12:50:00+05:30,241.45,241.45,241.45,241.45,0.0
2026-06-22 12:55:00+05:30,241.45,241.45,241.45,241.45,0.0
2026-06-22 13:00:00+05:30,241.45,241.45,241.45,241.45,0.0
2026-06-22 13:05:00+05:30,242.18,244.0,242.09,242.09,1643.0
2026-06-22 13:10:00+05:30,242.09,242.09,242.09,242.09,0.0
2026-06-22 13:15:00+05:30,242.09,242.35,242.09,242.35,1.0
2026-06-22 13:20:00+05:30,242.35,243.32,242.35,243.32,144.0
2026-06-22 13:25:00+05:30,243.32,243.49,243.32,243.49,61.0
2026-06-22 13:30:00+05:30,243.49,243.49,240.53,240.53,23.0
2026-06-22 13:35:00+05:30,240.53,240.53,240.53,240.53,0.0
2026-06-22 13:40:00+05:30,240.53,240.64,240.53,240.64,6.0
2026-06-22 13:45:00+05:30,240.64,240.64,240.02,240.13,128.0
2026-06-22 13:50:00+05:30,240.13,242.91,240.13,242.91,16.0
2026-06-22 13:55:00+05:30,242.91,242.91,242.85,242.85,101.0
2026-06-22 14:00:00+05:30,242.85,242.85,240.0,240.0,150.0
2026-06-22 14:05:00+05:30,240.0,240.0,240.0,240.0,0.0
2026-06-22 14:10:00+05:30,240.0,240.0,240.0,240.0,0.0
2026-06-22 14:15:00+05:30,240.0,240.0,240.0,240.0,0.0
2026-06-22 14:20:00+05:30,240.0,240.0,240.0,240.0,0.0
2026-06-22 14:25:00+05:30,242.48,242.48,241.15,241.15,171.0
2026-06-22 14:30:00+05:30,239.5,239.5,239.5,239.5,350.0
2026-06-22 14:35:00+05:30,239.5,239.5,239.5,239.5,0.0
2026-06-22 14:40:00+05:30,239.5,239.5,239.5,239.5,0.0
2026-06-22 14:45:00+05:30,239.5,239.85,239.5,239.85,25.0
2026-06-22 14:50:00+05:30,239.51,239.51,239.5,239.5,21.0
2026-06-22 14:55:00+05:30,239.5,239.5,239.5,239.5,0.0
2026-06-22 15:00:00+05:30,239.51,239.51,239.51,239.51,1.0
2026-06-22 15:05:00+05:30,239.51,240.99,239.51,240.99,25.0
2026-06-22 15:10:00+05:30,239.6,239.6,239.5,239.5,51.0
2026-06-22 15:15:00+05:30,241.26,241.26,240.06,241.21,160.0
2026-06-22 15:20:00+05:30,240.42,242.48,240.01,240.01,537.0
2026-06-22 15:25:00+05:30,240.01,242.5,240.01,242.4,411.0
2026-06-23 09:15:00+05:30,241.48,243.38,241.48,243.38,98.0
2026-06-23 09:20:00+05:30,243.5,248.27,243.5,247.31,2404.0
2026-06-23 09:25:00+05:30,248.0,252.0,247.14,251.04,4413.0
2026-06-23 09:30:00+05:30,250.91,250.91,247.1,247.1,729.0
2026-06-23 09:35:00+05:30,246.1,246.1,244.0,244.4,831.0
2026-06-23 09:40:00+05:30,243.72,244.94,243.72,244.94,356.0
2026-06-23 09:45:00+05:30,244.94,244.94,243.67,244.43,100.0
2026-06-23 09:50:00+05:30,244.43,244.43,243.5,243.5,519.0
2026-06-23 09:55:00+05:30,243.5,243.78,243.5,243.76,186.0
2026-06-23 10:00:00+05:30,243.76,243.83,243.64,243.83,48.0
2026-06-23 10:05:00+05:30,243.83,243.83,243.64,243.8,2.0
2026-06-23 10:10:00+05:30,243.8,243.8,243.63,243.63,2.0
2026-06-23 10:15:00+05:30,243.63,243.63,242.04,242.29,159.0
2026-06-23 10:20:00+05:30,242.29,242.29,242.18,242.18,24.0
2026-06-23 10:25:00+05:30,242.18,243.0,242.18,243.0,114.0
2026-06-23 10:30:00+05:30,242.63,242.63,241.7,241.85,783.0
2026-06-23 10:35:00+05:30,242.4,242.87,241.99,242.87,39.0
2026-06-23 10:40:00+05:30,245.51,245.51,242.88,244.77,2437.0
2026-06-23 10:45:00+05:30,244.77,244.77,244.01,244.24,60.0
2026-06-23 10:50:00+05:30,244.24,244.24,241.93,242.84,685.0
2026-06-23 10:55:00+05:30,242.79,242.79,242.79,242.79,1.0
2026-06-23 11:00:00+05:30,242.5,242.5,242.5,242.5,650.0
2026-06-23 11:05:00+05:30,242.5,242.5,242.5,242.5,100.0
2026-06-23 11:10:00+05:30,242.5,242.5,242.34,242.34,102.0
2026-06-23 11:15:00+05:30,242.34,243.0,241.75,242.02,134.0
2026-06-23 11:20:00+05:30,242.02,242.02,242.02,242.02,0.0
2026-06-23 11:25:00+05:30,242.02,242.02,242.02,242.02,0.0
2026-06-23 11:30:00+05:30,242.02,242.02,242.02,242.02,0.0
2026-06-23 11:35:00+05:30,242.02,242.02,241.48,241.48,250.0
2026-06-23 11:40:00+05:30,241.48,241.48,240.26,241.21,129.0
2026-06-23 11:45:00+05:30,241.21,241.21,240.2,240.2,232.0
2026-06-23 11:50:00+05:30,240.0,240.01,239.1,239.39,199.0
2026-06-23 11:55:00+05:30,239.39,239.95,238.91,238.91,100.0
2026-06-23 12:00:00+05:30,239.18,239.65,239.18,239.65,21.0
2026-06-23 12:05:00+05:30,239.65,239.65,239.11,239.11,5.0
2026-06-23 12:10:00+05:30,238.92,239.98,238.0,239.98,634.0
2026-06-23 12:15:00+05:30,239.4,239.8,239.4,239.79,27.0
2026-06-23 12:20:00+05:30,239.4,239.4,239.04,239.04,27.0
2026-06-23 12:25:00+05:30,239.04,239.04,239.04,239.04,0.0
2026-06-23 12:30:00+05:30,239.04,239.04,239.04,239.04,0.0
2026-06-23 12:35:00+05:30,239.04,240.0,239.04,240.0,420.0
2026-06-23 12:40:00+05:30,237.6,239.52,237.6,239.52,251.0
2026-06-23 12:45:00+05:30,239.52,239.52,239.35,239.48,2.0
2026-06-23 12:50:00+05:30,238.99,239.25,238.87,239.2,140.0
2026-06-23 12:55:00+05:30,239.28,240.0,238.96,240.0,83484.0
2026-06-23 13:00:00+05:30,240.0,240.0,240.0,240.0,189.0
2026-06-23 13:05:00+05:30,239.91,241.42,239.91,241.29,809.0
2026-06-23 13:10:00+05:30,241.29,241.75,241.0,241.75,190.0
2026-06-23 13:15:00+05:30,241.75,241.75,240.05,241.0,64.0
2026-06-23 13:20:00+05:30,241.0,241.0,241.0,241.0,0.0
2026-06-23 13:25:00+05:30,241.0,241.0,240.03,240.03,489.0
2026-06-23 13:30:00+05:30,240.03,241.0,240.03,240.99,589.0
2026-06-23 13:35:00+05:30,240.99,241.16,240.51,241.08,536.0
2026-06-23 13:40:00+05:30,241.08,241.08,241.08,241.08,0.0
2026-06-23 13:45:00+05:30,241.08,241.08,241.01,241.01,25.0
2026-06-23 13:50:00+05:30,242.0,242.55,241.66,242.26,548.0
2026-06-23 13:55:00+05:30,242.26,242.26,240.61,240.61,18.0
2026-06-23 14:00:00+05:30,240.61,240.61,240.61,240.61,0.0
2026-06-23 14:05:00+05:30,241.06,241.06,241.06,241.06,18.0
2026-06-23 14:10:00+05:30,241.06,241.06,241.06,241.06,0.0
2026-06-23 14:15:00+05:30,241.06,241.06,241.06,241.06,0.0
2026-06-23 14:20:00+05:30,241.06,242.02,241.06,242.02,1.0
2026-06-23 14:25:00+05:30,242.24,242.58,241.93,241.93,577.0
2026-06-23 14:30:00+05:30,241.93,242.22,241.93,242.22,35.0
2026-06-23 14:35:00+05:30,241.31,242.19,241.31,242.19,210.0
2026-06-23 14:40:00+05:30,242.19,242.93,242.19,242.93,1.0
2026-06-23 14:45:00+05:30,242.66,242.66,242.66,242.66,5.0
2026-06-23 14:50:00+05:30,242.66,242.66,242.27,242.27,1.0
2026-06-23 14:55:00+05:30,242.27,242.48,242.2,242.48,174.0
2026-06-23 15:00:00+05:30,241.8,241.8,241.47,241.55,185.0
2026-06-23 15:05:00+05:30,241.55,242.93,241.55,242.48,622.0
2026-06-23 15:10:00+05:30,242.48,243.38,242.48,242.55,1192.0
2026-06-23 15:15:00+05:30,241.73,241.95,239.01,239.01,3882.0
2026-06-23 15:20:00+05:30,239.01,240.0,238.0,238.86,1681.0
2026-06-23 15:25:00+05:30,238.86,241.0,237.99,237.99,613.0
2026-06-24 09:29:00+05:30,238.06,238.06,237.0,237.0,421.0
2026-06-24 09:30:00+05:30,237.11,237.11,237.0,237.0,501.0
2026-06-24 09:35:00+05:30,237.0,238.52,237.0,237.5,509.0
2026-06-24 09:40:00+05:30,237.94,237.97,237.94,237.97,6.0
2026-06-24 09:45:00+05:30,237.97,237.97,237.97,237.97,0.0
2026-06-24 09:50:00+05:30,237.97,238.95,237.0,237.0,1178.0
2026-06-24 09:55:00+05:30,237.0,238.38,237.0,238.38,206.0
2026-06-24 10:00:00+05:30,238.38,238.38,237.0,237.0,96.0
2026-06-24 10:05:00+05:30,237.0,237.0,237.0,237.0,0.0
2026-06-24 10:10:00+05:30,237.0,237.01,237.0,237.01,50.0
2026-06-24 10:15:00+05:30,237.01,237.01,237.01,237.01,0.0
2026-06-24 10:20:00+05:30,238.49,238.87,238.0,238.8,34.0
2026-06-24 10:25:00+05:30,238.8,238.8,237.01,237.41,239.0
2026-06-24 10:30:00+05:30,237.41,237.41,237.41,237.41,0.0
2026-06-24 10:35:00+05:30,237.41,237.41,237.02,237.02,60.0
2026-06-24 10:40:00+05:30,237.02,237.02,237.02,237.02,0.0
2026-06-24 10:45:00+05:30,237.02,237.02,237.02,237.02,0.0
2026-06-24 10:50:00+05:30,237.02,238.8,237.02,238.8,31.0
2026-06-24 10:55:00+05:30,238.8,238.8,237.14,237.14,220.0
2026-06-24 11:00:00+05:30,237.14,237.14,237.14,237.14,0.0
2026-06-24 11:05:00+05:30,237.14,237.14,237.14,237.14,0.0
2026-06-24 11:10:00+05:30,237.14,239.39,237.14,239.0,1770.0
2026-06-24 11:15:00+05:30,240.0,241.89,240.0,241.89,944.0
2026-06-24 11:20:00+05:30,241.89,242.0,241.89,242.0,73.0
2026-06-24 11:25:00+05:30,242.0,242.0,241.04,241.26,20.0
2026-06-24 11:30:00+05:30,241.01,241.12,241.0,241.12,141.0
2026-06-24 11:35:00+05:30,241.12,241.12,241.12,241.12,0.0
2026-06-24 11:40:00+05:30,241.12,241.12,241.12,241.12,0.0
2026-06-24 11:45:00+05:30,241.12,241.12,241.12,241.12,0.0
2026-06-24 11:50:00+05:30,241.12,241.12,241.0,241.0,442.0
2026-06-24 11:55:00+05:30,241.0,241.29,241.0,241.0,105.0
2026-06-24 12:00:00+05:30,241.0,241.0,241.0,241.0,0.0
2026-06-24 12:05:00+05:30,241.0,241.0,241.0,241.0,8.0
2026-06-24 12:10:00+05:30,241.0,241.0,241.0,241.0,3.0
2026-06-24 12:15:00+05:30,241.0,242.48,241.0,242.48,200.0
2026-06-24 12:20:00+05:30,241.72,241.72,241.02,241.02,311.0
2026-06-24 12:25:00+05:30,241.02,242.49,241.0,242.49,326.0
2026-06-24 12:30:00+05:30,242.49,242.49,240.01,241.96,1508.0
2026-06-24 12:35:00+05:30,240.09,241.01,238.53,241.0,178.0
2026-06-24 12:40:00+05:30,241.6,241.6,239.03,239.03,96.0
2026-06-24 12:45:00+05:30,239.03,239.79,238.43,239.79,100.0
2026-06-24 12:50:00+05:30,239.88,239.99,239.88,239.99,11.0
2026-06-24 12:55:00+05:30,239.99,239.99,239.99,239.99,0.0
2026-06-24 13:00:00+05:30,239.99,240.21,239.99,240.21,46.0
2026-06-24 13:05:00+05:30,240.21,240.21,240.21,240.21,0.0
2026-06-24 13:10:00+05:30,240.21,240.21,240.21,240.21,0.0
2026-06-24 13:15:00+05:30,240.0,241.0,239.51,241.0,82438.0
2026-06-24 13:20:00+05:30,241.0,241.06,239.93,239.93,324.0
2026-06-24 13:25:00+05:30,240.74,241.4,239.51,239.51,322.0
2026-06-24 13:30:00+05:30,239.97,240.62,239.85,239.85,227.0
2026-06-24 13:35:00+05:30,239.85,239.85,238.86,239.0,1038.0
2026-06-24 13:40:00+05:30,239.0,240.49,239.0,240.49,100.0
2026-06-24 13:45:00+05:30,240.49,240.49,240.27,240.27,142.0
2026-06-24 13:50:00+05:30,239.53,239.53,239.53,239.53,9.0
2026-06-24 13:55:00+05:30,239.53,239.57,239.53,239.57,125.0
2026-06-24 14:00:00+05:30,239.02,240.23,239.02,240.0,31.0
2026-06-24 14:05:00+05:30,240.0,240.47,240.0,240.47,10.0
2026-06-24 14:10:00+05:30,240.47,240.47,240.47,240.47,0.0
2026-06-24 14:15:00+05:30,239.72,239.72,239.12,239.58,25.0
2026-06-24 14:20:00+05:30,239.58,240.05,239.4,240.05,320.0
2026-06-24 14:25:00+05:30,240.53,240.57,240.07,240.11,126.0
2026-06-24 14:30:00+05:30,240.11,240.11,240.11,240.11,0.0
2026-06-24 14:35:00+05:30,240.11,240.11,239.5,239.99,603.0
2026-06-24 14:40:00+05:30,239.99,241.48,239.99,240.88,61.0
2026-06-24 14:45:00+05:30,240.88,240.88,240.88,240.88,0.0
2026-06-24 14:50:00+05:30,239.68,239.68,239.68,239.68,1.0
2026-06-24 14:55:00+05:30,239.0,239.66,239.0,239.66,465.0
2026-06-24 15:00:00+05:30,239.27,239.7,239.27,239.5,106.0
2026-06-24 15:05:00+05:30,239.5,239.76,239.5,239.76,5.0
2026-06-24 15:10:00+05:30,239.76,240.71,239.76,240.71,201.0
2026-06-24 15:15:00+05:30,240.3,240.7,239.83,240.02,304.0
2026-06-24 15:20:00+05:30,240.02,240.43,240.0,240.03,142.0
2026-06-24 15:25:00+05:30,240.03,242.0,239.0,239.0,3157.0
2026-06-25 09:16:00+05:30,244.83,244.83,243.1,243.1,145.0
2026-06-25 09:20:00+05:30,243.1,243.1,241.42,242.28,280.0
2026-06-25 09:25:00+05:30,241.57,241.6,241.01,241.01,18.0
2026-06-25 09:30:00+05:30,241.01,241.01,241.01,241.01,0.0
2026-06-25 09:35:00+05:30,241.01,241.01,241.01,241.01,0.0
2026-06-25 09:40:00+05:30,241.01,241.01,241.01,241.01,0.0
2026-06-25 09:45:00+05:30,241.01,241.01,241.01,241.01,0.0
2026-06-25 09:50:00+05:30,241.01,241.01,240.86,240.86,270.0
2026-06-25 09:55:00+05:30,240.5,240.5,240.09,240.09,246.0
2026-06-25 10:00:00+05:30,240.09,242.05,240.09,241.21,160.0
2026-06-25 10:05:00+05:30,240.94,241.81,240.55,240.58,270.0
2026-06-25 10:10:00+05:30,242.28,242.28,241.5,241.91,499.0
2026-06-25 10:15:00+05:30,242.14,242.75,242.14,242.75,74.0
2026-06-25 10:20:00+05:30,242.75,244.99,242.75,244.7,1922.0
2026-06-25 10:25:00+05:30,244.5,245.98,244.5,245.81,496.0
2026-06-25 10:30:00+05:30,245.81,245.9,245.81,245.9,105.0
2026-06-25 10:35:00+05:30,246.4,246.4,246.29,246.29,520.0
2026-06-25 10:40:00+05:30,246.29,246.29,244.01,244.01,137.0
2026-06-25 10:45:00+05:30,244.01,246.4,244.01,246.4,788.0
2026-06-25 10:50:00+05:30,246.51,246.75,243.9,243.9,959.0
2026-06-25 10:55:00+05:30,244.01,245.78,244.01,245.78,151.0
2026-06-25 11:00:00+05:30,246.77,254.0,246.77,252.45,13281.0
2026-06-25 11:05:00+05:30,253.15,256.32,253.0,254.68,13381.0
2026-06-25 11:10:00+05:30,254.6,256.0,253.6,256.0,5697.0
2026-06-25 11:15:00+05:30,255.0,255.0,252.6,253.66,2729.0
2026-06-25 11:20:00+05:30,253.74,254.0,252.08,253.71,2494.0
2026-06-25 11:25:00+05:30,254.0,254.5,251.0,251.1,4076.0
2026-06-25 11:30:00+05:30,251.1,252.52,251.0,251.43,2956.0
2026-06-25 11:35:00+05:30,251.43,251.79,249.8,251.33,3170.0
2026-06-25 11:40:00+05:30,251.33,251.33,248.6,250.55,417.0
2026-06-25 11:45:00+05:30,250.0,250.6,248.0,250.6,1548.0
2026-06-25 11:50:00+05:30,251.0,251.0,248.89,249.97,646.0
2026-06-25 11:55:00+05:30,249.97,249.97,246.6,248.42,1568.0
2026-06-25 12:00:00+05:30,248.0,249.58,248.0,249.47,566.0
2026-06-25 12:05:00+05:30,248.62,250.0,248.04,248.68,651.0
2026-06-25 12:10:00+05:30,248.12,249.32,247.16,247.78,832.0
2026-06-25 12:15:00+05:30,247.78,247.78,245.6,245.9,1817.0
2026-06-25 12:20:00+05:30,246.0,246.09,244.63,244.91,3270.0
2026-06-25 12:25:00+05:30,245.92,245.92,245.8,245.9,3.0
2026-06-25 12:30:00+05:30,245.1,246.1,245.1,246.1,311.0
2026-06-25 12:35:00+05:30,246.1,248.49,246.1,248.49,1758.0
2026-06-25 12:40:00+05:30,248.49,248.6,248.0,248.59,105.0
2026-06-25 12:45:00+05:30,248.59,250.86,248.59,250.86,1352.0
2026-06-25 12:50:00+05:30,251.06,251.06,249.6,249.6,240.0
2026-06-25 12:55:00+05:30,251.0,251.1,250.2,251.0,1633.0
2026-06-25 13:00:00+05:30,251.0,251.0,249.3,249.3,511.0
2026-06-25 13:05:00+05:30,249.19,250.59,248.6,249.52,728.0
2026-06-25 13:10:00+05:30,249.52,249.52,248.5,248.5,70.0
2026-06-25 13:15:00+05:30,248.0,248.73,248.0,248.73,150.0
2026-06-25 13:20:00+05:30,248.73,248.73,247.6,247.6,30.0
2026-06-25 13:25:00+05:30,247.6,248.6,247.6,248.6,20.0
2026-06-25 13:30:00+05:30,248.6,248.6,248.5,248.5,2.0
2026-06-25 13:35:00+05:30,248.4,248.4,247.6,247.6,251.0
2026-06-25 13:40:00+05:30,247.6,248.28,247.6,247.6,24.0
2026-06-25 13:45:00+05:30,248.1,248.17,246.6,246.6,333.0
2026-06-25 13:50:00+05:30,246.6,247.59,245.75,247.59,152.0
2026-06-25 13:55:00+05:30,246.51,248.5,246.01,248.5,541.0
2026-06-25 14:00:00+05:30,248.5,248.5,246.01,247.59,701.0
2026-06-25 14:05:00+05:30,246.52,248.59,246.35,247.85,966.0
2026-06-25 14:10:00+05:30,247.85,247.85,246.6,246.6,208.0
2026-06-25 14:15:00+05:30,246.0,246.1,245.26,246.08,514.0
2026-06-25 14:20:00+05:30,246.08,246.08,245.0,245.0,238.0
2026-06-25 14:25:00+05:30,245.0,245.27,244.6,245.27,321.0
2026-06-25 14:30:00+05:30,245.54,246.1,245.5,245.8,175.0
2026-06-25 14:35:00+05:30,246.0,246.0,246.0,246.0,5.0
2026-06-25 14:40:00+05:30,246.0,246.0,246.0,246.0,0.0
2026-06-25 14:45:00+05:30,246.0,246.34,245.54,246.34,3091.0
2026-06-25 14:50:00+05:30,246.6,247.09,246.42,247.04,137.0
2026-06-25 14:55:00+05:30,247.0,247.09,246.12,247.09,154.0
2026-06-25 15:00:00+05:30,246.99,246.99,245.54,245.55,677.0
2026-06-25 15:05:00+05:30,246.07,246.59,245.54,246.4,459.0
2026-06-25 15:10:00+05:30,246.59,246.59,245.57,245.58,194.0
2026-06-25 15:15:00+05:30,246.1,246.6,243.62,245.0,3595.0
2026-06-25 15:20:00+05:30,244.66,245.82,244.66,245.82,160.0
2026-06-25 15:25:00+05:30,244.81,245.59,243.0,243.0,1755.0
2026-06-29 09:15:00+05:30,245.02,262.0,245.02,259.74,15788.0
2026-06-29 09:20:00+05:30,259.62,267.0,256.2,257.9,29826.0
2026-06-29 09:25:00+05:30,257.77,258.64,254.6,254.6,13432.0
2026-06-29 09:30:00+05:30,254.35,256.84,253.35,253.35,5993.0
2026-06-29 09:35:00+05:30,254.76,256.02,251.7,255.26,7279.0
2026-06-29 09:40:00+05:30,257.95,259.9,255.5,259.9,5839.0
2026-06-29 09:45:00+05:30,257.26,257.26,253.98,255.15,5247.0
2026-06-29 09:50:00+05:30,254.38,255.99,252.45,255.42,5958.0
2026-06-29 09:55:00+05:30,254.95,254.95,251.58,253.11,3677.0
2026-06-29 10:00:00+05:30,252.79,254.66,252.79,253.42,1484.0
2026-06-29 10:05:00+05:30,253.34,255.16,253.05,255.16,3475.0
2026-06-29 10:10:00+05:30,255.16,255.16,253.5,253.5,63.0
2026-06-29 10:15:00+05:30,254.78,256.26,254.28,255.91,6265.0
2026-06-29 10:20:00+05:30,255.64,258.0,254.27,255.51,566.0
2026-06-29 10:25:00+05:30,255.51,258.0,255.51,257.0,2637.0
2026-06-29 10:30:00+05:30,257.97,261.04,256.88,261.04,9384.0
2026-06-29 10:35:00+05:30,261.01,262.0,258.85,261.02,4994.0
2026-06-29 10:40:00+05:30,260.99,261.8,258.93,258.93,2809.0
2026-06-29 10:45:00+05:30,260.85,261.6,260.5,260.5,1719.0
2026-06-29 10:50:00+05:30,260.2,261.5,259.01,261.5,3422.0
2026-06-29 10:55:00+05:30,261.64,263.9,261.64,263.74,5609.0
2026-06-29 11:00:00+05:30,263.66,263.66,260.01,260.78,1653.0
2026-06-29 11:05:00+05:30,260.5,261.62,260.5,261.62,2496.0
2026-06-29 11:10:00+05:30,261.49,261.68,258.0,259.63,6602.0
2026-06-29 11:15:00+05:30,259.66,259.96,259.43,259.7,144.0
2026-06-29 11:20:00+05:30,259.7,259.77,259.04,259.27,362.0
2026-06-29 11:25:00+05:30,259.0,259.75,259.0,259.57,491.0
2026-06-29 11:30:00+05:30,259.49,260.91,259.0,260.8,1847.0
2026-06-29 11:35:00+05:30,260.8,260.8,260.43,260.6,19.0
2026-06-29 11:40:00+05:30,260.6,260.6,259.45,259.45,1121.0
2026-06-29 11:45:00+05:30,259.45,260.6,259.45,260.4,1277.0
2026-06-29 11:50:00+05:30,260.39,260.75,259.7,260.75,752.0
2026-06-29 11:55:00+05:30,260.75,260.75,259.07,259.65,970.0
2026-06-29 12:00:00+05:30,259.62,260.0,259.42,259.64,209.0
2026-06-29 12:05:00+05:30,258.95,259.82,258.0,259.06,613.0
2026-06-29 12:10:00+05:30,259.48,259.48,257.1,257.95,1100.0
2026-06-29 12:15:00+05:30,257.95,258.83,257.95,258.11,303.0
2026-06-29 12:20:00+05:30,258.2,260.0,258.2,259.79,661.0
2026-06-29 12:25:00+05:30,259.77,259.78,258.1,258.92,485.0
2026-06-29 12:30:00+05:30,259.42,259.42,258.11,258.96,627.0
2026-06-29 12:35:00+05:30,258.83,259.0,258.4,258.87,289.0
2026-06-29 12:40:00+05:30,258.87,260.0,257.61,259.04,1359.0
2026-06-29 12:45:00+05:30,259.06,259.06,258.15,258.39,239.0
2026-06-29 12:50:00+05:30,258.39,258.48,257.62,258.11,46.0
2026-06-29 12:55:00+05:30,258.03,259.14,257.01,258.93,698.0
2026-06-29 13:00:00+05:30,258.83,260.0,258.83,259.55,823.0
2026-06-29 13:05:00+05:30,260.0,260.0,259.35,259.47,488.0
2026-06-29 13:10:00+05:30,259.46,259.65,258.84,259.51,33.0
2026-06-29 13:15:00+05:30,259.51,259.74,259.16,259.2,108.0
2026-06-29 13:20:00+05:30,259.8,259.8,259.2,259.5,17.0
2026-06-29 13:25:00+05:30,259.6,259.99,259.58,259.87,278.0
2026-06-29 13:30:00+05:30,259.21,259.54,259.19,259.19,691.0
2026-06-29 13:35:00+05:30,258.89,259.5,258.59,259.18,773.0
2026-06-29 13:40:00+05:30,259.59,261.5,259.59,261.5,1585.0
2026-06-29 13:45:00+05:30,261.5,261.5,260.4,261.22,264.0
2026-06-29 13:50:00+05:30,261.22,261.22,260.0,260.97,1802.0
2026-06-29 13:55:00+05:30,260.84,260.85,260.41,260.85,238.0
2026-06-29 14:00:00+05:30,260.42,260.85,260.42,260.8,276.0
2026-06-29 14:05:00+05:30,260.8,260.8,260.12,260.23,218.0
2026-06-29 14:10:00+05:30,260.73,261.49,260.0,261.49,3458.0
2026-06-29 14:15:00+05:30,261.48,261.48,259.88,259.89,347.0
2026-06-29 14:20:00+05:30,259.84,259.99,259.01,259.68,173.0
2026-06-29 14:25:00+05:30,259.77,260.95,259.0,259.3,1921.0
2026-06-29 14:30:00+05:30,259.57,260.38,259.0,259.51,446.0
2026-06-29 14:35:00+05:30,259.72,260.08,259.5,259.61,44.0
2026-06-29 14:40:00+05:30,259.61,259.9,259.26,259.28,9.0
2026-06-29 14:45:00+05:30,259.26,259.43,257.37,258.51,389.0
2026-06-29 14:50:00+05:30,258.55,258.7,258.3,258.69,177.0
2026-06-29 14:55:00+05:30,258.41,259.52,258.24,259.52,1040.0
2026-06-29 15:00:00+05:30,259.0,259.9,257.1,257.3,2134.0
2026-06-29 15:05:00+05:30,257.38,259.37,257.0,257.59,3611.0
2026-06-29 15:10:00+05:30,257.49,258.42,256.2,258.42,3665.0
2026-06-29 15:15:00+05:30,258.33,261.0,258.11,261.0,7573.0
2026-06-29 15:20:00+05:30,261.5,261.5,258.55,259.99,7458.0
2026-06-29 15:25:00+05:30,260.0,264.22,259.27,262.0,12545.0
2026-06-30 09:15:00+05:30,264.09,267.0,262.0,264.42,9187.0
2026-06-30 09:20:00+05:30,263.01,266.0,263.01,264.88,2249.0
2026-06-30 09:25:00+05:30,264.88,265.19,263.85,264.97,2900.0
2026-06-30 09:30:00+05:30,262.23,265.77,262.0,265.4,5287.0
2026-06-30 09:35:00+05:30,265.41,269.43,264.31,267.3,10793.0
2026-06-30 09:40:00+05:30,266.0,267.2,264.19,264.19,3276.0
2026-06-30 09:45:00+05:30,264.19,264.19,264.03,264.03,433.0
2026-06-30 09:50:00+05:30,264.03,265.21,262.36,263.95,882.0
2026-06-30 09:55:00+05:30,263.86,264.26,263.86,264.2,410.0
2026-06-30 10:00:00+05:30,264.2,265.59,264.2,264.99,298.0
2026-06-30 10:05:00+05:30,264.95,265.1,264.77,265.1,1019.0
2026-06-30 10:10:00+05:30,265.1,265.1,260.5,262.93,6640.0
2026-06-30 10:15:00+05:30,262.11,262.2,261.74,261.74,897.0
2026-06-30 10:20:00+05:30,261.74,262.73,260.81,261.7,727.0
2026-06-30 10:25:00+05:30,261.81,263.92,261.81,263.92,487.0
2026-06-30 10:30:00+05:30,263.92,263.92,262.89,263.58,158.0
2026-06-30 10:35:00+05:30,263.58,263.58,262.04,262.22,493.0
2026-06-30 10:40:00+05:30,262.22,262.78,262.05,262.05,58.0
2026-06-30 10:45:00+05:30,262.1,262.1,262.0,262.1,640.0
2026-06-30 10:50:00+05:30,264.16,264.16,263.25,263.25,1004.0
2026-06-30 10:55:00+05:30,263.25,264.36,263.25,264.36,40.0
2026-06-30 11:00:00+05:30,264.36,264.36,262.41,262.91,50.0
2026-06-30 11:05:00+05:30,262.72,264.35,262.72,264.35,1047.0
2026-06-30 11:10:00+05:30,263.63,263.81,262.95,262.95,1441.0
2026-06-30 11:15:00+05:30,262.95,262.95,262.95,262.95,0.0
2026-06-30 11:20:00+05:30,262.95,263.49,262.95,262.98,29.0
2026-06-30 11:25:00+05:30,262.98,263.09,262.97,263.09,50.0
2026-06-30 11:30:00+05:30,263.09,263.09,263.09,263.09,0.0
2026-06-30 11:35:00+05:30,263.09,263.09,263.09,263.09,0.0
2026-06-30 11:40:00+05:30,262.58,263.15,262.58,263.15,204.0
2026-06-30 11:45:00+05:30,263.15,263.15,263.15,263.15,325.0
2026-06-30 11:50:00+05:30,263.15,263.15,262.7,262.7,16.0
2026-06-30 11:55:00+05:30,262.7,264.38,262.7,264.02,710.0
2026-06-30 12:00:00+05:30,264.5,264.5,264.49,264.49,261.0
2026-06-30 12:05:00+05:30,264.49,264.49,263.14,263.14,1293.0
2026-06-30 12:10:00+05:30,263.14,263.15,262.7,262.7,126.0
2026-06-30 12:15:00+05:30,262.71,263.26,262.71,263.04,25.0
2026-06-30 12:20:00+05:30,263.04,263.04,262.94,262.94,5.0
2026-06-30 12:25:00+05:30,262.94,262.94,262.94,262.94,0.0
2026-06-30 12:30:00+05:30,262.94,263.0,262.7,262.7,92.0
2026-06-30 12:35:00+05:30,263.67,263.75,263.67,263.75,344.0
2026-06-30 12:40:00+05:30,263.75,263.75,262.7,262.7,52.0
2026-06-30 12:45:00+05:30,262.7,262.7,262.7,262.7,48.0
2026-06-30 12:50:00+05:30,262.7,262.7,262.7,262.7,0.0
2026-06-30 12:55:00+05:30,262.7,262.8,262.7,262.8,11.0
2026-06-30 13:00:00+05:30,262.8,263.15,262.75,262.75,128.0
2026-06-30 13:05:00+05:30,262.58,262.58,262.16,262.16,319.0
2026-06-30 13:10:00+05:30,262.16,262.4,262.16,262.4,20.0
2026-06-30 13:15:00+05:30,262.4,263.05,262.0,262.0,1980.0
2026-06-30 13:20:00+05:30,262.0,262.0,262.0,262.0,118.0
2026-06-30 13:25:00+05:30,261.95,261.95,261.9,261.9,43.0
2026-06-30 13:30:00+05:30,261.9,261.95,261.9,261.95,161.0
2026-06-30 13:35:00+05:30,261.95,261.95,261.77,261.77,334.0
2026-06-30 13:40:00+05:30,261.77,261.77,261.77,261.77,60.0
2026-06-30 13:45:00+05:30,261.77,261.77,261.77,261.77,0.0
2026-06-30 13:50:00+05:30,261.77,261.77,261.77,261.77,0.0
2026-06-30 13:55:00+05:30,261.77,262.58,261.77,262.58,164.0
2026-06-30 14:00:00+05:30,262.58,262.58,261.86,261.86,58.0
2026-06-30 14:05:00+05:30,261.86,262.0,261.86,262.0,178.0
2026-06-30 14:10:00+05:30,262.0,262.0,262.0,262.0,0.0
2026-06-30 14:15:00+05:30,262.0,262.02,261.77,261.77,601.0
2026-06-30 14:20:00+05:30,261.77,261.77,261.77,261.77,0.0
2026-06-30 14:25:00+05:30,261.77,261.77,261.75,261.75,651.0
2026-06-30 14:30:00+05:30,261.94,261.94,261.81,261.81,29.0
2026-06-30 14:35:00+05:30,261.51,265.59,261.51,265.0,7157.0
2026-06-30 14:40:00+05:30,265.45,269.9,265.45,268.0,21899.0
2026-06-30 14:45:00+05:30,268.54,270.0,268.54,269.0,12500.0
2026-06-30 14:50:00+05:30,269.96,269.98,268.5,268.5,5636.0
2026-06-30 14:55:00+05:30,268.5,269.0,267.51,267.68,2515.0
2026-06-30 15:00:00+05:30,268.1,268.1,267.0,267.98,4481.0
2026-06-30 15:05:00+05:30,268.0,270.03,268.0,269.85,8049.0
2026-06-30 15:10:00+05:30,269.83,271.9,269.83,271.07,8930.0
2026-06-30 15:15:00+05:30,271.15,272.0,268.5,268.9,6815.0
2026-06-30 15:20:00+05:30,268.9,269.86,268.9,269.01,2391.0
2026-06-30 15:25:00+05:30,269.0,269.95,268.0,269.0,7162.0
2026-07-01 09:15:00+05:30,270.1,271.7,266.05,266.05,2270.0
2026-07-01 09:20:00+05:30,266.05,267.0,265.4,266.8,3892.0
2026-07-01 09:25:00+05:30,266.5,274.0,266.5,273.0,9098.0
2026-07-01 09:30:00+05:30,273.0,275.0,271.0,272.2,7694.0
2026-07-01 09:35:00+05:30,270.0,271.05,270.0,270.0,2706.0
2026-07-01 09:40:00+05:30,270.0,270.0,268.2,268.6,600.0
2026-07-01 09:45:00+05:30,268.2,268.6,267.3,267.8,841.0
2026-07-01 09:50:00+05:30,267.8,269.95,267.8,269.45,1696.0
2026-07-01 09:55:00+05:30,268.05,270.2,268.05,269.7,2145.0
2026-07-01 10:00:00+05:30,269.55,269.75,269.05,269.05,562.0
2026-07-01 10:05:00+05:30,269.05,269.05,268.7,268.7,73.0
2026-07-01 10:10:00+05:30,269.75,270.8,269.75,270.8,1046.0
2026-07-01 10:15:00+05:30,270.05,274.7,270.0,274.5,7896.0
2026-07-01 10:20:00+05:30,274.0,275.0,272.05,273.95,4703.0
2026-07-01 10:25:00+05:30,273.95,273.95,272.1,272.95,899.0
2026-07-01 10:30:00+05:30,272.3,274.0,272.1,272.1,2336.0
2026-07-01 10:35:00+05:30,272.1,272.5,271.0,272.0,1692.0
2026-07-01 10:40:00+05:30,271.8,272.3,270.7,270.7,366.0
2026-07-01 10:45:00+05:30,270.75,272.45,270.75,272.45,121.0
2026-07-01 10:50:00+05:30,272.45,272.45,272.4,272.4,371.0
2026-07-01 10:55:00+05:30,272.4,272.45,271.35,271.35,348.0
2026-07-01 11:00:00+05:30,271.6,272.45,271.6,272.45,649.0
2026-07-01 11:05:00+05:30,272.0,272.0,271.05,271.5,246.0
2026-07-01 11:10:00+05:30,272.3,272.3,270.7,271.05,751.0
2026-07-01 11:15:00+05:30,271.05,272.3,270.55,270.55,607.0
2026-07-01 11:20:00+05:30,270.55,272.3,270.55,270.55,1106.0
2026-07-01 11:25:00+05:30,270.35,270.35,270.1,270.35,225.0
2026-07-01 11:30:00+05:30,270.35,270.35,270.3,270.3,12.0
2026-07-01 11:35:00+05:30,271.0,271.75,270.1,270.1,273.0
2026-07-01 11:40:00+05:30,270.1,270.9,270.1,270.9,73.0
2026-07-01 11:45:00+05:30,270.9,270.9,270.3,270.3,109.0
2026-07-01 11:50:00+05:30,270.0,270.0,268.05,268.05,1490.0
2026-07-01 11:55:00+05:30,268.05,268.8,268.05,268.8,21.0
2026-07-01 12:00:00+05:30,268.8,269.0,267.0,268.4,7755.0
2026-07-01 12:05:00+05:30,267.9,268.3,267.9,268.05,390.0
2026-07-01 12:10:00+05:30,267.55,267.8,267.05,267.65,104.0
2026-07-01 12:15:00+05:30,267.5,267.5,267.5,267.5,5.0
2026-07-01 12:20:00+05:30,267.5,267.5,266.15,266.25,920.0
2026-07-01 12:25:00+05:30,266.75,267.0,266.0,266.15,1353.0
2026-07-01 12:30:00+05:30,266.15,266.25,265.5,266.0,152.0
2026-07-01 12:35:00+05:30,266.0,266.4,265.55,265.55,110.0
2026-07-01 12:40:00+05:30,265.55,266.35,265.55,265.6,104.0
2026-07-01 12:45:00+05:30,265.6,265.6,265.6,265.6,12.0
2026-07-01 12:50:00+05:30,267.25,267.9,266.0,266.85,1358.0
2026-07-01 12:55:00+05:30,267.1,267.1,267.1,267.1,64.0
2026-07-01 13:00:00+05:30,267.1,267.15,266.0,266.0,374.0
2026-07-01 13:05:00+05:30,267.15,267.15,266.5,266.5,418.0
2026-07-01 13:10:00+05:30,266.5,266.5,266.0,266.05,50.0
2026-07-01 13:15:00+05:30,266.05,266.05,266.05,266.05,0.0
2026-07-01 13:20:00+05:30,266.05,267.0,266.05,267.0,2.0
2026-07-01 13:25:00+05:30,267.0,267.0,267.0,267.0,0.0
2026-07-01 13:30:00+05:30,267.0,267.0,267.0,267.0,0.0
2026-07-01 13:35:00+05:30,267.0,267.0,266.8,266.8,25.0
2026-07-01 13:40:00+05:30,267.0,267.0,267.0,267.0,686.0
2026-07-01 13:45:00+05:30,267.0,267.0,267.0,267.0,0.0
2026-07-01 13:50:00+05:30,267.0,267.15,267.0,267.15,75.0
2026-07-01 13:55:00+05:30,267.3,268.25,267.15,268.25,1191.0
2026-07-01 14:00:00+05:30,267.05,267.1,267.0,267.0,96.0
2026-07-01 14:05:00+05:30,267.0,267.0,267.0,267.0,96.0
2026-07-01 14:10:00+05:30,266.55,266.55,265.4,265.4,1332.0
2026-07-01 14:15:00+05:30,265.4,265.4,265.4,265.4,0.0
2026-07-01 14:20:00+05:30,265.4,266.3,265.0,266.3,588.0
2026-07-01 14:25:00+05:30,265.7,265.7,265.15,265.15,88.0
2026-07-01 14:30:00+05:30,265.15,265.15,265.15,265.15,115.0
2026-07-01 14:35:00+05:30,265.45,265.45,265.3,265.3,51.0
2026-07-01 14:40:00+05:30,265.3,265.3,265.3,265.3,0.0
2026-07-01 14:45:00+05:30,265.3,265.3,265.3,265.3,0.0
2026-07-01 14:50:00+05:30,265.3,266.55,265.3,266.55,9.0
2026-07-01 14:55:00+05:30,266.55,266.55,266.0,266.0,121.0
2026-07-01 15:00:00+05:30,266.0,266.0,265.9,265.9,50.0
2026-07-01 15:05:00+05:30,265.9,266.0,265.9,266.0,35.0
2026-07-01 15:10:00+05:30,266.0,267.2,265.0,266.35,3584.0
2026-07-01 15:15:00+05:30,265.25,266.7,265.1,265.25,281.0
2026-07-01 15:20:00+05:30,265.0,265.0,264.05,264.3,2316.0
2026-07-01 15:25:00+05:30,264.15,264.9,264.0,264.9,1793.0
2026-07-02 09:15:00+05:30,268.0,268.95,267.85,268.0,1118.0
2026-07-02 09:20:00+05:30,268.0,268.0,268.0,268.0,1055.0
2026-07-02 09:25:00+05:30,268.0,268.55,267.0,267.05,437.0
2026-07-02 09:30:00+05:30,267.05,267.05,265.8,266.0,271.0
2026-07-02 09:35:00+05:30,266.0,266.0,265.2,265.5,2296.0
2026-07-02 09:40:00+05:30,265.45,267.3,265.45,267.1,1355.0
2026-07-02 09:45:00+05:30,267.1,267.1,265.65,265.65,1532.0
2026-07-02 09:50:00+05:30,265.65,266.7,265.6,266.7,158.0
2026-07-02 09:55:00+05:30,266.7,266.7,266.7,266.7,0.0
2026-07-02 10:00:00+05:30,266.7,266.7,266.15,266.45,205.0
2026-07-02 10:05:00+05:30,266.25,266.7,266.25,266.7,380.0
2026-07-02 10:10:00+05:30,266.7,266.7,266.7,266.7,0.0
2026-07-02 10:15:00+05:30,266.7,266.7,265.65,266.25,25.0
2026-07-02 10:20:00+05:30,266.25,266.25,266.25,266.25,0.0
2026-07-02 10:25:00+05:30,266.25,266.7,266.25,266.7,712.0
2026-07-02 10:30:00+05:30,266.7,266.7,266.7,266.7,0.0
2026-07-02 10:35:00+05:30,266.7,266.7,266.3,266.3,30.0
2026-07-02 10:40:00+05:30,266.25,271.4,266.25,271.0,7648.0
2026-07-02 10:45:00+05:30,271.0,279.4,271.0,278.3,34615.0
2026-07-02 10:50:00+05:30,278.0,279.5,275.95,277.45,10849.0
2026-07-02 10:55:00+05:30,277.45,277.95,275.5,277.7,4592.0
2026-07-02 11:00:00+05:30,276.95,280.0,275.5,279.9,13399.0
2026-07-02 11:05:00+05:30,279.6,283.2,278.45,282.5,35239.0
2026-07-02 11:10:00+05:30,282.8,284.6,282.3,283.15,32096.0
2026-07-02 11:15:00+05:30,283.8,287.65,282.25,285.35,54405.0
2026-07-02 11:20:00+05:30,285.4,285.75,281.0,282.7,36185.0
2026-07-02 11:25:00+05:30,281.75,283.6,281.75,282.0,6069.0
2026-07-02 11:30:00+05:30,280.4,282.55,280.25,281.45,15183.0
2026-07-02 11:35:00+05:30,280.75,281.0,280.0,280.7,5079.0
2026-07-02 11:40:00+05:30,280.85,282.0,278.7,280.0,7788.0
2026-07-02 11:45:00+05:30,278.75,278.75,276.65,278.0,8167.0
2026-07-02 11:50:00+05:30,278.45,278.95,278.0,278.6,2209.0
2026-07-02 11:55:00+05:30,278.1,278.95,278.1,278.7,2291.0
2026-07-02 12:00:00+05:30,278.8,279.0,278.2,278.95,1229.0
2026-07-02 12:05:00+05:30,279.35,280.0,278.95,278.95,3834.0
2026-07-02 12:10:00+05:30,279.85,280.15,277.1,277.1,2129.0
2026-07-02 12:15:00+05:30,277.1,278.9,277.1,278.2,214.0
2026-07-02 12:20:00+05:30,278.2,280.0,278.0,279.4,3673.0
2026-07-02 12:25:00+05:30,279.15,280.0,277.55,279.7,1806.0
2026-07-02 12:30:00+05:30,278.15,279.7,277.8,278.7,415.0
2026-07-02 12:35:00+05:30,278.7,278.85,277.5,278.6,530.0
2026-07-02 12:40:00+05:30,278.6,279.45,278.6,278.95,1616.0
2026-07-02 12:45:00+05:30,278.2,278.2,277.5,277.6,1488.0
2026-07-02 12:50:00+05:30,277.7,280.05,277.6,280.05,6917.0
2026-07-02 12:55:00+05:30,280.5,280.5,280.0,280.0,2189.0
2026-07-02 13:00:00+05:30,279.75,279.75,277.8,279.25,3162.0
2026-07-02 13:05:00+05:30,279.25,279.75,278.65,278.95,142.0
2026-07-02 13:10:00+05:30,279.4,279.75,279.4,279.75,71.0
2026-07-02 13:15:00+05:30,279.45,279.55,278.45,278.6,1229.0
2026-07-02 13:20:00+05:30,278.45,278.45,278.45,278.45,24.0
2026-07-02 13:25:00+05:30,278.45,278.45,277.5,277.5,1034.0
2026-07-02 13:30:00+05:30,277.5,277.95,277.5,277.95,25.0
2026-07-02 13:35:00+05:30,278.2,279.4,277.0,277.7,2060.0
2026-07-02 13:40:00+05:30,278.55,278.55,278.0,278.0,649.0
2026-07-02 13:45:00+05:30,278.5,281.3,278.5,279.4,6183.0
2026-07-02 13:50:00+05:30,280.85,282.5,280.85,282.5,3280.0
2026-07-02 13:55:00+05:30,282.5,284.7,281.1,283.65,6043.0
2026-07-02 14:00:00+05:30,283.65,289.7,283.65,289.35,42172.0
2026-07-02 14:05:00+05:30,289.7,289.9,282.5,282.85,46845.0
2026-07-02 14:10:00+05:30,283.1,284.95,281.85,283.55,29018.0
2026-07-02 14:15:00+05:30,283.35,285.7,283.0,284.8,6747.0
2026-07-02 14:20:00+05:30,284.1,284.55,281.95,282.15,6305.0
2026-07-02 14:25:00+05:30,282.5,282.5,281.95,282.15,1709.0
2026-07-02 14:30:00+05:30,283.45,283.45,282.0,282.0,1953.0
2026-07-02 14:35:00+05:30,282.0,282.0,280.2,280.65,3288.0
2026-07-02 14:40:00+05:30,281.1,281.1,279.55,280.0,3286.0
2026-07-02 14:45:00+05:30,280.7,280.7,279.55,279.8,1132.0
2026-07-02 14:50:00+05:30,279.9,280.75,279.75,280.05,1236.0
2026-07-02 14:55:00+05:30,280.05,280.05,278.25,279.55,4274.0
2026-07-02 15:00:00+05:30,279.4,279.95,278.5,278.9,1364.0
2026-07-02 15:05:00+05:30,278.85,279.45,278.45,278.5,3208.0
2026-07-02 15:10:00+05:30,278.3,278.5,278.0,278.25,2724.0
2026-07-02 15:15:00+05:30,278.45,279.05,278.25,278.85,1883.0
2026-07-02 15:20:00+05:30,278.85,279.55,278.35,278.45,12540.0
2026-07-02 15:25:00+05:30,278.35,278.9,277.5,278.0,11422.0
2026-07-03 09:15:00+05:30,277.0,282.05,274.0,279.0,11325.0
2026-07-03 09:20:00+05:30,279.6,279.8,278.0,278.0,2300.0
2026-07-03 09:25:00+05:30,277.75,277.75,277.7,277.7,362.0
2026-07-03 09:30:00+05:30,277.65,278.05,277.0,277.0,1079.0
2026-07-03 09:35:00+05:30,276.7,276.95,275.8,276.2,859.0
2026-07-03 09:40:00+05:30,276.2,276.8,276.2,276.8,297.0
2026-07-03 09:45:00+05:30,276.85,276.85,274.95,275.3,2007.0
2026-07-03 09:50:00+05:30,276.0,276.0,275.2,275.4,1694.0
2026-07-03 09:55:00+05:30,275.4,276.0,275.4,275.5,500.0
2026-07-03 10:00:00+05:30,275.5,276.15,275.5,276.15,51.0
2026-07-03 10:05:00+05:30,276.45,276.45,275.5,275.5,610.0
2026-07-03 10:10:00+05:30,275.5,276.6,275.5,276.6,127.0
2026-07-03 10:15:00+05:30,276.7,276.7,275.85,275.85,113.0
2026-07-03 10:20:00+05:30,275.85,275.85,275.5,275.85,93.0
2026-07-03 10:25:00+05:30,275.85,275.85,275.2,275.5,709.0
2026-07-03 10:30:00+05:30,275.5,275.55,275.2,275.25,426.0
2026-07-03 10:35:00+05:30,275.05,275.4,275.05,275.4,281.0
2026-07-03 10:40:00+05:30,275.4,275.9,275.4,275.45,21.0
2026-07-03 10:45:00+05:30,275.45,275.95,275.45,275.45,360.0
2026-07-03 10:50:00+05:30,275.45,275.45,275.4,275.4,1.0
2026-07-03 10:55:00+05:30,276.0,276.0,275.3,275.3,130.0
2026-07-03 11:00:00+05:30,275.3,275.3,275.3,275.3,49.0
2026-07-03 11:05:00+05:30,275.3,275.3,275.3,275.3,119.0
2026-07-03 11:10:00+05:30,275.3,275.3,275.3,275.3,61.0
2026-07-03 11:15:00+05:30,275.3,275.3,274.0,274.0,1205.0
2026-07-03 11:20:00+05:30,274.0,274.95,274.0,274.9,547.0
2026-07-03 11:25:00+05:30,274.9,274.9,274.7,274.7,1.0
2026-07-03 11:30:00+05:30,274.7,274.7,274.55,274.55,2.0
2026-07-03 11:35:00+05:30,274.55,275.0,274.55,275.0,450.0
2026-07-03 11:40:00+05:30,275.75,275.75,275.15,275.15,702.0
2026-07-03 11:45:00+05:30,275.15,275.15,274.3,274.3,180.0
2026-07-03 11:50:00+05:30,274.3,275.25,274.3,275.25,1.0
2026-07-03 11:55:00+05:30,275.25,275.25,274.4,275.0,266.0
2026-07-03 12:00:00+05:30,274.35,274.35,274.35,274.35,208.0
2026-07-03 12:05:00+05:30,274.35,275.0,274.05,274.05,1135.0
2026-07-03 12:10:00+05:30,274.05,274.05,274.05,274.05,0.0
2026-07-03 12:15:00+05:30,274.05,275.15,274.05,274.7,34.0
2026-07-03 12:20:00+05:30,274.7,274.7,274.7,274.7,0.0
2026-07-03 12:25:00+05:30,274.7,274.7,274.7,274.7,0.0
2026-07-03 12:30:00+05:30,275.5,275.5,274.85,274.85,54.0
2026-07-03 12:35:00+05:30,274.85,274.85,274.7,274.7,58.0
2026-07-03 12:40:00+05:30,274.7,274.7,274.7,274.7,0.0
2026-07-03 12:45:00+05:30,274.7,274.85,274.7,274.85,1.0
2026-07-03 12:50:00+05:30,274.25,274.25,274.25,274.25,17.0
2026-07-03 12:55:00+05:30,274.3,274.3,274.3,274.3,145.0
2026-07-03 13:00:00+05:30,274.3,274.3,274.2,274.2,90.0
2026-07-03 13:05:00+05:30,274.25,274.25,274.25,274.25,120.0
2026-07-03 13:10:00+05:30,274.9,274.9,274.4,274.4,72.0
2026-07-03 13:15:00+05:30,274.4,274.4,274.4,274.4,0.0
2026-07-03 13:20:00+05:30,274.4,274.4,274.2,274.2,25.0
2026-07-03 13:25:00+05:30,274.2,275.0,274.2,274.4,151.0
2026-07-03 13:30:00+05:30,274.4,275.45,274.2,275.05,269.0
2026-07-03 13:35:00+05:30,275.65,275.65,274.55,274.85,691.0
2026-07-03 13:40:00+05:30,274.85,275.4,274.75,274.75,189.0
2026-07-03 13:45:00+05:30,274.75,274.75,274.75,274.75,0.0
2026-07-03 13:50:00+05:30,274.5,274.5,274.3,274.3,151.0
2026-07-03 13:55:00+05:30,274.3,274.3,274.3,274.3,0.0
2026-07-03 14:00:00+05:30,274.5,274.5,274.0,274.0,988.0
2026-07-03 14:05:00+05:30,274.0,274.9,274.0,274.0,860.0
2026-07-03 14:10:00+05:30,274.0,275.15,274.0,274.85,437.0
2026-07-03 14:15:00+05:30,274.85,274.85,274.85,274.85,10.0
2026-07-03 14:20:00+05:30,274.35,274.35,274.1,274.1,101.0
2026-07-03 14:25:00+05:30,274.1,274.5,274.1,274.15,73.0
2026-07-03 14:30:00+05:30,274.15,274.15,274.0,274.0,200.0
2026-07-03 14:35:00+05:30,274.0,274.0,274.0,274.0,650.0
2026-07-03 14:40:00+05:30,274.0,274.5,274.0,274.5,1.0
2026-07-03 14:45:00+05:30,274.5,274.5,274.0,274.0,161.0
2026-07-03 14:50:00+05:30,274.0,274.55,274.0,274.55,861.0
2026-07-03 14:55:00+05:30,274.55,274.55,274.0,274.35,1046.0
2026-07-03 15:00:00+05:30,274.0,274.4,274.0,274.4,701.0
2026-07-03 15:05:00+05:30,274.5,274.5,274.05,274.05,46.0
2026-07-03 15:10:00+05:30,274.05,274.45,274.05,274.45,156.0
2026-07-03 15:15:00+05:30,274.05,274.1,272.35,273.8,2642.0
2026-07-03 15:20:00+05:30,273.2,273.25,272.0,272.2,1133.0
2026-07-03 15:25:00+05:30,272.95,273.25,272.0,273.25,5470.0
2026-07-06 09:15:00+05:30,273.0,295.95,273.0,295.4,39090.0
2026-07-06 09:20:00+05:30,296.0,300.0,293.0,297.5,63143.0
2026-07-06 09:25:00+05:30,297.55,298.35,295.0,296.5,28158.0
2026-07-06 09:30:00+05:30,295.7,304.85,295.7,300.0,84402.0
2026-07-06 09:35:00+05:30,300.6,300.85,296.0,296.1,34401.0
2026-07-06 09:40:00+05:30,296.2,297.0,292.2,294.05,21129.0
2026-07-06 09:45:00+05:30,294.9,296.3,293.0,294.15,12988.0
2026-07-06 09:50:00+05:30,294.15,296.65,293.0,296.05,13599.0
2026-07-06 09:55:00+05:30,296.65,302.85,296.65,298.9,40269.0
2026-07-06 10:00:00+05:30,298.55,298.9,293.0,295.2,21215.0
2026-07-06 10:05:00+05:30,295.2,295.8,294.4,295.8,2758.0
2026-07-06 10:10:00+05:30,295.0,295.95,294.55,295.1,1306.0
2026-07-06 10:15:00+05:30,295.5,298.15,295.5,297.5,6482.0
2026-07-06 10:20:00+05:30,297.9,299.9,295.75,296.8,10012.0
2026-07-06 10:25:00+05:30,297.1,297.1,294.6,294.65,2025.0
2026-07-06 10:30:00+05:30,294.65,295.25,291.7,293.3,9136.0
2026-07-06 10:35:00+05:30,292.9,294.9,292.3,294.9,3526.0
2026-07-06 10:40:00+05:30,295.4,297.25,292.6,295.55,8843.0
2026-07-06 10:45:00+05:30,295.55,296.8,293.6,293.6,2592.0
2026-07-06 10:50:00+05:30,293.9,295.35,292.3,293.45,1075.0
2026-07-06 10:55:00+05:30,293.95,294.55,293.0,294.55,1326.0
2026-07-06 11:00:00+05:30,294.05,294.05,290.0,291.45,8267.0
2026-07-06 11:05:00+05:30,290.55,291.35,286.9,290.5,20448.0
2026-07-06 11:10:00+05:30,290.25,294.0,290.0,292.0,9373.0
2026-07-06 11:15:00+05:30,292.0,292.95,290.6,290.7,11740.0
2026-07-06 11:20:00+05:30,290.6,290.9,289.6,289.85,903.0
2026-07-06 11:25:00+05:30,290.15,291.3,290.0,291.3,671.0
2026-07-06 11:30:00+05:30,290.55,290.7,290.5,290.55,214.0
2026-07-06 11:35:00+05:30,290.65,291.3,290.55,291.15,441.0
2026-07-06 11:40:00+05:30,291.15,291.3,290.65,290.65,183.0
2026-07-06 11:45:00+05:30,290.65,291.3,290.5,291.25,1254.0
2026-07-06 11:50:00+05:30,291.1,291.1,290.0,290.1,986.0
2026-07-06 11:55:00+05:30,290.05,291.4,290.0,291.4,1968.0
2026-07-06 12:00:00+05:30,291.4,291.4,290.2,290.2,202.0
2026-07-06 12:05:00+05:30,290.15,290.4,290.0,290.2,901.0
2026-07-06 12:10:00+05:30,290.2,291.2,290.2,291.2,5371.0
2026-07-06 12:15:00+05:30,290.75,291.4,290.5,290.55,2033.0
2026-07-06 12:20:00+05:30,291.4,291.4,290.45,290.7,7972.0
2026-07-06 12:25:00+05:30,291.25,292.8,290.85,292.75,15895.0
2026-07-06 12:30:00+05:30,292.8,293.9,292.35,292.95,2350.0
2026-07-06 12:35:00+05:30,292.5,292.95,291.0,292.5,1375.0
2026-07-06 12:40:00+05:30,290.8,292.85,290.8,291.55,789.0
2026-07-06 12:45:00+05:30,292.1,292.45,291.55,292.35,354.0
2026-07-06 12:50:00+05:30,292.45,292.45,292.25,292.3,278.0
2026-07-06 12:55:00+05:30,292.6,293.9,292.6,293.9,779.0
2026-07-06 13:00:00+05:30,293.75,293.75,292.05,292.5,668.0
2026-07-06 13:05:00+05:30,292.5,292.85,292.5,292.55,10.0
2026-07-06 13:10:00+05:30,292.55,293.5,292.55,293.05,525.0
2026-07-06 13:15:00+05:30,293.05,294.35,293.05,294.15,876.0
2026-07-06 13:20:00+05:30,294.3,294.3,292.6,292.75,4451.0
2026-07-06 13:25:00+05:30,292.95,293.0,292.55,293.0,110.0
2026-07-06 13:30:00+05:30,293.65,293.65,292.85,292.85,47.0
2026-07-06 13:35:00+05:30,293.45,293.45,292.55,292.7,561.0
2026-07-06 13:40:00+05:30,293.65,294.15,292.65,293.05,652.0
2026-07-06 13:45:00+05:30,293.05,293.05,292.7,292.7,363.0
2026-07-06 13:50:00+05:30,292.7,294.4,292.7,293.45,782.0
2026-07-06 13:55:00+05:30,293.7,294.45,293.25,293.25,1604.0
2026-07-06 14:00:00+05:30,293.25,293.45,292.0,292.65,1001.0
2026-07-06 14:05:00+05:30,292.6,293.4,292.0,292.0,441.0
2026-07-06 14:10:00+05:30,292.0,292.3,290.85,291.85,828.0
2026-07-06 14:15:00+05:30,291.9,292.0,291.45,291.7,132.0
2026-07-06 14:20:00+05:30,291.7,292.15,291.55,291.55,98.0
2026-07-06 14:25:00+05:30,292.15,292.3,290.0,290.4,5185.0
2026-07-06 14:30:00+05:30,290.15,290.7,290.15,290.3,369.0
2026-07-06 14:35:00+05:30,290.7,291.65,290.2,290.9,1657.0
2026-07-06 14:40:00+05:30,290.9,290.9,290.0,290.05,1011.0
2026-07-06 14:45:00+05:30,290.4,290.55,290.0,290.55,827.0
2026-07-06 14:50:00+05:30,290.8,290.8,289.4,289.45,6819.0
2026-07-06 14:55:00+05:30,289.65,290.45,288.5,288.95,1633.0
2026-07-06 15:00:00+05:30,288.95,290.0,288.15,290.0,5539.0
2026-07-06 15:05:00+05:30,289.6,290.75,289.6,289.75,2008.0
2026-07-06 15:10:00+05:30,289.85,291.0,288.65,290.45,9336.0
2026-07-06 15:15:00+05:30,290.65,290.95,290.3,290.45,4310.0
2026-07-06 15:20:00+05:30,290.35,300.45,289.0,300.05,39069.0
2026-07-06 15:25:00+05:30,300.1,301.55,296.0,299.5,23305.0
2026-07-07 09:15:00+05:30,297.0,301.95,294.5,294.5,10913.0
2026-07-07 09:20:00+05:30,293.45,294.3,291.7,292.0,834.0
2026-07-07 09:25:00+05:30,292.0,292.55,290.15,292.5,7806.0
2026-07-07 09:30:00+05:30,292.45,292.9,291.05,291.35,1114.0
2026-07-07 09:35:00+05:30,290.8,291.95,290.8,291.3,415.0
2026-07-07 09:40:00+05:30,291.25,291.7,291.25,291.35,211.0
2026-07-07 09:45:00+05:30,291.25,291.8,291.0,291.8,505.0
2026-07-07 09:50:00+05:30,291.8,291.8,290.8,291.7,925.0
2026-07-07 09:55:00+05:30,290.35,291.0,290.0,290.95,1756.0
2026-07-07 10:00:00+05:30,290.95,290.95,290.1,290.3,604.0
2026-07-07 10:05:00+05:30,290.75,294.6,290.3,293.6,2093.0
2026-07-07 10:10:00+05:30,293.6,294.4,292.45,294.4,719.0
2026-07-07 10:15:00+05:30,294.4,294.6,292.65,292.75,791.0
2026-07-07 10:20:00+05:30,294.95,295.0,293.0,294.8,1769.0
2026-07-07 10:25:00+05:30,295.2,295.2,294.0,294.0,1186.0
2026-07-07 10:30:00+05:30,294.0,294.0,291.6,291.6,536.0
2026-07-07 10:35:00+05:30,292.4,292.4,292.4,292.4,93.0
2026-07-07 10:40:00+05:30,292.4,292.4,292.4,292.4,0.0
2026-07-07 10:45:00+05:30,292.4,295.35,292.4,293.9,1724.0
2026-07-07 10:50:00+05:30,293.95,293.95,293.25,293.25,40.0
2026-07-07 10:55:00+05:30,293.25,293.25,293.2,293.2,100.0
2026-07-07 11:00:00+05:30,293.2,293.2,293.0,293.0,75.0
2026-07-07 11:05:00+05:30,292.8,293.0,292.8,292.8,137.0
2026-07-07 11:10:00+05:30,292.35,292.35,292.1,292.1,80.0
2026-07-07 11:15:00+05:30,292.1,292.1,291.95,291.95,25.0
2026-07-07 11:20:00+05:30,292.65,294.0,292.65,292.85,1504.0
2026-07-07 11:25:00+05:30,292.85,293.0,291.55,291.55,503.0
2026-07-07 11:30:00+05:30,291.55,291.55,291.55,291.55,100.0
2026-07-07 11:35:00+05:30,291.55,293.75,291.55,293.75,153.0
2026-07-07 11:40:00+05:30,293.1,294.5,293.1,294.5,320.0
2026-07-07 11:45:00+05:30,294.45,294.5,294.45,294.5,317.0
2026-07-07 11:50:00+05:30,294.45,294.45,293.1,293.1,308.0
2026-07-07 11:55:00+05:30,293.1,293.1,291.85,291.85,2.0
2026-07-07 12:00:00+05:30,291.85,291.85,291.6,291.6,100.0
2026-07-07 12:05:00+05:30,291.6,292.25,291.6,292.25,50.0
2026-07-07 12:10:00+05:30,292.25,292.25,291.75,291.75,124.0
2026-07-07 12:15:00+05:30,291.75,291.85,291.75,291.75,146.0
2026-07-07 12:20:00+05:30,291.75,291.75,291.75,291.75,55.0
2026-07-07 12:25:00+05:30,291.75,291.85,291.75,291.85,5.0
2026-07-07 12:30:00+05:30,291.85,291.85,291.75,291.75,722.0
2026-07-07 12:35:00+05:30,291.75,293.2,291.75,292.15,364.0
2026-07-07 12:40:00+05:30,292.15,292.2,292.15,292.2,16.0
2026-07-07 12:45:00+05:30,291.9,291.9,291.8,291.8,200.0
2026-07-07 12:50:00+05:30,291.8,291.85,291.8,291.85,106.0
2026-07-07 12:55:00+05:30,291.85,291.85,291.85,291.85,0.0
2026-07-07 13:00:00+05:30,292.0,292.0,291.75,291.75,625.0
2026-07-07 13:05:00+05:30,291.75,291.75,291.45,291.45,120.0
2026-07-07 13:10:00+05:30,291.45,291.45,291.0,291.0,186.0
2026-07-07 13:15:00+05:30,291.0,291.0,290.85,290.95,23.0
2026-07-07 13:20:00+05:30,290.8,290.8,290.7,290.7,63.0
2026-07-07 13:25:00+05:30,290.7,292.0,290.4,291.95,2691.0
2026-07-07 13:30:00+05:30,292.0,292.0,292.0,292.0,257.0
2026-07-07 13:35:00+05:30,292.0,292.0,292.0,292.0,175.0
2026-07-07 13:40:00+05:30,292.0,292.0,292.0,292.0,50.0
2026-07-07 13:45:00+05:30,292.0,292.0,292.0,292.0,0.0
2026-07-07 13:50:00+05:30,292.0,292.6,292.0,292.6,78.0
2026-07-07 13:55:00+05:30,292.6,292.8,292.4,292.4,158.0
2026-07-07 14:00:00+05:30,292.4,292.4,292.4,292.4,50.0
2026-07-07 14:05:00+05:30,292.4,292.55,292.4,292.55,9.0
2026-07-07 14:10:00+05:30,292.55,292.55,292.55,292.55,100.0
2026-07-07 14:15:00+05:30,292.55,292.55,292.55,292.55,0.0
2026-07-07 14:20:00+05:30,292.55,292.9,292.55,292.55,652.0
2026-07-07 14:25:00+05:30,292.55,292.55,292.0,292.0,579.0
2026-07-07 14:30:00+05:30,292.0,292.0,291.15,291.65,24.0
2026-07-07 14:35:00+05:30,291.65,291.7,291.65,291.7,69.0
2026-07-07 14:40:00+05:30,291.7,292.35,291.7,292.35,639.0
2026-07-07 14:45:00+05:30,292.4,292.4,292.4,292.4,2.0
2026-07-07 14:50:00+05:30,292.4,292.4,292.4,292.4,0.0
2026-07-07 14:55:00+05:30,292.8,292.85,292.75,292.75,36.0
2026-07-07 15:00:00+05:30,292.4,293.2,292.4,293.2,1943.0
2026-07-07 15:05:00+05:30,294.0,295.3,293.35,293.65,3766.0
2026-07-07 15:10:00+05:30,293.25,293.65,293.25,293.3,805.0
2026-07-07 15:15:00+05:30,293.4,293.65,290.55,292.75,2549.0
2026-07-07 15:20:00+05:30,291.6,293.2,290.15,291.5,2675.0
2026-07-07 15:25:00+05:30,291.5,293.65,291.0,293.6,4608.0
2026-07-08 09:15:00+05:30,290.0,290.0,283.8,285.05,7468.0
2026-07-08 09:20:00+05:30,285.2,287.25,285.0,286.95,2577.0
2026-07-08 09:25:00+05:30,286.25,286.25,281.3,284.6,7003.0
2026-07-08 09:30:00+05:30,285.3,285.45,285.0,285.45,910.0
2026-07-08 09:35:00+05:30,285.45,286.2,285.45,286.2,5750.0
2026-07-08 09:40:00+05:30,286.45,288.3,286.0,288.2,6007.0
2026-07-08 09:45:00+05:30,288.2,288.4,287.5,287.5,57.0
2026-07-08 09:50:00+05:30,287.0,288.4,287.0,288.0,1642.0
2026-07-08 09:55:00+05:30,287.3,288.3,287.3,287.8,401.0
2026-07-08 10:00:00+05:30,287.8,288.3,287.8,288.3,104.0
2026-07-08 10:05:00+05:30,288.3,292.7,288.05,292.0,3644.0
2026-07-08 10:10:00+05:30,292.05,295.7,292.0,294.5,4793.0
2026-07-08 10:15:00+05:30,294.15,294.15,291.5,292.95,1099.0
2026-07-08 10:20:00+05:30,292.95,292.95,291.7,291.95,146.0
2026-07-08 10:25:00+05:30,291.4,291.4,290.95,290.95,13.0
2026-07-08 10:30:00+05:30,291.1,291.85,291.1,291.85,44.0
2026-07-08 10:35:00+05:30,292.6,293.5,290.35,290.35,2785.0
2026-07-08 10:40:00+05:30,290.65,290.75,290.65,290.65,45.0
2026-07-08 10:45:00+05:30,289.3,290.45,289.3,290.0,350.0
2026-07-08 10:50:00+05:30,290.7,290.95,289.8,290.6,191.0
2026-07-08 10:55:00+05:30,290.25,290.6,289.65,290.6,726.0
2026-07-08 11:00:00+05:30,290.6,290.6,289.6,289.6,171.0
2026-07-08 11:05:00+05:30,289.65,289.7,289.0,289.0,1413.0
2026-07-08 11:10:00+05:30,289.2,289.95,289.1,289.15,334.0
2026-07-08 11:15:00+05:30,289.15,289.45,289.15,289.45,78.0
2026-07-08 11:20:00+05:30,289.45,289.45,289.45,289.45,0.0
2026-07-08 11:25:00+05:30,289.45,290.4,289.45,290.4,59.0
2026-07-08 11:30:00+05:30,289.75,290.2,289.2,289.45,172.0
2026-07-08 11:35:00+05:30,288.85,288.85,288.35,288.4,220.0
2026-07-08 11:40:00+05:30,289.05,289.05,288.0,288.4,164.0
2026-07-08 11:45:00+05:30,288.4,288.8,288.4,288.8,8.0
2026-07-08 11:50:00+05:30,288.8,288.8,287.3,288.0,702.0
2026-07-08 11:55:00+05:30,288.15,288.15,288.15,288.15,1.0
2026-07-08 12:00:00+05:30,288.15,288.3,288.15,288.3,65.0
2026-07-08 12:05:00+05:30,288.3,288.3,287.75,287.75,165.0
2026-07-08 12:10:00+05:30,287.75,287.75,287.75,287.75,0.0
2026-07-08 12:15:00+05:30,287.55,287.55,287.55,287.55,16.0
2026-07-08 12:20:00+05:30,287.55,287.55,287.55,287.55,0.0
2026-07-08 12:25:00+05:30,287.55,287.55,287.55,287.55,0.0
2026-07-08 12:30:00+05:30,287.55,287.55,287.0,287.05,502.0
2026-07-08 12:35:00+05:30,287.05,287.05,287.05,287.05,37.0
2026-07-08 12:40:00+05:30,287.0,287.1,287.0,287.1,423.0
2026-07-08 12:45:00+05:30,287.1,287.8,287.05,287.8,360.0
2026-07-08 12:50:00+05:30,287.8,289.7,287.8,289.7,793.0
2026-07-08 12:55:00+05:30,289.5,289.5,289.35,289.35,81.0
2026-07-08 13:00:00+05:30,289.35,289.95,289.35,289.95,221.0
2026-07-08 13:05:00+05:30,289.2,289.2,289.15,289.15,29.0
2026-07-08 13:10:00+05:30,289.15,293.0,288.8,290.4,4364.0
2026-07-08 13:15:00+05:30,290.4,290.4,290.4,290.4,0.0
2026-07-08 13:20:00+05:30,290.85,292.55,290.85,292.55,323.0
2026-07-08 13:25:00+05:30,292.55,292.55,292.0,292.0,370.0
2026-07-08 13:30:00+05:30,292.0,292.0,291.8,291.8,10.0
2026-07-08 13:35:00+05:30,291.8,291.8,291.25,291.25,19.0
2026-07-08 13:40:00+05:30,291.25,291.25,291.15,291.15,304.0
2026-07-08 13:45:00+05:30,290.1,291.45,290.0,291.45,1574.0
2026-07-08 13:50:00+05:30,290.95,290.95,288.6,288.6,359.0
2026-07-08 13:55:00+05:30,288.6,289.0,286.35,286.65,1311.0
2026-07-08 14:00:00+05:30,286.15,286.15,283.05,285.05,5700.0
2026-07-08 14:05:00+05:30,285.95,285.95,283.85,284.55,1213.0
2026-07-08 14:10:00+05:30,283.9,284.9,281.45,282.5,8985.0
2026-07-08 14:15:00+05:30,282.5,282.5,281.85,282.1,172.0
2026-07-08 14:20:00+05:30,281.3,283.15,281.15,282.65,1479.0
2026-07-08 14:25:00+05:30,283.0,283.15,281.0,281.7,1342.0
2026-07-08 14:30:00+05:30,281.65,282.35,281.0,281.7,2862.0
2026-07-08 14:35:00+05:30,281.8,281.85,280.2,280.2,874.0
2026-07-08 14:40:00+05:30,280.85,280.85,279.0,279.1,1621.0
2026-07-08 14:45:00+05:30,279.2,279.75,278.95,279.0,1374.0
2026-07-08 14:50:00+05:30,279.6,279.95,277.0,279.8,4902.0
2026-07-08 14:55:00+05:30,279.35,279.8,277.3,278.2,765.0
2026-07-08 15:00:00+05:30,278.8,281.35,277.9,281.25,1725.0
2026-07-08 15:05:00+05:30,280.35,281.0,279.55,279.9,1765.0
2026-07-08 15:10:00+05:30,279.95,281.0,279.75,281.0,4932.0
2026-07-08 15:15:00+05:30,281.15,281.85,281.0,281.35,385.0
2026-07-08 15:20:00+05:30,281.35,281.6,281.0,281.0,1931.0
2026-07-08 15:25:00+05:30,281.0,282.0,280.0,281.0,1912.0
2026-07-09 09:15:00+05:30,281.0,286.4,281.0,283.1,6030.0
2026-07-09 09:20:00+05:30,284.5,284.95,283.5,283.85,947.0
2026-07-09 09:25:00+05:30,284.0,285.0,284.0,284.65,1048.0
2026-07-09 09:30:00+05:30,284.65,284.65,284.65,284.65,0.0
2026-07-09 09:35:00+05:30,284.65,284.65,283.05,283.05,221.0
2026-07-09 09:40:00+05:30,281.95,283.9,281.95,283.9,1511.0
2026-07-09 09:45:00+05:30,283.7,283.7,283.7,283.7,24.0
2026-07-09 09:50:00+05:30,283.7,284.9,283.65,283.65,277.0
2026-07-09 09:55:00+05:30,283.2,283.2,281.75,282.5,245.0
2026-07-09 10:00:00+05:30,282.5,287.95,282.5,287.35,3224.0
2026-07-09 10:05:00+05:30,286.1,291.45,285.7,289.05,9228.0
2026-07-09 10:10:00+05:30,288.4,289.5,288.0,288.0,1440.0
2026-07-09 10:15:00+05:30,288.0,288.0,287.05,287.2,88.0
2026-07-09 10:20:00+05:30,287.2,287.6,287.2,287.6,92.0
2026-07-09 10:25:00+05:30,287.0,287.9,287.0,287.1,214.0
2026-07-09 10:30:00+05:30,287.1,287.85,285.5,285.55,1333.0
2026-07-09 10:35:00+05:30,285.55,285.55,284.6,284.7,400.0
2026-07-09 10:40:00+05:30,284.7,286.9,284.7,286.85,133.0
2026-07-09 10:45:00+05:30,286.35,286.35,286.35,286.35,9.0
2026-07-09 10:50:00+05:30,285.9,286.3,285.9,286.3,612.0
2026-07-09 10:55:00+05:30,286.3,286.65,286.3,286.65,547.0
2026-07-09 11:00:00+05:30,285.85,286.05,285.3,285.3,232.0
2026-07-09 11:05:00+05:30,285.25,285.9,285.25,285.9,5.0
2026-07-09 11:10:00+05:30,285.15,285.15,285.15,285.15,5.0
2026-07-09 11:15:00+05:30,285.15,285.9,285.15,285.8,24.0
2026-07-09 11:20:00+05:30,285.8,285.8,285.8,285.8,0.0
2026-07-09 11:25:00+05:30,285.8,285.8,285.8,285.8,281.0
2026-07-09 11:30:00+05:30,285.8,285.8,285.8,285.8,0.0
2026-07-09 11:35:00+05:30,285.8,286.8,285.8,286.8,21.0
2026-07-09 11:40:00+05:30,286.8,291.35,286.8,290.25,6852.0
2026-07-09 11:45:00+05:30,290.25,291.45,289.4,291.45,2122.0
2026-07-09 11:50:00+05:30,291.45,295.0,291.45,293.75,6105.0
2026-07-09 11:55:00+05:30,293.75,293.75,292.4,293.2,3480.0
2026-07-09 12:00:00+05:30,293.55,293.55,293.0,293.0,54.0
2026-07-09 12:05:00+05:30,293.0,293.0,293.0,293.0,215.0
2026-07-09 12:10:00+05:30,292.4,294.0,292.4,293.4,1077.0
2026-07-09 12:15:00+05:30,293.5,293.5,292.65,292.65,399.0
2026-07-09 12:20:00+05:30,292.8,294.25,292.55,293.75,371.0
2026-07-09 12:25:00+05:30,294.7,299.4,294.7,298.5,12117.0
2026-07-09 12:30:00+05:30,299.0,300.0,297.3,297.3,13408.0
2026-07-09 12:35:00+05:30,299.1,299.1,295.0,295.85,3780.0
2026-07-09 12:40:00+05:30,295.6,298.25,295.5,297.15,4457.0
2026-07-09 12:45:00+05:30,297.0,298.85,295.0,295.0,2566.0
2026-07-09 12:50:00+05:30,295.2,297.9,295.2,296.8,599.0
2026-07-09 12:55:00+05:30,296.55,298.95,296.15,297.9,1125.0
2026-07-09 13:00:00+05:30,297.8,298.15,297.8,297.9,125.0
2026-07-09 13:05:00+05:30,297.8,299.5,295.4,296.3,6240.0
2026-07-09 13:10:00+05:30,296.3,297.55,295.95,297.55,365.0
2026-07-09 13:15:00+05:30,297.55,297.55,297.15,297.15,50.0
2026-07-09 13:20:00+05:30,296.3,296.3,295.55,295.55,519.0
2026-07-09 13:25:00+05:30,295.55,295.55,295.55,295.55,0.0
2026-07-09 13:30:00+05:30,295.55,296.7,295.55,295.75,501.0
2026-07-09 13:35:00+05:30,295.9,296.95,295.1,296.95,744.0
2026-07-09 13:40:00+05:30,296.0,297.2,296.0,296.55,702.0
2026-07-09 13:45:00+05:30,296.55,296.55,295.05,296.15,1694.0
2026-07-09 13:50:00+05:30,296.15,296.15,295.4,296.15,1013.0
2026-07-09 13:55:00+05:30,295.65,296.5,295.65,295.85,147.0
2026-07-09 14:00:00+05:30,295.85,296.4,295.85,296.4,2.0
2026-07-09 14:05:00+05:30,296.4,296.4,295.95,295.95,24.0
2026-07-09 14:10:00+05:30,296.0,296.95,295.9,296.1,281.0
2026-07-09 14:15:00+05:30,296.2,296.45,296.2,296.45,609.0
2026-07-09 14:20:00+05:30,296.45,296.45,296.15,296.2,6.0
2026-07-09 14:25:00+05:30,296.2,296.2,295.05,295.55,59.0
2026-07-09 14:30:00+05:30,295.55,295.8,295.4,295.8,45.0
2026-07-09 14:35:00+05:30,295.8,295.85,295.8,295.85,20.0
2026-07-09 14:40:00+05:30,295.5,296.1,295.5,295.65,270.0
2026-07-09 14:45:00+05:30,295.5,295.55,294.55,294.55,685.0
2026-07-09 14:50:00+05:30,294.95,294.95,293.75,294.2,906.0
2026-07-09 14:55:00+05:30,294.25,294.85,294.25,294.85,266.0
2026-07-09 15:00:00+05:30,294.0,294.25,294.0,294.25,300.0
2026-07-09 15:05:00+05:30,294.05,294.05,293.95,293.95,920.0
2026-07-09 15:10:00+05:30,294.4,295.15,294.4,294.7,600.0
2026-07-09 15:15:00+05:30,294.55,295.5,294.55,295.35,969.0
2026-07-09 15:20:00+05:30,295.35,296.95,295.35,296.1,1771.0
2026-07-09 15:25:00+05:30,296.5,297.0,295.0,295.0,2275.0
2026-07-10 09:15:00+05:30,295.65,299.2,295.65,296.4,3863.0
2026-07-10 09:20:00+05:30,296.3,299.5,296.3,298.85,1633.0
2026-07-10 09:25:00+05:30,298.65,298.65,297.75,297.75,331.0
2026-07-10 09:30:00+05:30,297.75,298.0,297.0,298.0,376.0
2026-07-10 09:35:00+05:30,298.0,298.5,297.6,297.6,171.0
2026-07-10 09:40:00+05:30,297.6,297.6,297.2,297.2,2.0
2026-07-10 09:45:00+05:30,297.2,297.2,297.0,297.0,527.0
2026-07-10 09:50:00+05:30,296.4,296.9,296.3,296.3,2191.0
2026-07-10 09:55:00+05:30,296.3,296.95,296.3,296.95,2215.0
2026-07-10 10:00:00+05:30,296.35,298.0,296.35,298.0,997.0
2026-07-10 10:05:00+05:30,298.0,298.0,297.65,297.65,100.0
2026-07-10 10:10:00+05:30,297.8,297.8,297.0,297.0,268.0
2026-07-10 10:15:00+05:30,297.0,297.0,296.1,296.5,1031.0
2026-07-10 10:20:00+05:30,296.5,296.65,296.5,296.6,713.0
2026-07-10 10:25:00+05:30,297.15,297.15,296.55,296.6,310.0
2026-07-10 10:30:00+05:30,296.6,296.6,296.6,296.6,45.0
2026-07-10 10:35:00+05:30,296.6,297.2,296.6,297.2,38.0
2026-07-10 10:40:00+05:30,297.2,297.6,296.95,297.6,422.0
2026-07-10 10:45:00+05:30,296.95,297.0,296.65,297.0,48.0
2026-07-10 10:50:00+05:30,297.0,297.3,296.15,297.3,399.0
2026-07-10 10:55:00+05:30,297.3,297.3,297.3,297.3,0.0
2026-07-10 11:00:00+05:30,297.3,297.3,297.0,297.0,623.0
2026-07-10 11:05:00+05:30,297.0,297.0,296.0,296.0,518.0
2026-07-10 11:10:00+05:30,296.0,296.1,296.0,296.05,211.0
2026-07-10 11:15:00+05:30,296.55,296.55,296.3,296.3,21.0
2026-07-10 11:20:00+05:30,296.3,296.3,296.3,296.3,0.0
2026-07-10 11:25:00+05:30,296.3,296.85,296.3,296.85,55.0
2026-07-10 11:30:00+05:30,296.85,296.85,296.2,296.3,80.0
2026-07-10 11:35:00+05:30,296.4,296.95,296.4,296.95,170.0
2026-07-10 11:40:00+05:30,296.95,296.95,296.6,296.6,10.0
2026-07-10 11:45:00+05:30,296.6,296.6,296.4,296.4,6.0
2026-07-10 11:50:00+05:30,296.4,296.4,296.1,296.35,340.0
2026-07-10 11:55:00+05:30,296.35,296.35,296.1,296.1,99.0
2026-07-10 12:00:00+05:30,296.1,296.2,296.05,296.05,67.0
2026-07-10 12:05:00+05:30,296.2,296.7,296.05,296.05,241.0
2026-07-10 12:10:00+05:30,296.05,296.05,296.0,296.0,177.0
2026-07-10 12:15:00+05:30,296.0,296.75,296.0,296.75,150.0
2026-07-10 12:20:00+05:30,296.75,296.75,296.75,296.75,0.0
2026-07-10 12:25:00+05:30,296.75,296.75,296.75,296.75,0.0
2026-07-10 12:30:00+05:30,295.7,295.7,295.0,295.0,2253.0
2026-07-10 12:35:00+05:30,295.0,295.0,295.0,295.0,457.0
2026-07-10 12:40:00+05:30,295.0,295.0,295.0,295.0,0.0
2026-07-10 12:45:00+05:30,295.0,295.0,295.0,295.0,0.0
2026-07-10 12:50:00+05:30,295.0,295.0,295.0,295.0,0.0
2026-07-10 12:55:00+05:30,295.0,295.0,295.0,295.0,200.0
2026-07-10 13:00:00+05:30,295.0,295.0,295.0,295.0,0.0
2026-07-10 13:05:00+05:30,295.0,295.0,295.0,295.0,421.0
2026-07-10 13:10:00+05:30,295.0,295.4,295.0,295.4,6.0
2026-07-10 13:15:00+05:30,295.4,295.4,294.6,294.75,743.0
2026-07-10 13:20:00+05:30,294.6,294.6,294.6,294.6,233.0
2026-07-10 13:25:00+05:30,294.6,295.35,294.6,295.35,1186.0
2026-07-10 13:30:00+05:30,295.35,295.35,295.35,295.35,0.0
2026-07-10 13:35:00+05:30,295.35,295.35,295.35,295.35,100.0
2026-07-10 13:40:00+05:30,295.35,296.0,295.35,296.0,2370.0
2026-07-10 13:45:00+05:30,296.5,296.95,296.5,296.95,91.0
2026-07-10 13:50:00+05:30,296.5,296.95,296.5,296.95,8.0
2026-07-10 13:55:00+05:30,296.5,296.95,296.5,296.95,121.0
2026-07-10 14:00:00+05:30,296.95,297.0,296.95,297.0,50.0
2026-07-10 14:05:00+05:30,296.5,297.0,296.5,297.0,207.0
2026-07-10 14:10:00+05:30,297.0,297.0,295.45,295.45,1453.0
2026-07-10 14:15:00+05:30,295.45,295.45,295.4,295.4,28.0
2026-07-10 14:20:00+05:30,295.4,295.5,295.4,295.45,230.0
2026-07-10 14:25:00+05:30,295.5,295.5,295.0,295.0,615.0
2026-07-10 14:30:00+05:30,294.6,294.6,294.6,294.6,782.0
2026-07-10 14:35:00+05:30,294.8,294.8,294.8,294.8,3.0
2026-07-10 14:40:00+05:30,294.6,294.6,293.5,293.85,477.0
2026-07-10 14:45:00+05:30,293.85,293.95,292.6,293.95,275.0
2026-07-10 14:50:00+05:30,293.6,293.6,292.1,292.6,344.0
2026-07-10 14:55:00+05:30,292.6,293.4,292.6,292.65,137.0
2026-07-10 15:00:00+05:30,293.4,293.55,293.4,293.55,77.0
2026-07-10 15:05:00+05:30,293.3,294.45,292.65,292.9,761.0
2026-07-10 15:10:00+05:30,292.6,295.25,292.6,294.2,2616.0
2026-07-10 15:15:00+05:30,295.5,295.55,293.9,295.55,1176.0
2026-07-10 15:20:00+05:30,295.65,295.65,293.85,294.0,803.0
2026-07-10 15:25:00+05:30,294.0,295.0,290.35,293.95,1622.0
2026-07-13 09:15:00+05:30,292.7,297.85,285.0,297.75,4641.0
2026-07-13 09:20:00+05:30,297.0,305.0,297.0,304.4,13770.0
2026-07-13 09:25:00+05:30,304.4,305.0,303.05,303.4,6915.0
2026-07-13 09:30:00+05:30,304.0,304.0,300.05,301.7,1314.0
2026-07-13 09:35:00+05:30,301.7,301.7,299.7,300.0,965.0
2026-07-13 09:40:00+05:30,299.55,300.2,299.2,300.2,578.0
2026-07-13 09:45:00+05:30,301.0,302.7,301.0,302.6,1721.0
2026-07-13 09:50:00+05:30,302.6,303.05,301.5,302.25,1237.0
2026-07-13 09:55:00+05:30,302.25,302.25,301.35,302.05,127.0
2026-07-13 10:00:00+05:30,302.05,302.05,300.6,301.55,170.0
2026-07-13 10:05:00+05:30,301.15,301.7,301.15,301.45,46.0
2026-07-13 10:10:00+05:30,301.45,301.9,301.0,301.0,210.0
2026-07-13 10:15:00+05:30,301.4,301.4,300.65,301.2,363.0
2026-07-13 10:20:00+05:30,301.2,307.05,301.2,307.0,13636.0
2026-07-13 10:25:00+05:30,306.8,307.0,305.3,305.75,3046.0
2026-07-13 10:30:00+05:30,305.75,306.85,305.25,305.3,672.0
2026-07-13 10:35:00+05:30,305.25,305.25,303.65,304.2,587.0
2026-07-13 10:40:00+05:30,304.35,304.85,303.85,304.8,668.0
2026-07-13 10:45:00+05:30,304.8,305.4,304.05,305.4,1516.0
2026-07-13 10:50:00+05:30,305.9,306.9,305.6,305.6,1158.0
2026-07-13 10:55:00+05:30,305.0,305.55,304.3,305.3,2729.0
2026-07-13 11:00:00+05:30,304.7,304.95,304.7,304.95,531.0
2026-07-13 11:05:00+05:30,303.8,305.9,302.8,305.0,2137.0
2026-07-13 11:10:00+05:30,305.0,309.4,304.6,309.0,10614.0
2026-07-13 11:15:00+05:30,310.3,317.85,310.0,315.55,44103.0
2026-07-13 11:20:00+05:30,316.0,316.0,312.7,313.7,5252.0
2026-07-13 11:25:00+05:30,313.7,321.0,312.0,319.0,31684.0
2026-07-13 11:30:00+05:30,319.95,320.0,318.0,318.95,13266.0
2026-07-13 11:35:00+05:30,318.55,321.9,318.25,319.0,24695.0
2026-07-13 11:40:00+05:30,319.8,320.0,318.4,318.8,6440.0
2026-07-13 11:45:00+05:30,318.6,319.0,317.05,317.6,9388.0
2026-07-13 11:50:00+05:30,317.95,322.0,317.4,320.95,18993.0
2026-07-13 11:55:00+05:30,320.9,326.5,320.6,324.8,59121.0
2026-07-13 12:00:00+05:30,325.55,326.6,322.15,324.5,33486.0
2026-07-13 12:05:00+05:30,325.0,326.8,323.55,324.15,25647.0
2026-07-13 12:10:00+05:30,323.35,325.4,322.0,322.0,20160.0
2026-07-13 12:15:00+05:30,322.2,322.9,318.85,319.95,17247.0
2026-07-13 12:20:00+05:30,319.55,319.6,314.6,314.6,23543.0
2026-07-13 12:25:00+05:30,314.95,318.5,314.9,317.3,8137.0
2026-07-13 12:30:00+05:30,316.6,317.2,315.45,316.6,3782.0
2026-07-13 12:35:00+05:30,316.65,320.0,316.0,319.85,14121.0
2026-07-13 12:40:00+05:30,318.95,320.15,315.45,318.75,6742.0
2026-07-13 12:45:00+05:30,319.0,319.0,316.85,316.85,3454.0
2026-07-13 12:50:00+05:30,316.85,318.0,316.2,318.0,1929.0
2026-07-13 12:55:00+05:30,318.0,319.0,318.0,319.0,2108.0
2026-07-13 13:00:00+05:30,319.0,319.15,318.0,318.35,2903.0
2026-07-13 13:05:00+05:30,318.55,318.75,315.1,315.7,4852.0
2026-07-13 13:10:00+05:30,316.25,316.25,315.25,315.4,2578.0
2026-07-13 13:15:00+05:30,316.1,316.1,312.35,314.5,18028.0
2026-07-13 13:20:00+05:30,313.8,315.8,313.4,314.0,902.0
2026-07-13 13:25:00+05:30,313.45,314.5,313.0,313.8,2414.0
2026-07-13 13:30:00+05:30,314.1,314.1,313.05,314.0,2429.0
2026-07-13 13:35:00+05:30,313.95,314.4,313.2,313.6,871.0
2026-07-13 13:40:00+05:30,313.6,316.2,313.6,314.3,1160.0
2026-07-13 13:45:00+05:30,314.1,314.25,313.3,314.25,1411.0
2026-07-13 13:50:00+05:30,313.95,314.5,313.35,314.0,1712.0
2026-07-13 13:55:00+05:30,314.0,315.3,314.0,315.25,730.0
2026-07-13 14:00:00+05:30,315.25,316.6,315.0,315.65,4005.0
2026-07-13 14:05:00+05:30,315.75,317.65,315.7,315.8,1472.0
2026-07-13 14:10:00+05:30,316.75,317.65,316.3,316.9,2149.0
2026-07-13 14:15:00+05:30,316.9,316.9,313.3,313.3,1597.0
2026-07-13 14:20:00+05:30,313.7,313.7,312.15,312.15,2244.0
2026-07-13 14:25:00+05:30,312.15,313.1,312.0,313.1,2283.0
2026-07-13 14:30:00+05:30,312.6,315.0,312.3,312.85,10184.0
2026-07-13 14:35:00+05:30,312.55,316.45,312.25,314.45,3027.0
2026-07-13 14:40:00+05:30,314.35,314.35,312.0,313.4,4647.0
2026-07-13 14:45:00+05:30,313.4,314.45,312.55,313.2,682.0
2026-07-13 14:50:00+05:30,313.15,314.15,313.15,314.15,348.0
2026-07-13 14:55:00+05:30,314.15,315.0,313.95,314.55,2120.0
2026-07-13 15:00:00+05:30,314.3,316.5,314.25,316.5,6658.0
2026-07-13 15:05:00+05:30,316.5,316.5,314.25,316.45,4634.0
2026-07-13 15:10:00+05:30,315.3,316.45,314.1,314.85,3278.0
2026-07-13 15:15:00+05:30,314.95,315.8,314.15,315.2,4054.0
2026-07-13 15:20:00+05:30,316.4,317.25,315.5,316.2,9091.0
2026-07-13 15:25:00+05:30,316.05,317.95,314.8,317.95,9789.0
2026-07-14 09:15:00+05:30,315.1,317.0,312.95,314.45,3237.0
2026-07-14 09:20:00+05:30,314.85,315.8,312.5,315.8,2123.0
2026-07-14 09:25:00+05:30,314.7,315.7,313.6,314.7,654.0
2026-07-14 09:30:00+05:30,315.1,315.9,315.1,315.1,372.0
2026-07-14 09:35:00+05:30,315.1,315.65,314.2,314.2,840.0
2026-07-14 09:40:00+05:30,314.2,314.3,312.65,312.65,739.0
2026-07-14 09:45:00+05:30,312.6,313.55,309.45,313.25,4783.0
2026-07-14 09:50:00+05:30,313.25,313.25,310.2,310.5,653.0
2026-07-14 09:55:00+05:30,310.5,311.45,308.85,308.9,1596.0
2026-07-14 10:00:00+05:30,308.85,309.6,308.35,308.9,315.0
2026-07-14 10:05:00+05:30,308.9,309.9,308.4,309.2,1698.0
2026-07-14 10:10:00+05:30,309.2,309.85,309.0,309.85,1870.0
2026-07-14 10:15:00+05:30,309.85,310.2,309.6,310.0,1648.0
2026-07-14 10:20:00+05:30,310.45,311.95,310.45,311.8,1356.0
2026-07-14 10:25:00+05:30,311.8,311.8,309.65,309.65,2235.0
2026-07-14 10:30:00+05:30,308.5,310.15,306.0,309.45,5238.0
2026-07-14 10:35:00+05:30,309.45,310.4,309.2,310.4,1093.0
2026-07-14 10:40:00+05:30,310.4,310.4,309.25,309.25,65.0
2026-07-14 10:45:00+05:30,309.3,310.05,309.2,309.25,330.0
2026-07-14 10:50:00+05:30,309.25,309.25,308.55,308.55,65.0
2026-07-14 10:55:00+05:30,308.55,309.3,308.55,309.25,234.0
2026-07-14 11:00:00+05:30,309.25,309.25,308.6,308.75,2074.0
2026-07-14 11:05:00+05:30,309.3,309.3,308.7,308.7,25.0
2026-07-14 11:10:00+05:30,308.6,308.6,307.0,307.0,138.0
2026-07-14 11:15:00+05:30,307.0,307.65,307.0,307.65,105.0
2026-07-14 11:20:00+05:30,307.65,310.05,307.65,310.05,1580.0
2026-07-14 11:25:00+05:30,310.05,310.05,309.45,309.45,480.0
2026-07-14 11:30:00+05:30,310.25,312.0,310.25,312.0,2064.0
2026-07-14 11:35:00+05:30,312.0,312.0,311.0,312.0,700.0
2026-07-14 11:40:00+05:30,312.1,314.7,312.1,314.7,3907.0
2026-07-14 11:45:00+05:30,314.7,319.0,314.1,318.95,6656.0
2026-07-14 11:50:00+05:30,318.0,325.3,317.0,324.35,26710.0
2026-07-14 11:55:00+05:30,324.95,330.0,324.95,329.9,22091.0
2026-07-14 12:00:00+05:30,328.0,340.0,326.8,337.35,76240.0
2026-07-14 12:05:00+05:30,337.4,337.4,332.0,332.65,56282.0
2026-07-14 12:10:00+05:30,331.45,333.0,328.35,332.0,41420.0
2026-07-14 12:15:00+05:30,332.0,332.2,329.05,329.95,14918.0
2026-07-14 12:20:00+05:30,331.2,336.95,331.2,335.95,32080.0
2026-07-14 12:25:00+05:30,335.4,336.3,333.0,333.4,15422.0
2026-07-14 12:30:00+05:30,333.4,334.25,331.95,331.95,18368.0
2026-07-14 12:35:00+05:30,332.6,332.75,330.0,332.05,9204.0
2026-07-14 12:40:00+05:30,332.3,332.3,327.55,329.3,13600.0
2026-07-14 12:45:00+05:30,329.35,330.1,328.1,328.7,7972.0
2026-07-14 12:50:00+05:30,327.8,328.8,325.2,326.4,14517.0
2026-07-14 12:55:00+05:30,327.1,328.4,326.75,326.85,3624.0
2026-07-14 13:00:00+05:30,326.85,326.85,324.6,325.55,16059.0
2026-07-14 13:05:00+05:30,325.0,326.85,325.0,325.95,3474.0
2026-07-14 13:10:00+05:30,325.9,326.9,325.5,326.25,2003.0
2026-07-14 13:15:00+05:30,326.0,326.7,325.5,326.7,1456.0
2026-07-14 13:20:00+05:30,326.95,326.95,322.15,324.25,4471.0
2026-07-14 13:25:00+05:30,323.8,324.9,323.8,324.1,1032.0
2026-07-14 13:30:00+05:30,324.1,324.65,323.8,323.8,962.0
2026-07-14 13:35:00+05:30,323.5,324.05,320.8,321.4,6846.0
2026-07-14 13:40:00+05:30,321.35,322.45,320.3,322.0,3237.0
2026-07-14 13:45:00+05:30,321.25,323.0,321.25,322.7,2776.0
2026-07-14 13:50:00+05:30,322.7,323.45,322.5,322.7,1204.0
2026-07-14 13:55:00+05:30,322.7,322.7,322.7,322.7,69.0
2026-07-14 14:00:00+05:30,322.05,322.05,320.4,320.6,1201.0
2026-07-14 14:05:00+05:30,320.3,323.45,320.3,323.4,1198.0
2026-07-14 14:10:00+05:30,322.25,323.9,322.25,323.8,568.0
2026-07-14 14:15:00+05:30,324.05,324.45,323.0,323.65,1157.0
2026-07-14 14:20:00+05:30,323.65,324.4,323.65,324.35,1222.0
2026-07-14 14:25:00+05:30,324.1,324.95,323.65,324.95,3214.0
2026-07-14 14:30:00+05:30,325.5,326.35,324.55,324.55,1409.0
2026-07-14 14:35:00+05:30,325.1,325.35,323.65,324.0,487.0
2026-07-14 14:40:00+05:30,324.0,324.6,323.3,323.3,265.0
2026-07-14 14:45:00+05:30,323.6,323.6,323.1,323.6,135.0
2026-07-14 14:50:00+05:30,324.2,324.45,323.6,323.6,193.0
2026-07-14 14:55:00+05:30,323.3,324.45,323.3,324.0,463.0
2026-07-14 15:00:00+05:30,324.0,324.0,322.0,322.0,1479.0
2026-07-14 15:05:00+05:30,321.0,321.55,320.05,321.5,2135.0
2026-07-14 15:10:00+05:30,321.6,321.75,315.8,319.0,15313.0
2026-07-14 15:15:00+05:30,318.8,319.4,317.5,319.4,5739.0
2026-07-14 15:20:00+05:30,319.3,319.35,315.4,315.5,9169.0
2026-07-14 15:25:00+05:30,315.85,318.65,315.15,318.65,8743.0
2026-07-15 09:15:00+05:30,319.7,323.4,318.7,322.3,9556.0
2026-07-15 09:20:00+05:30,322.9,324.9,322.5,324.75,12618.0
2026-07-15 09:25:00+05:30,325.0,325.15,323.0,324.6,2315.0
2026-07-15 09:30:00+05:30,323.8,325.1,322.85,324.05,2333.0
2026-07-15 09:35:00+05:30,325.4,327.55,323.85,327.35,10569.0
2026-07-15 09:40:00+05:30,327.0,327.9,324.15,326.6,4443.0
2026-07-15 09:45:00+05:30,327.9,328.9,326.35,328.4,7890.0
2026-07-15 09:50:00+05:30,327.45,330.0,327.45,329.35,5731.0
2026-07-15 09:55:00+05:30,328.5,329.85,325.1,326.5,10735.0
2026-07-15 10:00:00+05:30,326.65,327.35,325.25,326.7,6699.0
2026-07-15 10:05:00+05:30,325.4,326.0,325.4,326.0,1159.0
2026-07-15 10:10:00+05:30,325.5,326.0,324.75,325.3,2268.0
2026-07-15 10:15:00+05:30,325.25,326.1,324.8,325.5,837.0
2026-07-15 10:20:00+05:30,325.5,325.5,323.3,324.15,1155.0
2026-07-15 10:25:00+05:30,324.15,324.3,323.55,323.55,1667.0
2026-07-15 10:30:00+05:30,323.8,323.8,323.15,323.15,1096.0
2026-07-15 10:35:00+05:30,323.55,323.95,323.0,323.95,1105.0
2026-07-15 10:40:00+05:30,323.4,324.25,323.0,323.05,1073.0
2026-07-15 10:45:00+05:30,323.0,323.35,322.0,322.7,622.0
2026-07-15 10:50:00+05:30,322.7,322.7,321.95,322.4,1333.0
2026-07-15 10:55:00+05:30,322.4,322.4,321.8,322.05,57.0
2026-07-15 11:00:00+05:30,322.05,322.2,322.0,322.1,1060.0
2026-07-15 11:05:00+05:30,322.1,322.15,321.6,321.9,2160.0
2026-07-15 11:10:00+05:30,321.4,321.45,321.0,321.25,763.0
2026-07-15 11:15:00+05:30,321.25,321.25,319.65,320.0,1464.0
2026-07-15 11:20:00+05:30,320.0,320.4,319.65,320.4,93.0
2026-07-15 11:25:00+05:30,320.0,320.4,318.6,319.15,392.0
2026-07-15 11:30:00+05:30,319.05,319.15,316.3,316.45,2379.0
2026-07-15 11:35:00+05:30,316.45,318.0,316.45,318.0,363.0
2026-07-15 11:40:00+05:30,318.0,318.95,317.7,317.7,618.0
2026-07-15 11:45:00+05:30,317.7,318.25,317.7,318.1,28.0
2026-07-15 11:50:00+05:30,316.95,316.95,315.95,315.95,1468.0
2026-07-15 11:55:00+05:30,315.95,317.15,315.95,317.15,136.0
2026-07-15 12:00:00+05:30,317.15,318.4,317.05,318.4,879.0
2026-07-15 12:05:00+05:30,318.2,319.45,318.2,319.35,2878.0
2026-07-15 12:10:00+05:30,319.35,319.35,318.9,318.9,198.0
2026-07-15 12:15:00+05:30,318.9,318.9,318.75,318.75,11.0
2026-07-15 12:20:00+05:30,318.75,319.45,318.75,319.45,89.0
2026-07-15 12:25:00+05:30,319.45,319.45,318.3,318.3,65.0
2026-07-15 12:30:00+05:30,318.3,318.3,318.3,318.3,0.0
2026-07-15 12:35:00+05:30,318.3,318.3,318.1,318.1,153.0
2026-07-15 12:40:00+05:30,320.5,320.5,319.0,319.45,1282.0
2026-07-15 12:45:00+05:30,321.3,322.5,321.3,322.45,2264.0
2026-07-15 12:50:00+05:30,322.5,322.5,321.3,321.3,1604.0
2026-07-15 12:55:00+05:30,321.3,321.6,320.4,320.85,350.0
2026-07-15 13:00:00+05:30,320.85,321.55,320.85,321.55,472.0
2026-07-15 13:05:00+05:30,321.55,321.55,321.55,321.55,0.0
2026-07-15 13:10:00+05:30,321.55,321.55,321.05,321.5,1251.0
2026-07-15 13:15:00+05:30,321.5,322.0,321.5,322.0,62.0
2026-07-15 13:20:00+05:30,322.4,322.4,321.5,321.5,100.0
2026-07-15 13:25:00+05:30,321.5,321.5,321.25,321.4,109.0
2026-07-15 13:30:00+05:30,321.4,323.45,321.4,322.65,434.0
2026-07-15 13:35:00+05:30,322.95,323.0,322.95,323.0,3.0
2026-07-15 13:40:00+05:30,323.0,323.9,323.0,323.0,117.0
2026-07-15 13:45:00+05:30,321.85,322.1,321.85,322.05,985.0
2026-07-15 13:50:00+05:30,322.05,323.35,322.05,322.2,131.0
2026-07-15 13:55:00+05:30,322.2,323.5,322.2,323.5,113.0
2026-07-15 14:00:00+05:30,323.6,323.8,323.1,323.1,64.0
2026-07-15 14:05:00+05:30,322.85,323.5,322.85,323.25,772.0
2026-07-15 14:10:00+05:30,323.25,323.4,323.2,323.4,80.0
2026-07-15 14:15:00+05:30,323.4,323.9,323.4,323.9,129.0
2026-07-15 14:20:00+05:30,324.2,324.8,323.8,323.95,876.0
2026-07-15 14:25:00+05:30,324.0,324.0,324.0,324.0,55.0
2026-07-15 14:30:00+05:30,323.4,324.0,323.2,324.0,791.0
2026-07-15 14:35:00+05:30,324.0,324.0,323.3,323.4,34.0
2026-07-15 14:40:00+05:30,323.2,324.0,323.2,324.0,552.0
2026-07-15 14:45:00+05:30,324.0,324.0,323.55,323.55,506.0
2026-07-15 14:50:00+05:30,323.15,324.75,323.0,323.85,1845.0
2026-07-15 14:55:00+05:30,323.5,323.6,322.4,322.45,3668.0
2026-07-15 15:00:00+05:30,322.45,324.75,322.25,324.75,4625.0
2026-07-15 15:05:00+05:30,324.4,325.0,324.4,324.75,856.0
2026-07-15 15:10:00+05:30,324.75,324.75,324.4,324.5,721.0
2026-07-15 15:15:00+05:30,324.5,325.0,323.85,324.35,4441.0
2026-07-15 15:20:00+05:30,323.95,324.5,323.5,324.4,1947.0
2026-07-15 15:25:00+05:30,324.35,324.45,322.0,322.0,3208.0
2026-07-16 09:15:00+05:30,324.0,330.0,323.95,325.7,8977.0
2026-07-16 09:20:00+05:30,325.6,328.0,325.6,327.0,2658.0
2026-07-16 09:25:00+05:30,326.6,327.0,323.05,323.05,2541.0
2026-07-16 09:30:00+05:30,323.1,326.1,323.1,326.1,1155.0
2026-07-16 09:35:00+05:30,326.1,326.1,325.0,325.5,413.0
2026-07-16 09:40:00+05:30,325.0,326.55,325.0,326.55,698.0
2026-07-16 09:45:00+05:30,326.0,327.0,326.0,327.0,616.0
2026-07-16 09:50:00+05:30,327.0,328.5,327.0,328.0,920.0
2026-07-16 09:55:00+05:30,328.0,329.0,327.9,327.9,2146.0
2026-07-16 10:00:00+05:30,327.9,327.9,325.9,325.9,956.0
2026-07-16 10:05:00+05:30,325.9,325.9,323.0,323.0,2391.0
2026-07-16 10:10:00+05:30,323.0,324.65,323.0,324.0,272.0
2026-07-16 10:15:00+05:30,324.0,324.9,324.0,324.9,143.0
2026-07-16 10:20:00+05:30,325.0,325.0,322.7,322.7,1003.0
2026-07-16 10:25:00+05:30,322.8,322.8,321.35,322.35,398.0
2026-07-16 10:30:00+05:30,322.0,322.4,322.0,322.0,888.0
2026-07-16 10:35:00+05:30,322.0,322.6,322.0,322.6,336.0
2026-07-16 10:40:00+05:30,320.0,322.8,320.0,321.75,4025.0
2026-07-16 10:45:00+05:30,321.5,321.6,321.0,321.25,154.0
2026-07-16 10:50:00+05:30,321.0,321.0,321.0,321.0,540.0
2026-07-16 10:55:00+05:30,321.0,321.0,317.3,319.35,3108.0
2026-07-16 11:00:00+05:30,319.35,320.0,319.35,320.0,378.0
2026-07-16 11:05:00+05:30,320.5,320.85,320.0,320.85,717.0
2026-07-16 11:10:00+05:30,320.85,321.7,320.85,321.7,213.0
2026-07-16 11:15:00+05:30,321.7,321.7,320.6,320.6,200.0
2026-07-16 11:20:00+05:30,320.6,321.2,320.6,321.2,81.0
2026-07-16 11:25:00+05:30,321.2,321.2,320.05,320.05,561.0
2026-07-16 11:30:00+05:30,320.05,320.7,320.05,320.7,64.0
2026-07-16 11:35:00+05:30,320.7,320.7,320.05,320.05,445.0
2026-07-16 11:40:00+05:30,320.05,320.05,320.05,320.05,0.0
2026-07-16 11:45:00+05:30,320.5,320.5,320.5,320.5,445.0
2026-07-16 11:50:00+05:30,320.5,320.5,320.5,320.5,20.0
2026-07-16 11:55:00+05:30,323.0,329.4,322.25,328.95,8676.0
2026-07-16 12:00:00+05:30,326.6,328.5,325.8,325.95,2211.0
2026-07-16 12:05:00+05:30,325.95,326.65,325.3,326.65,334.0
2026-07-16 12:10:00+05:30,326.9,326.9,326.15,326.85,440.0
2026-07-16 12:15:00+05:30,326.85,326.85,326.35,326.4,7.0
2026-07-16 12:20:00+05:30,326.4,326.4,326.15,326.15,295.0
2026-07-16 12:25:00+05:30,325.35,326.15,325.35,326.15,502.0
2026-07-16 12:30:00+05:30,326.15,327.0,325.3,325.55,901.0
2026-07-16 12:35:00+05:30,325.55,325.55,325.55,325.55,11.0
2026-07-16 12:40:00+05:30,325.55,325.55,325.0,325.05,138.0
2026-07-16 12:45:00+05:30,325.05,325.1,325.05,325.1,34.0
2026-07-16 12:50:00+05:30,325.0,325.0,325.0,325.0,100.0
2026-07-16 12:55:00+05:30,325.0,325.0,325.0,325.0,81.0
2026-07-16 13:00:00+05:30,325.0,325.5,325.0,325.5,21.0
2026-07-16 13:05:00+05:30,325.5,325.55,325.5,325.55,64.0
2026-07-16 13:10:00+05:30,325.55,325.55,325.2,325.2,125.0
2026-07-16 13:15:00+05:30,325.2,326.15,325.0,326.1,581.0
2026-07-16 13:20:00+05:30,326.1,326.1,325.4,325.4,260.0
2026-07-16 13:25:00+05:30,325.4,325.4,325.4,325.4,0.0
2026-07-16 13:30:00+05:30,325.4,325.4,325.0,325.0,389.0
2026-07-16 13:35:00+05:30,325.0,325.05,325.0,325.05,6.0
2026-07-16 13:40:00+05:30,325.05,325.05,325.0,325.0,530.0
2026-07-16 13:45:00+05:30,325.0,325.0,325.0,325.0,126.0
2026-07-16 13:50:00+05:30,325.0,325.0,325.0,325.0,9.0
2026-07-16 13:55:00+05:30,324.85,325.0,324.85,324.85,460.0
2026-07-16 14:00:00+05:30,325.0,325.0,324.85,324.85,175.0
2026-07-16 14:05:00+05:30,325.0,325.0,325.0,325.0,61.0
2026-07-16 14:10:00+05:30,325.0,325.75,325.0,325.55,1078.0
2026-07-16 14:15:00+05:30,325.55,325.75,325.55,325.75,347.0
2026-07-16 14:20:00+05:30,325.75,325.75,325.75,325.75,13.0
2026-07-16 14:25:00+05:30,325.75,325.75,325.75,325.75,0.0
2026-07-16 14:30:00+05:30,325.75,326.45,325.55,326.45,675.0
2026-07-16 14:35:00+05:30,326.45,326.45,325.55,325.6,101.0
2026-07-16 14:40:00+05:30,325.6,325.6,325.6,325.6,0.0
2026-07-16 14:45:00+05:30,326.0,327.0,326.0,327.0,470.0
2026-07-16 14:50:00+05:30,327.0,327.0,325.4,325.85,125.0
2026-07-16 14:55:00+05:30,325.85,325.85,325.3,325.3,188.0
2026-07-16 15:00:00+05:30,325.3,325.3,325.0,325.0,61.0
2026-07-16 15:05:00+05:30,324.85,327.5,324.05,327.5,3173.0
2026-07-16 15:10:00+05:30,327.5,332.2,327.5,331.25,10888.0
2026-07-16 15:15:00+05:30,331.45,331.8,330.0,330.85,3467.0
2026-07-16 15:20:00+05:30,331.0,332.0,330.0,330.8,5049.0
2026-07-16 15:25:00+05:30,331.3,332.85,330.0,332.0,10762.0
2026-07-17 09:15:00+05:30,334.25,334.25,325.15,326.0,4140.0
2026-07-17 09:20:00+05:30,324.6,325.0,322.5,323.0,4031.0
2026-07-17 09:25:00+05:30,323.0,323.65,321.8,323.4,2096.0
2026-07-17 09:30:00+05:30,323.5,325.0,322.6,325.0,883.0
2026-07-17 09:35:00+05:30,325.7,325.7,324.0,324.2,1514.0
2026-07-17 09:40:00+05:30,324.2,325.15,324.2,324.3,589.0
2026-07-17 09:45:00+05:30,324.3,324.35,324.0,324.0,1284.0
2026-07-17 09:50:00+05:30,324.0,324.0,322.55,322.6,184.0
2026-07-17 09:55:00+05:30,321.8,327.15,321.8,327.15,3532.0
2026-07-17 10:00:00+05:30,327.0,327.15,325.0,327.1,733.0
2026-07-17 10:05:00+05:30,327.1,328.6,325.55,327.4,2425.0
2026-07-17 10:10:00+05:30,326.0,330.7,325.85,329.4,3832.0
2026-07-17 10:15:00+05:30,329.4,336.85,329.0,335.6,19930.0
2026-07-17 10:20:00+05:30,335.0,337.85,334.8,336.5,6847.0
2026-07-17 10:25:00+05:30,336.0,339.0,336.0,339.0,11973.0
2026-07-17 10:30:00+05:30,339.0,339.0,336.7,338.3,6928.0
2026-07-17 10:35:00+05:30,337.85,343.65,337.85,342.0,22766.0
2026-07-17 10:40:00+05:30,342.0,342.0,338.0,339.1,11815.0
2026-07-17 10:45:00+05:30,339.3,339.65,334.1,334.45,4456.0
2026-07-17 10:50:00+05:30,334.4,334.4,331.55,332.3,5112.0
2026-07-17 10:55:00+05:30,333.35,334.0,332.45,332.5,1736.0
2026-07-17 11:00:00+05:30,332.5,335.45,331.1,331.1,6576.0
2026-07-17 11:05:00+05:30,331.1,331.7,330.6,330.6,553.0
2026-07-17 11:10:00+05:30,330.5,330.75,327.25,328.7,5993.0
2026-07-17 11:15:00+05:30,328.7,329.45,326.1,328.0,8418.0
2026-07-17 11:20:00+05:30,327.75,328.0,326.0,326.65,1956.0
2026-07-17 11:25:00+05:30,326.85,327.0,325.8,326.0,214.0
2026-07-17 11:30:00+05:30,326.0,326.0,325.0,325.0,698.0
2026-07-17 11:35:00+05:30,326.0,326.2,325.25,326.15,724.0
2026-07-17 11:40:00+05:30,325.6,326.0,325.3,325.3,514.0
2026-07-17 11:45:00+05:30,324.9,324.9,324.0,324.3,1368.0
2026-07-17 11:50:00+05:30,325.45,325.9,324.95,325.9,307.0
2026-07-17 11:55:00+05:30,325.85,326.7,325.8,326.7,798.0
2026-07-17 12:00:00+05:30,326.7,326.7,325.05,325.05,2001.0
2026-07-17 12:05:00+05:30,325.05,325.05,324.35,324.35,683.0
2026-07-17 12:10:00+05:30,324.35,325.8,324.35,325.8,101.0
2026-07-17 12:15:00+05:30,325.8,326.25,325.4,326.25,120.0
2026-07-17 12:20:00+05:30,326.25,326.4,325.8,325.8,240.0
2026-07-17 12:25:00+05:30,325.35,327.1,325.35,327.1,1721.0
2026-07-17 12:30:00+05:30,326.8,328.25,326.8,327.95,1544.0
2026-07-17 12:35:00+05:30,328.6,328.6,327.5,327.5,1741.0
2026-07-17 12:40:00+05:30,327.45,328.0,327.0,328.0,563.0
2026-07-17 12:45:00+05:30,327.65,328.25,327.3,327.3,630.0
2026-07-17 12:50:00+05:30,327.05,327.05,325.8,326.4,566.0
2026-07-17 12:55:00+05:30,325.8,325.8,325.8,325.8,300.0
2026-07-17 13:00:00+05:30,325.8,326.95,325.8,326.95,1029.0
2026-07-17 13:05:00+05:30,326.95,326.95,326.7,326.95,189.0
2026-07-17 13:10:00+05:30,327.3,327.45,326.6,326.6,382.0
2026-07-17 13:15:00+05:30,326.6,326.8,326.6,326.8,503.0
2026-07-17 13:20:00+05:30,326.8,326.8,325.8,325.8,98.0
2026-07-17 13:25:00+05:30,324.8,325.05,324.4,325.05,507.0
2026-07-17 13:30:00+05:30,325.5,326.0,325.5,325.85,204.0
2026-07-17 13:35:00+05:30,325.35,325.55,324.55,325.0,440.0
2026-07-17 13:40:00+05:30,324.95,326.0,324.95,326.0,201.0
2026-07-17 13:45:00+05:30,326.0,326.0,324.0,324.6,1004.0
2026-07-17 13:50:00+05:30,325.0,325.0,323.05,323.05,1631.0
2026-07-17 13:55:00+05:30,323.05,323.95,323.05,323.85,50.0
2026-07-17 14:00:00+05:30,323.8,323.8,323.8,323.8,65.0
2026-07-17 14:05:00+05:30,323.8,324.9,323.6,324.85,880.0
2026-07-17 14:10:00+05:30,324.85,324.85,324.75,324.75,15.0
2026-07-17 14:15:00+05:30,324.6,325.75,324.6,325.0,157.0
2026-07-17 14:20:00+05:30,324.45,324.45,322.35,322.35,4440.0
2026-07-17 14:25:00+05:30,323.0,323.0,322.4,322.75,149.0
2026-07-17 14:30:00+05:30,321.8,323.55,321.8,323.55,1318.0
2026-07-17 14:35:00+05:30,323.05,323.05,322.45,322.75,82.0
2026-07-17 14:40:00+05:30,322.0,323.35,322.0,323.2,620.0
2026-07-17 14:45:00+05:30,323.25,323.25,322.7,322.8,106.0
2026-07-17 14:50:00+05:30,322.8,323.5,322.8,323.0,134.0
2026-07-17 14:55:00+05:30,323.0,324.2,323.0,324.2,121.0
2026-07-17 15:00:00+05:30,323.75,323.75,323.6,323.6,154.0
2026-07-17 15:05:00+05:30,324.45,327.2,324.2,327.1,1481.0
2026-07-17 15:10:00+05:30,327.35,331.0,327.15,331.0,8823.0
2026-07-17 15:15:00+05:30,332.1,332.95,330.6,330.6,3473.0
2026-07-17 15:20:00+05:30,330.95,333.05,330.95,331.75,6008.0
2026-07-17 15:25:00+05:30,331.9,332.25,328.05,328.1,4348.0
2026-07-20 09:15:00+05:30,332.0,332.0,329.5,329.5,3948.0
2026-07-20 09:20:00+05:30,329.5,331.05,329.3,330.1,867.0
2026-07-20 09:25:00+05:30,330.0,330.0,327.7,327.95,1003.0
2026-07-20 09:30:00+05:30,327.1,328.95,327.1,327.8,719.0
2026-07-20 09:35:00+05:30,327.8,332.0,327.8,332.0,1393.0
2026-07-20 09:40:00+05:30,332.35,338.95,332.35,338.95,8199.0
2026-07-20 09:45:00+05:30,339.45,340.0,336.9,339.65,6481.0
2026-07-20 09:50:00+05:30,338.9,340.0,337.55,339.65,3115.0
2026-07-20 09:55:00+05:30,338.55,339.3,337.6,339.2,2810.0
2026-07-20 10:00:00+05:30,339.2,339.2,337.0,338.0,2621.0
2026-07-20 10:05:00+05:30,338.0,338.4,337.05,338.4,1458.0
2026-07-20 10:10:00+05:30,337.55,339.0,337.55,339.0,1012.0
2026-07-20 10:15:00+05:30,339.0,341.0,338.65,339.75,3749.0
2026-07-20 10:20:00+05:30,339.3,340.0,339.0,339.1,3250.0
2026-07-20 10:25:00+05:30,339.75,340.0,339.0,339.8,1236.0
2026-07-20 10:30:00+05:30,339.3,344.6,338.75,341.0,8757.0
2026-07-20 10:35:00+05:30,341.85,342.05,340.5,341.25,1832.0
2026-07-20 10:40:00+05:30,340.8,341.0,338.3,339.2,2551.0
2026-07-20 10:45:00+05:30,338.25,339.45,337.55,339.0,2900.0
2026-07-20 10:50:00+05:30,338.95,350.4,338.95,348.95,48959.0
2026-07-20 10:55:00+05:30,348.0,348.0,343.45,344.0,16275.0
2026-07-20 11:00:00+05:30,344.0,344.95,341.6,344.95,6471.0
2026-07-20 11:05:00+05:30,344.3,345.55,342.85,343.9,3948.0
2026-07-20 11:10:00+05:30,344.2,346.05,343.35,344.2,1355.0
2026-07-20 11:15:00+05:30,343.55,343.55,341.85,342.5,1858.0
2026-07-20 11:20:00+05:30,342.4,343.45,342.0,342.55,808.0
2026-07-20 11:25:00+05:30,342.05,342.65,341.65,342.2,477.0
2026-07-20 11:30:00+05:30,342.2,342.95,342.0,342.55,973.0
2026-07-20 11:35:00+05:30,342.1,342.1,338.95,340.9,12872.0
2026-07-20 11:40:00+05:30,341.0,342.2,341.0,342.2,844.0
2026-07-20 11:45:00+05:30,342.2,342.2,340.75,340.9,1360.0
2026-07-20 11:50:00+05:30,341.95,341.95,340.7,341.15,715.0
2026-07-20 11:55:00+05:30,341.95,342.2,341.3,341.75,254.0
2026-07-20 12:00:00+05:30,341.8,342.2,341.7,341.8,367.0
2026-07-20 12:05:00+05:30,343.0,346.0,342.55,346.0,4203.0
2026-07-20 12:10:00+05:30,345.8,353.5,345.45,353.15,35126.0
2026-07-20 12:15:00+05:30,353.05,353.05,348.6,351.05,29699.0
2026-07-20 12:20:00+05:30,350.5,351.45,348.8,349.35,7960.0
2026-07-20 12:25:00+05:30,349.5,350.8,349.05,350.6,5238.0
2026-07-20 12:30:00+05:30,350.4,351.6,349.0,349.0,8679.0
2026-07-20 12:35:00+05:30,349.0,349.7,347.2,348.65,6540.0
2026-07-20 12:40:00+05:30,348.2,350.2,347.8,348.1,1459.0
2026-07-20 12:45:00+05:30,347.2,349.9,347.05,348.85,5164.0
2026-07-20 12:50:00+05:30,348.9,349.9,348.5,349.9,1485.0
2026-07-20 12:55:00+05:30,349.05,350.8,348.85,349.45,3426.0
2026-07-20 13:00:00+05:30,349.65,351.0,349.6,349.85,3226.0
2026-07-20 13:05:00+05:30,349.0,349.8,349.0,349.0,2101.0
2026-07-20 13:10:00+05:30,348.45,349.25,348.1,348.7,1482.0
2026-07-20 13:15:00+05:30,348.9,349.85,348.4,348.4,551.0
2026-07-20 13:20:00+05:30,348.5,350.2,348.5,349.05,1710.0
2026-07-20 13:25:00+05:30,349.0,349.65,348.8,349.0,414.0
2026-07-20 13:30:00+05:30,348.95,351.0,348.95,350.3,1685.0
2026-07-20 13:35:00+05:30,350.05,350.4,349.0,349.4,2215.0
2026-07-20 13:40:00+05:30,349.05,350.3,348.3,349.2,2722.0
2026-07-20 13:45:00+05:30,349.2,351.0,349.2,349.7,1633.0
2026-07-20 13:50:00+05:30,350.6,350.95,348.35,348.55,3192.0
2026-07-20 13:55:00+05:30,348.95,349.0,348.2,348.5,1392.0
2026-07-20 14:00:00+05:30,348.5,348.6,348.15,348.5,473.0
2026-07-20 14:05:00+05:30,348.5,350.0,348.5,349.65,212.0
2026-07-20 14:10:00+05:30,350.0,350.45,349.0,350.2,1684.0
2026-07-20 14:15:00+05:30,349.95,350.25,349.15,349.55,372.0
2026-07-20 14:20:00+05:30,349.75,350.35,349.65,350.05,907.0
2026-07-20 14:25:00+05:30,350.15,351.4,350.15,350.85,3038.0
2026-07-20 14:30:00+05:30,350.85,350.95,349.65,350.85,1165.0
2026-07-20 14:35:00+05:30,350.85,350.85,348.6,350.2,4218.0
2026-07-20 14:40:00+05:30,350.0,350.2,349.85,350.0,672.0
2026-07-20 14:45:00+05:30,350.0,350.0,348.15,348.9,3579.0
2026-07-20 14:50:00+05:30,348.6,349.0,348.55,349.0,1794.0
2026-07-20 14:55:00+05:30,350.0,354.8,349.2,354.8,9836.0
2026-07-20 15:00:00+05:30,354.65,354.75,352.0,352.7,3771.0
2026-07-20 15:05:00+05:30,352.55,352.7,351.65,352.7,3235.0
2026-07-20 15:10:00+05:30,352.6,353.1,351.45,351.75,3167.0
2026-07-20 15:15:00+05:30,351.9,351.9,348.9,349.7,11499.0
2026-07-20 15:20:00+05:30,349.9,350.9,348.65,350.5,6816.0
2026-07-20 15:25:00+05:30,350.85,355.0,350.6,354.0,11786.0
2026-07-21 09:15:00+05:30,355.45,355.95,348.9,350.15,8414.0
2026-07-21 09:20:00+05:30,350.0,354.5,348.15,354.0,7272.0
2026-07-21 09:25:00+05:30,354.15,363.8,354.0,360.2,17427.0
2026-07-21 09:30:00+05:30,361.05,361.05,357.2,358.0,7772.0
2026-07-21 09:35:00+05:30,357.9,359.0,357.05,357.05,3676.0
2026-07-21 09:40:00+05:30,356.2,356.3,355.0,355.45,3561.0
2026-07-21 09:45:00+05:30,356.2,356.3,355.45,356.2,957.0
2026-07-21 09:50:00+05:30,356.0,362.0,356.0,360.05,10866.0
2026-07-21 09:55:00+05:30,360.9,363.25,360.0,361.75,6136.0
2026-07-21 10:00:00+05:30,361.75,361.75,357.4,357.5,3955.0
2026-07-21 10:05:00+05:30,358.2,359.1,355.9,359.1,2994.0
2026-07-21 10:10:00+05:30,356.9,359.35,356.85,358.35,895.0
2026-07-21 10:15:00+05:30,357.0,358.65,356.45,357.2,541.0
2026-07-21 10:20:00+05:30,357.4,358.3,356.8,358.0,939.0
2026-07-21 10:25:00+05:30,358.0,358.0,356.05,356.3,745.0
2026-07-21 10:30:00+05:30,357.1,357.4,355.75,356.75,2016.0
2026-07-21 10:35:00+05:30,355.95,355.95,355.0,355.0,2332.0
2026-07-21 10:40:00+05:30,355.1,355.1,354.0,355.1,1114.0
2026-07-21 10:45:00+05:30,354.95,356.2,354.95,355.5,495.0
2026-07-21 10:50:00+05:30,356.7,356.9,355.1,355.1,1910.0
2026-07-21 10:55:00+05:30,355.2,355.75,354.0,354.0,632.0
2026-07-21 11:00:00+05:30,353.05,355.55,353.0,353.5,2650.0
2026-07-21 11:05:00+05:30,353.5,354.4,351.4,353.05,2835.0
2026-07-21 11:10:00+05:30,353.05,353.6,353.05,353.6,63.0
2026-07-21 11:15:00+05:30,353.95,353.95,353.25,353.7,211.0
2026-07-21 11:20:00+05:30,353.7,354.7,353.7,354.0,709.0
2026-07-21 11:25:00+05:30,354.7,355.0,354.7,355.0,272.0
2026-07-21 11:30:00+05:30,355.0,355.0,354.8,354.95,196.0
2026-07-21 11:35:00+05:30,355.0,355.0,354.0,354.0,720.0
2026-07-21 11:40:00+05:30,354.0,354.85,353.6,354.85,441.0
2026-07-21 11:45:00+05:30,354.85,356.5,354.05,356.5,1272.0
2026-07-21 11:50:00+05:30,356.5,360.0,355.25,360.0,5377.0
2026-07-21 11:55:00+05:30,358.2,359.7,358.2,359.55,526.0
2026-07-21 12:00:00+05:30,359.65,359.65,358.75,358.75,150.0
2026-07-21 12:05:00+05:30,359.5,359.5,356.05,356.05,829.0
2026-07-21 12:10:00+05:30,357.1,357.25,354.1,356.15,1761.0
2026-07-21 12:15:00+05:30,356.75,356.75,351.0,352.9,6213.0
2026-07-21 12:20:00+05:30,353.65,353.9,352.9,353.6,478.0
2026-07-21 12:25:00+05:30,353.1,354.5,353.1,354.5,392.0
2026-07-21 12:30:00+05:30,354.5,354.5,354.0,354.5,189.0
2026-07-21 12:35:00+05:30,354.0,354.35,354.0,354.0,1738.0
2026-07-21 12:40:00+05:30,354.0,356.0,354.0,356.0,2423.0
2026-07-21 12:45:00+05:30,356.2,358.1,356.2,357.05,2504.0
2026-07-21 12:50:00+05:30,357.3,357.6,355.8,355.8,511.0
2026-07-21 12:55:00+05:30,355.3,356.65,355.3,356.0,441.0
2026-07-21 13:00:00+05:30,356.6,356.75,355.5,356.75,607.0
2026-07-21 13:05:00+05:30,356.5,356.8,355.2,355.65,2027.0
2026-07-21 13:10:00+05:30,355.65,355.9,355.0,355.85,481.0
2026-07-21 13:15:00+05:30,355.85,355.85,354.6,354.6,424.0
2026-07-21 13:20:00+05:30,354.6,355.7,354.6,355.0,111.0
2026-07-21 13:25:00+05:30,355.0,356.7,355.0,356.7,179.0
2026-07-21 13:30:00+05:30,356.7,357.45,356.7,357.45,133.0
2026-07-21 13:35:00+05:30,357.45,357.5,357.45,357.5,343.0
2026-07-21 13:40:00+05:30,356.7,356.75,354.9,354.9,2167.0
2026-07-21 13:45:00+05:30,355.1,356.95,355.1,356.95,888.0
2026-07-21 13:50:00+05:30,356.95,357.9,356.95,357.5,134.0
2026-07-21 13:55:00+05:30,357.4,360.0,357.4,358.7,2938.0
2026-07-21 14:00:00+05:30,358.7,359.5,358.0,359.5,1319.0
2026-07-21 14:05:00+05:30,359.9,360.0,358.45,360.0,6825.0
2026-07-21 14:10:00+05:30,360.0,360.0,359.25,359.9,1859.0
2026-07-21 14:15:00+05:30,359.2,359.2,358.0,358.15,517.0
2026-07-21 14:20:00+05:30,358.6,358.6,358.0,358.0,502.0
2026-07-21 14:25:00+05:30,358.0,359.0,358.0,359.0,720.0
2026-07-21 14:30:00+05:30,359.0,359.0,358.55,359.0,131.0
2026-07-21 14:35:00+05:30,359.0,359.6,358.05,358.7,898.0
2026-07-21 14:40:00+05:30,358.75,359.45,358.05,358.85,946.0
2026-07-21 14:45:00+05:30,359.0,359.5,358.3,359.25,809.0
2026-07-21 14:50:00+05:30,358.65,359.4,358.65,359.3,1645.0
2026-07-21 14:55:00+05:30,359.3,359.35,358.8,358.9,1062.0
2026-07-21 15:00:00+05:30,359.0,359.9,358.85,359.7,572.0
2026-07-21 15:05:00+05:30,358.6,359.9,358.6,359.5,1192.0
2026-07-21 15:10:00+05:30,359.95,360.6,359.0,359.0,5620.0
2026-07-21 15:15:00+05:30,359.35,359.85,358.9,359.55,2064.0
2026-07-21 15:20:00+05:30,359.75,359.8,358.0,358.45,3001.0
2026-07-21 15:25:00+05:30,358.5,360.0,358.0,359.05,5858.0
2026-07-22 09:15:00+05:30,356.85,358.15,354.25,355.3,1969.0
2026-07-22 09:20:00+05:30,356.9,356.9,353.2,353.25,2398.0
2026-07-22 09:25:00+05:30,354.3,354.3,352.8,353.0,1140.0
2026-07-22 09:30:00+05:30,353.0,353.7,351.35,351.35,1306.0
2026-07-22 09:35:00+05:30,352.45,352.45,349.85,351.0,3591.0
2026-07-22 09:40:00+05:30,350.05,350.8,349.1,350.2,1711.0
2026-07-22 09:45:00+05:30,351.0,352.2,350.0,350.0,1048.0
2026-07-22 09:50:00+05:30,349.85,351.05,349.75,350.45,1157.0
2026-07-22 09:55:00+05:30,350.3,350.4,348.6,348.85,1329.0
2026-07-22 10:00:00+05:30,350.0,351.0,349.1,350.5,612.0
2026-07-22 10:05:00+05:30,351.85,352.2,351.85,352.0,326.0
2026-07-22 10:10:00+05:30,352.0,352.55,351.75,351.75,252.0
2026-07-22 10:15:00+05:30,351.7,351.7,350.2,350.25,886.0
2026-07-22 10:20:00+05:30,351.95,352.7,351.1,352.7,1168.0
2026-07-22 10:25:00+05:30,352.7,352.7,350.0,350.0,1486.0
2026-07-22 10:30:00+05:30,350.05,351.1,350.0,351.1,271.0
2026-07-22 10:35:00+05:30,352.2,355.15,352.2,353.5,4737.0
2026-07-22 10:40:00+05:30,352.75,355.1,352.75,354.05,839.0
2026-07-22 10:45:00+05:30,353.8,354.35,353.75,353.75,213.0
2026-07-22 10:50:00+05:30,353.3,356.3,353.3,354.65,1145.0
2026-07-22 10:55:00+05:30,354.65,355.2,354.05,355.2,311.0
2026-07-22 11:00:00+05:30,354.45,354.45,353.75,353.75,282.0
2026-07-22 11:05:00+05:30,353.75,354.9,353.5,354.05,335.0
2026-07-22 11:10:00+05:30,353.95,353.95,353.75,353.75,66.0
2026-07-22 11:15:00+05:30,353.15,354.7,353.15,354.7,372.0
2026-07-22 11:20:00+05:30,352.95,354.05,352.95,354.05,1645.0
2026-07-22 11:25:00+05:30,354.05,354.05,354.05,354.05,1.0
2026-07-22 11:30:00+05:30,353.5,353.5,353.5,353.5,17.0
2026-07-22 11:35:00+05:30,353.5,353.5,353.5,353.5,115.0
2026-07-22 11:40:00+05:30,353.5,353.5,352.35,352.5,132.0
2026-07-22 11:45:00+05:30,352.95,352.95,351.1,351.1,2037.0
2026-07-22 11:50:00+05:30,351.0,351.35,350.55,351.0,141.0
2026-07-22 11:55:00+05:30,351.0,351.0,350.2,350.2,321.0
2026-07-22 12:00:00+05:30,350.2,350.2,345.55,345.65,7685.0
2026-07-22 12:05:00+05:30,346.35,346.85,345.05,345.2,1858.0
2026-07-22 12:10:00+05:30,346.1,346.35,345.5,346.15,1052.0
2026-07-22 12:15:00+05:30,346.15,347.0,345.8,345.95,1482.0
2026-07-22 12:20:00+05:30,345.2,346.05,342.5,343.4,3246.0
2026-07-22 12:25:00+05:30,343.85,344.95,343.45,344.45,998.0
2026-07-22 12:30:00+05:30,343.95,345.2,342.4,343.9,3706.0
2026-07-22 12:35:00+05:30,343.9,344.3,342.4,343.75,1465.0
2026-07-22 12:40:00+05:30,343.75,344.0,343.6,343.6,625.0
2026-07-22 12:45:00+05:30,343.75,345.0,340.2,343.5,7615.0
2026-07-22 12:50:00+05:30,343.7,344.35,343.7,344.35,585.0
2026-07-22 12:55:00+05:30,344.35,344.35,341.8,343.2,5433.0
2026-07-22 13:00:00+05:30,342.75,343.2,342.0,342.0,793.0
2026-07-22 13:05:00+05:30,342.55,342.6,341.6,341.6,1348.0
2026-07-22 13:10:00+05:30,341.9,343.0,341.9,343.0,1165.0
2026-07-22 13:15:00+05:30,343.1,343.25,342.9,343.25,441.0
2026-07-22 13:20:00+05:30,342.0,342.7,342.0,342.65,687.0
2026-07-22 13:25:00+05:30,342.05,342.05,341.0,341.25,931.0
2026-07-22 13:30:00+05:30,341.5,342.15,341.5,341.9,182.0
2026-07-22 13:35:00+05:30,342.05,342.9,342.0,342.0,260.0
2026-07-22 13:40:00+05:30,342.0,342.8,341.5,341.5,228.0
2026-07-22 13:45:00+05:30,341.8,342.2,341.5,341.7,1441.0
2026-07-22 13:50:00+05:30,341.7,342.35,340.65,340.85,702.0
2026-07-22 13:55:00+05:30,340.85,342.0,340.85,341.2,3374.0
2026-07-22 14:00:00+05:30,341.0,341.7,340.5,340.75,914.0
2026-07-22 14:05:00+05:30,342.6,344.2,342.6,344.2,3770.0
2026-07-22 14:10:00+05:30,344.2,344.2,342.05,342.5,84.0
2026-07-22 14:15:00+05:30,342.5,343.95,342.35,343.75,140.0
2026-07-22 14:20:00+05:30,343.75,343.75,342.45,343.0,139.0
2026-07-22 14:25:00+05:30,344.55,344.55,342.7,342.7,309.0
2026-07-22 14:30:00+05:30,342.65,343.45,342.3,342.3,395.0
2026-07-22 14:35:00+05:30,342.3,343.95,342.3,342.55,486.0
2026-07-22 14:40:00+05:30,342.55,343.1,342.55,343.1,63.0
2026-07-22 14:45:00+05:30,343.15,343.45,343.1,343.45,48.0
2026-07-22 14:50:00+05:30,343.45,344.2,343.45,344.2,512.0
2026-07-22 14:55:00+05:30,344.3,344.3,342.55,342.55,1682.0
2026-07-22 15:00:00+05:30,342.55,342.75,342.55,342.6,526.0
2026-07-22 15:05:00+05:30,343.1,343.1,342.0,342.05,2299.0
2026-07-22 15:10:00+05:30,342.5,342.6,340.55,341.35,1888.0
2026-07-22 15:15:00+05:30,341.6,342.65,340.6,341.2,2319.0
2026-07-22 15:20:00+05:30,341.15,341.85,341.0,341.5,732.0
2026-07-22 15:25:00+05:30,341.35,341.35,339.0,339.65,6592.0
2026-07-23 09:15:00+05:30,345.0,351.95,338.2,347.85,6835.0
2026-07-23 09:20:00+05:30,347.95,348.9,346.65,346.65,1643.0
2026-07-23 09:25:00+05:30,346.95,347.15,343.85,344.8,1425.0
2026-07-23 09:30:00+05:30,344.8,346.8,344.8,346.25,441.0
2026-07-23 09:35:00+05:30,345.35,345.35,344.1,344.1,2396.0
2026-07-23 09:40:00+05:30,343.8,343.8,342.1,342.15,714.0
2026-07-23 09:45:00+05:30,342.9,343.2,341.4,341.4,715.0
2026-07-23 09:50:00+05:30,342.0,342.4,341.5,342.2,320.0
2026-07-23 09:55:00+05:30,342.2,346.6,342.2,345.55,1782.0
2026-07-23 10:00:00+05:30,346.25,348.5,346.25,348.15,1468.0
2026-07-23 10:05:00+05:30,348.15,348.15,348.15,348.15,71.0
2026-07-23 10:10:00+05:30,348.15,348.15,348.15,348.15,59.0
2026-07-23 10:15:00+05:30,348.15,348.15,346.75,346.75,35.0
2026-07-23 10:20:00+05:30,346.45,346.5,345.75,345.75,882.0
2026-07-23 10:25:00+05:30,346.4,346.4,345.6,345.6,250.0
2026-07-23 10:30:00+05:30,345.6,345.75,345.0,345.75,304.0
2026-07-23 10:35:00+05:30,345.05,345.8,345.05,345.8,203.0
2026-07-23 10:40:00+05:30,345.8,347.2,345.8,347.2,1420.0
2026-07-23 10:45:00+05:30,347.1,347.1,346.65,346.65,228.0
2026-07-23 10:50:00+05:30,346.4,347.95,346.4,347.3,910.0
2026-07-23 10:55:00+05:30,347.2,348.1,346.55,348.1,192.0
2026-07-23 11:00:00+05:30,348.0,349.65,348.0,349.65,1194.0
2026-07-23 11:05:00+05:30,350.15,351.15,350.1,350.3,1643.0
2026-07-23 11:10:00+05:30,350.4,351.15,350.1,350.25,317.0
2026-07-23 11:15:00+05:30,350.2,350.65,349.75,350.65,130.0
2026-07-23 11:20:00+05:30,350.65,350.65,349.2,349.2,180.0
2026-07-23 11:25:00+05:30,349.0,349.0,348.3,348.95,168.0
2026-07-23 11:30:00+05:30,348.3,349.25,348.3,349.25,211.0
2026-07-23 11:35:00+05:30,349.25,349.4,349.2,349.4,45.0
2026-07-23 11:40:00+05:30,349.4,349.4,348.7,348.7,80.0
2026-07-23 11:45:00+05:30,348.05,348.05,346.8,346.95,1695.0
2026-07-23 11:50:00+05:30,346.35,346.9,346.0,346.05,225.0
2026-07-23 11:55:00+05:30,346.05,346.05,346.05,346.05,0.0
2026-07-23 12:00:00+05:30,346.75,347.1,346.55,346.55,478.0
2026-07-23 12:05:00+05:30,346.55,346.55,346.5,346.5,201.0
2026-07-23 12:10:00+05:30,346.5,346.5,346.5,346.5,0.0
2026-07-23 12:15:00+05:30,346.5,346.6,346.5,346.6,304.0
2026-07-23 12:20:00+05:30,346.6,346.6,346.6,346.6,0.0
2026-07-23 12:25:00+05:30,345.6,345.6,345.6,345.6,853.0
2026-07-23 12:30:00+05:30,345.6,345.6,345.6,345.6,597.0
2026-07-23 12:35:00+05:30,345.6,345.8,345.6,345.8,25.0
2026-07-23 12:40:00+05:30,345.75,345.8,343.0,343.0,2016.0
2026-07-23 12:45:00+05:30,342.75,342.75,341.65,341.65,484.0
2026-07-23 12:50:00+05:30,341.75,341.75,341.55,341.55,137.0
2026-07-23 12:55:00+05:30,341.3,344.95,341.3,344.95,1451.0
2026-07-23 13:00:00+05:30,344.95,344.95,344.0,344.0,432.0
2026-07-23 13:05:00+05:30,344.45,344.45,343.3,343.3,285.0
2026-07-23 13:10:00+05:30,343.3,343.3,343.0,343.0,286.0
2026-07-23 13:15:00+05:30,343.0,343.25,341.3,341.85,1529.0
2026-07-23 13:20:00+05:30,341.2,342.35,341.2,342.35,76.0
2026-07-23 13:25:00+05:30,342.35,343.35,341.65,343.35,625.0
2026-07-23 13:30:00+05:30,343.1,343.1,342.05,342.05,110.0
2026-07-23 13:35:00+05:30,342.05,342.85,342.0,342.0,235.0
2026-07-23 13:40:00+05:30,342.8,343.45,342.8,343.45,142.0
2026-07-23 13:45:00+05:30,343.45,343.6,342.9,342.9,54.0
2026-07-23 13:50:00+05:30,342.9,342.9,342.9,342.9,169.0
2026-07-23 13:55:00+05:30,342.9,342.9,342.9,342.9,0.0
2026-07-23 14:00:00+05:30,342.85,342.85,342.85,342.85,30.0
2026-07-23 14:05:00+05:30,343.0,343.0,343.0,343.0,274.0
2026-07-23 14:10:00+05:30,343.0,343.0,343.0,343.0,0.0
2026-07-23 14:15:00+05:30,343.0,343.0,343.0,343.0,153.0
2026-07-23 14:20:00+05:30,342.75,343.45,342.75,343.45,273.0
2026-07-23 14:25:00+05:30,345.35,346.3,345.35,345.55,563.0
2026-07-23 14:30:00+05:30,345.55,345.75,342.5,342.5,1499.0
2026-07-23 14:35:00+05:30,344.15,344.45,343.75,344.25,230.0
2026-07-23 14:40:00+05:30,344.35,344.9,343.4,343.4,76.0
2026-07-23 14:45:00+05:30,343.4,344.85,343.4,344.85,1272.0
2026-07-23 14:50:00+05:30,344.85,344.85,344.85,344.85,0.0
2026-07-23 14:55:00+05:30,344.55,344.95,344.55,344.85,326.0
2026-07-23 15:00:00+05:30,344.7,344.7,343.8,344.45,582.0
2026-07-23 15:05:00+05:30,344.65,350.25,344.65,350.15,6829.0
2026-07-23 15:10:00+05:30,351.0,351.0,348.9,348.9,1676.0
2026-07-23 15:15:00+05:30,350.1,351.3,349.0,349.2,3083.0
2026-07-23 15:20:00+05:30,349.2,353.0,349.0,352.95,4392.0
2026-07-23 15:25:00+05:30,352.6,355.5,351.0,355.0,12753.0
2026-07-24 09:15:00+05:30,353.0,358.95,345.65,358.45,16715.0
2026-07-24 09:20:00+05:30,358.6,359.75,350.1,351.25,9990.0
2026-07-24 09:25:00+05:30,351.7,356.45,351.0,356.2,4822.0
2026-07-24 09:30:00+05:30,356.25,358.0,354.25,357.8,5521.0
2026-07-24 09:35:00+05:30,357.7,357.85,351.15,351.15,4504.0
2026-07-24 09:40:00+05:30,351.35,352.0,350.45,351.0,2190.0
2026-07-24 09:45:00+05:30,351.2,352.0,350.7,350.7,1742.0
2026-07-24 09:50:00+05:30,350.55,350.55,349.8,350.35,905.0
2026-07-24 09:55:00+05:30,349.7,351.25,348.5,349.9,2172.0
2026-07-24 10:00:00+05:30,349.0,351.9,349.0,349.55,1861.0
2026-07-24 10:05:00+05:30,349.55,350.0,349.05,349.05,92.0
2026-07-24 10:10:00+05:30,349.05,349.2,349.05,349.2,339.0
2026-07-24 10:15:00+05:30,349.2,350.45,348.55,350.45,896.0
2026-07-24 10:20:00+05:30,350.45,350.45,347.0,347.0,4697.0
2026-07-24 10:25:00+05:30,346.1,348.55,346.1,348.05,1489.0
2026-07-24 10:30:00+05:30,348.05,348.55,348.05,348.1,275.0
2026-07-24 10:35:00+05:30,348.05,350.0,348.05,350.0,2421.0
2026-07-24 10:40:00+05:30,351.9,352.95,351.85,352.75,1206.0
2026-07-24 10:45:00+05:30,352.75,353.0,351.5,351.85,1006.0
2026-07-24 10:50:00+05:30,351.85,356.4,351.85,354.25,5347.0
2026-07-24 10:55:00+05:30,355.3,356.0,353.05,353.05,701.0
2026-07-24 11:00:00+05:30,353.05,353.15,352.4,352.4,111.0
2026-07-24 11:05:00+05:30,352.85,352.85,351.45,351.45,64.0
2026-07-24 11:10:00+05:30,351.45,351.85,350.85,351.8,270.0
2026-07-24 11:15:00+05:30,350.8,357.85,350.8,357.05,20365.0
2026-07-24 11:20:00+05:30,356.85,357.7,356.0,357.1,3968.0
2026-07-24 11:25:00+05:30,357.35,357.7,356.55,356.85,2000.0
2026-07-24 11:30:00+05:30,356.85,361.9,356.3,360.0,7428.0
2026-07-24 11:35:00+05:30,359.75,360.4,358.55,359.15,3265.0
2026-07-24 11:40:00+05:30,359.3,360.75,358.9,360.1,1451.0
2026-07-24 11:45:00+05:30,360.0,360.35,358.25,360.2,1791.0
2026-07-24 11:50:00+05:30,359.85,359.95,359.65,359.95,1507.0
2026-07-24 11:55:00+05:30,359.65,359.95,358.3,359.0,1167.0
2026-07-24 12:00:00+05:30,359.0,359.85,356.5,358.0,3774.0
2026-07-24 12:05:00+05:30,358.0,358.95,357.3,358.1,230.0
2026-07-24 12:10:00+05:30,358.15,361.0,358.1,361.0,3034.0
2026-07-24 12:15:00+05:30,361.0,361.0,359.45,359.85,832.0
2026-07-24 12:20:00+05:30,358.95,359.7,357.3,359.7,1510.0
2026-07-24 12:25:00+05:30,359.7,359.7,357.7,358.85,1120.0
2026-07-24 12:30:00+05:30,359.55,359.55,358.35,358.35,443.0
2026-07-24 12:35:00+05:30,359.7,360.5,359.6,360.3,1224.0
2026-07-24 12:40:00+05:30,360.3,360.3,358.35,359.75,931.0
2026-07-24 12:45:00+05:30,359.75,360.3,359.7,359.8,2420.0
2026-07-24 12:50:00+05:30,358.3,359.0,358.3,359.0,413.0
2026-07-24 12:55:00+05:30,359.0,359.1,359.0,359.1,19.0
2026-07-24 13:00:00+05:30,358.9,360.2,358.5,358.55,958.0
2026-07-24 13:05:00+05:30,358.25,358.25,357.1,357.1,1296.0
2026-07-24 13:10:00+05:30,357.1,358.5,357.0,358.5,758.0
2026-07-24 13:15:00+05:30,358.35,358.5,357.55,357.8,414.0
2026-07-24 13:20:00+05:30,358.45,358.5,357.8,357.8,92.0
2026-07-24 13:25:00+05:30,357.8,357.8,357.05,357.55,271.0
2026-07-24 13:30:00+05:30,357.75,358.7,357.75,357.95,397.0
2026-07-24 13:35:00+05:30,357.75,358.3,356.75,358.2,571.0
2026-07-24 13:40:00+05:30,358.2,358.2,356.6,357.65,715.0
2026-07-24 13:45:00+05:30,357.65,357.85,357.1,357.85,160.0
2026-07-24 13:50:00+05:30,357.25,359.75,357.25,358.6,1349.0
2026-07-24 13:55:00+05:30,358.8,360.15,358.45,358.45,626.0
2026-07-24 14:00:00+05:30,358.45,359.95,358.45,359.55,147.0
2026-07-24 14:05:00+05:30,359.55,359.55,359.05,359.05,29.0
2026-07-24 14:10:00+05:30,359.4,360.45,358.35,360.45,1001.0
2026-07-24 14:15:00+05:30,359.8,360.45,359.55,360.45,881.0
2026-07-24 14:20:00+05:30,360.5,364.95,360.5,363.65,9835.0
2026-07-24 14:25:00+05:30,363.95,368.0,363.05,366.0,11208.0
2026-07-24 14:30:00+05:30,366.4,368.0,365.8,367.15,3944.0
2026-07-24 14:35:00+05:30,366.55,367.85,365.1,365.8,5063.0
2026-07-24 14:40:00+05:30,365.5,367.9,365.15,366.05,3847.0
2026-07-24 14:45:00+05:30,366.7,369.0,366.15,368.0,3169.0
2026-07-24 14:50:00+05:30,368.0,375.0,368.0,371.75,21893.0
2026-07-24 14:55:00+05:30,371.0,372.4,370.95,371.65,4875.0
2026-07-24 15:00:00+05:30,371.25,378.4,369.0,377.9,27241.0
2026-07-24 15:05:00+05:30,377.0,378.8,374.25,378.25,18631.0
2026-07-24 15:10:00+05:30,378.7,379.7,375.5,378.0,17525.0
2026-07-24 15:15:00+05:30,379.0,379.65,375.15,375.95,17565.0
2026-07-24 15:20:00+05:30,375.65,379.3,375.65,378.95,15011.0
2026-07-24 15:25:00+05:30,378.65,382.6,375.9,381.9,15932.0
2026-07-27 09:15:00+05:30,392.0,392.0,377.25,388.0,26353.0
2026-07-27 09:20:00+05:30,388.0,391.3,381.45,386.6,28121.0
2026-07-27 09:25:00+05:30,387.0,394.1,387.0,388.5,28817.0
2026-07-27 09:30:00+05:30,389.15,399.7,388.8,399.0,45890.0
2026-07-27 09:35:00+05:30,399.0,401.9,392.65,395.55,32688.0
2026-07-27 09:40:00+05:30,395.0,396.9,392.2,396.85,14979.0
2026-07-27 09:45:00+05:30,396.85,396.85,393.8,394.85,7992.0
2026-07-27 09:50:00+05:30,394.75,399.55,394.0,397.6,8975.0
2026-07-27 09:55:00+05:30,396.9,399.95,396.5,399.45,13697.0
2026-07-27 10:00:00+05:30,399.4,399.5,395.4,397.15,9846.0
2026-07-27 10:05:00+05:30,397.05,397.9,394.0,394.9,12526.0
2026-07-27 10:10:00+05:30,395.5,398.1,395.0,397.9,8745.0
2026-07-27 10:15:00+05:30,397.55,401.0,397.55,400.65,12648.0
2026-07-27 10:20:00+05:30,400.95,407.7,400.95,404.5,40218.0
2026-07-27 10:25:00+05:30,403.3,405.6,398.35,400.0,25669.0
2026-07-27 10:30:00+05:30,399.15,399.3,396.8,397.75,10732.0
2026-07-27 10:35:00+05:30,397.7,401.85,397.7,400.35,6679.0
2026-07-27 10:40:00+05:30,399.5,401.2,398.3,400.7,7759.0
2026-07-27 10:45:00+05:30,401.2,401.2,395.1,395.1,18504.0
2026-07-27 10:50:00+05:30,395.7,397.95,394.8,396.1,5203.0
2026-07-27 10:55:00+05:30,397.6,400.0,396.45,397.0,4576.0
2026-07-27 11:00:00+05:30,397.0,398.5,397.0,398.0,1784.0
2026-07-27 11:05:00+05:30,398.0,398.45,395.6,395.6,1596.0
2026-07-27 11:10:00+05:30,395.3,396.7,395.3,395.45,1992.0
2026-07-27 11:15:00+05:30,395.0,396.15,394.0,395.15,9645.0
2026-07-27 11:20:00+05:30,395.8,396.9,395.55,396.35,1537.0
2026-07-27 11:25:00+05:30,396.2,398.6,396.2,398.6,2205.0
2026-07-27 11:30:00+05:30,398.6,399.8,397.55,399.7,1960.0
2026-07-27 11:35:00+05:30,399.35,399.95,399.0,399.05,1561.0
2026-07-27 11:40:00+05:30,399.05,399.8,398.0,398.5,1329.0
2026-07-27 11:45:00+05:30,397.25,399.5,397.25,398.5,3500.0
2026-07-27 11:50:00+05:30,399.05,400.95,398.0,400.45,2799.0
2026-07-27 11:55:00+05:30,400.2,401.9,400.2,401.9,5260.0
2026-07-27 12:00:00+05:30,402.0,402.2,400.95,401.0,3079.0
2026-07-27 12:05:00+05:30,400.85,401.45,400.5,400.5,560.0
2026-07-27 12:10:00+05:30,400.45,401.9,400.05,400.15,3293.0
2026-07-27 12:15:00+05:30,401.0,401.0,398.4,399.7,6100.0
2026-07-27 12:20:00+05:30,399.6,399.9,398.7,399.25,775.0
2026-07-27 12:25:00+05:30,398.6,399.65,397.2,397.85,6915.0
2026-07-27 12:30:00+05:30,398.7,398.7,397.85,397.95,1779.0
2026-07-27 12:35:00+05:30,397.95,399.9,397.95,399.9,1106.0
2026-07-27 12:40:00+05:30,399.1,399.1,396.95,398.4,2246.0
2026-07-27 12:45:00+05:30,397.35,398.75,396.95,397.9,3451.0
2026-07-27 12:50:00+05:30,397.3,398.35,397.15,398.35,1025.0
2026-07-27 12:55:00+05:30,397.2,397.9,395.15,397.1,4078.0
2026-07-27 13:00:00+05:30,397.1,397.7,396.55,397.5,1118.0
2026-07-27 13:05:00+05:30,397.5,399.8,397.5,399.75,5555.0
2026-07-27 13:10:00+05:30,398.85,399.9,398.85,399.9,3694.0
2026-07-27 13:15:00+05:30,399.95,399.95,397.2,398.5,3492.0
2026-07-27 13:20:00+05:30,398.1,398.1,397.4,398.0,280.0
2026-07-27 13:25:00+05:30,397.4,398.15,397.4,398.15,478.0
2026-07-27 13:30:00+05:30,397.75,399.3,397.75,399.0,922.0
2026-07-27 13:35:00+05:30,399.0,400.0,398.75,400.0,489.0
2026-07-27 13:40:00+05:30,400.0,401.0,399.8,399.8,567.0
2026-07-27 13:45:00+05:30,399.1,400.65,399.0,400.65,1067.0
2026-07-27 13:50:00+05:30,401.9,401.9,399.75,399.75,5168.0
2026-07-27 13:55:00+05:30,399.25,399.95,398.9,399.45,2537.0
2026-07-27 14:00:00+05:30,399.8,399.85,398.45,399.0,974.0
2026-07-27 14:05:00+05:30,398.1,400.15,398.1,399.95,2451.0
2026-07-27 14:10:00+05:30,400.0,400.15,399.7,400.1,726.0
2026-07-27 14:15:00+05:30,400.1,401.8,400.1,400.7,1788.0
2026-07-27 14:20:00+05:30,400.7,401.0,400.1,400.65,1611.0
2026-07-27 14:25:00+05:30,401.0,401.55,400.6,400.85,1069.0
2026-07-27 14:30:00+05:30,400.85,400.85,400.1,400.45,898.0
2026-07-27 14:35:00+05:30,400.1,400.85,399.2,399.65,2259.0
2026-07-27 14:40:00+05:30,399.8,400.55,398.95,400.15,3401.0
2026-07-27 14:45:00+05:30,400.05,402.0,400.05,401.7,14745.0
2026-07-27 14:50:00+05:30,401.65,404.55,401.65,402.7,11304.0
2026-07-27 14:55:00+05:30,403.2,403.2,401.5,401.95,1908.0
2026-07-27 15:00:00+05:30,402.05,403.45,401.45,402.4,3030.0
2026-07-27 15:05:00+05:30,402.9,405.0,402.05,403.25,12215.0
2026-07-27 15:10:00+05:30,402.2,403.9,402.2,402.4,3913.0
2026-07-27 15:15:00+05:30,402.1,404.9,401.5,404.9,8740.0
2026-07-27 15:20:00+05:30,404.9,407.25,404.15,407.2,13876.0
2026-07-27 15:25:00+05:30,407.2,408.0,404.75,407.0,16528.0
2026-07-28 09:15:00+05:30,405.2,405.2,397.25,399.6,15964.0
2026-07-28 09:20:00+05:30,398.0,399.4,397.05,397.05,2796.0
2026-07-28 09:25:00+05:30,397.5,398.25,397.1,398.0,1002.0
2026-07-28 09:30:00+05:30,398.2,398.2,393.9,394.8,8676.0
2026-07-28 09:35:00+05:30,394.9,395.55,392.35,393.5,3555.0
2026-07-28 09:40:00+05:30,393.5,393.5,391.0,391.7,4635.0
2026-07-28 09:45:00+05:30,391.0,391.55,390.1,390.65,2789.0
2026-07-28 09:50:00+05:30,390.85,391.45,390.0,390.75,2750.0
2026-07-28 09:55:00+05:30,390.75,395.1,390.75,392.0,4700.0
2026-07-28 10:00:00+05:30,392.8,392.8,391.2,392.15,1371.0
2026-07-28 10:05:00+05:30,392.35,393.2,391.5,392.0,1112.0
2026-07-28 10:10:00+05:30,392.0,392.95,391.35,392.95,458.0
2026-07-28 10:15:00+05:30,392.95,395.0,392.2,395.0,4832.0
2026-07-28 10:20:00+05:30,395.2,398.05,394.0,397.5,2258.0
2026-07-28 10:25:00+05:30,397.75,398.05,395.0,395.75,589.0
2026-07-28 10:30:00+05:30,395.35,396.6,394.85,395.75,542.0
2026-07-28 10:35:00+05:30,396.0,398.8,395.5,398.7,970.0
2026-07-28 10:40:00+05:30,398.95,399.0,397.85,397.85,1443.0
2026-07-28 10:45:00+05:30,399.3,401.5,397.55,399.45,3669.0
2026-07-28 10:50:00+05:30,399.2,399.5,397.0,399.45,2270.0
2026-07-28 10:55:00+05:30,399.4,399.4,398.3,399.0,301.0
2026-07-28 11:00:00+05:30,399.0,399.15,397.55,398.75,466.0
2026-07-28 11:05:00+05:30,398.75,398.75,397.75,397.75,643.0
2026-07-28 11:10:00+05:30,397.7,398.95,397.05,397.05,871.0
2026-07-28 11:15:00+05:30,398.35,398.35,396.6,396.6,383.0
2026-07-28 11:20:00+05:30,397.0,397.2,396.4,396.8,110.0
2026-07-28 11:25:00+05:30,396.8,396.8,396.8,396.8,100.0
2026-07-28 11:30:00+05:30,397.0,397.0,396.0,396.0,808.0
2026-07-28 11:35:00+05:30,396.0,396.2,396.0,396.2,5.0
2026-07-28 11:40:00+05:30,396.35,397.4,396.35,397.4,490.0
2026-07-28 11:45:00+05:30,398.0,399.9,398.0,399.9,898.0
2026-07-28 11:50:00+05:30,400.0,400.0,397.0,398.15,2300.0
2026-07-28 11:55:00+05:30,398.25,398.6,398.0,398.6,143.0
2026-07-28 12:00:00+05:30,397.6,398.85,397.6,398.1,585.0
2026-07-28 12:05:00+05:30,398.1,399.4,398.1,398.25,767.0
2026-07-28 12:10:00+05:30,398.9,398.9,398.3,398.3,29.0
2026-07-28 12:15:00+05:30,398.0,398.0,397.5,398.0,431.0
2026-07-28 12:20:00+05:30,398.0,398.45,397.4,398.45,220.0
2026-07-28 12:25:00+05:30,398.45,399.0,398.0,398.0,1180.0
2026-07-28 12:30:00+05:30,398.0,399.0,398.0,398.95,575.0
2026-07-28 12:35:00+05:30,398.95,399.0,398.3,398.65,397.0
2026-07-28 12:40:00+05:30,398.65,398.8,397.7,398.8,108.0
2026-07-28 12:45:00+05:30,398.15,398.9,397.95,398.65,153.0
2026-07-28 12:50:00+05:30,398.65,399.0,398.1,398.2,2794.0
2026-07-28 12:55:00+05:30,398.25,399.0,398.25,399.0,1770.0
2026-07-28 13:00:00+05:30,398.7,399.0,398.5,399.0,56.0
2026-07-28 13:05:00+05:30,398.7,399.4,398.1,398.9,183.0
2026-07-28 13:10:00+05:30,398.9,398.9,398.0,398.0,270.0
2026-07-28 13:15:00+05:30,397.6,398.1,397.45,398.1,29.0
2026-07-28 13:20:00+05:30,398.1,398.45,397.7,398.3,135.0
2026-07-28 13:25:00+05:30,398.3,398.65,397.65,397.65,117.0
2026-07-28 13:30:00+05:30,397.65,397.8,397.65,397.8,502.0
2026-07-28 13:35:00+05:30,397.8,398.0,397.45,398.0,115.0
2026-07-28 13:40:00+05:30,397.25,397.5,397.05,397.5,1421.0
2026-07-28 13:45:00+05:30,397.25,397.25,397.25,397.25,3.0
2026-07-28 13:50:00+05:30,397.25,397.25,397.2,397.2,42.0
2026-07-28 13:55:00+05:30,397.25,397.85,397.25,397.85,207.0
2026-07-28 14:00:00+05:30,397.25,397.85,397.25,397.45,18.0
2026-07-28 14:05:00+05:30,397.45,397.45,397.2,397.2,140.0
2026-07-28 14:10:00+05:30,397.0,397.0,395.8,396.05,3543.0
2026-07-28 14:15:00+05:30,396.25,396.25,395.0,395.0,463.0
2026-07-28 14:20:00+05:30,395.25,396.0,395.05,395.1,580.0
2026-07-28 14:25:00+05:30,396.0,396.6,396.0,396.6,632.0
2026-07-28 14:30:00+05:30,396.2,401.5,396.1,401.45,10374.0
2026-07-28 14:35:00+05:30,401.35,401.45,400.3,400.35,921.0
2026-07-28 14:40:00+05:30,400.65,400.95,400.35,400.9,1484.0
2026-07-28 14:45:00+05:30,400.4,400.4,400.0,400.0,1838.0
2026-07-28 14:50:00+05:30,400.0,400.0,400.0,400.0,150.0
2026-07-28 14:55:00+05:30,400.45,400.45,398.0,399.1,1162.0
2026-07-28 15:00:00+05:30,398.65,398.65,397.15,397.55,772.0
2026-07-28 15:05:00+05:30,397.2,397.45,395.6,395.7,1782.0
2026-07-28 15:10:00+05:30,396.45,399.45,396.45,399.05,7558.0
2026-07-28 15:15:00+05:30,399.1,399.1,397.0,398.05,1851.0
2026-07-28 15:20:00+05:30,398.35,400.75,397.0,397.65,6709.0
2026-07-28 15:25:00+05:30,399.1,400.0,396.1,396.1,5354.0
2026-07-29 09:15:00+05:30,399.2,399.2,394.1,395.35,3642.0
2026-07-29 09:20:00+05:30,395.35,395.35,387.05,387.2,5383.0
2026-07-29 09:25:00+05:30,386.55,387.65,384.05,386.7,9742.0
2026-07-29 09:30:00+05:30,385.8,387.6,385.8,387.6,1589.0
2026-07-29 09:35:00+05:30,387.6,388.0,385.4,385.6,3609.0
2026-07-29 09:40:00+05:30,386.35,387.95,386.2,386.55,1636.0
2026-07-29 09:45:00+05:30,387.3,387.5,386.5,386.65,343.0
2026-07-29 09:50:00+05:30,387.5,387.85,385.65,386.7,1749.0
2026-07-29 09:55:00+05:30,386.9,386.9,385.7,386.4,1426.0
2026-07-29 10:00:00+05:30,386.5,386.95,385.8,386.2,506.0
2026-07-29 10:05:00+05:30,387.1,387.1,385.65,386.5,3923.0
2026-07-29 10:10:00+05:30,385.9,386.45,385.55,386.2,719.0
2026-07-29 10:15:00+05:30,386.2,386.2,384.8,385.9,7699.0
2026-07-29 10:20:00+05:30,385.2,385.75,385.0,385.75,1722.0
2026-07-29 10:25:00+05:30,385.75,386.0,385.1,385.85,994.0
2026-07-29 10:30:00+05:30,385.85,387.65,385.85,386.95,610.0
2026-07-29 10:35:00+05:30,386.95,387.0,386.0,386.75,1146.0
2026-07-29 10:40:00+05:30,386.45,387.55,386.45,387.0,1001.0
2026-07-29 10:45:00+05:30,387.0,387.0,387.0,387.0,1372.0
2026-07-29 10:50:00+05:30,387.0,387.95,387.0,387.95,1291.0
2026-07-29 10:55:00+05:30,387.1,391.0,387.1,389.85,3696.0
2026-07-29 11:00:00+05:30,389.85,390.95,388.8,389.95,1565.0
2026-07-29 11:05:00+05:30,389.75,391.7,389.35,391.7,1215.0
2026-07-29 11:10:00+05:30,391.4,391.95,390.6,391.2,1493.0
2026-07-29 11:15:00+05:30,391.2,391.95,391.2,391.95,333.0
2026-07-29 11:20:00+05:30,391.35,392.0,390.25,390.25,761.0
2026-07-29 11:25:00+05:30,390.3,390.3,389.85,389.85,1226.0
2026-07-29 11:30:00+05:30,389.85,390.8,389.85,390.4,104.0
2026-07-29 11:35:00+05:30,390.4,391.45,390.4,391.45,10.0
2026-07-29 11:40:00+05:30,391.45,392.0,391.45,391.65,1381.0
2026-07-29 11:45:00+05:30,391.65,391.65,391.65,391.65,46.0
2026-07-29 11:50:00+05:30,391.45,391.5,391.0,391.0,231.0
2026-07-29 11:55:00+05:30,391.0,391.0,390.8,390.8,92.0
2026-07-29 12:00:00+05:30,390.4,390.8,389.8,389.8,658.0
2026-07-29 12:05:00+05:30,389.8,390.4,389.8,390.4,154.0
2026-07-29 12:10:00+05:30,390.3,390.8,390.3,390.75,138.0
2026-07-29 12:15:00+05:30,390.75,390.75,389.35,389.35,680.0
2026-07-29 12:20:00+05:30,388.1,389.85,388.1,389.85,3481.0
2026-07-29 12:25:00+05:30,389.05,390.0,389.05,389.8,1040.0
2026-07-29 12:30:00+05:30,389.5,389.5,388.65,388.75,320.0
2026-07-29 12:35:00+05:30,388.75,389.2,388.55,389.2,254.0
2026-07-29 12:40:00+05:30,389.2,389.25,388.6,389.25,723.0
2026-07-29 12:45:00+05:30,388.4,388.5,388.4,388.5,215.0
2026-07-29 12:50:00+05:30,388.3,389.2,388.1,388.3,2154.0
2026-07-29 12:55:00+05:30,388.35,389.25,388.35,388.7,266.0
2026-07-29 13:00:00+05:30,388.7,388.7,388.1,388.4,502.0
2026-07-29 13:05:00+05:30,388.4,388.4,388.4,388.4,0.0
2026-07-29 13:10:00+05:30,388.75,388.75,388.4,388.4,10.0
2026-07-29 13:15:00+05:30,388.75,389.25,388.75,389.25,422.0
2026-07-29 13:20:00+05:30,390.0,390.0,389.65,389.95,1622.0
2026-07-29 13:25:00+05:30,389.95,389.95,389.05,389.7,132.0
2026-07-29 13:30:00+05:30,389.25,389.35,389.25,389.25,61.0
2026-07-29 13:35:00+05:30,389.5,389.55,389.25,389.25,168.0
2026-07-29 13:40:00+05:30,389.25,389.25,388.65,388.65,255.0
2026-07-29 13:45:00+05:30,388.65,389.25,388.65,388.75,44.0
2026-07-29 13:50:00+05:30,388.8,389.25,388.8,389.0,311.0
2026-07-29 13:55:00+05:30,389.0,389.4,389.0,389.4,4.0
2026-07-29 14:00:00+05:30,387.8,388.55,387.8,388.45,1516.0
2026-07-29 14:05:00+05:30,388.3,388.3,388.3,388.3,6.0
2026-07-29 14:10:00+05:30,388.3,388.6,388.0,388.05,131.0
2026-07-29 14:15:00+05:30,388.05,389.2,388.05,388.6,133.0
2026-07-29 14:20:00+05:30,389.0,389.45,388.3,389.45,415.0
2026-07-29 14:25:00+05:30,389.45,389.45,388.35,388.35,5.0
2026-07-29 14:30:00+05:30,388.85,389.1,388.45,388.45,160.0
2026-07-29 14:35:00+05:30,388.4,388.95,388.4,388.95,122.0
2026-07-29 14:40:00+05:30,389.3,389.3,388.35,388.35,147.0
2026-07-29 14:45:00+05:30,389.0,389.5,388.6,388.8,1810.0
2026-07-29 14:50:00+05:30,389.25,389.25,388.75,388.75,12.0
2026-07-29 14:55:00+05:30,389.9,389.9,389.15,389.4,572.0
2026-07-29 15:00:00+05:30,389.4,390.45,389.1,390.4,934.0
2026-07-29 15:05:00+05:30,390.25,391.0,390.25,390.9,648.0
2026-07-29 15:10:00+05:30,390.8,391.35,390.8,391.0,887.0
2026-07-29 15:15:00+05:30,391.05,392.1,391.0,391.2,2286.0
2026-07-29 15:20:00+05:30,391.5,393.0,388.6,392.2,4784.0
2026-07-29 15:25:00+05:30,391.9,391.9,388.2,388.4,7095.0
2026-07-30 09:15:00+05:30,390.15,390.15,381.95,386.55,4505.0
2026-07-30 09:20:00+05:30,386.25,387.05,381.2,382.0,3235.0
2026-07-30 09:25:00+05:30,381.6,384.7,379.0,379.0,5893.0
2026-07-30 09:30:00+05:30,379.0,382.25,377.3,377.35,3356.0
2026-07-30 09:35:00+05:30,377.35,378.75,373.15,375.0,8164.0
2026-07-30 09:40:00+05:30,375.0,377.45,374.1,375.5,6617.0
2026-07-30 09:45:00+05:30,375.4,377.5,374.5,374.5,2825.0
2026-07-30 09:50:00+05:30,374.75,375.75,373.75,374.75,4673.0
2026-07-30 09:55:00+05:30,375.0,375.55,374.9,375.0,2645.0
2026-07-30 10:00:00+05:30,375.0,375.65,375.0,375.65,476.0
2026-07-30 10:05:00+05:30,375.5,379.55,375.5,377.6,2597.0
2026-07-30 10:10:00+05:30,377.6,377.6,375.9,376.75,580.0
2026-07-30 10:15:00+05:30,376.0,377.0,376.0,376.85,771.0
2026-07-30 10:20:00+05:30,376.3,377.6,375.35,377.3,3136.0
2026-07-30 10:25:00+05:30,377.3,377.3,376.25,377.0,624.0
2026-07-30 10:30:00+05:30,376.6,377.35,376.2,376.2,412.0
2026-07-30 10:35:00+05:30,376.2,377.35,376.2,377.1,684.0
2026-07-30 10:40:00+05:30,377.1,378.0,377.1,377.95,95.0
2026-07-30 10:45:00+05:30,377.9,377.95,377.2,377.2,202.0
2026-07-30 10:50:00+05:30,377.2,377.95,377.0,377.95,733.0
2026-07-30 10:55:00+05:30,377.85,378.5,377.1,377.1,1344.0
2026-07-30 11:00:00+05:30,377.1,378.85,377.1,378.85,892.0
2026-07-30 11:05:00+05:30,378.85,378.85,378.0,378.6,575.0
2026-07-30 11:10:00+05:30,379.0,379.0,378.0,378.15,2661.0
2026-07-30 11:15:00+05:30,378.4,379.45,378.3,378.7,868.0
2026-07-30 11:20:00+05:30,378.7,379.45,378.7,379.45,20.0
2026-07-30 11:25:00+05:30,379.45,379.45,379.0,379.45,549.0
2026-07-30 11:30:00+05:30,379.45,379.45,378.5,378.5,2685.0
2026-07-30 11:35:00+05:30,378.7,379.7,378.7,379.7,832.0
2026-07-30 11:40:00+05:30,378.6,378.6,377.65,377.65,254.0
2026-07-30 11:45:00+05:30,377.55,377.95,375.0,375.9,2576.0
2026-07-30 11:50:00+05:30,375.05,375.1,374.05,374.25,566.0
2026-07-30 11:55:00+05:30,374.25,375.4,374.25,375.0,106.0
2026-07-30 12:00:00+05:30,374.8,375.4,374.0,375.0,833.0
2026-07-30 12:05:00+05:30,374.0,374.6,373.0,374.15,1823.0
2026-07-30 12:10:00+05:30,374.85,374.85,374.5,374.65,112.0
2026-07-30 12:15:00+05:30,374.65,374.65,370.8,372.7,2717.0
2026-07-30 12:20:00+05:30,371.75,374.0,371.4,374.0,2036.0
2026-07-30 12:25:00+05:30,374.0,374.0,372.0,372.35,3061.0
2026-07-30 12:30:00+05:30,372.15,372.5,370.6,371.85,998.0
2026-07-30 12:35:00+05:30,372.9,372.9,371.5,371.5,300.0
2026-07-30 12:40:00+05:30,371.0,373.0,370.0,373.0,1709.0
2026-07-30 12:45:00+05:30,373.0,373.6,373.0,373.0,532.0
2026-07-30 12:50:00+05:30,373.0,374.5,372.2,372.2,2223.0
2026-07-30 12:55:00+05:30,372.2,372.25,372.2,372.25,6.0
2026-07-30 13:00:00+05:30,372.2,372.9,372.0,372.65,336.0
2026-07-30 13:05:00+05:30,372.75,372.75,370.85,370.85,986.0
2026-07-30 13:10:00+05:30,370.85,371.85,369.55,371.1,955.0
2026-07-30 13:15:00+05:30,371.2,371.2,370.25,370.25,93.0
2026-07-30 13:20:00+05:30,370.15,370.8,370.0,370.0,559.0
2026-07-30 13:25:00+05:30,370.0,371.5,368.6,371.5,1995.0
2026-07-30 13:30:00+05:30,371.5,371.5,370.0,371.35,165.0
2026-07-30 13:35:00+05:30,370.3,377.0,370.3,377.0,3229.0
2026-07-30 13:40:00+05:30,375.55,375.85,374.4,375.4,739.0
2026-07-30 13:45:00+05:30,375.4,375.4,372.4,373.4,1367.0
2026-07-30 13:50:00+05:30,373.5,374.0,373.5,374.0,22.0
2026-07-30 13:55:00+05:30,374.05,377.0,374.05,375.75,2208.0
2026-07-30 14:00:00+05:30,375.75,375.75,374.0,374.5,787.0
2026-07-30 14:05:00+05:30,374.75,375.7,373.2,373.2,1227.0
2026-07-30 14:10:00+05:30,373.2,373.2,372.0,372.1,2801.0
2026-07-30 14:15:00+05:30,372.1,373.5,372.1,373.5,598.0
2026-07-30 14:20:00+05:30,372.6,377.0,372.15,377.0,5167.0
2026-07-30 14:25:00+05:30,375.9,377.5,374.1,376.5,14318.0
2026-07-30 14:30:00+05:30,377.2,377.35,375.95,376.8,378.0
2026-07-30 14:35:00+05:30,376.8,378.6,375.65,376.9,1849.0
2026-07-30 14:40:00+05:30,377.95,377.95,375.3,376.2,334.0
2026-07-30 14:45:00+05:30,375.75,376.3,375.2,376.3,204.0
2026-07-30 14:50:00+05:30,376.3,376.85,375.8,376.25,315.0
2026-07-30 14:55:00+05:30,376.25,376.25,376.0,376.15,295.0
2026-07-30 15:00:00+05:30,376.15,376.3,375.0,375.0,3987.0
2026-07-30 15:05:00+05:30,375.9,379.4,360.5,365.0,51069.0
2026-07-30 15:10:00+05:30,365.0,375.5,363.4,373.95,43983.0
2026-07-30 15:15:00+05:30,374.1,374.1,362.0,364.1,28169.0
2026-07-30 15:20:00+05:30,362.9,363.85,356.25,360.5,32805.0
2026-07-30 15:25:00+05:30,360.4,362.2,350.05,356.0,35120.0
