dt,open,high,low,close,volume
2026-05-29 09:15:00+05:30,7380.0,7380.0,7325.0,7370.0,2098.0
2026-05-29 09:20:00+05:30,7370.0,7377.0,7328.0,7331.5,891.0
2026-05-29 09:25:00+05:30,7330.0,7330.0,7300.5,7308.0,691.0
2026-05-29 09:30:00+05:30,7308.0,7315.0,7296.5,7312.5,737.0
2026-05-29 09:35:00+05:30,7307.5,7376.0,7307.5,7371.5,1934.0
2026-05-29 09:40:00+05:30,7375.5,7420.0,7374.5,7396.0,2882.0
2026-05-29 09:45:00+05:30,7388.0,7448.0,7387.0,7425.0,3797.0
2026-05-29 09:50:00+05:30,7424.5,7449.0,7420.5,7433.0,1462.0
2026-05-29 09:55:00+05:30,7433.0,7495.0,7421.5,7478.0,4418.0
2026-05-29 10:00:00+05:30,7490.0,7546.0,7488.0,7519.5,6423.0
2026-05-29 10:05:00+05:30,7525.5,7565.0,7510.5,7538.0,4404.0
2026-05-29 10:10:00+05:30,7530.5,7550.0,7522.5,7541.0,2564.0
2026-05-29 10:15:00+05:30,7545.5,7556.5,7538.0,7552.5,1983.0
2026-05-29 10:20:00+05:30,7552.5,7600.0,7552.5,7599.0,3658.0
2026-05-29 10:25:00+05:30,7592.0,7600.0,7540.0,7568.5,3121.0
2026-05-29 10:30:00+05:30,7568.5,7586.0,7558.5,7584.5,1098.0
2026-05-29 10:35:00+05:30,7585.0,7596.0,7570.0,7590.0,974.0
2026-05-29 10:40:00+05:30,7594.5,7594.5,7560.0,7563.5,967.0
2026-05-29 10:45:00+05:30,7566.0,7580.0,7561.0,7569.5,1027.0
2026-05-29 10:50:00+05:30,7567.5,7567.5,7550.0,7558.5,811.0
2026-05-29 10:55:00+05:30,7563.5,7637.5,7563.5,7627.5,5942.0
2026-05-29 11:00:00+05:30,7624.5,7638.0,7602.0,7616.0,3299.0
2026-05-29 11:05:00+05:30,7612.5,7621.5,7560.5,7579.0,3195.0
2026-05-29 11:10:00+05:30,7579.0,7588.0,7570.0,7571.5,883.0
2026-05-29 11:15:00+05:30,7579.5,7580.0,7560.5,7561.5,1303.0
2026-05-29 11:20:00+05:30,7561.0,7596.0,7560.5,7591.0,2035.0
2026-05-29 11:25:00+05:30,7585.0,7595.0,7570.0,7576.5,1102.0
2026-05-29 11:30:00+05:30,7576.0,7585.0,7552.0,7552.5,1022.0
2026-05-29 11:35:00+05:30,7552.5,7560.5,7550.0,7556.0,1195.0
2026-05-29 11:40:00+05:30,7556.0,7562.5,7555.0,7562.0,458.0
2026-05-29 11:45:00+05:30,7566.5,7570.0,7560.0,7562.0,333.0
2026-05-29 11:50:00+05:30,7562.5,7570.5,7515.0,7516.0,3871.0
2026-05-29 11:55:00+05:30,7510.0,7520.0,7470.0,7481.0,4735.0
2026-05-29 12:00:00+05:30,7475.5,7487.0,7465.5,7476.5,1207.0
2026-05-29 12:05:00+05:30,7476.5,7487.5,7460.5,7481.5,1614.0
2026-05-29 12:10:00+05:30,7486.0,7494.0,7480.5,7486.0,863.0
2026-05-29 12:15:00+05:30,7486.0,7486.0,7433.0,7442.0,4615.0
2026-05-29 12:20:00+05:30,7441.5,7449.5,7433.0,7439.0,959.0
2026-05-29 12:25:00+05:30,7447.0,7463.0,7420.0,7444.0,1288.0
2026-05-29 12:30:00+05:30,7437.5,7449.5,7435.5,7445.0,597.0
2026-05-29 12:35:00+05:30,7437.5,7444.0,7431.5,7432.5,452.0
2026-05-29 12:40:00+05:30,7439.5,7442.0,7420.0,7420.0,1000.0
2026-05-29 12:45:00+05:30,7420.5,7420.5,7368.5,7378.0,3207.0
2026-05-29 12:50:00+05:30,7371.5,7390.0,7350.0,7383.5,1680.0
2026-05-29 12:55:00+05:30,7388.0,7404.5,7383.0,7400.0,622.0
2026-05-29 13:00:00+05:30,7407.5,7407.5,7387.0,7390.5,394.0
2026-05-29 13:05:00+05:30,7390.5,7405.0,7385.5,7399.5,779.0
2026-05-29 13:10:00+05:30,7404.0,7426.0,7399.5,7411.0,525.0
2026-05-29 13:15:00+05:30,7410.0,7415.5,7404.0,7405.0,484.0
2026-05-29 13:20:00+05:30,7405.0,7409.0,7400.0,7401.5,310.0
2026-05-29 13:25:00+05:30,7405.0,7409.0,7371.5,7371.5,2465.0
2026-05-29 13:30:00+05:30,7373.0,7380.0,7354.0,7361.0,1470.0
2026-05-29 13:35:00+05:30,7360.5,7375.0,7359.5,7373.5,408.0
2026-05-29 13:40:00+05:30,7371.0,7371.0,7341.5,7362.0,2614.0
2026-05-29 13:45:00+05:30,7369.0,7387.0,7364.5,7378.5,879.0
2026-05-29 13:50:00+05:30,7385.5,7396.5,7375.5,7386.0,599.0
2026-05-29 13:55:00+05:30,7392.5,7394.5,7362.0,7378.5,625.0
2026-05-29 14:00:00+05:30,7380.0,7388.5,7368.0,7373.5,2032.0
2026-05-29 14:05:00+05:30,7379.5,7389.5,7364.5,7368.5,570.0
2026-05-29 14:10:00+05:30,7372.0,7375.5,7365.0,7367.5,482.0
2026-05-29 14:15:00+05:30,7367.5,7379.5,7355.5,7365.5,674.0
2026-05-29 14:20:00+05:30,7367.5,7384.0,7360.5,7365.0,1717.0
2026-05-29 14:25:00+05:30,7370.5,7374.5,7345.5,7345.5,3110.0
2026-05-29 14:30:00+05:30,7345.0,7363.5,7345.0,7354.5,641.0
2026-05-29 14:35:00+05:30,7360.0,7361.0,7354.0,7361.0,503.0
2026-05-29 14:40:00+05:30,7361.0,7370.0,7308.0,7308.0,2874.0
2026-05-29 14:45:00+05:30,7314.5,7317.5,7304.0,7307.5,1138.0
2026-05-29 14:50:00+05:30,7307.5,7315.5,7290.0,7300.0,1982.0
2026-05-29 14:55:00+05:30,7300.0,7300.0,7275.0,7284.5,1727.0
2026-05-29 15:00:00+05:30,7289.0,7294.5,7250.0,7256.0,2514.0
2026-05-29 15:05:00+05:30,7263.5,7263.5,7136.0,7183.5,6717.0
2026-05-29 15:10:00+05:30,7184.5,7200.0,7170.0,7197.0,2589.0
2026-05-29 15:15:00+05:30,7194.0,7200.0,7175.5,7192.0,3232.0
2026-05-29 15:20:00+05:30,7192.0,7195.0,7155.0,7190.0,2822.0
2026-05-29 15:25:00+05:30,7190.0,7195.0,7180.0,7190.0,2454.0
2026-06-01 09:15:00+05:30,7110.0,7111.5,6930.0,7000.0,9525.0
2026-06-01 09:20:00+05:30,6999.5,7020.0,6975.0,6981.0,6816.0
2026-06-01 09:25:00+05:30,6988.0,6988.0,6860.0,6870.0,8310.0
2026-06-01 09:30:00+05:30,6869.5,6882.0,6831.5,6832.5,4209.0
2026-06-01 09:35:00+05:30,6833.0,6844.5,6805.0,6844.5,4727.0
2026-06-01 09:40:00+05:30,6840.5,6905.5,6828.5,6880.0,4100.0
2026-06-01 09:45:00+05:30,6879.5,6910.0,6879.5,6905.0,2087.0
2026-06-01 09:50:00+05:30,6910.0,6920.0,6900.0,6916.0,1758.0
2026-06-01 09:55:00+05:30,6912.0,6923.0,6864.0,6865.5,2724.0
2026-06-01 10:00:00+05:30,6861.0,6875.0,6851.5,6853.0,1370.0
2026-06-01 10:05:00+05:30,6853.0,6869.5,6852.5,6865.0,312.0
2026-06-01 10:10:00+05:30,6866.0,6880.5,6853.0,6853.0,1124.0
2026-06-01 10:15:00+05:30,6853.0,6910.0,6848.0,6854.5,4599.0
2026-06-01 10:20:00+05:30,6850.0,6850.0,6795.5,6817.5,8152.0
2026-06-01 10:25:00+05:30,6821.5,6847.0,6816.5,6835.0,915.0
2026-06-01 10:30:00+05:30,6837.0,6842.5,6817.0,6829.5,550.0
2026-06-01 10:35:00+05:30,6820.5,6835.0,6812.5,6828.0,799.0
2026-06-01 10:40:00+05:30,6830.5,6869.0,6830.5,6842.0,1223.0
2026-06-01 10:45:00+05:30,6848.0,6878.0,6840.0,6877.0,1228.0
2026-06-01 10:50:00+05:30,6876.5,6930.0,6876.5,6916.0,3929.0
2026-06-01 10:55:00+05:30,6918.0,6924.0,6906.0,6910.5,1047.0
2026-06-01 11:00:00+05:30,6911.0,6924.5,6906.0,6924.0,1541.0
2026-06-01 11:05:00+05:30,6924.5,6940.0,6921.0,6926.0,1881.0
2026-06-01 11:10:00+05:30,6923.0,6930.0,6912.0,6912.0,305.0
2026-06-01 11:15:00+05:30,6917.0,6917.0,6886.0,6893.5,1054.0
2026-06-01 11:20:00+05:30,6892.0,6898.0,6887.0,6892.5,338.0
2026-06-01 11:25:00+05:30,6896.5,6897.0,6861.0,6864.5,397.0
2026-06-01 11:30:00+05:30,6860.0,6880.5,6860.0,6878.0,229.0
2026-06-01 11:35:00+05:30,6878.0,6880.0,6871.0,6876.5,331.0
2026-06-01 11:40:00+05:30,6875.5,6881.0,6862.5,6869.5,1498.0
2026-06-01 11:45:00+05:30,6864.5,6871.0,6862.0,6866.0,653.0
2026-06-01 11:50:00+05:30,6869.0,6874.5,6855.0,6861.5,718.0
2026-06-01 11:55:00+05:30,6862.5,6868.0,6848.0,6850.0,1354.0
2026-06-01 12:00:00+05:30,6849.5,6857.5,6835.5,6848.0,524.0
2026-06-01 12:05:00+05:30,6848.0,6859.0,6837.5,6843.0,396.0
2026-06-01 12:10:00+05:30,6842.5,6844.5,6842.0,6844.5,55.0
2026-06-01 12:15:00+05:30,6844.5,6859.5,6840.0,6849.5,336.0
2026-06-01 12:20:00+05:30,6855.0,6865.5,6842.0,6865.0,392.0
2026-06-01 12:25:00+05:30,6864.0,6873.5,6858.5,6871.0,413.0
2026-06-01 12:30:00+05:30,6870.5,6873.0,6864.0,6868.0,320.0
2026-06-01 12:35:00+05:30,6868.5,6879.0,6864.0,6877.0,220.0
2026-06-01 12:40:00+05:30,6868.0,6870.0,6857.0,6860.5,196.0
2026-06-01 12:45:00+05:30,6860.5,6872.0,6854.0,6869.0,183.0
2026-06-01 12:50:00+05:30,6866.5,6919.5,6863.5,6914.0,1207.0
2026-06-01 12:55:00+05:30,6918.0,6951.0,6908.0,6933.0,2249.0
2026-06-01 13:00:00+05:30,6935.5,6935.5,6908.0,6908.0,603.0
2026-06-01 13:05:00+05:30,6912.0,6915.0,6899.5,6905.0,412.0
2026-06-01 13:10:00+05:30,6905.0,6905.0,6880.5,6896.5,464.0
2026-06-01 13:15:00+05:30,6894.0,6904.5,6880.5,6895.0,221.0
2026-06-01 13:20:00+05:30,6898.0,6899.5,6877.5,6884.0,457.0
2026-06-01 13:25:00+05:30,6884.0,6895.0,6882.0,6890.0,147.0
2026-06-01 13:30:00+05:30,6890.0,6891.0,6883.0,6890.0,134.0
2026-06-01 13:35:00+05:30,6877.5,6888.0,6877.5,6888.0,110.0
2026-06-01 13:40:00+05:30,6887.5,6916.5,6880.0,6916.5,304.0
2026-06-01 13:45:00+05:30,6918.5,6919.5,6898.0,6916.5,857.0
2026-06-01 13:50:00+05:30,6915.0,6919.5,6906.0,6907.0,426.0
2026-06-01 13:55:00+05:30,6913.5,6915.5,6900.0,6900.0,791.0
2026-06-01 14:00:00+05:30,6900.5,6920.0,6899.0,6914.5,620.0
2026-06-01 14:05:00+05:30,6914.5,6918.0,6906.0,6907.0,190.0
2026-06-01 14:10:00+05:30,6905.5,6924.0,6905.5,6919.0,2271.0
2026-06-01 14:15:00+05:30,6919.0,6923.5,6900.0,6909.5,1965.0
2026-06-01 14:20:00+05:30,6908.5,6913.0,6900.0,6904.0,1385.0
2026-06-01 14:25:00+05:30,6909.0,6910.0,6900.0,6904.5,502.0
2026-06-01 14:30:00+05:30,6904.5,6910.0,6895.0,6895.5,1305.0
2026-06-01 14:35:00+05:30,6895.5,6902.0,6891.5,6899.0,632.0
2026-06-01 14:40:00+05:30,6898.5,6905.0,6898.0,6903.0,131.0
2026-06-01 14:45:00+05:30,6903.0,6919.0,6899.5,6911.5,1080.0
2026-06-01 14:50:00+05:30,6912.0,6913.0,6875.0,6890.0,1409.0
2026-06-01 14:55:00+05:30,6893.5,6893.5,6875.0,6879.5,749.0
2026-06-01 15:00:00+05:30,6879.5,6918.0,6869.5,6915.0,1050.0
2026-06-01 15:05:00+05:30,6913.5,6916.0,6893.5,6916.0,3180.0
2026-06-01 15:10:00+05:30,6915.5,6915.5,6894.5,6901.0,2374.0
2026-06-01 15:15:00+05:30,6901.5,6902.0,6885.5,6900.0,4154.0
2026-06-01 15:20:00+05:30,6896.0,6909.0,6883.5,6905.0,4081.0
2026-06-01 15:25:00+05:30,6900.0,6910.0,6876.0,6909.0,1933.0
2026-06-02 09:15:00+05:30,6900.0,6950.0,6870.0,6950.0,1045.0
2026-06-02 09:20:00+05:30,6949.5,6980.0,6935.5,6969.0,1927.0
2026-06-02 09:25:00+05:30,6976.5,6976.5,6915.5,6943.0,1954.0
2026-06-02 09:30:00+05:30,6950.0,6950.0,6886.0,6890.5,2623.0
2026-06-02 09:35:00+05:30,6900.0,6926.5,6893.5,6907.0,469.0
2026-06-02 09:40:00+05:30,6908.0,6917.5,6895.0,6912.0,963.0
2026-06-02 09:45:00+05:30,6904.5,6915.0,6885.0,6896.5,972.0
2026-06-02 09:50:00+05:30,6900.0,6908.5,6898.0,6901.5,200.0
2026-06-02 09:55:00+05:30,6908.0,6925.5,6902.5,6923.5,1208.0
2026-06-02 10:00:00+05:30,6927.5,6940.5,6920.0,6924.5,457.0
2026-06-02 10:05:00+05:30,6926.0,6946.0,6920.5,6937.0,888.0
2026-06-02 10:10:00+05:30,6936.5,6944.0,6929.0,6932.5,259.0
2026-06-02 10:15:00+05:30,6935.5,6940.0,6922.5,6934.0,269.0
2026-06-02 10:20:00+05:30,6940.0,6962.5,6934.5,6959.5,2804.0
2026-06-02 10:25:00+05:30,6948.5,6955.5,6943.5,6947.0,214.0
2026-06-02 10:30:00+05:30,6954.0,6959.5,6940.0,6946.5,1060.0
2026-06-02 10:35:00+05:30,6948.0,6955.5,6943.0,6949.5,412.0
2026-06-02 10:40:00+05:30,6955.0,6957.5,6943.0,6945.0,583.0
2026-06-02 10:45:00+05:30,6952.0,6953.5,6940.0,6946.0,284.0
2026-06-02 10:50:00+05:30,6951.0,7000.0,6946.0,6970.0,1345.0
2026-06-02 10:55:00+05:30,6975.0,6975.0,6943.0,6956.5,867.0
2026-06-02 11:00:00+05:30,6959.5,6964.0,6940.5,6946.0,671.0
2026-06-02 11:05:00+05:30,6955.5,6970.0,6949.5,6970.0,567.0
2026-06-02 11:10:00+05:30,6968.0,6973.0,6945.0,6956.0,471.0
2026-06-02 11:15:00+05:30,6961.5,6967.0,6945.5,6964.5,412.0
2026-06-02 11:20:00+05:30,6965.0,6987.5,6964.0,6973.0,472.0
2026-06-02 11:25:00+05:30,6979.5,6979.5,6960.5,6967.5,230.0
2026-06-02 11:30:00+05:30,6973.0,6974.5,6955.0,6962.5,128.0
2026-06-02 11:35:00+05:30,6967.0,6967.0,6948.5,6949.5,194.0
2026-06-02 11:40:00+05:30,6956.0,6957.0,6947.0,6954.5,97.0
2026-06-02 11:45:00+05:30,6954.5,6954.5,6942.0,6942.0,185.0
2026-06-02 11:50:00+05:30,6946.0,6949.5,6938.5,6949.0,93.0
2026-06-02 11:55:00+05:30,6942.0,6946.0,6935.5,6945.5,46.0
2026-06-02 12:00:00+05:30,6938.0,6942.0,6933.0,6933.0,37.0
2026-06-02 12:05:00+05:30,6939.5,6941.5,6927.0,6935.0,296.0
2026-06-02 12:10:00+05:30,6935.0,6940.0,6930.5,6937.0,188.0
2026-06-02 12:15:00+05:30,6937.0,6937.5,6927.5,6934.0,95.0
2026-06-02 12:20:00+05:30,6934.0,6934.0,6927.0,6931.0,28.0
2026-06-02 12:25:00+05:30,6927.0,6935.0,6915.5,6915.5,178.0
2026-06-02 12:30:00+05:30,6926.0,6933.0,6919.0,6933.0,69.0
2026-06-02 12:35:00+05:30,6933.0,6933.0,6930.0,6930.0,18.0
2026-06-02 12:40:00+05:30,6933.0,6933.0,6911.0,6923.0,351.0
2026-06-02 12:45:00+05:30,6923.0,6926.5,6913.0,6923.0,133.0
2026-06-02 12:50:00+05:30,6923.5,6926.5,6918.0,6926.5,71.0
2026-06-02 12:55:00+05:30,6929.5,6949.5,6925.0,6949.5,246.0
2026-06-02 13:00:00+05:30,6949.5,6950.0,6928.0,6931.0,409.0
2026-06-02 13:05:00+05:30,6939.5,6945.5,6929.0,6929.0,181.0
2026-06-02 13:10:00+05:30,6931.0,6931.0,6922.0,6929.5,42.0
2026-06-02 13:15:00+05:30,6929.5,6931.0,6929.5,6930.5,11.0
2026-06-02 13:20:00+05:30,6922.0,6943.5,6921.5,6936.5,340.0
2026-06-02 13:25:00+05:30,6943.0,6951.5,6937.5,6944.0,50.0
2026-06-02 13:30:00+05:30,6955.0,6955.0,6949.0,6955.0,5.0
2026-06-02 13:35:00+05:30,6955.0,6955.0,6942.5,6955.0,84.0
2026-06-02 13:40:00+05:30,6955.0,6955.0,6941.0,6944.0,116.0
2026-06-02 13:45:00+05:30,6950.0,6955.0,6943.0,6950.0,103.0
2026-06-02 13:50:00+05:30,6955.0,6955.0,6945.0,6945.0,24.0
2026-06-02 13:55:00+05:30,6946.0,6955.0,6942.0,6955.0,67.0
2026-06-02 14:00:00+05:30,6954.5,6955.0,6949.0,6955.0,275.0
2026-06-02 14:05:00+05:30,6955.0,6955.0,6942.0,6950.0,128.0
2026-06-02 14:10:00+05:30,6950.0,6950.0,6930.5,6939.0,228.0
2026-06-02 14:15:00+05:30,6938.5,6939.5,6926.5,6929.0,278.0
2026-06-02 14:20:00+05:30,6922.0,6957.5,6922.0,6945.0,809.0
2026-06-02 14:25:00+05:30,6954.5,6965.0,6948.0,6961.0,822.0
2026-06-02 14:30:00+05:30,6945.0,6984.0,6945.0,6960.0,10085.0
2026-06-02 14:35:00+05:30,6960.0,6960.0,6930.0,6936.5,206.0
2026-06-02 14:40:00+05:30,6936.0,6936.0,6925.0,6930.0,61.0
2026-06-02 14:45:00+05:30,6928.0,6947.5,6920.0,6937.0,724.0
2026-06-02 14:50:00+05:30,6945.5,6954.0,6945.5,6946.5,23.0
2026-06-02 14:55:00+05:30,6946.0,6947.0,6940.0,6940.0,90.0
2026-06-02 15:00:00+05:30,6939.5,6941.5,6928.0,6936.0,358.0
2026-06-02 15:05:00+05:30,6936.5,6950.0,6936.5,6945.5,1038.0
2026-06-02 15:10:00+05:30,6945.5,6945.5,6932.0,6944.5,776.0
2026-06-02 15:15:00+05:30,6946.0,6959.5,6934.5,6949.5,671.0
2026-06-02 15:20:00+05:30,6949.5,6951.0,6922.5,6936.5,1146.0
2026-06-02 15:25:00+05:30,6939.0,6943.0,6920.0,6928.0,1087.0
2026-06-03 09:15:00+05:30,6949.0,6949.0,6881.0,6907.5,3236.0
2026-06-03 09:20:00+05:30,6916.0,6968.0,6916.0,6947.5,476.0
2026-06-03 09:25:00+05:30,6948.5,6950.0,6930.0,6947.5,394.0
2026-06-03 09:30:00+05:30,6947.0,6950.0,6930.0,6935.0,875.0
2026-06-03 09:35:00+05:30,6935.0,6973.5,6935.0,6973.5,333.0
2026-06-03 09:40:00+05:30,6972.0,7021.5,6958.0,7000.0,1788.0
2026-06-03 09:45:00+05:30,6994.5,7025.0,6980.5,7022.0,1154.0
2026-06-03 09:50:00+05:30,7020.5,7027.5,7002.0,7002.5,497.0
2026-06-03 09:55:00+05:30,7000.0,7018.5,6994.0,7000.0,775.0
2026-06-03 10:00:00+05:30,7008.5,7016.0,7002.5,7015.0,558.0
2026-06-03 10:05:00+05:30,7015.0,7044.0,7002.0,7041.0,707.0
2026-06-03 10:10:00+05:30,7038.5,7042.5,7028.0,7028.0,552.0
2026-06-03 10:15:00+05:30,7031.0,7036.5,6993.0,7006.5,1311.0
2026-06-03 10:20:00+05:30,7008.0,7010.5,7000.0,7005.0,112.0
2026-06-03 10:25:00+05:30,7002.0,7015.5,6994.5,7015.5,153.0
2026-06-03 10:30:00+05:30,7015.0,7015.0,6995.0,6995.5,78.0
2026-06-03 10:35:00+05:30,6995.5,7008.5,6993.0,7008.5,84.0
2026-06-03 10:40:00+05:30,7008.5,7011.0,7003.5,7007.0,175.0
2026-06-03 10:45:00+05:30,7000.5,7007.0,6998.5,6998.5,98.0
2026-06-03 10:50:00+05:30,7003.0,7008.0,6994.0,6996.0,67.0
2026-06-03 10:55:00+05:30,7000.0,7006.0,6993.0,6993.0,108.0
2026-06-03 11:00:00+05:30,6995.0,7004.5,6992.0,6992.0,467.0
2026-06-03 11:05:00+05:30,6992.0,6992.0,6980.0,6982.0,3018.0
2026-06-03 11:10:00+05:30,6981.0,6997.5,6980.0,6989.5,277.0
2026-06-03 11:15:00+05:30,6991.0,6997.5,6980.5,6993.5,335.0
2026-06-03 11:20:00+05:30,6991.0,6995.5,6984.5,6988.0,121.0
2026-06-03 11:25:00+05:30,6990.0,6995.5,6981.5,6982.0,75.0
2026-06-03 11:30:00+05:30,6982.0,6992.5,6981.0,6981.0,171.0
2026-06-03 11:35:00+05:30,6989.0,6993.5,6985.0,6987.5,65.0
2026-06-03 11:40:00+05:30,6987.5,6997.0,6982.0,6991.0,120.0
2026-06-03 11:45:00+05:30,6989.5,6994.5,6981.0,6990.5,183.0
2026-06-03 11:50:00+05:30,6988.5,6993.0,6984.0,6984.0,76.0
2026-06-03 11:55:00+05:30,6986.5,6991.0,6980.0,6984.5,106.0
2026-06-03 12:00:00+05:30,6980.0,6990.0,6980.0,6981.5,131.0
2026-06-03 12:05:00+05:30,6982.0,6987.5,6980.0,6986.0,295.0
2026-06-03 12:10:00+05:30,6985.0,6995.5,6981.0,6995.5,173.0
2026-06-03 12:15:00+05:30,6994.5,6996.0,6981.5,6989.0,130.0
2026-06-03 12:20:00+05:30,6989.5,6995.0,6985.0,6994.5,60.0
2026-06-03 12:25:00+05:30,6993.0,6998.0,6990.5,6998.0,62.0
2026-06-03 12:30:00+05:30,6998.0,7017.0,6997.5,7007.5,395.0
2026-06-03 12:35:00+05:30,7006.5,7020.0,7005.5,7020.0,213.0
2026-06-03 12:40:00+05:30,7020.0,7020.0,7012.0,7019.5,102.0
2026-06-03 12:45:00+05:30,7020.0,7020.0,7010.0,7013.0,182.0
2026-06-03 12:50:00+05:30,7013.0,7034.5,7010.0,7034.5,698.0
2026-06-03 12:55:00+05:30,7033.0,7045.0,7029.0,7031.5,920.0
2026-06-03 13:00:00+05:30,7039.0,7073.0,7033.5,7068.0,1383.0
2026-06-03 13:05:00+05:30,7068.0,7070.0,7062.5,7069.5,1535.0
2026-06-03 13:10:00+05:30,7067.0,7070.0,7057.5,7067.0,627.0
2026-06-03 13:15:00+05:30,7068.0,7077.0,7065.0,7069.5,869.0
2026-06-03 13:20:00+05:30,7070.0,7070.0,7061.5,7068.5,465.0
2026-06-03 13:25:00+05:30,7060.0,7068.5,7060.0,7065.0,705.0
2026-06-03 13:30:00+05:30,7065.0,7069.0,7062.5,7062.5,616.0
2026-06-03 13:35:00+05:30,7069.0,7070.0,7060.5,7069.5,433.0
2026-06-03 13:40:00+05:30,7070.0,7070.0,7061.5,7065.0,184.0
2026-06-03 13:45:00+05:30,7068.5,7079.0,7065.0,7067.0,292.0
2026-06-03 13:50:00+05:30,7073.0,7080.0,7065.0,7066.5,171.0
2026-06-03 13:55:00+05:30,7070.0,7075.5,7064.5,7065.0,147.0
2026-06-03 14:00:00+05:30,7071.5,7078.0,7064.5,7069.5,249.0
2026-06-03 14:05:00+05:30,7074.0,7078.0,7065.0,7073.0,130.0
2026-06-03 14:10:00+05:30,7076.5,7079.0,7060.0,7065.0,1096.0
2026-06-03 14:15:00+05:30,7069.5,7071.0,7056.5,7070.5,871.0
2026-06-03 14:20:00+05:30,7064.0,7078.0,7063.0,7072.5,205.0
2026-06-03 14:25:00+05:30,7071.0,7090.0,7060.5,7077.5,1235.0
2026-06-03 14:30:00+05:30,7083.0,7099.5,7080.5,7093.0,1404.0
2026-06-03 14:35:00+05:30,7086.5,7100.0,7085.0,7097.0,1158.0
2026-06-03 14:40:00+05:30,7094.5,7107.5,7092.0,7100.0,1029.0
2026-06-03 14:45:00+05:30,7100.0,7105.0,7099.5,7103.0,155.0
2026-06-03 14:50:00+05:30,7103.0,7108.5,7090.0,7097.5,528.0
2026-06-03 14:55:00+05:30,7097.5,7110.0,7085.5,7104.5,493.0
2026-06-03 15:00:00+05:30,7102.0,7110.0,7088.0,7106.5,1073.0
2026-06-03 15:05:00+05:30,7100.0,7110.0,7099.0,7100.0,486.0
2026-06-03 15:10:00+05:30,7105.0,7105.5,7088.5,7100.5,1020.0
2026-06-03 15:15:00+05:30,7091.0,7106.0,7091.0,7106.0,1637.0
2026-06-03 15:20:00+05:30,7106.0,7124.0,7096.5,7122.0,3122.0
2026-06-03 15:25:00+05:30,7118.5,7145.0,7108.0,7139.5,2053.0
2026-06-04 09:15:00+05:30,7147.0,7179.0,7102.5,7163.0,1070.0
2026-06-04 09:20:00+05:30,7161.0,7174.0,7155.0,7163.5,1154.0
2026-06-04 09:25:00+05:30,7160.0,7160.0,7136.5,7146.0,656.0
2026-06-04 09:30:00+05:30,7140.0,7141.0,7131.0,7131.0,398.0
2026-06-04 09:35:00+05:30,7139.5,7140.0,7125.0,7125.0,221.0
2026-06-04 09:40:00+05:30,7120.0,7120.0,7100.5,7115.0,357.0
2026-06-04 09:45:00+05:30,7115.0,7123.5,7059.5,7073.0,1193.0
2026-06-04 09:50:00+05:30,7073.0,7081.0,7057.5,7081.0,398.0
2026-06-04 09:55:00+05:30,7085.0,7085.0,7068.0,7076.0,361.0
2026-06-04 10:00:00+05:30,7076.0,7111.0,7071.0,7102.0,607.0
2026-06-04 10:05:00+05:30,7100.0,7122.0,7089.0,7103.0,1713.0
2026-06-04 10:10:00+05:30,7109.0,7109.0,7070.5,7077.0,482.0
2026-06-04 10:15:00+05:30,7079.5,7106.5,7075.0,7083.0,548.0
2026-06-04 10:20:00+05:30,7087.0,7094.0,7074.0,7094.0,213.0
2026-06-04 10:25:00+05:30,7089.5,7092.0,7084.5,7092.0,35.0
2026-06-04 10:30:00+05:30,7083.0,7085.0,7076.0,7079.0,56.0
2026-06-04 10:35:00+05:30,7075.5,7083.0,7075.0,7076.5,106.0
2026-06-04 10:40:00+05:30,7076.5,7076.5,7075.0,7075.0,72.0
2026-06-04 10:45:00+05:30,7076.5,7079.5,7065.5,7065.5,331.0
2026-06-04 10:50:00+05:30,7065.0,7097.5,7065.0,7097.5,250.0
2026-06-04 10:55:00+05:30,7086.5,7090.0,7077.0,7089.0,74.0
2026-06-04 11:00:00+05:30,7081.5,7098.0,7077.0,7077.0,334.0
2026-06-04 11:05:00+05:30,7076.5,7087.5,7074.0,7074.0,22.0
2026-06-04 11:10:00+05:30,7074.0,7084.5,7065.0,7065.5,139.0
2026-06-04 11:15:00+05:30,7065.5,7070.0,7050.0,7066.0,1054.0
2026-06-04 11:20:00+05:30,7066.0,7079.0,7066.0,7075.0,201.0
2026-06-04 11:25:00+05:30,7075.0,7077.0,7066.0,7077.0,126.0
2026-06-04 11:30:00+05:30,7073.5,7090.0,7070.5,7080.5,526.0
2026-06-04 11:35:00+05:30,7084.0,7088.0,7084.0,7084.0,23.0
2026-06-04 11:40:00+05:30,7084.0,7084.0,7084.0,7084.0,8.0
2026-06-04 11:45:00+05:30,7084.0,7102.0,7084.0,7099.5,135.0
2026-06-04 11:50:00+05:30,7100.5,7111.0,7098.0,7098.0,114.0
2026-06-04 11:55:00+05:30,7098.0,7110.0,7095.0,7095.5,133.0
2026-06-04 12:00:00+05:30,7103.5,7109.0,7093.0,7100.5,75.0
2026-06-04 12:05:00+05:30,7093.5,7101.0,7091.0,7091.0,72.0
2026-06-04 12:10:00+05:30,7109.0,7124.0,7102.0,7124.0,476.0
2026-06-04 12:15:00+05:30,7124.0,7124.0,7106.5,7109.5,517.0
2026-06-04 12:20:00+05:30,7119.5,7130.0,7113.0,7115.5,315.0
2026-06-04 12:25:00+05:30,7120.5,7132.5,7120.5,7127.0,233.0
2026-06-04 12:30:00+05:30,7127.0,7127.0,7102.0,7110.0,256.0
2026-06-04 12:35:00+05:30,7110.0,7115.5,7107.0,7115.5,54.0
2026-06-04 12:40:00+05:30,7115.5,7117.5,7106.5,7116.0,59.0
2026-06-04 12:45:00+05:30,7115.5,7115.5,7108.0,7110.0,20.0
2026-06-04 12:50:00+05:30,7121.5,7121.5,7102.0,7113.5,608.0
2026-06-04 12:55:00+05:30,7110.0,7117.0,7104.5,7106.5,83.0
2026-06-04 13:00:00+05:30,7111.5,7124.0,7107.5,7107.5,180.0
2026-06-04 13:05:00+05:30,7107.5,7117.5,7107.0,7112.0,13.0
2026-06-04 13:10:00+05:30,7112.0,7112.0,7081.0,7081.0,708.0
2026-06-04 13:15:00+05:30,7080.0,7105.0,7080.0,7091.5,185.0
2026-06-04 13:20:00+05:30,7091.5,7092.5,7091.5,7092.0,24.0
2026-06-04 13:25:00+05:30,7092.0,7117.0,7091.0,7102.5,335.0
2026-06-04 13:30:00+05:30,7102.0,7102.0,7094.5,7094.5,34.0
2026-06-04 13:35:00+05:30,7094.5,7099.0,7081.0,7083.0,246.0
2026-06-04 13:40:00+05:30,7083.5,7095.5,7080.0,7086.0,606.0
2026-06-04 13:45:00+05:30,7092.5,7095.5,7071.0,7082.5,1306.0
2026-06-04 13:50:00+05:30,7083.5,7090.0,7083.5,7085.0,141.0
2026-06-04 13:55:00+05:30,7085.0,7088.5,7082.0,7086.5,14.0
2026-06-04 14:00:00+05:30,7090.0,7090.0,7081.5,7081.5,508.0
2026-06-04 14:05:00+05:30,7081.5,7081.5,7081.5,7081.5,0.0
2026-06-04 14:10:00+05:30,7081.5,7089.0,7077.5,7078.5,48.0
2026-06-04 14:15:00+05:30,7078.5,7088.5,7078.5,7079.0,50.0
2026-06-04 14:20:00+05:30,7079.0,7081.0,7072.5,7072.5,22.0
2026-06-04 14:25:00+05:30,7072.5,7082.5,7072.5,7073.0,79.0
2026-06-04 14:30:00+05:30,7073.0,7079.5,7065.5,7075.0,257.0
2026-06-04 14:35:00+05:30,7065.0,7073.5,7062.0,7063.5,309.0
2026-06-04 14:40:00+05:30,7073.0,7089.5,7066.0,7081.0,294.0
2026-06-04 14:45:00+05:30,7080.0,7095.0,7080.0,7086.0,257.0
2026-06-04 14:50:00+05:30,7086.0,7092.5,7067.0,7067.0,405.0
2026-06-04 14:55:00+05:30,7064.5,7079.0,7062.0,7069.5,128.0
2026-06-04 15:00:00+05:30,7076.5,7089.0,7066.0,7074.5,421.0
2026-06-04 15:05:00+05:30,7073.5,7097.0,7073.5,7079.0,1049.0
2026-06-04 15:10:00+05:30,7078.5,7086.0,7076.0,7076.0,254.0
2026-06-04 15:15:00+05:30,7080.5,7094.0,7035.0,7052.5,1428.0
2026-06-04 15:20:00+05:30,7062.0,7062.0,7048.0,7048.5,351.0
2026-06-04 15:25:00+05:30,7048.0,7095.0,7048.0,7050.0,442.0
2026-06-05 09:15:00+05:30,7146.5,7146.5,7077.0,7080.0,576.0
2026-06-05 09:20:00+05:30,7081.5,7097.5,7075.0,7084.5,279.0
2026-06-05 09:25:00+05:30,7083.0,7089.0,7080.5,7081.0,176.0
2026-06-05 09:30:00+05:30,7082.0,7095.0,7082.0,7095.0,55.0
2026-06-05 09:35:00+05:30,7096.5,7096.5,7080.5,7087.0,173.0
2026-06-05 09:40:00+05:30,7087.0,7116.0,7085.5,7116.0,145.0
2026-06-05 09:45:00+05:30,7114.0,7117.0,7101.5,7101.5,104.0
2026-06-05 09:50:00+05:30,7109.5,7116.0,7096.5,7096.5,175.0
2026-06-05 09:55:00+05:30,7092.0,7105.0,7092.0,7095.0,218.0
2026-06-05 10:00:00+05:30,7091.5,7091.5,7055.5,7089.5,605.0
2026-06-05 10:05:00+05:30,7081.0,7089.5,7073.0,7085.0,176.0
2026-06-05 10:10:00+05:30,7086.0,7095.0,7086.0,7095.0,49.0
2026-06-05 10:15:00+05:30,7088.0,7090.0,7082.5,7082.5,41.0
2026-06-05 10:20:00+05:30,7090.0,7094.0,7083.0,7083.0,41.0
2026-06-05 10:25:00+05:30,7095.0,7095.0,7093.0,7095.0,23.0
2026-06-05 10:30:00+05:30,7090.0,7094.5,7082.5,7082.5,107.0
2026-06-05 10:35:00+05:30,7082.5,7087.0,7070.0,7075.0,149.0
2026-06-05 10:40:00+05:30,7080.0,7080.0,7049.0,7053.0,649.0
2026-06-05 10:45:00+05:30,7053.0,7069.0,7050.0,7069.0,160.0
2026-06-05 10:50:00+05:30,7064.0,7069.0,7062.0,7063.5,21.0
2026-06-05 10:55:00+05:30,7060.5,7083.5,7060.5,7083.5,50.0
2026-06-05 11:00:00+05:30,7088.5,7088.5,7080.5,7086.0,12.0
2026-06-05 11:05:00+05:30,7085.5,7085.5,7065.5,7072.5,99.0
2026-06-05 11:10:00+05:30,7071.0,7080.0,7071.0,7071.0,28.0
2026-06-05 11:15:00+05:30,7071.0,7075.0,7065.5,7075.0,32.0
2026-06-05 11:20:00+05:30,7080.0,7080.0,7070.0,7075.5,82.0
2026-06-05 11:25:00+05:30,7075.5,7075.5,7071.5,7071.5,8.0
2026-06-05 11:30:00+05:30,7072.0,7078.0,7072.0,7078.0,19.0
2026-06-05 11:35:00+05:30,7078.0,7080.0,7073.5,7073.5,47.0
2026-06-05 11:40:00+05:30,7080.0,7080.0,7077.5,7077.5,6.0
2026-06-05 11:45:00+05:30,7077.5,7079.0,7077.5,7078.5,13.0
2026-06-05 11:50:00+05:30,7074.0,7080.0,7071.5,7076.5,146.0
2026-06-05 11:55:00+05:30,7077.0,7082.5,7073.0,7073.0,16.0
2026-06-05 12:00:00+05:30,7080.5,7085.5,7080.5,7085.0,154.0
2026-06-05 12:05:00+05:30,7087.5,7091.0,7085.0,7087.0,56.0
2026-06-05 12:10:00+05:30,7087.0,7087.0,7081.0,7081.0,32.0
2026-06-05 12:15:00+05:30,7081.0,7083.0,7080.0,7080.0,23.0
2026-06-05 12:20:00+05:30,7080.0,7080.0,7075.5,7080.0,90.0
2026-06-05 12:25:00+05:30,7080.0,7080.0,7077.5,7080.0,46.0
2026-06-05 12:30:00+05:30,7078.0,7078.0,7065.0,7066.0,113.0
2026-06-05 12:35:00+05:30,7067.0,7067.0,7051.5,7054.5,116.0
2026-06-05 12:40:00+05:30,7061.0,7065.0,7053.0,7053.0,57.0
2026-06-05 12:45:00+05:30,7054.0,7071.0,7054.0,7071.0,126.0
2026-06-05 12:50:00+05:30,7071.0,7071.0,7060.0,7062.5,336.0
2026-06-05 12:55:00+05:30,7060.0,7064.0,7051.0,7051.0,81.0
2026-06-05 13:00:00+05:30,7051.0,7063.5,7040.0,7063.5,529.0
2026-06-05 13:05:00+05:30,7067.5,7070.0,7052.0,7063.0,292.0
2026-06-05 13:10:00+05:30,7056.5,7058.5,7056.5,7058.5,12.0
2026-06-05 13:15:00+05:30,7058.5,7064.5,7058.5,7059.5,20.0
2026-06-05 13:20:00+05:30,7059.0,7059.0,7044.0,7048.5,109.0
2026-06-05 13:25:00+05:30,7048.5,7050.0,7048.0,7050.0,47.0
2026-06-05 13:30:00+05:30,7044.0,7053.0,7035.5,7039.0,145.0
2026-06-05 13:35:00+05:30,7039.0,7039.0,7000.0,7008.0,876.0
2026-06-05 13:40:00+05:30,7004.5,7019.5,7004.5,7018.5,605.0
2026-06-05 13:45:00+05:30,7019.0,7024.5,7018.5,7019.5,229.0
2026-06-05 13:50:00+05:30,7021.0,7021.0,7000.0,7000.0,603.0
2026-06-05 13:55:00+05:30,7000.0,7001.5,6990.0,7000.0,183.0
2026-06-05 14:00:00+05:30,7006.5,7010.0,7006.5,7007.5,41.0
2026-06-05 14:05:00+05:30,7007.5,7010.0,7007.5,7010.0,84.0
2026-06-05 14:10:00+05:30,7010.0,7013.0,6993.5,7007.5,173.0
2026-06-05 14:15:00+05:30,7007.5,7008.0,6992.5,6995.0,131.0
2026-06-05 14:20:00+05:30,6993.5,6999.5,6982.5,6999.5,403.0
2026-06-05 14:25:00+05:30,6997.0,7038.5,6997.0,7033.0,924.0
2026-06-05 14:30:00+05:30,7027.0,7042.5,7023.5,7035.0,321.0
2026-06-05 14:35:00+05:30,7032.5,7037.5,7010.5,7022.0,251.0
2026-06-05 14:40:00+05:30,7037.5,7043.0,7028.0,7039.5,173.0
2026-06-05 14:45:00+05:30,7045.0,7050.0,7038.5,7039.0,123.0
2026-06-05 14:50:00+05:30,7035.5,7046.5,7033.5,7033.5,147.0
2026-06-05 14:55:00+05:30,7033.5,7033.5,7008.0,7020.0,533.0
2026-06-05 15:00:00+05:30,7015.5,7015.5,7005.5,7013.0,51.0
2026-06-05 15:05:00+05:30,7012.0,7020.0,7008.0,7018.0,401.0
2026-06-05 15:10:00+05:30,7018.0,7018.0,7007.5,7007.5,119.0
2026-06-05 15:15:00+05:30,7004.0,7017.5,6991.0,7013.0,348.0
2026-06-05 15:20:00+05:30,7012.5,7017.5,6990.0,7010.0,900.0
2026-06-05 15:25:00+05:30,7010.0,7052.5,6941.0,7050.0,1897.0
2026-06-08 09:15:00+05:30,7010.5,7010.5,6944.5,6944.5,332.0
2026-06-08 09:20:00+05:30,6952.0,6958.5,6934.5,6948.5,949.0
2026-06-08 09:25:00+05:30,6948.0,6950.5,6915.0,6921.5,410.0
2026-06-08 09:30:00+05:30,6929.5,6940.0,6921.5,6940.0,324.0
2026-06-08 09:35:00+05:30,6939.0,6939.0,6895.0,6900.0,426.0
2026-06-08 09:40:00+05:30,6905.5,6905.5,6870.5,6882.0,616.0
2026-06-08 09:45:00+05:30,6877.5,6896.5,6875.0,6880.0,150.0
2026-06-08 09:50:00+05:30,6878.5,6900.0,6875.0,6894.5,169.0
2026-06-08 09:55:00+05:30,6894.5,6903.0,6888.5,6900.0,349.0
2026-06-08 10:00:00+05:30,6898.0,6905.0,6892.0,6900.0,134.0
2026-06-08 10:05:00+05:30,6898.5,6899.5,6875.0,6889.5,208.0
2026-06-08 10:10:00+05:30,6887.5,6887.5,6875.0,6885.0,259.0
2026-06-08 10:15:00+05:30,6880.0,6890.0,6868.0,6880.0,645.0
2026-06-08 10:20:00+05:30,6880.0,6889.5,6876.0,6880.0,109.0
2026-06-08 10:25:00+05:30,6880.0,6890.0,6870.5,6890.0,395.0
2026-06-08 10:30:00+05:30,6890.0,6895.5,6888.0,6890.0,79.0
2026-06-08 10:35:00+05:30,6890.0,6898.5,6887.5,6892.5,75.0
2026-06-08 10:40:00+05:30,6897.0,6919.0,6892.0,6914.0,263.0
2026-06-08 10:45:00+05:30,6907.5,6915.0,6906.0,6915.0,55.0
2026-06-08 10:50:00+05:30,6915.0,6925.0,6915.0,6917.0,111.0
2026-06-08 10:55:00+05:30,6922.0,6925.0,6917.0,6925.0,122.0
2026-06-08 11:00:00+05:30,6925.0,6925.0,6920.0,6920.0,53.0
2026-06-08 11:05:00+05:30,6920.0,6924.5,6917.0,6917.0,197.0
2026-06-08 11:10:00+05:30,6917.0,6922.5,6917.0,6917.0,45.0
2026-06-08 11:15:00+05:30,6914.0,6919.5,6908.5,6912.0,45.0
2026-06-08 11:20:00+05:30,6913.0,6921.0,6900.0,6906.0,372.0
2026-06-08 11:25:00+05:30,6909.5,6909.5,6900.0,6902.5,38.0
2026-06-08 11:30:00+05:30,6902.5,6902.5,6885.0,6888.0,540.0
2026-06-08 11:35:00+05:30,6886.5,6895.5,6885.5,6895.0,41.0
2026-06-08 11:40:00+05:30,6889.0,6896.0,6889.0,6896.0,21.0
2026-06-08 11:45:00+05:30,6896.0,6896.0,6875.5,6885.0,1196.0
2026-06-08 11:50:00+05:30,6879.0,6895.0,6879.0,6892.5,193.0
2026-06-08 11:55:00+05:30,6899.0,6899.5,6890.5,6891.5,38.0
2026-06-08 12:00:00+05:30,6897.5,6897.5,6883.0,6890.0,98.0
2026-06-08 12:05:00+05:30,6890.5,6904.5,6883.0,6904.5,74.0
2026-06-08 12:10:00+05:30,6900.5,6907.5,6900.5,6907.5,130.0
2026-06-08 12:15:00+05:30,6905.0,6916.0,6905.0,6912.0,71.0
2026-06-08 12:20:00+05:30,6912.0,6919.0,6910.5,6911.0,68.0
2026-06-08 12:25:00+05:30,6918.0,6923.0,6912.5,6923.0,182.0
2026-06-08 12:30:00+05:30,6923.0,6923.0,6913.5,6919.5,9.0
2026-06-08 12:35:00+05:30,6919.5,6919.5,6910.0,6910.0,74.0
2026-06-08 12:40:00+05:30,6905.5,6916.5,6903.0,6916.5,78.0
2026-06-08 12:45:00+05:30,6917.0,6920.0,6911.5,6916.5,49.0
2026-06-08 12:50:00+05:30,6919.5,6919.5,6916.5,6916.5,24.0
2026-06-08 12:55:00+05:30,6920.0,6930.0,6919.0,6919.0,845.0
2026-06-08 13:00:00+05:30,6919.0,6922.5,6915.0,6915.0,247.0
2026-06-08 13:05:00+05:30,6915.0,6915.0,6905.5,6905.5,56.0
2026-06-08 13:10:00+05:30,6914.5,6914.5,6903.5,6911.5,28.0
2026-06-08 13:15:00+05:30,6911.5,6911.5,6905.5,6905.5,15.0
2026-06-08 13:20:00+05:30,6907.0,6911.0,6905.5,6905.5,20.0
2026-06-08 13:25:00+05:30,6905.5,6911.0,6904.0,6910.0,45.0
2026-06-08 13:30:00+05:30,6910.0,6910.0,6903.0,6909.0,21.0
2026-06-08 13:35:00+05:30,6909.0,6909.5,6907.5,6909.5,57.0
2026-06-08 13:40:00+05:30,6906.0,6911.0,6904.0,6904.0,152.0
2026-06-08 13:45:00+05:30,6908.0,6908.0,6897.5,6900.0,177.0
2026-06-08 13:50:00+05:30,6898.0,6899.0,6868.0,6869.5,628.0
2026-06-08 13:55:00+05:30,6867.5,6871.5,6850.0,6851.0,529.0
2026-06-08 14:00:00+05:30,6851.0,6865.0,6851.0,6865.0,317.0
2026-06-08 14:05:00+05:30,6870.5,6871.0,6852.5,6852.5,66.0
2026-06-08 14:10:00+05:30,6862.0,6862.0,6856.5,6856.5,19.0
2026-06-08 14:15:00+05:30,6857.0,6881.5,6857.0,6873.0,321.0
2026-06-08 14:20:00+05:30,6871.5,6876.5,6863.0,6863.0,91.0
2026-06-08 14:25:00+05:30,6856.0,6858.5,6852.0,6858.5,97.0
2026-06-08 14:30:00+05:30,6852.5,6860.0,6852.5,6854.5,170.0
2026-06-08 14:35:00+05:30,6859.5,6871.0,6859.5,6866.5,156.0
2026-06-08 14:40:00+05:30,6870.5,6878.0,6865.0,6877.0,116.0
2026-06-08 14:45:00+05:30,6880.0,6892.0,6877.5,6881.5,136.0
2026-06-08 14:50:00+05:30,6886.0,6887.5,6874.0,6882.5,50.0
2026-06-08 14:55:00+05:30,6879.0,6885.0,6875.0,6876.0,88.0
2026-06-08 15:00:00+05:30,6880.0,6883.5,6860.5,6874.5,632.0
2026-06-08 15:05:00+05:30,6869.0,6889.5,6866.5,6889.5,756.0
2026-06-08 15:10:00+05:30,6893.0,6893.0,6865.0,6865.5,387.0
2026-06-08 15:15:00+05:30,6869.0,6869.0,6852.5,6861.0,496.0
2026-06-08 15:20:00+05:30,6861.5,6862.0,6852.0,6860.0,487.0
2026-06-08 15:25:00+05:30,6859.5,6881.0,6857.0,6881.0,743.0
2026-06-09 09:15:00+05:30,6948.5,6953.0,6902.0,6916.5,330.0
2026-06-09 09:20:00+05:30,6917.0,6917.5,6905.5,6916.0,94.0
2026-06-09 09:25:00+05:30,6911.0,6921.5,6911.0,6921.5,86.0
2026-06-09 09:30:00+05:30,6924.5,6970.0,6920.0,6959.0,625.0
2026-06-09 09:35:00+05:30,6965.5,6974.0,6958.0,6958.0,150.0
2026-06-09 09:40:00+05:30,6953.0,6957.0,6949.0,6951.0,298.0
2026-06-09 09:45:00+05:30,6949.0,6960.5,6945.5,6951.0,116.0
2026-06-09 09:50:00+05:30,6957.0,6957.0,6940.5,6953.5,166.0
2026-06-09 09:55:00+05:30,6945.5,6957.0,6930.0,6930.0,136.0
2026-06-09 10:00:00+05:30,6936.5,6936.5,6930.0,6930.0,33.0
2026-06-09 10:05:00+05:30,6930.0,6930.0,6915.0,6915.0,117.0
2026-06-09 10:10:00+05:30,6929.0,6943.5,6929.0,6935.5,33.0
2026-06-09 10:15:00+05:30,6933.0,6939.0,6923.5,6923.5,89.0
2026-06-09 10:20:00+05:30,6922.0,6927.5,6922.0,6922.0,19.0
2026-06-09 10:25:00+05:30,6925.5,6927.5,6918.0,6918.0,56.0
2026-06-09 10:30:00+05:30,6918.0,6926.5,6918.0,6926.5,18.0
2026-06-09 10:35:00+05:30,6926.5,6927.5,6920.0,6923.0,59.0
2026-06-09 10:40:00+05:30,6923.0,6927.5,6923.0,6924.0,34.0
2026-06-09 10:45:00+05:30,6934.5,6944.0,6933.5,6938.5,302.0
2026-06-09 10:50:00+05:30,6938.5,6943.0,6905.0,6905.0,325.0
2026-06-09 10:55:00+05:30,6903.0,6903.0,6881.0,6897.5,214.0
2026-06-09 11:00:00+05:30,6887.0,6893.5,6885.5,6893.5,136.0
2026-06-09 11:05:00+05:30,6893.5,6897.0,6893.0,6897.0,32.0
2026-06-09 11:10:00+05:30,6896.0,6898.5,6891.0,6898.5,29.0
2026-06-09 11:15:00+05:30,6894.5,6905.0,6885.5,6885.5,930.0
2026-06-09 11:20:00+05:30,6885.5,6885.5,6880.0,6880.0,62.0
2026-06-09 11:25:00+05:30,6880.0,6888.0,6880.0,6888.0,10.0
2026-06-09 11:30:00+05:30,6896.5,6896.5,6881.5,6886.5,134.0
2026-06-09 11:35:00+05:30,6894.5,6894.5,6889.0,6889.0,13.0
2026-06-09 11:40:00+05:30,6889.0,6895.0,6889.0,6889.0,24.0
2026-06-09 11:45:00+05:30,6889.0,6895.0,6888.5,6888.5,107.0
2026-06-09 11:50:00+05:30,6888.5,6893.5,6888.0,6890.5,31.0
2026-06-09 11:55:00+05:30,6890.5,6895.5,6890.5,6890.5,19.0
2026-06-09 12:00:00+05:30,6890.5,6898.5,6890.5,6898.0,2.0
2026-06-09 12:05:00+05:30,6898.0,6898.5,6890.5,6890.5,97.0
2026-06-09 12:10:00+05:30,6890.5,6899.5,6885.5,6899.5,177.0
2026-06-09 12:15:00+05:30,6899.5,6899.5,6896.5,6896.5,16.0
2026-06-09 12:20:00+05:30,6896.5,6896.5,6894.0,6894.0,7.0
2026-06-09 12:25:00+05:30,6895.5,6900.0,6895.5,6900.0,64.0
2026-06-09 12:30:00+05:30,6900.0,6900.0,6895.0,6899.5,17.0
2026-06-09 12:35:00+05:30,6899.5,6903.0,6899.5,6900.0,63.0
2026-06-09 12:40:00+05:30,6896.5,6905.0,6896.5,6905.0,145.0
2026-06-09 12:45:00+05:30,6905.0,6907.5,6890.0,6897.0,1075.0
2026-06-09 12:50:00+05:30,6900.0,6900.0,6870.0,6881.0,864.0
2026-06-09 12:55:00+05:30,6880.0,6880.0,6868.0,6872.5,152.0
2026-06-09 13:00:00+05:30,6875.5,6877.5,6870.0,6877.5,79.0
2026-06-09 13:05:00+05:30,6878.0,6878.5,6870.5,6878.5,34.0
2026-06-09 13:10:00+05:30,6878.5,6878.5,6877.0,6878.5,23.0
2026-06-09 13:15:00+05:30,6878.5,6878.5,6877.0,6878.5,5.0
2026-06-09 13:20:00+05:30,6878.5,6878.5,6876.0,6876.5,8.0
2026-06-09 13:25:00+05:30,6876.5,6876.5,6870.0,6870.5,69.0
2026-06-09 13:30:00+05:30,6875.0,6878.5,6867.0,6867.0,56.0
2026-06-09 13:35:00+05:30,6867.0,6874.0,6853.5,6863.5,188.0
2026-06-09 13:40:00+05:30,6854.0,6865.0,6854.0,6865.0,220.0
2026-06-09 13:45:00+05:30,6865.0,6871.5,6855.0,6864.0,172.0
2026-06-09 13:50:00+05:30,6864.0,6867.5,6864.0,6865.0,23.0
2026-06-09 13:55:00+05:30,6865.0,6865.0,6851.0,6856.5,85.0
2026-06-09 14:00:00+05:30,6857.0,6864.5,6857.0,6864.5,11.0
2026-06-09 14:05:00+05:30,6864.5,6865.0,6857.5,6865.0,17.0
2026-06-09 14:10:00+05:30,6847.5,6847.5,6835.0,6842.0,538.0
2026-06-09 14:15:00+05:30,6847.5,6850.0,6844.5,6850.0,742.0
2026-06-09 14:20:00+05:30,6854.0,6865.0,6854.0,6860.0,321.0
2026-06-09 14:25:00+05:30,6863.5,6865.0,6863.5,6865.0,227.0
2026-06-09 14:30:00+05:30,6865.0,6873.0,6860.0,6861.5,275.0
2026-06-09 14:35:00+05:30,6861.5,6861.5,6860.0,6860.0,8.0
2026-06-09 14:40:00+05:30,6854.5,6860.0,6850.0,6860.0,521.0
2026-06-09 14:45:00+05:30,6860.0,6865.0,6850.0,6860.0,269.0
2026-06-09 14:50:00+05:30,6859.5,6868.5,6853.0,6868.5,313.0
2026-06-09 14:55:00+05:30,6861.5,6873.0,6861.0,6873.0,217.0
2026-06-09 15:00:00+05:30,6873.0,6878.0,6865.0,6870.5,168.0
2026-06-09 15:05:00+05:30,6876.5,6877.0,6845.0,6849.5,1356.0
2026-06-09 15:10:00+05:30,6849.5,6862.5,6848.0,6851.5,640.0
2026-06-09 15:15:00+05:30,6850.0,6864.0,6842.0,6851.0,705.0
2026-06-09 15:20:00+05:30,6851.0,6860.5,6841.5,6852.5,897.0
2026-06-09 15:25:00+05:30,6852.5,6868.0,6842.5,6868.0,804.0
2026-06-10 09:15:00+05:30,6855.0,6899.0,6855.0,6886.0,315.0
2026-06-10 09:20:00+05:30,6877.0,6900.5,6875.0,6900.5,231.0
2026-06-10 09:25:00+05:30,6900.0,6919.5,6899.5,6910.0,155.0
2026-06-10 09:30:00+05:30,6910.0,6928.5,6901.0,6920.0,205.0
2026-06-10 09:35:00+05:30,6915.5,6916.5,6895.5,6902.5,150.0
2026-06-10 09:40:00+05:30,6902.5,6911.5,6902.5,6911.5,44.0
2026-06-10 09:45:00+05:30,6919.0,6919.0,6903.0,6910.5,326.0
2026-06-10 09:50:00+05:30,6905.5,6907.5,6881.0,6881.0,224.0
2026-06-10 09:55:00+05:30,6881.0,6898.0,6871.0,6898.0,185.0
2026-06-10 10:00:00+05:30,6891.5,6891.5,6868.0,6872.0,317.0
2026-06-10 10:05:00+05:30,6872.0,6872.0,6861.0,6865.5,114.0
2026-06-10 10:10:00+05:30,6865.5,6870.5,6859.5,6859.5,148.0
2026-06-10 10:15:00+05:30,6859.5,6869.5,6859.5,6869.5,25.0
2026-06-10 10:20:00+05:30,6862.5,6868.5,6850.5,6850.5,132.0
2026-06-10 10:25:00+05:30,6850.5,6855.0,6850.5,6853.0,40.0
2026-06-10 10:30:00+05:30,6866.5,6870.0,6866.5,6870.0,539.0
2026-06-10 10:35:00+05:30,6865.0,6868.5,6851.0,6852.0,121.0
2026-06-10 10:40:00+05:30,6852.5,6852.5,6852.5,6852.5,2.0
2026-06-10 10:45:00+05:30,6852.5,6860.0,6852.0,6859.5,115.0
2026-06-10 10:50:00+05:30,6852.0,6859.5,6852.0,6854.0,66.0
2026-06-10 10:55:00+05:30,6860.0,6860.0,6852.0,6859.5,128.0
2026-06-10 11:00:00+05:30,6859.5,6859.5,6840.5,6850.0,285.0
2026-06-10 11:05:00+05:30,6848.0,6851.0,6835.0,6835.5,264.0
2026-06-10 11:10:00+05:30,6844.0,6849.0,6840.5,6849.0,278.0
2026-06-10 11:15:00+05:30,6841.5,6848.0,6841.5,6846.0,96.0
2026-06-10 11:20:00+05:30,6846.0,6850.0,6846.0,6850.0,22.0
2026-06-10 11:25:00+05:30,6846.5,6846.5,6828.0,6828.0,890.0
2026-06-10 11:30:00+05:30,6830.0,6850.0,6825.0,6849.5,869.0
2026-06-10 11:35:00+05:30,6849.5,6849.5,6839.5,6846.0,30.0
2026-06-10 11:40:00+05:30,6835.0,6841.5,6832.5,6832.5,102.0
2026-06-10 11:45:00+05:30,6838.5,6841.5,6832.5,6841.5,54.0
2026-06-10 11:50:00+05:30,6841.5,6844.0,6820.5,6826.5,204.0
2026-06-10 11:55:00+05:30,6826.5,6826.5,6816.0,6824.0,79.0
2026-06-10 12:00:00+05:30,6823.5,6825.0,6820.0,6823.0,14.0
2026-06-10 12:05:00+05:30,6813.0,6819.5,6805.0,6810.0,228.0
2026-06-10 12:10:00+05:30,6810.0,6818.5,6810.0,6810.5,120.0
2026-06-10 12:15:00+05:30,6812.0,6812.0,6790.5,6796.0,1264.0
2026-06-10 12:20:00+05:30,6795.0,6796.0,6771.5,6777.0,917.0
2026-06-10 12:25:00+05:30,6775.0,6781.0,6771.0,6773.5,117.0
2026-06-10 12:30:00+05:30,6773.5,6773.5,6770.0,6773.5,103.0
2026-06-10 12:35:00+05:30,6773.5,6773.5,6771.0,6773.5,80.0
2026-06-10 12:40:00+05:30,6771.5,6774.0,6767.0,6767.0,139.0
2026-06-10 12:45:00+05:30,6765.0,6767.0,6759.0,6767.0,152.0
2026-06-10 12:50:00+05:30,6763.5,6775.5,6760.5,6770.0,163.0
2026-06-10 12:55:00+05:30,6779.5,6779.5,6772.0,6779.5,76.0
2026-06-10 13:00:00+05:30,6782.5,6800.0,6782.5,6800.0,155.0
2026-06-10 13:05:00+05:30,6802.0,6806.0,6800.0,6800.5,189.0
2026-06-10 13:10:00+05:30,6800.5,6805.5,6800.5,6805.0,16.0
2026-06-10 13:15:00+05:30,6803.5,6815.0,6803.5,6810.0,206.0
2026-06-10 13:20:00+05:30,6810.0,6810.0,6802.5,6809.5,11.0
2026-06-10 13:25:00+05:30,6810.0,6832.0,6810.0,6832.0,282.0
2026-06-10 13:30:00+05:30,6832.0,6832.0,6816.5,6816.5,81.0
2026-06-10 13:35:00+05:30,6820.0,6840.0,6820.0,6826.0,192.0
2026-06-10 13:40:00+05:30,6826.0,6837.5,6826.0,6828.0,65.0
2026-06-10 13:45:00+05:30,6829.0,6837.0,6828.0,6828.5,27.0
2026-06-10 13:50:00+05:30,6828.5,6828.5,6819.5,6819.5,14.0
2026-06-10 13:55:00+05:30,6819.5,6828.0,6815.0,6815.0,118.0
2026-06-10 14:00:00+05:30,6815.0,6821.0,6815.0,6815.0,32.0
2026-06-10 14:05:00+05:30,6815.0,6815.0,6813.5,6813.5,32.0
2026-06-10 14:10:00+05:30,6813.0,6815.0,6808.5,6812.0,65.0
2026-06-10 14:15:00+05:30,6812.0,6812.5,6804.0,6812.5,75.0
2026-06-10 14:20:00+05:30,6806.0,6811.5,6806.0,6808.5,3.0
2026-06-10 14:25:00+05:30,6808.5,6825.0,6807.0,6816.5,256.0
2026-06-10 14:30:00+05:30,6821.0,6821.0,6797.5,6801.5,595.0
2026-06-10 14:35:00+05:30,6807.5,6809.0,6795.0,6800.0,96.0
2026-06-10 14:40:00+05:30,6800.0,6800.0,6788.5,6795.0,54.0
2026-06-10 14:45:00+05:30,6785.0,6794.0,6785.0,6794.0,93.0
2026-06-10 14:50:00+05:30,6794.0,6799.0,6786.0,6786.0,221.0
2026-06-10 14:55:00+05:30,6786.0,6798.0,6786.0,6791.5,95.0
2026-06-10 15:00:00+05:30,6793.0,6798.0,6775.0,6794.0,363.0
2026-06-10 15:05:00+05:30,6794.0,6794.0,6759.5,6760.0,938.0
2026-06-10 15:10:00+05:30,6775.0,6775.0,6744.0,6744.0,928.0
2026-06-10 15:15:00+05:30,6741.0,6750.5,6738.0,6750.0,576.0
2026-06-10 15:20:00+05:30,6748.5,6754.5,6732.0,6740.0,705.0
2026-06-10 15:25:00+05:30,6735.0,6740.0,6725.0,6735.0,1352.0
2026-06-11 09:15:00+05:30,6700.0,6744.0,6700.0,6725.0,348.0
2026-06-11 09:20:00+05:30,6725.0,6788.5,6725.0,6769.5,195.0
2026-06-11 09:25:00+05:30,6765.0,6787.5,6750.5,6766.5,983.0
2026-06-11 09:30:00+05:30,6767.0,6774.0,6747.5,6750.0,145.0
2026-06-11 09:35:00+05:30,6745.5,6783.0,6745.5,6778.0,369.0
2026-06-11 09:40:00+05:30,6777.0,6794.0,6772.0,6777.0,652.0
2026-06-11 09:45:00+05:30,6774.0,6779.5,6760.5,6764.0,245.0
2026-06-11 09:50:00+05:30,6760.0,6763.5,6751.0,6758.0,329.0
2026-06-11 09:55:00+05:30,6753.0,6760.5,6747.5,6760.5,140.0
2026-06-11 10:00:00+05:30,6762.5,6762.5,6748.0,6748.5,366.0
2026-06-11 10:05:00+05:30,6748.5,6769.0,6748.5,6756.0,364.0
2026-06-11 10:10:00+05:30,6756.0,6757.0,6748.5,6751.5,115.0
2026-06-11 10:15:00+05:30,6751.5,6755.0,6745.0,6753.5,261.0
2026-06-11 10:20:00+05:30,6753.5,6765.0,6743.5,6759.5,447.0
2026-06-11 10:25:00+05:30,6760.0,6770.0,6744.0,6744.0,392.0
2026-06-11 10:30:00+05:30,6730.0,6744.0,6730.0,6744.0,147.0
2026-06-11 10:35:00+05:30,6744.0,6744.0,6740.0,6740.0,60.0
2026-06-11 10:40:00+05:30,6737.0,6742.5,6730.5,6734.0,37.0
2026-06-11 10:45:00+05:30,6734.0,6735.0,6732.0,6732.0,24.0
2026-06-11 10:50:00+05:30,6731.0,6732.0,6723.0,6731.0,115.0
2026-06-11 10:55:00+05:30,6720.0,6724.5,6700.0,6700.0,1226.0
2026-06-11 11:00:00+05:30,6701.0,6707.0,6690.0,6697.5,280.0
2026-06-11 11:05:00+05:30,6691.5,6707.5,6691.5,6704.5,36.0
2026-06-11 11:10:00+05:30,6704.0,6708.0,6704.0,6707.0,9.0
2026-06-11 11:15:00+05:30,6686.0,6693.0,6675.0,6685.0,1173.0
2026-06-11 11:20:00+05:30,6689.5,6699.0,6679.0,6685.0,499.0
2026-06-11 11:25:00+05:30,6685.0,6699.0,6685.0,6699.0,215.0
2026-06-11 11:30:00+05:30,6696.0,6697.0,6685.5,6697.0,123.0
2026-06-11 11:35:00+05:30,6694.5,6699.5,6686.0,6686.0,32.0
2026-06-11 11:40:00+05:30,6688.5,6699.0,6688.5,6692.0,156.0
2026-06-11 11:45:00+05:30,6699.0,6709.0,6686.5,6697.0,167.0
2026-06-11 11:50:00+05:30,6697.0,6716.5,6697.0,6699.0,325.0
2026-06-11 11:55:00+05:30,6707.0,6707.0,6698.5,6705.5,156.0
2026-06-11 12:00:00+05:30,6700.5,6710.0,6698.0,6701.0,41.0
2026-06-11 12:05:00+05:30,6701.0,6701.5,6695.5,6700.0,110.0
2026-06-11 12:10:00+05:30,6700.0,6717.0,6700.0,6701.5,288.0
2026-06-11 12:15:00+05:30,6701.5,6720.0,6701.5,6715.0,14.0
2026-06-11 12:20:00+05:30,6715.0,6715.0,6710.5,6710.5,27.0
2026-06-11 12:25:00+05:30,6710.5,6714.5,6710.5,6714.5,16.0
2026-06-11 12:30:00+05:30,6715.0,6721.5,6714.5,6721.5,108.0
2026-06-11 12:35:00+05:30,6721.5,6721.5,6711.0,6713.0,85.0
2026-06-11 12:40:00+05:30,6719.0,6725.0,6710.0,6718.5,82.0
2026-06-11 12:45:00+05:30,6715.0,6720.0,6709.0,6709.0,99.0
2026-06-11 12:50:00+05:30,6707.0,6709.0,6700.5,6701.5,26.0
2026-06-11 12:55:00+05:30,6700.0,6716.0,6700.0,6709.0,102.0
2026-06-11 13:00:00+05:30,6712.5,6732.5,6709.5,6732.5,259.0
2026-06-11 13:05:00+05:30,6727.5,6731.0,6702.5,6714.5,527.0
2026-06-11 13:10:00+05:30,6705.0,6709.0,6705.0,6709.0,130.0
2026-06-11 13:15:00+05:30,6713.5,6726.0,6713.5,6722.5,525.0
2026-06-11 13:20:00+05:30,6722.5,6722.5,6700.0,6711.5,260.0
2026-06-11 13:25:00+05:30,6711.5,6718.0,6711.5,6718.0,4.0
2026-06-11 13:30:00+05:30,6718.0,6725.5,6713.0,6725.5,363.0
2026-06-11 13:35:00+05:30,6717.5,6723.5,6717.5,6718.5,43.0
2026-06-11 13:40:00+05:30,6721.0,6731.5,6713.0,6731.0,526.0
2026-06-11 13:45:00+05:30,6732.0,6735.0,6727.0,6730.5,117.0
2026-06-11 13:50:00+05:30,6736.0,6736.0,6722.5,6727.0,262.0
2026-06-11 13:55:00+05:30,6727.0,6736.5,6727.0,6732.0,128.0
2026-06-11 14:00:00+05:30,6737.0,6737.0,6731.5,6732.0,142.0
2026-06-11 14:05:00+05:30,6731.5,6734.5,6724.5,6724.5,30.0
2026-06-11 14:10:00+05:30,6720.0,6724.5,6720.0,6724.5,34.0
2026-06-11 14:15:00+05:30,6721.0,6723.0,6715.0,6716.5,272.0
2026-06-11 14:20:00+05:30,6716.5,6724.0,6716.5,6721.0,121.0
2026-06-11 14:25:00+05:30,6721.0,6725.0,6714.0,6714.0,169.0
2026-06-11 14:30:00+05:30,6711.5,6724.0,6700.5,6716.5,396.0
2026-06-11 14:35:00+05:30,6721.5,6724.0,6705.0,6707.0,634.0
2026-06-11 14:40:00+05:30,6712.0,6719.5,6707.0,6719.0,197.0
2026-06-11 14:45:00+05:30,6714.5,6724.0,6710.5,6720.5,144.0
2026-06-11 14:50:00+05:30,6718.5,6722.5,6710.0,6712.0,106.0
2026-06-11 14:55:00+05:30,6717.0,6722.0,6712.0,6716.0,101.0
2026-06-11 15:00:00+05:30,6720.0,6722.0,6712.0,6717.0,231.0
2026-06-11 15:05:00+05:30,6715.0,6742.0,6712.5,6719.0,2324.0
2026-06-11 15:10:00+05:30,6727.0,6729.0,6719.5,6724.0,433.0
2026-06-11 15:15:00+05:30,6728.0,6728.5,6700.5,6705.0,711.0
2026-06-11 15:20:00+05:30,6709.5,6710.0,6700.5,6700.5,557.0
2026-06-11 15:25:00+05:30,6700.5,6705.0,6687.0,6705.0,813.0
2026-06-12 09:15:00+05:30,6739.5,6826.0,6739.5,6820.5,613.0
2026-06-12 09:20:00+05:30,6818.5,6818.5,6797.5,6807.0,232.0
2026-06-12 09:25:00+05:30,6807.0,6850.0,6806.5,6842.0,931.0
2026-06-12 09:30:00+05:30,6849.5,6850.0,6792.0,6845.0,1724.0
2026-06-12 09:35:00+05:30,6853.0,6858.0,6838.5,6844.5,491.0
2026-06-12 09:40:00+05:30,6838.0,6840.0,6829.5,6840.0,111.0
2026-06-12 09:45:00+05:30,6840.0,6840.0,6825.5,6827.0,304.0
2026-06-12 09:50:00+05:30,6827.0,6830.0,6822.0,6822.0,278.0
2026-06-12 09:55:00+05:30,6814.0,6820.0,6784.0,6799.0,804.0
2026-06-12 10:00:00+05:30,6799.0,6810.5,6799.0,6806.0,170.0
2026-06-12 10:05:00+05:30,6806.0,6810.0,6800.0,6805.5,807.0
2026-06-12 10:10:00+05:30,6805.5,6819.5,6800.0,6800.0,597.0
2026-06-12 10:15:00+05:30,6800.0,6800.0,6792.5,6798.5,181.0
2026-06-12 10:20:00+05:30,6795.0,6800.0,6794.5,6796.5,148.0
2026-06-12 10:25:00+05:30,6800.0,6806.0,6796.5,6802.5,240.0
2026-06-12 10:30:00+05:30,6802.5,6810.0,6794.5,6803.0,323.0
2026-06-12 10:35:00+05:30,6803.0,6810.0,6802.5,6807.5,97.0
2026-06-12 10:40:00+05:30,6802.5,6818.0,6802.5,6814.0,98.0
2026-06-12 10:45:00+05:30,6814.0,6820.0,6814.0,6814.5,48.0
2026-06-12 10:50:00+05:30,6814.5,6825.0,6814.0,6818.0,107.0
2026-06-12 10:55:00+05:30,6819.0,6825.0,6817.0,6825.0,66.0
2026-06-12 11:00:00+05:30,6825.0,6834.0,6825.0,6833.0,58.0
2026-06-12 11:05:00+05:30,6828.0,6880.0,6828.0,6876.5,757.0
2026-06-12 11:10:00+05:30,6877.0,6880.0,6863.0,6863.0,454.0
2026-06-12 11:15:00+05:30,6863.0,6873.5,6862.0,6862.0,160.0
2026-06-12 11:20:00+05:30,6858.0,6858.0,6850.5,6856.5,87.0
2026-06-12 11:25:00+05:30,6856.5,6867.5,6853.5,6858.0,144.0
2026-06-12 11:30:00+05:30,6854.5,6861.0,6845.0,6861.0,121.0
2026-06-12 11:35:00+05:30,6861.0,6863.0,6850.5,6863.0,52.0
2026-06-12 11:40:00+05:30,6860.5,6863.0,6837.0,6845.5,332.0
2026-06-12 11:45:00+05:30,6845.5,6850.0,6843.0,6850.0,291.0
2026-06-12 11:50:00+05:30,6849.5,6850.0,6838.5,6839.0,133.0
2026-06-12 11:55:00+05:30,6839.0,6848.5,6839.0,6844.5,38.0
2026-06-12 12:00:00+05:30,6844.5,6848.5,6841.0,6841.0,52.0
2026-06-12 12:05:00+05:30,6841.0,6841.0,6833.0,6833.0,157.0
2026-06-12 12:10:00+05:30,6833.0,6836.5,6825.0,6829.5,398.0
2026-06-12 12:15:00+05:30,6831.5,6835.5,6831.5,6832.0,48.0
2026-06-12 12:20:00+05:30,6833.0,6836.5,6832.5,6833.0,58.0
2026-06-12 12:25:00+05:30,6833.0,6839.5,6812.0,6812.0,253.0
2026-06-12 12:30:00+05:30,6812.0,6823.0,6810.5,6821.5,131.0
2026-06-12 12:35:00+05:30,6818.0,6823.5,6807.0,6808.5,917.0
2026-06-12 12:40:00+05:30,6813.5,6813.5,6808.5,6809.0,41.0
2026-06-12 12:45:00+05:30,6813.5,6817.0,6809.0,6817.0,259.0
2026-06-12 12:50:00+05:30,6811.0,6820.5,6810.5,6818.0,82.0
2026-06-12 12:55:00+05:30,6813.5,6822.0,6813.5,6815.0,68.0
2026-06-12 13:00:00+05:30,6815.0,6819.5,6815.0,6815.0,37.0
2026-06-12 13:05:00+05:30,6815.0,6818.0,6812.0,6815.0,49.0
2026-06-12 13:10:00+05:30,6815.0,6820.0,6813.5,6813.5,34.0
2026-06-12 13:15:00+05:30,6810.5,6820.0,6810.5,6815.0,51.0
2026-06-12 13:20:00+05:30,6815.0,6820.0,6811.5,6814.0,92.0
2026-06-12 13:25:00+05:30,6814.0,6820.5,6810.0,6814.0,91.0
2026-06-12 13:30:00+05:30,6816.5,6820.0,6814.0,6814.0,56.0
2026-06-12 13:35:00+05:30,6814.0,6822.0,6812.0,6819.5,145.0
2026-06-12 13:40:00+05:30,6819.5,6834.0,6816.0,6824.0,486.0
2026-06-12 13:45:00+05:30,6824.0,6830.0,6816.5,6827.0,247.0
2026-06-12 13:50:00+05:30,6831.0,6837.5,6827.0,6834.5,69.0
2026-06-12 13:55:00+05:30,6829.5,6836.0,6829.5,6830.0,88.0
2026-06-12 14:00:00+05:30,6833.0,6833.0,6820.0,6828.0,175.0
2026-06-12 14:05:00+05:30,6828.0,6829.0,6822.0,6829.0,63.0
2026-06-12 14:10:00+05:30,6829.0,6833.0,6816.0,6833.0,166.0
2026-06-12 14:15:00+05:30,6821.0,6836.5,6821.0,6836.5,80.0
2026-06-12 14:20:00+05:30,6836.5,6840.5,6836.5,6840.5,85.0
2026-06-12 14:25:00+05:30,6840.5,6842.0,6833.0,6842.0,232.0
2026-06-12 14:30:00+05:30,6842.0,6844.5,6834.0,6844.5,116.0
2026-06-12 14:35:00+05:30,6842.0,6850.0,6842.0,6849.5,96.0
2026-06-12 14:40:00+05:30,6850.0,6858.0,6850.0,6858.0,770.0
2026-06-12 14:45:00+05:30,6858.0,6879.5,6855.5,6860.0,525.0
2026-06-12 14:50:00+05:30,6860.0,6865.5,6843.5,6857.0,464.0
2026-06-12 14:55:00+05:30,6856.0,6876.5,6850.0,6870.5,703.0
2026-06-12 15:00:00+05:30,6871.5,6923.5,6871.5,6907.0,2603.0
2026-06-12 15:05:00+05:30,6911.5,6949.5,6911.5,6946.0,1562.0
2026-06-12 15:10:00+05:30,6946.5,6946.5,6927.0,6941.5,434.0
2026-06-12 15:15:00+05:30,6941.5,6941.5,6913.5,6921.5,940.0
2026-06-12 15:20:00+05:30,6925.0,6930.0,6910.0,6930.0,434.0
2026-06-12 15:25:00+05:30,6918.0,6938.0,6918.0,6938.0,899.0
2026-06-15 09:15:00+05:30,7087.5,7098.5,7012.5,7013.0,1242.0
2026-06-15 09:20:00+05:30,7007.5,7023.0,6982.0,6996.0,1678.0
2026-06-15 09:25:00+05:30,7002.5,7025.5,6990.5,7025.0,545.0
2026-06-15 09:30:00+05:30,7024.5,7029.5,6985.0,6985.0,768.0
2026-06-15 09:35:00+05:30,6989.5,7009.0,6983.5,6996.5,135.0
2026-06-15 09:40:00+05:30,6999.0,7008.0,6993.5,7008.0,128.0
2026-06-15 09:45:00+05:30,7000.5,7008.0,6982.0,6999.0,421.0
2026-06-15 09:50:00+05:30,6995.5,7002.0,6976.0,6978.0,255.0
2026-06-15 09:55:00+05:30,6980.0,6991.5,6980.0,6981.5,189.0
2026-06-15 10:00:00+05:30,6981.5,7004.5,6981.0,6992.5,179.0
2026-06-15 10:05:00+05:30,6990.5,6990.5,6982.0,6985.0,122.0
2026-06-15 10:10:00+05:30,6985.0,6991.5,6985.0,6986.0,123.0
2026-06-15 10:15:00+05:30,6986.0,6994.5,6986.0,6986.0,87.0
2026-06-15 10:20:00+05:30,6986.0,6986.0,6974.0,6974.0,424.0
2026-06-15 10:25:00+05:30,6974.0,6983.0,6974.0,6980.5,110.0
2026-06-15 10:30:00+05:30,6975.0,6989.5,6975.0,6976.5,75.0
2026-06-15 10:35:00+05:30,6976.5,6982.0,6974.0,6974.0,71.0
2026-06-15 10:40:00+05:30,6974.0,6984.5,6974.0,6974.0,87.0
2026-06-15 10:45:00+05:30,6974.0,6980.0,6970.5,6971.5,83.0
2026-06-15 10:50:00+05:30,6971.5,6986.5,6971.5,6975.0,139.0
2026-06-15 10:55:00+05:30,6975.0,7010.0,6975.0,7000.0,354.0
2026-06-15 11:00:00+05:30,7002.5,7002.5,6977.0,6981.0,368.0
2026-06-15 11:05:00+05:30,6981.0,6992.0,6979.0,6987.0,75.0
2026-06-15 11:10:00+05:30,6987.0,6987.0,6976.5,6976.5,156.0
2026-06-15 11:15:00+05:30,6975.0,6984.5,6975.0,6977.5,186.0
2026-06-15 11:20:00+05:30,6977.5,6985.0,6963.0,6979.0,287.0
2026-06-15 11:25:00+05:30,6971.0,6989.0,6971.0,6977.0,131.0
2026-06-15 11:30:00+05:30,6977.0,6977.0,6952.0,6958.5,282.0
2026-06-15 11:35:00+05:30,6952.0,6972.5,6952.0,6965.5,327.0
2026-06-15 11:40:00+05:30,6966.0,6978.0,6962.0,6962.0,110.0
2026-06-15 11:45:00+05:30,6962.0,6970.0,6955.5,6958.5,181.0
2026-06-15 11:50:00+05:30,6959.0,6967.0,6952.0,6952.0,79.0
2026-06-15 11:55:00+05:30,6952.0,6952.0,6932.5,6947.5,261.0
2026-06-15 12:00:00+05:30,6941.0,6954.0,6940.0,6951.0,152.0
2026-06-15 12:05:00+05:30,6951.0,6951.5,6940.5,6944.0,163.0
2026-06-15 12:10:00+05:30,6944.0,6947.0,6944.0,6947.0,55.0
2026-06-15 12:15:00+05:30,6947.0,6947.0,6940.0,6940.0,88.0
2026-06-15 12:20:00+05:30,6940.0,6948.0,6935.0,6937.0,198.0
2026-06-15 12:25:00+05:30,6937.0,6940.0,6933.0,6936.0,45.0
2026-06-15 12:30:00+05:30,6936.0,6942.0,6932.5,6942.0,34.0
2026-06-15 12:35:00+05:30,6942.0,6945.0,6940.0,6944.5,137.0
2026-06-15 12:40:00+05:30,6944.5,6944.5,6937.0,6943.0,53.0
2026-06-15 12:45:00+05:30,6937.5,6943.5,6930.0,6935.5,270.0
2026-06-15 12:50:00+05:30,6940.0,6942.5,6932.0,6932.0,22.0
2026-06-15 12:55:00+05:30,6933.0,6942.0,6933.0,6933.5,27.0
2026-06-15 13:00:00+05:30,6933.5,6939.0,6930.5,6930.5,131.0
2026-06-15 13:05:00+05:30,6931.0,6933.0,6931.0,6931.5,28.0
2026-06-15 13:10:00+05:30,6931.5,6956.0,6931.5,6951.0,371.0
2026-06-15 13:15:00+05:30,6945.5,6949.0,6934.5,6936.0,36.0
2026-06-15 13:20:00+05:30,6936.0,6970.0,6932.0,6945.0,711.0
2026-06-15 13:25:00+05:30,6945.0,6954.0,6945.0,6950.5,67.0
2026-06-15 13:30:00+05:30,6950.0,6954.5,6948.5,6951.5,99.0
2026-06-15 13:35:00+05:30,6951.0,6951.5,6943.0,6944.0,187.0
2026-06-15 13:40:00+05:30,6939.0,6948.5,6939.0,6948.5,16.0
2026-06-15 13:45:00+05:30,6941.0,6955.0,6941.0,6953.0,145.0
2026-06-15 13:50:00+05:30,6953.0,6962.0,6951.0,6962.0,205.0
2026-06-15 13:55:00+05:30,6962.0,6962.0,6951.5,6955.5,104.0
2026-06-15 14:00:00+05:30,6954.5,6963.5,6952.0,6956.5,93.0
2026-06-15 14:05:00+05:30,6954.0,6969.0,6954.0,6960.0,175.0
2026-06-15 14:10:00+05:30,6960.0,6963.0,6960.0,6960.0,187.0
2026-06-15 14:15:00+05:30,6960.0,6965.5,6953.0,6953.0,278.0
2026-06-15 14:20:00+05:30,6953.0,6958.5,6952.0,6952.0,93.0
2026-06-15 14:25:00+05:30,6952.0,6960.5,6952.0,6957.0,123.0
2026-06-15 14:30:00+05:30,6952.5,6960.5,6952.0,6952.0,77.0
2026-06-15 14:35:00+05:30,6952.0,6955.0,6950.0,6950.0,118.0
2026-06-15 14:40:00+05:30,6950.0,6951.0,6936.5,6937.5,176.0
2026-06-15 14:45:00+05:30,6940.0,6950.0,6940.0,6950.0,169.0
2026-06-15 14:50:00+05:30,6950.0,6950.0,6941.0,6941.0,15.0
2026-06-15 14:55:00+05:30,6940.0,6941.0,6936.0,6936.0,13.0
2026-06-15 15:00:00+05:30,6940.5,6951.5,6936.0,6947.0,136.0
2026-06-15 15:05:00+05:30,6947.0,6949.5,6931.0,6948.5,636.0
2026-06-15 15:10:00+05:30,6948.0,6948.5,6928.0,6938.5,825.0
2026-06-15 15:15:00+05:30,6937.5,6949.0,6930.5,6948.5,381.0
2026-06-15 15:20:00+05:30,6938.0,6949.0,6916.0,6941.5,834.0
2026-06-15 15:25:00+05:30,6941.5,6978.5,6910.0,6933.0,1308.0
2026-06-16 09:15:00+05:30,6950.0,6984.5,6950.0,6979.0,158.0
2026-06-16 09:20:00+05:30,6976.0,6987.5,6970.5,6973.5,228.0
2026-06-16 09:25:00+05:30,6975.0,6978.5,6961.0,6978.5,30.0
2026-06-16 09:30:00+05:30,6970.5,6977.5,6968.5,6968.5,18.0
2026-06-16 09:35:00+05:30,6968.0,6968.0,6955.5,6962.5,37.0
2026-06-16 09:40:00+05:30,6962.5,6962.5,6951.0,6959.0,60.0
2026-06-16 09:45:00+05:30,6959.0,6962.5,6949.5,6953.0,444.0
2026-06-16 09:50:00+05:30,6963.0,6963.0,6950.5,6950.5,72.0
2026-06-16 09:55:00+05:30,6958.0,6958.0,6950.5,6957.5,111.0
2026-06-16 10:00:00+05:30,6958.0,6959.5,6953.0,6953.0,218.0
2026-06-16 10:05:00+05:30,6954.0,6960.5,6954.0,6960.5,13.0
2026-06-16 10:10:00+05:30,6952.5,6952.5,6950.5,6950.5,23.0
2026-06-16 10:15:00+05:30,6952.5,6952.5,6950.5,6950.5,40.0
2026-06-16 10:20:00+05:30,6950.5,6950.5,6939.5,6939.5,110.0
2026-06-16 10:25:00+05:30,6931.5,6938.5,6928.0,6933.5,189.0
2026-06-16 10:30:00+05:30,6933.5,6940.0,6933.5,6938.0,51.0
2026-06-16 10:35:00+05:30,6938.0,6943.5,6934.0,6943.5,173.0
2026-06-16 10:40:00+05:30,6943.0,6943.0,6925.5,6937.5,163.0
2026-06-16 10:45:00+05:30,6931.0,6943.0,6931.0,6942.0,100.0
2026-06-16 10:50:00+05:30,6942.0,6962.0,6942.0,6960.0,288.0
2026-06-16 10:55:00+05:30,6967.5,6974.5,6960.0,6968.0,133.0
2026-06-16 11:00:00+05:30,6961.5,6973.0,6961.5,6973.0,73.0
2026-06-16 11:05:00+05:30,6962.5,6963.5,6950.0,6957.5,103.0
2026-06-16 11:10:00+05:30,6957.5,6963.5,6950.0,6963.5,67.0
2026-06-16 11:15:00+05:30,6967.0,6967.0,6948.0,6957.0,171.0
2026-06-16 11:20:00+05:30,6956.5,6987.0,6949.0,6963.0,304.0
2026-06-16 11:25:00+05:30,6957.0,6984.0,6957.0,6983.0,68.0
2026-06-16 11:30:00+05:30,6979.0,6999.0,6979.0,6997.0,316.0
2026-06-16 11:35:00+05:30,6992.5,6996.5,6983.0,6983.0,336.0
2026-06-16 11:40:00+05:30,6983.0,6983.0,6969.0,6981.0,83.0
2026-06-16 11:45:00+05:30,6970.0,6980.0,6963.0,6971.0,348.0
2026-06-16 11:50:00+05:30,6971.5,6976.0,6965.0,6972.5,65.0
2026-06-16 11:55:00+05:30,6964.5,6976.0,6964.5,6968.0,28.0
2026-06-16 12:00:00+05:30,6968.0,6968.0,6959.5,6962.5,21.0
2026-06-16 12:05:00+05:30,6962.5,6962.5,6952.0,6962.5,19.0
2026-06-16 12:10:00+05:30,6962.5,6962.5,6953.5,6958.5,26.0
2026-06-16 12:15:00+05:30,6958.0,6959.5,6954.5,6958.0,41.0
2026-06-16 12:20:00+05:30,6958.0,6958.0,6949.5,6957.0,15.0
2026-06-16 12:25:00+05:30,6957.0,6957.0,6955.5,6957.0,4.0
2026-06-16 12:30:00+05:30,6942.5,6953.5,6942.5,6950.0,96.0
2026-06-16 12:35:00+05:30,6950.0,6964.5,6950.0,6964.5,89.0
2026-06-16 12:40:00+05:30,6964.5,6965.0,6954.0,6962.5,30.0
2026-06-16 12:45:00+05:30,6969.5,6970.5,6969.0,6970.5,50.0
2026-06-16 12:50:00+05:30,6970.5,6970.5,6958.0,6966.0,20.0
2026-06-16 12:55:00+05:30,6966.0,6970.5,6957.5,6970.5,43.0
2026-06-16 13:00:00+05:30,6970.5,6970.5,6967.0,6967.0,31.0
2026-06-16 13:05:00+05:30,6967.0,6967.0,6967.0,6967.0,0.0
2026-06-16 13:10:00+05:30,6967.0,6967.0,6967.0,6967.0,4.0
2026-06-16 13:15:00+05:30,6967.0,6970.0,6962.0,6970.0,11.0
2026-06-16 13:20:00+05:30,6970.0,6970.0,6969.0,6969.0,2.0
2026-06-16 13:25:00+05:30,6969.0,6971.5,6969.0,6971.5,11.0
2026-06-16 13:30:00+05:30,6971.5,6971.5,6962.5,6962.5,1.0
2026-06-16 13:35:00+05:30,6972.5,6974.0,6970.0,6974.0,110.0
2026-06-16 13:40:00+05:30,6974.0,6974.0,6973.5,6973.5,2.0
2026-06-16 13:45:00+05:30,6973.5,6973.5,6962.0,6972.5,55.0
2026-06-16 13:50:00+05:30,6972.5,6972.5,6972.5,6972.5,0.0
2026-06-16 13:55:00+05:30,6972.5,6980.0,6970.5,6980.0,223.0
2026-06-16 14:00:00+05:30,6979.5,6997.0,6979.0,6990.5,324.0
2026-06-16 14:05:00+05:30,6990.5,6990.5,6982.5,6989.0,12.0
2026-06-16 14:10:00+05:30,6984.0,6990.0,6981.5,6984.0,29.0
2026-06-16 14:15:00+05:30,6984.5,6988.5,6977.5,6985.0,197.0
2026-06-16 14:20:00+05:30,6977.0,6981.5,6971.5,6973.0,10.0
2026-06-16 14:25:00+05:30,6973.0,6980.0,6972.0,6979.0,11.0
2026-06-16 14:30:00+05:30,6979.0,6997.0,6979.0,6995.0,666.0
2026-06-16 14:35:00+05:30,6994.0,6994.0,6980.5,6986.0,22.0
2026-06-16 14:40:00+05:30,6986.0,6994.0,6972.0,6977.5,143.0
2026-06-16 14:45:00+05:30,6977.5,6989.5,6975.5,6989.0,80.0
2026-06-16 14:50:00+05:30,6990.5,7000.0,6981.5,6988.5,263.0
2026-06-16 14:55:00+05:30,6986.5,6990.5,6981.5,6989.0,69.0
2026-06-16 15:00:00+05:30,6989.5,6990.5,6978.0,6988.5,146.0
2026-06-16 15:05:00+05:30,6989.5,6990.5,6980.5,6988.5,94.0
2026-06-16 15:10:00+05:30,6982.0,6990.5,6980.5,6985.5,201.0
2026-06-16 15:15:00+05:30,6990.5,6990.5,6976.0,6989.0,321.0
2026-06-16 15:20:00+05:30,6989.0,6989.5,6977.0,6988.5,370.0
2026-06-16 15:25:00+05:30,6988.5,7020.0,6982.0,7000.0,1928.0
2026-06-17 09:15:00+05:30,6995.0,7027.5,6991.5,6991.5,493.0
2026-06-17 09:20:00+05:30,6989.0,6989.0,6977.0,6977.0,209.0
2026-06-17 09:25:00+05:30,6977.0,6986.5,6977.0,6980.0,73.0
2026-06-17 09:30:00+05:30,6980.0,6995.0,6980.0,6988.5,142.0
2026-06-17 09:35:00+05:30,6989.0,6998.0,6989.0,6997.0,28.0
2026-06-17 09:40:00+05:30,6998.5,7019.5,6992.5,7019.5,141.0
2026-06-17 09:45:00+05:30,7019.0,7020.0,7003.0,7003.0,151.0
2026-06-17 09:50:00+05:30,7000.5,7019.0,6988.5,6994.0,341.0
2026-06-17 09:55:00+05:30,6985.5,6995.0,6970.0,6974.5,285.0
2026-06-17 10:00:00+05:30,6967.5,6977.5,6960.5,6969.0,436.0
2026-06-17 10:05:00+05:30,6969.5,6969.5,6960.0,6965.5,109.0
2026-06-17 10:10:00+05:30,6965.0,6965.0,6952.0,6953.0,126.0
2026-06-17 10:15:00+05:30,6953.0,6959.5,6953.0,6959.5,95.0
2026-06-17 10:20:00+05:30,6960.0,6975.0,6960.0,6967.0,253.0
2026-06-17 10:25:00+05:30,6967.0,6990.5,6967.0,6982.5,1097.0
2026-06-17 10:30:00+05:30,6974.0,6985.0,6965.5,6972.5,294.0
2026-06-17 10:35:00+05:30,6982.5,6983.0,6964.5,6978.0,291.0
2026-06-17 10:40:00+05:30,6978.0,6978.0,6963.0,6963.0,26.0
2026-06-17 10:45:00+05:30,6969.5,6969.5,6960.5,6960.5,65.0
2026-06-17 10:50:00+05:30,6952.0,6955.5,6939.5,6950.5,463.0
2026-06-17 10:55:00+05:30,6954.5,6955.0,6954.5,6955.0,9.0
2026-06-17 11:00:00+05:30,6949.0,6954.0,6948.5,6949.0,21.0
2026-06-17 11:05:00+05:30,6953.5,6953.5,6945.5,6953.0,64.0
2026-06-17 11:10:00+05:30,6953.0,6955.5,6950.5,6955.5,22.0
2026-06-17 11:15:00+05:30,6950.0,6961.5,6950.0,6961.5,65.0
2026-06-17 11:20:00+05:30,6961.5,6961.5,6955.0,6955.0,8.0
2026-06-17 11:25:00+05:30,6960.0,6965.0,6945.0,6945.0,372.0
2026-06-17 11:30:00+05:30,6947.0,6954.5,6947.0,6954.0,38.0
2026-06-17 11:35:00+05:30,6949.0,6949.0,6946.0,6946.0,20.0
2026-06-17 11:40:00+05:30,6946.0,6957.5,6946.0,6957.5,38.0
2026-06-17 11:45:00+05:30,6955.0,6962.0,6955.0,6958.0,45.0
2026-06-17 11:50:00+05:30,6958.0,6963.5,6958.0,6958.0,66.0
2026-06-17 11:55:00+05:30,6951.5,6958.5,6951.0,6953.0,95.0
2026-06-17 12:00:00+05:30,6953.0,6957.0,6945.0,6945.0,185.0
2026-06-17 12:05:00+05:30,6940.0,6947.5,6939.5,6947.5,133.0
2026-06-17 12:10:00+05:30,6947.0,6957.0,6947.0,6955.5,134.0
2026-06-17 12:15:00+05:30,6955.5,6960.0,6950.0,6960.0,131.0
2026-06-17 12:20:00+05:30,6960.0,6960.0,6955.0,6955.0,18.0
2026-06-17 12:25:00+05:30,6951.5,6956.5,6951.5,6951.5,25.0
2026-06-17 12:30:00+05:30,6951.5,6957.0,6951.5,6957.0,53.0
2026-06-17 12:35:00+05:30,6957.0,6957.0,6957.0,6957.0,0.0
2026-06-17 12:40:00+05:30,6953.0,6953.0,6951.0,6951.0,40.0
2026-06-17 12:45:00+05:30,6948.0,6958.0,6948.0,6951.5,39.0
2026-06-17 12:50:00+05:30,6951.5,6959.0,6951.5,6959.0,11.0
2026-06-17 12:55:00+05:30,6959.0,6959.0,6951.0,6951.0,60.0
2026-06-17 13:00:00+05:30,6957.5,6957.5,6950.5,6952.5,19.0
2026-06-17 13:05:00+05:30,6950.0,6950.5,6939.0,6945.0,319.0
2026-06-17 13:10:00+05:30,6945.0,6946.5,6945.0,6946.5,24.0
2026-06-17 13:15:00+05:30,6946.5,6962.0,6946.5,6960.0,256.0
2026-06-17 13:20:00+05:30,6964.5,6966.0,6956.5,6966.0,137.0
2026-06-17 13:25:00+05:30,6966.0,6975.0,6957.5,6975.0,283.0
2026-06-17 13:30:00+05:30,6980.0,6980.0,6970.5,6972.0,129.0
2026-06-17 13:35:00+05:30,6972.0,6972.0,6964.0,6968.0,35.0
2026-06-17 13:40:00+05:30,6960.0,6969.0,6955.0,6955.0,332.0
2026-06-17 13:45:00+05:30,6958.0,6979.5,6954.0,6954.0,288.0
2026-06-17 13:50:00+05:30,6955.0,6960.5,6955.0,6959.0,272.0
2026-06-17 13:55:00+05:30,6959.0,6967.0,6959.0,6967.0,46.0
2026-06-17 14:00:00+05:30,6967.0,6968.0,6955.0,6961.5,190.0
2026-06-17 14:05:00+05:30,6961.5,6990.0,6961.5,6989.5,1694.0
2026-06-17 14:10:00+05:30,6983.0,6996.0,6978.5,6995.0,410.0
2026-06-17 14:15:00+05:30,6995.0,6995.0,6987.0,6987.0,126.0
2026-06-17 14:20:00+05:30,6986.5,6990.0,6982.5,6986.5,284.0
2026-06-17 14:25:00+05:30,6982.5,6982.5,6979.5,6982.0,48.0
2026-06-17 14:30:00+05:30,6982.0,6982.0,6982.0,6982.0,22.0
2026-06-17 14:35:00+05:30,7000.0,7000.0,6993.5,6993.5,455.0
2026-06-17 14:40:00+05:30,6989.5,7029.0,6989.5,7021.5,804.0
2026-06-17 14:45:00+05:30,7024.0,7030.5,7019.0,7019.0,863.0
2026-06-17 14:50:00+05:30,7020.0,7020.0,7013.0,7013.5,63.0
2026-06-17 14:55:00+05:30,7019.0,7019.0,7010.0,7010.0,47.0
2026-06-17 15:00:00+05:30,7012.5,7026.5,7012.5,7023.0,669.0
2026-06-17 15:05:00+05:30,7023.0,7025.0,7013.0,7020.0,345.0
2026-06-17 15:10:00+05:30,7023.5,7024.0,7008.0,7012.0,563.0
2026-06-17 15:15:00+05:30,7014.5,7038.0,7009.0,7038.0,947.0
2026-06-17 15:20:00+05:30,7038.5,7049.0,7030.5,7048.0,722.0
2026-06-17 15:25:00+05:30,7048.0,7050.0,7030.5,7045.0,805.0
2026-06-18 09:15:00+05:30,7070.0,7090.0,7000.0,7000.5,1783.0
2026-06-18 09:20:00+05:30,7016.0,7023.5,7016.0,7023.5,118.0
2026-06-18 09:25:00+05:30,7020.0,7032.0,7020.0,7025.5,186.0
2026-06-18 09:30:00+05:30,7025.5,7025.5,7020.0,7023.0,24.0
2026-06-18 09:35:00+05:30,7022.5,7024.5,7014.0,7019.0,45.0
2026-06-18 09:40:00+05:30,7019.0,7049.0,7019.0,7040.0,216.0
2026-06-18 09:45:00+05:30,7048.0,7050.0,7040.0,7041.0,173.0
2026-06-18 09:50:00+05:30,7035.0,7050.0,7034.0,7035.0,314.0
2026-06-18 09:55:00+05:30,7035.5,7042.0,7035.0,7035.5,22.0
2026-06-18 10:00:00+05:30,7050.0,7050.0,7035.5,7035.5,185.0
2026-06-18 10:05:00+05:30,7035.5,7035.5,7022.0,7028.5,76.0
2026-06-18 10:10:00+05:30,7028.0,7028.0,7018.0,7018.0,9.0
2026-06-18 10:15:00+05:30,7018.0,7023.0,7018.0,7022.0,3.0
2026-06-18 10:20:00+05:30,7022.0,7030.0,7020.5,7020.5,111.0
2026-06-18 10:25:00+05:30,7016.5,7022.5,7010.5,7010.5,78.0
2026-06-18 10:30:00+05:30,7010.5,7025.0,7010.5,7024.5,30.0
2026-06-18 10:35:00+05:30,7025.0,7025.5,7020.0,7021.5,32.0
2026-06-18 10:40:00+05:30,7016.0,7023.5,7016.0,7023.5,26.0
2026-06-18 10:45:00+05:30,7023.5,7025.0,7017.0,7025.0,9.0
2026-06-18 10:50:00+05:30,7025.0,7030.0,7025.0,7027.0,27.0
2026-06-18 10:55:00+05:30,7027.0,7034.0,7024.5,7033.5,325.0
2026-06-18 11:00:00+05:30,7035.0,7040.0,7014.5,7016.0,379.0
2026-06-18 11:05:00+05:30,7015.5,7033.0,7012.0,7030.0,110.0
2026-06-18 11:10:00+05:30,7030.0,7030.0,7021.5,7029.5,23.0
2026-06-18 11:15:00+05:30,7029.5,7035.0,7023.0,7035.0,38.0
2026-06-18 11:20:00+05:30,7029.0,7032.0,7023.0,7032.0,25.0
2026-06-18 11:25:00+05:30,7032.0,7032.0,7021.0,7029.0,60.0
2026-06-18 11:30:00+05:30,7032.0,7033.0,7019.0,7032.0,92.0
2026-06-18 11:35:00+05:30,7024.0,7069.0,7022.0,7055.5,1717.0
2026-06-18 11:40:00+05:30,7055.5,7068.0,7055.5,7068.0,44.0
2026-06-18 11:45:00+05:30,7069.5,7178.0,7060.0,7175.0,4357.0
2026-06-18 11:50:00+05:30,7168.5,7217.0,7151.5,7172.0,3848.0
2026-06-18 11:55:00+05:30,7166.5,7218.0,7160.5,7206.5,6395.0
2026-06-18 12:00:00+05:30,7224.0,7299.5,7219.0,7290.0,3931.0
2026-06-18 12:05:00+05:30,7290.0,7323.0,7251.0,7260.0,3266.0
2026-06-18 12:10:00+05:30,7266.5,7278.0,7245.5,7264.0,1430.0
2026-06-18 12:15:00+05:30,7256.5,7299.0,7250.0,7299.0,2442.0
2026-06-18 12:20:00+05:30,7291.0,7329.0,7278.0,7289.0,2376.0
2026-06-18 12:25:00+05:30,7288.0,7331.0,7268.5,7305.5,1641.0
2026-06-18 12:30:00+05:30,7305.5,7306.5,7282.5,7291.5,1226.0
2026-06-18 12:35:00+05:30,7291.5,7291.5,7260.0,7266.5,526.0
2026-06-18 12:40:00+05:30,7268.5,7275.0,7250.5,7256.0,607.0
2026-06-18 12:45:00+05:30,7259.5,7262.5,7253.5,7261.0,283.0
2026-06-18 12:50:00+05:30,7260.5,7261.0,7253.0,7256.5,135.0
2026-06-18 12:55:00+05:30,7254.5,7283.5,7231.0,7277.0,1674.0
2026-06-18 13:00:00+05:30,7268.0,7289.5,7265.5,7266.5,348.0
2026-06-18 13:05:00+05:30,7266.5,7266.5,7246.5,7249.0,157.0
2026-06-18 13:10:00+05:30,7254.5,7265.5,7247.0,7248.0,170.0
2026-06-18 13:15:00+05:30,7248.0,7258.5,7247.0,7256.0,160.0
2026-06-18 13:20:00+05:30,7256.0,7256.0,7244.0,7248.0,250.0
2026-06-18 13:25:00+05:30,7245.0,7250.0,7242.0,7244.0,454.0
2026-06-18 13:30:00+05:30,7241.5,7245.0,7222.0,7229.5,440.0
2026-06-18 13:35:00+05:30,7230.0,7237.5,7221.0,7237.5,436.0
2026-06-18 13:40:00+05:30,7233.5,7243.5,7226.0,7243.5,213.0
2026-06-18 13:45:00+05:30,7243.5,7243.5,7235.0,7235.0,46.0
2026-06-18 13:50:00+05:30,7235.0,7239.5,7233.0,7233.0,223.0
2026-06-18 13:55:00+05:30,7233.0,7234.5,7224.5,7234.5,202.0
2026-06-18 14:00:00+05:30,7234.5,7234.5,7220.0,7220.0,232.0
2026-06-18 14:05:00+05:30,7229.5,7229.5,7221.0,7221.0,85.0
2026-06-18 14:10:00+05:30,7220.0,7263.5,7220.0,7254.5,908.0
2026-06-18 14:15:00+05:30,7253.0,7265.0,7237.5,7250.0,973.0
2026-06-18 14:20:00+05:30,7250.0,7254.0,7244.0,7250.0,376.0
2026-06-18 14:25:00+05:30,7253.0,7253.0,7250.0,7250.0,157.0
2026-06-18 14:30:00+05:30,7250.0,7280.0,7233.0,7276.0,2843.0
2026-06-18 14:35:00+05:30,7276.0,7276.0,7264.0,7275.5,229.0
2026-06-18 14:40:00+05:30,7275.5,7277.5,7262.0,7266.0,311.0
2026-06-18 14:45:00+05:30,7264.5,7274.5,7262.0,7272.0,78.0
2026-06-18 14:50:00+05:30,7263.5,7279.5,7255.0,7255.0,1043.0
2026-06-18 14:55:00+05:30,7250.0,7260.0,7250.0,7256.0,434.0
2026-06-18 15:00:00+05:30,7259.5,7290.0,7258.5,7275.0,761.0
2026-06-18 15:05:00+05:30,7275.0,7278.0,7265.0,7270.5,733.0
2026-06-18 15:10:00+05:30,7270.0,7286.0,7269.5,7286.0,1016.0
2026-06-18 15:15:00+05:30,7286.0,7296.5,7278.5,7285.0,686.0
2026-06-18 15:20:00+05:30,7291.0,7291.0,7257.5,7268.5,1068.0
2026-06-18 15:25:00+05:30,7269.5,7298.0,7256.0,7264.0,1129.0
2026-06-19 09:15:00+05:30,7272.0,7280.5,7212.5,7255.0,612.0
2026-06-19 09:20:00+05:30,7256.0,7260.0,7243.0,7257.0,234.0
2026-06-19 09:25:00+05:30,7254.0,7254.0,7216.5,7223.0,393.0
2026-06-19 09:30:00+05:30,7223.0,7233.0,7218.0,7220.0,120.0
2026-06-19 09:35:00+05:30,7219.5,7250.0,7210.5,7239.0,906.0
2026-06-19 09:40:00+05:30,7239.0,7240.0,7225.0,7225.5,167.0
2026-06-19 09:45:00+05:30,7225.5,7231.5,7217.0,7225.5,53.0
2026-06-19 09:50:00+05:30,7217.5,7237.5,7210.5,7233.0,171.0
2026-06-19 09:55:00+05:30,7237.5,7252.5,7227.0,7252.5,467.0
2026-06-19 10:00:00+05:30,7254.5,7254.5,7240.0,7248.0,131.0
2026-06-19 10:05:00+05:30,7248.0,7250.0,7236.5,7240.0,107.0
2026-06-19 10:10:00+05:30,7240.0,7242.5,7230.5,7241.5,114.0
2026-06-19 10:15:00+05:30,7241.5,7247.5,7230.5,7239.5,150.0
2026-06-19 10:20:00+05:30,7231.5,7239.5,7186.0,7195.5,473.0
2026-06-19 10:25:00+05:30,7193.5,7205.0,7193.5,7194.5,183.0
2026-06-19 10:30:00+05:30,7194.5,7205.0,7182.0,7199.5,356.0
2026-06-19 10:35:00+05:30,7199.5,7199.5,7192.0,7199.5,29.0
2026-06-19 10:40:00+05:30,7199.5,7200.0,7196.0,7199.0,63.0
2026-06-19 10:45:00+05:30,7198.0,7200.0,7185.0,7185.0,177.0
2026-06-19 10:50:00+05:30,7182.0,7185.0,7135.0,7140.0,1923.0
2026-06-19 10:55:00+05:30,7131.5,7177.5,7123.5,7175.0,1067.0
2026-06-19 11:00:00+05:30,7179.5,7179.5,7160.0,7160.0,195.0
2026-06-19 11:05:00+05:30,7149.0,7163.0,7149.0,7158.0,63.0
2026-06-19 11:10:00+05:30,7159.0,7162.5,7154.0,7162.0,26.0
2026-06-19 11:15:00+05:30,7162.0,7165.0,7152.0,7157.0,160.0
2026-06-19 11:20:00+05:30,7163.0,7164.5,7152.0,7159.5,78.0
2026-06-19 11:25:00+05:30,7159.5,7164.0,7159.5,7163.0,15.0
2026-06-19 11:30:00+05:30,7163.0,7167.5,7159.0,7160.5,23.0
2026-06-19 11:35:00+05:30,7168.0,7170.0,7160.5,7164.0,58.0
2026-06-19 11:40:00+05:30,7164.0,7164.0,7156.0,7161.5,12.0
2026-06-19 11:45:00+05:30,7161.5,7161.5,7154.5,7154.5,7.0
2026-06-19 11:50:00+05:30,7154.5,7162.0,7150.0,7158.5,77.0
2026-06-19 11:55:00+05:30,7152.0,7165.0,7152.0,7165.0,286.0
2026-06-19 12:00:00+05:30,7164.5,7165.5,7160.0,7160.0,14.0
2026-06-19 12:05:00+05:30,7164.0,7168.0,7164.0,7168.0,21.0
2026-06-19 12:10:00+05:30,7168.0,7170.0,7158.5,7170.0,158.0
2026-06-19 12:15:00+05:30,7170.0,7170.0,7167.5,7167.5,2.0
2026-06-19 12:20:00+05:30,7166.0,7178.5,7166.0,7178.5,21.0
2026-06-19 12:25:00+05:30,7171.0,7196.0,7171.0,7190.0,215.0
2026-06-19 12:30:00+05:30,7190.0,7195.0,7175.5,7181.0,178.0
2026-06-19 12:35:00+05:30,7181.0,7192.0,7178.0,7192.0,11.0
2026-06-19 12:40:00+05:30,7192.0,7192.0,7190.0,7190.0,85.0
2026-06-19 12:45:00+05:30,7190.0,7200.0,7190.0,7200.0,41.0
2026-06-19 12:50:00+05:30,7198.5,7200.0,7198.5,7200.0,30.0
2026-06-19 12:55:00+05:30,7195.0,7200.0,7195.0,7195.0,13.0
2026-06-19 13:00:00+05:30,7195.0,7199.0,7190.0,7190.0,54.0
2026-06-19 13:05:00+05:30,7190.0,7192.5,7181.0,7183.5,174.0
2026-06-19 13:10:00+05:30,7183.5,7189.5,7181.0,7181.0,13.0
2026-06-19 13:15:00+05:30,7189.0,7189.5,7181.0,7189.0,9.0
2026-06-19 13:20:00+05:30,7189.0,7193.5,7184.5,7193.5,81.0
2026-06-19 13:25:00+05:30,7193.5,7199.5,7193.5,7199.0,9.0
2026-06-19 13:30:00+05:30,7199.0,7199.0,7191.5,7197.0,3.0
2026-06-19 13:35:00+05:30,7197.0,7199.0,7184.0,7199.0,59.0
2026-06-19 13:40:00+05:30,7199.0,7209.0,7199.0,7203.0,141.0
2026-06-19 13:45:00+05:30,7203.0,7206.5,7196.5,7204.5,27.0
2026-06-19 13:50:00+05:30,7214.5,7224.0,7206.0,7206.0,283.0
2026-06-19 13:55:00+05:30,7206.0,7207.5,7205.0,7205.0,22.0
2026-06-19 14:00:00+05:30,7205.0,7205.0,7199.0,7205.0,28.0
2026-06-19 14:05:00+05:30,7205.0,7205.0,7196.0,7203.5,13.0
2026-06-19 14:10:00+05:30,7203.5,7203.5,7192.5,7198.0,196.0
2026-06-19 14:15:00+05:30,7198.0,7198.0,7190.0,7197.5,53.0
2026-06-19 14:20:00+05:30,7180.5,7189.5,7180.5,7188.0,113.0
2026-06-19 14:25:00+05:30,7188.5,7190.5,7184.0,7190.5,21.0
2026-06-19 14:30:00+05:30,7190.5,7197.0,7190.5,7197.0,20.0
2026-06-19 14:35:00+05:30,7197.0,7197.5,7187.5,7197.0,49.0
2026-06-19 14:40:00+05:30,7191.0,7191.0,7180.0,7190.0,51.0
2026-06-19 14:45:00+05:30,7190.0,7190.0,7172.0,7183.0,60.0
2026-06-19 14:50:00+05:30,7183.0,7183.0,7167.5,7170.0,473.0
2026-06-19 14:55:00+05:30,7170.0,7173.5,7150.0,7160.0,212.0
2026-06-19 15:00:00+05:30,7160.0,7400.0,7160.0,7393.0,6299.0
2026-06-19 15:05:00+05:30,7393.0,7440.0,7380.5,7440.0,5997.0
2026-06-19 15:10:00+05:30,7440.0,7510.0,7436.5,7479.0,7937.0
2026-06-19 15:15:00+05:30,7483.0,7520.0,7481.5,7513.0,6004.0
2026-06-19 15:20:00+05:30,7514.0,7560.0,7503.0,7545.0,5515.0
2026-06-19 15:25:00+05:30,7546.5,7570.0,7450.5,7490.0,4821.0
2026-06-22 09:15:00+05:30,7497.0,7570.0,7420.0,7425.5,4990.0
2026-06-22 09:20:00+05:30,7430.0,7446.5,7417.0,7431.5,1313.0
2026-06-22 09:25:00+05:30,7430.0,7437.0,7419.0,7436.0,324.0
2026-06-22 09:30:00+05:30,7441.5,7469.0,7413.5,7413.5,1268.0
2026-06-22 09:35:00+05:30,7410.0,7421.5,7402.0,7421.5,582.0
2026-06-22 09:40:00+05:30,7413.0,7421.5,7402.0,7409.0,172.0
2026-06-22 09:45:00+05:30,7409.0,7416.0,7409.0,7416.0,158.0
2026-06-22 09:50:00+05:30,7421.0,7421.5,7411.5,7417.5,230.0
2026-06-22 09:55:00+05:30,7422.0,7441.0,7422.0,7431.0,402.0
2026-06-22 10:00:00+05:30,7436.0,7436.0,7415.0,7427.0,128.0
2026-06-22 10:05:00+05:30,7420.5,7429.5,7420.5,7424.0,110.0
2026-06-22 10:10:00+05:30,7427.0,7469.0,7427.0,7448.0,1496.0
2026-06-22 10:15:00+05:30,7445.0,7447.5,7432.5,7435.5,144.0
2026-06-22 10:20:00+05:30,7430.0,7433.5,7425.0,7425.0,134.0
2026-06-22 10:25:00+05:30,7419.0,7420.5,7406.5,7406.5,165.0
2026-06-22 10:30:00+05:30,7406.5,7420.0,7406.0,7420.0,394.0
2026-06-22 10:35:00+05:30,7414.0,7425.0,7410.0,7419.5,234.0
2026-06-22 10:40:00+05:30,7412.5,7422.5,7410.0,7421.5,99.0
2026-06-22 10:45:00+05:30,7421.5,7421.5,7414.5,7421.5,51.0
2026-06-22 10:50:00+05:30,7414.0,7430.0,7410.0,7430.0,501.0
2026-06-22 10:55:00+05:30,7434.5,7434.5,7425.5,7425.5,20.0
2026-06-22 11:00:00+05:30,7431.0,7431.0,7413.0,7413.0,250.0
2026-06-22 11:05:00+05:30,7414.0,7422.0,7414.0,7419.5,129.0
2026-06-22 11:10:00+05:30,7429.5,7434.0,7419.5,7424.5,148.0
2026-06-22 11:15:00+05:30,7424.5,7430.5,7419.0,7421.5,77.0
2026-06-22 11:20:00+05:30,7425.0,7425.0,7421.0,7421.0,26.0
2026-06-22 11:25:00+05:30,7421.0,7425.0,7416.5,7425.0,142.0
2026-06-22 11:30:00+05:30,7425.0,7425.0,7425.0,7425.0,11.0
2026-06-22 11:35:00+05:30,7421.5,7427.0,7421.5,7425.0,51.0
2026-06-22 11:40:00+05:30,7421.5,7421.5,7415.5,7417.0,138.0
2026-06-22 11:45:00+05:30,7417.0,7425.0,7417.0,7424.5,114.0
2026-06-22 11:50:00+05:30,7424.5,7425.0,7417.0,7425.0,14.0
2026-06-22 11:55:00+05:30,7424.5,7424.5,7417.0,7417.0,32.0
2026-06-22 12:00:00+05:30,7417.0,7424.5,7417.0,7417.0,32.0
2026-06-22 12:05:00+05:30,7417.0,7424.5,7415.0,7420.0,108.0
2026-06-22 12:10:00+05:30,7420.0,7424.5,7418.0,7420.0,58.0
2026-06-22 12:15:00+05:30,7418.5,7428.0,7418.5,7424.5,249.0
2026-06-22 12:20:00+05:30,7424.5,7429.5,7420.0,7420.5,137.0
2026-06-22 12:25:00+05:30,7420.0,7420.0,7418.5,7420.0,24.0
2026-06-22 12:30:00+05:30,7420.0,7425.0,7420.0,7425.0,146.0
2026-06-22 12:35:00+05:30,7420.0,7424.5,7420.0,7420.0,175.0
2026-06-22 12:40:00+05:30,7420.0,7420.0,7406.5,7410.0,626.0
2026-06-22 12:45:00+05:30,7404.0,7410.0,7394.0,7407.5,557.0
2026-06-22 12:50:00+05:30,7412.5,7424.0,7408.0,7415.0,306.0
2026-06-22 12:55:00+05:30,7415.0,7415.0,7406.0,7412.0,25.0
2026-06-22 13:00:00+05:30,7410.0,7417.0,7410.0,7413.0,62.0
2026-06-22 13:05:00+05:30,7413.0,7422.0,7413.0,7415.0,199.0
2026-06-22 13:10:00+05:30,7415.0,7419.5,7415.0,7419.5,12.0
2026-06-22 13:15:00+05:30,7419.5,7419.5,7413.0,7413.0,41.0
2026-06-22 13:20:00+05:30,7414.0,7414.0,7413.0,7413.0,91.0
2026-06-22 13:25:00+05:30,7413.0,7413.0,7401.0,7402.5,61.0
2026-06-22 13:30:00+05:30,7405.0,7413.0,7394.5,7412.0,222.0
2026-06-22 13:35:00+05:30,7402.5,7412.0,7402.5,7412.0,9.0
2026-06-22 13:40:00+05:30,7412.0,7412.0,7411.0,7411.0,2.0
2026-06-22 13:45:00+05:30,7411.0,7411.0,7395.5,7401.0,240.0
2026-06-22 13:50:00+05:30,7406.0,7419.0,7403.5,7411.5,187.0
2026-06-22 13:55:00+05:30,7411.5,7411.5,7401.0,7408.0,156.0
2026-06-22 14:00:00+05:30,7419.0,7419.0,7401.0,7401.0,321.0
2026-06-22 14:05:00+05:30,7401.0,7415.0,7401.0,7415.0,100.0
2026-06-22 14:10:00+05:30,7418.0,7420.0,7406.0,7406.0,160.0
2026-06-22 14:15:00+05:30,7408.0,7420.0,7408.0,7410.0,282.0
2026-06-22 14:20:00+05:30,7410.0,7411.5,7400.0,7403.0,171.0
2026-06-22 14:25:00+05:30,7412.5,7413.0,7410.0,7410.0,219.0
2026-06-22 14:30:00+05:30,7411.0,7411.0,7410.0,7410.0,12.0
2026-06-22 14:35:00+05:30,7411.0,7418.0,7407.0,7418.0,87.0
2026-06-22 14:40:00+05:30,7418.0,7419.0,7418.0,7419.0,31.0
2026-06-22 14:45:00+05:30,7419.0,7420.0,7413.0,7419.5,45.0
2026-06-22 14:50:00+05:30,7420.0,7420.0,7412.5,7419.5,102.0
2026-06-22 14:55:00+05:30,7417.0,7425.0,7409.0,7414.0,1061.0
2026-06-22 15:00:00+05:30,7414.0,7425.0,7413.0,7425.0,861.0
2026-06-22 15:05:00+05:30,7424.5,7425.0,7419.5,7419.5,1394.0
2026-06-22 15:10:00+05:30,7420.0,7420.0,7419.5,7420.0,268.0
2026-06-22 15:15:00+05:30,7419.5,7419.5,7390.5,7411.0,654.0
2026-06-22 15:20:00+05:30,7410.0,7417.5,7400.5,7410.0,856.0
2026-06-22 15:25:00+05:30,7415.0,7415.0,7385.0,7400.0,405.0
2026-06-23 09:15:00+05:30,7415.0,7445.5,7400.0,7400.0,262.0
2026-06-23 09:20:00+05:30,7390.0,7414.5,7381.5,7390.0,319.0
2026-06-23 09:25:00+05:30,7387.0,7387.5,7376.5,7387.0,171.0
2026-06-23 09:30:00+05:30,7390.0,7413.0,7380.0,7380.0,282.0
2026-06-23 09:35:00+05:30,7380.0,7391.5,7360.5,7380.0,539.0
2026-06-23 09:40:00+05:30,7381.5,7388.5,7376.5,7388.5,179.0
2026-06-23 09:45:00+05:30,7382.0,7385.5,7379.5,7385.5,241.0
2026-06-23 09:50:00+05:30,7390.5,7390.5,7373.0,7373.0,65.0
2026-06-23 09:55:00+05:30,7379.5,7380.0,7371.5,7371.5,44.0
2026-06-23 10:00:00+05:30,7381.0,7381.0,7371.5,7373.0,90.0
2026-06-23 10:05:00+05:30,7370.0,7377.5,7370.0,7377.5,135.0
2026-06-23 10:10:00+05:30,7377.5,7377.5,7373.5,7373.5,7.0
2026-06-23 10:15:00+05:30,7373.5,7373.5,7360.5,7362.5,120.0
2026-06-23 10:20:00+05:30,7362.0,7370.0,7341.0,7341.0,568.0
2026-06-23 10:25:00+05:30,7331.5,7345.5,7331.5,7334.5,40.0
2026-06-23 10:30:00+05:30,7334.5,7341.0,7325.0,7330.5,452.0
2026-06-23 10:35:00+05:30,7336.5,7336.5,7315.0,7331.0,288.0
2026-06-23 10:40:00+05:30,7328.0,7332.5,7320.0,7320.0,123.0
2026-06-23 10:45:00+05:30,7321.5,7322.5,7318.5,7322.0,16.0
2026-06-23 10:50:00+05:30,7318.5,7323.5,7318.5,7322.0,42.0
2026-06-23 10:55:00+05:30,7322.0,7323.5,7322.0,7323.5,39.0
2026-06-23 11:00:00+05:30,7322.0,7335.0,7318.0,7331.0,254.0
2026-06-23 11:05:00+05:30,7330.0,7339.0,7329.5,7338.0,182.0
2026-06-23 11:10:00+05:30,7330.0,7333.5,7330.0,7333.5,23.0
2026-06-23 11:15:00+05:30,7329.5,7329.5,7321.5,7322.0,51.0
2026-06-23 11:20:00+05:30,7310.0,7310.0,7290.0,7297.5,1501.0
2026-06-23 11:25:00+05:30,7295.0,7297.5,7291.0,7291.0,70.0
2026-06-23 11:30:00+05:30,7290.0,7296.0,7290.0,7296.0,73.0
2026-06-23 11:35:00+05:30,7289.0,7289.0,7280.0,7284.0,326.0
2026-06-23 11:40:00+05:30,7284.0,7286.5,7282.0,7284.0,96.0
2026-06-23 11:45:00+05:30,7282.0,7282.5,7269.0,7269.0,228.0
2026-06-23 11:50:00+05:30,7275.0,7278.5,7259.0,7263.0,361.0
2026-06-23 11:55:00+05:30,7262.5,7262.5,7240.5,7253.5,820.0
2026-06-23 12:00:00+05:30,7253.5,7260.0,7252.5,7256.5,173.0
2026-06-23 12:05:00+05:30,7256.0,7256.0,7240.0,7253.0,293.0
2026-06-23 12:10:00+05:30,7255.0,7255.0,7230.0,7244.5,221.0
2026-06-23 12:15:00+05:30,7244.5,7250.5,7234.5,7245.0,85.0
2026-06-23 12:20:00+05:30,7248.5,7248.5,7241.5,7241.5,86.0
2026-06-23 12:25:00+05:30,7242.5,7274.5,7242.5,7264.5,641.0
2026-06-23 12:30:00+05:30,7272.5,7272.5,7241.5,7241.5,456.0
2026-06-23 12:35:00+05:30,7242.0,7253.5,7222.0,7251.5,1121.0
2026-06-23 12:40:00+05:30,7250.5,7260.0,7247.5,7248.5,133.0
2026-06-23 12:45:00+05:30,7248.0,7248.5,7240.0,7247.0,41.0
2026-06-23 12:50:00+05:30,7248.0,7248.0,7243.0,7248.0,40.0
2026-06-23 12:55:00+05:30,7245.0,7248.5,7243.0,7248.5,52.0
2026-06-23 13:00:00+05:30,7248.5,7248.5,7221.0,7240.0,547.0
2026-06-23 13:05:00+05:30,7245.5,7246.0,7240.0,7240.0,41.0
2026-06-23 13:10:00+05:30,7240.0,7243.0,7240.0,7240.0,24.0
2026-06-23 13:15:00+05:30,7234.0,7238.0,7234.0,7234.5,16.0
2026-06-23 13:20:00+05:30,7234.0,7240.0,7234.0,7239.0,27.0
2026-06-23 13:25:00+05:30,7234.0,7238.5,7232.5,7232.5,13.0
2026-06-23 13:30:00+05:30,7236.5,7242.0,7226.5,7226.5,66.0
2026-06-23 13:35:00+05:30,7226.5,7235.0,7226.5,7235.0,27.0
2026-06-23 13:40:00+05:30,7229.0,7242.0,7229.0,7242.0,99.0
2026-06-23 13:45:00+05:30,7242.0,7255.0,7242.0,7250.0,121.0
2026-06-23 13:50:00+05:30,7254.5,7259.0,7245.0,7249.0,66.0
2026-06-23 13:55:00+05:30,7240.0,7240.0,7210.0,7226.5,790.0
2026-06-23 14:00:00+05:30,7226.5,7234.5,7218.0,7234.5,87.0
2026-06-23 14:05:00+05:30,7234.5,7235.5,7228.0,7229.0,43.0
2026-06-23 14:10:00+05:30,7229.0,7253.0,7229.0,7239.5,182.0
2026-06-23 14:15:00+05:30,7231.5,7241.0,7231.5,7236.0,69.0
2026-06-23 14:20:00+05:30,7230.5,7245.0,7230.5,7242.0,116.0
2026-06-23 14:25:00+05:30,7242.0,7249.0,7230.5,7234.0,49.0
2026-06-23 14:30:00+05:30,7236.0,7236.0,7231.0,7232.0,21.0
2026-06-23 14:35:00+05:30,7232.0,7246.5,7230.0,7230.0,92.0
2026-06-23 14:40:00+05:30,7231.0,7257.5,7231.0,7252.5,169.0
2026-06-23 14:45:00+05:30,7257.5,7257.5,7227.0,7227.0,265.0
2026-06-23 14:50:00+05:30,7230.0,7235.0,7215.0,7227.0,398.0
2026-06-23 14:55:00+05:30,7227.0,7232.0,7220.5,7220.5,123.0
2026-06-23 15:00:00+05:30,7219.5,7224.5,7190.5,7203.0,1320.0
2026-06-23 15:05:00+05:30,7203.0,7216.0,7200.5,7216.0,287.0
2026-06-23 15:10:00+05:30,7218.5,7218.5,7197.0,7197.5,1239.0
2026-06-23 15:15:00+05:30,7197.0,7208.0,7190.0,7193.0,1901.0
2026-06-23 15:20:00+05:30,7200.0,7210.0,7177.5,7189.5,1270.0
2026-06-23 15:25:00+05:30,7190.0,7225.0,7170.5,7225.0,980.0
2026-06-24 09:15:00+05:30,7171.0,7233.0,7171.0,7209.0,408.0
2026-06-24 09:20:00+05:30,7208.0,7208.0,7182.5,7203.0,383.0
2026-06-24 09:25:00+05:30,7200.0,7205.5,7200.0,7205.0,229.0
2026-06-24 09:30:00+05:30,7211.5,7217.5,7208.5,7217.5,92.0
2026-06-24 09:35:00+05:30,7217.5,7228.0,7205.0,7228.0,204.0
2026-06-24 09:40:00+05:30,7228.0,7228.0,7197.5,7199.5,101.0
2026-06-24 09:45:00+05:30,7201.0,7201.5,7180.5,7181.0,189.0
2026-06-24 09:50:00+05:30,7179.5,7185.0,7172.0,7177.5,176.0
2026-06-24 09:55:00+05:30,7177.0,7190.0,7168.0,7168.0,230.0
2026-06-24 10:00:00+05:30,7168.0,7204.5,7168.0,7191.5,244.0
2026-06-24 10:05:00+05:30,7191.5,7199.0,7191.5,7199.0,68.0
2026-06-24 10:10:00+05:30,7196.5,7196.5,7188.0,7195.5,31.0
2026-06-24 10:15:00+05:30,7195.5,7196.5,7176.5,7180.5,311.0
2026-06-24 10:20:00+05:30,7186.5,7199.0,7186.5,7191.0,80.0
2026-06-24 10:25:00+05:30,7191.0,7194.0,7186.0,7186.0,27.0
2026-06-24 10:30:00+05:30,7186.0,7186.0,7178.0,7178.0,43.0
2026-06-24 10:35:00+05:30,7178.0,7178.0,7171.0,7171.0,6.0
2026-06-24 10:40:00+05:30,7171.0,7175.0,7171.0,7175.0,9.0
2026-06-24 10:45:00+05:30,7175.0,7180.5,7175.0,7175.0,26.0
2026-06-24 10:50:00+05:30,7175.0,7183.0,7175.0,7183.0,4.0
2026-06-24 10:55:00+05:30,7180.0,7180.0,7175.0,7177.0,35.0
2026-06-24 11:00:00+05:30,7177.0,7181.5,7172.0,7181.0,37.0
2026-06-24 11:05:00+05:30,7181.0,7181.0,7180.5,7180.5,26.0
2026-06-24 11:10:00+05:30,7180.5,7180.5,7177.5,7177.5,2.0
2026-06-24 11:15:00+05:30,7177.5,7177.5,7177.5,7177.5,8.0
2026-06-24 11:20:00+05:30,7177.5,7177.5,7160.5,7160.5,148.0
2026-06-24 11:25:00+05:30,7160.5,7170.0,7160.5,7162.0,60.0
2026-06-24 11:30:00+05:30,7172.0,7172.0,7162.0,7162.0,32.0
2026-06-24 11:35:00+05:30,7162.5,7162.5,7144.0,7145.0,770.0
2026-06-24 11:40:00+05:30,7145.0,7150.0,7145.0,7150.0,5.0
2026-06-24 11:45:00+05:30,7150.0,7152.0,7144.5,7146.0,189.0
2026-06-24 11:50:00+05:30,7150.0,7167.0,7150.0,7154.0,62.0
2026-06-24 11:55:00+05:30,7163.0,7163.0,7136.0,7146.5,446.0
2026-06-24 12:00:00+05:30,7145.0,7145.0,7136.0,7144.0,67.0
2026-06-24 12:05:00+05:30,7144.0,7144.0,7136.0,7142.5,26.0
2026-06-24 12:10:00+05:30,7143.0,7143.0,7131.5,7131.5,55.0
2026-06-24 12:15:00+05:30,7131.5,7133.5,7131.0,7133.0,106.0
2026-06-24 12:20:00+05:30,7137.0,7137.0,7137.0,7137.0,33.0
2026-06-24 12:25:00+05:30,7137.0,7143.0,7130.5,7130.5,83.0
2026-06-24 12:30:00+05:30,7130.5,7139.0,7130.5,7139.0,12.0
2026-06-24 12:35:00+05:30,7139.0,7139.0,7130.5,7139.0,4.0
2026-06-24 12:40:00+05:30,7139.0,7144.5,7139.0,7139.0,7.0
2026-06-24 12:45:00+05:30,7139.0,7149.5,7139.0,7144.5,32.0
2026-06-24 12:50:00+05:30,7144.5,7150.0,7130.5,7149.0,228.0
2026-06-24 12:55:00+05:30,7149.0,7149.0,7143.0,7145.0,195.0
2026-06-24 13:00:00+05:30,7145.0,7145.0,7137.0,7145.0,2.0
2026-06-24 13:05:00+05:30,7145.0,7145.0,7137.0,7137.5,3.0
2026-06-24 13:10:00+05:30,7137.5,7150.0,7137.5,7150.0,38.0
2026-06-24 13:15:00+05:30,7150.0,7150.0,7144.5,7144.5,41.0
2026-06-24 13:20:00+05:30,7144.5,7150.0,7144.5,7150.0,55.0
2026-06-24 13:25:00+05:30,7150.0,7150.0,7149.5,7150.0,18.0
2026-06-24 13:30:00+05:30,7149.5,7154.0,7136.5,7142.5,317.0
2026-06-24 13:35:00+05:30,7145.0,7145.0,7135.5,7143.5,172.0
2026-06-24 13:40:00+05:30,7132.0,7143.5,7132.0,7132.5,96.0
2026-06-24 13:45:00+05:30,7145.0,7145.0,7140.0,7143.0,103.0
2026-06-24 13:50:00+05:30,7143.0,7145.0,7137.0,7137.0,131.0
2026-06-24 13:55:00+05:30,7144.5,7145.0,7135.0,7135.5,116.0
2026-06-24 14:00:00+05:30,7135.5,7144.0,7129.0,7130.0,534.0
2026-06-24 14:05:00+05:30,7130.0,7134.5,7126.0,7134.5,326.0
2026-06-24 14:10:00+05:30,7134.5,7134.5,7131.0,7134.0,51.0
2026-06-24 14:15:00+05:30,7131.0,7140.0,7131.0,7140.0,29.0
2026-06-24 14:20:00+05:30,7143.0,7150.0,7143.0,7144.5,137.0
2026-06-24 14:25:00+05:30,7144.5,7147.0,7137.5,7140.5,46.0
2026-06-24 14:30:00+05:30,7140.5,7140.5,7140.5,7140.5,3.0
2026-06-24 14:35:00+05:30,7140.5,7142.0,7136.5,7142.0,114.0
2026-06-24 14:40:00+05:30,7145.5,7145.5,7141.0,7145.0,72.0
2026-06-24 14:45:00+05:30,7145.0,7146.0,7142.0,7142.0,40.0
2026-06-24 14:50:00+05:30,7141.0,7145.0,7138.5,7142.0,88.0
2026-06-24 14:55:00+05:30,7137.0,7143.0,7137.0,7139.0,76.0
2026-06-24 15:00:00+05:30,7140.5,7145.5,7136.0,7144.5,76.0
2026-06-24 15:05:00+05:30,7145.0,7157.5,7130.5,7149.5,553.0
2026-06-24 15:10:00+05:30,7150.0,7150.0,7130.0,7137.5,90.0
2026-06-24 15:15:00+05:30,7135.0,7141.5,7130.0,7137.5,240.0
2026-06-24 15:20:00+05:30,7137.5,7138.0,7131.5,7132.0,233.0
2026-06-24 15:25:00+05:30,7135.0,7150.0,7132.0,7150.0,700.0
2026-06-25 09:15:00+05:30,7157.0,7194.5,7157.0,7174.5,531.0
2026-06-25 09:20:00+05:30,7177.0,7180.0,7165.0,7171.5,197.0
2026-06-25 09:25:00+05:30,7166.0,7174.5,7140.0,7150.0,342.0
2026-06-25 09:30:00+05:30,7150.0,7152.0,7140.0,7142.5,215.0
2026-06-25 09:35:00+05:30,7142.0,7151.0,7142.0,7149.5,61.0
2026-06-25 09:40:00+05:30,7149.5,7149.5,7141.5,7141.5,63.0
2026-06-25 09:45:00+05:30,7147.5,7148.0,7140.0,7148.0,33.0
2026-06-25 09:50:00+05:30,7148.0,7154.0,7144.0,7144.0,123.0
2026-06-25 09:55:00+05:30,7153.0,7153.0,7125.0,7125.0,146.0
2026-06-25 10:00:00+05:30,7125.0,7130.0,7125.0,7130.0,26.0
2026-06-25 10:05:00+05:30,7130.0,7130.5,7110.5,7122.0,205.0
2026-06-25 10:10:00+05:30,7125.0,7125.0,7120.0,7120.0,71.0
2026-06-25 10:15:00+05:30,7128.0,7128.0,7115.0,7120.5,221.0
2026-06-25 10:20:00+05:30,7119.0,7129.5,7119.0,7125.5,71.0
2026-06-25 10:25:00+05:30,7127.0,7129.5,7119.5,7119.5,6.0
2026-06-25 10:30:00+05:30,7140.0,7140.0,7133.5,7133.5,238.0
2026-06-25 10:35:00+05:30,7133.5,7162.0,7130.0,7147.0,794.0
2026-06-25 10:40:00+05:30,7147.0,7149.5,7141.5,7149.5,28.0
2026-06-25 10:45:00+05:30,7149.5,7149.5,7130.5,7130.5,19.0
2026-06-25 10:50:00+05:30,7126.5,7129.5,7121.5,7129.5,25.0
2026-06-25 10:55:00+05:30,7129.5,7132.0,7116.5,7131.5,111.0
2026-06-25 11:00:00+05:30,7131.5,7131.5,7120.5,7120.5,50.0
2026-06-25 11:05:00+05:30,7120.5,7132.0,7120.5,7132.0,66.0
2026-06-25 11:10:00+05:30,7132.0,7132.0,7119.5,7119.5,30.0
2026-06-25 11:15:00+05:30,7117.5,7128.5,7110.0,7112.0,263.0
2026-06-25 11:20:00+05:30,7112.0,7112.0,7100.0,7108.5,222.0
2026-06-25 11:25:00+05:30,7108.5,7108.5,7099.0,7099.0,35.0
2026-06-25 11:30:00+05:30,7099.0,7099.5,7090.0,7095.5,132.0
2026-06-25 11:35:00+05:30,7095.5,7095.5,7060.0,7080.0,445.0
2026-06-25 11:40:00+05:30,7083.5,7083.5,7061.0,7066.0,600.0
2026-06-25 11:45:00+05:30,7066.0,7066.0,7055.0,7055.0,179.0
2026-06-25 11:50:00+05:30,7051.0,7070.5,7051.0,7062.0,237.0
2026-06-25 11:55:00+05:30,7062.0,7069.0,7057.0,7065.0,52.0
2026-06-25 12:00:00+05:30,7065.0,7065.0,7060.0,7061.0,37.0
2026-06-25 12:05:00+05:30,7061.0,7061.0,7046.0,7050.0,532.0
2026-06-25 12:10:00+05:30,7050.0,7051.0,7040.0,7048.0,296.0
2026-06-25 12:15:00+05:30,7040.0,7049.5,7040.0,7045.0,85.0
2026-06-25 12:20:00+05:30,7045.0,7049.0,7045.0,7048.5,29.0
2026-06-25 12:25:00+05:30,7046.0,7046.5,7042.0,7042.0,195.0
2026-06-25 12:30:00+05:30,7044.0,7044.5,7040.0,7044.0,96.0
2026-06-25 12:35:00+05:30,7040.5,7054.5,7040.5,7050.0,127.0
2026-06-25 12:40:00+05:30,7050.0,7054.0,7040.0,7043.5,215.0
2026-06-25 12:45:00+05:30,7043.5,7045.0,7040.0,7043.5,73.0
2026-06-25 12:50:00+05:30,7043.5,7043.5,7040.0,7040.0,16.0
2026-06-25 12:55:00+05:30,7040.0,7040.0,7033.0,7035.0,95.0
2026-06-25 13:00:00+05:30,7038.0,7039.5,7038.0,7039.5,22.0
2026-06-25 13:05:00+05:30,7039.5,7044.5,7014.0,7021.0,457.0
2026-06-25 13:10:00+05:30,7020.0,7025.0,7020.0,7021.5,48.0
2026-06-25 13:15:00+05:30,7021.5,7047.0,7020.0,7044.0,485.0
2026-06-25 13:20:00+05:30,7044.0,7044.5,7035.0,7038.0,77.0
2026-06-25 13:25:00+05:30,7038.0,7038.0,7033.5,7033.5,73.0
2026-06-25 13:30:00+05:30,7033.5,7035.0,7012.5,7012.5,201.0
2026-06-25 13:35:00+05:30,7015.5,7021.5,7014.0,7014.0,143.0
2026-06-25 13:40:00+05:30,7024.0,7026.5,7020.0,7025.0,218.0
2026-06-25 13:45:00+05:30,7025.0,7030.5,7025.0,7025.0,148.0
2026-06-25 13:50:00+05:30,7025.0,7025.5,7012.0,7013.0,323.0
2026-06-25 13:55:00+05:30,7015.5,7024.0,7013.0,7014.0,187.0
2026-06-25 14:00:00+05:30,7021.0,7021.0,7011.0,7013.0,179.0
2026-06-25 14:05:00+05:30,7013.0,7020.0,7011.5,7019.0,195.0
2026-06-25 14:10:00+05:30,7018.5,7024.0,7013.5,7013.5,294.0
2026-06-25 14:15:00+05:30,7015.0,7020.0,7013.5,7014.0,194.0
2026-06-25 14:20:00+05:30,7014.0,7017.0,7010.5,7014.0,142.0
2026-06-25 14:25:00+05:30,7010.5,7025.5,7010.0,7025.0,282.0
2026-06-25 14:30:00+05:30,7025.0,7028.0,7015.0,7016.0,254.0
2026-06-25 14:35:00+05:30,7016.5,7027.5,7016.5,7018.0,175.0
2026-06-25 14:40:00+05:30,7017.0,7026.0,7015.0,7015.0,220.0
2026-06-25 14:45:00+05:30,7015.5,7018.0,7015.0,7018.0,159.0
2026-06-25 14:50:00+05:30,7019.0,7025.5,7015.0,7020.5,224.0
2026-06-25 14:55:00+05:30,7020.5,7029.0,7020.0,7020.0,332.0
2026-06-25 15:00:00+05:30,7024.0,7025.0,7015.0,7020.0,358.0
2026-06-25 15:05:00+05:30,7024.5,7044.0,7020.0,7024.0,546.0
2026-06-25 15:10:00+05:30,7030.5,7030.5,7013.0,7013.0,332.0
2026-06-25 15:15:00+05:30,7020.5,7032.0,7013.0,7014.0,586.0
2026-06-25 15:20:00+05:30,7021.5,7024.0,7011.0,7012.0,573.0
2026-06-25 15:25:00+05:30,7012.0,7036.5,7011.0,7021.0,486.0
2026-06-29 09:15:00+05:30,7021.5,7080.0,7000.0,7055.0,1045.0
2026-06-29 09:20:00+05:30,7055.0,7078.5,7039.0,7068.0,347.0
2026-06-29 09:25:00+05:30,7050.5,7075.0,7050.5,7073.0,510.0
2026-06-29 09:30:00+05:30,7069.0,7126.5,7066.0,7126.5,601.0
2026-06-29 09:35:00+05:30,7120.0,7134.0,7108.5,7133.0,853.0
2026-06-29 09:40:00+05:30,7133.5,7168.0,7128.0,7152.5,784.0
2026-06-29 09:45:00+05:30,7143.0,7190.0,7141.0,7177.0,755.0
2026-06-29 09:50:00+05:30,7177.0,7225.0,7177.0,7206.0,1810.0
2026-06-29 09:55:00+05:30,7206.5,7219.0,7180.5,7187.0,720.0
2026-06-29 10:00:00+05:30,7185.5,7202.5,7182.5,7190.0,281.0
2026-06-29 10:05:00+05:30,7190.0,7229.0,7190.0,7206.5,542.0
2026-06-29 10:10:00+05:30,7205.0,7253.5,7200.0,7241.5,3332.0
2026-06-29 10:15:00+05:30,7242.0,7280.0,7235.5,7238.0,2922.0
2026-06-29 10:20:00+05:30,7231.5,7259.5,7216.0,7243.5,702.0
2026-06-29 10:25:00+05:30,7246.5,7250.0,7236.0,7237.5,153.0
2026-06-29 10:30:00+05:30,7237.5,7247.5,7225.0,7238.0,396.0
2026-06-29 10:35:00+05:30,7234.0,7248.5,7200.5,7200.5,758.0
2026-06-29 10:40:00+05:30,7201.0,7206.5,7182.5,7194.5,573.0
2026-06-29 10:45:00+05:30,7193.0,7198.5,7179.0,7190.5,481.0
2026-06-29 10:50:00+05:30,7194.5,7209.0,7181.5,7206.5,892.0
2026-06-29 10:55:00+05:30,7207.0,7258.0,7207.0,7257.5,944.0
2026-06-29 11:00:00+05:30,7250.0,7260.0,7240.0,7250.0,376.0
2026-06-29 11:05:00+05:30,7250.0,7254.0,7231.5,7231.5,235.0
2026-06-29 11:10:00+05:30,7231.5,7366.0,7231.0,7353.0,6356.0
2026-06-29 11:15:00+05:30,7345.0,7410.0,7345.0,7395.0,7134.0
2026-06-29 11:20:00+05:30,7403.0,7403.0,7354.5,7370.5,6386.0
2026-06-29 11:25:00+05:30,7371.0,7371.0,7325.5,7343.5,3236.0
2026-06-29 11:30:00+05:30,7337.0,7344.5,7312.5,7337.5,2583.0
2026-06-29 11:35:00+05:30,7337.0,7394.0,7331.5,7385.0,3355.0
2026-06-29 11:40:00+05:30,7385.0,7394.0,7377.0,7383.5,2450.0
2026-06-29 11:45:00+05:30,7383.0,7405.0,7351.5,7405.0,5856.0
2026-06-29 11:50:00+05:30,7405.0,7439.0,7395.0,7426.0,5565.0
2026-06-29 11:55:00+05:30,7426.0,7426.0,7368.0,7372.5,2680.0
2026-06-29 12:00:00+05:30,7373.0,7373.0,7331.0,7350.0,2593.0
2026-06-29 12:05:00+05:30,7350.0,7372.0,7315.0,7328.5,3359.0
2026-06-29 12:10:00+05:30,7322.5,7340.0,7285.0,7289.0,2990.0
2026-06-29 12:15:00+05:30,7289.5,7294.0,7240.0,7254.0,4804.0
2026-06-29 12:20:00+05:30,7254.0,7289.0,7245.5,7280.5,2646.0
2026-06-29 12:25:00+05:30,7272.5,7290.0,7261.5,7272.0,1463.0
2026-06-29 12:30:00+05:30,7276.0,7293.5,7270.0,7293.5,412.0
2026-06-29 12:35:00+05:30,7292.5,7300.0,7272.0,7277.5,1569.0
2026-06-29 12:40:00+05:30,7279.0,7279.0,7241.0,7241.0,2700.0
2026-06-29 12:45:00+05:30,7226.0,7248.5,7199.0,7220.0,2456.0
2026-06-29 12:50:00+05:30,7215.5,7245.0,7212.0,7239.5,1321.0
2026-06-29 12:55:00+05:30,7241.5,7244.5,7225.0,7228.5,773.0
2026-06-29 13:00:00+05:30,7230.0,7238.5,7221.0,7223.0,873.0
2026-06-29 13:05:00+05:30,7223.0,7228.5,7210.0,7221.5,1002.0
2026-06-29 13:10:00+05:30,7224.5,7269.0,7224.5,7253.0,2005.0
2026-06-29 13:15:00+05:30,7253.0,7254.0,7225.0,7252.0,813.0
2026-06-29 13:20:00+05:30,7254.5,7264.0,7243.5,7261.5,1160.0
2026-06-29 13:25:00+05:30,7262.0,7290.0,7254.5,7277.0,2569.0
2026-06-29 13:30:00+05:30,7277.0,7298.5,7274.5,7296.5,1212.0
2026-06-29 13:35:00+05:30,7298.0,7300.0,7269.0,7283.0,2236.0
2026-06-29 13:40:00+05:30,7286.0,7291.5,7276.0,7285.5,1465.0
2026-06-29 13:45:00+05:30,7286.0,7300.0,7280.5,7295.0,1064.0
2026-06-29 13:50:00+05:30,7291.0,7300.5,7289.5,7300.0,1656.0
2026-06-29 13:55:00+05:30,7300.0,7302.0,7292.0,7296.0,878.0
2026-06-29 14:00:00+05:30,7296.0,7300.0,7289.5,7298.5,1000.0
2026-06-29 14:05:00+05:30,7291.0,7300.0,7290.5,7298.0,754.0
2026-06-29 14:10:00+05:30,7298.0,7300.0,7285.5,7292.5,1201.0
2026-06-29 14:15:00+05:30,7293.0,7300.0,7287.5,7294.5,824.0
2026-06-29 14:20:00+05:30,7290.0,7299.5,7286.5,7294.5,872.0
2026-06-29 14:25:00+05:30,7295.0,7300.0,7286.0,7296.0,972.0
2026-06-29 14:30:00+05:30,7297.0,7300.0,7289.5,7297.5,979.0
2026-06-29 14:35:00+05:30,7298.5,7299.5,7275.0,7280.5,1059.0
2026-06-29 14:40:00+05:30,7274.5,7300.0,7274.5,7279.5,3587.0
2026-06-29 14:45:00+05:30,7274.5,7275.5,7232.0,7235.5,1405.0
2026-06-29 14:50:00+05:30,7240.0,7300.0,7235.0,7291.5,8112.0
2026-06-29 14:55:00+05:30,7297.0,7300.5,7283.0,7298.0,6788.0
2026-06-29 15:00:00+05:30,7293.0,7300.0,7282.0,7299.5,10763.0
2026-06-29 15:05:00+05:30,7299.5,7305.0,7287.0,7296.5,11252.0
2026-06-29 15:10:00+05:30,7297.0,7302.5,7282.0,7297.0,9612.0
2026-06-29 15:15:00+05:30,7299.5,7303.5,7270.5,7290.0,12090.0
2026-06-29 15:20:00+05:30,7295.5,7300.0,7276.0,7285.5,9860.0
2026-06-29 15:25:00+05:30,7298.0,7300.0,7233.5,7275.0,5506.0
2026-06-30 09:15:00+05:30,7317.0,7333.5,7297.0,7297.0,898.0
2026-06-30 09:20:00+05:30,7299.5,7310.0,7292.0,7310.0,273.0
2026-06-30 09:25:00+05:30,7310.0,7310.0,7291.0,7291.0,144.0
2026-06-30 09:30:00+05:30,7290.0,7310.0,7275.0,7306.5,736.0
2026-06-30 09:35:00+05:30,7306.0,7346.5,7289.0,7338.0,517.0
2026-06-30 09:40:00+05:30,7338.5,7379.0,7328.0,7372.0,1044.0
2026-06-30 09:45:00+05:30,7373.5,7373.5,7291.0,7303.0,525.0
2026-06-30 09:50:00+05:30,7300.0,7310.5,7293.5,7304.5,408.0
2026-06-30 09:55:00+05:30,7299.5,7324.5,7299.5,7324.0,98.0
2026-06-30 10:00:00+05:30,7324.0,7329.0,7300.0,7329.0,277.0
2026-06-30 10:05:00+05:30,7329.5,7344.5,7320.5,7322.0,451.0
2026-06-30 10:10:00+05:30,7332.0,7340.0,7312.0,7312.0,520.0
2026-06-30 10:15:00+05:30,7320.0,7320.0,7300.0,7302.0,547.0
2026-06-30 10:20:00+05:30,7302.0,7317.0,7301.5,7308.0,32.0
2026-06-30 10:25:00+05:30,7316.0,7322.5,7310.5,7322.5,64.0
2026-06-30 10:30:00+05:30,7319.5,7319.5,7308.0,7319.5,215.0
2026-06-30 10:35:00+05:30,7312.0,7318.5,7301.0,7307.5,313.0
2026-06-30 10:40:00+05:30,7307.5,7307.5,7300.5,7306.5,17.0
2026-06-30 10:45:00+05:30,7308.0,7308.0,7300.0,7300.0,208.0
2026-06-30 10:50:00+05:30,7306.5,7315.0,7303.5,7311.5,25.0
2026-06-30 10:55:00+05:30,7311.0,7311.0,7305.0,7307.0,6.0
2026-06-30 11:00:00+05:30,7311.0,7325.0,7311.0,7325.0,31.0
2026-06-30 11:05:00+05:30,7326.5,7328.5,7315.5,7322.5,182.0
2026-06-30 11:10:00+05:30,7329.5,7338.5,7315.5,7334.5,425.0
2026-06-30 11:15:00+05:30,7334.0,7334.0,7324.0,7324.0,36.0
2026-06-30 11:20:00+05:30,7324.0,7330.0,7317.5,7325.0,139.0
2026-06-30 11:25:00+05:30,7324.5,7324.5,7317.0,7324.5,28.0
2026-06-30 11:30:00+05:30,7317.0,7325.0,7317.0,7324.0,16.0
2026-06-30 11:35:00+05:30,7324.5,7324.5,7305.0,7315.0,150.0
2026-06-30 11:40:00+05:30,7315.0,7319.0,7302.0,7312.0,308.0
2026-06-30 11:45:00+05:30,7313.0,7333.0,7307.0,7320.0,526.0
2026-06-30 11:50:00+05:30,7315.0,7324.0,7315.0,7324.0,23.0
2026-06-30 11:55:00+05:30,7325.0,7330.0,7315.5,7321.5,199.0
2026-06-30 12:00:00+05:30,7321.5,7328.0,7318.0,7326.0,36.0
2026-06-30 12:05:00+05:30,7326.0,7339.5,7313.0,7314.0,446.0
2026-06-30 12:10:00+05:30,7314.5,7318.5,7314.5,7317.0,62.0
2026-06-30 12:15:00+05:30,7318.0,7319.5,7305.0,7318.5,134.0
2026-06-30 12:20:00+05:30,7318.0,7320.0,7307.5,7317.0,35.0
2026-06-30 12:25:00+05:30,7317.0,7320.0,7308.5,7319.0,84.0
2026-06-30 12:30:00+05:30,7319.0,7319.0,7305.0,7305.0,31.0
2026-06-30 12:35:00+05:30,7305.5,7307.0,7305.5,7307.0,13.0
2026-06-30 12:40:00+05:30,7307.0,7314.5,7307.0,7314.5,12.0
2026-06-30 12:45:00+05:30,7314.5,7322.0,7314.5,7320.5,32.0
2026-06-30 12:50:00+05:30,7314.0,7314.0,7307.0,7307.0,18.0
2026-06-30 12:55:00+05:30,7307.0,7313.0,7307.0,7307.0,127.0
2026-06-30 13:00:00+05:30,7307.0,7315.5,7307.0,7315.5,4.0
2026-06-30 13:05:00+05:30,7315.5,7319.0,7312.0,7312.0,84.0
2026-06-30 13:10:00+05:30,7312.0,7319.5,7312.0,7312.0,15.0
2026-06-30 13:15:00+05:30,7312.0,7319.5,7311.5,7311.5,47.0
2026-06-30 13:20:00+05:30,7319.0,7323.0,7312.0,7312.0,95.0
2026-06-30 13:25:00+05:30,7312.0,7317.0,7312.0,7317.0,110.0
2026-06-30 13:30:00+05:30,7315.0,7317.0,7312.0,7312.5,418.0
2026-06-30 13:35:00+05:30,7313.0,7317.0,7313.0,7316.0,419.0
2026-06-30 13:40:00+05:30,7316.5,7349.0,7316.5,7325.0,1945.0
2026-06-30 13:45:00+05:30,7326.0,7326.0,7320.0,7322.0,182.0
2026-06-30 13:50:00+05:30,7320.0,7320.0,7315.0,7320.0,70.0
2026-06-30 13:55:00+05:30,7320.0,7321.0,7312.0,7315.0,188.0
2026-06-30 14:00:00+05:30,7315.0,7315.0,7312.0,7314.5,570.0
2026-06-30 14:05:00+05:30,7312.0,7315.0,7305.0,7312.0,904.0
2026-06-30 14:10:00+05:30,7311.0,7315.0,7305.5,7315.0,623.0
2026-06-30 14:15:00+05:30,7315.0,7315.0,7312.0,7315.0,124.0
2026-06-30 14:20:00+05:30,7315.0,7328.0,7315.0,7328.0,1427.0
2026-06-30 14:25:00+05:30,7328.0,7330.0,7319.5,7320.0,416.0
2026-06-30 14:30:00+05:30,7320.0,7324.5,7305.5,7320.0,2638.0
2026-06-30 14:35:00+05:30,7320.0,7325.0,7320.0,7320.5,598.0
2026-06-30 14:40:00+05:30,7320.5,7333.5,7320.0,7320.5,872.0
2026-06-30 14:45:00+05:30,7320.5,7332.0,7320.0,7323.0,671.0
2026-06-30 14:50:00+05:30,7322.5,7331.0,7320.0,7320.0,756.0
2026-06-30 14:55:00+05:30,7320.0,7336.0,7320.0,7328.5,1176.0
2026-06-30 15:00:00+05:30,7328.0,7340.0,7320.5,7340.0,209.0
2026-06-30 15:05:00+05:30,7335.5,7346.0,7327.5,7340.5,627.0
2026-06-30 15:10:00+05:30,7337.0,7340.5,7305.0,7316.0,546.0
2026-06-30 15:15:00+05:30,7307.0,7315.0,7305.0,7313.0,336.0
2026-06-30 15:20:00+05:30,7306.0,7314.0,7286.5,7294.0,695.0
2026-06-30 15:25:00+05:30,7287.0,7310.0,7279.5,7307.0,641.0
2026-07-01 09:15:00+05:30,7309.0,7309.0,7283.5,7291.5,296.0
2026-07-01 09:20:00+05:30,7291.0,7299.0,7285.5,7285.5,109.0
2026-07-01 09:25:00+05:30,7290.0,7300.0,7290.0,7298.0,133.0
2026-07-01 09:30:00+05:30,7299.5,7311.0,7295.0,7301.5,1471.0
2026-07-01 09:35:00+05:30,7299.0,7299.0,7285.0,7291.5,76.0
2026-07-01 09:40:00+05:30,7292.0,7292.0,7258.0,7274.5,789.0
2026-07-01 09:45:00+05:30,7275.5,7280.0,7263.0,7263.0,273.0
2026-07-01 09:50:00+05:30,7265.0,7274.5,7250.0,7273.0,552.0
2026-07-01 09:55:00+05:30,7264.5,7270.5,7261.0,7270.0,89.0
2026-07-01 10:00:00+05:30,7273.0,7280.0,7263.0,7268.0,228.0
2026-07-01 10:05:00+05:30,7268.0,7268.0,7258.0,7265.0,79.0
2026-07-01 10:10:00+05:30,7265.5,7265.5,7255.0,7257.5,104.0
2026-07-01 10:15:00+05:30,7257.0,7269.0,7250.0,7268.5,122.0
2026-07-01 10:20:00+05:30,7268.5,7270.5,7255.5,7255.5,80.0
2026-07-01 10:25:00+05:30,7266.5,7267.0,7266.5,7267.0,3.0
2026-07-01 10:30:00+05:30,7258.0,7273.5,7258.0,7273.5,25.0
2026-07-01 10:35:00+05:30,7265.0,7269.0,7260.0,7260.0,10.0
2026-07-01 10:40:00+05:30,7257.5,7264.0,7255.5,7255.5,37.0
2026-07-01 10:45:00+05:30,7255.0,7261.0,7235.0,7257.5,672.0
2026-07-01 10:50:00+05:30,7257.5,7258.5,7250.0,7258.0,7.0
2026-07-01 10:55:00+05:30,7257.0,7273.5,7257.0,7262.0,105.0
2026-07-01 11:00:00+05:30,7262.0,7271.0,7262.0,7270.5,41.0
2026-07-01 11:05:00+05:30,7270.5,7270.5,7269.5,7269.5,30.0
2026-07-01 11:10:00+05:30,7260.5,7269.0,7255.5,7269.0,33.0
2026-07-01 11:15:00+05:30,7258.0,7268.5,7254.0,7254.0,89.0
2026-07-01 11:20:00+05:30,7253.0,7253.0,7252.0,7252.0,90.0
2026-07-01 11:25:00+05:30,7264.0,7264.0,7252.5,7252.5,23.0
2026-07-01 11:30:00+05:30,7252.5,7262.5,7252.5,7262.5,25.0
2026-07-01 11:35:00+05:30,7252.5,7262.0,7251.0,7251.0,134.0
2026-07-01 11:40:00+05:30,7258.0,7258.0,7251.0,7258.0,22.0
2026-07-01 11:45:00+05:30,7250.0,7263.0,7250.0,7263.0,44.0
2026-07-01 11:50:00+05:30,7263.0,7265.5,7263.0,7263.0,54.0
2026-07-01 11:55:00+05:30,7263.0,7263.0,7256.0,7256.0,19.0
2026-07-01 12:00:00+05:30,7256.0,7265.5,7256.0,7265.5,19.0
2026-07-01 12:05:00+05:30,7265.5,7265.5,7255.0,7255.0,111.0
2026-07-01 12:10:00+05:30,7255.0,7255.0,7255.0,7255.0,3.0
2026-07-01 12:15:00+05:30,7255.0,7260.0,7250.0,7250.5,104.0
2026-07-01 12:20:00+05:30,7250.5,7250.5,7250.5,7250.5,1.0
2026-07-01 12:25:00+05:30,7250.5,7250.5,7236.5,7237.5,96.0
2026-07-01 12:30:00+05:30,7237.5,7245.5,7237.5,7240.0,25.0
2026-07-01 12:35:00+05:30,7239.5,7246.0,7239.5,7245.5,3.0
2026-07-01 12:40:00+05:30,7245.5,7245.5,7238.0,7245.5,41.0
2026-07-01 12:45:00+05:30,7245.5,7256.0,7239.0,7256.0,40.0
2026-07-01 12:50:00+05:30,7256.0,7256.5,7247.0,7247.0,8.0
2026-07-01 12:55:00+05:30,7247.0,7251.0,7240.0,7251.0,88.0
2026-07-01 13:00:00+05:30,7251.0,7253.0,7240.0,7240.0,21.0
2026-07-01 13:05:00+05:30,7240.0,7245.0,7240.0,7240.0,3.0
2026-07-01 13:10:00+05:30,7240.0,7246.0,7240.0,7246.0,81.0
2026-07-01 13:15:00+05:30,7248.5,7253.5,7241.0,7253.5,80.0
2026-07-01 13:20:00+05:30,7247.5,7248.5,7241.5,7248.0,55.0
2026-07-01 13:25:00+05:30,7248.0,7248.0,7230.5,7248.0,191.0
2026-07-01 13:30:00+05:30,7248.0,7248.0,7232.0,7240.5,51.0
2026-07-01 13:35:00+05:30,7240.0,7241.0,7233.0,7239.0,56.0
2026-07-01 13:40:00+05:30,7239.0,7240.0,7225.0,7236.0,331.0
2026-07-01 13:45:00+05:30,7236.0,7238.0,7230.0,7238.0,3.0
2026-07-01 13:50:00+05:30,7238.0,7240.0,7235.0,7237.5,46.0
2026-07-01 13:55:00+05:30,7238.5,7240.0,7232.0,7240.0,15.0
2026-07-01 14:00:00+05:30,7240.0,7240.0,7230.5,7231.0,18.0
2026-07-01 14:05:00+05:30,7231.0,7231.0,7231.0,7231.0,0.0
2026-07-01 14:10:00+05:30,7231.0,7231.5,7231.0,7231.5,7.0
2026-07-01 14:15:00+05:30,7232.0,7236.0,7225.0,7230.5,177.0
2026-07-01 14:20:00+05:30,7231.5,7234.5,7231.5,7234.5,39.0
2026-07-01 14:25:00+05:30,7234.5,7234.5,7225.5,7226.0,55.0
2026-07-01 14:30:00+05:30,7240.0,7251.0,7231.0,7242.5,211.0
2026-07-01 14:35:00+05:30,7242.5,7242.5,7215.0,7224.0,87.0
2026-07-01 14:40:00+05:30,7224.0,7225.0,7217.0,7224.5,78.0
2026-07-01 14:45:00+05:30,7224.5,7224.5,7219.0,7219.0,32.0
2026-07-01 14:50:00+05:30,7219.0,7224.5,7210.0,7210.0,347.0
2026-07-01 14:55:00+05:30,7210.0,7226.0,7210.0,7218.0,204.0
2026-07-01 15:00:00+05:30,7222.0,7222.0,7210.0,7210.0,290.0
2026-07-01 15:05:00+05:30,7215.5,7223.5,7210.0,7216.0,125.0
2026-07-01 15:10:00+05:30,7215.5,7218.0,7205.5,7205.5,364.0
2026-07-01 15:15:00+05:30,7205.0,7213.5,7200.0,7201.0,477.0
2026-07-01 15:20:00+05:30,7207.0,7223.0,7202.0,7214.5,667.0
2026-07-01 15:25:00+05:30,7213.5,7219.5,7208.5,7216.0,564.0
2026-07-02 09:15:00+05:30,7340.0,7340.0,7248.0,7278.0,788.0
2026-07-02 09:20:00+05:30,7269.0,7270.0,7237.5,7237.5,293.0
2026-07-02 09:25:00+05:30,7243.0,7263.0,7237.0,7254.0,236.0
2026-07-02 09:30:00+05:30,7254.0,7256.0,7240.5,7250.5,136.0
2026-07-02 09:35:00+05:30,7250.0,7256.5,7244.5,7253.5,107.0
2026-07-02 09:40:00+05:30,7253.5,7253.5,7241.0,7241.0,86.0
2026-07-02 09:45:00+05:30,7241.0,7241.0,7228.0,7233.0,524.0
2026-07-02 09:50:00+05:30,7233.0,7233.0,7230.5,7230.5,9.0
2026-07-02 09:55:00+05:30,7230.5,7238.0,7230.5,7231.0,39.0
2026-07-02 10:00:00+05:30,7231.0,7236.0,7231.0,7236.0,74.0
2026-07-02 10:05:00+05:30,7229.0,7237.5,7228.0,7237.5,45.0
2026-07-02 10:10:00+05:30,7238.0,7240.5,7236.0,7236.0,20.0
2026-07-02 10:15:00+05:30,7246.0,7246.0,7227.0,7227.0,332.0
2026-07-02 10:20:00+05:30,7235.5,7235.5,7227.0,7235.5,18.0
2026-07-02 10:25:00+05:30,7234.5,7234.5,7210.5,7218.5,204.0
2026-07-02 10:30:00+05:30,7218.5,7222.0,7212.5,7212.5,80.0
2026-07-02 10:35:00+05:30,7224.5,7224.5,7211.5,7213.5,73.0
2026-07-02 10:40:00+05:30,7215.0,7222.0,7215.0,7217.0,26.0
2026-07-02 10:45:00+05:30,7217.0,7225.0,7217.0,7221.0,24.0
2026-07-02 10:50:00+05:30,7221.0,7222.0,7210.5,7212.5,133.0
2026-07-02 10:55:00+05:30,7210.0,7215.5,7205.0,7205.0,86.0
2026-07-02 11:00:00+05:30,7214.5,7219.5,7205.0,7219.5,142.0
2026-07-02 11:05:00+05:30,7218.0,7218.0,7206.0,7209.0,179.0
2026-07-02 11:10:00+05:30,7217.0,7217.5,7207.0,7210.5,13.0
2026-07-02 11:15:00+05:30,7210.5,7222.0,7210.5,7222.0,48.0
2026-07-02 11:20:00+05:30,7214.0,7224.5,7214.0,7217.5,33.0
2026-07-02 11:25:00+05:30,7222.5,7222.5,7210.0,7210.0,44.0
2026-07-02 11:30:00+05:30,7210.0,7216.0,7205.0,7214.5,73.0
2026-07-02 11:35:00+05:30,7211.0,7211.0,7201.0,7210.5,61.0
2026-07-02 11:40:00+05:30,7203.5,7215.0,7201.5,7202.5,66.0
2026-07-02 11:45:00+05:30,7201.5,7203.0,7201.0,7202.0,50.0
2026-07-02 11:50:00+05:30,7202.0,7206.0,7201.0,7202.5,17.0
2026-07-02 11:55:00+05:30,7205.0,7207.0,7204.0,7204.5,65.0
2026-07-02 12:00:00+05:30,7203.0,7203.0,7201.0,7202.0,9.0
2026-07-02 12:05:00+05:30,7210.0,7210.0,7202.5,7204.0,14.0
2026-07-02 12:10:00+05:30,7204.0,7219.0,7203.0,7214.5,30.0
2026-07-02 12:15:00+05:30,7214.5,7215.5,7208.0,7208.0,37.0
2026-07-02 12:20:00+05:30,7208.0,7208.0,7208.0,7208.0,36.0
2026-07-02 12:25:00+05:30,7208.0,7210.0,7208.0,7209.5,13.0
2026-07-02 12:30:00+05:30,7209.5,7217.5,7209.0,7209.0,39.0
2026-07-02 12:35:00+05:30,7209.0,7209.0,7202.0,7202.0,74.0
2026-07-02 12:40:00+05:30,7202.0,7211.0,7202.0,7206.0,21.0
2026-07-02 12:45:00+05:30,7206.0,7213.0,7206.0,7206.0,14.0
2026-07-02 12:50:00+05:30,7201.0,7202.5,7201.0,7202.5,95.0
2026-07-02 12:55:00+05:30,7203.5,7203.5,7178.0,7179.0,440.0
2026-07-02 13:00:00+05:30,7176.5,7178.5,7176.0,7177.0,69.0
2026-07-02 13:05:00+05:30,7178.0,7192.5,7178.0,7179.0,56.0
2026-07-02 13:10:00+05:30,7179.0,7187.5,7178.5,7187.5,11.0
2026-07-02 13:15:00+05:30,7187.5,7197.0,7181.5,7184.0,65.0
2026-07-02 13:20:00+05:30,7183.5,7194.0,7180.5,7186.0,28.0
2026-07-02 13:25:00+05:30,7186.0,7197.0,7186.0,7186.0,41.0
2026-07-02 13:30:00+05:30,7186.0,7186.5,7186.0,7186.5,15.0
2026-07-02 13:35:00+05:30,7186.5,7199.5,7186.0,7199.5,153.0
2026-07-02 13:40:00+05:30,7193.0,7200.0,7190.0,7190.0,18.0
2026-07-02 13:45:00+05:30,7190.5,7192.5,7190.0,7191.0,18.0
2026-07-02 13:50:00+05:30,7191.5,7191.5,7191.0,7191.0,8.0
2026-07-02 13:55:00+05:30,7191.0,7191.0,7191.0,7191.0,15.0
2026-07-02 14:00:00+05:30,7191.0,7191.0,7185.0,7187.0,56.0
2026-07-02 14:05:00+05:30,7187.5,7209.0,7185.5,7197.5,206.0
2026-07-02 14:10:00+05:30,7202.0,7203.5,7200.0,7200.5,122.0
2026-07-02 14:15:00+05:30,7201.0,7202.5,7201.0,7202.5,7.0
2026-07-02 14:20:00+05:30,7202.0,7208.0,7202.0,7204.0,46.0
2026-07-02 14:25:00+05:30,7208.5,7215.5,7203.5,7209.0,248.0
2026-07-02 14:30:00+05:30,7208.5,7211.0,7206.0,7206.5,61.0
2026-07-02 14:35:00+05:30,7206.0,7206.0,7190.5,7191.0,151.0
2026-07-02 14:40:00+05:30,7192.0,7203.5,7192.0,7192.0,60.0
2026-07-02 14:45:00+05:30,7192.0,7198.5,7192.0,7193.5,56.0
2026-07-02 14:50:00+05:30,7193.5,7204.0,7193.5,7199.5,58.0
2026-07-02 14:55:00+05:30,7196.5,7200.0,7196.0,7196.0,38.0
2026-07-02 15:00:00+05:30,7200.5,7204.0,7196.0,7203.0,58.0
2026-07-02 15:05:00+05:30,7196.5,7204.0,7194.0,7195.0,430.0
2026-07-02 15:10:00+05:30,7203.5,7203.5,7190.5,7203.0,444.0
2026-07-02 15:15:00+05:30,7198.5,7203.0,7174.0,7185.5,409.0
2026-07-02 15:20:00+05:30,7185.0,7196.5,7176.5,7186.0,379.0
2026-07-02 15:25:00+05:30,7185.0,7196.0,7170.0,7196.0,566.0
2026-07-03 09:15:00+05:30,7249.5,7249.5,7210.5,7225.0,804.0
2026-07-03 09:20:00+05:30,7223.0,7234.5,7223.0,7234.0,119.0
2026-07-03 09:25:00+05:30,7232.0,7233.5,7226.0,7233.5,26.0
2026-07-03 09:30:00+05:30,7235.5,7269.5,7235.0,7259.5,489.0
2026-07-03 09:35:00+05:30,7259.0,7260.5,7240.5,7240.5,195.0
2026-07-03 09:40:00+05:30,7247.0,7247.0,7220.5,7233.5,239.0
2026-07-03 09:45:00+05:30,7233.5,7238.5,7225.5,7236.0,125.0
2026-07-03 09:50:00+05:30,7236.0,7247.5,7225.0,7244.5,349.0
2026-07-03 09:55:00+05:30,7235.0,7254.5,7228.0,7254.5,353.0
2026-07-03 10:00:00+05:30,7252.0,7271.0,7252.0,7271.0,159.0
2026-07-03 10:05:00+05:30,7273.0,7286.0,7271.5,7277.5,244.0
2026-07-03 10:10:00+05:30,7285.0,7285.0,7260.0,7260.0,157.0
2026-07-03 10:15:00+05:30,7260.0,7269.5,7239.0,7247.0,82.0
2026-07-03 10:20:00+05:30,7247.0,7247.0,7211.0,7211.5,142.0
2026-07-03 10:25:00+05:30,7211.5,7229.5,7208.0,7211.0,375.0
2026-07-03 10:30:00+05:30,7211.0,7212.5,7205.0,7205.0,425.0
2026-07-03 10:35:00+05:30,7205.0,7209.5,7205.0,7208.0,28.0
2026-07-03 10:40:00+05:30,7208.0,7213.0,7208.0,7208.0,28.0
2026-07-03 10:45:00+05:30,7208.0,7214.5,7204.5,7206.5,71.0
2026-07-03 10:50:00+05:30,7205.5,7220.5,7200.5,7200.5,224.0
2026-07-03 10:55:00+05:30,7200.0,7211.0,7199.0,7208.0,104.0
2026-07-03 11:00:00+05:30,7208.0,7208.0,7190.0,7194.5,94.0
2026-07-03 11:05:00+05:30,7193.5,7194.0,7180.5,7194.0,44.0
2026-07-03 11:10:00+05:30,7189.5,7198.5,7179.0,7179.0,103.0
2026-07-03 11:15:00+05:30,7179.0,7185.0,7175.0,7185.0,115.0
2026-07-03 11:20:00+05:30,7185.0,7185.0,7175.0,7175.0,17.0
2026-07-03 11:25:00+05:30,7174.0,7185.0,7170.0,7180.0,233.0
2026-07-03 11:30:00+05:30,7184.5,7188.5,7180.0,7184.5,47.0
2026-07-03 11:35:00+05:30,7184.5,7184.5,7165.0,7172.0,126.0
2026-07-03 11:40:00+05:30,7172.0,7182.5,7171.0,7171.0,43.0
2026-07-03 11:45:00+05:30,7171.0,7173.0,7165.0,7165.0,66.0
2026-07-03 11:50:00+05:30,7165.0,7175.0,7163.5,7172.5,27.0
2026-07-03 11:55:00+05:30,7172.5,7172.5,7166.0,7166.0,436.0
2026-07-03 12:00:00+05:30,7180.0,7199.0,7176.5,7176.5,113.0
2026-07-03 12:05:00+05:30,7176.5,7204.0,7176.5,7204.0,80.0
2026-07-03 12:10:00+05:30,7203.5,7205.0,7188.0,7188.5,165.0
2026-07-03 12:15:00+05:30,7188.5,7196.5,7176.5,7176.5,38.0
2026-07-03 12:20:00+05:30,7178.5,7190.0,7178.5,7190.0,43.0
2026-07-03 12:25:00+05:30,7186.0,7192.0,7186.0,7192.0,12.0
2026-07-03 12:30:00+05:30,7192.0,7192.0,7182.5,7191.0,23.0
2026-07-03 12:35:00+05:30,7191.0,7192.5,7190.5,7192.5,23.0
2026-07-03 12:40:00+05:30,7192.5,7192.5,7185.0,7186.0,36.0
2026-07-03 12:45:00+05:30,7186.0,7194.5,7186.0,7194.5,5.0
2026-07-03 12:50:00+05:30,7194.5,7206.5,7194.5,7206.5,345.0
2026-07-03 12:55:00+05:30,7198.5,7198.5,7198.5,7198.5,14.0
2026-07-03 13:00:00+05:30,7188.5,7199.5,7184.5,7184.5,54.0
2026-07-03 13:05:00+05:30,7184.5,7185.0,7176.0,7177.0,33.0
2026-07-03 13:10:00+05:30,7177.0,7192.0,7177.0,7183.0,45.0
2026-07-03 13:15:00+05:30,7183.0,7200.0,7183.0,7194.5,88.0
2026-07-03 13:20:00+05:30,7194.5,7203.5,7194.5,7197.5,30.0
2026-07-03 13:25:00+05:30,7197.5,7200.0,7191.5,7191.5,25.0
2026-07-03 13:30:00+05:30,7192.5,7197.0,7185.5,7185.5,235.0
2026-07-03 13:35:00+05:30,7185.5,7185.5,7184.5,7185.0,12.0
2026-07-03 13:40:00+05:30,7184.5,7192.0,7182.0,7182.0,18.0
2026-07-03 13:45:00+05:30,7182.0,7190.5,7182.0,7185.0,20.0
2026-07-03 13:50:00+05:30,7184.0,7192.0,7183.5,7184.5,15.0
2026-07-03 13:55:00+05:30,7185.0,7186.0,7184.0,7184.0,30.0
2026-07-03 14:00:00+05:30,7184.0,7186.5,7184.0,7185.0,14.0
2026-07-03 14:05:00+05:30,7184.0,7186.5,7184.0,7185.0,26.0
2026-07-03 14:10:00+05:30,7186.5,7190.0,7184.0,7184.0,43.0
2026-07-03 14:15:00+05:30,7184.0,7190.0,7183.0,7190.0,14.0
2026-07-03 14:20:00+05:30,7190.0,7190.0,7173.5,7173.5,122.0
2026-07-03 14:25:00+05:30,7173.0,7179.5,7169.5,7171.0,147.0
2026-07-03 14:30:00+05:30,7172.0,7180.5,7172.0,7175.0,15.0
2026-07-03 14:35:00+05:30,7173.0,7180.5,7172.5,7172.5,39.0
2026-07-03 14:40:00+05:30,7180.0,7180.0,7172.0,7172.0,31.0
2026-07-03 14:45:00+05:30,7172.5,7183.0,7169.0,7170.0,142.0
2026-07-03 14:50:00+05:30,7169.0,7190.0,7169.0,7179.5,236.0
2026-07-03 14:55:00+05:30,7179.5,7188.0,7179.0,7186.0,59.0
2026-07-03 15:00:00+05:30,7180.5,7183.0,7172.5,7174.5,118.0
2026-07-03 15:05:00+05:30,7174.0,7194.0,7170.5,7185.5,570.0
2026-07-03 15:10:00+05:30,7179.5,7188.5,7174.0,7174.5,235.0
2026-07-03 15:15:00+05:30,7174.0,7185.0,7170.5,7172.5,393.0
2026-07-03 15:20:00+05:30,7171.0,7184.0,7170.0,7179.5,382.0
2026-07-03 15:25:00+05:30,7180.0,7209.0,7153.0,7204.5,629.0
2026-07-06 09:15:00+05:30,7178.5,7205.0,7174.5,7195.5,104.0
2026-07-06 09:20:00+05:30,7193.5,7199.0,7186.0,7186.0,46.0
2026-07-06 09:25:00+05:30,7186.0,7205.0,7186.0,7195.5,648.0
2026-07-06 09:30:00+05:30,7191.5,7200.0,7189.0,7192.0,1253.0
2026-07-06 09:35:00+05:30,7205.5,7232.0,7205.5,7232.0,327.0
2026-07-06 09:40:00+05:30,7226.5,7232.0,7204.0,7204.0,204.0
2026-07-06 09:45:00+05:30,7206.0,7235.0,7200.0,7235.0,287.0
2026-07-06 09:50:00+05:30,7235.0,7245.0,7231.0,7235.0,264.0
2026-07-06 09:55:00+05:30,7230.5,7234.0,7222.0,7225.0,83.0
2026-07-06 10:00:00+05:30,7233.0,7233.0,7208.0,7229.0,154.0
2026-07-06 10:05:00+05:30,7229.0,7229.0,7220.0,7228.5,49.0
2026-07-06 10:10:00+05:30,7220.0,7223.5,7211.0,7211.0,43.0
2026-07-06 10:15:00+05:30,7220.0,7222.5,7189.0,7189.0,224.0
2026-07-06 10:20:00+05:30,7189.0,7200.0,7189.0,7198.0,19.0
2026-07-06 10:25:00+05:30,7185.0,7189.0,7175.5,7186.0,576.0
2026-07-06 10:30:00+05:30,7186.0,7192.0,7183.0,7189.0,18.0
2026-07-06 10:35:00+05:30,7189.0,7189.0,7175.0,7186.0,107.0
2026-07-06 10:40:00+05:30,7176.5,7183.0,7175.0,7175.0,10.0
2026-07-06 10:45:00+05:30,7175.5,7188.5,7175.5,7188.5,7.0
2026-07-06 10:50:00+05:30,7188.5,7189.0,7188.5,7189.0,6.0
2026-07-06 10:55:00+05:30,7180.5,7186.0,7175.0,7184.5,76.0
2026-07-06 11:00:00+05:30,7184.5,7184.5,7184.5,7184.5,2.0
2026-07-06 11:05:00+05:30,7184.5,7185.5,7178.5,7178.5,21.0
2026-07-06 11:10:00+05:30,7178.5,7185.5,7178.5,7185.5,2.0
2026-07-06 11:15:00+05:30,7185.5,7186.0,7179.0,7186.0,42.0
2026-07-06 11:20:00+05:30,7179.0,7179.0,7179.0,7179.0,50.0
2026-07-06 11:25:00+05:30,7185.0,7186.0,7184.0,7184.0,18.0
2026-07-06 11:30:00+05:30,7184.0,7184.0,7184.0,7184.0,6.0
2026-07-06 11:35:00+05:30,7184.0,7184.0,7178.5,7178.5,14.0
2026-07-06 11:40:00+05:30,7183.5,7184.0,7183.5,7183.5,5.0
2026-07-06 11:45:00+05:30,7183.5,7183.5,7183.5,7183.5,1.0
2026-07-06 11:50:00+05:30,7183.5,7185.5,7178.5,7185.5,25.0
2026-07-06 11:55:00+05:30,7185.0,7186.0,7180.0,7186.0,91.0
2026-07-06 12:00:00+05:30,7180.0,7186.0,7180.0,7186.0,12.0
2026-07-06 12:05:00+05:30,7180.0,7186.0,7180.0,7185.5,5.0
2026-07-06 12:10:00+05:30,7185.5,7189.0,7180.0,7187.0,25.0
2026-07-06 12:15:00+05:30,7187.0,7193.0,7187.0,7193.0,8.0
2026-07-06 12:20:00+05:30,7193.0,7193.0,7184.0,7184.0,20.0
2026-07-06 12:25:00+05:30,7184.0,7184.0,7184.0,7184.0,0.0
2026-07-06 12:30:00+05:30,7184.0,7184.0,7184.0,7184.0,4.0
2026-07-06 12:35:00+05:30,7206.0,7206.0,7184.0,7184.0,335.0
2026-07-06 12:40:00+05:30,7184.0,7184.0,7184.0,7184.0,3.0
2026-07-06 12:45:00+05:30,7184.0,7184.0,7180.5,7180.5,5.0
2026-07-06 12:50:00+05:30,7183.0,7190.0,7181.0,7181.0,24.0
2026-07-06 12:55:00+05:30,7180.5,7180.5,7173.0,7173.0,104.0
2026-07-06 13:00:00+05:30,7171.5,7179.0,7166.0,7171.0,95.0
2026-07-06 13:05:00+05:30,7171.5,7194.5,7170.5,7186.0,221.0
2026-07-06 13:10:00+05:30,7182.0,7184.0,7180.5,7181.0,29.0
2026-07-06 13:15:00+05:30,7181.0,7181.0,7180.5,7180.5,12.0
2026-07-06 13:20:00+05:30,7180.5,7180.5,7171.5,7171.5,14.0
2026-07-06 13:25:00+05:30,7172.0,7172.5,7170.0,7171.0,14.0
2026-07-06 13:30:00+05:30,7170.0,7170.0,7166.5,7168.0,23.0
2026-07-06 13:35:00+05:30,7169.5,7200.0,7169.5,7190.0,147.0
2026-07-06 13:40:00+05:30,7186.0,7189.0,7170.5,7171.0,74.0
2026-07-06 13:45:00+05:30,7171.5,7182.0,7171.5,7174.5,22.0
2026-07-06 13:50:00+05:30,7174.0,7175.5,7173.0,7173.0,23.0
2026-07-06 13:55:00+05:30,7173.0,7174.5,7172.0,7174.5,19.0
2026-07-06 14:00:00+05:30,7183.0,7183.0,7166.0,7166.0,45.0
2026-07-06 14:05:00+05:30,7165.0,7165.0,7160.0,7164.0,48.0
2026-07-06 14:10:00+05:30,7160.0,7161.0,7159.0,7159.0,14.0
2026-07-06 14:15:00+05:30,7158.5,7169.5,7156.5,7160.0,53.0
2026-07-06 14:20:00+05:30,7160.0,7169.0,7150.0,7162.0,142.0
2026-07-06 14:25:00+05:30,7152.5,7158.0,7152.5,7153.5,14.0
2026-07-06 14:30:00+05:30,7155.0,7163.5,7153.5,7160.0,313.0
2026-07-06 14:35:00+05:30,7158.5,7171.5,7158.5,7171.5,99.0
2026-07-06 14:40:00+05:30,7171.0,7183.5,7164.0,7164.0,152.0
2026-07-06 14:45:00+05:30,7163.0,7202.5,7163.0,7194.0,1469.0
2026-07-06 14:50:00+05:30,7194.0,7200.0,7194.0,7195.0,58.0
2026-07-06 14:55:00+05:30,7194.0,7200.0,7185.0,7188.0,139.0
2026-07-06 15:00:00+05:30,7189.0,7213.5,7185.5,7197.5,456.0
2026-07-06 15:05:00+05:30,7188.5,7215.0,7184.0,7185.0,535.0
2026-07-06 15:10:00+05:30,7190.0,7210.5,7186.0,7199.0,546.0
2026-07-06 15:15:00+05:30,7200.0,7211.0,7195.5,7197.0,492.0
2026-07-06 15:20:00+05:30,7196.0,7200.0,7168.5,7182.5,778.0
2026-07-06 15:25:00+05:30,7191.0,7198.0,7172.0,7190.0,760.0
2026-07-07 09:15:00+05:30,7215.0,7215.0,7177.5,7186.0,80.0
2026-07-07 09:20:00+05:30,7186.0,7187.5,7161.0,7174.5,80.0
2026-07-07 09:25:00+05:30,7161.0,7168.0,7151.0,7168.0,67.0
2026-07-07 09:30:00+05:30,7168.0,7168.0,7157.0,7157.0,11.0
2026-07-07 09:35:00+05:30,7157.0,7166.0,7141.0,7141.0,204.0
2026-07-07 09:40:00+05:30,7147.5,7147.5,7126.0,7133.5,213.0
2026-07-07 09:45:00+05:30,7131.0,7134.0,7120.5,7134.0,31.0
2026-07-07 09:50:00+05:30,7134.0,7134.0,7120.0,7123.0,64.0
2026-07-07 09:55:00+05:30,7123.0,7140.0,7123.0,7123.0,75.0
2026-07-07 10:00:00+05:30,7122.0,7122.0,7050.0,7104.5,3094.0
2026-07-07 10:05:00+05:30,7103.5,7105.5,7091.0,7104.0,136.0
2026-07-07 10:10:00+05:30,7104.0,7105.5,7079.0,7089.5,576.0
2026-07-07 10:15:00+05:30,7086.5,7086.5,7075.0,7075.0,36.0
2026-07-07 10:20:00+05:30,7075.0,7077.0,7066.0,7073.0,71.0
2026-07-07 10:25:00+05:30,7073.0,7076.5,7062.5,7062.5,99.0
2026-07-07 10:30:00+05:30,7068.0,7096.0,7068.0,7090.0,1379.0
2026-07-07 10:35:00+05:30,7082.0,7108.0,7082.0,7095.5,342.0
2026-07-07 10:40:00+05:30,7101.0,7101.0,7090.0,7098.0,108.0
2026-07-07 10:45:00+05:30,7098.0,7103.0,7098.0,7103.0,33.0
2026-07-07 10:50:00+05:30,7090.0,7103.0,7090.0,7096.0,39.0
2026-07-07 10:55:00+05:30,7096.0,7100.5,7085.0,7085.0,95.0
2026-07-07 11:00:00+05:30,7089.0,7124.5,7086.0,7124.5,101.0
2026-07-07 11:05:00+05:30,7116.0,7117.0,7116.0,7117.0,7.0
2026-07-07 11:10:00+05:30,7115.0,7117.0,7105.5,7110.0,16.0
2026-07-07 11:15:00+05:30,7110.0,7117.0,7110.0,7110.0,11.0
2026-07-07 11:20:00+05:30,7110.0,7110.5,7108.5,7108.5,33.0
2026-07-07 11:25:00+05:30,7108.5,7117.0,7101.0,7117.0,31.0
2026-07-07 11:30:00+05:30,7117.0,7125.0,7113.5,7125.0,45.0
2026-07-07 11:35:00+05:30,7125.0,7134.0,7120.0,7134.0,28.0
2026-07-07 11:40:00+05:30,7132.5,7134.5,7124.0,7124.0,32.0
2026-07-07 11:45:00+05:30,7126.0,7128.5,7117.0,7127.5,42.0
2026-07-07 11:50:00+05:30,7128.0,7128.5,7116.5,7126.5,44.0
2026-07-07 11:55:00+05:30,7132.0,7134.0,7131.5,7134.0,187.0
2026-07-07 12:00:00+05:30,7133.5,7135.0,7133.5,7135.0,18.0
2026-07-07 12:05:00+05:30,7135.0,7140.0,7130.5,7133.5,38.0
2026-07-07 12:10:00+05:30,7140.0,7145.5,7132.0,7144.0,137.0
2026-07-07 12:15:00+05:30,7144.5,7144.5,7120.0,7132.0,87.0
2026-07-07 12:20:00+05:30,7132.5,7135.5,7125.5,7135.0,24.0
2026-07-07 12:25:00+05:30,7135.5,7137.5,7127.0,7127.0,59.0
2026-07-07 12:30:00+05:30,7121.0,7121.0,7101.0,7101.0,268.0
2026-07-07 12:35:00+05:30,7104.0,7109.0,7101.0,7104.0,27.0
2026-07-07 12:40:00+05:30,7106.0,7106.0,7104.0,7105.5,17.0
2026-07-07 12:45:00+05:30,7105.5,7105.5,7096.0,7096.0,17.0
2026-07-07 12:50:00+05:30,7107.0,7107.0,7097.0,7097.5,13.0
2026-07-07 12:55:00+05:30,7097.0,7106.0,7094.0,7095.0,26.0
2026-07-07 13:00:00+05:30,7089.0,7097.5,7087.0,7095.5,72.0
2026-07-07 13:05:00+05:30,7089.0,7089.0,7085.0,7085.0,131.0
2026-07-07 13:10:00+05:30,7085.0,7092.5,7085.0,7085.0,161.0
2026-07-07 13:15:00+05:30,7085.0,7093.0,7085.0,7085.0,26.0
2026-07-07 13:20:00+05:30,7085.0,7094.0,7085.0,7085.5,34.0
2026-07-07 13:25:00+05:30,7100.0,7111.5,7100.0,7109.0,131.0
2026-07-07 13:30:00+05:30,7110.5,7119.0,7100.0,7100.0,76.0
2026-07-07 13:35:00+05:30,7112.5,7112.5,7100.5,7100.5,246.0
2026-07-07 13:40:00+05:30,7111.5,7111.5,7101.0,7111.5,29.0
2026-07-07 13:45:00+05:30,7105.5,7115.0,7101.0,7101.0,14.0
2026-07-07 13:50:00+05:30,7105.0,7117.0,7100.0,7108.5,269.0
2026-07-07 13:55:00+05:30,7110.0,7117.0,7101.5,7106.5,117.0
2026-07-07 14:00:00+05:30,7105.5,7113.0,7103.0,7112.5,141.0
2026-07-07 14:05:00+05:30,7105.5,7112.5,7104.5,7112.0,43.0
2026-07-07 14:10:00+05:30,7104.5,7112.5,7103.0,7104.0,120.0
2026-07-07 14:15:00+05:30,7104.5,7112.5,7102.5,7102.5,22.0
2026-07-07 14:20:00+05:30,7102.5,7117.0,7102.5,7117.0,160.0
2026-07-07 14:25:00+05:30,7113.0,7119.5,7112.0,7119.0,33.0
2026-07-07 14:30:00+05:30,7112.5,7125.0,7112.5,7125.0,73.0
2026-07-07 14:35:00+05:30,7117.0,7147.5,7117.0,7135.5,363.0
2026-07-07 14:40:00+05:30,7134.5,7148.0,7125.0,7125.0,309.0
2026-07-07 14:45:00+05:30,7125.0,7163.0,7125.0,7150.5,653.0
2026-07-07 14:50:00+05:30,7142.5,7150.0,7142.5,7150.0,28.0
2026-07-07 14:55:00+05:30,7143.0,7150.0,7138.5,7150.0,434.0
2026-07-07 15:00:00+05:30,7145.0,7150.0,7137.0,7150.0,246.0
2026-07-07 15:05:00+05:30,7147.5,7165.0,7139.0,7139.0,1249.0
2026-07-07 15:10:00+05:30,7143.0,7150.0,7130.0,7131.5,414.0
2026-07-07 15:15:00+05:30,7131.5,7149.5,7131.0,7132.0,973.0
2026-07-07 15:20:00+05:30,7132.0,7150.0,7129.0,7129.5,359.0
2026-07-07 15:25:00+05:30,7129.0,7135.0,7103.0,7103.0,935.0
2026-07-08 09:15:00+05:30,7112.0,7182.0,7063.0,7177.5,1375.0
2026-07-08 09:20:00+05:30,7176.5,7249.5,7176.0,7227.5,980.0
2026-07-08 09:25:00+05:30,7225.0,7226.0,7185.5,7187.5,469.0
2026-07-08 09:30:00+05:30,7185.5,7188.0,7170.5,7175.0,186.0
2026-07-08 09:35:00+05:30,7175.5,7188.0,7160.5,7160.5,121.0
2026-07-08 09:40:00+05:30,7160.5,7171.0,7160.5,7170.0,58.0
2026-07-08 09:45:00+05:30,7166.0,7168.0,7138.0,7147.5,245.0
2026-07-08 09:50:00+05:30,7140.0,7143.0,7133.0,7133.0,89.0
2026-07-08 09:55:00+05:30,7133.0,7145.5,7133.0,7139.5,20.0
2026-07-08 10:00:00+05:30,7139.5,7139.5,7129.5,7129.5,81.0
2026-07-08 10:05:00+05:30,7132.0,7140.0,7128.5,7140.0,426.0
2026-07-08 10:10:00+05:30,7140.0,7145.0,7136.0,7136.0,6.0
2026-07-08 10:15:00+05:30,7138.0,7140.0,7119.0,7119.0,392.0
2026-07-08 10:20:00+05:30,7116.0,7116.0,7103.0,7103.0,47.0
2026-07-08 10:25:00+05:30,7101.0,7120.0,7101.0,7120.0,119.0
2026-07-08 10:30:00+05:30,7115.0,7121.5,7091.0,7100.0,206.0
2026-07-08 10:35:00+05:30,7100.0,7100.0,7092.5,7100.0,82.0
2026-07-08 10:40:00+05:30,7100.0,7111.5,7100.0,7109.5,110.0
2026-07-08 10:45:00+05:30,7109.5,7110.0,7098.0,7098.0,102.0
2026-07-08 10:50:00+05:30,7110.0,7110.0,7090.0,7092.0,345.0
2026-07-08 10:55:00+05:30,7092.0,7100.0,7092.0,7100.0,45.0
2026-07-08 11:00:00+05:30,7100.0,7100.0,7089.5,7098.0,120.0
2026-07-08 11:05:00+05:30,7097.5,7109.0,7097.5,7109.0,40.0
2026-07-08 11:10:00+05:30,7109.0,7109.0,7107.5,7107.5,2.0
2026-07-08 11:15:00+05:30,7101.5,7106.5,7091.0,7104.5,188.0
2026-07-08 11:20:00+05:30,7104.5,7104.5,7091.5,7098.5,57.0
2026-07-08 11:25:00+05:30,7100.5,7104.5,7092.0,7104.5,54.0
2026-07-08 11:30:00+05:30,7104.5,7106.5,7097.5,7105.5,27.0
2026-07-08 11:35:00+05:30,7105.0,7105.0,7090.0,7098.0,52.0
2026-07-08 11:40:00+05:30,7100.0,7101.5,7099.0,7101.5,32.0
2026-07-08 11:45:00+05:30,7107.5,7107.5,7107.5,7107.5,9.0
2026-07-08 11:50:00+05:30,7107.5,7107.5,7105.0,7105.0,23.0
2026-07-08 11:55:00+05:30,7105.0,7107.0,7102.5,7106.0,27.0
2026-07-08 12:00:00+05:30,7106.0,7110.0,7106.0,7110.0,2.0
2026-07-08 12:05:00+05:30,7110.5,7110.5,7101.0,7110.5,16.0
2026-07-08 12:10:00+05:30,7110.5,7110.5,7110.0,7110.0,1.0
2026-07-08 12:15:00+05:30,7109.0,7109.0,7109.0,7109.0,1.0
2026-07-08 12:20:00+05:30,7109.0,7109.0,7100.5,7100.5,35.0
2026-07-08 12:25:00+05:30,7100.5,7102.0,7100.5,7102.0,17.0
2026-07-08 12:30:00+05:30,7102.0,7109.5,7100.0,7109.5,477.0
2026-07-08 12:35:00+05:30,7096.5,7099.5,7092.5,7099.5,58.0
2026-07-08 12:40:00+05:30,7097.0,7099.5,7082.5,7099.5,182.0
2026-07-08 12:45:00+05:30,7100.0,7105.5,7097.5,7105.5,139.0
2026-07-08 12:50:00+05:30,7105.5,7106.5,7105.5,7106.5,235.0
2026-07-08 12:55:00+05:30,7106.5,7106.5,7106.5,7106.5,10.0
2026-07-08 13:00:00+05:30,7106.0,7114.0,7105.0,7105.5,12.0
2026-07-08 13:05:00+05:30,7106.0,7114.0,7105.5,7106.0,12.0
2026-07-08 13:10:00+05:30,7106.5,7110.5,7102.0,7102.5,88.0
2026-07-08 13:15:00+05:30,7102.0,7102.0,7061.0,7062.0,2106.0
2026-07-08 13:20:00+05:30,7062.0,7068.5,7050.5,7056.5,344.0
2026-07-08 13:25:00+05:30,7057.5,7065.0,7057.0,7060.0,28.0
2026-07-08 13:30:00+05:30,7060.0,7076.0,7055.5,7068.0,115.0
2026-07-08 13:35:00+05:30,7068.0,7081.0,7068.0,7068.0,106.0
2026-07-08 13:40:00+05:30,7068.0,7077.5,7068.0,7069.0,24.0
2026-07-08 13:45:00+05:30,7069.5,7082.5,7069.5,7070.0,80.0
2026-07-08 13:50:00+05:30,7070.0,7070.0,7050.5,7050.5,655.0
2026-07-08 13:55:00+05:30,7050.5,7054.0,7005.0,7025.0,2287.0
2026-07-08 14:00:00+05:30,7025.0,7030.0,7002.0,7002.0,391.0
2026-07-08 14:05:00+05:30,7002.0,7005.5,6952.0,6966.5,941.0
2026-07-08 14:10:00+05:30,6963.0,6989.5,6960.0,6966.0,530.0
2026-07-08 14:15:00+05:30,6966.0,6982.0,6951.0,6951.0,291.0
2026-07-08 14:20:00+05:30,6961.0,6974.0,6930.5,6950.0,1753.0
2026-07-08 14:25:00+05:30,6950.0,6957.5,6928.0,6928.0,414.0
2026-07-08 14:30:00+05:30,6928.0,6942.0,6928.0,6940.5,212.0
2026-07-08 14:35:00+05:30,6940.5,6960.0,6931.5,6941.5,394.0
2026-07-08 14:40:00+05:30,6940.5,6949.5,6925.0,6936.5,437.0
2026-07-08 14:45:00+05:30,6931.0,6951.0,6925.0,6925.5,1345.0
2026-07-08 14:50:00+05:30,6925.0,6925.5,6900.5,6902.0,692.0
2026-07-08 14:55:00+05:30,6909.0,6925.5,6901.0,6924.5,481.0
2026-07-08 15:00:00+05:30,6922.0,6935.0,6901.5,6920.5,533.0
2026-07-08 15:05:00+05:30,6915.0,6937.0,6908.0,6929.0,699.0
2026-07-08 15:10:00+05:30,6929.0,6949.0,6929.0,6936.0,490.0
2026-07-08 15:15:00+05:30,6936.0,6943.5,6900.0,6935.0,2146.0
2026-07-08 15:20:00+05:30,6935.0,6974.5,6935.0,6974.5,1255.0
2026-07-08 15:25:00+05:30,6956.0,6987.0,6937.0,6970.0,1077.0
2026-07-09 09:15:00+05:30,6974.5,7019.5,6974.5,7014.5,761.0
2026-07-09 09:20:00+05:30,7018.0,7024.5,6996.5,6998.0,216.0
2026-07-09 09:25:00+05:30,7010.0,7020.0,7010.0,7012.0,68.0
2026-07-09 09:30:00+05:30,7020.5,7038.0,7020.5,7026.5,143.0
2026-07-09 09:35:00+05:30,7026.5,7035.0,7020.0,7034.0,134.0
2026-07-09 09:40:00+05:30,7028.5,7029.0,7018.0,7018.0,183.0
2026-07-09 09:45:00+05:30,7018.0,7039.5,6980.5,7026.0,1033.0
2026-07-09 09:50:00+05:30,7026.0,7040.0,7026.0,7040.0,69.0
2026-07-09 09:55:00+05:30,7038.0,7065.0,7038.0,7051.5,724.0
2026-07-09 10:00:00+05:30,7053.0,7059.5,7041.0,7050.5,141.0
2026-07-09 10:05:00+05:30,7040.5,7053.5,7040.5,7045.5,57.0
2026-07-09 10:10:00+05:30,7052.0,7052.0,7037.5,7043.5,66.0
2026-07-09 10:15:00+05:30,7039.0,7050.0,7036.5,7036.5,83.0
2026-07-09 10:20:00+05:30,7030.5,7039.5,7030.0,7038.0,39.0
2026-07-09 10:25:00+05:30,7030.5,7031.0,7030.5,7031.0,12.0
2026-07-09 10:30:00+05:30,7031.0,7033.0,7016.0,7017.0,47.0
2026-07-09 10:35:00+05:30,7011.0,7017.0,7007.5,7007.5,55.0
2026-07-09 10:40:00+05:30,7007.5,7040.0,7007.5,7031.5,107.0
2026-07-09 10:45:00+05:30,7029.0,7029.0,7017.5,7021.0,29.0
2026-07-09 10:50:00+05:30,7023.0,7023.0,7011.0,7018.0,35.0
2026-07-09 10:55:00+05:30,7018.0,7020.0,7011.0,7020.0,27.0
2026-07-09 11:00:00+05:30,7020.0,7024.5,7011.0,7024.5,81.0
2026-07-09 11:05:00+05:30,7024.5,7024.5,7011.0,7022.0,26.0
2026-07-09 11:10:00+05:30,7010.0,7010.5,6996.5,6998.0,505.0
2026-07-09 11:15:00+05:30,6998.0,6999.0,6992.0,6998.5,16.0
2026-07-09 11:20:00+05:30,6998.5,6998.5,6987.0,6997.0,13.0
2026-07-09 11:25:00+05:30,6997.0,6997.0,6997.0,6997.0,1.0
2026-07-09 11:30:00+05:30,6997.0,7009.0,6997.0,7009.0,45.0
2026-07-09 11:35:00+05:30,7009.0,7009.0,6994.5,7003.0,11.0
2026-07-09 11:40:00+05:30,6990.0,7001.0,6990.0,7001.0,79.0
2026-07-09 11:45:00+05:30,7004.0,7015.5,7001.0,7015.5,146.0
2026-07-09 11:50:00+05:30,7022.0,7022.0,7010.0,7011.0,166.0
2026-07-09 11:55:00+05:30,7011.0,7011.0,7008.0,7008.0,468.0
2026-07-09 12:00:00+05:30,7008.0,7009.0,7008.0,7009.0,99.0
2026-07-09 12:05:00+05:30,7005.5,7015.5,7004.5,7015.0,269.0
2026-07-09 12:10:00+05:30,7015.0,7015.0,7005.0,7005.0,10.0
2026-07-09 12:15:00+05:30,7004.0,7004.0,7004.0,7004.0,2.0
2026-07-09 12:20:00+05:30,7004.0,7004.0,7004.0,7004.0,0.0
2026-07-09 12:25:00+05:30,7004.0,7014.0,7004.0,7014.0,21.0
2026-07-09 12:30:00+05:30,7006.0,7006.0,6996.0,6996.0,203.0
2026-07-09 12:35:00+05:30,7002.0,7004.5,6995.5,6995.5,11.0
2026-07-09 12:40:00+05:30,6990.0,7000.5,6990.0,6999.0,35.0
2026-07-09 12:45:00+05:30,6990.0,7003.5,6990.0,7003.5,48.0
2026-07-09 12:50:00+05:30,6990.0,6990.5,6974.0,6975.0,450.0
2026-07-09 12:55:00+05:30,6975.0,6983.5,6975.0,6983.5,6.0
2026-07-09 13:00:00+05:30,6975.0,6985.5,6975.0,6977.0,118.0
2026-07-09 13:05:00+05:30,6977.0,6988.5,6977.0,6979.0,15.0
2026-07-09 13:10:00+05:30,6991.0,6994.5,6977.0,6981.0,194.0
2026-07-09 13:15:00+05:30,6980.0,6992.5,6977.5,6977.5,40.0
2026-07-09 13:20:00+05:30,6977.5,6984.5,6976.0,6976.5,11.0
2026-07-09 13:25:00+05:30,6976.5,6990.5,6976.5,6979.0,38.0
2026-07-09 13:30:00+05:30,6979.0,6987.0,6978.0,6978.5,17.0
2026-07-09 13:35:00+05:30,6978.0,6985.0,6977.5,6977.5,27.0
2026-07-09 13:40:00+05:30,6985.0,7001.0,6977.5,6992.5,196.0
2026-07-09 13:45:00+05:30,6989.0,6989.5,6981.0,6982.0,11.0
2026-07-09 13:50:00+05:30,6982.0,6997.0,6982.0,6985.5,59.0
2026-07-09 13:55:00+05:30,6985.5,6996.0,6985.5,6987.0,146.0
2026-07-09 14:00:00+05:30,6987.0,6994.0,6985.5,6985.5,24.0
2026-07-09 14:05:00+05:30,6985.0,7019.5,6984.5,6992.5,541.0
2026-07-09 14:10:00+05:30,6991.0,6991.0,6988.5,6991.0,13.0
2026-07-09 14:15:00+05:30,6991.0,6991.5,6987.5,6987.5,16.0
2026-07-09 14:20:00+05:30,6988.0,6990.0,6988.0,6990.0,13.0
2026-07-09 14:25:00+05:30,6990.0,6995.0,6985.0,6986.0,17.0
2026-07-09 14:30:00+05:30,6985.0,7001.5,6985.0,6995.0,22.0
2026-07-09 14:35:00+05:30,6994.0,7000.0,6986.0,6986.0,94.0
2026-07-09 14:40:00+05:30,6986.0,7000.0,6985.5,6992.5,78.0
2026-07-09 14:45:00+05:30,7000.0,7001.5,6985.0,6985.0,92.0
2026-07-09 14:50:00+05:30,6990.0,6993.0,6985.0,6985.5,140.0
2026-07-09 14:55:00+05:30,6992.5,6996.5,6985.0,6987.0,123.0
2026-07-09 15:00:00+05:30,6987.0,7006.0,6975.0,6998.5,1421.0
2026-07-09 15:05:00+05:30,7006.5,7006.5,6975.0,6975.5,283.0
2026-07-09 15:10:00+05:30,6985.0,6999.0,6975.5,6987.5,263.0
2026-07-09 15:15:00+05:30,6980.5,7006.0,6980.0,6988.0,796.0
2026-07-09 15:20:00+05:30,6997.0,7001.0,6988.0,6993.0,189.0
2026-07-09 15:25:00+05:30,6993.0,7015.5,6970.0,6970.0,2346.0
2026-07-10 09:15:00+05:30,6987.5,7014.0,6967.5,6979.0,2624.0
2026-07-10 09:20:00+05:30,6983.5,7015.5,6983.5,7012.0,356.0
2026-07-10 09:25:00+05:30,7005.0,7011.0,6998.0,7004.0,179.0
2026-07-10 09:30:00+05:30,7004.0,7046.0,7004.0,7038.0,160.0
2026-07-10 09:35:00+05:30,7044.5,7077.5,7038.0,7069.5,872.0
2026-07-10 09:40:00+05:30,7069.5,7079.5,7057.5,7062.0,226.0
2026-07-10 09:45:00+05:30,7056.0,7118.0,7048.0,7111.0,1923.0
2026-07-10 09:50:00+05:30,7111.0,7115.0,7103.5,7104.0,318.0
2026-07-10 09:55:00+05:30,7104.5,7120.0,7093.0,7103.0,893.0
2026-07-10 10:00:00+05:30,7119.5,7159.0,7106.0,7156.5,1718.0
2026-07-10 10:05:00+05:30,7157.0,7157.0,7126.5,7126.5,463.0
2026-07-10 10:10:00+05:30,7129.5,7172.0,7125.0,7166.0,814.0
2026-07-10 10:15:00+05:30,7157.5,7157.5,7110.0,7110.0,912.0
2026-07-10 10:20:00+05:30,7108.0,7108.0,7092.5,7101.0,127.0
2026-07-10 10:25:00+05:30,7099.5,7100.0,7074.0,7085.5,672.0
2026-07-10 10:30:00+05:30,7075.5,7083.5,7045.5,7055.5,612.0
2026-07-10 10:35:00+05:30,7060.0,7069.0,7041.0,7042.5,162.0
2026-07-10 10:40:00+05:30,7050.0,7052.0,7040.5,7041.0,157.0
2026-07-10 10:45:00+05:30,7040.5,7047.5,7017.0,7017.0,259.0
2026-07-10 10:50:00+05:30,7022.5,7023.5,7011.0,7020.0,110.0
2026-07-10 10:55:00+05:30,7027.0,7034.0,7020.5,7026.5,359.0
2026-07-10 11:00:00+05:30,7025.5,7035.5,7025.0,7027.5,356.0
2026-07-10 11:05:00+05:30,7029.0,7033.0,7011.0,7021.5,713.0
2026-07-10 11:10:00+05:30,7014.0,7017.0,7001.5,7010.5,261.0
2026-07-10 11:15:00+05:30,7005.0,7028.0,7004.0,7021.0,170.0
2026-07-10 11:20:00+05:30,7029.5,7029.5,7005.0,7014.0,408.0
2026-07-10 11:25:00+05:30,7010.0,7019.0,7007.0,7015.0,125.0
2026-07-10 11:30:00+05:30,7008.0,7020.0,7007.0,7020.0,199.0
2026-07-10 11:35:00+05:30,7009.5,7033.5,7009.5,7017.5,205.0
2026-07-10 11:40:00+05:30,7023.0,7026.5,7012.0,7012.0,147.0
2026-07-10 11:45:00+05:30,7011.0,7018.5,7008.0,7009.5,87.0
2026-07-10 11:50:00+05:30,7009.5,7016.5,6999.5,7000.5,517.0
2026-07-10 11:55:00+05:30,7009.0,7032.5,7009.0,7032.5,170.0
2026-07-10 12:00:00+05:30,7038.0,7038.0,7027.0,7028.5,32.0
2026-07-10 12:05:00+05:30,7028.5,7036.5,7016.0,7025.0,141.0
2026-07-10 12:10:00+05:30,7025.0,7025.0,7000.5,7015.0,245.0
2026-07-10 12:15:00+05:30,7019.5,7022.0,7015.5,7015.5,45.0
2026-07-10 12:20:00+05:30,7015.5,7022.0,7015.0,7015.0,264.0
2026-07-10 12:25:00+05:30,7023.0,7023.0,7016.5,7022.0,18.0
2026-07-10 12:30:00+05:30,7015.0,7023.0,7013.0,7022.0,324.0
2026-07-10 12:35:00+05:30,7027.0,7027.0,7014.0,7026.5,165.0
2026-07-10 12:40:00+05:30,7029.0,7029.0,7019.0,7024.5,418.0
2026-07-10 12:45:00+05:30,7011.5,7019.0,7011.5,7014.5,108.0
2026-07-10 12:50:00+05:30,7006.5,7006.5,7006.5,7006.5,10.0
2026-07-10 12:55:00+05:30,7005.0,7014.5,7005.0,7014.5,234.0
2026-07-10 13:00:00+05:30,7009.5,7015.0,7007.0,7008.0,78.0
2026-07-10 13:05:00+05:30,7008.0,7013.0,7005.5,7007.0,141.0
2026-07-10 13:10:00+05:30,7007.0,7013.0,7007.0,7007.5,53.0
2026-07-10 13:15:00+05:30,7007.5,7017.0,7007.5,7013.0,72.0
2026-07-10 13:20:00+05:30,7012.5,7032.0,7011.5,7025.0,625.0
2026-07-10 13:25:00+05:30,7025.0,7033.5,7022.0,7022.0,116.0
2026-07-10 13:30:00+05:30,7022.0,7027.5,7014.5,7015.0,42.0
2026-07-10 13:35:00+05:30,7015.0,7018.5,7006.0,7007.5,357.0
2026-07-10 13:40:00+05:30,7009.5,7009.5,7000.5,7003.5,98.0
2026-07-10 13:45:00+05:30,7005.0,7005.0,6977.0,6979.5,1375.0
2026-07-10 13:50:00+05:30,6979.5,6988.0,6967.0,6978.5,427.0
2026-07-10 13:55:00+05:30,6988.0,7013.0,6978.0,6998.5,679.0
2026-07-10 14:00:00+05:30,7001.5,7011.0,6990.0,7006.0,695.0
2026-07-10 14:05:00+05:30,7014.5,7014.5,6991.0,6991.0,105.0
2026-07-10 14:10:00+05:30,6982.0,6998.5,6982.0,6998.5,184.0
2026-07-10 14:15:00+05:30,6994.5,7062.0,6994.5,7036.5,3460.0
2026-07-10 14:20:00+05:30,7034.0,7050.0,7032.5,7032.5,852.0
2026-07-10 14:25:00+05:30,7032.5,7033.5,7010.5,7024.0,405.0
2026-07-10 14:30:00+05:30,7036.0,7039.5,7029.5,7032.5,180.0
2026-07-10 14:35:00+05:30,7032.5,7040.5,7023.5,7026.5,210.0
2026-07-10 14:40:00+05:30,7026.5,7034.5,7016.0,7016.0,118.0
2026-07-10 14:45:00+05:30,7016.5,7031.0,7016.0,7023.0,53.0
2026-07-10 14:50:00+05:30,7023.5,7033.0,7017.0,7017.0,138.0
2026-07-10 14:55:00+05:30,7023.0,7027.0,7018.5,7023.0,26.0
2026-07-10 15:00:00+05:30,7024.5,7030.0,7015.0,7022.0,248.0
2026-07-10 15:05:00+05:30,7029.0,7045.0,7021.5,7042.5,770.0
2026-07-10 15:10:00+05:30,7041.0,7050.0,7026.0,7031.5,228.0
2026-07-10 15:15:00+05:30,7031.5,7043.0,7023.5,7034.0,309.0
2026-07-10 15:20:00+05:30,7034.5,7044.5,7022.0,7029.5,477.0
2026-07-10 15:25:00+05:30,7023.0,7038.0,7022.0,7025.0,616.0
2026-07-13 09:15:00+05:30,7025.0,7080.0,6933.0,7050.0,606.0
2026-07-13 09:20:00+05:30,7049.5,7089.0,7047.0,7070.0,579.0
2026-07-13 09:25:00+05:30,7070.0,7119.0,7059.5,7111.0,822.0
2026-07-13 09:30:00+05:30,7108.5,7178.0,7087.0,7178.0,2587.0
2026-07-13 09:35:00+05:30,7170.0,7190.0,7161.5,7186.0,2131.0
2026-07-13 09:40:00+05:30,7200.0,7219.5,7192.0,7195.0,2854.0
2026-07-13 09:45:00+05:30,7196.0,7197.0,7120.5,7124.5,1198.0
2026-07-13 09:50:00+05:30,7129.5,7160.0,7129.0,7160.0,380.0
2026-07-13 09:55:00+05:30,7151.5,7167.0,7151.0,7167.0,197.0
2026-07-13 10:00:00+05:30,7156.5,7175.0,7148.0,7158.0,297.0
2026-07-13 10:05:00+05:30,7158.0,7170.0,7155.0,7168.0,256.0
2026-07-13 10:10:00+05:30,7161.0,7169.5,7150.0,7159.5,572.0
2026-07-13 10:15:00+05:30,7152.5,7170.0,7152.5,7157.5,214.0
2026-07-13 10:20:00+05:30,7157.0,7176.0,7157.0,7164.5,509.0
2026-07-13 10:25:00+05:30,7164.0,7173.5,7154.0,7167.0,171.0
2026-07-13 10:30:00+05:30,7169.5,7170.0,7155.0,7156.5,183.0
2026-07-13 10:35:00+05:30,7164.0,7169.5,7156.0,7156.0,104.0
2026-07-13 10:40:00+05:30,7156.0,7168.0,7139.0,7139.5,375.0
2026-07-13 10:45:00+05:30,7139.5,7151.0,7124.5,7124.5,389.0
2026-07-13 10:50:00+05:30,7124.5,7125.5,7115.5,7120.0,105.0
2026-07-13 10:55:00+05:30,7125.0,7125.5,7102.0,7102.0,337.0
2026-07-13 11:00:00+05:30,7102.0,7106.0,7081.0,7085.5,289.0
2026-07-13 11:05:00+05:30,7094.0,7115.5,7086.0,7115.5,793.0
2026-07-13 11:10:00+05:30,7116.0,7123.5,7106.0,7106.0,129.0
2026-07-13 11:15:00+05:30,7111.0,7125.5,7104.0,7116.5,255.0
2026-07-13 11:20:00+05:30,7116.5,7125.0,7110.5,7111.0,111.0
2026-07-13 11:25:00+05:30,7110.5,7119.0,7105.0,7115.0,174.0
2026-07-13 11:30:00+05:30,7109.0,7118.5,7104.5,7110.5,91.0
2026-07-13 11:35:00+05:30,7110.0,7118.5,7104.0,7111.0,122.0
2026-07-13 11:40:00+05:30,7110.5,7119.5,7104.0,7107.0,137.0
2026-07-13 11:45:00+05:30,7105.5,7120.5,7104.5,7110.0,456.0
2026-07-13 11:50:00+05:30,7108.5,7116.0,7105.0,7116.0,151.0
2026-07-13 11:55:00+05:30,7110.5,7118.0,7104.5,7110.5,133.0
2026-07-13 12:00:00+05:30,7110.5,7120.0,7107.5,7120.0,132.0
2026-07-13 12:05:00+05:30,7117.0,7123.5,7117.0,7119.0,429.0
2026-07-13 12:10:00+05:30,7122.0,7122.0,7105.0,7109.5,805.0
2026-07-13 12:15:00+05:30,7110.0,7139.5,7110.0,7138.0,183.0
2026-07-13 12:20:00+05:30,7137.5,7137.5,7130.0,7130.5,119.0
2026-07-13 12:25:00+05:30,7130.5,7134.0,7125.0,7126.0,1380.0
2026-07-13 12:30:00+05:30,7125.0,7134.0,7125.0,7126.0,120.0
2026-07-13 12:35:00+05:30,7125.5,7133.5,7125.0,7126.5,92.0
2026-07-13 12:40:00+05:30,7126.0,7147.0,7126.0,7147.0,133.0
2026-07-13 12:45:00+05:30,7141.0,7147.5,7131.5,7132.0,83.0
2026-07-13 12:50:00+05:30,7132.0,7150.0,7131.0,7133.5,663.0
2026-07-13 12:55:00+05:30,7133.5,7143.0,7132.0,7133.5,65.0
2026-07-13 13:00:00+05:30,7133.5,7140.0,7126.0,7130.0,189.0
2026-07-13 13:05:00+05:30,7130.0,7139.0,7128.5,7129.5,92.0
2026-07-13 13:10:00+05:30,7129.5,7132.0,7125.0,7125.5,78.0
2026-07-13 13:15:00+05:30,7125.5,7135.5,7125.0,7125.0,85.0
2026-07-13 13:20:00+05:30,7125.0,7130.5,7125.0,7125.0,104.0
2026-07-13 13:25:00+05:30,7125.0,7134.0,7125.0,7130.0,121.0
2026-07-13 13:30:00+05:30,7127.0,7130.5,7125.0,7125.5,71.0
2026-07-13 13:35:00+05:30,7125.5,7135.5,7125.0,7128.0,76.0
2026-07-13 13:40:00+05:30,7127.5,7137.5,7125.0,7137.5,80.0
2026-07-13 13:45:00+05:30,7133.5,7135.5,7125.0,7125.5,178.0
2026-07-13 13:50:00+05:30,7129.5,7142.0,7128.0,7130.0,91.0
2026-07-13 13:55:00+05:30,7130.0,7141.5,7125.0,7135.5,393.0
2026-07-13 14:00:00+05:30,7131.0,7143.5,7125.0,7136.5,194.0
2026-07-13 14:05:00+05:30,7136.5,7144.5,7108.0,7109.5,756.0
2026-07-13 14:10:00+05:30,7108.5,7117.5,7103.5,7103.5,238.0
2026-07-13 14:15:00+05:30,7103.5,7106.5,7102.0,7102.5,83.0
2026-07-13 14:20:00+05:30,7107.5,7135.0,7102.5,7125.5,434.0
2026-07-13 14:25:00+05:30,7119.0,7129.0,7116.0,7116.5,169.0
2026-07-13 14:30:00+05:30,7117.0,7125.5,7116.5,7119.5,81.0
2026-07-13 14:35:00+05:30,7119.5,7130.0,7115.0,7122.5,202.0
2026-07-13 14:40:00+05:30,7121.5,7141.0,7115.0,7127.0,444.0
2026-07-13 14:45:00+05:30,7127.0,7129.0,7110.0,7116.0,286.0
2026-07-13 14:50:00+05:30,7116.0,7126.0,7107.0,7116.0,672.0
2026-07-13 14:55:00+05:30,7118.5,7118.5,7101.0,7109.0,459.0
2026-07-13 15:00:00+05:30,7106.5,7125.0,7106.5,7111.5,282.0
2026-07-13 15:05:00+05:30,7111.5,7135.0,7111.0,7134.5,551.0
2026-07-13 15:10:00+05:30,7130.0,7130.0,7101.0,7113.5,295.0
2026-07-13 15:15:00+05:30,7113.0,7125.5,7092.0,7103.0,891.0
2026-07-13 15:20:00+05:30,7103.5,7124.5,7096.0,7124.5,524.0
2026-07-13 15:25:00+05:30,7121.5,7129.5,7090.0,7110.0,418.0
2026-07-14 09:15:00+05:30,7113.5,7164.5,7068.0,7130.5,1051.0
2026-07-14 09:20:00+05:30,7131.0,7239.5,7130.0,7224.0,4202.0
2026-07-14 09:25:00+05:30,7213.5,7251.0,7210.0,7238.5,1615.0
2026-07-14 09:30:00+05:30,7230.0,7237.5,7216.5,7225.0,698.0
2026-07-14 09:35:00+05:30,7218.5,7225.0,7209.5,7224.0,780.0
2026-07-14 09:40:00+05:30,7229.5,7235.0,7188.5,7193.0,626.0
2026-07-14 09:45:00+05:30,7186.0,7194.0,7181.0,7189.0,267.0
2026-07-14 09:50:00+05:30,7195.0,7195.0,7173.0,7179.0,201.0
2026-07-14 09:55:00+05:30,7186.0,7188.5,7177.0,7181.5,73.0
2026-07-14 10:00:00+05:30,7157.5,7184.5,7150.5,7183.5,1023.0
2026-07-14 10:05:00+05:30,7184.0,7195.5,7181.0,7181.0,96.0
2026-07-14 10:10:00+05:30,7190.0,7195.0,7177.5,7184.5,226.0
2026-07-14 10:15:00+05:30,7183.5,7200.0,7170.0,7181.0,360.0
2026-07-14 10:20:00+05:30,7181.5,7186.5,7161.0,7171.0,80.0
2026-07-14 10:25:00+05:30,7160.0,7181.5,7160.0,7161.5,225.0
2026-07-14 10:30:00+05:30,7162.5,7181.0,7127.0,7140.0,466.0
2026-07-14 10:35:00+05:30,7122.0,7129.5,7115.0,7128.5,183.0
2026-07-14 10:40:00+05:30,7128.5,7134.5,7110.0,7110.0,166.0
2026-07-14 10:45:00+05:30,7110.0,7112.0,7094.5,7096.0,392.0
2026-07-14 10:50:00+05:30,7090.0,7113.5,7090.0,7101.5,154.0
2026-07-14 10:55:00+05:30,7097.0,7134.5,7097.0,7130.5,547.0
2026-07-14 11:00:00+05:30,7139.5,7149.5,7129.5,7136.0,479.0
2026-07-14 11:05:00+05:30,7129.0,7144.0,7127.0,7133.0,493.0
2026-07-14 11:10:00+05:30,7143.5,7145.0,7130.0,7142.0,190.0
2026-07-14 11:15:00+05:30,7129.0,7134.5,7120.0,7120.0,67.0
2026-07-14 11:20:00+05:30,7111.5,7123.0,7111.0,7111.5,124.0
2026-07-14 11:25:00+05:30,7118.5,7123.0,7111.5,7112.0,71.0
2026-07-14 11:30:00+05:30,7120.0,7126.0,7111.5,7114.0,72.0
2026-07-14 11:35:00+05:30,7111.5,7123.0,7110.0,7110.5,172.0
2026-07-14 11:40:00+05:30,7110.0,7110.0,7100.0,7105.0,79.0
2026-07-14 11:45:00+05:30,7108.0,7108.5,7091.0,7091.0,72.0
2026-07-14 11:50:00+05:30,7091.0,7099.5,7085.5,7090.0,164.0
2026-07-14 11:55:00+05:30,7090.0,7120.0,7087.0,7113.5,206.0
2026-07-14 12:00:00+05:30,7103.0,7109.5,7093.0,7105.0,66.0
2026-07-14 12:05:00+05:30,7107.0,7115.0,7106.0,7112.0,80.0
2026-07-14 12:10:00+05:30,7112.0,7112.0,7100.5,7100.5,62.0
2026-07-14 12:15:00+05:30,7105.5,7117.5,7096.0,7112.0,223.0
2026-07-14 12:20:00+05:30,7103.0,7123.5,7102.0,7113.0,198.0
2026-07-14 12:25:00+05:30,7112.5,7112.5,7086.5,7095.0,119.0
2026-07-14 12:30:00+05:30,7090.0,7100.0,7087.0,7100.0,59.0
2026-07-14 12:35:00+05:30,7105.0,7110.0,7086.5,7098.5,122.0
2026-07-14 12:40:00+05:30,7098.0,7118.5,7098.0,7109.5,90.0
2026-07-14 12:45:00+05:30,7114.0,7122.0,7110.5,7110.5,39.0
2026-07-14 12:50:00+05:30,7110.5,7118.5,7110.5,7118.0,9.0
2026-07-14 12:55:00+05:30,7121.0,7121.0,7087.0,7093.5,147.0
2026-07-14 13:00:00+05:30,7088.5,7095.5,7085.0,7094.5,63.0
2026-07-14 13:05:00+05:30,7085.5,7096.0,7085.5,7096.0,60.0
2026-07-14 13:10:00+05:30,7091.0,7106.5,7089.5,7092.0,120.0
2026-07-14 13:15:00+05:30,7092.5,7099.0,7087.5,7088.0,79.0
2026-07-14 13:20:00+05:30,7088.0,7100.0,7086.5,7086.5,190.0
2026-07-14 13:25:00+05:30,7086.5,7095.5,7086.5,7087.0,53.0
2026-07-14 13:30:00+05:30,7087.0,7097.0,7086.5,7086.5,68.0
2026-07-14 13:35:00+05:30,7090.0,7100.0,7090.0,7093.0,66.0
2026-07-14 13:40:00+05:30,7099.0,7101.0,7087.0,7087.5,248.0
2026-07-14 13:45:00+05:30,7092.0,7118.0,7092.0,7111.0,194.0
2026-07-14 13:50:00+05:30,7111.0,7114.5,7086.5,7087.0,526.0
2026-07-14 13:55:00+05:30,7097.0,7097.0,7086.5,7086.5,119.0
2026-07-14 14:00:00+05:30,7094.5,7095.0,7086.5,7087.0,78.0
2026-07-14 14:05:00+05:30,7086.5,7098.0,7086.5,7098.0,119.0
2026-07-14 14:10:00+05:30,7087.5,7091.0,7078.5,7089.0,537.0
2026-07-14 14:15:00+05:30,7091.0,7100.0,7081.5,7081.5,496.0
2026-07-14 14:20:00+05:30,7080.5,7089.5,7073.0,7073.0,175.0
2026-07-14 14:25:00+05:30,7074.0,7081.5,7071.0,7071.0,146.0
2026-07-14 14:30:00+05:30,7080.0,7094.5,7071.0,7080.0,281.0
2026-07-14 14:35:00+05:30,7080.0,7093.0,7080.0,7084.5,120.0
2026-07-14 14:40:00+05:30,7083.0,7091.5,7081.0,7084.0,68.0
2026-07-14 14:45:00+05:30,7084.5,7090.0,7081.0,7082.5,59.0
2026-07-14 14:50:00+05:30,7081.5,7095.0,7081.5,7090.0,110.0
2026-07-14 14:55:00+05:30,7096.5,7097.5,7082.5,7087.5,96.0
2026-07-14 15:00:00+05:30,7087.0,7094.5,7070.0,7072.0,638.0
2026-07-14 15:05:00+05:30,7072.0,7099.5,7060.5,7079.5,1277.0
2026-07-14 15:10:00+05:30,7077.0,7090.0,7068.5,7088.0,375.0
2026-07-14 15:15:00+05:30,7088.5,7095.0,7082.5,7085.0,313.0
2026-07-14 15:20:00+05:30,7084.5,7089.0,7082.0,7089.0,427.0
2026-07-14 15:25:00+05:30,7086.5,7090.0,7070.0,7090.0,491.0
2026-07-15 09:15:00+05:30,7108.0,7181.0,7108.0,7121.5,794.0
2026-07-15 09:20:00+05:30,7135.0,7135.0,7121.0,7135.0,137.0
2026-07-15 09:25:00+05:30,7135.0,7145.0,7124.5,7137.0,169.0
2026-07-15 09:30:00+05:30,7140.5,7160.0,7140.5,7148.0,67.0
2026-07-15 09:35:00+05:30,7149.5,7149.5,7132.0,7137.0,177.0
2026-07-15 09:40:00+05:30,7146.5,7147.0,7136.0,7138.5,69.0
2026-07-15 09:45:00+05:30,7148.0,7148.0,7132.0,7138.0,53.0
2026-07-15 09:50:00+05:30,7138.0,7138.0,7120.0,7127.5,409.0
2026-07-15 09:55:00+05:30,7129.5,7136.0,7123.5,7134.5,141.0
2026-07-15 10:00:00+05:30,7134.5,7148.0,7134.5,7143.0,37.0
2026-07-15 10:05:00+05:30,7137.5,7147.0,7137.5,7141.5,58.0
2026-07-15 10:10:00+05:30,7134.5,7147.0,7134.5,7136.5,36.0
2026-07-15 10:15:00+05:30,7143.5,7155.0,7143.5,7147.5,190.0
2026-07-15 10:20:00+05:30,7140.5,7146.5,7131.0,7146.5,156.0
2026-07-15 10:25:00+05:30,7147.0,7151.0,7142.0,7149.0,30.0
2026-07-15 10:30:00+05:30,7149.0,7174.5,7145.0,7165.5,499.0
2026-07-15 10:35:00+05:30,7167.5,7169.5,7151.5,7151.5,57.0
2026-07-15 10:40:00+05:30,7151.5,7157.0,7147.0,7152.0,26.0
2026-07-15 10:45:00+05:30,7151.0,7159.0,7151.0,7152.0,26.0
2026-07-15 10:50:00+05:30,7150.5,7164.5,7150.5,7151.5,105.0
2026-07-15 10:55:00+05:30,7151.5,7157.0,7150.5,7155.0,74.0
2026-07-15 11:00:00+05:30,7153.0,7153.0,7140.5,7150.5,19.0
2026-07-15 11:05:00+05:30,7150.5,7153.0,7111.5,7117.0,247.0
2026-07-15 11:10:00+05:30,7125.0,7125.0,7107.5,7118.0,97.0
2026-07-15 11:15:00+05:30,7113.5,7125.0,7112.5,7113.5,53.0
2026-07-15 11:20:00+05:30,7112.5,7128.5,7111.0,7113.5,157.0
2026-07-15 11:25:00+05:30,7114.5,7123.0,7112.5,7112.5,23.0
2026-07-15 11:30:00+05:30,7112.0,7121.0,7110.0,7110.0,22.0
2026-07-15 11:35:00+05:30,7111.0,7118.0,7096.0,7096.0,196.0
2026-07-15 11:40:00+05:30,7092.5,7092.5,7080.0,7089.5,137.0
2026-07-15 11:45:00+05:30,7083.0,7089.5,7077.5,7089.0,165.0
2026-07-15 11:50:00+05:30,7089.5,7094.0,7086.0,7093.5,32.0
2026-07-15 11:55:00+05:30,7093.5,7097.5,7086.0,7086.0,20.0
2026-07-15 12:00:00+05:30,7086.0,7095.5,7084.0,7084.0,31.0
2026-07-15 12:05:00+05:30,7090.0,7098.5,7071.0,7082.5,225.0
2026-07-15 12:10:00+05:30,7082.5,7090.0,7082.5,7089.0,16.0
2026-07-15 12:15:00+05:30,7088.5,7095.0,7086.0,7087.5,24.0
2026-07-15 12:20:00+05:30,7086.0,7100.0,7082.0,7091.5,266.0
2026-07-15 12:25:00+05:30,7091.5,7097.5,7085.5,7097.5,35.0
2026-07-15 12:30:00+05:30,7097.5,7097.5,7082.0,7091.5,45.0
2026-07-15 12:35:00+05:30,7084.5,7091.0,7084.5,7090.0,54.0
2026-07-15 12:40:00+05:30,7082.5,7088.5,7060.0,7068.5,682.0
2026-07-15 12:45:00+05:30,7058.5,7058.5,7035.0,7043.0,2023.0
2026-07-15 12:50:00+05:30,7032.5,7045.0,7032.5,7045.0,591.0
2026-07-15 12:55:00+05:30,7038.0,7043.0,7025.0,7025.0,242.0
2026-07-15 13:00:00+05:30,7022.5,7029.5,6999.5,7008.5,1056.0
2026-07-15 13:05:00+05:30,7002.5,7024.5,7002.5,7023.0,144.0
2026-07-15 13:10:00+05:30,7019.0,7025.0,7011.5,7024.0,173.0
2026-07-15 13:15:00+05:30,7020.5,7024.0,7011.0,7019.5,64.0
2026-07-15 13:20:00+05:30,7019.5,7033.0,7019.5,7027.5,19.0
2026-07-15 13:25:00+05:30,7036.5,7036.5,7025.5,7029.0,35.0
2026-07-15 13:30:00+05:30,7027.5,7037.0,7027.0,7028.0,33.0
2026-07-15 13:35:00+05:30,7028.0,7036.5,7028.0,7031.5,18.0
2026-07-15 13:40:00+05:30,7036.0,7043.5,7031.0,7043.0,127.0
2026-07-15 13:45:00+05:30,7033.0,7039.0,7031.5,7034.5,14.0
2026-07-15 13:50:00+05:30,7034.0,7039.5,7031.5,7039.5,31.0
2026-07-15 13:55:00+05:30,7034.0,7040.0,7033.0,7034.0,15.0
2026-07-15 14:00:00+05:30,7034.0,7038.0,7031.5,7031.5,14.0
2026-07-15 14:05:00+05:30,7031.5,7038.5,7022.0,7033.0,284.0
2026-07-15 14:10:00+05:30,7027.0,7038.5,7027.0,7033.0,26.0
2026-07-15 14:15:00+05:30,7032.0,7036.0,7022.0,7036.0,142.0
2026-07-15 14:20:00+05:30,7028.0,7052.0,7025.5,7045.5,213.0
2026-07-15 14:25:00+05:30,7052.5,7054.0,7026.5,7034.5,174.0
2026-07-15 14:30:00+05:30,7030.0,7040.0,7029.5,7033.5,72.0
2026-07-15 14:35:00+05:30,7033.5,7047.5,7030.5,7041.0,703.0
2026-07-15 14:40:00+05:30,7042.0,7059.0,7042.0,7052.0,135.0
2026-07-15 14:45:00+05:30,7052.5,7060.0,7045.0,7060.0,207.0
2026-07-15 14:50:00+05:30,7052.5,7061.5,7046.0,7046.5,84.0
2026-07-15 14:55:00+05:30,7048.0,7048.0,7028.0,7029.0,354.0
2026-07-15 15:00:00+05:30,7029.5,7039.0,7015.0,7033.5,218.0
2026-07-15 15:05:00+05:30,7032.5,7040.0,7030.5,7032.5,151.0
2026-07-15 15:10:00+05:30,7032.0,7053.0,7023.0,7025.5,891.0
2026-07-15 15:15:00+05:30,7025.5,7037.5,7015.5,7033.5,327.0
2026-07-15 15:20:00+05:30,7031.0,7037.5,7020.5,7021.5,210.0
2026-07-15 15:25:00+05:30,7021.5,7050.0,7010.0,7010.0,657.0
2026-07-16 09:15:00+05:30,7057.0,7064.5,7028.5,7036.5,467.0
2026-07-16 09:20:00+05:30,7037.5,7059.5,7035.0,7048.0,168.0
2026-07-16 09:25:00+05:30,7051.5,7052.0,7044.0,7044.0,55.0
2026-07-16 09:30:00+05:30,7035.0,7051.5,7035.0,7040.0,117.0
2026-07-16 09:35:00+05:30,7045.5,7045.5,7031.0,7037.5,79.0
2026-07-16 09:40:00+05:30,7036.5,7054.0,7036.5,7053.5,51.0
2026-07-16 09:45:00+05:30,7045.5,7054.0,7043.0,7043.0,175.0
2026-07-16 09:50:00+05:30,7045.0,7055.0,7043.0,7043.0,65.0
2026-07-16 09:55:00+05:30,7048.5,7069.0,7048.5,7066.0,120.0
2026-07-16 10:00:00+05:30,7055.5,7069.0,7051.0,7069.0,66.0
2026-07-16 10:05:00+05:30,7069.0,7084.0,7060.0,7084.0,119.0
2026-07-16 10:10:00+05:30,7080.0,7081.5,7065.0,7076.5,169.0
2026-07-16 10:15:00+05:30,7076.5,7084.0,7071.5,7071.5,211.0
2026-07-16 10:20:00+05:30,7074.5,7089.5,7074.5,7089.5,287.0
2026-07-16 10:25:00+05:30,7090.0,7090.0,7068.0,7068.0,199.0
2026-07-16 10:30:00+05:30,7085.0,7124.0,7076.5,7119.0,635.0
2026-07-16 10:35:00+05:30,7119.0,7126.5,7100.0,7114.5,266.0
2026-07-16 10:40:00+05:30,7114.5,7116.0,7100.5,7104.0,82.0
2026-07-16 10:45:00+05:30,7105.0,7117.0,7105.0,7117.0,30.0
2026-07-16 10:50:00+05:30,7111.0,7123.5,7108.0,7117.5,101.0
2026-07-16 10:55:00+05:30,7118.0,7118.0,7104.0,7110.0,27.0
2026-07-16 11:00:00+05:30,7111.0,7150.0,7110.0,7150.0,535.0
2026-07-16 11:05:00+05:30,7150.0,7150.0,7131.5,7131.5,410.0
2026-07-16 11:10:00+05:30,7130.0,7130.5,7114.0,7114.0,111.0
2026-07-16 11:15:00+05:30,7114.0,7120.0,7110.0,7117.0,38.0
2026-07-16 11:20:00+05:30,7116.5,7116.5,7101.0,7101.0,98.0
2026-07-16 11:25:00+05:30,7100.0,7108.5,7088.0,7108.5,54.0
2026-07-16 11:30:00+05:30,7098.0,7104.0,7098.0,7104.0,3.0
2026-07-16 11:35:00+05:30,7104.0,7104.0,7099.5,7099.5,3.0
2026-07-16 11:40:00+05:30,7105.5,7106.0,7097.5,7099.0,44.0
2026-07-16 11:45:00+05:30,7101.5,7109.5,7095.5,7109.0,51.0
2026-07-16 11:50:00+05:30,7109.0,7120.0,7106.5,7115.5,39.0
2026-07-16 11:55:00+05:30,7115.5,7122.0,7107.5,7113.0,83.0
2026-07-16 12:00:00+05:30,7113.0,7113.0,7095.0,7106.5,66.0
2026-07-16 12:05:00+05:30,7110.0,7123.0,7110.0,7115.0,286.0
2026-07-16 12:10:00+05:30,7115.0,7115.5,7115.0,7115.5,5.0
2026-07-16 12:15:00+05:30,7115.5,7126.5,7115.5,7126.5,315.0
2026-07-16 12:20:00+05:30,7126.5,7147.5,7115.5,7141.0,341.0
2026-07-16 12:25:00+05:30,7141.0,7141.0,7130.0,7131.0,87.0
2026-07-16 12:30:00+05:30,7139.0,7139.0,7139.0,7139.0,28.0
2026-07-16 12:35:00+05:30,7139.0,7159.5,7131.0,7151.0,244.0
2026-07-16 12:40:00+05:30,7151.0,7151.0,7139.0,7141.5,39.0
2026-07-16 12:45:00+05:30,7148.5,7148.5,7128.0,7134.5,79.0
2026-07-16 12:50:00+05:30,7134.5,7144.0,7134.5,7137.5,6.0
2026-07-16 12:55:00+05:30,7137.5,7138.5,7135.5,7138.5,6.0
2026-07-16 13:00:00+05:30,7131.0,7132.5,7118.0,7125.5,44.0
2026-07-16 13:05:00+05:30,7125.0,7129.5,7120.5,7125.0,46.0
2026-07-16 13:10:00+05:30,7117.5,7130.0,7114.5,7125.5,129.0
2026-07-16 13:15:00+05:30,7125.0,7130.0,7117.5,7117.5,109.0
2026-07-16 13:20:00+05:30,7116.0,7130.0,7113.0,7125.0,39.0
2026-07-16 13:25:00+05:30,7120.0,7129.0,7118.0,7118.0,75.0
2026-07-16 13:30:00+05:30,7117.5,7128.0,7115.0,7120.0,51.0
2026-07-16 13:35:00+05:30,7120.5,7120.5,7111.0,7111.5,142.0
2026-07-16 13:40:00+05:30,7116.5,7119.0,7110.0,7116.0,36.0
2026-07-16 13:45:00+05:30,7110.5,7115.5,7102.5,7102.5,29.0
2026-07-16 13:50:00+05:30,7102.0,7113.0,7102.0,7110.0,15.0
2026-07-16 13:55:00+05:30,7106.0,7116.0,7106.0,7111.0,39.0
2026-07-16 14:00:00+05:30,7100.0,7115.0,7100.0,7107.0,260.0
2026-07-16 14:05:00+05:30,7107.0,7125.0,7107.0,7120.0,193.0
2026-07-16 14:10:00+05:30,7119.5,7125.0,7117.5,7123.0,18.0
2026-07-16 14:15:00+05:30,7123.0,7123.0,7115.0,7115.0,23.0
2026-07-16 14:20:00+05:30,7115.0,7120.0,7108.5,7109.5,54.0
2026-07-16 14:25:00+05:30,7109.5,7113.5,7107.5,7109.5,25.0
2026-07-16 14:30:00+05:30,7108.5,7113.0,7098.0,7101.0,133.0
2026-07-16 14:35:00+05:30,7106.5,7115.0,7101.5,7110.0,219.0
2026-07-16 14:40:00+05:30,7115.0,7120.5,7105.5,7120.0,57.0
2026-07-16 14:45:00+05:30,7113.0,7138.0,7113.0,7129.5,170.0
2026-07-16 14:50:00+05:30,7133.0,7135.5,7125.0,7125.5,127.0
2026-07-16 14:55:00+05:30,7131.5,7148.0,7125.0,7139.0,362.0
2026-07-16 15:00:00+05:30,7135.5,7149.0,7125.0,7138.0,707.0
2026-07-16 15:05:00+05:30,7135.5,7147.0,7125.0,7127.5,503.0
2026-07-16 15:10:00+05:30,7126.0,7135.5,7125.0,7125.0,679.0
2026-07-16 15:15:00+05:30,7125.0,7125.0,7115.0,7124.5,601.0
2026-07-16 15:20:00+05:30,7122.0,7125.0,7113.5,7120.0,423.0
2026-07-16 15:25:00+05:30,7125.0,7157.0,7117.0,7140.0,1183.0
2026-07-17 09:15:00+05:30,7150.5,7150.5,7040.0,7140.0,237.0
2026-07-17 09:20:00+05:30,7163.0,7169.0,7132.5,7149.5,1204.0
2026-07-17 09:25:00+05:30,7149.5,7149.5,7128.5,7142.5,384.0
2026-07-17 09:30:00+05:30,7135.5,7170.0,7133.0,7170.0,367.0
2026-07-17 09:35:00+05:30,7171.5,7171.5,7155.5,7158.5,174.0
2026-07-17 09:40:00+05:30,7158.0,7165.0,7153.5,7153.5,144.0
2026-07-17 09:45:00+05:30,7157.5,7157.5,7140.5,7149.5,62.0
2026-07-17 09:50:00+05:30,7149.5,7152.5,7139.0,7150.0,77.0
2026-07-17 09:55:00+05:30,7146.0,7151.0,7114.0,7115.5,267.0
2026-07-17 10:00:00+05:30,7115.5,7122.5,7111.5,7121.0,128.0
2026-07-17 10:05:00+05:30,7121.0,7126.5,7116.5,7122.0,166.0
2026-07-17 10:10:00+05:30,7125.0,7125.5,7117.0,7125.0,26.0
2026-07-17 10:15:00+05:30,7125.0,7130.0,7121.0,7124.5,200.0
2026-07-17 10:20:00+05:30,7118.0,7125.0,7111.0,7111.0,37.0
2026-07-17 10:25:00+05:30,7111.5,7119.5,7111.5,7112.0,54.0
2026-07-17 10:30:00+05:30,7112.0,7121.0,7112.0,7115.5,12.0
2026-07-17 10:35:00+05:30,7107.0,7135.0,7105.0,7125.0,501.0
2026-07-17 10:40:00+05:30,7125.0,7134.0,7125.0,7125.0,68.0
2026-07-17 10:45:00+05:30,7125.0,7132.5,7124.0,7125.0,92.0
2026-07-17 10:50:00+05:30,7122.5,7127.5,7122.0,7125.0,58.0
2026-07-17 10:55:00+05:30,7125.0,7145.0,7123.0,7130.0,441.0
2026-07-17 11:00:00+05:30,7130.5,7140.0,7127.0,7137.5,343.0
2026-07-17 11:05:00+05:30,7137.5,7144.0,7125.0,7125.0,142.0
2026-07-17 11:10:00+05:30,7125.0,7125.5,7124.5,7125.0,34.0
2026-07-17 11:15:00+05:30,7125.0,7145.0,7123.5,7139.0,159.0
2026-07-17 11:20:00+05:30,7139.5,7144.0,7134.5,7140.0,58.0
2026-07-17 11:25:00+05:30,7139.5,7144.5,7121.5,7135.0,126.0
2026-07-17 11:30:00+05:30,7138.0,7140.0,7122.0,7125.0,96.0
2026-07-17 11:35:00+05:30,7125.5,7136.0,7125.0,7125.0,69.0
2026-07-17 11:40:00+05:30,7134.0,7134.5,7125.0,7127.0,65.0
2026-07-17 11:45:00+05:30,7126.0,7134.5,7126.0,7130.0,35.0
2026-07-17 11:50:00+05:30,7130.0,7130.0,7130.0,7130.0,0.0
2026-07-17 11:55:00+05:30,7126.0,7134.0,7126.0,7132.5,54.0
2026-07-17 12:00:00+05:30,7127.5,7133.5,7127.5,7133.5,8.0
2026-07-17 12:05:00+05:30,7134.0,7139.5,7133.5,7139.5,13.0
2026-07-17 12:10:00+05:30,7130.0,7137.0,7081.0,7124.5,892.0
2026-07-17 12:15:00+05:30,7124.5,7132.5,7123.5,7123.5,18.0
2026-07-17 12:20:00+05:30,7123.5,7123.5,7123.5,7123.5,6.0
2026-07-17 12:25:00+05:30,7123.5,7134.5,7122.5,7125.0,56.0
2026-07-17 12:30:00+05:30,7125.0,7125.0,7125.0,7125.0,27.0
2026-07-17 12:35:00+05:30,7125.0,7125.0,7125.0,7125.0,4.0
2026-07-17 12:40:00+05:30,7125.0,7127.5,7125.0,7127.5,7.0
2026-07-17 12:45:00+05:30,7127.5,7134.5,7125.0,7128.0,36.0
2026-07-17 12:50:00+05:30,7127.0,7135.0,7124.0,7125.0,56.0
2026-07-17 12:55:00+05:30,7125.0,7125.0,7122.5,7122.5,17.0
2026-07-17 13:00:00+05:30,7122.0,7124.5,7114.5,7121.5,35.0
2026-07-17 13:05:00+05:30,7114.5,7121.5,7114.5,7115.0,42.0
2026-07-17 13:10:00+05:30,7114.5,7123.0,7114.5,7118.5,62.0
2026-07-17 13:15:00+05:30,7118.5,7123.0,7116.0,7116.0,15.0
2026-07-17 13:20:00+05:30,7122.5,7122.5,7114.5,7119.5,24.0
2026-07-17 13:25:00+05:30,7115.5,7124.0,7114.5,7114.5,28.0
2026-07-17 13:30:00+05:30,7123.0,7125.0,7115.0,7119.0,31.0
2026-07-17 13:35:00+05:30,7119.0,7125.0,7112.0,7121.0,454.0
2026-07-17 13:40:00+05:30,7114.5,7123.5,7114.5,7117.5,63.0
2026-07-17 13:45:00+05:30,7123.0,7124.5,7117.0,7118.0,32.0
2026-07-17 13:50:00+05:30,7117.5,7123.0,7105.0,7105.0,77.0
2026-07-17 13:55:00+05:30,7104.5,7118.5,7103.0,7118.0,115.0
2026-07-17 14:00:00+05:30,7110.5,7120.0,7110.5,7114.5,25.0
2026-07-17 14:05:00+05:30,7121.5,7122.0,7109.5,7111.5,36.0
2026-07-17 14:10:00+05:30,7108.0,7113.0,7102.5,7107.5,102.0
2026-07-17 14:15:00+05:30,7112.5,7133.5,7107.0,7123.5,231.0
2026-07-17 14:20:00+05:30,7123.5,7125.0,7117.5,7119.5,15.0
2026-07-17 14:25:00+05:30,7119.5,7126.0,7115.0,7118.5,87.0
2026-07-17 14:30:00+05:30,7118.5,7124.0,7112.5,7112.5,18.0
2026-07-17 14:35:00+05:30,7118.0,7124.0,7110.5,7119.0,49.0
2026-07-17 14:40:00+05:30,7118.0,7124.5,7115.0,7115.0,35.0
2026-07-17 14:45:00+05:30,7115.5,7122.0,7110.5,7117.5,50.0
2026-07-17 14:50:00+05:30,7111.0,7119.5,7111.0,7119.5,18.0
2026-07-17 14:55:00+05:30,7118.0,7125.0,7113.5,7115.5,208.0
2026-07-17 15:00:00+05:30,7119.5,7124.5,7110.0,7118.0,160.0
2026-07-17 15:05:00+05:30,7120.5,7122.0,7106.5,7116.0,164.0
2026-07-17 15:10:00+05:30,7108.0,7120.0,7103.0,7107.0,382.0
2026-07-17 15:15:00+05:30,7117.0,7117.0,7105.0,7112.0,219.0
2026-07-17 15:20:00+05:30,7107.5,7119.0,7107.5,7110.5,338.0
2026-07-17 15:25:00+05:30,7110.5,7150.0,7107.5,7135.0,479.0
2026-07-20 09:15:00+05:30,7070.0,7124.5,7070.0,7101.0,222.0
2026-07-20 09:20:00+05:30,7101.0,7130.5,7101.0,7118.0,98.0
2026-07-20 09:25:00+05:30,7118.0,7128.0,7100.5,7100.5,168.0
2026-07-20 09:30:00+05:30,7095.5,7125.0,7088.5,7105.5,322.0
2026-07-20 09:35:00+05:30,7100.5,7110.5,7085.0,7089.0,163.0
2026-07-20 09:40:00+05:30,7086.0,7097.5,7085.5,7089.0,52.0
2026-07-20 09:45:00+05:30,7089.0,7119.5,7088.5,7113.5,496.0
2026-07-20 09:50:00+05:30,7114.5,7120.5,7107.5,7120.0,91.0
2026-07-20 09:55:00+05:30,7123.0,7123.0,7107.0,7107.0,136.0
2026-07-20 10:00:00+05:30,7099.0,7111.5,7097.5,7100.5,95.0
2026-07-20 10:05:00+05:30,7100.5,7100.5,7096.5,7096.5,39.0
2026-07-20 10:10:00+05:30,7096.5,7097.0,7086.5,7097.0,29.0
2026-07-20 10:15:00+05:30,7097.0,7100.0,7091.0,7091.0,15.0
2026-07-20 10:20:00+05:30,7091.5,7100.0,7091.5,7100.0,30.0
2026-07-20 10:25:00+05:30,7100.0,7100.0,7088.5,7089.0,183.0
2026-07-20 10:30:00+05:30,7097.5,7097.5,7089.0,7089.0,19.0
2026-07-20 10:35:00+05:30,7096.5,7099.0,7090.5,7090.5,11.0
2026-07-20 10:40:00+05:30,7090.5,7095.0,7069.0,7079.5,273.0
2026-07-20 10:45:00+05:30,7076.0,7091.0,7065.0,7077.0,472.0
2026-07-20 10:50:00+05:30,7077.0,7095.0,7075.0,7075.0,462.0
2026-07-20 10:55:00+05:30,7075.0,7083.5,7075.0,7083.0,12.0
2026-07-20 11:00:00+05:30,7083.0,7091.5,7065.0,7065.0,195.0
2026-07-20 11:05:00+05:30,7065.0,7071.5,7050.5,7050.5,125.0
2026-07-20 11:10:00+05:30,7059.0,7062.0,7050.0,7053.0,426.0
2026-07-20 11:15:00+05:30,7053.0,7059.5,7051.0,7051.0,87.0
2026-07-20 11:20:00+05:30,7051.0,7065.5,7051.0,7062.0,271.0
2026-07-20 11:25:00+05:30,7062.0,7074.0,7062.0,7074.0,118.0
2026-07-20 11:30:00+05:30,7066.5,7067.5,7055.5,7061.0,478.0
2026-07-20 11:35:00+05:30,7061.0,7071.5,7061.0,7071.5,126.0
2026-07-20 11:40:00+05:30,7071.5,7082.0,7068.5,7074.0,86.0
2026-07-20 11:45:00+05:30,7074.5,7089.0,7073.0,7073.0,511.0
2026-07-20 11:50:00+05:30,7073.0,7073.0,7055.0,7055.0,116.0
2026-07-20 11:55:00+05:30,7055.0,7064.0,7051.0,7053.5,96.0
2026-07-20 12:00:00+05:30,7053.5,7056.0,7051.5,7052.0,71.0
2026-07-20 12:05:00+05:30,7052.0,7059.5,7050.0,7050.0,103.0
2026-07-20 12:10:00+05:30,7050.0,7050.0,7024.0,7032.5,384.0
2026-07-20 12:15:00+05:30,7029.0,7029.0,7010.5,7021.0,518.0
2026-07-20 12:20:00+05:30,7021.0,7021.0,7003.5,7003.5,106.0
2026-07-20 12:25:00+05:30,7008.5,7025.0,7003.0,7010.0,182.0
2026-07-20 12:30:00+05:30,7015.5,7024.0,7010.5,7020.0,381.0
2026-07-20 12:35:00+05:30,7024.5,7024.5,7013.5,7014.5,17.0
2026-07-20 12:40:00+05:30,7015.0,7019.0,7013.5,7013.5,25.0
2026-07-20 12:45:00+05:30,7011.0,7020.0,7008.5,7013.0,235.0
2026-07-20 12:50:00+05:30,7019.5,7019.5,7000.0,7010.0,277.0
2026-07-20 12:55:00+05:30,7010.5,7023.5,7002.0,7023.5,30.0
2026-07-20 13:00:00+05:30,7016.0,7031.0,7016.0,7025.0,114.0
2026-07-20 13:05:00+05:30,7020.5,7026.5,7016.0,7016.0,202.0
2026-07-20 13:10:00+05:30,7016.0,7025.0,7014.0,7017.0,82.0
2026-07-20 13:15:00+05:30,7017.0,7024.5,7016.0,7022.0,72.0
2026-07-20 13:20:00+05:30,7014.5,7015.0,7010.0,7013.5,51.0
2026-07-20 13:25:00+05:30,7014.0,7025.0,7014.0,7017.0,81.0
2026-07-20 13:30:00+05:30,7024.0,7025.0,7015.0,7021.5,180.0
2026-07-20 13:35:00+05:30,7021.0,7028.0,7001.0,7001.0,245.0
2026-07-20 13:40:00+05:30,7001.0,7007.0,6990.0,6994.0,660.0
2026-07-20 13:45:00+05:30,6998.0,7000.0,6990.5,6999.0,81.0
2026-07-20 13:50:00+05:30,6994.5,7006.0,6984.0,6984.0,1022.0
2026-07-20 13:55:00+05:30,6984.0,7011.0,6984.0,6999.0,3179.0
2026-07-20 14:00:00+05:30,6999.0,7000.0,6984.0,6985.0,330.0
2026-07-20 14:05:00+05:30,6984.0,6996.5,6983.0,6985.0,315.0
2026-07-20 14:10:00+05:30,6985.0,6993.0,6984.0,6988.5,291.0
2026-07-20 14:15:00+05:30,6989.0,7000.0,6988.0,6990.5,502.0
2026-07-20 14:20:00+05:30,6997.0,7000.0,6990.0,6997.5,194.0
2026-07-20 14:25:00+05:30,6990.0,6997.5,6985.0,6991.0,281.0
2026-07-20 14:30:00+05:30,6991.0,6997.5,6990.0,6991.0,252.0
2026-07-20 14:35:00+05:30,6997.0,6997.0,6985.0,6995.0,277.0
2026-07-20 14:40:00+05:30,6987.5,7000.0,6987.0,6989.0,116.0
2026-07-20 14:45:00+05:30,6989.0,6996.0,6988.5,6989.5,39.0
2026-07-20 14:50:00+05:30,6989.5,6997.0,6988.5,6995.5,49.0
2026-07-20 14:55:00+05:30,6996.5,7000.0,6988.0,6988.5,199.0
2026-07-20 15:00:00+05:30,6993.0,7000.0,6991.5,6999.5,810.0
2026-07-20 15:05:00+05:30,6997.0,7000.0,6989.5,7000.0,622.0
2026-07-20 15:10:00+05:30,6997.5,6999.0,6988.5,6996.0,326.0
2026-07-20 15:15:00+05:30,6994.0,7000.0,6992.5,6994.0,871.0
2026-07-20 15:20:00+05:30,6997.0,7000.0,6995.0,6997.5,416.0
2026-07-20 15:25:00+05:30,6995.5,6999.0,6994.0,6998.5,424.0
2026-07-21 09:15:00+05:30,6998.5,7072.5,6998.5,7059.5,382.0
2026-07-21 09:20:00+05:30,7054.5,7060.0,7026.0,7052.0,1421.0
2026-07-21 09:25:00+05:30,7054.5,7054.5,7036.5,7040.5,212.0
2026-07-21 09:30:00+05:30,7049.0,7050.0,7029.0,7032.0,164.0
2026-07-21 09:35:00+05:30,7026.0,7031.5,7010.0,7012.5,392.0
2026-07-21 09:40:00+05:30,7017.0,7043.0,7017.0,7043.0,180.0
2026-07-21 09:45:00+05:30,7043.0,7054.5,7030.5,7030.5,242.0
2026-07-21 09:50:00+05:30,7049.5,7049.5,7040.0,7047.0,128.0
2026-07-21 09:55:00+05:30,7038.5,7053.5,7033.5,7042.5,130.0
2026-07-21 10:00:00+05:30,7036.0,7049.5,7033.5,7033.5,32.0
2026-07-21 10:05:00+05:30,7040.5,7040.5,7021.5,7037.0,330.0
2026-07-21 10:10:00+05:30,7036.5,7044.0,7024.0,7044.0,126.0
2026-07-21 10:15:00+05:30,7047.0,7059.0,7033.0,7033.0,123.0
2026-07-21 10:20:00+05:30,7047.0,7047.0,7034.0,7034.0,37.0
2026-07-21 10:25:00+05:30,7030.0,7044.5,7030.0,7034.5,110.0
2026-07-21 10:30:00+05:30,7041.5,7041.5,7029.5,7036.0,76.0
2026-07-21 10:35:00+05:30,7033.0,7039.5,7030.0,7031.0,120.0
2026-07-21 10:40:00+05:30,7025.0,7025.0,6990.0,7007.0,512.0
2026-07-21 10:45:00+05:30,7009.0,7010.0,6995.5,7001.0,131.0
2026-07-21 10:50:00+05:30,7001.0,7022.5,7001.0,7022.5,46.0
2026-07-21 10:55:00+05:30,7022.5,7033.0,7015.0,7016.5,161.0
2026-07-21 11:00:00+05:30,7024.5,7034.0,7024.5,7026.5,100.0
2026-07-21 11:05:00+05:30,7026.5,7034.0,7026.5,7027.0,68.0
2026-07-21 11:10:00+05:30,7024.0,7027.5,7024.0,7027.5,76.0
2026-07-21 11:15:00+05:30,7027.5,7045.0,7020.5,7025.0,328.0
2026-07-21 11:20:00+05:30,7021.5,7028.0,7021.5,7023.5,43.0
2026-07-21 11:25:00+05:30,7020.5,7025.0,7016.5,7025.0,49.0
2026-07-21 11:30:00+05:30,7025.0,7025.0,7020.5,7020.5,18.0
2026-07-21 11:35:00+05:30,7020.5,7025.0,7020.0,7020.5,27.0
2026-07-21 11:40:00+05:30,7024.0,7024.5,7020.5,7020.5,57.0
2026-07-21 11:45:00+05:30,7030.0,7037.5,7022.0,7023.5,156.0
2026-07-21 11:50:00+05:30,7025.0,7030.0,7025.0,7025.0,39.0
2026-07-21 11:55:00+05:30,7025.0,7025.0,7011.0,7020.0,49.0
2026-07-21 12:00:00+05:30,7020.0,7020.0,7017.0,7017.0,6.0
2026-07-21 12:05:00+05:30,7017.0,7020.5,7015.0,7015.0,11.0
2026-07-21 12:10:00+05:30,7015.0,7025.0,7015.0,7025.0,22.0
2026-07-21 12:15:00+05:30,7021.5,7023.5,7014.0,7023.5,60.0
2026-07-21 12:20:00+05:30,7023.5,7023.5,7023.5,7023.5,0.0
2026-07-21 12:25:00+05:30,7023.5,7025.0,7016.0,7025.0,33.0
2026-07-21 12:30:00+05:30,7025.0,7025.0,7025.0,7025.0,2.0
2026-07-21 12:35:00+05:30,7025.0,7025.0,7020.0,7025.0,41.0
2026-07-21 12:40:00+05:30,7025.0,7030.0,7020.0,7025.0,126.0
2026-07-21 12:45:00+05:30,7025.0,7025.0,7020.0,7020.0,13.0
2026-07-21 12:50:00+05:30,7020.0,7020.0,7018.0,7018.0,5.0
2026-07-21 12:55:00+05:30,7018.0,7026.5,7018.0,7025.0,60.0
2026-07-21 13:00:00+05:30,7020.5,7024.5,7016.0,7016.0,23.0
2026-07-21 13:05:00+05:30,7016.5,7025.0,6993.0,6993.0,850.0
2026-07-21 13:10:00+05:30,6999.5,6999.5,6993.5,6993.5,51.0
2026-07-21 13:15:00+05:30,6993.5,6993.5,6982.5,6986.0,101.0
2026-07-21 13:20:00+05:30,6986.0,6989.5,6981.0,6987.0,80.0
2026-07-21 13:25:00+05:30,6987.0,6992.5,6983.0,6990.0,104.0
2026-07-21 13:30:00+05:30,6990.0,7008.5,6990.0,7004.0,164.0
2026-07-21 13:35:00+05:30,6997.0,7010.0,6997.0,6999.5,161.0
2026-07-21 13:40:00+05:30,6999.5,7017.0,6999.5,7003.0,86.0
2026-07-21 13:45:00+05:30,7003.0,7016.0,7002.5,7007.0,150.0
2026-07-21 13:50:00+05:30,7005.5,7015.0,7005.5,7011.0,126.0
2026-07-21 13:55:00+05:30,7009.5,7021.0,7009.5,7013.5,172.0
2026-07-21 14:00:00+05:30,7013.5,7021.0,7013.5,7019.0,62.0
2026-07-21 14:05:00+05:30,7021.5,7025.0,7016.5,7016.5,177.0
2026-07-21 14:10:00+05:30,7016.5,7019.0,7010.5,7015.5,137.0
2026-07-21 14:15:00+05:30,7015.5,7024.5,7011.0,7016.5,120.0
2026-07-21 14:20:00+05:30,7016.5,7025.0,7014.0,7022.0,140.0
2026-07-21 14:25:00+05:30,7017.0,7019.0,7011.0,7013.5,198.0
2026-07-21 14:30:00+05:30,7014.0,7025.0,7012.5,7016.5,155.0
2026-07-21 14:35:00+05:30,7016.5,7024.5,7016.5,7018.5,117.0
2026-07-21 14:40:00+05:30,7016.0,7044.0,7011.0,7013.5,964.0
2026-07-21 14:45:00+05:30,7015.0,7025.0,7014.5,7015.0,155.0
2026-07-21 14:50:00+05:30,7016.5,7025.0,7016.0,7025.0,148.0
2026-07-21 14:55:00+05:30,7023.5,7025.0,7014.5,7023.5,120.0
2026-07-21 15:00:00+05:30,7022.5,7025.0,7021.5,7024.5,313.0
2026-07-21 15:05:00+05:30,7023.5,7025.0,7017.5,7025.0,547.0
2026-07-21 15:10:00+05:30,7024.5,7032.0,7020.5,7023.5,379.0
2026-07-21 15:15:00+05:30,7023.5,7025.0,7020.5,7025.0,444.0
2026-07-21 15:20:00+05:30,7024.5,7025.0,7008.0,7017.5,656.0
2026-07-21 15:25:00+05:30,7017.5,7025.0,6951.0,6975.0,4354.0
2026-07-22 09:15:00+05:30,6996.0,6996.0,6960.0,6982.5,107.0
2026-07-22 09:20:00+05:30,6972.5,6992.0,6972.5,6992.0,88.0
2026-07-22 09:25:00+05:30,6992.0,6994.5,6969.5,6969.5,1142.0
2026-07-22 09:30:00+05:30,6961.0,6972.0,6950.0,6970.0,247.0
2026-07-22 09:35:00+05:30,6970.0,6977.5,6965.0,6975.0,86.0
2026-07-22 09:40:00+05:30,6975.0,6977.0,6970.0,6976.5,13.0
2026-07-22 09:45:00+05:30,6979.5,6979.5,6968.0,6968.0,138.0
2026-07-22 09:50:00+05:30,6966.0,6976.0,6966.0,6973.0,25.0
2026-07-22 09:55:00+05:30,6966.5,6972.0,6965.0,6969.5,31.0
2026-07-22 10:00:00+05:30,6969.5,6969.5,6962.0,6969.5,44.0
2026-07-22 10:05:00+05:30,6972.0,6996.5,6971.5,6980.0,1169.0
2026-07-22 10:10:00+05:30,6976.0,6980.0,6976.0,6976.0,115.0
2026-07-22 10:15:00+05:30,6968.0,6973.0,6965.0,6965.0,36.0
2026-07-22 10:20:00+05:30,6971.0,6975.0,6925.0,6952.5,896.0
2026-07-22 10:25:00+05:30,6951.0,6951.0,6940.0,6940.0,147.0
2026-07-22 10:30:00+05:30,6935.0,6940.0,6935.0,6935.5,120.0
2026-07-22 10:35:00+05:30,6952.0,6955.0,6939.0,6949.5,409.0
2026-07-22 10:40:00+05:30,6955.0,6955.0,6946.5,6950.0,86.0
2026-07-22 10:45:00+05:30,6950.0,6950.0,6920.5,6929.0,195.0
2026-07-22 10:50:00+05:30,6928.5,6934.5,6912.0,6927.5,570.0
2026-07-22 10:55:00+05:30,6927.5,6937.0,6925.0,6937.0,100.0
2026-07-22 11:00:00+05:30,6937.0,6939.0,6935.5,6936.0,19.0
2026-07-22 11:05:00+05:30,6939.0,6939.5,6930.0,6930.0,92.0
2026-07-22 11:10:00+05:30,6930.0,6930.0,6920.0,6927.5,198.0
2026-07-22 11:15:00+05:30,6927.5,6928.5,6927.0,6928.5,23.0
2026-07-22 11:20:00+05:30,6929.0,6932.5,6920.0,6922.0,280.0
2026-07-22 11:25:00+05:30,6920.0,6924.0,6914.0,6920.0,44.0
2026-07-22 11:30:00+05:30,6925.0,6925.0,6920.0,6920.0,40.0
2026-07-22 11:35:00+05:30,6921.0,6921.5,6899.5,6911.0,1156.0
2026-07-22 11:40:00+05:30,6911.5,6919.0,6890.5,6899.5,287.0
2026-07-22 11:45:00+05:30,6899.0,6900.0,6897.5,6897.5,189.0
2026-07-22 11:50:00+05:30,6896.5,6900.0,6896.0,6899.5,127.0
2026-07-22 11:55:00+05:30,6895.0,6900.0,6895.0,6895.0,1119.0
2026-07-22 12:00:00+05:30,6900.0,6900.0,6899.5,6900.0,77.0
2026-07-22 12:05:00+05:30,6900.0,6900.0,6895.0,6898.5,67.0
2026-07-22 12:10:00+05:30,6898.5,6898.5,6884.5,6889.0,174.0
2026-07-22 12:15:00+05:30,6888.5,6895.0,6888.5,6895.0,25.0
2026-07-22 12:20:00+05:30,6892.5,6897.0,6890.0,6894.0,46.0
2026-07-22 12:25:00+05:30,6894.0,6896.0,6889.0,6890.0,72.0
2026-07-22 12:30:00+05:30,6889.0,6897.0,6889.0,6897.0,84.0
2026-07-22 12:35:00+05:30,6897.0,6897.0,6889.0,6889.0,68.0
2026-07-22 12:40:00+05:30,6899.0,6899.0,6884.5,6885.5,126.0
2026-07-22 12:45:00+05:30,6885.0,6890.0,6883.5,6890.0,69.0
2026-07-22 12:50:00+05:30,6890.0,6890.0,6885.0,6890.0,398.0
2026-07-22 12:55:00+05:30,6890.0,6890.0,6889.5,6889.5,77.0
2026-07-22 13:00:00+05:30,6886.0,6890.0,6885.0,6890.0,122.0
2026-07-22 13:05:00+05:30,6890.0,6890.0,6880.5,6882.0,352.0
2026-07-22 13:10:00+05:30,6890.0,6890.0,6882.0,6882.0,282.0
2026-07-22 13:15:00+05:30,6882.0,6889.5,6878.0,6880.0,126.0
2026-07-22 13:20:00+05:30,6880.0,6885.0,6877.5,6878.0,67.0
2026-07-22 13:25:00+05:30,6878.0,6884.5,6875.5,6877.0,113.0
2026-07-22 13:30:00+05:30,6877.0,6877.0,6872.0,6875.0,255.0
2026-07-22 13:35:00+05:30,6872.0,6890.0,6872.0,6882.5,200.0
2026-07-22 13:40:00+05:30,6882.5,6882.5,6874.0,6881.5,35.0
2026-07-22 13:45:00+05:30,6875.5,6882.5,6873.5,6873.5,48.0
2026-07-22 13:50:00+05:30,6873.5,6884.5,6873.0,6883.5,145.0
2026-07-22 13:55:00+05:30,6880.0,6886.0,6874.5,6874.5,101.0
2026-07-22 14:00:00+05:30,6874.0,6880.0,6870.5,6870.5,210.0
2026-07-22 14:05:00+05:30,6870.5,6874.5,6870.0,6870.0,66.0
2026-07-22 14:10:00+05:30,6874.0,6874.0,6865.0,6865.0,158.0
2026-07-22 14:15:00+05:30,6865.0,6865.0,6841.5,6841.5,777.0
2026-07-22 14:20:00+05:30,6841.5,6850.0,6841.5,6842.5,53.0
2026-07-22 14:25:00+05:30,6848.5,6850.0,6842.0,6843.5,299.0
2026-07-22 14:30:00+05:30,6850.0,6850.0,6843.0,6846.0,139.0
2026-07-22 14:35:00+05:30,6846.0,6850.0,6846.0,6850.0,575.0
2026-07-22 14:40:00+05:30,6850.0,6850.0,6846.0,6846.0,648.0
2026-07-22 14:45:00+05:30,6846.0,6850.0,6846.0,6849.5,304.0
2026-07-22 14:50:00+05:30,6846.0,6849.5,6834.0,6839.5,333.0
2026-07-22 14:55:00+05:30,6834.5,6839.5,6832.0,6832.0,92.0
2026-07-22 15:00:00+05:30,6832.0,6840.0,6825.5,6837.5,688.0
2026-07-22 15:05:00+05:30,6843.5,6851.0,6837.0,6846.5,661.0
2026-07-22 15:10:00+05:30,6844.0,6850.0,6842.0,6847.5,877.0
2026-07-22 15:15:00+05:30,6848.5,6850.0,6832.0,6834.5,624.0
2026-07-22 15:20:00+05:30,6834.0,6842.0,6830.0,6838.5,6656.0
2026-07-22 15:25:00+05:30,6837.0,6840.0,6830.5,6840.0,495.0
2026-07-23 09:15:00+05:30,6829.0,6840.5,6801.5,6836.5,337.0
2026-07-23 09:20:00+05:30,6835.0,6863.5,6835.0,6849.0,182.0
2026-07-23 09:25:00+05:30,6857.0,6870.5,6855.5,6868.0,264.0
2026-07-23 09:30:00+05:30,6868.0,6878.0,6860.0,6875.0,176.0
2026-07-23 09:35:00+05:30,6864.0,6864.0,6847.5,6850.5,103.0
2026-07-23 09:40:00+05:30,6849.0,6849.0,6835.0,6847.5,91.0
2026-07-23 09:45:00+05:30,6846.5,6846.5,6804.0,6804.5,581.0
2026-07-23 09:50:00+05:30,6814.0,6814.0,6790.0,6790.5,1306.0
2026-07-23 09:55:00+05:30,6790.5,6798.5,6780.0,6787.0,375.0
2026-07-23 10:00:00+05:30,6797.5,6800.0,6793.5,6799.5,50.0
2026-07-23 10:05:00+05:30,6800.0,6808.0,6777.0,6782.5,469.0
2026-07-23 10:10:00+05:30,6788.0,6790.0,6782.5,6785.0,65.0
2026-07-23 10:15:00+05:30,6789.5,6800.0,6785.0,6800.0,177.0
2026-07-23 10:20:00+05:30,6800.0,6800.0,6791.0,6791.0,39.0
2026-07-23 10:25:00+05:30,6791.5,6800.0,6780.0,6780.0,343.0
2026-07-23 10:30:00+05:30,6780.0,6790.0,6775.5,6776.0,254.0
2026-07-23 10:35:00+05:30,6775.5,6784.0,6750.5,6757.5,747.0
2026-07-23 10:40:00+05:30,6757.5,6771.0,6755.0,6755.0,147.0
2026-07-23 10:45:00+05:30,6754.0,6765.0,6754.0,6757.0,145.0
2026-07-23 10:50:00+05:30,6756.5,6772.0,6756.5,6761.0,227.0
2026-07-23 10:55:00+05:30,6759.5,6771.5,6759.5,6762.0,166.0
2026-07-23 11:00:00+05:30,6761.5,6800.0,6760.0,6795.0,512.0
2026-07-23 11:05:00+05:30,6800.0,6808.5,6781.0,6805.0,435.0
2026-07-23 11:10:00+05:30,6800.5,6820.0,6800.0,6814.5,255.0
2026-07-23 11:15:00+05:30,6818.0,6831.5,6811.0,6818.0,412.0
2026-07-23 11:20:00+05:30,6827.5,6827.5,6788.0,6788.0,821.0
2026-07-23 11:25:00+05:30,6803.0,6803.0,6780.0,6780.0,363.0
2026-07-23 11:30:00+05:30,6779.0,6788.5,6768.0,6768.0,239.0
2026-07-23 11:35:00+05:30,6768.0,6771.5,6760.5,6764.5,219.0
2026-07-23 11:40:00+05:30,6763.0,6771.5,6751.5,6761.0,391.0
2026-07-23 11:45:00+05:30,6760.0,6769.5,6759.0,6759.0,148.0
2026-07-23 11:50:00+05:30,6757.5,6769.5,6755.0,6769.5,185.0
2026-07-23 11:55:00+05:30,6768.0,6768.0,6753.5,6762.5,285.0
2026-07-23 12:00:00+05:30,6757.5,6767.0,6757.5,6765.0,149.0
2026-07-23 12:05:00+05:30,6757.5,6771.0,6756.0,6756.5,237.0
2026-07-23 12:10:00+05:30,6769.0,6769.0,6755.0,6760.0,187.0
2026-07-23 12:15:00+05:30,6760.0,6775.0,6760.0,6770.0,257.0
2026-07-23 12:20:00+05:30,6770.0,6774.0,6764.0,6772.0,170.0
2026-07-23 12:25:00+05:30,6761.0,6771.0,6758.5,6758.5,191.0
2026-07-23 12:30:00+05:30,6757.5,6767.5,6750.5,6750.5,193.0
2026-07-23 12:35:00+05:30,6750.5,6758.0,6750.5,6753.0,159.0
2026-07-23 12:40:00+05:30,6753.0,6767.0,6751.0,6751.0,262.0
2026-07-23 12:45:00+05:30,6751.0,6758.0,6751.0,6751.0,174.0
2026-07-23 12:50:00+05:30,6751.0,6758.0,6750.0,6750.0,142.0
2026-07-23 12:55:00+05:30,6750.0,6773.0,6745.0,6773.0,954.0
2026-07-23 13:00:00+05:30,6767.0,6776.5,6767.0,6770.0,72.0
2026-07-23 13:05:00+05:30,6764.0,6782.5,6764.0,6775.0,53.0
2026-07-23 13:10:00+05:30,6782.5,6782.5,6767.0,6767.0,40.0
2026-07-23 13:15:00+05:30,6767.0,6767.0,6736.5,6741.0,408.0
2026-07-23 13:20:00+05:30,6741.0,6744.0,6721.5,6721.5,789.0
2026-07-23 13:25:00+05:30,6730.5,6730.5,6711.5,6713.0,790.0
2026-07-23 13:30:00+05:30,6712.0,6712.0,6675.5,6687.5,2201.0
2026-07-23 13:35:00+05:30,6687.5,6690.0,6682.0,6690.0,1869.0
2026-07-23 13:40:00+05:30,6690.0,6690.0,6685.5,6686.0,93.0
2026-07-23 13:45:00+05:30,6688.0,6712.0,6688.0,6712.0,3052.0
2026-07-23 13:50:00+05:30,6711.5,6719.0,6711.5,6715.0,109.0
2026-07-23 13:55:00+05:30,6715.0,6715.0,6708.0,6713.0,86.0
2026-07-23 14:00:00+05:30,6715.0,6727.0,6712.5,6712.5,167.0
2026-07-23 14:05:00+05:30,6712.0,6719.5,6712.0,6719.0,63.0
2026-07-23 14:10:00+05:30,6718.0,6721.0,6710.5,6716.0,213.0
2026-07-23 14:15:00+05:30,6716.0,6716.5,6710.0,6710.5,39.0
2026-07-23 14:20:00+05:30,6716.5,6723.0,6712.0,6723.0,111.0
2026-07-23 14:25:00+05:30,6723.0,6723.0,6712.0,6712.0,33.0
2026-07-23 14:30:00+05:30,6716.5,6720.0,6705.5,6720.0,120.0
2026-07-23 14:35:00+05:30,6720.0,6722.0,6711.0,6711.5,63.0
2026-07-23 14:40:00+05:30,6712.0,6715.5,6703.0,6709.5,128.0
2026-07-23 14:45:00+05:30,6706.5,6714.0,6701.0,6712.0,319.0
2026-07-23 14:50:00+05:30,6708.0,6711.5,6701.0,6704.0,435.0
2026-07-23 14:55:00+05:30,6704.0,6708.5,6700.0,6700.0,186.0
2026-07-23 15:00:00+05:30,6703.5,6713.0,6700.0,6704.0,296.0
2026-07-23 15:05:00+05:30,6704.0,6713.0,6704.0,6711.0,449.0
2026-07-23 15:10:00+05:30,6707.0,6716.0,6707.0,6713.5,216.0
2026-07-23 15:15:00+05:30,6712.0,6722.0,6712.0,6722.0,509.0
2026-07-23 15:20:00+05:30,6721.0,6723.0,6703.0,6712.5,801.0
2026-07-23 15:25:00+05:30,6712.5,6720.0,6681.0,6720.0,1052.0
2026-07-24 09:15:00+05:30,6677.5,6701.5,6651.5,6695.0,448.0
2026-07-24 09:20:00+05:30,6706.0,6729.0,6690.0,6700.0,912.0
2026-07-24 09:25:00+05:30,6685.0,6690.0,6670.0,6690.0,290.0
2026-07-24 09:30:00+05:30,6689.5,6700.0,6680.0,6686.0,212.0
2026-07-24 09:35:00+05:30,6686.0,6713.0,6686.0,6696.0,45.0
2026-07-24 09:40:00+05:30,6698.0,6717.0,6686.5,6700.0,279.0
2026-07-24 09:45:00+05:30,6699.0,6713.5,6680.0,6684.0,193.0
2026-07-24 09:50:00+05:30,6684.0,6695.0,6676.0,6676.0,90.0
2026-07-24 09:55:00+05:30,6676.0,6680.0,6672.0,6672.0,85.0
2026-07-24 10:00:00+05:30,6672.0,6678.0,6670.0,6670.0,58.0
2026-07-24 10:05:00+05:30,6670.0,6686.0,6655.0,6681.0,465.0
2026-07-24 10:10:00+05:30,6681.0,6700.0,6680.0,6700.0,284.0
2026-07-24 10:15:00+05:30,6698.0,6698.0,6662.5,6662.5,968.0
2026-07-24 10:20:00+05:30,6662.5,6680.5,6655.0,6678.0,337.0
2026-07-24 10:25:00+05:30,6681.0,6686.0,6675.0,6676.0,37.0
2026-07-24 10:30:00+05:30,6684.5,6684.5,6675.5,6679.0,80.0
2026-07-24 10:35:00+05:30,6682.0,6710.0,6680.5,6710.0,199.0
2026-07-24 10:40:00+05:30,6711.0,6722.0,6707.0,6714.0,100.0
2026-07-24 10:45:00+05:30,6717.5,6725.5,6708.5,6725.5,149.0
2026-07-24 10:50:00+05:30,6729.5,6755.0,6729.5,6739.5,469.0
2026-07-24 10:55:00+05:30,6733.0,6739.0,6710.5,6718.0,237.0
2026-07-24 11:00:00+05:30,6710.5,6710.5,6684.5,6700.0,124.0
2026-07-24 11:05:00+05:30,6700.5,6714.0,6696.0,6702.0,165.0
2026-07-24 11:10:00+05:30,6702.0,6725.0,6702.0,6715.5,95.0
2026-07-24 11:15:00+05:30,6714.0,6740.5,6702.5,6733.0,115.0
2026-07-24 11:20:00+05:30,6735.0,6770.0,6735.0,6769.0,141.0
2026-07-24 11:25:00+05:30,6770.0,6800.0,6751.5,6799.0,466.0
2026-07-24 11:30:00+05:30,6792.5,6796.5,6765.0,6767.0,334.0
2026-07-24 11:35:00+05:30,6771.0,6784.5,6771.0,6781.0,64.0
2026-07-24 11:40:00+05:30,6781.0,6784.5,6777.5,6782.0,82.0
2026-07-24 11:45:00+05:30,6781.0,6795.0,6778.0,6795.0,117.0
2026-07-24 11:50:00+05:30,6795.0,6812.0,6785.0,6807.0,366.0
2026-07-24 11:55:00+05:30,6806.5,6808.5,6800.5,6803.0,54.0
2026-07-24 12:00:00+05:30,6800.5,6801.5,6784.0,6791.0,83.0
2026-07-24 12:05:00+05:30,6792.0,6793.5,6783.0,6792.0,70.0
2026-07-24 12:10:00+05:30,6787.5,6799.5,6787.5,6791.0,223.0
2026-07-24 12:15:00+05:30,6790.0,6795.5,6788.5,6788.5,59.0
2026-07-24 12:20:00+05:30,6787.5,6792.0,6783.0,6785.5,43.0
2026-07-24 12:25:00+05:30,6797.5,6813.5,6790.5,6796.0,256.0
2026-07-24 12:30:00+05:30,6793.0,6799.5,6787.5,6791.0,39.0
2026-07-24 12:35:00+05:30,6785.5,6796.5,6785.5,6789.0,25.0
2026-07-24 12:40:00+05:30,6795.0,6795.0,6786.5,6789.5,75.0
2026-07-24 12:45:00+05:30,6789.5,6799.5,6787.0,6799.5,55.0
2026-07-24 12:50:00+05:30,6795.0,6798.5,6784.0,6784.0,234.0
2026-07-24 12:55:00+05:30,6784.0,6785.0,6778.5,6779.0,57.0
2026-07-24 13:00:00+05:30,6778.5,6800.0,6778.5,6785.0,71.0
2026-07-24 13:05:00+05:30,6785.0,6793.5,6785.0,6786.5,53.0
2026-07-24 13:10:00+05:30,6786.5,6786.5,6770.0,6770.0,684.0
2026-07-24 13:15:00+05:30,6761.0,6767.0,6758.0,6760.0,126.0
2026-07-24 13:20:00+05:30,6766.0,6769.5,6758.0,6761.0,187.0
2026-07-24 13:25:00+05:30,6762.0,6768.0,6741.0,6742.0,207.0
2026-07-24 13:30:00+05:30,6744.0,6749.5,6740.0,6741.0,195.0
2026-07-24 13:35:00+05:30,6748.0,6749.0,6741.5,6749.0,14.0
2026-07-24 13:40:00+05:30,6748.0,6755.0,6740.0,6754.5,41.0
2026-07-24 13:45:00+05:30,6754.5,6756.0,6754.5,6756.0,50.0
2026-07-24 13:50:00+05:30,6756.0,6756.0,6738.0,6740.0,133.0
2026-07-24 13:55:00+05:30,6744.0,6751.0,6725.0,6751.0,1902.0
2026-07-24 14:00:00+05:30,6761.0,6776.0,6761.0,6773.0,301.0
2026-07-24 14:05:00+05:30,6776.0,6776.0,6768.0,6768.0,51.0
2026-07-24 14:10:00+05:30,6773.0,6773.0,6765.5,6765.5,19.0
2026-07-24 14:15:00+05:30,6765.5,6773.5,6765.5,6773.5,17.0
2026-07-24 14:20:00+05:30,6773.5,6774.0,6761.0,6767.0,84.0
2026-07-24 14:25:00+05:30,6769.5,6769.5,6761.0,6769.0,55.0
2026-07-24 14:30:00+05:30,6769.0,6769.0,6765.5,6765.5,11.0
2026-07-24 14:35:00+05:30,6750.5,6763.0,6742.5,6744.0,258.0
2026-07-24 14:40:00+05:30,6744.0,6746.0,6739.0,6744.0,17.0
2026-07-24 14:45:00+05:30,6744.0,6744.0,6732.0,6739.0,55.0
2026-07-24 14:50:00+05:30,6738.5,6740.5,6725.0,6740.5,132.0
2026-07-24 14:55:00+05:30,6733.5,6739.0,6714.5,6715.0,920.0
2026-07-24 15:00:00+05:30,6716.5,6727.0,6705.0,6724.0,780.0
2026-07-24 15:05:00+05:30,6731.0,6732.0,6724.5,6727.0,64.0
2026-07-24 15:10:00+05:30,6730.0,6740.0,6721.0,6727.5,338.0
2026-07-24 15:15:00+05:30,6728.0,6766.0,6728.0,6747.5,1460.0
2026-07-24 15:20:00+05:30,6748.0,6748.0,6740.5,6746.0,262.0
2026-07-24 15:25:00+05:30,6740.0,6745.5,6700.0,6702.0,1525.0
2026-07-27 09:15:00+05:30,6752.0,6798.5,6749.0,6750.0,1801.0
2026-07-27 09:20:00+05:30,6755.0,6787.0,6750.0,6787.0,1067.0
2026-07-27 09:25:00+05:30,6787.0,6787.0,6780.0,6785.0,64.0
2026-07-27 09:30:00+05:30,6787.0,6806.5,6787.0,6800.5,121.0
2026-07-27 09:35:00+05:30,6805.5,6810.0,6796.5,6800.0,126.0
2026-07-27 09:40:00+05:30,6794.5,6810.0,6788.0,6806.0,319.0
2026-07-27 09:45:00+05:30,6809.5,6810.0,6756.0,6756.0,339.0
2026-07-27 09:50:00+05:30,6766.0,6774.0,6758.0,6766.5,326.0
2026-07-27 09:55:00+05:30,6756.5,6767.5,6747.0,6767.5,146.0
2026-07-27 10:00:00+05:30,6762.0,6774.0,6746.5,6752.0,572.0
2026-07-27 10:05:00+05:30,6751.0,6756.0,6743.5,6756.0,53.0
2026-07-27 10:10:00+05:30,6752.0,6759.5,6750.5,6755.5,114.0
2026-07-27 10:15:00+05:30,6755.0,6759.0,6750.0,6750.0,87.0
2026-07-27 10:20:00+05:30,6750.5,6758.5,6750.5,6757.5,81.0
2026-07-27 10:25:00+05:30,6750.0,6760.5,6750.0,6750.5,49.0
2026-07-27 10:30:00+05:30,6752.0,6759.5,6745.0,6746.0,111.0
2026-07-27 10:35:00+05:30,6746.0,6757.5,6739.5,6739.5,242.0
2026-07-27 10:40:00+05:30,6738.5,6754.5,6738.5,6754.0,50.0
2026-07-27 10:45:00+05:30,6746.5,6759.0,6745.5,6746.0,62.0
2026-07-27 10:50:00+05:30,6745.5,6785.0,6744.5,6773.5,544.0
2026-07-27 10:55:00+05:30,6764.0,6782.5,6762.0,6773.5,94.0
2026-07-27 11:00:00+05:30,6784.5,6789.0,6762.5,6771.0,149.0
2026-07-27 11:05:00+05:30,6771.0,6779.0,6765.5,6773.0,30.0
2026-07-27 11:10:00+05:30,6766.0,6787.5,6761.0,6785.0,94.0
2026-07-27 11:15:00+05:30,6779.0,6784.0,6770.5,6773.0,52.0
2026-07-27 11:20:00+05:30,6777.0,6779.5,6773.0,6779.0,34.0
2026-07-27 11:25:00+05:30,6771.0,6779.0,6770.0,6772.0,134.0
2026-07-27 11:30:00+05:30,6772.0,6778.0,6770.5,6770.5,45.0
2026-07-27 11:35:00+05:30,6770.5,6778.0,6770.0,6777.0,43.0
2026-07-27 11:40:00+05:30,6772.0,6780.0,6771.0,6779.0,44.0
2026-07-27 11:45:00+05:30,6771.0,6779.5,6746.5,6746.5,439.0
2026-07-27 11:50:00+05:30,6752.5,6756.5,6746.5,6746.5,65.0
2026-07-27 11:55:00+05:30,6748.0,6772.0,6748.0,6759.0,202.0
2026-07-27 12:00:00+05:30,6758.5,6760.0,6740.5,6745.5,132.0
2026-07-27 12:05:00+05:30,6740.0,6769.5,6740.0,6762.5,203.0
2026-07-27 12:10:00+05:30,6762.5,6787.5,6762.5,6787.5,176.0
2026-07-27 12:15:00+05:30,6778.0,6788.0,6775.0,6775.0,56.0
2026-07-27 12:20:00+05:30,6775.0,6783.5,6770.0,6771.0,172.0
2026-07-27 12:25:00+05:30,6770.5,6777.5,6770.0,6770.0,92.0
2026-07-27 12:30:00+05:30,6766.0,6766.0,6752.0,6755.0,751.0
2026-07-27 12:35:00+05:30,6753.5,6758.5,6731.0,6741.0,606.0
2026-07-27 12:40:00+05:30,6738.0,6750.0,6735.0,6735.0,300.0
2026-07-27 12:45:00+05:30,6733.5,6745.5,6726.0,6726.0,135.0
2026-07-27 12:50:00+05:30,6737.0,6748.0,6732.0,6732.0,210.0
2026-07-27 12:55:00+05:30,6730.5,6740.0,6728.0,6728.0,36.0
2026-07-27 13:00:00+05:30,6734.5,6738.5,6729.0,6731.0,66.0
2026-07-27 13:05:00+05:30,6731.0,6737.0,6731.0,6733.0,36.0
2026-07-27 13:10:00+05:30,6731.5,6743.0,6731.5,6742.0,53.0
2026-07-27 13:15:00+05:30,6734.0,6744.0,6732.0,6735.0,58.0
2026-07-27 13:20:00+05:30,6741.5,6749.5,6730.5,6737.5,143.0
2026-07-27 13:25:00+05:30,6734.5,6744.5,6731.0,6732.0,50.0
2026-07-27 13:30:00+05:30,6733.5,6741.0,6733.5,6741.0,63.0
2026-07-27 13:35:00+05:30,6741.0,6741.5,6733.5,6733.5,70.0
2026-07-27 13:40:00+05:30,6734.0,6743.0,6733.5,6742.0,139.0
2026-07-27 13:45:00+05:30,6741.5,6750.0,6737.5,6741.0,217.0
2026-07-27 13:50:00+05:30,6750.0,6763.5,6738.5,6763.5,1096.0
2026-07-27 13:55:00+05:30,6760.0,6765.0,6751.5,6764.0,187.0
2026-07-27 14:00:00+05:30,6762.5,6770.0,6757.0,6757.0,65.0
2026-07-27 14:05:00+05:30,6756.5,6768.5,6756.0,6759.0,63.0
2026-07-27 14:10:00+05:30,6757.5,6785.0,6757.5,6785.0,199.0
2026-07-27 14:15:00+05:30,6774.5,6786.0,6771.5,6774.5,126.0
2026-07-27 14:20:00+05:30,6774.5,6779.5,6770.0,6770.0,56.0
2026-07-27 14:25:00+05:30,6768.0,6778.0,6767.0,6776.0,128.0
2026-07-27 14:30:00+05:30,6776.0,6780.0,6762.5,6772.5,276.0
2026-07-27 14:35:00+05:30,6780.0,6790.0,6771.5,6775.5,301.0
2026-07-27 14:40:00+05:30,6775.5,6787.0,6775.5,6787.0,237.0
2026-07-27 14:45:00+05:30,6780.5,6788.5,6778.5,6780.5,66.0
2026-07-27 14:50:00+05:30,6791.0,6791.0,6778.0,6780.0,330.0
2026-07-27 14:55:00+05:30,6775.0,6778.0,6770.0,6778.0,217.0
2026-07-27 15:00:00+05:30,6776.5,6778.5,6763.5,6767.0,207.0
2026-07-27 15:05:00+05:30,6773.0,6773.0,6765.0,6765.0,282.0
2026-07-27 15:10:00+05:30,6765.0,6779.0,6755.0,6763.0,326.0
2026-07-27 15:15:00+05:30,6758.5,6774.0,6754.0,6760.0,712.0
2026-07-27 15:20:00+05:30,6758.5,6778.5,6758.5,6778.5,481.0
2026-07-27 15:25:00+05:30,6778.5,6779.0,6758.5,6779.0,394.0
2026-07-28 09:15:00+05:30,6766.5,6766.5,6741.0,6762.0,242.0
2026-07-28 09:20:00+05:30,6764.5,6777.0,6731.5,6739.0,425.0
2026-07-28 09:25:00+05:30,6739.0,6748.0,6731.0,6744.0,117.0
2026-07-28 09:30:00+05:30,6744.0,6744.0,6702.0,6725.5,791.0
2026-07-28 09:35:00+05:30,6725.5,6737.0,6724.0,6724.5,35.0
2026-07-28 09:40:00+05:30,6726.0,6726.0,6690.0,6722.0,332.0
2026-07-28 09:45:00+05:30,6724.5,6729.5,6717.0,6717.0,91.0
2026-07-28 09:50:00+05:30,6717.0,6728.0,6700.0,6725.0,285.0
2026-07-28 09:55:00+05:30,6720.0,6725.0,6713.0,6724.5,67.0
2026-07-28 10:00:00+05:30,6720.0,6720.0,6701.5,6714.5,142.0
2026-07-28 10:05:00+05:30,6713.0,6714.0,6694.0,6694.0,169.0
2026-07-28 10:10:00+05:30,6690.0,6702.5,6690.0,6699.5,300.0
2026-07-28 10:15:00+05:30,6709.5,6709.5,6704.5,6704.5,49.0
2026-07-28 10:20:00+05:30,6700.0,6702.5,6688.5,6695.5,315.0
2026-07-28 10:25:00+05:30,6695.0,6695.0,6678.0,6690.0,860.0
2026-07-28 10:30:00+05:30,6693.5,6700.0,6693.5,6700.0,217.0
2026-07-28 10:35:00+05:30,6697.5,6713.5,6695.0,6712.0,304.0
2026-07-28 10:40:00+05:30,6714.0,6714.0,6702.0,6708.0,102.0
2026-07-28 10:45:00+05:30,6708.0,6719.5,6702.0,6702.5,361.0
2026-07-28 10:50:00+05:30,6712.5,6743.5,6706.0,6726.0,488.0
2026-07-28 10:55:00+05:30,6726.5,6742.0,6726.5,6735.5,80.0
2026-07-28 11:00:00+05:30,6730.0,6730.0,6724.5,6725.0,63.0
2026-07-28 11:05:00+05:30,6725.0,6734.0,6725.0,6727.0,43.0
2026-07-28 11:10:00+05:30,6727.0,6734.5,6720.5,6729.0,95.0
2026-07-28 11:15:00+05:30,6729.0,6733.0,6720.5,6720.5,158.0
2026-07-28 11:20:00+05:30,6727.5,6727.5,6723.0,6726.5,23.0
2026-07-28 11:25:00+05:30,6726.5,6734.0,6726.5,6734.0,22.0
2026-07-28 11:30:00+05:30,6725.0,6735.5,6716.5,6728.0,253.0
2026-07-28 11:35:00+05:30,6728.0,6734.0,6727.0,6734.0,18.0
2026-07-28 11:40:00+05:30,6734.0,6740.0,6724.5,6732.0,135.0
2026-07-28 11:45:00+05:30,6725.5,6731.5,6710.0,6721.0,330.0
2026-07-28 11:50:00+05:30,6722.0,6728.0,6721.0,6722.0,108.0
2026-07-28 11:55:00+05:30,6721.0,6722.5,6712.0,6719.0,100.0
2026-07-28 12:00:00+05:30,6714.5,6726.5,6714.5,6717.0,147.0
2026-07-28 12:05:00+05:30,6717.0,6729.5,6713.0,6727.5,136.0
2026-07-28 12:10:00+05:30,6727.5,6733.0,6723.5,6723.5,46.0
2026-07-28 12:15:00+05:30,6723.5,6723.5,6718.5,6723.5,35.0
2026-07-28 12:20:00+05:30,6723.5,6723.5,6723.5,6723.5,9.0
2026-07-28 12:25:00+05:30,6723.5,6725.0,6713.0,6722.5,182.0
2026-07-28 12:30:00+05:30,6722.5,6725.5,6722.5,6725.5,8.0
2026-07-28 12:35:00+05:30,6725.5,6725.5,6712.0,6712.0,51.0
2026-07-28 12:40:00+05:30,6712.0,6716.5,6711.5,6715.0,94.0
2026-07-28 12:45:00+05:30,6715.0,6715.0,6705.0,6708.0,271.0
2026-07-28 12:50:00+05:30,6708.0,6708.0,6701.0,6701.0,19.0
2026-07-28 12:55:00+05:30,6701.5,6714.0,6701.5,6710.0,51.0
2026-07-28 13:00:00+05:30,6710.0,6716.5,6710.0,6716.5,36.0
2026-07-28 13:05:00+05:30,6709.0,6709.0,6705.5,6705.5,5.0
2026-07-28 13:10:00+05:30,6705.0,6705.5,6701.5,6705.5,26.0
2026-07-28 13:15:00+05:30,6705.5,6714.5,6705.5,6714.5,4.0
2026-07-28 13:20:00+05:30,6714.0,6716.5,6709.5,6709.5,50.0
2026-07-28 13:25:00+05:30,6712.0,6712.0,6701.0,6708.0,162.0
2026-07-28 13:30:00+05:30,6708.0,6708.5,6689.0,6691.5,533.0
2026-07-28 13:35:00+05:30,6693.0,6699.5,6690.5,6691.0,300.0
2026-07-28 13:40:00+05:30,6696.5,6696.5,6691.5,6691.5,14.0
2026-07-28 13:45:00+05:30,6698.5,6698.5,6687.0,6687.0,120.0
2026-07-28 13:50:00+05:30,6691.5,6693.5,6688.5,6693.5,49.0
2026-07-28 13:55:00+05:30,6688.5,6696.5,6679.0,6679.0,545.0
2026-07-28 14:00:00+05:30,6679.0,6695.0,6679.0,6687.0,163.0
2026-07-28 14:05:00+05:30,6694.5,6700.0,6687.0,6695.0,188.0
2026-07-28 14:10:00+05:30,6695.0,6696.5,6691.0,6694.5,101.0
2026-07-28 14:15:00+05:30,6694.5,6696.5,6689.5,6693.5,53.0
2026-07-28 14:20:00+05:30,6688.0,6692.0,6686.5,6690.0,135.0
2026-07-28 14:25:00+05:30,6691.5,6691.5,6685.0,6688.0,182.0
2026-07-28 14:30:00+05:30,6684.0,6688.5,6681.0,6688.0,167.0
2026-07-28 14:35:00+05:30,6688.0,6688.0,6680.0,6688.0,107.0
2026-07-28 14:40:00+05:30,6688.0,6696.0,6682.5,6685.0,197.0
2026-07-28 14:45:00+05:30,6680.0,6696.5,6678.5,6695.5,333.0
2026-07-28 14:50:00+05:30,6698.0,6700.0,6692.0,6695.0,80.0
2026-07-28 14:55:00+05:30,6695.0,6700.0,6675.0,6675.5,680.0
2026-07-28 15:00:00+05:30,6679.0,6681.5,6655.0,6662.5,1240.0
2026-07-28 15:05:00+05:30,6656.5,6669.5,6656.5,6663.0,595.0
2026-07-28 15:10:00+05:30,6668.0,6671.0,6658.5,6669.5,579.0
2026-07-28 15:15:00+05:30,6664.5,6669.0,6652.0,6660.0,1081.0
2026-07-28 15:20:00+05:30,6664.0,6680.0,6655.5,6675.5,1014.0
2026-07-28 15:25:00+05:30,6675.5,6716.5,6667.0,6708.0,1126.0
2026-07-29 09:15:00+05:30,6700.0,6765.0,6685.0,6765.0,508.0
2026-07-29 09:20:00+05:30,6767.0,6850.0,6767.0,6827.5,2146.0
2026-07-29 09:25:00+05:30,6825.0,6849.5,6798.5,6803.0,1784.0
2026-07-29 09:30:00+05:30,6803.0,6822.0,6798.5,6810.5,383.0
2026-07-29 09:35:00+05:30,6809.0,6822.0,6789.5,6802.0,1217.0
2026-07-29 09:40:00+05:30,6808.5,6812.0,6800.5,6809.0,68.0
2026-07-29 09:45:00+05:30,6819.0,6830.0,6819.0,6820.0,262.0
2026-07-29 09:50:00+05:30,6820.0,6820.0,6783.0,6790.0,405.0
2026-07-29 09:55:00+05:30,6790.0,6790.0,6773.0,6773.0,209.0
2026-07-29 10:00:00+05:30,6777.0,6777.5,6740.5,6764.0,1951.0
2026-07-29 10:05:00+05:30,6757.5,6757.5,6744.0,6749.5,1257.0
2026-07-29 10:10:00+05:30,6745.0,6749.5,6731.0,6739.0,766.0
2026-07-29 10:15:00+05:30,6739.0,6751.0,6736.5,6741.5,235.0
2026-07-29 10:20:00+05:30,6742.0,6746.0,6738.0,6738.0,39.0
2026-07-29 10:25:00+05:30,6744.0,6744.0,6737.0,6742.0,48.0
2026-07-29 10:30:00+05:30,6742.0,6742.0,6716.5,6738.0,214.0
2026-07-29 10:35:00+05:30,6738.0,6742.5,6731.0,6731.0,125.0
2026-07-29 10:40:00+05:30,6731.0,6739.0,6731.0,6739.0,25.0
2026-07-29 10:45:00+05:30,6738.5,6740.0,6732.0,6732.0,186.0
2026-07-29 10:50:00+05:30,6739.0,6739.0,6700.0,6700.0,644.0
2026-07-29 10:55:00+05:30,6695.5,6705.0,6692.5,6705.0,123.0
2026-07-29 11:00:00+05:30,6703.5,6712.5,6703.5,6710.0,122.0
2026-07-29 11:05:00+05:30,6710.0,6718.0,6710.0,6715.5,135.0
2026-07-29 11:10:00+05:30,6719.5,6730.5,6714.0,6714.0,69.0
2026-07-29 11:15:00+05:30,6719.5,6726.0,6717.5,6717.5,10.0
2026-07-29 11:20:00+05:30,6717.5,6726.0,6717.5,6726.0,31.0
2026-07-29 11:25:00+05:30,6725.5,6740.0,6725.5,6730.5,196.0
2026-07-29 11:30:00+05:30,6728.5,6739.5,6728.5,6731.5,124.0
2026-07-29 11:35:00+05:30,6733.0,6733.0,6714.0,6727.0,283.0
2026-07-29 11:40:00+05:30,6727.0,6727.0,6721.5,6721.5,14.0
2026-07-29 11:45:00+05:30,6721.5,6724.0,6721.5,6723.5,16.0
2026-07-29 11:50:00+05:30,6724.0,6732.5,6723.0,6726.5,208.0
2026-07-29 11:55:00+05:30,6726.5,6734.0,6726.5,6734.0,25.0
2026-07-29 12:00:00+05:30,6734.0,6737.0,6730.0,6737.0,27.0
2026-07-29 12:05:00+05:30,6737.0,6737.0,6727.5,6727.5,187.0
2026-07-29 12:10:00+05:30,6730.5,6734.5,6724.0,6726.5,23.0
2026-07-29 12:15:00+05:30,6726.0,6732.0,6723.0,6724.5,89.0
2026-07-29 12:20:00+05:30,6731.0,6731.0,6725.5,6730.0,41.0
2026-07-29 12:25:00+05:30,6730.0,6730.0,6726.5,6730.0,27.0
2026-07-29 12:30:00+05:30,6726.5,6729.0,6725.5,6725.5,44.0
2026-07-29 12:35:00+05:30,6725.5,6729.5,6719.0,6719.0,164.0
2026-07-29 12:40:00+05:30,6715.0,6715.0,6715.0,6715.0,5.0
2026-07-29 12:45:00+05:30,6719.0,6719.0,6713.5,6713.5,125.0
2026-07-29 12:50:00+05:30,6713.5,6719.0,6710.5,6718.5,62.0
2026-07-29 12:55:00+05:30,6718.5,6719.0,6718.5,6719.0,27.0
2026-07-29 13:00:00+05:30,6719.0,6719.0,6713.0,6715.0,84.0
2026-07-29 13:05:00+05:30,6715.0,6715.0,6707.5,6707.5,50.0
2026-07-29 13:10:00+05:30,6707.5,6708.0,6704.0,6708.0,90.0
2026-07-29 13:15:00+05:30,6708.0,6708.0,6703.0,6707.0,54.0
2026-07-29 13:20:00+05:30,6707.5,6707.5,6706.5,6707.5,21.0
2026-07-29 13:25:00+05:30,6707.5,6707.5,6702.5,6707.0,38.0
2026-07-29 13:30:00+05:30,6707.0,6708.0,6698.0,6706.0,247.0
2026-07-29 13:35:00+05:30,6705.0,6707.5,6704.5,6707.5,50.0
2026-07-29 13:40:00+05:30,6707.5,6707.5,6698.0,6699.0,91.0
2026-07-29 13:45:00+05:30,6699.0,6705.0,6699.0,6703.0,49.0
2026-07-29 13:50:00+05:30,6705.0,6705.0,6703.0,6705.0,56.0
2026-07-29 13:55:00+05:30,6705.0,6705.0,6700.0,6705.0,23.0
2026-07-29 14:00:00+05:30,6700.5,6700.5,6698.0,6698.0,10.0
2026-07-29 14:05:00+05:30,6698.0,6704.0,6698.0,6704.0,44.0
2026-07-29 14:10:00+05:30,6704.0,6704.0,6695.0,6701.0,184.0
2026-07-29 14:15:00+05:30,6693.0,6701.5,6693.0,6696.5,19.0
2026-07-29 14:20:00+05:30,6702.5,6703.0,6697.5,6697.5,26.0
2026-07-29 14:25:00+05:30,6697.5,6703.0,6696.5,6703.0,15.0
2026-07-29 14:30:00+05:30,6703.0,6703.0,6700.0,6700.0,32.0
2026-07-29 14:35:00+05:30,6697.0,6698.5,6685.0,6688.5,282.0
2026-07-29 14:40:00+05:30,6687.0,6687.0,6677.0,6683.5,432.0
2026-07-29 14:45:00+05:30,6685.0,6699.5,6677.0,6699.5,226.0
2026-07-29 14:50:00+05:30,6696.5,6699.5,6671.0,6679.0,604.0
2026-07-29 14:55:00+05:30,6678.0,6736.0,6678.0,6724.0,1103.0
2026-07-29 15:00:00+05:30,6725.0,6734.5,6721.5,6727.0,198.0
2026-07-29 15:05:00+05:30,6728.0,6730.0,6712.5,6720.0,239.0
2026-07-29 15:10:00+05:30,6720.0,6730.5,6715.0,6727.0,144.0
2026-07-29 15:15:00+05:30,6727.0,6734.5,6712.5,6725.0,422.0
2026-07-29 15:20:00+05:30,6725.0,6730.0,6719.5,6722.5,413.0
2026-07-29 15:25:00+05:30,6729.5,6730.0,6711.5,6728.0,730.0
2026-07-30 09:15:00+05:30,6725.0,6743.0,6700.0,6739.0,465.0
2026-07-30 09:20:00+05:30,6739.0,6764.5,6728.5,6729.5,795.0
2026-07-30 09:25:00+05:30,6732.0,6755.0,6724.0,6725.0,295.0
2026-07-30 09:30:00+05:30,6726.5,6732.5,6726.5,6727.5,47.0
2026-07-30 09:35:00+05:30,6715.5,6730.5,6715.0,6728.5,271.0
2026-07-30 09:40:00+05:30,6728.5,6728.5,6715.5,6715.5,43.0
2026-07-30 09:45:00+05:30,6716.0,6741.0,6715.5,6741.0,249.0
2026-07-30 09:50:00+05:30,6741.0,6760.0,6741.0,6750.0,158.0
2026-07-30 09:55:00+05:30,6750.0,6758.0,6739.0,6750.0,515.0
2026-07-30 10:00:00+05:30,6753.0,6753.5,6746.5,6753.5,24.0
2026-07-30 10:05:00+05:30,6753.5,6756.0,6747.0,6754.5,648.0
2026-07-30 10:10:00+05:30,6754.0,6754.0,6697.0,6701.5,769.0
2026-07-30 10:15:00+05:30,6690.0,6698.5,6689.0,6696.5,125.0
2026-07-30 10:20:00+05:30,6689.0,6697.5,6689.0,6697.5,68.0
2026-07-30 10:25:00+05:30,6697.5,6699.0,6697.0,6698.0,51.0
2026-07-30 10:30:00+05:30,6685.5,6689.5,6685.0,6685.0,216.0
2026-07-30 10:35:00+05:30,6685.0,6705.0,6685.0,6697.0,387.0
2026-07-30 10:40:00+05:30,6697.0,6708.5,6694.5,6699.0,68.0
2026-07-30 10:45:00+05:30,6700.0,6707.0,6696.0,6704.0,160.0
2026-07-30 10:50:00+05:30,6703.0,6704.5,6701.0,6701.0,50.0
2026-07-30 10:55:00+05:30,6704.0,6705.0,6696.0,6701.5,65.0
2026-07-30 11:00:00+05:30,6701.5,6701.5,6701.5,6701.5,53.0
2026-07-30 11:05:00+05:30,6704.0,6705.0,6698.0,6704.0,34.0
2026-07-30 11:10:00+05:30,6706.0,6706.0,6700.0,6700.0,36.0
2026-07-30 11:15:00+05:30,6700.0,6710.0,6698.0,6709.0,184.0
2026-07-30 11:20:00+05:30,6700.0,6707.0,6699.0,6703.0,137.0
2026-07-30 11:25:00+05:30,6703.0,6704.0,6696.0,6700.0,309.0
2026-07-30 11:30:00+05:30,6707.0,6709.0,6700.0,6708.0,149.0
2026-07-30 11:35:00+05:30,6697.5,6708.0,6697.0,6700.0,67.0
2026-07-30 11:40:00+05:30,6704.0,6704.0,6699.0,6703.5,63.0
2026-07-30 11:45:00+05:30,6703.5,6703.5,6688.0,6688.0,86.0
2026-07-30 11:50:00+05:30,6695.0,6695.0,6679.0,6688.5,453.0
2026-07-30 11:55:00+05:30,6681.0,6696.0,6679.0,6690.0,69.0
2026-07-30 12:00:00+05:30,6690.0,6703.5,6690.0,6703.5,567.0
2026-07-30 12:05:00+05:30,6703.5,6703.5,6694.5,6694.5,681.0
2026-07-30 12:10:00+05:30,6695.0,6706.5,6695.0,6700.5,878.0
2026-07-30 12:15:00+05:30,6700.0,6706.5,6699.0,6699.5,212.0
2026-07-30 12:20:00+05:30,6699.5,6705.5,6695.0,6695.0,125.0
2026-07-30 12:25:00+05:30,6695.0,6698.5,6695.0,6695.0,48.0
2026-07-30 12:30:00+05:30,6695.0,6703.0,6695.0,6700.5,13.0
2026-07-30 12:35:00+05:30,6700.5,6708.5,6700.5,6708.5,10.0
2026-07-30 12:40:00+05:30,6707.5,6707.5,6695.5,6695.5,17.0
2026-07-30 12:45:00+05:30,6695.5,6695.5,6676.5,6676.5,464.0
2026-07-30 12:50:00+05:30,6686.5,6686.5,6675.5,6676.0,30.0
2026-07-30 12:55:00+05:30,6675.0,6680.5,6670.0,6670.0,939.0
2026-07-30 13:00:00+05:30,6670.0,6670.0,6660.5,6660.5,467.0
2026-07-30 13:05:00+05:30,6660.0,6668.0,6660.0,6667.5,127.0
2026-07-30 13:10:00+05:30,6661.0,6673.5,6660.5,6664.5,140.0
2026-07-30 13:15:00+05:30,6660.0,6667.0,6656.0,6664.5,175.0
2026-07-30 13:20:00+05:30,6657.0,6666.0,6657.0,6658.0,64.0
2026-07-30 13:25:00+05:30,6658.0,6670.0,6657.0,6657.0,108.0
2026-07-30 13:30:00+05:30,6657.0,6667.5,6656.5,6656.5,101.0
2026-07-30 13:35:00+05:30,6656.5,6656.5,6634.5,6644.0,865.0
2026-07-30 13:40:00+05:30,6645.0,6663.5,6636.5,6645.0,513.0
2026-07-30 13:45:00+05:30,6654.5,6654.5,6638.0,6638.0,280.0
2026-07-30 13:50:00+05:30,6638.0,6657.5,6638.0,6648.5,306.0
2026-07-30 13:55:00+05:30,6655.5,6655.5,6649.0,6652.0,141.0
2026-07-30 14:00:00+05:30,6652.0,6658.5,6651.0,6652.5,59.0
2026-07-30 14:05:00+05:30,6653.5,6659.0,6652.0,6652.0,90.0
2026-07-30 14:10:00+05:30,6650.5,6658.0,6648.5,6650.0,70.0
2026-07-30 14:15:00+05:30,6658.0,6658.0,6645.5,6654.5,156.0
2026-07-30 14:20:00+05:30,6647.5,6656.5,6645.0,6652.0,210.0
2026-07-30 14:25:00+05:30,6645.0,6652.5,6645.0,6646.0,56.0
2026-07-30 14:30:00+05:30,6645.0,6645.0,6645.0,6645.0,71.0
2026-07-30 14:35:00+05:30,6645.0,6651.0,6645.0,6651.0,109.0
2026-07-30 14:40:00+05:30,6651.0,6652.0,6645.0,6645.0,181.0
2026-07-30 14:45:00+05:30,6645.0,6653.5,6645.0,6652.5,63.0
2026-07-30 14:50:00+05:30,6652.5,6654.0,6646.5,6647.0,95.0
2026-07-30 14:55:00+05:30,6653.5,6664.5,6650.0,6655.5,175.0
2026-07-30 15:00:00+05:30,6655.0,6655.0,6638.0,6641.5,313.0
2026-07-30 15:05:00+05:30,6648.5,6659.0,6641.5,6651.0,364.0
2026-07-30 15:10:00+05:30,6651.0,6653.5,6641.0,6641.5,206.0
2026-07-30 15:15:00+05:30,6641.5,6649.0,6625.0,6635.0,977.0
2026-07-30 15:20:00+05:30,6635.0,6645.5,6625.0,6632.0,1217.0
2026-07-30 15:25:00+05:30,6632.0,6667.0,6621.0,6633.5,1943.0
