dt,open,high,low,close,volume
2026-05-29 09:15:00+05:30,1438.0,1456.0,1428.0,1450.2,2555.0
2026-05-29 09:20:00+05:30,1454.8,1455.0,1440.7,1445.7,1644.0
2026-05-29 09:25:00+05:30,1447.4,1447.4,1436.4,1440.9,740.0
2026-05-29 09:30:00+05:30,1438.2,1438.2,1425.2,1425.5,601.0
2026-05-29 09:35:00+05:30,1428.0,1435.7,1426.1,1431.9,645.0
2026-05-29 09:40:00+05:30,1431.9,1434.8,1422.0,1422.0,868.0
2026-05-29 09:45:00+05:30,1420.0,1431.6,1415.1,1430.3,1133.0
2026-05-29 09:50:00+05:30,1431.0,1431.0,1424.8,1424.8,194.0
2026-05-29 09:55:00+05:30,1421.4,1422.3,1417.0,1417.0,271.0
2026-05-29 10:00:00+05:30,1417.0,1419.5,1415.0,1415.7,170.0
2026-05-29 10:05:00+05:30,1416.8,1419.7,1414.0,1416.2,1274.0
2026-05-29 10:10:00+05:30,1415.3,1419.8,1412.5,1414.9,1771.0
2026-05-29 10:15:00+05:30,1414.9,1417.0,1414.9,1415.0,236.0
2026-05-29 10:20:00+05:30,1414.0,1415.5,1414.0,1415.5,48.0
2026-05-29 10:25:00+05:30,1415.8,1415.8,1406.1,1406.1,635.0
2026-05-29 10:30:00+05:30,1404.0,1404.0,1393.2,1397.0,6488.0
2026-05-29 10:35:00+05:30,1397.0,1399.3,1397.0,1399.3,129.0
2026-05-29 10:40:00+05:30,1399.9,1400.0,1397.1,1399.7,121.0
2026-05-29 10:45:00+05:30,1397.0,1398.7,1393.4,1396.2,817.0
2026-05-29 10:50:00+05:30,1396.2,1397.0,1396.0,1396.0,204.0
2026-05-29 10:55:00+05:30,1395.7,1401.0,1395.7,1401.0,162.0
2026-05-29 11:00:00+05:30,1402.0,1403.0,1399.9,1402.0,344.0
2026-05-29 11:05:00+05:30,1401.8,1403.3,1400.1,1402.9,315.0
2026-05-29 11:10:00+05:30,1402.9,1402.9,1399.0,1399.0,200.0
2026-05-29 11:15:00+05:30,1398.0,1400.0,1397.4,1400.0,160.0
2026-05-29 11:20:00+05:30,1401.4,1401.8,1398.5,1400.0,154.0
2026-05-29 11:25:00+05:30,1400.0,1401.8,1399.1,1401.8,60.0
2026-05-29 11:30:00+05:30,1401.8,1401.8,1399.6,1400.3,115.0
2026-05-29 11:35:00+05:30,1399.8,1400.3,1398.0,1398.0,11.0
2026-05-29 11:40:00+05:30,1400.3,1400.4,1396.0,1396.2,171.0
2026-05-29 11:45:00+05:30,1397.6,1399.3,1397.6,1398.4,66.0
2026-05-29 11:50:00+05:30,1395.9,1398.7,1395.9,1398.7,143.0
2026-05-29 11:55:00+05:30,1398.7,1399.7,1398.6,1399.1,218.0
2026-05-29 12:00:00+05:30,1399.0,1399.0,1395.4,1395.4,111.0
2026-05-29 12:05:00+05:30,1395.4,1397.5,1395.4,1396.0,32.0
2026-05-29 12:10:00+05:30,1396.0,1397.1,1395.0,1395.0,761.0
2026-05-29 12:15:00+05:30,1395.6,1396.7,1394.0,1395.6,93.0
2026-05-29 12:20:00+05:30,1395.6,1396.1,1395.6,1396.1,1.0
2026-05-29 12:25:00+05:30,1394.0,1396.4,1394.0,1396.4,59.0
2026-05-29 12:30:00+05:30,1396.4,1396.4,1396.4,1396.4,0.0
2026-05-29 12:35:00+05:30,1396.0,1396.4,1394.1,1396.4,174.0
2026-05-29 12:40:00+05:30,1396.0,1396.5,1396.0,1396.5,5.0
2026-05-29 12:45:00+05:30,1394.2,1394.3,1394.2,1394.3,31.0
2026-05-29 12:50:00+05:30,1396.7,1396.7,1394.3,1394.5,66.0
2026-05-29 12:55:00+05:30,1394.7,1395.5,1391.2,1391.2,451.0
2026-05-29 13:00:00+05:30,1391.0,1392.7,1389.7,1389.7,337.0
2026-05-29 13:05:00+05:30,1390.9,1390.9,1388.0,1388.0,131.0
2026-05-29 13:10:00+05:30,1388.0,1388.1,1386.0,1387.0,200.0
2026-05-29 13:15:00+05:30,1387.0,1389.9,1385.4,1387.0,305.0
2026-05-29 13:20:00+05:30,1390.3,1390.3,1383.0,1383.0,918.0
2026-05-29 13:25:00+05:30,1384.4,1384.4,1384.0,1384.0,43.0
2026-05-29 13:30:00+05:30,1384.0,1384.7,1383.0,1384.7,84.0
2026-05-29 13:35:00+05:30,1384.7,1384.7,1382.0,1384.0,20.0
2026-05-29 13:40:00+05:30,1382.6,1384.0,1382.0,1383.8,34.0
2026-05-29 13:45:00+05:30,1383.8,1384.3,1383.8,1384.0,34.0
2026-05-29 13:50:00+05:30,1385.2,1385.2,1384.9,1385.2,137.0
2026-05-29 13:55:00+05:30,1386.6,1387.0,1383.3,1385.6,1164.0
2026-05-29 14:00:00+05:30,1386.2,1388.0,1386.0,1387.9,372.0
2026-05-29 14:05:00+05:30,1387.9,1388.0,1384.1,1384.4,152.0
2026-05-29 14:10:00+05:30,1384.4,1385.4,1384.4,1385.4,6.0
2026-05-29 14:15:00+05:30,1385.4,1388.8,1385.4,1388.4,78.0
2026-05-29 14:20:00+05:30,1389.0,1389.0,1385.2,1385.2,100.0
2026-05-29 14:25:00+05:30,1385.5,1387.5,1385.5,1387.5,276.0
2026-05-29 14:30:00+05:30,1389.0,1389.0,1387.5,1389.0,359.0
2026-05-29 14:35:00+05:30,1390.3,1392.6,1390.3,1392.1,1008.0
2026-05-29 14:40:00+05:30,1392.1,1392.2,1390.1,1390.1,202.0
2026-05-29 14:45:00+05:30,1392.0,1392.0,1386.9,1390.7,578.0
2026-05-29 14:50:00+05:30,1390.7,1390.8,1387.0,1387.6,304.0
2026-05-29 14:55:00+05:30,1388.5,1390.9,1388.5,1390.0,42.0
2026-05-29 15:00:00+05:30,1387.6,1387.6,1375.0,1377.0,2571.0
2026-05-29 15:05:00+05:30,1376.5,1376.5,1370.0,1372.0,1979.0
2026-05-29 15:10:00+05:30,1372.0,1379.9,1372.0,1378.9,669.0
2026-05-29 15:15:00+05:30,1379.9,1389.9,1379.0,1385.0,1325.0
2026-05-29 15:20:00+05:30,1385.1,1388.4,1380.3,1381.0,408.0
2026-05-29 15:25:00+05:30,1380.3,1390.0,1370.0,1380.0,2125.0
2026-06-01 09:15:00+05:30,1385.9,1418.0,1385.9,1409.7,1708.0
2026-06-01 09:20:00+05:30,1406.0,1411.6,1398.0,1398.0,1161.0
2026-06-01 09:25:00+05:30,1398.0,1401.4,1397.0,1398.0,396.0
2026-06-01 09:30:00+05:30,1396.1,1396.1,1381.4,1385.0,1312.0
2026-06-01 09:35:00+05:30,1385.0,1385.0,1377.6,1379.7,1222.0
2026-06-01 09:40:00+05:30,1380.5,1393.6,1380.5,1393.6,5617.0
2026-06-01 09:45:00+05:30,1393.6,1400.9,1392.1,1400.8,927.0
2026-06-01 09:50:00+05:30,1396.8,1413.5,1395.0,1410.0,1965.0
2026-06-01 09:55:00+05:30,1410.1,1429.9,1407.9,1429.9,4832.0
2026-06-01 10:00:00+05:30,1430.2,1449.3,1422.2,1445.0,10063.0
2026-06-01 10:05:00+05:30,1435.0,1446.1,1435.0,1443.7,1303.0
2026-06-01 10:10:00+05:30,1436.3,1447.0,1436.3,1439.7,1831.0
2026-06-01 10:15:00+05:30,1440.1,1444.0,1433.9,1433.9,1925.0
2026-06-01 10:20:00+05:30,1435.0,1442.0,1430.0,1442.0,706.0
2026-06-01 10:25:00+05:30,1442.0,1445.0,1437.9,1437.9,2568.0
2026-06-01 10:30:00+05:30,1437.8,1444.7,1434.7,1436.8,1678.0
2026-06-01 10:35:00+05:30,1443.0,1449.0,1436.8,1439.0,2070.0
2026-06-01 10:40:00+05:30,1444.7,1447.9,1439.3,1445.0,492.0
2026-06-01 10:45:00+05:30,1444.9,1447.9,1441.0,1447.0,955.0
2026-06-01 10:50:00+05:30,1447.0,1449.3,1442.5,1449.3,5207.0
2026-06-01 10:55:00+05:30,1449.3,1449.3,1449.3,1449.3,1104.0
2026-06-01 11:00:00+05:30,1449.3,1449.3,1443.0,1448.0,10623.0
2026-06-01 11:05:00+05:30,1448.9,1449.2,1442.5,1448.9,2351.0
2026-06-01 11:10:00+05:30,1448.0,1449.0,1442.0,1446.0,3456.0
2026-06-01 11:15:00+05:30,1449.0,1449.1,1442.2,1446.0,3731.0
2026-06-01 11:20:00+05:30,1443.5,1449.1,1443.5,1448.4,547.0
2026-06-01 11:25:00+05:30,1448.1,1448.1,1442.9,1442.9,1445.0
2026-06-01 11:30:00+05:30,1442.9,1446.9,1434.0,1437.0,544.0
2026-06-01 11:35:00+05:30,1437.0,1440.0,1437.0,1439.0,536.0
2026-06-01 11:40:00+05:30,1439.0,1439.0,1434.1,1436.1,379.0
2026-06-01 11:45:00+05:30,1436.1,1440.0,1436.1,1440.0,753.0
2026-06-01 11:50:00+05:30,1440.0,1447.9,1440.0,1442.0,1182.0
2026-06-01 11:55:00+05:30,1442.0,1446.9,1442.0,1445.0,617.0
2026-06-01 12:00:00+05:30,1445.0,1446.0,1445.0,1446.0,824.0
2026-06-01 12:05:00+05:30,1446.7,1446.7,1445.9,1446.5,2268.0
2026-06-01 12:10:00+05:30,1445.0,1446.5,1445.0,1445.0,2386.0
2026-06-01 12:15:00+05:30,1445.9,1445.9,1445.8,1445.8,15.0
2026-06-01 12:20:00+05:30,1440.1,1443.9,1438.0,1442.9,1148.0
2026-06-01 12:25:00+05:30,1439.4,1442.7,1435.4,1440.0,1348.0
2026-06-01 12:30:00+05:30,1440.0,1440.0,1434.6,1434.6,1245.0
2026-06-01 12:35:00+05:30,1427.9,1437.0,1427.9,1430.5,1090.0
2026-06-01 12:40:00+05:30,1430.5,1431.1,1423.0,1426.6,934.0
2026-06-01 12:45:00+05:30,1426.4,1426.4,1410.0,1410.0,4009.0
2026-06-01 12:50:00+05:30,1414.9,1428.9,1400.0,1423.4,28115.0
2026-06-01 12:55:00+05:30,1422.9,1434.3,1419.9,1429.9,3285.0
2026-06-01 13:00:00+05:30,1427.1,1429.6,1426.9,1426.9,68.0
2026-06-01 13:05:00+05:30,1426.9,1426.9,1426.9,1426.9,73.0
2026-06-01 13:10:00+05:30,1426.9,1431.5,1425.0,1431.5,1750.0
2026-06-01 13:15:00+05:30,1431.0,1431.0,1425.6,1425.6,107.0
2026-06-01 13:20:00+05:30,1425.6,1429.9,1425.0,1429.9,84.0
2026-06-01 13:25:00+05:30,1429.9,1438.0,1425.2,1438.0,1728.0
2026-06-01 13:30:00+05:30,1438.4,1438.4,1431.0,1431.0,573.0
2026-06-01 13:35:00+05:30,1431.0,1433.1,1431.0,1433.1,27.0
2026-06-01 13:40:00+05:30,1426.6,1431.0,1425.5,1427.1,566.0
2026-06-01 13:45:00+05:30,1427.1,1431.0,1427.1,1427.4,15.0
2026-06-01 13:50:00+05:30,1427.2,1427.2,1425.0,1425.0,700.0
2026-06-01 13:55:00+05:30,1425.0,1429.9,1425.0,1428.9,175.0
2026-06-01 14:00:00+05:30,1428.9,1428.9,1416.0,1416.0,895.0
2026-06-01 14:05:00+05:30,1416.0,1420.8,1412.7,1417.9,464.0
2026-06-01 14:10:00+05:30,1413.1,1421.9,1413.1,1420.5,91.0
2026-06-01 14:15:00+05:30,1423.8,1423.8,1418.1,1418.4,21.0
2026-06-01 14:20:00+05:30,1418.4,1428.3,1417.5,1422.6,1064.0
2026-06-01 14:25:00+05:30,1422.6,1427.5,1417.8,1417.8,262.0
2026-06-01 14:30:00+05:30,1418.0,1426.0,1414.4,1417.0,393.0
2026-06-01 14:35:00+05:30,1417.0,1421.8,1416.7,1416.7,87.0
2026-06-01 14:40:00+05:30,1419.5,1424.6,1419.5,1424.6,67.0
2026-06-01 14:45:00+05:30,1424.6,1424.6,1420.1,1420.1,1.0
2026-06-01 14:50:00+05:30,1420.1,1420.1,1419.5,1420.0,62.0
2026-06-01 14:55:00+05:30,1420.0,1420.1,1416.1,1420.1,123.0
2026-06-01 15:00:00+05:30,1416.6,1416.6,1415.0,1415.0,116.0
2026-06-01 15:05:00+05:30,1413.7,1421.3,1412.0,1416.0,589.0
2026-06-01 15:10:00+05:30,1416.0,1424.0,1416.0,1421.0,89.0
2026-06-01 15:15:00+05:30,1419.2,1424.0,1419.2,1422.9,168.0
2026-06-01 15:20:00+05:30,1422.9,1422.9,1402.1,1408.6,4614.0
2026-06-01 15:25:00+05:30,1420.6,1427.6,1405.2,1417.9,1938.0
2026-06-02 09:15:00+05:30,1416.3,1416.4,1388.5,1400.8,1766.0
2026-06-02 09:20:00+05:30,1404.5,1407.2,1400.6,1405.0,355.0
2026-06-02 09:25:00+05:30,1404.7,1407.2,1401.1,1405.3,745.0
2026-06-02 09:30:00+05:30,1405.2,1423.0,1401.9,1413.2,3581.0
2026-06-02 09:35:00+05:30,1413.0,1431.7,1412.4,1427.0,2050.0
2026-06-02 09:40:00+05:30,1424.6,1424.6,1415.2,1416.2,602.0
2026-06-02 09:45:00+05:30,1416.0,1423.0,1414.7,1422.9,837.0
2026-06-02 09:50:00+05:30,1423.0,1429.3,1416.6,1425.1,1409.0
2026-06-02 09:55:00+05:30,1425.1,1429.7,1421.6,1429.7,574.0
2026-06-02 10:00:00+05:30,1424.2,1427.4,1423.2,1427.0,192.0
2026-06-02 10:05:00+05:30,1427.4,1427.9,1424.7,1424.9,93.0
2026-06-02 10:10:00+05:30,1424.7,1431.7,1423.6,1431.7,692.0
2026-06-02 10:15:00+05:30,1430.0,1430.0,1424.3,1424.5,370.0
2026-06-02 10:20:00+05:30,1430.0,1436.3,1424.3,1435.0,1430.0
2026-06-02 10:25:00+05:30,1434.4,1442.0,1431.6,1436.1,4909.0
2026-06-02 10:30:00+05:30,1436.6,1441.8,1431.6,1435.3,1581.0
2026-06-02 10:35:00+05:30,1437.0,1439.6,1436.5,1439.6,157.0
2026-06-02 10:40:00+05:30,1436.2,1436.2,1435.7,1436.1,89.0
2026-06-02 10:45:00+05:30,1436.1,1436.4,1436.0,1436.4,97.0
2026-06-02 10:50:00+05:30,1436.2,1442.0,1434.1,1442.0,11984.0
2026-06-02 10:55:00+05:30,1445.0,1445.0,1440.8,1442.6,363.0
2026-06-02 11:00:00+05:30,1442.6,1444.4,1439.8,1439.8,537.0
2026-06-02 11:05:00+05:30,1440.6,1442.0,1439.1,1440.4,224.0
2026-06-02 11:10:00+05:30,1440.0,1440.0,1440.0,1440.0,37.0
2026-06-02 11:15:00+05:30,1440.0,1444.0,1439.3,1440.6,1106.0
2026-06-02 11:20:00+05:30,1438.6,1442.2,1435.8,1436.2,720.0
2026-06-02 11:25:00+05:30,1442.9,1442.9,1437.6,1437.9,552.0
2026-06-02 11:30:00+05:30,1437.8,1437.8,1434.0,1434.0,491.0
2026-06-02 11:35:00+05:30,1434.0,1434.9,1432.8,1434.9,80.0
2026-06-02 11:40:00+05:30,1433.0,1434.2,1431.9,1434.2,12.0
2026-06-02 11:45:00+05:30,1434.2,1434.2,1430.0,1430.3,540.0
2026-06-02 11:50:00+05:30,1430.1,1430.1,1428.5,1428.5,176.0
2026-06-02 11:55:00+05:30,1428.5,1429.5,1425.7,1429.5,127.0
2026-06-02 12:00:00+05:30,1428.0,1429.4,1427.3,1427.3,24.0
2026-06-02 12:05:00+05:30,1428.9,1428.9,1425.1,1426.4,272.0
2026-06-02 12:10:00+05:30,1426.5,1426.6,1426.5,1426.6,35.0
2026-06-02 12:15:00+05:30,1426.6,1426.6,1421.1,1421.1,132.0
2026-06-02 12:20:00+05:30,1421.0,1421.0,1421.0,1421.0,47.0
2026-06-02 12:25:00+05:30,1421.0,1421.1,1421.0,1421.1,6.0
2026-06-02 12:30:00+05:30,1421.0,1423.9,1421.0,1423.9,16.0
2026-06-02 12:35:00+05:30,1422.1,1422.1,1421.2,1422.0,22.0
2026-06-02 12:40:00+05:30,1422.0,1424.0,1422.0,1424.0,73.0
2026-06-02 12:45:00+05:30,1422.0,1422.1,1422.0,1422.0,45.0
2026-06-02 12:50:00+05:30,1422.0,1423.2,1421.3,1421.3,82.0
2026-06-02 12:55:00+05:30,1423.0,1429.7,1423.0,1427.1,746.0
2026-06-02 13:00:00+05:30,1427.1,1429.7,1425.5,1425.5,82.0
2026-06-02 13:05:00+05:30,1436.0,1438.0,1433.1,1434.4,2027.0
2026-06-02 13:10:00+05:30,1434.4,1435.2,1434.4,1435.2,12.0
2026-06-02 13:15:00+05:30,1435.2,1435.2,1429.6,1429.6,65.0
2026-06-02 13:20:00+05:30,1429.6,1433.2,1429.6,1433.2,27.0
2026-06-02 13:25:00+05:30,1430.4,1433.2,1430.4,1433.2,41.0
2026-06-02 13:30:00+05:30,1433.2,1439.9,1433.2,1434.4,1003.0
2026-06-02 13:35:00+05:30,1434.3,1435.8,1432.0,1432.7,78.0
2026-06-02 13:40:00+05:30,1436.6,1436.8,1432.4,1434.8,179.0
2026-06-02 13:45:00+05:30,1434.8,1437.7,1434.8,1435.5,71.0
2026-06-02 13:50:00+05:30,1435.5,1437.9,1433.6,1433.6,1103.0
2026-06-02 13:55:00+05:30,1433.6,1433.6,1430.3,1432.1,68.0
2026-06-02 14:00:00+05:30,1432.2,1432.9,1430.0,1430.0,51.0
2026-06-02 14:05:00+05:30,1430.0,1430.0,1429.7,1429.7,50.0
2026-06-02 14:10:00+05:30,1429.7,1430.0,1428.5,1429.9,66.0
2026-06-02 14:15:00+05:30,1431.0,1433.1,1429.3,1430.5,29.0
2026-06-02 14:20:00+05:30,1430.5,1433.1,1429.9,1433.1,73.0
2026-06-02 14:25:00+05:30,1428.1,1430.0,1425.6,1428.1,116.0
2026-06-02 14:30:00+05:30,1430.5,1430.5,1428.0,1430.1,21.0
2026-06-02 14:35:00+05:30,1430.1,1431.3,1425.1,1431.3,1352.0
2026-06-02 14:40:00+05:30,1431.3,1431.4,1429.3,1429.3,30.0
2026-06-02 14:45:00+05:30,1429.3,1430.6,1426.1,1426.1,210.0
2026-06-02 14:50:00+05:30,1426.8,1432.7,1426.8,1432.3,354.0
2026-06-02 14:55:00+05:30,1432.3,1432.3,1425.1,1425.1,657.0
2026-06-02 15:00:00+05:30,1425.3,1427.1,1415.0,1418.0,2386.0
2026-06-02 15:05:00+05:30,1421.7,1432.3,1421.7,1430.1,3262.0
2026-06-02 15:10:00+05:30,1430.1,1437.9,1430.1,1431.6,1093.0
2026-06-02 15:15:00+05:30,1432.8,1435.7,1431.7,1433.8,1318.0
2026-06-02 15:20:00+05:30,1435.4,1439.9,1433.8,1439.0,1588.0
2026-06-02 15:25:00+05:30,1438.9,1440.0,1435.6,1435.6,4556.0
2026-06-03 09:15:00+05:30,1448.7,1451.9,1419.1,1426.7,4238.0
2026-06-03 09:20:00+05:30,1424.2,1436.8,1423.8,1435.3,2611.0
2026-06-03 09:25:00+05:30,1435.6,1439.0,1427.0,1427.0,1437.0
2026-06-03 09:30:00+05:30,1427.0,1427.0,1416.1,1417.9,613.0
2026-06-03 09:35:00+05:30,1417.9,1418.2,1412.2,1418.2,511.0
2026-06-03 09:40:00+05:30,1418.2,1418.9,1412.0,1413.8,493.0
2026-06-03 09:45:00+05:30,1413.7,1414.9,1410.0,1410.0,245.0
2026-06-03 09:50:00+05:30,1410.0,1411.8,1408.2,1410.0,196.0
2026-06-03 09:55:00+05:30,1410.0,1410.0,1390.0,1395.0,4490.0
2026-06-03 10:00:00+05:30,1392.1,1394.8,1390.0,1390.0,540.0
2026-06-03 10:05:00+05:30,1390.0,1394.5,1390.0,1394.5,616.0
2026-06-03 10:10:00+05:30,1394.0,1394.7,1390.0,1390.5,1199.0
2026-06-03 10:15:00+05:30,1390.5,1390.5,1380.1,1388.0,4077.0
2026-06-03 10:20:00+05:30,1388.0,1400.5,1388.0,1395.9,2221.0
2026-06-03 10:25:00+05:30,1395.6,1402.8,1388.1,1400.4,2639.0
2026-06-03 10:30:00+05:30,1399.9,1399.9,1392.9,1393.2,172.0
2026-06-03 10:35:00+05:30,1393.0,1394.6,1390.1,1394.6,75.0
2026-06-03 10:40:00+05:30,1394.6,1405.6,1394.6,1401.5,444.0
2026-06-03 10:45:00+05:30,1401.5,1403.2,1401.5,1402.9,62.0
2026-06-03 10:50:00+05:30,1402.9,1405.0,1402.9,1402.9,281.0
2026-06-03 10:55:00+05:30,1401.3,1402.6,1400.4,1402.6,14.0
2026-06-03 11:00:00+05:30,1408.0,1408.0,1390.2,1395.0,6957.0
2026-06-03 11:05:00+05:30,1395.0,1405.0,1395.0,1400.3,2728.0
2026-06-03 11:10:00+05:30,1402.0,1405.0,1402.0,1402.9,588.0
2026-06-03 11:15:00+05:30,1401.1,1401.2,1401.1,1401.2,18.0
2026-06-03 11:20:00+05:30,1401.6,1402.9,1400.2,1402.6,377.0
2026-06-03 11:25:00+05:30,1402.6,1404.4,1402.0,1404.2,110.0
2026-06-03 11:30:00+05:30,1404.2,1404.2,1400.6,1403.6,50.0
2026-06-03 11:35:00+05:30,1403.4,1404.2,1403.4,1403.9,21.0
2026-06-03 11:40:00+05:30,1403.9,1403.9,1403.9,1403.9,0.0
2026-06-03 11:45:00+05:30,1403.9,1403.9,1400.1,1400.1,541.0
2026-06-03 11:50:00+05:30,1400.1,1400.2,1391.9,1392.2,4398.0
2026-06-03 11:55:00+05:30,1394.0,1394.0,1387.5,1387.7,189.0
2026-06-03 12:00:00+05:30,1387.0,1388.0,1385.0,1385.0,228.0
2026-06-03 12:05:00+05:30,1385.1,1388.6,1385.1,1388.6,269.0
2026-06-03 12:10:00+05:30,1388.6,1400.0,1388.6,1394.9,5829.0
2026-06-03 12:15:00+05:30,1394.0,1399.0,1390.3,1399.0,540.0
2026-06-03 12:20:00+05:30,1397.3,1397.3,1396.7,1396.7,5.0
2026-06-03 12:25:00+05:30,1398.5,1398.5,1396.3,1398.0,12.0
2026-06-03 12:30:00+05:30,1398.0,1400.0,1398.0,1398.2,288.0
2026-06-03 12:35:00+05:30,1398.2,1401.1,1398.2,1401.1,415.0
2026-06-03 12:40:00+05:30,1400.5,1404.0,1400.5,1403.7,368.0
2026-06-03 12:45:00+05:30,1403.8,1405.0,1402.8,1402.8,907.0
2026-06-03 12:50:00+05:30,1401.9,1404.9,1400.1,1403.9,536.0
2026-06-03 12:55:00+05:30,1403.8,1404.1,1400.9,1401.8,123.0
2026-06-03 13:00:00+05:30,1401.8,1403.2,1401.4,1401.4,37.0
2026-06-03 13:05:00+05:30,1403.3,1403.3,1400.0,1400.1,46.0
2026-06-03 13:10:00+05:30,1400.1,1400.1,1400.1,1400.1,0.0
2026-06-03 13:15:00+05:30,1400.1,1400.1,1400.0,1400.0,48.0
2026-06-03 13:20:00+05:30,1400.0,1400.7,1390.0,1390.0,4636.0
2026-06-03 13:25:00+05:30,1394.4,1401.3,1394.4,1400.0,4291.0
2026-06-03 13:30:00+05:30,1401.0,1401.0,1394.3,1397.7,740.0
2026-06-03 13:35:00+05:30,1397.7,1397.7,1391.3,1396.0,594.0
2026-06-03 13:40:00+05:30,1397.7,1400.0,1395.9,1400.0,206.0
2026-06-03 13:45:00+05:30,1396.1,1399.2,1396.0,1399.2,96.0
2026-06-03 13:50:00+05:30,1399.0,1399.0,1398.5,1398.5,38.0
2026-06-03 13:55:00+05:30,1398.5,1398.5,1390.0,1393.9,532.0
2026-06-03 14:00:00+05:30,1393.1,1394.6,1390.0,1394.6,349.0
2026-06-03 14:05:00+05:30,1394.6,1396.8,1394.4,1394.4,73.0
2026-06-03 14:10:00+05:30,1394.5,1396.7,1387.3,1387.3,526.0
2026-06-03 14:15:00+05:30,1391.7,1393.9,1389.3,1392.7,774.0
2026-06-03 14:20:00+05:30,1391.6,1393.7,1391.1,1393.7,263.0
2026-06-03 14:25:00+05:30,1391.1,1392.6,1386.9,1392.6,463.0
2026-06-03 14:30:00+05:30,1394.0,1394.0,1388.0,1389.8,653.0
2026-06-03 14:35:00+05:30,1389.8,1390.6,1388.0,1390.6,50.0
2026-06-03 14:40:00+05:30,1390.0,1391.2,1390.0,1391.2,38.0
2026-06-03 14:45:00+05:30,1391.2,1391.2,1390.0,1391.0,100.0
2026-06-03 14:50:00+05:30,1391.0,1392.4,1388.0,1390.0,1303.0
2026-06-03 14:55:00+05:30,1392.1,1392.7,1390.0,1392.2,59.0
2026-06-03 15:00:00+05:30,1392.2,1393.4,1388.0,1392.7,1016.0
2026-06-03 15:05:00+05:30,1391.1,1391.8,1388.0,1388.5,493.0
2026-06-03 15:10:00+05:30,1389.7,1390.0,1387.0,1387.0,77.0
2026-06-03 15:15:00+05:30,1388.0,1390.0,1385.1,1388.6,2391.0
2026-06-03 15:20:00+05:30,1388.0,1391.3,1385.6,1391.3,989.0
2026-06-03 15:25:00+05:30,1391.1,1394.4,1390.0,1393.0,1576.0
2026-06-04 09:15:00+05:30,1367.0,1389.5,1366.9,1382.2,1271.0
2026-06-04 09:20:00+05:30,1383.7,1399.6,1383.0,1398.9,896.0
2026-06-04 09:25:00+05:30,1398.1,1434.7,1393.1,1420.2,3392.0
2026-06-04 09:30:00+05:30,1419.4,1425.0,1418.1,1418.2,1301.0
2026-06-04 09:35:00+05:30,1418.2,1421.6,1411.4,1411.4,836.0
2026-06-04 09:40:00+05:30,1411.4,1411.4,1408.4,1410.7,221.0
2026-06-04 09:45:00+05:30,1410.7,1410.7,1407.8,1407.8,200.0
2026-06-04 09:50:00+05:30,1405.0,1405.0,1402.1,1404.9,314.0
2026-06-04 09:55:00+05:30,1402.1,1406.0,1402.1,1406.0,67.0
2026-06-04 10:00:00+05:30,1408.6,1426.6,1408.6,1417.3,1714.0
2026-06-04 10:05:00+05:30,1416.3,1416.9,1411.6,1413.1,439.0
2026-06-04 10:10:00+05:30,1413.1,1416.7,1413.0,1413.0,38.0
2026-06-04 10:15:00+05:30,1413.0,1415.9,1410.4,1415.9,262.0
2026-06-04 10:20:00+05:30,1415.6,1417.8,1415.6,1415.7,27.0
2026-06-04 10:25:00+05:30,1415.7,1415.8,1414.1,1414.1,329.0
2026-06-04 10:30:00+05:30,1414.1,1414.1,1410.0,1413.9,274.0
2026-06-04 10:35:00+05:30,1413.9,1413.9,1413.9,1413.9,0.0
2026-06-04 10:40:00+05:30,1409.7,1409.7,1408.4,1408.5,72.0
2026-06-04 10:45:00+05:30,1408.5,1408.5,1408.5,1408.5,0.0
2026-06-04 10:50:00+05:30,1408.5,1412.5,1408.5,1409.1,174.0
2026-06-04 10:55:00+05:30,1409.1,1409.7,1409.1,1409.2,38.0
2026-06-04 11:00:00+05:30,1409.2,1409.2,1406.0,1406.0,151.0
2026-06-04 11:05:00+05:30,1406.0,1406.0,1406.0,1406.0,30.0
2026-06-04 11:10:00+05:30,1406.0,1406.0,1406.0,1406.0,0.0
2026-06-04 11:15:00+05:30,1406.0,1409.4,1403.1,1408.2,584.0
2026-06-04 11:20:00+05:30,1405.1,1405.1,1402.4,1402.4,109.0
2026-06-04 11:25:00+05:30,1402.4,1402.4,1402.4,1402.4,0.0
2026-06-04 11:30:00+05:30,1402.4,1403.0,1400.0,1400.0,602.0
2026-06-04 11:35:00+05:30,1400.0,1405.7,1400.0,1400.0,342.0
2026-06-04 11:40:00+05:30,1400.5,1400.5,1400.5,1400.5,1.0
2026-06-04 11:45:00+05:30,1401.0,1415.0,1401.0,1411.6,1401.0
2026-06-04 11:50:00+05:30,1411.6,1411.6,1410.0,1410.0,75.0
2026-06-04 11:55:00+05:30,1403.3,1403.3,1403.3,1403.3,200.0
2026-06-04 12:00:00+05:30,1403.3,1403.3,1403.3,1403.3,0.0
2026-06-04 12:05:00+05:30,1403.3,1406.7,1403.3,1406.7,2.0
2026-06-04 12:10:00+05:30,1409.9,1409.9,1408.0,1408.0,23.0
2026-06-04 12:15:00+05:30,1410.2,1410.5,1408.0,1408.0,73.0
2026-06-04 12:20:00+05:30,1408.0,1408.3,1407.1,1407.6,176.0
2026-06-04 12:25:00+05:30,1407.6,1407.6,1406.5,1406.6,12.0
2026-06-04 12:30:00+05:30,1406.6,1406.6,1406.5,1406.5,97.0
2026-06-04 12:35:00+05:30,1405.0,1405.0,1399.5,1399.5,1492.0
2026-06-04 12:40:00+05:30,1399.5,1399.5,1396.0,1396.0,89.0
2026-06-04 12:45:00+05:30,1395.1,1395.1,1392.1,1393.4,268.0
2026-06-04 12:50:00+05:30,1393.4,1398.5,1392.0,1396.2,709.0
2026-06-04 12:55:00+05:30,1398.4,1398.4,1397.3,1397.3,12.0
2026-06-04 13:00:00+05:30,1398.5,1400.0,1398.5,1400.0,119.0
2026-06-04 13:05:00+05:30,1400.0,1400.0,1396.0,1397.2,143.0
2026-06-04 13:10:00+05:30,1399.4,1399.4,1393.1,1393.1,125.0
2026-06-04 13:15:00+05:30,1393.1,1393.1,1392.9,1392.9,45.0
2026-06-04 13:20:00+05:30,1391.9,1393.9,1391.7,1391.7,48.0
2026-06-04 13:25:00+05:30,1391.7,1393.2,1391.7,1391.8,294.0
2026-06-04 13:30:00+05:30,1391.8,1392.0,1391.8,1392.0,5.0
2026-06-04 13:35:00+05:30,1392.0,1392.0,1392.0,1392.0,0.0
2026-06-04 13:40:00+05:30,1392.0,1392.0,1392.0,1392.0,0.0
2026-06-04 13:45:00+05:30,1392.0,1392.0,1389.4,1389.4,954.0
2026-06-04 13:50:00+05:30,1388.9,1392.3,1387.1,1392.3,164.0
2026-06-04 13:55:00+05:30,1392.3,1392.3,1391.3,1391.3,52.0
2026-06-04 14:00:00+05:30,1391.3,1396.9,1391.3,1391.6,179.0
2026-06-04 14:05:00+05:30,1395.2,1405.6,1393.3,1405.6,2738.0
2026-06-04 14:10:00+05:30,1402.1,1404.9,1399.1,1399.1,110.0
2026-06-04 14:15:00+05:30,1399.1,1400.0,1399.1,1400.0,10.0
2026-06-04 14:20:00+05:30,1399.8,1399.8,1398.3,1398.3,24.0
2026-06-04 14:25:00+05:30,1398.3,1398.3,1398.3,1398.3,0.0
2026-06-04 14:30:00+05:30,1399.8,1399.8,1396.1,1396.1,154.0
2026-06-04 14:35:00+05:30,1396.1,1398.0,1396.1,1396.2,157.0
2026-06-04 14:40:00+05:30,1395.0,1395.0,1384.0,1385.0,4945.0
2026-06-04 14:45:00+05:30,1385.0,1389.0,1382.4,1384.4,1464.0
2026-06-04 14:50:00+05:30,1384.8,1384.8,1382.1,1382.1,491.0
2026-06-04 14:55:00+05:30,1382.1,1385.0,1382.1,1385.0,642.0
2026-06-04 15:00:00+05:30,1385.0,1385.0,1382.1,1383.0,483.0
2026-06-04 15:05:00+05:30,1385.9,1389.5,1383.5,1389.5,2007.0
2026-06-04 15:10:00+05:30,1389.5,1389.5,1382.0,1382.0,2028.0
2026-06-04 15:15:00+05:30,1380.2,1385.8,1379.9,1382.9,564.0
2026-06-04 15:20:00+05:30,1385.1,1386.9,1383.0,1384.9,482.0
2026-06-04 15:25:00+05:30,1384.9,1387.4,1380.5,1381.0,2396.0
2026-06-05 09:15:00+05:30,1389.0,1401.9,1387.1,1396.5,1645.0
2026-06-05 09:20:00+05:30,1396.5,1398.0,1387.1,1387.1,540.0
2026-06-05 09:25:00+05:30,1388.1,1392.7,1385.5,1386.6,1721.0
2026-06-05 09:30:00+05:30,1386.4,1392.4,1385.1,1391.2,619.0
2026-06-05 09:35:00+05:30,1389.7,1389.7,1387.1,1387.1,93.0
2026-06-05 09:40:00+05:30,1386.0,1387.0,1385.1,1385.2,80.0
2026-06-05 09:45:00+05:30,1385.3,1385.3,1376.0,1376.0,2188.0
2026-06-05 09:50:00+05:30,1375.0,1380.0,1375.0,1377.4,673.0
2026-06-05 09:55:00+05:30,1377.5,1387.9,1375.0,1383.0,1996.0
2026-06-05 10:00:00+05:30,1383.0,1386.7,1383.0,1386.7,693.0
2026-06-05 10:05:00+05:30,1386.7,1387.5,1385.1,1386.5,33.0
2026-06-05 10:10:00+05:30,1386.5,1388.4,1386.2,1388.4,65.0
2026-06-05 10:15:00+05:30,1388.4,1390.5,1388.4,1390.5,850.0
2026-06-05 10:20:00+05:30,1390.5,1390.5,1386.7,1386.7,115.0
2026-06-05 10:25:00+05:30,1386.7,1386.7,1381.1,1385.3,191.0
2026-06-05 10:30:00+05:30,1382.2,1385.5,1382.2,1383.7,374.0
2026-06-05 10:35:00+05:30,1382.2,1382.2,1376.8,1381.0,262.0
2026-06-05 10:40:00+05:30,1381.0,1381.0,1375.1,1375.6,218.0
2026-06-05 10:45:00+05:30,1377.9,1379.4,1368.9,1370.0,1761.0
2026-06-05 10:50:00+05:30,1373.7,1374.4,1372.0,1374.4,1079.0
2026-06-05 10:55:00+05:30,1372.0,1372.0,1369.6,1369.6,664.0
2026-06-05 11:00:00+05:30,1369.6,1373.2,1369.4,1372.9,844.0
2026-06-05 11:05:00+05:30,1373.6,1374.2,1373.6,1374.0,91.0
2026-06-05 11:10:00+05:30,1374.0,1374.0,1370.0,1370.0,579.0
2026-06-05 11:15:00+05:30,1372.6,1372.6,1370.0,1371.7,32.0
2026-06-05 11:20:00+05:30,1370.0,1370.0,1365.1,1368.6,1235.0
2026-06-05 11:25:00+05:30,1368.3,1369.0,1368.3,1369.0,63.0
2026-06-05 11:30:00+05:30,1369.5,1369.5,1362.2,1365.0,825.0
2026-06-05 11:35:00+05:30,1364.5,1370.0,1361.0,1361.1,1163.0
2026-06-05 11:40:00+05:30,1361.4,1369.4,1359.9,1369.4,1061.0
2026-06-05 11:45:00+05:30,1369.4,1369.4,1348.7,1352.8,7650.0
2026-06-05 11:50:00+05:30,1352.5,1353.7,1351.0,1353.7,96.0
2026-06-05 11:55:00+05:30,1354.3,1356.0,1354.2,1354.2,1500.0
2026-06-05 12:00:00+05:30,1353.5,1355.4,1353.3,1353.3,68.0
2026-06-05 12:05:00+05:30,1354.0,1355.5,1352.3,1352.3,474.0
2026-06-05 12:10:00+05:30,1352.4,1353.7,1351.0,1352.0,208.0
2026-06-05 12:15:00+05:30,1352.0,1359.9,1351.9,1357.8,1868.0
2026-06-05 12:20:00+05:30,1358.7,1359.4,1356.5,1359.1,684.0
2026-06-05 12:25:00+05:30,1359.1,1359.8,1357.1,1358.1,182.0
2026-06-05 12:30:00+05:30,1358.0,1360.7,1357.0,1357.1,126.0
2026-06-05 12:35:00+05:30,1357.1,1357.9,1357.0,1357.9,21.0
2026-06-05 12:40:00+05:30,1357.9,1357.9,1350.0,1350.0,1091.0
2026-06-05 12:45:00+05:30,1351.7,1353.4,1350.3,1352.4,94.0
2026-06-05 12:50:00+05:30,1352.4,1353.5,1352.1,1353.5,86.0
2026-06-05 12:55:00+05:30,1352.1,1352.1,1351.4,1351.4,15.0
2026-06-05 13:00:00+05:30,1351.4,1352.1,1350.0,1350.6,372.0
2026-06-05 13:05:00+05:30,1350.6,1352.0,1348.5,1349.0,1252.0
2026-06-05 13:10:00+05:30,1349.5,1350.9,1345.1,1345.1,324.0
2026-06-05 13:15:00+05:30,1345.2,1350.7,1344.3,1350.2,563.0
2026-06-05 13:20:00+05:30,1350.2,1351.2,1349.0,1349.0,386.0
2026-06-05 13:25:00+05:30,1349.0,1349.0,1348.5,1348.8,19.0
2026-06-05 13:30:00+05:30,1346.0,1346.0,1330.0,1333.3,2260.0
2026-06-05 13:35:00+05:30,1336.5,1340.0,1331.2,1338.4,1706.0
2026-06-05 13:40:00+05:30,1336.7,1339.9,1326.6,1334.3,2220.0
2026-06-05 13:45:00+05:30,1334.3,1335.8,1331.6,1335.8,85.0
2026-06-05 13:50:00+05:30,1335.7,1335.7,1335.3,1335.3,127.0
2026-06-05 13:55:00+05:30,1335.3,1336.8,1333.0,1336.8,118.0
2026-06-05 14:00:00+05:30,1336.8,1338.8,1334.9,1334.9,153.0
2026-06-05 14:05:00+05:30,1337.0,1340.0,1337.0,1339.8,228.0
2026-06-05 14:10:00+05:30,1340.4,1342.3,1340.0,1342.3,252.0
2026-06-05 14:15:00+05:30,1341.0,1342.0,1337.0,1337.0,797.0
2026-06-05 14:20:00+05:30,1337.0,1338.6,1335.2,1337.9,67.0
2026-06-05 14:25:00+05:30,1337.9,1342.0,1337.9,1342.0,32.0
2026-06-05 14:30:00+05:30,1342.0,1350.0,1342.0,1345.0,1146.0
2026-06-05 14:35:00+05:30,1341.3,1344.6,1341.3,1344.6,59.0
2026-06-05 14:40:00+05:30,1342.1,1347.5,1340.0,1346.4,228.0
2026-06-05 14:45:00+05:30,1347.7,1349.2,1346.0,1346.9,153.0
2026-06-05 14:50:00+05:30,1346.9,1346.9,1343.8,1344.0,68.0
2026-06-05 14:55:00+05:30,1344.0,1345.0,1342.2,1343.5,121.0
2026-06-05 15:00:00+05:30,1343.7,1344.0,1334.1,1339.0,1813.0
2026-06-05 15:05:00+05:30,1339.0,1347.0,1339.0,1341.3,1295.0
2026-06-05 15:10:00+05:30,1342.0,1342.3,1338.5,1340.1,306.0
2026-06-05 15:15:00+05:30,1338.8,1347.8,1338.1,1343.1,1888.0
2026-06-05 15:20:00+05:30,1343.8,1347.0,1342.3,1347.0,1717.0
2026-06-05 15:25:00+05:30,1347.9,1350.0,1345.0,1349.0,1253.0
2026-06-08 09:15:00+05:30,1341.8,1341.8,1322.1,1335.6,1653.0
2026-06-08 09:20:00+05:30,1335.1,1336.8,1332.0,1332.0,336.0
2026-06-08 09:25:00+05:30,1333.3,1333.3,1325.8,1326.8,424.0
2026-06-08 09:30:00+05:30,1329.5,1332.8,1325.5,1332.4,295.0
2026-06-08 09:35:00+05:30,1332.4,1332.4,1326.8,1330.9,248.0
2026-06-08 09:40:00+05:30,1330.4,1332.9,1329.0,1330.2,218.0
2026-06-08 09:45:00+05:30,1334.3,1339.0,1333.6,1333.6,372.0
2026-06-08 09:50:00+05:30,1335.2,1339.5,1333.0,1338.5,219.0
2026-06-08 09:55:00+05:30,1338.5,1360.0,1338.5,1356.5,2671.0
2026-06-08 10:00:00+05:30,1357.0,1362.2,1354.9,1357.2,3911.0
2026-06-08 10:05:00+05:30,1359.5,1363.5,1353.7,1362.0,615.0
2026-06-08 10:10:00+05:30,1363.8,1366.0,1361.0,1361.0,418.0
2026-06-08 10:15:00+05:30,1359.2,1359.2,1359.2,1359.2,182.0
2026-06-08 10:20:00+05:30,1358.6,1360.6,1355.4,1355.4,206.0
2026-06-08 10:25:00+05:30,1356.0,1356.0,1350.2,1356.0,76.0
2026-06-08 10:30:00+05:30,1357.9,1357.9,1352.1,1352.1,186.0
2026-06-08 10:35:00+05:30,1353.3,1354.0,1351.4,1354.0,36.0
2026-06-08 10:40:00+05:30,1356.6,1360.0,1356.6,1358.6,714.0
2026-06-08 10:45:00+05:30,1358.2,1359.7,1355.2,1357.0,261.0
2026-06-08 10:50:00+05:30,1357.3,1357.3,1357.0,1357.0,101.0
2026-06-08 10:55:00+05:30,1357.0,1359.5,1357.0,1359.5,28.0
2026-06-08 11:00:00+05:30,1359.5,1359.5,1356.5,1356.6,97.0
2026-06-08 11:05:00+05:30,1359.0,1359.0,1355.4,1355.4,42.0
2026-06-08 11:10:00+05:30,1355.8,1355.9,1353.5,1353.5,30.0
2026-06-08 11:15:00+05:30,1353.5,1355.0,1353.5,1353.5,141.0
2026-06-08 11:20:00+05:30,1353.5,1353.5,1334.7,1335.1,3474.0
2026-06-08 11:25:00+05:30,1335.1,1338.7,1335.1,1338.7,121.0
2026-06-08 11:30:00+05:30,1336.0,1336.1,1333.1,1333.3,123.0
2026-06-08 11:35:00+05:30,1333.3,1337.0,1332.1,1332.1,118.0
2026-06-08 11:40:00+05:30,1334.5,1334.5,1334.3,1334.3,26.0
2026-06-08 11:45:00+05:30,1334.3,1334.3,1333.0,1333.0,91.0
2026-06-08 11:50:00+05:30,1333.0,1333.5,1332.0,1332.0,119.0
2026-06-08 11:55:00+05:30,1332.0,1332.0,1330.0,1330.0,87.0
2026-06-08 12:00:00+05:30,1330.0,1332.0,1330.0,1332.0,12.0
2026-06-08 12:05:00+05:30,1332.0,1334.7,1332.0,1333.6,172.0
2026-06-08 12:10:00+05:30,1326.0,1330.5,1325.0,1328.7,739.0
2026-06-08 12:15:00+05:30,1328.7,1331.0,1327.1,1329.9,246.0
2026-06-08 12:20:00+05:30,1329.9,1333.1,1329.9,1331.2,32.0
2026-06-08 12:25:00+05:30,1331.2,1331.2,1330.7,1330.7,58.0
2026-06-08 12:30:00+05:30,1330.0,1332.7,1330.0,1332.3,67.0
2026-06-08 12:35:00+05:30,1332.2,1332.3,1332.0,1332.0,78.0
2026-06-08 12:40:00+05:30,1332.3,1335.7,1332.3,1335.7,272.0
2026-06-08 12:45:00+05:30,1333.4,1334.4,1331.8,1331.8,14.0
2026-06-08 12:50:00+05:30,1331.8,1334.4,1331.1,1331.1,27.0
2026-06-08 12:55:00+05:30,1331.1,1331.1,1331.1,1331.1,0.0
2026-06-08 13:00:00+05:30,1331.1,1333.0,1331.1,1331.1,12.0
2026-06-08 13:05:00+05:30,1331.1,1332.6,1330.7,1332.4,54.0
2026-06-08 13:10:00+05:30,1332.4,1332.9,1332.4,1332.9,50.0
2026-06-08 13:15:00+05:30,1330.2,1332.8,1330.2,1330.5,21.0
2026-06-08 13:20:00+05:30,1330.5,1333.0,1330.5,1333.0,75.0
2026-06-08 13:25:00+05:30,1333.0,1333.0,1329.9,1329.9,637.0
2026-06-08 13:30:00+05:30,1329.9,1329.9,1329.0,1329.0,14.0
2026-06-08 13:35:00+05:30,1329.0,1329.0,1329.0,1329.0,0.0
2026-06-08 13:40:00+05:30,1329.0,1329.0,1327.1,1327.1,161.0
2026-06-08 13:45:00+05:30,1324.0,1324.0,1321.0,1321.3,2033.0
2026-06-08 13:50:00+05:30,1323.9,1324.4,1321.3,1323.5,263.0
2026-06-08 13:55:00+05:30,1323.5,1323.5,1323.5,1323.5,30.0
2026-06-08 14:00:00+05:30,1323.5,1324.0,1323.5,1324.0,50.0
2026-06-08 14:05:00+05:30,1324.0,1328.9,1321.3,1328.9,594.0
2026-06-08 14:10:00+05:30,1328.9,1328.9,1327.2,1328.0,10.0
2026-06-08 14:15:00+05:30,1328.0,1328.0,1324.5,1324.5,40.0
2026-06-08 14:20:00+05:30,1324.5,1324.5,1324.5,1324.5,0.0
2026-06-08 14:25:00+05:30,1324.1,1326.1,1324.1,1326.1,124.0
2026-06-08 14:30:00+05:30,1324.0,1324.1,1324.0,1324.0,372.0
2026-06-08 14:35:00+05:30,1324.0,1324.6,1322.0,1322.0,1524.0
2026-06-08 14:40:00+05:30,1323.3,1324.9,1321.0,1324.9,561.0
2026-06-08 14:45:00+05:30,1324.9,1325.9,1317.7,1317.8,4007.0
2026-06-08 14:50:00+05:30,1317.8,1317.8,1311.5,1314.2,419.0
2026-06-08 14:55:00+05:30,1313.0,1313.6,1311.0,1313.0,144.0
2026-06-08 15:00:00+05:30,1313.3,1314.9,1310.0,1310.5,500.0
2026-06-08 15:05:00+05:30,1312.6,1314.9,1310.1,1314.9,565.0
2026-06-08 15:10:00+05:30,1314.9,1314.9,1311.0,1311.0,1787.0
2026-06-08 15:15:00+05:30,1310.0,1314.6,1307.5,1312.0,1215.0
2026-06-08 15:20:00+05:30,1308.1,1308.1,1307.5,1307.6,473.0
2026-06-08 15:25:00+05:30,1307.6,1314.9,1307.0,1314.1,1757.0
2026-06-09 09:15:00+05:30,1322.0,1323.9,1303.5,1305.0,1632.0
2026-06-09 09:20:00+05:30,1309.1,1309.6,1302.0,1307.0,631.0
2026-06-09 09:25:00+05:30,1307.0,1308.0,1303.0,1303.1,573.0
2026-06-09 09:30:00+05:30,1303.0,1310.0,1303.0,1310.0,377.0
2026-06-09 09:35:00+05:30,1310.0,1310.0,1308.1,1310.0,497.0
2026-06-09 09:40:00+05:30,1308.0,1309.9,1306.0,1306.6,276.0
2026-06-09 09:45:00+05:30,1303.3,1305.4,1303.3,1304.8,124.0
2026-06-09 09:50:00+05:30,1304.8,1305.8,1303.2,1305.5,186.0
2026-06-09 09:55:00+05:30,1307.1,1309.0,1304.8,1306.1,1254.0
2026-06-09 10:00:00+05:30,1306.1,1307.9,1305.1,1306.5,71.0
2026-06-09 10:05:00+05:30,1306.5,1306.5,1303.0,1303.0,465.0
2026-06-09 10:10:00+05:30,1303.0,1306.0,1302.2,1303.3,411.0
2026-06-09 10:15:00+05:30,1306.1,1306.3,1303.5,1306.3,40.0
2026-06-09 10:20:00+05:30,1306.5,1306.5,1302.6,1303.8,90.0
2026-06-09 10:25:00+05:30,1303.8,1306.9,1298.0,1305.4,4512.0
2026-06-09 10:30:00+05:30,1305.4,1305.4,1303.3,1303.9,44.0
2026-06-09 10:35:00+05:30,1303.4,1303.6,1301.7,1301.7,105.0
2026-06-09 10:40:00+05:30,1301.7,1304.0,1300.2,1303.8,808.0
2026-06-09 10:45:00+05:30,1304.0,1305.1,1302.1,1305.1,2093.0
2026-06-09 10:50:00+05:30,1305.1,1306.7,1304.0,1306.7,37.0
2026-06-09 10:55:00+05:30,1304.0,1304.0,1302.2,1302.2,556.0
2026-06-09 11:00:00+05:30,1302.2,1302.2,1302.0,1302.0,448.0
2026-06-09 11:05:00+05:30,1302.0,1302.0,1300.0,1300.0,447.0
2026-06-09 11:10:00+05:30,1301.0,1302.5,1298.2,1300.5,938.0
2026-06-09 11:15:00+05:30,1302.3,1302.3,1299.0,1299.0,432.0
2026-06-09 11:20:00+05:30,1299.9,1300.0,1293.0,1293.0,923.0
2026-06-09 11:25:00+05:30,1293.0,1295.8,1292.0,1292.1,542.0
2026-06-09 11:30:00+05:30,1292.1,1294.5,1292.1,1294.0,46.0
2026-06-09 11:35:00+05:30,1294.4,1298.9,1294.4,1296.5,131.0
2026-06-09 11:40:00+05:30,1298.7,1300.4,1296.1,1297.0,212.0
2026-06-09 11:45:00+05:30,1297.0,1300.1,1297.0,1300.1,148.0
2026-06-09 11:50:00+05:30,1297.9,1297.9,1297.0,1297.0,422.0
2026-06-09 11:55:00+05:30,1299.0,1299.9,1299.0,1299.0,539.0
2026-06-09 12:00:00+05:30,1299.0,1299.0,1297.1,1297.1,62.0
2026-06-09 12:05:00+05:30,1299.1,1299.1,1299.0,1299.0,92.0
2026-06-09 12:10:00+05:30,1299.0,1302.9,1299.0,1302.9,428.0
2026-06-09 12:15:00+05:30,1299.5,1302.9,1299.5,1302.9,299.0
2026-06-09 12:20:00+05:30,1302.9,1302.9,1300.6,1300.6,119.0
2026-06-09 12:25:00+05:30,1300.6,1303.8,1300.6,1301.6,707.0
2026-06-09 12:30:00+05:30,1301.6,1302.4,1299.8,1300.4,546.0
2026-06-09 12:35:00+05:30,1300.0,1300.0,1300.0,1300.0,44.0
2026-06-09 12:40:00+05:30,1301.0,1301.0,1299.0,1300.0,147.0
2026-06-09 12:45:00+05:30,1300.8,1300.8,1299.0,1300.7,39.0
2026-06-09 12:50:00+05:30,1300.0,1300.0,1291.1,1295.6,1782.0
2026-06-09 12:55:00+05:30,1295.6,1295.6,1295.6,1295.6,0.0
2026-06-09 13:00:00+05:30,1295.6,1298.6,1295.6,1298.6,8.0
2026-06-09 13:05:00+05:30,1298.6,1300.0,1298.6,1300.0,873.0
2026-06-09 13:10:00+05:30,1300.0,1300.0,1297.6,1297.6,1.0
2026-06-09 13:15:00+05:30,1297.6,1299.3,1295.1,1298.0,143.0
2026-06-09 13:20:00+05:30,1298.0,1298.0,1298.0,1298.0,0.0
2026-06-09 13:25:00+05:30,1298.0,1301.0,1298.0,1301.0,18.0
2026-06-09 13:30:00+05:30,1301.0,1301.4,1301.0,1301.4,134.0
2026-06-09 13:35:00+05:30,1301.4,1301.4,1300.0,1300.0,5.0
2026-06-09 13:40:00+05:30,1300.0,1300.0,1295.2,1298.6,554.0
2026-06-09 13:45:00+05:30,1298.6,1299.9,1297.0,1297.9,106.0
2026-06-09 13:50:00+05:30,1297.9,1299.8,1297.9,1299.8,1.0
2026-06-09 13:55:00+05:30,1299.8,1299.8,1298.1,1298.1,1.0
2026-06-09 14:00:00+05:30,1298.1,1300.0,1298.1,1300.0,202.0
2026-06-09 14:05:00+05:30,1300.0,1300.5,1299.0,1299.0,209.0
2026-06-09 14:10:00+05:30,1301.4,1301.4,1301.4,1301.4,625.0
2026-06-09 14:15:00+05:30,1299.3,1301.4,1299.3,1301.4,537.0
2026-06-09 14:20:00+05:30,1300.0,1301.4,1300.0,1300.0,26.0
2026-06-09 14:25:00+05:30,1300.0,1300.0,1299.0,1299.0,91.0
2026-06-09 14:30:00+05:30,1299.0,1300.0,1299.0,1300.0,410.0
2026-06-09 14:35:00+05:30,1300.9,1300.9,1297.5,1299.9,989.0
2026-06-09 14:40:00+05:30,1297.6,1300.0,1297.6,1300.0,60.0
2026-06-09 14:45:00+05:30,1300.9,1304.5,1298.9,1303.7,1166.0
2026-06-09 14:50:00+05:30,1304.2,1304.2,1301.3,1303.6,53.0
2026-06-09 14:55:00+05:30,1303.9,1303.9,1302.1,1303.9,1304.0
2026-06-09 15:00:00+05:30,1303.9,1312.9,1303.9,1312.0,5710.0
2026-06-09 15:05:00+05:30,1312.1,1317.0,1311.2,1314.0,4569.0
2026-06-09 15:10:00+05:30,1314.0,1329.0,1314.0,1324.4,6194.0
2026-06-09 15:15:00+05:30,1322.1,1322.1,1315.0,1316.8,4457.0
2026-06-09 15:20:00+05:30,1316.4,1319.8,1316.4,1319.8,476.0
2026-06-09 15:25:00+05:30,1319.8,1332.0,1317.1,1332.0,6880.0
2026-06-10 09:15:00+05:30,1316.0,1341.8,1316.0,1333.3,646.0
2026-06-10 09:20:00+05:30,1332.0,1332.0,1320.0,1322.0,1928.0
2026-06-10 09:25:00+05:30,1322.0,1329.9,1321.7,1328.9,847.0
2026-06-10 09:30:00+05:30,1329.9,1331.3,1328.2,1328.2,192.0
2026-06-10 09:35:00+05:30,1326.9,1328.9,1321.7,1321.7,694.0
2026-06-10 09:40:00+05:30,1318.0,1320.5,1317.7,1318.0,660.0
2026-06-10 09:45:00+05:30,1317.0,1320.7,1315.0,1319.9,175.0
2026-06-10 09:50:00+05:30,1319.9,1319.9,1317.8,1319.9,15.0
2026-06-10 09:55:00+05:30,1320.0,1321.1,1318.8,1321.1,266.0
2026-06-10 10:00:00+05:30,1321.1,1323.0,1319.9,1319.9,669.0
2026-06-10 10:05:00+05:30,1321.8,1321.8,1318.6,1318.6,131.0
2026-06-10 10:10:00+05:30,1317.6,1318.0,1308.2,1308.2,1278.0
2026-06-10 10:15:00+05:30,1309.5,1310.0,1305.3,1310.0,375.0
2026-06-10 10:20:00+05:30,1310.0,1310.0,1306.0,1307.6,50.0
2026-06-10 10:25:00+05:30,1307.6,1307.7,1305.5,1307.4,306.0
2026-06-10 10:30:00+05:30,1310.0,1310.0,1309.2,1309.2,54.0
2026-06-10 10:35:00+05:30,1309.2,1309.2,1307.2,1307.2,15.0
2026-06-10 10:40:00+05:30,1307.2,1309.5,1307.1,1307.1,25.0
2026-06-10 10:45:00+05:30,1309.9,1310.0,1307.3,1309.7,201.0
2026-06-10 10:50:00+05:30,1309.7,1309.7,1298.5,1298.5,826.0
2026-06-10 10:55:00+05:30,1298.5,1303.2,1298.1,1303.2,224.0
2026-06-10 11:00:00+05:30,1303.1,1305.0,1300.3,1305.0,489.0
2026-06-10 11:05:00+05:30,1305.0,1305.0,1303.0,1303.0,280.0
2026-06-10 11:10:00+05:30,1305.1,1309.4,1305.1,1309.4,561.0
2026-06-10 11:15:00+05:30,1309.4,1309.4,1306.0,1306.0,198.0
2026-06-10 11:20:00+05:30,1306.0,1306.0,1299.9,1300.9,2193.0
2026-06-10 11:25:00+05:30,1302.0,1302.0,1302.0,1302.0,126.0
2026-06-10 11:30:00+05:30,1302.0,1305.0,1301.9,1301.9,462.0
2026-06-10 11:35:00+05:30,1303.9,1303.9,1301.1,1301.1,24.0
2026-06-10 11:40:00+05:30,1303.0,1303.0,1301.1,1301.1,48.0
2026-06-10 11:45:00+05:30,1303.0,1303.0,1300.6,1300.6,82.0
2026-06-10 11:50:00+05:30,1300.6,1302.8,1300.6,1302.6,118.0
2026-06-10 11:55:00+05:30,1302.6,1304.0,1300.1,1303.6,152.0
2026-06-10 12:00:00+05:30,1303.6,1303.6,1299.5,1299.5,473.0
2026-06-10 12:05:00+05:30,1299.5,1299.5,1299.5,1299.5,5.0
2026-06-10 12:10:00+05:30,1301.2,1301.2,1300.0,1300.1,67.0
2026-06-10 12:15:00+05:30,1300.1,1302.5,1300.1,1302.5,263.0
2026-06-10 12:20:00+05:30,1300.2,1300.2,1299.0,1299.0,151.0
2026-06-10 12:25:00+05:30,1297.0,1299.5,1292.4,1299.5,994.0
2026-06-10 12:30:00+05:30,1298.9,1298.9,1294.5,1294.5,205.0
2026-06-10 12:35:00+05:30,1294.5,1296.9,1294.5,1296.9,137.0
2026-06-10 12:40:00+05:30,1295.0,1295.0,1291.6,1291.6,482.0
2026-06-10 12:45:00+05:30,1291.6,1294.0,1291.1,1293.3,409.0
2026-06-10 12:50:00+05:30,1291.7,1293.9,1291.7,1293.0,181.0
2026-06-10 12:55:00+05:30,1296.8,1296.8,1294.2,1295.8,60.0
2026-06-10 13:00:00+05:30,1295.8,1297.8,1293.0,1293.0,225.0
2026-06-10 13:05:00+05:30,1293.0,1296.0,1293.0,1296.0,125.0
2026-06-10 13:10:00+05:30,1294.0,1296.0,1292.1,1292.1,733.0
2026-06-10 13:15:00+05:30,1294.2,1294.7,1294.2,1294.7,23.0
2026-06-10 13:20:00+05:30,1294.7,1295.9,1294.0,1295.9,218.0
2026-06-10 13:25:00+05:30,1295.8,1295.8,1293.4,1295.4,55.0
2026-06-10 13:30:00+05:30,1293.6,1293.6,1291.0,1291.3,423.0
2026-06-10 13:35:00+05:30,1293.9,1295.8,1293.9,1295.0,257.0
2026-06-10 13:40:00+05:30,1295.0,1295.0,1292.5,1294.0,134.0
2026-06-10 13:45:00+05:30,1290.0,1293.9,1290.0,1293.6,525.0
2026-06-10 13:50:00+05:30,1293.6,1293.6,1293.5,1293.5,1.0
2026-06-10 13:55:00+05:30,1293.5,1293.5,1293.5,1293.5,0.0
2026-06-10 14:00:00+05:30,1293.5,1293.5,1289.1,1289.1,444.0
2026-06-10 14:05:00+05:30,1291.6,1291.6,1290.3,1290.3,30.0
2026-06-10 14:10:00+05:30,1290.3,1290.3,1286.0,1287.0,606.0
2026-06-10 14:15:00+05:30,1286.3,1289.5,1286.3,1289.5,50.0
2026-06-10 14:20:00+05:30,1289.0,1289.9,1287.2,1287.2,105.0
2026-06-10 14:25:00+05:30,1287.2,1289.0,1287.2,1287.8,21.0
2026-06-10 14:30:00+05:30,1289.0,1289.0,1287.5,1288.9,21.0
2026-06-10 14:35:00+05:30,1288.9,1288.9,1285.3,1286.4,330.0
2026-06-10 14:40:00+05:30,1284.8,1285.9,1282.1,1284.3,458.0
2026-06-10 14:45:00+05:30,1282.0,1284.8,1280.4,1280.4,979.0
2026-06-10 14:50:00+05:30,1280.3,1283.3,1280.3,1280.4,67.0
2026-06-10 14:55:00+05:30,1281.8,1282.5,1280.4,1281.0,115.0
2026-06-10 15:00:00+05:30,1281.0,1284.4,1281.0,1282.4,721.0
2026-06-10 15:05:00+05:30,1284.0,1289.8,1283.8,1287.5,463.0
2026-06-10 15:10:00+05:30,1289.8,1291.7,1284.7,1284.8,469.0
2026-06-10 15:15:00+05:30,1286.0,1288.3,1285.0,1287.1,754.0
2026-06-10 15:20:00+05:30,1286.1,1287.1,1286.1,1286.1,878.0
2026-06-10 15:25:00+05:30,1286.0,1290.0,1283.4,1290.0,1521.0
2026-06-11 09:15:00+05:30,1289.7,1302.0,1257.7,1270.2,1971.0
2026-06-11 09:20:00+05:30,1270.2,1275.0,1270.0,1273.9,309.0
2026-06-11 09:25:00+05:30,1274.9,1275.0,1268.4,1272.7,1413.0
2026-06-11 09:30:00+05:30,1272.7,1277.6,1270.0,1273.1,380.0
2026-06-11 09:35:00+05:30,1273.1,1273.9,1268.7,1272.3,1005.0
2026-06-11 09:40:00+05:30,1272.3,1272.3,1271.0,1271.0,19.0
2026-06-11 09:45:00+05:30,1271.6,1271.6,1267.5,1268.1,506.0
2026-06-11 09:50:00+05:30,1267.9,1270.0,1267.9,1270.0,138.0
2026-06-11 09:55:00+05:30,1270.0,1270.3,1266.5,1266.5,152.0
2026-06-11 10:00:00+05:30,1266.5,1270.5,1266.5,1268.1,53.0
2026-06-11 10:05:00+05:30,1266.5,1269.3,1265.0,1269.3,153.0
2026-06-11 10:10:00+05:30,1269.3,1270.9,1267.7,1270.3,150.0
2026-06-11 10:15:00+05:30,1270.3,1270.4,1267.6,1270.0,171.0
2026-06-11 10:20:00+05:30,1270.0,1271.4,1268.6,1271.4,71.0
2026-06-11 10:25:00+05:30,1271.3,1274.0,1269.4,1274.0,203.0
2026-06-11 10:30:00+05:30,1274.0,1275.0,1271.4,1272.5,261.0
2026-06-11 10:35:00+05:30,1272.5,1273.0,1271.4,1271.4,18.0
2026-06-11 10:40:00+05:30,1270.1,1270.1,1270.1,1270.1,2.0
2026-06-11 10:45:00+05:30,1268.6,1268.6,1265.6,1265.6,151.0
2026-06-11 10:50:00+05:30,1264.5,1266.2,1262.0,1262.4,118.0
2026-06-11 10:55:00+05:30,1265.9,1266.0,1264.1,1266.0,134.0
2026-06-11 11:00:00+05:30,1266.0,1266.0,1262.0,1262.0,68.0
2026-06-11 11:05:00+05:30,1262.0,1263.9,1262.0,1262.1,30.0
2026-06-11 11:10:00+05:30,1262.3,1264.9,1262.3,1264.9,32.0
2026-06-11 11:15:00+05:30,1264.3,1270.8,1264.3,1270.8,752.0
2026-06-11 11:20:00+05:30,1270.8,1270.8,1266.9,1269.4,23.0
2026-06-11 11:25:00+05:30,1269.4,1271.0,1267.1,1271.0,135.0
2026-06-11 11:30:00+05:30,1271.0,1271.0,1267.8,1267.8,88.0
2026-06-11 11:35:00+05:30,1267.8,1267.8,1267.2,1267.2,5.0
2026-06-11 11:40:00+05:30,1267.7,1271.5,1267.7,1270.0,131.0
2026-06-11 11:45:00+05:30,1270.0,1271.1,1270.0,1271.1,200.0
2026-06-11 11:50:00+05:30,1271.1,1274.8,1271.1,1274.8,104.0
2026-06-11 11:55:00+05:30,1273.5,1275.0,1272.5,1272.7,29.0
2026-06-11 12:00:00+05:30,1272.5,1272.5,1272.5,1272.5,17.0
2026-06-11 12:05:00+05:30,1272.5,1278.3,1271.8,1277.8,155.0
2026-06-11 12:10:00+05:30,1277.8,1277.8,1270.5,1271.2,70.0
2026-06-11 12:15:00+05:30,1271.0,1277.8,1271.0,1275.1,332.0
2026-06-11 12:20:00+05:30,1274.6,1274.9,1271.0,1271.0,40.0
2026-06-11 12:25:00+05:30,1271.0,1271.0,1271.0,1271.0,0.0
2026-06-11 12:30:00+05:30,1271.0,1274.4,1271.0,1272.3,124.0
2026-06-11 12:35:00+05:30,1272.3,1273.8,1271.1,1271.9,30.0
2026-06-11 12:40:00+05:30,1271.9,1271.9,1268.8,1268.8,77.0
2026-06-11 12:45:00+05:30,1270.9,1271.3,1268.9,1269.2,74.0
2026-06-11 12:50:00+05:30,1269.2,1270.6,1265.0,1265.0,128.0
2026-06-11 12:55:00+05:30,1265.4,1267.0,1263.6,1264.3,340.0
2026-06-11 13:00:00+05:30,1264.3,1264.3,1264.3,1264.3,0.0
2026-06-11 13:05:00+05:30,1264.3,1268.1,1264.3,1265.6,40.0
2026-06-11 13:10:00+05:30,1265.8,1266.4,1262.4,1266.4,116.0
2026-06-11 13:15:00+05:30,1266.1,1266.1,1264.1,1264.1,34.0
2026-06-11 13:20:00+05:30,1264.1,1264.3,1264.1,1264.3,18.0
2026-06-11 13:25:00+05:30,1264.3,1264.3,1262.4,1262.4,68.0
2026-06-11 13:30:00+05:30,1261.5,1266.5,1261.1,1266.5,681.0
2026-06-11 13:35:00+05:30,1263.2,1267.8,1263.2,1267.8,120.0
2026-06-11 13:40:00+05:30,1263.2,1265.2,1261.5,1261.9,75.0
2026-06-11 13:45:00+05:30,1261.7,1261.7,1261.1,1261.1,26.0
2026-06-11 13:50:00+05:30,1261.1,1264.4,1261.0,1264.4,233.0
2026-06-11 13:55:00+05:30,1264.4,1264.4,1262.8,1262.8,27.0
2026-06-11 14:00:00+05:30,1262.8,1263.0,1262.8,1263.0,10.0
2026-06-11 14:05:00+05:30,1263.0,1263.3,1263.0,1263.3,2.0
2026-06-11 14:10:00+05:30,1263.3,1264.8,1260.7,1261.9,843.0
2026-06-11 14:15:00+05:30,1261.9,1261.9,1261.9,1261.9,28.0
2026-06-11 14:20:00+05:30,1261.4,1265.5,1261.2,1261.2,180.0
2026-06-11 14:25:00+05:30,1264.7,1265.5,1262.4,1265.4,303.0
2026-06-11 14:30:00+05:30,1267.9,1267.9,1261.2,1264.4,639.0
2026-06-11 14:35:00+05:30,1266.9,1266.9,1262.6,1264.8,172.0
2026-06-11 14:40:00+05:30,1264.8,1264.8,1261.6,1261.6,8.0
2026-06-11 14:45:00+05:30,1260.4,1260.4,1258.5,1258.5,738.0
2026-06-11 14:50:00+05:30,1258.4,1260.0,1256.0,1256.0,295.0
2026-06-11 14:55:00+05:30,1256.0,1257.8,1256.0,1256.0,144.0
2026-06-11 15:00:00+05:30,1256.0,1256.0,1252.0,1254.9,548.0
2026-06-11 15:05:00+05:30,1253.6,1257.9,1253.6,1256.0,622.0
2026-06-11 15:10:00+05:30,1256.1,1259.4,1256.0,1259.4,74.0
2026-06-11 15:15:00+05:30,1263.3,1266.0,1261.6,1263.4,902.0
2026-06-11 15:20:00+05:30,1265.2,1265.2,1253.1,1257.2,1278.0
2026-06-11 15:25:00+05:30,1258.0,1269.0,1257.2,1258.3,869.0
2026-06-12 09:15:00+05:30,1279.0,1292.6,1276.7,1286.4,871.0
2026-06-12 09:20:00+05:30,1284.1,1290.4,1284.1,1290.2,558.0
2026-06-12 09:25:00+05:30,1287.9,1287.9,1281.0,1281.0,516.0
2026-06-12 09:30:00+05:30,1281.0,1282.9,1276.5,1282.9,813.0
2026-06-12 09:35:00+05:30,1286.9,1289.8,1284.5,1287.8,307.0
2026-06-12 09:40:00+05:30,1287.3,1287.3,1282.1,1284.7,475.0
2026-06-12 09:45:00+05:30,1284.8,1284.8,1280.0,1280.0,289.0
2026-06-12 09:50:00+05:30,1277.2,1281.5,1277.2,1278.8,204.0
2026-06-12 09:55:00+05:30,1278.9,1283.8,1276.1,1283.8,259.0
2026-06-12 10:00:00+05:30,1283.8,1283.8,1276.0,1277.2,53.0
2026-06-12 10:05:00+05:30,1276.5,1287.3,1276.5,1283.8,1685.0
2026-06-12 10:10:00+05:30,1283.8,1286.1,1283.3,1286.1,52.0
2026-06-12 10:15:00+05:30,1286.1,1295.0,1286.1,1293.8,633.0
2026-06-12 10:20:00+05:30,1294.4,1297.1,1292.3,1294.7,342.0
2026-06-12 10:25:00+05:30,1296.6,1298.0,1296.6,1297.8,162.0
2026-06-12 10:30:00+05:30,1297.8,1298.0,1292.2,1292.8,215.0
2026-06-12 10:35:00+05:30,1292.3,1294.5,1292.2,1292.2,84.0
2026-06-12 10:40:00+05:30,1290.5,1290.5,1285.1,1285.7,742.0
2026-06-12 10:45:00+05:30,1285.2,1285.5,1275.1,1275.1,239.0
2026-06-12 10:50:00+05:30,1275.1,1276.1,1268.8,1270.0,3380.0
2026-06-12 10:55:00+05:30,1271.3,1273.7,1270.6,1273.7,212.0
2026-06-12 11:00:00+05:30,1273.7,1276.0,1273.6,1273.6,1209.0
2026-06-12 11:05:00+05:30,1273.0,1273.0,1270.6,1270.6,41.0
2026-06-12 11:10:00+05:30,1271.1,1275.0,1271.1,1275.0,333.0
2026-06-12 11:15:00+05:30,1275.0,1280.0,1274.6,1275.3,991.0
2026-06-12 11:20:00+05:30,1274.6,1276.9,1273.5,1273.5,125.0
2026-06-12 11:25:00+05:30,1274.4,1274.4,1273.7,1273.7,27.0
2026-06-12 11:30:00+05:30,1273.7,1274.0,1271.8,1271.8,22.0
2026-06-12 11:35:00+05:30,1273.5,1274.0,1271.5,1273.9,74.0
2026-06-12 11:40:00+05:30,1273.9,1273.9,1273.9,1273.9,0.0
2026-06-12 11:45:00+05:30,1273.9,1278.5,1273.0,1278.5,495.0
2026-06-12 11:50:00+05:30,1277.5,1282.1,1277.5,1281.5,1095.0
2026-06-12 11:55:00+05:30,1281.0,1281.0,1278.0,1280.2,152.0
2026-06-12 12:00:00+05:30,1277.3,1280.2,1277.3,1280.0,75.0
2026-06-12 12:05:00+05:30,1280.0,1280.0,1277.2,1279.0,63.0
2026-06-12 12:10:00+05:30,1279.0,1279.0,1275.2,1275.5,108.0
2026-06-12 12:15:00+05:30,1275.5,1276.0,1274.3,1274.3,226.0
2026-06-12 12:20:00+05:30,1272.1,1272.2,1272.1,1272.2,163.0
2026-06-12 12:25:00+05:30,1272.2,1272.5,1270.1,1270.1,928.0
2026-06-12 12:30:00+05:30,1271.9,1271.9,1269.3,1271.4,43.0
2026-06-12 12:35:00+05:30,1271.4,1272.5,1271.0,1272.5,503.0
2026-06-12 12:40:00+05:30,1272.5,1272.5,1269.1,1272.5,316.0
2026-06-12 12:45:00+05:30,1272.5,1272.5,1267.2,1268.0,180.0
2026-06-12 12:50:00+05:30,1266.6,1268.0,1266.1,1267.8,123.0
2026-06-12 12:55:00+05:30,1268.0,1268.0,1266.6,1268.0,268.0
2026-06-12 13:00:00+05:30,1268.0,1268.5,1268.0,1268.5,28.0
2026-06-12 13:05:00+05:30,1268.5,1268.5,1266.6,1266.6,29.0
2026-06-12 13:10:00+05:30,1266.6,1268.0,1266.6,1268.0,28.0
2026-06-12 13:15:00+05:30,1268.0,1268.8,1268.0,1268.7,16.0
2026-06-12 13:20:00+05:30,1268.7,1268.8,1266.7,1268.8,78.0
2026-06-12 13:25:00+05:30,1268.8,1269.9,1266.6,1269.9,160.0
2026-06-12 13:30:00+05:30,1269.9,1269.9,1267.6,1269.9,894.0
2026-06-12 13:35:00+05:30,1269.9,1271.0,1269.1,1269.6,456.0
2026-06-12 13:40:00+05:30,1270.9,1270.9,1270.0,1270.0,14.0
2026-06-12 13:45:00+05:30,1270.0,1273.5,1269.1,1273.5,1086.0
2026-06-12 13:50:00+05:30,1273.0,1273.0,1271.2,1271.2,14.0
2026-06-12 13:55:00+05:30,1271.2,1277.0,1271.2,1276.6,1329.0
2026-06-12 14:00:00+05:30,1277.0,1277.0,1274.2,1274.6,279.0
2026-06-12 14:05:00+05:30,1276.0,1277.0,1276.0,1277.0,232.0
2026-06-12 14:10:00+05:30,1277.0,1277.0,1274.9,1274.9,151.0
2026-06-12 14:15:00+05:30,1276.6,1279.5,1276.1,1276.2,1480.0
2026-06-12 14:20:00+05:30,1278.6,1278.9,1276.7,1278.0,821.0
2026-06-12 14:25:00+05:30,1278.0,1279.9,1276.5,1276.7,416.0
2026-06-12 14:30:00+05:30,1277.1,1278.7,1276.6,1277.2,181.0
2026-06-12 14:35:00+05:30,1277.2,1277.2,1273.1,1273.1,225.0
2026-06-12 14:40:00+05:30,1275.6,1275.6,1256.1,1259.6,9896.0
2026-06-12 14:45:00+05:30,1260.0,1266.8,1260.0,1266.8,281.0
2026-06-12 14:50:00+05:30,1267.6,1270.5,1264.6,1265.9,1427.0
2026-06-12 14:55:00+05:30,1265.9,1268.0,1263.9,1265.0,957.0
2026-06-12 15:00:00+05:30,1265.0,1267.1,1258.1,1265.0,9582.0
2026-06-12 15:05:00+05:30,1268.0,1269.0,1265.8,1267.5,293.0
2026-06-12 15:10:00+05:30,1267.2,1268.4,1263.9,1265.5,515.0
2026-06-12 15:15:00+05:30,1264.2,1266.0,1262.0,1263.7,1158.0
2026-06-12 15:20:00+05:30,1263.6,1269.9,1263.5,1269.9,1630.0
2026-06-12 15:25:00+05:30,1269.9,1274.4,1267.0,1271.2,21588.0
2026-06-15 09:15:00+05:30,1302.0,1315.6,1300.0,1304.4,2722.0
2026-06-15 09:20:00+05:30,1309.9,1312.0,1296.1,1299.8,1521.0
2026-06-15 09:25:00+05:30,1299.8,1318.5,1297.3,1315.3,2652.0
2026-06-15 09:30:00+05:30,1315.6,1330.8,1315.6,1318.0,5875.0
2026-06-15 09:35:00+05:30,1316.6,1319.7,1306.7,1313.5,2849.0
2026-06-15 09:40:00+05:30,1311.2,1313.7,1308.9,1313.7,689.0
2026-06-15 09:45:00+05:30,1313.7,1318.3,1312.0,1312.9,832.0
2026-06-15 09:50:00+05:30,1312.9,1312.9,1308.1,1309.0,971.0
2026-06-15 09:55:00+05:30,1309.2,1310.9,1308.2,1308.2,102.0
2026-06-15 10:00:00+05:30,1308.2,1313.0,1308.2,1311.2,1131.0
2026-06-15 10:05:00+05:30,1311.5,1316.8,1311.5,1316.7,204.0
2026-06-15 10:10:00+05:30,1316.9,1316.9,1311.2,1311.2,214.0
2026-06-15 10:15:00+05:30,1312.0,1314.1,1310.0,1314.1,228.0
2026-06-15 10:20:00+05:30,1314.1,1314.1,1312.1,1314.0,265.0
2026-06-15 10:25:00+05:30,1312.1,1314.0,1310.4,1311.4,412.0
2026-06-15 10:30:00+05:30,1313.1,1313.1,1313.0,1313.1,36.0
2026-06-15 10:35:00+05:30,1313.0,1313.9,1310.5,1312.1,1342.0
2026-06-15 10:40:00+05:30,1312.0,1313.9,1311.4,1313.9,81.0
2026-06-15 10:45:00+05:30,1313.9,1313.9,1310.1,1310.1,503.0
2026-06-15 10:50:00+05:30,1310.0,1310.0,1305.0,1307.5,1411.0
2026-06-15 10:55:00+05:30,1305.1,1307.6,1305.1,1306.9,106.0
2026-06-15 11:00:00+05:30,1306.9,1311.0,1306.9,1308.7,825.0
2026-06-15 11:05:00+05:30,1308.4,1308.4,1308.4,1308.4,1.0
2026-06-15 11:10:00+05:30,1308.5,1309.3,1308.5,1309.3,96.0
2026-06-15 11:15:00+05:30,1309.3,1309.3,1309.2,1309.2,9.0
2026-06-15 11:20:00+05:30,1308.0,1308.0,1306.2,1308.0,27.0
2026-06-15 11:25:00+05:30,1308.0,1308.0,1308.0,1308.0,22.0
2026-06-15 11:30:00+05:30,1307.9,1307.9,1300.0,1301.3,1355.0
2026-06-15 11:35:00+05:30,1301.5,1302.9,1299.0,1300.0,343.0
2026-06-15 11:40:00+05:30,1300.0,1300.8,1297.0,1297.0,235.0
2026-06-15 11:45:00+05:30,1295.0,1296.9,1294.9,1296.9,819.0
2026-06-15 11:50:00+05:30,1297.0,1297.0,1295.0,1295.0,388.0
2026-06-15 11:55:00+05:30,1293.4,1294.8,1292.6,1294.3,351.0
2026-06-15 12:00:00+05:30,1294.3,1294.3,1290.1,1290.1,228.0
2026-06-15 12:05:00+05:30,1290.1,1291.2,1288.4,1290.8,1052.0
2026-06-15 12:10:00+05:30,1291.0,1291.9,1289.6,1289.7,171.0
2026-06-15 12:15:00+05:30,1291.8,1291.8,1287.0,1287.0,648.0
2026-06-15 12:20:00+05:30,1287.0,1289.0,1286.1,1286.1,938.0
2026-06-15 12:25:00+05:30,1286.1,1291.9,1286.1,1291.9,443.0
2026-06-15 12:30:00+05:30,1291.9,1291.9,1290.4,1291.9,48.0
2026-06-15 12:35:00+05:30,1291.9,1297.0,1291.9,1294.4,337.0
2026-06-15 12:40:00+05:30,1296.1,1297.0,1292.1,1297.0,1058.0
2026-06-15 12:45:00+05:30,1300.0,1306.0,1300.0,1303.2,3584.0
2026-06-15 12:50:00+05:30,1303.2,1307.6,1300.0,1305.1,801.0
2026-06-15 12:55:00+05:30,1307.5,1307.6,1304.4,1306.0,852.0
2026-06-15 13:00:00+05:30,1304.0,1304.0,1300.0,1300.0,683.0
2026-06-15 13:05:00+05:30,1300.0,1303.9,1299.9,1299.9,429.0
2026-06-15 13:10:00+05:30,1299.6,1302.3,1299.2,1302.3,2104.0
2026-06-15 13:15:00+05:30,1300.2,1300.2,1298.8,1299.9,47.0
2026-06-15 13:20:00+05:30,1299.9,1299.9,1296.1,1296.9,43.0
2026-06-15 13:25:00+05:30,1298.0,1298.0,1297.0,1298.0,246.0
2026-06-15 13:30:00+05:30,1298.0,1299.9,1296.5,1299.9,1556.0
2026-06-15 13:35:00+05:30,1299.5,1300.8,1296.2,1300.3,132.0
2026-06-15 13:40:00+05:30,1300.5,1300.5,1297.1,1298.8,82.0
2026-06-15 13:45:00+05:30,1298.8,1299.2,1297.1,1299.2,120.0
2026-06-15 13:50:00+05:30,1299.2,1299.2,1299.0,1299.0,104.0
2026-06-15 13:55:00+05:30,1299.0,1299.0,1296.3,1296.3,11.0
2026-06-15 14:00:00+05:30,1296.0,1298.2,1296.0,1297.5,67.0
2026-06-15 14:05:00+05:30,1296.2,1297.8,1295.5,1297.8,139.0
2026-06-15 14:10:00+05:30,1295.5,1297.1,1292.6,1292.9,481.0
2026-06-15 14:15:00+05:30,1294.4,1294.4,1293.8,1293.8,10.0
2026-06-15 14:20:00+05:30,1293.8,1296.7,1293.2,1296.7,120.0
2026-06-15 14:25:00+05:30,1295.1,1296.0,1292.6,1294.8,2633.0
2026-06-15 14:30:00+05:30,1292.6,1293.5,1290.3,1293.5,1391.0
2026-06-15 14:35:00+05:30,1293.5,1297.2,1293.0,1296.0,2167.0
2026-06-15 14:40:00+05:30,1296.4,1297.4,1296.1,1297.4,117.0
2026-06-15 14:45:00+05:30,1294.9,1297.6,1293.2,1297.4,486.0
2026-06-15 14:50:00+05:30,1297.7,1297.7,1297.7,1297.7,11.0
2026-06-15 14:55:00+05:30,1294.9,1296.8,1293.7,1295.0,575.0
2026-06-15 15:00:00+05:30,1295.4,1295.8,1290.6,1292.4,179.0
2026-06-15 15:05:00+05:30,1292.5,1294.7,1291.0,1294.7,1171.0
2026-06-15 15:10:00+05:30,1293.0,1294.0,1293.0,1293.0,245.0
2026-06-15 15:15:00+05:30,1293.0,1296.7,1291.2,1296.0,874.0
2026-06-15 15:20:00+05:30,1295.1,1296.8,1293.2,1293.5,181.0
2026-06-15 15:25:00+05:30,1293.5,1305.9,1293.0,1298.0,1155.0
2026-06-16 09:15:00+05:30,1310.0,1316.0,1292.0,1301.5,1023.0
2026-06-16 09:20:00+05:30,1303.5,1303.5,1294.9,1296.2,1547.0
2026-06-16 09:25:00+05:30,1296.2,1306.4,1296.2,1304.3,297.0
2026-06-16 09:30:00+05:30,1306.9,1308.3,1303.5,1307.6,619.0
2026-06-16 09:35:00+05:30,1306.9,1306.9,1301.6,1301.6,276.0
2026-06-16 09:40:00+05:30,1301.6,1305.5,1301.1,1301.1,782.0
2026-06-16 09:45:00+05:30,1300.9,1300.9,1297.4,1297.8,289.0
2026-06-16 09:50:00+05:30,1296.7,1299.9,1296.2,1299.9,232.0
2026-06-16 09:55:00+05:30,1299.7,1299.7,1297.0,1297.0,324.0
2026-06-16 10:00:00+05:30,1298.0,1299.0,1295.2,1299.0,375.0
2026-06-16 10:05:00+05:30,1299.0,1299.7,1296.3,1299.7,55.0
2026-06-16 10:10:00+05:30,1299.7,1299.7,1297.2,1297.2,21.0
2026-06-16 10:15:00+05:30,1297.0,1297.0,1296.3,1296.9,30.0
2026-06-16 10:20:00+05:30,1296.9,1296.9,1296.9,1296.9,0.0
2026-06-16 10:25:00+05:30,1295.3,1296.9,1294.9,1294.9,147.0
2026-06-16 10:30:00+05:30,1294.9,1297.2,1294.9,1297.2,76.0
2026-06-16 10:35:00+05:30,1297.2,1298.0,1297.2,1298.0,317.0
2026-06-16 10:40:00+05:30,1298.2,1301.0,1294.6,1296.9,207.0
2026-06-16 10:45:00+05:30,1296.9,1296.9,1296.9,1296.9,26.0
2026-06-16 10:50:00+05:30,1296.9,1298.7,1292.9,1292.9,521.0
2026-06-16 10:55:00+05:30,1290.1,1292.0,1289.3,1290.1,684.0
2026-06-16 11:00:00+05:30,1290.0,1292.8,1290.0,1290.1,791.0
2026-06-16 11:05:00+05:30,1290.1,1290.1,1286.0,1286.0,398.0
2026-06-16 11:10:00+05:30,1286.2,1289.8,1286.2,1287.9,105.0
2026-06-16 11:15:00+05:30,1287.9,1290.5,1287.9,1289.2,65.0
2026-06-16 11:20:00+05:30,1281.0,1285.1,1280.0,1282.5,2178.0
2026-06-16 11:25:00+05:30,1284.4,1286.3,1284.4,1286.3,48.0
2026-06-16 11:30:00+05:30,1286.2,1286.3,1281.0,1281.0,262.0
2026-06-16 11:35:00+05:30,1281.6,1284.6,1281.3,1284.5,104.0
2026-06-16 11:40:00+05:30,1284.5,1287.4,1284.5,1287.0,255.0
2026-06-16 11:45:00+05:30,1286.7,1286.7,1284.1,1284.1,72.0
2026-06-16 11:50:00+05:30,1284.1,1286.0,1284.0,1286.0,61.0
2026-06-16 11:55:00+05:30,1286.0,1286.0,1284.1,1284.1,11.0
2026-06-16 12:00:00+05:30,1284.1,1284.1,1283.7,1283.7,329.0
2026-06-16 12:05:00+05:30,1283.7,1283.7,1283.6,1283.6,1.0
2026-06-16 12:10:00+05:30,1283.6,1283.8,1283.0,1283.8,21.0
2026-06-16 12:15:00+05:30,1283.8,1283.8,1283.0,1283.0,25.0
2026-06-16 12:20:00+05:30,1283.0,1283.8,1283.0,1283.6,533.0
2026-06-16 12:25:00+05:30,1283.6,1283.8,1282.1,1283.8,21.0
2026-06-16 12:30:00+05:30,1282.1,1284.9,1282.1,1284.9,60.0
2026-06-16 12:35:00+05:30,1284.9,1284.9,1282.1,1284.3,59.0
2026-06-16 12:40:00+05:30,1284.2,1284.2,1281.2,1283.9,119.0
2026-06-16 12:45:00+05:30,1284.4,1286.8,1284.3,1286.8,69.0
2026-06-16 12:50:00+05:30,1286.0,1286.9,1286.0,1286.9,1186.0
2026-06-16 12:55:00+05:30,1286.9,1292.1,1286.9,1292.1,525.0
2026-06-16 13:00:00+05:30,1292.1,1292.1,1290.6,1290.8,6.0
2026-06-16 13:05:00+05:30,1290.5,1290.5,1287.6,1287.6,39.0
2026-06-16 13:10:00+05:30,1289.9,1289.9,1289.7,1289.7,26.0
2026-06-16 13:15:00+05:30,1289.7,1294.9,1289.7,1293.3,396.0
2026-06-16 13:20:00+05:30,1293.3,1293.6,1291.5,1293.6,20.0
2026-06-16 13:25:00+05:30,1293.6,1293.6,1293.6,1293.6,1.0
2026-06-16 13:30:00+05:30,1293.6,1293.6,1293.6,1293.6,0.0
2026-06-16 13:35:00+05:30,1290.0,1290.7,1286.1,1289.6,888.0
2026-06-16 13:40:00+05:30,1289.6,1293.9,1289.6,1291.4,107.0
2026-06-16 13:45:00+05:30,1293.6,1294.5,1293.6,1294.5,101.0
2026-06-16 13:50:00+05:30,1294.5,1294.5,1290.2,1290.2,137.0
2026-06-16 13:55:00+05:30,1290.0,1292.8,1290.0,1290.2,174.0
2026-06-16 14:00:00+05:30,1290.2,1291.1,1290.2,1291.1,3.0
2026-06-16 14:05:00+05:30,1291.1,1293.1,1290.5,1290.5,14.0
2026-06-16 14:10:00+05:30,1291.0,1293.0,1290.9,1293.0,202.0
2026-06-16 14:15:00+05:30,1293.0,1295.0,1293.0,1294.5,131.0
2026-06-16 14:20:00+05:30,1294.5,1294.5,1292.3,1292.3,153.0
2026-06-16 14:25:00+05:30,1294.0,1295.8,1294.0,1295.8,23.0
2026-06-16 14:30:00+05:30,1295.8,1295.8,1295.7,1295.7,21.0
2026-06-16 14:35:00+05:30,1295.0,1296.8,1295.0,1296.8,63.0
2026-06-16 14:40:00+05:30,1296.8,1297.0,1294.0,1294.0,269.0
2026-06-16 14:45:00+05:30,1294.0,1298.0,1294.0,1298.0,582.0
2026-06-16 14:50:00+05:30,1298.3,1299.0,1295.3,1298.4,611.0
2026-06-16 14:55:00+05:30,1295.7,1298.4,1295.2,1297.7,93.0
2026-06-16 15:00:00+05:30,1294.7,1297.1,1293.2,1297.1,366.0
2026-06-16 15:05:00+05:30,1297.2,1297.2,1292.6,1294.3,706.0
2026-06-16 15:10:00+05:30,1293.3,1296.0,1292.3,1296.0,261.0
2026-06-16 15:15:00+05:30,1296.0,1296.8,1292.0,1295.2,447.0
2026-06-16 15:20:00+05:30,1292.2,1294.9,1292.2,1294.6,43.0
2026-06-16 15:25:00+05:30,1294.5,1302.0,1291.0,1299.8,1710.0
2026-06-17 09:15:00+05:30,1299.8,1320.0,1298.7,1313.0,5668.0
2026-06-17 09:20:00+05:30,1311.1,1313.4,1310.0,1313.4,663.0
2026-06-17 09:25:00+05:30,1310.8,1319.8,1310.8,1317.5,1567.0
2026-06-17 09:30:00+05:30,1315.2,1325.9,1315.2,1322.2,3509.0
2026-06-17 09:35:00+05:30,1320.4,1321.6,1319.5,1321.2,144.0
2026-06-17 09:40:00+05:30,1320.0,1332.0,1319.9,1327.5,4647.0
2026-06-17 09:45:00+05:30,1328.7,1328.7,1319.5,1320.4,330.0
2026-06-17 09:50:00+05:30,1321.9,1321.9,1316.1,1318.7,441.0
2026-06-17 09:55:00+05:30,1317.5,1317.5,1311.1,1311.1,740.0
2026-06-17 10:00:00+05:30,1310.2,1311.0,1307.3,1309.3,119.0
2026-06-17 10:05:00+05:30,1309.0,1309.0,1305.0,1308.8,325.0
2026-06-17 10:10:00+05:30,1308.5,1311.0,1306.6,1306.6,287.0
2026-06-17 10:15:00+05:30,1306.6,1307.0,1305.0,1306.0,331.0
2026-06-17 10:20:00+05:30,1306.0,1308.9,1306.0,1307.9,154.0
2026-06-17 10:25:00+05:30,1307.9,1307.9,1302.0,1302.0,643.0
2026-06-17 10:30:00+05:30,1301.4,1301.4,1301.4,1301.4,54.0
2026-06-17 10:35:00+05:30,1311.9,1313.9,1308.1,1312.6,1639.0
2026-06-17 10:40:00+05:30,1312.6,1325.0,1312.0,1325.0,2468.0
2026-06-17 10:45:00+05:30,1326.0,1338.4,1326.0,1333.9,4848.0
2026-06-17 10:50:00+05:30,1334.6,1339.0,1330.4,1334.6,1490.0
2026-06-17 10:55:00+05:30,1332.4,1332.9,1325.1,1328.9,1106.0
2026-06-17 11:00:00+05:30,1328.9,1332.0,1326.3,1331.9,1210.0
2026-06-17 11:05:00+05:30,1327.1,1334.4,1325.1,1328.0,1523.0
2026-06-17 11:10:00+05:30,1327.6,1330.2,1327.6,1330.2,11.0
2026-06-17 11:15:00+05:30,1330.2,1332.3,1330.2,1332.0,15.0
2026-06-17 11:20:00+05:30,1332.6,1332.7,1328.1,1328.2,420.0
2026-06-17 11:25:00+05:30,1328.7,1330.0,1328.4,1328.5,121.0
2026-06-17 11:30:00+05:30,1329.8,1331.9,1329.0,1331.9,130.0
2026-06-17 11:35:00+05:30,1331.9,1331.9,1326.0,1326.0,278.0
2026-06-17 11:40:00+05:30,1327.0,1328.9,1326.0,1326.5,237.0
2026-06-17 11:45:00+05:30,1326.5,1331.0,1326.1,1328.5,1051.0
2026-06-17 11:50:00+05:30,1328.5,1328.5,1316.9,1320.7,915.0
2026-06-17 11:55:00+05:30,1320.7,1320.7,1318.9,1318.9,70.0
2026-06-17 12:00:00+05:30,1317.5,1317.5,1309.7,1315.6,2387.0
2026-06-17 12:05:00+05:30,1317.0,1317.3,1312.3,1312.3,247.0
2026-06-17 12:10:00+05:30,1316.0,1318.0,1316.0,1317.2,501.0
2026-06-17 12:15:00+05:30,1316.8,1317.0,1313.0,1317.0,243.0
2026-06-17 12:20:00+05:30,1317.0,1317.0,1314.0,1316.0,38.0
2026-06-17 12:25:00+05:30,1316.0,1316.4,1314.0,1314.2,33.0
2026-06-17 12:30:00+05:30,1313.7,1314.0,1311.0,1314.0,343.0
2026-06-17 12:35:00+05:30,1314.0,1314.0,1305.1,1309.9,2091.0
2026-06-17 12:40:00+05:30,1310.0,1310.3,1308.0,1310.3,107.0
2026-06-17 12:45:00+05:30,1310.3,1310.3,1308.8,1308.8,3.0
2026-06-17 12:50:00+05:30,1308.8,1311.4,1308.8,1309.2,68.0
2026-06-17 12:55:00+05:30,1309.2,1309.2,1308.3,1308.3,80.0
2026-06-17 13:00:00+05:30,1310.0,1310.0,1287.1,1301.3,18492.0
2026-06-17 13:05:00+05:30,1302.0,1302.0,1299.1,1299.7,209.0
2026-06-17 13:10:00+05:30,1301.2,1302.5,1296.0,1301.1,947.0
2026-06-17 13:15:00+05:30,1301.4,1301.4,1296.4,1300.8,713.0
2026-06-17 13:20:00+05:30,1298.5,1300.0,1296.4,1296.8,498.0
2026-06-17 13:25:00+05:30,1296.8,1300.0,1286.6,1288.1,3983.0
2026-06-17 13:30:00+05:30,1284.1,1293.1,1279.5,1292.4,15471.0
2026-06-17 13:35:00+05:30,1292.8,1292.8,1289.0,1292.0,375.0
2026-06-17 13:40:00+05:30,1292.3,1295.9,1292.0,1295.9,661.0
2026-06-17 13:45:00+05:30,1295.6,1295.6,1293.0,1293.5,131.0
2026-06-17 13:50:00+05:30,1293.7,1293.7,1289.0,1290.0,383.0
2026-06-17 13:55:00+05:30,1290.0,1290.6,1285.0,1285.0,714.0
2026-06-17 14:00:00+05:30,1284.0,1285.3,1280.8,1283.2,2026.0
2026-06-17 14:05:00+05:30,1282.2,1283.4,1282.0,1282.9,594.0
2026-06-17 14:10:00+05:30,1283.7,1284.0,1280.8,1283.8,358.0
2026-06-17 14:15:00+05:30,1283.8,1283.8,1259.5,1263.1,16182.0
2026-06-17 14:20:00+05:30,1262.6,1267.9,1259.9,1266.6,3839.0
2026-06-17 14:25:00+05:30,1267.3,1270.0,1263.8,1269.4,3241.0
2026-06-17 14:30:00+05:30,1267.5,1270.0,1265.2,1265.2,894.0
2026-06-17 14:35:00+05:30,1267.0,1267.9,1264.4,1266.2,410.0
2026-06-17 14:40:00+05:30,1266.1,1269.8,1259.1,1261.9,13248.0
2026-06-17 14:45:00+05:30,1260.0,1265.4,1260.0,1264.7,467.0
2026-06-17 14:50:00+05:30,1264.7,1265.6,1239.3,1244.7,14577.0
2026-06-17 14:55:00+05:30,1243.5,1254.3,1239.5,1247.1,13757.0
2026-06-17 15:00:00+05:30,1248.2,1255.8,1242.1,1253.1,1912.0
2026-06-17 15:05:00+05:30,1253.0,1255.0,1240.0,1241.8,14391.0
2026-06-17 15:10:00+05:30,1241.9,1242.6,1236.7,1237.1,8931.0
2026-06-17 15:15:00+05:30,1238.7,1240.0,1236.0,1239.5,2583.0
2026-06-17 15:20:00+05:30,1239.0,1240.0,1236.8,1239.9,3659.0
2026-06-17 15:25:00+05:30,1238.0,1240.0,1236.4,1237.0,5703.0
2026-06-18 09:15:00+05:30,1254.0,1254.9,1240.5,1254.8,2839.0
2026-06-18 09:20:00+05:30,1254.8,1254.8,1241.0,1241.0,2217.0
2026-06-18 09:25:00+05:30,1240.0,1244.9,1238.1,1241.0,1696.0
2026-06-18 09:30:00+05:30,1241.0,1244.9,1240.0,1244.2,1075.0
2026-06-18 09:35:00+05:30,1240.0,1245.0,1239.3,1245.0,2294.0
2026-06-18 09:40:00+05:30,1245.2,1251.9,1245.2,1247.5,1596.0
2026-06-18 09:45:00+05:30,1246.1,1248.3,1244.3,1244.3,867.0
2026-06-18 09:50:00+05:30,1245.0,1245.3,1241.0,1242.2,316.0
2026-06-18 09:55:00+05:30,1244.2,1244.2,1239.1,1239.1,436.0
2026-06-18 10:00:00+05:30,1239.4,1244.5,1238.1,1244.5,753.0
2026-06-18 10:05:00+05:30,1243.1,1245.9,1240.0,1244.8,439.0
2026-06-18 10:10:00+05:30,1246.0,1246.9,1245.0,1246.0,415.0
2026-06-18 10:15:00+05:30,1245.9,1245.9,1240.6,1243.6,530.0
2026-06-18 10:20:00+05:30,1243.6,1243.6,1241.7,1241.7,203.0
2026-06-18 10:25:00+05:30,1241.5,1243.8,1241.5,1242.5,229.0
2026-06-18 10:30:00+05:30,1243.0,1245.2,1243.0,1245.1,473.0
2026-06-18 10:35:00+05:30,1245.1,1245.5,1244.8,1245.0,249.0
2026-06-18 10:40:00+05:30,1245.0,1250.5,1245.0,1247.5,1374.0
2026-06-18 10:45:00+05:30,1246.2,1252.0,1246.2,1250.7,645.0
2026-06-18 10:50:00+05:30,1250.5,1250.5,1249.8,1249.9,83.0
2026-06-18 10:55:00+05:30,1248.4,1250.0,1248.4,1249.0,93.0
2026-06-18 11:00:00+05:30,1249.0,1249.0,1249.0,1249.0,77.0
2026-06-18 11:05:00+05:30,1249.0,1249.0,1245.6,1248.0,181.0
2026-06-18 11:10:00+05:30,1246.7,1246.7,1245.0,1245.9,98.0
2026-06-18 11:15:00+05:30,1245.0,1247.2,1243.9,1245.6,598.0
2026-06-18 11:20:00+05:30,1244.9,1246.3,1243.1,1243.6,292.0
2026-06-18 11:25:00+05:30,1243.8,1245.4,1243.8,1245.4,64.0
2026-06-18 11:30:00+05:30,1244.9,1244.9,1243.0,1243.0,26.0
2026-06-18 11:35:00+05:30,1243.0,1245.0,1243.0,1245.0,2793.0
2026-06-18 11:40:00+05:30,1243.4,1245.0,1243.4,1245.0,183.0
2026-06-18 11:45:00+05:30,1246.4,1248.9,1244.7,1246.0,1140.0
2026-06-18 11:50:00+05:30,1246.0,1246.0,1243.8,1245.0,176.0
2026-06-18 11:55:00+05:30,1245.2,1246.7,1244.0,1244.0,122.0
2026-06-18 12:00:00+05:30,1244.0,1246.9,1244.0,1246.9,6.0
2026-06-18 12:05:00+05:30,1246.9,1246.9,1244.4,1245.9,19.0
2026-06-18 12:10:00+05:30,1245.7,1246.4,1244.3,1246.2,211.0
2026-06-18 12:15:00+05:30,1246.2,1246.8,1245.1,1245.1,49.0
2026-06-18 12:20:00+05:30,1245.1,1248.0,1245.1,1248.0,154.0
2026-06-18 12:25:00+05:30,1248.0,1248.0,1246.1,1246.1,15.0
2026-06-18 12:30:00+05:30,1246.1,1249.1,1246.1,1249.1,170.0
2026-06-18 12:35:00+05:30,1248.6,1249.2,1246.2,1249.2,310.0
2026-06-18 12:40:00+05:30,1249.5,1250.0,1246.8,1246.8,416.0
2026-06-18 12:45:00+05:30,1246.8,1248.9,1246.8,1248.7,147.0
2026-06-18 12:50:00+05:30,1248.7,1249.7,1248.0,1249.7,102.0
2026-06-18 12:55:00+05:30,1249.7,1249.7,1249.6,1249.6,40.0
2026-06-18 13:00:00+05:30,1249.6,1252.0,1249.0,1252.0,257.0
2026-06-18 13:05:00+05:30,1250.8,1251.2,1249.0,1251.2,432.0
2026-06-18 13:10:00+05:30,1251.2,1251.2,1248.7,1248.7,101.0
2026-06-18 13:15:00+05:30,1250.8,1250.8,1250.0,1250.7,144.0
2026-06-18 13:20:00+05:30,1248.9,1248.9,1247.5,1247.7,163.0
2026-06-18 13:25:00+05:30,1247.8,1247.8,1247.8,1247.8,9.0
2026-06-18 13:30:00+05:30,1249.0,1249.5,1249.0,1249.5,23.0
2026-06-18 13:35:00+05:30,1249.1,1249.5,1247.5,1247.5,32.0
2026-06-18 13:40:00+05:30,1249.3,1249.3,1246.2,1246.2,215.0
2026-06-18 13:45:00+05:30,1246.2,1249.2,1246.2,1248.0,145.0
2026-06-18 13:50:00+05:30,1247.0,1248.4,1247.0,1248.3,51.0
2026-06-18 13:55:00+05:30,1248.3,1248.3,1248.3,1248.3,1.0
2026-06-18 14:00:00+05:30,1247.0,1248.4,1247.0,1248.3,121.0
2026-06-18 14:05:00+05:30,1248.3,1248.7,1247.0,1247.0,338.0
2026-06-18 14:10:00+05:30,1249.0,1252.0,1247.2,1251.8,1369.0
2026-06-18 14:15:00+05:30,1251.6,1253.6,1251.6,1251.9,559.0
2026-06-18 14:20:00+05:30,1252.0,1253.6,1250.9,1251.9,331.0
2026-06-18 14:25:00+05:30,1252.1,1253.0,1251.4,1251.4,70.0
2026-06-18 14:30:00+05:30,1253.0,1253.0,1252.0,1252.0,13.0
2026-06-18 14:35:00+05:30,1252.0,1261.9,1252.0,1260.9,2672.0
2026-06-18 14:40:00+05:30,1258.3,1258.3,1255.1,1256.6,544.0
2026-06-18 14:45:00+05:30,1256.6,1258.5,1256.6,1256.8,366.0
2026-06-18 14:50:00+05:30,1257.4,1257.5,1255.3,1257.5,230.0
2026-06-18 14:55:00+05:30,1257.3,1258.4,1253.0,1257.0,755.0
2026-06-18 15:00:00+05:30,1256.9,1259.5,1255.8,1258.0,686.0
2026-06-18 15:05:00+05:30,1257.0,1259.6,1256.9,1259.6,630.0
2026-06-18 15:10:00+05:30,1256.4,1259.1,1256.0,1256.0,570.0
2026-06-18 15:15:00+05:30,1256.0,1258.1,1255.3,1258.1,281.0
2026-06-18 15:20:00+05:30,1258.0,1258.7,1255.0,1258.6,1275.0
2026-06-18 15:25:00+05:30,1258.3,1262.0,1251.5,1261.0,2258.0
2026-06-19 09:15:00+05:30,1257.4,1257.7,1240.0,1245.6,2207.0
2026-06-19 09:20:00+05:30,1244.0,1251.9,1243.5,1250.5,2693.0
2026-06-19 09:25:00+05:30,1250.5,1251.0,1245.6,1247.9,1438.0
2026-06-19 09:30:00+05:30,1244.8,1249.2,1242.6,1242.6,657.0
2026-06-19 09:35:00+05:30,1246.7,1247.8,1244.6,1246.9,406.0
2026-06-19 09:40:00+05:30,1248.1,1248.8,1248.1,1248.8,49.0
2026-06-19 09:45:00+05:30,1246.9,1247.5,1246.0,1247.5,121.0
2026-06-19 09:50:00+05:30,1248.5,1253.9,1248.5,1253.0,491.0
2026-06-19 09:55:00+05:30,1253.0,1256.9,1252.2,1255.0,442.0
2026-06-19 10:00:00+05:30,1256.9,1256.9,1252.2,1255.2,189.0
2026-06-19 10:05:00+05:30,1255.2,1257.8,1255.0,1257.0,416.0
2026-06-19 10:10:00+05:30,1256.3,1256.3,1252.0,1252.0,822.0
2026-06-19 10:15:00+05:30,1255.0,1256.7,1253.3,1255.4,386.0
2026-06-19 10:20:00+05:30,1255.4,1257.7,1254.1,1256.0,123.0
2026-06-19 10:25:00+05:30,1256.0,1256.0,1254.0,1254.0,140.0
2026-06-19 10:30:00+05:30,1254.0,1254.0,1251.0,1252.2,333.0
2026-06-19 10:35:00+05:30,1251.1,1251.2,1247.5,1249.9,1644.0
2026-06-19 10:40:00+05:30,1249.9,1249.9,1247.9,1248.0,175.0
2026-06-19 10:45:00+05:30,1248.0,1249.5,1246.9,1246.9,22.0
2026-06-19 10:50:00+05:30,1246.9,1247.4,1246.0,1247.4,306.0
2026-06-19 10:55:00+05:30,1247.6,1247.6,1246.0,1246.0,9.0
2026-06-19 11:00:00+05:30,1246.0,1247.0,1246.0,1247.0,423.0
2026-06-19 11:05:00+05:30,1247.0,1248.2,1247.0,1248.2,1.0
2026-06-19 11:10:00+05:30,1248.2,1248.9,1246.0,1246.0,379.0
2026-06-19 11:15:00+05:30,1246.0,1248.6,1246.0,1248.5,132.0
2026-06-19 11:20:00+05:30,1248.5,1248.5,1247.0,1247.0,451.0
2026-06-19 11:25:00+05:30,1247.0,1247.5,1246.0,1246.0,163.0
2026-06-19 11:30:00+05:30,1247.0,1248.3,1247.0,1248.3,51.0
2026-06-19 11:35:00+05:30,1248.3,1248.9,1248.3,1248.7,55.0
2026-06-19 11:40:00+05:30,1248.7,1249.2,1248.7,1249.2,60.0
2026-06-19 11:45:00+05:30,1249.5,1249.5,1247.0,1247.0,128.0
2026-06-19 11:50:00+05:30,1246.0,1246.0,1243.0,1244.5,495.0
2026-06-19 11:55:00+05:30,1245.0,1246.5,1245.0,1246.5,147.0
2026-06-19 12:00:00+05:30,1246.5,1247.0,1246.5,1247.0,55.0
2026-06-19 12:05:00+05:30,1247.0,1247.6,1246.5,1247.6,58.0
2026-06-19 12:10:00+05:30,1247.6,1247.6,1245.1,1245.1,10.0
2026-06-19 12:15:00+05:30,1245.1,1246.7,1245.1,1246.7,1.0
2026-06-19 12:20:00+05:30,1246.3,1246.3,1244.8,1245.0,933.0
2026-06-19 12:25:00+05:30,1245.0,1247.4,1245.0,1247.4,70.0
2026-06-19 12:30:00+05:30,1247.4,1247.4,1246.0,1247.4,19.0
2026-06-19 12:35:00+05:30,1247.4,1247.4,1245.9,1246.6,302.0
2026-06-19 12:40:00+05:30,1246.0,1246.1,1243.2,1243.2,1092.0
2026-06-19 12:45:00+05:30,1245.9,1246.5,1245.9,1245.9,365.0
2026-06-19 12:50:00+05:30,1245.9,1245.9,1242.6,1245.1,120.0
2026-06-19 12:55:00+05:30,1240.1,1246.6,1240.1,1244.1,1471.0
2026-06-19 13:00:00+05:30,1244.1,1246.6,1244.0,1244.0,859.0
2026-06-19 13:05:00+05:30,1242.4,1242.4,1240.3,1240.7,23.0
2026-06-19 13:10:00+05:30,1242.9,1243.5,1242.0,1242.0,52.0
2026-06-19 13:15:00+05:30,1242.0,1244.0,1242.0,1244.0,5.0
2026-06-19 13:20:00+05:30,1244.0,1244.1,1242.2,1242.2,26.0
2026-06-19 13:25:00+05:30,1242.2,1244.6,1242.2,1244.6,32.0
2026-06-19 13:30:00+05:30,1244.5,1245.7,1244.5,1245.3,266.0
2026-06-19 13:35:00+05:30,1245.3,1245.3,1245.3,1245.3,13.0
2026-06-19 13:40:00+05:30,1245.3,1247.2,1245.3,1247.2,37.0
2026-06-19 13:45:00+05:30,1247.2,1247.2,1245.1,1245.1,9.0
2026-06-19 13:50:00+05:30,1245.1,1247.0,1245.1,1247.0,40.0
2026-06-19 13:55:00+05:30,1247.1,1247.1,1244.0,1245.9,223.0
2026-06-19 14:00:00+05:30,1245.9,1247.0,1245.9,1247.0,4.0
2026-06-19 14:05:00+05:30,1247.0,1247.0,1245.0,1246.6,40.0
2026-06-19 14:10:00+05:30,1246.6,1246.7,1245.0,1246.5,76.0
2026-06-19 14:15:00+05:30,1246.5,1248.3,1246.5,1248.3,326.0
2026-06-19 14:20:00+05:30,1248.3,1248.3,1246.5,1246.5,60.0
2026-06-19 14:25:00+05:30,1247.2,1247.2,1245.6,1245.6,15.0
2026-06-19 14:30:00+05:30,1245.6,1245.6,1245.6,1245.6,0.0
2026-06-19 14:35:00+05:30,1246.9,1246.9,1245.3,1245.3,14.0
2026-06-19 14:40:00+05:30,1245.3,1245.3,1244.1,1244.1,100.0
2026-06-19 14:45:00+05:30,1246.3,1246.3,1244.1,1244.1,17.0
2026-06-19 14:50:00+05:30,1244.3,1246.5,1244.0,1245.3,100.0
2026-06-19 14:55:00+05:30,1245.3,1245.3,1240.5,1240.5,584.0
2026-06-19 15:00:00+05:30,1241.0,1247.0,1241.0,1246.5,235.0
2026-06-19 15:05:00+05:30,1246.5,1250.9,1244.0,1246.2,1092.0
2026-06-19 15:10:00+05:30,1247.1,1247.1,1242.5,1245.0,966.0
2026-06-19 15:15:00+05:30,1245.0,1246.0,1243.4,1245.0,1106.0
2026-06-19 15:20:00+05:30,1245.0,1245.1,1243.1,1245.0,1064.0
2026-06-19 15:25:00+05:30,1243.9,1253.0,1243.1,1248.6,2688.0
2026-06-22 09:15:00+05:30,1252.5,1266.1,1252.5,1254.1,687.0
2026-06-22 09:20:00+05:30,1249.2,1255.7,1249.2,1254.1,3419.0
2026-06-22 09:25:00+05:30,1253.0,1255.9,1252.1,1255.6,608.0
2026-06-22 09:30:00+05:30,1255.6,1259.6,1255.6,1259.4,648.0
2026-06-22 09:35:00+05:30,1256.9,1258.0,1253.1,1254.0,1418.0
2026-06-22 09:40:00+05:30,1254.0,1258.8,1254.0,1257.0,211.0
2026-06-22 09:45:00+05:30,1257.0,1262.7,1256.0,1262.7,1922.0
2026-06-22 09:50:00+05:30,1261.6,1268.9,1256.4,1258.5,2232.0
2026-06-22 09:55:00+05:30,1258.0,1258.8,1256.4,1258.3,27.0
2026-06-22 10:00:00+05:30,1258.0,1259.7,1257.3,1257.3,123.0
2026-06-22 10:05:00+05:30,1257.3,1262.0,1255.0,1262.0,999.0
2026-06-22 10:10:00+05:30,1263.7,1263.7,1255.6,1262.6,8970.0
2026-06-22 10:15:00+05:30,1261.5,1263.0,1261.3,1262.0,407.0
2026-06-22 10:20:00+05:30,1263.2,1264.3,1262.0,1262.0,218.0
2026-06-22 10:25:00+05:30,1262.0,1262.0,1257.5,1258.4,888.0
2026-06-22 10:30:00+05:30,1258.4,1260.7,1258.0,1260.7,31.0
2026-06-22 10:35:00+05:30,1260.1,1260.1,1258.4,1258.4,13.0
2026-06-22 10:40:00+05:30,1258.4,1258.4,1258.4,1258.4,0.0
2026-06-22 10:45:00+05:30,1258.4,1261.0,1258.4,1261.0,55.0
2026-06-22 10:50:00+05:30,1261.0,1261.8,1260.9,1261.0,55.0
2026-06-22 10:55:00+05:30,1259.8,1260.3,1258.0,1260.3,227.0
2026-06-22 11:00:00+05:30,1260.0,1260.4,1254.1,1255.5,626.0
2026-06-22 11:05:00+05:30,1255.0,1257.9,1255.0,1255.8,334.0
2026-06-22 11:10:00+05:30,1257.3,1257.3,1257.0,1257.0,46.0
2026-06-22 11:15:00+05:30,1255.5,1257.5,1255.5,1255.7,36.0
2026-06-22 11:20:00+05:30,1257.5,1257.5,1257.5,1257.5,22.0
2026-06-22 11:25:00+05:30,1257.8,1257.8,1255.8,1256.0,11.0
2026-06-22 11:30:00+05:30,1256.0,1256.0,1252.0,1254.7,1180.0
2026-06-22 11:35:00+05:30,1254.6,1254.8,1254.6,1254.8,11.0
2026-06-22 11:40:00+05:30,1255.4,1255.4,1252.7,1252.7,85.0
2026-06-22 11:45:00+05:30,1252.7,1253.5,1252.7,1253.5,15.0
2026-06-22 11:50:00+05:30,1253.5,1253.5,1250.1,1251.0,413.0
2026-06-22 11:55:00+05:30,1250.1,1251.0,1246.5,1251.0,476.0
2026-06-22 12:00:00+05:30,1250.5,1251.0,1250.0,1250.0,1903.0
2026-06-22 12:05:00+05:30,1250.0,1250.0,1247.0,1249.8,91.0
2026-06-22 12:10:00+05:30,1249.8,1250.9,1248.1,1250.0,133.0
2026-06-22 12:15:00+05:30,1249.7,1253.3,1249.7,1253.3,260.0
2026-06-22 12:20:00+05:30,1253.1,1254.1,1251.5,1253.8,107.0
2026-06-22 12:25:00+05:30,1253.8,1253.8,1253.8,1253.8,30.0
2026-06-22 12:30:00+05:30,1253.8,1253.8,1251.9,1251.9,2.0
2026-06-22 12:35:00+05:30,1252.3,1254.5,1252.0,1254.1,27.0
2026-06-22 12:40:00+05:30,1252.3,1252.3,1250.1,1250.1,51.0
2026-06-22 12:45:00+05:30,1251.8,1251.8,1250.3,1250.3,11.0
2026-06-22 12:50:00+05:30,1250.3,1252.0,1250.3,1250.7,155.0
2026-06-22 12:55:00+05:30,1250.7,1253.9,1250.7,1253.9,267.0
2026-06-22 13:00:00+05:30,1253.2,1253.2,1250.3,1250.3,160.0
2026-06-22 13:05:00+05:30,1252.1,1252.1,1250.3,1250.3,31.0
2026-06-22 13:10:00+05:30,1250.3,1250.3,1250.3,1250.3,55.0
2026-06-22 13:15:00+05:30,1251.4,1252.1,1251.4,1252.1,26.0
2026-06-22 13:20:00+05:30,1250.3,1252.0,1250.3,1252.0,117.0
2026-06-22 13:25:00+05:30,1252.0,1252.3,1250.3,1252.3,19.0
2026-06-22 13:30:00+05:30,1252.2,1252.5,1250.6,1252.5,102.0
2026-06-22 13:35:00+05:30,1252.4,1252.5,1252.4,1252.5,258.0
2026-06-22 13:40:00+05:30,1252.5,1252.5,1251.4,1251.4,100.0
2026-06-22 13:45:00+05:30,1251.4,1253.3,1251.2,1253.0,115.0
2026-06-22 13:50:00+05:30,1253.0,1253.2,1251.3,1252.6,38.0
2026-06-22 13:55:00+05:30,1252.6,1252.6,1252.6,1252.6,0.0
2026-06-22 14:00:00+05:30,1252.6,1252.6,1252.6,1252.6,0.0
2026-06-22 14:05:00+05:30,1252.6,1252.6,1250.1,1250.3,210.0
2026-06-22 14:10:00+05:30,1252.2,1252.2,1252.2,1252.2,3.0
2026-06-22 14:15:00+05:30,1252.2,1252.2,1250.4,1250.4,29.0
2026-06-22 14:20:00+05:30,1250.4,1252.2,1250.3,1252.2,21.0
2026-06-22 14:25:00+05:30,1252.2,1252.2,1250.2,1252.2,15.0
2026-06-22 14:30:00+05:30,1250.0,1251.2,1249.3,1249.3,862.0
2026-06-22 14:35:00+05:30,1251.1,1252.0,1251.1,1252.0,32.0
2026-06-22 14:40:00+05:30,1252.0,1252.9,1250.6,1250.6,81.0
2026-06-22 14:45:00+05:30,1250.6,1250.6,1250.0,1250.1,70.0
2026-06-22 14:50:00+05:30,1252.5,1252.5,1250.1,1250.1,66.0
2026-06-22 14:55:00+05:30,1250.1,1252.5,1250.0,1250.0,160.0
2026-06-22 15:00:00+05:30,1251.7,1252.5,1251.7,1252.5,49.0
2026-06-22 15:05:00+05:30,1252.5,1257.9,1252.4,1257.9,236.0
2026-06-22 15:10:00+05:30,1255.1,1257.8,1255.1,1255.5,105.0
2026-06-22 15:15:00+05:30,1255.4,1255.4,1250.1,1251.9,623.0
2026-06-22 15:20:00+05:30,1251.9,1253.2,1250.1,1252.2,342.0
2026-06-22 15:25:00+05:30,1251.3,1257.9,1248.0,1248.0,1725.0
2026-06-23 09:15:00+05:30,1248.0,1254.5,1241.2,1247.8,1383.0
2026-06-23 09:20:00+05:30,1246.2,1248.1,1237.0,1237.0,2269.0
2026-06-23 09:25:00+05:30,1239.9,1240.1,1237.1,1239.0,685.0
2026-06-23 09:30:00+05:30,1239.0,1240.9,1237.0,1240.5,866.0
2026-06-23 09:35:00+05:30,1239.0,1240.9,1229.1,1231.4,4689.0
2026-06-23 09:40:00+05:30,1233.9,1233.9,1225.0,1225.0,3235.0
2026-06-23 09:45:00+05:30,1229.3,1230.0,1225.0,1228.6,1280.0
2026-06-23 09:50:00+05:30,1228.5,1235.0,1228.5,1235.0,857.0
2026-06-23 09:55:00+05:30,1234.3,1236.7,1231.5,1234.6,774.0
2026-06-23 10:00:00+05:30,1233.8,1237.9,1230.1,1237.9,1374.0
2026-06-23 10:05:00+05:30,1237.9,1238.1,1235.4,1235.6,71.0
2026-06-23 10:10:00+05:30,1236.8,1237.0,1233.5,1233.8,1155.0
2026-06-23 10:15:00+05:30,1234.6,1235.0,1232.3,1234.0,397.0
2026-06-23 10:20:00+05:30,1234.0,1239.9,1234.0,1234.2,862.0
2026-06-23 10:25:00+05:30,1234.2,1234.2,1234.2,1234.2,108.0
2026-06-23 10:30:00+05:30,1234.8,1234.8,1231.0,1231.0,63.0
2026-06-23 10:35:00+05:30,1232.7,1232.7,1231.0,1231.0,164.0
2026-06-23 10:40:00+05:30,1232.3,1235.4,1231.0,1235.4,492.0
2026-06-23 10:45:00+05:30,1235.9,1236.0,1231.0,1233.2,427.0
2026-06-23 10:50:00+05:30,1232.2,1232.4,1232.1,1232.4,470.0
2026-06-23 10:55:00+05:30,1232.5,1233.3,1231.1,1233.0,210.0
2026-06-23 11:00:00+05:30,1230.2,1230.8,1228.6,1230.8,920.0
2026-06-23 11:05:00+05:30,1232.5,1232.5,1228.6,1230.9,291.0
2026-06-23 11:10:00+05:30,1230.9,1234.8,1230.9,1234.8,331.0
2026-06-23 11:15:00+05:30,1235.0,1239.9,1233.1,1237.8,954.0
2026-06-23 11:20:00+05:30,1235.9,1237.3,1234.5,1235.0,144.0
2026-06-23 11:25:00+05:30,1234.0,1235.0,1230.0,1230.0,530.0
2026-06-23 11:30:00+05:30,1230.0,1231.0,1230.0,1230.2,258.0
2026-06-23 11:35:00+05:30,1232.9,1232.9,1228.6,1228.7,364.0
2026-06-23 11:40:00+05:30,1228.7,1229.0,1226.0,1226.0,217.0
2026-06-23 11:45:00+05:30,1225.9,1225.9,1221.0,1222.6,996.0
2026-06-23 11:50:00+05:30,1224.9,1225.0,1222.9,1222.9,143.0
2026-06-23 11:55:00+05:30,1223.0,1223.0,1215.6,1219.0,1221.0
2026-06-23 12:00:00+05:30,1221.3,1223.0,1219.2,1220.4,157.0
2026-06-23 12:05:00+05:30,1220.4,1222.7,1220.4,1221.5,80.0
2026-06-23 12:10:00+05:30,1222.9,1223.0,1219.2,1220.8,560.0
2026-06-23 12:15:00+05:30,1220.8,1220.9,1219.9,1220.8,317.0
2026-06-23 12:20:00+05:30,1220.1,1220.1,1219.0,1219.0,310.0
2026-06-23 12:25:00+05:30,1220.0,1221.5,1219.0,1221.5,389.0
2026-06-23 12:30:00+05:30,1221.5,1222.0,1219.5,1219.7,97.0
2026-06-23 12:35:00+05:30,1220.0,1223.4,1220.0,1223.4,141.0
2026-06-23 12:40:00+05:30,1223.4,1224.0,1221.8,1221.8,31.0
2026-06-23 12:45:00+05:30,1221.7,1222.6,1217.3,1217.3,823.0
2026-06-23 12:50:00+05:30,1220.4,1220.8,1219.1,1219.6,201.0
2026-06-23 12:55:00+05:30,1219.6,1222.9,1216.6,1222.9,742.0
2026-06-23 13:00:00+05:30,1223.0,1223.0,1220.0,1220.0,152.0
2026-06-23 13:05:00+05:30,1220.0,1222.4,1220.0,1220.2,164.0
2026-06-23 13:10:00+05:30,1221.9,1221.9,1220.0,1220.0,49.0
2026-06-23 13:15:00+05:30,1220.0,1220.0,1218.3,1218.5,79.0
2026-06-23 13:20:00+05:30,1218.5,1221.3,1218.5,1219.1,13.0
2026-06-23 13:25:00+05:30,1218.9,1220.9,1218.0,1218.0,502.0
2026-06-23 13:30:00+05:30,1218.0,1218.0,1214.7,1216.0,1176.0
2026-06-23 13:35:00+05:30,1216.0,1219.0,1216.0,1217.1,195.0
2026-06-23 13:40:00+05:30,1216.5,1221.3,1216.5,1218.7,224.0
2026-06-23 13:45:00+05:30,1220.9,1220.9,1218.1,1218.2,178.0
2026-06-23 13:50:00+05:30,1218.6,1220.5,1218.6,1219.1,49.0
2026-06-23 13:55:00+05:30,1219.1,1220.2,1217.9,1218.4,41.0
2026-06-23 14:00:00+05:30,1218.4,1220.0,1218.3,1218.3,53.0
2026-06-23 14:05:00+05:30,1218.3,1218.3,1218.2,1218.2,14.0
2026-06-23 14:10:00+05:30,1218.2,1222.9,1218.2,1220.1,86.0
2026-06-23 14:15:00+05:30,1220.1,1221.0,1220.1,1221.0,5.0
2026-06-23 14:20:00+05:30,1221.0,1224.9,1221.0,1224.9,171.0
2026-06-23 14:25:00+05:30,1224.9,1224.9,1222.2,1224.6,35.0
2026-06-23 14:30:00+05:30,1222.2,1223.9,1222.1,1223.9,101.0
2026-06-23 14:35:00+05:30,1221.5,1224.6,1221.5,1222.2,254.0
2026-06-23 14:40:00+05:30,1222.2,1224.8,1222.2,1223.1,76.0
2026-06-23 14:45:00+05:30,1223.1,1225.0,1223.1,1223.3,217.0
2026-06-23 14:50:00+05:30,1225.6,1225.6,1223.5,1224.0,160.0
2026-06-23 14:55:00+05:30,1225.6,1227.0,1224.4,1227.0,384.0
2026-06-23 15:00:00+05:30,1226.0,1226.2,1221.1,1221.1,1341.0
2026-06-23 15:05:00+05:30,1221.4,1224.9,1221.0,1222.2,751.0
2026-06-23 15:10:00+05:30,1222.7,1225.9,1222.7,1223.0,428.0
2026-06-23 15:15:00+05:30,1223.0,1224.9,1220.1,1222.5,778.0
2026-06-23 15:20:00+05:30,1224.5,1224.5,1220.2,1220.4,697.0
2026-06-23 15:25:00+05:30,1220.0,1221.9,1215.5,1219.4,2459.0
2026-06-24 09:15:00+05:30,1230.0,1232.0,1220.7,1232.0,1078.0
2026-06-24 09:20:00+05:30,1227.5,1230.9,1219.4,1222.3,2320.0
2026-06-24 09:25:00+05:30,1222.3,1223.8,1215.4,1218.4,1159.0
2026-06-24 09:30:00+05:30,1218.3,1218.3,1211.1,1217.8,1561.0
2026-06-24 09:35:00+05:30,1217.8,1217.8,1210.4,1213.1,1465.0
2026-06-24 09:40:00+05:30,1213.1,1215.3,1213.1,1215.3,162.0
2026-06-24 09:45:00+05:30,1213.0,1214.0,1206.0,1207.1,896.0
2026-06-24 09:50:00+05:30,1206.0,1209.4,1205.0,1209.4,300.0
2026-06-24 09:55:00+05:30,1208.1,1216.0,1208.1,1210.9,661.0
2026-06-24 10:00:00+05:30,1210.9,1218.7,1210.9,1216.9,791.0
2026-06-24 10:05:00+05:30,1216.0,1218.0,1216.0,1217.8,187.0
2026-06-24 10:10:00+05:30,1216.4,1218.2,1213.2,1215.1,228.0
2026-06-24 10:15:00+05:30,1213.9,1215.6,1212.1,1212.9,426.0
2026-06-24 10:20:00+05:30,1215.2,1216.3,1214.0,1216.3,64.0
2026-06-24 10:25:00+05:30,1215.0,1221.0,1215.0,1217.1,790.0
2026-06-24 10:30:00+05:30,1219.1,1220.4,1217.8,1218.6,136.0
2026-06-24 10:35:00+05:30,1220.1,1220.1,1215.3,1215.3,617.0
2026-06-24 10:40:00+05:30,1215.3,1219.0,1215.3,1219.0,81.0
2026-06-24 10:45:00+05:30,1219.0,1230.7,1217.4,1226.3,879.0
2026-06-24 10:50:00+05:30,1226.7,1228.6,1223.0,1227.5,552.0
2026-06-24 10:55:00+05:30,1228.0,1228.8,1225.5,1226.9,194.0
2026-06-24 11:00:00+05:30,1223.7,1229.6,1223.7,1229.6,240.0
2026-06-24 11:05:00+05:30,1229.6,1247.0,1229.6,1242.5,4803.0
2026-06-24 11:10:00+05:30,1242.0,1242.0,1233.6,1233.6,175.0
2026-06-24 11:15:00+05:30,1232.9,1235.3,1231.9,1232.7,735.0
2026-06-24 11:20:00+05:30,1232.1,1232.1,1229.6,1229.6,295.0
2026-06-24 11:25:00+05:30,1230.1,1231.6,1228.3,1231.0,142.0
2026-06-24 11:30:00+05:30,1231.0,1231.4,1228.6,1229.5,48.0
2026-06-24 11:35:00+05:30,1229.0,1238.8,1229.0,1238.8,142.0
2026-06-24 11:40:00+05:30,1238.6,1239.4,1236.0,1236.0,251.0
2026-06-24 11:45:00+05:30,1236.1,1237.5,1235.1,1237.5,226.0
2026-06-24 11:50:00+05:30,1237.5,1238.3,1235.2,1238.3,175.0
2026-06-24 11:55:00+05:30,1238.3,1238.8,1235.1,1236.0,679.0
2026-06-24 12:00:00+05:30,1236.0,1237.6,1236.0,1237.4,399.0
2026-06-24 12:05:00+05:30,1236.8,1238.2,1234.0,1234.0,4883.0
2026-06-24 12:10:00+05:30,1231.1,1235.9,1231.1,1234.6,295.0
2026-06-24 12:15:00+05:30,1234.6,1235.7,1234.2,1235.7,102.0
2026-06-24 12:20:00+05:30,1235.7,1238.5,1235.7,1236.1,391.0
2026-06-24 12:25:00+05:30,1236.1,1244.0,1236.1,1244.0,687.0
2026-06-24 12:30:00+05:30,1244.0,1244.0,1240.0,1240.0,44.0
2026-06-24 12:35:00+05:30,1240.0,1240.0,1238.9,1239.9,11.0
2026-06-24 12:40:00+05:30,1238.1,1238.1,1238.0,1238.0,150.0
2026-06-24 12:45:00+05:30,1238.0,1240.3,1238.0,1238.6,298.0
2026-06-24 12:50:00+05:30,1236.1,1236.1,1224.5,1226.5,3884.0
2026-06-24 12:55:00+05:30,1228.9,1231.3,1228.2,1228.2,329.0
2026-06-24 13:00:00+05:30,1228.2,1230.0,1228.2,1229.0,28.0
2026-06-24 13:05:00+05:30,1229.7,1230.0,1229.7,1230.0,79.0
2026-06-24 13:10:00+05:30,1230.0,1230.9,1230.0,1230.9,7.0
2026-06-24 13:15:00+05:30,1230.9,1232.1,1230.9,1232.1,4.0
2026-06-24 13:20:00+05:30,1231.1,1235.4,1231.1,1235.4,601.0
2026-06-24 13:25:00+05:30,1234.3,1234.3,1230.9,1231.5,370.0
2026-06-24 13:30:00+05:30,1231.5,1232.1,1231.5,1232.1,260.0
2026-06-24 13:35:00+05:30,1232.1,1235.5,1232.1,1233.1,37.0
2026-06-24 13:40:00+05:30,1232.4,1232.4,1230.1,1230.1,155.0
2026-06-24 13:45:00+05:30,1231.4,1234.0,1231.4,1232.9,183.0
2026-06-24 13:50:00+05:30,1230.7,1232.2,1230.4,1230.6,50.0
2026-06-24 13:55:00+05:30,1230.6,1233.7,1230.6,1233.7,356.0
2026-06-24 14:00:00+05:30,1233.7,1234.7,1232.2,1232.2,136.0
2026-06-24 14:05:00+05:30,1232.2,1234.7,1232.2,1234.3,24.0
2026-06-24 14:10:00+05:30,1234.3,1234.3,1234.1,1234.1,28.0
2026-06-24 14:15:00+05:30,1235.0,1235.2,1235.0,1235.0,69.0
2026-06-24 14:20:00+05:30,1235.0,1235.0,1234.1,1234.1,136.0
2026-06-24 14:25:00+05:30,1234.1,1235.0,1234.0,1234.0,38.0
2026-06-24 14:30:00+05:30,1232.6,1235.9,1232.6,1233.1,220.0
2026-06-24 14:35:00+05:30,1233.1,1235.1,1233.1,1235.1,19.0
2026-06-24 14:40:00+05:30,1235.1,1235.1,1235.0,1235.0,12.0
2026-06-24 14:45:00+05:30,1235.0,1237.7,1234.0,1234.0,435.0
2026-06-24 14:50:00+05:30,1234.0,1234.0,1233.5,1234.0,119.0
2026-06-24 14:55:00+05:30,1234.0,1235.6,1232.0,1232.6,339.0
2026-06-24 15:00:00+05:30,1232.8,1234.4,1232.2,1234.0,285.0
2026-06-24 15:05:00+05:30,1234.0,1238.8,1233.3,1235.1,553.0
2026-06-24 15:10:00+05:30,1236.0,1236.0,1234.6,1234.9,316.0
2026-06-24 15:15:00+05:30,1234.9,1237.5,1234.7,1235.6,410.0
2026-06-24 15:20:00+05:30,1236.0,1237.0,1233.0,1234.4,1144.0
2026-06-24 15:25:00+05:30,1235.0,1235.3,1233.0,1235.0,979.0
2026-06-25 09:15:00+05:30,1243.9,1244.6,1225.0,1228.0,1102.0
2026-06-25 09:20:00+05:30,1232.6,1232.6,1228.0,1228.9,1343.0
2026-06-25 09:25:00+05:30,1228.6,1229.1,1224.0,1224.5,890.0
2026-06-25 09:30:00+05:30,1224.5,1227.8,1223.9,1226.6,1365.0
2026-06-25 09:35:00+05:30,1226.7,1227.7,1225.0,1225.9,754.0
2026-06-25 09:40:00+05:30,1225.7,1232.0,1225.7,1232.0,659.0
2026-06-25 09:45:00+05:30,1232.0,1234.9,1231.0,1231.0,850.0
2026-06-25 09:50:00+05:30,1231.0,1234.9,1229.9,1232.2,431.0
2026-06-25 09:55:00+05:30,1232.2,1232.8,1230.2,1230.8,296.0
2026-06-25 10:00:00+05:30,1232.0,1232.8,1227.1,1227.1,131.0
2026-06-25 10:05:00+05:30,1227.1,1229.4,1227.0,1229.1,199.0
2026-06-25 10:10:00+05:30,1229.1,1230.2,1229.1,1230.1,497.0
2026-06-25 10:15:00+05:30,1230.1,1230.1,1229.0,1229.3,336.0
2026-06-25 10:20:00+05:30,1228.6,1228.9,1226.0,1226.9,574.0
2026-06-25 10:25:00+05:30,1227.2,1227.3,1219.8,1220.4,2540.0
2026-06-25 10:30:00+05:30,1220.9,1225.0,1220.9,1225.0,74.0
2026-06-25 10:35:00+05:30,1225.0,1225.0,1223.2,1223.2,222.0
2026-06-25 10:40:00+05:30,1221.1,1223.8,1221.1,1223.7,76.0
2026-06-25 10:45:00+05:30,1223.7,1224.0,1222.4,1224.0,170.0
2026-06-25 10:50:00+05:30,1225.2,1225.2,1223.0,1223.6,218.0
2026-06-25 10:55:00+05:30,1223.7,1224.7,1223.6,1224.7,73.0
2026-06-25 11:00:00+05:30,1224.7,1225.0,1224.7,1225.0,60.0
2026-06-25 11:05:00+05:30,1225.0,1225.3,1225.0,1225.3,2.0
2026-06-25 11:10:00+05:30,1225.8,1225.8,1223.1,1223.1,33.0
2026-06-25 11:15:00+05:30,1223.1,1224.8,1223.0,1223.0,35.0
2026-06-25 11:20:00+05:30,1222.5,1224.6,1222.5,1222.5,31.0
2026-06-25 11:25:00+05:30,1222.6,1222.7,1222.6,1222.7,10.0
2026-06-25 11:30:00+05:30,1222.7,1222.7,1220.0,1222.0,233.0
2026-06-25 11:35:00+05:30,1222.0,1222.0,1220.0,1220.2,127.0
2026-06-25 11:40:00+05:30,1220.2,1222.8,1220.0,1221.1,34.0
2026-06-25 11:45:00+05:30,1221.1,1223.1,1221.1,1223.1,36.0
2026-06-25 11:50:00+05:30,1223.6,1223.6,1221.8,1221.8,44.0
2026-06-25 11:55:00+05:30,1221.8,1222.5,1220.1,1220.1,103.0
2026-06-25 12:00:00+05:30,1220.1,1223.5,1220.1,1221.5,10.0
2026-06-25 12:05:00+05:30,1221.5,1223.4,1221.5,1221.5,9.0
2026-06-25 12:10:00+05:30,1221.5,1221.5,1220.1,1220.1,53.0
2026-06-25 12:15:00+05:30,1220.1,1220.1,1219.0,1219.0,430.0
2026-06-25 12:20:00+05:30,1219.0,1221.9,1219.0,1221.9,312.0
2026-06-25 12:25:00+05:30,1222.0,1222.3,1220.4,1220.4,212.0
2026-06-25 12:30:00+05:30,1220.0,1220.0,1220.0,1220.0,20.0
2026-06-25 12:35:00+05:30,1220.0,1220.0,1220.0,1220.0,0.0
2026-06-25 12:40:00+05:30,1220.0,1222.0,1220.0,1220.2,57.0
2026-06-25 12:45:00+05:30,1220.5,1221.0,1218.0,1218.0,421.0
2026-06-25 12:50:00+05:30,1218.0,1218.9,1218.0,1218.9,10.0
2026-06-25 12:55:00+05:30,1218.6,1218.8,1218.0,1218.8,98.0
2026-06-25 13:00:00+05:30,1218.7,1221.6,1218.5,1221.6,143.0
2026-06-25 13:05:00+05:30,1221.6,1221.6,1218.3,1218.3,154.0
2026-06-25 13:10:00+05:30,1217.6,1219.9,1216.1,1216.7,193.0
2026-06-25 13:15:00+05:30,1216.7,1220.8,1216.7,1220.5,122.0
2026-06-25 13:20:00+05:30,1220.4,1221.0,1218.8,1221.0,13.0
2026-06-25 13:25:00+05:30,1221.0,1221.0,1217.0,1217.0,86.0
2026-06-25 13:30:00+05:30,1219.6,1220.9,1219.6,1220.9,80.0
2026-06-25 13:35:00+05:30,1220.9,1221.0,1220.9,1221.0,38.0
2026-06-25 13:40:00+05:30,1221.0,1222.0,1221.0,1221.0,164.0
2026-06-25 13:45:00+05:30,1221.0,1221.2,1219.1,1221.2,135.0
2026-06-25 13:50:00+05:30,1220.1,1221.2,1220.1,1221.2,28.0
2026-06-25 13:55:00+05:30,1221.2,1221.5,1220.0,1221.5,111.0
2026-06-25 14:00:00+05:30,1221.0,1221.0,1220.0,1220.9,21.0
2026-06-25 14:05:00+05:30,1220.9,1220.9,1220.9,1220.9,0.0
2026-06-25 14:10:00+05:30,1220.9,1220.9,1218.4,1219.6,51.0
2026-06-25 14:15:00+05:30,1217.7,1217.7,1216.7,1216.7,58.0
2026-06-25 14:20:00+05:30,1216.7,1216.7,1216.7,1216.7,0.0
2026-06-25 14:25:00+05:30,1216.7,1218.0,1216.7,1218.0,20.0
2026-06-25 14:30:00+05:30,1219.3,1219.3,1218.0,1218.0,245.0
2026-06-25 14:35:00+05:30,1218.4,1220.5,1218.0,1220.5,114.0
2026-06-25 14:40:00+05:30,1219.3,1219.5,1219.3,1219.5,7.0
2026-06-25 14:45:00+05:30,1220.6,1220.6,1218.3,1219.0,171.0
2026-06-25 14:50:00+05:30,1219.4,1219.5,1218.4,1219.5,280.0
2026-06-25 14:55:00+05:30,1219.5,1220.7,1219.3,1220.0,58.0
2026-06-25 15:00:00+05:30,1219.7,1223.0,1219.7,1223.0,266.0
2026-06-25 15:05:00+05:30,1222.8,1224.9,1220.1,1220.1,326.0
2026-06-25 15:10:00+05:30,1220.7,1220.7,1218.5,1218.5,419.0
2026-06-25 15:15:00+05:30,1218.3,1220.1,1218.3,1218.4,365.0
2026-06-25 15:20:00+05:30,1219.1,1220.1,1218.0,1218.5,648.0
2026-06-25 15:25:00+05:30,1220.0,1224.9,1218.3,1218.3,1238.0
2026-06-29 09:15:00+05:30,1226.0,1226.3,1213.3,1213.3,295.0
2026-06-29 09:20:00+05:30,1213.3,1215.9,1210.0,1215.9,283.0
2026-06-29 09:25:00+05:30,1211.5,1211.5,1208.0,1209.5,184.0
2026-06-29 09:30:00+05:30,1209.4,1210.4,1208.0,1210.4,219.0
2026-06-29 09:35:00+05:30,1210.4,1232.0,1208.0,1227.2,1674.0
2026-06-29 09:40:00+05:30,1227.2,1236.0,1227.1,1227.1,1973.0
2026-06-29 09:45:00+05:30,1225.6,1225.6,1217.1,1219.1,548.0
2026-06-29 09:50:00+05:30,1221.5,1222.9,1219.2,1222.8,590.0
2026-06-29 09:55:00+05:30,1222.8,1225.8,1217.2,1223.7,226.0
2026-06-29 10:00:00+05:30,1223.7,1226.2,1223.1,1223.1,130.0
2026-06-29 10:05:00+05:30,1223.0,1226.2,1223.0,1223.2,288.0
2026-06-29 10:10:00+05:30,1222.2,1223.0,1222.2,1222.3,130.0
2026-06-29 10:15:00+05:30,1222.3,1222.3,1222.2,1222.3,31.0
2026-06-29 10:20:00+05:30,1222.3,1222.3,1216.9,1218.8,1111.0
2026-06-29 10:25:00+05:30,1220.7,1225.5,1220.7,1225.2,473.0
2026-06-29 10:30:00+05:30,1225.2,1225.2,1220.8,1220.8,49.0
2026-06-29 10:35:00+05:30,1220.0,1222.5,1220.0,1222.5,221.0
2026-06-29 10:40:00+05:30,1220.5,1222.0,1220.5,1222.0,47.0
2026-06-29 10:45:00+05:30,1222.0,1222.9,1222.0,1222.9,116.0
2026-06-29 10:50:00+05:30,1222.9,1222.9,1216.2,1216.2,315.0
2026-06-29 10:55:00+05:30,1216.2,1218.1,1216.2,1218.1,88.0
2026-06-29 11:00:00+05:30,1218.1,1220.6,1216.2,1216.2,162.0
2026-06-29 11:05:00+05:30,1216.0,1216.0,1215.4,1215.4,296.0
2026-06-29 11:10:00+05:30,1215.4,1215.4,1212.1,1213.9,507.0
2026-06-29 11:15:00+05:30,1213.9,1213.9,1211.1,1212.6,595.0
2026-06-29 11:20:00+05:30,1212.0,1212.4,1212.0,1212.0,30.0
2026-06-29 11:25:00+05:30,1206.1,1210.8,1206.1,1207.9,1218.0
2026-06-29 11:30:00+05:30,1207.0,1210.0,1205.0,1210.0,545.0
2026-06-29 11:35:00+05:30,1210.0,1210.0,1210.0,1210.0,25.0
2026-06-29 11:40:00+05:30,1210.0,1211.8,1210.0,1210.0,90.0
2026-06-29 11:45:00+05:30,1207.0,1212.5,1207.0,1212.5,248.0
2026-06-29 11:50:00+05:30,1212.5,1212.7,1208.1,1208.1,110.0
2026-06-29 11:55:00+05:30,1208.1,1212.0,1208.1,1212.0,246.0
2026-06-29 12:00:00+05:30,1212.0,1212.0,1212.0,1212.0,320.0
2026-06-29 12:05:00+05:30,1210.0,1212.9,1210.0,1212.0,685.0
2026-06-29 12:10:00+05:30,1214.2,1214.2,1209.4,1209.4,175.0
2026-06-29 12:15:00+05:30,1210.0,1212.0,1210.0,1210.2,202.0
2026-06-29 12:20:00+05:30,1210.2,1210.2,1208.7,1208.7,14.0
2026-06-29 12:25:00+05:30,1208.7,1210.1,1208.1,1210.1,40.0
2026-06-29 12:30:00+05:30,1210.1,1212.0,1210.1,1212.0,12.0
2026-06-29 12:35:00+05:30,1212.0,1212.0,1210.0,1210.0,1.0
2026-06-29 12:40:00+05:30,1210.0,1212.7,1210.0,1212.7,89.0
2026-06-29 12:45:00+05:30,1211.9,1211.9,1210.0,1210.1,55.0
2026-06-29 12:50:00+05:30,1212.0,1212.0,1210.0,1211.0,27.0
2026-06-29 12:55:00+05:30,1213.9,1217.6,1213.9,1217.6,282.0
2026-06-29 13:00:00+05:30,1217.6,1217.6,1215.5,1215.5,35.0
2026-06-29 13:05:00+05:30,1215.2,1216.5,1214.5,1214.5,27.0
2026-06-29 13:10:00+05:30,1214.5,1217.0,1214.5,1217.0,68.0
2026-06-29 13:15:00+05:30,1217.0,1217.0,1214.2,1214.2,95.0
2026-06-29 13:20:00+05:30,1214.2,1216.6,1214.1,1214.6,60.0
2026-06-29 13:25:00+05:30,1214.6,1214.6,1214.6,1214.6,1.0
2026-06-29 13:30:00+05:30,1214.6,1218.8,1214.6,1218.8,217.0
2026-06-29 13:35:00+05:30,1219.0,1220.0,1219.0,1220.0,105.0
2026-06-29 13:40:00+05:30,1220.0,1220.0,1217.1,1219.0,422.0
2026-06-29 13:45:00+05:30,1217.0,1220.9,1216.8,1220.9,287.0
2026-06-29 13:50:00+05:30,1220.9,1223.6,1220.9,1222.6,613.0
2026-06-29 13:55:00+05:30,1222.6,1223.7,1222.6,1223.7,221.0
2026-06-29 14:00:00+05:30,1222.9,1225.0,1221.3,1222.6,274.0
2026-06-29 14:05:00+05:30,1225.0,1225.0,1224.0,1224.0,597.0
2026-06-29 14:10:00+05:30,1224.5,1224.6,1224.0,1224.6,72.0
2026-06-29 14:15:00+05:30,1224.6,1230.0,1224.6,1227.6,166.0
2026-06-29 14:20:00+05:30,1227.6,1227.6,1226.1,1226.1,10.0
2026-06-29 14:25:00+05:30,1226.1,1226.4,1226.0,1226.0,197.0
2026-06-29 14:30:00+05:30,1226.0,1227.0,1226.0,1227.0,76.0
2026-06-29 14:35:00+05:30,1226.0,1226.2,1226.0,1226.2,142.0
2026-06-29 14:40:00+05:30,1226.1,1227.0,1226.0,1227.0,31.0
2026-06-29 14:45:00+05:30,1227.0,1227.0,1226.1,1226.1,79.0
2026-06-29 14:50:00+05:30,1226.1,1227.0,1226.1,1227.0,6.0
2026-06-29 14:55:00+05:30,1227.0,1227.0,1226.0,1226.0,747.0
2026-06-29 15:00:00+05:30,1227.0,1227.0,1224.2,1226.2,249.0
2026-06-29 15:05:00+05:30,1228.0,1228.0,1227.9,1227.9,1325.0
2026-06-29 15:10:00+05:30,1226.5,1226.9,1222.0,1222.0,345.0
2026-06-29 15:15:00+05:30,1222.0,1224.8,1217.2,1220.4,744.0
2026-06-29 15:20:00+05:30,1222.8,1225.0,1222.8,1225.0,358.0
2026-06-29 15:25:00+05:30,1226.2,1227.8,1214.0,1214.0,1986.0
2026-06-30 09:15:00+05:30,1212.0,1224.8,1212.0,1224.7,212.0
2026-06-30 09:20:00+05:30,1224.7,1224.8,1217.1,1220.2,294.0
2026-06-30 09:25:00+05:30,1220.2,1221.3,1218.0,1218.0,67.0
2026-06-30 09:30:00+05:30,1218.0,1218.4,1214.7,1217.5,183.0
2026-06-30 09:35:00+05:30,1217.5,1219.0,1217.4,1219.0,270.0
2026-06-30 09:40:00+05:30,1219.0,1219.0,1215.7,1218.9,192.0
2026-06-30 09:45:00+05:30,1218.9,1218.9,1215.8,1215.8,50.0
2026-06-30 09:50:00+05:30,1216.4,1219.9,1216.4,1218.2,105.0
2026-06-30 09:55:00+05:30,1218.2,1218.5,1218.2,1218.5,6.0
2026-06-30 10:00:00+05:30,1219.9,1219.9,1216.3,1217.0,780.0
2026-06-30 10:05:00+05:30,1217.1,1217.9,1215.9,1217.9,149.0
2026-06-30 10:10:00+05:30,1217.9,1218.4,1217.9,1218.4,13.0
2026-06-30 10:15:00+05:30,1215.6,1218.0,1215.6,1217.6,43.0
2026-06-30 10:20:00+05:30,1217.3,1217.3,1214.3,1214.3,121.0
2026-06-30 10:25:00+05:30,1214.3,1214.7,1214.3,1214.4,10.0
2026-06-30 10:30:00+05:30,1216.8,1216.8,1214.6,1216.7,10.0
2026-06-30 10:35:00+05:30,1216.7,1218.8,1214.9,1218.0,33.0
2026-06-30 10:40:00+05:30,1216.6,1218.4,1215.6,1215.6,64.0
2026-06-30 10:45:00+05:30,1215.6,1215.6,1215.6,1215.6,100.0
2026-06-30 10:50:00+05:30,1215.6,1217.7,1215.6,1217.7,6.0
2026-06-30 10:55:00+05:30,1217.7,1217.7,1215.3,1215.3,21.0
2026-06-30 11:00:00+05:30,1215.3,1234.0,1215.3,1232.7,4177.0
2026-06-30 11:05:00+05:30,1232.7,1234.6,1231.1,1232.1,624.0
2026-06-30 11:10:00+05:30,1232.1,1235.0,1232.1,1232.2,199.0
2026-06-30 11:15:00+05:30,1232.2,1235.0,1232.2,1234.5,184.0
2026-06-30 11:20:00+05:30,1234.5,1235.0,1234.4,1235.0,263.0
2026-06-30 11:25:00+05:30,1235.0,1235.0,1235.0,1235.0,0.0
2026-06-30 11:30:00+05:30,1235.0,1235.0,1232.5,1233.0,91.0
2026-06-30 11:35:00+05:30,1235.0,1238.0,1235.0,1238.0,669.0
2026-06-30 11:40:00+05:30,1238.0,1238.0,1234.2,1234.2,500.0
2026-06-30 11:45:00+05:30,1234.2,1235.5,1233.3,1235.0,40.0
2026-06-30 11:50:00+05:30,1235.0,1235.0,1232.2,1232.2,223.0
2026-06-30 11:55:00+05:30,1234.0,1234.0,1228.1,1228.1,3241.0
2026-06-30 12:00:00+05:30,1228.1,1228.6,1228.1,1228.6,10.0
2026-06-30 12:05:00+05:30,1228.6,1228.8,1228.6,1228.8,16.0
2026-06-30 12:10:00+05:30,1226.5,1226.5,1225.6,1225.8,53.0
2026-06-30 12:15:00+05:30,1225.8,1227.9,1225.8,1227.9,100.0
2026-06-30 12:20:00+05:30,1225.2,1227.2,1225.2,1225.6,296.0
2026-06-30 12:25:00+05:30,1225.6,1225.6,1225.6,1225.6,0.0
2026-06-30 12:30:00+05:30,1227.2,1227.2,1226.1,1226.1,74.0
2026-06-30 12:35:00+05:30,1226.1,1227.3,1226.1,1226.7,4.0
2026-06-30 12:40:00+05:30,1226.7,1228.9,1226.6,1228.9,21.0
2026-06-30 12:45:00+05:30,1228.9,1228.9,1228.9,1228.9,0.0
2026-06-30 12:50:00+05:30,1226.1,1228.9,1226.1,1226.5,70.0
2026-06-30 12:55:00+05:30,1226.5,1231.8,1226.5,1229.3,37.0
2026-06-30 13:00:00+05:30,1229.3,1229.7,1229.3,1229.7,3.0
2026-06-30 13:05:00+05:30,1229.7,1229.7,1229.7,1229.7,0.0
2026-06-30 13:10:00+05:30,1229.7,1229.7,1229.7,1229.7,0.0
2026-06-30 13:15:00+05:30,1229.7,1229.7,1229.7,1229.7,0.0
2026-06-30 13:20:00+05:30,1229.7,1229.7,1229.1,1229.1,96.0
2026-06-30 13:25:00+05:30,1230.1,1234.8,1230.1,1231.1,302.0
2026-06-30 13:30:00+05:30,1231.1,1231.1,1231.1,1231.1,0.0
2026-06-30 13:35:00+05:30,1231.1,1232.8,1231.1,1232.8,39.0
2026-06-30 13:40:00+05:30,1231.1,1231.1,1229.6,1230.4,98.0
2026-06-30 13:45:00+05:30,1230.4,1230.4,1230.0,1230.0,30.0
2026-06-30 13:50:00+05:30,1230.0,1234.9,1230.0,1233.7,460.0
2026-06-30 13:55:00+05:30,1231.9,1232.3,1231.3,1231.3,32.0
2026-06-30 14:00:00+05:30,1231.3,1231.3,1227.4,1227.4,10.0
2026-06-30 14:05:00+05:30,1227.4,1229.0,1227.4,1229.0,48.0
2026-06-30 14:10:00+05:30,1229.0,1229.0,1229.0,1229.0,0.0
2026-06-30 14:15:00+05:30,1227.4,1228.8,1227.4,1228.8,7.0
2026-06-30 14:20:00+05:30,1228.8,1228.8,1226.5,1228.5,898.0
2026-06-30 14:25:00+05:30,1228.5,1228.5,1226.7,1228.5,1019.0
2026-06-30 14:30:00+05:30,1228.5,1228.5,1226.1,1226.1,229.0
2026-06-30 14:35:00+05:30,1226.1,1226.1,1225.6,1225.6,181.0
2026-06-30 14:40:00+05:30,1227.0,1227.0,1225.6,1225.6,7.0
2026-06-30 14:45:00+05:30,1225.6,1225.6,1225.6,1225.6,15.0
2026-06-30 14:50:00+05:30,1225.8,1226.6,1225.8,1226.0,15.0
2026-06-30 14:55:00+05:30,1226.6,1226.7,1225.2,1225.2,275.0
2026-06-30 15:00:00+05:30,1225.2,1225.2,1222.1,1222.6,575.0
2026-06-30 15:05:00+05:30,1222.2,1230.7,1222.2,1229.8,629.0
2026-06-30 15:10:00+05:30,1228.1,1228.1,1225.0,1225.1,210.0
2026-06-30 15:15:00+05:30,1226.6,1227.0,1221.1,1224.6,859.0
2026-06-30 15:20:00+05:30,1226.3,1226.3,1223.4,1225.5,477.0
2026-06-30 15:25:00+05:30,1225.4,1233.0,1223.6,1233.0,825.0
2026-07-01 09:15:00+05:30,1224.0,1239.8,1224.0,1237.4,458.0
2026-07-01 09:20:00+05:30,1235.9,1237.9,1230.7,1237.9,629.0
2026-07-01 09:25:00+05:30,1238.7,1244.9,1236.6,1239.1,1193.0
2026-07-01 09:30:00+05:30,1239.0,1241.8,1237.3,1239.0,272.0
2026-07-01 09:35:00+05:30,1239.0,1240.0,1239.0,1240.0,99.0
2026-07-01 09:40:00+05:30,1240.0,1247.0,1240.0,1246.7,1827.0
2026-07-01 09:45:00+05:30,1246.9,1260.0,1246.0,1257.5,4440.0
2026-07-01 09:50:00+05:30,1257.5,1260.9,1254.0,1255.1,5010.0
2026-07-01 09:55:00+05:30,1255.1,1260.8,1252.0,1256.9,1555.0
2026-07-01 10:00:00+05:30,1255.0,1257.0,1252.0,1252.0,589.0
2026-07-01 10:05:00+05:30,1253.8,1257.0,1252.0,1257.0,818.0
2026-07-01 10:10:00+05:30,1257.0,1257.0,1253.0,1253.0,301.0
2026-07-01 10:15:00+05:30,1253.8,1256.0,1250.0,1251.0,1138.0
2026-07-01 10:20:00+05:30,1251.0,1251.0,1250.4,1251.0,78.0
2026-07-01 10:25:00+05:30,1252.7,1252.7,1252.5,1252.5,560.0
2026-07-01 10:30:00+05:30,1252.5,1252.5,1250.2,1250.7,9.0
2026-07-01 10:35:00+05:30,1250.3,1253.0,1248.8,1251.7,485.0
2026-07-01 10:40:00+05:30,1252.4,1252.4,1249.1,1250.0,247.0
2026-07-01 10:45:00+05:30,1250.8,1255.0,1249.7,1252.4,266.0
2026-07-01 10:50:00+05:30,1254.9,1255.9,1252.6,1255.9,207.0
2026-07-01 10:55:00+05:30,1255.9,1255.9,1253.6,1253.6,51.0
2026-07-01 11:00:00+05:30,1255.9,1257.0,1253.0,1257.0,1051.0
2026-07-01 11:05:00+05:30,1257.0,1257.0,1254.6,1254.6,78.0
2026-07-01 11:10:00+05:30,1255.0,1255.0,1254.0,1255.0,250.0
2026-07-01 11:15:00+05:30,1255.0,1256.8,1255.0,1255.0,385.0
2026-07-01 11:20:00+05:30,1255.0,1255.0,1253.0,1253.0,101.0
2026-07-01 11:25:00+05:30,1253.0,1254.9,1253.0,1254.9,2.0
2026-07-01 11:30:00+05:30,1254.6,1254.6,1251.1,1252.2,241.0
2026-07-01 11:35:00+05:30,1252.2,1253.7,1251.7,1253.7,51.0
2026-07-01 11:40:00+05:30,1253.7,1253.7,1251.1,1253.0,122.0
2026-07-01 11:45:00+05:30,1253.0,1253.0,1250.8,1251.1,98.0
2026-07-01 11:50:00+05:30,1251.4,1252.3,1250.0,1251.5,71.0
2026-07-01 11:55:00+05:30,1251.5,1251.5,1249.2,1249.9,87.0
2026-07-01 12:00:00+05:30,1249.9,1249.9,1248.0,1249.8,48.0
2026-07-01 12:05:00+05:30,1249.9,1249.9,1249.9,1249.9,65.0
2026-07-01 12:10:00+05:30,1249.9,1249.9,1246.6,1246.6,160.0
2026-07-01 12:15:00+05:30,1248.6,1248.6,1248.2,1248.2,2.0
2026-07-01 12:20:00+05:30,1248.2,1248.2,1246.8,1246.8,232.0
2026-07-01 12:25:00+05:30,1246.8,1246.8,1246.8,1246.8,30.0
2026-07-01 12:30:00+05:30,1246.8,1247.3,1245.3,1247.3,55.0
2026-07-01 12:35:00+05:30,1247.2,1248.0,1245.8,1246.3,120.0
2026-07-01 12:40:00+05:30,1246.3,1246.3,1246.1,1246.1,125.0
2026-07-01 12:45:00+05:30,1246.1,1246.1,1246.1,1246.1,47.0
2026-07-01 12:50:00+05:30,1246.1,1246.3,1245.4,1246.3,76.0
2026-07-01 12:55:00+05:30,1246.2,1248.0,1246.2,1248.0,12.0
2026-07-01 13:00:00+05:30,1248.0,1248.0,1248.0,1248.0,0.0
2026-07-01 13:05:00+05:30,1248.0,1248.0,1248.0,1248.0,1.0
2026-07-01 13:10:00+05:30,1248.0,1248.0,1246.7,1246.7,128.0
2026-07-01 13:15:00+05:30,1246.8,1246.8,1246.7,1246.7,9.0
2026-07-01 13:20:00+05:30,1248.2,1248.2,1245.0,1245.0,255.0
2026-07-01 13:25:00+05:30,1247.9,1247.9,1245.9,1245.9,34.0
2026-07-01 13:30:00+05:30,1245.8,1246.0,1245.0,1245.5,395.0
2026-07-01 13:35:00+05:30,1245.5,1245.5,1245.5,1245.5,0.0
2026-07-01 13:40:00+05:30,1245.5,1245.5,1241.1,1243.7,701.0
2026-07-01 13:45:00+05:30,1242.6,1244.4,1242.6,1244.4,30.0
2026-07-01 13:50:00+05:30,1244.4,1244.9,1244.3,1244.3,46.0
2026-07-01 13:55:00+05:30,1244.3,1244.3,1242.6,1242.7,23.0
2026-07-01 14:00:00+05:30,1242.7,1245.6,1240.0,1243.0,552.0
2026-07-01 14:05:00+05:30,1243.0,1245.5,1242.7,1243.1,100.0
2026-07-01 14:10:00+05:30,1243.1,1243.1,1241.1,1242.6,181.0
2026-07-01 14:15:00+05:30,1242.6,1243.0,1242.6,1243.0,16.0
2026-07-01 14:20:00+05:30,1243.0,1243.0,1240.0,1240.0,1204.0
2026-07-01 14:25:00+05:30,1240.0,1242.1,1240.0,1242.1,4.0
2026-07-01 14:30:00+05:30,1242.0,1242.0,1240.4,1240.4,5.0
2026-07-01 14:35:00+05:30,1240.4,1240.4,1240.0,1240.0,642.0
2026-07-01 14:40:00+05:30,1240.0,1240.0,1238.1,1238.3,50.0
2026-07-01 14:45:00+05:30,1238.1,1241.9,1238.1,1240.1,77.0
2026-07-01 14:50:00+05:30,1239.9,1243.1,1239.8,1242.1,94.0
2026-07-01 14:55:00+05:30,1241.0,1242.1,1241.0,1241.0,39.0
2026-07-01 15:00:00+05:30,1241.0,1241.0,1241.0,1241.0,1.0
2026-07-01 15:05:00+05:30,1244.9,1247.8,1244.9,1246.0,260.0
2026-07-01 15:10:00+05:30,1246.0,1246.0,1242.0,1242.5,245.0
2026-07-01 15:15:00+05:30,1243.9,1243.9,1235.3,1235.3,845.0
2026-07-01 15:20:00+05:30,1237.8,1242.0,1235.4,1235.5,1312.0
2026-07-01 15:25:00+05:30,1235.5,1251.8,1228.0,1251.8,3999.0
2026-07-02 09:15:00+05:30,1250.0,1259.0,1248.0,1252.2,1137.0
2026-07-02 09:20:00+05:30,1254.3,1256.9,1247.5,1253.1,1469.0
2026-07-02 09:25:00+05:30,1251.8,1257.0,1251.8,1254.7,763.0
2026-07-02 09:30:00+05:30,1257.0,1262.5,1257.0,1262.5,2206.0
2026-07-02 09:35:00+05:30,1262.0,1262.0,1255.0,1260.0,2609.0
2026-07-02 09:40:00+05:30,1260.0,1261.8,1257.4,1260.5,295.0
2026-07-02 09:45:00+05:30,1259.2,1259.2,1255.1,1255.1,241.0
2026-07-02 09:50:00+05:30,1255.3,1256.7,1252.4,1252.5,316.0
2026-07-02 09:55:00+05:30,1252.4,1257.5,1252.4,1257.2,169.0
2026-07-02 10:00:00+05:30,1255.3,1257.0,1255.2,1256.9,81.0
2026-07-02 10:05:00+05:30,1256.9,1257.0,1253.9,1253.9,180.0
2026-07-02 10:10:00+05:30,1253.9,1253.9,1253.1,1253.1,407.0
2026-07-02 10:15:00+05:30,1251.2,1251.2,1244.5,1245.0,2407.0
2026-07-02 10:20:00+05:30,1245.0,1251.3,1245.0,1246.1,574.0
2026-07-02 10:25:00+05:30,1247.6,1250.9,1247.6,1250.9,84.0
2026-07-02 10:30:00+05:30,1250.0,1250.0,1248.1,1248.1,104.0
2026-07-02 10:35:00+05:30,1248.1,1248.7,1246.1,1247.9,57.0
2026-07-02 10:40:00+05:30,1246.0,1248.7,1246.0,1247.0,137.0
2026-07-02 10:45:00+05:30,1245.1,1246.5,1245.0,1245.0,158.0
2026-07-02 10:50:00+05:30,1245.0,1245.0,1242.8,1242.8,157.0
2026-07-02 10:55:00+05:30,1242.8,1242.8,1242.8,1242.8,1.0
2026-07-02 11:00:00+05:30,1242.8,1242.8,1242.8,1242.8,0.0
2026-07-02 11:05:00+05:30,1242.8,1242.9,1242.8,1242.9,4.0
2026-07-02 11:10:00+05:30,1242.9,1245.0,1242.9,1243.1,73.0
2026-07-02 11:15:00+05:30,1242.9,1242.9,1242.8,1242.8,71.0
2026-07-02 11:20:00+05:30,1242.8,1244.5,1242.8,1244.5,57.0
2026-07-02 11:25:00+05:30,1244.5,1244.5,1242.9,1244.5,43.0
2026-07-02 11:30:00+05:30,1242.1,1242.1,1242.1,1242.1,35.0
2026-07-02 11:35:00+05:30,1242.1,1244.0,1241.0,1241.0,324.0
2026-07-02 11:40:00+05:30,1240.3,1240.3,1240.3,1240.3,41.0
2026-07-02 11:45:00+05:30,1240.3,1242.4,1240.3,1240.4,6.0
2026-07-02 11:50:00+05:30,1239.0,1240.4,1237.5,1239.0,1009.0
2026-07-02 11:55:00+05:30,1240.4,1240.4,1239.0,1239.0,41.0
2026-07-02 12:00:00+05:30,1239.0,1240.4,1239.0,1239.0,30.0
2026-07-02 12:05:00+05:30,1239.0,1240.0,1239.0,1239.1,106.0
2026-07-02 12:10:00+05:30,1239.1,1240.0,1239.1,1239.1,3.0
2026-07-02 12:15:00+05:30,1239.1,1240.0,1239.1,1240.0,18.0
2026-07-02 12:20:00+05:30,1240.0,1240.4,1240.0,1240.2,302.0
2026-07-02 12:25:00+05:30,1240.0,1240.4,1239.1,1239.1,51.0
2026-07-02 12:30:00+05:30,1240.0,1240.4,1240.0,1240.4,29.0
2026-07-02 12:35:00+05:30,1240.4,1240.4,1239.3,1239.3,20.0
2026-07-02 12:40:00+05:30,1239.3,1240.4,1239.3,1240.4,100.0
2026-07-02 12:45:00+05:30,1240.4,1240.4,1238.4,1238.4,174.0
2026-07-02 12:50:00+05:30,1238.4,1240.4,1238.4,1240.4,100.0
2026-07-02 12:55:00+05:30,1238.6,1238.6,1238.6,1238.6,5.0
2026-07-02 13:00:00+05:30,1238.6,1238.6,1238.6,1238.6,21.0
2026-07-02 13:05:00+05:30,1238.6,1240.4,1238.6,1240.4,360.0
2026-07-02 13:10:00+05:30,1240.4,1240.4,1238.8,1238.8,55.0
2026-07-02 13:15:00+05:30,1238.8,1240.4,1238.7,1238.7,24.0
2026-07-02 13:20:00+05:30,1238.7,1240.4,1238.7,1238.8,23.0
2026-07-02 13:25:00+05:30,1238.8,1238.8,1238.8,1238.8,0.0
2026-07-02 13:30:00+05:30,1238.8,1240.4,1238.8,1240.4,86.0
2026-07-02 13:35:00+05:30,1238.8,1242.9,1238.8,1242.9,155.0
2026-07-02 13:40:00+05:30,1242.9,1245.0,1240.4,1240.4,588.0
2026-07-02 13:45:00+05:30,1238.0,1240.0,1238.0,1238.5,639.0
2026-07-02 13:50:00+05:30,1238.5,1238.5,1238.5,1238.5,26.0
2026-07-02 13:55:00+05:30,1238.5,1238.5,1238.5,1238.5,8.0
2026-07-02 14:00:00+05:30,1240.1,1240.1,1240.1,1240.1,5.0
2026-07-02 14:05:00+05:30,1240.1,1240.1,1239.0,1239.5,20.0
2026-07-02 14:10:00+05:30,1239.5,1240.0,1239.0,1239.0,155.0
2026-07-02 14:15:00+05:30,1239.0,1239.6,1237.7,1237.7,32.0
2026-07-02 14:20:00+05:30,1237.7,1237.7,1237.7,1237.7,0.0
2026-07-02 14:25:00+05:30,1237.7,1239.9,1237.7,1238.0,86.0
2026-07-02 14:30:00+05:30,1239.2,1239.9,1239.2,1239.9,91.0
2026-07-02 14:35:00+05:30,1239.5,1240.0,1237.5,1237.5,125.0
2026-07-02 14:40:00+05:30,1238.6,1238.6,1235.7,1235.8,127.0
2026-07-02 14:45:00+05:30,1237.5,1239.0,1236.8,1236.8,120.0
2026-07-02 14:50:00+05:30,1236.7,1238.5,1236.7,1238.4,45.0
2026-07-02 14:55:00+05:30,1238.4,1238.4,1236.6,1236.7,30.0
2026-07-02 15:00:00+05:30,1236.7,1240.0,1236.7,1238.2,1340.0
2026-07-02 15:05:00+05:30,1239.8,1240.0,1236.0,1236.0,326.0
2026-07-02 15:10:00+05:30,1235.8,1237.0,1235.0,1235.0,182.0
2026-07-02 15:15:00+05:30,1235.9,1238.3,1235.9,1236.1,125.0
2026-07-02 15:20:00+05:30,1236.1,1237.1,1233.0,1233.8,570.0
2026-07-02 15:25:00+05:30,1234.0,1247.0,1234.0,1239.0,884.0
2026-07-03 09:15:00+05:30,1252.0,1252.0,1242.0,1247.4,368.0
2026-07-03 09:20:00+05:30,1243.4,1246.9,1242.3,1246.9,131.0
2026-07-03 09:25:00+05:30,1243.2,1245.7,1242.0,1243.0,278.0
2026-07-03 09:30:00+05:30,1242.0,1244.5,1241.0,1244.5,212.0
2026-07-03 09:35:00+05:30,1244.5,1244.5,1244.3,1244.3,15.0
2026-07-03 09:40:00+05:30,1244.3,1244.3,1241.2,1243.3,252.0
2026-07-03 09:45:00+05:30,1243.3,1243.3,1238.0,1239.0,148.0
2026-07-03 09:50:00+05:30,1241.4,1241.9,1240.1,1241.9,90.0
2026-07-03 09:55:00+05:30,1241.9,1241.9,1241.2,1241.5,89.0
2026-07-03 10:00:00+05:30,1241.7,1242.9,1239.3,1241.9,191.0
2026-07-03 10:05:00+05:30,1239.5,1246.9,1239.5,1246.9,791.0
2026-07-03 10:10:00+05:30,1246.9,1250.0,1245.1,1249.8,286.0
2026-07-03 10:15:00+05:30,1249.8,1258.8,1247.9,1258.8,1472.0
2026-07-03 10:20:00+05:30,1257.9,1257.9,1249.7,1249.7,459.0
2026-07-03 10:25:00+05:30,1249.6,1249.6,1247.3,1247.3,204.0
2026-07-03 10:30:00+05:30,1247.3,1249.7,1247.3,1249.7,126.0
2026-07-03 10:35:00+05:30,1247.7,1273.8,1247.7,1266.1,6581.0
2026-07-03 10:40:00+05:30,1263.5,1287.0,1263.5,1269.7,10080.0
2026-07-03 10:45:00+05:30,1264.6,1269.9,1262.5,1269.8,1029.0
2026-07-03 10:50:00+05:30,1270.9,1270.9,1262.1,1267.7,842.0
2026-07-03 10:55:00+05:30,1267.7,1268.8,1264.3,1268.8,354.0
2026-07-03 11:00:00+05:30,1268.8,1268.8,1264.1,1266.0,149.0
2026-07-03 11:05:00+05:30,1263.1,1263.1,1260.0,1260.0,441.0
2026-07-03 11:10:00+05:30,1261.8,1261.8,1257.1,1258.6,684.0
2026-07-03 11:15:00+05:30,1258.4,1258.4,1256.1,1256.2,133.0
2026-07-03 11:20:00+05:30,1256.2,1256.8,1256.2,1256.8,61.0
2026-07-03 11:25:00+05:30,1256.8,1257.9,1255.8,1255.8,212.0
2026-07-03 11:30:00+05:30,1256.8,1256.8,1255.8,1255.8,45.0
2026-07-03 11:35:00+05:30,1256.9,1256.9,1255.9,1256.5,122.0
2026-07-03 11:40:00+05:30,1256.5,1256.5,1256.0,1256.0,392.0
2026-07-03 11:45:00+05:30,1256.0,1256.0,1255.0,1255.0,35.0
2026-07-03 11:50:00+05:30,1255.0,1256.8,1255.0,1256.8,16.0
2026-07-03 11:55:00+05:30,1255.2,1257.2,1255.2,1257.2,100.0
2026-07-03 12:00:00+05:30,1255.2,1256.0,1255.2,1255.2,29.0
2026-07-03 12:05:00+05:30,1255.2,1255.2,1255.2,1255.2,20.0
2026-07-03 12:10:00+05:30,1255.0,1255.5,1255.0,1255.5,356.0
2026-07-03 12:15:00+05:30,1256.8,1257.0,1255.6,1256.8,85.0
2026-07-03 12:20:00+05:30,1256.8,1256.8,1255.0,1255.3,27.0
2026-07-03 12:25:00+05:30,1256.5,1256.5,1255.0,1255.0,8.0
2026-07-03 12:30:00+05:30,1255.0,1255.0,1255.0,1255.0,3.0
2026-07-03 12:35:00+05:30,1255.0,1255.5,1252.0,1255.5,475.0
2026-07-03 12:40:00+05:30,1255.5,1255.5,1252.0,1252.0,29.0
2026-07-03 12:45:00+05:30,1252.0,1253.8,1252.0,1253.8,17.0
2026-07-03 12:50:00+05:30,1256.8,1256.8,1256.8,1256.8,162.0
2026-07-03 12:55:00+05:30,1256.8,1260.0,1256.8,1259.5,418.0
2026-07-03 13:00:00+05:30,1260.3,1260.3,1259.9,1259.9,51.0
2026-07-03 13:05:00+05:30,1257.6,1261.7,1256.9,1260.8,249.0
2026-07-03 13:10:00+05:30,1263.3,1266.9,1260.0,1261.1,420.0
2026-07-03 13:15:00+05:30,1261.1,1261.4,1261.1,1261.4,34.0
2026-07-03 13:20:00+05:30,1261.4,1263.0,1261.4,1262.7,55.0
2026-07-03 13:25:00+05:30,1261.1,1261.1,1260.0,1260.0,157.0
2026-07-03 13:30:00+05:30,1260.3,1261.0,1256.6,1256.6,798.0
2026-07-03 13:35:00+05:30,1255.3,1255.3,1255.0,1255.0,15.0
2026-07-03 13:40:00+05:30,1257.0,1258.6,1256.2,1257.1,125.0
2026-07-03 13:45:00+05:30,1257.1,1260.0,1256.8,1260.0,74.0
2026-07-03 13:50:00+05:30,1259.6,1259.6,1257.3,1257.3,120.0
2026-07-03 13:55:00+05:30,1257.3,1258.7,1257.0,1257.0,1061.0
2026-07-03 14:00:00+05:30,1257.0,1258.8,1257.0,1258.7,4.0
2026-07-03 14:05:00+05:30,1257.4,1258.6,1257.4,1258.6,21.0
2026-07-03 14:10:00+05:30,1258.6,1259.7,1257.1,1257.1,121.0
2026-07-03 14:15:00+05:30,1257.1,1257.1,1257.1,1257.1,0.0
2026-07-03 14:20:00+05:30,1257.2,1257.2,1257.0,1257.0,409.0
2026-07-03 14:25:00+05:30,1256.0,1257.0,1252.8,1252.8,857.0
2026-07-03 14:30:00+05:30,1252.8,1253.0,1252.0,1253.0,216.0
2026-07-03 14:35:00+05:30,1253.0,1253.0,1251.7,1251.7,400.0
2026-07-03 14:40:00+05:30,1251.1,1251.8,1250.0,1250.4,167.0
2026-07-03 14:45:00+05:30,1251.0,1251.0,1250.4,1250.4,76.0
2026-07-03 14:50:00+05:30,1250.9,1250.9,1248.6,1248.9,213.0
2026-07-03 14:55:00+05:30,1248.1,1248.1,1244.0,1244.0,146.0
2026-07-03 15:00:00+05:30,1244.0,1246.9,1244.0,1246.8,2835.0
2026-07-03 15:05:00+05:30,1246.8,1252.0,1241.1,1246.9,2297.0
2026-07-03 15:10:00+05:30,1246.9,1248.8,1245.5,1247.2,136.0
2026-07-03 15:15:00+05:30,1247.0,1247.2,1241.1,1242.2,325.0
2026-07-03 15:20:00+05:30,1242.3,1242.3,1238.1,1241.0,997.0
2026-07-03 15:25:00+05:30,1240.0,1248.0,1238.1,1242.4,1210.0
2026-07-06 09:15:00+05:30,1266.9,1293.5,1260.4,1277.0,3885.0
2026-07-06 09:20:00+05:30,1276.9,1289.8,1275.0,1286.9,5427.0
2026-07-06 09:25:00+05:30,1286.8,1292.3,1277.0,1278.1,8108.0
2026-07-06 09:30:00+05:30,1281.3,1285.0,1279.0,1280.7,1874.0
2026-07-06 09:35:00+05:30,1281.0,1281.1,1273.0,1275.1,1122.0
2026-07-06 09:40:00+05:30,1275.8,1275.8,1271.4,1272.0,331.0
2026-07-06 09:45:00+05:30,1271.0,1278.9,1270.0,1278.9,2115.0
2026-07-06 09:50:00+05:30,1279.1,1280.0,1277.4,1277.4,721.0
2026-07-06 09:55:00+05:30,1277.2,1278.5,1274.0,1275.0,284.0
2026-07-06 10:00:00+05:30,1274.0,1274.9,1272.1,1273.0,523.0
2026-07-06 10:05:00+05:30,1274.5,1274.5,1272.1,1272.5,166.0
2026-07-06 10:10:00+05:30,1272.6,1274.8,1272.1,1274.7,587.0
2026-07-06 10:15:00+05:30,1275.0,1276.0,1272.1,1276.0,197.0
2026-07-06 10:20:00+05:30,1275.9,1275.9,1273.0,1273.0,99.0
2026-07-06 10:25:00+05:30,1273.0,1278.0,1273.0,1276.7,296.0
2026-07-06 10:30:00+05:30,1278.0,1278.6,1273.0,1274.4,1146.0
2026-07-06 10:35:00+05:30,1274.4,1274.4,1273.9,1274.0,6.0
2026-07-06 10:40:00+05:30,1273.0,1273.9,1272.1,1272.1,774.0
2026-07-06 10:45:00+05:30,1273.8,1275.0,1272.1,1272.2,1260.0
2026-07-06 10:50:00+05:30,1272.2,1274.3,1270.1,1272.9,950.0
2026-07-06 10:55:00+05:30,1273.5,1273.9,1270.2,1270.2,188.0
2026-07-06 11:00:00+05:30,1270.2,1270.7,1270.1,1270.7,128.0
2026-07-06 11:05:00+05:30,1270.7,1272.8,1270.1,1270.1,678.0
2026-07-06 11:10:00+05:30,1271.0,1272.5,1270.1,1271.8,242.0
2026-07-06 11:15:00+05:30,1272.7,1273.9,1271.9,1271.9,74.0
2026-07-06 11:20:00+05:30,1271.8,1274.7,1271.1,1274.7,138.0
2026-07-06 11:25:00+05:30,1274.1,1274.1,1274.1,1274.1,3.0
2026-07-06 11:30:00+05:30,1274.1,1274.1,1270.1,1270.5,509.0
2026-07-06 11:35:00+05:30,1270.5,1273.7,1270.5,1273.2,13.0
2026-07-06 11:40:00+05:30,1273.0,1273.0,1273.0,1273.0,59.0
2026-07-06 11:45:00+05:30,1273.0,1273.0,1273.0,1273.0,25.0
2026-07-06 11:50:00+05:30,1274.8,1274.8,1273.0,1273.8,154.0
2026-07-06 11:55:00+05:30,1274.9,1274.9,1272.0,1272.4,287.0
2026-07-06 12:00:00+05:30,1272.4,1274.9,1272.4,1274.6,135.0
2026-07-06 12:05:00+05:30,1274.6,1275.2,1273.2,1274.9,236.0
2026-07-06 12:10:00+05:30,1274.6,1274.6,1270.3,1271.2,265.0
2026-07-06 12:15:00+05:30,1271.2,1273.5,1271.2,1273.5,1.0
2026-07-06 12:20:00+05:30,1273.5,1273.5,1271.5,1271.5,1216.0
2026-07-06 12:25:00+05:30,1273.4,1273.4,1271.5,1272.0,46.0
2026-07-06 12:30:00+05:30,1272.0,1274.1,1272.0,1274.0,125.0
2026-07-06 12:35:00+05:30,1274.0,1274.0,1272.6,1274.0,19.0
2026-07-06 12:40:00+05:30,1274.0,1274.0,1272.0,1272.0,518.0
2026-07-06 12:45:00+05:30,1272.0,1272.8,1272.0,1272.8,199.0
2026-07-06 12:50:00+05:30,1272.8,1272.8,1272.8,1272.8,20.0
2026-07-06 12:55:00+05:30,1272.5,1275.0,1272.5,1275.0,184.0
2026-07-06 13:00:00+05:30,1275.0,1276.3,1274.0,1276.3,328.0
2026-07-06 13:05:00+05:30,1276.3,1276.8,1276.3,1276.6,31.0
2026-07-06 13:10:00+05:30,1276.7,1276.7,1275.3,1275.4,135.0
2026-07-06 13:15:00+05:30,1275.3,1276.7,1274.1,1274.6,289.0
2026-07-06 13:20:00+05:30,1275.1,1275.2,1274.6,1274.6,1191.0
2026-07-06 13:25:00+05:30,1272.8,1274.5,1272.8,1274.5,101.0
2026-07-06 13:30:00+05:30,1273.9,1273.9,1272.8,1272.8,61.0
2026-07-06 13:35:00+05:30,1272.8,1274.5,1272.8,1274.1,125.0
2026-07-06 13:40:00+05:30,1274.1,1275.3,1273.4,1275.2,20.0
2026-07-06 13:45:00+05:30,1275.2,1275.3,1272.8,1274.1,249.0
2026-07-06 13:50:00+05:30,1273.6,1276.8,1273.6,1276.8,191.0
2026-07-06 13:55:00+05:30,1276.8,1276.8,1275.2,1276.8,171.0
2026-07-06 14:00:00+05:30,1276.8,1276.8,1275.1,1276.8,50.0
2026-07-06 14:05:00+05:30,1275.2,1275.2,1275.2,1275.2,3.0
2026-07-06 14:10:00+05:30,1276.8,1276.8,1276.8,1276.8,135.0
2026-07-06 14:15:00+05:30,1276.0,1276.0,1275.0,1275.0,179.0
2026-07-06 14:20:00+05:30,1275.0,1278.0,1275.0,1278.0,217.0
2026-07-06 14:25:00+05:30,1278.0,1279.8,1277.9,1278.0,735.0
2026-07-06 14:30:00+05:30,1278.0,1279.0,1278.0,1279.0,170.0
2026-07-06 14:35:00+05:30,1278.8,1279.0,1278.8,1278.8,57.0
2026-07-06 14:40:00+05:30,1278.8,1278.8,1278.0,1278.0,118.0
2026-07-06 14:45:00+05:30,1278.7,1278.7,1278.0,1278.0,41.0
2026-07-06 14:50:00+05:30,1278.0,1282.0,1278.0,1282.0,660.0
2026-07-06 14:55:00+05:30,1283.4,1285.0,1280.0,1280.0,744.0
2026-07-06 15:00:00+05:30,1280.0,1281.6,1278.3,1281.1,199.0
2026-07-06 15:05:00+05:30,1280.0,1285.9,1280.0,1285.0,1306.0
2026-07-06 15:10:00+05:30,1285.0,1285.0,1280.0,1280.0,1658.0
2026-07-06 15:15:00+05:30,1281.0,1281.9,1278.7,1280.0,592.0
2026-07-06 15:20:00+05:30,1281.0,1281.9,1281.0,1281.5,284.0
2026-07-06 15:25:00+05:30,1281.7,1281.7,1279.1,1280.0,1001.0
2026-07-07 09:15:00+05:30,1267.0,1278.4,1265.0,1269.8,1009.0
2026-07-07 09:20:00+05:30,1269.8,1270.0,1266.1,1269.8,326.0
2026-07-07 09:25:00+05:30,1269.6,1269.6,1265.0,1265.0,433.0
2026-07-07 09:30:00+05:30,1269.5,1269.5,1264.4,1265.7,371.0
2026-07-07 09:35:00+05:30,1265.8,1266.9,1264.4,1266.9,129.0
2026-07-07 09:40:00+05:30,1267.0,1272.2,1267.0,1269.6,436.0
2026-07-07 09:45:00+05:30,1267.1,1267.1,1261.3,1266.2,666.0
2026-07-07 09:50:00+05:30,1266.2,1266.7,1266.2,1266.6,4.0
2026-07-07 09:55:00+05:30,1266.6,1266.6,1265.9,1265.9,112.0
2026-07-07 10:00:00+05:30,1265.8,1265.8,1264.4,1264.4,11.0
2026-07-07 10:05:00+05:30,1265.8,1266.4,1264.6,1264.6,88.0
2026-07-07 10:10:00+05:30,1264.6,1264.6,1255.2,1260.4,653.0
2026-07-07 10:15:00+05:30,1258.1,1260.7,1256.2,1256.2,478.0
2026-07-07 10:20:00+05:30,1256.2,1258.2,1256.2,1256.2,65.0
2026-07-07 10:25:00+05:30,1258.0,1258.0,1250.8,1253.0,523.0
2026-07-07 10:30:00+05:30,1253.0,1253.0,1251.2,1253.0,46.0
2026-07-07 10:35:00+05:30,1253.0,1255.0,1251.2,1253.6,166.0
2026-07-07 10:40:00+05:30,1253.6,1253.7,1252.9,1253.7,12.0
2026-07-07 10:45:00+05:30,1253.7,1253.7,1250.1,1250.1,248.0
2026-07-07 10:50:00+05:30,1250.1,1253.7,1250.1,1250.8,41.0
2026-07-07 10:55:00+05:30,1250.8,1253.4,1250.8,1253.4,5.0
2026-07-07 11:00:00+05:30,1254.5,1254.9,1252.2,1253.9,219.0
2026-07-07 11:05:00+05:30,1253.9,1258.9,1253.9,1256.6,412.0
2026-07-07 11:10:00+05:30,1256.4,1259.1,1256.4,1259.1,219.0
2026-07-07 11:15:00+05:30,1259.1,1259.3,1256.7,1256.7,680.0
2026-07-07 11:20:00+05:30,1256.5,1256.5,1256.5,1256.5,336.0
2026-07-07 11:25:00+05:30,1258.4,1263.3,1256.5,1258.6,367.0
2026-07-07 11:30:00+05:30,1258.7,1260.2,1257.1,1260.2,156.0
2026-07-07 11:35:00+05:30,1260.2,1263.8,1260.2,1263.7,171.0
2026-07-07 11:40:00+05:30,1263.7,1264.5,1263.0,1264.5,279.0
2026-07-07 11:45:00+05:30,1264.5,1264.5,1261.2,1261.2,33.0
2026-07-07 11:50:00+05:30,1261.2,1265.0,1261.2,1265.0,151.0
2026-07-07 11:55:00+05:30,1265.0,1265.0,1263.9,1263.9,11.0
2026-07-07 12:00:00+05:30,1263.9,1263.9,1262.0,1262.0,25.0
2026-07-07 12:05:00+05:30,1262.0,1265.0,1262.0,1265.0,56.0
2026-07-07 12:10:00+05:30,1263.6,1263.6,1263.0,1263.0,89.0
2026-07-07 12:15:00+05:30,1263.0,1264.0,1263.0,1264.0,180.0
2026-07-07 12:20:00+05:30,1264.0,1265.4,1264.0,1265.4,40.0
2026-07-07 12:25:00+05:30,1265.4,1265.4,1262.1,1262.7,148.0
2026-07-07 12:30:00+05:30,1262.7,1264.8,1262.7,1264.5,45.0
2026-07-07 12:35:00+05:30,1264.5,1264.5,1264.5,1264.5,0.0
2026-07-07 12:40:00+05:30,1264.5,1265.9,1262.7,1265.9,72.0
2026-07-07 12:45:00+05:30,1265.9,1265.9,1263.9,1263.9,1.0
2026-07-07 12:50:00+05:30,1263.9,1266.3,1263.9,1266.3,15.0
2026-07-07 12:55:00+05:30,1266.3,1266.3,1264.2,1264.2,1.0
2026-07-07 13:00:00+05:30,1264.5,1265.0,1263.2,1264.3,104.0
2026-07-07 13:05:00+05:30,1264.2,1264.2,1264.2,1264.2,10.0
2026-07-07 13:10:00+05:30,1264.2,1264.2,1264.2,1264.2,0.0
2026-07-07 13:15:00+05:30,1264.1,1264.1,1262.4,1262.8,35.0
2026-07-07 13:20:00+05:30,1262.8,1262.8,1262.8,1262.8,2.0
2026-07-07 13:25:00+05:30,1262.8,1262.8,1262.8,1262.8,0.0
2026-07-07 13:30:00+05:30,1264.1,1264.1,1264.1,1264.1,18.0
2026-07-07 13:35:00+05:30,1264.1,1264.9,1264.1,1264.9,5.0
2026-07-07 13:40:00+05:30,1262.1,1264.1,1262.1,1264.1,67.0
2026-07-07 13:45:00+05:30,1264.1,1264.1,1264.1,1264.1,5.0
2026-07-07 13:50:00+05:30,1264.1,1264.3,1262.4,1262.4,25.0
2026-07-07 13:55:00+05:30,1262.4,1264.1,1262.0,1262.0,33.0
2026-07-07 14:00:00+05:30,1263.8,1263.8,1261.1,1263.6,113.0
2026-07-07 14:05:00+05:30,1263.6,1263.6,1261.0,1261.0,160.0
2026-07-07 14:10:00+05:30,1261.0,1263.6,1261.0,1263.6,3.0
2026-07-07 14:15:00+05:30,1263.6,1263.6,1262.0,1263.0,149.0
2026-07-07 14:20:00+05:30,1263.0,1263.0,1262.3,1262.3,2.0
2026-07-07 14:25:00+05:30,1262.3,1262.3,1261.0,1261.5,288.0
2026-07-07 14:30:00+05:30,1261.5,1261.5,1261.0,1261.5,27.0
2026-07-07 14:35:00+05:30,1260.2,1261.9,1258.3,1261.9,709.0
2026-07-07 14:40:00+05:30,1260.9,1260.9,1260.9,1260.9,11.0
2026-07-07 14:45:00+05:30,1258.1,1263.0,1258.1,1263.0,420.0
2026-07-07 14:50:00+05:30,1264.0,1265.0,1262.8,1264.4,118.0
2026-07-07 14:55:00+05:30,1265.0,1265.0,1262.6,1263.8,188.0
2026-07-07 15:00:00+05:30,1264.3,1265.0,1264.0,1265.0,48.0
2026-07-07 15:05:00+05:30,1265.0,1269.9,1265.0,1269.0,859.0
2026-07-07 15:10:00+05:30,1267.2,1269.0,1265.0,1265.0,161.0
2026-07-07 15:15:00+05:30,1264.9,1265.0,1253.7,1258.7,629.0
2026-07-07 15:20:00+05:30,1261.6,1262.3,1258.7,1262.0,247.0
2026-07-07 15:25:00+05:30,1262.0,1264.7,1258.7,1259.0,1083.0
2026-07-08 09:15:00+05:30,1252.0,1267.1,1242.1,1258.0,389.0
2026-07-08 09:20:00+05:30,1258.0,1258.0,1254.9,1256.8,28.0
2026-07-08 09:25:00+05:30,1255.1,1256.3,1254.2,1256.3,127.0
2026-07-08 09:30:00+05:30,1254.2,1256.0,1254.2,1256.0,8.0
2026-07-08 09:35:00+05:30,1258.0,1258.0,1254.8,1254.8,260.0
2026-07-08 09:40:00+05:30,1256.8,1256.8,1253.5,1253.5,156.0
2026-07-08 09:45:00+05:30,1253.5,1255.9,1253.5,1255.9,47.0
2026-07-08 09:50:00+05:30,1255.9,1255.9,1253.1,1253.2,49.0
2026-07-08 09:55:00+05:30,1253.1,1255.9,1253.1,1253.4,59.0
2026-07-08 10:00:00+05:30,1253.4,1257.3,1253.4,1257.3,64.0
2026-07-08 10:05:00+05:30,1257.3,1257.3,1255.4,1255.4,13.0
2026-07-08 10:10:00+05:30,1255.4,1256.9,1255.4,1256.9,159.0
2026-07-08 10:15:00+05:30,1256.9,1256.9,1255.1,1256.9,86.0
2026-07-08 10:20:00+05:30,1254.1,1256.9,1254.1,1256.8,140.0
2026-07-08 10:25:00+05:30,1256.8,1256.8,1256.7,1256.7,20.0
2026-07-08 10:30:00+05:30,1256.7,1256.8,1254.9,1256.8,13.0
2026-07-08 10:35:00+05:30,1256.8,1256.8,1255.1,1255.1,14.0
2026-07-08 10:40:00+05:30,1255.4,1255.9,1253.6,1253.6,193.0
2026-07-08 10:45:00+05:30,1254.3,1255.6,1253.3,1255.6,410.0
2026-07-08 10:50:00+05:30,1254.7,1254.8,1254.4,1254.4,62.0
2026-07-08 10:55:00+05:30,1254.4,1254.4,1254.4,1254.4,5.0
2026-07-08 11:00:00+05:30,1253.7,1255.3,1253.7,1255.3,290.0
2026-07-08 11:05:00+05:30,1255.9,1255.9,1253.1,1254.0,101.0
2026-07-08 11:10:00+05:30,1254.0,1254.0,1253.4,1253.4,45.0
2026-07-08 11:15:00+05:30,1253.4,1253.4,1253.1,1253.1,38.0
2026-07-08 11:20:00+05:30,1253.1,1256.0,1253.1,1254.6,43.0
2026-07-08 11:25:00+05:30,1254.6,1256.3,1254.6,1256.3,12.0
2026-07-08 11:30:00+05:30,1256.3,1258.8,1256.3,1258.0,77.0
2026-07-08 11:35:00+05:30,1258.0,1258.0,1258.0,1258.0,4.0
2026-07-08 11:40:00+05:30,1258.0,1258.0,1257.0,1258.0,6.0
2026-07-08 11:45:00+05:30,1258.0,1258.0,1254.2,1257.2,188.0
2026-07-08 11:50:00+05:30,1257.2,1257.2,1256.9,1256.9,3.0
2026-07-08 11:55:00+05:30,1257.9,1257.9,1255.9,1255.9,64.0
2026-07-08 12:00:00+05:30,1255.9,1257.0,1255.9,1257.0,40.0
2026-07-08 12:05:00+05:30,1257.0,1257.0,1255.6,1255.6,37.0
2026-07-08 12:10:00+05:30,1255.6,1256.0,1255.6,1256.0,41.0
2026-07-08 12:15:00+05:30,1256.0,1257.0,1256.0,1257.0,20.0
2026-07-08 12:20:00+05:30,1257.0,1257.0,1257.0,1257.0,10.0
2026-07-08 12:25:00+05:30,1257.0,1257.9,1257.0,1257.0,20.0
2026-07-08 12:30:00+05:30,1256.8,1256.8,1253.1,1253.3,324.0
2026-07-08 12:35:00+05:30,1253.3,1255.1,1253.3,1255.1,17.0
2026-07-08 12:40:00+05:30,1255.1,1255.1,1255.1,1255.1,0.0
2026-07-08 12:45:00+05:30,1255.1,1255.1,1254.9,1254.9,31.0
2026-07-08 12:50:00+05:30,1254.9,1254.9,1254.9,1254.9,0.0
2026-07-08 12:55:00+05:30,1254.9,1254.9,1254.9,1254.9,0.0
2026-07-08 13:00:00+05:30,1254.9,1255.7,1254.9,1255.7,8.0
2026-07-08 13:05:00+05:30,1255.7,1255.7,1254.2,1254.2,68.0
2026-07-08 13:10:00+05:30,1255.1,1255.1,1255.1,1255.1,5.0
2026-07-08 13:15:00+05:30,1255.1,1257.9,1255.1,1257.9,150.0
2026-07-08 13:20:00+05:30,1257.9,1258.0,1257.9,1258.0,37.0
2026-07-08 13:25:00+05:30,1258.0,1258.0,1256.8,1257.6,22.0
2026-07-08 13:30:00+05:30,1257.6,1257.6,1255.4,1255.4,28.0
2026-07-08 13:35:00+05:30,1255.4,1257.2,1255.4,1255.8,3.0
2026-07-08 13:40:00+05:30,1255.8,1255.8,1255.8,1255.8,0.0
2026-07-08 13:45:00+05:30,1257.5,1257.5,1257.0,1257.0,93.0
2026-07-08 13:50:00+05:30,1257.0,1257.0,1251.0,1251.0,247.0
2026-07-08 13:55:00+05:30,1250.0,1251.0,1246.3,1246.3,266.0
2026-07-08 14:00:00+05:30,1246.3,1247.9,1240.0,1240.0,894.0
2026-07-08 14:05:00+05:30,1239.0,1239.0,1234.2,1236.0,1806.0
2026-07-08 14:10:00+05:30,1234.2,1234.2,1230.0,1231.9,111.0
2026-07-08 14:15:00+05:30,1230.3,1232.1,1223.3,1228.8,774.0
2026-07-08 14:20:00+05:30,1229.4,1230.9,1228.0,1230.9,166.0
2026-07-08 14:25:00+05:30,1237.0,1237.0,1226.1,1229.0,691.0
2026-07-08 14:30:00+05:30,1231.2,1231.2,1225.5,1226.6,240.0
2026-07-08 14:35:00+05:30,1225.4,1227.1,1221.6,1225.2,419.0
2026-07-08 14:40:00+05:30,1225.9,1226.8,1223.6,1223.6,685.0
2026-07-08 14:45:00+05:30,1223.0,1224.4,1221.1,1223.4,559.0
2026-07-08 14:50:00+05:30,1224.5,1224.8,1223.4,1223.4,17.0
2026-07-08 14:55:00+05:30,1223.4,1223.4,1222.0,1223.2,119.0
2026-07-08 15:00:00+05:30,1223.2,1229.9,1223.2,1225.0,437.0
2026-07-08 15:05:00+05:30,1225.0,1226.4,1225.0,1225.1,71.0
2026-07-08 15:10:00+05:30,1225.0,1230.9,1225.0,1226.1,571.0
2026-07-08 15:15:00+05:30,1226.3,1231.0,1226.0,1229.1,475.0
2026-07-08 15:20:00+05:30,1226.0,1235.7,1225.2,1229.7,360.0
2026-07-08 15:25:00+05:30,1231.4,1240.0,1229.1,1229.1,973.0
2026-07-09 09:15:00+05:30,1235.6,1245.1,1235.0,1236.0,977.0
2026-07-09 09:20:00+05:30,1242.3,1244.1,1236.4,1244.1,122.0
2026-07-09 09:25:00+05:30,1242.0,1242.0,1240.4,1240.4,251.0
2026-07-09 09:30:00+05:30,1239.9,1246.7,1239.9,1246.3,326.0
2026-07-09 09:35:00+05:30,1245.6,1245.6,1244.4,1245.0,46.0
2026-07-09 09:40:00+05:30,1245.0,1248.0,1245.0,1248.0,8.0
2026-07-09 09:45:00+05:30,1248.0,1255.0,1248.0,1255.0,564.0
2026-07-09 09:50:00+05:30,1255.0,1257.3,1255.0,1255.0,163.0
2026-07-09 09:55:00+05:30,1255.0,1260.0,1255.0,1260.0,733.0
2026-07-09 10:00:00+05:30,1256.4,1256.4,1252.3,1252.3,635.0
2026-07-09 10:05:00+05:30,1257.7,1257.7,1244.2,1244.2,1020.0
2026-07-09 10:10:00+05:30,1244.2,1244.7,1244.2,1244.7,15.0
2026-07-09 10:15:00+05:30,1244.7,1247.3,1244.6,1246.9,195.0
2026-07-09 10:20:00+05:30,1242.0,1244.3,1241.0,1243.3,211.0
2026-07-09 10:25:00+05:30,1243.3,1243.4,1243.3,1243.4,6.0
2026-07-09 10:30:00+05:30,1243.5,1246.0,1243.5,1246.0,174.0
2026-07-09 10:35:00+05:30,1243.1,1243.1,1240.0,1240.0,132.0
2026-07-09 10:40:00+05:30,1242.1,1244.9,1240.1,1244.9,255.0
2026-07-09 10:45:00+05:30,1241.1,1241.1,1241.1,1241.1,56.0
2026-07-09 10:50:00+05:30,1241.6,1241.6,1237.1,1237.1,383.0
2026-07-09 10:55:00+05:30,1237.1,1238.5,1237.1,1238.5,304.0
2026-07-09 11:00:00+05:30,1238.5,1238.5,1238.5,1238.5,2.0
2026-07-09 11:05:00+05:30,1238.5,1239.6,1238.5,1239.4,7.0
2026-07-09 11:10:00+05:30,1239.4,1239.4,1239.1,1239.1,191.0
2026-07-09 11:15:00+05:30,1239.1,1240.0,1239.1,1240.0,328.0
2026-07-09 11:20:00+05:30,1240.0,1240.0,1240.0,1240.0,14.0
2026-07-09 11:25:00+05:30,1240.0,1240.0,1240.0,1240.0,0.0
2026-07-09 11:30:00+05:30,1240.0,1240.0,1239.1,1239.1,43.0
2026-07-09 11:35:00+05:30,1239.1,1239.5,1238.0,1238.0,196.0
2026-07-09 11:40:00+05:30,1238.0,1238.0,1238.0,1238.0,29.0
2026-07-09 11:45:00+05:30,1238.0,1238.0,1238.0,1238.0,0.0
2026-07-09 11:50:00+05:30,1238.0,1239.6,1238.0,1239.6,50.0
2026-07-09 11:55:00+05:30,1239.9,1240.0,1239.9,1240.0,537.0
2026-07-09 12:00:00+05:30,1240.0,1240.0,1240.0,1240.0,0.0
2026-07-09 12:05:00+05:30,1240.0,1240.0,1240.0,1240.0,355.0
2026-07-09 12:10:00+05:30,1240.0,1240.0,1240.0,1240.0,11.0
2026-07-09 12:15:00+05:30,1240.0,1242.0,1239.4,1239.4,1226.0
2026-07-09 12:20:00+05:30,1239.4,1240.0,1239.4,1240.0,2.0
2026-07-09 12:25:00+05:30,1239.4,1240.5,1238.6,1238.6,42.0
2026-07-09 12:30:00+05:30,1238.6,1240.4,1238.6,1239.1,3.0
2026-07-09 12:35:00+05:30,1239.1,1239.1,1239.1,1239.1,0.0
2026-07-09 12:40:00+05:30,1239.1,1239.1,1239.1,1239.1,0.0
2026-07-09 12:45:00+05:30,1239.1,1239.1,1239.1,1239.1,0.0
2026-07-09 12:50:00+05:30,1239.1,1239.1,1239.1,1239.1,25.0
2026-07-09 12:55:00+05:30,1239.1,1240.9,1239.1,1240.9,40.0
2026-07-09 13:00:00+05:30,1240.7,1240.7,1238.0,1238.0,144.0
2026-07-09 13:05:00+05:30,1238.0,1238.0,1238.0,1238.0,59.0
2026-07-09 13:10:00+05:30,1238.0,1238.0,1238.0,1238.0,0.0
2026-07-09 13:15:00+05:30,1238.0,1238.0,1238.0,1238.0,0.0
2026-07-09 13:20:00+05:30,1238.0,1241.5,1238.0,1238.0,104.0
2026-07-09 13:25:00+05:30,1238.0,1238.0,1238.0,1238.0,0.0
2026-07-09 13:30:00+05:30,1238.0,1240.2,1238.0,1240.2,128.0
2026-07-09 13:35:00+05:30,1238.2,1238.2,1238.2,1238.2,2.0
2026-07-09 13:40:00+05:30,1238.2,1238.7,1238.2,1238.7,1.0
2026-07-09 13:45:00+05:30,1238.7,1242.0,1238.7,1242.0,772.0
2026-07-09 13:50:00+05:30,1242.0,1242.0,1242.0,1242.0,7.0
2026-07-09 13:55:00+05:30,1242.0,1242.0,1242.0,1242.0,0.0
2026-07-09 14:00:00+05:30,1242.0,1245.3,1242.0,1245.3,2325.0
2026-07-09 14:05:00+05:30,1247.7,1247.7,1245.1,1245.1,32.0
2026-07-09 14:10:00+05:30,1242.1,1245.9,1242.1,1245.9,115.0
2026-07-09 14:15:00+05:30,1245.9,1245.9,1244.0,1244.0,189.0
2026-07-09 14:20:00+05:30,1244.0,1244.0,1240.0,1240.0,511.0
2026-07-09 14:25:00+05:30,1240.0,1240.0,1231.6,1234.0,1001.0
2026-07-09 14:30:00+05:30,1232.0,1234.0,1227.1,1230.0,582.0
2026-07-09 14:35:00+05:30,1230.0,1232.9,1230.0,1230.9,152.0
2026-07-09 14:40:00+05:30,1230.5,1230.5,1224.1,1226.6,4254.0
2026-07-09 14:45:00+05:30,1228.5,1230.9,1227.6,1230.0,213.0
2026-07-09 14:50:00+05:30,1230.0,1230.9,1228.1,1230.0,88.0
2026-07-09 14:55:00+05:30,1231.0,1232.7,1228.0,1228.0,31.0
2026-07-09 15:00:00+05:30,1227.6,1227.6,1225.7,1226.0,85.0
2026-07-09 15:05:00+05:30,1226.4,1228.0,1225.8,1226.6,289.0
2026-07-09 15:10:00+05:30,1226.6,1226.9,1224.0,1224.0,386.0
2026-07-09 15:15:00+05:30,1222.7,1222.7,1219.1,1220.9,1413.0
2026-07-09 15:20:00+05:30,1221.2,1227.5,1220.0,1226.3,1443.0
2026-07-09 15:25:00+05:30,1226.7,1228.5,1216.2,1222.2,1069.0
2026-07-10 09:15:00+05:30,1266.0,1335.9,1264.9,1318.5,48881.0
2026-07-10 09:20:00+05:30,1320.5,1340.0,1315.8,1321.7,46482.0
2026-07-10 09:25:00+05:30,1321.6,1321.6,1305.0,1310.0,16370.0
2026-07-10 09:30:00+05:30,1310.0,1324.0,1306.0,1322.6,14633.0
2026-07-10 09:35:00+05:30,1322.0,1335.0,1301.9,1303.0,32158.0
2026-07-10 09:40:00+05:30,1303.0,1311.0,1303.0,1308.1,11903.0
2026-07-10 09:45:00+05:30,1311.0,1311.0,1290.0,1294.1,17479.0
2026-07-10 09:50:00+05:30,1294.2,1299.7,1291.0,1297.7,3533.0
2026-07-10 09:55:00+05:30,1297.7,1305.0,1295.6,1305.0,7449.0
2026-07-10 10:00:00+05:30,1302.7,1309.9,1295.9,1300.2,8776.0
2026-07-10 10:05:00+05:30,1300.3,1305.0,1295.2,1303.6,3406.0
2026-07-10 10:10:00+05:30,1303.7,1304.0,1296.2,1298.0,2278.0
2026-07-10 10:15:00+05:30,1296.5,1300.6,1296.0,1296.0,2170.0
2026-07-10 10:20:00+05:30,1297.5,1303.6,1292.0,1301.2,6013.0
2026-07-10 10:25:00+05:30,1302.0,1306.0,1295.0,1300.6,4599.0
2026-07-10 10:30:00+05:30,1302.5,1302.5,1295.0,1296.4,1283.0
2026-07-10 10:35:00+05:30,1296.0,1302.8,1295.0,1298.0,1967.0
2026-07-10 10:40:00+05:30,1300.4,1300.6,1295.2,1297.0,1753.0
2026-07-10 10:45:00+05:30,1299.0,1303.0,1296.0,1303.0,1915.0
2026-07-10 10:50:00+05:30,1303.0,1303.0,1297.4,1297.6,1102.0
2026-07-10 10:55:00+05:30,1300.0,1302.5,1299.1,1300.6,928.0
2026-07-10 11:00:00+05:30,1301.0,1301.8,1297.3,1301.7,2016.0
2026-07-10 11:05:00+05:30,1301.8,1302.5,1298.0,1298.0,1398.0
2026-07-10 11:10:00+05:30,1298.0,1299.2,1290.2,1294.0,7007.0
2026-07-10 11:15:00+05:30,1294.0,1294.0,1292.1,1293.7,173.0
2026-07-10 11:20:00+05:30,1294.6,1294.6,1292.3,1292.7,525.0
2026-07-10 11:25:00+05:30,1292.7,1293.9,1292.4,1293.4,577.0
2026-07-10 11:30:00+05:30,1293.4,1295.8,1291.0,1294.2,955.0
2026-07-10 11:35:00+05:30,1294.1,1299.0,1294.0,1297.1,1705.0
2026-07-10 11:40:00+05:30,1297.3,1302.5,1297.3,1300.2,1174.0
2026-07-10 11:45:00+05:30,1300.2,1301.8,1298.1,1298.4,524.0
2026-07-10 11:50:00+05:30,1299.9,1301.9,1298.8,1301.9,705.0
2026-07-10 11:55:00+05:30,1300.5,1300.5,1293.0,1293.0,1806.0
2026-07-10 12:00:00+05:30,1293.0,1296.0,1293.0,1295.6,257.0
2026-07-10 12:05:00+05:30,1295.0,1297.6,1293.0,1296.7,1236.0
2026-07-10 12:10:00+05:30,1296.6,1297.4,1293.9,1296.4,148.0
2026-07-10 12:15:00+05:30,1296.4,1296.4,1294.4,1295.0,44.0
2026-07-10 12:20:00+05:30,1296.5,1296.5,1295.0,1295.0,806.0
2026-07-10 12:25:00+05:30,1296.5,1296.5,1285.1,1285.4,3964.0
2026-07-10 12:30:00+05:30,1285.6,1288.7,1284.6,1288.7,1840.0
2026-07-10 12:35:00+05:30,1288.8,1291.1,1286.5,1289.0,334.0
2026-07-10 12:40:00+05:30,1287.4,1287.4,1280.7,1283.1,1351.0
2026-07-10 12:45:00+05:30,1283.2,1287.4,1282.1,1282.1,2654.0
2026-07-10 12:50:00+05:30,1281.3,1286.2,1280.4,1283.0,826.0
2026-07-10 12:55:00+05:30,1285.3,1286.9,1283.2,1284.8,221.0
2026-07-10 13:00:00+05:30,1283.0,1284.9,1275.0,1276.0,2485.0
2026-07-10 13:05:00+05:30,1278.6,1282.3,1275.1,1281.6,1556.0
2026-07-10 13:10:00+05:30,1281.6,1295.8,1281.6,1293.1,4485.0
2026-07-10 13:15:00+05:30,1293.1,1293.1,1288.2,1289.7,324.0
2026-07-10 13:20:00+05:30,1290.1,1293.9,1289.3,1290.0,573.0
2026-07-10 13:25:00+05:30,1288.7,1289.9,1286.0,1287.0,451.0
2026-07-10 13:30:00+05:30,1286.0,1288.0,1285.4,1287.3,350.0
2026-07-10 13:35:00+05:30,1288.9,1288.9,1285.1,1287.2,319.0
2026-07-10 13:40:00+05:30,1285.6,1288.6,1285.6,1288.4,181.0
2026-07-10 13:45:00+05:30,1288.2,1288.2,1286.1,1288.0,166.0
2026-07-10 13:50:00+05:30,1286.4,1290.5,1285.0,1285.0,1334.0
2026-07-10 13:55:00+05:30,1286.3,1297.0,1286.3,1294.3,3725.0
2026-07-10 14:00:00+05:30,1293.4,1295.9,1292.9,1295.0,175.0
2026-07-10 14:05:00+05:30,1294.9,1294.9,1288.2,1293.9,228.0
2026-07-10 14:10:00+05:30,1293.9,1293.9,1289.5,1289.9,367.0
2026-07-10 14:15:00+05:30,1289.3,1295.0,1288.7,1290.0,983.0
2026-07-10 14:20:00+05:30,1290.2,1297.0,1289.4,1294.8,1141.0
2026-07-10 14:25:00+05:30,1293.0,1305.8,1293.0,1299.9,5920.0
2026-07-10 14:30:00+05:30,1298.6,1299.9,1290.0,1290.1,954.0
2026-07-10 14:35:00+05:30,1291.0,1291.0,1278.1,1280.0,5623.0
2026-07-10 14:40:00+05:30,1280.8,1282.3,1276.1,1278.6,2867.0
2026-07-10 14:45:00+05:30,1278.6,1282.0,1278.0,1280.0,1508.0
2026-07-10 14:50:00+05:30,1280.0,1281.9,1279.8,1280.0,603.0
2026-07-10 14:55:00+05:30,1280.0,1280.0,1270.8,1270.8,2107.0
2026-07-10 15:00:00+05:30,1270.6,1276.0,1270.6,1275.0,1926.0
2026-07-10 15:05:00+05:30,1275.9,1277.1,1272.1,1273.0,1809.0
2026-07-10 15:10:00+05:30,1273.1,1273.1,1264.0,1270.7,5798.0
2026-07-10 15:15:00+05:30,1274.1,1279.5,1270.7,1279.0,4260.0
2026-07-10 15:20:00+05:30,1279.8,1285.8,1278.1,1282.2,4181.0
2026-07-10 15:25:00+05:30,1283.8,1288.0,1279.0,1288.0,5288.0
2026-07-13 09:15:00+05:30,1286.0,1323.0,1282.8,1308.0,12153.0
2026-07-13 09:20:00+05:30,1313.0,1324.8,1308.2,1311.4,10348.0
2026-07-13 09:25:00+05:30,1310.9,1311.6,1302.0,1304.0,2727.0
2026-07-13 09:30:00+05:30,1303.0,1305.0,1300.1,1301.0,1064.0
2026-07-13 09:35:00+05:30,1303.1,1315.0,1300.2,1302.1,4457.0
2026-07-13 09:40:00+05:30,1301.0,1304.9,1297.2,1303.8,1603.0
2026-07-13 09:45:00+05:30,1301.6,1303.9,1295.5,1298.2,1297.0
2026-07-13 09:50:00+05:30,1296.0,1298.6,1294.0,1298.6,1249.0
2026-07-13 09:55:00+05:30,1294.1,1297.4,1293.7,1296.0,817.0
2026-07-13 10:00:00+05:30,1295.2,1306.9,1295.1,1305.1,3397.0
2026-07-13 10:05:00+05:30,1305.3,1309.0,1304.0,1305.8,1772.0
2026-07-13 10:10:00+05:30,1306.0,1307.1,1294.8,1295.5,1465.0
2026-07-13 10:15:00+05:30,1297.0,1304.8,1295.6,1302.5,1436.0
2026-07-13 10:20:00+05:30,1303.4,1303.7,1300.9,1301.5,489.0
2026-07-13 10:25:00+05:30,1303.9,1305.0,1301.2,1302.1,487.0
2026-07-13 10:30:00+05:30,1301.2,1305.9,1300.0,1305.8,1240.0
2026-07-13 10:35:00+05:30,1305.8,1305.8,1300.1,1302.0,393.0
2026-07-13 10:40:00+05:30,1301.7,1303.7,1297.0,1298.1,1486.0
2026-07-13 10:45:00+05:30,1298.0,1299.0,1296.0,1296.5,780.0
2026-07-13 10:50:00+05:30,1296.5,1298.0,1295.2,1298.0,180.0
2026-07-13 10:55:00+05:30,1299.0,1299.0,1297.3,1299.0,197.0
2026-07-13 11:00:00+05:30,1297.8,1298.9,1296.1,1298.8,173.0
2026-07-13 11:05:00+05:30,1298.7,1298.9,1296.2,1297.7,382.0
2026-07-13 11:10:00+05:30,1297.7,1297.7,1296.0,1296.0,112.0
2026-07-13 11:15:00+05:30,1297.0,1298.0,1297.0,1297.5,93.0
2026-07-13 11:20:00+05:30,1297.5,1297.8,1297.3,1297.8,58.0
2026-07-13 11:25:00+05:30,1298.9,1300.0,1296.1,1299.6,2522.0
2026-07-13 11:30:00+05:30,1300.0,1301.8,1297.6,1298.4,1057.0
2026-07-13 11:35:00+05:30,1298.4,1299.0,1297.0,1297.0,564.0
2026-07-13 11:40:00+05:30,1295.4,1299.0,1295.4,1299.0,2202.0
2026-07-13 11:45:00+05:30,1297.7,1298.5,1294.0,1295.9,725.0
2026-07-13 11:50:00+05:30,1296.1,1297.9,1294.0,1297.9,1645.0
2026-07-13 11:55:00+05:30,1297.9,1297.9,1286.1,1288.3,3171.0
2026-07-13 12:00:00+05:30,1288.3,1288.4,1288.0,1288.3,563.0
2026-07-13 12:05:00+05:30,1288.0,1288.4,1286.4,1288.2,99.0
2026-07-13 12:10:00+05:30,1284.1,1285.0,1278.0,1285.0,1791.0
2026-07-13 12:15:00+05:30,1285.0,1285.0,1282.9,1282.9,408.0
2026-07-13 12:20:00+05:30,1282.9,1285.0,1282.9,1285.0,39.0
2026-07-13 12:25:00+05:30,1284.8,1285.0,1281.0,1285.0,883.0
2026-07-13 12:30:00+05:30,1288.0,1292.9,1288.0,1292.0,2276.0
2026-07-13 12:35:00+05:30,1292.0,1295.5,1288.0,1291.8,2245.0
2026-07-13 12:40:00+05:30,1289.6,1294.7,1287.7,1294.7,405.0
2026-07-13 12:45:00+05:30,1295.0,1295.7,1292.1,1294.1,796.0
2026-07-13 12:50:00+05:30,1292.1,1294.9,1292.1,1294.0,84.0
2026-07-13 12:55:00+05:30,1293.3,1294.0,1291.1,1293.8,234.0
2026-07-13 13:00:00+05:30,1293.2,1294.6,1293.2,1294.6,174.0
2026-07-13 13:05:00+05:30,1294.5,1297.1,1294.3,1294.3,241.0
2026-07-13 13:10:00+05:30,1294.3,1299.0,1294.3,1299.0,2185.0
2026-07-13 13:15:00+05:30,1298.6,1299.8,1295.0,1295.3,250.0
2026-07-13 13:20:00+05:30,1294.7,1294.7,1294.7,1294.7,4.0
2026-07-13 13:25:00+05:30,1294.7,1296.9,1294.7,1296.9,85.0
2026-07-13 13:30:00+05:30,1296.9,1297.6,1294.7,1294.7,333.0
2026-07-13 13:35:00+05:30,1295.4,1297.6,1295.4,1295.7,75.0
2026-07-13 13:40:00+05:30,1297.9,1297.9,1294.0,1294.0,480.0
2026-07-13 13:45:00+05:30,1294.3,1296.2,1294.3,1296.2,244.0
2026-07-13 13:50:00+05:30,1296.8,1297.0,1296.0,1296.0,46.0
2026-07-13 13:55:00+05:30,1296.0,1296.0,1293.8,1296.0,200.0
2026-07-13 14:00:00+05:30,1296.0,1296.0,1294.0,1294.0,80.0
2026-07-13 14:05:00+05:30,1294.0,1297.0,1294.0,1296.9,115.0
2026-07-13 14:10:00+05:30,1296.0,1307.0,1293.6,1304.1,5313.0
2026-07-13 14:15:00+05:30,1304.1,1305.7,1304.0,1305.0,872.0
2026-07-13 14:20:00+05:30,1304.8,1308.1,1304.0,1308.1,655.0
2026-07-13 14:25:00+05:30,1308.5,1308.5,1305.0,1305.9,993.0
2026-07-13 14:30:00+05:30,1306.5,1306.9,1302.0,1305.4,306.0
2026-07-13 14:35:00+05:30,1307.9,1307.9,1303.7,1303.7,202.0
2026-07-13 14:40:00+05:30,1303.7,1311.8,1302.2,1310.7,1949.0
2026-07-13 14:45:00+05:30,1307.7,1315.0,1307.7,1314.5,1454.0
2026-07-13 14:50:00+05:30,1314.9,1318.1,1313.0,1313.4,2041.0
2026-07-13 14:55:00+05:30,1312.9,1315.9,1312.0,1312.7,604.0
2026-07-13 15:00:00+05:30,1312.8,1313.9,1308.3,1309.5,847.0
2026-07-13 15:05:00+05:30,1308.0,1308.0,1305.0,1306.8,674.0
2026-07-13 15:10:00+05:30,1303.7,1307.8,1303.7,1306.0,513.0
2026-07-13 15:15:00+05:30,1305.9,1310.6,1304.5,1305.4,2845.0
2026-07-13 15:20:00+05:30,1305.4,1311.5,1305.4,1309.0,1585.0
2026-07-13 15:25:00+05:30,1309.9,1311.5,1307.6,1307.6,4001.0
2026-07-14 09:15:00+05:30,1309.0,1313.8,1304.3,1304.3,1436.0
2026-07-14 09:20:00+05:30,1307.3,1307.3,1300.0,1300.0,780.0
2026-07-14 09:25:00+05:30,1298.5,1301.6,1296.0,1296.0,277.0
2026-07-14 09:30:00+05:30,1296.5,1302.8,1295.0,1296.8,1823.0
2026-07-14 09:35:00+05:30,1301.9,1307.0,1301.9,1306.8,409.0
2026-07-14 09:40:00+05:30,1309.7,1310.0,1305.1,1305.1,1380.0
2026-07-14 09:45:00+05:30,1304.9,1304.9,1297.0,1297.0,891.0
2026-07-14 09:50:00+05:30,1292.4,1295.8,1286.2,1291.4,1685.0
2026-07-14 09:55:00+05:30,1292.0,1293.1,1288.1,1292.0,734.0
2026-07-14 10:00:00+05:30,1292.0,1292.8,1288.4,1292.7,81.0
2026-07-14 10:05:00+05:30,1292.7,1293.8,1289.0,1291.5,519.0
2026-07-14 10:10:00+05:30,1291.5,1292.2,1290.0,1290.0,219.0
2026-07-14 10:15:00+05:30,1292.4,1294.9,1290.2,1290.7,476.0
2026-07-14 10:20:00+05:30,1293.5,1294.2,1293.5,1293.7,38.0
2026-07-14 10:25:00+05:30,1291.4,1293.1,1290.0,1292.0,200.0
2026-07-14 10:30:00+05:30,1294.9,1298.9,1290.7,1298.9,4804.0
2026-07-14 10:35:00+05:30,1296.8,1299.0,1294.8,1297.0,358.0
2026-07-14 10:40:00+05:30,1293.1,1296.3,1293.1,1296.3,287.0
2026-07-14 10:45:00+05:30,1296.3,1299.8,1295.1,1295.8,733.0
2026-07-14 10:50:00+05:30,1296.5,1301.1,1295.1,1300.1,887.0
2026-07-14 10:55:00+05:30,1301.7,1302.4,1300.1,1300.1,421.0
2026-07-14 11:00:00+05:30,1300.1,1300.1,1299.0,1299.0,88.0
2026-07-14 11:05:00+05:30,1298.8,1301.1,1298.8,1299.9,400.0
2026-07-14 11:10:00+05:30,1299.9,1299.9,1298.0,1298.0,303.0
2026-07-14 11:15:00+05:30,1298.6,1298.6,1296.0,1296.0,452.0
2026-07-14 11:20:00+05:30,1295.8,1296.0,1295.8,1296.0,24.0
2026-07-14 11:25:00+05:30,1296.0,1296.0,1292.3,1292.3,209.0
2026-07-14 11:30:00+05:30,1292.3,1294.8,1292.3,1292.4,27.0
2026-07-14 11:35:00+05:30,1292.4,1295.0,1292.4,1295.0,129.0
2026-07-14 11:40:00+05:30,1295.0,1295.0,1292.3,1292.5,347.0
2026-07-14 11:45:00+05:30,1292.5,1294.7,1292.0,1292.0,199.0
2026-07-14 11:50:00+05:30,1295.7,1297.9,1294.6,1297.0,301.0
2026-07-14 11:55:00+05:30,1297.3,1297.3,1295.3,1295.3,66.0
2026-07-14 12:00:00+05:30,1295.3,1295.3,1294.3,1294.3,14.0
2026-07-14 12:05:00+05:30,1294.3,1296.8,1294.3,1295.4,76.0
2026-07-14 12:10:00+05:30,1296.1,1296.3,1296.1,1296.3,37.0
2026-07-14 12:15:00+05:30,1296.3,1296.3,1293.4,1293.4,93.0
2026-07-14 12:20:00+05:30,1293.9,1296.0,1293.9,1294.5,60.0
2026-07-14 12:25:00+05:30,1294.5,1294.5,1294.5,1294.5,0.0
2026-07-14 12:30:00+05:30,1293.1,1293.8,1292.2,1292.2,576.0
2026-07-14 12:35:00+05:30,1292.2,1293.9,1292.2,1292.3,10.0
2026-07-14 12:40:00+05:30,1292.2,1294.0,1292.2,1294.0,261.0
2026-07-14 12:45:00+05:30,1294.0,1294.1,1294.0,1294.1,8.0
2026-07-14 12:50:00+05:30,1295.8,1295.8,1293.6,1294.9,51.0
2026-07-14 12:55:00+05:30,1293.6,1293.6,1293.6,1293.6,7.0
2026-07-14 13:00:00+05:30,1293.7,1293.7,1293.7,1293.7,3.0
2026-07-14 13:05:00+05:30,1293.7,1293.7,1293.7,1293.7,0.0
2026-07-14 13:10:00+05:30,1293.7,1296.9,1293.7,1296.9,42.0
2026-07-14 13:15:00+05:30,1296.9,1296.9,1295.7,1295.7,16.0
2026-07-14 13:20:00+05:30,1295.7,1297.0,1295.4,1295.7,220.0
2026-07-14 13:25:00+05:30,1295.7,1295.7,1295.1,1295.2,150.0
2026-07-14 13:30:00+05:30,1295.2,1297.0,1295.2,1297.0,152.0
2026-07-14 13:35:00+05:30,1297.0,1297.0,1293.0,1293.0,262.0
2026-07-14 13:40:00+05:30,1293.0,1294.6,1293.0,1293.1,22.0
2026-07-14 13:45:00+05:30,1293.1,1293.2,1293.1,1293.2,25.0
2026-07-14 13:50:00+05:30,1295.0,1295.0,1295.0,1295.0,5.0
2026-07-14 13:55:00+05:30,1295.7,1297.0,1295.7,1297.0,614.0
2026-07-14 14:00:00+05:30,1296.7,1296.7,1294.3,1294.4,87.0
2026-07-14 14:05:00+05:30,1295.2,1297.0,1294.0,1294.0,131.0
2026-07-14 14:10:00+05:30,1294.0,1299.8,1294.0,1299.0,1505.0
2026-07-14 14:15:00+05:30,1300.0,1300.0,1300.0,1300.0,15.0
2026-07-14 14:20:00+05:30,1299.2,1301.0,1299.2,1300.1,229.0
2026-07-14 14:25:00+05:30,1300.0,1300.0,1297.1,1297.1,256.0
2026-07-14 14:30:00+05:30,1298.5,1301.0,1297.2,1298.1,495.0
2026-07-14 14:35:00+05:30,1298.1,1298.2,1298.1,1298.2,11.0
2026-07-14 14:40:00+05:30,1298.2,1299.1,1297.0,1298.6,1452.0
2026-07-14 14:45:00+05:30,1298.6,1300.0,1298.2,1299.8,62.0
2026-07-14 14:50:00+05:30,1298.2,1298.2,1297.0,1297.0,1597.0
2026-07-14 14:55:00+05:30,1297.0,1299.0,1297.0,1298.0,244.0
2026-07-14 15:00:00+05:30,1298.4,1298.8,1297.0,1298.7,166.0
2026-07-14 15:05:00+05:30,1298.6,1299.0,1297.0,1297.0,200.0
2026-07-14 15:10:00+05:30,1299.0,1299.0,1297.0,1297.1,725.0
2026-07-14 15:15:00+05:30,1297.1,1298.2,1297.0,1297.0,1298.0
2026-07-14 15:20:00+05:30,1297.3,1299.3,1297.1,1297.6,656.0
2026-07-14 15:25:00+05:30,1299.9,1299.9,1297.0,1297.0,885.0
2026-07-15 09:15:00+05:30,1300.0,1305.9,1297.1,1299.6,985.0
2026-07-15 09:20:00+05:30,1303.8,1312.0,1299.5,1312.0,1326.0
2026-07-15 09:25:00+05:30,1308.1,1310.0,1308.0,1308.2,787.0
2026-07-15 09:30:00+05:30,1309.0,1320.0,1309.0,1316.1,872.0
2026-07-15 09:35:00+05:30,1319.9,1319.9,1311.0,1313.8,800.0
2026-07-15 09:40:00+05:30,1314.6,1314.9,1311.2,1312.9,331.0
2026-07-15 09:45:00+05:30,1314.6,1314.6,1311.8,1313.8,198.0
2026-07-15 09:50:00+05:30,1310.2,1312.2,1308.9,1312.2,177.0
2026-07-15 09:55:00+05:30,1312.2,1312.4,1308.0,1310.5,174.0
2026-07-15 10:00:00+05:30,1306.6,1307.1,1306.3,1306.3,107.0
2026-07-15 10:05:00+05:30,1304.9,1306.0,1302.2,1306.0,360.0
2026-07-15 10:10:00+05:30,1306.3,1307.8,1304.1,1306.0,161.0
2026-07-15 10:15:00+05:30,1304.2,1309.2,1304.2,1306.3,1231.0
2026-07-15 10:20:00+05:30,1308.6,1309.0,1304.1,1307.8,355.0
2026-07-15 10:25:00+05:30,1307.8,1307.8,1304.7,1307.8,41.0
2026-07-15 10:30:00+05:30,1308.6,1308.6,1305.0,1306.9,171.0
2026-07-15 10:35:00+05:30,1306.9,1306.9,1304.1,1304.1,2.0
2026-07-15 10:40:00+05:30,1304.1,1305.9,1303.1,1305.0,222.0
2026-07-15 10:45:00+05:30,1305.0,1305.3,1303.0,1303.0,41.0
2026-07-15 10:50:00+05:30,1303.0,1306.9,1303.0,1303.9,199.0
2026-07-15 10:55:00+05:30,1303.9,1304.4,1303.9,1304.4,1.0
2026-07-15 11:00:00+05:30,1305.0,1307.0,1303.2,1303.2,181.0
2026-07-15 11:05:00+05:30,1303.9,1303.9,1303.0,1303.0,17.0
2026-07-15 11:10:00+05:30,1303.0,1303.2,1303.0,1303.2,20.0
2026-07-15 11:15:00+05:30,1302.1,1302.4,1302.1,1302.4,105.0
2026-07-15 11:20:00+05:30,1302.4,1304.7,1301.5,1303.0,169.0
2026-07-15 11:25:00+05:30,1303.0,1304.9,1301.0,1304.9,295.0
2026-07-15 11:30:00+05:30,1304.9,1305.2,1302.1,1305.2,150.0
2026-07-15 11:35:00+05:30,1305.2,1305.2,1300.3,1304.6,96.0
2026-07-15 11:40:00+05:30,1299.2,1299.2,1297.0,1297.0,400.0
2026-07-15 11:45:00+05:30,1297.0,1297.0,1293.1,1297.0,499.0
2026-07-15 11:50:00+05:30,1295.0,1295.0,1293.1,1294.9,167.0
2026-07-15 11:55:00+05:30,1294.9,1296.9,1294.9,1296.9,131.0
2026-07-15 12:00:00+05:30,1295.0,1296.9,1295.0,1296.8,25.0
2026-07-15 12:05:00+05:30,1296.8,1296.8,1293.1,1293.1,1131.0
2026-07-15 12:10:00+05:30,1296.9,1296.9,1293.7,1293.7,226.0
2026-07-15 12:15:00+05:30,1294.4,1296.9,1294.4,1296.9,26.0
2026-07-15 12:20:00+05:30,1295.0,1299.1,1295.0,1299.1,94.0
2026-07-15 12:25:00+05:30,1299.1,1299.8,1299.1,1299.8,22.0
2026-07-15 12:30:00+05:30,1299.8,1299.8,1299.8,1299.8,5.0
2026-07-15 12:35:00+05:30,1299.7,1299.7,1299.7,1299.7,10.0
2026-07-15 12:40:00+05:30,1295.1,1298.6,1295.1,1298.6,110.0
2026-07-15 12:45:00+05:30,1298.6,1298.6,1298.6,1298.6,0.0
2026-07-15 12:50:00+05:30,1297.4,1297.4,1294.4,1296.9,190.0
2026-07-15 12:55:00+05:30,1296.0,1296.0,1290.0,1290.3,726.0
2026-07-15 13:00:00+05:30,1290.5,1292.7,1290.3,1292.7,24.0
2026-07-15 13:05:00+05:30,1292.7,1292.7,1292.7,1292.7,0.0
2026-07-15 13:10:00+05:30,1290.9,1290.9,1290.0,1290.4,56.0
2026-07-15 13:15:00+05:30,1290.4,1292.1,1290.4,1291.9,182.0
2026-07-15 13:20:00+05:30,1291.9,1292.1,1291.9,1292.1,14.0
2026-07-15 13:25:00+05:30,1293.7,1294.1,1293.0,1293.1,16.0
2026-07-15 13:30:00+05:30,1292.4,1292.4,1292.4,1292.4,100.0
2026-07-15 13:35:00+05:30,1292.4,1292.5,1292.4,1292.5,19.0
2026-07-15 13:40:00+05:30,1292.4,1292.6,1292.4,1292.4,227.0
2026-07-15 13:45:00+05:30,1292.4,1292.4,1288.0,1288.0,162.0
2026-07-15 13:50:00+05:30,1288.0,1289.0,1288.0,1289.0,105.0
2026-07-15 13:55:00+05:30,1289.0,1289.0,1289.0,1289.0,0.0
2026-07-15 14:00:00+05:30,1288.0,1289.0,1287.7,1287.7,152.0
2026-07-15 14:05:00+05:30,1285.2,1288.9,1285.1,1287.9,416.0
2026-07-15 14:10:00+05:30,1287.3,1287.6,1285.0,1287.6,626.0
2026-07-15 14:15:00+05:30,1287.6,1287.9,1285.1,1285.1,60.0
2026-07-15 14:20:00+05:30,1289.7,1289.7,1285.1,1288.6,235.0
2026-07-15 14:25:00+05:30,1287.0,1288.9,1287.0,1288.9,48.0
2026-07-15 14:30:00+05:30,1287.0,1287.0,1285.7,1286.2,210.0
2026-07-15 14:35:00+05:30,1286.2,1286.2,1285.7,1285.7,20.0
2026-07-15 14:40:00+05:30,1285.7,1287.9,1285.7,1287.9,76.0
2026-07-15 14:45:00+05:30,1287.9,1288.8,1287.8,1288.8,7.0
2026-07-15 14:50:00+05:30,1286.3,1288.7,1286.3,1286.6,270.0
2026-07-15 14:55:00+05:30,1286.5,1286.5,1286.5,1286.5,56.0
2026-07-15 15:00:00+05:30,1286.5,1289.0,1286.5,1288.3,102.0
2026-07-15 15:05:00+05:30,1288.3,1293.0,1288.1,1290.3,1263.0
2026-07-15 15:10:00+05:30,1291.0,1291.0,1286.3,1286.5,251.0
2026-07-15 15:15:00+05:30,1289.6,1289.6,1285.8,1286.2,375.0
2026-07-15 15:20:00+05:30,1286.2,1287.1,1280.8,1280.8,2060.0
2026-07-15 15:25:00+05:30,1280.8,1289.7,1280.8,1284.0,1139.0
2026-07-16 09:15:00+05:30,1287.0,1306.0,1287.0,1302.2,1097.0
2026-07-16 09:20:00+05:30,1300.5,1301.0,1295.5,1298.0,669.0
2026-07-16 09:25:00+05:30,1297.2,1301.4,1296.7,1300.1,341.0
2026-07-16 09:30:00+05:30,1300.1,1300.1,1296.0,1298.0,2005.0
2026-07-16 09:35:00+05:30,1297.0,1304.9,1297.0,1300.0,653.0
2026-07-16 09:40:00+05:30,1300.0,1303.5,1300.0,1303.5,84.0
2026-07-16 09:45:00+05:30,1303.5,1305.0,1300.0,1300.3,172.0
2026-07-16 09:50:00+05:30,1300.3,1300.3,1300.0,1300.0,110.0
2026-07-16 09:55:00+05:30,1300.8,1301.0,1298.0,1299.3,419.0
2026-07-16 10:00:00+05:30,1299.3,1301.2,1299.2,1299.2,45.0
2026-07-16 10:05:00+05:30,1298.0,1303.5,1296.1,1300.1,581.0
2026-07-16 10:10:00+05:30,1301.3,1305.9,1300.3,1303.4,320.0
2026-07-16 10:15:00+05:30,1306.0,1306.0,1304.0,1304.0,477.0
2026-07-16 10:20:00+05:30,1304.0,1305.4,1302.8,1305.4,218.0
2026-07-16 10:25:00+05:30,1306.9,1310.9,1301.4,1308.1,1080.0
2026-07-16 10:30:00+05:30,1309.0,1309.0,1306.2,1306.2,51.0
2026-07-16 10:35:00+05:30,1305.1,1305.1,1302.1,1302.9,278.0
2026-07-16 10:40:00+05:30,1302.9,1307.0,1302.5,1302.5,230.0
2026-07-16 10:45:00+05:30,1302.5,1304.8,1301.9,1301.9,208.0
2026-07-16 10:50:00+05:30,1302.3,1305.1,1302.3,1305.1,4.0
2026-07-16 10:55:00+05:30,1305.1,1305.1,1304.9,1305.0,47.0
2026-07-16 11:00:00+05:30,1305.1,1305.1,1304.8,1304.8,55.0
2026-07-16 11:05:00+05:30,1304.8,1304.8,1302.7,1302.7,1.0
2026-07-16 11:10:00+05:30,1303.2,1303.2,1297.9,1297.9,492.0
2026-07-16 11:15:00+05:30,1295.5,1298.7,1286.1,1295.9,2493.0
2026-07-16 11:20:00+05:30,1295.8,1295.8,1292.7,1292.7,80.0
2026-07-16 11:25:00+05:30,1292.0,1292.2,1292.0,1292.2,603.0
2026-07-16 11:30:00+05:30,1292.2,1292.2,1292.2,1292.2,0.0
2026-07-16 11:35:00+05:30,1292.2,1293.6,1292.0,1292.0,60.0
2026-07-16 11:40:00+05:30,1291.1,1291.1,1291.1,1291.1,142.0
2026-07-16 11:45:00+05:30,1291.1,1292.0,1291.1,1292.0,356.0
2026-07-16 11:50:00+05:30,1292.0,1292.0,1290.2,1290.2,43.0
2026-07-16 11:55:00+05:30,1290.0,1290.0,1290.0,1290.0,681.0
2026-07-16 12:00:00+05:30,1290.0,1290.0,1287.0,1287.7,463.0
2026-07-16 12:05:00+05:30,1289.0,1290.9,1289.0,1290.9,160.0
2026-07-16 12:10:00+05:30,1290.9,1290.9,1287.0,1287.0,99.0
2026-07-16 12:15:00+05:30,1287.0,1287.0,1286.0,1286.4,211.0
2026-07-16 12:20:00+05:30,1286.4,1288.0,1286.1,1286.1,104.0
2026-07-16 12:25:00+05:30,1286.1,1287.2,1286.1,1286.1,62.0
2026-07-16 12:30:00+05:30,1286.1,1291.0,1286.1,1290.1,276.0
2026-07-16 12:35:00+05:30,1288.8,1293.4,1288.8,1293.4,2179.0
2026-07-16 12:40:00+05:30,1293.4,1295.3,1293.4,1295.3,46.0
2026-07-16 12:45:00+05:30,1295.3,1295.3,1295.3,1295.3,0.0
2026-07-16 12:50:00+05:30,1295.3,1295.3,1294.0,1294.0,56.0
2026-07-16 12:55:00+05:30,1294.0,1294.0,1293.4,1293.5,4.0
2026-07-16 13:00:00+05:30,1293.5,1294.9,1293.5,1294.9,1.0
2026-07-16 13:05:00+05:30,1292.3,1294.9,1290.4,1292.7,632.0
2026-07-16 13:10:00+05:30,1290.7,1291.2,1290.7,1291.2,10.0
2026-07-16 13:15:00+05:30,1291.2,1291.2,1290.3,1291.1,37.0
2026-07-16 13:20:00+05:30,1291.1,1293.4,1291.1,1293.4,1.0
2026-07-16 13:25:00+05:30,1293.4,1293.4,1293.4,1293.4,0.0
2026-07-16 13:30:00+05:30,1290.0,1290.0,1288.0,1288.0,278.0
2026-07-16 13:35:00+05:30,1288.0,1288.0,1287.9,1287.9,1.0
2026-07-16 13:40:00+05:30,1288.0,1288.1,1286.0,1288.1,257.0
2026-07-16 13:45:00+05:30,1288.1,1289.9,1288.1,1289.0,57.0
2026-07-16 13:50:00+05:30,1289.0,1289.0,1286.2,1288.9,132.0
2026-07-16 13:55:00+05:30,1288.9,1290.0,1288.9,1290.0,87.0
2026-07-16 14:00:00+05:30,1290.0,1292.0,1290.0,1292.0,15.0
2026-07-16 14:05:00+05:30,1293.8,1293.8,1291.4,1293.0,23.0
2026-07-16 14:10:00+05:30,1293.0,1294.6,1293.0,1294.6,100.0
2026-07-16 14:15:00+05:30,1294.6,1294.6,1294.6,1294.6,0.0
2026-07-16 14:20:00+05:30,1294.6,1294.6,1294.6,1294.6,0.0
2026-07-16 14:25:00+05:30,1294.6,1294.6,1291.5,1291.5,20.0
2026-07-16 14:30:00+05:30,1291.5,1291.5,1291.5,1291.5,10.0
2026-07-16 14:35:00+05:30,1291.5,1291.6,1291.5,1291.6,1.0
2026-07-16 14:40:00+05:30,1291.6,1293.6,1291.6,1293.6,50.0
2026-07-16 14:45:00+05:30,1291.3,1293.6,1291.3,1293.6,25.0
2026-07-16 14:50:00+05:30,1293.6,1293.6,1293.5,1293.5,8.0
2026-07-16 14:55:00+05:30,1293.2,1293.5,1291.4,1293.4,96.0
2026-07-16 15:00:00+05:30,1293.3,1293.6,1292.0,1293.6,138.0
2026-07-16 15:05:00+05:30,1295.2,1295.9,1289.2,1291.6,916.0
2026-07-16 15:10:00+05:30,1291.6,1295.6,1288.4,1288.7,165.0
2026-07-16 15:15:00+05:30,1288.7,1291.8,1286.4,1290.0,431.0
2026-07-16 15:20:00+05:30,1290.0,1292.4,1287.2,1289.8,860.0
2026-07-16 15:25:00+05:30,1290.0,1291.5,1284.0,1284.0,967.0
2026-07-17 09:15:00+05:30,1305.0,1305.0,1288.0,1289.0,887.0
2026-07-17 09:20:00+05:30,1289.0,1289.0,1278.0,1278.0,625.0
2026-07-17 09:25:00+05:30,1278.8,1289.7,1278.8,1289.7,1181.0
2026-07-17 09:30:00+05:30,1287.3,1287.9,1282.6,1286.4,509.0
2026-07-17 09:35:00+05:30,1287.0,1288.7,1282.8,1287.0,287.0
2026-07-17 09:40:00+05:30,1287.0,1287.8,1284.5,1286.7,353.0
2026-07-17 09:45:00+05:30,1286.1,1286.1,1280.0,1280.0,329.0
2026-07-17 09:50:00+05:30,1280.0,1284.6,1280.0,1281.9,397.0
2026-07-17 09:55:00+05:30,1284.2,1284.7,1281.1,1281.9,136.0
2026-07-17 10:00:00+05:30,1281.7,1281.9,1278.7,1280.0,512.0
2026-07-17 10:05:00+05:30,1280.3,1280.3,1272.5,1274.6,1183.0
2026-07-17 10:10:00+05:30,1275.4,1277.9,1275.0,1275.7,86.0
2026-07-17 10:15:00+05:30,1277.6,1281.6,1276.8,1279.8,356.0
2026-07-17 10:20:00+05:30,1279.8,1280.3,1279.8,1280.3,14.0
2026-07-17 10:25:00+05:30,1282.9,1285.1,1282.9,1285.1,115.0
2026-07-17 10:30:00+05:30,1281.5,1281.5,1281.3,1281.4,11.0
2026-07-17 10:35:00+05:30,1281.1,1281.1,1280.1,1280.1,37.0
2026-07-17 10:40:00+05:30,1280.1,1282.7,1280.1,1282.7,103.0
2026-07-17 10:45:00+05:30,1280.5,1282.0,1278.2,1278.2,28.0
2026-07-17 10:50:00+05:30,1278.2,1278.6,1278.2,1278.6,17.0
2026-07-17 10:55:00+05:30,1277.1,1282.0,1277.1,1282.0,225.0
2026-07-17 11:00:00+05:30,1282.0,1282.7,1282.0,1282.7,3.0
2026-07-17 11:05:00+05:30,1284.7,1284.8,1284.0,1284.0,22.0
2026-07-17 11:10:00+05:30,1284.0,1284.0,1282.0,1282.0,511.0
2026-07-17 11:15:00+05:30,1284.4,1284.4,1282.0,1282.2,115.0
2026-07-17 11:20:00+05:30,1282.2,1282.2,1274.2,1277.5,821.0
2026-07-17 11:25:00+05:30,1274.3,1276.7,1274.0,1276.7,293.0
2026-07-17 11:30:00+05:30,1276.7,1276.7,1273.6,1273.6,12.0
2026-07-17 11:35:00+05:30,1273.6,1274.2,1273.6,1274.2,6.0
2026-07-17 11:40:00+05:30,1274.2,1276.7,1274.2,1274.6,18.0
2026-07-17 11:45:00+05:30,1274.6,1275.6,1274.6,1275.6,3.0
2026-07-17 11:50:00+05:30,1275.6,1276.9,1274.9,1276.9,6.0
2026-07-17 11:55:00+05:30,1276.9,1276.9,1276.9,1276.9,0.0
2026-07-17 12:00:00+05:30,1276.9,1276.9,1274.2,1276.3,82.0
2026-07-17 12:05:00+05:30,1276.9,1277.9,1274.5,1274.5,168.0
2026-07-17 12:10:00+05:30,1274.5,1277.3,1274.5,1277.3,2.0
2026-07-17 12:15:00+05:30,1277.3,1277.3,1277.3,1277.3,0.0
2026-07-17 12:20:00+05:30,1274.8,1274.8,1274.8,1274.8,5.0
2026-07-17 12:25:00+05:30,1274.8,1274.8,1274.8,1274.8,0.0
2026-07-17 12:30:00+05:30,1274.8,1274.8,1274.5,1274.5,38.0
2026-07-17 12:35:00+05:30,1274.5,1274.5,1274.5,1274.5,20.0
2026-07-17 12:40:00+05:30,1274.5,1274.5,1274.5,1274.5,0.0
2026-07-17 12:45:00+05:30,1274.5,1274.5,1274.5,1274.5,0.0
2026-07-17 12:50:00+05:30,1276.4,1277.2,1276.4,1277.2,47.0
2026-07-17 12:55:00+05:30,1277.2,1277.4,1277.2,1277.4,33.0
2026-07-17 13:00:00+05:30,1277.4,1278.8,1277.4,1278.0,163.0
2026-07-17 13:05:00+05:30,1278.0,1278.0,1278.0,1278.0,93.0
2026-07-17 13:10:00+05:30,1278.0,1278.0,1276.3,1276.3,78.0
2026-07-17 13:15:00+05:30,1276.3,1276.4,1274.4,1274.4,184.0
2026-07-17 13:20:00+05:30,1274.4,1276.2,1274.4,1276.2,11.0
2026-07-17 13:25:00+05:30,1276.2,1276.2,1276.2,1276.2,0.0
2026-07-17 13:30:00+05:30,1276.2,1276.2,1276.2,1276.2,100.0
2026-07-17 13:35:00+05:30,1276.2,1276.5,1276.2,1276.5,8.0
2026-07-17 13:40:00+05:30,1276.2,1276.2,1274.2,1274.2,25.0
2026-07-17 13:45:00+05:30,1274.2,1277.0,1274.2,1277.0,125.0
2026-07-17 13:50:00+05:30,1277.0,1277.0,1274.2,1276.7,48.0
2026-07-17 13:55:00+05:30,1276.7,1276.7,1276.5,1276.7,47.0
2026-07-17 14:00:00+05:30,1276.7,1276.9,1274.8,1274.8,83.0
2026-07-17 14:05:00+05:30,1277.0,1277.0,1274.9,1274.9,26.0
2026-07-17 14:10:00+05:30,1274.9,1278.8,1274.9,1275.4,200.0
2026-07-17 14:15:00+05:30,1278.4,1283.9,1278.4,1283.9,154.0
2026-07-17 14:20:00+05:30,1281.4,1283.9,1281.4,1282.6,262.0
2026-07-17 14:25:00+05:30,1282.9,1283.1,1282.4,1282.8,499.0
2026-07-17 14:30:00+05:30,1282.4,1282.4,1278.2,1278.2,260.0
2026-07-17 14:35:00+05:30,1278.2,1282.0,1278.2,1282.0,64.0
2026-07-17 14:40:00+05:30,1282.0,1282.0,1280.6,1280.8,170.0
2026-07-17 14:45:00+05:30,1280.8,1283.0,1280.5,1280.5,20.0
2026-07-17 14:50:00+05:30,1280.5,1282.9,1280.5,1281.6,150.0
2026-07-17 14:55:00+05:30,1280.9,1281.6,1280.0,1280.0,164.0
2026-07-17 15:00:00+05:30,1281.7,1281.7,1280.0,1280.0,62.0
2026-07-17 15:05:00+05:30,1280.0,1284.1,1280.0,1284.0,526.0
2026-07-17 15:10:00+05:30,1283.9,1283.9,1278.1,1278.1,457.0
2026-07-17 15:15:00+05:30,1278.0,1278.0,1275.0,1277.8,342.0
2026-07-17 15:20:00+05:30,1276.0,1280.0,1276.0,1276.4,315.0
2026-07-17 15:25:00+05:30,1276.5,1278.9,1270.1,1278.5,1127.0
2026-07-20 09:15:00+05:30,1280.4,1286.9,1271.2,1275.9,500.0
2026-07-20 09:20:00+05:30,1271.7,1278.4,1271.7,1277.0,217.0
2026-07-20 09:25:00+05:30,1279.4,1279.4,1270.0,1271.0,207.0
2026-07-20 09:30:00+05:30,1271.0,1272.3,1265.0,1266.1,1328.0
2026-07-20 09:35:00+05:30,1266.2,1273.8,1266.2,1273.8,182.0
2026-07-20 09:40:00+05:30,1273.0,1274.9,1272.1,1272.1,130.0
2026-07-20 09:45:00+05:30,1272.1,1278.3,1272.1,1275.8,185.0
2026-07-20 09:50:00+05:30,1275.8,1277.7,1274.4,1277.0,90.0
2026-07-20 09:55:00+05:30,1274.2,1274.2,1272.7,1274.0,19.0
2026-07-20 10:00:00+05:30,1274.2,1275.0,1272.5,1272.5,65.0
2026-07-20 10:05:00+05:30,1272.5,1275.1,1272.1,1275.1,58.0
2026-07-20 10:10:00+05:30,1275.1,1275.1,1275.0,1275.0,6.0
2026-07-20 10:15:00+05:30,1275.1,1275.1,1275.1,1275.1,19.0
2026-07-20 10:20:00+05:30,1275.1,1276.9,1275.0,1276.9,25.0
2026-07-20 10:25:00+05:30,1276.8,1278.3,1276.8,1278.3,55.0
2026-07-20 10:30:00+05:30,1278.0,1280.8,1278.0,1280.8,131.0
2026-07-20 10:35:00+05:30,1282.7,1282.7,1276.2,1280.9,409.0
2026-07-20 10:40:00+05:30,1280.9,1280.9,1277.0,1277.0,11.0
2026-07-20 10:45:00+05:30,1280.2,1280.2,1275.6,1275.6,17.0
2026-07-20 10:50:00+05:30,1275.6,1275.9,1275.2,1275.2,41.0
2026-07-20 10:55:00+05:30,1275.1,1280.0,1275.1,1280.0,300.0
2026-07-20 11:00:00+05:30,1280.0,1280.0,1278.0,1278.9,9.0
2026-07-20 11:05:00+05:30,1278.9,1279.0,1276.6,1276.6,22.0
2026-07-20 11:10:00+05:30,1276.6,1278.3,1276.6,1278.3,50.0
2026-07-20 11:15:00+05:30,1277.0,1277.0,1275.1,1275.1,116.0
2026-07-20 11:20:00+05:30,1277.8,1277.8,1275.4,1275.4,5.0
2026-07-20 11:25:00+05:30,1275.4,1278.0,1275.4,1278.0,512.0
2026-07-20 11:30:00+05:30,1278.7,1281.4,1278.7,1281.4,30.0
2026-07-20 11:35:00+05:30,1281.4,1281.4,1277.9,1277.9,171.0
2026-07-20 11:40:00+05:30,1277.9,1278.0,1277.8,1277.9,45.0
2026-07-20 11:45:00+05:30,1279.9,1280.7,1279.1,1280.7,64.0
2026-07-20 11:50:00+05:30,1280.7,1280.7,1278.0,1278.0,21.0
2026-07-20 11:55:00+05:30,1278.0,1278.0,1277.7,1277.7,6.0
2026-07-20 12:00:00+05:30,1276.6,1276.7,1276.6,1276.7,40.0
2026-07-20 12:05:00+05:30,1276.7,1279.5,1276.7,1279.5,50.0
2026-07-20 12:10:00+05:30,1279.5,1279.5,1277.1,1277.1,13.0
2026-07-20 12:15:00+05:30,1276.6,1278.9,1276.6,1278.9,39.0
2026-07-20 12:20:00+05:30,1278.9,1279.3,1277.1,1277.1,2.0
2026-07-20 12:25:00+05:30,1277.1,1277.3,1276.6,1277.3,58.0
2026-07-20 12:30:00+05:30,1277.3,1277.3,1276.6,1276.6,39.0
2026-07-20 12:35:00+05:30,1276.6,1277.5,1276.6,1277.5,5.0
2026-07-20 12:40:00+05:30,1277.5,1277.5,1275.1,1275.1,1.0
2026-07-20 12:45:00+05:30,1275.1,1277.2,1275.0,1275.0,93.0
2026-07-20 12:50:00+05:30,1277.2,1277.5,1275.1,1277.5,66.0
2026-07-20 12:55:00+05:30,1277.5,1277.5,1275.0,1275.0,20.0
2026-07-20 13:00:00+05:30,1275.0,1278.6,1275.0,1275.6,79.0
2026-07-20 13:05:00+05:30,1275.6,1275.6,1275.6,1275.6,8.0
2026-07-20 13:10:00+05:30,1279.3,1280.7,1276.4,1277.4,244.0
2026-07-20 13:15:00+05:30,1278.1,1278.1,1277.9,1277.9,11.0
2026-07-20 13:20:00+05:30,1277.9,1277.9,1277.9,1277.9,0.0
2026-07-20 13:25:00+05:30,1277.9,1277.9,1277.9,1277.9,0.0
2026-07-20 13:30:00+05:30,1277.9,1280.1,1277.9,1280.1,1.0
2026-07-20 13:35:00+05:30,1280.1,1281.9,1280.1,1280.1,3.0
2026-07-20 13:40:00+05:30,1280.1,1280.2,1280.0,1280.2,39.0
2026-07-20 13:45:00+05:30,1280.2,1282.5,1280.0,1280.3,90.0
2026-07-20 13:50:00+05:30,1280.2,1285.0,1280.2,1284.8,361.0
2026-07-20 13:55:00+05:30,1284.8,1285.0,1284.8,1285.0,113.0
2026-07-20 14:00:00+05:30,1284.2,1287.0,1284.2,1287.0,67.0
2026-07-20 14:05:00+05:30,1286.0,1286.0,1285.1,1285.1,32.0
2026-07-20 14:10:00+05:30,1285.1,1287.9,1285.1,1287.9,102.0
2026-07-20 14:15:00+05:30,1284.4,1287.9,1283.6,1283.6,299.0
2026-07-20 14:20:00+05:30,1283.6,1285.0,1283.6,1285.0,55.0
2026-07-20 14:25:00+05:30,1285.0,1285.0,1285.0,1285.0,401.0
2026-07-20 14:30:00+05:30,1285.0,1285.0,1283.7,1283.8,26.0
2026-07-20 14:35:00+05:30,1283.8,1286.0,1280.0,1280.0,1066.0
2026-07-20 14:40:00+05:30,1281.8,1281.8,1280.0,1280.0,313.0
2026-07-20 14:45:00+05:30,1280.0,1280.0,1280.0,1280.0,0.0
2026-07-20 14:50:00+05:30,1280.0,1280.0,1280.0,1280.0,15.0
2026-07-20 14:55:00+05:30,1280.0,1280.0,1279.9,1279.9,1.0
2026-07-20 15:00:00+05:30,1279.9,1279.9,1277.9,1279.6,57.0
2026-07-20 15:05:00+05:30,1278.8,1279.9,1277.9,1279.8,97.0
2026-07-20 15:10:00+05:30,1279.8,1279.9,1279.7,1279.8,113.0
2026-07-20 15:15:00+05:30,1279.8,1279.8,1278.8,1278.8,158.0
2026-07-20 15:20:00+05:30,1278.2,1280.0,1278.1,1278.2,1793.0
2026-07-20 15:25:00+05:30,1276.3,1281.0,1276.3,1281.0,647.0
2026-07-21 09:15:00+05:30,1281.2,1283.0,1277.7,1277.7,85.0
2026-07-21 09:20:00+05:30,1277.7,1282.0,1275.0,1281.9,440.0
2026-07-21 09:25:00+05:30,1278.0,1280.1,1278.0,1280.1,47.0
2026-07-21 09:30:00+05:30,1279.8,1280.0,1277.0,1280.0,192.0
2026-07-21 09:35:00+05:30,1283.0,1286.3,1281.1,1283.0,468.0
2026-07-21 09:40:00+05:30,1283.1,1286.8,1281.4,1281.4,254.0
2026-07-21 09:45:00+05:30,1281.4,1282.2,1266.7,1270.6,3924.0
2026-07-21 09:50:00+05:30,1270.6,1274.1,1270.6,1273.9,51.0
2026-07-21 09:55:00+05:30,1273.9,1273.9,1270.7,1273.7,69.0
2026-07-21 10:00:00+05:30,1273.7,1274.4,1271.0,1271.0,353.0
2026-07-21 10:05:00+05:30,1271.0,1271.1,1271.0,1271.1,30.0
2026-07-21 10:10:00+05:30,1271.1,1271.1,1271.1,1271.1,0.0
2026-07-21 10:15:00+05:30,1271.0,1272.2,1270.0,1270.0,285.0
2026-07-21 10:20:00+05:30,1270.0,1272.2,1270.0,1272.2,42.0
2026-07-21 10:25:00+05:30,1272.2,1272.2,1270.1,1270.1,107.0
2026-07-21 10:30:00+05:30,1270.1,1273.0,1270.1,1270.2,144.0
2026-07-21 10:35:00+05:30,1270.2,1270.3,1270.0,1270.0,850.0
2026-07-21 10:40:00+05:30,1269.8,1269.8,1266.0,1268.1,139.0
2026-07-21 10:45:00+05:30,1268.1,1268.1,1268.1,1268.1,11.0
2026-07-21 10:50:00+05:30,1268.1,1270.4,1268.1,1270.0,9.0
2026-07-21 10:55:00+05:30,1267.0,1267.0,1267.0,1267.0,149.0
2026-07-21 11:00:00+05:30,1267.0,1268.1,1267.0,1268.1,127.0
2026-07-21 11:05:00+05:30,1267.5,1267.5,1267.5,1267.5,1.0
2026-07-21 11:10:00+05:30,1267.5,1267.5,1265.5,1267.2,48.0
2026-07-21 11:15:00+05:30,1265.0,1266.7,1265.0,1266.7,138.0
2026-07-21 11:20:00+05:30,1266.7,1266.7,1266.7,1266.7,0.0
2026-07-21 11:25:00+05:30,1266.6,1266.6,1266.6,1266.6,3.0
2026-07-21 11:30:00+05:30,1266.6,1266.6,1265.2,1265.2,25.0
2026-07-21 11:35:00+05:30,1265.2,1266.7,1263.1,1263.5,179.0
2026-07-21 11:40:00+05:30,1265.9,1268.0,1262.2,1264.5,452.0
2026-07-21 11:45:00+05:30,1262.8,1267.5,1262.7,1262.7,131.0
2026-07-21 11:50:00+05:30,1261.4,1264.6,1261.4,1262.9,411.0
2026-07-21 11:55:00+05:30,1264.7,1266.1,1261.4,1262.4,255.0
2026-07-21 12:00:00+05:30,1264.3,1264.9,1262.9,1264.9,93.0
2026-07-21 12:05:00+05:30,1264.4,1267.9,1264.4,1267.9,174.0
2026-07-21 12:10:00+05:30,1268.7,1268.7,1265.1,1266.3,135.0
2026-07-21 12:15:00+05:30,1266.3,1267.8,1265.5,1267.8,10.0
2026-07-21 12:20:00+05:30,1267.8,1267.8,1265.1,1267.1,39.0
2026-07-21 12:25:00+05:30,1267.0,1267.0,1261.4,1264.8,598.0
2026-07-21 12:30:00+05:30,1264.9,1266.0,1264.4,1266.0,308.0
2026-07-21 12:35:00+05:30,1264.0,1264.6,1264.0,1264.6,203.0
2026-07-21 12:40:00+05:30,1264.6,1264.6,1264.6,1264.6,10.0
2026-07-21 12:45:00+05:30,1263.3,1265.4,1260.6,1264.8,426.0
2026-07-21 12:50:00+05:30,1264.8,1264.8,1262.7,1263.0,21.0
2026-07-21 12:55:00+05:30,1264.3,1264.3,1264.1,1264.1,7.0
2026-07-21 13:00:00+05:30,1262.0,1263.0,1260.6,1262.5,172.0
2026-07-21 13:05:00+05:30,1262.5,1262.5,1255.0,1256.6,397.0
2026-07-21 13:10:00+05:30,1257.6,1258.0,1255.1,1255.7,106.0
2026-07-21 13:15:00+05:30,1258.0,1258.5,1255.8,1258.5,47.0
2026-07-21 13:20:00+05:30,1259.2,1259.6,1257.5,1259.6,57.0
2026-07-21 13:25:00+05:30,1259.7,1259.7,1255.4,1256.0,129.0
2026-07-21 13:30:00+05:30,1258.1,1258.1,1258.0,1258.1,141.0
2026-07-21 13:35:00+05:30,1259.1,1260.9,1259.1,1260.9,35.0
2026-07-21 13:40:00+05:30,1261.1,1261.1,1260.0,1260.0,12.0
2026-07-21 13:45:00+05:30,1260.0,1262.0,1259.8,1259.8,107.0
2026-07-21 13:50:00+05:30,1259.8,1262.1,1259.8,1262.1,10.0
2026-07-21 13:55:00+05:30,1262.1,1262.1,1259.3,1260.2,14.0
2026-07-21 14:00:00+05:30,1260.2,1260.2,1254.2,1254.2,500.0
2026-07-21 14:05:00+05:30,1254.2,1260.4,1254.2,1259.0,278.0
2026-07-21 14:10:00+05:30,1259.0,1259.9,1258.0,1259.8,23.0
2026-07-21 14:15:00+05:30,1260.3,1261.2,1260.3,1261.2,80.0
2026-07-21 14:20:00+05:30,1261.2,1261.6,1259.1,1259.1,46.0
2026-07-21 14:25:00+05:30,1259.1,1259.1,1256.5,1256.7,189.0
2026-07-21 14:30:00+05:30,1256.7,1259.7,1256.7,1259.7,31.0
2026-07-21 14:35:00+05:30,1259.7,1259.8,1255.5,1255.5,105.0
2026-07-21 14:40:00+05:30,1259.6,1261.6,1255.0,1261.6,367.0
2026-07-21 14:45:00+05:30,1261.6,1261.6,1260.0,1260.0,1.0
2026-07-21 14:50:00+05:30,1260.1,1260.1,1254.5,1254.5,275.0
2026-07-21 14:55:00+05:30,1259.4,1259.8,1254.8,1259.0,195.0
2026-07-21 15:00:00+05:30,1259.0,1259.0,1255.1,1256.0,136.0
2026-07-21 15:05:00+05:30,1256.0,1256.0,1254.0,1254.0,427.0
2026-07-21 15:10:00+05:30,1253.9,1255.8,1253.7,1255.5,624.0
2026-07-21 15:15:00+05:30,1255.5,1256.7,1249.2,1252.9,2564.0
2026-07-21 15:20:00+05:30,1253.0,1254.9,1250.1,1251.1,485.0
2026-07-21 15:25:00+05:30,1253.2,1258.5,1251.1,1258.5,767.0
2026-07-22 09:15:00+05:30,1255.0,1273.1,1241.9,1244.1,4225.0
2026-07-22 09:20:00+05:30,1242.7,1248.8,1242.2,1246.6,1392.0
2026-07-22 09:25:00+05:30,1246.5,1246.9,1240.0,1240.0,1359.0
2026-07-22 09:30:00+05:30,1240.0,1241.8,1237.3,1239.5,397.0
2026-07-22 09:35:00+05:30,1238.0,1239.8,1237.1,1239.8,325.0
2026-07-22 09:40:00+05:30,1240.3,1243.5,1237.5,1240.9,624.0
2026-07-22 09:45:00+05:30,1240.8,1245.4,1237.6,1241.0,285.0
2026-07-22 09:50:00+05:30,1238.7,1241.6,1238.2,1238.2,44.0
2026-07-22 09:55:00+05:30,1239.0,1239.0,1238.2,1238.9,68.0
2026-07-22 10:00:00+05:30,1239.0,1241.3,1239.0,1241.3,252.0
2026-07-22 10:05:00+05:30,1241.3,1244.8,1241.3,1244.0,33.0
2026-07-22 10:10:00+05:30,1244.0,1244.0,1242.9,1242.9,26.0
2026-07-22 10:15:00+05:30,1241.0,1241.0,1238.2,1238.3,146.0
2026-07-22 10:20:00+05:30,1238.3,1238.3,1232.2,1232.2,293.0
2026-07-22 10:25:00+05:30,1232.2,1234.8,1232.2,1234.7,36.0
2026-07-22 10:30:00+05:30,1234.7,1239.0,1234.6,1239.0,394.0
2026-07-22 10:35:00+05:30,1239.0,1239.0,1236.1,1237.8,11.0
2026-07-22 10:40:00+05:30,1236.0,1236.0,1234.2,1234.2,47.0
2026-07-22 10:45:00+05:30,1234.5,1235.8,1234.5,1235.8,39.0
2026-07-22 10:50:00+05:30,1235.8,1236.8,1234.0,1236.8,307.0
2026-07-22 10:55:00+05:30,1236.8,1236.8,1236.8,1236.8,1.0
2026-07-22 11:00:00+05:30,1237.6,1238.7,1236.8,1236.8,52.0
2026-07-22 11:05:00+05:30,1236.8,1237.9,1236.8,1237.9,105.0
2026-07-22 11:10:00+05:30,1237.9,1237.9,1237.9,1237.9,0.0
2026-07-22 11:15:00+05:30,1238.9,1240.5,1238.1,1238.1,55.0
2026-07-22 11:20:00+05:30,1238.1,1240.6,1237.9,1237.9,396.0
2026-07-22 11:25:00+05:30,1237.9,1237.9,1237.9,1237.9,15.0
2026-07-22 11:30:00+05:30,1237.9,1238.4,1237.9,1238.4,116.0
2026-07-22 11:35:00+05:30,1238.4,1238.4,1238.4,1238.4,0.0
2026-07-22 11:40:00+05:30,1238.4,1238.4,1238.4,1238.4,0.0
2026-07-22 11:45:00+05:30,1238.4,1240.1,1238.4,1238.5,73.0
2026-07-22 11:50:00+05:30,1238.5,1238.5,1238.5,1238.5,90.0
2026-07-22 11:55:00+05:30,1238.5,1238.5,1237.9,1237.9,50.0
2026-07-22 12:00:00+05:30,1237.9,1237.9,1237.9,1237.9,100.0
2026-07-22 12:05:00+05:30,1237.9,1237.9,1235.4,1235.4,111.0
2026-07-22 12:10:00+05:30,1235.4,1235.4,1230.7,1233.8,2115.0
2026-07-22 12:15:00+05:30,1233.8,1233.8,1233.7,1233.7,12.0
2026-07-22 12:20:00+05:30,1233.7,1233.9,1230.7,1230.7,159.0
2026-07-22 12:25:00+05:30,1230.7,1231.9,1230.7,1231.9,18.0
2026-07-22 12:30:00+05:30,1231.9,1232.0,1231.3,1231.3,177.0
2026-07-22 12:35:00+05:30,1231.3,1231.3,1231.3,1231.3,40.0
2026-07-22 12:40:00+05:30,1235.0,1235.0,1231.0,1233.9,188.0
2026-07-22 12:45:00+05:30,1235.8,1236.0,1235.8,1236.0,18.0
2026-07-22 12:50:00+05:30,1237.3,1237.9,1236.0,1237.9,20.0
2026-07-22 12:55:00+05:30,1237.9,1237.9,1237.7,1237.9,10.0
2026-07-22 13:00:00+05:30,1237.9,1237.9,1237.9,1237.9,0.0
2026-07-22 13:05:00+05:30,1236.0,1237.9,1236.0,1237.9,54.0
2026-07-22 13:10:00+05:30,1237.9,1237.9,1237.9,1237.9,0.0
2026-07-22 13:15:00+05:30,1237.9,1237.9,1237.4,1237.4,103.0
2026-07-22 13:20:00+05:30,1237.4,1237.4,1237.4,1237.4,0.0
2026-07-22 13:25:00+05:30,1236.1,1237.9,1236.1,1236.1,64.0
2026-07-22 13:30:00+05:30,1236.1,1236.1,1234.2,1234.2,108.0
2026-07-22 13:35:00+05:30,1237.3,1239.8,1237.3,1239.8,91.0
2026-07-22 13:40:00+05:30,1238.3,1238.3,1236.1,1236.1,43.0
2026-07-22 13:45:00+05:30,1236.1,1236.1,1236.1,1236.1,0.0
2026-07-22 13:50:00+05:30,1236.1,1238.5,1236.1,1238.5,4.0
2026-07-22 13:55:00+05:30,1238.3,1238.3,1238.2,1238.3,15.0
2026-07-22 14:00:00+05:30,1238.3,1238.3,1236.3,1236.3,4.0
2026-07-22 14:05:00+05:30,1236.3,1236.3,1236.3,1236.3,0.0
2026-07-22 14:10:00+05:30,1236.3,1236.3,1235.9,1235.9,802.0
2026-07-22 14:15:00+05:30,1235.3,1235.3,1234.3,1234.3,122.0
2026-07-22 14:20:00+05:30,1235.1,1235.1,1230.4,1230.4,221.0
2026-07-22 14:25:00+05:30,1233.9,1233.9,1231.3,1231.3,75.0
2026-07-22 14:30:00+05:30,1231.3,1234.9,1231.3,1233.8,90.0
2026-07-22 14:35:00+05:30,1233.7,1234.3,1232.3,1234.2,138.0
2026-07-22 14:40:00+05:30,1234.4,1234.4,1234.3,1234.3,127.0
2026-07-22 14:45:00+05:30,1234.3,1234.3,1234.3,1234.3,0.0
2026-07-22 14:50:00+05:30,1236.9,1240.0,1236.9,1240.0,112.0
2026-07-22 14:55:00+05:30,1240.0,1240.0,1234.8,1235.0,573.0
2026-07-22 15:00:00+05:30,1232.0,1235.0,1229.9,1230.0,903.0
2026-07-22 15:05:00+05:30,1228.2,1233.9,1221.0,1226.9,2389.0
2026-07-22 15:10:00+05:30,1225.7,1229.8,1222.3,1225.4,1039.0
2026-07-22 15:15:00+05:30,1223.5,1224.7,1221.3,1223.9,284.0
2026-07-22 15:20:00+05:30,1224.6,1225.0,1223.8,1224.2,932.0
2026-07-22 15:25:00+05:30,1224.8,1225.6,1221.0,1221.0,622.0
2026-07-23 09:15:00+05:30,1215.2,1225.7,1211.1,1217.8,311.0
2026-07-23 09:20:00+05:30,1217.6,1225.5,1217.6,1219.8,1402.0
2026-07-23 09:25:00+05:30,1219.9,1223.9,1216.1,1217.7,567.0
2026-07-23 09:30:00+05:30,1217.9,1222.2,1217.9,1221.7,281.0
2026-07-23 09:35:00+05:30,1219.3,1223.1,1218.5,1223.0,1328.0
2026-07-23 09:40:00+05:30,1223.0,1224.4,1221.0,1221.0,196.0
2026-07-23 09:45:00+05:30,1221.0,1221.0,1221.0,1221.0,40.0
2026-07-23 09:50:00+05:30,1221.0,1223.9,1221.0,1223.9,183.0
2026-07-23 09:55:00+05:30,1222.0,1231.9,1222.0,1231.7,350.0
2026-07-23 10:00:00+05:30,1233.9,1245.9,1233.9,1238.2,808.0
2026-07-23 10:05:00+05:30,1239.1,1243.3,1236.9,1243.3,184.0
2026-07-23 10:10:00+05:30,1244.2,1245.0,1238.5,1240.0,366.0
2026-07-23 10:15:00+05:30,1240.0,1252.0,1240.0,1249.5,936.0
2026-07-23 10:20:00+05:30,1254.9,1258.0,1249.9,1253.1,1506.0
2026-07-23 10:25:00+05:30,1248.0,1251.9,1245.4,1251.9,618.0
2026-07-23 10:30:00+05:30,1252.0,1255.0,1248.3,1255.0,956.0
2026-07-23 10:35:00+05:30,1255.0,1255.0,1248.0,1248.0,171.0
2026-07-23 10:40:00+05:30,1248.0,1250.8,1248.0,1248.5,27.0
2026-07-23 10:45:00+05:30,1247.3,1254.7,1247.3,1254.7,430.0
2026-07-23 10:50:00+05:30,1254.6,1254.6,1251.5,1251.5,17.0
2026-07-23 10:55:00+05:30,1251.8,1252.0,1250.1,1250.1,100.0
2026-07-23 11:00:00+05:30,1250.1,1252.5,1249.1,1249.1,57.0
2026-07-23 11:05:00+05:30,1249.1,1249.1,1249.1,1249.1,0.0
2026-07-23 11:10:00+05:30,1249.1,1252.6,1249.1,1250.3,17.0
2026-07-23 11:15:00+05:30,1252.7,1252.7,1248.6,1251.9,101.0
2026-07-23 11:20:00+05:30,1251.9,1251.9,1247.5,1247.5,28.0
2026-07-23 11:25:00+05:30,1244.8,1247.4,1243.9,1244.9,55.0
2026-07-23 11:30:00+05:30,1245.2,1247.9,1245.2,1245.2,202.0
2026-07-23 11:35:00+05:30,1245.0,1245.6,1243.6,1243.6,244.0
2026-07-23 11:40:00+05:30,1243.6,1246.0,1243.6,1246.0,23.0
2026-07-23 11:45:00+05:30,1246.0,1246.0,1245.9,1246.0,21.0
2026-07-23 11:50:00+05:30,1246.0,1246.7,1243.2,1243.2,74.0
2026-07-23 11:55:00+05:30,1243.2,1248.5,1243.2,1248.5,6.0
2026-07-23 12:00:00+05:30,1251.9,1251.9,1250.3,1250.3,290.0
2026-07-23 12:05:00+05:30,1250.3,1250.3,1248.3,1248.3,31.0
2026-07-23 12:10:00+05:30,1248.3,1251.0,1247.8,1250.0,249.0
2026-07-23 12:15:00+05:30,1250.0,1253.0,1250.0,1253.0,449.0
2026-07-23 12:20:00+05:30,1253.0,1255.5,1251.3,1254.4,217.0
2026-07-23 12:25:00+05:30,1254.2,1254.2,1253.0,1253.1,72.0
2026-07-23 12:30:00+05:30,1252.0,1253.1,1251.0,1251.0,87.0
2026-07-23 12:35:00+05:30,1251.0,1251.0,1247.9,1247.9,251.0
2026-07-23 12:40:00+05:30,1247.9,1247.9,1244.1,1244.1,70.0
2026-07-23 12:45:00+05:30,1244.1,1244.1,1242.2,1242.2,35.0
2026-07-23 12:50:00+05:30,1242.2,1245.1,1240.0,1245.0,1105.0
2026-07-23 12:55:00+05:30,1247.0,1247.0,1244.6,1244.6,210.0
2026-07-23 13:00:00+05:30,1244.6,1244.6,1244.6,1244.6,0.0
2026-07-23 13:05:00+05:30,1244.6,1247.3,1240.2,1240.2,431.0
2026-07-23 13:10:00+05:30,1240.2,1245.2,1240.2,1243.3,14.0
2026-07-23 13:15:00+05:30,1243.3,1243.3,1240.0,1240.0,96.0
2026-07-23 13:20:00+05:30,1240.0,1242.5,1240.0,1242.5,3.0
2026-07-23 13:25:00+05:30,1242.5,1242.5,1242.5,1242.5,0.0
2026-07-23 13:30:00+05:30,1242.5,1242.5,1237.2,1237.9,227.0
2026-07-23 13:35:00+05:30,1237.0,1237.0,1236.0,1236.0,1203.0
2026-07-23 13:40:00+05:30,1236.0,1238.3,1236.0,1238.3,28.0
2026-07-23 13:45:00+05:30,1239.8,1239.8,1237.2,1237.2,43.0
2026-07-23 13:50:00+05:30,1237.2,1239.5,1236.7,1236.7,65.0
2026-07-23 13:55:00+05:30,1236.7,1241.9,1236.7,1241.9,251.0
2026-07-23 14:00:00+05:30,1241.9,1241.9,1239.0,1241.4,30.0
2026-07-23 14:05:00+05:30,1241.4,1241.4,1238.5,1239.3,18.0
2026-07-23 14:10:00+05:30,1239.3,1239.3,1236.8,1237.5,52.0
2026-07-23 14:15:00+05:30,1236.7,1239.5,1236.7,1239.5,112.0
2026-07-23 14:20:00+05:30,1239.5,1239.5,1238.6,1238.6,13.0
2026-07-23 14:25:00+05:30,1239.0,1239.0,1239.0,1239.0,15.0
2026-07-23 14:30:00+05:30,1239.0,1239.0,1234.7,1234.7,167.0
2026-07-23 14:35:00+05:30,1234.7,1234.7,1234.7,1234.7,0.0
2026-07-23 14:40:00+05:30,1235.8,1235.8,1229.4,1231.7,94.0
2026-07-23 14:45:00+05:30,1229.4,1230.7,1228.8,1229.8,87.0
2026-07-23 14:50:00+05:30,1229.3,1229.3,1229.3,1229.3,2.0
2026-07-23 14:55:00+05:30,1229.3,1229.3,1229.3,1229.3,1.0
2026-07-23 15:00:00+05:30,1229.6,1229.7,1229.6,1229.7,82.0
2026-07-23 15:05:00+05:30,1227.2,1232.0,1227.2,1232.0,59.0
2026-07-23 15:10:00+05:30,1232.0,1232.1,1230.1,1231.9,83.0
2026-07-23 15:15:00+05:30,1230.1,1230.1,1226.1,1226.1,191.0
2026-07-23 15:20:00+05:30,1226.6,1231.0,1226.6,1231.0,216.0
2026-07-23 15:25:00+05:30,1231.0,1240.0,1227.9,1240.0,1049.0
2026-07-24 09:15:00+05:30,1215.0,1223.4,1215.0,1219.0,446.0
2026-07-24 09:20:00+05:30,1221.9,1227.5,1221.1,1221.1,266.0
2026-07-24 09:25:00+05:30,1220.0,1220.6,1216.4,1216.4,353.0
2026-07-24 09:30:00+05:30,1219.0,1220.8,1217.7,1220.8,146.0
2026-07-24 09:35:00+05:30,1219.8,1219.8,1217.0,1217.0,47.0
2026-07-24 09:40:00+05:30,1216.4,1216.4,1215.0,1215.0,19.0
2026-07-24 09:45:00+05:30,1216.8,1216.8,1214.5,1215.0,349.0
2026-07-24 09:50:00+05:30,1215.0,1218.6,1215.0,1218.6,112.0
2026-07-24 09:55:00+05:30,1218.6,1218.6,1217.6,1217.6,228.0
2026-07-24 10:00:00+05:30,1217.6,1218.9,1215.9,1216.1,90.0
2026-07-24 10:05:00+05:30,1216.1,1219.8,1215.0,1219.8,488.0
2026-07-24 10:10:00+05:30,1215.0,1218.4,1212.0,1212.0,307.0
2026-07-24 10:15:00+05:30,1212.0,1213.8,1210.0,1210.1,549.0
2026-07-24 10:20:00+05:30,1210.1,1211.9,1210.1,1211.9,47.0
2026-07-24 10:25:00+05:30,1211.9,1216.9,1211.9,1215.8,73.0
2026-07-24 10:30:00+05:30,1215.7,1215.7,1211.5,1213.2,255.0
2026-07-24 10:35:00+05:30,1213.2,1214.1,1211.7,1214.1,56.0
2026-07-24 10:40:00+05:30,1214.1,1218.4,1214.1,1218.4,2.0
2026-07-24 10:45:00+05:30,1218.4,1218.4,1217.2,1217.2,8.0
2026-07-24 10:50:00+05:30,1217.2,1217.2,1217.2,1217.2,33.0
2026-07-24 10:55:00+05:30,1219.4,1219.4,1217.2,1217.2,25.0
2026-07-24 11:00:00+05:30,1217.2,1217.2,1217.2,1217.2,0.0
2026-07-24 11:05:00+05:30,1217.2,1217.2,1215.0,1215.0,14.0
2026-07-24 11:10:00+05:30,1218.9,1218.9,1205.1,1208.0,3249.0
2026-07-24 11:15:00+05:30,1207.1,1212.2,1207.1,1212.2,711.0
2026-07-24 11:20:00+05:30,1212.8,1214.0,1212.8,1214.0,19.0
2026-07-24 11:25:00+05:30,1217.3,1217.3,1214.1,1216.5,45.0
2026-07-24 11:30:00+05:30,1216.5,1216.5,1213.4,1215.9,45.0
2026-07-24 11:35:00+05:30,1215.8,1216.1,1212.3,1212.3,26.0
2026-07-24 11:40:00+05:30,1212.3,1214.7,1212.3,1214.7,1.0
2026-07-24 11:45:00+05:30,1214.1,1221.8,1212.4,1220.1,1288.0
2026-07-24 11:50:00+05:30,1220.1,1220.1,1214.0,1214.0,111.0
2026-07-24 11:55:00+05:30,1214.0,1214.0,1214.0,1214.0,117.0
2026-07-24 12:00:00+05:30,1214.0,1214.0,1214.0,1214.0,182.0
2026-07-24 12:05:00+05:30,1214.0,1218.4,1214.0,1215.0,278.0
2026-07-24 12:10:00+05:30,1215.0,1215.0,1215.0,1215.0,1.0
2026-07-24 12:15:00+05:30,1215.0,1216.5,1215.0,1216.5,102.0
2026-07-24 12:20:00+05:30,1216.5,1216.5,1216.0,1216.0,4.0
2026-07-24 12:25:00+05:30,1216.0,1219.7,1216.0,1219.5,11.0
2026-07-24 12:30:00+05:30,1218.8,1223.9,1218.7,1220.7,234.0
2026-07-24 12:35:00+05:30,1220.7,1220.7,1216.8,1219.4,145.0
2026-07-24 12:40:00+05:30,1220.1,1223.1,1219.8,1219.8,236.0
2026-07-24 12:45:00+05:30,1219.8,1222.5,1219.6,1222.5,122.0
2026-07-24 12:50:00+05:30,1222.5,1222.5,1219.4,1221.7,65.0
2026-07-24 12:55:00+05:30,1221.7,1221.7,1220.9,1220.9,2.0
2026-07-24 13:00:00+05:30,1220.9,1220.9,1219.4,1219.4,47.0
2026-07-24 13:05:00+05:30,1219.4,1219.4,1219.4,1219.4,0.0
2026-07-24 13:10:00+05:30,1219.4,1219.4,1219.4,1219.4,0.0
2026-07-24 13:15:00+05:30,1219.4,1219.4,1219.4,1219.4,100.0
2026-07-24 13:20:00+05:30,1220.2,1220.2,1219.8,1219.8,30.0
2026-07-24 13:25:00+05:30,1219.8,1219.8,1219.8,1219.8,0.0
2026-07-24 13:30:00+05:30,1219.8,1219.8,1219.8,1219.8,1.0
2026-07-24 13:35:00+05:30,1218.3,1218.3,1216.2,1216.2,183.0
2026-07-24 13:40:00+05:30,1216.2,1216.2,1216.2,1216.2,50.0
2026-07-24 13:45:00+05:30,1218.4,1218.4,1218.4,1218.4,2.0
2026-07-24 13:50:00+05:30,1218.5,1218.5,1218.5,1218.5,4.0
2026-07-24 13:55:00+05:30,1219.5,1222.6,1219.5,1221.6,61.0
2026-07-24 14:00:00+05:30,1221.6,1222.0,1221.6,1222.0,14.0
2026-07-24 14:05:00+05:30,1224.5,1224.5,1224.0,1224.3,126.0
2026-07-24 14:10:00+05:30,1224.4,1224.4,1224.4,1224.4,9.0
2026-07-24 14:15:00+05:30,1221.5,1223.0,1221.5,1223.0,10.0
2026-07-24 14:20:00+05:30,1223.0,1223.0,1218.1,1220.1,356.0
2026-07-24 14:25:00+05:30,1220.1,1220.1,1219.9,1220.0,28.0
2026-07-24 14:30:00+05:30,1220.0,1220.0,1219.0,1220.0,19.0
2026-07-24 14:35:00+05:30,1219.0,1219.9,1217.5,1217.5,30.0
2026-07-24 14:40:00+05:30,1217.5,1218.7,1217.0,1218.7,13.0
2026-07-24 14:45:00+05:30,1221.8,1221.8,1219.6,1219.6,308.0
2026-07-24 14:50:00+05:30,1219.6,1223.0,1219.6,1223.0,219.0
2026-07-24 14:55:00+05:30,1223.0,1225.0,1222.0,1225.0,141.0
2026-07-24 15:00:00+05:30,1225.0,1225.0,1223.2,1223.2,42.0
2026-07-24 15:05:00+05:30,1223.2,1224.9,1223.0,1223.0,20.0
2026-07-24 15:10:00+05:30,1223.0,1223.9,1222.0,1223.9,96.0
2026-07-24 15:15:00+05:30,1222.0,1228.7,1222.0,1228.0,688.0
2026-07-24 15:20:00+05:30,1225.0,1227.6,1225.0,1225.5,111.0
2026-07-24 15:25:00+05:30,1225.7,1233.0,1225.7,1228.8,739.0
2026-07-27 09:15:00+05:30,1228.9,1250.0,1228.9,1250.0,475.0
2026-07-27 09:20:00+05:30,1250.0,1250.9,1245.7,1245.8,434.0
2026-07-27 09:25:00+05:30,1247.8,1250.0,1245.7,1246.9,491.0
2026-07-27 09:30:00+05:30,1246.9,1249.7,1241.1,1246.5,1103.0
2026-07-27 09:35:00+05:30,1246.5,1246.8,1241.7,1242.5,198.0
2026-07-27 09:40:00+05:30,1242.5,1245.1,1242.5,1242.6,126.0
2026-07-27 09:45:00+05:30,1236.2,1239.6,1234.5,1235.5,626.0
2026-07-27 09:50:00+05:30,1235.5,1236.8,1230.0,1236.8,539.0
2026-07-27 09:55:00+05:30,1236.8,1237.9,1234.5,1234.5,121.0
2026-07-27 10:00:00+05:30,1234.5,1236.0,1231.2,1231.5,26.0
2026-07-27 10:05:00+05:30,1233.5,1233.5,1228.0,1231.9,945.0
2026-07-27 10:10:00+05:30,1231.8,1232.9,1229.2,1230.2,70.0
2026-07-27 10:15:00+05:30,1230.2,1232.0,1230.2,1232.0,63.0
2026-07-27 10:20:00+05:30,1232.0,1232.0,1227.1,1229.8,134.0
2026-07-27 10:25:00+05:30,1229.8,1229.8,1227.6,1229.8,37.0
2026-07-27 10:30:00+05:30,1229.8,1238.4,1229.7,1238.4,1329.0
2026-07-27 10:35:00+05:30,1238.9,1245.4,1238.8,1238.8,358.0
2026-07-27 10:40:00+05:30,1238.8,1238.8,1238.6,1238.7,29.0
2026-07-27 10:45:00+05:30,1238.8,1242.2,1237.1,1242.2,118.0
2026-07-27 10:50:00+05:30,1242.2,1242.6,1242.1,1242.6,97.0
2026-07-27 10:55:00+05:30,1242.6,1242.6,1242.5,1242.5,1.0
2026-07-27 11:00:00+05:30,1242.5,1242.6,1241.0,1241.0,98.0
2026-07-27 11:05:00+05:30,1244.5,1244.5,1244.4,1244.4,14.0
2026-07-27 11:10:00+05:30,1244.4,1244.4,1244.4,1244.4,0.0
2026-07-27 11:15:00+05:30,1244.4,1244.4,1244.4,1244.4,0.0
2026-07-27 11:20:00+05:30,1244.4,1244.4,1241.1,1241.1,65.0
2026-07-27 11:25:00+05:30,1241.1,1243.0,1241.1,1242.1,3.0
2026-07-27 11:30:00+05:30,1242.1,1242.1,1240.0,1240.0,270.0
2026-07-27 11:35:00+05:30,1240.5,1240.5,1240.5,1240.5,4.0
2026-07-27 11:40:00+05:30,1240.5,1240.5,1240.5,1240.5,0.0
2026-07-27 11:45:00+05:30,1240.1,1240.1,1240.1,1240.1,35.0
2026-07-27 11:50:00+05:30,1240.1,1243.6,1240.1,1240.3,14.0
2026-07-27 11:55:00+05:30,1240.3,1243.0,1240.3,1243.0,3.0
2026-07-27 12:00:00+05:30,1243.0,1244.0,1240.0,1240.0,645.0
2026-07-27 12:05:00+05:30,1240.0,1242.9,1240.0,1242.5,17.0
2026-07-27 12:10:00+05:30,1242.5,1242.5,1240.0,1240.0,2782.0
2026-07-27 12:15:00+05:30,1240.0,1240.0,1240.0,1240.0,0.0
2026-07-27 12:20:00+05:30,1240.0,1240.0,1240.0,1240.0,0.0
2026-07-27 12:25:00+05:30,1240.0,1240.0,1240.0,1240.0,5.0
2026-07-27 12:30:00+05:30,1240.0,1240.4,1240.0,1240.4,4.0
2026-07-27 12:35:00+05:30,1240.4,1240.4,1240.4,1240.4,3.0
2026-07-27 12:40:00+05:30,1241.0,1241.9,1241.0,1241.9,104.0
2026-07-27 12:45:00+05:30,1241.0,1241.9,1241.0,1241.9,7.0
2026-07-27 12:50:00+05:30,1241.9,1243.5,1241.1,1243.5,16.0
2026-07-27 12:55:00+05:30,1243.5,1246.0,1243.5,1246.0,172.0
2026-07-27 13:00:00+05:30,1246.7,1246.7,1246.7,1246.7,4.0
2026-07-27 13:05:00+05:30,1246.7,1247.4,1246.7,1247.4,25.0
2026-07-27 13:10:00+05:30,1247.4,1247.4,1246.8,1246.8,34.0
2026-07-27 13:15:00+05:30,1246.8,1246.8,1243.1,1243.1,40.0
2026-07-27 13:20:00+05:30,1242.3,1242.3,1242.3,1242.3,17.0
2026-07-27 13:25:00+05:30,1242.3,1245.6,1242.3,1245.6,80.0
2026-07-27 13:30:00+05:30,1245.0,1245.1,1245.0,1245.1,11.0
2026-07-27 13:35:00+05:30,1245.1,1245.1,1242.4,1242.4,1.0
2026-07-27 13:40:00+05:30,1242.4,1242.4,1242.4,1242.4,0.0
2026-07-27 13:45:00+05:30,1242.4,1242.4,1242.4,1242.4,0.0
2026-07-27 13:50:00+05:30,1242.4,1244.7,1242.0,1244.7,27.0
2026-07-27 13:55:00+05:30,1244.7,1244.7,1244.7,1244.7,0.0
2026-07-27 14:00:00+05:30,1244.7,1244.7,1244.7,1244.7,0.0
2026-07-27 14:05:00+05:30,1244.7,1244.7,1242.0,1242.0,23.0
2026-07-27 14:10:00+05:30,1242.0,1242.0,1242.0,1242.0,0.0
2026-07-27 14:15:00+05:30,1242.0,1242.0,1241.8,1241.8,6.0
2026-07-27 14:20:00+05:30,1241.8,1241.9,1241.8,1241.8,20.0
2026-07-27 14:25:00+05:30,1241.8,1241.8,1241.4,1241.4,30.0
2026-07-27 14:30:00+05:30,1243.8,1243.8,1243.8,1243.8,10.0
2026-07-27 14:35:00+05:30,1243.8,1243.8,1241.5,1241.5,45.0
2026-07-27 14:40:00+05:30,1241.5,1242.4,1241.5,1242.4,5.0
2026-07-27 14:45:00+05:30,1242.4,1242.4,1242.4,1242.4,0.0
2026-07-27 14:50:00+05:30,1241.7,1244.0,1241.7,1243.7,14.0
2026-07-27 14:55:00+05:30,1243.7,1243.9,1241.6,1241.8,17.0
2026-07-27 15:00:00+05:30,1243.8,1251.0,1243.0,1251.0,971.0
2026-07-27 15:05:00+05:30,1251.0,1255.0,1250.0,1253.0,542.0
2026-07-27 15:10:00+05:30,1254.5,1254.5,1244.0,1244.0,736.0
2026-07-27 15:15:00+05:30,1240.1,1243.7,1240.0,1243.7,1044.0
2026-07-27 15:20:00+05:30,1245.0,1253.9,1245.0,1246.3,285.0
2026-07-27 15:25:00+05:30,1251.7,1253.0,1240.0,1246.0,328.0
2026-07-28 09:15:00+05:30,1252.0,1258.4,1242.1,1242.4,172.0
2026-07-28 09:20:00+05:30,1242.4,1243.0,1238.1,1240.1,233.0
2026-07-28 09:25:00+05:30,1240.1,1242.2,1240.0,1240.0,560.0
2026-07-28 09:30:00+05:30,1240.0,1241.9,1240.0,1240.0,82.0
2026-07-28 09:35:00+05:30,1240.0,1240.8,1238.1,1240.8,5.0
2026-07-28 09:40:00+05:30,1240.9,1240.9,1238.3,1240.0,47.0
2026-07-28 09:45:00+05:30,1240.0,1241.7,1239.0,1240.8,163.0
2026-07-28 09:50:00+05:30,1240.8,1242.5,1240.8,1242.5,20.0
2026-07-28 09:55:00+05:30,1243.1,1246.9,1242.0,1244.0,716.0
2026-07-28 10:00:00+05:30,1244.0,1244.0,1241.0,1241.2,7.0
2026-07-28 10:05:00+05:30,1239.0,1240.9,1239.0,1239.0,474.0
2026-07-28 10:10:00+05:30,1239.0,1239.2,1238.1,1239.2,118.0
2026-07-28 10:15:00+05:30,1241.2,1243.0,1240.0,1243.0,127.0
2026-07-28 10:20:00+05:30,1243.0,1243.0,1240.2,1240.2,7.0
2026-07-28 10:25:00+05:30,1240.2,1240.7,1240.2,1240.7,4.0
2026-07-28 10:30:00+05:30,1240.7,1243.7,1240.7,1243.7,47.0
2026-07-28 10:35:00+05:30,1243.7,1245.7,1241.1,1243.7,268.0
2026-07-28 10:40:00+05:30,1243.7,1243.7,1243.4,1243.4,3.0
2026-07-28 10:45:00+05:30,1243.4,1243.4,1243.4,1243.4,0.0
2026-07-28 10:50:00+05:30,1243.4,1243.4,1243.4,1243.4,0.0
2026-07-28 10:55:00+05:30,1243.3,1243.4,1241.2,1241.2,120.0
2026-07-28 11:00:00+05:30,1241.0,1241.0,1240.0,1240.0,135.0
2026-07-28 11:05:00+05:30,1240.0,1240.2,1240.0,1240.2,9.0
2026-07-28 11:10:00+05:30,1241.0,1241.0,1240.2,1240.2,172.0
2026-07-28 11:15:00+05:30,1243.8,1244.9,1242.8,1244.8,375.0
2026-07-28 11:20:00+05:30,1243.8,1245.6,1243.8,1245.6,7.0
2026-07-28 11:25:00+05:30,1245.6,1246.4,1243.0,1243.7,152.0
2026-07-28 11:30:00+05:30,1243.7,1243.7,1238.2,1240.0,262.0
2026-07-28 11:35:00+05:30,1240.0,1242.3,1240.0,1242.3,10.0
2026-07-28 11:40:00+05:30,1242.3,1242.3,1242.3,1242.3,0.0
2026-07-28 11:45:00+05:30,1242.3,1242.3,1239.1,1239.1,11.0
2026-07-28 11:50:00+05:30,1239.1,1239.1,1238.8,1238.8,18.0
2026-07-28 11:55:00+05:30,1238.8,1238.8,1238.8,1238.8,0.0
2026-07-28 12:00:00+05:30,1238.8,1240.7,1238.8,1240.0,7.0
2026-07-28 12:05:00+05:30,1240.0,1240.0,1240.0,1240.0,0.0
2026-07-28 12:10:00+05:30,1240.0,1240.7,1238.4,1240.7,58.0
2026-07-28 12:15:00+05:30,1240.8,1240.8,1238.0,1238.0,104.0
2026-07-28 12:20:00+05:30,1238.0,1239.3,1238.0,1238.0,14.0
2026-07-28 12:25:00+05:30,1238.0,1238.0,1238.0,1238.0,0.0
2026-07-28 12:30:00+05:30,1238.0,1240.2,1238.0,1240.2,10.0
2026-07-28 12:35:00+05:30,1240.2,1240.2,1240.2,1240.2,0.0
2026-07-28 12:40:00+05:30,1240.2,1240.2,1238.1,1238.1,4.0
2026-07-28 12:45:00+05:30,1238.1,1238.1,1238.1,1238.1,0.0
2026-07-28 12:50:00+05:30,1238.1,1238.3,1238.1,1238.3,156.0
2026-07-28 12:55:00+05:30,1238.1,1238.1,1238.1,1238.1,4.0
2026-07-28 13:00:00+05:30,1238.1,1238.1,1238.1,1238.1,8.0
2026-07-28 13:05:00+05:30,1238.1,1238.9,1238.1,1238.3,220.0
2026-07-28 13:10:00+05:30,1238.5,1238.5,1238.0,1238.0,251.0
2026-07-28 13:15:00+05:30,1238.0,1239.5,1235.7,1235.7,671.0
2026-07-28 13:20:00+05:30,1235.7,1235.7,1235.7,1235.7,0.0
2026-07-28 13:25:00+05:30,1235.7,1235.7,1235.7,1235.7,0.0
2026-07-28 13:30:00+05:30,1235.7,1238.5,1235.7,1238.5,2.0
2026-07-28 13:35:00+05:30,1238.5,1238.5,1238.5,1238.5,0.0
2026-07-28 13:40:00+05:30,1239.0,1239.4,1236.1,1236.1,180.0
2026-07-28 13:45:00+05:30,1236.1,1236.1,1236.1,1236.1,0.0
2026-07-28 13:50:00+05:30,1236.1,1242.3,1236.1,1242.3,106.0
2026-07-28 13:55:00+05:30,1240.4,1242.9,1240.4,1241.8,53.0
2026-07-28 14:00:00+05:30,1241.5,1241.5,1240.1,1240.1,51.0
2026-07-28 14:05:00+05:30,1240.0,1240.0,1239.2,1239.2,60.0
2026-07-28 14:10:00+05:30,1239.2,1239.2,1239.2,1239.2,0.0
2026-07-28 14:15:00+05:30,1239.2,1239.2,1239.2,1239.2,0.0
2026-07-28 14:20:00+05:30,1239.2,1239.8,1239.2,1239.8,66.0
2026-07-28 14:25:00+05:30,1239.8,1242.0,1239.8,1242.0,23.0
2026-07-28 14:30:00+05:30,1242.0,1242.0,1242.0,1242.0,0.0
2026-07-28 14:35:00+05:30,1242.0,1242.0,1241.5,1241.5,1.0
2026-07-28 14:40:00+05:30,1241.5,1241.5,1236.1,1236.2,710.0
2026-07-28 14:45:00+05:30,1236.2,1238.1,1236.2,1238.1,1.0
2026-07-28 14:50:00+05:30,1238.1,1238.1,1236.1,1236.1,2.0
2026-07-28 14:55:00+05:30,1236.1,1236.1,1236.1,1236.1,119.0
2026-07-28 15:00:00+05:30,1238.4,1238.4,1236.1,1236.1,200.0
2026-07-28 15:05:00+05:30,1239.2,1241.0,1237.0,1238.0,206.0
2026-07-28 15:10:00+05:30,1236.7,1239.2,1236.1,1238.4,255.0
2026-07-28 15:15:00+05:30,1239.8,1239.8,1236.5,1236.6,24.0
2026-07-28 15:20:00+05:30,1237.9,1238.0,1236.6,1236.8,231.0
2026-07-28 15:25:00+05:30,1236.5,1237.9,1236.5,1237.9,637.0
2026-07-29 09:16:00+05:30,1242.1,1275.0,1240.7,1250.8,2329.0
2026-07-29 09:20:00+05:30,1258.0,1260.0,1250.8,1252.0,2670.0
2026-07-29 09:25:00+05:30,1256.5,1256.5,1253.3,1255.0,130.0
2026-07-29 09:30:00+05:30,1255.0,1255.0,1255.0,1255.0,171.0
2026-07-29 09:35:00+05:30,1255.0,1255.0,1253.0,1253.0,61.0
2026-07-29 09:40:00+05:30,1254.6,1254.6,1253.0,1253.0,137.0
2026-07-29 09:45:00+05:30,1254.6,1254.6,1252.7,1252.7,190.0
2026-07-29 09:50:00+05:30,1253.0,1254.8,1252.7,1253.7,100.0
2026-07-29 09:55:00+05:30,1253.7,1253.7,1246.2,1248.4,335.0
2026-07-29 10:00:00+05:30,1250.6,1250.6,1248.3,1248.9,147.0
2026-07-29 10:05:00+05:30,1251.0,1251.0,1249.3,1250.3,259.0
2026-07-29 10:10:00+05:30,1249.4,1249.7,1248.5,1249.2,72.0
2026-07-29 10:15:00+05:30,1249.2,1249.2,1249.2,1249.2,0.0
2026-07-29 10:20:00+05:30,1249.6,1249.6,1245.0,1245.0,217.0
2026-07-29 10:25:00+05:30,1245.0,1246.3,1245.0,1245.0,22.0
2026-07-29 10:30:00+05:30,1243.6,1243.6,1241.2,1241.2,608.0
2026-07-29 10:35:00+05:30,1241.6,1243.9,1241.6,1241.9,232.0
2026-07-29 10:40:00+05:30,1241.2,1243.9,1241.2,1243.9,67.0
2026-07-29 10:45:00+05:30,1243.9,1246.0,1242.2,1242.2,429.0
2026-07-29 10:50:00+05:30,1243.7,1244.7,1242.2,1244.6,114.0
2026-07-29 10:55:00+05:30,1244.6,1244.6,1242.2,1242.2,13.0
2026-07-29 11:00:00+05:30,1242.2,1244.0,1242.2,1244.0,100.0
2026-07-29 11:05:00+05:30,1244.0,1244.0,1244.0,1244.0,0.0
2026-07-29 11:10:00+05:30,1244.0,1244.0,1244.0,1244.0,0.0
2026-07-29 11:15:00+05:30,1244.0,1244.0,1242.2,1242.2,20.0
2026-07-29 11:20:00+05:30,1242.2,1242.9,1242.2,1242.8,12.0
2026-07-29 11:25:00+05:30,1243.1,1243.5,1243.1,1243.5,11.0
2026-07-29 11:30:00+05:30,1245.8,1245.8,1243.2,1243.2,139.0
2026-07-29 11:35:00+05:30,1246.9,1250.0,1246.9,1248.9,564.0
2026-07-29 11:40:00+05:30,1248.9,1250.0,1248.9,1250.0,80.0
2026-07-29 11:45:00+05:30,1247.8,1247.8,1246.8,1247.2,75.0
2026-07-29 11:50:00+05:30,1244.8,1244.8,1244.8,1244.8,126.0
2026-07-29 11:55:00+05:30,1247.1,1247.1,1243.2,1244.0,41.0
2026-07-29 12:00:00+05:30,1244.0,1244.0,1241.2,1244.0,283.0
2026-07-29 12:05:00+05:30,1244.0,1244.0,1244.0,1244.0,0.0
2026-07-29 12:10:00+05:30,1244.0,1245.1,1244.0,1244.0,6.0
2026-07-29 12:15:00+05:30,1244.0,1244.0,1244.0,1244.0,0.0
2026-07-29 12:20:00+05:30,1244.0,1244.0,1244.0,1244.0,59.0
2026-07-29 12:25:00+05:30,1244.0,1244.7,1244.0,1244.7,25.0
2026-07-29 12:30:00+05:30,1244.7,1244.7,1242.1,1242.1,10.0
2026-07-29 12:35:00+05:30,1242.1,1243.5,1242.1,1243.5,1.0
2026-07-29 12:40:00+05:30,1243.5,1243.5,1241.3,1241.3,123.0
2026-07-29 12:45:00+05:30,1241.3,1243.0,1237.5,1237.6,487.0
2026-07-29 12:50:00+05:30,1237.6,1240.4,1237.6,1240.4,608.0
2026-07-29 12:55:00+05:30,1240.4,1240.4,1240.4,1240.4,1.0
2026-07-29 13:00:00+05:30,1240.8,1241.5,1240.8,1241.5,88.0
2026-07-29 13:05:00+05:30,1241.5,1244.0,1241.5,1244.0,20.0
2026-07-29 13:10:00+05:30,1244.0,1245.7,1243.1,1243.1,102.0
2026-07-29 13:15:00+05:30,1243.4,1243.4,1242.1,1242.1,27.0
2026-07-29 13:20:00+05:30,1242.1,1243.5,1242.1,1243.4,21.0
2026-07-29 13:25:00+05:30,1243.4,1243.4,1241.1,1241.1,220.0
2026-07-29 13:30:00+05:30,1241.1,1243.2,1241.1,1243.2,1.0
2026-07-29 13:35:00+05:30,1243.2,1243.2,1241.3,1241.3,5.0
2026-07-29 13:40:00+05:30,1241.3,1241.3,1241.3,1241.3,0.0
2026-07-29 13:45:00+05:30,1242.9,1246.7,1241.0,1245.0,360.0
2026-07-29 13:50:00+05:30,1245.0,1245.0,1245.0,1245.0,0.0
2026-07-29 13:55:00+05:30,1245.0,1245.2,1245.0,1245.2,14.0
2026-07-29 14:00:00+05:30,1245.2,1245.2,1244.9,1244.9,3.0
2026-07-29 14:05:00+05:30,1244.9,1245.0,1243.0,1245.0,120.0
2026-07-29 14:10:00+05:30,1246.3,1246.3,1246.3,1246.3,6.0
2026-07-29 14:15:00+05:30,1246.3,1246.5,1246.1,1246.5,46.0
2026-07-29 14:20:00+05:30,1246.5,1246.6,1246.5,1246.6,31.0
2026-07-29 14:25:00+05:30,1246.6,1249.1,1246.6,1249.1,26.0
2026-07-29 14:30:00+05:30,1248.9,1248.9,1248.0,1248.0,32.0
2026-07-29 14:35:00+05:30,1248.0,1249.0,1247.9,1247.9,104.0
2026-07-29 14:40:00+05:30,1247.9,1247.9,1245.5,1245.5,31.0
2026-07-29 14:45:00+05:30,1245.5,1246.0,1245.5,1246.0,33.0
2026-07-29 14:50:00+05:30,1246.0,1246.0,1244.1,1244.1,560.0
2026-07-29 14:55:00+05:30,1244.1,1244.4,1244.0,1244.2,26.0
2026-07-29 15:00:00+05:30,1244.2,1246.4,1244.2,1244.2,8.0
2026-07-29 15:05:00+05:30,1244.5,1247.1,1244.5,1247.1,69.0
2026-07-29 15:10:00+05:30,1247.1,1247.1,1244.0,1244.7,141.0
2026-07-29 15:15:00+05:30,1244.1,1245.0,1244.1,1245.0,129.0
2026-07-29 15:20:00+05:30,1244.6,1246.3,1244.5,1244.5,479.0
2026-07-29 15:25:00+05:30,1246.3,1250.0,1243.7,1250.0,760.0
2026-07-30 09:15:00+05:30,1228.0,1274.0,1228.0,1270.0,6220.0
2026-07-30 09:20:00+05:30,1269.9,1270.0,1260.1,1262.1,1243.0
2026-07-30 09:25:00+05:30,1262.1,1263.8,1255.1,1255.1,699.0
2026-07-30 09:30:00+05:30,1255.1,1260.9,1253.1,1253.2,1094.0
2026-07-30 09:35:00+05:30,1254.1,1256.5,1254.1,1255.7,714.0
2026-07-30 09:40:00+05:30,1255.0,1255.8,1253.1,1253.1,121.0
2026-07-30 09:45:00+05:30,1253.1,1255.9,1253.1,1255.0,711.0
2026-07-30 09:50:00+05:30,1255.0,1255.4,1251.8,1251.8,55.0
2026-07-30 09:55:00+05:30,1251.8,1255.0,1251.7,1253.7,94.0
2026-07-30 10:00:00+05:30,1253.7,1254.7,1248.0,1248.0,248.0
2026-07-30 10:05:00+05:30,1248.0,1248.9,1248.0,1248.0,98.0
2026-07-30 10:10:00+05:30,1246.3,1246.3,1245.1,1246.0,125.0
2026-07-30 10:15:00+05:30,1246.0,1247.8,1246.0,1246.4,35.0
2026-07-30 10:20:00+05:30,1247.4,1247.4,1244.0,1244.0,146.0
2026-07-30 10:25:00+05:30,1244.0,1244.4,1242.2,1244.4,55.0
2026-07-30 10:30:00+05:30,1243.7,1244.0,1242.0,1242.0,56.0
2026-07-30 10:35:00+05:30,1242.0,1242.0,1242.0,1242.0,0.0
2026-07-30 10:40:00+05:30,1240.0,1241.5,1240.0,1241.5,409.0
2026-07-30 10:45:00+05:30,1244.0,1244.6,1244.0,1244.6,140.0
2026-07-30 10:50:00+05:30,1247.4,1249.0,1247.4,1248.8,450.0
2026-07-30 10:55:00+05:30,1245.6,1248.5,1245.5,1248.5,233.0
2026-07-30 11:00:00+05:30,1248.5,1248.5,1246.1,1246.1,50.0
2026-07-30 11:05:00+05:30,1245.4,1247.3,1245.4,1247.0,46.0
2026-07-30 11:10:00+05:30,1247.0,1247.0,1245.0,1245.0,23.0
2026-07-30 11:15:00+05:30,1245.0,1245.0,1244.0,1244.0,4.0
2026-07-30 11:20:00+05:30,1245.0,1245.0,1244.9,1245.0,12.0
2026-07-30 11:25:00+05:30,1243.7,1245.8,1243.3,1245.8,83.0
2026-07-30 11:30:00+05:30,1245.8,1246.5,1245.8,1246.5,6.0
2026-07-30 11:35:00+05:30,1250.0,1250.0,1249.9,1249.9,717.0
2026-07-30 11:40:00+05:30,1249.9,1249.9,1249.9,1249.9,0.0
2026-07-30 11:45:00+05:30,1249.9,1249.9,1249.9,1249.9,0.0
2026-07-30 11:50:00+05:30,1249.9,1249.9,1247.2,1247.2,24.0
2026-07-30 11:55:00+05:30,1247.2,1247.2,1247.2,1247.2,0.0
2026-07-30 12:00:00+05:30,1246.3,1246.3,1246.3,1246.3,3.0
2026-07-30 12:05:00+05:30,1246.3,1246.3,1246.3,1246.3,0.0
2026-07-30 12:10:00+05:30,1246.3,1246.3,1246.3,1246.3,0.0
2026-07-30 12:15:00+05:30,1246.3,1248.7,1246.3,1248.7,16.0
2026-07-30 12:20:00+05:30,1250.0,1250.0,1248.7,1248.7,225.0
2026-07-30 12:25:00+05:30,1248.7,1249.6,1248.7,1249.6,8.0
2026-07-30 12:30:00+05:30,1249.6,1258.0,1249.6,1258.0,66.0
2026-07-30 12:35:00+05:30,1258.0,1258.0,1253.1,1253.1,130.0
2026-07-30 12:40:00+05:30,1251.9,1252.6,1250.4,1252.6,20.0
2026-07-30 12:45:00+05:30,1252.6,1253.3,1252.6,1253.3,70.0
2026-07-30 12:50:00+05:30,1253.3,1253.3,1253.3,1253.3,0.0
2026-07-30 12:55:00+05:30,1253.3,1253.3,1253.3,1253.3,0.0
2026-07-30 13:00:00+05:30,1253.3,1253.3,1252.4,1252.4,5.0
2026-07-30 13:05:00+05:30,1253.0,1253.0,1251.0,1251.0,27.0
2026-07-30 13:10:00+05:30,1251.0,1251.0,1250.2,1250.2,11.0
2026-07-30 13:15:00+05:30,1250.2,1250.2,1250.2,1250.2,0.0
2026-07-30 13:20:00+05:30,1250.2,1250.2,1250.2,1250.2,0.0
2026-07-30 13:25:00+05:30,1250.2,1251.0,1249.3,1249.3,36.0
2026-07-30 13:30:00+05:30,1251.3,1251.3,1248.9,1248.9,25.0
2026-07-30 13:35:00+05:30,1251.0,1252.2,1251.0,1252.2,45.0
2026-07-30 13:40:00+05:30,1249.2,1252.2,1249.1,1249.1,70.0
2026-07-30 13:45:00+05:30,1251.0,1252.1,1251.0,1252.1,222.0
2026-07-30 13:50:00+05:30,1252.1,1255.0,1250.1,1252.5,293.0
2026-07-30 13:55:00+05:30,1252.6,1252.6,1251.0,1251.0,75.0
2026-07-30 14:00:00+05:30,1249.6,1250.9,1249.6,1250.9,6.0
2026-07-30 14:05:00+05:30,1250.9,1250.9,1249.0,1249.0,75.0
2026-07-30 14:10:00+05:30,1248.8,1248.8,1248.8,1248.8,5.0
2026-07-30 14:15:00+05:30,1248.8,1248.8,1248.8,1248.8,46.0
2026-07-30 14:20:00+05:30,1248.8,1248.8,1246.2,1246.2,157.0
2026-07-30 14:25:00+05:30,1245.2,1249.3,1245.2,1249.3,45.0
2026-07-30 14:30:00+05:30,1247.0,1247.0,1247.0,1247.0,3.0
2026-07-30 14:35:00+05:30,1247.3,1248.9,1247.3,1248.9,24.0
2026-07-30 14:40:00+05:30,1247.0,1249.3,1247.0,1247.2,75.0
2026-07-30 14:45:00+05:30,1247.8,1248.9,1247.4,1247.4,177.0
2026-07-30 14:50:00+05:30,1247.2,1250.7,1247.2,1250.0,112.0
2026-07-30 14:55:00+05:30,1250.0,1251.7,1250.0,1250.0,117.0
2026-07-30 15:00:00+05:30,1250.0,1250.0,1250.0,1250.0,0.0
2026-07-30 15:05:00+05:30,1253.9,1257.5,1253.1,1254.8,564.0
2026-07-30 15:10:00+05:30,1254.8,1255.4,1254.1,1255.4,134.0
2026-07-30 15:15:00+05:30,1255.4,1255.4,1250.3,1251.0,97.0
2026-07-30 15:20:00+05:30,1252.0,1252.9,1252.0,1252.2,102.0
2026-07-30 15:25:00+05:30,1254.2,1258.0,1250.1,1256.0,1566.0
