dt,open,high,low,close,volume
2026-05-29 09:15:00+05:30,152.5,153.2,151.76,152.73,44203.0
2026-05-29 09:20:00+05:30,152.86,153.78,152.36,152.42,65247.0
2026-05-29 09:25:00+05:30,152.37,153.62,152.22,152.98,41680.0
2026-05-29 09:30:00+05:30,152.96,153.25,152.54,152.54,21159.0
2026-05-29 09:35:00+05:30,152.65,153.25,152.54,153.13,31660.0
2026-05-29 09:40:00+05:30,153.2,153.45,152.39,152.48,9425.0
2026-05-29 09:45:00+05:30,152.38,152.74,152.26,152.74,16013.0
2026-05-29 09:50:00+05:30,152.74,152.78,152.5,152.5,3446.0
2026-05-29 09:55:00+05:30,152.4,152.55,152.05,152.21,18477.0
2026-05-29 10:00:00+05:30,152.37,152.4,151.99,152.4,33232.0
2026-05-29 10:05:00+05:30,152.4,152.59,152.11,152.59,14423.0
2026-05-29 10:10:00+05:30,152.55,152.94,152.53,152.94,16938.0
2026-05-29 10:15:00+05:30,152.9,153.0,152.82,152.92,7947.0
2026-05-29 10:20:00+05:30,152.88,153.55,152.78,153.48,39514.0
2026-05-29 10:25:00+05:30,153.48,153.48,153.25,153.39,13407.0
2026-05-29 10:30:00+05:30,153.32,153.88,153.09,153.84,73482.0
2026-05-29 10:35:00+05:30,153.87,154.45,153.71,154.25,107833.0
2026-05-29 10:40:00+05:30,154.25,154.83,154.02,154.5,54613.0
2026-05-29 10:45:00+05:30,154.37,154.62,154.22,154.35,19722.0
2026-05-29 10:50:00+05:30,154.24,154.35,153.89,153.98,33215.0
2026-05-29 10:55:00+05:30,153.96,154.41,153.6,154.25,36903.0
2026-05-29 11:00:00+05:30,154.23,154.32,154.03,154.24,10474.0
2026-05-29 11:05:00+05:30,154.23,154.31,154.05,154.2,5818.0
2026-05-29 11:10:00+05:30,154.08,154.7,153.92,154.63,78726.0
2026-05-29 11:15:00+05:30,154.62,154.62,154.35,154.48,7083.0
2026-05-29 11:20:00+05:30,154.47,154.47,154.22,154.33,23850.0
2026-05-29 11:25:00+05:30,154.33,154.33,154.18,154.28,14843.0
2026-05-29 11:30:00+05:30,154.28,154.28,154.1,154.1,5050.0
2026-05-29 11:35:00+05:30,154.2,154.2,153.9,154.0,3069.0
2026-05-29 11:40:00+05:30,153.91,153.96,153.15,153.3,23035.0
2026-05-29 11:45:00+05:30,153.41,153.57,153.28,153.57,17683.0
2026-05-29 11:50:00+05:30,153.59,153.72,153.45,153.72,8403.0
2026-05-29 11:55:00+05:30,153.73,153.73,153.5,153.63,6232.0
2026-05-29 12:00:00+05:30,153.63,153.63,153.47,153.58,4800.0
2026-05-29 12:05:00+05:30,153.58,153.59,153.25,153.34,22420.0
2026-05-29 12:10:00+05:30,153.25,153.33,152.8,152.9,21291.0
2026-05-29 12:15:00+05:30,152.75,152.92,152.52,152.78,17954.0
2026-05-29 12:20:00+05:30,152.73,153.21,152.5,153.03,42250.0
2026-05-29 12:25:00+05:30,153.03,153.35,152.36,152.52,55742.0
2026-05-29 12:30:00+05:30,152.52,152.65,152.44,152.5,8697.0
2026-05-29 12:35:00+05:30,152.5,152.52,152.29,152.35,27939.0
2026-05-29 12:40:00+05:30,152.35,152.45,152.22,152.45,8604.0
2026-05-29 12:45:00+05:30,152.4,152.51,152.26,152.49,22125.0
2026-05-29 12:50:00+05:30,152.49,152.51,152.1,152.19,12966.0
2026-05-29 12:55:00+05:30,152.19,152.2,152.05,152.19,11649.0
2026-05-29 13:00:00+05:30,152.19,152.19,152.0,152.1,9114.0
2026-05-29 13:05:00+05:30,152.09,152.1,151.8,151.89,12556.0
2026-05-29 13:10:00+05:30,151.8,151.87,151.52,151.52,8721.0
2026-05-29 13:15:00+05:30,151.52,152.2,151.5,151.96,39191.0
2026-05-29 13:20:00+05:30,151.94,152.08,151.67,151.67,36596.0
2026-05-29 13:25:00+05:30,151.71,151.76,151.43,151.56,7978.0
2026-05-29 13:30:00+05:30,151.56,151.8,151.4,151.76,2484.0
2026-05-29 13:35:00+05:30,151.63,151.68,151.4,151.62,3749.0
2026-05-29 13:40:00+05:30,151.62,151.77,151.4,151.51,5678.0
2026-05-29 13:45:00+05:30,151.51,152.2,151.3,152.09,38495.0
2026-05-29 13:50:00+05:30,152.09,152.1,151.75,151.78,19407.0
2026-05-29 13:55:00+05:30,151.77,152.15,151.75,152.09,13388.0
2026-05-29 14:00:00+05:30,152.09,152.3,152.02,152.14,4517.0
2026-05-29 14:05:00+05:30,152.14,152.24,152.02,152.23,2412.0
2026-05-29 14:10:00+05:30,152.14,152.24,152.11,152.22,2978.0
2026-05-29 14:15:00+05:30,152.24,152.26,152.1,152.15,6165.0
2026-05-29 14:20:00+05:30,152.15,152.5,151.85,152.48,24194.0
2026-05-29 14:25:00+05:30,152.48,152.65,151.9,152.29,34789.0
2026-05-29 14:30:00+05:30,152.28,152.65,152.19,152.6,10236.0
2026-05-29 14:35:00+05:30,152.6,152.6,152.4,152.53,7457.0
2026-05-29 14:40:00+05:30,152.51,152.71,152.5,152.62,9100.0
2026-05-29 14:45:00+05:30,152.62,152.64,152.25,152.43,30676.0
2026-05-29 14:50:00+05:30,152.42,152.57,152.36,152.55,8900.0
2026-05-29 14:55:00+05:30,152.5,152.55,152.2,152.4,6999.0
2026-05-29 15:00:00+05:30,152.41,152.65,152.0,152.15,48891.0
2026-05-29 15:05:00+05:30,152.07,152.16,151.62,151.63,35268.0
2026-05-29 15:10:00+05:30,151.7,152.35,151.53,152.3,61725.0
2026-05-29 15:15:00+05:30,152.54,152.54,152.0,152.05,55102.0
2026-05-29 15:20:00+05:30,152.05,152.39,151.89,152.01,68275.0
2026-05-29 15:25:00+05:30,152.0,152.6,151.5,152.5,81281.0
2026-06-01 09:15:00+05:30,154.0,154.93,153.42,153.7,113192.0
2026-06-01 09:20:00+05:30,153.61,153.71,152.65,152.86,58459.0
2026-06-01 09:25:00+05:30,152.78,153.36,152.75,152.9,27629.0
2026-06-01 09:30:00+05:30,152.9,153.45,152.65,152.9,42182.0
2026-06-01 09:35:00+05:30,152.99,152.99,152.1,152.8,58677.0
2026-06-01 09:40:00+05:30,152.81,152.96,152.19,152.27,29047.0
2026-06-01 09:45:00+05:30,152.39,152.9,152.39,152.71,17302.0
2026-06-01 09:50:00+05:30,152.71,152.94,152.5,152.71,28487.0
2026-06-01 09:55:00+05:30,152.75,152.79,152.25,152.52,17837.0
2026-06-01 10:00:00+05:30,152.5,152.5,151.76,151.94,76890.0
2026-06-01 10:05:00+05:30,151.94,152.3,151.9,152.28,17389.0
2026-06-01 10:10:00+05:30,152.18,152.39,152.0,152.03,8465.0
2026-06-01 10:15:00+05:30,152.01,152.3,151.84,152.03,22044.0
2026-06-01 10:20:00+05:30,152.06,152.71,152.05,152.71,17906.0
2026-06-01 10:25:00+05:30,152.71,152.85,152.31,152.5,11470.0
2026-06-01 10:30:00+05:30,152.52,152.62,151.98,152.01,25844.0
2026-06-01 10:35:00+05:30,152.07,152.25,151.96,152.19,6304.0
2026-06-01 10:40:00+05:30,152.19,152.4,152.09,152.4,12601.0
2026-06-01 10:45:00+05:30,152.37,152.77,152.37,152.67,19499.0
2026-06-01 10:50:00+05:30,152.57,153.2,152.57,153.2,21465.0
2026-06-01 10:55:00+05:30,153.12,153.39,152.97,153.18,18674.0
2026-06-01 11:00:00+05:30,153.18,153.48,153.12,153.46,12671.0
2026-06-01 11:05:00+05:30,153.4,153.44,153.28,153.4,22148.0
2026-06-01 11:10:00+05:30,153.37,153.46,153.21,153.44,15587.0
2026-06-01 11:15:00+05:30,153.45,153.45,153.1,153.17,4791.0
2026-06-01 11:20:00+05:30,153.1,153.17,152.75,152.92,13637.0
2026-06-01 11:25:00+05:30,152.92,152.97,152.51,152.62,12522.0
2026-06-01 11:30:00+05:30,152.66,152.7,152.3,152.3,7588.0
2026-06-01 11:35:00+05:30,152.38,152.55,152.3,152.52,3119.0
2026-06-01 11:40:00+05:30,152.4,152.7,152.4,152.55,7235.0
2026-06-01 11:45:00+05:30,152.55,152.55,152.4,152.53,2734.0
2026-06-01 11:50:00+05:30,152.5,152.53,152.5,152.53,1521.0
2026-06-01 11:55:00+05:30,152.51,152.53,152.18,152.18,6769.0
2026-06-01 12:00:00+05:30,152.18,152.28,152.1,152.26,4268.0
2026-06-01 12:05:00+05:30,152.24,152.29,152.17,152.24,3084.0
2026-06-01 12:10:00+05:30,152.11,152.24,152.1,152.24,8756.0
2026-06-01 12:15:00+05:30,152.24,152.26,152.0,152.14,12866.0
2026-06-01 12:20:00+05:30,152.14,152.16,152.02,152.08,4522.0
2026-06-01 12:25:00+05:30,152.08,152.29,152.08,152.24,7614.0
2026-06-01 12:30:00+05:30,152.2,152.2,152.0,152.09,3058.0
2026-06-01 12:35:00+05:30,152.17,152.29,152.06,152.25,6710.0
2026-06-01 12:40:00+05:30,152.2,152.26,152.08,152.21,7061.0
2026-06-01 12:45:00+05:30,152.21,152.25,152.08,152.21,16510.0
2026-06-01 12:50:00+05:30,152.21,152.31,152.21,152.3,6237.0
2026-06-01 12:55:00+05:30,152.3,152.5,152.23,152.3,12469.0
2026-06-01 13:00:00+05:30,152.44,152.49,152.33,152.37,3354.0
2026-06-01 13:05:00+05:30,152.37,152.45,152.18,152.2,9479.0
2026-06-01 13:10:00+05:30,152.2,152.24,151.9,151.97,21339.0
2026-06-01 13:15:00+05:30,151.97,151.99,151.9,151.97,7345.0
2026-06-01 13:20:00+05:30,151.97,152.28,151.6,151.74,36169.0
2026-06-01 13:25:00+05:30,151.74,151.76,151.03,151.41,75542.0
2026-06-01 13:30:00+05:30,151.58,151.68,151.4,151.61,10233.0
2026-06-01 13:35:00+05:30,151.67,151.72,151.44,151.6,4827.0
2026-06-01 13:40:00+05:30,151.55,151.55,151.27,151.29,3816.0
2026-06-01 13:45:00+05:30,151.2,151.29,151.01,151.05,17873.0
2026-06-01 13:50:00+05:30,151.06,151.25,151.05,151.1,9336.0
2026-06-01 13:55:00+05:30,151.17,151.24,151.04,151.16,6478.0
2026-06-01 14:00:00+05:30,151.15,151.17,151.04,151.17,14687.0
2026-06-01 14:05:00+05:30,151.17,151.17,151.09,151.11,7748.0
2026-06-01 14:10:00+05:30,151.09,151.11,150.99,150.99,27026.0
2026-06-01 14:15:00+05:30,151.0,151.0,150.25,150.59,59117.0
2026-06-01 14:20:00+05:30,150.67,150.67,150.25,150.25,7978.0
2026-06-01 14:25:00+05:30,150.31,150.45,150.11,150.27,21315.0
2026-06-01 14:30:00+05:30,150.27,150.27,149.9,149.9,25412.0
2026-06-01 14:35:00+05:30,149.81,150.39,149.8,150.39,18489.0
2026-06-01 14:40:00+05:30,150.27,150.49,150.25,150.3,8285.0
2026-06-01 14:45:00+05:30,150.29,150.69,150.29,150.49,12162.0
2026-06-01 14:50:00+05:30,150.42,150.58,150.24,150.37,10056.0
2026-06-01 14:55:00+05:30,150.23,150.55,149.9,150.12,21524.0
2026-06-01 15:00:00+05:30,150.22,150.48,149.97,150.44,35196.0
2026-06-01 15:05:00+05:30,150.42,150.58,150.2,150.26,43292.0
2026-06-01 15:10:00+05:30,150.34,150.52,149.3,149.74,45251.0
2026-06-01 15:15:00+05:30,149.72,149.8,149.0,149.1,60773.0
2026-06-01 15:20:00+05:30,149.09,149.17,148.4,148.66,62587.0
2026-06-01 15:25:00+05:30,148.71,148.88,148.03,148.84,91319.0
2026-06-02 09:15:00+05:30,148.4,148.4,146.25,146.92,87190.0
2026-06-02 09:20:00+05:30,146.97,148.27,146.73,148.08,75972.0
2026-06-02 09:25:00+05:30,148.19,148.26,147.74,147.87,18327.0
2026-06-02 09:30:00+05:30,148.01,148.01,147.35,147.52,21935.0
2026-06-02 09:35:00+05:30,147.55,148.93,147.41,148.62,41888.0
2026-06-02 09:40:00+05:30,148.89,148.89,148.06,148.19,33072.0
2026-06-02 09:45:00+05:30,148.24,148.4,147.52,147.99,43154.0
2026-06-02 09:50:00+05:30,147.97,148.25,147.72,147.95,14955.0
2026-06-02 09:55:00+05:30,148.03,148.5,148.03,148.39,12356.0
2026-06-02 10:00:00+05:30,148.54,148.57,148.19,148.48,17095.0
2026-06-02 10:05:00+05:30,148.54,148.54,148.0,148.04,13658.0
2026-06-02 10:10:00+05:30,148.04,148.36,147.97,148.22,11457.0
2026-06-02 10:15:00+05:30,148.1,148.1,147.7,147.97,7003.0
2026-06-02 10:20:00+05:30,148.0,148.56,147.97,148.49,6062.0
2026-06-02 10:25:00+05:30,148.48,148.9,148.33,148.84,20036.0
2026-06-02 10:30:00+05:30,148.84,148.84,148.3,148.36,5180.0
2026-06-02 10:35:00+05:30,148.27,148.58,148.24,148.58,4098.0
2026-06-02 10:40:00+05:30,148.58,148.88,148.49,148.87,5391.0
2026-06-02 10:45:00+05:30,148.77,148.77,148.53,148.61,7009.0
2026-06-02 10:50:00+05:30,148.61,148.61,147.99,148.0,13789.0
2026-06-02 10:55:00+05:30,147.97,148.07,147.71,147.96,5119.0
2026-06-02 11:00:00+05:30,147.85,148.1,147.85,147.85,6955.0
2026-06-02 11:05:00+05:30,147.98,148.1,147.79,147.89,4876.0
2026-06-02 11:10:00+05:30,147.76,148.0,147.71,147.99,10217.0
2026-06-02 11:15:00+05:30,147.99,148.0,147.92,148.0,2548.0
2026-06-02 11:20:00+05:30,148.16,148.43,148.16,148.29,1149.0
2026-06-02 11:25:00+05:30,148.2,148.25,148.0,148.18,2292.0
2026-06-02 11:30:00+05:30,148.17,148.28,148.14,148.14,2789.0
2026-06-02 11:35:00+05:30,148.24,148.24,147.7,147.7,6467.0
2026-06-02 11:40:00+05:30,147.7,147.94,147.7,147.75,2332.0
2026-06-02 11:45:00+05:30,147.83,147.86,147.75,147.84,747.0
2026-06-02 11:50:00+05:30,147.84,147.93,147.71,147.82,1506.0
2026-06-02 11:55:00+05:30,147.82,147.82,147.5,147.5,6990.0
2026-06-02 12:00:00+05:30,147.55,147.76,147.5,147.7,3627.0
2026-06-02 12:05:00+05:30,147.76,147.76,147.6,147.68,2904.0
2026-06-02 12:10:00+05:30,147.69,147.81,147.5,147.5,7078.0
2026-06-02 12:15:00+05:30,147.62,147.67,147.56,147.6,512.0
2026-06-02 12:20:00+05:30,147.6,147.69,147.51,147.56,2551.0
2026-06-02 12:25:00+05:30,147.64,147.71,147.45,147.46,7112.0
2026-06-02 12:30:00+05:30,147.46,147.65,147.41,147.64,4050.0
2026-06-02 12:35:00+05:30,147.55,147.86,147.55,147.75,2070.0
2026-06-02 12:40:00+05:30,147.8,147.9,147.75,147.9,1147.0
2026-06-02 12:45:00+05:30,147.99,148.55,147.78,148.55,32246.0
2026-06-02 12:50:00+05:30,148.55,149.1,148.5,148.95,40502.0
2026-06-02 12:55:00+05:30,148.95,149.0,148.65,148.99,8186.0
2026-06-02 13:00:00+05:30,149.0,149.0,148.73,148.95,4845.0
2026-06-02 13:05:00+05:30,149.0,149.61,149.0,149.61,23020.0
2026-06-02 13:10:00+05:30,149.6,149.8,149.46,149.64,18185.0
2026-06-02 13:15:00+05:30,149.42,149.9,149.42,149.87,17649.0
2026-06-02 13:20:00+05:30,149.84,149.85,149.53,149.69,7786.0
2026-06-02 13:25:00+05:30,149.71,150.29,149.71,150.2,15556.0
2026-06-02 13:30:00+05:30,150.25,150.3,150.15,150.25,4301.0
2026-06-02 13:35:00+05:30,150.2,150.3,149.91,150.03,38555.0
2026-06-02 13:40:00+05:30,150.15,150.17,149.9,150.02,2405.0
2026-06-02 13:45:00+05:30,150.1,150.25,149.8,150.25,37229.0
2026-06-02 13:50:00+05:30,150.28,150.28,149.9,150.0,19430.0
2026-06-02 13:55:00+05:30,150.05,150.14,149.97,150.14,10093.0
2026-06-02 14:00:00+05:30,150.14,150.3,150.01,150.21,8564.0
2026-06-02 14:05:00+05:30,150.29,150.29,150.01,150.17,6688.0
2026-06-02 14:10:00+05:30,150.0,150.15,150.0,150.08,2522.0
2026-06-02 14:15:00+05:30,150.0,150.39,150.0,150.09,17254.0
2026-06-02 14:20:00+05:30,150.09,150.19,149.94,150.08,16787.0
2026-06-02 14:25:00+05:30,150.08,150.08,149.82,149.87,1586.0
2026-06-02 14:30:00+05:30,149.92,149.98,149.8,149.83,5569.0
2026-06-02 14:35:00+05:30,149.95,149.95,149.7,149.78,7863.0
2026-06-02 14:40:00+05:30,149.71,149.71,149.41,149.6,27240.0
2026-06-02 14:45:00+05:30,149.5,149.84,149.5,149.84,13670.0
2026-06-02 14:50:00+05:30,149.94,150.07,149.86,150.05,6671.0
2026-06-02 14:55:00+05:30,150.05,150.07,149.83,149.86,13488.0
2026-06-02 15:00:00+05:30,149.86,150.2,149.63,150.07,22165.0
2026-06-02 15:05:00+05:30,150.15,150.39,150.05,150.37,13143.0
2026-06-02 15:10:00+05:30,150.37,151.24,150.35,151.1,51179.0
2026-06-02 15:15:00+05:30,151.1,151.1,150.8,150.95,19297.0
2026-06-02 15:20:00+05:30,150.99,151.18,150.9,150.99,20050.0
2026-06-02 15:25:00+05:30,151.0,151.0,150.3,150.3,21733.0
2026-06-03 09:15:00+05:30,150.0,150.47,148.51,149.5,50761.0
2026-06-03 09:20:00+05:30,149.39,149.73,149.15,149.7,33130.0
2026-06-03 09:25:00+05:30,149.85,149.85,148.76,149.08,20165.0
2026-06-03 09:30:00+05:30,149.0,149.1,148.82,148.92,14633.0
2026-06-03 09:35:00+05:30,148.92,149.51,148.8,149.35,24667.0
2026-06-03 09:40:00+05:30,149.49,149.53,149.11,149.31,6959.0
2026-06-03 09:45:00+05:30,149.3,149.48,149.15,149.43,15284.0
2026-06-03 09:50:00+05:30,149.45,150.22,149.34,149.6,29958.0
2026-06-03 09:55:00+05:30,149.6,150.15,149.2,149.54,20505.0
2026-06-03 10:00:00+05:30,149.54,149.6,149.11,149.16,14917.0
2026-06-03 10:05:00+05:30,149.25,149.33,148.9,148.97,28984.0
2026-06-03 10:10:00+05:30,148.96,148.96,148.7,148.89,8228.0
2026-06-03 10:15:00+05:30,148.89,149.0,148.65,148.96,18347.0
2026-06-03 10:20:00+05:30,149.04,149.08,148.0,148.93,69097.0
2026-06-03 10:25:00+05:30,148.88,149.08,148.73,148.82,4497.0
2026-06-03 10:30:00+05:30,148.92,148.97,148.36,148.54,4410.0
2026-06-03 10:35:00+05:30,148.48,148.84,148.36,148.79,19849.0
2026-06-03 10:40:00+05:30,148.62,148.94,148.62,148.8,3024.0
2026-06-03 10:45:00+05:30,148.8,149.05,148.53,148.61,17682.0
2026-06-03 10:50:00+05:30,148.77,148.77,148.5,148.62,1092.0
2026-06-03 10:55:00+05:30,148.62,148.66,148.5,148.5,2105.0
2026-06-03 11:00:00+05:30,148.5,148.57,148.2,148.2,6246.0
2026-06-03 11:05:00+05:30,148.2,148.28,148.02,148.18,7550.0
2026-06-03 11:10:00+05:30,148.11,148.27,148.0,148.05,16089.0
2026-06-03 11:15:00+05:30,148.13,148.25,148.1,148.11,2339.0
2026-06-03 11:20:00+05:30,148.11,148.45,148.1,148.45,12931.0
2026-06-03 11:25:00+05:30,148.35,148.45,148.29,148.45,5476.0
2026-06-03 11:30:00+05:30,148.3,148.45,148.29,148.35,3631.0
2026-06-03 11:35:00+05:30,148.45,148.45,148.01,148.1,10737.0
2026-06-03 11:40:00+05:30,148.09,148.18,148.0,148.0,13403.0
2026-06-03 11:45:00+05:30,148.0,148.14,148.0,148.12,2244.0
2026-06-03 11:50:00+05:30,148.11,148.25,147.86,147.86,4958.0
2026-06-03 11:55:00+05:30,147.8,147.92,147.55,147.55,13577.0
2026-06-03 12:00:00+05:30,147.62,147.63,147.35,147.41,9298.0
2026-06-03 12:05:00+05:30,147.54,147.56,147.25,147.27,18850.0
2026-06-03 12:10:00+05:30,147.27,148.43,147.12,148.3,48342.0
2026-06-03 12:15:00+05:30,148.29,148.45,148.08,148.43,15024.0
2026-06-03 12:20:00+05:30,148.42,148.44,148.29,148.44,3107.0
2026-06-03 12:25:00+05:30,148.4,148.78,148.35,148.69,13791.0
2026-06-03 12:30:00+05:30,148.69,148.95,148.69,148.94,9422.0
2026-06-03 12:35:00+05:30,148.94,149.59,148.94,149.24,24332.0
2026-06-03 12:40:00+05:30,149.18,149.35,149.15,149.3,3472.0
2026-06-03 12:45:00+05:30,149.3,149.5,149.18,149.32,8194.0
2026-06-03 12:50:00+05:30,149.29,149.49,149.28,149.45,7294.0
2026-06-03 12:55:00+05:30,149.45,149.77,149.09,149.64,19628.0
2026-06-03 13:00:00+05:30,149.64,149.64,149.38,149.53,5295.0
2026-06-03 13:05:00+05:30,149.52,149.52,149.1,149.1,3872.0
2026-06-03 13:10:00+05:30,149.32,149.35,149.02,149.15,5747.0
2026-06-03 13:15:00+05:30,149.3,149.67,149.14,149.67,32195.0
2026-06-03 13:20:00+05:30,149.68,149.7,149.5,149.69,6493.0
2026-06-03 13:25:00+05:30,149.69,149.79,149.55,149.79,4306.0
2026-06-03 13:30:00+05:30,149.67,149.8,149.56,149.75,4300.0
2026-06-03 13:35:00+05:30,149.75,149.79,149.67,149.77,1283.0
2026-06-03 13:40:00+05:30,149.78,149.95,149.65,149.77,10312.0
2026-06-03 13:45:00+05:30,149.7,150.17,149.59,149.71,62234.0
2026-06-03 13:50:00+05:30,149.85,149.86,149.61,149.82,2798.0
2026-06-03 13:55:00+05:30,149.82,149.84,149.4,149.7,5742.0
2026-06-03 14:00:00+05:30,149.7,149.7,149.52,149.58,4053.0
2026-06-03 14:05:00+05:30,149.67,150.0,149.57,149.75,17896.0
2026-06-03 14:10:00+05:30,149.75,149.89,149.58,149.86,5281.0
2026-06-03 14:15:00+05:30,149.86,149.88,149.77,149.88,2617.0
2026-06-03 14:20:00+05:30,149.87,150.17,149.87,150.11,18152.0
2026-06-03 14:25:00+05:30,150.0,150.0,148.75,149.22,147308.0
2026-06-03 14:30:00+05:30,149.25,149.35,148.35,148.52,48992.0
2026-06-03 14:35:00+05:30,148.43,148.52,147.39,147.97,218932.0
2026-06-03 14:40:00+05:30,147.97,148.36,147.5,147.55,51135.0
2026-06-03 14:45:00+05:30,147.59,147.98,146.31,147.07,187155.0
2026-06-03 14:50:00+05:30,147.05,147.67,147.01,147.66,24609.0
2026-06-03 14:55:00+05:30,147.67,147.67,147.2,147.41,49554.0
2026-06-03 15:00:00+05:30,147.3,147.66,147.12,147.57,31891.0
2026-06-03 15:05:00+05:30,147.53,147.73,147.31,147.46,21493.0
2026-06-03 15:10:00+05:30,147.53,147.72,147.29,147.6,25469.0
2026-06-03 15:15:00+05:30,147.67,147.67,147.3,147.45,34751.0
2026-06-03 15:20:00+05:30,147.4,147.52,147.1,147.26,83651.0
2026-06-03 15:25:00+05:30,147.26,147.54,146.7,147.07,133351.0
2026-06-04 09:15:00+05:30,146.07,148.77,146.07,148.55,72918.0
2026-06-04 09:20:00+05:30,148.55,148.95,148.29,148.69,33046.0
2026-06-04 09:25:00+05:30,148.66,148.81,148.33,148.39,19962.0
2026-06-04 09:30:00+05:30,148.5,148.64,148.31,148.5,13611.0
2026-06-04 09:35:00+05:30,148.48,148.9,148.33,148.55,14423.0
2026-06-04 09:40:00+05:30,148.5,148.69,148.01,148.5,29721.0
2026-06-04 09:45:00+05:30,148.51,148.59,148.28,148.58,12860.0
2026-06-04 09:50:00+05:30,148.5,148.95,148.36,148.9,11878.0
2026-06-04 09:55:00+05:30,148.95,149.37,148.9,149.23,27325.0
2026-06-04 10:00:00+05:30,149.23,149.45,149.0,149.32,12498.0
2026-06-04 10:05:00+05:30,149.32,149.5,149.19,149.43,23270.0
2026-06-04 10:10:00+05:30,149.43,149.45,149.3,149.38,7066.0
2026-06-04 10:15:00+05:30,149.4,149.48,149.2,149.47,11744.0
2026-06-04 10:20:00+05:30,149.49,149.79,149.42,149.73,20703.0
2026-06-04 10:25:00+05:30,149.72,149.75,149.47,149.61,21755.0
2026-06-04 10:30:00+05:30,149.7,149.7,149.0,149.02,43660.0
2026-06-04 10:35:00+05:30,149.12,149.35,148.52,148.8,20147.0
2026-06-04 10:40:00+05:30,148.8,148.95,148.7,148.71,5170.0
2026-06-04 10:45:00+05:30,148.8,149.07,148.71,149.0,4084.0
2026-06-04 10:50:00+05:30,149.03,149.22,149.01,149.2,4014.0
2026-06-04 10:55:00+05:30,149.1,149.2,149.0,149.1,2086.0
2026-06-04 11:00:00+05:30,149.1,149.14,148.52,148.8,11574.0
2026-06-04 11:05:00+05:30,148.62,148.84,148.58,148.78,4335.0
2026-06-04 11:10:00+05:30,148.79,148.88,148.7,148.75,6475.0
2026-06-04 11:15:00+05:30,148.81,148.97,148.68,148.86,6303.0
2026-06-04 11:20:00+05:30,148.96,149.0,148.82,148.92,6255.0
2026-06-04 11:25:00+05:30,148.92,148.93,148.52,148.91,8142.0
2026-06-04 11:30:00+05:30,148.87,148.9,148.53,148.8,10007.0
2026-06-04 11:35:00+05:30,148.86,148.95,148.78,148.95,1193.0
2026-06-04 11:40:00+05:30,148.95,149.05,148.91,149.05,4460.0
2026-06-04 11:45:00+05:30,148.97,149.1,148.95,149.0,2048.0
2026-06-04 11:50:00+05:30,148.99,148.99,148.63,148.75,3976.0
2026-06-04 11:55:00+05:30,148.71,148.86,148.55,148.74,2361.0
2026-06-04 12:00:00+05:30,148.85,149.0,148.71,149.0,2137.0
2026-06-04 12:05:00+05:30,148.94,149.0,148.94,148.95,1224.0
2026-06-04 12:10:00+05:30,149.0,149.0,148.76,148.76,5067.0
2026-06-04 12:15:00+05:30,148.76,148.99,148.76,148.92,3879.0
2026-06-04 12:20:00+05:30,148.94,148.95,148.75,148.8,4369.0
2026-06-04 12:25:00+05:30,148.8,148.8,148.7,148.79,2253.0
2026-06-04 12:30:00+05:30,148.79,148.8,148.61,148.63,2829.0
2026-06-04 12:35:00+05:30,148.65,148.69,148.55,148.61,4214.0
2026-06-04 12:40:00+05:30,148.72,148.75,148.44,148.62,6611.0
2026-06-04 12:45:00+05:30,148.55,148.78,148.4,148.4,7322.0
2026-06-04 12:50:00+05:30,148.3,148.43,148.05,148.06,7671.0
2026-06-04 12:55:00+05:30,148.14,148.32,148.08,148.1,7446.0
2026-06-04 13:00:00+05:30,148.1,148.2,147.8,148.05,21412.0
2026-06-04 13:05:00+05:30,148.04,148.05,147.7,147.9,10659.0
2026-06-04 13:10:00+05:30,147.9,148.0,147.42,147.48,30052.0
2026-06-04 13:15:00+05:30,147.4,147.48,147.3,147.35,12816.0
2026-06-04 13:20:00+05:30,147.35,147.53,147.33,147.4,5641.0
2026-06-04 13:25:00+05:30,147.49,147.7,147.41,147.53,8067.0
2026-06-04 13:30:00+05:30,147.53,147.58,147.42,147.57,2253.0
2026-06-04 13:35:00+05:30,147.57,147.74,147.31,147.7,9073.0
2026-06-04 13:40:00+05:30,147.7,147.79,147.4,147.58,4103.0
2026-06-04 13:45:00+05:30,147.58,147.8,147.5,147.65,3787.0
2026-06-04 13:50:00+05:30,147.7,147.76,147.5,147.61,3437.0
2026-06-04 13:55:00+05:30,147.51,147.58,147.36,147.4,2559.0
2026-06-04 14:00:00+05:30,147.49,147.88,147.49,147.65,9038.0
2026-06-04 14:05:00+05:30,147.65,147.67,147.5,147.55,4035.0
2026-06-04 14:10:00+05:30,147.55,147.66,147.4,147.53,11949.0
2026-06-04 14:15:00+05:30,147.53,147.61,147.41,147.5,8900.0
2026-06-04 14:20:00+05:30,147.5,147.5,147.3,147.36,3784.0
2026-06-04 14:25:00+05:30,147.43,147.45,147.3,147.45,6808.0
2026-06-04 14:30:00+05:30,147.44,147.52,147.25,147.52,15511.0
2026-06-04 14:35:00+05:30,147.7,147.7,147.42,147.64,8876.0
2026-06-04 14:40:00+05:30,147.63,147.64,147.51,147.51,2738.0
2026-06-04 14:45:00+05:30,147.51,147.59,147.26,147.39,6906.0
2026-06-04 14:50:00+05:30,147.43,147.43,147.08,147.2,10888.0
2026-06-04 14:55:00+05:30,147.13,147.25,146.93,146.93,34583.0
2026-06-04 15:00:00+05:30,147.04,147.29,146.52,146.8,55891.0
2026-06-04 15:05:00+05:30,146.9,147.07,146.61,146.86,54304.0
2026-06-04 15:10:00+05:30,146.93,147.29,146.81,147.0,41151.0
2026-06-04 15:15:00+05:30,147.1,147.15,146.92,147.06,47314.0
2026-06-04 15:20:00+05:30,147.08,147.08,146.55,146.92,53634.0
2026-06-04 15:25:00+05:30,146.91,147.29,146.53,147.0,69902.0
2026-06-05 09:15:00+05:30,147.7,148.6,147.7,147.8,50836.0
2026-06-05 09:20:00+05:30,147.8,147.95,147.51,147.87,17185.0
2026-06-05 09:25:00+05:30,147.87,148.0,147.28,147.48,27820.0
2026-06-05 09:30:00+05:30,147.48,147.81,147.2,147.3,25016.0
2026-06-05 09:35:00+05:30,147.44,147.61,147.3,147.4,13681.0
2026-06-05 09:40:00+05:30,147.33,147.46,147.09,147.42,28186.0
2026-06-05 09:45:00+05:30,147.4,147.4,147.03,147.1,23320.0
2026-06-05 09:50:00+05:30,147.08,147.57,146.8,147.23,35406.0
2026-06-05 09:55:00+05:30,147.2,147.43,147.16,147.27,8085.0
2026-06-05 10:00:00+05:30,147.27,147.27,146.52,147.17,22535.0
2026-06-05 10:05:00+05:30,147.06,147.65,146.85,147.58,13394.0
2026-06-05 10:10:00+05:30,147.62,147.74,147.33,147.59,28044.0
2026-06-05 10:15:00+05:30,147.63,147.8,147.48,147.76,8345.0
2026-06-05 10:20:00+05:30,147.71,147.71,147.4,147.64,6080.0
2026-06-05 10:25:00+05:30,147.64,147.64,147.31,147.42,9274.0
2026-06-05 10:30:00+05:30,147.42,147.47,147.0,147.0,34680.0
2026-06-05 10:35:00+05:30,147.01,147.05,146.26,146.3,55804.0
2026-06-05 10:40:00+05:30,146.3,146.41,146.01,146.2,37651.0
2026-06-05 10:45:00+05:30,146.19,146.21,145.89,146.21,21114.0
2026-06-05 10:50:00+05:30,146.31,146.65,146.28,146.49,10977.0
2026-06-05 10:55:00+05:30,146.54,146.9,146.52,146.81,13229.0
2026-06-05 11:00:00+05:30,146.88,147.25,146.88,147.25,7845.0
2026-06-05 11:05:00+05:30,147.24,147.65,147.23,147.65,12564.0
2026-06-05 11:10:00+05:30,147.65,147.8,147.41,147.59,28903.0
2026-06-05 11:15:00+05:30,147.59,147.7,147.52,147.59,7537.0
2026-06-05 11:20:00+05:30,147.56,147.56,147.14,147.32,23087.0
2026-06-05 11:25:00+05:30,147.32,147.61,147.32,147.4,21023.0
2026-06-05 11:30:00+05:30,147.4,147.58,147.23,147.23,12633.0
2026-06-05 11:35:00+05:30,147.26,147.26,146.86,146.96,7885.0
2026-06-05 11:40:00+05:30,146.99,148.0,146.87,147.29,48819.0
2026-06-05 11:45:00+05:30,147.3,148.0,147.3,147.91,24872.0
2026-06-05 11:50:00+05:30,147.81,147.93,147.44,147.44,7256.0
2026-06-05 11:55:00+05:30,147.43,147.44,146.96,146.96,7591.0
2026-06-05 12:00:00+05:30,147.0,147.21,146.92,147.19,4189.0
2026-06-05 12:05:00+05:30,147.19,147.43,147.19,147.42,4086.0
2026-06-05 12:10:00+05:30,147.28,147.52,147.2,147.52,9169.0
2026-06-05 12:15:00+05:30,147.6,147.65,147.45,147.52,4353.0
2026-06-05 12:20:00+05:30,147.59,147.59,147.36,147.5,4989.0
2026-06-05 12:25:00+05:30,147.4,147.69,147.36,147.51,5939.0
2026-06-05 12:30:00+05:30,147.6,147.66,147.06,147.34,6711.0
2026-06-05 12:35:00+05:30,147.34,147.35,147.14,147.34,7550.0
2026-06-05 12:40:00+05:30,147.28,147.35,147.15,147.15,5176.0
2026-06-05 12:45:00+05:30,147.1,147.34,147.01,147.29,7736.0
2026-06-05 12:50:00+05:30,147.3,147.3,146.81,147.04,12654.0
2026-06-05 12:55:00+05:30,146.95,147.17,146.95,147.03,2938.0
2026-06-05 13:00:00+05:30,146.97,147.01,146.91,147.0,2249.0
2026-06-05 13:05:00+05:30,146.99,146.99,146.7,146.85,5370.0
2026-06-05 13:10:00+05:30,146.9,146.9,146.5,146.6,9962.0
2026-06-05 13:15:00+05:30,146.6,147.14,146.55,147.1,7618.0
2026-06-05 13:20:00+05:30,147.09,147.09,146.87,146.92,2913.0
2026-06-05 13:25:00+05:30,146.85,146.95,146.72,146.79,2362.0
2026-06-05 13:30:00+05:30,146.79,146.92,146.33,146.43,14374.0
2026-06-05 13:35:00+05:30,146.42,146.49,146.3,146.43,6850.0
2026-06-05 13:40:00+05:30,146.43,146.43,146.06,146.37,81018.0
2026-06-05 13:45:00+05:30,146.29,146.4,146.18,146.39,3110.0
2026-06-05 13:50:00+05:30,146.41,146.45,146.24,146.4,7349.0
2026-06-05 13:55:00+05:30,146.4,146.46,146.28,146.44,3313.0
2026-06-05 14:00:00+05:30,146.44,146.6,146.3,146.48,3982.0
2026-06-05 14:05:00+05:30,146.4,146.6,146.38,146.49,6952.0
2026-06-05 14:10:00+05:30,146.5,146.5,146.3,146.3,3969.0
2026-06-05 14:15:00+05:30,146.3,146.38,146.25,146.25,6004.0
2026-06-05 14:20:00+05:30,146.26,146.44,146.26,146.44,2493.0
2026-06-05 14:25:00+05:30,146.44,146.7,146.4,146.7,3994.0
2026-06-05 14:30:00+05:30,146.72,146.89,146.03,146.14,109598.0
2026-06-05 14:35:00+05:30,146.05,146.16,145.81,145.99,41390.0
2026-06-05 14:40:00+05:30,145.91,146.4,145.9,146.2,28101.0
2026-06-05 14:45:00+05:30,146.25,146.4,146.13,146.19,27312.0
2026-06-05 14:50:00+05:30,146.19,146.4,146.19,146.4,5561.0
2026-06-05 14:55:00+05:30,146.4,146.4,146.26,146.26,2575.0
2026-06-05 15:00:00+05:30,146.29,146.4,146.14,146.38,25480.0
2026-06-05 15:05:00+05:30,146.38,146.4,146.29,146.38,11085.0
2026-06-05 15:10:00+05:30,146.38,146.4,146.27,146.38,17894.0
2026-06-05 15:15:00+05:30,146.38,146.4,146.32,146.39,24679.0
2026-06-05 15:20:00+05:30,146.38,146.39,146.06,146.15,25836.0
2026-06-05 15:25:00+05:30,146.08,146.4,146.01,146.12,37167.0
2026-06-08 09:15:00+05:30,144.61,145.25,143.7,145.06,62352.0
2026-06-08 09:20:00+05:30,144.9,145.06,144.5,144.52,36025.0
2026-06-08 09:25:00+05:30,144.5,144.74,144.11,144.66,29348.0
2026-06-08 09:30:00+05:30,144.65,144.8,144.27,144.63,23399.0
2026-06-08 09:35:00+05:30,144.62,144.62,143.8,144.18,25761.0
2026-06-08 09:40:00+05:30,144.1,144.26,143.77,144.02,30458.0
2026-06-08 09:45:00+05:30,144.17,144.46,143.26,143.26,31217.0
2026-06-08 09:50:00+05:30,143.26,143.26,142.02,142.38,173885.0
2026-06-08 09:55:00+05:30,142.4,143.39,142.4,143.3,48487.0
2026-06-08 10:00:00+05:30,143.3,143.3,142.48,142.5,55535.0
2026-06-08 10:05:00+05:30,142.54,142.87,142.24,142.67,25289.0
2026-06-08 10:10:00+05:30,142.79,142.88,142.56,142.64,22682.0
2026-06-08 10:15:00+05:30,142.66,142.66,142.48,142.56,31204.0
2026-06-08 10:20:00+05:30,142.54,142.6,142.2,142.37,29506.0
2026-06-08 10:25:00+05:30,142.3,142.39,142.2,142.31,29915.0
2026-06-08 10:30:00+05:30,142.32,142.7,142.27,142.7,12911.0
2026-06-08 10:35:00+05:30,142.7,143.0,142.7,143.0,14047.0
2026-06-08 10:40:00+05:30,143.0,143.2,142.79,142.86,45785.0
2026-06-08 10:45:00+05:30,142.87,142.98,142.61,142.85,14750.0
2026-06-08 10:50:00+05:30,142.8,142.88,142.64,142.72,16959.0
2026-06-08 10:55:00+05:30,142.72,142.93,142.52,142.93,10226.0
2026-06-08 11:00:00+05:30,142.9,142.94,142.53,142.71,29570.0
2026-06-08 11:05:00+05:30,142.75,142.75,142.27,142.37,27837.0
2026-06-08 11:10:00+05:30,142.37,142.6,142.22,142.37,21620.0
2026-06-08 11:15:00+05:30,142.35,142.47,142.19,142.2,18305.0
2026-06-08 11:20:00+05:30,142.11,142.31,142.11,142.18,17802.0
2026-06-08 11:25:00+05:30,142.17,142.24,142.13,142.21,12725.0
2026-06-08 11:30:00+05:30,142.13,142.29,142.11,142.29,13133.0
2026-06-08 11:35:00+05:30,142.29,142.83,142.2,142.69,18010.0
2026-06-08 11:40:00+05:30,142.69,142.69,142.5,142.58,5151.0
2026-06-08 11:45:00+05:30,142.59,142.68,142.5,142.58,17848.0
2026-06-08 11:50:00+05:30,142.58,142.62,142.5,142.5,7127.0
2026-06-08 11:55:00+05:30,142.59,142.61,142.51,142.52,4615.0
2026-06-08 12:00:00+05:30,142.6,142.72,142.52,142.66,7911.0
2026-06-08 12:05:00+05:30,142.66,142.75,142.52,142.75,22672.0
2026-06-08 12:10:00+05:30,142.75,142.75,142.4,142.4,21248.0
2026-06-08 12:15:00+05:30,142.49,142.6,142.31,142.33,11890.0
2026-06-08 12:20:00+05:30,142.45,142.6,142.31,142.33,8166.0
2026-06-08 12:25:00+05:30,142.45,142.48,142.21,142.21,8598.0
2026-06-08 12:30:00+05:30,142.36,142.46,142.11,142.4,22397.0
2026-06-08 12:35:00+05:30,142.4,142.42,142.15,142.18,12667.0
2026-06-08 12:40:00+05:30,142.18,142.18,141.84,142.02,97466.0
2026-06-08 12:45:00+05:30,142.02,142.46,141.92,142.38,11660.0
2026-06-08 12:50:00+05:30,142.35,142.37,141.9,141.9,29246.0
2026-06-08 12:55:00+05:30,141.99,142.24,141.9,141.93,10183.0
2026-06-08 13:00:00+05:30,141.9,142.25,141.71,141.88,27762.0
2026-06-08 13:05:00+05:30,141.8,142.0,141.7,141.82,35686.0
2026-06-08 13:10:00+05:30,141.7,141.81,141.61,141.65,21098.0
2026-06-08 13:15:00+05:30,141.65,142.53,141.64,142.49,19271.0
2026-06-08 13:20:00+05:30,142.49,142.49,142.1,142.28,30093.0
2026-06-08 13:25:00+05:30,142.28,142.28,141.9,142.2,23699.0
2026-06-08 13:30:00+05:30,142.2,142.32,141.95,142.32,14538.0
2026-06-08 13:35:00+05:30,142.28,142.33,142.04,142.25,34473.0
2026-06-08 13:40:00+05:30,142.25,142.4,142.06,142.38,15939.0
2026-06-08 13:45:00+05:30,142.38,142.38,141.97,142.18,9942.0
2026-06-08 13:50:00+05:30,142.19,142.19,142.01,142.14,13435.0
2026-06-08 13:55:00+05:30,142.12,142.3,142.04,142.3,9600.0
2026-06-08 14:00:00+05:30,142.3,142.5,142.2,142.36,22886.0
2026-06-08 14:05:00+05:30,142.36,142.38,142.2,142.34,8327.0
2026-06-08 14:10:00+05:30,142.33,142.45,142.19,142.38,18994.0
2026-06-08 14:15:00+05:30,142.36,142.5,142.21,142.38,41151.0
2026-06-08 14:20:00+05:30,142.46,142.52,142.32,142.52,30502.0
2026-06-08 14:25:00+05:30,142.52,142.54,142.32,142.5,51964.0
2026-06-08 14:30:00+05:30,142.52,142.76,142.46,142.75,29439.0
2026-06-08 14:35:00+05:30,142.75,143.35,142.47,143.28,53006.0
2026-06-08 14:40:00+05:30,143.23,144.18,143.04,144.18,104290.0
2026-06-08 14:45:00+05:30,144.2,144.63,144.1,144.13,75507.0
2026-06-08 14:50:00+05:30,144.22,144.22,143.7,143.8,28260.0
2026-06-08 14:55:00+05:30,143.8,144.25,143.51,144.11,59610.0
2026-06-08 15:00:00+05:30,144.11,144.14,143.5,143.62,99162.0
2026-06-08 15:05:00+05:30,143.63,143.75,143.3,143.71,64504.0
2026-06-08 15:10:00+05:30,143.72,143.72,143.5,143.6,60079.0
2026-06-08 15:15:00+05:30,143.69,143.69,143.02,143.23,47312.0
2026-06-08 15:20:00+05:30,143.2,143.2,142.85,143.0,70843.0
2026-06-08 15:25:00+05:30,142.98,143.09,142.81,143.06,64806.0
2026-06-09 09:15:00+05:30,144.7,145.44,143.8,145.16,57079.0
2026-06-09 09:20:00+05:30,145.23,145.44,144.48,145.0,17863.0
2026-06-09 09:25:00+05:30,145.07,145.12,144.5,144.6,10041.0
2026-06-09 09:30:00+05:30,144.6,145.6,144.51,145.6,40537.0
2026-06-09 09:35:00+05:30,145.53,145.69,145.27,145.27,21845.0
2026-06-09 09:40:00+05:30,145.28,145.55,145.1,145.15,28014.0
2026-06-09 09:45:00+05:30,145.28,145.65,144.68,144.79,33332.0
2026-06-09 09:50:00+05:30,144.79,145.27,144.79,145.07,11105.0
2026-06-09 09:55:00+05:30,145.05,145.6,144.72,145.42,12020.0
2026-06-09 10:00:00+05:30,145.41,145.68,145.14,145.26,26558.0
2026-06-09 10:05:00+05:30,145.34,145.34,144.65,145.21,38397.0
2026-06-09 10:10:00+05:30,145.21,145.24,145.0,145.12,8710.0
2026-06-09 10:15:00+05:30,145.23,145.28,144.83,145.13,20564.0
2026-06-09 10:20:00+05:30,145.01,145.18,144.8,144.8,14627.0
2026-06-09 10:25:00+05:30,144.9,145.17,144.9,145.08,13648.0
2026-06-09 10:30:00+05:30,145.08,145.14,144.98,145.11,4593.0
2026-06-09 10:35:00+05:30,145.11,145.17,145.03,145.1,3427.0
2026-06-09 10:40:00+05:30,145.1,145.28,145.02,145.25,16467.0
2026-06-09 10:45:00+05:30,145.29,145.45,144.91,145.2,6239.0
2026-06-09 10:50:00+05:30,145.06,145.06,145.0,145.06,815.0
2026-06-09 10:55:00+05:30,145.14,145.14,145.01,145.02,5775.0
2026-06-09 11:00:00+05:30,145.2,145.2,145.02,145.11,6472.0
2026-06-09 11:05:00+05:30,145.11,145.17,145.03,145.13,2619.0
2026-06-09 11:10:00+05:30,145.03,145.14,145.01,145.01,2945.0
2026-06-09 11:15:00+05:30,145.07,145.07,144.5,144.71,27499.0
2026-06-09 11:20:00+05:30,144.7,144.9,144.34,144.46,16757.0
2026-06-09 11:25:00+05:30,144.5,144.85,144.35,144.85,30043.0
2026-06-09 11:30:00+05:30,144.78,144.82,144.3,144.3,15006.0
2026-06-09 11:35:00+05:30,144.3,144.51,144.06,144.07,9983.0
2026-06-09 11:40:00+05:30,144.16,144.23,144.08,144.2,3034.0
2026-06-09 11:45:00+05:30,144.21,144.77,144.2,144.44,13538.0
2026-06-09 11:50:00+05:30,144.56,144.66,144.3,144.41,11735.0
2026-06-09 11:55:00+05:30,144.34,144.54,144.34,144.45,1344.0
2026-06-09 12:00:00+05:30,144.52,144.59,144.25,144.34,8203.0
2026-06-09 12:05:00+05:30,144.31,144.48,144.05,144.48,13005.0
2026-06-09 12:10:00+05:30,144.45,144.45,144.36,144.36,539.0
2026-06-09 12:15:00+05:30,144.43,144.43,143.22,143.48,104095.0
2026-06-09 12:20:00+05:30,143.43,143.58,143.2,143.33,17422.0
2026-06-09 12:25:00+05:30,143.33,143.49,143.1,143.3,20042.0
2026-06-09 12:30:00+05:30,143.4,143.47,143.09,143.35,15243.0
2026-06-09 12:35:00+05:30,143.39,143.47,143.1,143.25,16406.0
2026-06-09 12:40:00+05:30,143.3,143.38,143.06,143.17,12888.0
2026-06-09 12:45:00+05:30,143.18,143.23,142.66,142.92,69856.0
2026-06-09 12:50:00+05:30,142.9,142.91,142.63,142.63,16346.0
2026-06-09 12:55:00+05:30,142.65,142.74,142.5,142.6,34815.0
2026-06-09 13:00:00+05:30,142.63,142.93,142.51,142.88,23368.0
2026-06-09 13:05:00+05:30,142.88,143.0,142.8,142.8,26324.0
2026-06-09 13:10:00+05:30,142.87,142.99,142.8,142.85,16751.0
2026-06-09 13:15:00+05:30,142.85,143.09,142.83,142.88,27139.0
2026-06-09 13:20:00+05:30,142.97,143.12,142.83,143.04,9652.0
2026-06-09 13:25:00+05:30,143.12,143.27,143.01,143.2,18217.0
2026-06-09 13:30:00+05:30,143.25,143.4,143.1,143.14,18690.0
2026-06-09 13:35:00+05:30,143.24,143.28,143.14,143.25,9721.0
2026-06-09 13:40:00+05:30,143.18,143.39,143.1,143.3,15637.0
2026-06-09 13:45:00+05:30,143.35,143.66,143.22,143.56,26653.0
2026-06-09 13:50:00+05:30,143.43,143.47,143.22,143.22,11235.0
2026-06-09 13:55:00+05:30,143.2,143.6,143.13,143.2,28093.0
2026-06-09 14:00:00+05:30,143.24,143.36,143.03,143.1,13087.0
2026-06-09 14:05:00+05:30,143.19,143.19,143.03,143.11,10549.0
2026-06-09 14:10:00+05:30,143.11,143.3,143.0,143.19,19356.0
2026-06-09 14:15:00+05:30,143.08,143.34,143.07,143.11,15187.0
2026-06-09 14:20:00+05:30,143.2,143.27,143.02,143.02,12650.0
2026-06-09 14:25:00+05:30,143.09,143.15,142.88,143.0,29106.0
2026-06-09 14:30:00+05:30,143.05,143.35,142.71,143.16,27064.0
2026-06-09 14:35:00+05:30,143.04,143.3,143.01,143.15,15246.0
2026-06-09 14:40:00+05:30,143.15,143.39,143.1,143.3,12700.0
2026-06-09 14:45:00+05:30,143.3,143.35,143.1,143.1,13057.0
2026-06-09 14:50:00+05:30,143.06,143.51,143.06,143.51,18825.0
2026-06-09 14:55:00+05:30,143.51,143.6,143.3,143.49,19141.0
2026-06-09 15:00:00+05:30,143.5,143.7,143.02,143.7,38650.0
2026-06-09 15:05:00+05:30,143.68,144.07,143.68,143.98,67745.0
2026-06-09 15:10:00+05:30,143.99,143.99,143.53,143.88,46424.0
2026-06-09 15:15:00+05:30,143.86,143.93,143.57,143.8,42057.0
2026-06-09 15:20:00+05:30,143.8,143.8,143.4,143.57,50793.0
2026-06-09 15:25:00+05:30,143.71,144.1,143.02,143.6,73194.0
2026-06-10 09:15:00+05:30,144.0,144.93,143.2,143.31,50562.0
2026-06-10 09:20:00+05:30,143.31,143.32,142.7,143.07,126375.0
2026-06-10 09:25:00+05:30,143.07,143.58,142.81,143.3,52857.0
2026-06-10 09:30:00+05:30,143.29,143.69,143.28,143.32,34874.0
2026-06-10 09:35:00+05:30,143.5,143.5,143.2,143.2,4742.0
2026-06-10 09:40:00+05:30,143.15,143.18,142.75,142.94,33906.0
2026-06-10 09:45:00+05:30,142.94,143.27,142.82,143.27,23568.0
2026-06-10 09:50:00+05:30,143.27,143.31,143.05,143.09,17696.0
2026-06-10 09:55:00+05:30,143.04,143.08,142.71,142.72,46468.0
2026-06-10 10:00:00+05:30,142.78,142.91,142.62,142.65,26002.0
2026-06-10 10:05:00+05:30,142.65,142.79,142.65,142.79,6046.0
2026-06-10 10:10:00+05:30,142.79,143.52,142.79,143.0,73015.0
2026-06-10 10:15:00+05:30,143.06,143.45,143.0,143.3,82290.0
2026-06-10 10:20:00+05:30,143.25,143.3,143.06,143.1,5174.0
2026-06-10 10:25:00+05:30,143.1,143.12,142.8,142.81,18413.0
2026-06-10 10:30:00+05:30,142.87,143.23,142.8,143.23,13016.0
2026-06-10 10:35:00+05:30,143.32,143.43,143.25,143.3,10512.0
2026-06-10 10:40:00+05:30,143.25,143.35,143.25,143.35,19007.0
2026-06-10 10:45:00+05:30,143.35,143.88,143.35,143.75,42529.0
2026-06-10 10:50:00+05:30,143.78,143.84,143.56,143.65,11290.0
2026-06-10 10:55:00+05:30,143.61,143.88,143.6,143.82,9884.0
2026-06-10 11:00:00+05:30,143.83,144.2,143.7,143.82,44294.0
2026-06-10 11:05:00+05:30,143.82,143.82,143.6,143.77,17466.0
2026-06-10 11:10:00+05:30,143.8,144.11,143.77,143.9,8547.0
2026-06-10 11:15:00+05:30,143.9,143.9,143.68,143.68,14689.0
2026-06-10 11:20:00+05:30,143.68,143.68,143.29,143.5,18940.0
2026-06-10 11:25:00+05:30,143.49,143.5,143.31,143.5,3244.0
2026-06-10 11:30:00+05:30,143.38,143.47,143.27,143.27,9169.0
2026-06-10 11:35:00+05:30,143.14,143.22,143.07,143.1,16730.0
2026-06-10 11:40:00+05:30,143.1,143.6,143.1,143.52,46471.0
2026-06-10 11:45:00+05:30,143.52,143.52,143.32,143.47,2090.0
2026-06-10 11:50:00+05:30,143.47,143.49,143.28,143.49,4734.0
2026-06-10 11:55:00+05:30,143.59,143.73,143.34,143.6,42411.0
2026-06-10 12:00:00+05:30,143.72,143.91,143.62,143.75,78164.0
2026-06-10 12:05:00+05:30,143.81,144.2,143.8,144.0,56643.0
2026-06-10 12:10:00+05:30,144.0,144.1,143.92,144.01,5262.0
2026-06-10 12:15:00+05:30,144.01,144.89,144.01,144.84,137396.0
2026-06-10 12:20:00+05:30,144.74,144.86,144.6,144.66,3494.0
2026-06-10 12:25:00+05:30,144.6,144.66,144.19,144.21,10469.0
2026-06-10 12:30:00+05:30,144.2,144.32,144.02,144.29,7520.0
2026-06-10 12:35:00+05:30,144.16,144.34,144.14,144.28,18096.0
2026-06-10 12:40:00+05:30,144.24,144.24,144.1,144.16,7215.0
2026-06-10 12:45:00+05:30,144.1,144.1,143.6,143.61,58935.0
2026-06-10 12:50:00+05:30,143.63,143.78,143.56,143.71,32625.0
2026-06-10 12:55:00+05:30,143.7,143.8,143.65,143.8,3386.0
2026-06-10 13:00:00+05:30,143.8,143.9,143.74,143.81,1758.0
2026-06-10 13:05:00+05:30,143.95,144.1,143.93,143.99,6838.0
2026-06-10 13:10:00+05:30,143.99,144.6,143.96,144.4,64436.0
2026-06-10 13:15:00+05:30,144.33,144.33,144.12,144.28,8430.0
2026-06-10 13:20:00+05:30,144.2,145.8,144.15,145.54,114405.0
2026-06-10 13:25:00+05:30,145.45,146.46,145.4,145.85,172245.0
2026-06-10 13:30:00+05:30,145.85,146.75,145.72,146.3,244882.0
2026-06-10 13:35:00+05:30,146.32,147.65,144.74,144.97,661769.0
2026-06-10 13:40:00+05:30,144.88,145.19,144.51,144.7,101988.0
2026-06-10 13:45:00+05:30,144.7,145.68,144.56,145.15,160537.0
2026-06-10 13:50:00+05:30,145.15,145.59,145.15,145.39,38938.0
2026-06-10 13:55:00+05:30,145.46,145.46,145.16,145.26,18018.0
2026-06-10 14:00:00+05:30,145.26,145.49,144.63,144.64,43072.0
2026-06-10 14:05:00+05:30,144.64,144.64,144.41,144.41,46765.0
2026-06-10 14:10:00+05:30,144.41,144.61,144.25,144.39,23111.0
2026-06-10 14:15:00+05:30,144.33,144.65,144.08,144.59,62937.0
2026-06-10 14:20:00+05:30,144.57,144.6,144.39,144.6,13321.0
2026-06-10 14:25:00+05:30,144.6,144.86,144.18,144.19,35342.0
2026-06-10 14:30:00+05:30,144.2,144.31,144.18,144.26,9701.0
2026-06-10 14:35:00+05:30,144.3,144.38,144.19,144.25,16620.0
2026-06-10 14:40:00+05:30,144.26,144.4,144.2,144.25,38892.0
2026-06-10 14:45:00+05:30,144.27,144.31,144.1,144.1,23221.0
2026-06-10 14:50:00+05:30,144.1,144.36,144.1,144.17,55586.0
2026-06-10 14:55:00+05:30,144.17,144.28,144.12,144.28,14390.0
2026-06-10 15:00:00+05:30,144.32,144.32,144.11,144.12,26583.0
2026-06-10 15:05:00+05:30,144.12,144.26,144.11,144.15,78921.0
2026-06-10 15:10:00+05:30,144.18,144.39,144.15,144.21,44274.0
2026-06-10 15:15:00+05:30,144.2,144.62,144.1,144.22,93300.0
2026-06-10 15:20:00+05:30,144.22,145.17,144.13,145.03,115321.0
2026-06-10 15:25:00+05:30,145.17,146.0,144.79,145.62,164238.0
2026-06-11 09:15:00+05:30,143.3,143.43,141.76,142.15,151635.0
2026-06-11 09:20:00+05:30,142.25,142.77,141.98,141.98,86437.0
2026-06-11 09:25:00+05:30,141.92,142.13,141.5,141.91,91488.0
2026-06-11 09:30:00+05:30,141.91,142.06,141.25,141.4,103383.0
2026-06-11 09:35:00+05:30,141.4,142.63,141.4,142.61,34765.0
2026-06-11 09:40:00+05:30,142.8,143.38,142.64,143.02,116854.0
2026-06-11 09:45:00+05:30,143.01,143.42,142.9,143.14,37590.0
2026-06-11 09:50:00+05:30,143.04,143.35,143.0,143.16,20604.0
2026-06-11 09:55:00+05:30,143.15,143.18,142.76,142.76,18397.0
2026-06-11 10:00:00+05:30,142.76,143.0,142.62,142.8,41476.0
2026-06-11 10:05:00+05:30,142.79,143.2,142.76,143.12,17646.0
2026-06-11 10:10:00+05:30,143.12,143.39,143.02,143.2,16050.0
2026-06-11 10:15:00+05:30,143.1,143.45,143.0,143.35,20840.0
2026-06-11 10:20:00+05:30,143.45,143.5,143.15,143.28,12568.0
2026-06-11 10:25:00+05:30,143.28,143.29,143.2,143.2,6824.0
2026-06-11 10:30:00+05:30,143.2,143.29,143.01,143.22,9473.0
2026-06-11 10:35:00+05:30,143.29,143.29,142.51,142.72,43226.0
2026-06-11 10:40:00+05:30,142.71,143.06,142.71,142.95,43579.0
2026-06-11 10:45:00+05:30,142.94,143.01,142.75,142.84,10585.0
2026-06-11 10:50:00+05:30,142.83,142.83,142.35,142.35,21131.0
2026-06-11 10:55:00+05:30,142.35,142.49,142.27,142.41,6237.0
2026-06-11 11:00:00+05:30,142.41,142.53,142.25,142.5,11574.0
2026-06-11 11:05:00+05:30,142.53,142.72,142.25,142.66,56236.0
2026-06-11 11:10:00+05:30,142.6,142.64,142.5,142.5,1516.0
2026-06-11 11:15:00+05:30,142.5,142.8,142.5,142.7,13233.0
2026-06-11 11:20:00+05:30,142.75,143.17,142.75,142.94,28948.0
2026-06-11 11:25:00+05:30,142.94,143.2,142.94,143.09,16857.0
2026-06-11 11:30:00+05:30,143.09,143.2,143.0,143.07,28415.0
2026-06-11 11:35:00+05:30,143.16,143.77,143.16,143.55,58401.0
2026-06-11 11:40:00+05:30,143.5,143.95,143.5,143.95,25489.0
2026-06-11 11:45:00+05:30,143.95,144.69,143.93,144.43,51220.0
2026-06-11 11:50:00+05:30,144.36,144.47,144.2,144.24,2712.0
2026-06-11 11:55:00+05:30,144.33,144.39,144.0,144.0,13718.0
2026-06-11 12:00:00+05:30,144.05,144.35,144.0,144.22,21550.0
2026-06-11 12:05:00+05:30,144.22,144.4,144.16,144.27,15501.0
2026-06-11 12:10:00+05:30,144.27,144.55,144.03,144.55,92893.0
2026-06-11 12:15:00+05:30,144.55,145.25,144.51,144.9,77103.0
2026-06-11 12:20:00+05:30,144.9,144.98,144.76,144.9,5953.0
2026-06-11 12:25:00+05:30,144.88,145.0,144.51,144.58,22001.0
2026-06-11 12:30:00+05:30,144.64,144.65,144.2,144.2,21339.0
2026-06-11 12:35:00+05:30,144.2,144.44,144.1,144.36,22447.0
2026-06-11 12:40:00+05:30,144.36,144.44,144.25,144.25,23533.0
2026-06-11 12:45:00+05:30,144.25,144.32,143.96,143.96,16323.0
2026-06-11 12:50:00+05:30,143.96,144.17,143.7,143.8,18233.0
2026-06-11 12:55:00+05:30,143.8,144.11,143.8,144.0,22228.0
2026-06-11 13:00:00+05:30,144.06,144.14,143.75,143.89,41308.0
2026-06-11 13:05:00+05:30,143.89,144.11,143.8,144.0,14721.0
2026-06-11 13:10:00+05:30,143.95,143.98,143.75,143.81,6890.0
2026-06-11 13:15:00+05:30,143.7,143.7,143.09,143.2,54595.0
2026-06-11 13:20:00+05:30,143.2,143.31,143.03,143.14,14494.0
2026-06-11 13:25:00+05:30,143.1,143.2,143.05,143.2,38780.0
2026-06-11 13:30:00+05:30,143.42,143.75,143.32,143.67,3467.0
2026-06-11 13:35:00+05:30,143.59,143.6,143.22,143.22,1588.0
2026-06-11 13:40:00+05:30,143.23,143.49,143.15,143.25,4498.0
2026-06-11 13:45:00+05:30,143.38,143.56,143.21,143.25,3722.0
2026-06-11 13:50:00+05:30,143.21,143.38,143.2,143.37,1482.0
2026-06-11 13:55:00+05:30,143.32,143.38,143.22,143.29,3003.0
2026-06-11 14:00:00+05:30,143.29,143.45,143.1,143.4,13282.0
2026-06-11 14:05:00+05:30,143.38,143.51,143.25,143.25,30533.0
2026-06-11 14:10:00+05:30,143.25,143.63,143.25,143.6,3974.0
2026-06-11 14:15:00+05:30,143.6,143.75,143.54,143.75,9538.0
2026-06-11 14:20:00+05:30,143.7,144.11,143.7,144.1,21740.0
2026-06-11 14:25:00+05:30,144.02,144.69,144.02,144.6,28329.0
2026-06-11 14:30:00+05:30,144.59,145.7,144.59,145.7,64830.0
2026-06-11 14:35:00+05:30,145.8,145.87,144.98,145.17,39325.0
2026-06-11 14:40:00+05:30,145.18,145.18,144.5,144.74,13312.0
2026-06-11 14:45:00+05:30,145.0,145.0,144.25,144.5,26794.0
2026-06-11 14:50:00+05:30,144.51,144.6,144.4,144.5,19065.0
2026-06-11 14:55:00+05:30,144.5,144.61,143.71,144.11,187265.0
2026-06-11 15:00:00+05:30,144.18,144.52,143.83,144.33,55954.0
2026-06-11 15:05:00+05:30,144.39,144.76,144.18,144.5,60678.0
2026-06-11 15:10:00+05:30,144.58,145.27,144.44,145.27,60259.0
2026-06-11 15:15:00+05:30,145.25,146.0,145.25,145.64,61400.0
2026-06-11 15:20:00+05:30,145.64,145.87,145.25,145.25,63266.0
2026-06-11 15:25:00+05:30,145.25,145.7,144.66,145.48,37620.0
2026-06-12 09:15:00+05:30,146.74,148.5,146.15,148.15,81586.0
2026-06-12 09:20:00+05:30,148.11,149.3,147.96,149.14,174219.0
2026-06-12 09:25:00+05:30,149.17,149.2,148.12,148.12,54930.0
2026-06-12 09:30:00+05:30,148.1,148.68,147.9,148.66,39973.0
2026-06-12 09:35:00+05:30,148.53,148.78,148.5,148.77,25587.0
2026-06-12 09:40:00+05:30,148.71,148.73,148.15,148.58,69585.0
2026-06-12 09:45:00+05:30,148.6,148.97,148.51,148.9,26969.0
2026-06-12 09:50:00+05:30,148.9,149.4,148.5,148.5,55453.0
2026-06-12 09:55:00+05:30,148.5,149.0,148.5,148.83,35129.0
2026-06-12 10:00:00+05:30,148.84,148.92,148.34,148.55,20690.0
2026-06-12 10:05:00+05:30,148.54,149.28,148.53,148.84,56375.0
2026-06-12 10:10:00+05:30,148.85,149.13,148.85,148.9,25591.0
2026-06-12 10:15:00+05:30,148.91,149.38,148.91,149.0,28398.0
2026-06-12 10:20:00+05:30,149.04,149.7,149.04,149.6,60981.0
2026-06-12 10:25:00+05:30,149.61,149.68,149.22,149.33,10364.0
2026-06-12 10:30:00+05:30,149.43,150.46,149.19,150.32,118703.0
2026-06-12 10:35:00+05:30,150.29,151.9,150.17,150.91,167745.0
2026-06-12 10:40:00+05:30,150.92,151.11,150.41,150.55,52764.0
2026-06-12 10:45:00+05:30,150.61,150.72,150.12,150.67,57621.0
2026-06-12 10:50:00+05:30,150.67,150.69,150.22,150.4,26400.0
2026-06-12 10:55:00+05:30,150.39,150.55,150.2,150.35,32772.0
2026-06-12 11:00:00+05:30,150.35,150.44,150.21,150.21,21958.0
2026-06-12 11:05:00+05:30,150.21,150.31,150.06,150.31,15285.0
2026-06-12 11:10:00+05:30,150.21,151.7,150.12,151.36,61500.0
2026-06-12 11:15:00+05:30,151.21,151.65,150.51,150.53,60764.0
2026-06-12 11:20:00+05:30,150.68,150.74,150.25,150.25,30267.0
2026-06-12 11:25:00+05:30,150.19,150.38,150.1,150.18,27280.0
2026-06-12 11:30:00+05:30,150.11,150.28,150.1,150.22,8527.0
2026-06-12 11:35:00+05:30,150.25,150.33,150.24,150.33,3768.0
2026-06-12 11:40:00+05:30,150.33,150.94,150.27,150.81,37338.0
2026-06-12 11:45:00+05:30,150.81,151.47,150.81,151.47,26920.0
2026-06-12 11:50:00+05:30,151.4,151.48,150.63,150.66,33824.0
2026-06-12 11:55:00+05:30,150.64,150.83,150.61,150.77,2792.0
2026-06-12 12:00:00+05:30,150.77,150.81,150.6,150.81,10120.0
2026-06-12 12:05:00+05:30,150.69,150.75,150.25,150.27,39374.0
2026-06-12 12:10:00+05:30,150.26,150.38,150.06,150.06,18114.0
2026-06-12 12:15:00+05:30,150.05,150.4,150.01,150.11,29125.0
2026-06-12 12:20:00+05:30,150.1,150.33,150.03,150.21,28673.0
2026-06-12 12:25:00+05:30,150.22,150.49,150.22,150.38,6852.0
2026-06-12 12:30:00+05:30,150.26,150.32,150.1,150.1,3062.0
2026-06-12 12:35:00+05:30,150.21,150.22,149.81,149.88,13250.0
2026-06-12 12:40:00+05:30,150.01,150.1,149.9,150.1,20450.0
2026-06-12 12:45:00+05:30,150.12,150.25,150.05,150.25,9396.0
2026-06-12 12:50:00+05:30,150.15,150.38,150.15,150.22,3176.0
2026-06-12 12:55:00+05:30,150.23,150.39,150.15,150.15,9229.0
2026-06-12 13:00:00+05:30,150.22,150.39,150.15,150.33,4579.0
2026-06-12 13:05:00+05:30,150.33,150.4,150.22,150.35,4391.0
2026-06-12 13:10:00+05:30,150.34,150.49,150.25,150.36,7780.0
2026-06-12 13:15:00+05:30,150.36,150.46,150.16,150.34,16441.0
2026-06-12 13:20:00+05:30,150.35,150.35,150.11,150.15,28041.0
2026-06-12 13:25:00+05:30,150.17,150.5,150.1,150.48,7935.0
2026-06-12 13:30:00+05:30,150.49,150.51,150.1,150.5,15971.0
2026-06-12 13:35:00+05:30,150.51,150.79,150.43,150.74,15807.0
2026-06-12 13:40:00+05:30,150.61,151.02,150.61,150.7,36760.0
2026-06-12 13:45:00+05:30,150.89,151.05,150.69,151.05,11642.0
2026-06-12 13:50:00+05:30,150.91,151.2,150.86,151.1,28720.0
2026-06-12 13:55:00+05:30,151.1,151.1,150.85,151.0,8650.0
2026-06-12 14:00:00+05:30,151.09,151.28,150.83,151.13,26293.0
2026-06-12 14:05:00+05:30,151.0,151.26,151.0,151.2,6357.0
2026-06-12 14:10:00+05:30,151.11,151.46,150.96,151.0,29479.0
2026-06-12 14:15:00+05:30,151.22,151.7,151.14,151.7,32836.0
2026-06-12 14:20:00+05:30,151.58,151.74,151.42,151.5,17114.0
2026-06-12 14:25:00+05:30,151.66,151.7,151.45,151.57,19281.0
2026-06-12 14:30:00+05:30,151.68,151.7,151.37,151.37,6785.0
2026-06-12 14:35:00+05:30,151.47,151.57,151.16,151.5,19096.0
2026-06-12 14:40:00+05:30,151.45,151.59,151.36,151.46,20317.0
2026-06-12 14:45:00+05:30,151.36,151.65,151.16,151.16,29267.0
2026-06-12 14:50:00+05:30,151.16,151.29,151.05,151.15,5468.0
2026-06-12 14:55:00+05:30,151.15,151.29,150.96,151.16,17820.0
2026-06-12 15:00:00+05:30,151.03,151.38,151.03,151.17,16859.0
2026-06-12 15:05:00+05:30,151.31,151.48,151.19,151.21,11884.0
2026-06-12 15:10:00+05:30,151.32,151.65,151.13,151.5,32082.0
2026-06-12 15:15:00+05:30,151.53,152.0,151.4,151.73,105447.0
2026-06-12 15:20:00+05:30,151.73,152.0,151.5,151.9,112342.0
2026-06-12 15:25:00+05:30,151.9,151.98,151.45,151.98,67476.0
2026-06-15 09:15:00+05:30,155.0,156.3,154.03,154.8,234031.0
2026-06-15 09:20:00+05:30,154.98,155.48,154.75,155.12,58040.0
2026-06-15 09:25:00+05:30,155.28,155.36,154.6,155.08,56426.0
2026-06-15 09:30:00+05:30,155.08,155.32,154.31,154.31,31751.0
2026-06-15 09:35:00+05:30,154.28,154.94,154.25,154.25,34002.0
2026-06-15 09:40:00+05:30,154.44,154.67,153.6,153.96,75830.0
2026-06-15 09:45:00+05:30,153.91,154.09,153.66,153.79,60995.0
2026-06-15 09:50:00+05:30,153.87,154.24,153.8,154.15,21164.0
2026-06-15 09:55:00+05:30,154.15,154.2,153.9,154.01,14634.0
2026-06-15 10:00:00+05:30,153.98,154.5,153.97,154.37,45382.0
2026-06-15 10:05:00+05:30,154.42,155.58,154.17,155.13,76787.0
2026-06-15 10:10:00+05:30,155.15,155.4,154.75,154.77,52993.0
2026-06-15 10:15:00+05:30,154.76,155.39,154.7,155.3,45011.0
2026-06-15 10:20:00+05:30,155.19,155.28,154.8,155.05,32948.0
2026-06-15 10:25:00+05:30,155.05,155.39,154.86,155.26,54118.0
2026-06-15 10:30:00+05:30,155.25,155.45,154.8,155.09,49710.0
2026-06-15 10:35:00+05:30,155.08,155.43,155.0,155.0,24331.0
2026-06-15 10:40:00+05:30,155.09,155.28,155.07,155.1,7377.0
2026-06-15 10:45:00+05:30,155.23,155.3,155.08,155.18,9219.0
2026-06-15 10:50:00+05:30,155.2,155.36,155.2,155.26,5757.0
2026-06-15 10:55:00+05:30,155.24,155.55,155.21,155.34,28136.0
2026-06-15 11:00:00+05:30,155.34,155.41,155.16,155.2,9360.0
2026-06-15 11:05:00+05:30,155.2,155.23,154.8,154.96,28886.0
2026-06-15 11:10:00+05:30,154.95,154.95,154.8,154.81,5293.0
2026-06-15 11:15:00+05:30,154.81,154.86,154.6,154.63,19620.0
2026-06-15 11:20:00+05:30,154.6,154.87,154.36,154.67,63907.0
2026-06-15 11:25:00+05:30,154.67,155.19,154.67,155.19,17846.0
2026-06-15 11:30:00+05:30,155.19,155.19,154.8,154.89,11530.0
2026-06-15 11:35:00+05:30,154.83,155.04,154.34,154.64,53824.0
2026-06-15 11:40:00+05:30,154.8,155.1,154.67,155.0,23444.0
2026-06-15 11:45:00+05:30,155.05,155.05,154.78,154.89,14879.0
2026-06-15 11:50:00+05:30,154.73,154.89,154.66,154.66,2785.0
2026-06-15 11:55:00+05:30,154.8,154.89,154.5,154.6,29998.0
2026-06-15 12:00:00+05:30,154.6,154.88,154.6,154.61,11896.0
2026-06-15 12:05:00+05:30,154.72,154.72,154.03,154.03,8948.0
2026-06-15 12:10:00+05:30,154.03,154.05,153.85,153.85,19359.0
2026-06-15 12:15:00+05:30,153.84,153.88,153.6,153.8,6733.0
2026-06-15 12:20:00+05:30,153.75,153.92,153.73,153.8,11582.0
2026-06-15 12:25:00+05:30,153.8,153.82,153.6,153.6,8004.0
2026-06-15 12:30:00+05:30,153.67,153.84,153.54,153.65,12345.0
2026-06-15 12:35:00+05:30,153.54,153.8,153.51,153.62,5796.0
2026-06-15 12:40:00+05:30,153.75,153.82,153.57,153.6,4014.0
2026-06-15 12:45:00+05:30,153.57,153.72,153.54,153.72,5356.0
2026-06-15 12:50:00+05:30,153.69,153.84,153.64,153.64,3353.0
2026-06-15 12:55:00+05:30,153.81,153.84,153.45,153.62,51200.0
2026-06-15 13:00:00+05:30,153.62,153.79,153.6,153.78,5163.0
2026-06-15 13:05:00+05:30,153.78,153.79,153.36,153.38,10890.0
2026-06-15 13:10:00+05:30,153.56,153.59,153.25,153.53,21163.0
2026-06-15 13:15:00+05:30,153.4,153.63,153.4,153.4,4666.0
2026-06-15 13:20:00+05:30,153.4,153.65,153.3,153.63,8505.0
2026-06-15 13:25:00+05:30,153.51,153.54,153.37,153.51,25758.0
2026-06-15 13:30:00+05:30,153.44,153.53,153.36,153.5,1023.0
2026-06-15 13:35:00+05:30,153.36,153.5,153.1,153.25,13662.0
2026-06-15 13:40:00+05:30,153.13,153.2,153.1,153.2,4531.0
2026-06-15 13:45:00+05:30,153.2,153.33,153.03,153.03,9857.0
2026-06-15 13:50:00+05:30,153.5,154.1,153.31,153.39,41376.0
2026-06-15 13:55:00+05:30,153.39,153.47,152.55,153.21,33432.0
2026-06-15 14:00:00+05:30,153.2,153.21,152.84,152.91,43904.0
2026-06-15 14:05:00+05:30,153.0,153.03,152.84,152.99,57358.0
2026-06-15 14:10:00+05:30,153.0,153.19,152.88,153.0,85116.0
2026-06-15 14:15:00+05:30,152.91,153.09,152.84,153.0,22690.0
2026-06-15 14:20:00+05:30,153.0,153.05,152.91,153.05,4504.0
2026-06-15 14:25:00+05:30,153.0,153.04,152.82,152.98,13167.0
2026-06-15 14:30:00+05:30,152.98,153.05,152.8,153.0,21803.0
2026-06-15 14:35:00+05:30,153.0,153.5,152.88,153.0,262291.0
2026-06-15 14:40:00+05:30,153.0,153.07,152.8,152.8,7595.0
2026-06-15 14:45:00+05:30,152.8,152.91,152.7,152.84,7036.0
2026-06-15 14:50:00+05:30,152.79,153.14,152.7,152.89,35319.0
2026-06-15 14:55:00+05:30,152.89,152.95,152.68,152.9,4565.0
2026-06-15 15:00:00+05:30,152.93,153.04,152.77,152.97,55226.0
2026-06-15 15:05:00+05:30,152.97,153.0,152.83,152.95,26391.0
2026-06-15 15:10:00+05:30,152.95,153.0,152.7,152.96,34432.0
2026-06-15 15:15:00+05:30,152.96,152.96,152.31,152.55,92173.0
2026-06-15 15:20:00+05:30,152.54,152.68,152.3,152.6,94853.0
2026-06-15 15:25:00+05:30,152.67,152.91,152.25,152.91,71392.0
2026-06-16 09:15:00+05:30,153.11,154.93,153.04,154.47,84324.0
2026-06-16 09:20:00+05:30,154.46,154.46,153.45,153.68,34429.0
2026-06-16 09:25:00+05:30,153.72,154.76,153.69,154.59,31650.0
2026-06-16 09:30:00+05:30,154.75,154.75,154.29,154.56,19777.0
2026-06-16 09:35:00+05:30,154.55,154.55,154.06,154.45,12326.0
2026-06-16 09:40:00+05:30,154.3,154.45,153.92,154.13,50812.0
2026-06-16 09:45:00+05:30,154.01,154.05,153.8,153.88,15583.0
2026-06-16 09:50:00+05:30,153.88,154.13,153.8,154.02,16954.0
2026-06-16 09:55:00+05:30,154.02,154.34,153.95,154.25,5800.0
2026-06-16 10:00:00+05:30,154.25,154.25,152.6,152.99,55075.0
2026-06-16 10:05:00+05:30,152.98,153.05,152.85,152.94,16550.0
2026-06-16 10:10:00+05:30,152.92,152.99,152.75,152.76,11829.0
2026-06-16 10:15:00+05:30,152.83,152.87,152.7,152.77,7442.0
2026-06-16 10:20:00+05:30,152.77,153.0,152.62,152.8,32624.0
2026-06-16 10:25:00+05:30,152.73,152.88,152.56,152.88,5215.0
2026-06-16 10:30:00+05:30,152.86,152.95,152.58,152.88,13756.0
2026-06-16 10:35:00+05:30,152.89,153.02,152.82,152.95,8424.0
2026-06-16 10:40:00+05:30,152.89,153.0,152.8,152.99,11686.0
2026-06-16 10:45:00+05:30,152.98,153.0,152.87,152.97,3316.0
2026-06-16 10:50:00+05:30,152.97,153.0,152.84,152.85,10430.0
2026-06-16 10:55:00+05:30,152.97,152.97,152.56,152.56,10953.0
2026-06-16 11:00:00+05:30,152.58,152.58,152.35,152.37,34374.0
2026-06-16 11:05:00+05:30,152.46,152.52,152.25,152.4,11655.0
2026-06-16 11:10:00+05:30,152.49,152.49,152.3,152.4,6079.0
2026-06-16 11:15:00+05:30,152.42,152.5,152.32,152.49,3049.0
2026-06-16 11:20:00+05:30,152.5,152.7,152.41,152.61,3903.0
2026-06-16 11:25:00+05:30,152.69,152.69,152.48,152.52,2944.0
2026-06-16 11:30:00+05:30,152.51,152.51,152.39,152.46,7826.0
2026-06-16 11:35:00+05:30,152.46,152.7,152.4,152.4,8003.0
2026-06-16 11:40:00+05:30,152.48,152.48,152.3,152.32,3943.0
2026-06-16 11:45:00+05:30,152.34,152.49,152.34,152.4,4792.0
2026-06-16 11:50:00+05:30,152.4,152.43,152.22,152.24,7508.0
2026-06-16 11:55:00+05:30,152.35,152.41,152.2,152.41,2565.0
2026-06-16 12:00:00+05:30,152.41,152.44,152.1,152.31,6145.0
2026-06-16 12:05:00+05:30,152.37,152.4,152.16,152.21,6033.0
2026-06-16 12:10:00+05:30,152.32,152.34,152.11,152.25,5902.0
2026-06-16 12:15:00+05:30,152.24,152.38,152.17,152.25,2032.0
2026-06-16 12:20:00+05:30,152.17,152.25,152.1,152.16,12195.0
2026-06-16 12:25:00+05:30,152.11,152.46,152.1,152.46,11492.0
2026-06-16 12:30:00+05:30,152.46,152.77,152.36,152.5,7180.0
2026-06-16 12:35:00+05:30,152.5,152.59,152.5,152.5,1224.0
2026-06-16 12:40:00+05:30,152.6,152.69,152.5,152.55,2698.0
2026-06-16 12:45:00+05:30,152.68,152.68,152.45,152.45,6182.0
2026-06-16 12:50:00+05:30,152.55,152.76,152.45,152.76,4266.0
2026-06-16 12:55:00+05:30,152.79,152.85,152.6,152.6,7544.0
2026-06-16 13:00:00+05:30,152.71,152.88,152.65,152.87,5673.0
2026-06-16 13:05:00+05:30,152.87,152.99,152.78,152.91,3318.0
2026-06-16 13:10:00+05:30,152.98,153.0,152.86,152.95,8340.0
2026-06-16 13:15:00+05:30,152.93,153.0,152.82,153.0,36310.0
2026-06-16 13:20:00+05:30,153.0,153.0,152.84,152.9,1174.0
2026-06-16 13:25:00+05:30,153.0,153.65,152.9,153.65,76037.0
2026-06-16 13:30:00+05:30,153.61,153.62,152.94,153.0,150337.0
2026-06-16 13:35:00+05:30,153.0,153.06,152.95,153.0,239018.0
2026-06-16 13:40:00+05:30,152.89,153.0,152.82,152.94,10302.0
2026-06-16 13:45:00+05:30,152.93,152.99,152.8,152.93,5560.0
2026-06-16 13:50:00+05:30,152.87,152.99,152.75,152.93,7548.0
2026-06-16 13:55:00+05:30,152.93,153.0,152.9,152.94,3921.0
2026-06-16 14:00:00+05:30,153.0,153.0,152.85,152.87,6247.0
2026-06-16 14:05:00+05:30,153.0,153.0,152.96,153.0,24405.0
2026-06-16 14:10:00+05:30,152.98,153.0,152.97,153.0,8598.0
2026-06-16 14:15:00+05:30,153.0,153.0,152.94,152.97,4642.0
2026-06-16 14:20:00+05:30,153.0,153.0,152.83,152.9,2468.0
2026-06-16 14:25:00+05:30,152.91,152.99,152.81,152.81,7640.0
2026-06-16 14:30:00+05:30,152.89,152.99,152.8,152.91,4312.0
2026-06-16 14:35:00+05:30,152.91,152.95,152.81,152.93,5500.0
2026-06-16 14:40:00+05:30,152.96,152.98,152.8,152.8,3211.0
2026-06-16 14:45:00+05:30,152.77,152.79,152.71,152.77,7499.0
2026-06-16 14:50:00+05:30,152.71,152.91,152.55,152.8,20791.0
2026-06-16 14:55:00+05:30,152.72,153.0,152.72,152.94,13804.0
2026-06-16 15:00:00+05:30,152.97,153.0,152.86,153.0,30108.0
2026-06-16 15:05:00+05:30,153.0,153.07,152.93,153.0,32501.0
2026-06-16 15:10:00+05:30,153.0,153.07,152.96,153.0,39974.0
2026-06-16 15:15:00+05:30,152.99,153.0,152.86,152.92,29101.0
2026-06-16 15:20:00+05:30,152.9,152.94,152.51,152.87,58871.0
2026-06-16 15:25:00+05:30,152.87,153.0,152.87,153.0,27212.0
2026-06-17 09:15:00+05:30,153.69,154.79,153.05,153.76,59840.0
2026-06-17 09:20:00+05:30,153.89,154.37,153.76,153.83,23954.0
2026-06-17 09:25:00+05:30,153.9,155.85,153.9,155.5,188279.0
2026-06-17 09:30:00+05:30,155.45,155.85,154.77,154.91,73525.0
2026-06-17 09:35:00+05:30,154.8,154.94,154.55,154.68,8834.0
2026-06-17 09:40:00+05:30,154.68,154.82,154.48,154.56,11480.0
2026-06-17 09:45:00+05:30,154.53,154.9,154.43,154.6,30031.0
2026-06-17 09:50:00+05:30,154.7,154.74,154.34,154.45,22191.0
2026-06-17 09:55:00+05:30,154.33,154.42,153.97,153.97,20339.0
2026-06-17 10:00:00+05:30,153.97,154.14,153.65,153.79,11445.0
2026-06-17 10:05:00+05:30,153.69,154.0,153.65,154.0,4707.0
2026-06-17 10:10:00+05:30,154.0,154.08,153.7,153.78,7121.0
2026-06-17 10:15:00+05:30,153.78,153.79,153.34,153.5,26201.0
2026-06-17 10:20:00+05:30,153.57,153.79,153.52,153.61,7971.0
2026-06-17 10:25:00+05:30,153.5,153.58,153.17,153.27,13712.0
2026-06-17 10:30:00+05:30,153.26,153.4,153.17,153.38,3655.0
2026-06-17 10:35:00+05:30,153.38,153.65,153.32,153.47,24324.0
2026-06-17 10:40:00+05:30,153.47,153.67,153.41,153.57,26344.0
2026-06-17 10:45:00+05:30,153.65,154.26,153.58,154.18,37224.0
2026-06-17 10:50:00+05:30,154.04,154.75,153.88,154.75,28326.0
2026-06-17 10:55:00+05:30,154.8,154.85,154.43,154.54,23129.0
2026-06-17 11:00:00+05:30,154.42,154.7,154.42,154.46,9302.0
2026-06-17 11:05:00+05:30,154.19,154.65,154.19,154.51,52875.0
2026-06-17 11:10:00+05:30,154.6,155.3,154.51,155.25,29639.0
2026-06-17 11:15:00+05:30,155.19,155.35,155.02,155.13,53216.0
2026-06-17 11:20:00+05:30,155.13,156.45,154.95,156.45,88104.0
2026-06-17 11:25:00+05:30,156.37,156.45,155.71,155.91,73845.0
2026-06-17 11:30:00+05:30,155.75,155.93,154.0,154.27,99011.0
2026-06-17 11:35:00+05:30,154.39,154.82,154.27,154.59,37928.0
2026-06-17 11:40:00+05:30,154.51,155.18,154.4,154.61,16140.0
2026-06-17 11:45:00+05:30,154.63,155.4,154.41,155.05,72123.0
2026-06-17 11:50:00+05:30,155.05,155.5,154.88,155.08,47943.0
2026-06-17 11:55:00+05:30,155.08,155.32,154.92,155.1,21912.0
2026-06-17 12:00:00+05:30,155.22,155.28,155.02,155.14,5641.0
2026-06-17 12:05:00+05:30,155.14,156.03,155.14,155.82,54167.0
2026-06-17 12:10:00+05:30,155.82,156.1,155.73,155.85,27139.0
2026-06-17 12:15:00+05:30,155.85,156.0,155.59,155.79,20127.0
2026-06-17 12:20:00+05:30,155.69,156.09,155.65,155.94,32643.0
2026-06-17 12:25:00+05:30,155.95,156.0,155.57,155.7,6228.0
2026-06-17 12:30:00+05:30,155.62,155.75,155.24,155.36,8183.0
2026-06-17 12:35:00+05:30,155.25,155.65,155.21,155.33,17067.0
2026-06-17 12:40:00+05:30,155.36,155.56,155.26,155.44,5645.0
2026-06-17 12:45:00+05:30,155.33,155.64,155.33,155.54,7577.0
2026-06-17 12:50:00+05:30,155.54,156.0,155.54,155.73,12226.0
2026-06-17 12:55:00+05:30,155.74,155.96,155.31,155.31,33968.0
2026-06-17 13:00:00+05:30,155.46,155.51,155.2,155.4,11619.0
2026-06-17 13:05:00+05:30,155.4,155.55,155.25,155.38,6180.0
2026-06-17 13:10:00+05:30,155.38,155.44,154.5,154.86,26361.0
2026-06-17 13:15:00+05:30,154.94,155.2,154.71,155.05,10278.0
2026-06-17 13:20:00+05:30,155.05,155.32,154.91,154.91,16081.0
2026-06-17 13:25:00+05:30,154.91,155.15,154.82,154.88,45301.0
2026-06-17 13:30:00+05:30,155.01,155.07,154.85,154.95,8897.0
2026-06-17 13:35:00+05:30,154.95,155.4,154.88,155.36,9875.0
2026-06-17 13:40:00+05:30,155.36,155.49,155.07,155.2,8072.0
2026-06-17 13:45:00+05:30,155.19,155.34,155.05,155.11,5610.0
2026-06-17 13:50:00+05:30,155.21,155.3,154.7,154.93,38323.0
2026-06-17 13:55:00+05:30,155.0,155.07,154.91,154.99,10795.0
2026-06-17 14:00:00+05:30,155.03,155.03,154.8,155.0,14789.0
2026-06-17 14:05:00+05:30,154.9,154.92,154.71,154.9,6432.0
2026-06-17 14:10:00+05:30,154.89,154.89,154.71,154.75,5912.0
2026-06-17 14:15:00+05:30,154.75,154.82,154.7,154.7,22354.0
2026-06-17 14:20:00+05:30,154.75,154.79,154.69,154.7,28176.0
2026-06-17 14:25:00+05:30,154.7,154.77,154.51,154.55,20134.0
2026-06-17 14:30:00+05:30,154.5,154.59,154.41,154.55,4467.0
2026-06-17 14:35:00+05:30,154.51,154.6,154.4,154.47,31386.0
2026-06-17 14:40:00+05:30,154.55,154.66,154.47,154.53,9723.0
2026-06-17 14:45:00+05:30,154.54,154.55,154.47,154.54,5183.0
2026-06-17 14:50:00+05:30,154.54,154.58,154.5,154.54,11116.0
2026-06-17 14:55:00+05:30,154.59,154.84,154.49,154.49,31933.0
2026-06-17 15:00:00+05:30,154.5,154.52,154.45,154.45,70702.0
2026-06-17 15:05:00+05:30,154.45,154.54,154.41,154.45,70172.0
2026-06-17 15:10:00+05:30,154.45,154.53,154.4,154.43,54588.0
2026-06-17 15:15:00+05:30,154.43,154.43,154.34,154.39,65426.0
2026-06-17 15:20:00+05:30,154.38,154.43,154.38,154.39,43508.0
2026-06-17 15:25:00+05:30,154.38,154.39,154.09,154.1,161417.0
2026-06-18 09:15:00+05:30,154.7,155.5,154.4,154.5,63779.0
2026-06-18 09:20:00+05:30,154.47,154.77,153.79,154.77,44023.0
2026-06-18 09:25:00+05:30,154.78,155.34,154.67,154.83,22631.0
2026-06-18 09:30:00+05:30,154.83,155.2,154.5,154.61,12978.0
2026-06-18 09:35:00+05:30,154.45,155.28,154.12,154.85,52278.0
2026-06-18 09:40:00+05:30,154.73,155.4,154.7,155.0,11765.0
2026-06-18 09:45:00+05:30,155.0,155.11,154.72,154.84,10348.0
2026-06-18 09:50:00+05:30,154.95,155.5,154.93,155.12,33442.0
2026-06-18 09:55:00+05:30,154.99,155.25,154.75,154.75,38226.0
2026-06-18 10:00:00+05:30,154.82,154.82,154.33,154.65,12516.0
2026-06-18 10:05:00+05:30,154.64,154.77,154.39,154.56,14062.0
2026-06-18 10:10:00+05:30,154.43,154.7,154.43,154.55,9070.0
2026-06-18 10:15:00+05:30,154.45,154.6,154.31,154.48,6003.0
2026-06-18 10:20:00+05:30,154.4,154.89,154.33,154.66,13439.0
2026-06-18 10:25:00+05:30,154.67,154.67,154.2,154.28,10077.0
2026-06-18 10:30:00+05:30,154.28,154.43,154.12,154.32,2643.0
2026-06-18 10:35:00+05:30,154.43,154.43,154.11,154.11,3688.0
2026-06-18 10:40:00+05:30,154.23,154.29,153.95,154.29,13825.0
2026-06-18 10:45:00+05:30,154.2,154.34,154.0,154.26,26144.0
2026-06-18 10:50:00+05:30,154.15,154.27,154.0,154.1,5888.0
2026-06-18 10:55:00+05:30,154.1,154.1,153.5,153.71,16530.0
2026-06-18 11:00:00+05:30,153.71,153.71,153.5,153.6,7458.0
2026-06-18 11:05:00+05:30,153.6,153.65,153.2,153.36,16888.0
2026-06-18 11:10:00+05:30,153.36,153.67,153.2,153.64,14253.0
2026-06-18 11:15:00+05:30,153.5,153.5,153.06,153.1,28115.0
2026-06-18 11:20:00+05:30,153.21,153.21,153.1,153.2,2363.0
2026-06-18 11:25:00+05:30,153.21,153.4,153.21,153.33,4609.0
2026-06-18 11:30:00+05:30,153.2,153.37,153.16,153.36,4699.0
2026-06-18 11:35:00+05:30,153.36,153.37,153.1,153.17,7941.0
2026-06-18 11:40:00+05:30,153.17,153.24,153.1,153.23,4660.0
2026-06-18 11:45:00+05:30,153.22,153.23,153.1,153.14,11520.0
2026-06-18 11:50:00+05:30,152.97,153.26,152.9,153.25,47425.0
2026-06-18 11:55:00+05:30,153.28,153.65,153.17,153.33,11730.0
2026-06-18 12:00:00+05:30,153.36,153.58,153.21,153.42,8375.0
2026-06-18 12:05:00+05:30,153.56,153.58,153.42,153.51,1674.0
2026-06-18 12:10:00+05:30,153.41,153.79,153.41,153.68,11915.0
2026-06-18 12:15:00+05:30,153.66,153.75,153.48,153.75,8513.0
2026-06-18 12:20:00+05:30,153.66,153.9,153.66,153.8,5638.0
2026-06-18 12:25:00+05:30,153.8,153.82,153.55,153.8,6479.0
2026-06-18 12:30:00+05:30,153.89,154.25,153.89,154.25,11241.0
2026-06-18 12:35:00+05:30,154.22,154.25,153.84,154.0,28505.0
2026-06-18 12:40:00+05:30,154.0,154.3,154.0,154.3,7201.0
2026-06-18 12:45:00+05:30,154.3,154.35,154.04,154.23,7056.0
2026-06-18 12:50:00+05:30,154.23,154.35,154.11,154.11,2288.0
2026-06-18 12:55:00+05:30,154.11,154.19,153.7,153.76,7489.0
2026-06-18 13:00:00+05:30,153.84,153.92,153.71,153.92,416.0
2026-06-18 13:05:00+05:30,153.91,154.12,153.82,154.1,2176.0
2026-06-18 13:10:00+05:30,154.1,154.1,153.82,153.97,3821.0
2026-06-18 13:15:00+05:30,153.95,154.15,153.91,154.02,1801.0
2026-06-18 13:20:00+05:30,154.15,154.35,153.94,154.26,14490.0
2026-06-18 13:25:00+05:30,154.27,154.27,154.05,154.24,1495.0
2026-06-18 13:30:00+05:30,154.24,154.3,153.62,153.74,16528.0
2026-06-18 13:35:00+05:30,153.76,153.9,153.76,153.81,3176.0
2026-06-18 13:40:00+05:30,153.85,153.99,153.8,153.99,1490.0
2026-06-18 13:45:00+05:30,153.99,154.15,153.9,154.03,9241.0
2026-06-18 13:50:00+05:30,153.9,154.05,153.68,153.71,4684.0
2026-06-18 13:55:00+05:30,153.69,153.85,153.56,153.71,17298.0
2026-06-18 14:00:00+05:30,153.82,153.95,153.59,153.82,22337.0
2026-06-18 14:05:00+05:30,153.79,153.89,153.59,153.64,5091.0
2026-06-18 14:10:00+05:30,153.67,153.83,153.62,153.63,4340.0
2026-06-18 14:15:00+05:30,153.62,153.99,153.62,153.95,14841.0
2026-06-18 14:20:00+05:30,153.96,154.25,153.66,154.13,6290.0
2026-06-18 14:25:00+05:30,154.13,154.28,154.03,154.06,4183.0
2026-06-18 14:30:00+05:30,154.15,154.15,153.65,153.7,49861.0
2026-06-18 14:35:00+05:30,153.72,154.0,153.72,153.88,3318.0
2026-06-18 14:40:00+05:30,153.89,153.98,153.83,153.93,9610.0
2026-06-18 14:45:00+05:30,153.83,154.07,153.83,153.83,7144.0
2026-06-18 14:50:00+05:30,153.84,154.21,153.84,154.03,5403.0
2026-06-18 14:55:00+05:30,154.13,154.4,153.97,154.11,37259.0
2026-06-18 15:00:00+05:30,154.25,155.11,154.25,155.05,44519.0
2026-06-18 15:05:00+05:30,155.05,155.38,154.97,155.31,32885.0
2026-06-18 15:10:00+05:30,155.31,155.36,155.0,155.09,31044.0
2026-06-18 15:15:00+05:30,155.09,155.22,154.87,155.1,35238.0
2026-06-18 15:20:00+05:30,155.0,155.1,154.66,154.85,43835.0
2026-06-18 15:25:00+05:30,154.8,154.99,154.25,154.99,35135.0
2026-06-19 09:15:00+05:30,153.4,154.4,153.07,154.17,29167.0
2026-06-19 09:20:00+05:30,153.94,154.5,153.94,154.31,25016.0
2026-06-19 09:25:00+05:30,154.14,154.3,153.83,154.0,17891.0
2026-06-19 09:30:00+05:30,154.08,154.22,153.84,154.0,13809.0
2026-06-19 09:35:00+05:30,153.9,154.37,153.84,154.17,8279.0
2026-06-19 09:40:00+05:30,154.51,155.3,154.5,155.16,80787.0
2026-06-19 09:45:00+05:30,155.09,155.23,154.41,154.54,72736.0
2026-06-19 09:50:00+05:30,154.55,155.5,154.48,155.05,109060.0
2026-06-19 09:55:00+05:30,155.15,155.91,155.14,155.91,36458.0
2026-06-19 10:00:00+05:30,155.91,156.82,155.85,156.42,171007.0
2026-06-19 10:05:00+05:30,156.3,157.6,156.27,157.06,141463.0
2026-06-19 10:10:00+05:30,157.13,157.6,156.91,157.3,54876.0
2026-06-19 10:15:00+05:30,157.3,157.4,156.9,157.28,81529.0
2026-06-19 10:20:00+05:30,157.39,157.41,157.02,157.1,29196.0
2026-06-19 10:25:00+05:30,157.13,157.14,156.61,156.74,14129.0
2026-06-19 10:30:00+05:30,156.75,156.87,156.63,156.66,12399.0
2026-06-19 10:35:00+05:30,156.8,158.65,156.66,158.21,283076.0
2026-06-19 10:40:00+05:30,158.3,158.98,157.96,158.96,158951.0
2026-06-19 10:45:00+05:30,158.84,159.25,158.5,158.53,173975.0
2026-06-19 10:50:00+05:30,158.59,158.69,158.07,158.11,38999.0
2026-06-19 10:55:00+05:30,158.1,158.19,157.51,157.84,32477.0
2026-06-19 11:00:00+05:30,157.7,157.85,157.29,157.29,17887.0
2026-06-19 11:05:00+05:30,157.38,157.38,157.27,157.35,6503.0
2026-06-19 11:10:00+05:30,157.34,157.5,157.3,157.32,16591.0
2026-06-19 11:15:00+05:30,157.45,159.9,157.1,159.39,173216.0
2026-06-19 11:20:00+05:30,159.4,159.49,158.14,158.14,64771.0
2026-06-19 11:25:00+05:30,158.0,158.1,157.68,158.1,41857.0
2026-06-19 11:30:00+05:30,158.08,158.49,157.95,158.31,19401.0
2026-06-19 11:35:00+05:30,158.39,158.68,158.05,158.68,47244.0
2026-06-19 11:40:00+05:30,158.7,158.79,158.39,158.64,63396.0
2026-06-19 11:45:00+05:30,158.71,158.79,157.77,157.79,26989.0
2026-06-19 11:50:00+05:30,157.78,157.98,157.35,157.35,21383.0
2026-06-19 11:55:00+05:30,157.4,157.78,157.22,157.64,10783.0
2026-06-19 12:00:00+05:30,157.64,157.78,157.55,157.65,7126.0
2026-06-19 12:05:00+05:30,157.51,157.65,157.04,157.1,13509.0
2026-06-19 12:10:00+05:30,157.05,157.42,157.05,157.42,12888.0
2026-06-19 12:15:00+05:30,157.4,157.4,157.05,157.17,6987.0
2026-06-19 12:20:00+05:30,157.17,157.26,157.07,157.1,6355.0
2026-06-19 12:25:00+05:30,157.24,157.35,157.05,157.05,20047.0
2026-06-19 12:30:00+05:30,157.14,157.19,156.83,156.96,16493.0
2026-06-19 12:35:00+05:30,156.9,157.06,156.6,156.8,23549.0
2026-06-19 12:40:00+05:30,156.81,156.9,156.4,156.41,34320.0
2026-06-19 12:45:00+05:30,156.41,156.96,156.41,156.95,12074.0
2026-06-19 12:50:00+05:30,156.91,157.1,156.74,156.91,14458.0
2026-06-19 12:55:00+05:30,156.89,156.9,156.5,156.67,10625.0
2026-06-19 13:00:00+05:30,156.7,156.74,156.11,156.11,16044.0
2026-06-19 13:05:00+05:30,156.1,156.22,156.01,156.13,6872.0
2026-06-19 13:10:00+05:30,156.08,156.24,156.01,156.22,12795.0
2026-06-19 13:15:00+05:30,156.14,156.27,156.13,156.25,3633.0
2026-06-19 13:20:00+05:30,156.28,156.34,156.13,156.13,12076.0
2026-06-19 13:25:00+05:30,156.13,156.71,156.1,156.65,14640.0
2026-06-19 13:30:00+05:30,156.51,156.69,156.46,156.66,6057.0
2026-06-19 13:35:00+05:30,156.66,156.84,156.55,156.77,7917.0
2026-06-19 13:40:00+05:30,156.77,157.05,156.77,157.05,3912.0
2026-06-19 13:45:00+05:30,157.05,157.21,155.95,156.0,66774.0
2026-06-19 13:50:00+05:30,156.0,156.0,155.55,155.57,18270.0
2026-06-19 13:55:00+05:30,155.66,155.87,155.5,155.62,18306.0
2026-06-19 14:00:00+05:30,155.61,155.7,155.53,155.6,11725.0
2026-06-19 14:05:00+05:30,155.6,155.74,155.26,155.55,30581.0
2026-06-19 14:10:00+05:30,155.55,155.83,155.44,155.81,8103.0
2026-06-19 14:15:00+05:30,155.8,155.86,155.62,155.65,21875.0
2026-06-19 14:20:00+05:30,155.65,156.07,155.65,156.0,85032.0
2026-06-19 14:25:00+05:30,156.0,156.0,155.81,156.0,26198.0
2026-06-19 14:30:00+05:30,156.0,156.0,155.77,155.93,39293.0
2026-06-19 14:35:00+05:30,155.93,156.0,155.83,155.83,43304.0
2026-06-19 14:40:00+05:30,155.95,156.0,155.82,155.98,26401.0
2026-06-19 14:45:00+05:30,155.98,156.07,155.82,155.88,30078.0
2026-06-19 14:50:00+05:30,155.86,155.89,155.23,155.57,26311.0
2026-06-19 14:55:00+05:30,155.52,155.71,155.31,155.5,25054.0
2026-06-19 15:00:00+05:30,155.46,156.05,155.07,155.49,140355.0
2026-06-19 15:05:00+05:30,155.47,156.0,155.46,155.7,54505.0
2026-06-19 15:10:00+05:30,155.84,156.0,155.6,155.89,60912.0
2026-06-19 15:15:00+05:30,155.8,156.0,155.63,155.79,71463.0
2026-06-19 15:20:00+05:30,155.53,156.0,155.53,155.91,49306.0
2026-06-19 15:25:00+05:30,155.91,156.04,155.88,156.0,68797.0
2026-06-22 09:15:00+05:30,156.89,158.57,156.83,158.44,150522.0
2026-06-22 09:20:00+05:30,158.5,160.3,158.15,160.12,315458.0
2026-06-22 09:25:00+05:30,160.12,160.3,159.01,159.19,98373.0
2026-06-22 09:30:00+05:30,159.07,160.0,159.05,159.9,153095.0
2026-06-22 09:35:00+05:30,159.96,160.25,158.5,158.63,268104.0
2026-06-22 09:40:00+05:30,158.51,158.59,157.42,158.0,347369.0
2026-06-22 09:45:00+05:30,157.9,158.97,157.9,158.75,174354.0
2026-06-22 09:50:00+05:30,158.8,159.06,157.74,157.88,118210.0
2026-06-22 09:55:00+05:30,157.79,158.94,157.57,158.84,324135.0
2026-06-22 10:00:00+05:30,158.84,159.1,158.44,158.48,89645.0
2026-06-22 10:05:00+05:30,158.48,158.61,158.16,158.59,20695.0
2026-06-22 10:10:00+05:30,158.58,159.38,158.41,159.23,134544.0
2026-06-22 10:15:00+05:30,159.3,160.8,158.85,159.01,719084.0
2026-06-22 10:20:00+05:30,159.02,159.17,158.61,158.96,102296.0
2026-06-22 10:25:00+05:30,158.97,159.0,158.6,158.88,44534.0
2026-06-22 10:30:00+05:30,158.96,159.36,158.68,158.79,98155.0
2026-06-22 10:35:00+05:30,158.78,159.0,157.88,158.36,159976.0
2026-06-22 10:40:00+05:30,158.37,158.77,158.2,158.77,31213.0
2026-06-22 10:45:00+05:30,158.77,158.83,158.22,158.49,17546.0
2026-06-22 10:50:00+05:30,158.5,158.7,158.5,158.55,8548.0
2026-06-22 10:55:00+05:30,158.55,158.79,158.4,158.5,23303.0
2026-06-22 11:00:00+05:30,158.5,158.63,158.21,158.29,17400.0
2026-06-22 11:05:00+05:30,158.21,158.29,157.8,157.8,39402.0
2026-06-22 11:10:00+05:30,157.82,158.02,157.52,157.69,36091.0
2026-06-22 11:15:00+05:30,157.71,157.96,157.61,157.61,17528.0
2026-06-22 11:20:00+05:30,157.61,157.97,157.6,157.7,23809.0
2026-06-22 11:25:00+05:30,157.71,157.93,157.61,157.7,20027.0
2026-06-22 11:30:00+05:30,157.7,157.82,157.6,157.73,14028.0
2026-06-22 11:35:00+05:30,157.6,157.74,157.59,157.6,7555.0
2026-06-22 11:40:00+05:30,157.6,157.7,157.1,157.44,59417.0
2026-06-22 11:45:00+05:30,157.44,157.76,157.44,157.55,9752.0
2026-06-22 11:50:00+05:30,157.62,157.64,157.23,157.32,9603.0
2026-06-22 11:55:00+05:30,157.31,157.48,157.2,157.33,12888.0
2026-06-22 12:00:00+05:30,157.47,158.57,157.22,158.15,90230.0
2026-06-22 12:05:00+05:30,158.08,158.26,158.01,158.13,19536.0
2026-06-22 12:10:00+05:30,158.13,158.57,158.09,158.4,26335.0
2026-06-22 12:15:00+05:30,158.48,158.52,158.25,158.25,12247.0
2026-06-22 12:20:00+05:30,158.25,158.77,158.25,158.62,38103.0
2026-06-22 12:25:00+05:30,158.62,158.73,158.56,158.57,22687.0
2026-06-22 12:30:00+05:30,158.68,158.7,158.54,158.57,9838.0
2026-06-22 12:35:00+05:30,158.57,158.66,158.33,158.47,11668.0
2026-06-22 12:40:00+05:30,158.37,158.5,158.3,158.32,12772.0
2026-06-22 12:45:00+05:30,158.38,158.65,158.3,158.5,22647.0
2026-06-22 12:50:00+05:30,158.5,158.71,158.48,158.5,17018.0
2026-06-22 12:55:00+05:30,158.5,158.72,158.5,158.62,12398.0
2026-06-22 13:00:00+05:30,158.72,158.72,158.52,158.59,9274.0
2026-06-22 13:05:00+05:30,158.68,158.69,158.5,158.5,6918.0
2026-06-22 13:10:00+05:30,158.6,158.64,158.31,158.35,16368.0
2026-06-22 13:15:00+05:30,158.36,158.5,158.34,158.5,8040.0
2026-06-22 13:20:00+05:30,158.45,158.5,158.34,158.34,7881.0
2026-06-22 13:25:00+05:30,158.34,158.47,158.25,158.26,18736.0
2026-06-22 13:30:00+05:30,158.25,158.43,158.01,158.21,62355.0
2026-06-22 13:35:00+05:30,158.21,158.47,158.0,158.08,26976.0
2026-06-22 13:40:00+05:30,158.0,158.2,157.9,158.2,31400.0
2026-06-22 13:45:00+05:30,158.06,158.9,158.06,158.66,316860.0
2026-06-22 13:50:00+05:30,158.68,158.93,158.53,158.54,27733.0
2026-06-22 13:55:00+05:30,158.55,158.71,158.41,158.45,27982.0
2026-06-22 14:00:00+05:30,158.45,158.68,158.27,158.27,24989.0
2026-06-22 14:05:00+05:30,158.38,158.58,158.11,158.35,34024.0
2026-06-22 14:10:00+05:30,158.24,158.54,158.14,158.16,21823.0
2026-06-22 14:15:00+05:30,158.13,158.64,158.11,158.55,31516.0
2026-06-22 14:20:00+05:30,158.52,158.65,158.27,158.42,36498.0
2026-06-22 14:25:00+05:30,158.44,158.95,158.34,158.79,254832.0
2026-06-22 14:30:00+05:30,158.88,158.93,158.6,158.87,33755.0
2026-06-22 14:35:00+05:30,158.8,158.88,158.55,158.61,31380.0
2026-06-22 14:40:00+05:30,158.6,158.85,158.5,158.85,39341.0
2026-06-22 14:45:00+05:30,158.75,159.4,158.65,159.18,109266.0
2026-06-22 14:50:00+05:30,159.18,160.59,159.18,160.34,200175.0
2026-06-22 14:55:00+05:30,160.3,160.45,159.14,159.89,709238.0
2026-06-22 15:00:00+05:30,159.95,161.08,159.95,160.92,168195.0
2026-06-22 15:05:00+05:30,160.93,161.0,158.65,158.87,228600.0
2026-06-22 15:10:00+05:30,158.88,159.17,158.51,158.78,104727.0
2026-06-22 15:15:00+05:30,158.72,159.48,158.5,159.19,74092.0
2026-06-22 15:20:00+05:30,159.23,159.23,158.53,158.77,80443.0
2026-06-22 15:25:00+05:30,158.77,159.0,158.6,158.7,95631.0
2026-06-23 09:15:00+05:30,159.85,160.56,158.29,158.8,124028.0
2026-06-23 09:20:00+05:30,158.9,159.46,158.8,158.9,32709.0
2026-06-23 09:25:00+05:30,158.94,158.94,158.3,158.31,25397.0
2026-06-23 09:30:00+05:30,158.31,159.25,158.31,158.7,35485.0
2026-06-23 09:35:00+05:30,158.57,159.43,158.57,159.31,75785.0
2026-06-23 09:40:00+05:30,159.43,160.37,159.27,159.94,84125.0
2026-06-23 09:45:00+05:30,159.76,160.71,159.71,160.6,94783.0
2026-06-23 09:50:00+05:30,160.56,161.0,160.18,160.42,93068.0
2026-06-23 09:55:00+05:30,160.45,160.49,160.0,160.18,33925.0
2026-06-23 10:00:00+05:30,160.16,160.29,159.99,160.14,22631.0
2026-06-23 10:05:00+05:30,160.14,161.0,160.05,160.59,117942.0
2026-06-23 10:10:00+05:30,160.52,160.52,159.81,159.99,53706.0
2026-06-23 10:15:00+05:30,159.98,159.98,159.55,159.6,9897.0
2026-06-23 10:20:00+05:30,159.6,160.0,159.14,159.7,100211.0
2026-06-23 10:25:00+05:30,159.61,159.66,159.28,159.28,9361.0
2026-06-23 10:30:00+05:30,159.3,160.04,159.14,159.68,68798.0
2026-06-23 10:35:00+05:30,159.68,159.68,159.28,159.28,11173.0
2026-06-23 10:40:00+05:30,159.27,159.39,159.2,159.24,3502.0
2026-06-23 10:45:00+05:30,159.24,159.39,158.75,158.87,29679.0
2026-06-23 10:50:00+05:30,158.85,158.99,158.75,158.82,11411.0
2026-06-23 10:55:00+05:30,158.89,158.98,158.52,158.62,24989.0
2026-06-23 11:00:00+05:30,158.62,158.8,158.51,158.76,9644.0
2026-06-23 11:05:00+05:30,158.69,158.97,158.67,158.87,21947.0
2026-06-23 11:10:00+05:30,158.87,159.0,158.86,158.9,4931.0
2026-06-23 11:15:00+05:30,158.8,158.94,158.67,158.88,7726.0
2026-06-23 11:20:00+05:30,158.87,158.87,158.55,158.7,4886.0
2026-06-23 11:25:00+05:30,158.65,158.7,158.58,158.62,2771.0
2026-06-23 11:30:00+05:30,158.43,158.62,158.33,158.53,14445.0
2026-06-23 11:35:00+05:30,158.51,158.99,158.29,158.91,74529.0
2026-06-23 11:40:00+05:30,158.59,158.96,158.51,158.69,9975.0
2026-06-23 11:45:00+05:30,158.54,158.66,158.25,158.25,7274.0
2026-06-23 11:50:00+05:30,158.25,158.36,157.9,157.97,33864.0
2026-06-23 11:55:00+05:30,157.95,158.06,157.5,157.73,18328.0
2026-06-23 12:00:00+05:30,157.7,157.74,157.4,157.4,16220.0
2026-06-23 12:05:00+05:30,157.4,157.53,157.27,157.42,17545.0
2026-06-23 12:10:00+05:30,157.43,157.43,157.16,157.2,11310.0
2026-06-23 12:15:00+05:30,157.33,157.58,157.22,157.33,4412.0
2026-06-23 12:20:00+05:30,157.48,157.67,157.16,157.36,12780.0
2026-06-23 12:25:00+05:30,157.25,157.8,157.25,157.74,9127.0
2026-06-23 12:30:00+05:30,157.72,157.77,157.33,157.33,15802.0
2026-06-23 12:35:00+05:30,157.47,157.73,157.37,157.53,9732.0
2026-06-23 12:40:00+05:30,157.5,157.68,157.4,157.53,5009.0
2026-06-23 12:45:00+05:30,157.53,158.0,157.53,157.59,56565.0
2026-06-23 12:50:00+05:30,157.72,157.74,157.5,157.55,5907.0
2026-06-23 12:55:00+05:30,157.61,158.0,157.5,157.86,15201.0
2026-06-23 13:00:00+05:30,157.8,157.94,157.53,157.86,12579.0
2026-06-23 13:05:00+05:30,157.86,158.25,157.81,158.15,7576.0
2026-06-23 13:10:00+05:30,158.14,158.15,157.8,157.8,6631.0
2026-06-23 13:15:00+05:30,157.8,157.87,157.5,157.53,6623.0
2026-06-23 13:20:00+05:30,157.6,157.86,157.6,157.73,1066.0
2026-06-23 13:25:00+05:30,157.73,157.76,157.55,157.61,3529.0
2026-06-23 13:30:00+05:30,157.61,157.64,157.4,157.6,5268.0
2026-06-23 13:35:00+05:30,157.55,157.6,157.36,157.5,3968.0
2026-06-23 13:40:00+05:30,157.48,157.8,157.39,157.67,25876.0
2026-06-23 13:45:00+05:30,157.8,157.98,157.58,157.8,9178.0
2026-06-23 13:50:00+05:30,157.84,157.84,157.46,157.75,4746.0
2026-06-23 13:55:00+05:30,157.7,157.7,157.36,157.49,12112.0
2026-06-23 14:00:00+05:30,157.46,157.74,157.39,157.7,8388.0
2026-06-23 14:05:00+05:30,157.7,157.84,157.41,157.59,10623.0
2026-06-23 14:10:00+05:30,157.54,157.98,157.54,157.9,8948.0
2026-06-23 14:15:00+05:30,157.8,157.98,157.7,157.86,7378.0
2026-06-23 14:20:00+05:30,157.85,158.1,157.68,158.0,10510.0
2026-06-23 14:25:00+05:30,158.0,158.0,157.86,157.86,7115.0
2026-06-23 14:30:00+05:30,157.84,158.0,157.8,157.98,3623.0
2026-06-23 14:35:00+05:30,157.97,157.98,157.71,157.94,4945.0
2026-06-23 14:40:00+05:30,157.94,158.24,157.72,158.08,37204.0
2026-06-23 14:45:00+05:30,158.08,158.08,157.02,157.49,65490.0
2026-06-23 14:50:00+05:30,157.52,157.52,156.95,157.13,33492.0
2026-06-23 14:55:00+05:30,157.13,157.13,156.12,157.05,44291.0
2026-06-23 15:00:00+05:30,157.05,157.07,156.68,156.71,28958.0
2026-06-23 15:05:00+05:30,156.71,156.89,156.1,156.75,103792.0
2026-06-23 15:10:00+05:30,156.75,156.82,156.05,156.36,72283.0
2026-06-23 15:15:00+05:30,156.33,156.39,155.1,155.9,120375.0
2026-06-23 15:20:00+05:30,155.9,155.97,155.0,155.55,75941.0
2026-06-23 15:25:00+05:30,155.76,156.24,155.63,156.0,54404.0
2026-06-24 09:15:00+05:30,155.0,156.9,155.0,155.8,43674.0
2026-06-24 09:20:00+05:30,155.94,156.02,155.4,155.72,28110.0
2026-06-24 09:25:00+05:30,155.61,155.71,155.25,155.53,16438.0
2026-06-24 09:30:00+05:30,155.63,155.84,155.38,155.53,8050.0
2026-06-24 09:35:00+05:30,155.53,155.7,155.33,155.55,16341.0
2026-06-24 09:40:00+05:30,155.44,155.88,155.17,155.26,19540.0
2026-06-24 09:45:00+05:30,155.18,155.27,154.3,154.42,22252.0
2026-06-24 09:50:00+05:30,154.3,154.33,153.95,154.19,27167.0
2026-06-24 09:55:00+05:30,154.09,154.65,154.08,154.39,25144.0
2026-06-24 10:00:00+05:30,154.4,155.0,154.4,154.79,18992.0
2026-06-24 10:05:00+05:30,154.79,155.04,154.64,155.04,9594.0
2026-06-24 10:10:00+05:30,155.02,155.28,154.8,154.99,19277.0
2026-06-24 10:15:00+05:30,154.87,155.11,154.8,155.11,10999.0
2026-06-24 10:20:00+05:30,155.05,155.1,154.72,154.95,18654.0
2026-06-24 10:25:00+05:30,155.1,155.18,154.9,154.98,10010.0
2026-06-24 10:30:00+05:30,154.98,155.18,154.8,155.12,6544.0
2026-06-24 10:35:00+05:30,155.07,155.15,154.75,154.96,7271.0
2026-06-24 10:40:00+05:30,155.04,155.24,154.96,155.0,21339.0
2026-06-24 10:45:00+05:30,155.01,155.12,154.93,155.05,2213.0
2026-06-24 10:50:00+05:30,155.12,155.3,155.06,155.07,10091.0
2026-06-24 10:55:00+05:30,155.17,155.19,154.89,154.89,5482.0
2026-06-24 11:00:00+05:30,154.89,155.0,154.8,155.0,6611.0
2026-06-24 11:05:00+05:30,155.0,155.05,154.86,155.05,3609.0
2026-06-24 11:10:00+05:30,155.05,155.44,154.89,155.29,7499.0
2026-06-24 11:15:00+05:30,155.49,155.52,155.22,155.37,18163.0
2026-06-24 11:20:00+05:30,155.3,155.4,155.0,155.0,4492.0
2026-06-24 11:25:00+05:30,155.15,155.19,155.02,155.14,1616.0
2026-06-24 11:30:00+05:30,155.15,155.2,154.81,155.11,15595.0
2026-06-24 11:35:00+05:30,155.11,155.29,154.81,155.26,16009.0
2026-06-24 11:40:00+05:30,155.23,155.49,155.13,155.32,18093.0
2026-06-24 11:45:00+05:30,155.42,155.48,155.14,155.3,10240.0
2026-06-24 11:50:00+05:30,155.29,155.64,155.22,155.5,8026.0
2026-06-24 11:55:00+05:30,155.5,155.5,155.22,155.4,7190.0
2026-06-24 12:00:00+05:30,155.4,156.17,155.25,156.17,26840.0
2026-06-24 12:05:00+05:30,156.37,157.05,156.09,156.85,68083.0
2026-06-24 12:10:00+05:30,156.79,156.79,156.34,156.48,16074.0
2026-06-24 12:15:00+05:30,156.48,156.6,156.44,156.59,6876.0
2026-06-24 12:20:00+05:30,156.5,156.74,156.46,156.5,17661.0
2026-06-24 12:25:00+05:30,156.51,156.55,156.24,156.37,4313.0
2026-06-24 12:30:00+05:30,156.39,156.8,156.17,156.52,23000.0
2026-06-24 12:35:00+05:30,156.46,156.52,156.22,156.4,19074.0
2026-06-24 12:40:00+05:30,156.4,156.71,155.91,156.66,22284.0
2026-06-24 12:45:00+05:30,156.66,156.7,156.5,156.55,7959.0
2026-06-24 12:50:00+05:30,156.55,156.8,156.41,156.75,7745.0
2026-06-24 12:55:00+05:30,156.79,156.96,156.62,156.81,7851.0
2026-06-24 13:00:00+05:30,156.95,157.0,156.76,156.9,12381.0
2026-06-24 13:05:00+05:30,156.87,157.15,156.62,157.02,30467.0
2026-06-24 13:10:00+05:30,157.13,157.5,157.0,157.43,22196.0
2026-06-24 13:15:00+05:30,157.43,157.49,157.3,157.49,10271.0
2026-06-24 13:20:00+05:30,157.49,157.7,157.35,157.65,13592.0
2026-06-24 13:25:00+05:30,157.65,157.94,157.62,157.73,20823.0
2026-06-24 13:30:00+05:30,157.73,157.8,157.63,157.78,8470.0
2026-06-24 13:35:00+05:30,157.78,158.03,157.54,157.67,30581.0
2026-06-24 13:40:00+05:30,157.67,157.82,157.51,157.65,3621.0
2026-06-24 13:45:00+05:30,157.65,157.83,157.63,157.82,5405.0
2026-06-24 13:50:00+05:30,157.79,157.82,157.66,157.78,3530.0
2026-06-24 13:55:00+05:30,157.77,157.97,157.66,157.92,18115.0
2026-06-24 14:00:00+05:30,157.9,157.9,157.71,157.89,18416.0
2026-06-24 14:05:00+05:30,157.89,157.9,157.5,157.89,22781.0
2026-06-24 14:10:00+05:30,157.88,157.89,157.65,157.74,3236.0
2026-06-24 14:15:00+05:30,157.66,158.35,157.6,158.18,27164.0
2026-06-24 14:20:00+05:30,158.2,158.21,157.94,158.1,13184.0
2026-06-24 14:25:00+05:30,158.1,158.2,158.0,158.17,10462.0
2026-06-24 14:30:00+05:30,158.19,158.2,157.9,157.95,6758.0
2026-06-24 14:35:00+05:30,157.84,157.9,157.62,157.85,7028.0
2026-06-24 14:40:00+05:30,157.88,157.88,157.65,157.75,6720.0
2026-06-24 14:45:00+05:30,157.75,157.87,157.44,157.74,36879.0
2026-06-24 14:50:00+05:30,157.62,157.95,157.62,157.72,27457.0
2026-06-24 14:55:00+05:30,157.73,157.73,157.42,157.64,18378.0
2026-06-24 15:00:00+05:30,157.57,157.75,157.41,157.68,16061.0
2026-06-24 15:05:00+05:30,157.68,157.74,157.45,157.63,14275.0
2026-06-24 15:10:00+05:30,157.63,157.65,157.42,157.58,15923.0
2026-06-24 15:15:00+05:30,157.51,157.69,157.41,157.5,18880.0
2026-06-24 15:20:00+05:30,157.5,157.74,157.3,157.56,25208.0
2026-06-24 15:25:00+05:30,157.51,157.75,157.35,157.59,30880.0
2026-06-25 09:15:00+05:30,157.75,158.2,157.0,157.21,65186.0
2026-06-25 09:20:00+05:30,157.24,158.0,157.19,157.31,47781.0
2026-06-25 09:25:00+05:30,157.31,157.43,155.7,156.0,74734.0
2026-06-25 09:30:00+05:30,156.0,156.0,155.34,155.75,54263.0
2026-06-25 09:35:00+05:30,155.75,155.88,155.42,155.74,25401.0
2026-06-25 09:40:00+05:30,155.76,156.0,155.61,155.97,49132.0
2026-06-25 09:45:00+05:30,155.96,156.0,155.61,155.7,50700.0
2026-06-25 09:50:00+05:30,155.82,155.82,155.5,155.57,13765.0
2026-06-25 09:55:00+05:30,155.57,155.57,155.1,155.32,22057.0
2026-06-25 10:00:00+05:30,155.32,155.43,155.11,155.16,28676.0
2026-06-25 10:05:00+05:30,155.18,155.41,155.03,155.41,37499.0
2026-06-25 10:10:00+05:30,155.42,155.48,155.01,155.22,13721.0
2026-06-25 10:15:00+05:30,155.22,155.22,155.02,155.19,15079.0
2026-06-25 10:20:00+05:30,155.18,155.2,155.04,155.11,5394.0
2026-06-25 10:25:00+05:30,155.04,155.22,155.03,155.17,9203.0
2026-06-25 10:30:00+05:30,155.21,155.22,155.05,155.05,4628.0
2026-06-25 10:35:00+05:30,155.09,155.18,155.02,155.14,8808.0
2026-06-25 10:40:00+05:30,155.01,155.26,155.01,155.15,15344.0
2026-06-25 10:45:00+05:30,155.1,155.26,154.95,154.95,25974.0
2026-06-25 10:50:00+05:30,154.95,154.97,154.7,154.89,14031.0
2026-06-25 10:55:00+05:30,154.88,154.91,154.75,154.76,2819.0
2026-06-25 11:00:00+05:30,154.8,154.8,154.52,154.7,13483.0
2026-06-25 11:05:00+05:30,154.7,154.72,154.44,154.5,23015.0
2026-06-25 11:10:00+05:30,154.5,154.5,154.21,154.4,21385.0
2026-06-25 11:15:00+05:30,154.4,154.6,154.25,154.25,16088.0
2026-06-25 11:20:00+05:30,154.34,154.39,154.15,154.15,12763.0
2026-06-25 11:25:00+05:30,154.2,154.28,154.05,154.08,10096.0
2026-06-25 11:30:00+05:30,154.08,154.16,153.85,154.13,30633.0
2026-06-25 11:35:00+05:30,154.0,154.14,153.9,154.0,13990.0
2026-06-25 11:40:00+05:30,154.0,154.1,153.9,153.99,10105.0
2026-06-25 11:45:00+05:30,154.0,154.0,153.85,153.89,10759.0
2026-06-25 11:50:00+05:30,153.89,153.9,153.75,153.75,13459.0
2026-06-25 11:55:00+05:30,153.9,153.93,153.63,153.78,31161.0
2026-06-25 12:00:00+05:30,153.93,154.19,153.9,154.08,19617.0
2026-06-25 12:05:00+05:30,154.13,154.34,154.05,154.05,9257.0
2026-06-25 12:10:00+05:30,154.17,154.17,153.6,154.05,31642.0
2026-06-25 12:15:00+05:30,154.0,154.13,153.8,153.9,12507.0
2026-06-25 12:20:00+05:30,153.89,153.89,153.55,153.72,6173.0
2026-06-25 12:25:00+05:30,153.72,153.72,153.3,153.52,27582.0
2026-06-25 12:30:00+05:30,153.66,153.71,153.5,153.51,15385.0
2026-06-25 12:35:00+05:30,153.6,153.65,153.44,153.51,10783.0
2026-06-25 12:40:00+05:30,153.51,153.51,153.21,153.43,13585.0
2026-06-25 12:45:00+05:30,153.3,153.52,153.3,153.46,10306.0
2026-06-25 12:50:00+05:30,153.4,153.56,153.33,153.42,2460.0
2026-06-25 12:55:00+05:30,153.42,153.57,153.32,153.38,3717.0
2026-06-25 13:00:00+05:30,153.38,153.51,153.24,153.27,7736.0
2026-06-25 13:05:00+05:30,153.41,153.45,153.26,153.38,4442.0
2026-06-25 13:10:00+05:30,153.42,153.45,153.2,153.2,9364.0
2026-06-25 13:15:00+05:30,153.23,153.41,153.15,153.35,4906.0
2026-06-25 13:20:00+05:30,153.35,153.55,153.35,153.55,4646.0
2026-06-25 13:25:00+05:30,153.56,153.6,153.39,153.5,6767.0
2026-06-25 13:30:00+05:30,153.53,153.53,153.24,153.42,12767.0
2026-06-25 13:35:00+05:30,153.42,153.6,153.37,153.53,10479.0
2026-06-25 13:40:00+05:30,153.56,153.77,153.53,153.6,8477.0
2026-06-25 13:45:00+05:30,153.6,153.6,153.41,153.44,5432.0
2026-06-25 13:50:00+05:30,153.41,153.54,153.25,153.33,14414.0
2026-06-25 13:55:00+05:30,153.33,153.4,153.25,153.32,4434.0
2026-06-25 14:00:00+05:30,153.32,153.57,153.21,153.55,21368.0
2026-06-25 14:05:00+05:30,153.55,153.57,153.21,153.36,6962.0
2026-06-25 14:10:00+05:30,153.36,153.36,153.0,153.1,58051.0
2026-06-25 14:15:00+05:30,153.17,153.4,153.09,153.24,33373.0
2026-06-25 14:20:00+05:30,153.22,153.25,153.08,153.14,7641.0
2026-06-25 14:25:00+05:30,153.25,153.34,153.14,153.16,6129.0
2026-06-25 14:30:00+05:30,153.33,153.4,153.2,153.32,5717.0
2026-06-25 14:35:00+05:30,153.4,153.4,153.21,153.25,5584.0
2026-06-25 14:40:00+05:30,153.24,153.33,153.01,153.1,55016.0
2026-06-25 14:45:00+05:30,153.15,153.7,153.1,153.5,76220.0
2026-06-25 14:50:00+05:30,153.5,153.93,153.5,153.88,22756.0
2026-06-25 14:55:00+05:30,153.88,154.11,153.43,153.93,40634.0
2026-06-25 15:00:00+05:30,153.88,153.96,153.6,153.8,40852.0
2026-06-25 15:05:00+05:30,153.76,153.85,153.6,153.66,65025.0
2026-06-25 15:10:00+05:30,153.59,153.82,153.49,153.55,85295.0
2026-06-25 15:15:00+05:30,153.51,153.9,153.5,153.54,90764.0
2026-06-25 15:20:00+05:30,153.5,153.62,153.2,153.5,76685.0
2026-06-25 15:25:00+05:30,153.5,153.94,153.5,153.66,94792.0
2026-06-29 09:15:00+05:30,153.66,154.4,152.75,152.8,41034.0
2026-06-29 09:20:00+05:30,152.77,152.98,152.38,152.38,48109.0
2026-06-29 09:25:00+05:30,152.37,152.78,152.18,152.74,12618.0
2026-06-29 09:30:00+05:30,152.73,152.75,152.06,152.06,14632.0
2026-06-29 09:35:00+05:30,152.16,152.8,151.52,152.7,57481.0
2026-06-29 09:40:00+05:30,152.6,152.84,152.51,152.7,7652.0
2026-06-29 09:45:00+05:30,152.79,152.84,152.31,152.39,15969.0
2026-06-29 09:50:00+05:30,152.48,152.67,152.4,152.47,17563.0
2026-06-29 09:55:00+05:30,152.49,152.79,152.42,152.68,15376.0
2026-06-29 10:00:00+05:30,152.79,153.1,152.59,152.78,16095.0
2026-06-29 10:05:00+05:30,152.78,153.39,152.6,152.73,22064.0
2026-06-29 10:10:00+05:30,152.73,152.73,152.25,152.27,13989.0
2026-06-29 10:15:00+05:30,152.37,152.46,152.01,152.21,11762.0
2026-06-29 10:20:00+05:30,152.21,152.59,152.2,152.31,8203.0
2026-06-29 10:25:00+05:30,152.45,152.56,152.32,152.38,3474.0
2026-06-29 10:30:00+05:30,152.48,152.52,152.28,152.45,6362.0
2026-06-29 10:35:00+05:30,152.49,152.59,152.25,152.25,6988.0
2026-06-29 10:40:00+05:30,152.39,152.39,152.17,152.32,9278.0
2026-06-29 10:45:00+05:30,152.29,152.41,152.05,152.1,9882.0
2026-06-29 10:50:00+05:30,152.05,152.1,151.85,151.91,13660.0
2026-06-29 10:55:00+05:30,151.92,152.18,151.85,151.93,15156.0
2026-06-29 11:00:00+05:30,151.99,152.08,151.9,151.93,8918.0
2026-06-29 11:05:00+05:30,152.05,152.05,151.7,151.89,11684.0
2026-06-29 11:10:00+05:30,151.89,151.9,151.65,151.65,7857.0
2026-06-29 11:15:00+05:30,151.72,151.79,151.6,151.79,11998.0
2026-06-29 11:20:00+05:30,151.69,151.86,151.6,151.7,3957.0
2026-06-29 11:25:00+05:30,151.68,151.8,151.15,151.29,29831.0
2026-06-29 11:30:00+05:30,151.29,151.38,151.12,151.23,6622.0
2026-06-29 11:35:00+05:30,151.23,151.5,151.2,151.45,4846.0
2026-06-29 11:40:00+05:30,151.32,151.43,151.03,151.1,12226.0
2026-06-29 11:45:00+05:30,151.0,151.23,151.0,151.23,6712.0
2026-06-29 11:50:00+05:30,151.23,151.23,151.0,151.02,9369.0
2026-06-29 11:55:00+05:30,151.01,151.14,151.0,151.11,1496.0
2026-06-29 12:00:00+05:30,151.11,151.11,150.8,150.94,48223.0
2026-06-29 12:05:00+05:30,150.97,150.98,150.76,150.88,11216.0
2026-06-29 12:10:00+05:30,150.86,150.99,150.82,150.85,3212.0
2026-06-29 12:15:00+05:30,150.85,150.99,150.72,150.81,8859.0
2026-06-29 12:20:00+05:30,150.71,150.83,150.64,150.83,7830.0
2026-06-29 12:25:00+05:30,150.71,150.75,150.55,150.55,13480.0
2026-06-29 12:30:00+05:30,150.55,150.63,150.3,150.3,12719.0
2026-06-29 12:35:00+05:30,150.42,150.58,150.3,150.35,12813.0
2026-06-29 12:40:00+05:30,150.35,150.54,150.2,150.43,10160.0
2026-06-29 12:45:00+05:30,150.54,150.85,150.43,150.66,19368.0
2026-06-29 12:50:00+05:30,150.66,150.74,150.66,150.69,3377.0
2026-06-29 12:55:00+05:30,150.74,150.85,150.67,150.72,4426.0
2026-06-29 13:00:00+05:30,150.84,150.94,150.68,150.85,14945.0
2026-06-29 13:05:00+05:30,150.88,151.0,150.81,150.99,2374.0
2026-06-29 13:10:00+05:30,150.99,151.38,150.89,151.28,26567.0
2026-06-29 13:15:00+05:30,151.28,151.38,151.08,151.08,5378.0
2026-06-29 13:20:00+05:30,151.08,151.28,151.08,151.08,4216.0
2026-06-29 13:25:00+05:30,151.08,151.21,151.08,151.21,3463.0
2026-06-29 13:30:00+05:30,151.21,151.27,151.09,151.22,3948.0
2026-06-29 13:35:00+05:30,151.23,151.45,151.23,151.3,8390.0
2026-06-29 13:40:00+05:30,151.3,151.3,151.0,151.0,11583.0
2026-06-29 13:45:00+05:30,151.0,151.16,151.0,151.08,7898.0
2026-06-29 13:50:00+05:30,151.09,151.09,151.0,151.08,3456.0
2026-06-29 13:55:00+05:30,151.08,151.33,151.08,151.21,3752.0
2026-06-29 14:00:00+05:30,151.21,151.25,151.09,151.19,2341.0
2026-06-29 14:05:00+05:30,151.19,151.4,151.16,151.4,19955.0
2026-06-29 14:10:00+05:30,151.45,151.66,151.39,151.63,27655.0
2026-06-29 14:15:00+05:30,151.61,151.7,151.37,151.63,22304.0
2026-06-29 14:20:00+05:30,151.63,151.73,151.32,151.4,6321.0
2026-06-29 14:25:00+05:30,151.4,151.42,150.35,150.39,54373.0
2026-06-29 14:30:00+05:30,150.39,150.6,150.13,150.49,22715.0
2026-06-29 14:35:00+05:30,150.49,150.61,150.4,150.4,11993.0
2026-06-29 14:40:00+05:30,150.43,150.52,150.25,150.48,11758.0
2026-06-29 14:45:00+05:30,150.48,150.55,150.35,150.5,6201.0
2026-06-29 14:50:00+05:30,150.54,150.54,150.29,150.33,13597.0
2026-06-29 14:55:00+05:30,150.35,150.45,149.68,149.88,62101.0
2026-06-29 15:00:00+05:30,149.96,150.2,149.5,149.96,70981.0
2026-06-29 15:05:00+05:30,149.96,150.01,149.8,149.93,103615.0
2026-06-29 15:10:00+05:30,150.0,150.0,149.75,149.76,57446.0
2026-06-29 15:15:00+05:30,149.76,150.07,149.75,149.81,65207.0
2026-06-29 15:20:00+05:30,149.92,150.0,149.65,149.86,71381.0
2026-06-29 15:25:00+05:30,149.95,150.0,149.72,149.94,119638.0
2026-06-30 09:15:00+05:30,151.0,151.48,149.34,150.99,53848.0
2026-06-30 09:20:00+05:30,150.81,150.81,150.15,150.49,47174.0
2026-06-30 09:25:00+05:30,150.48,150.84,150.09,150.27,14579.0
2026-06-30 09:30:00+05:30,150.26,150.48,149.9,150.48,52961.0
2026-06-30 09:35:00+05:30,150.3,150.44,149.91,150.3,31435.0
2026-06-30 09:40:00+05:30,150.4,150.47,149.9,149.91,15866.0
2026-06-30 09:45:00+05:30,150.02,150.17,149.8,150.14,35751.0
2026-06-30 09:50:00+05:30,150.2,150.63,150.17,150.45,6488.0
2026-06-30 09:55:00+05:30,150.34,150.47,150.13,150.32,11538.0
2026-06-30 10:00:00+05:30,150.35,150.45,150.23,150.33,4694.0
2026-06-30 10:05:00+05:30,150.33,150.47,150.3,150.4,6069.0
2026-06-30 10:10:00+05:30,150.31,150.54,149.97,150.09,29999.0
2026-06-30 10:15:00+05:30,150.1,150.18,149.91,150.02,4221.0
2026-06-30 10:20:00+05:30,150.0,150.02,149.8,150.0,18461.0
2026-06-30 10:25:00+05:30,150.0,150.37,149.92,150.29,17862.0
2026-06-30 10:30:00+05:30,150.45,150.45,150.23,150.37,5623.0
2026-06-30 10:35:00+05:30,150.37,150.49,150.11,150.31,6598.0
2026-06-30 10:40:00+05:30,150.39,150.39,150.0,150.17,8406.0
2026-06-30 10:45:00+05:30,150.17,150.75,149.95,150.61,23356.0
2026-06-30 10:50:00+05:30,150.64,150.97,150.57,150.57,6102.0
2026-06-30 10:55:00+05:30,150.65,150.65,150.29,150.4,17133.0
2026-06-30 11:00:00+05:30,150.4,150.45,150.34,150.35,1362.0
2026-06-30 11:05:00+05:30,150.4,150.4,150.25,150.3,1119.0
2026-06-30 11:10:00+05:30,150.34,150.51,150.3,150.46,6209.0
2026-06-30 11:15:00+05:30,150.46,150.79,150.39,150.53,12001.0
2026-06-30 11:20:00+05:30,150.56,150.76,150.17,150.7,28910.0
2026-06-30 11:25:00+05:30,150.85,150.96,150.33,150.48,21034.0
2026-06-30 11:30:00+05:30,150.48,150.52,150.13,150.13,5795.0
2026-06-30 11:35:00+05:30,150.3,150.55,150.15,150.33,15606.0
2026-06-30 11:40:00+05:30,150.55,150.55,150.08,150.39,16073.0
2026-06-30 11:45:00+05:30,150.4,150.48,150.08,150.23,11452.0
2026-06-30 11:50:00+05:30,150.3,150.48,150.22,150.45,6695.0
2026-06-30 11:55:00+05:30,150.5,150.57,150.25,150.49,7807.0
2026-06-30 12:00:00+05:30,150.5,150.5,149.4,149.5,77095.0
2026-06-30 12:05:00+05:30,149.5,149.8,149.5,149.52,10593.0
2026-06-30 12:10:00+05:30,149.54,149.7,149.4,149.47,14284.0
2026-06-30 12:15:00+05:30,149.61,149.69,149.52,149.62,3586.0
2026-06-30 12:20:00+05:30,149.53,149.64,149.5,149.6,2994.0
2026-06-30 12:25:00+05:30,149.66,149.72,149.4,149.48,10832.0
2026-06-30 12:30:00+05:30,149.66,149.69,148.66,148.77,95904.0
2026-06-30 12:35:00+05:30,148.91,149.01,148.8,148.97,16410.0
2026-06-30 12:40:00+05:30,148.9,149.06,148.88,149.02,17656.0
2026-06-30 12:45:00+05:30,149.0,149.03,148.8,149.0,15530.0
2026-06-30 12:50:00+05:30,149.0,149.0,148.82,149.0,11658.0
2026-06-30 12:55:00+05:30,149.0,149.0,148.84,148.9,22850.0
2026-06-30 13:00:00+05:30,148.98,149.0,148.86,148.99,7885.0
2026-06-30 13:05:00+05:30,149.0,149.0,148.86,149.0,5646.0
2026-06-30 13:10:00+05:30,149.0,149.0,148.81,148.88,5481.0
2026-06-30 13:15:00+05:30,148.88,148.99,148.8,148.81,6086.0
2026-06-30 13:20:00+05:30,148.8,148.91,148.76,148.8,5827.0
2026-06-30 13:25:00+05:30,148.91,148.91,148.66,148.8,5884.0
2026-06-30 13:30:00+05:30,148.8,148.95,148.66,148.7,8740.0
2026-06-30 13:35:00+05:30,148.7,148.84,148.66,148.76,3200.0
2026-06-30 13:40:00+05:30,148.66,148.86,148.65,148.78,5282.0
2026-06-30 13:45:00+05:30,148.78,148.84,148.75,148.75,2375.0
2026-06-30 13:50:00+05:30,148.82,148.82,148.65,148.68,2934.0
2026-06-30 13:55:00+05:30,148.68,148.71,148.6,148.62,5443.0
2026-06-30 14:00:00+05:30,148.64,148.65,148.5,148.5,8035.0
2026-06-30 14:05:00+05:30,148.5,148.65,148.5,148.56,24862.0
2026-06-30 14:10:00+05:30,148.59,148.64,148.4,148.46,13525.0
2026-06-30 14:15:00+05:30,148.46,148.65,148.35,148.4,9471.0
2026-06-30 14:20:00+05:30,148.4,148.6,148.01,148.15,46866.0
2026-06-30 14:25:00+05:30,148.1,148.78,148.08,148.74,25218.0
2026-06-30 14:30:00+05:30,148.74,148.78,148.56,148.56,9904.0
2026-06-30 14:35:00+05:30,148.56,148.74,148.28,148.49,13706.0
2026-06-30 14:40:00+05:30,148.66,148.75,148.54,148.55,9183.0
2026-06-30 14:45:00+05:30,148.56,148.96,148.55,148.83,10677.0
2026-06-30 14:50:00+05:30,148.83,148.94,148.6,148.66,16737.0
2026-06-30 14:55:00+05:30,148.66,148.89,148.31,148.43,19060.0
2026-06-30 15:00:00+05:30,148.46,148.46,147.9,148.17,72881.0
2026-06-30 15:05:00+05:30,148.17,148.23,147.8,148.11,68891.0
2026-06-30 15:10:00+05:30,148.11,148.31,148.04,148.09,30096.0
2026-06-30 15:15:00+05:30,148.08,148.37,147.66,148.06,83333.0
2026-06-30 15:20:00+05:30,148.15,148.2,147.8,148.12,45326.0
2026-06-30 15:25:00+05:30,148.12,149.35,147.76,149.0,106399.0
2026-07-01 09:15:00+05:30,149.9,151.4,149.81,151.21,126934.0
2026-07-01 09:20:00+05:30,150.9,151.8,150.64,151.43,126910.0
2026-07-01 09:25:00+05:30,151.44,151.44,150.24,150.43,42115.0
2026-07-01 09:30:00+05:30,150.43,150.63,150.25,150.46,28756.0
2026-07-01 09:35:00+05:30,150.53,151.0,150.42,150.82,38360.0
2026-07-01 09:40:00+05:30,150.73,150.83,150.39,150.48,11629.0
2026-07-01 09:45:00+05:30,150.47,150.63,150.26,150.49,16067.0
2026-07-01 09:50:00+05:30,150.48,150.53,150.06,150.45,23443.0
2026-07-01 09:55:00+05:30,150.5,150.8,150.39,150.61,14235.0
2026-07-01 10:00:00+05:30,150.48,150.65,150.23,150.42,9626.0
2026-07-01 10:05:00+05:30,150.42,150.66,149.51,149.59,48643.0
2026-07-01 10:10:00+05:30,149.7,149.88,149.21,149.78,27083.0
2026-07-01 10:15:00+05:30,149.79,150.1,149.7,150.0,13379.0
2026-07-01 10:20:00+05:30,150.1,150.22,149.91,149.91,14287.0
2026-07-01 10:25:00+05:30,149.92,150.47,149.58,150.31,38614.0
2026-07-01 10:30:00+05:30,150.3,150.36,149.88,150.14,144188.0
2026-07-01 10:35:00+05:30,150.16,150.25,149.5,149.77,19841.0
2026-07-01 10:40:00+05:30,149.77,150.12,149.75,149.9,20725.0
2026-07-01 10:45:00+05:30,149.9,150.15,149.84,150.06,2612.0
2026-07-01 10:50:00+05:30,150.22,150.23,149.86,149.98,10466.0
2026-07-01 10:55:00+05:30,149.98,150.07,149.8,150.02,7267.0
2026-07-01 11:00:00+05:30,150.05,150.48,150.0,150.37,108784.0
2026-07-01 11:05:00+05:30,150.37,150.37,150.09,150.25,6588.0
2026-07-01 11:10:00+05:30,150.35,150.49,150.2,150.37,12351.0
2026-07-01 11:15:00+05:30,150.49,150.7,150.2,150.5,27338.0
2026-07-01 11:20:00+05:30,150.56,150.64,150.43,150.58,4096.0
2026-07-01 11:25:00+05:30,150.58,150.58,150.1,150.33,14174.0
2026-07-01 11:30:00+05:30,150.35,150.47,150.17,150.31,5051.0
2026-07-01 11:35:00+05:30,150.3,150.62,150.05,150.45,19422.0
2026-07-01 11:40:00+05:30,150.42,150.54,150.1,150.24,11827.0
2026-07-01 11:45:00+05:30,150.25,150.25,150.0,150.01,5241.0
2026-07-01 11:50:00+05:30,149.99,150.0,149.8,150.0,7775.0
2026-07-01 11:55:00+05:30,150.0,150.0,149.7,149.85,15228.0
2026-07-01 12:00:00+05:30,149.86,149.91,149.7,149.71,7422.0
2026-07-01 12:05:00+05:30,149.78,149.94,149.72,149.91,6230.0
2026-07-01 12:10:00+05:30,149.91,149.92,149.7,149.7,8775.0
2026-07-01 12:15:00+05:30,149.82,149.82,149.63,149.64,6335.0
2026-07-01 12:20:00+05:30,149.63,149.82,149.5,149.55,18024.0
2026-07-01 12:25:00+05:30,149.53,149.65,149.4,149.5,16773.0
2026-07-01 12:30:00+05:30,149.56,149.79,149.51,149.52,3163.0
2026-07-01 12:35:00+05:30,149.52,149.61,149.4,149.4,5242.0
2026-07-01 12:40:00+05:30,149.45,149.5,149.3,149.3,3457.0
2026-07-01 12:45:00+05:30,149.38,149.39,149.15,149.3,11437.0
2026-07-01 12:50:00+05:30,149.37,149.4,149.1,149.31,18313.0
2026-07-01 12:55:00+05:30,149.39,149.44,149.25,149.4,12220.0
2026-07-01 13:00:00+05:30,149.43,149.5,149.38,149.45,2510.0
2026-07-01 13:05:00+05:30,149.45,149.75,149.35,149.7,12774.0
2026-07-01 13:10:00+05:30,149.74,149.83,149.6,149.79,15235.0
2026-07-01 13:15:00+05:30,149.8,149.98,149.77,149.87,8080.0
2026-07-01 13:20:00+05:30,149.99,150.08,149.7,149.88,14760.0
2026-07-01 13:25:00+05:30,149.8,149.9,149.77,149.8,4535.0
2026-07-01 13:30:00+05:30,149.9,150.06,149.65,150.05,20446.0
2026-07-01 13:35:00+05:30,150.05,150.05,149.79,149.81,3385.0
2026-07-01 13:40:00+05:30,149.9,149.9,149.65,149.68,11077.0
2026-07-01 13:45:00+05:30,149.67,149.81,149.67,149.73,816.0
2026-07-01 13:50:00+05:30,149.87,149.99,149.76,149.76,4437.0
2026-07-01 13:55:00+05:30,149.76,149.8,149.5,149.53,5999.0
2026-07-01 14:00:00+05:30,149.63,149.87,149.5,149.85,7127.0
2026-07-01 14:05:00+05:30,149.85,149.89,149.7,149.89,3470.0
2026-07-01 14:10:00+05:30,149.89,150.03,149.78,149.94,15599.0
2026-07-01 14:15:00+05:30,149.94,150.0,149.81,149.97,9756.0
2026-07-01 14:20:00+05:30,149.97,150.02,149.8,149.91,10334.0
2026-07-01 14:25:00+05:30,149.91,149.95,149.8,149.88,6677.0
2026-07-01 14:30:00+05:30,149.82,149.82,149.5,149.7,17504.0
2026-07-01 14:35:00+05:30,149.7,149.7,149.15,149.2,75991.0
2026-07-01 14:40:00+05:30,149.2,149.3,149.01,149.25,15480.0
2026-07-01 14:45:00+05:30,149.12,149.51,149.12,149.45,39894.0
2026-07-01 14:50:00+05:30,149.45,149.45,149.02,149.26,35712.0
2026-07-01 14:55:00+05:30,149.26,149.48,149.1,149.48,14201.0
2026-07-01 15:00:00+05:30,149.48,149.96,149.33,149.81,58739.0
2026-07-01 15:05:00+05:30,149.8,149.95,149.7,149.73,28971.0
2026-07-01 15:10:00+05:30,149.74,149.8,149.6,149.68,30569.0
2026-07-01 15:15:00+05:30,149.67,149.85,149.5,149.78,45619.0
2026-07-01 15:20:00+05:30,149.78,149.82,149.65,149.65,36581.0
2026-07-01 15:25:00+05:30,149.7,149.7,149.0,149.1,73506.0
2026-07-02 09:15:00+05:30,151.0,151.5,150.21,150.82,90925.0
2026-07-02 09:20:00+05:30,150.99,151.14,150.75,150.9,17668.0
2026-07-02 09:25:00+05:30,150.92,151.1,150.46,150.46,48128.0
2026-07-02 09:30:00+05:30,150.46,150.7,150.2,150.3,21090.0
2026-07-02 09:35:00+05:30,150.3,150.53,150.15,150.5,22234.0
2026-07-02 09:40:00+05:30,150.5,150.53,150.24,150.28,18454.0
2026-07-02 09:45:00+05:30,150.25,150.6,150.15,150.51,7867.0
2026-07-02 09:50:00+05:30,150.62,150.65,150.33,150.45,7524.0
2026-07-02 09:55:00+05:30,150.55,150.6,150.35,150.48,4618.0
2026-07-02 10:00:00+05:30,150.47,150.67,150.15,150.65,52926.0
2026-07-02 10:05:00+05:30,150.65,150.85,150.53,150.64,5854.0
2026-07-02 10:10:00+05:30,150.75,150.95,150.71,150.77,5123.0
2026-07-02 10:15:00+05:30,150.77,150.87,150.57,150.75,7406.0
2026-07-02 10:20:00+05:30,150.8,150.88,150.75,150.75,3811.0
2026-07-02 10:25:00+05:30,150.75,150.75,150.56,150.59,4875.0
2026-07-02 10:30:00+05:30,150.74,150.78,150.7,150.7,2717.0
2026-07-02 10:35:00+05:30,150.75,150.78,150.5,150.78,9607.0
2026-07-02 10:40:00+05:30,150.78,150.8,150.4,150.62,15748.0
2026-07-02 10:45:00+05:30,150.64,150.67,150.35,150.65,16619.0
2026-07-02 10:50:00+05:30,150.65,150.65,150.43,150.44,3172.0
2026-07-02 10:55:00+05:30,150.2,150.53,150.1,150.53,19276.0
2026-07-02 11:00:00+05:30,150.52,150.55,150.13,150.15,6022.0
2026-07-02 11:05:00+05:30,150.16,150.3,150.13,150.16,3352.0
2026-07-02 11:10:00+05:30,150.16,150.28,150.05,150.13,7562.0
2026-07-02 11:15:00+05:30,150.12,150.3,149.63,149.85,32144.0
2026-07-02 11:20:00+05:30,149.85,150.18,149.81,150.08,3993.0
2026-07-02 11:25:00+05:30,150.01,150.14,150.0,150.0,4804.0
2026-07-02 11:30:00+05:30,150.0,150.12,150.0,150.0,2901.0
2026-07-02 11:35:00+05:30,150.12,150.15,149.75,149.82,7128.0
2026-07-02 11:40:00+05:30,149.82,149.97,149.76,149.83,5043.0
2026-07-02 11:45:00+05:30,149.96,150.04,149.79,149.95,4829.0
2026-07-02 11:50:00+05:30,149.95,150.08,149.82,149.82,5386.0
2026-07-02 11:55:00+05:30,149.93,149.96,148.73,148.86,164221.0
2026-07-02 12:00:00+05:30,148.86,148.94,148.6,148.83,27860.0
2026-07-02 12:05:00+05:30,148.82,149.0,148.82,148.98,15234.0
2026-07-02 12:10:00+05:30,148.99,149.0,148.8,148.9,42875.0
2026-07-02 12:15:00+05:30,148.95,148.99,148.83,148.94,6043.0
2026-07-02 12:20:00+05:30,148.94,149.06,148.8,148.93,12105.0
2026-07-02 12:25:00+05:30,148.99,149.0,148.8,149.0,2795.0
2026-07-02 12:30:00+05:30,149.0,149.0,148.85,148.85,7745.0
2026-07-02 12:35:00+05:30,148.85,148.99,148.83,148.98,1859.0
2026-07-02 12:40:00+05:30,148.98,149.35,148.9,149.26,29316.0
2026-07-02 12:45:00+05:30,149.35,149.49,149.1,149.46,13243.0
2026-07-02 12:50:00+05:30,149.46,149.51,149.17,149.48,12841.0
2026-07-02 12:55:00+05:30,149.55,149.79,149.48,149.68,10777.0
2026-07-02 13:00:00+05:30,149.58,149.85,149.5,149.65,16391.0
2026-07-02 13:05:00+05:30,149.82,150.0,149.68,149.88,19825.0
2026-07-02 13:10:00+05:30,149.88,149.9,149.7,149.9,2385.0
2026-07-02 13:15:00+05:30,149.9,149.96,149.74,149.9,3563.0
2026-07-02 13:20:00+05:30,149.93,149.93,149.75,149.9,5568.0
2026-07-02 13:25:00+05:30,149.9,149.9,149.67,149.77,6747.0
2026-07-02 13:30:00+05:30,149.7,149.9,149.7,149.82,2997.0
2026-07-02 13:35:00+05:30,149.77,149.95,149.67,149.95,15697.0
2026-07-02 13:40:00+05:30,149.95,150.12,149.75,150.12,26223.0
2026-07-02 13:45:00+05:30,150.2,150.29,149.78,149.95,25742.0
2026-07-02 13:50:00+05:30,150.04,150.66,149.94,150.3,29823.0
2026-07-02 13:55:00+05:30,150.3,150.3,150.15,150.21,3188.0
2026-07-02 14:00:00+05:30,150.22,150.22,149.98,150.1,2872.0
2026-07-02 14:05:00+05:30,150.04,150.2,149.95,150.12,8979.0
2026-07-02 14:10:00+05:30,150.11,150.19,149.87,149.99,3443.0
2026-07-02 14:15:00+05:30,149.98,149.99,149.84,149.95,3105.0
2026-07-02 14:20:00+05:30,149.95,149.99,149.85,149.99,6145.0
2026-07-02 14:25:00+05:30,149.88,150.0,149.88,149.98,3416.0
2026-07-02 14:30:00+05:30,149.97,149.97,149.88,149.95,2532.0
2026-07-02 14:35:00+05:30,149.88,149.99,149.88,149.99,4261.0
2026-07-02 14:40:00+05:30,149.99,150.05,149.81,150.0,11157.0
2026-07-02 14:45:00+05:30,150.03,150.25,150.0,150.11,39502.0
2026-07-02 14:50:00+05:30,150.23,150.25,150.05,150.11,2699.0
2026-07-02 14:55:00+05:30,150.2,150.5,150.13,150.4,10705.0
2026-07-02 15:00:00+05:30,150.4,150.94,150.4,150.57,44034.0
2026-07-02 15:05:00+05:30,150.64,150.95,150.64,150.72,31755.0
2026-07-02 15:10:00+05:30,150.72,150.75,150.39,150.5,28012.0
2026-07-02 15:15:00+05:30,150.47,150.5,150.17,150.35,54133.0
2026-07-02 15:20:00+05:30,150.34,150.49,150.15,150.48,22634.0
2026-07-02 15:25:00+05:30,150.47,150.9,150.22,150.75,37356.0
2026-07-03 09:15:00+05:30,151.6,151.9,150.6,150.93,72978.0
2026-07-03 09:20:00+05:30,150.9,151.75,150.73,151.08,42116.0
2026-07-03 09:25:00+05:30,151.08,151.25,150.7,150.84,15441.0
2026-07-03 09:30:00+05:30,150.84,150.92,150.71,150.75,6429.0
2026-07-03 09:35:00+05:30,150.82,151.09,150.66,150.8,32697.0
2026-07-03 09:40:00+05:30,150.66,150.9,150.5,150.5,24951.0
2026-07-03 09:45:00+05:30,150.6,150.62,150.1,150.33,28487.0
2026-07-03 09:50:00+05:30,150.39,150.59,150.16,150.25,8880.0
2026-07-03 09:55:00+05:30,150.39,150.45,149.87,150.02,35751.0
2026-07-03 10:00:00+05:30,150.18,150.5,150.1,150.5,15433.0
2026-07-03 10:05:00+05:30,150.34,150.72,150.34,150.53,5431.0
2026-07-03 10:10:00+05:30,150.63,150.81,150.55,150.7,3795.0
2026-07-03 10:15:00+05:30,150.71,150.72,150.51,150.71,5807.0
2026-07-03 10:20:00+05:30,150.64,150.7,150.6,150.6,2902.0
2026-07-03 10:25:00+05:30,150.6,150.63,150.5,150.5,1508.0
2026-07-03 10:30:00+05:30,150.5,150.6,149.85,150.23,23367.0
2026-07-03 10:35:00+05:30,150.24,150.31,150.06,150.28,5060.0
2026-07-03 10:40:00+05:30,150.2,150.28,150.2,150.28,2248.0
2026-07-03 10:45:00+05:30,150.28,150.38,150.15,150.38,2859.0
2026-07-03 10:50:00+05:30,150.37,150.4,150.15,150.2,14230.0
2026-07-03 10:55:00+05:30,150.28,150.42,150.22,150.38,3070.0
2026-07-03 11:00:00+05:30,150.37,150.47,150.22,150.22,2648.0
2026-07-03 11:05:00+05:30,150.22,150.27,150.0,150.15,9197.0
2026-07-03 11:10:00+05:30,150.15,150.23,149.82,149.82,17482.0
2026-07-03 11:15:00+05:30,149.81,149.97,149.8,149.85,7124.0
2026-07-03 11:20:00+05:30,149.89,149.89,149.6,149.71,19539.0
2026-07-03 11:25:00+05:30,149.71,149.71,147.92,149.02,147748.0
2026-07-03 11:30:00+05:30,148.91,149.14,148.2,148.76,152275.0
2026-07-03 11:35:00+05:30,148.7,149.0,148.7,149.0,13187.0
2026-07-03 11:40:00+05:30,149.0,149.19,148.95,148.95,27886.0
2026-07-03 11:45:00+05:30,148.98,148.98,148.8,148.88,7933.0
2026-07-03 11:50:00+05:30,148.88,149.22,148.87,149.09,6047.0
2026-07-03 11:55:00+05:30,149.09,149.4,149.08,149.32,40637.0
2026-07-03 12:00:00+05:30,149.32,149.45,149.27,149.27,4492.0
2026-07-03 12:05:00+05:30,149.27,149.44,149.21,149.42,5363.0
2026-07-03 12:10:00+05:30,149.4,149.57,149.17,149.37,22245.0
2026-07-03 12:15:00+05:30,149.37,149.49,149.33,149.37,6593.0
2026-07-03 12:20:00+05:30,149.36,149.47,149.36,149.4,3146.0
2026-07-03 12:25:00+05:30,149.4,149.58,149.4,149.56,2698.0
2026-07-03 12:30:00+05:30,149.56,149.65,149.47,149.54,3472.0
2026-07-03 12:35:00+05:30,149.5,149.6,149.47,149.56,3953.0
2026-07-03 12:40:00+05:30,149.56,149.56,149.33,149.49,12997.0
2026-07-03 12:45:00+05:30,149.33,149.45,149.26,149.27,1921.0
2026-07-03 12:50:00+05:30,149.27,149.56,149.27,149.49,7836.0
2026-07-03 12:55:00+05:30,149.49,149.51,149.32,149.48,2375.0
2026-07-03 13:00:00+05:30,149.48,149.48,149.35,149.45,3182.0
2026-07-03 13:05:00+05:30,149.4,149.44,149.09,149.4,12363.0
2026-07-03 13:10:00+05:30,149.39,149.44,149.0,149.28,9629.0
2026-07-03 13:15:00+05:30,149.28,149.28,149.13,149.24,1932.0
2026-07-03 13:20:00+05:30,149.24,149.35,149.11,149.35,2661.0
2026-07-03 13:25:00+05:30,149.35,149.39,149.14,149.23,2370.0
2026-07-03 13:30:00+05:30,149.23,149.23,149.13,149.2,443.0
2026-07-03 13:35:00+05:30,149.21,149.38,149.06,149.23,3369.0
2026-07-03 13:40:00+05:30,149.2,149.32,149.11,149.15,1949.0
2026-07-03 13:45:00+05:30,149.15,149.37,149.01,149.3,3366.0
2026-07-03 13:50:00+05:30,149.3,149.38,149.1,149.29,4964.0
2026-07-03 13:55:00+05:30,149.3,149.4,149.25,149.26,3851.0
2026-07-03 14:00:00+05:30,149.33,149.36,149.2,149.36,2748.0
2026-07-03 14:05:00+05:30,149.32,149.34,149.0,149.21,15061.0
2026-07-03 14:10:00+05:30,149.16,149.33,149.01,149.3,16847.0
2026-07-03 14:15:00+05:30,149.3,149.3,149.12,149.25,2834.0
2026-07-03 14:20:00+05:30,149.14,149.25,149.06,149.13,17624.0
2026-07-03 14:25:00+05:30,149.18,149.23,149.08,149.13,2552.0
2026-07-03 14:30:00+05:30,149.13,149.3,149.1,149.3,1302.0
2026-07-03 14:35:00+05:30,149.3,149.3,148.9,149.15,30664.0
2026-07-03 14:40:00+05:30,149.22,149.26,149.04,149.26,6901.0
2026-07-03 14:45:00+05:30,149.29,149.48,149.2,149.47,5929.0
2026-07-03 14:50:00+05:30,149.46,149.49,149.35,149.47,4080.0
2026-07-03 14:55:00+05:30,149.49,149.49,149.18,149.18,17185.0
2026-07-03 15:00:00+05:30,149.18,149.61,149.18,149.49,28577.0
2026-07-03 15:05:00+05:30,149.44,149.67,149.3,149.63,12745.0
2026-07-03 15:10:00+05:30,149.54,149.63,149.4,149.53,19152.0
2026-07-03 15:15:00+05:30,149.53,149.69,149.22,149.49,39070.0
2026-07-03 15:20:00+05:30,149.49,149.49,149.31,149.48,18418.0
2026-07-03 15:25:00+05:30,149.47,149.69,149.45,149.67,45530.0
2026-07-06 09:15:00+05:30,149.51,150.2,148.6,149.06,81431.0
2026-07-06 09:20:00+05:30,149.06,149.06,148.34,148.5,30704.0
2026-07-06 09:25:00+05:30,148.5,148.88,148.3,148.69,25755.0
2026-07-06 09:30:00+05:30,148.81,148.92,148.55,148.77,24909.0
2026-07-06 09:35:00+05:30,148.87,148.88,148.36,148.6,18445.0
2026-07-06 09:40:00+05:30,148.6,148.74,148.46,148.63,18509.0
2026-07-06 09:45:00+05:30,148.61,148.94,148.59,148.79,5513.0
2026-07-06 09:50:00+05:30,148.79,148.79,148.46,148.59,12083.0
2026-07-06 09:55:00+05:30,148.62,148.62,148.41,148.56,10457.0
2026-07-06 10:00:00+05:30,148.44,148.59,148.44,148.59,5353.0
2026-07-06 10:05:00+05:30,148.58,148.59,148.47,148.59,7239.0
2026-07-06 10:10:00+05:30,148.59,148.69,148.4,148.5,12708.0
2026-07-06 10:15:00+05:30,148.44,148.82,148.44,148.8,7335.0
2026-07-06 10:20:00+05:30,148.8,149.0,148.75,148.87,5580.0
2026-07-06 10:25:00+05:30,148.97,149.09,148.91,148.91,8565.0
2026-07-06 10:30:00+05:30,149.01,149.07,148.8,148.88,3828.0
2026-07-06 10:35:00+05:30,148.88,148.88,148.75,148.79,3845.0
2026-07-06 10:40:00+05:30,148.81,149.02,148.7,149.0,8717.0
2026-07-06 10:45:00+05:30,148.89,149.14,148.89,149.08,1277.0
2026-07-06 10:50:00+05:30,149.07,149.07,148.75,148.84,5470.0
2026-07-06 10:55:00+05:30,148.8,148.8,148.45,148.64,82380.0
2026-07-06 11:00:00+05:30,148.72,148.94,148.57,148.94,11125.0
2026-07-06 11:05:00+05:30,148.95,149.02,148.8,148.9,4947.0
2026-07-06 11:10:00+05:30,148.9,148.9,148.67,148.89,2968.0
2026-07-06 11:15:00+05:30,148.74,148.85,148.44,148.55,16680.0
2026-07-06 11:20:00+05:30,148.57,148.73,148.55,148.64,1521.0
2026-07-06 11:25:00+05:30,148.72,148.83,148.51,148.62,8779.0
2026-07-06 11:30:00+05:30,148.64,148.89,148.54,148.55,7095.0
2026-07-06 11:35:00+05:30,148.54,148.73,148.52,148.73,5099.0
2026-07-06 11:40:00+05:30,148.7,148.83,148.6,148.77,2186.0
2026-07-06 11:45:00+05:30,148.71,149.0,148.65,148.96,4010.0
2026-07-06 11:50:00+05:30,148.91,148.98,148.73,148.83,7726.0
2026-07-06 11:55:00+05:30,148.89,148.91,148.73,148.9,3117.0
2026-07-06 12:00:00+05:30,148.89,148.9,148.73,148.8,2185.0
2026-07-06 12:05:00+05:30,148.76,148.99,148.73,148.83,2699.0
2026-07-06 12:10:00+05:30,148.83,149.09,148.73,148.99,6615.0
2026-07-06 12:15:00+05:30,149.0,149.08,148.8,148.96,5991.0
2026-07-06 12:20:00+05:30,148.95,149.04,148.7,148.72,4300.0
2026-07-06 12:25:00+05:30,148.71,148.79,148.65,148.7,1908.0
2026-07-06 12:30:00+05:30,148.69,148.89,148.62,148.89,7142.0
2026-07-06 12:35:00+05:30,148.84,148.89,148.78,148.86,2568.0
2026-07-06 12:40:00+05:30,148.84,148.91,148.69,148.7,4086.0
2026-07-06 12:45:00+05:30,148.65,148.71,148.62,148.7,1973.0
2026-07-06 12:50:00+05:30,148.65,148.7,148.51,148.64,4748.0
2026-07-06 12:55:00+05:30,148.58,148.67,148.41,148.5,9150.0
2026-07-06 13:00:00+05:30,148.53,148.69,148.47,148.69,3277.0
2026-07-06 13:05:00+05:30,148.69,148.77,148.54,148.77,2527.0
2026-07-06 13:10:00+05:30,148.71,148.83,148.6,148.76,1462.0
2026-07-06 13:15:00+05:30,148.7,149.7,148.63,149.64,25242.0
2026-07-06 13:20:00+05:30,149.64,150.0,149.52,149.94,29673.0
2026-07-06 13:25:00+05:30,149.82,150.0,149.69,149.9,17148.0
2026-07-06 13:30:00+05:30,149.9,149.95,149.57,149.69,13296.0
2026-07-06 13:35:00+05:30,149.69,149.85,149.57,149.68,8473.0
2026-07-06 13:40:00+05:30,149.67,149.89,149.6,149.8,12936.0
2026-07-06 13:45:00+05:30,149.8,149.95,149.65,149.8,9010.0
2026-07-06 13:50:00+05:30,149.8,149.8,149.57,149.73,3779.0
2026-07-06 13:55:00+05:30,149.72,149.8,149.68,149.76,2074.0
2026-07-06 14:00:00+05:30,149.76,149.95,149.7,149.95,13636.0
2026-07-06 14:05:00+05:30,149.82,149.93,149.59,149.65,16495.0
2026-07-06 14:10:00+05:30,149.65,149.89,149.59,149.89,7503.0
2026-07-06 14:15:00+05:30,149.89,149.89,149.67,149.75,7023.0
2026-07-06 14:20:00+05:30,149.75,149.8,149.41,149.51,17998.0
2026-07-06 14:25:00+05:30,149.5,149.8,149.38,149.76,8903.0
2026-07-06 14:30:00+05:30,149.78,149.78,149.57,149.69,4734.0
2026-07-06 14:35:00+05:30,149.69,149.72,149.54,149.66,1102.0
2026-07-06 14:40:00+05:30,149.66,149.75,149.51,149.73,37192.0
2026-07-06 14:45:00+05:30,149.7,149.73,149.46,149.64,6063.0
2026-07-06 14:50:00+05:30,149.64,149.7,149.53,149.68,4269.0
2026-07-06 14:55:00+05:30,149.58,149.95,149.55,149.83,20508.0
2026-07-06 15:00:00+05:30,149.89,150.28,149.76,149.83,39161.0
2026-07-06 15:05:00+05:30,149.84,151.0,149.72,150.67,111583.0
2026-07-06 15:10:00+05:30,150.67,150.99,150.3,150.76,53254.0
2026-07-06 15:15:00+05:30,150.76,150.76,150.41,150.48,33186.0
2026-07-06 15:20:00+05:30,150.48,150.48,150.31,150.39,26423.0
2026-07-06 15:25:00+05:30,150.4,150.5,150.0,150.0,41872.0
2026-07-07 09:15:00+05:30,150.0,151.5,149.53,151.46,63606.0
2026-07-07 09:20:00+05:30,151.45,152.8,151.23,152.36,185430.0
2026-07-07 09:25:00+05:30,152.37,152.53,151.7,152.42,42106.0
2026-07-07 09:30:00+05:30,152.33,152.35,151.76,152.09,35075.0
2026-07-07 09:35:00+05:30,152.09,152.24,151.79,151.93,36514.0
2026-07-07 09:40:00+05:30,151.93,152.21,151.78,152.09,23339.0
2026-07-07 09:45:00+05:30,152.16,152.21,151.15,151.64,91192.0
2026-07-07 09:50:00+05:30,151.36,151.71,151.18,151.34,36630.0
2026-07-07 09:55:00+05:30,151.33,151.48,151.22,151.39,20396.0
2026-07-07 10:00:00+05:30,151.4,151.59,151.13,151.26,18525.0
2026-07-07 10:05:00+05:30,151.23,151.5,151.11,151.38,14582.0
2026-07-07 10:10:00+05:30,151.38,151.39,151.07,151.24,7913.0
2026-07-07 10:15:00+05:30,151.1,151.4,151.02,151.27,20069.0
2026-07-07 10:20:00+05:30,151.18,151.33,151.08,151.21,18473.0
2026-07-07 10:25:00+05:30,151.2,151.3,150.87,150.97,15611.0
2026-07-07 10:30:00+05:30,150.95,151.13,150.6,150.95,37140.0
2026-07-07 10:35:00+05:30,150.93,151.11,150.63,151.01,33721.0
2026-07-07 10:40:00+05:30,151.01,151.05,150.61,150.62,8825.0
2026-07-07 10:45:00+05:30,150.6,150.84,150.6,150.81,20709.0
2026-07-07 10:50:00+05:30,150.81,150.81,150.45,150.56,40788.0
2026-07-07 10:55:00+05:30,150.54,150.61,150.3,150.48,16527.0
2026-07-07 11:00:00+05:30,150.49,150.71,150.49,150.67,6445.0
2026-07-07 11:05:00+05:30,150.7,150.73,150.37,150.5,11498.0
2026-07-07 11:10:00+05:30,150.5,150.69,150.4,150.63,11947.0
2026-07-07 11:15:00+05:30,150.68,150.74,150.11,150.36,19188.0
2026-07-07 11:20:00+05:30,150.36,150.56,150.24,150.41,12407.0
2026-07-07 11:25:00+05:30,150.41,150.48,150.3,150.44,4725.0
2026-07-07 11:30:00+05:30,150.43,150.7,149.68,149.85,68341.0
2026-07-07 11:35:00+05:30,149.75,149.86,148.8,148.9,54735.0
2026-07-07 11:40:00+05:30,148.9,149.12,148.9,149.1,11244.0
2026-07-07 11:45:00+05:30,149.01,149.15,148.82,149.03,18579.0
2026-07-07 11:50:00+05:30,149.12,149.19,149.03,149.12,8577.0
2026-07-07 11:55:00+05:30,149.06,149.19,148.91,149.08,12758.0
2026-07-07 12:00:00+05:30,149.0,149.16,149.0,149.06,5965.0
2026-07-07 12:05:00+05:30,149.06,149.11,148.92,149.0,11618.0
2026-07-07 12:10:00+05:30,149.0,149.0,148.5,148.59,19692.0
2026-07-07 12:15:00+05:30,148.71,148.74,148.59,148.74,9063.0
2026-07-07 12:20:00+05:30,148.75,148.92,148.6,148.84,18584.0
2026-07-07 12:25:00+05:30,148.84,148.98,148.61,148.94,13961.0
2026-07-07 12:30:00+05:30,148.94,148.94,148.6,148.66,10797.0
2026-07-07 12:35:00+05:30,148.67,148.67,148.33,148.66,10963.0
2026-07-07 12:40:00+05:30,148.66,148.92,148.56,148.88,4680.0
2026-07-07 12:45:00+05:30,148.9,148.9,148.56,148.65,13971.0
2026-07-07 12:50:00+05:30,148.61,148.75,148.5,148.59,8825.0
2026-07-07 12:55:00+05:30,148.6,148.85,148.46,148.78,13387.0
2026-07-07 13:00:00+05:30,148.87,148.9,148.73,148.85,10282.0
2026-07-07 13:05:00+05:30,148.87,148.96,148.8,148.81,8249.0
2026-07-07 13:10:00+05:30,148.83,148.99,148.83,148.87,3269.0
2026-07-07 13:15:00+05:30,148.86,148.92,148.6,148.72,15636.0
2026-07-07 13:20:00+05:30,148.73,148.78,148.6,148.69,2087.0
2026-07-07 13:25:00+05:30,148.8,149.0,148.69,149.0,3378.0
2026-07-07 13:30:00+05:30,149.03,149.19,149.0,149.0,3771.0
2026-07-07 13:35:00+05:30,149.11,149.11,149.03,149.1,6018.0
2026-07-07 13:40:00+05:30,149.1,149.2,149.03,149.2,5009.0
2026-07-07 13:45:00+05:30,149.2,149.39,149.14,149.25,7272.0
2026-07-07 13:50:00+05:30,149.22,149.28,149.2,149.2,3950.0
2026-07-07 13:55:00+05:30,149.13,149.47,149.13,149.47,14252.0
2026-07-07 14:00:00+05:30,149.5,149.5,149.35,149.45,2182.0
2026-07-07 14:05:00+05:30,149.45,149.45,149.22,149.35,5529.0
2026-07-07 14:10:00+05:30,149.35,149.59,149.35,149.59,8490.0
2026-07-07 14:15:00+05:30,149.6,149.6,149.4,149.49,3327.0
2026-07-07 14:20:00+05:30,149.49,149.49,149.22,149.31,22106.0
2026-07-07 14:25:00+05:30,149.42,149.5,149.34,149.48,3354.0
2026-07-07 14:30:00+05:30,149.48,149.49,149.14,149.16,5439.0
2026-07-07 14:35:00+05:30,149.28,149.46,149.28,149.45,2857.0
2026-07-07 14:40:00+05:30,149.33,149.45,149.15,149.23,3943.0
2026-07-07 14:45:00+05:30,149.23,149.23,148.86,148.86,9351.0
2026-07-07 14:50:00+05:30,148.92,148.99,148.8,148.94,12092.0
2026-07-07 14:55:00+05:30,148.85,148.94,148.8,148.86,6109.0
2026-07-07 15:00:00+05:30,148.88,148.99,148.6,148.99,54346.0
2026-07-07 15:05:00+05:30,148.99,148.99,148.51,148.75,24819.0
2026-07-07 15:10:00+05:30,148.75,148.85,148.6,148.62,15826.0
2026-07-07 15:15:00+05:30,148.62,148.78,148.35,148.73,71264.0
2026-07-07 15:20:00+05:30,148.74,148.74,148.35,148.37,33865.0
2026-07-07 15:25:00+05:30,148.36,148.5,147.63,148.49,97778.0
2026-07-08 09:15:00+05:30,147.1,147.1,145.2,146.59,78549.0
2026-07-08 09:20:00+05:30,146.72,146.91,146.46,146.78,17814.0
2026-07-08 09:25:00+05:30,146.69,146.79,146.31,146.7,36321.0
2026-07-08 09:30:00+05:30,146.98,146.99,146.6,146.77,17644.0
2026-07-08 09:35:00+05:30,146.88,146.97,146.72,146.87,8392.0
2026-07-08 09:40:00+05:30,146.81,146.88,146.4,146.71,16006.0
2026-07-08 09:45:00+05:30,146.6,146.71,146.41,146.52,10104.0
2026-07-08 09:50:00+05:30,146.56,146.86,146.43,146.64,13087.0
2026-07-08 09:55:00+05:30,146.6,146.99,146.6,146.85,8748.0
2026-07-08 10:00:00+05:30,146.85,146.98,146.77,146.88,5828.0
2026-07-08 10:05:00+05:30,146.89,147.25,146.79,147.19,9351.0
2026-07-08 10:10:00+05:30,147.03,147.58,147.0,147.26,21170.0
2026-07-08 10:15:00+05:30,147.26,147.48,147.05,147.05,15338.0
2026-07-08 10:20:00+05:30,147.05,147.21,146.91,147.08,11126.0
2026-07-08 10:25:00+05:30,147.08,147.25,147.03,147.19,9539.0
2026-07-08 10:30:00+05:30,147.21,147.21,147.03,147.19,10363.0
2026-07-08 10:35:00+05:30,147.19,147.27,147.1,147.2,16070.0
2026-07-08 10:40:00+05:30,147.19,147.68,147.19,147.5,11183.0
2026-07-08 10:45:00+05:30,147.44,147.87,147.44,147.85,10356.0
2026-07-08 10:50:00+05:30,147.76,148.34,147.76,148.1,13880.0
2026-07-08 10:55:00+05:30,148.0,148.0,147.83,147.92,4993.0
2026-07-08 11:00:00+05:30,147.95,147.98,147.63,147.75,8092.0
2026-07-08 11:05:00+05:30,147.64,147.98,147.51,147.7,27757.0
2026-07-08 11:10:00+05:30,147.61,147.73,147.58,147.7,3317.0
2026-07-08 11:15:00+05:30,147.7,147.72,147.3,147.4,8182.0
2026-07-08 11:20:00+05:30,147.4,147.46,147.23,147.38,10861.0
2026-07-08 11:25:00+05:30,147.31,147.57,147.31,147.57,14343.0
2026-07-08 11:30:00+05:30,147.57,147.69,147.42,147.69,4223.0
2026-07-08 11:35:00+05:30,147.69,147.69,147.42,147.55,5287.0
2026-07-08 11:40:00+05:30,147.46,147.59,147.43,147.46,3506.0
2026-07-08 11:45:00+05:30,147.52,147.52,147.43,147.5,10555.0
2026-07-08 11:50:00+05:30,147.5,147.8,147.36,147.8,7171.0
2026-07-08 11:55:00+05:30,147.8,147.8,146.55,146.93,37613.0
2026-07-08 12:00:00+05:30,146.93,147.11,146.86,146.92,5328.0
2026-07-08 12:05:00+05:30,146.93,147.0,146.86,146.9,6295.0
2026-07-08 12:10:00+05:30,146.9,146.99,146.6,146.84,49454.0
2026-07-08 12:15:00+05:30,146.83,147.16,146.83,147.03,1092.0
2026-07-08 12:20:00+05:30,147.04,147.24,147.03,147.03,5463.0
2026-07-08 12:25:00+05:30,147.03,147.13,146.9,147.0,4532.0
2026-07-08 12:30:00+05:30,146.9,147.05,146.9,146.9,2558.0
2026-07-08 12:35:00+05:30,146.9,147.1,146.9,146.97,3597.0
2026-07-08 12:40:00+05:30,147.03,147.08,146.94,147.03,3730.0
2026-07-08 12:45:00+05:30,146.97,147.03,146.87,146.96,1920.0
2026-07-08 12:50:00+05:30,146.96,147.03,146.8,147.03,5118.0
2026-07-08 12:55:00+05:30,146.96,147.41,146.96,147.26,6312.0
2026-07-08 13:00:00+05:30,147.39,147.43,147.26,147.43,2525.0
2026-07-08 13:05:00+05:30,147.34,147.55,147.34,147.43,3033.0
2026-07-08 13:10:00+05:30,147.42,147.43,147.3,147.3,3477.0
2026-07-08 13:15:00+05:30,147.3,147.39,147.11,147.2,6576.0
2026-07-08 13:20:00+05:30,147.2,147.4,147.2,147.3,2204.0
2026-07-08 13:25:00+05:30,147.2,147.43,147.17,147.32,11604.0
2026-07-08 13:30:00+05:30,147.43,147.68,147.34,147.63,2448.0
2026-07-08 13:35:00+05:30,147.68,147.68,147.49,147.6,6441.0
2026-07-08 13:40:00+05:30,147.49,147.59,147.36,147.45,4502.0
2026-07-08 13:45:00+05:30,147.56,147.6,146.95,146.95,14188.0
2026-07-08 13:50:00+05:30,146.85,146.94,146.23,146.23,33868.0
2026-07-08 13:55:00+05:30,146.2,146.29,145.1,145.33,102829.0
2026-07-08 14:00:00+05:30,145.47,145.47,144.55,144.55,92054.0
2026-07-08 14:05:00+05:30,144.55,144.62,143.55,144.09,142747.0
2026-07-08 14:10:00+05:30,144.1,144.2,143.65,143.86,42615.0
2026-07-08 14:15:00+05:30,143.84,144.51,143.51,144.0,70731.0
2026-07-08 14:20:00+05:30,143.9,144.22,143.9,144.1,11345.0
2026-07-08 14:25:00+05:30,144.0,144.2,143.6,143.73,22455.0
2026-07-08 14:30:00+05:30,143.73,144.0,143.3,143.61,50945.0
2026-07-08 14:35:00+05:30,143.73,143.76,143.4,143.5,18901.0
2026-07-08 14:40:00+05:30,143.5,143.75,143.49,143.69,14992.0
2026-07-08 14:45:00+05:30,143.58,143.89,143.38,143.8,31047.0
2026-07-08 14:50:00+05:30,143.73,143.88,143.4,143.8,17277.0
2026-07-08 14:55:00+05:30,143.69,143.99,143.31,143.56,42963.0
2026-07-08 15:00:00+05:30,143.55,143.99,143.41,143.58,54146.0
2026-07-08 15:05:00+05:30,143.58,143.78,143.43,143.56,41272.0
2026-07-08 15:10:00+05:30,143.62,143.9,143.45,143.9,60348.0
2026-07-08 15:15:00+05:30,143.9,144.24,143.84,144.07,31762.0
2026-07-08 15:20:00+05:30,144.07,144.4,144.05,144.15,37734.0
2026-07-08 15:25:00+05:30,144.2,144.44,143.81,144.3,61607.0
2026-07-09 09:15:00+05:30,144.0,145.06,142.53,144.46,39177.0
2026-07-09 09:20:00+05:30,144.47,145.0,144.08,144.84,36481.0
2026-07-09 09:25:00+05:30,144.82,145.3,144.61,145.3,12472.0
2026-07-09 09:30:00+05:30,145.3,145.56,144.82,145.04,30166.0
2026-07-09 09:35:00+05:30,145.19,145.27,144.69,144.69,14458.0
2026-07-09 09:40:00+05:30,144.66,144.92,144.51,144.76,53188.0
2026-07-09 09:45:00+05:30,144.9,145.19,144.76,145.12,7954.0
2026-07-09 09:50:00+05:30,145.12,145.12,144.67,144.91,8179.0
2026-07-09 09:55:00+05:30,144.8,144.96,144.67,144.76,5204.0
2026-07-09 10:00:00+05:30,144.91,145.68,144.71,145.36,80053.0
2026-07-09 10:05:00+05:30,145.46,145.49,145.08,145.27,25368.0
2026-07-09 10:10:00+05:30,145.29,145.35,144.97,145.25,23545.0
2026-07-09 10:15:00+05:30,145.21,145.24,144.75,144.81,44768.0
2026-07-09 10:20:00+05:30,144.81,144.87,144.66,144.7,8204.0
2026-07-09 10:25:00+05:30,144.7,144.7,144.27,144.39,30431.0
2026-07-09 10:30:00+05:30,144.37,145.04,144.2,145.02,23533.0
2026-07-09 10:35:00+05:30,145.16,145.38,144.9,145.21,44190.0
2026-07-09 10:40:00+05:30,145.38,145.75,145.21,145.32,7821.0
2026-07-09 10:45:00+05:30,145.43,145.52,145.03,145.03,13185.0
2026-07-09 10:50:00+05:30,145.01,145.21,145.01,145.21,4172.0
2026-07-09 10:55:00+05:30,145.15,145.21,145.0,145.0,6439.0
2026-07-09 11:00:00+05:30,145.01,145.09,144.61,145.0,51191.0
2026-07-09 11:05:00+05:30,145.01,145.05,145.0,145.0,4463.0
2026-07-09 11:10:00+05:30,145.05,145.38,145.05,145.1,16813.0
2026-07-09 11:15:00+05:30,145.21,145.21,145.05,145.15,5073.0
2026-07-09 11:20:00+05:30,145.15,145.18,145.02,145.11,5807.0
2026-07-09 11:25:00+05:30,145.01,145.31,145.01,145.16,3678.0
2026-07-09 11:30:00+05:30,145.27,145.31,145.11,145.2,2882.0
2026-07-09 11:35:00+05:30,145.19,145.22,145.06,145.18,2922.0
2026-07-09 11:40:00+05:30,145.07,145.25,145.07,145.2,8012.0
2026-07-09 11:45:00+05:30,145.2,145.27,145.09,145.22,1753.0
2026-07-09 11:50:00+05:30,145.21,145.32,145.1,145.32,3898.0
2026-07-09 11:55:00+05:30,145.13,145.21,145.01,145.13,11946.0
2026-07-09 12:00:00+05:30,145.16,145.39,145.16,145.39,4511.0
2026-07-09 12:05:00+05:30,145.44,145.5,145.31,145.49,6367.0
2026-07-09 12:10:00+05:30,145.49,145.49,145.26,145.38,3409.0
2026-07-09 12:15:00+05:30,145.38,145.38,145.26,145.37,2815.0
2026-07-09 12:20:00+05:30,145.38,145.38,145.31,145.38,746.0
2026-07-09 12:25:00+05:30,145.38,145.38,145.1,145.22,11361.0
2026-07-09 12:30:00+05:30,145.22,145.32,145.08,145.14,7140.0
2026-07-09 12:35:00+05:30,145.14,145.22,145.14,145.17,2449.0
2026-07-09 12:40:00+05:30,145.18,145.18,145.0,145.04,9527.0
2026-07-09 12:45:00+05:30,145.04,145.16,145.03,145.04,2337.0
2026-07-09 12:50:00+05:30,145.13,145.15,145.03,145.05,2220.0
2026-07-09 12:55:00+05:30,145.05,145.15,145.05,145.1,1102.0
2026-07-09 13:00:00+05:30,145.15,145.22,145.05,145.07,3906.0
2026-07-09 13:05:00+05:30,145.07,145.22,145.07,145.09,3591.0
2026-07-09 13:10:00+05:30,145.09,145.2,145.09,145.1,2549.0
2026-07-09 13:15:00+05:30,145.1,145.19,145.07,145.1,2859.0
2026-07-09 13:20:00+05:30,145.17,145.22,145.07,145.1,5923.0
2026-07-09 13:25:00+05:30,145.1,145.2,145.05,145.2,7549.0
2026-07-09 13:30:00+05:30,145.11,145.33,145.11,145.33,4051.0
2026-07-09 13:35:00+05:30,145.33,145.49,145.33,145.49,10644.0
2026-07-09 13:40:00+05:30,145.49,145.5,145.21,145.33,13163.0
2026-07-09 13:45:00+05:30,145.38,145.4,145.22,145.38,6690.0
2026-07-09 13:50:00+05:30,145.3,145.4,145.3,145.31,3533.0
2026-07-09 13:55:00+05:30,145.39,145.4,145.21,145.22,6936.0
2026-07-09 14:00:00+05:30,145.29,145.38,145.23,145.34,990.0
2026-07-09 14:05:00+05:30,145.34,145.39,145.25,145.35,972.0
2026-07-09 14:10:00+05:30,145.35,145.44,145.19,145.33,19647.0
2026-07-09 14:15:00+05:30,144.95,144.97,144.8,144.9,50242.0
2026-07-09 14:20:00+05:30,144.97,144.97,143.94,144.41,161713.0
2026-07-09 14:25:00+05:30,144.33,144.77,143.99,144.62,188022.0
2026-07-09 14:30:00+05:30,144.75,144.88,144.25,144.46,79153.0
2026-07-09 14:35:00+05:30,144.37,144.37,143.85,144.09,36342.0
2026-07-09 14:40:00+05:30,144.1,144.1,143.75,143.85,18283.0
2026-07-09 14:45:00+05:30,143.86,143.88,143.41,143.56,31907.0
2026-07-09 14:50:00+05:30,143.58,143.8,143.5,143.7,19826.0
2026-07-09 14:55:00+05:30,143.79,143.99,143.55,143.89,48076.0
2026-07-09 15:00:00+05:30,143.89,143.97,143.41,143.49,69980.0
2026-07-09 15:05:00+05:30,143.49,143.49,143.05,143.4,82908.0
2026-07-09 15:10:00+05:30,143.4,143.4,142.95,142.97,68594.0
2026-07-09 15:15:00+05:30,142.96,143.34,142.73,142.86,94546.0
2026-07-09 15:20:00+05:30,142.87,142.99,142.75,142.78,70300.0
2026-07-09 15:25:00+05:30,142.78,143.39,142.5,143.1,115256.0
2026-07-10 09:15:00+05:30,144.12,145.9,143.42,144.22,123871.0
2026-07-10 09:20:00+05:30,144.22,144.67,144.03,144.35,68195.0
2026-07-10 09:25:00+05:30,144.16,144.45,144.01,144.44,29513.0
2026-07-10 09:30:00+05:30,144.44,144.61,144.0,144.52,63066.0
2026-07-10 09:35:00+05:30,144.61,144.61,144.1,144.24,36831.0
2026-07-10 09:40:00+05:30,144.36,144.7,144.2,144.7,32589.0
2026-07-10 09:45:00+05:30,144.7,144.73,144.32,144.35,19977.0
2026-07-10 09:50:00+05:30,144.31,144.69,144.15,144.68,36677.0
2026-07-10 09:55:00+05:30,144.67,144.7,144.32,144.47,11725.0
2026-07-10 10:00:00+05:30,144.53,145.6,144.39,145.49,74438.0
2026-07-10 10:05:00+05:30,145.63,146.26,145.52,146.1,60653.0
2026-07-10 10:10:00+05:30,146.05,146.1,145.75,145.81,23611.0
2026-07-10 10:15:00+05:30,145.9,145.9,144.9,145.1,75972.0
2026-07-10 10:20:00+05:30,145.1,145.3,145.1,145.3,12347.0
2026-07-10 10:25:00+05:30,145.25,145.47,145.01,145.35,24036.0
2026-07-10 10:30:00+05:30,145.41,145.41,145.03,145.22,8235.0
2026-07-10 10:35:00+05:30,145.15,145.37,145.1,145.1,12187.0
2026-07-10 10:40:00+05:30,145.16,145.35,145.04,145.35,8490.0
2026-07-10 10:45:00+05:30,145.35,145.36,145.17,145.3,4270.0
2026-07-10 10:50:00+05:30,145.3,145.37,145.18,145.29,4183.0
2026-07-10 10:55:00+05:30,145.27,145.5,145.25,145.34,8198.0
2026-07-10 11:00:00+05:30,145.42,145.47,145.23,145.39,7721.0
2026-07-10 11:05:00+05:30,145.39,145.39,145.11,145.21,5966.0
2026-07-10 11:10:00+05:30,145.13,145.21,145.0,145.0,8010.0
2026-07-10 11:15:00+05:30,145.0,145.13,144.9,144.9,9177.0
2026-07-10 11:20:00+05:30,144.9,145.06,144.86,145.01,5679.0
2026-07-10 11:25:00+05:30,145.01,145.14,144.91,144.91,3118.0
2026-07-10 11:30:00+05:30,144.91,145.0,144.87,144.97,2979.0
2026-07-10 11:35:00+05:30,144.98,144.98,144.7,144.73,8873.0
2026-07-10 11:40:00+05:30,144.69,144.78,144.45,144.53,24377.0
2026-07-10 11:45:00+05:30,144.46,144.62,144.46,144.6,7002.0
2026-07-10 11:50:00+05:30,144.6,144.67,144.37,144.5,24776.0
2026-07-10 11:55:00+05:30,144.51,144.69,144.51,144.55,7321.0
2026-07-10 12:00:00+05:30,144.58,144.65,144.36,144.65,10211.0
2026-07-10 12:05:00+05:30,144.66,144.69,144.4,144.6,9263.0
2026-07-10 12:10:00+05:30,144.59,144.59,144.46,144.48,6966.0
2026-07-10 12:15:00+05:30,144.53,145.76,144.41,145.65,92561.0
2026-07-10 12:20:00+05:30,145.5,146.25,145.5,146.1,53396.0
2026-07-10 12:25:00+05:30,146.14,146.14,145.8,145.9,10663.0
2026-07-10 12:30:00+05:30,145.9,146.13,145.77,146.0,20129.0
2026-07-10 12:35:00+05:30,146.03,146.09,145.81,145.82,8355.0
2026-07-10 12:40:00+05:30,145.88,145.93,145.6,145.82,20892.0
2026-07-10 12:45:00+05:30,145.81,145.81,145.6,145.73,16512.0
2026-07-10 12:50:00+05:30,145.73,145.89,145.5,145.77,15118.0
2026-07-10 12:55:00+05:30,145.77,145.84,145.33,145.65,11171.0
2026-07-10 13:00:00+05:30,145.71,145.73,145.47,145.69,10288.0
2026-07-10 13:05:00+05:30,145.69,145.89,145.62,145.84,4665.0
2026-07-10 13:10:00+05:30,145.83,145.85,145.52,145.74,26314.0
2026-07-10 13:15:00+05:30,145.66,145.7,145.43,145.6,24302.0
2026-07-10 13:20:00+05:30,145.59,145.59,144.95,145.1,22602.0
2026-07-10 13:25:00+05:30,145.11,145.27,145.0,145.17,9781.0
2026-07-10 13:30:00+05:30,145.2,145.68,145.17,145.49,26690.0
2026-07-10 13:35:00+05:30,145.49,145.88,145.43,145.66,29004.0
2026-07-10 13:40:00+05:30,145.52,145.9,145.42,145.9,22577.0
2026-07-10 13:45:00+05:30,145.8,146.19,145.64,145.93,46835.0
2026-07-10 13:50:00+05:30,145.94,146.07,145.74,145.94,25716.0
2026-07-10 13:55:00+05:30,145.94,146.0,145.59,145.91,28736.0
2026-07-10 14:00:00+05:30,145.91,146.11,145.65,146.1,37510.0
2026-07-10 14:05:00+05:30,145.92,146.39,145.9,146.39,38758.0
2026-07-10 14:10:00+05:30,146.34,146.88,146.1,146.4,97535.0
2026-07-10 14:15:00+05:30,146.35,146.78,146.23,146.78,30467.0
2026-07-10 14:20:00+05:30,146.8,146.8,146.34,146.57,31760.0
2026-07-10 14:25:00+05:30,146.78,147.48,146.78,147.15,210784.0
2026-07-10 14:30:00+05:30,147.15,147.19,146.85,146.98,35160.0
2026-07-10 14:35:00+05:30,146.95,147.08,146.82,146.93,58302.0
2026-07-10 14:40:00+05:30,146.81,147.11,146.73,146.92,39886.0
2026-07-10 14:45:00+05:30,146.86,147.02,146.44,146.47,51281.0
2026-07-10 14:50:00+05:30,146.41,146.51,146.11,146.46,31643.0
2026-07-10 14:55:00+05:30,146.49,146.49,146.02,146.03,36329.0
2026-07-10 15:00:00+05:30,146.12,146.38,145.8,145.8,45506.0
2026-07-10 15:05:00+05:30,145.87,145.88,145.69,145.71,24767.0
2026-07-10 15:10:00+05:30,145.75,145.75,145.4,145.5,38279.0
2026-07-10 15:15:00+05:30,145.55,145.99,145.31,145.53,70969.0
2026-07-10 15:20:00+05:30,145.53,145.98,145.48,145.9,49921.0
2026-07-10 15:25:00+05:30,145.81,146.0,145.51,145.51,52745.0
2026-07-13 09:15:00+05:30,145.0,145.0,143.13,144.18,49733.0
2026-07-13 09:20:00+05:30,144.17,144.75,144.14,144.56,16724.0
2026-07-13 09:25:00+05:30,144.65,145.48,144.58,144.91,71173.0
2026-07-13 09:30:00+05:30,144.89,144.89,144.51,144.62,13650.0
2026-07-13 09:35:00+05:30,144.49,144.58,144.31,144.51,19780.0
2026-07-13 09:40:00+05:30,144.58,144.58,144.0,144.41,49104.0
2026-07-13 09:45:00+05:30,144.47,144.5,144.19,144.34,10870.0
2026-07-13 09:50:00+05:30,144.3,144.53,144.3,144.42,6736.0
2026-07-13 09:55:00+05:30,144.42,144.63,143.84,143.98,63702.0
2026-07-13 10:00:00+05:30,143.98,144.09,143.8,144.08,70174.0
2026-07-13 10:05:00+05:30,144.21,144.35,144.1,144.34,8474.0
2026-07-13 10:10:00+05:30,144.35,144.35,144.09,144.16,15357.0
2026-07-13 10:15:00+05:30,144.16,144.57,144.16,144.35,14637.0
2026-07-13 10:20:00+05:30,144.3,144.5,144.15,144.45,6977.0
2026-07-13 10:25:00+05:30,144.45,144.5,144.19,144.48,29927.0
2026-07-13 10:30:00+05:30,144.37,144.75,144.3,144.61,22363.0
2026-07-13 10:35:00+05:30,144.61,144.66,144.52,144.57,3495.0
2026-07-13 10:40:00+05:30,144.57,144.7,144.27,144.3,39210.0
2026-07-13 10:45:00+05:30,144.3,144.3,144.2,144.25,5335.0
2026-07-13 10:50:00+05:30,144.25,144.3,144.05,144.05,16760.0
2026-07-13 10:55:00+05:30,144.12,144.29,144.05,144.22,8421.0
2026-07-13 11:00:00+05:30,144.11,144.26,144.11,144.2,3180.0
2026-07-13 11:05:00+05:30,144.13,144.3,144.11,144.12,6625.0
2026-07-13 11:10:00+05:30,144.12,144.29,144.06,144.13,6365.0
2026-07-13 11:15:00+05:30,144.13,144.44,144.11,144.16,10347.0
2026-07-13 11:20:00+05:30,144.16,144.26,143.75,143.77,31098.0
2026-07-13 11:25:00+05:30,143.77,144.04,143.77,143.88,8915.0
2026-07-13 11:30:00+05:30,143.89,143.97,143.7,143.91,19143.0
2026-07-13 11:35:00+05:30,143.91,144.03,143.83,143.98,2206.0
2026-07-13 11:40:00+05:30,143.99,144.03,143.91,143.94,6586.0
2026-07-13 11:45:00+05:30,143.94,144.09,143.85,143.97,16872.0
2026-07-13 11:50:00+05:30,143.92,144.06,143.82,143.85,8855.0
2026-07-13 11:55:00+05:30,143.85,143.96,143.7,143.72,10630.0
2026-07-13 12:00:00+05:30,143.82,144.06,143.72,144.06,3879.0
2026-07-13 12:05:00+05:30,143.97,144.21,143.85,144.13,22133.0
2026-07-13 12:10:00+05:30,144.13,144.56,144.13,144.43,31306.0
2026-07-13 12:15:00+05:30,144.39,144.49,144.3,144.35,3906.0
2026-07-13 12:20:00+05:30,144.35,144.47,144.29,144.33,8305.0
2026-07-13 12:25:00+05:30,144.28,144.49,144.26,144.36,5049.0
2026-07-13 12:30:00+05:30,144.36,144.42,144.2,144.26,4652.0
2026-07-13 12:35:00+05:30,144.26,144.4,144.26,144.4,2816.0
2026-07-13 12:40:00+05:30,144.32,144.4,144.22,144.31,4344.0
2026-07-13 12:45:00+05:30,144.31,144.52,144.21,144.46,16290.0
2026-07-13 12:50:00+05:30,144.46,144.75,144.42,144.67,11592.0
2026-07-13 12:55:00+05:30,144.68,144.79,144.6,144.6,8145.0
2026-07-13 13:00:00+05:30,144.55,144.68,144.55,144.68,1862.0
2026-07-13 13:05:00+05:30,144.65,144.8,144.51,144.61,10633.0
2026-07-13 13:10:00+05:30,144.5,144.6,144.34,144.37,15816.0
2026-07-13 13:15:00+05:30,144.37,144.53,144.31,144.53,6805.0
2026-07-13 13:20:00+05:30,144.48,144.58,144.21,144.38,5212.0
2026-07-13 13:25:00+05:30,144.25,144.38,144.1,144.19,5429.0
2026-07-13 13:30:00+05:30,144.2,144.45,144.11,144.45,6094.0
2026-07-13 13:35:00+05:30,144.37,144.49,144.35,144.47,2404.0
2026-07-13 13:40:00+05:30,144.4,144.47,144.32,144.42,3822.0
2026-07-13 13:45:00+05:30,144.31,144.57,144.3,144.46,7763.0
2026-07-13 13:50:00+05:30,144.41,144.56,144.33,144.51,5030.0
2026-07-13 13:55:00+05:30,144.4,144.51,144.39,144.48,3110.0
2026-07-13 14:00:00+05:30,144.4,144.67,144.4,144.6,4611.0
2026-07-13 14:05:00+05:30,144.53,144.66,144.47,144.59,5375.0
2026-07-13 14:10:00+05:30,144.59,144.75,144.32,144.61,30470.0
2026-07-13 14:15:00+05:30,144.5,144.67,144.5,144.64,5799.0
2026-07-13 14:20:00+05:30,144.56,144.65,144.27,144.6,17690.0
2026-07-13 14:25:00+05:30,144.6,144.65,144.55,144.57,5785.0
2026-07-13 14:30:00+05:30,144.56,144.72,144.56,144.66,8359.0
2026-07-13 14:35:00+05:30,144.67,144.67,144.56,144.56,3525.0
2026-07-13 14:40:00+05:30,144.56,144.64,144.55,144.56,2897.0
2026-07-13 14:45:00+05:30,144.62,144.67,144.55,144.67,10647.0
2026-07-13 14:50:00+05:30,144.67,144.79,144.36,144.79,28717.0
2026-07-13 14:55:00+05:30,144.74,144.95,144.31,144.38,42195.0
2026-07-13 15:00:00+05:30,144.38,144.48,144.31,144.4,23782.0
2026-07-13 15:05:00+05:30,144.4,144.4,144.26,144.31,40848.0
2026-07-13 15:10:00+05:30,144.29,144.4,144.26,144.36,26057.0
2026-07-13 15:15:00+05:30,144.4,144.4,144.33,144.4,16427.0
2026-07-13 15:20:00+05:30,144.4,144.7,144.39,144.69,36115.0
2026-07-13 15:25:00+05:30,144.69,144.8,144.1,144.5,55098.0
2026-07-14 09:15:00+05:30,143.0,143.9,142.6,143.37,82984.0
2026-07-14 09:20:00+05:30,143.2,143.71,143.2,143.35,34205.0
2026-07-14 09:25:00+05:30,143.43,143.69,143.32,143.46,15587.0
2026-07-14 09:30:00+05:30,143.43,143.61,143.34,143.61,8981.0
2026-07-14 09:35:00+05:30,143.65,143.7,143.25,143.38,26314.0
2026-07-14 09:40:00+05:30,143.27,143.3,142.83,143.07,53605.0
2026-07-14 09:45:00+05:30,143.07,143.07,142.83,142.98,16355.0
2026-07-14 09:50:00+05:30,142.89,142.97,142.65,142.67,26858.0
2026-07-14 09:55:00+05:30,142.73,142.89,142.69,142.8,8711.0
2026-07-14 10:00:00+05:30,142.79,142.88,142.51,142.69,35181.0
2026-07-14 10:05:00+05:30,142.8,142.89,142.68,142.71,19956.0
2026-07-14 10:10:00+05:30,142.71,142.77,142.45,142.52,44193.0
2026-07-14 10:15:00+05:30,142.5,142.58,142.3,142.4,37890.0
2026-07-14 10:20:00+05:30,142.43,142.51,142.25,142.44,24316.0
2026-07-14 10:25:00+05:30,142.47,142.47,142.1,142.12,30597.0
2026-07-14 10:30:00+05:30,142.16,142.46,142.12,142.43,8626.0
2026-07-14 10:35:00+05:30,142.36,142.45,142.21,142.25,7626.0
2026-07-14 10:40:00+05:30,142.25,142.3,142.2,142.2,8880.0
2026-07-14 10:45:00+05:30,142.2,142.3,142.15,142.23,11264.0
2026-07-14 10:50:00+05:30,142.24,142.35,142.12,142.34,19666.0
2026-07-14 10:55:00+05:30,142.36,142.8,142.27,142.79,34261.0
2026-07-14 11:00:00+05:30,142.79,143.2,142.55,143.2,29761.0
2026-07-14 11:05:00+05:30,143.2,143.2,142.95,143.18,13452.0
2026-07-14 11:10:00+05:30,143.18,143.22,143.08,143.2,16243.0
2026-07-14 11:15:00+05:30,143.2,143.36,143.2,143.23,3451.0
2026-07-14 11:20:00+05:30,143.22,143.32,143.06,143.18,5839.0
2026-07-14 11:25:00+05:30,143.14,143.26,142.87,143.13,20630.0
2026-07-14 11:30:00+05:30,143.02,143.19,142.91,143.17,15708.0
2026-07-14 11:35:00+05:30,143.17,143.27,143.04,143.04,1799.0
2026-07-14 11:40:00+05:30,143.1,143.15,143.01,143.03,2170.0
2026-07-14 11:45:00+05:30,143.14,143.14,142.57,142.73,42435.0
2026-07-14 11:50:00+05:30,142.73,142.95,142.65,142.7,5527.0
2026-07-14 11:55:00+05:30,142.74,142.79,142.49,142.68,7371.0
2026-07-14 12:00:00+05:30,142.62,142.75,142.55,142.75,10464.0
2026-07-14 12:05:00+05:30,142.79,142.8,142.69,142.78,2767.0
2026-07-14 12:10:00+05:30,142.76,142.8,142.6,142.63,4562.0
2026-07-14 12:15:00+05:30,142.63,142.67,142.56,142.62,10708.0
2026-07-14 12:20:00+05:30,142.67,142.79,142.63,142.75,3378.0
2026-07-14 12:25:00+05:30,142.75,142.75,142.55,142.59,5554.0
2026-07-14 12:30:00+05:30,142.58,142.6,142.05,142.33,78314.0
2026-07-14 12:35:00+05:30,142.4,142.64,142.2,142.58,9373.0
2026-07-14 12:40:00+05:30,142.6,142.63,142.4,142.48,13860.0
2026-07-14 12:45:00+05:30,142.41,142.71,142.41,142.64,8683.0
2026-07-14 12:50:00+05:30,142.53,142.72,142.36,142.39,11205.0
2026-07-14 12:55:00+05:30,142.48,142.64,142.37,142.53,16497.0
2026-07-14 13:00:00+05:30,142.61,142.73,142.45,142.64,6501.0
2026-07-14 13:05:00+05:30,142.64,142.72,142.5,142.54,3270.0
2026-07-14 13:10:00+05:30,142.54,142.64,142.35,142.49,5838.0
2026-07-14 13:15:00+05:30,142.43,142.58,142.4,142.54,7599.0
2026-07-14 13:20:00+05:30,142.46,142.59,142.42,142.55,3948.0
2026-07-14 13:25:00+05:30,142.54,142.54,142.3,142.5,14597.0
2026-07-14 13:30:00+05:30,142.47,142.5,142.4,142.47,1681.0
2026-07-14 13:35:00+05:30,142.41,142.57,142.41,142.5,5074.0
2026-07-14 13:40:00+05:30,142.49,142.5,142.31,142.44,6528.0
2026-07-14 13:45:00+05:30,142.43,142.59,142.4,142.57,8536.0
2026-07-14 13:50:00+05:30,142.56,142.58,142.34,142.4,2439.0
2026-07-14 13:55:00+05:30,142.39,142.51,142.3,142.37,6465.0
2026-07-14 14:00:00+05:30,142.38,142.5,142.31,142.48,2893.0
2026-07-14 14:05:00+05:30,142.46,142.46,142.33,142.4,6075.0
2026-07-14 14:10:00+05:30,142.39,142.67,142.39,142.5,7905.0
2026-07-14 14:15:00+05:30,142.59,142.6,142.52,142.58,3384.0
2026-07-14 14:20:00+05:30,142.58,142.59,142.4,142.41,7855.0
2026-07-14 14:25:00+05:30,142.41,142.52,142.26,142.33,31849.0
2026-07-14 14:30:00+05:30,142.4,142.55,142.37,142.53,3324.0
2026-07-14 14:35:00+05:30,142.5,142.67,142.43,142.45,10752.0
2026-07-14 14:40:00+05:30,142.45,142.52,142.12,142.45,27937.0
2026-07-14 14:45:00+05:30,142.45,142.45,142.29,142.29,10216.0
2026-07-14 14:50:00+05:30,142.33,142.33,142.11,142.19,19845.0
2026-07-14 14:55:00+05:30,142.19,142.32,142.1,142.27,37304.0
2026-07-14 15:00:00+05:30,142.27,142.46,142.23,142.3,15707.0
2026-07-14 15:05:00+05:30,142.3,142.36,142.17,142.18,16497.0
2026-07-14 15:10:00+05:30,142.26,142.3,142.14,142.15,24553.0
2026-07-14 15:15:00+05:30,142.15,142.25,142.08,142.23,36514.0
2026-07-14 15:20:00+05:30,142.22,142.25,140.82,141.0,161705.0
2026-07-14 15:25:00+05:30,141.0,141.81,140.97,141.5,70620.0
2026-07-15 09:15:00+05:30,142.25,143.25,142.25,143.25,44471.0
2026-07-15 09:20:00+05:30,143.25,143.25,142.72,143.1,23889.0
2026-07-15 09:25:00+05:30,143.1,143.1,142.93,143.05,13661.0
2026-07-15 09:30:00+05:30,143.0,143.28,143.0,143.25,26502.0
2026-07-15 09:35:00+05:30,143.25,143.55,143.25,143.29,16678.0
2026-07-15 09:40:00+05:30,143.31,143.34,143.0,143.01,17015.0
2026-07-15 09:45:00+05:30,143.04,143.15,143.01,143.06,5958.0
2026-07-15 09:50:00+05:30,143.04,143.29,142.92,143.29,26182.0
2026-07-15 09:55:00+05:30,143.29,143.46,143.16,143.4,15166.0
2026-07-15 10:00:00+05:30,143.4,143.47,143.3,143.3,5166.0
2026-07-15 10:05:00+05:30,143.24,143.5,143.23,143.35,6715.0
2026-07-15 10:10:00+05:30,143.45,143.48,142.52,142.95,49190.0
2026-07-15 10:15:00+05:30,143.1,143.31,143.01,143.06,4001.0
2026-07-15 10:20:00+05:30,143.06,143.3,143.06,143.22,3473.0
2026-07-15 10:25:00+05:30,143.29,143.29,142.93,142.95,23184.0
2026-07-15 10:30:00+05:30,143.04,143.12,142.95,143.08,3661.0
2026-07-15 10:35:00+05:30,143.03,143.15,143.02,143.06,6037.0
2026-07-15 10:40:00+05:30,143.0,143.1,142.85,143.01,12749.0
2026-07-15 10:45:00+05:30,143.05,143.07,142.74,142.86,17576.0
2026-07-15 10:50:00+05:30,142.86,143.0,142.86,143.0,2275.0
2026-07-15 10:55:00+05:30,143.0,143.09,142.75,143.0,20311.0
2026-07-15 11:00:00+05:30,143.08,143.08,142.74,142.9,6347.0
2026-07-15 11:05:00+05:30,142.9,142.9,142.75,142.86,6868.0
2026-07-15 11:10:00+05:30,142.86,142.86,142.7,142.75,3781.0
2026-07-15 11:15:00+05:30,142.74,142.74,142.5,142.59,15023.0
2026-07-15 11:20:00+05:30,142.59,142.6,142.29,142.43,16586.0
2026-07-15 11:25:00+05:30,142.47,142.67,142.42,142.65,17042.0
2026-07-15 11:30:00+05:30,142.66,143.09,142.66,142.93,40278.0
2026-07-15 11:35:00+05:30,142.94,143.1,142.87,142.87,15537.0
2026-07-15 11:40:00+05:30,142.94,143.08,142.92,143.05,5197.0
2026-07-15 11:45:00+05:30,143.05,143.08,142.94,143.08,7121.0
2026-07-15 11:50:00+05:30,143.08,143.14,142.97,143.14,6479.0
2026-07-15 11:55:00+05:30,143.13,143.14,143.02,143.02,7976.0
2026-07-15 12:00:00+05:30,143.07,143.3,143.0,143.14,35298.0
2026-07-15 12:05:00+05:30,143.16,143.24,142.99,142.99,8507.0
2026-07-15 12:10:00+05:30,143.0,143.13,142.99,143.1,4008.0
2026-07-15 12:15:00+05:30,143.1,143.2,143.06,143.17,10455.0
2026-07-15 12:20:00+05:30,143.17,143.17,142.82,143.04,10255.0
2026-07-15 12:25:00+05:30,143.13,143.17,142.92,143.17,12472.0
2026-07-15 12:30:00+05:30,143.17,143.4,143.02,143.23,38239.0
2026-07-15 12:35:00+05:30,143.23,143.26,142.96,143.15,9521.0
2026-07-15 12:40:00+05:30,143.15,143.23,142.9,143.03,28586.0
2026-07-15 12:45:00+05:30,143.03,143.03,142.81,142.95,6864.0
2026-07-15 12:50:00+05:30,142.92,142.99,142.82,142.87,6179.0
2026-07-15 12:55:00+05:30,142.86,142.91,142.34,142.43,20483.0
2026-07-15 13:00:00+05:30,142.51,142.84,142.42,142.74,6872.0
2026-07-15 13:05:00+05:30,142.72,142.83,142.69,142.8,4025.0
2026-07-15 13:10:00+05:30,142.79,142.8,142.45,142.46,5084.0
2026-07-15 13:15:00+05:30,142.54,142.71,142.42,142.65,6337.0
2026-07-15 13:20:00+05:30,142.7,143.0,142.65,142.85,20483.0
2026-07-15 13:25:00+05:30,142.93,142.95,142.8,142.9,6236.0
2026-07-15 13:30:00+05:30,142.89,142.9,142.83,142.87,1827.0
2026-07-15 13:35:00+05:30,142.87,142.96,142.87,142.96,5767.0
2026-07-15 13:40:00+05:30,142.95,142.95,142.76,142.78,8836.0
2026-07-15 13:45:00+05:30,142.75,142.98,142.75,142.98,9251.0
2026-07-15 13:50:00+05:30,142.96,142.98,142.89,142.9,7531.0
2026-07-15 13:55:00+05:30,142.89,142.93,142.88,142.9,2642.0
2026-07-15 14:00:00+05:30,142.9,143.0,142.9,143.0,5109.0
2026-07-15 14:05:00+05:30,143.0,143.2,142.83,142.87,9949.0
2026-07-15 14:10:00+05:30,142.98,143.0,142.88,143.0,14876.0
2026-07-15 14:15:00+05:30,143.0,143.0,142.94,143.0,5112.0
2026-07-15 14:20:00+05:30,142.95,143.03,142.95,143.0,20381.0
2026-07-15 14:25:00+05:30,143.0,143.0,142.97,143.0,39841.0
2026-07-15 14:30:00+05:30,143.0,143.05,142.92,143.0,7697.0
2026-07-15 14:35:00+05:30,143.0,143.05,142.85,143.0,8110.0
2026-07-15 14:40:00+05:30,143.0,143.0,142.95,143.0,6478.0
2026-07-15 14:45:00+05:30,143.0,143.0,142.86,142.98,13642.0
2026-07-15 14:50:00+05:30,142.88,142.98,142.85,142.85,12028.0
2026-07-15 14:55:00+05:30,142.93,142.98,142.62,142.75,17533.0
2026-07-15 15:00:00+05:30,142.75,142.86,142.73,142.76,11984.0
2026-07-15 15:05:00+05:30,142.76,142.76,142.35,142.6,65980.0
2026-07-15 15:10:00+05:30,142.68,142.68,142.03,142.41,35623.0
2026-07-15 15:15:00+05:30,142.37,142.74,141.92,142.0,58363.0
2026-07-15 15:20:00+05:30,141.97,142.13,141.92,141.94,18878.0
2026-07-15 15:25:00+05:30,141.95,143.0,141.9,142.09,47339.0
2026-07-16 09:15:00+05:30,142.5,143.57,142.29,142.94,38177.0
2026-07-16 09:20:00+05:30,142.93,143.1,142.85,143.0,12495.0
2026-07-16 09:25:00+05:30,143.0,143.0,142.6,142.71,23943.0
2026-07-16 09:30:00+05:30,142.71,142.71,142.47,142.52,12901.0
2026-07-16 09:35:00+05:30,142.52,142.52,142.25,142.35,9968.0
2026-07-16 09:40:00+05:30,142.37,142.45,142.27,142.31,9501.0
2026-07-16 09:45:00+05:30,142.41,142.48,142.26,142.26,13055.0
2026-07-16 09:50:00+05:30,142.37,142.48,142.26,142.32,5132.0
2026-07-16 09:55:00+05:30,142.39,142.5,142.32,142.34,7870.0
2026-07-16 10:00:00+05:30,142.35,142.56,142.35,142.5,10460.0
2026-07-16 10:05:00+05:30,142.45,142.5,142.31,142.49,13274.0
2026-07-16 10:10:00+05:30,142.36,142.62,142.28,142.33,12589.0
2026-07-16 10:15:00+05:30,142.3,142.34,141.83,142.1,48116.0
2026-07-16 10:20:00+05:30,142.13,142.45,142.13,142.44,2124.0
2026-07-16 10:25:00+05:30,142.47,142.49,142.39,142.49,3352.0
2026-07-16 10:30:00+05:30,142.49,142.6,142.42,142.5,4975.0
2026-07-16 10:35:00+05:30,142.4,142.48,142.11,142.45,14366.0
2026-07-16 10:40:00+05:30,142.34,142.5,142.26,142.5,2937.0
2026-07-16 10:45:00+05:30,142.4,142.7,142.4,142.66,8960.0
2026-07-16 10:50:00+05:30,142.66,142.8,142.45,142.59,6872.0
2026-07-16 10:55:00+05:30,142.6,142.62,142.27,142.3,9581.0
2026-07-16 11:00:00+05:30,142.43,142.43,142.18,142.36,6857.0
2026-07-16 11:05:00+05:30,142.36,142.4,142.26,142.39,6844.0
2026-07-16 11:10:00+05:30,142.44,142.45,142.27,142.43,8556.0
2026-07-16 11:15:00+05:30,142.43,142.49,142.32,142.43,5914.0
2026-07-16 11:20:00+05:30,142.49,142.52,142.39,142.39,6093.0
2026-07-16 11:25:00+05:30,142.35,142.41,142.3,142.37,10363.0
2026-07-16 11:30:00+05:30,142.37,142.38,142.12,142.26,11873.0
2026-07-16 11:35:00+05:30,142.22,142.3,142.15,142.19,6976.0
2026-07-16 11:40:00+05:30,142.17,142.25,142.13,142.13,6002.0
2026-07-16 11:45:00+05:30,142.13,142.5,142.13,142.42,7326.0
2026-07-16 11:50:00+05:30,142.49,142.49,142.28,142.44,5751.0
2026-07-16 11:55:00+05:30,142.42,142.42,142.0,142.14,28161.0
2026-07-16 12:00:00+05:30,142.14,142.18,141.6,141.6,35017.0
2026-07-16 12:05:00+05:30,141.77,142.11,141.77,142.08,6490.0
2026-07-16 12:10:00+05:30,142.09,142.2,142.08,142.19,4780.0
2026-07-16 12:15:00+05:30,142.18,142.62,142.06,142.56,40240.0
2026-07-16 12:20:00+05:30,142.43,142.7,142.4,142.68,16168.0
2026-07-16 12:25:00+05:30,142.69,142.69,142.33,142.45,14978.0
2026-07-16 12:30:00+05:30,142.45,142.5,142.3,142.5,3779.0
2026-07-16 12:35:00+05:30,142.48,142.48,142.1,142.19,6680.0
2026-07-16 12:40:00+05:30,142.25,142.28,142.02,142.05,5488.0
2026-07-16 12:45:00+05:30,142.04,142.1,141.98,142.0,6731.0
2026-07-16 12:50:00+05:30,142.0,142.0,141.8,141.93,5863.0
2026-07-16 12:55:00+05:30,141.88,141.97,140.68,141.0,292795.0
2026-07-16 13:00:00+05:30,140.91,141.12,140.91,141.01,16954.0
2026-07-16 13:05:00+05:30,141.01,141.13,140.92,141.1,18286.0
2026-07-16 13:10:00+05:30,141.1,141.1,141.0,141.09,10440.0
2026-07-16 13:15:00+05:30,141.08,141.09,140.95,141.07,9405.0
2026-07-16 13:20:00+05:30,141.09,141.23,141.05,141.12,7112.0
2026-07-16 13:25:00+05:30,141.12,141.23,141.05,141.1,8161.0
2026-07-16 13:30:00+05:30,141.1,141.13,140.97,141.08,8716.0
2026-07-16 13:35:00+05:30,141.02,141.09,140.78,140.85,17805.0
2026-07-16 13:40:00+05:30,140.83,140.93,140.69,140.8,10446.0
2026-07-16 13:45:00+05:30,140.72,140.93,140.7,140.72,8113.0
2026-07-16 13:50:00+05:30,140.72,140.96,140.7,140.9,11038.0
2026-07-16 13:55:00+05:30,140.9,141.0,140.76,141.0,4357.0
2026-07-16 14:00:00+05:30,140.97,141.02,140.88,140.99,5408.0
2026-07-16 14:05:00+05:30,140.95,141.1,140.95,141.1,7256.0
2026-07-16 14:10:00+05:30,141.01,141.19,140.98,141.1,4462.0
2026-07-16 14:15:00+05:30,141.11,141.41,141.11,141.31,14875.0
2026-07-16 14:20:00+05:30,141.14,141.34,141.1,141.32,12654.0
2026-07-16 14:25:00+05:30,141.19,141.29,141.15,141.18,3843.0
2026-07-16 14:30:00+05:30,141.17,141.2,141.0,141.06,13855.0
2026-07-16 14:35:00+05:30,141.06,141.14,140.9,140.93,7132.0
2026-07-16 14:40:00+05:30,140.92,141.17,140.9,141.06,8706.0
2026-07-16 14:45:00+05:30,141.05,141.19,141.01,141.11,11321.0
2026-07-16 14:50:00+05:30,141.18,141.28,140.8,140.8,21957.0
2026-07-16 14:55:00+05:30,140.78,140.97,140.75,140.9,31441.0
2026-07-16 15:00:00+05:30,140.97,141.28,140.91,141.14,29902.0
2026-07-16 15:05:00+05:30,141.1,141.15,140.79,140.8,34532.0
2026-07-16 15:10:00+05:30,140.8,140.92,140.71,140.87,48554.0
2026-07-16 15:15:00+05:30,140.88,140.99,140.73,140.91,45801.0
2026-07-16 15:20:00+05:30,140.91,141.0,140.84,140.98,64419.0
2026-07-16 15:25:00+05:30,140.91,141.15,140.9,141.12,40105.0
2026-07-17 09:15:00+05:30,141.19,142.8,140.1,140.33,68815.0
2026-07-17 09:20:00+05:30,140.34,140.56,139.6,140.0,69193.0
2026-07-17 09:25:00+05:30,139.99,140.3,139.9,140.15,23776.0
2026-07-17 09:30:00+05:30,140.18,140.49,139.9,140.22,51397.0
2026-07-17 09:35:00+05:30,140.23,140.48,140.06,140.31,15670.0
2026-07-17 09:40:00+05:30,140.57,140.57,140.12,140.36,28663.0
2026-07-17 09:45:00+05:30,140.24,140.38,139.7,139.7,38516.0
2026-07-17 09:50:00+05:30,139.7,140.0,139.7,140.0,20512.0
2026-07-17 09:55:00+05:30,140.02,140.5,140.02,140.31,11899.0
2026-07-17 10:00:00+05:30,140.35,140.48,140.0,140.37,15040.0
2026-07-17 10:05:00+05:30,140.28,140.37,139.82,140.05,25670.0
2026-07-17 10:10:00+05:30,140.05,140.12,139.9,140.0,15424.0
2026-07-17 10:15:00+05:30,140.0,140.68,139.97,140.67,5740.0
2026-07-17 10:20:00+05:30,140.69,140.77,140.62,140.75,4634.0
2026-07-17 10:25:00+05:30,140.75,140.89,139.85,139.95,144045.0
2026-07-17 10:30:00+05:30,139.97,140.31,139.96,140.11,11473.0
2026-07-17 10:35:00+05:30,140.19,140.74,139.92,140.66,881917.0
2026-07-17 10:40:00+05:30,140.77,140.97,140.65,140.8,9094.0
2026-07-17 10:45:00+05:30,140.82,140.95,140.61,140.7,5837.0
2026-07-17 10:50:00+05:30,140.7,140.89,140.64,140.89,3676.0
2026-07-17 10:55:00+05:30,140.79,140.95,140.79,140.95,3805.0
2026-07-17 11:00:00+05:30,140.98,140.98,140.85,140.91,5019.0
2026-07-17 11:05:00+05:30,140.98,141.55,140.89,141.38,45303.0
2026-07-17 11:10:00+05:30,141.4,141.4,140.67,140.67,6956.0
2026-07-17 11:15:00+05:30,140.76,140.76,140.5,140.6,14510.0
2026-07-17 11:20:00+05:30,140.6,140.68,140.07,140.15,36008.0
2026-07-17 11:25:00+05:30,140.2,140.2,139.5,139.68,50178.0
2026-07-17 11:30:00+05:30,139.68,139.91,139.68,139.9,11976.0
2026-07-17 11:35:00+05:30,139.83,139.95,139.75,139.82,7827.0
2026-07-17 11:40:00+05:30,139.85,139.85,139.58,139.81,14724.0
2026-07-17 11:45:00+05:30,139.86,140.06,139.59,140.06,33759.0
2026-07-17 11:50:00+05:30,140.15,140.19,139.75,139.96,19898.0
2026-07-17 11:55:00+05:30,139.96,140.01,139.81,140.01,5191.0
2026-07-17 12:00:00+05:30,139.98,140.1,139.79,139.99,10595.0
2026-07-17 12:05:00+05:30,139.95,140.03,139.87,140.01,3874.0
2026-07-17 12:10:00+05:30,140.03,140.09,139.87,140.09,6468.0
2026-07-17 12:15:00+05:30,140.0,140.14,139.9,139.9,23778.0
2026-07-17 12:20:00+05:30,139.93,140.05,139.85,140.05,18206.0
2026-07-17 12:25:00+05:30,140.05,140.14,140.01,140.05,3485.0
2026-07-17 12:30:00+05:30,140.12,140.14,139.72,139.8,9469.0
2026-07-17 12:35:00+05:30,139.72,139.83,139.68,139.82,4403.0
2026-07-17 12:40:00+05:30,139.71,139.99,139.68,139.91,5671.0
2026-07-17 12:45:00+05:30,139.98,139.99,139.85,139.94,2577.0
2026-07-17 12:50:00+05:30,139.96,140.03,139.87,139.98,6877.0
2026-07-17 12:55:00+05:30,140.03,140.12,139.94,140.1,4624.0
2026-07-17 13:00:00+05:30,139.95,140.1,139.91,140.03,5462.0
2026-07-17 13:05:00+05:30,140.03,140.03,139.94,140.03,1908.0
2026-07-17 13:10:00+05:30,140.0,140.2,140.0,140.0,9082.0
2026-07-17 13:15:00+05:30,140.0,140.0,139.93,140.0,4871.0
2026-07-17 13:20:00+05:30,140.0,140.0,139.84,139.9,4658.0
2026-07-17 13:25:00+05:30,139.84,139.91,139.72,139.85,11766.0
2026-07-17 13:30:00+05:30,139.9,140.1,139.53,139.53,13111.0
2026-07-17 13:35:00+05:30,139.59,139.99,139.59,139.85,9994.0
2026-07-17 13:40:00+05:30,139.92,139.96,139.63,139.93,11807.0
2026-07-17 13:45:00+05:30,139.9,140.02,139.8,139.95,13280.0
2026-07-17 13:50:00+05:30,140.0,140.03,139.81,139.9,4442.0
2026-07-17 13:55:00+05:30,139.93,140.1,139.9,140.1,6235.0
2026-07-17 14:00:00+05:30,140.1,140.17,140.01,140.17,1528.0
2026-07-17 14:05:00+05:30,140.05,140.18,139.8,139.98,20191.0
2026-07-17 14:10:00+05:30,140.06,140.11,139.87,140.0,7983.0
2026-07-17 14:15:00+05:30,140.0,140.18,139.81,139.85,25653.0
2026-07-17 14:20:00+05:30,139.85,139.99,139.84,139.98,3895.0
2026-07-17 14:25:00+05:30,139.88,140.36,139.83,139.96,43167.0
2026-07-17 14:30:00+05:30,139.88,140.1,139.87,139.99,8356.0
2026-07-17 14:35:00+05:30,139.95,140.0,139.82,139.99,8267.0
2026-07-17 14:40:00+05:30,140.03,140.1,139.91,139.91,10810.0
2026-07-17 14:45:00+05:30,140.0,140.1,139.8,140.1,30487.0
2026-07-17 14:50:00+05:30,140.1,140.1,139.94,139.99,11012.0
2026-07-17 14:55:00+05:30,139.99,140.09,139.96,140.08,7609.0
2026-07-17 15:00:00+05:30,140.07,140.07,139.76,139.85,26478.0
2026-07-17 15:05:00+05:30,139.93,139.94,139.7,139.74,27192.0
2026-07-17 15:10:00+05:30,139.74,140.0,139.7,139.87,37066.0
2026-07-17 15:15:00+05:30,139.87,139.87,139.6,139.6,61873.0
2026-07-17 15:20:00+05:30,139.73,139.89,139.51,139.75,123656.0
2026-07-17 15:25:00+05:30,139.75,139.88,139.0,139.75,180048.0
2026-07-20 09:15:00+05:30,139.1,139.82,138.75,139.24,34637.0
2026-07-20 09:20:00+05:30,139.35,139.56,139.0,139.4,20181.0
2026-07-20 09:25:00+05:30,139.16,139.29,139.05,139.12,14670.0
2026-07-20 09:30:00+05:30,139.15,139.32,138.76,139.32,18227.0
2026-07-20 09:35:00+05:30,139.24,139.6,139.24,139.53,10771.0
2026-07-20 09:40:00+05:30,139.5,139.75,139.34,139.67,10770.0
2026-07-20 09:45:00+05:30,139.67,139.96,139.6,139.66,8953.0
2026-07-20 09:50:00+05:30,139.66,139.8,139.54,139.71,4204.0
2026-07-20 09:55:00+05:30,139.72,139.8,139.39,139.76,13014.0
2026-07-20 10:00:00+05:30,139.76,139.9,139.76,139.89,7970.0
2026-07-20 10:05:00+05:30,139.89,139.95,139.67,139.7,23353.0
2026-07-20 10:10:00+05:30,139.79,140.24,139.79,140.01,31749.0
2026-07-20 10:15:00+05:30,140.09,140.45,140.09,140.4,7425.0
2026-07-20 10:20:00+05:30,140.44,140.46,140.05,140.36,10985.0
2026-07-20 10:25:00+05:30,140.36,140.68,140.28,140.68,14508.0
2026-07-20 10:30:00+05:30,140.68,140.79,139.6,139.82,26285.0
2026-07-20 10:35:00+05:30,139.7,139.76,139.5,139.51,16537.0
2026-07-20 10:40:00+05:30,139.5,139.63,139.5,139.51,18397.0
2026-07-20 10:45:00+05:30,139.52,139.54,139.33,139.36,14272.0
2026-07-20 10:50:00+05:30,139.31,139.94,139.25,139.79,23495.0
2026-07-20 10:55:00+05:30,139.9,139.95,139.72,139.91,9670.0
2026-07-20 11:00:00+05:30,139.91,140.0,139.85,139.99,8298.0
2026-07-20 11:05:00+05:30,139.98,139.99,139.69,139.77,7336.0
2026-07-20 11:10:00+05:30,139.78,139.85,139.74,139.75,3913.0
2026-07-20 11:15:00+05:30,139.88,140.05,139.59,139.93,21777.0
2026-07-20 11:20:00+05:30,139.98,140.09,139.91,139.98,11821.0
2026-07-20 11:25:00+05:30,139.93,140.0,139.9,139.98,5286.0
2026-07-20 11:30:00+05:30,139.98,140.0,139.9,139.92,5190.0
2026-07-20 11:35:00+05:30,139.86,139.9,139.76,139.89,2247.0
2026-07-20 11:40:00+05:30,139.89,139.99,139.67,139.78,4962.0
2026-07-20 11:45:00+05:30,139.79,139.79,139.67,139.7,2342.0
2026-07-20 11:50:00+05:30,139.63,139.77,139.63,139.7,5546.0
2026-07-20 11:55:00+05:30,139.7,139.74,139.6,139.64,7577.0
2026-07-20 12:00:00+05:30,139.74,139.76,139.64,139.67,3258.0
2026-07-20 12:05:00+05:30,139.67,139.75,139.6,139.73,2534.0
2026-07-20 12:10:00+05:30,139.81,139.89,139.62,139.71,10619.0
2026-07-20 12:15:00+05:30,139.6,139.71,139.53,139.55,6907.0
2026-07-20 12:20:00+05:30,139.56,139.7,139.52,139.69,7148.0
2026-07-20 12:25:00+05:30,139.69,139.87,139.67,139.76,2858.0
2026-07-20 12:30:00+05:30,139.76,139.87,139.72,139.72,2430.0
2026-07-20 12:35:00+05:30,139.72,139.85,139.62,139.75,2214.0
2026-07-20 12:40:00+05:30,139.75,139.79,139.64,139.78,2721.0
2026-07-20 12:45:00+05:30,139.78,139.86,139.63,139.68,4578.0
2026-07-20 12:50:00+05:30,139.68,139.84,139.66,139.73,6177.0
2026-07-20 12:55:00+05:30,139.8,139.95,139.74,139.78,5206.0
2026-07-20 13:00:00+05:30,139.78,139.99,139.77,139.99,2169.0
2026-07-20 13:05:00+05:30,139.99,140.0,139.75,139.84,6480.0
2026-07-20 13:10:00+05:30,139.84,140.0,139.76,140.0,3382.0
2026-07-20 13:15:00+05:30,140.0,140.5,139.93,140.4,75113.0
2026-07-20 13:20:00+05:30,140.4,140.4,140.0,140.14,15231.0
2026-07-20 13:25:00+05:30,140.1,140.27,139.99,140.09,25581.0
2026-07-20 13:30:00+05:30,140.11,140.4,139.99,140.21,33495.0
2026-07-20 13:35:00+05:30,140.2,140.37,139.99,140.24,26678.0
2026-07-20 13:40:00+05:30,140.11,140.28,140.0,140.15,31121.0
2026-07-20 13:45:00+05:30,140.15,140.29,140.0,140.0,68609.0
2026-07-20 13:50:00+05:30,140.06,140.17,139.8,139.93,128849.0
2026-07-20 13:55:00+05:30,139.94,140.0,139.94,140.0,16748.0
2026-07-20 14:00:00+05:30,140.0,140.0,139.87,140.0,8607.0
2026-07-20 14:05:00+05:30,140.0,140.0,139.94,139.95,814.0
2026-07-20 14:10:00+05:30,139.95,140.0,139.9,140.0,6408.0
2026-07-20 14:15:00+05:30,140.0,140.04,139.5,139.5,14539.0
2026-07-20 14:20:00+05:30,139.51,139.8,139.38,139.8,29910.0
2026-07-20 14:25:00+05:30,139.79,140.0,139.76,139.88,44642.0
2026-07-20 14:30:00+05:30,139.88,139.93,139.66,139.85,29761.0
2026-07-20 14:35:00+05:30,139.85,139.85,139.56,139.78,35406.0
2026-07-20 14:40:00+05:30,139.6,139.98,139.6,139.94,44671.0
2026-07-20 14:45:00+05:30,139.97,140.11,139.78,139.85,35943.0
2026-07-20 14:50:00+05:30,139.97,139.97,139.67,139.84,32522.0
2026-07-20 14:55:00+05:30,139.71,140.09,139.7,139.73,47760.0
2026-07-20 15:00:00+05:30,139.82,140.0,139.6,139.72,64523.0
2026-07-20 15:05:00+05:30,139.72,139.85,139.6,139.73,60110.0
2026-07-20 15:10:00+05:30,139.73,139.8,139.55,139.69,57334.0
2026-07-20 15:15:00+05:30,139.7,139.73,139.5,139.64,49015.0
2026-07-20 15:20:00+05:30,139.65,139.75,139.5,139.7,55552.0
2026-07-20 15:25:00+05:30,139.71,141.7,139.27,141.0,131446.0
2026-07-21 09:15:00+05:30,140.09,141.38,140.09,141.0,28857.0
2026-07-21 09:20:00+05:30,141.1,141.32,140.85,141.15,23928.0
2026-07-21 09:25:00+05:30,141.0,141.13,140.88,141.1,17145.0
2026-07-21 09:30:00+05:30,141.15,141.15,140.86,140.98,20459.0
2026-07-21 09:35:00+05:30,140.89,140.91,140.7,140.86,16158.0
2026-07-21 09:40:00+05:30,140.86,140.98,140.34,140.46,15005.0
2026-07-21 09:45:00+05:30,140.46,140.46,140.02,140.2,13667.0
2026-07-21 09:50:00+05:30,140.13,140.4,140.13,140.28,12640.0
2026-07-21 09:55:00+05:30,140.3,140.42,140.16,140.35,13024.0
2026-07-21 10:00:00+05:30,140.23,140.35,140.14,140.27,7343.0
2026-07-21 10:05:00+05:30,140.27,140.35,140.21,140.22,1318.0
2026-07-21 10:10:00+05:30,140.33,140.39,140.24,140.27,3921.0
2026-07-21 10:15:00+05:30,140.35,140.35,140.1,140.19,5774.0
2026-07-21 10:20:00+05:30,140.19,140.25,140.11,140.14,3064.0
2026-07-21 10:25:00+05:30,140.14,140.25,140.13,140.22,3905.0
2026-07-21 10:30:00+05:30,140.24,140.24,139.83,139.83,20616.0
2026-07-21 10:35:00+05:30,139.8,139.99,139.78,139.88,6181.0
2026-07-21 10:40:00+05:30,139.88,139.89,139.73,139.84,15684.0
2026-07-21 10:45:00+05:30,139.82,139.87,139.75,139.78,1712.0
2026-07-21 10:50:00+05:30,139.71,139.85,139.71,139.79,4812.0
2026-07-21 10:55:00+05:30,139.82,139.82,139.59,139.68,8433.0
2026-07-21 11:00:00+05:30,139.65,139.68,139.51,139.65,7154.0
2026-07-21 11:05:00+05:30,139.63,139.68,139.41,139.51,11841.0
2026-07-21 11:10:00+05:30,139.51,139.56,139.41,139.55,1059.0
2026-07-21 11:15:00+05:30,139.57,139.57,139.4,139.41,5870.0
2026-07-21 11:20:00+05:30,139.45,139.65,139.39,139.56,26795.0
2026-07-21 11:25:00+05:30,139.6,139.62,139.26,139.53,19439.0
2026-07-21 11:30:00+05:30,139.5,139.64,139.41,139.62,6757.0
2026-07-21 11:35:00+05:30,139.62,139.85,139.6,139.75,23913.0
2026-07-21 11:40:00+05:30,139.75,139.75,139.56,139.63,2811.0
2026-07-21 11:45:00+05:30,139.62,139.64,139.57,139.64,430.0
2026-07-21 11:50:00+05:30,139.6,139.67,139.51,139.58,2116.0
2026-07-21 11:55:00+05:30,139.52,139.79,139.52,139.79,7249.0
2026-07-21 12:00:00+05:30,139.79,139.8,139.71,139.8,3732.0
2026-07-21 12:05:00+05:30,139.8,139.8,139.72,139.78,1783.0
2026-07-21 12:10:00+05:30,139.78,139.79,139.66,139.79,4145.0
2026-07-21 12:15:00+05:30,139.72,139.79,139.71,139.78,1162.0
2026-07-21 12:20:00+05:30,139.7,139.79,139.62,139.77,3165.0
2026-07-21 12:25:00+05:30,139.77,139.79,139.64,139.74,2466.0
2026-07-21 12:30:00+05:30,139.74,139.8,139.54,139.77,8656.0
2026-07-21 12:35:00+05:30,139.79,139.97,139.69,139.97,5263.0
2026-07-21 12:40:00+05:30,139.97,139.97,139.53,139.65,15529.0
2026-07-21 12:45:00+05:30,139.65,139.65,139.45,139.45,7203.0
2026-07-21 12:50:00+05:30,139.45,139.48,139.31,139.42,9730.0
2026-07-21 12:55:00+05:30,139.36,139.51,139.29,139.35,6577.0
2026-07-21 13:00:00+05:30,139.29,139.36,139.1,139.16,20153.0
2026-07-21 13:05:00+05:30,139.15,139.31,139.1,139.23,7005.0
2026-07-21 13:10:00+05:30,139.18,139.4,139.18,139.26,2859.0
2026-07-21 13:15:00+05:30,139.23,139.5,139.21,139.48,5297.0
2026-07-21 13:20:00+05:30,139.41,139.51,139.37,139.5,4117.0
2026-07-21 13:25:00+05:30,139.45,139.64,139.4,139.43,3821.0
2026-07-21 13:30:00+05:30,139.38,139.56,139.34,139.5,14051.0
2026-07-21 13:35:00+05:30,139.44,139.7,139.43,139.65,2461.0
2026-07-21 13:40:00+05:30,139.61,139.7,139.57,139.63,3769.0
2026-07-21 13:45:00+05:30,139.56,139.64,139.55,139.62,2089.0
2026-07-21 13:50:00+05:30,139.57,139.68,139.51,139.67,2766.0
2026-07-21 13:55:00+05:30,139.6,139.68,139.44,139.52,7050.0
2026-07-21 14:00:00+05:30,139.49,139.5,139.13,139.31,27446.0
2026-07-21 14:05:00+05:30,139.31,139.31,139.17,139.17,11961.0
2026-07-21 14:10:00+05:30,139.2,139.2,139.1,139.12,9433.0
2026-07-21 14:15:00+05:30,139.12,139.23,139.05,139.23,11159.0
2026-07-21 14:20:00+05:30,139.23,139.3,139.11,139.29,1518.0
2026-07-21 14:25:00+05:30,139.28,139.33,138.9,139.14,66399.0
2026-07-21 14:30:00+05:30,139.14,139.2,139.05,139.19,3504.0
2026-07-21 14:35:00+05:30,139.19,139.4,139.1,139.22,9311.0
2026-07-21 14:40:00+05:30,139.22,139.3,139.18,139.25,1876.0
2026-07-21 14:45:00+05:30,139.18,139.4,139.18,139.27,7545.0
2026-07-21 14:50:00+05:30,139.34,139.48,139.27,139.42,6678.0
2026-07-21 14:55:00+05:30,139.42,139.5,139.32,139.33,5960.0
2026-07-21 15:00:00+05:30,139.33,139.48,139.25,139.29,13832.0
2026-07-21 15:05:00+05:30,139.29,139.34,139.16,139.25,12405.0
2026-07-21 15:10:00+05:30,139.25,139.4,139.0,139.23,37642.0
2026-07-21 15:15:00+05:30,139.23,139.37,139.03,139.3,23933.0
2026-07-21 15:20:00+05:30,139.3,139.5,139.2,139.33,39056.0
2026-07-21 15:25:00+05:30,139.33,139.6,139.2,139.4,41648.0
2026-07-22 09:15:00+05:30,138.55,139.6,137.29,137.62,107796.0
2026-07-22 09:20:00+05:30,137.62,137.62,136.8,137.29,100143.0
2026-07-22 09:25:00+05:30,137.36,137.58,136.9,137.04,49151.0
2026-07-22 09:30:00+05:30,137.0,137.0,136.55,136.63,40832.0
2026-07-22 09:35:00+05:30,136.62,136.65,136.35,136.47,77326.0
2026-07-22 09:40:00+05:30,136.46,136.72,136.46,136.65,18560.0
2026-07-22 09:45:00+05:30,136.64,136.72,136.4,136.45,30385.0
2026-07-22 09:50:00+05:30,136.4,136.61,136.3,136.56,35260.0
2026-07-22 09:55:00+05:30,136.59,136.63,136.4,136.45,10815.0
2026-07-22 10:00:00+05:30,136.41,136.75,136.36,136.74,23670.0
2026-07-22 10:05:00+05:30,136.74,137.56,136.54,137.25,155263.0
2026-07-22 10:10:00+05:30,137.26,137.4,137.07,137.18,24788.0
2026-07-22 10:15:00+05:30,137.02,137.15,136.79,136.9,14341.0
2026-07-22 10:20:00+05:30,136.92,137.17,136.92,137.0,18255.0
2026-07-22 10:25:00+05:30,137.0,137.06,136.77,136.87,14154.0
2026-07-22 10:30:00+05:30,136.87,137.05,136.87,137.0,4643.0
2026-07-22 10:35:00+05:30,137.04,137.22,137.01,137.02,4814.0
2026-07-22 10:40:00+05:30,137.11,137.11,136.89,136.93,6720.0
2026-07-22 10:45:00+05:30,136.93,137.03,136.87,137.03,1087.0
2026-07-22 10:50:00+05:30,136.95,137.04,136.88,136.99,9476.0
2026-07-22 10:55:00+05:30,136.99,137.05,136.8,137.0,10454.0
2026-07-22 11:00:00+05:30,137.06,137.2,136.93,137.15,6863.0
2026-07-22 11:05:00+05:30,137.12,137.18,137.1,137.15,3560.0
2026-07-22 11:10:00+05:30,137.15,137.29,137.06,137.24,6766.0
2026-07-22 11:15:00+05:30,137.24,137.45,137.15,137.45,6762.0
2026-07-22 11:20:00+05:30,137.45,137.49,137.34,137.41,7013.0
2026-07-22 11:25:00+05:30,137.4,137.45,137.31,137.45,4978.0
2026-07-22 11:30:00+05:30,137.45,137.48,137.19,137.34,13994.0
2026-07-22 11:35:00+05:30,137.25,137.45,137.24,137.35,10907.0
2026-07-22 11:40:00+05:30,137.43,137.75,137.25,137.56,30479.0
2026-07-22 11:45:00+05:30,137.56,137.65,137.41,137.5,3018.0
2026-07-22 11:50:00+05:30,137.5,137.5,137.3,137.33,2711.0
2026-07-22 11:55:00+05:30,137.34,137.45,137.1,137.13,12421.0
2026-07-22 12:00:00+05:30,137.23,137.3,137.1,137.12,1597.0
2026-07-22 12:05:00+05:30,137.12,137.21,137.01,137.01,8072.0
2026-07-22 12:10:00+05:30,137.01,137.07,137.0,137.02,7489.0
2026-07-22 12:15:00+05:30,137.02,137.07,137.0,137.0,11102.0
2026-07-22 12:20:00+05:30,136.93,137.16,136.9,137.16,16412.0
2026-07-22 12:25:00+05:30,137.16,137.43,137.16,137.16,5006.0
2026-07-22 12:30:00+05:30,137.16,137.27,137.0,137.01,7601.0
2026-07-22 12:35:00+05:30,137.09,137.12,137.0,137.0,5592.0
2026-07-22 12:40:00+05:30,137.02,137.16,136.95,137.01,19450.0
2026-07-22 12:45:00+05:30,137.01,137.24,137.01,137.14,2633.0
2026-07-22 12:50:00+05:30,137.14,137.3,137.13,137.16,2319.0
2026-07-22 12:55:00+05:30,137.16,137.37,137.16,137.2,2306.0
2026-07-22 13:00:00+05:30,137.29,137.32,137.13,137.24,2471.0
2026-07-22 13:05:00+05:30,137.24,137.24,137.01,137.2,6949.0
2026-07-22 13:10:00+05:30,137.09,137.3,137.08,137.13,4951.0
2026-07-22 13:15:00+05:30,137.22,137.3,137.1,137.22,3714.0
2026-07-22 13:20:00+05:30,137.29,137.37,137.2,137.29,8760.0
2026-07-22 13:25:00+05:30,137.29,137.34,137.2,137.21,7522.0
2026-07-22 13:30:00+05:30,137.2,137.53,137.2,137.38,22433.0
2026-07-22 13:35:00+05:30,137.38,137.65,137.37,137.37,8878.0
2026-07-22 13:40:00+05:30,137.39,137.49,137.25,137.3,9575.0
2026-07-22 13:45:00+05:30,137.3,137.41,137.25,137.3,1099.0
2026-07-22 13:50:00+05:30,137.27,137.3,137.13,137.15,3353.0
2026-07-22 13:55:00+05:30,137.15,137.32,137.1,137.24,3111.0
2026-07-22 14:00:00+05:30,137.3,137.3,137.1,137.12,4247.0
2026-07-22 14:05:00+05:30,137.24,137.26,137.13,137.2,4430.0
2026-07-22 14:10:00+05:30,137.25,137.3,137.15,137.17,2788.0
2026-07-22 14:15:00+05:30,137.26,137.95,137.15,137.85,25717.0
2026-07-22 14:20:00+05:30,137.86,137.95,137.54,137.54,5386.0
2026-07-22 14:25:00+05:30,137.54,137.64,137.5,137.5,3886.0
2026-07-22 14:30:00+05:30,137.58,137.7,137.45,137.67,13551.0
2026-07-22 14:35:00+05:30,137.59,137.74,137.5,137.74,12483.0
2026-07-22 14:40:00+05:30,137.74,137.74,137.52,137.67,21176.0
2026-07-22 14:45:00+05:30,137.67,137.99,137.61,137.84,33900.0
2026-07-22 14:50:00+05:30,137.82,137.9,137.7,137.71,12767.0
2026-07-22 14:55:00+05:30,137.71,138.14,137.7,137.98,41207.0
2026-07-22 15:00:00+05:30,137.98,137.98,137.58,137.67,16898.0
2026-07-22 15:05:00+05:30,137.67,137.83,137.59,137.77,6137.0
2026-07-22 15:10:00+05:30,137.77,137.92,137.73,137.74,29362.0
2026-07-22 15:15:00+05:30,137.74,137.81,137.6,137.7,30466.0
2026-07-22 15:20:00+05:30,137.61,137.82,137.5,137.82,45006.0
2026-07-22 15:25:00+05:30,137.73,138.14,137.65,138.0,62078.0
2026-07-23 09:15:00+05:30,136.5,137.4,136.45,137.19,35091.0
2026-07-23 09:20:00+05:30,137.19,137.7,137.03,137.25,20024.0
2026-07-23 09:25:00+05:30,137.43,137.89,137.4,137.75,26704.0
2026-07-23 09:30:00+05:30,137.72,137.86,137.5,137.5,26391.0
2026-07-23 09:35:00+05:30,137.58,137.58,137.19,137.25,14007.0
2026-07-23 09:40:00+05:30,137.25,137.34,137.12,137.18,8749.0
2026-07-23 09:45:00+05:30,137.11,137.18,136.94,137.12,10078.0
2026-07-23 09:50:00+05:30,137.12,137.2,137.07,137.15,5477.0
2026-07-23 09:55:00+05:30,137.2,137.49,137.16,137.42,4482.0
2026-07-23 10:00:00+05:30,137.5,137.87,137.42,137.87,13590.0
2026-07-23 10:05:00+05:30,137.87,137.87,137.52,137.68,9722.0
2026-07-23 10:10:00+05:30,137.77,137.89,137.71,137.81,3974.0
2026-07-23 10:15:00+05:30,137.81,137.98,137.75,137.85,7781.0
2026-07-23 10:20:00+05:30,137.8,138.0,137.48,137.87,25383.0
2026-07-23 10:25:00+05:30,137.87,137.9,137.53,137.88,6281.0
2026-07-23 10:30:00+05:30,137.88,137.89,137.65,137.71,4946.0
2026-07-23 10:35:00+05:30,137.69,137.71,137.56,137.59,3017.0
2026-07-23 10:40:00+05:30,137.57,137.6,137.43,137.58,7823.0
2026-07-23 10:45:00+05:30,137.72,137.76,137.58,137.76,6926.0
2026-07-23 10:50:00+05:30,137.8,137.98,137.7,137.8,8717.0
2026-07-23 10:55:00+05:30,137.8,137.95,137.74,137.95,17002.0
2026-07-23 11:00:00+05:30,137.95,138.16,137.89,138.16,14599.0
2026-07-23 11:05:00+05:30,138.16,138.16,138.0,138.13,2331.0
2026-07-23 11:10:00+05:30,138.13,138.15,137.83,137.96,12925.0
2026-07-23 11:15:00+05:30,137.98,138.01,137.85,137.94,2977.0
2026-07-23 11:20:00+05:30,137.93,137.93,137.55,137.65,5937.0
2026-07-23 11:25:00+05:30,137.55,137.72,137.5,137.52,6434.0
2026-07-23 11:30:00+05:30,137.51,137.68,137.4,137.5,9891.0
2026-07-23 11:35:00+05:30,137.5,137.69,137.4,137.55,8095.0
2026-07-23 11:40:00+05:30,137.65,137.77,137.55,137.77,542.0
2026-07-23 11:45:00+05:30,137.77,137.77,137.64,137.66,1156.0
2026-07-23 11:50:00+05:30,137.66,137.7,137.6,137.69,2688.0
2026-07-23 11:55:00+05:30,137.69,137.69,137.61,137.69,2749.0
2026-07-23 12:00:00+05:30,137.75,137.89,137.73,137.89,3238.0
2026-07-23 12:05:00+05:30,137.89,137.89,137.78,137.89,2721.0
2026-07-23 12:10:00+05:30,137.88,137.99,137.83,137.83,2172.0
2026-07-23 12:15:00+05:30,137.8,137.82,137.64,137.72,5582.0
2026-07-23 12:20:00+05:30,137.72,137.84,137.64,137.75,2750.0
2026-07-23 12:25:00+05:30,137.75,137.9,137.73,137.88,2462.0
2026-07-23 12:30:00+05:30,137.73,137.76,137.36,137.49,5477.0
2026-07-23 12:35:00+05:30,137.49,137.52,137.36,137.46,2935.0
2026-07-23 12:40:00+05:30,137.46,137.46,137.15,137.22,10854.0
2026-07-23 12:45:00+05:30,137.12,137.25,136.99,137.0,31057.0
2026-07-23 12:50:00+05:30,136.99,137.1,136.98,137.1,2600.0
2026-07-23 12:55:00+05:30,137.09,137.3,137.09,137.29,4054.0
2026-07-23 13:00:00+05:30,137.2,137.29,137.1,137.2,6212.0
2026-07-23 13:05:00+05:30,137.2,137.2,136.89,136.98,15106.0
2026-07-23 13:10:00+05:30,136.5,136.65,136.45,136.6,62443.0
2026-07-23 13:15:00+05:30,136.5,136.64,136.36,136.54,9704.0
2026-07-23 13:20:00+05:30,136.61,136.7,136.56,136.63,3956.0
2026-07-23 13:25:00+05:30,136.64,136.68,136.55,136.59,767.0
2026-07-23 13:30:00+05:30,136.52,136.59,136.45,136.54,7994.0
2026-07-23 13:35:00+05:30,136.54,136.86,136.46,136.76,6072.0
2026-07-23 13:40:00+05:30,136.76,136.76,136.55,136.66,4097.0
2026-07-23 13:45:00+05:30,136.56,136.74,136.55,136.74,1816.0
2026-07-23 13:50:00+05:30,136.74,136.84,136.51,136.82,11553.0
2026-07-23 13:55:00+05:30,136.82,136.86,136.6,136.61,5459.0
2026-07-23 14:00:00+05:30,136.71,136.76,136.61,136.75,3526.0
2026-07-23 14:05:00+05:30,136.77,136.79,136.55,136.61,5800.0
2026-07-23 14:10:00+05:30,136.51,136.85,136.51,136.72,14062.0
2026-07-23 14:15:00+05:30,136.72,136.78,136.6,136.62,4292.0
2026-07-23 14:20:00+05:30,136.62,136.75,136.41,136.75,19816.0
2026-07-23 14:25:00+05:30,136.75,136.75,136.51,136.62,5168.0
2026-07-23 14:30:00+05:30,136.62,136.83,136.0,136.48,60511.0
2026-07-23 14:35:00+05:30,136.48,136.64,136.0,136.29,18860.0
2026-07-23 14:40:00+05:30,136.31,136.38,136.2,136.31,3107.0
2026-07-23 14:45:00+05:30,136.25,136.32,136.01,136.13,14784.0
2026-07-23 14:50:00+05:30,136.13,136.22,136.02,136.22,3298.0
2026-07-23 14:55:00+05:30,136.22,136.32,136.11,136.24,6434.0
2026-07-23 15:00:00+05:30,136.25,136.34,136.15,136.2,10602.0
2026-07-23 15:05:00+05:30,136.19,136.35,136.13,136.23,10576.0
2026-07-23 15:10:00+05:30,136.23,136.23,136.02,136.13,42479.0
2026-07-23 15:15:00+05:30,136.13,136.43,136.06,136.2,26919.0
2026-07-23 15:20:00+05:30,136.2,136.21,136.1,136.2,18919.0
2026-07-23 15:25:00+05:30,136.2,136.7,136.0,136.7,43947.0
2026-07-24 09:15:00+05:30,134.81,136.0,134.1,136.0,65493.0
2026-07-24 09:20:00+05:30,135.98,135.98,135.1,135.24,26078.0
2026-07-24 09:25:00+05:30,135.14,135.29,134.75,135.0,20382.0
2026-07-24 09:30:00+05:30,135.06,135.26,134.85,135.21,13811.0
2026-07-24 09:35:00+05:30,135.22,135.22,134.99,135.03,7437.0
2026-07-24 09:40:00+05:30,135.06,135.14,134.91,135.0,14037.0
2026-07-24 09:45:00+05:30,135.08,135.19,135.01,135.18,11119.0
2026-07-24 09:50:00+05:30,135.17,135.28,135.08,135.24,14675.0
2026-07-24 09:55:00+05:30,135.24,135.24,135.03,135.04,9009.0
2026-07-24 10:00:00+05:30,135.03,135.2,135.02,135.12,9337.0
2026-07-24 10:05:00+05:30,135.12,135.21,135.09,135.19,8080.0
2026-07-24 10:10:00+05:30,135.16,135.17,134.94,134.99,11489.0
2026-07-24 10:15:00+05:30,135.03,135.18,134.99,135.05,7467.0
2026-07-24 10:20:00+05:30,135.04,135.15,134.9,134.97,12216.0
2026-07-24 10:25:00+05:30,135.06,135.15,134.91,135.1,16830.0
2026-07-24 10:30:00+05:30,135.02,135.28,135.0,135.18,20266.0
2026-07-24 10:35:00+05:30,135.29,135.8,135.21,135.78,13103.0
2026-07-24 10:40:00+05:30,135.75,135.76,135.56,135.6,14739.0
2026-07-24 10:45:00+05:30,135.64,135.88,135.64,135.87,7632.0
2026-07-24 10:50:00+05:30,135.86,136.0,135.68,135.8,19715.0
2026-07-24 10:55:00+05:30,135.75,135.79,135.48,135.57,14705.0
2026-07-24 11:00:00+05:30,135.43,135.57,135.43,135.5,7407.0
2026-07-24 11:05:00+05:30,135.5,135.5,135.36,135.43,3920.0
2026-07-24 11:10:00+05:30,135.36,135.6,135.36,135.43,11310.0
2026-07-24 11:15:00+05:30,135.42,135.8,135.38,135.8,6900.0
2026-07-24 11:20:00+05:30,135.8,136.19,135.8,136.16,16481.0
2026-07-24 11:25:00+05:30,136.17,136.17,136.01,136.12,8815.0
2026-07-24 11:30:00+05:30,136.12,136.13,135.97,136.13,5345.0
2026-07-24 11:35:00+05:30,136.18,136.29,136.07,136.24,10480.0
2026-07-24 11:40:00+05:30,136.23,136.58,136.23,136.58,11023.0
2026-07-24 11:45:00+05:30,136.58,136.9,136.52,136.77,14119.0
2026-07-24 11:50:00+05:30,136.81,136.9,136.73,136.8,14459.0
2026-07-24 11:55:00+05:30,136.83,136.9,136.6,136.76,7824.0
2026-07-24 12:00:00+05:30,136.77,136.77,136.62,136.72,4951.0
2026-07-24 12:05:00+05:30,136.86,136.95,136.8,136.8,5561.0
2026-07-24 12:10:00+05:30,136.8,137.0,136.65,136.8,24674.0
2026-07-24 12:15:00+05:30,136.8,137.15,136.73,136.99,6931.0
2026-07-24 12:20:00+05:30,136.98,137.15,136.9,137.15,9351.0
2026-07-24 12:25:00+05:30,137.12,137.59,137.1,137.46,26302.0
2026-07-24 12:30:00+05:30,137.49,137.74,137.49,137.59,7082.0
2026-07-24 12:35:00+05:30,137.5,137.5,137.11,137.11,13010.0
2026-07-24 12:40:00+05:30,137.22,137.73,137.22,137.61,10770.0
2026-07-24 12:45:00+05:30,137.54,137.58,137.4,137.51,13743.0
2026-07-24 12:50:00+05:30,137.6,137.6,137.43,137.51,3506.0
2026-07-24 12:55:00+05:30,137.56,137.69,137.55,137.67,8867.0
2026-07-24 13:00:00+05:30,137.67,137.69,137.4,137.47,5666.0
2026-07-24 13:05:00+05:30,137.41,137.41,137.17,137.29,9665.0
2026-07-24 13:10:00+05:30,137.3,137.37,137.06,137.24,6048.0
2026-07-24 13:15:00+05:30,137.35,137.49,137.24,137.45,6327.0
2026-07-24 13:20:00+05:30,137.45,137.55,137.44,137.53,2750.0
2026-07-24 13:25:00+05:30,137.52,137.53,137.36,137.4,7243.0
2026-07-24 13:30:00+05:30,137.41,137.41,137.2,137.22,11496.0
2026-07-24 13:35:00+05:30,137.24,137.39,137.11,137.39,3892.0
2026-07-24 13:40:00+05:30,137.33,137.38,136.98,137.06,8782.0
2026-07-24 13:45:00+05:30,137.06,137.26,137.06,137.24,1957.0
2026-07-24 13:50:00+05:30,137.24,137.46,137.24,137.36,4160.0
2026-07-24 13:55:00+05:30,137.37,137.41,137.26,137.41,8323.0
2026-07-24 14:00:00+05:30,137.47,137.67,137.39,137.55,9712.0
2026-07-24 14:05:00+05:30,137.57,137.62,137.41,137.49,6432.0
2026-07-24 14:10:00+05:30,137.51,137.52,137.43,137.44,5439.0
2026-07-24 14:15:00+05:30,137.44,137.44,137.29,137.34,3001.0
2026-07-24 14:20:00+05:30,137.33,137.44,137.05,137.19,11089.0
2026-07-24 14:25:00+05:30,137.19,137.19,137.05,137.19,6633.0
2026-07-24 14:30:00+05:30,137.16,137.16,137.01,137.09,14665.0
2026-07-24 14:35:00+05:30,137.08,137.08,136.84,136.91,13918.0
2026-07-24 14:40:00+05:30,136.91,137.34,136.86,137.27,6909.0
2026-07-24 14:45:00+05:30,137.33,137.4,137.05,137.09,5460.0
2026-07-24 14:50:00+05:30,137.05,137.24,137.04,137.24,4858.0
2026-07-24 14:55:00+05:30,137.38,137.38,137.15,137.16,24764.0
2026-07-24 15:00:00+05:30,137.16,137.16,136.82,136.85,25183.0
2026-07-24 15:05:00+05:30,136.86,136.89,136.71,136.73,17413.0
2026-07-24 15:10:00+05:30,136.74,137.15,136.73,137.1,14580.0
2026-07-24 15:15:00+05:30,137.1,137.4,137.01,137.25,31906.0
2026-07-24 15:20:00+05:30,137.26,137.26,137.0,137.16,23826.0
2026-07-24 15:25:00+05:30,137.16,137.5,137.15,137.5,28669.0
2026-07-27 09:15:00+05:30,141.0,142.5,138.11,140.95,209439.0
2026-07-27 09:20:00+05:30,140.9,141.0,140.43,140.75,72504.0
2026-07-27 09:25:00+05:30,140.75,140.95,140.41,140.94,40752.0
2026-07-27 09:30:00+05:30,140.88,140.99,140.55,140.55,41174.0
2026-07-27 09:35:00+05:30,140.69,140.93,139.61,140.64,46311.0
2026-07-27 09:40:00+05:30,140.52,140.71,140.25,140.27,14212.0
2026-07-27 09:45:00+05:30,140.27,140.6,140.21,140.46,29465.0
2026-07-27 09:50:00+05:30,140.46,140.46,139.9,139.9,15791.0
2026-07-27 09:55:00+05:30,139.9,140.0,139.71,139.91,17993.0
2026-07-27 10:00:00+05:30,139.98,140.2,139.9,139.94,20612.0
2026-07-27 10:05:00+05:30,139.86,140.02,139.64,139.73,13669.0
2026-07-27 10:10:00+05:30,139.73,139.76,139.53,139.74,14352.0
2026-07-27 10:15:00+05:30,139.71,139.92,139.51,139.6,6296.0
2026-07-27 10:20:00+05:30,139.53,139.6,139.3,139.47,13599.0
2026-07-27 10:25:00+05:30,139.4,139.47,139.29,139.34,6174.0
2026-07-27 10:30:00+05:30,139.34,140.22,139.2,139.7,28621.0
2026-07-27 10:35:00+05:30,139.8,139.82,139.51,139.58,5811.0
2026-07-27 10:40:00+05:30,139.58,139.72,139.52,139.71,4177.0
2026-07-27 10:45:00+05:30,139.71,139.77,139.4,139.53,7539.0
2026-07-27 10:50:00+05:30,139.55,139.65,139.41,139.41,2585.0
2026-07-27 10:55:00+05:30,139.5,139.61,139.36,139.44,13590.0
2026-07-27 11:00:00+05:30,139.44,139.49,139.31,139.49,5381.0
2026-07-27 11:05:00+05:30,139.49,139.75,139.35,139.75,8346.0
2026-07-27 11:10:00+05:30,139.84,140.59,139.76,140.46,30561.0
2026-07-27 11:15:00+05:30,140.58,140.82,140.4,140.5,18811.0
2026-07-27 11:20:00+05:30,140.5,140.5,140.3,140.39,7272.0
2026-07-27 11:25:00+05:30,140.39,140.5,140.22,140.34,18965.0
2026-07-27 11:30:00+05:30,140.42,140.95,140.32,140.88,14394.0
2026-07-27 11:35:00+05:30,140.88,141.34,140.73,141.27,28047.0
2026-07-27 11:40:00+05:30,141.27,142.5,141.17,142.34,170054.0
2026-07-27 11:45:00+05:30,142.42,142.71,142.0,142.01,82859.0
2026-07-27 11:50:00+05:30,142.08,142.55,142.0,142.39,52350.0
2026-07-27 11:55:00+05:30,142.39,142.43,142.06,142.09,17925.0
2026-07-27 12:00:00+05:30,142.2,142.2,141.93,142.03,19050.0
2026-07-27 12:05:00+05:30,142.1,142.25,141.77,142.19,34408.0
2026-07-27 12:10:00+05:30,142.19,142.23,141.9,142.06,11548.0
2026-07-27 12:15:00+05:30,142.09,142.2,142.0,142.19,14424.0
2026-07-27 12:20:00+05:30,142.19,142.2,141.95,142.05,25334.0
2026-07-27 12:25:00+05:30,142.05,142.1,142.0,142.08,11613.0
2026-07-27 12:30:00+05:30,142.08,142.24,142.0,142.21,7646.0
2026-07-27 12:35:00+05:30,142.21,142.24,142.0,142.09,18474.0
2026-07-27 12:40:00+05:30,142.09,142.2,142.06,142.18,7352.0
2026-07-27 12:45:00+05:30,142.18,142.69,142.17,142.5,50902.0
2026-07-27 12:50:00+05:30,142.39,142.51,142.28,142.39,7616.0
2026-07-27 12:55:00+05:30,142.39,142.39,142.21,142.38,6479.0
2026-07-27 13:00:00+05:30,142.38,142.4,142.26,142.34,5650.0
2026-07-27 13:05:00+05:30,142.29,142.49,142.23,142.46,10962.0
2026-07-27 13:10:00+05:30,142.46,142.47,142.31,142.4,6963.0
2026-07-27 13:15:00+05:30,142.4,142.46,142.23,142.31,14204.0
2026-07-27 13:20:00+05:30,142.4,142.65,142.31,142.56,18994.0
2026-07-27 13:25:00+05:30,142.66,142.68,142.43,142.57,17428.0
2026-07-27 13:30:00+05:30,142.57,142.6,142.4,142.42,5883.0
2026-07-27 13:35:00+05:30,142.34,142.5,142.15,142.2,38011.0
2026-07-27 13:40:00+05:30,142.23,142.28,142.08,142.21,8880.0
2026-07-27 13:45:00+05:30,142.2,142.27,142.09,142.25,9094.0
2026-07-27 13:50:00+05:30,142.25,142.25,142.1,142.23,3675.0
2026-07-27 13:55:00+05:30,142.24,142.25,142.06,142.17,7347.0
2026-07-27 14:00:00+05:30,142.19,142.2,142.11,142.2,2484.0
2026-07-27 14:05:00+05:30,142.15,142.19,142.06,142.07,8513.0
2026-07-27 14:10:00+05:30,142.15,142.24,142.08,142.13,1940.0
2026-07-27 14:15:00+05:30,142.13,142.32,142.13,142.23,13401.0
2026-07-27 14:20:00+05:30,142.15,142.38,142.11,142.2,20856.0
2026-07-27 14:25:00+05:30,142.0,142.19,142.0,142.19,9210.0
2026-07-27 14:30:00+05:30,142.21,142.21,142.04,142.06,12720.0
2026-07-27 14:35:00+05:30,142.06,142.21,142.0,142.0,7336.0
2026-07-27 14:40:00+05:30,142.01,142.08,141.9,142.05,36048.0
2026-07-27 14:45:00+05:30,142.08,142.15,142.0,142.1,3116.0
2026-07-27 14:50:00+05:30,142.05,142.2,142.01,142.16,20991.0
2026-07-27 14:55:00+05:30,142.15,142.25,142.06,142.25,10279.0
2026-07-27 15:00:00+05:30,142.25,142.35,142.09,142.35,31311.0
2026-07-27 15:05:00+05:30,142.35,142.37,142.05,142.14,33356.0
2026-07-27 15:10:00+05:30,142.14,142.22,142.06,142.15,33240.0
2026-07-27 15:15:00+05:30,142.05,142.28,142.04,142.19,33529.0
2026-07-27 15:20:00+05:30,142.15,142.19,142.01,142.17,38244.0
2026-07-27 15:25:00+05:30,142.17,142.32,142.01,142.01,28896.0
2026-07-28 09:15:00+05:30,142.02,143.0,141.13,141.76,33727.0
2026-07-28 09:20:00+05:30,141.75,141.86,141.03,141.25,35278.0
2026-07-28 09:25:00+05:30,141.2,141.37,141.2,141.3,6093.0
2026-07-28 09:30:00+05:30,141.37,141.42,140.92,141.29,25568.0
2026-07-28 09:35:00+05:30,141.25,141.51,141.02,141.18,8494.0
2026-07-28 09:40:00+05:30,141.36,141.44,141.2,141.36,11515.0
2026-07-28 09:45:00+05:30,141.36,141.36,141.02,141.03,10056.0
2026-07-28 09:50:00+05:30,141.05,141.2,141.03,141.16,11502.0
2026-07-28 09:55:00+05:30,141.24,141.39,141.1,141.18,15979.0
2026-07-28 10:00:00+05:30,141.12,141.12,140.8,140.84,13734.0
2026-07-28 10:05:00+05:30,140.8,140.9,140.76,140.84,7220.0
2026-07-28 10:10:00+05:30,140.81,140.92,140.77,140.87,3556.0
2026-07-28 10:15:00+05:30,140.87,141.27,140.86,141.1,6856.0
2026-07-28 10:20:00+05:30,141.09,141.12,140.88,141.0,13295.0
2026-07-28 10:25:00+05:30,140.99,141.04,140.91,140.98,6791.0
2026-07-28 10:30:00+05:30,140.91,141.0,140.89,141.0,3379.0
2026-07-28 10:35:00+05:30,140.99,141.12,140.82,140.85,8580.0
2026-07-28 10:40:00+05:30,140.9,140.98,140.85,140.95,4751.0
2026-07-28 10:45:00+05:30,141.0,141.01,140.9,140.94,2269.0
2026-07-28 10:50:00+05:30,141.0,141.1,140.9,140.9,7473.0
2026-07-28 10:55:00+05:30,140.9,141.0,140.9,140.92,2715.0
2026-07-28 11:00:00+05:30,140.99,141.06,140.92,141.06,3807.0
2026-07-28 11:05:00+05:30,141.12,141.2,141.0,141.0,3565.0
2026-07-28 11:10:00+05:30,141.02,141.05,140.95,141.0,3906.0
2026-07-28 11:15:00+05:30,141.04,141.19,141.02,141.13,2467.0
2026-07-28 11:20:00+05:30,141.19,141.2,141.0,141.1,3092.0
2026-07-28 11:25:00+05:30,141.09,141.2,141.02,141.02,7419.0
2026-07-28 11:30:00+05:30,141.02,141.02,140.76,140.76,11771.0
2026-07-28 11:35:00+05:30,140.75,141.09,140.75,141.0,4785.0
2026-07-28 11:40:00+05:30,140.99,141.17,140.95,141.16,2723.0
2026-07-28 11:45:00+05:30,141.16,141.25,141.12,141.17,2967.0
2026-07-28 11:50:00+05:30,141.14,141.14,140.76,140.87,6030.0
2026-07-28 11:55:00+05:30,140.81,141.09,140.78,140.9,5407.0
2026-07-28 12:00:00+05:30,140.83,141.01,140.8,140.88,6946.0
2026-07-28 12:05:00+05:30,140.94,141.17,140.86,140.97,2640.0
2026-07-28 12:10:00+05:30,141.07,141.09,140.97,141.09,1864.0
2026-07-28 12:15:00+05:30,141.01,141.09,140.86,141.01,3654.0
2026-07-28 12:20:00+05:30,141.01,141.2,141.01,141.15,4931.0
2026-07-28 12:25:00+05:30,141.14,141.25,141.03,141.19,8484.0
2026-07-28 12:30:00+05:30,141.17,141.2,141.05,141.07,3757.0
2026-07-28 12:35:00+05:30,141.07,141.15,141.0,141.15,5062.0
2026-07-28 12:40:00+05:30,141.16,141.3,141.09,141.24,9666.0
2026-07-28 12:45:00+05:30,141.15,141.18,141.02,141.07,5812.0
2026-07-28 12:50:00+05:30,141.07,141.07,141.0,141.05,2753.0
2026-07-28 12:55:00+05:30,141.04,141.18,141.04,141.09,2015.0
2026-07-28 13:00:00+05:30,141.16,141.19,140.44,140.52,59055.0
2026-07-28 13:05:00+05:30,140.61,140.78,140.58,140.78,2683.0
2026-07-28 13:10:00+05:30,140.7,140.89,140.7,140.74,3019.0
2026-07-28 13:15:00+05:30,140.72,140.72,140.42,140.45,8495.0
2026-07-28 13:20:00+05:30,140.48,140.72,140.48,140.7,6529.0
2026-07-28 13:25:00+05:30,140.71,140.8,140.69,140.8,2082.0
2026-07-28 13:30:00+05:30,140.79,140.96,140.73,140.89,4698.0
2026-07-28 13:35:00+05:30,140.95,140.98,140.58,140.58,3365.0
2026-07-28 13:40:00+05:30,140.6,140.7,139.92,140.28,59559.0
2026-07-28 13:45:00+05:30,140.36,140.41,139.31,139.5,124218.0
2026-07-28 13:50:00+05:30,139.52,139.55,139.3,139.48,54984.0
2026-07-28 13:55:00+05:30,139.45,139.73,138.77,139.12,72775.0
2026-07-28 14:00:00+05:30,139.12,139.26,138.9,139.24,5568.0
2026-07-28 14:05:00+05:30,139.26,139.29,138.62,138.77,77380.0
2026-07-28 14:10:00+05:30,138.83,139.13,138.74,138.99,18016.0
2026-07-28 14:15:00+05:30,138.95,139.22,138.89,139.15,8415.0
2026-07-28 14:20:00+05:30,139.15,139.22,138.6,138.85,71686.0
2026-07-28 14:25:00+05:30,138.87,138.98,138.46,138.49,29964.0
2026-07-28 14:30:00+05:30,138.47,138.61,138.3,138.39,67142.0
2026-07-28 14:35:00+05:30,138.39,138.6,138.29,138.5,65702.0
2026-07-28 14:40:00+05:30,138.54,138.83,138.08,138.31,76200.0
2026-07-28 14:45:00+05:30,138.31,138.41,137.8,138.12,150555.0
2026-07-28 14:50:00+05:30,138.14,138.22,137.94,138.0,42142.0
2026-07-28 14:55:00+05:30,138.0,138.17,137.81,137.85,74397.0
2026-07-28 15:00:00+05:30,137.85,137.85,137.29,137.62,82561.0
2026-07-28 15:05:00+05:30,137.59,137.86,137.59,137.86,35530.0
2026-07-28 15:10:00+05:30,137.83,138.02,137.78,137.87,42334.0
2026-07-28 15:15:00+05:30,137.85,137.91,137.72,137.8,83624.0
2026-07-28 15:20:00+05:30,137.8,137.99,137.45,137.95,50211.0
2026-07-28 15:25:00+05:30,137.96,137.99,137.5,137.99,58550.0
2026-07-29 09:15:00+05:30,139.47,140.52,138.51,139.4,92361.0
2026-07-29 09:20:00+05:30,139.39,139.7,139.23,139.32,43337.0
2026-07-29 09:25:00+05:30,139.37,139.98,139.35,139.55,25129.0
2026-07-29 09:30:00+05:30,139.55,139.78,139.45,139.67,14632.0
2026-07-29 09:35:00+05:30,139.66,139.73,139.23,139.45,8071.0
2026-07-29 09:40:00+05:30,139.55,139.82,139.45,139.72,17566.0
2026-07-29 09:45:00+05:30,139.84,140.15,139.77,139.92,29742.0
2026-07-29 09:50:00+05:30,139.92,140.1,139.87,139.87,9849.0
2026-07-29 09:55:00+05:30,139.98,140.06,139.71,139.72,15761.0
2026-07-29 10:00:00+05:30,139.73,140.03,139.53,139.93,14116.0
2026-07-29 10:05:00+05:30,139.9,140.03,139.89,139.9,16519.0
2026-07-29 10:10:00+05:30,139.99,140.16,139.92,140.16,10858.0
2026-07-29 10:15:00+05:30,140.16,140.31,140.11,140.31,8506.0
2026-07-29 10:20:00+05:30,140.34,140.34,140.01,140.01,9934.0
2026-07-29 10:25:00+05:30,140.12,140.25,140.0,140.13,9274.0
2026-07-29 10:30:00+05:30,140.0,140.25,139.93,140.17,8957.0
2026-07-29 10:35:00+05:30,140.21,140.5,140.2,140.34,13396.0
2026-07-29 10:40:00+05:30,140.26,140.36,140.22,140.28,2606.0
2026-07-29 10:45:00+05:30,140.28,140.29,139.96,139.96,7220.0
2026-07-29 10:50:00+05:30,139.95,140.29,139.82,140.21,28071.0
2026-07-29 10:55:00+05:30,140.21,140.22,139.94,140.01,21450.0
2026-07-29 11:00:00+05:30,140.1,140.1,139.92,140.05,6184.0
2026-07-29 11:05:00+05:30,140.05,140.21,140.0,140.21,2393.0
2026-07-29 11:10:00+05:30,140.21,140.3,140.09,140.29,6568.0
2026-07-29 11:15:00+05:30,140.29,140.33,140.16,140.3,6188.0
2026-07-29 11:20:00+05:30,140.3,140.3,140.2,140.3,3942.0
2026-07-29 11:25:00+05:30,140.3,140.3,140.01,140.16,10958.0
2026-07-29 11:30:00+05:30,140.06,140.21,140.06,140.19,2704.0
2026-07-29 11:35:00+05:30,140.21,140.21,140.07,140.1,3420.0
2026-07-29 11:40:00+05:30,140.18,140.19,139.92,140.0,7422.0
2026-07-29 11:45:00+05:30,140.0,140.0,139.83,139.86,9677.0
2026-07-29 11:50:00+05:30,139.89,140.0,139.86,139.96,2613.0
2026-07-29 11:55:00+05:30,139.96,140.13,139.96,140.06,3455.0
2026-07-29 12:00:00+05:30,140.12,140.26,140.06,140.25,5386.0
2026-07-29 12:05:00+05:30,140.2,140.27,140.2,140.27,2297.0
2026-07-29 12:10:00+05:30,140.29,140.4,140.25,140.34,4886.0
2026-07-29 12:15:00+05:30,140.26,140.4,140.2,140.21,10040.0
2026-07-29 12:20:00+05:30,140.21,140.39,140.21,140.29,3130.0
2026-07-29 12:25:00+05:30,140.29,140.4,140.29,140.39,3271.0
2026-07-29 12:30:00+05:30,140.4,140.4,140.29,140.3,6715.0
2026-07-29 12:35:00+05:30,140.3,140.35,140.18,140.26,6116.0
2026-07-29 12:40:00+05:30,140.26,140.31,140.22,140.24,2524.0
2026-07-29 12:45:00+05:30,140.24,140.29,140.12,140.18,7564.0
2026-07-29 12:50:00+05:30,140.18,140.33,140.05,140.08,11808.0
2026-07-29 12:55:00+05:30,140.08,140.2,140.08,140.2,5683.0
2026-07-29 13:00:00+05:30,140.16,140.34,140.16,140.3,14607.0
2026-07-29 13:05:00+05:30,140.3,140.49,140.3,140.45,12327.0
2026-07-29 13:10:00+05:30,140.43,140.56,140.43,140.52,22032.0
2026-07-29 13:15:00+05:30,140.65,140.65,140.39,140.43,10272.0
2026-07-29 13:20:00+05:30,140.35,140.42,140.14,140.17,16004.0
2026-07-29 13:25:00+05:30,140.21,140.24,140.11,140.12,14157.0
2026-07-29 13:30:00+05:30,140.18,140.43,140.17,140.43,4139.0
2026-07-29 13:35:00+05:30,140.43,140.45,140.32,140.33,5590.0
2026-07-29 13:40:00+05:30,140.38,140.45,140.21,140.22,5460.0
2026-07-29 13:45:00+05:30,140.31,140.31,140.16,140.24,8020.0
2026-07-29 13:50:00+05:30,140.24,140.5,140.24,140.5,17507.0
2026-07-29 13:55:00+05:30,140.5,140.52,140.39,140.43,5374.0
2026-07-29 14:00:00+05:30,140.43,140.59,140.39,140.49,3719.0
2026-07-29 14:05:00+05:30,140.52,140.55,140.41,140.5,6303.0
2026-07-29 14:10:00+05:30,140.55,140.78,140.55,140.66,16949.0
2026-07-29 14:15:00+05:30,140.57,140.78,140.57,140.67,26455.0
2026-07-29 14:20:00+05:30,140.68,140.76,140.68,140.7,5536.0
2026-07-29 14:25:00+05:30,140.71,140.94,140.71,140.94,14984.0
2026-07-29 14:30:00+05:30,140.88,141.36,140.88,141.27,53956.0
2026-07-29 14:35:00+05:30,141.21,141.35,141.09,141.09,19369.0
2026-07-29 14:40:00+05:30,141.15,141.53,141.09,141.45,38136.0
2026-07-29 14:45:00+05:30,141.48,141.48,141.27,141.47,14768.0
2026-07-29 14:50:00+05:30,141.47,141.48,141.4,141.48,6706.0
2026-07-29 14:55:00+05:30,141.48,141.5,141.36,141.47,27002.0
2026-07-29 15:00:00+05:30,141.47,142.17,141.44,141.93,148955.0
2026-07-29 15:05:00+05:30,141.98,142.5,141.98,142.1,169421.0
2026-07-29 15:10:00+05:30,142.1,142.49,142.0,142.4,78943.0
2026-07-29 15:15:00+05:30,142.4,142.4,142.11,142.2,73064.0
2026-07-29 15:20:00+05:30,142.19,142.25,142.03,142.18,69813.0
2026-07-29 15:25:00+05:30,142.18,142.49,142.16,142.39,87146.0
2026-07-30 09:15:00+05:30,141.95,142.28,140.64,141.83,83998.0
2026-07-30 09:20:00+05:30,141.76,141.89,141.35,141.45,18532.0
2026-07-30 09:25:00+05:30,141.44,141.86,141.3,141.3,16659.0
2026-07-30 09:30:00+05:30,141.4,141.68,141.3,141.32,18035.0
2026-07-30 09:35:00+05:30,141.4,141.55,141.3,141.46,20885.0
2026-07-30 09:40:00+05:30,141.45,141.5,141.11,141.16,36027.0
2026-07-30 09:45:00+05:30,141.2,141.68,141.14,141.37,9193.0
2026-07-30 09:50:00+05:30,141.37,141.65,141.16,141.24,9689.0
2026-07-30 09:55:00+05:30,141.24,141.32,141.01,141.26,6333.0
2026-07-30 10:00:00+05:30,141.18,141.4,141.02,141.11,6581.0
2026-07-30 10:05:00+05:30,141.1,141.25,141.03,141.04,9295.0
2026-07-30 10:10:00+05:30,141.09,141.29,140.9,141.07,20160.0
2026-07-30 10:15:00+05:30,141.03,141.33,141.01,141.2,7791.0
2026-07-30 10:20:00+05:30,141.17,141.17,141.0,141.15,7028.0
2026-07-30 10:25:00+05:30,141.09,141.25,141.09,141.21,2458.0
2026-07-30 10:30:00+05:30,141.22,141.25,141.12,141.14,10329.0
2026-07-30 10:35:00+05:30,141.15,141.56,141.13,141.55,20950.0
2026-07-30 10:40:00+05:30,141.47,141.58,141.26,141.52,5439.0
2026-07-30 10:45:00+05:30,141.55,141.75,141.5,141.75,3455.0
2026-07-30 10:50:00+05:30,141.67,141.94,141.67,141.78,9073.0
2026-07-30 10:55:00+05:30,141.78,141.86,141.63,141.7,10452.0
2026-07-30 11:00:00+05:30,141.68,141.82,141.44,141.78,17129.0
2026-07-30 11:05:00+05:30,141.75,141.9,141.65,141.76,3057.0
2026-07-30 11:10:00+05:30,141.75,141.94,141.75,141.94,5889.0
2026-07-30 11:15:00+05:30,141.88,141.95,141.75,141.86,3782.0
2026-07-30 11:20:00+05:30,141.86,141.97,141.85,141.87,7970.0
2026-07-30 11:25:00+05:30,141.89,142.1,141.87,142.08,8245.0
2026-07-30 11:30:00+05:30,142.07,142.4,142.07,142.16,16407.0
2026-07-30 11:35:00+05:30,142.13,142.2,142.0,142.01,5908.0
2026-07-30 11:40:00+05:30,142.03,142.17,141.91,141.91,8125.0
2026-07-30 11:45:00+05:30,141.95,142.01,141.5,141.5,9818.0
2026-07-30 11:50:00+05:30,141.5,141.66,141.41,141.41,6891.0
2026-07-30 11:55:00+05:30,141.41,141.5,141.36,141.41,4154.0
2026-07-30 12:00:00+05:30,141.5,141.59,141.4,141.47,2239.0
2026-07-30 12:05:00+05:30,141.46,141.79,141.4,141.61,6053.0
2026-07-30 12:10:00+05:30,141.61,141.68,141.6,141.61,2944.0
2026-07-30 12:15:00+05:30,141.63,141.64,141.5,141.53,5071.0
2026-07-30 12:20:00+05:30,141.52,141.71,141.51,141.61,5283.0
2026-07-30 12:25:00+05:30,141.61,141.7,141.51,141.52,10661.0
2026-07-30 12:30:00+05:30,141.55,142.1,141.51,141.97,12413.0
2026-07-30 12:35:00+05:30,141.97,142.03,141.91,141.96,4216.0
2026-07-30 12:40:00+05:30,141.96,142.21,141.5,141.63,42429.0
2026-07-30 12:45:00+05:30,141.6,141.73,141.6,141.67,3099.0
2026-07-30 12:50:00+05:30,141.68,141.68,141.6,141.61,3866.0
2026-07-30 12:55:00+05:30,141.61,141.9,141.61,141.76,6993.0
2026-07-30 13:00:00+05:30,141.68,141.75,141.34,141.4,13839.0
2026-07-30 13:05:00+05:30,141.47,141.53,141.39,141.49,5859.0
2026-07-30 13:10:00+05:30,141.44,141.52,141.21,141.23,11150.0
2026-07-30 13:15:00+05:30,141.23,141.32,141.2,141.25,5864.0
2026-07-30 13:20:00+05:30,141.23,141.34,141.23,141.27,2449.0
2026-07-30 13:25:00+05:30,141.36,141.49,141.2,141.2,9028.0
2026-07-30 13:30:00+05:30,141.2,141.34,141.2,141.22,5814.0
2026-07-30 13:35:00+05:30,141.25,141.38,141.2,141.24,22316.0
2026-07-30 13:40:00+05:30,141.24,141.45,141.21,141.29,6423.0
2026-07-30 13:45:00+05:30,141.3,142.42,141.27,142.11,52302.0
2026-07-30 13:50:00+05:30,142.13,142.16,141.62,141.95,14128.0
2026-07-30 13:55:00+05:30,142.01,142.01,141.61,141.61,17882.0
2026-07-30 14:00:00+05:30,141.56,141.56,141.21,141.26,9791.0
2026-07-30 14:05:00+05:30,141.26,141.29,141.05,141.07,16005.0
2026-07-30 14:10:00+05:30,141.07,141.15,141.05,141.08,3165.0
2026-07-30 14:15:00+05:30,141.12,141.13,140.82,140.86,24481.0
2026-07-30 14:20:00+05:30,140.86,140.95,140.82,140.87,7092.0
2026-07-30 14:25:00+05:30,140.87,140.98,140.84,140.86,5892.0
2026-07-30 14:30:00+05:30,140.86,141.2,140.86,141.16,8664.0
2026-07-30 14:35:00+05:30,141.16,141.29,141.11,141.19,4867.0
2026-07-30 14:40:00+05:30,141.19,141.2,140.89,140.91,6521.0
2026-07-30 14:45:00+05:30,141.01,141.28,141.01,141.25,5892.0
2026-07-30 14:50:00+05:30,141.25,141.33,141.2,141.25,6220.0
2026-07-30 14:55:00+05:30,141.28,141.3,141.21,141.21,9609.0
2026-07-30 15:00:00+05:30,141.21,141.24,140.7,140.75,41462.0
2026-07-30 15:05:00+05:30,140.71,140.94,140.71,140.88,10835.0
2026-07-30 15:10:00+05:30,140.91,140.95,140.88,140.93,19723.0
2026-07-30 15:15:00+05:30,140.93,140.95,140.8,140.84,45604.0
2026-07-30 15:20:00+05:30,140.84,141.0,140.7,140.86,34275.0
2026-07-30 15:25:00+05:30,140.9,141.0,140.7,141.0,35525.0
