dt,open,high,low,close,volume
2026-05-29 09:15:00+05:30,696.0,702.25,694.7,699.7,4824.0
2026-05-29 09:20:00+05:30,700.8,702.0,697.05,697.45,2231.0
2026-05-29 09:25:00+05:30,697.95,699.0,694.0,694.0,1354.0
2026-05-29 09:30:00+05:30,694.0,695.3,692.0,692.0,1024.0
2026-05-29 09:35:00+05:30,694.35,697.0,687.6,689.7,2546.0
2026-05-29 09:40:00+05:30,689.3,689.5,685.1,685.8,1586.0
2026-05-29 09:45:00+05:30,685.8,688.5,685.0,688.5,1285.0
2026-05-29 09:50:00+05:30,688.5,688.7,687.45,688.55,364.0
2026-05-29 09:55:00+05:30,687.75,689.05,685.7,685.7,1088.0
2026-05-29 10:00:00+05:30,687.05,688.1,686.35,687.9,2306.0
2026-05-29 10:05:00+05:30,687.75,691.9,687.75,691.9,1872.0
2026-05-29 10:10:00+05:30,691.0,692.25,690.85,690.85,777.0
2026-05-29 10:15:00+05:30,690.85,692.2,690.85,692.2,71.0
2026-05-29 10:20:00+05:30,692.0,692.6,691.6,692.6,92.0
2026-05-29 10:25:00+05:30,692.6,692.6,691.85,692.2,184.0
2026-05-29 10:30:00+05:30,691.25,694.45,691.25,693.35,676.0
2026-05-29 10:35:00+05:30,693.2,693.2,692.25,692.25,71.0
2026-05-29 10:40:00+05:30,692.25,693.0,692.25,693.0,505.0
2026-05-29 10:45:00+05:30,693.0,693.0,690.6,690.95,418.0
2026-05-29 10:50:00+05:30,690.25,691.2,690.0,691.0,467.0
2026-05-29 10:55:00+05:30,690.0,691.15,689.7,689.7,271.0
2026-05-29 11:00:00+05:30,689.7,690.7,689.7,690.4,207.0
2026-05-29 11:05:00+05:30,690.4,690.4,689.55,689.8,406.0
2026-05-29 11:10:00+05:30,689.8,692.6,689.8,691.2,889.0
2026-05-29 11:15:00+05:30,690.65,692.15,690.6,692.1,260.0
2026-05-29 11:20:00+05:30,691.45,692.1,691.05,692.1,80.0
2026-05-29 11:25:00+05:30,692.1,692.1,691.25,691.4,185.0
2026-05-29 11:30:00+05:30,691.4,691.4,688.95,689.25,563.0
2026-05-29 11:35:00+05:30,688.65,689.25,688.4,689.2,133.0
2026-05-29 11:40:00+05:30,689.2,690.45,688.0,688.6,468.0
2026-05-29 11:45:00+05:30,688.6,691.9,688.6,691.1,741.0
2026-05-29 11:50:00+05:30,691.1,692.0,690.15,690.35,338.0
2026-05-29 11:55:00+05:30,689.65,690.75,689.65,690.75,71.0
2026-05-29 12:00:00+05:30,690.7,690.9,690.7,690.9,66.0
2026-05-29 12:05:00+05:30,689.0,695.4,689.0,693.8,5276.0
2026-05-29 12:10:00+05:30,694.45,694.45,692.25,692.25,395.0
2026-05-29 12:15:00+05:30,692.25,692.25,690.2,692.0,395.0
2026-05-29 12:20:00+05:30,689.55,689.6,689.0,689.6,2025.0
2026-05-29 12:25:00+05:30,691.25,691.9,689.1,690.55,2089.0
2026-05-29 12:30:00+05:30,690.55,691.0,690.15,691.0,81.0
2026-05-29 12:35:00+05:30,691.0,691.55,691.0,691.55,61.0
2026-05-29 12:40:00+05:30,691.55,691.55,691.55,691.55,37.0
2026-05-29 12:45:00+05:30,691.55,691.8,691.55,691.8,30.0
2026-05-29 12:50:00+05:30,691.8,692.1,691.7,692.0,270.0
2026-05-29 12:55:00+05:30,691.1,691.1,690.5,690.5,27.0
2026-05-29 13:00:00+05:30,690.5,690.8,689.0,689.05,856.0
2026-05-29 13:05:00+05:30,690.25,690.25,688.0,688.0,172.0
2026-05-29 13:10:00+05:30,687.0,687.95,687.0,687.85,176.0
2026-05-29 13:15:00+05:30,687.85,688.15,687.8,688.15,113.0
2026-05-29 13:20:00+05:30,688.15,688.15,687.8,687.8,55.0
2026-05-29 13:25:00+05:30,687.8,687.9,687.8,687.9,115.0
2026-05-29 13:30:00+05:30,687.9,688.4,687.25,688.35,90.0
2026-05-29 13:35:00+05:30,688.35,689.95,688.35,689.95,1896.0
2026-05-29 13:40:00+05:30,689.95,689.95,689.15,689.95,16.0
2026-05-29 13:45:00+05:30,688.85,689.9,688.85,689.9,15.0
2026-05-29 13:50:00+05:30,688.55,688.8,687.3,688.65,131.0
2026-05-29 13:55:00+05:30,688.85,689.0,687.6,689.0,119.0
2026-05-29 14:00:00+05:30,688.3,688.4,688.0,688.1,253.0
2026-05-29 14:05:00+05:30,687.55,687.75,687.3,687.3,499.0
2026-05-29 14:10:00+05:30,687.3,687.3,687.0,687.15,288.0
2026-05-29 14:15:00+05:30,687.15,687.5,686.3,687.25,294.0
2026-05-29 14:20:00+05:30,686.2,686.65,685.65,686.3,778.0
2026-05-29 14:25:00+05:30,685.5,686.85,685.5,686.85,1100.0
2026-05-29 14:30:00+05:30,687.6,688.95,687.6,688.9,96.0
2026-05-29 14:35:00+05:30,688.9,689.3,688.9,689.0,411.0
2026-05-29 14:40:00+05:30,689.0,689.05,688.0,688.45,473.0
2026-05-29 14:45:00+05:30,688.45,689.4,688.45,689.4,65.0
2026-05-29 14:50:00+05:30,688.6,689.7,688.05,688.2,287.0
2026-05-29 14:55:00+05:30,688.2,689.85,688.2,689.25,404.0
2026-05-29 15:00:00+05:30,688.2,688.2,685.2,685.2,2044.0
2026-05-29 15:05:00+05:30,686.05,689.95,685.2,686.9,1675.0
2026-05-29 15:10:00+05:30,689.7,689.7,687.25,689.15,539.0
2026-05-29 15:15:00+05:30,689.2,689.8,685.2,685.2,2270.0
2026-05-29 15:20:00+05:30,686.75,687.6,685.25,687.25,1152.0
2026-05-29 15:25:00+05:30,686.8,687.9,685.1,687.9,1842.0
2026-06-01 09:15:00+05:30,689.2,705.4,689.2,703.1,4384.0
2026-06-01 09:20:00+05:30,705.0,705.4,701.1,704.45,3206.0
2026-06-01 09:25:00+05:30,702.0,710.0,701.25,709.75,11112.0
2026-06-01 09:30:00+05:30,711.2,715.8,709.9,712.3,13175.0
2026-06-01 09:35:00+05:30,712.0,715.0,708.1,709.0,8547.0
2026-06-01 09:40:00+05:30,709.0,709.5,705.0,705.8,1921.0
2026-06-01 09:45:00+05:30,707.0,707.4,704.75,704.75,3518.0
2026-06-01 09:50:00+05:30,704.15,704.2,700.0,702.75,2016.0
2026-06-01 09:55:00+05:30,703.75,705.7,702.0,705.7,1795.0
2026-06-01 10:00:00+05:30,705.4,705.7,700.15,700.6,1814.0
2026-06-01 10:05:00+05:30,700.6,701.75,700.6,700.75,661.0
2026-06-01 10:10:00+05:30,700.75,702.75,700.65,701.45,934.0
2026-06-01 10:15:00+05:30,700.95,701.0,699.15,700.25,2118.0
2026-06-01 10:20:00+05:30,700.25,701.2,699.15,700.8,583.0
2026-06-01 10:25:00+05:30,701.1,702.0,699.2,700.45,435.0
2026-06-01 10:30:00+05:30,700.35,701.0,699.6,699.6,283.0
2026-06-01 10:35:00+05:30,699.2,701.0,698.9,701.0,1087.0
2026-06-01 10:40:00+05:30,700.5,704.0,700.5,703.1,2169.0
2026-06-01 10:45:00+05:30,702.7,703.2,702.05,703.2,168.0
2026-06-01 10:50:00+05:30,703.2,706.0,703.2,705.0,1141.0
2026-06-01 10:55:00+05:30,705.9,707.5,705.9,706.4,1021.0
2026-06-01 11:00:00+05:30,704.9,705.9,704.55,704.55,253.0
2026-06-01 11:05:00+05:30,706.0,707.0,705.1,707.0,1423.0
2026-06-01 11:10:00+05:30,707.0,709.0,706.8,708.35,2108.0
2026-06-01 11:15:00+05:30,708.75,708.95,707.3,707.5,1365.0
2026-06-01 11:20:00+05:30,708.05,708.75,705.55,705.55,401.0
2026-06-01 11:25:00+05:30,705.55,706.6,702.45,702.85,1156.0
2026-06-01 11:30:00+05:30,702.85,702.85,700.55,701.6,564.0
2026-06-01 11:35:00+05:30,701.95,701.95,701.0,701.95,558.0
2026-06-01 11:40:00+05:30,701.95,702.95,701.95,702.95,351.0
2026-06-01 11:45:00+05:30,702.0,702.0,699.3,700.95,895.0
2026-06-01 11:50:00+05:30,700.95,701.7,699.85,701.7,94.0
2026-06-01 11:55:00+05:30,701.7,701.7,699.7,699.7,164.0
2026-06-01 12:00:00+05:30,699.7,700.4,699.1,700.05,172.0
2026-06-01 12:05:00+05:30,700.05,700.5,699.0,700.4,373.0
2026-06-01 12:10:00+05:30,700.4,700.4,699.3,699.5,291.0
2026-06-01 12:15:00+05:30,699.35,700.4,699.0,699.05,369.0
2026-06-01 12:20:00+05:30,699.0,700.2,698.9,700.15,353.0
2026-06-01 12:25:00+05:30,698.75,700.4,698.75,700.35,133.0
2026-06-01 12:30:00+05:30,700.35,700.35,699.0,699.85,185.0
2026-06-01 12:35:00+05:30,699.85,699.85,698.35,698.35,64.0
2026-06-01 12:40:00+05:30,698.35,698.35,697.0,697.0,1069.0
2026-06-01 12:45:00+05:30,697.0,697.9,697.0,697.9,20.0
2026-06-01 12:50:00+05:30,697.9,697.9,696.3,696.3,467.0
2026-06-01 12:55:00+05:30,696.3,696.35,696.3,696.35,1.0
2026-06-01 13:00:00+05:30,696.95,696.95,696.0,696.0,250.0
2026-06-01 13:05:00+05:30,696.0,696.0,694.0,694.0,694.0
2026-06-01 13:10:00+05:30,694.0,694.15,692.35,693.75,506.0
2026-06-01 13:15:00+05:30,692.35,693.7,692.35,693.0,41.0
2026-06-01 13:20:00+05:30,693.75,693.75,692.1,692.75,161.0
2026-06-01 13:25:00+05:30,692.75,692.75,689.0,689.95,828.0
2026-06-01 13:30:00+05:30,690.0,690.0,688.25,689.5,902.0
2026-06-01 13:35:00+05:30,690.0,691.4,689.5,691.15,715.0
2026-06-01 13:40:00+05:30,691.15,691.9,690.9,691.25,134.0
2026-06-01 13:45:00+05:30,690.85,690.85,689.5,689.5,739.0
2026-06-01 13:50:00+05:30,689.5,690.95,689.05,689.05,215.0
2026-06-01 13:55:00+05:30,689.1,689.35,688.25,689.25,149.0
2026-06-01 14:00:00+05:30,689.35,689.35,686.2,686.45,668.0
2026-06-01 14:05:00+05:30,686.45,687.8,685.55,685.85,406.0
2026-06-01 14:10:00+05:30,686.5,686.5,685.05,686.2,265.0
2026-06-01 14:15:00+05:30,686.2,688.65,686.2,688.65,266.0
2026-06-01 14:20:00+05:30,686.75,688.2,686.25,686.65,2128.0
2026-06-01 14:25:00+05:30,686.4,687.6,685.05,685.05,838.0
2026-06-01 14:30:00+05:30,685.7,688.05,685.7,687.1,523.0
2026-06-01 14:35:00+05:30,687.1,688.15,687.0,687.1,102.0
2026-06-01 14:40:00+05:30,687.0,688.25,687.0,688.1,132.0
2026-06-01 14:45:00+05:30,688.1,689.8,688.05,689.8,240.0
2026-06-01 14:50:00+05:30,690.0,690.0,687.9,687.9,342.0
2026-06-01 14:55:00+05:30,687.8,687.8,685.7,685.75,214.0
2026-06-01 15:00:00+05:30,685.5,687.45,684.15,687.4,3239.0
2026-06-01 15:05:00+05:30,687.4,692.5,685.9,692.5,17530.0
2026-06-01 15:10:00+05:30,692.8,692.8,689.2,689.2,969.0
2026-06-01 15:15:00+05:30,690.25,690.8,687.2,688.4,2016.0
2026-06-01 15:20:00+05:30,689.85,689.9,683.0,685.0,4719.0
2026-06-01 15:25:00+05:30,684.95,685.0,683.35,685.0,3134.0
2026-06-02 09:15:00+05:30,690.0,691.6,681.85,689.45,4899.0
2026-06-02 09:20:00+05:30,691.75,694.75,688.8,690.55,2542.0
2026-06-02 09:25:00+05:30,688.05,691.05,688.05,688.05,1287.0
2026-06-02 09:30:00+05:30,688.45,688.45,681.75,683.0,2199.0
2026-06-02 09:35:00+05:30,684.2,687.45,683.4,687.45,210.0
2026-06-02 09:40:00+05:30,688.05,690.0,687.95,689.35,649.0
2026-06-02 09:45:00+05:30,689.55,690.7,688.05,690.7,497.0
2026-06-02 09:50:00+05:30,690.9,693.0,690.15,693.0,1092.0
2026-06-02 09:55:00+05:30,692.95,697.8,692.95,695.9,2216.0
2026-06-02 10:00:00+05:30,695.85,696.45,694.1,695.0,450.0
2026-06-02 10:05:00+05:30,695.0,697.0,694.05,695.3,415.0
2026-06-02 10:10:00+05:30,695.5,697.0,694.2,695.6,1084.0
2026-06-02 10:15:00+05:30,694.0,694.9,692.7,693.95,527.0
2026-06-02 10:20:00+05:30,693.95,695.65,692.5,695.65,55.0
2026-06-02 10:25:00+05:30,695.0,701.85,695.0,700.0,1849.0
2026-06-02 10:30:00+05:30,699.55,699.55,696.05,696.05,577.0
2026-06-02 10:35:00+05:30,697.4,705.85,697.4,705.05,2863.0
2026-06-02 10:40:00+05:30,705.85,708.95,703.2,706.0,3938.0
2026-06-02 10:45:00+05:30,707.1,707.1,702.75,705.4,889.0
2026-06-02 10:50:00+05:30,704.35,704.35,701.55,701.55,733.0
2026-06-02 10:55:00+05:30,700.2,702.0,700.2,702.0,274.0
2026-06-02 11:00:00+05:30,703.4,703.4,701.6,702.95,2263.0
2026-06-02 11:05:00+05:30,702.95,705.0,701.45,704.1,1267.0
2026-06-02 11:10:00+05:30,703.0,704.4,701.2,701.3,603.0
2026-06-02 11:15:00+05:30,702.0,702.0,701.6,701.6,34.0
2026-06-02 11:20:00+05:30,703.0,704.5,703.0,704.5,1070.0
2026-06-02 11:25:00+05:30,704.0,704.0,700.7,701.6,460.0
2026-06-02 11:30:00+05:30,702.4,702.6,700.65,700.8,1192.0
2026-06-02 11:35:00+05:30,700.2,701.4,698.9,698.9,895.0
2026-06-02 11:40:00+05:30,699.85,701.4,699.45,699.45,400.0
2026-06-02 11:45:00+05:30,699.45,699.8,698.4,698.4,242.0
2026-06-02 11:50:00+05:30,698.35,699.5,698.05,698.05,109.0
2026-06-02 11:55:00+05:30,698.05,699.0,697.25,697.25,157.0
2026-06-02 12:00:00+05:30,697.3,698.7,697.3,698.7,20.0
2026-06-02 12:05:00+05:30,698.85,698.85,697.4,698.55,487.0
2026-06-02 12:10:00+05:30,698.65,698.65,697.55,697.55,109.0
2026-06-02 12:15:00+05:30,698.0,698.45,697.7,697.7,50.0
2026-06-02 12:20:00+05:30,697.7,697.7,695.65,695.65,228.0
2026-06-02 12:25:00+05:30,697.0,697.0,695.65,695.65,611.0
2026-06-02 12:30:00+05:30,695.65,695.65,695.65,695.65,0.0
2026-06-02 12:35:00+05:30,696.7,696.95,695.65,695.65,109.0
2026-06-02 12:40:00+05:30,695.1,695.15,695.1,695.1,205.0
2026-06-02 12:45:00+05:30,697.7,697.7,696.2,696.9,338.0
2026-06-02 12:50:00+05:30,697.3,699.0,697.3,699.0,551.0
2026-06-02 12:55:00+05:30,699.4,699.4,698.4,698.4,1048.0
2026-06-02 13:00:00+05:30,699.4,699.4,698.05,698.05,32.0
2026-06-02 13:05:00+05:30,699.15,699.9,698.55,698.55,169.0
2026-06-02 13:10:00+05:30,698.25,699.65,698.25,698.5,185.0
2026-06-02 13:15:00+05:30,698.5,701.45,698.5,701.45,2775.0
2026-06-02 13:20:00+05:30,701.15,702.0,699.8,700.0,491.0
2026-06-02 13:25:00+05:30,700.0,701.0,699.85,701.0,761.0
2026-06-02 13:30:00+05:30,701.0,701.0,699.5,699.8,93.0
2026-06-02 13:35:00+05:30,699.8,700.4,699.1,699.1,100.0
2026-06-02 13:40:00+05:30,699.1,699.45,699.1,699.45,20.0
2026-06-02 13:45:00+05:30,699.45,700.8,699.45,700.6,631.0
2026-06-02 13:50:00+05:30,700.6,700.6,700.6,700.6,2.0
2026-06-02 13:55:00+05:30,700.2,700.2,699.1,699.95,95.0
2026-06-02 14:00:00+05:30,699.95,699.95,698.55,699.7,193.0
2026-06-02 14:05:00+05:30,698.9,699.95,698.9,699.95,129.0
2026-06-02 14:10:00+05:30,699.95,699.95,698.7,699.75,162.0
2026-06-02 14:15:00+05:30,699.0,699.95,698.85,699.8,144.0
2026-06-02 14:20:00+05:30,698.85,699.9,698.85,699.9,250.0
2026-06-02 14:25:00+05:30,698.45,698.85,698.45,698.85,112.0
2026-06-02 14:30:00+05:30,698.85,699.3,698.4,699.3,250.0
2026-06-02 14:35:00+05:30,699.3,699.3,697.5,697.5,151.0
2026-06-02 14:40:00+05:30,697.3,697.3,695.75,695.95,470.0
2026-06-02 14:45:00+05:30,696.5,696.5,695.3,696.3,279.0
2026-06-02 14:50:00+05:30,695.65,696.3,695.65,695.9,102.0
2026-06-02 14:55:00+05:30,695.9,696.0,695.9,696.0,126.0
2026-06-02 15:00:00+05:30,695.35,698.9,695.35,697.85,765.0
2026-06-02 15:05:00+05:30,698.0,700.0,698.0,700.0,1743.0
2026-06-02 15:10:00+05:30,699.3,700.0,699.25,699.95,686.0
2026-06-02 15:15:00+05:30,699.9,699.95,699.3,699.3,622.0
2026-06-02 15:20:00+05:30,699.9,700.0,699.25,700.0,2274.0
2026-06-02 15:25:00+05:30,700.0,701.0,699.5,701.0,4327.0
2026-06-03 09:15:00+05:30,704.15,711.0,693.0,693.7,3832.0
2026-06-03 09:20:00+05:30,693.65,696.95,691.55,693.3,1753.0
2026-06-03 09:25:00+05:30,692.4,693.75,686.35,690.0,3065.0
2026-06-03 09:30:00+05:30,691.65,691.65,686.4,688.0,3230.0
2026-06-03 09:35:00+05:30,687.7,689.35,687.7,688.75,742.0
2026-06-03 09:40:00+05:30,688.9,690.9,688.75,689.7,389.0
2026-06-03 09:45:00+05:30,689.25,689.65,687.35,689.65,1284.0
2026-06-03 09:50:00+05:30,689.65,690.55,687.0,687.15,1062.0
2026-06-03 09:55:00+05:30,687.0,687.95,685.0,686.1,1989.0
2026-06-03 10:00:00+05:30,686.1,687.9,686.1,687.75,447.0
2026-06-03 10:05:00+05:30,686.9,689.0,686.55,686.55,838.0
2026-06-03 10:10:00+05:30,686.0,687.95,685.5,685.5,1120.0
2026-06-03 10:15:00+05:30,685.5,685.95,684.55,685.15,324.0
2026-06-03 10:20:00+05:30,686.5,687.9,685.4,687.9,591.0
2026-06-03 10:25:00+05:30,687.9,689.65,687.35,689.65,708.0
2026-06-03 10:30:00+05:30,690.0,690.85,687.3,690.0,659.0
2026-06-03 10:35:00+05:30,689.0,692.0,689.0,691.65,1716.0
2026-06-03 10:40:00+05:30,690.55,691.9,690.55,691.2,300.0
2026-06-03 10:45:00+05:30,691.9,691.9,690.2,691.0,219.0
2026-06-03 10:50:00+05:30,691.0,693.0,691.0,692.9,677.0
2026-06-03 10:55:00+05:30,691.25,693.5,691.25,693.5,575.0
2026-06-03 11:00:00+05:30,691.7,694.0,691.7,691.95,1040.0
2026-06-03 11:05:00+05:30,691.45,691.65,690.85,691.45,246.0
2026-06-03 11:10:00+05:30,691.45,691.45,690.7,690.7,338.0
2026-06-03 11:15:00+05:30,690.7,691.05,690.7,691.05,82.0
2026-06-03 11:20:00+05:30,691.05,692.85,691.05,692.65,146.0
2026-06-03 11:25:00+05:30,693.0,693.8,692.1,693.0,583.0
2026-06-03 11:30:00+05:30,693.0,693.0,693.0,693.0,1.0
2026-06-03 11:35:00+05:30,693.0,693.0,692.0,692.0,34.0
2026-06-03 11:40:00+05:30,692.0,692.6,691.3,691.35,8.0
2026-06-03 11:45:00+05:30,691.3,691.4,691.3,691.4,96.0
2026-06-03 11:50:00+05:30,691.4,693.45,691.4,691.6,474.0
2026-06-03 11:55:00+05:30,691.6,691.6,690.5,691.5,231.0
2026-06-03 12:00:00+05:30,691.5,691.5,688.0,689.65,786.0
2026-06-03 12:05:00+05:30,689.0,689.0,688.25,689.0,187.0
2026-06-03 12:10:00+05:30,687.75,689.0,685.0,685.0,887.0
2026-06-03 12:15:00+05:30,685.0,686.55,685.0,686.2,192.0
2026-06-03 12:20:00+05:30,685.3,686.9,685.3,686.5,358.0
2026-06-03 12:25:00+05:30,686.5,686.55,686.45,686.55,152.0
2026-06-03 12:30:00+05:30,686.55,688.0,685.3,688.0,580.0
2026-06-03 12:35:00+05:30,689.45,693.0,689.1,693.0,843.0
2026-06-03 12:40:00+05:30,693.0,695.6,692.35,695.0,2588.0
2026-06-03 12:45:00+05:30,695.8,696.1,693.7,695.4,1941.0
2026-06-03 12:50:00+05:30,695.0,695.0,694.35,694.35,420.0
2026-06-03 12:55:00+05:30,694.35,694.35,693.75,694.3,110.0
2026-06-03 13:00:00+05:30,694.5,694.5,692.1,693.45,943.0
2026-06-03 13:05:00+05:30,693.45,693.45,691.6,691.7,721.0
2026-06-03 13:10:00+05:30,691.7,692.8,691.7,692.6,8.0
2026-06-03 13:15:00+05:30,692.6,692.8,692.05,692.8,40.0
2026-06-03 13:20:00+05:30,691.8,694.2,691.8,694.2,340.0
2026-06-03 13:25:00+05:30,694.2,695.05,694.2,695.0,722.0
2026-06-03 13:30:00+05:30,695.8,695.8,695.45,695.45,157.0
2026-06-03 13:35:00+05:30,696.05,696.45,695.0,695.0,160.0
2026-06-03 13:40:00+05:30,695.0,695.0,694.0,694.0,573.0
2026-06-03 13:45:00+05:30,693.85,695.25,693.85,695.25,145.0
2026-06-03 13:50:00+05:30,695.6,695.6,693.55,694.0,86.0
2026-06-03 13:55:00+05:30,695.15,695.15,693.75,693.75,112.0
2026-06-03 14:00:00+05:30,693.75,695.0,693.75,695.0,54.0
2026-06-03 14:05:00+05:30,695.1,696.85,695.1,696.3,471.0
2026-06-03 14:10:00+05:30,696.3,697.0,695.6,696.95,1355.0
2026-06-03 14:15:00+05:30,696.95,699.45,696.95,698.1,2674.0
2026-06-03 14:20:00+05:30,697.95,698.7,697.0,698.25,1017.0
2026-06-03 14:25:00+05:30,700.0,701.95,699.25,701.45,2479.0
2026-06-03 14:30:00+05:30,701.45,701.45,700.05,700.15,586.0
2026-06-03 14:35:00+05:30,700.0,700.0,699.0,699.0,131.0
2026-06-03 14:40:00+05:30,699.1,701.9,699.1,701.9,648.0
2026-06-03 14:45:00+05:30,701.35,701.35,700.1,700.3,432.0
2026-06-03 14:50:00+05:30,700.3,701.4,700.15,701.4,128.0
2026-06-03 14:55:00+05:30,701.4,701.4,699.05,699.05,244.0
2026-06-03 15:00:00+05:30,699.5,700.25,698.65,700.25,583.0
2026-06-03 15:05:00+05:30,700.0,701.0,699.55,700.0,330.0
2026-06-03 15:10:00+05:30,699.95,699.95,697.4,697.4,1003.0
2026-06-03 15:15:00+05:30,698.4,702.0,698.2,701.5,2571.0
2026-06-03 15:20:00+05:30,701.25,703.55,701.05,701.05,1428.0
2026-06-03 15:25:00+05:30,700.95,704.0,699.65,700.0,3801.0
2026-06-04 09:15:00+05:30,696.95,702.15,696.9,701.2,2470.0
2026-06-04 09:20:00+05:30,701.2,702.95,701.2,702.15,399.0
2026-06-04 09:25:00+05:30,701.5,702.1,698.1,699.05,1451.0
2026-06-04 09:30:00+05:30,699.1,701.7,698.05,701.0,676.0
2026-06-04 09:35:00+05:30,701.0,704.45,700.65,700.65,1086.0
2026-06-04 09:40:00+05:30,702.0,704.0,700.65,703.4,1617.0
2026-06-04 09:45:00+05:30,703.9,708.8,702.65,707.75,1963.0
2026-06-04 09:50:00+05:30,705.75,707.55,703.7,705.0,514.0
2026-06-04 09:55:00+05:30,703.8,706.7,703.8,706.7,1097.0
2026-06-04 10:00:00+05:30,707.35,708.15,705.05,705.15,2186.0
2026-06-04 10:05:00+05:30,705.35,709.6,705.35,708.2,1644.0
2026-06-04 10:10:00+05:30,709.1,711.6,707.6,710.0,3402.0
2026-06-04 10:15:00+05:30,709.5,710.4,708.0,708.15,1769.0
2026-06-04 10:20:00+05:30,708.15,709.3,706.8,708.0,783.0
2026-06-04 10:25:00+05:30,708.0,709.3,707.0,707.05,500.0
2026-06-04 10:30:00+05:30,708.7,708.7,704.0,705.0,1090.0
2026-06-04 10:35:00+05:30,705.0,707.0,704.55,705.6,1342.0
2026-06-04 10:40:00+05:30,705.35,705.95,704.5,705.6,525.0
2026-06-04 10:45:00+05:30,707.55,707.55,704.85,706.2,1664.0
2026-06-04 10:50:00+05:30,706.2,707.4,706.2,706.25,6.0
2026-06-04 10:55:00+05:30,706.25,723.95,706.25,717.0,21438.0
2026-06-04 11:00:00+05:30,715.55,718.0,713.45,716.0,4382.0
2026-06-04 11:05:00+05:30,716.0,721.7,714.1,717.2,10335.0
2026-06-04 11:10:00+05:30,717.25,718.75,713.9,713.9,1324.0
2026-06-04 11:15:00+05:30,713.6,723.0,713.6,723.0,5669.0
2026-06-04 11:20:00+05:30,723.0,730.5,721.0,726.3,16307.0
2026-06-04 11:25:00+05:30,727.65,727.65,722.9,723.05,3519.0
2026-06-04 11:30:00+05:30,722.75,722.75,719.1,720.35,1694.0
2026-06-04 11:35:00+05:30,720.35,722.35,719.95,720.0,812.0
2026-06-04 11:40:00+05:30,720.0,722.35,719.0,721.05,3666.0
2026-06-04 11:45:00+05:30,723.0,726.8,722.15,725.45,3888.0
2026-06-04 11:50:00+05:30,724.6,726.0,720.9,720.9,3948.0
2026-06-04 11:55:00+05:30,720.5,721.4,719.7,719.7,3128.0
2026-06-04 12:00:00+05:30,716.8,719.95,714.1,717.2,7280.0
2026-06-04 12:05:00+05:30,717.35,719.2,716.15,718.9,519.0
2026-06-04 12:10:00+05:30,719.0,719.0,715.1,715.1,778.0
2026-06-04 12:15:00+05:30,715.1,718.0,715.1,716.55,939.0
2026-06-04 12:20:00+05:30,715.6,715.7,713.55,714.75,1418.0
2026-06-04 12:25:00+05:30,714.75,714.9,713.85,714.0,291.0
2026-06-04 12:30:00+05:30,715.0,715.0,712.55,712.75,1661.0
2026-06-04 12:35:00+05:30,712.65,713.45,711.9,713.45,590.0
2026-06-04 12:40:00+05:30,713.55,713.55,711.05,711.05,1003.0
2026-06-04 12:45:00+05:30,711.0,711.95,711.0,711.0,319.0
2026-06-04 12:50:00+05:30,711.85,712.3,711.0,711.85,140.0
2026-06-04 12:55:00+05:30,712.2,714.0,711.0,714.0,1240.0
2026-06-04 13:00:00+05:30,714.0,714.0,713.05,713.05,62.0
2026-06-04 13:05:00+05:30,713.0,713.0,711.6,711.7,1063.0
2026-06-04 13:10:00+05:30,712.95,712.95,709.0,709.45,2648.0
2026-06-04 13:15:00+05:30,708.0,708.55,707.0,708.0,646.0
2026-06-04 13:20:00+05:30,708.1,709.0,708.0,708.0,665.0
2026-06-04 13:25:00+05:30,708.95,710.2,708.95,709.25,17.0
2026-06-04 13:30:00+05:30,709.0,709.55,708.05,708.05,405.0
2026-06-04 13:35:00+05:30,708.05,709.55,708.05,709.55,10.0
2026-06-04 13:40:00+05:30,710.35,710.35,707.7,708.35,1448.0
2026-06-04 13:45:00+05:30,709.05,709.1,707.7,708.0,551.0
2026-06-04 13:50:00+05:30,709.0,709.1,705.5,707.4,1391.0
2026-06-04 13:55:00+05:30,707.4,707.4,705.05,706.0,318.0
2026-06-04 14:00:00+05:30,705.65,709.1,705.65,708.5,827.0
2026-06-04 14:05:00+05:30,706.2,709.5,706.2,709.5,1227.0
2026-06-04 14:10:00+05:30,709.5,709.5,706.1,706.2,545.0
2026-06-04 14:15:00+05:30,706.2,707.25,706.2,706.45,380.0
2026-06-04 14:20:00+05:30,706.0,706.0,705.1,705.35,1001.0
2026-06-04 14:25:00+05:30,705.35,706.0,704.4,704.4,951.0
2026-06-04 14:30:00+05:30,704.2,706.75,704.2,705.65,1742.0
2026-06-04 14:35:00+05:30,706.9,707.0,705.3,706.9,239.0
2026-06-04 14:40:00+05:30,706.9,707.4,706.0,706.25,285.0
2026-06-04 14:45:00+05:30,706.75,707.0,705.55,706.0,227.0
2026-06-04 14:50:00+05:30,706.4,706.4,702.85,702.85,1322.0
2026-06-04 14:55:00+05:30,703.0,705.25,703.0,704.9,308.0
2026-06-04 15:00:00+05:30,704.5,704.5,702.05,702.05,1358.0
2026-06-04 15:05:00+05:30,703.0,703.45,701.0,702.5,1550.0
2026-06-04 15:10:00+05:30,703.5,703.5,700.65,700.8,1985.0
2026-06-04 15:15:00+05:30,701.85,703.0,696.0,697.5,6070.0
2026-06-04 15:20:00+05:30,697.5,702.5,697.5,701.4,2091.0
2026-06-04 15:25:00+05:30,701.4,702.4,697.65,702.35,3926.0
2026-06-05 09:15:00+05:30,702.2,707.1,702.2,703.5,1731.0
2026-06-05 09:20:00+05:30,704.0,706.0,701.9,703.6,2561.0
2026-06-05 09:25:00+05:30,702.05,705.0,702.0,703.85,2486.0
2026-06-05 09:30:00+05:30,704.25,704.25,700.0,701.15,1872.0
2026-06-05 09:35:00+05:30,699.8,701.9,699.8,700.85,726.0
2026-06-05 09:40:00+05:30,700.85,701.95,700.05,701.95,591.0
2026-06-05 09:45:00+05:30,701.95,704.75,701.95,703.7,793.0
2026-06-05 09:50:00+05:30,702.0,703.0,701.1,702.75,240.0
2026-06-05 09:55:00+05:30,702.0,703.45,702.0,703.45,209.0
2026-06-05 10:00:00+05:30,703.4,703.7,698.05,702.5,1205.0
2026-06-05 10:05:00+05:30,702.5,702.85,700.55,701.1,661.0
2026-06-05 10:10:00+05:30,701.4,706.0,701.4,705.0,1010.0
2026-06-05 10:15:00+05:30,704.95,704.95,703.35,704.5,431.0
2026-06-05 10:20:00+05:30,704.0,704.0,701.3,704.0,929.0
2026-06-05 10:25:00+05:30,704.45,704.45,702.1,702.1,180.0
2026-06-05 10:30:00+05:30,703.1,704.45,702.25,702.25,405.0
2026-06-05 10:35:00+05:30,702.85,702.85,698.0,699.0,1807.0
2026-06-05 10:40:00+05:30,699.0,700.4,696.75,697.0,909.0
2026-06-05 10:45:00+05:30,697.0,697.75,696.5,697.75,101.0
2026-06-05 10:50:00+05:30,698.65,700.0,698.65,699.4,97.0
2026-06-05 10:55:00+05:30,699.4,702.1,699.05,702.05,1091.0
2026-06-05 11:00:00+05:30,703.7,704.0,702.2,703.0,1149.0
2026-06-05 11:05:00+05:30,704.0,704.05,704.0,704.05,275.0
2026-06-05 11:10:00+05:30,703.05,703.1,703.0,703.0,229.0
2026-06-05 11:15:00+05:30,703.0,704.15,702.0,702.45,587.0
2026-06-05 11:20:00+05:30,704.2,704.2,701.1,701.1,140.0
2026-06-05 11:25:00+05:30,701.1,702.15,701.1,702.15,6.0
2026-06-05 11:30:00+05:30,702.35,702.95,702.1,702.95,199.0
2026-06-05 11:35:00+05:30,702.95,703.0,701.75,702.75,643.0
2026-06-05 11:40:00+05:30,701.65,702.85,701.65,702.85,116.0
2026-06-05 11:45:00+05:30,701.8,701.8,700.55,701.75,576.0
2026-06-05 11:50:00+05:30,702.85,702.85,701.75,701.75,223.0
2026-06-05 11:55:00+05:30,700.0,703.05,700.0,703.0,948.0
2026-06-05 12:00:00+05:30,703.0,703.05,703.0,703.05,200.0
2026-06-05 12:05:00+05:30,703.35,705.7,703.35,705.0,1556.0
2026-06-05 12:10:00+05:30,705.0,705.0,703.05,704.15,346.0
2026-06-05 12:15:00+05:30,704.15,704.15,703.3,704.15,35.0
2026-06-05 12:20:00+05:30,703.2,703.25,703.0,703.0,50.0
2026-06-05 12:25:00+05:30,703.05,705.9,703.05,705.9,680.0
2026-06-05 12:30:00+05:30,706.0,709.7,706.0,706.5,2162.0
2026-06-05 12:35:00+05:30,705.75,706.75,704.4,705.65,140.0
2026-06-05 12:40:00+05:30,705.85,708.9,705.85,706.0,1581.0
2026-06-05 12:45:00+05:30,704.95,706.9,704.7,706.9,317.0
2026-06-05 12:50:00+05:30,706.9,706.9,705.0,705.2,2746.0
2026-06-05 12:55:00+05:30,704.8,705.6,704.25,704.25,18.0
2026-06-05 13:00:00+05:30,702.6,702.6,702.6,702.6,883.0
2026-06-05 13:05:00+05:30,702.0,702.45,697.1,697.8,2193.0
2026-06-05 13:10:00+05:30,697.8,697.85,695.3,696.0,6202.0
2026-06-05 13:15:00+05:30,696.0,698.0,696.0,698.0,353.0
2026-06-05 13:20:00+05:30,698.0,698.0,695.55,698.0,691.0
2026-06-05 13:25:00+05:30,698.1,698.1,696.5,696.5,888.0
2026-06-05 13:30:00+05:30,695.1,696.05,694.2,695.15,1170.0
2026-06-05 13:35:00+05:30,695.15,697.7,695.15,697.7,287.0
2026-06-05 13:40:00+05:30,697.7,697.7,695.1,695.3,55.0
2026-06-05 13:45:00+05:30,695.3,695.95,694.3,695.0,186.0
2026-06-05 13:50:00+05:30,695.0,695.65,694.2,694.2,3323.0
2026-06-05 13:55:00+05:30,693.5,694.55,693.5,694.55,145.0
2026-06-05 14:00:00+05:30,694.2,695.95,694.2,695.95,116.0
2026-06-05 14:05:00+05:30,695.95,696.45,695.55,695.55,20.0
2026-06-05 14:10:00+05:30,696.0,696.0,693.55,693.65,338.0
2026-06-05 14:15:00+05:30,693.65,693.65,693.65,693.65,20.0
2026-06-05 14:20:00+05:30,693.65,694.6,693.6,694.0,60.0
2026-06-05 14:25:00+05:30,694.0,694.6,694.0,694.1,120.0
2026-06-05 14:30:00+05:30,695.1,698.9,695.1,698.9,801.0
2026-06-05 14:35:00+05:30,698.9,698.9,697.6,697.6,463.0
2026-06-05 14:40:00+05:30,697.6,701.95,697.6,701.95,234.0
2026-06-05 14:45:00+05:30,701.85,701.95,698.0,698.45,1300.0
2026-06-05 14:50:00+05:30,700.25,701.4,698.7,699.7,287.0
2026-06-05 14:55:00+05:30,699.25,700.5,699.0,700.2,418.0
2026-06-05 15:00:00+05:30,698.85,699.5,698.0,698.05,390.0
2026-06-05 15:05:00+05:30,698.05,700.15,698.05,700.15,1070.0
2026-06-05 15:10:00+05:30,699.35,699.35,697.5,697.5,1305.0
2026-06-05 15:15:00+05:30,697.45,699.0,697.4,698.25,415.0
2026-06-05 15:20:00+05:30,698.8,700.0,695.05,698.0,3291.0
2026-06-05 15:25:00+05:30,697.5,697.5,695.05,697.0,2925.0
2026-06-08 09:15:00+05:30,686.6,693.4,681.0,693.0,13430.0
2026-06-08 09:20:00+05:30,693.0,693.0,690.2,690.2,1566.0
2026-06-08 09:25:00+05:30,690.2,690.2,686.0,686.4,2927.0
2026-06-08 09:30:00+05:30,685.6,689.95,684.0,687.35,2037.0
2026-06-08 09:35:00+05:30,687.2,687.2,680.7,685.85,3445.0
2026-06-08 09:40:00+05:30,683.3,685.0,683.0,684.9,582.0
2026-06-08 09:45:00+05:30,685.75,688.25,685.75,685.75,1883.0
2026-06-08 09:50:00+05:30,685.0,687.4,683.4,687.4,626.0
2026-06-08 09:55:00+05:30,687.4,691.9,687.15,691.5,968.0
2026-06-08 10:00:00+05:30,691.6,691.6,689.0,689.0,635.0
2026-06-08 10:05:00+05:30,688.8,688.8,687.15,687.45,507.0
2026-06-08 10:10:00+05:30,687.7,691.8,687.7,690.0,596.0
2026-06-08 10:15:00+05:30,690.05,690.95,690.0,690.95,371.0
2026-06-08 10:20:00+05:30,690.05,691.0,689.6,690.7,316.0
2026-06-08 10:25:00+05:30,691.45,691.45,689.75,689.75,257.0
2026-06-08 10:30:00+05:30,690.6,691.5,689.75,691.5,444.0
2026-06-08 10:35:00+05:30,691.8,693.9,691.3,692.9,971.0
2026-06-08 10:40:00+05:30,692.1,693.2,691.65,693.2,344.0
2026-06-08 10:45:00+05:30,693.2,693.2,691.0,692.45,832.0
2026-06-08 10:50:00+05:30,691.05,692.0,690.55,690.55,222.0
2026-06-08 10:55:00+05:30,690.55,691.45,690.55,691.45,15.0
2026-06-08 11:00:00+05:30,691.9,692.8,690.7,691.0,684.0
2026-06-08 11:05:00+05:30,690.5,691.15,684.55,686.7,1527.0
2026-06-08 11:10:00+05:30,686.7,690.0,686.7,687.2,1805.0
2026-06-08 11:15:00+05:30,688.95,689.2,687.0,687.25,410.0
2026-06-08 11:20:00+05:30,687.25,688.4,686.95,687.95,430.0
2026-06-08 11:25:00+05:30,687.95,688.1,687.25,688.1,107.0
2026-06-08 11:30:00+05:30,687.25,688.1,687.25,687.4,32.0
2026-06-08 11:35:00+05:30,688.75,688.8,687.65,688.8,152.0
2026-06-08 11:40:00+05:30,687.8,689.95,687.8,689.95,245.0
2026-06-08 11:45:00+05:30,689.95,689.95,688.25,688.25,35.0
2026-06-08 11:50:00+05:30,688.25,688.45,688.25,688.45,372.0
2026-06-08 11:55:00+05:30,688.45,688.85,688.0,688.35,185.0
2026-06-08 12:00:00+05:30,688.35,688.35,688.35,688.35,0.0
2026-06-08 12:05:00+05:30,688.0,688.7,686.95,687.5,785.0
2026-06-08 12:10:00+05:30,687.5,688.35,687.5,688.35,51.0
2026-06-08 12:15:00+05:30,688.35,688.35,687.0,687.0,5.0
2026-06-08 12:20:00+05:30,687.0,689.0,687.0,689.0,235.0
2026-06-08 12:25:00+05:30,689.0,689.45,687.7,689.4,327.0
2026-06-08 12:30:00+05:30,689.4,689.4,687.95,688.2,53.0
2026-06-08 12:35:00+05:30,688.2,688.2,688.2,688.2,0.0
2026-06-08 12:40:00+05:30,688.2,693.05,688.2,692.25,6157.0
2026-06-08 12:45:00+05:30,692.0,692.0,689.95,690.1,500.0
2026-06-08 12:50:00+05:30,690.1,694.35,690.05,691.75,1052.0
2026-06-08 12:55:00+05:30,691.75,692.25,691.75,692.25,11.0
2026-06-08 13:00:00+05:30,692.25,693.4,692.1,692.9,92.0
2026-06-08 13:05:00+05:30,692.9,692.9,691.0,691.0,333.0
2026-06-08 13:10:00+05:30,691.0,691.0,691.0,691.0,0.0
2026-06-08 13:15:00+05:30,691.0,692.1,691.0,692.1,139.0
2026-06-08 13:20:00+05:30,692.1,692.1,691.6,691.6,14.0
2026-06-08 13:25:00+05:30,691.6,691.6,689.25,689.25,163.0
2026-06-08 13:30:00+05:30,689.25,693.9,689.25,693.9,1092.0
2026-06-08 13:35:00+05:30,691.15,691.15,688.0,688.0,1482.0
2026-06-08 13:40:00+05:30,688.3,688.7,687.2,688.3,1286.0
2026-06-08 13:45:00+05:30,689.75,689.75,686.2,688.35,739.0
2026-06-08 13:50:00+05:30,688.35,688.35,686.2,686.2,461.0
2026-06-08 13:55:00+05:30,686.2,686.2,686.2,686.2,150.0
2026-06-08 14:00:00+05:30,686.6,688.35,686.6,687.8,201.0
2026-06-08 14:05:00+05:30,688.8,688.8,687.0,687.75,506.0
2026-06-08 14:10:00+05:30,687.75,687.75,687.15,687.15,7.0
2026-06-08 14:15:00+05:30,688.0,688.0,686.5,687.95,909.0
2026-06-08 14:20:00+05:30,687.0,687.0,686.3,686.3,75.0
2026-06-08 14:25:00+05:30,686.4,686.4,685.85,686.05,810.0
2026-06-08 14:30:00+05:30,685.0,685.3,684.6,685.05,966.0
2026-06-08 14:35:00+05:30,684.55,686.1,684.05,685.55,177.0
2026-06-08 14:40:00+05:30,685.55,685.55,683.65,685.2,105.0
2026-06-08 14:45:00+05:30,685.2,685.4,683.8,684.35,331.0
2026-06-08 14:50:00+05:30,684.35,685.55,684.35,685.4,57.0
2026-06-08 14:55:00+05:30,684.35,685.85,684.0,685.85,370.0
2026-06-08 15:00:00+05:30,684.0,684.6,680.65,680.65,4010.0
2026-06-08 15:05:00+05:30,680.65,684.8,680.65,683.9,3794.0
2026-06-08 15:10:00+05:30,684.05,684.65,682.4,684.25,1395.0
2026-06-08 15:15:00+05:30,683.55,684.4,682.8,684.05,381.0
2026-06-08 15:20:00+05:30,684.05,684.5,682.5,683.95,964.0
2026-06-08 15:25:00+05:30,683.9,684.0,680.7,683.95,5473.0
2026-06-09 09:15:00+05:30,684.0,697.9,684.0,693.25,2838.0
2026-06-09 09:20:00+05:30,691.35,696.3,691.05,692.65,1911.0
2026-06-09 09:25:00+05:30,694.15,698.9,693.7,698.0,1492.0
2026-06-09 09:30:00+05:30,697.35,704.95,697.0,702.55,5722.0
2026-06-09 09:35:00+05:30,702.4,704.6,696.3,699.55,3254.0
2026-06-09 09:40:00+05:30,699.4,699.95,696.65,697.8,891.0
2026-06-09 09:45:00+05:30,697.7,697.75,695.55,697.75,473.0
2026-06-09 09:50:00+05:30,697.2,697.3,696.2,697.15,118.0
2026-06-09 09:55:00+05:30,697.15,697.15,695.55,695.6,307.0
2026-06-09 10:00:00+05:30,696.35,696.5,695.25,695.25,123.0
2026-06-09 10:05:00+05:30,695.85,695.85,693.45,695.0,699.0
2026-06-09 10:10:00+05:30,694.7,695.65,694.25,695.65,110.0
2026-06-09 10:15:00+05:30,695.65,695.65,694.4,694.4,22.0
2026-06-09 10:20:00+05:30,695.5,695.5,693.55,695.0,352.0
2026-06-09 10:25:00+05:30,695.0,695.0,692.65,693.65,380.0
2026-06-09 10:30:00+05:30,693.05,693.55,693.05,693.15,313.0
2026-06-09 10:35:00+05:30,693.15,693.15,691.5,691.5,527.0
2026-06-09 10:40:00+05:30,691.4,691.75,690.5,691.25,422.0
2026-06-09 10:45:00+05:30,690.7,693.95,690.7,693.0,233.0
2026-06-09 10:50:00+05:30,692.5,693.25,691.7,691.9,243.0
2026-06-09 10:55:00+05:30,691.9,693.45,691.9,692.1,151.0
2026-06-09 11:00:00+05:30,693.0,693.25,693.0,693.1,156.0
2026-06-09 11:05:00+05:30,693.1,695.0,693.1,694.95,1000.0
2026-06-09 11:10:00+05:30,694.1,695.95,694.1,695.95,237.0
2026-06-09 11:15:00+05:30,695.05,696.1,693.7,696.1,932.0
2026-06-09 11:20:00+05:30,693.85,694.55,693.75,693.75,358.0
2026-06-09 11:25:00+05:30,693.05,694.65,693.05,694.55,702.0
2026-06-09 11:30:00+05:30,695.0,695.0,694.15,694.15,422.0
2026-06-09 11:35:00+05:30,694.15,694.2,694.15,694.2,1.0
2026-06-09 11:40:00+05:30,694.2,694.2,693.8,693.8,4.0
2026-06-09 11:45:00+05:30,693.95,696.1,693.95,696.1,344.0
2026-06-09 11:50:00+05:30,695.05,697.05,695.0,695.8,405.0
2026-06-09 11:55:00+05:30,696.9,696.9,695.05,695.3,218.0
2026-06-09 12:00:00+05:30,696.4,696.4,695.95,695.95,26.0
2026-06-09 12:05:00+05:30,695.95,695.95,694.05,694.05,515.0
2026-06-09 12:10:00+05:30,694.05,694.6,694.05,694.3,36.0
2026-06-09 12:15:00+05:30,694.3,695.25,694.3,695.25,1.0
2026-06-09 12:20:00+05:30,695.25,697.0,694.0,697.0,562.0
2026-06-09 12:25:00+05:30,697.0,697.0,695.1,695.5,26.0
2026-06-09 12:30:00+05:30,695.5,695.5,695.5,695.5,0.0
2026-06-09 12:35:00+05:30,695.5,695.55,695.5,695.5,58.0
2026-06-09 12:40:00+05:30,696.7,698.4,695.5,695.5,522.0
2026-06-09 12:45:00+05:30,695.5,695.8,695.5,695.8,19.0
2026-06-09 12:50:00+05:30,695.8,695.9,695.55,695.9,117.0
2026-06-09 12:55:00+05:30,695.5,695.5,695.5,695.5,932.0
2026-06-09 13:00:00+05:30,694.85,694.85,691.8,691.8,488.0
2026-06-09 13:05:00+05:30,691.8,694.0,691.8,693.4,248.0
2026-06-09 13:10:00+05:30,693.4,693.45,692.0,692.0,285.0
2026-06-09 13:15:00+05:30,692.0,693.5,692.0,693.5,6.0
2026-06-09 13:20:00+05:30,692.65,693.75,692.65,692.85,78.0
2026-06-09 13:25:00+05:30,692.85,692.9,692.85,692.9,60.0
2026-06-09 13:30:00+05:30,692.9,693.75,692.9,693.75,15.0
2026-06-09 13:35:00+05:30,693.75,693.9,692.85,692.85,113.0
2026-06-09 13:40:00+05:30,692.85,692.85,692.85,692.85,24.0
2026-06-09 13:45:00+05:30,692.85,694.45,692.85,694.45,250.0
2026-06-09 13:50:00+05:30,694.45,694.45,692.85,692.85,220.0
2026-06-09 13:55:00+05:30,692.85,692.95,692.5,692.95,268.0
2026-06-09 14:00:00+05:30,693.7,693.7,692.5,692.5,67.0
2026-06-09 14:05:00+05:30,692.5,693.9,692.5,693.85,41.0
2026-06-09 14:10:00+05:30,693.85,693.85,690.7,690.7,742.0
2026-06-09 14:15:00+05:30,691.0,691.0,690.1,691.0,464.0
2026-06-09 14:20:00+05:30,691.0,691.95,691.0,691.95,5.0
2026-06-09 14:25:00+05:30,691.95,692.95,691.95,692.95,101.0
2026-06-09 14:30:00+05:30,692.95,694.0,692.3,693.0,195.0
2026-06-09 14:35:00+05:30,693.0,694.25,693.0,694.25,40.0
2026-06-09 14:40:00+05:30,695.0,695.0,688.85,691.45,2222.0
2026-06-09 14:45:00+05:30,693.2,693.2,692.15,693.2,301.0
2026-06-09 14:50:00+05:30,693.2,693.3,691.1,691.1,124.0
2026-06-09 14:55:00+05:30,693.35,695.5,693.0,693.6,1780.0
2026-06-09 15:00:00+05:30,694.0,694.4,692.9,694.15,680.0
2026-06-09 15:05:00+05:30,693.05,699.0,693.05,697.55,1947.0
2026-06-09 15:10:00+05:30,697.55,701.95,697.55,700.35,2726.0
2026-06-09 15:15:00+05:30,700.5,703.0,699.35,699.5,4214.0
2026-06-09 15:20:00+05:30,699.45,702.5,698.75,699.9,1494.0
2026-06-09 15:25:00+05:30,700.45,703.0,695.0,700.9,3380.0
2026-06-10 09:15:00+05:30,705.0,708.95,696.6,698.25,7635.0
2026-06-10 09:20:00+05:30,696.75,701.0,694.6,701.0,1257.0
2026-06-10 09:25:00+05:30,700.55,703.2,700.0,700.0,1373.0
2026-06-10 09:30:00+05:30,698.65,701.7,698.6,701.55,1215.0
2026-06-10 09:35:00+05:30,700.95,701.15,698.8,699.2,207.0
2026-06-10 09:40:00+05:30,699.2,700.45,696.1,696.1,603.0
2026-06-10 09:45:00+05:30,695.0,698.15,695.0,697.85,722.0
2026-06-10 09:50:00+05:30,699.6,705.0,699.6,702.1,4256.0
2026-06-10 09:55:00+05:30,702.1,702.9,700.5,701.7,767.0
2026-06-10 10:00:00+05:30,701.95,701.95,698.15,699.25,154.0
2026-06-10 10:05:00+05:30,699.25,702.05,699.25,700.85,524.0
2026-06-10 10:10:00+05:30,700.9,702.15,699.05,700.0,243.0
2026-06-10 10:15:00+05:30,700.0,700.9,699.7,700.9,119.0
2026-06-10 10:20:00+05:30,700.5,700.5,698.55,698.55,66.0
2026-06-10 10:25:00+05:30,698.55,703.85,697.15,702.55,2507.0
2026-06-10 10:30:00+05:30,701.8,707.95,701.8,707.8,2278.0
2026-06-10 10:35:00+05:30,708.3,713.95,706.8,709.05,5906.0
2026-06-10 10:40:00+05:30,711.35,712.0,708.3,710.45,1255.0
2026-06-10 10:45:00+05:30,710.4,711.5,708.05,709.3,1351.0
2026-06-10 10:50:00+05:30,709.35,720.0,707.8,713.25,8414.0
2026-06-10 10:55:00+05:30,715.0,715.4,711.05,712.8,2714.0
2026-06-10 11:00:00+05:30,711.6,713.75,711.0,711.0,897.0
2026-06-10 11:05:00+05:30,711.0,712.0,709.75,712.0,654.0
2026-06-10 11:10:00+05:30,711.1,714.0,711.0,714.0,1242.0
2026-06-10 11:15:00+05:30,714.0,715.0,713.0,713.0,823.0
2026-06-10 11:20:00+05:30,713.0,713.0,711.6,711.8,379.0
2026-06-10 11:25:00+05:30,712.6,715.45,712.6,714.4,628.0
2026-06-10 11:30:00+05:30,713.25,714.0,712.5,713.55,137.0
2026-06-10 11:35:00+05:30,713.55,713.65,711.2,711.2,253.0
2026-06-10 11:40:00+05:30,711.2,712.0,710.0,710.0,723.0
2026-06-10 11:45:00+05:30,710.1,711.65,707.65,709.15,1170.0
2026-06-10 11:50:00+05:30,709.15,710.95,708.65,710.95,339.0
2026-06-10 11:55:00+05:30,711.45,711.45,710.05,710.05,671.0
2026-06-10 12:00:00+05:30,711.3,711.45,709.1,709.1,166.0
2026-06-10 12:05:00+05:30,709.1,710.5,709.0,709.0,693.0
2026-06-10 12:10:00+05:30,709.0,709.8,709.0,709.15,34.0
2026-06-10 12:15:00+05:30,709.2,710.0,708.05,710.0,297.0
2026-06-10 12:20:00+05:30,710.0,710.95,710.0,710.95,57.0
2026-06-10 12:25:00+05:30,710.0,711.0,709.15,709.65,1768.0
2026-06-10 12:30:00+05:30,709.65,709.7,709.65,709.7,50.0
2026-06-10 12:35:00+05:30,709.9,713.0,709.9,711.85,1191.0
2026-06-10 12:40:00+05:30,711.9,717.4,711.9,715.05,5008.0
2026-06-10 12:45:00+05:30,714.2,716.45,713.45,716.45,1872.0
2026-06-10 12:50:00+05:30,717.0,724.7,715.6,722.75,13950.0
2026-06-10 12:55:00+05:30,722.5,724.0,720.1,722.75,8375.0
2026-06-10 13:00:00+05:30,722.55,724.8,722.0,723.6,4300.0
2026-06-10 13:05:00+05:30,722.5,723.55,721.0,721.0,4027.0
2026-06-10 13:10:00+05:30,721.0,723.0,717.05,722.95,4730.0
2026-06-10 13:15:00+05:30,721.15,721.55,719.05,719.1,414.0
2026-06-10 13:20:00+05:30,717.1,719.1,716.6,717.1,2245.0
2026-06-10 13:25:00+05:30,718.4,719.1,716.65,717.3,2295.0
2026-06-10 13:30:00+05:30,718.45,720.0,718.1,720.0,2424.0
2026-06-10 13:35:00+05:30,719.95,721.0,717.55,720.35,2827.0
2026-06-10 13:40:00+05:30,720.45,724.5,720.2,722.05,5297.0
2026-06-10 13:45:00+05:30,722.05,724.0,718.95,719.75,4245.0
2026-06-10 13:50:00+05:30,718.7,720.05,718.0,718.0,4367.0
2026-06-10 13:55:00+05:30,717.75,717.8,716.9,716.9,681.0
2026-06-10 14:00:00+05:30,717.0,717.75,716.7,716.75,748.0
2026-06-10 14:05:00+05:30,716.75,716.75,715.75,716.0,436.0
2026-06-10 14:10:00+05:30,715.8,715.8,713.5,714.0,1904.0
2026-06-10 14:15:00+05:30,713.1,715.0,713.1,714.95,438.0
2026-06-10 14:20:00+05:30,714.95,714.95,714.95,714.95,75.0
2026-06-10 14:25:00+05:30,714.95,714.95,713.35,713.4,279.0
2026-06-10 14:30:00+05:30,713.4,714.35,709.15,710.15,8352.0
2026-06-10 14:35:00+05:30,710.0,713.0,710.0,713.0,2406.0
2026-06-10 14:40:00+05:30,712.45,712.45,710.0,710.1,748.0
2026-06-10 14:45:00+05:30,710.95,711.0,705.6,708.25,2673.0
2026-06-10 14:50:00+05:30,708.25,710.2,708.1,708.25,210.0
2026-06-10 14:55:00+05:30,708.25,709.45,705.65,707.65,627.0
2026-06-10 15:00:00+05:30,706.3,715.2,705.1,713.15,3925.0
2026-06-10 15:05:00+05:30,713.15,714.85,711.85,713.0,1543.0
2026-06-10 15:10:00+05:30,713.3,714.95,713.15,713.5,1361.0
2026-06-10 15:15:00+05:30,714.5,714.5,711.45,711.75,2774.0
2026-06-10 15:20:00+05:30,711.95,713.85,711.45,711.6,3800.0
2026-06-10 15:25:00+05:30,711.6,715.55,711.25,714.35,4498.0
2026-06-11 09:15:00+05:30,709.95,709.95,701.5,704.95,2712.0
2026-06-11 09:20:00+05:30,706.0,713.5,706.0,712.25,5593.0
2026-06-11 09:25:00+05:30,710.0,712.0,706.75,712.0,3799.0
2026-06-11 09:30:00+05:30,713.0,713.3,705.55,709.0,1698.0
2026-06-11 09:35:00+05:30,707.4,709.1,705.75,707.65,490.0
2026-06-11 09:40:00+05:30,708.85,714.0,708.85,714.0,1286.0
2026-06-11 09:45:00+05:30,714.0,715.45,709.05,710.95,2363.0
2026-06-11 09:50:00+05:30,710.95,711.95,708.0,708.15,1389.0
2026-06-11 09:55:00+05:30,707.0,707.95,706.5,706.5,1535.0
2026-06-11 10:00:00+05:30,706.5,712.0,706.5,711.35,1555.0
2026-06-11 10:05:00+05:30,711.35,713.45,711.35,712.2,508.0
2026-06-11 10:10:00+05:30,713.5,714.5,712.7,714.0,614.0
2026-06-11 10:15:00+05:30,714.0,718.0,712.6,718.0,1562.0
2026-06-11 10:20:00+05:30,716.8,718.7,714.6,717.0,1567.0
2026-06-11 10:25:00+05:30,717.0,718.75,715.1,718.0,2278.0
2026-06-11 10:30:00+05:30,717.05,723.0,717.05,720.9,6079.0
2026-06-11 10:35:00+05:30,720.75,720.9,717.0,717.4,670.0
2026-06-11 10:40:00+05:30,716.6,719.15,714.9,714.9,1387.0
2026-06-11 10:45:00+05:30,716.95,719.4,716.4,717.7,1969.0
2026-06-11 10:50:00+05:30,717.7,722.95,714.55,722.0,3250.0
2026-06-11 10:55:00+05:30,722.65,727.0,720.05,722.05,10567.0
2026-06-11 11:00:00+05:30,722.6,732.4,722.6,731.05,14746.0
2026-06-11 11:05:00+05:30,730.55,735.9,730.55,731.7,21489.0
2026-06-11 11:10:00+05:30,731.6,732.65,725.35,726.15,6345.0
2026-06-11 11:15:00+05:30,726.2,726.2,723.05,724.15,5385.0
2026-06-11 11:20:00+05:30,726.15,726.15,722.6,723.45,4315.0
2026-06-11 11:25:00+05:30,723.0,724.8,722.6,723.3,1092.0
2026-06-11 11:30:00+05:30,723.4,723.6,721.0,722.7,1523.0
2026-06-11 11:35:00+05:30,722.7,723.7,720.1,721.6,1300.0
2026-06-11 11:40:00+05:30,721.6,721.95,720.3,720.45,578.0
2026-06-11 11:45:00+05:30,721.0,722.8,721.0,722.05,612.0
2026-06-11 11:50:00+05:30,722.15,722.75,721.4,721.5,413.0
2026-06-11 11:55:00+05:30,722.2,722.2,720.5,720.5,240.0
2026-06-11 12:00:00+05:30,721.5,722.75,721.2,721.65,1090.0
2026-06-11 12:05:00+05:30,722.4,722.4,718.15,718.15,1714.0
2026-06-11 12:10:00+05:30,718.2,719.4,716.1,717.35,4191.0
2026-06-11 12:15:00+05:30,717.35,717.5,717.05,717.15,355.0
2026-06-11 12:20:00+05:30,717.8,717.85,712.65,714.0,3434.0
2026-06-11 12:25:00+05:30,714.75,715.0,714.0,714.0,645.0
2026-06-11 12:30:00+05:30,714.0,714.65,713.9,714.35,403.0
2026-06-11 12:35:00+05:30,714.3,714.3,711.9,711.9,1673.0
2026-06-11 12:40:00+05:30,711.9,711.9,706.0,706.9,9866.0
2026-06-11 12:45:00+05:30,706.7,708.0,706.7,707.25,614.0
2026-06-11 12:50:00+05:30,706.95,708.0,705.5,705.6,2083.0
2026-06-11 12:55:00+05:30,705.8,708.15,705.8,707.85,305.0
2026-06-11 13:00:00+05:30,707.9,707.9,706.05,706.05,109.0
2026-06-11 13:05:00+05:30,705.8,706.1,705.1,705.1,1587.0
2026-06-11 13:10:00+05:30,705.0,705.75,704.95,705.0,2337.0
2026-06-11 13:15:00+05:30,705.45,707.15,705.05,705.05,584.0
2026-06-11 13:20:00+05:30,705.0,706.2,704.5,706.1,1134.0
2026-06-11 13:25:00+05:30,705.95,705.95,704.5,704.5,1881.0
2026-06-11 13:30:00+05:30,704.5,705.0,704.5,705.0,231.0
2026-06-11 13:35:00+05:30,705.95,707.8,705.05,706.95,1433.0
2026-06-11 13:40:00+05:30,705.8,705.8,705.05,705.05,86.0
2026-06-11 13:45:00+05:30,705.05,706.15,705.05,706.0,185.0
2026-06-11 13:50:00+05:30,706.0,706.45,705.45,706.45,461.0
2026-06-11 13:55:00+05:30,706.0,706.95,705.45,706.35,836.0
2026-06-11 14:00:00+05:30,706.0,706.0,706.0,706.0,254.0
2026-06-11 14:05:00+05:30,707.05,707.05,705.05,705.8,582.0
2026-06-11 14:10:00+05:30,706.0,706.45,705.75,706.35,268.0
2026-06-11 14:15:00+05:30,706.0,706.35,705.0,705.7,254.0
2026-06-11 14:20:00+05:30,705.7,706.35,705.2,706.3,148.0
2026-06-11 14:25:00+05:30,706.3,709.0,706.2,708.4,722.0
2026-06-11 14:30:00+05:30,709.0,711.0,708.35,711.0,1624.0
2026-06-11 14:35:00+05:30,709.95,709.95,706.0,708.65,2743.0
2026-06-11 14:40:00+05:30,706.7,708.0,705.8,707.05,1244.0
2026-06-11 14:45:00+05:30,707.35,708.55,707.35,708.55,431.0
2026-06-11 14:50:00+05:30,708.6,708.6,708.1,708.6,238.0
2026-06-11 14:55:00+05:30,708.5,708.6,707.0,707.2,852.0
2026-06-11 15:00:00+05:30,707.3,708.15,705.5,705.95,1230.0
2026-06-11 15:05:00+05:30,706.0,708.5,706.0,708.5,733.0
2026-06-11 15:10:00+05:30,707.15,707.15,706.1,707.0,859.0
2026-06-11 15:15:00+05:30,707.1,707.85,705.4,705.4,5047.0
2026-06-11 15:20:00+05:30,705.55,706.5,703.5,705.0,4856.0
2026-06-11 15:25:00+05:30,704.95,706.45,703.5,706.45,2761.0
2026-06-12 09:15:00+05:30,715.0,722.95,712.05,721.05,4454.0
2026-06-12 09:20:00+05:30,721.05,721.45,716.5,720.5,7735.0
2026-06-12 09:25:00+05:30,719.15,719.15,717.0,717.0,1016.0
2026-06-12 09:30:00+05:30,717.0,718.5,715.0,718.0,2772.0
2026-06-12 09:35:00+05:30,718.9,719.7,718.1,719.7,503.0
2026-06-12 09:40:00+05:30,719.1,719.1,717.2,718.65,456.0
2026-06-12 09:45:00+05:30,717.9,717.9,716.4,716.65,214.0
2026-06-12 09:50:00+05:30,716.65,716.7,713.1,714.3,964.0
2026-06-12 09:55:00+05:30,712.95,714.7,712.95,714.7,490.0
2026-06-12 10:00:00+05:30,713.0,713.45,712.7,713.05,1763.0
2026-06-12 10:05:00+05:30,713.0,717.05,713.0,717.05,1748.0
2026-06-12 10:10:00+05:30,717.05,721.05,717.05,721.05,3647.0
2026-06-12 10:15:00+05:30,722.95,724.0,720.5,720.5,3936.0
2026-06-12 10:20:00+05:30,721.5,721.5,719.55,720.5,746.0
2026-06-12 10:25:00+05:30,720.5,722.05,720.05,720.55,1478.0
2026-06-12 10:30:00+05:30,722.45,722.45,719.5,719.5,400.0
2026-06-12 10:35:00+05:30,719.5,720.65,718.6,719.85,829.0
2026-06-12 10:40:00+05:30,720.5,720.5,717.7,717.7,563.0
2026-06-12 10:45:00+05:30,717.7,717.7,715.0,716.2,1346.0
2026-06-12 10:50:00+05:30,716.2,716.2,716.0,716.0,20.0
2026-06-12 10:55:00+05:30,716.0,716.0,715.0,715.0,538.0
2026-06-12 11:00:00+05:30,715.0,715.0,715.0,715.0,6.0
2026-06-12 11:05:00+05:30,715.0,715.9,715.0,715.9,3.0
2026-06-12 11:10:00+05:30,714.0,714.7,713.25,714.05,1058.0
2026-06-12 11:15:00+05:30,714.85,715.85,714.85,715.0,388.0
2026-06-12 11:20:00+05:30,714.55,714.55,714.55,714.55,4.0
2026-06-12 11:25:00+05:30,714.05,715.25,714.05,715.25,151.0
2026-06-12 11:30:00+05:30,714.45,717.25,713.05,717.25,1247.0
2026-06-12 11:35:00+05:30,717.15,717.15,716.3,716.65,59.0
2026-06-12 11:40:00+05:30,716.65,716.65,716.35,716.35,24.0
2026-06-12 11:45:00+05:30,716.85,716.85,716.7,716.7,60.0
2026-06-12 11:50:00+05:30,715.6,726.9,715.4,724.85,6960.0
2026-06-12 11:55:00+05:30,725.0,725.0,724.0,724.0,2007.0
2026-06-12 12:00:00+05:30,724.0,724.9,720.75,720.75,9108.0
2026-06-12 12:05:00+05:30,720.75,720.75,719.9,719.95,508.0
2026-06-12 12:10:00+05:30,719.95,720.2,719.25,719.25,306.0
2026-06-12 12:15:00+05:30,718.55,719.2,718.55,719.2,181.0
2026-06-12 12:20:00+05:30,719.2,719.2,718.0,718.0,33.0
2026-06-12 12:25:00+05:30,718.0,718.0,718.0,718.0,103.0
2026-06-12 12:30:00+05:30,718.0,718.25,718.0,718.25,1.0
2026-06-12 12:35:00+05:30,719.5,721.1,719.0,719.6,1088.0
2026-06-12 12:40:00+05:30,720.35,720.35,719.1,719.6,304.0
2026-06-12 12:45:00+05:30,718.25,718.8,718.0,718.0,220.0
2026-06-12 12:50:00+05:30,718.0,720.2,718.0,718.3,838.0
2026-06-12 12:55:00+05:30,718.15,719.45,718.0,719.0,226.0
2026-06-12 13:00:00+05:30,718.15,719.55,718.15,719.55,202.0
2026-06-12 13:05:00+05:30,719.5,720.0,717.0,719.0,1298.0
2026-06-12 13:10:00+05:30,719.0,719.0,718.1,718.2,24.0
2026-06-12 13:15:00+05:30,718.2,719.65,718.2,719.05,1631.0
2026-06-12 13:20:00+05:30,719.05,719.05,718.6,718.6,15.0
2026-06-12 13:25:00+05:30,718.9,720.65,718.9,719.8,546.0
2026-06-12 13:30:00+05:30,718.7,720.55,718.7,720.55,597.0
2026-06-12 13:35:00+05:30,720.55,720.9,719.1,719.75,270.0
2026-06-12 13:40:00+05:30,720.1,721.5,720.0,721.5,614.0
2026-06-12 13:45:00+05:30,720.3,722.0,719.55,720.75,1175.0
2026-06-12 13:50:00+05:30,721.2,722.95,720.1,722.0,497.0
2026-06-12 13:55:00+05:30,722.0,722.7,721.2,721.7,217.0
2026-06-12 14:00:00+05:30,721.05,723.75,721.0,722.6,705.0
2026-06-12 14:05:00+05:30,722.9,722.9,721.85,722.9,126.0
2026-06-12 14:10:00+05:30,722.9,722.9,721.7,721.75,231.0
2026-06-12 14:15:00+05:30,721.7,722.0,721.05,721.15,406.0
2026-06-12 14:20:00+05:30,721.15,722.9,721.15,721.35,621.0
2026-06-12 14:25:00+05:30,722.25,722.4,721.0,722.4,119.0
2026-06-12 14:30:00+05:30,722.4,722.8,722.0,722.8,516.0
2026-06-12 14:35:00+05:30,722.8,722.8,721.05,721.7,165.0
2026-06-12 14:40:00+05:30,721.7,722.45,721.35,721.5,229.0
2026-06-12 14:45:00+05:30,721.5,722.2,720.55,721.95,2061.0
2026-06-12 14:50:00+05:30,720.95,721.65,720.05,721.45,592.0
2026-06-12 14:55:00+05:30,721.45,721.45,720.05,720.35,402.0
2026-06-12 15:00:00+05:30,720.25,721.25,719.95,721.05,2547.0
2026-06-12 15:05:00+05:30,719.95,721.4,719.95,721.15,1063.0
2026-06-12 15:10:00+05:30,721.45,721.6,719.5,721.3,1778.0
2026-06-12 15:15:00+05:30,722.8,722.8,720.55,721.5,3013.0
2026-06-12 15:20:00+05:30,721.25,724.0,720.65,723.0,3248.0
2026-06-12 15:25:00+05:30,724.0,727.0,722.0,726.0,8382.0
2026-06-15 09:15:00+05:30,731.0,739.0,731.0,734.15,6955.0
2026-06-15 09:20:00+05:30,734.5,734.95,728.45,729.1,5719.0
2026-06-15 09:25:00+05:30,730.25,734.0,729.6,734.0,2946.0
2026-06-15 09:30:00+05:30,734.4,735.2,732.3,733.7,2242.0
2026-06-15 09:35:00+05:30,733.0,736.0,732.6,734.6,3159.0
2026-06-15 09:40:00+05:30,734.6,734.6,724.6,732.1,9540.0
2026-06-15 09:45:00+05:30,732.45,737.0,731.7,736.0,1560.0
2026-06-15 09:50:00+05:30,734.4,735.0,731.0,731.0,1225.0
2026-06-15 09:55:00+05:30,732.35,733.0,730.0,730.0,1437.0
2026-06-15 10:00:00+05:30,731.05,733.7,731.05,732.8,645.0
2026-06-15 10:05:00+05:30,732.6,733.45,732.1,732.1,964.0
2026-06-15 10:10:00+05:30,732.1,732.75,728.55,730.5,2190.0
2026-06-15 10:15:00+05:30,729.05,731.35,729.05,730.65,163.0
2026-06-15 10:20:00+05:30,730.65,730.65,726.6,728.5,1183.0
2026-06-15 10:25:00+05:30,728.0,729.05,727.45,728.6,351.0
2026-06-15 10:30:00+05:30,728.75,729.6,728.75,729.6,122.0
2026-06-15 10:35:00+05:30,730.1,731.2,728.9,730.8,458.0
2026-06-15 10:40:00+05:30,729.5,731.0,728.4,728.4,2193.0
2026-06-15 10:45:00+05:30,728.4,729.7,728.4,729.7,155.0
2026-06-15 10:50:00+05:30,729.95,732.0,728.6,731.55,5719.0
2026-06-15 10:55:00+05:30,731.95,731.95,730.5,731.0,235.0
2026-06-15 11:00:00+05:30,731.0,731.0,728.45,729.55,666.0
2026-06-15 11:05:00+05:30,729.9,729.9,728.5,728.5,81.0
2026-06-15 11:10:00+05:30,729.55,730.0,728.6,729.35,55.0
2026-06-15 11:15:00+05:30,729.35,729.35,729.2,729.2,191.0
2026-06-15 11:20:00+05:30,729.1,729.2,727.0,727.0,1535.0
2026-06-15 11:25:00+05:30,727.1,728.0,726.55,726.55,214.0
2026-06-15 11:30:00+05:30,726.2,728.3,726.2,727.4,663.0
2026-06-15 11:35:00+05:30,727.4,727.85,726.5,726.5,332.0
2026-06-15 11:40:00+05:30,726.2,726.95,726.05,726.05,174.0
2026-06-15 11:45:00+05:30,726.05,727.0,726.05,726.1,140.0
2026-06-15 11:50:00+05:30,726.1,727.75,726.1,727.45,173.0
2026-06-15 11:55:00+05:30,727.45,727.45,726.1,727.0,428.0
2026-06-15 12:00:00+05:30,727.0,727.0,726.2,726.2,95.0
2026-06-15 12:05:00+05:30,725.1,725.8,722.3,723.8,3546.0
2026-06-15 12:10:00+05:30,724.2,725.1,723.3,725.1,272.0
2026-06-15 12:15:00+05:30,725.2,725.2,721.2,721.55,853.0
2026-06-15 12:20:00+05:30,721.55,723.95,721.55,723.05,309.0
2026-06-15 12:25:00+05:30,724.75,725.45,724.35,724.35,740.0
2026-06-15 12:30:00+05:30,725.25,725.25,724.0,724.6,192.0
2026-06-15 12:35:00+05:30,725.35,725.35,724.0,724.0,909.0
2026-06-15 12:40:00+05:30,723.9,725.7,723.9,725.7,92.0
2026-06-15 12:45:00+05:30,725.7,726.0,724.85,724.85,120.0
2026-06-15 12:50:00+05:30,724.65,725.2,723.5,725.2,421.0
2026-06-15 12:55:00+05:30,725.2,725.2,723.05,723.05,140.0
2026-06-15 13:00:00+05:30,723.75,724.6,723.75,724.6,914.0
2026-06-15 13:05:00+05:30,724.0,724.45,722.75,722.75,150.0
2026-06-15 13:10:00+05:30,723.9,724.85,723.75,723.75,128.0
2026-06-15 13:15:00+05:30,723.3,726.9,723.3,725.45,1328.0
2026-06-15 13:20:00+05:30,725.45,725.45,723.75,724.6,184.0
2026-06-15 13:25:00+05:30,724.9,724.9,723.6,723.6,37.0
2026-06-15 13:30:00+05:30,723.6,724.5,723.6,724.5,144.0
2026-06-15 13:35:00+05:30,724.45,724.45,724.0,724.0,299.0
2026-06-15 13:40:00+05:30,724.0,724.0,723.1,723.9,388.0
2026-06-15 13:45:00+05:30,723.1,724.25,723.1,724.25,122.0
2026-06-15 13:50:00+05:30,724.25,724.25,722.75,723.2,829.0
2026-06-15 13:55:00+05:30,723.2,724.1,722.5,723.4,454.0
2026-06-15 14:00:00+05:30,723.4,723.4,722.3,722.3,76.0
2026-06-15 14:05:00+05:30,723.3,723.3,722.35,722.35,98.0
2026-06-15 14:10:00+05:30,722.35,722.45,722.35,722.45,201.0
2026-06-15 14:15:00+05:30,722.5,722.5,722.5,722.5,4.0
2026-06-15 14:20:00+05:30,723.0,723.0,722.5,722.55,117.0
2026-06-15 14:25:00+05:30,722.55,723.3,722.5,723.3,200.0
2026-06-15 14:30:00+05:30,723.0,723.25,722.3,722.3,383.0
2026-06-15 14:35:00+05:30,721.1,722.0,721.1,722.0,479.0
2026-06-15 14:40:00+05:30,722.2,722.2,720.5,720.5,1250.0
2026-06-15 14:45:00+05:30,720.05,720.05,717.25,719.2,1248.0
2026-06-15 14:50:00+05:30,719.0,719.0,718.1,718.35,117.0
2026-06-15 14:55:00+05:30,718.35,719.55,718.35,718.4,538.0
2026-06-15 15:00:00+05:30,718.5,719.0,715.0,716.4,3858.0
2026-06-15 15:05:00+05:30,716.7,719.75,716.3,718.95,2125.0
2026-06-15 15:10:00+05:30,717.95,718.9,715.75,718.9,1267.0
2026-06-15 15:15:00+05:30,717.45,718.25,716.35,717.6,1377.0
2026-06-15 15:20:00+05:30,717.4,717.95,716.3,716.3,905.0
2026-06-15 15:25:00+05:30,716.95,718.0,711.35,714.15,6561.0
2026-06-16 09:15:00+05:30,715.05,722.7,712.05,721.5,3454.0
2026-06-16 09:20:00+05:30,718.55,720.25,715.25,719.65,2856.0
2026-06-16 09:25:00+05:30,719.8,720.15,718.7,720.15,319.0
2026-06-16 09:30:00+05:30,720.0,720.2,718.8,718.8,581.0
2026-06-16 09:35:00+05:30,718.8,724.0,718.8,721.75,3102.0
2026-06-16 09:40:00+05:30,722.0,724.9,721.0,723.45,1731.0
2026-06-16 09:45:00+05:30,722.35,723.4,720.55,722.0,1417.0
2026-06-16 09:50:00+05:30,722.0,725.0,721.5,721.55,2262.0
2026-06-16 09:55:00+05:30,723.2,723.2,721.25,722.95,156.0
2026-06-16 10:00:00+05:30,722.95,724.75,721.95,724.75,1143.0
2026-06-16 10:05:00+05:30,723.15,723.55,723.0,723.0,441.0
2026-06-16 10:10:00+05:30,723.0,727.45,722.1,726.75,2932.0
2026-06-16 10:15:00+05:30,725.1,725.9,721.95,721.95,1485.0
2026-06-16 10:20:00+05:30,723.4,734.0,723.4,728.95,7636.0
2026-06-16 10:25:00+05:30,737.2,738.0,730.05,731.15,13098.0
2026-06-16 10:30:00+05:30,731.95,735.0,731.0,732.3,3880.0
2026-06-16 10:35:00+05:30,733.45,734.25,731.7,731.7,1032.0
2026-06-16 10:40:00+05:30,731.7,732.55,730.0,730.05,423.0
2026-06-16 10:45:00+05:30,730.1,731.9,730.1,731.8,257.0
2026-06-16 10:50:00+05:30,731.8,731.8,728.0,728.0,396.0
2026-06-16 10:55:00+05:30,728.0,728.95,728.0,728.25,200.0
2026-06-16 11:00:00+05:30,727.0,727.0,725.6,726.95,1265.0
2026-06-16 11:05:00+05:30,727.95,727.95,725.05,725.05,278.0
2026-06-16 11:10:00+05:30,726.0,727.1,725.8,725.8,333.0
2026-06-16 11:15:00+05:30,725.8,725.8,725.6,725.6,639.0
2026-06-16 11:20:00+05:30,725.6,726.85,725.6,726.85,428.0
2026-06-16 11:25:00+05:30,727.4,727.4,726.25,726.95,260.0
2026-06-16 11:30:00+05:30,726.95,727.3,725.7,726.15,177.0
2026-06-16 11:35:00+05:30,726.15,726.7,725.55,725.55,54.0
2026-06-16 11:40:00+05:30,725.45,727.8,725.45,726.05,161.0
2026-06-16 11:45:00+05:30,727.1,727.1,725.55,726.0,171.0
2026-06-16 11:50:00+05:30,726.4,726.4,725.05,726.0,187.0
2026-06-16 11:55:00+05:30,726.2,726.2,724.3,724.55,239.0
2026-06-16 12:00:00+05:30,724.55,724.95,724.3,724.75,376.0
2026-06-16 12:05:00+05:30,724.75,724.75,724.0,724.0,140.0
2026-06-16 12:10:00+05:30,723.05,724.35,723.05,724.35,101.0
2026-06-16 12:15:00+05:30,724.35,725.5,724.35,725.5,101.0
2026-06-16 12:20:00+05:30,725.35,725.4,724.0,724.3,208.0
2026-06-16 12:25:00+05:30,724.3,727.0,724.3,727.0,1060.0
2026-06-16 12:30:00+05:30,725.45,725.45,724.3,724.3,608.0
2026-06-16 12:35:00+05:30,723.75,724.55,723.0,724.55,298.0
2026-06-16 12:40:00+05:30,724.55,724.55,724.5,724.55,87.0
2026-06-16 12:45:00+05:30,723.9,723.9,723.0,723.85,390.0
2026-06-16 12:50:00+05:30,723.85,723.85,722.7,722.7,51.0
2026-06-16 12:55:00+05:30,723.4,724.55,722.6,724.55,1235.0
2026-06-16 13:00:00+05:30,724.0,724.0,723.35,723.35,80.0
2026-06-16 13:05:00+05:30,723.35,726.4,723.35,726.4,1892.0
2026-06-16 13:10:00+05:30,727.2,727.65,724.55,724.55,559.0
2026-06-16 13:15:00+05:30,724.55,726.15,724.0,726.15,502.0
2026-06-16 13:20:00+05:30,726.15,726.15,725.4,726.0,9.0
2026-06-16 13:25:00+05:30,726.0,726.0,724.55,725.3,215.0
2026-06-16 13:30:00+05:30,726.2,726.2,724.95,726.2,122.0
2026-06-16 13:35:00+05:30,726.2,726.35,726.2,726.35,25.0
2026-06-16 13:40:00+05:30,726.35,726.35,725.5,725.5,154.0
2026-06-16 13:45:00+05:30,725.25,725.25,724.6,724.6,225.0
2026-06-16 13:50:00+05:30,724.6,725.45,724.6,725.25,390.0
2026-06-16 13:55:00+05:30,724.75,724.75,724.05,724.6,871.0
2026-06-16 14:00:00+05:30,724.6,725.0,724.6,724.6,76.0
2026-06-16 14:05:00+05:30,725.0,725.9,725.0,725.9,60.0
2026-06-16 14:10:00+05:30,725.1,726.95,725.0,725.45,466.0
2026-06-16 14:15:00+05:30,725.45,725.55,725.45,725.55,34.0
2026-06-16 14:20:00+05:30,728.5,728.5,726.25,726.25,1253.0
2026-06-16 14:25:00+05:30,727.2,727.2,726.05,726.05,173.0
2026-06-16 14:30:00+05:30,725.5,726.05,725.5,725.9,274.0
2026-06-16 14:35:00+05:30,725.9,726.0,725.85,726.0,104.0
2026-06-16 14:40:00+05:30,726.9,727.0,725.6,725.6,176.0
2026-06-16 14:45:00+05:30,725.0,726.9,725.0,726.05,388.0
2026-06-16 14:50:00+05:30,726.05,726.9,725.5,726.9,465.0
2026-06-16 14:55:00+05:30,726.9,726.9,725.55,726.8,100.0
2026-06-16 15:00:00+05:30,726.8,726.8,725.0,725.35,1039.0
2026-06-16 15:05:00+05:30,725.05,726.0,725.05,725.9,879.0
2026-06-16 15:10:00+05:30,725.05,725.95,725.0,725.95,911.0
2026-06-16 15:15:00+05:30,725.95,726.9,725.6,726.6,1295.0
2026-06-16 15:20:00+05:30,726.4,727.0,724.6,725.0,2358.0
2026-06-16 15:25:00+05:30,725.0,727.0,724.6,726.5,2925.0
2026-06-17 09:15:00+05:30,721.0,730.85,721.0,730.0,1724.0
2026-06-17 09:20:00+05:30,729.0,735.0,727.65,733.0,1606.0
2026-06-17 09:25:00+05:30,732.0,732.8,727.3,727.55,2066.0
2026-06-17 09:30:00+05:30,728.9,731.2,726.1,726.1,2410.0
2026-06-17 09:35:00+05:30,727.15,729.55,727.05,728.0,433.0
2026-06-17 09:40:00+05:30,728.35,728.9,727.05,727.3,191.0
2026-06-17 09:45:00+05:30,727.35,730.0,726.25,730.0,1361.0
2026-06-17 09:50:00+05:30,731.0,731.0,730.0,730.0,816.0
2026-06-17 09:55:00+05:30,730.0,730.8,727.0,727.0,1284.0
2026-06-17 10:00:00+05:30,727.5,727.5,724.85,725.2,433.0
2026-06-17 10:05:00+05:30,725.2,727.8,725.2,727.8,268.0
2026-06-17 10:10:00+05:30,727.9,727.9,726.05,726.9,44.0
2026-06-17 10:15:00+05:30,726.9,726.9,725.0,726.7,436.0
2026-06-17 10:20:00+05:30,726.7,727.05,726.65,727.05,90.0
2026-06-17 10:25:00+05:30,727.4,727.4,725.0,725.0,1882.0
2026-06-17 10:30:00+05:30,724.7,724.9,723.8,723.8,100.0
2026-06-17 10:35:00+05:30,724.05,724.95,723.9,724.95,134.0
2026-06-17 10:40:00+05:30,724.95,724.95,724.0,724.95,231.0
2026-06-17 10:45:00+05:30,724.15,725.45,724.0,724.0,624.0
2026-06-17 10:50:00+05:30,723.5,724.7,723.1,724.7,266.0
2026-06-17 10:55:00+05:30,724.9,725.8,724.8,724.8,49.0
2026-06-17 11:00:00+05:30,724.8,725.05,723.95,724.05,141.0
2026-06-17 11:05:00+05:30,724.05,724.9,723.8,724.85,64.0
2026-06-17 11:10:00+05:30,724.0,724.1,724.0,724.05,55.0
2026-06-17 11:15:00+05:30,725.15,726.45,725.15,726.45,209.0
2026-06-17 11:20:00+05:30,726.45,726.45,725.7,725.7,56.0
2026-06-17 11:25:00+05:30,725.2,725.5,725.0,725.5,55.0
2026-06-17 11:30:00+05:30,725.7,726.0,725.0,726.0,272.0
2026-06-17 11:35:00+05:30,726.0,726.0,724.2,725.0,161.0
2026-06-17 11:40:00+05:30,725.0,725.45,724.0,724.3,463.0
2026-06-17 11:45:00+05:30,724.3,724.3,724.0,724.1,425.0
2026-06-17 11:50:00+05:30,724.1,724.65,724.1,724.65,1.0
2026-06-17 11:55:00+05:30,724.1,724.1,723.0,723.0,155.0
2026-06-17 12:00:00+05:30,723.0,723.0,722.4,722.75,185.0
2026-06-17 12:05:00+05:30,724.3,724.3,722.75,722.75,86.0
2026-06-17 12:10:00+05:30,722.75,722.75,722.6,722.6,45.0
2026-06-17 12:15:00+05:30,722.6,723.9,722.6,723.9,32.0
2026-06-17 12:20:00+05:30,723.9,723.9,722.7,722.7,42.0
2026-06-17 12:25:00+05:30,722.7,722.7,722.55,722.55,71.0
2026-06-17 12:30:00+05:30,723.9,723.95,722.55,722.8,194.0
2026-06-17 12:35:00+05:30,722.8,722.8,721.9,721.9,805.0
2026-06-17 12:40:00+05:30,722.0,722.0,721.5,721.5,117.0
2026-06-17 12:45:00+05:30,721.5,721.5,720.55,721.0,492.0
2026-06-17 12:50:00+05:30,721.0,721.0,718.8,720.0,1043.0
2026-06-17 12:55:00+05:30,720.95,721.75,720.55,720.55,83.0
2026-06-17 13:00:00+05:30,721.6,722.2,720.95,722.2,156.0
2026-06-17 13:05:00+05:30,722.2,722.5,721.25,721.25,181.0
2026-06-17 13:10:00+05:30,721.25,724.0,721.25,722.05,1094.0
2026-06-17 13:15:00+05:30,722.0,724.0,722.0,724.0,261.0
2026-06-17 13:20:00+05:30,723.05,724.6,723.05,724.55,92.0
2026-06-17 13:25:00+05:30,724.55,724.55,724.5,724.5,31.0
2026-06-17 13:30:00+05:30,724.6,726.0,724.6,726.0,1513.0
2026-06-17 13:35:00+05:30,726.0,726.45,725.0,726.45,202.0
2026-06-17 13:40:00+05:30,726.45,727.4,726.45,726.55,530.0
2026-06-17 13:45:00+05:30,726.55,727.4,726.45,726.7,96.0
2026-06-17 13:50:00+05:30,725.85,725.85,723.2,723.2,197.0
2026-06-17 13:55:00+05:30,723.25,724.4,723.25,724.4,121.0
2026-06-17 14:00:00+05:30,724.4,724.4,724.4,724.4,0.0
2026-06-17 14:05:00+05:30,724.4,724.4,723.35,723.35,57.0
2026-06-17 14:10:00+05:30,723.35,724.0,723.35,724.0,23.0
2026-06-17 14:15:00+05:30,724.0,724.0,724.0,724.0,109.0
2026-06-17 14:20:00+05:30,723.5,723.9,723.5,723.9,91.0
2026-06-17 14:25:00+05:30,723.5,723.5,720.05,721.75,1832.0
2026-06-17 14:30:00+05:30,721.2,722.2,721.0,722.0,165.0
2026-06-17 14:35:00+05:30,721.35,725.2,721.35,723.05,1243.0
2026-06-17 14:40:00+05:30,723.05,723.95,723.05,723.95,85.0
2026-06-17 14:45:00+05:30,723.95,743.0,722.55,740.45,100803.0
2026-06-17 14:50:00+05:30,740.6,741.45,738.0,741.0,25009.0
2026-06-17 14:55:00+05:30,740.95,742.0,738.5,741.2,17266.0
2026-06-17 15:00:00+05:30,741.05,741.9,738.5,739.2,11684.0
2026-06-17 15:05:00+05:30,740.0,740.85,738.0,738.8,9382.0
2026-06-17 15:10:00+05:30,738.8,741.9,738.4,741.1,13567.0
2026-06-17 15:15:00+05:30,742.0,747.05,741.9,746.0,38822.0
2026-06-17 15:20:00+05:30,745.95,746.25,743.45,745.45,8006.0
2026-06-17 15:25:00+05:30,745.5,750.0,745.5,747.0,24409.0
2026-06-18 09:15:00+05:30,750.0,753.0,743.15,746.65,14176.0
2026-06-18 09:20:00+05:30,746.75,758.3,745.0,751.95,28724.0
2026-06-18 09:25:00+05:30,751.05,751.75,743.65,744.55,8727.0
2026-06-18 09:30:00+05:30,745.0,748.8,744.1,745.0,2416.0
2026-06-18 09:35:00+05:30,745.0,745.95,742.2,745.95,2206.0
2026-06-18 09:40:00+05:30,748.05,752.0,746.4,746.4,11620.0
2026-06-18 09:45:00+05:30,746.7,747.85,745.15,746.7,502.0
2026-06-18 09:50:00+05:30,745.65,746.85,742.8,744.0,3669.0
2026-06-18 09:55:00+05:30,745.8,746.0,743.85,744.7,2147.0
2026-06-18 10:00:00+05:30,745.4,754.0,744.7,753.75,8126.0
2026-06-18 10:05:00+05:30,754.0,757.8,751.25,756.95,11052.0
2026-06-18 10:10:00+05:30,756.15,758.0,753.8,756.5,9260.0
2026-06-18 10:15:00+05:30,757.3,758.7,752.0,752.0,8062.0
2026-06-18 10:20:00+05:30,753.0,753.75,752.0,752.9,4842.0
2026-06-18 10:25:00+05:30,753.85,759.95,753.15,755.0,7662.0
2026-06-18 10:30:00+05:30,755.0,767.9,753.0,766.0,30477.0
2026-06-18 10:35:00+05:30,767.0,775.0,763.0,763.25,43010.0
2026-06-18 10:40:00+05:30,761.4,772.0,761.4,768.95,18772.0
2026-06-18 10:45:00+05:30,769.0,775.9,768.35,769.95,25498.0
2026-06-18 10:50:00+05:30,769.5,771.0,765.1,765.1,9427.0
2026-06-18 10:55:00+05:30,766.0,772.0,765.15,769.35,11650.0
2026-06-18 11:00:00+05:30,768.6,770.0,768.0,769.95,4798.0
2026-06-18 11:05:00+05:30,769.15,774.95,768.7,772.15,12460.0
2026-06-18 11:10:00+05:30,773.0,782.0,770.65,781.55,25422.0
2026-06-18 11:15:00+05:30,780.9,787.7,775.7,786.2,32468.0
2026-06-18 11:20:00+05:30,786.0,804.25,781.05,803.7,104345.0
2026-06-18 11:25:00+05:30,803.1,824.0,802.95,821.85,156843.0
2026-06-18 11:30:00+05:30,821.0,835.0,820.3,828.0,152131.0
2026-06-18 11:35:00+05:30,828.0,844.85,825.1,830.4,176405.0
2026-06-18 11:40:00+05:30,830.7,839.85,825.9,836.25,93032.0
2026-06-18 11:45:00+05:30,835.05,844.8,835.0,837.35,119385.0
2026-06-18 11:50:00+05:30,837.1,854.0,837.0,852.8,233436.0
2026-06-18 11:55:00+05:30,852.95,857.8,850.75,854.15,165518.0
2026-06-18 12:00:00+05:30,854.15,854.4,850.1,852.45,93063.0
2026-06-18 12:05:00+05:30,852.55,856.65,850.35,851.5,95349.0
2026-06-18 12:10:00+05:30,851.35,862.0,850.1,860.0,141990.0
2026-06-18 12:15:00+05:30,859.1,860.0,852.45,854.7,164353.0
2026-06-18 12:20:00+05:30,854.5,857.9,852.0,853.0,52962.0
2026-06-18 12:25:00+05:30,853.0,857.0,851.35,853.75,64491.0
2026-06-18 12:30:00+05:30,853.0,856.95,852.3,856.5,47359.0
2026-06-18 12:35:00+05:30,856.5,862.4,851.1,852.8,179459.0
2026-06-18 12:40:00+05:30,852.8,857.95,850.1,857.3,98960.0
2026-06-18 12:45:00+05:30,857.75,859.95,855.85,858.6,66234.0
2026-06-18 12:50:00+05:30,858.95,866.0,858.0,864.7,239072.0
2026-06-18 12:55:00+05:30,864.7,865.8,858.2,860.75,105331.0
2026-06-18 13:00:00+05:30,860.6,861.9,858.4,859.55,26972.0
2026-06-18 13:05:00+05:30,859.55,861.0,853.5,853.5,85978.0
2026-06-18 13:10:00+05:30,853.5,854.5,851.2,853.75,74243.0
2026-06-18 13:15:00+05:30,853.0,853.8,850.95,850.95,32239.0
2026-06-18 13:20:00+05:30,851.0,856.15,850.1,853.2,63152.0
2026-06-18 13:25:00+05:30,853.8,854.95,851.8,854.8,15766.0
2026-06-18 13:30:00+05:30,854.5,861.45,854.5,859.0,49385.0
2026-06-18 13:35:00+05:30,859.0,865.0,858.05,862.1,69931.0
2026-06-18 13:40:00+05:30,862.1,869.7,861.4,867.35,131425.0
2026-06-18 13:45:00+05:30,867.45,868.0,865.15,866.75,58947.0
2026-06-18 13:50:00+05:30,866.5,868.95,865.2,866.3,42127.0
2026-06-18 13:55:00+05:30,866.3,874.2,865.5,872.7,121322.0
2026-06-18 14:00:00+05:30,871.9,874.9,871.5,873.5,74858.0
2026-06-18 14:05:00+05:30,873.5,877.0,866.05,867.6,118586.0
2026-06-18 14:10:00+05:30,868.0,874.75,867.65,872.7,45464.0
2026-06-18 14:15:00+05:30,872.05,873.9,869.75,870.9,39253.0
2026-06-18 14:20:00+05:30,871.6,875.0,868.0,874.5,47679.0
2026-06-18 14:25:00+05:30,874.45,874.5,872.0,874.5,35209.0
2026-06-18 14:30:00+05:30,874.9,877.0,867.25,870.0,99853.0
2026-06-18 14:35:00+05:30,870.85,874.0,865.1,865.2,98428.0
2026-06-18 14:40:00+05:30,865.2,869.9,865.1,869.0,48351.0
2026-06-18 14:45:00+05:30,868.8,869.0,865.25,868.1,37526.0
2026-06-18 14:50:00+05:30,868.2,881.9,868.2,875.9,184694.0
2026-06-18 14:55:00+05:30,875.2,880.0,868.45,875.15,99568.0
2026-06-18 15:00:00+05:30,875.1,881.95,874.25,877.0,83540.0
2026-06-18 15:05:00+05:30,876.6,885.0,875.35,882.7,108444.0
2026-06-18 15:10:00+05:30,883.3,883.9,876.85,879.05,77118.0
2026-06-18 15:15:00+05:30,879.45,881.05,858.4,865.35,228010.0
2026-06-18 15:20:00+05:30,865.8,869.5,858.5,869.45,72701.0
2026-06-18 15:25:00+05:30,870.0,870.0,858.55,863.7,96978.0
2026-06-19 09:15:00+05:30,886.0,937.6,886.0,937.0,504973.0
2026-06-19 09:20:00+05:30,939.65,945.0,927.5,933.1,396144.0
2026-06-19 09:25:00+05:30,933.65,934.0,915.55,918.75,248397.0
2026-06-19 09:30:00+05:30,918.1,918.55,907.0,914.15,199817.0
2026-06-19 09:35:00+05:30,914.6,919.9,906.0,910.4,126340.0
2026-06-19 09:40:00+05:30,910.5,914.2,904.0,905.05,113409.0
2026-06-19 09:45:00+05:30,905.15,912.8,905.15,910.65,62342.0
2026-06-19 09:50:00+05:30,910.8,917.0,910.6,916.0,68601.0
2026-06-19 09:55:00+05:30,916.0,919.65,913.95,915.55,68107.0
2026-06-19 10:00:00+05:30,915.5,915.75,905.45,908.0,63489.0
2026-06-19 10:05:00+05:30,908.0,912.9,907.0,911.75,21689.0
2026-06-19 10:10:00+05:30,911.75,912.6,906.45,907.8,22634.0
2026-06-19 10:15:00+05:30,907.8,912.95,907.0,910.0,20168.0
2026-06-19 10:20:00+05:30,910.0,914.0,908.2,909.55,27550.0
2026-06-19 10:25:00+05:30,909.8,910.9,904.95,907.05,37539.0
2026-06-19 10:30:00+05:30,907.05,908.0,904.9,905.2,24486.0
2026-06-19 10:35:00+05:30,905.2,907.6,903.1,903.65,30674.0
2026-06-19 10:40:00+05:30,903.2,913.0,902.0,912.9,61306.0
2026-06-19 10:45:00+05:30,912.85,916.3,910.45,910.45,34949.0
2026-06-19 10:50:00+05:30,911.35,911.35,907.4,908.6,25252.0
2026-06-19 10:55:00+05:30,908.2,910.85,907.1,907.15,18373.0
2026-06-19 11:00:00+05:30,907.15,910.4,907.15,908.9,10678.0
2026-06-19 11:05:00+05:30,908.8,909.05,899.65,904.5,68906.0
2026-06-19 11:10:00+05:30,905.4,906.4,903.7,905.45,20841.0
2026-06-19 11:15:00+05:30,905.45,907.95,903.75,906.55,17206.0
2026-06-19 11:20:00+05:30,906.55,907.95,905.75,906.2,5797.0
2026-06-19 11:25:00+05:30,906.2,908.8,905.85,906.2,8039.0
2026-06-19 11:30:00+05:30,906.45,910.7,906.45,910.65,9521.0
2026-06-19 11:35:00+05:30,910.75,910.75,908.15,909.55,5253.0
2026-06-19 11:40:00+05:30,909.5,909.55,906.5,907.1,6205.0
2026-06-19 11:45:00+05:30,907.65,910.0,906.2,908.5,14402.0
2026-06-19 11:50:00+05:30,908.35,914.3,907.4,913.5,10319.0
2026-06-19 11:55:00+05:30,912.55,923.15,912.35,920.55,80468.0
2026-06-19 12:00:00+05:30,920.8,920.8,912.35,912.6,32089.0
2026-06-19 12:05:00+05:30,915.0,921.85,914.55,916.8,36402.0
2026-06-19 12:10:00+05:30,917.0,920.6,915.0,919.4,18256.0
2026-06-19 12:15:00+05:30,919.45,924.7,917.35,922.55,43234.0
2026-06-19 12:20:00+05:30,921.65,925.0,920.5,924.0,25951.0
2026-06-19 12:25:00+05:30,924.0,930.0,921.5,926.85,66013.0
2026-06-19 12:30:00+05:30,926.85,927.65,922.25,926.0,34362.0
2026-06-19 12:35:00+05:30,926.5,928.65,923.45,925.0,27123.0
2026-06-19 12:40:00+05:30,925.7,931.0,924.1,930.0,59828.0
2026-06-19 12:45:00+05:30,930.0,930.9,926.55,928.9,21430.0
2026-06-19 12:50:00+05:30,930.0,933.25,926.5,926.5,47242.0
2026-06-19 12:55:00+05:30,926.4,927.55,923.0,924.15,29475.0
2026-06-19 13:00:00+05:30,924.05,925.0,918.6,919.5,35108.0
2026-06-19 13:05:00+05:30,920.0,923.2,917.65,922.0,19780.0
2026-06-19 13:10:00+05:30,922.0,922.0,920.0,921.9,8485.0
2026-06-19 13:15:00+05:30,921.9,924.45,921.0,921.0,8893.0
2026-06-19 13:20:00+05:30,921.0,929.0,920.7,925.6,30230.0
2026-06-19 13:25:00+05:30,925.85,928.5,923.8,925.35,11430.0
2026-06-19 13:30:00+05:30,925.0,926.7,922.45,925.35,8715.0
2026-06-19 13:35:00+05:30,925.3,926.4,921.25,925.55,13249.0
2026-06-19 13:40:00+05:30,925.55,928.8,925.0,928.05,25006.0
2026-06-19 13:45:00+05:30,928.05,928.8,927.95,928.05,10629.0
2026-06-19 13:50:00+05:30,928.0,928.0,925.5,926.6,5584.0
2026-06-19 13:55:00+05:30,926.8,942.8,926.6,942.45,179668.0
2026-06-19 14:00:00+05:30,941.45,944.8,940.0,942.05,85363.0
2026-06-19 14:05:00+05:30,942.05,944.0,940.55,944.0,55341.0
2026-06-19 14:10:00+05:30,943.45,954.95,935.5,954.0,281826.0
2026-06-19 14:15:00+05:30,953.7,977.0,952.15,975.8,452525.0
2026-06-19 14:20:00+05:30,977.0,984.0,970.0,977.9,355800.0
2026-06-19 14:25:00+05:30,977.15,990.0,974.25,989.5,477487.0
2026-06-19 14:30:00+05:30,989.75,993.8,983.0,983.2,359499.0
2026-06-19 14:35:00+05:30,982.95,989.0,972.0,979.15,409725.0
2026-06-19 14:40:00+05:30,975.9,979.05,946.0,951.0,682955.0
2026-06-19 14:45:00+05:30,951.95,959.5,936.7,940.0,429462.0
2026-06-19 14:50:00+05:30,940.1,944.9,931.5,935.0,313602.0
2026-06-19 14:55:00+05:30,934.9,952.25,932.45,946.5,293425.0
2026-06-19 15:00:00+05:30,945.9,951.7,936.25,939.2,258029.0
2026-06-19 15:05:00+05:30,938.95,942.2,936.5,939.25,120546.0
2026-06-19 15:10:00+05:30,938.35,939.45,935.0,936.05,114946.0
2026-06-19 15:15:00+05:30,936.0,942.0,935.15,936.0,180549.0
2026-06-19 15:20:00+05:30,936.05,945.0,931.7,938.6,170765.0
2026-06-19 15:25:00+05:30,939.0,945.5,935.6,938.0,72851.0
2026-06-22 09:15:00+05:30,939.3,955.0,921.15,946.95,145955.0
2026-06-22 09:20:00+05:30,946.45,962.7,944.35,958.5,85699.0
2026-06-22 09:25:00+05:30,958.2,962.05,946.45,948.0,53290.0
2026-06-22 09:30:00+05:30,947.6,959.85,945.2,956.45,46515.0
2026-06-22 09:35:00+05:30,957.75,975.65,957.4,974.0,167645.0
2026-06-22 09:40:00+05:30,973.5,985.0,972.0,981.05,116679.0
2026-06-22 09:45:00+05:30,981.2,981.2,966.65,968.6,102749.0
2026-06-22 09:50:00+05:30,968.35,977.75,967.8,976.7,57628.0
2026-06-22 09:55:00+05:30,976.5,980.0,973.0,978.6,37326.0
2026-06-22 10:00:00+05:30,977.6,981.4,972.05,975.5,39407.0
2026-06-22 10:05:00+05:30,974.65,975.75,971.0,974.95,29642.0
2026-06-22 10:10:00+05:30,975.0,975.0,970.0,972.0,10569.0
2026-06-22 10:15:00+05:30,972.0,973.3,969.15,972.3,20962.0
2026-06-22 10:20:00+05:30,970.75,971.9,966.6,967.75,17715.0
2026-06-22 10:25:00+05:30,967.75,974.35,967.15,968.8,27449.0
2026-06-22 10:30:00+05:30,968.8,970.5,968.25,969.0,8631.0
2026-06-22 10:35:00+05:30,968.95,969.75,966.25,969.0,11891.0
2026-06-22 10:40:00+05:30,968.25,969.4,962.0,964.0,15973.0
2026-06-22 10:45:00+05:30,963.65,965.95,961.75,963.3,16901.0
2026-06-22 10:50:00+05:30,962.6,965.5,962.6,963.55,7855.0
2026-06-22 10:55:00+05:30,963.55,964.9,962.0,963.6,14537.0
2026-06-22 11:00:00+05:30,964.85,964.85,959.1,962.05,18741.0
2026-06-22 11:05:00+05:30,962.0,963.4,960.9,962.7,5541.0
2026-06-22 11:10:00+05:30,962.7,963.35,960.05,962.8,8137.0
2026-06-22 11:15:00+05:30,962.3,962.85,960.1,961.0,4538.0
2026-06-22 11:20:00+05:30,961.15,961.7,960.2,961.35,2263.0
2026-06-22 11:25:00+05:30,960.55,965.0,960.35,962.7,7426.0
2026-06-22 11:30:00+05:30,962.9,962.9,960.1,960.9,5239.0
2026-06-22 11:35:00+05:30,960.45,961.75,956.25,959.5,10957.0
2026-06-22 11:40:00+05:30,957.85,958.65,954.85,957.7,8340.0
2026-06-22 11:45:00+05:30,958.2,962.75,957.85,960.7,14421.0
2026-06-22 11:50:00+05:30,960.7,960.7,955.0,956.35,9048.0
2026-06-22 11:55:00+05:30,955.25,958.7,955.25,957.7,4289.0
2026-06-22 12:00:00+05:30,957.7,958.0,955.1,956.5,5912.0
2026-06-22 12:05:00+05:30,956.0,958.35,956.0,956.2,2015.0
2026-06-22 12:10:00+05:30,956.2,958.1,956.2,957.95,2542.0
2026-06-22 12:15:00+05:30,958.0,958.9,956.55,957.4,4543.0
2026-06-22 12:20:00+05:30,957.3,957.55,956.0,956.0,3539.0
2026-06-22 12:25:00+05:30,956.0,956.85,955.0,955.45,4123.0
2026-06-22 12:30:00+05:30,955.0,957.0,952.2,953.5,15044.0
2026-06-22 12:35:00+05:30,953.5,955.0,951.9,953.55,5585.0
2026-06-22 12:40:00+05:30,953.7,955.75,950.55,951.65,3909.0
2026-06-22 12:45:00+05:30,950.7,953.0,950.2,952.75,6977.0
2026-06-22 12:50:00+05:30,953.0,955.95,953.0,953.8,4464.0
2026-06-22 12:55:00+05:30,953.8,953.95,952.4,953.0,2912.0
2026-06-22 13:00:00+05:30,952.95,954.05,952.25,954.05,2454.0
2026-06-22 13:05:00+05:30,953.3,954.1,950.35,950.9,8245.0
2026-06-22 13:10:00+05:30,951.0,952.0,947.0,948.7,20435.0
2026-06-22 13:15:00+05:30,948.8,951.0,947.35,950.0,6076.0
2026-06-22 13:20:00+05:30,950.7,951.0,947.0,947.6,7331.0
2026-06-22 13:25:00+05:30,947.6,948.1,945.2,946.35,6075.0
2026-06-22 13:30:00+05:30,946.0,947.85,945.35,946.55,6433.0
2026-06-22 13:35:00+05:30,947.5,950.9,946.6,950.3,10960.0
2026-06-22 13:40:00+05:30,951.15,951.15,947.0,948.0,6907.0
2026-06-22 13:45:00+05:30,948.0,949.6,947.2,948.55,3145.0
2026-06-22 13:50:00+05:30,949.2,949.4,946.4,946.4,9538.0
2026-06-22 13:55:00+05:30,946.4,947.75,943.5,946.0,13926.0
2026-06-22 14:00:00+05:30,946.0,946.0,943.0,943.05,8864.0
2026-06-22 14:05:00+05:30,943.0,945.0,941.7,941.85,9329.0
2026-06-22 14:10:00+05:30,941.6,942.7,937.0,938.25,24288.0
2026-06-22 14:15:00+05:30,937.0,938.8,933.8,934.5,34196.0
2026-06-22 14:20:00+05:30,934.2,934.5,927.1,928.75,46978.0
2026-06-22 14:25:00+05:30,928.9,931.85,925.6,930.15,26430.0
2026-06-22 14:30:00+05:30,927.55,935.05,927.55,930.05,19980.0
2026-06-22 14:35:00+05:30,930.0,933.0,926.8,929.2,14492.0
2026-06-22 14:40:00+05:30,929.2,931.25,928.95,930.1,6269.0
2026-06-22 14:45:00+05:30,931.4,931.85,927.65,929.55,17437.0
2026-06-22 14:50:00+05:30,928.25,928.5,923.5,925.75,39470.0
2026-06-22 14:55:00+05:30,925.75,928.0,924.1,926.15,5283.0
2026-06-22 15:00:00+05:30,926.3,927.2,922.0,925.2,17237.0
2026-06-22 15:05:00+05:30,925.2,927.0,922.0,923.95,12008.0
2026-06-22 15:10:00+05:30,923.85,923.85,920.05,921.75,20414.0
2026-06-22 15:15:00+05:30,922.0,929.9,922.0,928.6,46027.0
2026-06-22 15:20:00+05:30,929.4,929.85,922.15,922.3,43980.0
2026-06-22 15:25:00+05:30,922.75,925.55,921.9,924.0,21948.0
2026-06-23 09:15:00+05:30,925.0,925.0,896.7,908.3,51411.0
2026-06-23 09:20:00+05:30,908.0,917.95,905.05,909.4,26872.0
2026-06-23 09:25:00+05:30,908.6,910.45,900.0,906.2,21454.0
2026-06-23 09:30:00+05:30,905.2,913.4,903.0,912.75,15222.0
2026-06-23 09:35:00+05:30,912.1,913.0,908.0,910.95,6305.0
2026-06-23 09:40:00+05:30,910.3,910.95,906.5,907.45,4809.0
2026-06-23 09:45:00+05:30,907.75,908.1,905.0,905.4,5024.0
2026-06-23 09:50:00+05:30,905.4,907.9,901.0,902.05,6531.0
2026-06-23 09:55:00+05:30,902.75,902.75,892.8,894.0,20308.0
2026-06-23 10:00:00+05:30,893.4,898.0,890.0,895.2,25780.0
2026-06-23 10:05:00+05:30,896.65,902.3,895.0,898.7,20559.0
2026-06-23 10:10:00+05:30,899.0,899.0,892.6,894.7,9771.0
2026-06-23 10:15:00+05:30,894.55,898.05,892.3,898.05,8022.0
2026-06-23 10:20:00+05:30,898.0,900.0,895.6,895.6,3093.0
2026-06-23 10:25:00+05:30,895.75,896.25,893.0,893.0,2453.0
2026-06-23 10:30:00+05:30,893.45,896.95,892.3,895.05,3017.0
2026-06-23 10:35:00+05:30,895.3,895.3,893.0,893.0,1136.0
2026-06-23 10:40:00+05:30,893.65,894.4,890.0,892.0,5027.0
2026-06-23 10:45:00+05:30,891.3,892.1,890.05,891.0,3167.0
2026-06-23 10:50:00+05:30,890.2,890.95,888.0,889.3,5641.0
2026-06-23 10:55:00+05:30,888.15,889.25,884.5,886.85,11650.0
2026-06-23 11:00:00+05:30,884.15,890.5,883.5,890.5,7514.0
2026-06-23 11:05:00+05:30,890.05,891.95,886.9,888.55,6440.0
2026-06-23 11:10:00+05:30,888.6,890.2,886.6,889.45,2722.0
2026-06-23 11:15:00+05:30,889.9,890.9,887.65,888.45,1750.0
2026-06-23 11:20:00+05:30,888.5,888.5,885.2,886.3,2226.0
2026-06-23 11:25:00+05:30,886.0,887.25,884.0,887.0,4134.0
2026-06-23 11:30:00+05:30,886.35,887.65,885.5,887.25,1773.0
2026-06-23 11:35:00+05:30,887.3,889.3,887.25,888.6,3978.0
2026-06-23 11:40:00+05:30,888.0,888.6,885.55,885.55,2914.0
2026-06-23 11:45:00+05:30,886.55,887.1,881.5,882.95,5081.0
2026-06-23 11:50:00+05:30,884.35,884.35,882.0,884.0,3135.0
2026-06-23 11:55:00+05:30,883.0,884.7,881.0,881.1,4909.0
2026-06-23 12:00:00+05:30,881.3,885.0,881.3,883.65,1605.0
2026-06-23 12:05:00+05:30,884.25,884.9,883.2,883.3,1358.0
2026-06-23 12:10:00+05:30,884.1,884.6,881.0,881.7,2627.0
2026-06-23 12:15:00+05:30,883.0,883.4,882.05,883.1,1822.0
2026-06-23 12:20:00+05:30,883.0,883.0,880.0,881.5,6332.0
2026-06-23 12:25:00+05:30,881.1,886.85,881.1,882.8,5491.0
2026-06-23 12:30:00+05:30,883.5,884.3,882.0,882.55,848.0
2026-06-23 12:35:00+05:30,883.15,883.6,882.0,883.0,883.0
2026-06-23 12:40:00+05:30,883.7,883.7,882.05,882.4,840.0
2026-06-23 12:45:00+05:30,882.9,883.25,881.1,881.1,1492.0
2026-06-23 12:50:00+05:30,881.85,882.2,877.05,881.8,10405.0
2026-06-23 12:55:00+05:30,881.8,888.0,881.5,881.6,12973.0
2026-06-23 13:00:00+05:30,881.65,882.55,877.5,879.65,4142.0
2026-06-23 13:05:00+05:30,879.65,882.6,879.1,881.2,1555.0
2026-06-23 13:10:00+05:30,881.25,882.0,880.45,881.9,139.0
2026-06-23 13:15:00+05:30,880.45,883.85,880.2,882.3,1572.0
2026-06-23 13:20:00+05:30,882.4,883.0,880.25,883.0,961.0
2026-06-23 13:25:00+05:30,882.0,883.8,880.6,882.75,3597.0
2026-06-23 13:30:00+05:30,882.7,883.0,881.35,882.35,1675.0
2026-06-23 13:35:00+05:30,882.4,882.5,880.0,880.0,1142.0
2026-06-23 13:40:00+05:30,880.0,881.95,880.0,881.6,502.0
2026-06-23 13:45:00+05:30,882.0,882.4,881.15,882.1,2441.0
2026-06-23 13:50:00+05:30,882.4,882.4,880.05,881.35,682.0
2026-06-23 13:55:00+05:30,881.0,881.0,878.2,879.2,2251.0
2026-06-23 14:00:00+05:30,879.15,883.0,878.2,883.0,2792.0
2026-06-23 14:05:00+05:30,883.85,884.0,880.7,880.7,2107.0
2026-06-23 14:10:00+05:30,880.95,884.4,880.95,884.15,2459.0
2026-06-23 14:15:00+05:30,883.5,888.45,883.5,888.05,6068.0
2026-06-23 14:20:00+05:30,885.8,888.0,885.55,887.45,2500.0
2026-06-23 14:25:00+05:30,887.05,888.0,884.25,887.0,3397.0
2026-06-23 14:30:00+05:30,887.5,889.2,887.3,888.05,6853.0
2026-06-23 14:35:00+05:30,888.05,891.95,887.4,891.05,5023.0
2026-06-23 14:40:00+05:30,891.05,891.65,887.3,889.05,6732.0
2026-06-23 14:45:00+05:30,889.0,889.4,886.55,888.0,2157.0
2026-06-23 14:50:00+05:30,889.2,890.9,889.2,889.55,2949.0
2026-06-23 14:55:00+05:30,889.55,890.5,888.65,888.75,2088.0
2026-06-23 15:00:00+05:30,888.75,888.75,884.0,885.6,5890.0
2026-06-23 15:05:00+05:30,886.15,890.5,886.15,888.3,4420.0
2026-06-23 15:10:00+05:30,888.6,888.6,881.5,885.5,9770.0
2026-06-23 15:15:00+05:30,885.4,886.0,870.6,876.0,26684.0
2026-06-23 15:20:00+05:30,876.0,879.9,875.15,879.6,9527.0
2026-06-23 15:25:00+05:30,879.4,888.0,878.95,881.05,8477.0
2026-06-24 09:15:00+05:30,888.9,904.7,884.0,895.0,38308.0
2026-06-24 09:20:00+05:30,892.85,903.25,892.65,896.0,16217.0
2026-06-24 09:25:00+05:30,897.5,897.5,891.05,891.8,15142.0
2026-06-24 09:30:00+05:30,891.15,893.55,880.0,888.0,25545.0
2026-06-24 09:35:00+05:30,888.0,893.15,886.65,893.15,3846.0
2026-06-24 09:40:00+05:30,892.75,892.9,886.0,888.1,3609.0
2026-06-24 09:45:00+05:30,886.6,888.0,874.05,874.05,17585.0
2026-06-24 09:50:00+05:30,874.0,879.6,872.6,877.3,5751.0
2026-06-24 09:55:00+05:30,878.3,879.95,877.0,878.2,2875.0
2026-06-24 10:00:00+05:30,877.15,881.4,875.6,878.9,5272.0
2026-06-24 10:05:00+05:30,878.8,878.8,875.55,877.3,898.0
2026-06-24 10:10:00+05:30,877.3,877.3,869.1,871.0,9103.0
2026-06-24 10:15:00+05:30,870.0,879.55,870.0,876.7,3242.0
2026-06-24 10:20:00+05:30,875.6,875.95,872.0,874.9,2045.0
2026-06-24 10:25:00+05:30,873.65,874.25,871.5,873.15,3299.0
2026-06-24 10:30:00+05:30,873.45,874.0,871.55,873.8,1167.0
2026-06-24 10:35:00+05:30,875.0,878.0,873.8,877.0,3311.0
2026-06-24 10:40:00+05:30,875.8,878.95,875.8,877.0,1914.0
2026-06-24 10:45:00+05:30,878.15,880.45,878.15,880.4,2534.0
2026-06-24 10:50:00+05:30,880.0,894.4,880.0,894.4,17326.0
2026-06-24 10:55:00+05:30,893.5,893.9,880.6,884.0,11066.0
2026-06-24 11:00:00+05:30,882.3,887.9,882.3,886.65,3324.0
2026-06-24 11:05:00+05:30,886.1,887.2,884.25,884.25,1359.0
2026-06-24 11:10:00+05:30,879.2,884.0,879.1,881.95,6062.0
2026-06-24 11:15:00+05:30,882.75,883.2,879.5,881.65,1506.0
2026-06-24 11:20:00+05:30,881.5,881.5,879.25,880.25,369.0
2026-06-24 11:25:00+05:30,880.0,880.85,875.65,877.65,1300.0
2026-06-24 11:30:00+05:30,879.0,879.0,877.25,877.35,145.0
2026-06-24 11:35:00+05:30,877.0,877.4,874.25,877.4,2038.0
2026-06-24 11:40:00+05:30,875.9,877.75,875.7,877.6,420.0
2026-06-24 11:45:00+05:30,877.6,877.6,875.7,877.55,451.0
2026-06-24 11:50:00+05:30,877.85,878.0,876.3,877.85,520.0
2026-06-24 11:55:00+05:30,871.8,871.95,863.55,865.8,16987.0
2026-06-24 12:00:00+05:30,865.9,866.0,862.05,864.15,3459.0
2026-06-24 12:05:00+05:30,864.9,865.0,859.0,863.0,6156.0
2026-06-24 12:10:00+05:30,863.0,864.0,860.5,862.95,2868.0
2026-06-24 12:15:00+05:30,863.0,865.0,863.0,864.0,2698.0
2026-06-24 12:20:00+05:30,863.95,865.6,863.0,863.0,6090.0
2026-06-24 12:25:00+05:30,862.5,863.75,860.95,863.75,2583.0
2026-06-24 12:30:00+05:30,863.75,864.7,862.8,863.2,1704.0
2026-06-24 12:35:00+05:30,862.8,863.5,861.0,861.2,1362.0
2026-06-24 12:40:00+05:30,862.15,864.3,861.05,863.8,1381.0
2026-06-24 12:45:00+05:30,864.3,866.0,864.25,865.75,2702.0
2026-06-24 12:50:00+05:30,865.85,866.0,856.6,859.75,8889.0
2026-06-24 12:55:00+05:30,859.75,862.25,855.65,856.5,15774.0
2026-06-24 13:00:00+05:30,856.85,859.0,855.0,858.7,3587.0
2026-06-24 13:05:00+05:30,858.0,860.9,858.0,858.8,4900.0
2026-06-24 13:10:00+05:30,858.9,858.9,855.0,857.45,2164.0
2026-06-24 13:15:00+05:30,857.5,857.5,853.0,855.5,5867.0
2026-06-24 13:20:00+05:30,856.0,856.7,855.0,855.35,3306.0
2026-06-24 13:25:00+05:30,854.55,855.95,852.0,854.45,5003.0
2026-06-24 13:30:00+05:30,853.1,855.3,845.05,855.3,18926.0
2026-06-24 13:35:00+05:30,856.0,862.8,853.7,856.1,6274.0
2026-06-24 13:40:00+05:30,856.1,859.5,855.1,859.5,2114.0
2026-06-24 13:45:00+05:30,859.45,859.5,856.0,857.05,439.0
2026-06-24 13:50:00+05:30,855.9,856.8,855.05,856.8,774.0
2026-06-24 13:55:00+05:30,856.8,856.8,856.2,856.8,644.0
2026-06-24 14:00:00+05:30,856.8,856.8,855.0,856.4,4833.0
2026-06-24 14:05:00+05:30,856.45,860.0,856.45,858.0,1406.0
2026-06-24 14:10:00+05:30,856.95,859.55,856.95,859.0,871.0
2026-06-24 14:15:00+05:30,859.8,860.85,858.95,858.95,2304.0
2026-06-24 14:20:00+05:30,860.25,860.55,857.0,858.45,1424.0
2026-06-24 14:25:00+05:30,857.75,861.35,857.75,860.75,1681.0
2026-06-24 14:30:00+05:30,860.1,863.8,859.05,860.7,2888.0
2026-06-24 14:35:00+05:30,860.7,861.25,858.7,858.7,838.0
2026-06-24 14:40:00+05:30,859.0,860.35,858.65,859.85,399.0
2026-06-24 14:45:00+05:30,859.15,859.15,857.25,857.35,1338.0
2026-06-24 14:50:00+05:30,857.0,858.45,855.45,858.0,2133.0
2026-06-24 14:55:00+05:30,857.15,858.0,855.5,857.5,1246.0
2026-06-24 15:00:00+05:30,857.0,868.85,856.5,866.05,17967.0
2026-06-24 15:05:00+05:30,867.35,867.35,860.0,861.65,4868.0
2026-06-24 15:10:00+05:30,863.3,865.0,861.0,863.0,7143.0
2026-06-24 15:15:00+05:30,864.0,866.9,862.0,862.0,13456.0
2026-06-24 15:20:00+05:30,863.65,865.0,860.0,861.75,15158.0
2026-06-24 15:25:00+05:30,863.5,871.45,858.1,869.9,17112.0
2026-06-25 09:15:00+05:30,870.0,887.2,870.0,877.0,19738.0
2026-06-25 09:20:00+05:30,877.9,884.95,875.0,875.0,23548.0
2026-06-25 09:25:00+05:30,874.5,874.75,856.55,866.05,20681.0
2026-06-25 09:30:00+05:30,866.0,869.25,862.0,865.9,4916.0
2026-06-25 09:35:00+05:30,865.7,867.0,863.4,866.9,1875.0
2026-06-25 09:40:00+05:30,866.9,868.0,864.2,865.9,3435.0
2026-06-25 09:45:00+05:30,865.85,866.1,864.2,864.5,530.0
2026-06-25 09:50:00+05:30,864.75,868.0,864.75,865.8,2721.0
2026-06-25 09:55:00+05:30,866.0,866.0,864.35,864.35,985.0
2026-06-25 10:00:00+05:30,864.35,865.55,863.0,863.65,2047.0
2026-06-25 10:05:00+05:30,864.0,864.45,863.35,864.0,253.0
2026-06-25 10:10:00+05:30,863.4,864.0,863.0,864.0,722.0
2026-06-25 10:15:00+05:30,864.0,869.45,863.0,869.45,2804.0
2026-06-25 10:20:00+05:30,869.5,870.1,866.95,868.9,2171.0
2026-06-25 10:25:00+05:30,867.6,869.7,867.55,868.95,632.0
2026-06-25 10:30:00+05:30,869.85,870.45,864.0,864.0,3636.0
2026-06-25 10:35:00+05:30,864.0,865.0,863.0,865.0,676.0
2026-06-25 10:40:00+05:30,865.0,865.9,863.4,865.5,2540.0
2026-06-25 10:45:00+05:30,865.0,865.2,860.0,863.65,3286.0
2026-06-25 10:50:00+05:30,863.6,863.6,858.1,859.3,1822.0
2026-06-25 10:55:00+05:30,859.7,860.0,859.0,860.0,1170.0
2026-06-25 11:00:00+05:30,860.0,861.95,860.0,860.0,404.0
2026-06-25 11:05:00+05:30,860.25,861.3,858.1,858.4,1214.0
2026-06-25 11:10:00+05:30,859.5,860.4,858.9,859.35,791.0
2026-06-25 11:15:00+05:30,859.35,859.35,858.0,858.0,878.0
2026-06-25 11:20:00+05:30,857.5,861.7,857.5,861.0,3284.0
2026-06-25 11:25:00+05:30,861.0,861.3,860.0,860.05,827.0
2026-06-25 11:30:00+05:30,861.15,861.15,859.5,860.5,1243.0
2026-06-25 11:35:00+05:30,861.0,863.7,860.8,862.8,1508.0
2026-06-25 11:40:00+05:30,862.8,866.25,860.8,865.8,4329.0
2026-06-25 11:45:00+05:30,866.25,868.3,863.0,864.75,2151.0
2026-06-25 11:50:00+05:30,863.7,863.75,862.15,862.15,429.0
2026-06-25 11:55:00+05:30,862.25,862.7,860.15,861.6,989.0
2026-06-25 12:00:00+05:30,861.05,862.5,861.0,862.5,984.0
2026-06-25 12:05:00+05:30,862.5,862.5,860.5,860.5,1187.0
2026-06-25 12:10:00+05:30,860.4,862.1,859.9,859.9,1235.0
2026-06-25 12:15:00+05:30,859.45,859.85,858.0,858.0,1371.0
2026-06-25 12:20:00+05:30,858.5,860.25,858.15,858.2,447.0
2026-06-25 12:25:00+05:30,858.5,858.5,857.0,858.0,1025.0
2026-06-25 12:30:00+05:30,857.25,858.0,857.0,857.45,246.0
2026-06-25 12:35:00+05:30,857.45,860.9,857.45,859.65,2311.0
2026-06-25 12:40:00+05:30,860.15,860.15,856.6,858.75,823.0
2026-06-25 12:45:00+05:30,858.0,859.95,857.55,859.65,324.0
2026-06-25 12:50:00+05:30,860.15,860.7,859.25,859.95,340.0
2026-06-25 12:55:00+05:30,859.95,859.95,858.15,859.7,371.0
2026-06-25 13:00:00+05:30,859.0,859.85,859.0,859.0,188.0
2026-06-25 13:05:00+05:30,859.0,859.6,858.35,858.35,793.0
2026-06-25 13:10:00+05:30,858.35,858.35,857.55,857.55,360.0
2026-06-25 13:15:00+05:30,857.55,858.75,857.15,858.0,30.0
2026-06-25 13:20:00+05:30,858.0,861.75,857.0,861.75,1731.0
2026-06-25 13:25:00+05:30,861.0,861.5,860.0,860.0,972.0
2026-06-25 13:30:00+05:30,860.0,860.0,858.9,860.0,513.0
2026-06-25 13:35:00+05:30,860.45,860.45,859.35,859.4,227.0
2026-06-25 13:40:00+05:30,859.4,860.4,859.0,859.0,259.0
2026-06-25 13:45:00+05:30,859.0,860.3,859.0,859.2,92.0
2026-06-25 13:50:00+05:30,860.15,860.15,859.0,859.9,157.0
2026-06-25 13:55:00+05:30,859.2,859.2,857.0,857.0,774.0
2026-06-25 14:00:00+05:30,857.95,857.95,857.05,857.1,182.0
2026-06-25 14:05:00+05:30,857.0,858.65,856.65,858.65,1121.0
2026-06-25 14:10:00+05:30,856.6,858.0,854.95,855.25,2294.0
2026-06-25 14:15:00+05:30,856.35,861.5,855.35,855.45,2362.0
2026-06-25 14:20:00+05:30,856.7,861.9,856.7,859.15,1493.0
2026-06-25 14:25:00+05:30,859.1,859.1,858.0,858.6,334.0
2026-06-25 14:30:00+05:30,858.0,858.95,857.65,857.65,367.0
2026-06-25 14:35:00+05:30,857.65,860.95,857.65,859.0,402.0
2026-06-25 14:40:00+05:30,859.45,862.0,858.0,860.15,3434.0
2026-06-25 14:45:00+05:30,860.15,861.0,860.0,860.55,696.0
2026-06-25 14:50:00+05:30,861.0,861.5,859.05,861.5,1092.0
2026-06-25 14:55:00+05:30,861.45,864.9,860.0,864.9,2713.0
2026-06-25 15:00:00+05:30,863.95,865.5,861.95,864.65,2851.0
2026-06-25 15:05:00+05:30,864.45,867.95,863.0,867.95,6325.0
2026-06-25 15:10:00+05:30,867.95,869.3,861.0,861.0,5761.0
2026-06-25 15:15:00+05:30,860.4,862.5,858.05,861.6,5368.0
2026-06-25 15:20:00+05:30,861.6,863.85,859.75,861.35,5418.0
2026-06-25 15:25:00+05:30,862.6,869.0,860.1,860.8,7705.0
2026-06-29 09:15:00+05:30,870.0,885.0,860.65,879.2,26684.0
2026-06-29 09:20:00+05:30,878.3,899.0,876.25,899.0,45430.0
2026-06-29 09:25:00+05:30,899.0,899.7,884.25,899.0,28443.0
2026-06-29 09:30:00+05:30,899.0,902.9,890.2,899.3,35581.0
2026-06-29 09:35:00+05:30,897.1,904.0,895.45,902.8,19586.0
2026-06-29 09:40:00+05:30,902.3,910.95,902.0,910.75,42167.0
2026-06-29 09:45:00+05:30,910.3,914.0,903.5,904.0,40556.0
2026-06-29 09:50:00+05:30,904.05,909.6,902.35,909.1,15502.0
2026-06-29 09:55:00+05:30,909.15,911.0,904.05,904.05,16130.0
2026-06-29 10:00:00+05:30,904.95,905.2,894.5,896.15,19649.0
2026-06-29 10:05:00+05:30,896.9,897.35,893.2,894.3,11882.0
2026-06-29 10:10:00+05:30,894.8,897.65,891.0,893.65,12772.0
2026-06-29 10:15:00+05:30,893.65,900.5,893.65,896.65,7449.0
2026-06-29 10:20:00+05:30,896.75,897.95,894.65,896.55,5387.0
2026-06-29 10:25:00+05:30,897.85,897.95,894.65,895.75,1653.0
2026-06-29 10:30:00+05:30,895.7,895.7,892.7,895.35,2779.0
2026-06-29 10:35:00+05:30,894.25,905.85,894.1,902.2,16704.0
2026-06-29 10:40:00+05:30,901.55,901.55,897.85,899.0,3605.0
2026-06-29 10:45:00+05:30,898.95,900.1,897.35,900.1,565.0
2026-06-29 10:50:00+05:30,900.95,904.9,899.6,901.85,3855.0
2026-06-29 10:55:00+05:30,900.55,907.05,900.55,903.0,13507.0
2026-06-29 11:00:00+05:30,903.1,903.4,901.6,901.6,2946.0
2026-06-29 11:05:00+05:30,901.6,904.95,899.0,899.9,6158.0
2026-06-29 11:10:00+05:30,899.5,899.5,895.55,897.5,3153.0
2026-06-29 11:15:00+05:30,897.5,899.1,897.0,898.15,1257.0
2026-06-29 11:20:00+05:30,898.15,898.15,895.3,895.3,1055.0
2026-06-29 11:25:00+05:30,895.05,895.8,892.0,892.2,5630.0
2026-06-29 11:30:00+05:30,892.2,893.45,888.0,891.5,9359.0
2026-06-29 11:35:00+05:30,891.5,894.4,890.85,893.0,2443.0
2026-06-29 11:40:00+05:30,893.0,893.25,890.85,892.85,1411.0
2026-06-29 11:45:00+05:30,891.9,893.5,890.0,891.1,2129.0
2026-06-29 11:50:00+05:30,892.3,892.3,888.8,888.8,3751.0
2026-06-29 11:55:00+05:30,888.8,889.95,887.25,889.1,1549.0
2026-06-29 12:00:00+05:30,888.25,889.5,887.05,887.55,914.0
2026-06-29 12:05:00+05:30,887.55,888.95,886.3,886.9,2892.0
2026-06-29 12:10:00+05:30,887.0,887.95,887.0,887.95,326.0
2026-06-29 12:15:00+05:30,887.2,893.05,887.0,892.2,4358.0
2026-06-29 12:20:00+05:30,890.85,893.65,890.4,893.65,1187.0
2026-06-29 12:25:00+05:30,892.65,892.65,889.0,889.25,1256.0
2026-06-29 12:30:00+05:30,887.6,889.0,887.0,888.7,889.0
2026-06-29 12:35:00+05:30,889.35,889.4,887.65,888.5,1007.0
2026-06-29 12:40:00+05:30,888.85,890.5,887.35,889.35,1001.0
2026-06-29 12:45:00+05:30,892.85,895.0,891.4,891.4,3962.0
2026-06-29 12:50:00+05:30,891.45,892.45,890.25,890.6,489.0
2026-06-29 12:55:00+05:30,890.8,894.5,890.8,894.4,1736.0
2026-06-29 13:00:00+05:30,893.5,894.0,890.35,893.0,1748.0
2026-06-29 13:05:00+05:30,891.7,894.3,891.65,894.05,1334.0
2026-06-29 13:10:00+05:30,894.25,894.25,891.0,891.0,1852.0
2026-06-29 13:15:00+05:30,891.0,891.0,887.1,887.5,1994.0
2026-06-29 13:20:00+05:30,887.5,888.8,887.5,888.6,401.0
2026-06-29 13:25:00+05:30,888.55,889.6,887.8,888.4,709.0
2026-06-29 13:30:00+05:30,888.5,890.8,888.5,889.8,1982.0
2026-06-29 13:35:00+05:30,889.8,890.85,889.45,889.45,299.0
2026-06-29 13:40:00+05:30,889.85,890.5,889.05,889.05,729.0
2026-06-29 13:45:00+05:30,889.0,891.0,889.0,890.05,649.0
2026-06-29 13:50:00+05:30,890.95,891.45,889.25,891.45,629.0
2026-06-29 13:55:00+05:30,890.9,891.8,890.25,891.25,1527.0
2026-06-29 14:00:00+05:30,891.3,891.7,889.8,890.0,1083.0
2026-06-29 14:05:00+05:30,890.95,891.45,889.5,889.5,1778.0
2026-06-29 14:10:00+05:30,889.1,889.6,889.0,889.0,404.0
2026-06-29 14:15:00+05:30,889.55,889.9,889.0,889.9,351.0
2026-06-29 14:20:00+05:30,890.0,891.65,890.0,891.3,744.0
2026-06-29 14:25:00+05:30,891.3,891.3,890.0,890.0,359.0
2026-06-29 14:30:00+05:30,893.65,895.1,892.45,893.5,5449.0
2026-06-29 14:35:00+05:30,893.65,893.65,889.15,891.0,2429.0
2026-06-29 14:40:00+05:30,891.35,891.45,890.65,891.45,154.0
2026-06-29 14:45:00+05:30,891.45,892.75,890.0,892.15,1603.0
2026-06-29 14:50:00+05:30,892.0,892.0,890.45,891.0,653.0
2026-06-29 14:55:00+05:30,891.1,891.9,889.0,889.45,4228.0
2026-06-29 15:00:00+05:30,889.8,889.8,887.0,888.7,4878.0
2026-06-29 15:05:00+05:30,888.7,892.0,888.4,891.0,5239.0
2026-06-29 15:10:00+05:30,890.75,890.75,887.0,887.0,3562.0
2026-06-29 15:15:00+05:30,887.0,889.5,887.0,889.35,12336.0
2026-06-29 15:20:00+05:30,889.5,891.45,888.8,890.5,9931.0
2026-06-29 15:25:00+05:30,890.85,892.75,881.2,884.65,21082.0
2026-06-30 09:15:00+05:30,892.0,908.0,892.0,902.15,22676.0
2026-06-30 09:20:00+05:30,902.2,903.3,895.0,899.7,6075.0
2026-06-30 09:25:00+05:30,899.5,901.5,898.1,900.05,3701.0
2026-06-30 09:30:00+05:30,900.05,905.7,894.05,902.0,10652.0
2026-06-30 09:35:00+05:30,902.0,910.5,902.0,906.65,13880.0
2026-06-30 09:40:00+05:30,906.65,914.75,906.65,912.25,15583.0
2026-06-30 09:45:00+05:30,912.0,914.0,905.6,911.3,13301.0
2026-06-30 09:50:00+05:30,911.7,912.8,907.0,907.0,4424.0
2026-06-30 09:55:00+05:30,906.2,907.3,902.05,902.05,6954.0
2026-06-30 10:00:00+05:30,903.2,905.05,900.0,902.25,4994.0
2026-06-30 10:05:00+05:30,902.05,906.0,900.0,904.0,4247.0
2026-06-30 10:10:00+05:30,904.8,906.45,904.0,904.95,1670.0
2026-06-30 10:15:00+05:30,906.15,906.35,903.55,903.55,501.0
2026-06-30 10:20:00+05:30,903.45,904.15,901.35,902.45,1983.0
2026-06-30 10:25:00+05:30,904.1,904.1,901.25,901.4,956.0
2026-06-30 10:30:00+05:30,901.6,903.7,901.6,902.25,632.0
2026-06-30 10:35:00+05:30,903.5,903.9,902.4,903.9,281.0
2026-06-30 10:40:00+05:30,903.85,905.0,902.6,903.3,828.0
2026-06-30 10:45:00+05:30,903.75,904.8,902.6,902.6,391.0
2026-06-30 10:50:00+05:30,902.05,904.2,902.05,903.5,309.0
2026-06-30 10:55:00+05:30,903.95,905.0,901.25,902.0,2300.0
2026-06-30 11:00:00+05:30,904.7,926.2,904.7,926.2,37345.0
2026-06-30 11:05:00+05:30,925.65,926.9,911.05,913.5,18751.0
2026-06-30 11:10:00+05:30,912.15,913.35,910.6,912.8,2845.0
2026-06-30 11:15:00+05:30,911.7,915.0,910.0,911.05,4255.0
2026-06-30 11:20:00+05:30,912.1,913.6,910.05,913.6,2637.0
2026-06-30 11:25:00+05:30,913.65,913.65,911.1,912.8,999.0
2026-06-30 11:30:00+05:30,912.2,914.65,911.5,914.0,1814.0
2026-06-30 11:35:00+05:30,912.75,913.95,911.5,912.4,1330.0
2026-06-30 11:40:00+05:30,913.0,913.0,908.35,909.1,3557.0
2026-06-30 11:45:00+05:30,910.05,911.95,906.85,911.0,2240.0
2026-06-30 11:50:00+05:30,909.65,910.25,908.4,910.25,1932.0
2026-06-30 11:55:00+05:30,910.0,910.0,908.2,908.2,1300.0
2026-06-30 12:00:00+05:30,908.2,909.45,906.85,908.7,550.0
2026-06-30 12:05:00+05:30,907.35,925.0,907.35,924.05,13175.0
2026-06-30 12:10:00+05:30,926.0,948.0,925.0,947.0,70513.0
2026-06-30 12:15:00+05:30,947.85,948.0,940.05,943.85,39413.0
2026-06-30 12:20:00+05:30,944.85,947.2,932.2,935.5,26822.0
2026-06-30 12:25:00+05:30,937.2,937.2,930.2,932.7,7350.0
2026-06-30 12:30:00+05:30,932.4,935.0,930.0,930.0,8219.0
2026-06-30 12:35:00+05:30,931.1,934.1,930.1,932.95,4220.0
2026-06-30 12:40:00+05:30,932.95,933.5,930.25,930.95,2003.0
2026-06-30 12:45:00+05:30,931.25,931.95,924.0,925.15,13500.0
2026-06-30 12:50:00+05:30,926.6,926.6,922.1,924.95,2771.0
2026-06-30 12:55:00+05:30,925.0,925.9,922.05,925.0,1653.0
2026-06-30 13:00:00+05:30,925.0,925.0,923.0,923.45,859.0
2026-06-30 13:05:00+05:30,923.4,924.8,922.0,922.85,2133.0
2026-06-30 13:10:00+05:30,921.4,922.85,920.45,921.65,1530.0
2026-06-30 13:15:00+05:30,923.4,923.55,921.5,922.3,1027.0
2026-06-30 13:20:00+05:30,921.5,922.15,920.0,920.55,4880.0
2026-06-30 13:25:00+05:30,924.75,927.8,922.15,925.4,7426.0
2026-06-30 13:30:00+05:30,925.4,926.2,923.0,923.75,1487.0
2026-06-30 13:35:00+05:30,925.3,925.3,921.0,921.5,2250.0
2026-06-30 13:40:00+05:30,921.1,931.0,917.95,929.0,9883.0
2026-06-30 13:45:00+05:30,929.0,929.0,926.6,926.6,4006.0
2026-06-30 13:50:00+05:30,926.65,928.7,925.2,925.5,2428.0
2026-06-30 13:55:00+05:30,926.3,928.6,926.2,926.6,634.0
2026-06-30 14:00:00+05:30,926.55,928.0,926.1,926.5,1958.0
2026-06-30 14:05:00+05:30,926.65,928.35,926.1,926.8,945.0
2026-06-30 14:10:00+05:30,927.0,927.0,921.1,921.75,3973.0
2026-06-30 14:15:00+05:30,922.8,924.7,921.75,924.0,1066.0
2026-06-30 14:20:00+05:30,924.0,924.75,922.0,924.75,1604.0
2026-06-30 14:25:00+05:30,925.95,926.8,923.05,924.0,2468.0
2026-06-30 14:30:00+05:30,925.6,925.6,923.7,925.4,1005.0
2026-06-30 14:35:00+05:30,925.4,925.9,924.2,925.7,1712.0
2026-06-30 14:40:00+05:30,925.25,926.1,924.0,926.0,1944.0
2026-06-30 14:45:00+05:30,926.0,929.3,925.25,927.05,1906.0
2026-06-30 14:50:00+05:30,927.05,928.0,926.0,926.0,2349.0
2026-06-30 14:55:00+05:30,926.0,926.4,924.95,924.95,1814.0
2026-06-30 15:00:00+05:30,923.0,925.1,922.0,925.1,4570.0
2026-06-30 15:05:00+05:30,925.15,926.95,925.15,925.45,2527.0
2026-06-30 15:10:00+05:30,926.0,931.5,924.05,928.3,9512.0
2026-06-30 15:15:00+05:30,928.5,934.7,928.25,931.4,15937.0
2026-06-30 15:20:00+05:30,931.1,931.95,929.05,930.05,8150.0
2026-06-30 15:25:00+05:30,930.8,934.65,930.0,930.0,14503.0
2026-07-01 09:15:00+05:30,929.8,935.5,922.0,933.0,12149.0
2026-07-01 09:20:00+05:30,930.35,938.8,930.35,936.0,7733.0
2026-07-01 09:25:00+05:30,938.0,957.95,935.9,957.95,40608.0
2026-07-01 09:30:00+05:30,957.0,957.9,950.1,950.65,14435.0
2026-07-01 09:35:00+05:30,951.0,957.0,950.5,951.25,26817.0
2026-07-01 09:40:00+05:30,951.25,954.0,945.0,945.95,8249.0
2026-07-01 09:45:00+05:30,945.85,951.9,945.0,950.85,5018.0
2026-07-01 09:50:00+05:30,951.0,951.0,947.35,948.8,4091.0
2026-07-01 09:55:00+05:30,947.75,949.0,941.25,942.9,5939.0
2026-07-01 10:00:00+05:30,942.9,944.8,941.0,942.3,6420.0
2026-07-01 10:05:00+05:30,942.3,947.0,942.05,945.75,2783.0
2026-07-01 10:10:00+05:30,945.95,947.2,942.0,944.4,1867.0
2026-07-01 10:15:00+05:30,944.05,944.05,940.0,940.9,4242.0
2026-07-01 10:20:00+05:30,942.4,945.0,940.0,944.75,2364.0
2026-07-01 10:25:00+05:30,944.5,944.5,942.0,942.0,4298.0
2026-07-01 10:30:00+05:30,943.0,943.7,942.0,942.0,2238.0
2026-07-01 10:35:00+05:30,942.0,944.0,940.15,942.6,2086.0
2026-07-01 10:40:00+05:30,942.95,944.5,942.6,942.6,977.0
2026-07-01 10:45:00+05:30,942.0,943.55,942.0,943.0,701.0
2026-07-01 10:50:00+05:30,943.0,943.0,942.0,943.0,507.0
2026-07-01 10:55:00+05:30,942.0,943.0,942.0,942.9,1079.0
2026-07-01 11:00:00+05:30,942.0,942.85,942.0,942.35,596.0
2026-07-01 11:05:00+05:30,942.5,942.5,940.3,941.5,4354.0
2026-07-01 11:10:00+05:30,941.5,941.95,940.15,940.75,300.0
2026-07-01 11:15:00+05:30,940.2,940.2,936.05,936.05,1665.0
2026-07-01 11:20:00+05:30,937.3,939.5,936.0,936.0,1754.0
2026-07-01 11:25:00+05:30,937.05,938.75,936.0,938.0,1162.0
2026-07-01 11:30:00+05:30,938.75,940.0,937.05,938.0,1429.0
2026-07-01 11:35:00+05:30,937.1,937.2,936.0,936.0,1057.0
2026-07-01 11:40:00+05:30,935.1,939.0,935.1,936.25,2489.0
2026-07-01 11:45:00+05:30,937.35,938.0,936.4,936.9,1457.0
2026-07-01 11:50:00+05:30,938.0,938.0,934.15,934.15,2107.0
2026-07-01 11:55:00+05:30,933.0,934.65,932.5,934.4,2695.0
2026-07-01 12:00:00+05:30,934.65,934.65,932.0,932.95,1728.0
2026-07-01 12:05:00+05:30,932.85,933.0,930.5,933.0,2119.0
2026-07-01 12:10:00+05:30,933.0,934.9,931.05,931.5,966.0
2026-07-01 12:15:00+05:30,932.0,932.2,927.15,928.35,3650.0
2026-07-01 12:20:00+05:30,928.05,930.0,928.0,928.7,2242.0
2026-07-01 12:25:00+05:30,927.7,933.0,927.0,933.0,2293.0
2026-07-01 12:30:00+05:30,932.95,938.0,932.95,938.0,2316.0
2026-07-01 12:35:00+05:30,940.0,941.5,938.0,939.55,1918.0
2026-07-01 12:40:00+05:30,939.95,940.85,938.3,938.35,678.0
2026-07-01 12:45:00+05:30,938.3,943.0,938.3,940.5,2402.0
2026-07-01 12:50:00+05:30,942.15,945.0,940.55,942.8,8607.0
2026-07-01 12:55:00+05:30,942.25,948.0,941.0,948.0,5892.0
2026-07-01 13:00:00+05:30,948.0,949.9,945.0,946.35,5944.0
2026-07-01 13:05:00+05:30,946.35,947.55,943.5,943.55,2258.0
2026-07-01 13:10:00+05:30,943.55,945.3,943.55,945.1,260.0
2026-07-01 13:15:00+05:30,945.0,945.0,941.95,941.95,1566.0
2026-07-01 13:20:00+05:30,940.3,942.75,940.3,940.95,1259.0
2026-07-01 13:25:00+05:30,941.75,943.05,941.1,942.0,476.0
2026-07-01 13:30:00+05:30,942.0,942.0,940.3,940.3,1223.0
2026-07-01 13:35:00+05:30,940.3,941.75,940.1,940.3,942.0
2026-07-01 13:40:00+05:30,941.6,941.65,941.4,941.45,471.0
2026-07-01 13:45:00+05:30,943.8,943.8,941.4,941.45,872.0
2026-07-01 13:50:00+05:30,943.4,952.0,941.1,950.2,14748.0
2026-07-01 13:55:00+05:30,950.1,955.0,949.1,954.4,18616.0
2026-07-01 14:00:00+05:30,953.7,958.05,953.1,954.0,16920.0
2026-07-01 14:05:00+05:30,954.0,955.1,952.0,954.55,6301.0
2026-07-01 14:10:00+05:30,953.7,954.05,952.85,952.85,3810.0
2026-07-01 14:15:00+05:30,953.85,953.85,951.0,951.0,2946.0
2026-07-01 14:20:00+05:30,953.1,953.5,951.35,952.05,2852.0
2026-07-01 14:25:00+05:30,952.0,952.0,948.0,948.8,5281.0
2026-07-01 14:30:00+05:30,948.7,949.9,948.3,948.85,1807.0
2026-07-01 14:35:00+05:30,948.85,949.9,948.8,949.0,848.0
2026-07-01 14:40:00+05:30,949.0,949.0,946.05,948.25,2155.0
2026-07-01 14:45:00+05:30,948.2,948.7,947.0,947.55,1379.0
2026-07-01 14:50:00+05:30,947.55,948.55,945.85,948.55,5105.0
2026-07-01 14:55:00+05:30,948.55,951.0,947.7,950.05,4625.0
2026-07-01 15:00:00+05:30,950.0,950.0,946.1,948.3,2522.0
2026-07-01 15:05:00+05:30,947.3,948.0,942.2,943.5,5135.0
2026-07-01 15:10:00+05:30,944.5,945.9,938.2,941.2,10825.0
2026-07-01 15:15:00+05:30,941.45,944.45,938.0,938.0,5674.0
2026-07-01 15:20:00+05:30,939.35,940.95,938.0,938.2,5475.0
2026-07-01 15:25:00+05:30,938.85,942.15,933.3,937.45,9076.0
2026-07-02 09:15:00+05:30,939.0,943.95,928.45,933.05,9654.0
2026-07-02 09:20:00+05:30,931.05,932.25,927.0,929.0,4249.0
2026-07-02 09:25:00+05:30,929.0,937.8,927.1,935.0,8617.0
2026-07-02 09:30:00+05:30,933.65,934.85,932.3,932.55,2708.0
2026-07-02 09:35:00+05:30,932.55,936.9,932.55,935.55,1733.0
2026-07-02 09:40:00+05:30,934.65,936.3,933.05,933.25,1546.0
2026-07-02 09:45:00+05:30,933.3,935.95,933.0,933.3,1600.0
2026-07-02 09:50:00+05:30,933.3,935.0,932.95,932.95,3171.0
2026-07-02 09:55:00+05:30,933.0,934.15,932.05,933.8,766.0
2026-07-02 10:00:00+05:30,933.75,933.8,932.35,933.3,2184.0
2026-07-02 10:05:00+05:30,933.15,934.5,933.15,934.4,251.0
2026-07-02 10:10:00+05:30,933.45,935.15,933.2,933.2,1075.0
2026-07-02 10:15:00+05:30,933.0,933.0,932.0,932.0,409.0
2026-07-02 10:20:00+05:30,932.4,933.0,932.0,933.0,1460.0
2026-07-02 10:25:00+05:30,933.0,934.95,933.0,934.85,406.0
2026-07-02 10:30:00+05:30,934.8,934.8,932.5,932.5,559.0
2026-07-02 10:35:00+05:30,932.5,934.95,932.0,933.05,2585.0
2026-07-02 10:40:00+05:30,934.8,934.8,932.25,933.3,2807.0
2026-07-02 10:45:00+05:30,933.3,933.85,932.8,932.8,298.0
2026-07-02 10:50:00+05:30,932.7,932.8,931.95,931.95,1526.0
2026-07-02 10:55:00+05:30,931.1,932.05,931.1,931.15,355.0
2026-07-02 11:00:00+05:30,931.2,931.2,929.95,930.0,855.0
2026-07-02 11:05:00+05:30,930.0,930.0,928.5,928.5,213.0
2026-07-02 11:10:00+05:30,928.5,929.65,928.0,928.05,1052.0
2026-07-02 11:15:00+05:30,929.1,929.55,927.8,928.3,1608.0
2026-07-02 11:20:00+05:30,928.65,933.9,928.65,931.0,2929.0
2026-07-02 11:25:00+05:30,931.0,931.0,929.65,931.0,397.0
2026-07-02 11:30:00+05:30,930.0,934.55,929.9,934.0,1820.0
2026-07-02 11:35:00+05:30,932.85,932.85,931.2,932.3,621.0
2026-07-02 11:40:00+05:30,932.65,932.65,931.25,932.35,151.0
2026-07-02 11:45:00+05:30,932.35,932.35,931.25,932.3,119.0
2026-07-02 11:50:00+05:30,931.5,932.7,931.25,932.7,506.0
2026-07-02 11:55:00+05:30,932.35,932.35,931.3,931.3,366.0
2026-07-02 12:00:00+05:30,931.3,933.2,931.3,931.7,225.0
2026-07-02 12:05:00+05:30,931.45,932.4,931.15,931.15,357.0
2026-07-02 12:10:00+05:30,931.15,931.2,930.15,931.2,119.0
2026-07-02 12:15:00+05:30,931.15,931.15,930.0,930.0,1453.0
2026-07-02 12:20:00+05:30,930.0,930.45,928.5,929.9,6484.0
2026-07-02 12:25:00+05:30,930.0,930.0,930.0,930.0,385.0
2026-07-02 12:30:00+05:30,930.1,933.1,930.1,932.0,1740.0
2026-07-02 12:35:00+05:30,932.0,932.95,931.55,932.75,148.0
2026-07-02 12:40:00+05:30,931.45,932.5,928.5,930.05,1674.0
2026-07-02 12:45:00+05:30,929.75,929.75,928.4,929.3,428.0
2026-07-02 12:50:00+05:30,929.3,929.3,928.05,928.35,438.0
2026-07-02 12:55:00+05:30,928.35,929.1,927.0,927.0,1403.0
2026-07-02 13:00:00+05:30,927.75,927.8,927.0,927.8,717.0
2026-07-02 13:05:00+05:30,927.8,929.1,927.5,927.5,730.0
2026-07-02 13:10:00+05:30,927.5,928.25,927.0,928.25,398.0
2026-07-02 13:15:00+05:30,928.25,928.6,928.0,928.0,232.0
2026-07-02 13:20:00+05:30,929.25,929.35,928.0,928.15,88.0
2026-07-02 13:25:00+05:30,927.2,928.55,927.2,928.4,286.0
2026-07-02 13:30:00+05:30,927.3,928.3,927.05,928.0,205.0
2026-07-02 13:35:00+05:30,927.0,927.95,923.05,923.9,2593.0
2026-07-02 13:40:00+05:30,923.9,924.95,923.5,924.0,787.0
2026-07-02 13:45:00+05:30,924.95,926.6,924.95,925.35,1774.0
2026-07-02 13:50:00+05:30,924.15,925.35,924.15,924.25,133.0
2026-07-02 13:55:00+05:30,925.15,925.15,924.05,924.95,72.0
2026-07-02 14:00:00+05:30,924.95,925.0,924.0,925.0,229.0
2026-07-02 14:05:00+05:30,924.95,926.1,924.95,925.0,206.0
2026-07-02 14:10:00+05:30,925.0,926.0,924.4,924.4,335.0
2026-07-02 14:15:00+05:30,924.45,924.45,923.0,923.0,262.0
2026-07-02 14:20:00+05:30,923.0,925.5,923.0,924.1,412.0
2026-07-02 14:25:00+05:30,925.45,925.45,923.05,924.0,653.0
2026-07-02 14:30:00+05:30,923.9,923.9,923.0,923.1,233.0
2026-07-02 14:35:00+05:30,923.85,923.85,923.1,923.1,214.0
2026-07-02 14:40:00+05:30,923.95,925.25,923.0,925.0,1804.0
2026-07-02 14:45:00+05:30,924.25,924.3,923.85,924.0,203.0
2026-07-02 14:50:00+05:30,924.0,925.0,923.2,924.95,283.0
2026-07-02 14:55:00+05:30,925.45,926.5,924.55,925.1,3535.0
2026-07-02 15:00:00+05:30,925.75,927.3,925.1,925.9,171.0
2026-07-02 15:05:00+05:30,925.9,929.0,925.35,928.5,2476.0
2026-07-02 15:10:00+05:30,928.5,928.6,926.45,928.1,2209.0
2026-07-02 15:15:00+05:30,926.85,927.9,925.1,925.9,4748.0
2026-07-02 15:20:00+05:30,927.25,929.25,927.0,928.2,4550.0
2026-07-02 15:25:00+05:30,927.0,930.0,927.0,927.7,6703.0
2026-07-03 09:15:00+05:30,940.0,957.9,932.3,955.0,29010.0
2026-07-03 09:20:00+05:30,954.95,955.75,943.9,943.9,10929.0
2026-07-03 09:25:00+05:30,944.4,945.1,940.7,941.85,5755.0
2026-07-03 09:30:00+05:30,941.65,943.0,933.3,936.75,9863.0
2026-07-03 09:35:00+05:30,936.0,940.0,935.0,937.9,4034.0
2026-07-03 09:40:00+05:30,936.85,937.65,933.75,935.1,3408.0
2026-07-03 09:45:00+05:30,935.15,936.4,933.15,934.0,1783.0
2026-07-03 09:50:00+05:30,934.2,935.8,931.05,935.15,8357.0
2026-07-03 09:55:00+05:30,935.15,941.0,935.0,940.1,3506.0
2026-07-03 10:00:00+05:30,941.25,941.35,937.25,939.0,2287.0
2026-07-03 10:05:00+05:30,939.65,947.0,939.0,944.5,8721.0
2026-07-03 10:10:00+05:30,944.55,944.55,940.4,941.25,1122.0
2026-07-03 10:15:00+05:30,940.1,944.65,940.1,941.85,5010.0
2026-07-03 10:20:00+05:30,942.7,942.95,940.0,940.0,722.0
2026-07-03 10:25:00+05:30,939.35,942.15,939.0,941.45,3518.0
2026-07-03 10:30:00+05:30,940.5,941.45,939.45,939.45,1186.0
2026-07-03 10:35:00+05:30,938.0,938.5,937.05,937.95,1712.0
2026-07-03 10:40:00+05:30,937.95,940.9,937.9,940.0,897.0
2026-07-03 10:45:00+05:30,940.15,941.0,938.85,940.7,427.0
2026-07-03 10:50:00+05:30,940.7,940.9,939.15,939.4,281.0
2026-07-03 10:55:00+05:30,939.3,940.45,937.0,937.0,1160.0
2026-07-03 11:00:00+05:30,937.0,939.4,937.0,938.8,860.0
2026-07-03 11:05:00+05:30,939.95,941.0,939.0,939.85,1113.0
2026-07-03 11:10:00+05:30,939.85,942.7,939.85,940.0,1800.0
2026-07-03 11:15:00+05:30,940.25,940.55,940.0,940.0,110.0
2026-07-03 11:20:00+05:30,940.0,940.0,936.0,937.0,1770.0
2026-07-03 11:25:00+05:30,937.0,937.85,936.0,936.0,1706.0
2026-07-03 11:30:00+05:30,937.0,937.8,936.1,937.8,330.0
2026-07-03 11:35:00+05:30,937.45,937.45,935.0,935.75,3439.0
2026-07-03 11:40:00+05:30,935.9,936.15,935.05,935.6,1406.0
2026-07-03 11:45:00+05:30,935.2,935.2,934.0,934.0,1449.0
2026-07-03 11:50:00+05:30,934.5,935.25,934.4,935.25,365.0
2026-07-03 11:55:00+05:30,935.25,942.55,934.25,939.8,3976.0
2026-07-03 12:00:00+05:30,941.25,948.65,940.0,948.65,7766.0
2026-07-03 12:05:00+05:30,949.0,949.0,944.0,944.0,16019.0
2026-07-03 12:10:00+05:30,942.05,944.95,941.6,941.9,1635.0
2026-07-03 12:15:00+05:30,940.05,941.55,940.05,940.45,210.0
2026-07-03 12:20:00+05:30,940.75,942.25,940.75,941.1,521.0
2026-07-03 12:25:00+05:30,938.95,938.95,934.6,936.9,7259.0
2026-07-03 12:30:00+05:30,936.9,936.9,934.0,934.0,1213.0
2026-07-03 12:35:00+05:30,935.15,935.4,931.0,931.6,4809.0
2026-07-03 12:40:00+05:30,931.0,932.05,926.7,928.4,5210.0
2026-07-03 12:45:00+05:30,928.4,929.4,926.4,927.65,2203.0
2026-07-03 12:50:00+05:30,927.65,931.05,927.65,929.3,1232.0
2026-07-03 12:55:00+05:30,929.6,930.7,929.1,929.25,366.0
2026-07-03 13:00:00+05:30,929.3,931.45,929.0,931.45,2229.0
2026-07-03 13:05:00+05:30,929.5,929.65,928.05,929.65,442.0
2026-07-03 13:10:00+05:30,929.0,932.4,928.15,931.9,3397.0
2026-07-03 13:15:00+05:30,932.4,932.4,931.45,931.45,947.0
2026-07-03 13:20:00+05:30,931.45,932.9,931.45,932.55,728.0
2026-07-03 13:25:00+05:30,932.65,933.7,932.55,932.65,507.0
2026-07-03 13:30:00+05:30,932.95,933.15,932.0,932.15,307.0
2026-07-03 13:35:00+05:30,932.0,933.15,932.0,932.75,96.0
2026-07-03 13:40:00+05:30,932.75,932.9,932.4,932.4,127.0
2026-07-03 13:45:00+05:30,933.1,934.5,932.4,934.45,1817.0
2026-07-03 13:50:00+05:30,935.9,935.95,934.1,935.15,774.0
2026-07-03 13:55:00+05:30,934.0,934.05,933.1,933.1,99.0
2026-07-03 14:00:00+05:30,933.25,933.25,932.4,933.2,718.0
2026-07-03 14:05:00+05:30,933.3,933.85,933.0,933.45,311.0
2026-07-03 14:10:00+05:30,933.7,933.9,933.35,933.9,37.0
2026-07-03 14:15:00+05:30,933.9,934.25,933.5,933.85,182.0
2026-07-03 14:20:00+05:30,933.35,933.45,931.05,931.85,804.0
2026-07-03 14:25:00+05:30,931.85,932.0,931.7,931.7,98.0
2026-07-03 14:30:00+05:30,932.75,932.75,931.45,932.1,683.0
2026-07-03 14:35:00+05:30,931.4,931.95,931.4,931.5,81.0
2026-07-03 14:40:00+05:30,930.9,931.55,930.9,931.15,177.0
2026-07-03 14:45:00+05:30,932.0,932.0,931.0,932.0,348.0
2026-07-03 14:50:00+05:30,931.5,932.0,931.0,931.5,611.0
2026-07-03 14:55:00+05:30,931.5,931.5,931.0,931.0,871.0
2026-07-03 15:00:00+05:30,930.0,931.95,927.25,930.2,4985.0
2026-07-03 15:05:00+05:30,929.7,930.25,928.0,928.65,579.0
2026-07-03 15:10:00+05:30,928.65,930.5,928.0,928.9,1812.0
2026-07-03 15:15:00+05:30,928.8,930.8,928.65,930.0,5356.0
2026-07-03 15:20:00+05:30,930.2,932.7,928.75,931.7,4744.0
2026-07-03 15:25:00+05:30,931.7,931.7,927.0,928.65,7169.0
2026-07-06 09:15:00+05:30,930.5,937.4,922.0,924.95,4643.0
2026-07-06 09:20:00+05:30,925.9,925.9,920.0,923.9,3410.0
2026-07-06 09:25:00+05:30,923.2,924.9,921.0,921.6,597.0
2026-07-06 09:30:00+05:30,921.8,922.0,919.95,920.0,2288.0
2026-07-06 09:35:00+05:30,921.0,921.0,914.05,916.0,3781.0
2026-07-06 09:40:00+05:30,916.0,916.6,912.0,913.75,4230.0
2026-07-06 09:45:00+05:30,912.55,915.85,912.55,914.0,2243.0
2026-07-06 09:50:00+05:30,913.95,913.95,909.5,913.95,4602.0
2026-07-06 09:55:00+05:30,913.95,920.9,913.25,920.9,3252.0
2026-07-06 10:00:00+05:30,922.0,922.0,918.0,918.05,756.0
2026-07-06 10:05:00+05:30,918.05,919.6,918.05,918.65,212.0
2026-07-06 10:10:00+05:30,918.3,919.95,918.05,918.2,304.0
2026-07-06 10:15:00+05:30,918.3,918.75,916.45,918.0,702.0
2026-07-06 10:20:00+05:30,916.3,917.2,915.4,916.5,299.0
2026-07-06 10:25:00+05:30,916.3,916.45,914.5,914.55,704.0
2026-07-06 10:30:00+05:30,915.05,915.3,914.55,915.3,359.0
2026-07-06 10:35:00+05:30,915.3,915.3,912.05,913.45,4004.0
2026-07-06 10:40:00+05:30,914.95,916.55,913.9,916.55,1521.0
2026-07-06 10:45:00+05:30,916.0,916.6,915.05,915.9,1577.0
2026-07-06 10:50:00+05:30,915.05,918.0,913.1,916.05,2566.0
2026-07-06 10:55:00+05:30,915.35,916.7,915.3,916.55,467.0
2026-07-06 11:00:00+05:30,917.35,917.4,916.55,917.4,499.0
2026-07-06 11:05:00+05:30,917.4,917.4,916.55,916.55,51.0
2026-07-06 11:10:00+05:30,916.55,916.55,915.05,915.9,272.0
2026-07-06 11:15:00+05:30,915.15,915.6,915.0,915.15,348.0
2026-07-06 11:20:00+05:30,915.5,915.55,915.05,915.05,298.0
2026-07-06 11:25:00+05:30,915.05,916.0,915.0,915.0,346.0
2026-07-06 11:30:00+05:30,915.0,917.95,915.0,916.25,639.0
2026-07-06 11:35:00+05:30,916.25,919.0,915.2,918.8,442.0
2026-07-06 11:40:00+05:30,919.0,919.3,918.1,918.1,139.0
2026-07-06 11:45:00+05:30,918.1,921.6,918.0,921.6,1366.0
2026-07-06 11:50:00+05:30,920.6,923.2,920.6,922.1,4031.0
2026-07-06 11:55:00+05:30,922.1,922.1,920.0,920.0,907.0
2026-07-06 12:00:00+05:30,920.1,921.9,920.1,921.9,707.0
2026-07-06 12:05:00+05:30,921.65,921.65,920.9,920.9,75.0
2026-07-06 12:10:00+05:30,920.1,920.1,916.5,916.9,2117.0
2026-07-06 12:15:00+05:30,917.4,918.4,916.0,917.0,352.0
2026-07-06 12:20:00+05:30,916.75,917.95,916.75,917.95,314.0
2026-07-06 12:25:00+05:30,917.0,917.75,917.0,917.75,914.0
2026-07-06 12:30:00+05:30,918.9,919.6,918.0,918.0,202.0
2026-07-06 12:35:00+05:30,918.0,918.95,918.0,918.1,118.0
2026-07-06 12:40:00+05:30,918.1,918.75,918.0,918.0,798.0
2026-07-06 12:45:00+05:30,918.0,918.45,918.0,918.4,348.0
2026-07-06 12:50:00+05:30,918.0,918.1,918.0,918.1,59.0
2026-07-06 12:55:00+05:30,918.1,919.85,918.1,919.85,950.0
2026-07-06 13:00:00+05:30,919.85,919.85,919.0,919.0,252.0
2026-07-06 13:05:00+05:30,919.1,919.95,919.1,919.45,393.0
2026-07-06 13:10:00+05:30,919.45,920.65,919.2,920.65,246.0
2026-07-06 13:15:00+05:30,920.1,920.65,920.1,920.1,122.0
2026-07-06 13:20:00+05:30,920.1,921.65,919.6,921.65,1771.0
2026-07-06 13:25:00+05:30,920.7,922.0,920.7,922.0,261.0
2026-07-06 13:30:00+05:30,920.95,921.85,920.75,921.6,233.0
2026-07-06 13:35:00+05:30,921.8,921.85,920.95,921.2,253.0
2026-07-06 13:40:00+05:30,921.9,923.45,921.05,921.85,1016.0
2026-07-06 13:45:00+05:30,921.25,921.45,921.25,921.45,114.0
2026-07-06 13:50:00+05:30,920.75,921.95,920.25,920.7,503.0
2026-07-06 13:55:00+05:30,920.7,920.7,920.1,920.1,120.0
2026-07-06 14:00:00+05:30,920.1,920.9,920.0,920.0,156.0
2026-07-06 14:05:00+05:30,920.05,920.85,920.05,920.2,64.0
2026-07-06 14:10:00+05:30,920.1,921.95,920.1,920.25,665.0
2026-07-06 14:15:00+05:30,920.25,921.15,920.25,920.25,762.0
2026-07-06 14:20:00+05:30,920.1,921.65,920.1,920.1,482.0
2026-07-06 14:25:00+05:30,921.0,921.0,920.1,920.1,414.0
2026-07-06 14:30:00+05:30,920.1,921.0,920.1,920.35,281.0
2026-07-06 14:35:00+05:30,920.1,921.0,920.1,920.3,583.0
2026-07-06 14:40:00+05:30,920.35,920.5,920.35,920.5,28.0
2026-07-06 14:45:00+05:30,920.1,921.75,920.1,920.15,436.0
2026-07-06 14:50:00+05:30,920.95,922.0,920.15,921.0,3022.0
2026-07-06 14:55:00+05:30,921.0,921.3,920.65,920.75,85.0
2026-07-06 15:00:00+05:30,921.55,922.3,920.0,920.5,1060.0
2026-07-06 15:05:00+05:30,921.1,923.8,920.15,922.55,5592.0
2026-07-06 15:10:00+05:30,922.55,923.15,920.0,920.1,2059.0
2026-07-06 15:15:00+05:30,921.35,921.7,920.0,920.0,4130.0
2026-07-06 15:20:00+05:30,920.3,921.6,919.5,920.25,4319.0
2026-07-06 15:25:00+05:30,921.4,923.0,920.0,922.0,4812.0
2026-07-07 09:15:00+05:30,922.0,925.0,914.0,917.0,14961.0
2026-07-07 09:20:00+05:30,918.4,920.15,916.2,916.2,2660.0
2026-07-07 09:25:00+05:30,916.15,916.65,910.9,914.35,6197.0
2026-07-07 09:30:00+05:30,914.05,916.6,912.8,915.0,1610.0
2026-07-07 09:35:00+05:30,914.8,916.5,914.8,915.0,3910.0
2026-07-07 09:40:00+05:30,915.0,933.95,915.0,931.0,12885.0
2026-07-07 09:45:00+05:30,931.8,944.7,925.0,925.0,20930.0
2026-07-07 09:50:00+05:30,933.15,933.8,929.0,930.0,7893.0
2026-07-07 09:55:00+05:30,930.0,944.25,930.0,940.2,19598.0
2026-07-07 10:00:00+05:30,939.2,942.55,931.75,932.75,6980.0
2026-07-07 10:05:00+05:30,931.35,931.35,926.05,927.9,3648.0
2026-07-07 10:10:00+05:30,927.0,929.2,925.0,929.0,12452.0
2026-07-07 10:15:00+05:30,929.45,929.45,926.0,926.0,439.0
2026-07-07 10:20:00+05:30,925.8,926.0,922.05,922.05,3360.0
2026-07-07 10:25:00+05:30,923.0,923.0,918.1,920.25,3854.0
2026-07-07 10:30:00+05:30,920.25,921.35,918.6,920.75,1176.0
2026-07-07 10:35:00+05:30,921.7,922.15,919.05,921.65,1195.0
2026-07-07 10:40:00+05:30,921.0,922.35,920.9,922.3,1221.0
2026-07-07 10:45:00+05:30,922.2,924.75,921.25,922.5,1657.0
2026-07-07 10:50:00+05:30,922.5,922.5,920.4,920.4,298.0
2026-07-07 10:55:00+05:30,920.4,920.4,918.0,918.6,1797.0
2026-07-07 11:00:00+05:30,919.3,920.0,919.0,919.95,154.0
2026-07-07 11:05:00+05:30,920.0,920.9,919.05,920.0,184.0
2026-07-07 11:10:00+05:30,919.7,919.9,919.05,919.1,75.0
2026-07-07 11:15:00+05:30,919.9,920.15,918.15,918.15,1682.0
2026-07-07 11:20:00+05:30,918.15,919.35,918.15,919.35,93.0
2026-07-07 11:25:00+05:30,919.35,921.9,919.35,920.25,222.0
2026-07-07 11:30:00+05:30,923.0,925.5,923.0,924.65,1554.0
2026-07-07 11:35:00+05:30,923.85,925.2,922.1,924.6,929.0
2026-07-07 11:40:00+05:30,923.5,924.6,922.15,922.9,636.0
2026-07-07 11:45:00+05:30,922.9,922.9,922.05,922.15,186.0
2026-07-07 11:50:00+05:30,922.15,922.15,920.65,920.65,133.0
2026-07-07 11:55:00+05:30,921.9,926.75,921.5,921.5,4530.0
2026-07-07 12:00:00+05:30,922.55,923.4,920.8,923.4,1073.0
2026-07-07 12:05:00+05:30,923.4,924.95,921.85,922.4,1203.0
2026-07-07 12:10:00+05:30,923.2,923.2,919.0,919.1,1796.0
2026-07-07 12:15:00+05:30,918.6,919.8,918.0,918.0,1969.0
2026-07-07 12:20:00+05:30,918.0,919.8,918.0,918.2,117.0
2026-07-07 12:25:00+05:30,918.2,919.1,918.2,918.25,121.0
2026-07-07 12:30:00+05:30,918.25,919.75,918.25,918.45,243.0
2026-07-07 12:35:00+05:30,918.45,918.45,917.8,917.8,1610.0
2026-07-07 12:40:00+05:30,917.8,918.2,917.45,918.2,676.0
2026-07-07 12:45:00+05:30,918.2,918.2,915.2,917.6,4239.0
2026-07-07 12:50:00+05:30,917.6,917.65,916.0,916.0,268.0
2026-07-07 12:55:00+05:30,915.35,917.25,915.0,915.1,1721.0
2026-07-07 13:00:00+05:30,914.25,914.45,913.55,913.55,1925.0
2026-07-07 13:05:00+05:30,913.8,914.55,913.0,913.0,627.0
2026-07-07 13:10:00+05:30,913.15,913.7,912.6,912.75,1368.0
2026-07-07 13:15:00+05:30,912.55,912.65,912.55,912.55,220.0
2026-07-07 13:20:00+05:30,912.5,915.3,912.5,914.85,1528.0
2026-07-07 13:25:00+05:30,913.95,918.15,913.95,917.05,847.0
2026-07-07 13:30:00+05:30,916.15,916.95,916.0,916.15,889.0
2026-07-07 13:35:00+05:30,916.15,916.15,913.6,913.6,767.0
2026-07-07 13:40:00+05:30,913.6,916.8,913.6,916.4,281.0
2026-07-07 13:45:00+05:30,916.05,916.45,915.75,915.75,44.0
2026-07-07 13:50:00+05:30,915.5,916.5,915.3,915.45,306.0
2026-07-07 13:55:00+05:30,916.3,917.2,915.9,916.15,213.0
2026-07-07 14:00:00+05:30,916.15,918.75,916.15,918.35,917.0
2026-07-07 14:05:00+05:30,917.55,917.55,916.65,917.1,372.0
2026-07-07 14:10:00+05:30,917.1,917.8,917.1,917.8,101.0
2026-07-07 14:15:00+05:30,917.8,917.8,917.0,917.0,121.0
2026-07-07 14:20:00+05:30,917.0,918.95,916.65,917.6,828.0
2026-07-07 14:25:00+05:30,917.55,918.05,916.5,918.05,307.0
2026-07-07 14:30:00+05:30,918.05,919.0,918.05,918.2,183.0
2026-07-07 14:35:00+05:30,918.5,918.95,918.45,918.45,935.0
2026-07-07 14:40:00+05:30,918.5,918.5,917.85,917.85,273.0
2026-07-07 14:45:00+05:30,918.45,918.65,917.1,917.5,893.0
2026-07-07 14:50:00+05:30,918.0,919.3,916.85,918.0,1360.0
2026-07-07 14:55:00+05:30,917.85,919.0,917.2,917.2,1428.0
2026-07-07 15:00:00+05:30,917.2,917.4,915.3,915.95,1722.0
2026-07-07 15:05:00+05:30,916.35,918.9,916.1,916.55,5050.0
2026-07-07 15:10:00+05:30,916.15,916.15,912.5,912.7,1741.0
2026-07-07 15:15:00+05:30,913.15,913.15,910.0,912.15,4429.0
2026-07-07 15:20:00+05:30,912.95,915.15,912.0,915.1,3374.0
2026-07-07 15:25:00+05:30,915.1,916.0,910.0,916.0,8979.0
2026-07-08 09:15:00+05:30,910.0,923.0,901.2,918.95,6280.0
2026-07-08 09:20:00+05:30,918.0,921.9,914.75,917.0,4755.0
2026-07-08 09:25:00+05:30,917.4,937.95,914.75,936.7,16690.0
2026-07-08 09:30:00+05:30,935.25,942.85,935.2,938.1,19395.0
2026-07-08 09:35:00+05:30,938.05,939.35,933.0,933.7,7735.0
2026-07-08 09:40:00+05:30,934.0,937.0,926.7,929.0,6227.0
2026-07-08 09:45:00+05:30,929.0,932.2,929.0,930.0,3481.0
2026-07-08 09:50:00+05:30,928.35,928.35,924.0,924.0,4634.0
2026-07-08 09:55:00+05:30,923.85,925.75,920.1,920.1,3650.0
2026-07-08 10:00:00+05:30,919.85,921.35,918.05,921.0,3295.0
2026-07-08 10:05:00+05:30,921.0,921.0,918.55,919.0,1685.0
2026-07-08 10:10:00+05:30,919.55,921.45,919.45,921.0,840.0
2026-07-08 10:15:00+05:30,921.05,922.55,920.45,921.55,1039.0
2026-07-08 10:20:00+05:30,921.55,922.45,920.05,921.1,890.0
2026-07-08 10:25:00+05:30,921.0,921.05,918.3,918.3,1100.0
2026-07-08 10:30:00+05:30,918.75,920.85,918.75,920.25,602.0
2026-07-08 10:35:00+05:30,920.25,920.45,919.0,919.0,2669.0
2026-07-08 10:40:00+05:30,919.0,921.3,917.8,920.2,1863.0
2026-07-08 10:45:00+05:30,919.3,920.5,916.65,919.4,2392.0
2026-07-08 10:50:00+05:30,918.05,920.9,918.05,920.25,535.0
2026-07-08 10:55:00+05:30,919.05,920.6,919.05,919.9,76.0
2026-07-08 11:00:00+05:30,919.0,920.45,919.0,919.6,169.0
2026-07-08 11:05:00+05:30,920.65,922.95,919.65,922.95,1153.0
2026-07-08 11:10:00+05:30,922.7,930.95,921.1,926.3,10346.0
2026-07-08 11:15:00+05:30,925.85,927.95,925.05,926.3,2098.0
2026-07-08 11:20:00+05:30,926.7,928.1,921.15,921.15,4276.0
2026-07-08 11:25:00+05:30,922.15,923.1,920.7,922.9,1583.0
2026-07-08 11:30:00+05:30,922.9,922.9,921.0,921.0,81.0
2026-07-08 11:35:00+05:30,921.0,922.05,921.0,921.95,25.0
2026-07-08 11:40:00+05:30,921.5,922.3,921.5,922.3,85.0
2026-07-08 11:45:00+05:30,922.3,922.3,920.15,920.55,34.0
2026-07-08 11:50:00+05:30,920.25,923.85,920.1,923.85,741.0
2026-07-08 11:55:00+05:30,923.7,923.7,922.65,922.75,150.0
2026-07-08 12:00:00+05:30,922.75,922.75,921.4,922.65,46.0
2026-07-08 12:05:00+05:30,921.7,923.9,920.1,922.9,1390.0
2026-07-08 12:10:00+05:30,923.0,923.7,923.0,923.4,189.0
2026-07-08 12:15:00+05:30,922.6,923.4,921.0,923.05,478.0
2026-07-08 12:20:00+05:30,923.3,923.85,922.7,923.85,513.0
2026-07-08 12:25:00+05:30,923.85,923.85,922.1,922.1,27.0
2026-07-08 12:30:00+05:30,922.4,922.4,919.6,919.65,485.0
2026-07-08 12:35:00+05:30,920.1,920.7,920.1,920.1,590.0
2026-07-08 12:40:00+05:30,920.55,920.55,920.1,920.1,57.0
2026-07-08 12:45:00+05:30,920.1,920.6,920.1,920.6,42.0
2026-07-08 12:50:00+05:30,920.6,921.85,920.6,920.6,222.0
2026-07-08 12:55:00+05:30,920.6,922.0,920.6,922.0,339.0
2026-07-08 13:00:00+05:30,922.0,922.6,922.0,922.6,143.0
2026-07-08 13:05:00+05:30,923.0,923.25,922.8,922.8,1247.0
2026-07-08 13:10:00+05:30,923.0,925.0,923.0,923.2,468.0
2026-07-08 13:15:00+05:30,923.2,924.0,922.95,922.95,648.0
2026-07-08 13:20:00+05:30,922.8,922.9,921.65,921.85,38.0
2026-07-08 13:25:00+05:30,921.5,921.55,920.7,920.7,406.0
2026-07-08 13:30:00+05:30,921.25,921.25,919.8,919.8,1095.0
2026-07-08 13:35:00+05:30,919.8,919.8,919.0,919.6,1058.0
2026-07-08 13:40:00+05:30,920.05,921.05,920.0,921.05,522.0
2026-07-08 13:45:00+05:30,921.4,921.7,915.1,916.15,1209.0
2026-07-08 13:50:00+05:30,915.0,915.25,909.05,909.8,6293.0
2026-07-08 13:55:00+05:30,909.75,910.85,901.55,903.25,9477.0
2026-07-08 14:00:00+05:30,903.35,903.35,893.7,895.5,8181.0
2026-07-08 14:05:00+05:30,894.5,896.0,885.25,888.45,8315.0
2026-07-08 14:10:00+05:30,888.5,895.45,888.45,888.45,6607.0
2026-07-08 14:15:00+05:30,889.3,897.3,885.0,885.9,13506.0
2026-07-08 14:20:00+05:30,886.25,892.15,886.0,892.15,4020.0
2026-07-08 14:25:00+05:30,892.15,892.15,890.0,890.2,1970.0
2026-07-08 14:30:00+05:30,890.2,892.0,885.75,886.9,5090.0
2026-07-08 14:35:00+05:30,888.0,888.9,883.0,884.2,2998.0
2026-07-08 14:40:00+05:30,884.65,885.45,881.3,882.5,5230.0
2026-07-08 14:45:00+05:30,882.5,883.45,878.05,881.65,5715.0
2026-07-08 14:50:00+05:30,881.1,882.15,876.5,876.5,8019.0
2026-07-08 14:55:00+05:30,877.3,880.85,875.0,877.0,4762.0
2026-07-08 15:00:00+05:30,877.0,883.9,877.0,881.05,3054.0
2026-07-08 15:05:00+05:30,881.0,883.75,880.45,881.5,3474.0
2026-07-08 15:10:00+05:30,881.9,890.6,881.3,888.1,13925.0
2026-07-08 15:15:00+05:30,888.05,894.0,888.05,888.95,5006.0
2026-07-08 15:20:00+05:30,889.6,891.55,887.15,889.1,5046.0
2026-07-08 15:25:00+05:30,889.05,889.95,880.6,888.0,6952.0
2026-07-09 09:15:00+05:30,885.0,897.9,885.0,894.05,9020.0
2026-07-09 09:20:00+05:30,894.05,898.0,893.15,896.1,4134.0
2026-07-09 09:25:00+05:30,896.1,897.0,893.0,893.95,2157.0
2026-07-09 09:30:00+05:30,893.0,896.8,890.0,895.6,2592.0
2026-07-09 09:35:00+05:30,894.7,901.95,892.8,898.6,2557.0
2026-07-09 09:40:00+05:30,897.35,898.8,897.25,898.25,1081.0
2026-07-09 09:45:00+05:30,898.45,898.65,897.0,897.65,1107.0
2026-07-09 09:50:00+05:30,897.65,897.65,895.1,895.1,521.0
2026-07-09 09:55:00+05:30,895.1,898.95,895.1,897.45,1489.0
2026-07-09 10:00:00+05:30,897.55,897.55,891.05,894.5,2547.0
2026-07-09 10:05:00+05:30,894.5,894.55,893.45,894.25,565.0
2026-07-09 10:10:00+05:30,892.95,893.05,891.9,892.55,763.0
2026-07-09 10:15:00+05:30,892.55,892.7,889.65,892.55,6246.0
2026-07-09 10:20:00+05:30,891.55,892.5,889.8,889.8,725.0
2026-07-09 10:25:00+05:30,890.6,890.6,887.2,890.25,1482.0
2026-07-09 10:30:00+05:30,890.55,890.55,888.5,888.5,529.0
2026-07-09 10:35:00+05:30,889.35,889.35,887.05,888.1,2806.0
2026-07-09 10:40:00+05:30,888.95,897.0,888.95,893.65,2263.0
2026-07-09 10:45:00+05:30,893.6,893.6,890.35,892.8,510.0
2026-07-09 10:50:00+05:30,891.0,891.95,890.6,891.95,549.0
2026-07-09 10:55:00+05:30,891.1,891.8,890.0,890.55,343.0
2026-07-09 11:00:00+05:30,890.55,890.75,889.45,889.55,1166.0
2026-07-09 11:05:00+05:30,889.45,889.45,888.2,888.35,520.0
2026-07-09 11:10:00+05:30,889.0,889.0,887.6,887.6,651.0
2026-07-09 11:15:00+05:30,887.45,887.5,886.0,887.0,331.0
2026-07-09 11:20:00+05:30,887.6,887.6,886.4,887.45,865.0
2026-07-09 11:25:00+05:30,887.0,888.95,887.0,888.6,999.0
2026-07-09 11:30:00+05:30,888.45,888.9,888.0,888.0,642.0
2026-07-09 11:35:00+05:30,887.8,887.8,886.55,887.0,516.0
2026-07-09 11:40:00+05:30,886.9,887.95,886.85,887.75,357.0
2026-07-09 11:45:00+05:30,887.75,887.75,886.5,886.5,691.0
2026-07-09 11:50:00+05:30,886.5,887.2,886.5,886.95,175.0
2026-07-09 11:55:00+05:30,887.2,887.75,886.5,887.75,931.0
2026-07-09 12:00:00+05:30,887.6,887.6,886.5,886.5,66.0
2026-07-09 12:05:00+05:30,886.5,887.85,886.0,887.85,803.0
2026-07-09 12:10:00+05:30,887.85,889.35,887.05,887.05,751.0
2026-07-09 12:15:00+05:30,887.05,887.5,887.0,887.0,93.0
2026-07-09 12:20:00+05:30,887.2,887.95,887.0,887.95,243.0
2026-07-09 12:25:00+05:30,887.95,887.95,887.2,887.2,12.0
2026-07-09 12:30:00+05:30,887.95,887.95,887.95,887.95,19.0
2026-07-09 12:35:00+05:30,887.95,888.9,887.95,887.95,147.0
2026-07-09 12:40:00+05:30,887.95,887.95,886.9,886.9,166.0
2026-07-09 12:45:00+05:30,886.9,888.4,886.0,886.6,777.0
2026-07-09 12:50:00+05:30,886.75,887.3,886.65,887.3,76.0
2026-07-09 12:55:00+05:30,887.3,888.7,887.3,888.7,731.0
2026-07-09 13:00:00+05:30,889.35,889.35,888.4,889.15,586.0
2026-07-09 13:05:00+05:30,889.9,889.9,889.0,889.8,437.0
2026-07-09 13:10:00+05:30,889.8,889.9,889.45,889.9,375.0
2026-07-09 13:15:00+05:30,889.9,890.25,889.9,890.25,222.0
2026-07-09 13:20:00+05:30,889.95,890.7,888.5,888.55,180.0
2026-07-09 13:25:00+05:30,889.15,889.15,888.65,889.0,373.0
2026-07-09 13:30:00+05:30,888.0,888.0,887.0,887.5,525.0
2026-07-09 13:35:00+05:30,887.45,889.2,887.45,888.35,405.0
2026-07-09 13:40:00+05:30,888.35,889.4,887.75,889.2,425.0
2026-07-09 13:45:00+05:30,888.7,889.7,887.8,889.7,78.0
2026-07-09 13:50:00+05:30,889.7,890.4,889.35,890.4,23.0
2026-07-09 13:55:00+05:30,890.0,892.95,889.5,892.2,797.0
2026-07-09 14:00:00+05:30,891.9,896.3,891.05,895.5,3364.0
2026-07-09 14:05:00+05:30,895.5,897.0,895.1,896.35,1380.0
2026-07-09 14:10:00+05:30,896.3,897.0,895.1,897.0,1985.0
2026-07-09 14:15:00+05:30,896.65,899.7,895.25,897.05,3237.0
2026-07-09 14:20:00+05:30,897.05,898.0,896.6,897.2,371.0
2026-07-09 14:25:00+05:30,897.3,898.0,897.0,897.05,538.0
2026-07-09 14:30:00+05:30,897.05,898.4,897.0,897.65,1043.0
2026-07-09 14:35:00+05:30,897.5,899.0,897.5,897.6,1363.0
2026-07-09 14:40:00+05:30,897.55,899.1,897.15,898.15,1618.0
2026-07-09 14:45:00+05:30,898.15,898.15,897.15,897.85,339.0
2026-07-09 14:50:00+05:30,897.15,900.05,897.15,900.05,2771.0
2026-07-09 14:55:00+05:30,900.35,903.2,900.1,900.15,3819.0
2026-07-09 15:00:00+05:30,900.15,900.95,897.5,898.9,3096.0
2026-07-09 15:05:00+05:30,898.75,899.05,893.7,894.85,1039.0
2026-07-09 15:10:00+05:30,895.0,896.25,894.6,894.6,927.0
2026-07-09 15:15:00+05:30,894.95,895.5,894.3,894.85,1111.0
2026-07-09 15:20:00+05:30,895.0,897.4,893.35,894.8,2600.0
2026-07-09 15:25:00+05:30,894.85,895.95,893.3,895.1,4286.0
2026-07-10 09:15:00+05:30,903.0,934.0,903.0,912.0,35076.0
2026-07-10 09:20:00+05:30,914.9,922.95,903.35,904.25,20387.0
2026-07-10 09:25:00+05:30,904.7,911.05,896.6,909.2,12238.0
2026-07-10 09:30:00+05:30,908.9,909.95,906.25,908.75,1811.0
2026-07-10 09:35:00+05:30,908.4,909.2,906.0,906.5,733.0
2026-07-10 09:40:00+05:30,906.0,927.0,906.0,923.9,24878.0
2026-07-10 09:45:00+05:30,922.95,928.4,921.05,925.95,13706.0
2026-07-10 09:50:00+05:30,924.6,926.85,918.05,918.05,5408.0
2026-07-10 09:55:00+05:30,920.15,920.15,915.85,918.55,4170.0
2026-07-10 10:00:00+05:30,917.4,917.4,915.15,915.5,702.0
2026-07-10 10:05:00+05:30,916.9,924.0,915.9,920.75,8173.0
2026-07-10 10:10:00+05:30,920.8,925.0,920.8,925.0,2671.0
2026-07-10 10:15:00+05:30,925.05,925.05,918.55,918.55,2810.0
2026-07-10 10:20:00+05:30,919.75,919.75,917.55,918.45,541.0
2026-07-10 10:25:00+05:30,918.45,918.45,917.2,917.7,1034.0
2026-07-10 10:30:00+05:30,918.0,921.85,918.0,920.55,2314.0
2026-07-10 10:35:00+05:30,921.6,921.6,918.9,919.3,133.0
2026-07-10 10:40:00+05:30,918.65,920.1,918.65,920.1,106.0
2026-07-10 10:45:00+05:30,919.0,920.55,919.0,920.15,1461.0
2026-07-10 10:50:00+05:30,920.0,920.6,918.0,920.6,1075.0
2026-07-10 10:55:00+05:30,920.6,921.0,920.05,920.4,526.0
2026-07-10 11:00:00+05:30,921.85,926.65,921.25,921.25,8118.0
2026-07-10 11:05:00+05:30,921.25,922.7,920.0,920.7,921.0
2026-07-10 11:10:00+05:30,920.7,921.55,918.55,919.6,1002.0
2026-07-10 11:15:00+05:30,919.6,920.8,918.8,919.7,1328.0
2026-07-10 11:20:00+05:30,920.7,920.8,919.6,920.35,93.0
2026-07-10 11:25:00+05:30,918.8,919.75,918.7,919.75,811.0
2026-07-10 11:30:00+05:30,918.05,919.0,918.05,918.1,546.0
2026-07-10 11:35:00+05:30,918.1,919.1,917.45,919.1,1887.0
2026-07-10 11:40:00+05:30,919.1,919.1,917.55,917.55,79.0
2026-07-10 11:45:00+05:30,917.55,918.3,917.55,918.3,315.0
2026-07-10 11:50:00+05:30,918.3,918.3,917.6,917.6,199.0
2026-07-10 11:55:00+05:30,917.6,917.9,914.05,916.15,4813.0
2026-07-10 12:00:00+05:30,916.15,916.2,912.4,914.2,832.0
2026-07-10 12:05:00+05:30,914.0,914.0,912.5,913.0,834.0
2026-07-10 12:10:00+05:30,913.7,914.25,913.0,913.95,648.0
2026-07-10 12:15:00+05:30,913.5,913.5,912.05,912.05,355.0
2026-07-10 12:20:00+05:30,910.0,911.3,903.35,905.65,6870.0
2026-07-10 12:25:00+05:30,906.35,906.9,905.05,906.7,1138.0
2026-07-10 12:30:00+05:30,906.0,907.6,906.0,906.4,1727.0
2026-07-10 12:35:00+05:30,906.4,906.5,903.0,903.05,876.0
2026-07-10 12:40:00+05:30,903.05,903.6,902.4,903.1,1527.0
2026-07-10 12:45:00+05:30,903.1,905.8,901.5,901.5,3348.0
2026-07-10 12:50:00+05:30,901.0,901.0,896.1,897.55,3022.0
2026-07-10 12:55:00+05:30,898.0,898.3,896.3,897.7,2465.0
2026-07-10 13:00:00+05:30,897.9,898.8,896.5,896.8,2763.0
2026-07-10 13:05:00+05:30,895.0,896.25,893.05,894.15,1816.0
2026-07-10 13:10:00+05:30,894.5,895.5,894.15,894.65,662.0
2026-07-10 13:15:00+05:30,894.0,895.7,893.85,893.85,1195.0
2026-07-10 13:20:00+05:30,893.75,893.95,891.8,893.95,1038.0
2026-07-10 13:25:00+05:30,893.05,894.8,891.45,892.8,1293.0
2026-07-10 13:30:00+05:30,893.8,894.4,893.8,894.1,215.0
2026-07-10 13:35:00+05:30,894.35,894.9,893.1,893.9,235.0
2026-07-10 13:40:00+05:30,894.1,894.5,892.2,892.2,453.0
2026-07-10 13:45:00+05:30,892.2,892.95,892.2,892.55,330.0
2026-07-10 13:50:00+05:30,893.4,894.4,893.35,894.0,937.0
2026-07-10 13:55:00+05:30,893.95,894.5,893.15,894.5,327.0
2026-07-10 14:00:00+05:30,893.5,894.35,893.5,894.25,109.0
2026-07-10 14:05:00+05:30,894.3,894.3,892.9,893.5,579.0
2026-07-10 14:10:00+05:30,893.95,893.95,893.95,893.95,13.0
2026-07-10 14:15:00+05:30,894.05,895.35,893.6,894.5,773.0
2026-07-10 14:20:00+05:30,893.2,893.2,891.75,892.55,2731.0
2026-07-10 14:25:00+05:30,891.85,893.75,891.8,893.0,611.0
2026-07-10 14:30:00+05:30,893.0,893.0,891.85,893.0,635.0
2026-07-10 14:35:00+05:30,892.9,893.8,891.9,892.3,1138.0
2026-07-10 14:40:00+05:30,892.3,892.35,891.5,892.35,486.0
2026-07-10 14:45:00+05:30,892.25,892.95,889.7,892.3,2661.0
2026-07-10 14:50:00+05:30,892.25,892.25,885.75,888.45,3893.0
2026-07-10 14:55:00+05:30,889.65,890.9,888.0,888.7,1851.0
2026-07-10 15:00:00+05:30,888.5,890.7,888.5,890.7,3955.0
2026-07-10 15:05:00+05:30,890.2,891.5,887.85,891.2,3746.0
2026-07-10 15:10:00+05:30,890.2,890.8,890.0,890.0,981.0
2026-07-10 15:15:00+05:30,890.05,890.55,888.6,889.0,4244.0
2026-07-10 15:20:00+05:30,890.15,890.6,888.35,888.9,3620.0
2026-07-10 15:25:00+05:30,888.85,898.3,888.8,890.1,8097.0
2026-07-13 09:15:00+05:30,890.35,890.6,874.2,887.7,7424.0
2026-07-13 09:20:00+05:30,888.0,888.0,878.05,880.0,4937.0
2026-07-13 09:25:00+05:30,880.85,883.85,880.85,881.0,1096.0
2026-07-13 09:30:00+05:30,880.85,882.9,880.8,881.0,6963.0
2026-07-13 09:35:00+05:30,881.8,881.9,871.5,872.95,6273.0
2026-07-13 09:40:00+05:30,872.0,877.0,870.05,875.75,3627.0
2026-07-13 09:45:00+05:30,875.0,876.5,871.9,876.5,5037.0
2026-07-13 09:50:00+05:30,876.65,889.9,876.65,888.35,17680.0
2026-07-13 09:55:00+05:30,888.35,889.9,888.25,889.9,673.0
2026-07-13 10:00:00+05:30,889.05,889.05,886.7,888.05,1155.0
2026-07-13 10:05:00+05:30,888.0,888.85,887.1,888.0,1280.0
2026-07-13 10:10:00+05:30,887.95,887.95,882.55,884.1,1550.0
2026-07-13 10:15:00+05:30,884.0,884.0,882.4,883.2,1802.0
2026-07-13 10:20:00+05:30,883.2,883.65,882.1,883.2,525.0
2026-07-13 10:25:00+05:30,884.0,885.0,883.15,885.0,441.0
2026-07-13 10:30:00+05:30,886.0,890.0,884.4,887.2,3156.0
2026-07-13 10:35:00+05:30,887.9,887.9,883.7,885.2,697.0
2026-07-13 10:40:00+05:30,884.95,885.6,883.15,883.15,719.0
2026-07-13 10:45:00+05:30,876.0,882.9,876.0,880.9,9508.0
2026-07-13 10:50:00+05:30,880.75,880.8,878.05,879.05,449.0
2026-07-13 10:55:00+05:30,878.45,880.05,878.0,879.6,1141.0
2026-07-13 11:00:00+05:30,879.35,885.05,879.35,882.85,2481.0
2026-07-13 11:05:00+05:30,884.1,884.95,883.25,883.9,447.0
2026-07-13 11:10:00+05:30,884.0,884.0,882.55,883.5,1219.0
2026-07-13 11:15:00+05:30,883.25,883.35,883.2,883.3,296.0
2026-07-13 11:20:00+05:30,883.3,883.3,881.55,882.35,117.0
2026-07-13 11:25:00+05:30,882.1,882.1,881.25,882.0,128.0
2026-07-13 11:30:00+05:30,882.0,882.0,880.1,881.0,1315.0
2026-07-13 11:35:00+05:30,880.95,882.0,880.1,882.0,382.0
2026-07-13 11:40:00+05:30,882.0,882.15,882.0,882.15,26.0
2026-07-13 11:45:00+05:30,882.15,882.55,882.15,882.55,102.0
2026-07-13 11:50:00+05:30,882.55,882.55,881.45,881.45,768.0
2026-07-13 11:55:00+05:30,881.0,885.65,881.0,884.05,1758.0
2026-07-13 12:00:00+05:30,885.0,885.0,883.8,883.85,86.0
2026-07-13 12:05:00+05:30,883.15,883.4,882.4,882.4,560.0
2026-07-13 12:10:00+05:30,883.75,886.15,883.75,886.15,407.0
2026-07-13 12:15:00+05:30,886.35,888.95,886.35,887.15,1294.0
2026-07-13 12:20:00+05:30,887.1,888.95,887.1,888.4,594.0
2026-07-13 12:25:00+05:30,888.75,888.95,887.1,888.95,1149.0
2026-07-13 12:30:00+05:30,888.95,890.0,887.2,887.25,1197.0
2026-07-13 12:35:00+05:30,887.25,887.8,887.0,887.05,55.0
2026-07-13 12:40:00+05:30,887.05,887.95,887.05,887.95,160.0
2026-07-13 12:45:00+05:30,888.0,889.45,888.0,889.0,816.0
2026-07-13 12:50:00+05:30,888.9,890.0,888.4,888.55,2654.0
2026-07-13 12:55:00+05:30,887.5,887.5,887.45,887.5,145.0
2026-07-13 13:00:00+05:30,886.7,886.7,886.05,886.25,417.0
2026-07-13 13:05:00+05:30,886.25,886.5,886.05,886.05,56.0
2026-07-13 13:10:00+05:30,886.65,886.65,886.05,886.05,200.0
2026-07-13 13:15:00+05:30,887.0,887.1,885.1,885.85,761.0
2026-07-13 13:20:00+05:30,884.1,884.55,883.3,884.05,1025.0
2026-07-13 13:25:00+05:30,884.05,884.05,883.4,883.4,27.0
2026-07-13 13:30:00+05:30,884.35,884.75,884.25,884.75,392.0
2026-07-13 13:35:00+05:30,884.9,885.2,883.0,883.6,1100.0
2026-07-13 13:40:00+05:30,883.6,884.35,882.7,883.25,453.0
2026-07-13 13:45:00+05:30,883.25,884.4,883.25,884.4,274.0
2026-07-13 13:50:00+05:30,884.4,884.6,884.4,884.4,56.0
2026-07-13 13:55:00+05:30,884.4,884.75,884.4,884.4,121.0
2026-07-13 14:00:00+05:30,884.7,884.7,884.1,884.5,124.0
2026-07-13 14:05:00+05:30,884.5,885.15,884.5,885.15,71.0
2026-07-13 14:10:00+05:30,885.4,905.0,885.4,897.6,25756.0
2026-07-13 14:15:00+05:30,897.55,909.9,892.4,902.75,28197.0
2026-07-13 14:20:00+05:30,902.75,903.55,897.75,898.85,7191.0
2026-07-13 14:25:00+05:30,898.9,900.5,898.8,899.2,2683.0
2026-07-13 14:30:00+05:30,898.8,898.8,894.35,896.0,3492.0
2026-07-13 14:35:00+05:30,896.0,896.0,893.1,895.1,1217.0
2026-07-13 14:40:00+05:30,896.05,896.65,893.0,893.45,1741.0
2026-07-13 14:45:00+05:30,894.15,894.45,893.55,894.0,1473.0
2026-07-13 14:50:00+05:30,893.45,894.0,893.0,893.4,944.0
2026-07-13 14:55:00+05:30,894.45,897.1,894.0,895.4,2231.0
2026-07-13 15:00:00+05:30,894.6,902.5,894.6,898.55,5929.0
2026-07-13 15:05:00+05:30,898.5,899.2,894.15,896.85,2761.0
2026-07-13 15:10:00+05:30,895.9,895.9,894.0,894.1,1053.0
2026-07-13 15:15:00+05:30,894.1,895.0,893.8,895.0,1523.0
2026-07-13 15:20:00+05:30,894.95,904.9,892.0,901.55,30319.0
2026-07-13 15:25:00+05:30,901.5,904.9,898.5,898.5,19252.0
2026-07-14 09:15:00+05:30,901.0,901.4,895.0,897.1,3953.0
2026-07-14 09:20:00+05:30,898.25,900.0,897.0,897.5,2427.0
2026-07-14 09:25:00+05:30,897.9,900.3,897.0,897.0,3284.0
2026-07-14 09:30:00+05:30,896.35,898.0,896.1,897.85,1587.0
2026-07-14 09:35:00+05:30,897.0,898.35,895.0,895.1,3477.0
2026-07-14 09:40:00+05:30,895.2,910.95,895.0,907.5,18055.0
2026-07-14 09:45:00+05:30,906.0,907.05,899.35,899.8,5971.0
2026-07-14 09:50:00+05:30,898.4,900.45,897.55,899.0,1722.0
2026-07-14 09:55:00+05:30,899.0,900.15,898.1,898.35,2349.0
2026-07-14 10:00:00+05:30,898.35,898.35,897.05,897.05,1103.0
2026-07-14 10:05:00+05:30,898.0,900.3,897.95,900.3,1698.0
2026-07-14 10:10:00+05:30,900.9,905.65,899.45,904.75,2730.0
2026-07-14 10:15:00+05:30,904.75,906.0,902.0,902.0,2671.0
2026-07-14 10:20:00+05:30,902.0,904.8,902.0,903.15,2188.0
2026-07-14 10:25:00+05:30,902.1,903.15,897.65,901.45,2629.0
2026-07-14 10:30:00+05:30,901.35,901.75,899.7,900.6,1222.0
2026-07-14 10:35:00+05:30,900.6,900.6,897.0,898.2,2868.0
2026-07-14 10:40:00+05:30,898.95,898.95,895.9,897.9,3863.0
2026-07-14 10:45:00+05:30,897.0,899.0,897.0,898.8,704.0
2026-07-14 10:50:00+05:30,898.0,900.85,895.35,897.7,4901.0
2026-07-14 10:55:00+05:30,898.3,898.95,895.35,897.75,3410.0
2026-07-14 11:00:00+05:30,897.75,898.95,897.05,897.05,400.0
2026-07-14 11:05:00+05:30,897.0,897.85,897.0,897.85,55.0
2026-07-14 11:10:00+05:30,897.85,904.3,897.85,902.65,5368.0
2026-07-14 11:15:00+05:30,902.6,903.7,901.1,902.4,805.0
2026-07-14 11:20:00+05:30,902.4,902.4,899.05,899.05,211.0
2026-07-14 11:25:00+05:30,900.6,901.0,899.5,899.8,538.0
2026-07-14 11:30:00+05:30,898.75,898.8,897.0,898.8,403.0
2026-07-14 11:35:00+05:30,898.8,899.9,896.05,899.45,3925.0
2026-07-14 11:40:00+05:30,899.45,900.15,897.85,899.9,11951.0
2026-07-14 11:45:00+05:30,899.9,899.9,897.7,898.1,98.0
2026-07-14 11:50:00+05:30,898.1,898.1,892.95,893.0,3564.0
2026-07-14 11:55:00+05:30,893.0,895.0,891.0,893.0,3837.0
2026-07-14 12:00:00+05:30,893.0,895.6,892.0,895.0,2685.0
2026-07-14 12:05:00+05:30,894.85,895.6,893.75,895.0,3147.0
2026-07-14 12:10:00+05:30,896.5,896.5,895.5,895.5,390.0
2026-07-14 12:15:00+05:30,895.5,895.5,894.85,895.25,11.0
2026-07-14 12:20:00+05:30,895.25,895.95,895.2,895.95,34.0
2026-07-14 12:25:00+05:30,894.95,896.0,894.4,894.9,512.0
2026-07-14 12:30:00+05:30,894.8,895.75,894.4,895.5,160.0
2026-07-14 12:35:00+05:30,895.5,895.5,894.55,894.55,74.0
2026-07-14 12:40:00+05:30,894.55,896.0,894.55,896.0,558.0
2026-07-14 12:45:00+05:30,896.15,897.0,896.15,897.0,353.0
2026-07-14 12:50:00+05:30,897.05,898.9,897.05,898.4,204.0
2026-07-14 12:55:00+05:30,897.55,897.6,896.05,897.6,248.0
2026-07-14 13:00:00+05:30,897.3,897.3,896.05,896.05,326.0
2026-07-14 13:05:00+05:30,896.05,899.0,896.05,899.0,1586.0
2026-07-14 13:10:00+05:30,899.55,899.55,897.65,897.65,461.0
2026-07-14 13:15:00+05:30,897.65,898.35,897.55,898.35,122.0
2026-07-14 13:20:00+05:30,897.95,899.35,897.05,897.55,896.0
2026-07-14 13:25:00+05:30,897.55,898.2,896.8,896.8,351.0
2026-07-14 13:30:00+05:30,896.8,898.2,896.8,898.2,257.0
2026-07-14 13:35:00+05:30,897.75,897.75,896.05,896.2,916.0
2026-07-14 13:40:00+05:30,896.3,896.3,896.3,896.3,36.0
2026-07-14 13:45:00+05:30,896.3,897.45,896.25,897.45,110.0
2026-07-14 13:50:00+05:30,896.5,898.2,896.5,898.2,1445.0
2026-07-14 13:55:00+05:30,898.4,900.0,897.1,897.3,2305.0
2026-07-14 14:00:00+05:30,898.25,898.25,897.6,897.6,103.0
2026-07-14 14:05:00+05:30,898.75,898.75,897.6,897.6,32.0
2026-07-14 14:10:00+05:30,897.6,897.6,897.6,897.6,0.0
2026-07-14 14:15:00+05:30,898.05,899.55,898.05,898.65,225.0
2026-07-14 14:20:00+05:30,898.0,899.5,896.0,896.85,2204.0
2026-07-14 14:25:00+05:30,896.85,897.8,896.85,897.8,2.0
2026-07-14 14:30:00+05:30,897.8,897.8,897.5,897.5,12.0
2026-07-14 14:35:00+05:30,897.0,898.3,896.6,898.3,1623.0
2026-07-14 14:40:00+05:30,897.55,898.5,897.15,897.75,391.0
2026-07-14 14:45:00+05:30,897.75,898.0,894.2,894.6,5202.0
2026-07-14 14:50:00+05:30,895.0,895.0,894.2,894.2,444.0
2026-07-14 14:55:00+05:30,894.9,895.0,894.35,894.5,2001.0
2026-07-14 15:00:00+05:30,894.4,896.1,894.4,895.2,769.0
2026-07-14 15:05:00+05:30,894.75,896.2,894.55,895.65,1500.0
2026-07-14 15:10:00+05:30,895.95,896.15,894.35,894.35,2206.0
2026-07-14 15:15:00+05:30,894.35,894.4,891.8,891.95,1771.0
2026-07-14 15:20:00+05:30,891.95,896.1,891.0,895.0,5252.0
2026-07-14 15:25:00+05:30,896.1,899.0,895.0,895.25,4231.0
2026-07-15 09:15:00+05:30,898.0,908.0,894.65,906.0,6134.0
2026-07-15 09:20:00+05:30,906.1,907.95,902.1,905.35,1369.0
2026-07-15 09:25:00+05:30,904.5,907.95,903.35,906.15,2006.0
2026-07-15 09:30:00+05:30,907.05,916.95,907.05,910.0,9739.0
2026-07-15 09:35:00+05:30,909.0,909.95,905.4,906.9,1487.0
2026-07-15 09:40:00+05:30,905.95,907.85,905.0,906.0,1652.0
2026-07-15 09:45:00+05:30,905.05,905.55,901.1,903.25,2524.0
2026-07-15 09:50:00+05:30,903.0,903.0,898.0,898.2,4897.0
2026-07-15 09:55:00+05:30,898.2,900.0,896.0,900.0,5169.0
2026-07-15 10:00:00+05:30,899.85,899.95,893.0,897.05,8726.0
2026-07-15 10:05:00+05:30,897.05,897.4,895.6,896.15,910.0
2026-07-15 10:10:00+05:30,896.1,896.25,895.0,896.0,945.0
2026-07-15 10:15:00+05:30,896.0,896.75,894.0,894.0,1370.0
2026-07-15 10:20:00+05:30,893.55,893.85,891.9,893.85,2055.0
2026-07-15 10:25:00+05:30,893.85,893.85,888.0,888.05,3555.0
2026-07-15 10:30:00+05:30,888.2,891.15,888.2,891.15,716.0
2026-07-15 10:35:00+05:30,890.0,890.45,888.0,888.55,1199.0
2026-07-15 10:40:00+05:30,888.55,888.55,885.3,886.5,913.0
2026-07-15 10:45:00+05:30,886.45,887.6,883.15,883.15,1888.0
2026-07-15 10:50:00+05:30,884.65,884.65,882.9,883.0,2813.0
2026-07-15 10:55:00+05:30,883.0,883.9,882.0,883.1,1484.0
2026-07-15 11:00:00+05:30,882.35,883.2,881.0,882.35,2735.0
2026-07-15 11:05:00+05:30,881.3,882.7,880.8,882.7,1374.0
2026-07-15 11:10:00+05:30,882.05,882.05,879.7,880.6,3643.0
2026-07-15 11:15:00+05:30,880.6,880.95,879.9,880.95,341.0
2026-07-15 11:20:00+05:30,880.9,880.95,878.55,878.75,708.0
2026-07-15 11:25:00+05:30,878.8,881.4,878.55,878.6,968.0
2026-07-15 11:30:00+05:30,878.65,879.6,876.95,877.7,1439.0
2026-07-15 11:35:00+05:30,878.55,878.55,874.0,874.0,4961.0
2026-07-15 11:40:00+05:30,874.0,874.1,871.0,871.6,1737.0
2026-07-15 11:45:00+05:30,872.45,874.0,872.45,873.05,1045.0
2026-07-15 11:50:00+05:30,873.05,875.2,873.05,874.4,1249.0
2026-07-15 11:55:00+05:30,874.25,875.2,874.1,874.7,319.0
2026-07-15 12:00:00+05:30,874.75,875.0,873.9,874.0,516.0
2026-07-15 12:05:00+05:30,873.85,874.0,871.35,871.35,2736.0
2026-07-15 12:10:00+05:30,871.5,871.5,870.6,870.6,857.0
2026-07-15 12:15:00+05:30,870.35,871.45,868.05,871.45,2417.0
2026-07-15 12:20:00+05:30,871.45,872.95,870.85,870.85,1171.0
2026-07-15 12:25:00+05:30,869.25,876.0,868.0,875.7,4140.0
2026-07-15 12:30:00+05:30,875.5,878.75,874.4,875.75,4072.0
2026-07-15 12:35:00+05:30,875.7,875.7,873.95,874.65,1559.0
2026-07-15 12:40:00+05:30,874.55,874.55,872.1,872.85,147.0
2026-07-15 12:45:00+05:30,872.85,873.0,872.35,873.0,163.0
2026-07-15 12:50:00+05:30,873.0,873.5,871.8,872.5,207.0
2026-07-15 12:55:00+05:30,872.0,873.1,865.6,871.1,2843.0
2026-07-15 13:00:00+05:30,869.6,871.2,868.35,868.4,458.0
2026-07-15 13:05:00+05:30,868.1,869.45,868.0,868.95,1151.0
2026-07-15 13:10:00+05:30,868.95,869.05,868.0,868.2,390.0
2026-07-15 13:15:00+05:30,868.2,870.5,868.2,870.5,623.0
2026-07-15 13:20:00+05:30,870.5,872.0,870.0,870.0,259.0
2026-07-15 13:25:00+05:30,870.9,870.9,869.35,869.45,418.0
2026-07-15 13:30:00+05:30,869.4,869.45,869.0,869.05,158.0
2026-07-15 13:35:00+05:30,869.05,869.05,868.9,869.0,332.0
2026-07-15 13:40:00+05:30,869.55,869.55,867.0,867.0,512.0
2026-07-15 13:45:00+05:30,867.05,867.75,866.0,867.7,1815.0
2026-07-15 13:50:00+05:30,867.75,867.8,867.75,867.75,135.0
2026-07-15 13:55:00+05:30,867.75,869.5,867.75,869.2,315.0
2026-07-15 14:00:00+05:30,869.2,869.55,867.05,868.3,1157.0
2026-07-15 14:05:00+05:30,868.3,868.3,867.2,867.95,559.0
2026-07-15 14:10:00+05:30,867.95,867.95,866.0,867.85,2565.0
2026-07-15 14:15:00+05:30,867.45,867.9,866.0,867.65,1198.0
2026-07-15 14:20:00+05:30,867.7,870.95,867.7,870.05,2270.0
2026-07-15 14:25:00+05:30,870.75,871.75,870.0,870.4,1296.0
2026-07-15 14:30:00+05:30,870.5,871.6,869.6,871.2,1316.0
2026-07-15 14:35:00+05:30,871.25,871.25,870.4,871.1,272.0
2026-07-15 14:40:00+05:30,871.1,871.1,870.1,870.8,394.0
2026-07-15 14:45:00+05:30,870.8,870.8,868.6,868.9,1908.0
2026-07-15 14:50:00+05:30,870.15,870.15,868.4,868.65,516.0
2026-07-15 14:55:00+05:30,869.35,869.9,868.15,869.85,945.0
2026-07-15 15:00:00+05:30,869.9,869.95,868.35,869.3,981.0
2026-07-15 15:05:00+05:30,869.9,869.9,867.75,867.75,2770.0
2026-07-15 15:10:00+05:30,867.75,867.75,862.0,862.8,3867.0
2026-07-15 15:15:00+05:30,862.8,864.4,862.3,863.0,3581.0
2026-07-15 15:20:00+05:30,863.5,864.95,858.05,862.0,15840.0
2026-07-15 15:25:00+05:30,862.75,864.9,858.0,864.9,7305.0
2026-07-16 09:15:00+05:30,869.95,870.4,862.35,866.2,8312.0
2026-07-16 09:20:00+05:30,864.85,865.4,861.0,861.0,5248.0
2026-07-16 09:25:00+05:30,861.0,863.65,857.45,857.45,2792.0
2026-07-16 09:30:00+05:30,856.55,863.0,856.55,861.05,3021.0
2026-07-16 09:35:00+05:30,861.0,861.1,858.2,858.2,457.0
2026-07-16 09:40:00+05:30,858.2,860.0,858.2,859.95,648.0
2026-07-16 09:45:00+05:30,859.4,861.0,854.05,855.0,2516.0
2026-07-16 09:50:00+05:30,854.0,856.85,852.95,855.6,1366.0
2026-07-16 09:55:00+05:30,855.55,858.0,855.1,855.5,1134.0
2026-07-16 10:00:00+05:30,855.55,856.5,850.1,852.85,2468.0
2026-07-16 10:05:00+05:30,852.85,854.5,852.0,854.5,1608.0
2026-07-16 10:10:00+05:30,854.8,855.55,854.0,854.0,473.0
2026-07-16 10:15:00+05:30,854.0,854.0,850.1,852.65,1561.0
2026-07-16 10:20:00+05:30,854.95,856.0,853.6,855.9,1008.0
2026-07-16 10:25:00+05:30,855.95,855.95,853.7,853.7,481.0
2026-07-16 10:30:00+05:30,853.7,855.2,852.8,855.2,788.0
2026-07-16 10:35:00+05:30,855.2,855.2,852.3,852.3,343.0
2026-07-16 10:40:00+05:30,852.45,856.0,852.3,853.9,1015.0
2026-07-16 10:45:00+05:30,853.4,858.85,853.3,858.85,1058.0
2026-07-16 10:50:00+05:30,858.0,858.0,854.1,855.35,869.0
2026-07-16 10:55:00+05:30,855.35,855.8,854.25,855.15,785.0
2026-07-16 11:00:00+05:30,855.8,855.8,855.8,855.8,7.0
2026-07-16 11:05:00+05:30,854.55,856.5,854.55,856.5,259.0
2026-07-16 11:10:00+05:30,853.45,854.55,853.45,854.55,889.0
2026-07-16 11:15:00+05:30,854.55,854.55,853.95,854.1,127.0
2026-07-16 11:20:00+05:30,854.1,854.95,853.35,853.35,212.0
2026-07-16 11:25:00+05:30,853.35,854.8,853.35,854.8,121.0
2026-07-16 11:30:00+05:30,855.25,856.35,854.0,856.35,670.0
2026-07-16 11:35:00+05:30,856.35,856.35,854.85,854.85,1.0
2026-07-16 11:40:00+05:30,856.2,856.2,855.0,855.0,79.0
2026-07-16 11:45:00+05:30,856.0,856.0,854.55,855.0,75.0
2026-07-16 11:50:00+05:30,855.0,855.5,854.05,855.5,265.0
2026-07-16 11:55:00+05:30,854.7,854.75,854.6,854.6,38.0
2026-07-16 12:00:00+05:30,854.6,854.75,853.35,853.7,404.0
2026-07-16 12:05:00+05:30,853.3,855.35,853.3,854.4,111.0
2026-07-16 12:10:00+05:30,854.4,864.15,854.4,863.45,2272.0
2026-07-16 12:15:00+05:30,864.15,867.0,862.6,864.5,2910.0
2026-07-16 12:20:00+05:30,864.45,866.4,862.7,866.0,1008.0
2026-07-16 12:25:00+05:30,866.0,867.0,864.1,864.1,811.0
2026-07-16 12:30:00+05:30,864.0,864.0,861.0,861.3,1525.0
2026-07-16 12:35:00+05:30,861.3,861.95,860.1,860.15,288.0
2026-07-16 12:40:00+05:30,860.15,862.4,860.15,862.4,160.0
2026-07-16 12:45:00+05:30,862.05,862.05,860.9,860.9,1250.0
2026-07-16 12:50:00+05:30,862.4,866.45,862.4,866.0,494.0
2026-07-16 12:55:00+05:30,866.0,866.0,862.9,865.55,1545.0
2026-07-16 13:00:00+05:30,865.55,865.55,860.3,862.15,456.0
2026-07-16 13:05:00+05:30,862.65,867.9,861.15,867.05,2829.0
2026-07-16 13:10:00+05:30,867.05,867.05,865.1,865.1,524.0
2026-07-16 13:15:00+05:30,865.75,867.05,864.8,864.8,212.0
2026-07-16 13:20:00+05:30,865.8,865.8,864.15,864.15,62.0
2026-07-16 13:25:00+05:30,864.15,865.15,864.0,864.95,38.0
2026-07-16 13:30:00+05:30,863.8,865.8,862.0,864.6,453.0
2026-07-16 13:35:00+05:30,863.45,863.75,863.2,863.2,822.0
2026-07-16 13:40:00+05:30,863.1,863.95,862.8,863.95,3297.0
2026-07-16 13:45:00+05:30,864.05,875.0,864.05,871.55,7083.0
2026-07-16 13:50:00+05:30,872.5,875.5,871.05,873.0,2518.0
2026-07-16 13:55:00+05:30,877.7,882.65,875.55,879.5,14387.0
2026-07-16 14:00:00+05:30,879.5,884.5,879.5,884.0,14737.0
2026-07-16 14:05:00+05:30,882.8,885.15,881.5,881.5,10329.0
2026-07-16 14:10:00+05:30,882.3,883.45,875.6,877.35,13663.0
2026-07-16 14:15:00+05:30,877.0,877.0,870.2,871.15,11534.0
2026-07-16 14:20:00+05:30,871.45,872.4,867.2,868.05,5936.0
2026-07-16 14:25:00+05:30,868.8,869.1,864.0,869.1,4821.0
2026-07-16 14:30:00+05:30,869.6,869.6,866.25,867.95,1512.0
2026-07-16 14:35:00+05:30,867.25,867.25,862.1,864.7,1480.0
2026-07-16 14:40:00+05:30,864.4,865.25,863.5,865.25,289.0
2026-07-16 14:45:00+05:30,865.15,865.5,865.0,865.25,122.0
2026-07-16 14:50:00+05:30,864.75,866.05,864.75,866.05,306.0
2026-07-16 14:55:00+05:30,868.45,869.5,867.65,867.65,1234.0
2026-07-16 15:00:00+05:30,869.45,870.0,862.5,865.3,4585.0
2026-07-16 15:05:00+05:30,865.3,867.2,862.4,867.2,9130.0
2026-07-16 15:10:00+05:30,866.95,866.95,861.2,864.35,2630.0
2026-07-16 15:15:00+05:30,863.2,865.15,862.6,864.2,2064.0
2026-07-16 15:20:00+05:30,866.15,866.15,862.85,864.15,4780.0
2026-07-16 15:25:00+05:30,864.2,879.0,860.1,874.0,8643.0
2026-07-17 09:15:00+05:30,872.1,881.95,852.15,854.05,34430.0
2026-07-17 09:20:00+05:30,854.0,860.0,850.0,854.5,15246.0
2026-07-17 09:25:00+05:30,854.35,860.0,852.8,856.65,2933.0
2026-07-17 09:30:00+05:30,856.75,861.95,856.75,858.9,2958.0
2026-07-17 09:35:00+05:30,859.3,859.4,853.0,856.85,4082.0
2026-07-17 09:40:00+05:30,855.8,857.85,852.0,852.0,3621.0
2026-07-17 09:45:00+05:30,853.0,853.55,850.0,850.0,5505.0
2026-07-17 09:50:00+05:30,849.35,849.35,846.0,847.75,5606.0
2026-07-17 09:55:00+05:30,847.05,847.05,845.0,845.0,4917.0
2026-07-17 10:00:00+05:30,844.0,847.95,843.0,846.4,6379.0
2026-07-17 10:05:00+05:30,845.65,846.0,844.7,845.3,510.0
2026-07-17 10:10:00+05:30,845.5,848.0,845.3,848.0,554.0
2026-07-17 10:15:00+05:30,847.0,851.2,847.0,850.95,836.0
2026-07-17 10:20:00+05:30,851.0,851.0,848.0,850.0,1660.0
2026-07-17 10:25:00+05:30,850.0,850.1,848.8,848.8,220.0
2026-07-17 10:30:00+05:30,849.3,850.05,847.85,848.0,631.0
2026-07-17 10:35:00+05:30,849.0,849.0,847.5,848.2,304.0
2026-07-17 10:40:00+05:30,849.45,849.45,848.0,848.0,1083.0
2026-07-17 10:45:00+05:30,848.0,849.05,848.0,848.0,1893.0
2026-07-17 10:50:00+05:30,848.0,848.0,847.05,847.05,129.0
2026-07-17 10:55:00+05:30,848.0,848.0,845.45,846.5,810.0
2026-07-17 11:00:00+05:30,845.1,846.6,845.1,846.6,1769.0
2026-07-17 11:05:00+05:30,846.0,848.95,846.0,847.65,931.0
2026-07-17 11:10:00+05:30,847.7,848.15,845.0,845.0,1035.0
2026-07-17 11:15:00+05:30,844.2,846.4,844.0,845.5,934.0
2026-07-17 11:20:00+05:30,844.65,844.75,843.5,843.5,496.0
2026-07-17 11:25:00+05:30,843.5,844.0,842.3,843.65,1048.0
2026-07-17 11:30:00+05:30,842.9,842.9,841.5,841.95,439.0
2026-07-17 11:35:00+05:30,841.5,843.0,841.2,843.0,1130.0
2026-07-17 11:40:00+05:30,842.75,844.15,842.5,843.1,956.0
2026-07-17 11:45:00+05:30,842.4,843.2,842.25,842.25,461.0
2026-07-17 11:50:00+05:30,842.25,843.1,842.2,843.1,382.0
2026-07-17 11:55:00+05:30,843.1,843.2,842.2,843.15,245.0
2026-07-17 12:00:00+05:30,842.2,842.75,841.75,842.65,439.0
2026-07-17 12:05:00+05:30,842.6,842.95,841.2,841.3,737.0
2026-07-17 12:10:00+05:30,841.45,842.55,841.45,842.55,86.0
2026-07-17 12:15:00+05:30,843.0,843.15,843.0,843.15,166.0
2026-07-17 12:20:00+05:30,843.15,844.75,843.15,844.55,344.0
2026-07-17 12:25:00+05:30,843.75,844.75,843.75,844.6,167.0
2026-07-17 12:30:00+05:30,844.6,846.25,844.55,845.0,661.0
2026-07-17 12:35:00+05:30,845.9,845.9,843.25,844.85,1616.0
2026-07-17 12:40:00+05:30,843.85,843.9,843.85,843.9,56.0
2026-07-17 12:45:00+05:30,843.9,844.95,843.9,844.6,219.0
2026-07-17 12:50:00+05:30,844.75,845.65,844.0,845.65,213.0
2026-07-17 12:55:00+05:30,845.25,845.25,842.3,844.1,2012.0
2026-07-17 13:00:00+05:30,844.5,844.5,844.45,844.45,26.0
2026-07-17 13:05:00+05:30,843.25,847.0,843.25,847.0,1783.0
2026-07-17 13:10:00+05:30,847.0,847.0,845.45,846.05,823.0
2026-07-17 13:15:00+05:30,846.05,847.0,845.95,847.0,39.0
2026-07-17 13:20:00+05:30,847.0,847.0,845.95,846.9,125.0
2026-07-17 13:25:00+05:30,846.0,846.4,845.25,845.3,147.0
2026-07-17 13:30:00+05:30,845.4,845.4,845.4,845.4,5.0
2026-07-17 13:35:00+05:30,846.5,848.45,846.5,847.75,1020.0
2026-07-17 13:40:00+05:30,847.75,847.75,845.0,845.0,1550.0
2026-07-17 13:45:00+05:30,845.0,845.1,845.0,845.0,326.0
2026-07-17 13:50:00+05:30,845.0,854.0,845.0,853.05,4594.0
2026-07-17 13:55:00+05:30,854.0,865.45,854.0,864.15,10235.0
2026-07-17 14:00:00+05:30,864.15,864.35,860.85,862.2,3516.0
2026-07-17 14:05:00+05:30,862.45,865.85,860.05,864.3,6773.0
2026-07-17 14:10:00+05:30,866.25,874.4,866.05,870.1,16666.0
2026-07-17 14:15:00+05:30,870.3,881.45,870.25,875.0,16172.0
2026-07-17 14:20:00+05:30,875.45,875.95,872.1,872.9,5246.0
2026-07-17 14:25:00+05:30,872.45,879.6,872.45,874.4,4426.0
2026-07-17 14:30:00+05:30,875.55,876.0,874.2,875.3,1470.0
2026-07-17 14:35:00+05:30,875.25,878.95,875.25,877.2,3675.0
2026-07-17 14:40:00+05:30,875.7,875.7,875.1,875.25,892.0
2026-07-17 14:45:00+05:30,875.0,875.0,872.0,873.7,1865.0
2026-07-17 14:50:00+05:30,873.05,876.6,873.05,874.3,2127.0
2026-07-17 14:55:00+05:30,874.15,875.85,873.35,874.0,1906.0
2026-07-17 15:00:00+05:30,873.15,873.7,869.8,869.95,4458.0
2026-07-17 15:05:00+05:30,869.95,870.8,869.0,870.1,3446.0
2026-07-17 15:10:00+05:30,870.1,870.1,867.85,867.85,1819.0
2026-07-17 15:15:00+05:30,867.6,869.25,866.0,866.2,7700.0
2026-07-17 15:20:00+05:30,867.3,867.3,865.3,866.05,2918.0
2026-07-17 15:25:00+05:30,866.85,867.4,863.0,863.1,14231.0
2026-07-20 09:15:00+05:30,860.0,873.95,858.7,865.65,4278.0
2026-07-20 09:20:00+05:30,865.65,869.0,862.0,863.2,4790.0
2026-07-20 09:25:00+05:30,863.4,865.35,857.05,859.7,3630.0
2026-07-20 09:30:00+05:30,858.85,862.75,858.15,862.75,1878.0
2026-07-20 09:35:00+05:30,863.45,864.35,861.2,862.35,511.0
2026-07-20 09:40:00+05:30,862.65,865.25,862.0,865.2,304.0
2026-07-20 09:45:00+05:30,864.1,866.75,864.0,864.85,271.0
2026-07-20 09:50:00+05:30,864.85,869.15,864.85,865.8,3443.0
2026-07-20 09:55:00+05:30,866.95,866.95,861.0,861.0,1811.0
2026-07-20 10:00:00+05:30,861.75,863.15,861.0,861.8,464.0
2026-07-20 10:05:00+05:30,861.8,864.1,861.5,862.1,1399.0
2026-07-20 10:10:00+05:30,862.15,886.0,862.15,884.25,17401.0
2026-07-20 10:15:00+05:30,884.15,887.45,880.1,883.2,6815.0
2026-07-20 10:20:00+05:30,882.8,911.0,882.1,908.8,47208.0
2026-07-20 10:25:00+05:30,908.0,915.8,897.3,900.75,58764.0
2026-07-20 10:30:00+05:30,900.35,900.6,892.75,894.0,14500.0
2026-07-20 10:35:00+05:30,893.0,893.2,890.05,892.0,4716.0
2026-07-20 10:40:00+05:30,891.6,891.6,887.65,888.35,5328.0
2026-07-20 10:45:00+05:30,888.75,890.0,886.8,887.05,2235.0
2026-07-20 10:50:00+05:30,886.5,886.75,885.0,886.0,2711.0
2026-07-20 10:55:00+05:30,885.9,886.0,883.0,883.15,2455.0
2026-07-20 11:00:00+05:30,883.2,884.2,882.3,882.5,1384.0
2026-07-20 11:05:00+05:30,882.5,883.25,881.0,881.45,2232.0
2026-07-20 11:10:00+05:30,881.4,881.4,880.1,881.0,1462.0
2026-07-20 11:15:00+05:30,880.25,883.0,880.25,883.0,1739.0
2026-07-20 11:20:00+05:30,883.0,883.8,882.35,882.35,1556.0
2026-07-20 11:25:00+05:30,882.3,882.3,880.1,881.45,1441.0
2026-07-20 11:30:00+05:30,881.65,881.7,880.35,880.65,267.0
2026-07-20 11:35:00+05:30,880.4,880.65,880.1,880.55,840.0
2026-07-20 11:40:00+05:30,880.55,880.55,879.0,880.0,2838.0
2026-07-20 11:45:00+05:30,880.5,880.5,878.35,878.9,704.0
2026-07-20 11:50:00+05:30,879.0,880.5,878.95,880.05,1416.0
2026-07-20 11:55:00+05:30,880.0,881.55,880.0,880.7,305.0
2026-07-20 12:00:00+05:30,880.8,881.55,880.0,880.0,521.0
2026-07-20 12:05:00+05:30,880.0,880.0,877.0,877.5,2011.0
2026-07-20 12:10:00+05:30,878.7,879.65,878.05,879.65,116.0
2026-07-20 12:15:00+05:30,878.4,879.75,877.0,877.5,1126.0
2026-07-20 12:20:00+05:30,877.0,879.45,876.6,879.05,975.0
2026-07-20 12:25:00+05:30,879.05,879.05,878.05,878.85,16.0
2026-07-20 12:30:00+05:30,878.85,879.0,878.0,878.0,411.0
2026-07-20 12:35:00+05:30,877.55,878.2,877.25,878.2,20175.0
2026-07-20 12:40:00+05:30,878.4,878.45,876.95,878.15,288.0
2026-07-20 12:45:00+05:30,878.15,878.15,878.15,878.15,18.0
2026-07-20 12:50:00+05:30,877.45,878.8,877.45,877.6,143.0
2026-07-20 12:55:00+05:30,877.6,879.15,877.6,879.15,412.0
2026-07-20 13:00:00+05:30,879.75,880.95,879.5,879.5,731.0
2026-07-20 13:05:00+05:30,880.2,880.2,877.95,877.95,194.0
2026-07-20 13:10:00+05:30,877.9,878.5,877.0,878.5,867.0
2026-07-20 13:15:00+05:30,879.45,880.95,878.8,880.95,538.0
2026-07-20 13:20:00+05:30,881.1,884.0,881.1,884.0,1747.0
2026-07-20 13:25:00+05:30,883.85,884.5,883.0,884.5,730.0
2026-07-20 13:30:00+05:30,884.5,886.55,884.5,886.0,1057.0
2026-07-20 13:35:00+05:30,886.0,891.9,886.0,890.3,3857.0
2026-07-20 13:40:00+05:30,890.05,894.7,890.05,894.0,2987.0
2026-07-20 13:45:00+05:30,892.85,895.15,892.0,894.25,3209.0
2026-07-20 13:50:00+05:30,893.1,893.6,890.6,891.45,2821.0
2026-07-20 13:55:00+05:30,891.45,893.0,891.45,892.75,225.0
2026-07-20 14:00:00+05:30,892.95,893.75,891.4,893.0,2101.0
2026-07-20 14:05:00+05:30,896.0,900.0,895.6,898.55,9332.0
2026-07-20 14:10:00+05:30,897.15,897.15,894.75,896.1,1122.0
2026-07-20 14:15:00+05:30,897.0,897.0,892.25,892.65,2711.0
2026-07-20 14:20:00+05:30,891.2,894.05,891.2,892.05,3198.0
2026-07-20 14:25:00+05:30,892.05,892.05,890.25,892.0,788.0
2026-07-20 14:30:00+05:30,891.1,892.3,890.0,890.95,642.0
2026-07-20 14:35:00+05:30,890.95,890.95,888.65,890.0,1204.0
2026-07-20 14:40:00+05:30,890.0,890.0,888.75,889.0,525.0
2026-07-20 14:45:00+05:30,889.05,890.0,889.05,890.0,470.0
2026-07-20 14:50:00+05:30,889.5,890.1,888.7,890.0,1500.0
2026-07-20 14:55:00+05:30,890.0,892.45,890.0,892.25,1206.0
2026-07-20 15:00:00+05:30,890.95,892.4,890.0,891.15,1128.0
2026-07-20 15:05:00+05:30,890.85,892.5,890.15,890.75,1097.0
2026-07-20 15:10:00+05:30,890.75,891.5,889.0,890.0,2218.0
2026-07-20 15:15:00+05:30,890.65,892.8,888.25,889.05,3814.0
2026-07-20 15:20:00+05:30,891.95,892.1,889.65,891.0,3986.0
2026-07-20 15:25:00+05:30,891.5,892.0,886.5,889.45,12792.0
2026-07-21 09:15:00+05:30,888.05,889.7,881.0,885.0,4717.0
2026-07-21 09:20:00+05:30,885.0,887.95,883.55,887.85,1312.0
2026-07-21 09:25:00+05:30,886.1,892.8,883.65,892.4,5876.0
2026-07-21 09:30:00+05:30,891.15,896.0,891.15,895.0,2964.0
2026-07-21 09:35:00+05:30,894.55,900.0,894.5,899.6,2882.0
2026-07-21 09:40:00+05:30,898.5,898.5,892.0,894.3,1830.0
2026-07-21 09:45:00+05:30,896.0,901.75,896.0,900.0,3153.0
2026-07-21 09:50:00+05:30,900.3,904.95,899.6,902.7,4796.0
2026-07-21 09:55:00+05:30,902.7,908.9,902.7,907.5,10094.0
2026-07-21 10:00:00+05:30,906.65,908.9,905.0,905.45,5263.0
2026-07-21 10:05:00+05:30,905.45,905.45,901.45,901.45,3189.0
2026-07-21 10:10:00+05:30,901.1,902.9,898.75,901.1,1261.0
2026-07-21 10:15:00+05:30,901.05,902.0,900.55,902.0,551.0
2026-07-21 10:20:00+05:30,902.0,907.0,900.15,903.75,9501.0
2026-07-21 10:25:00+05:30,902.3,915.0,902.3,907.0,16224.0
2026-07-21 10:30:00+05:30,906.0,913.45,906.0,908.75,7688.0
2026-07-21 10:35:00+05:30,908.75,910.95,906.25,907.1,1969.0
2026-07-21 10:40:00+05:30,906.2,911.0,906.2,910.85,3134.0
2026-07-21 10:45:00+05:30,910.15,910.65,908.05,908.05,737.0
2026-07-21 10:50:00+05:30,907.95,909.9,905.6,908.4,2933.0
2026-07-21 10:55:00+05:30,908.4,909.35,906.7,908.6,2617.0
2026-07-21 11:00:00+05:30,908.45,909.4,906.75,908.7,1950.0
2026-07-21 11:05:00+05:30,910.0,912.0,908.55,909.0,4001.0
2026-07-21 11:10:00+05:30,910.0,910.0,905.5,905.5,4847.0
2026-07-21 11:15:00+05:30,906.15,906.15,902.25,905.0,2506.0
2026-07-21 11:20:00+05:30,905.7,906.0,905.0,905.0,782.0
2026-07-21 11:25:00+05:30,903.8,905.45,903.8,905.1,525.0
2026-07-21 11:30:00+05:30,904.0,904.4,903.35,904.1,898.0
2026-07-21 11:35:00+05:30,904.1,907.45,904.1,907.15,473.0
2026-07-21 11:40:00+05:30,907.15,907.15,905.25,905.5,209.0
2026-07-21 11:45:00+05:30,905.0,907.65,905.0,907.65,351.0
2026-07-21 11:50:00+05:30,906.3,906.75,905.55,906.75,197.0
2026-07-21 11:55:00+05:30,906.75,907.6,906.05,907.6,218.0
2026-07-21 12:00:00+05:30,907.0,909.0,907.0,908.5,1029.0
2026-07-21 12:05:00+05:30,909.0,909.0,906.7,906.7,60.0
2026-07-21 12:10:00+05:30,906.7,906.75,906.1,906.1,192.0
2026-07-21 12:15:00+05:30,906.1,909.0,905.55,908.0,3368.0
2026-07-21 12:20:00+05:30,907.85,924.7,907.85,916.85,36352.0
2026-07-21 12:25:00+05:30,919.15,922.4,916.0,921.6,27739.0
2026-07-21 12:30:00+05:30,919.95,920.45,915.0,915.9,9663.0
2026-07-21 12:35:00+05:30,916.7,917.15,912.05,914.2,4191.0
2026-07-21 12:40:00+05:30,913.35,915.0,912.6,915.0,2620.0
2026-07-21 12:45:00+05:30,913.75,921.0,913.75,921.0,10245.0
2026-07-21 12:50:00+05:30,920.75,924.5,919.7,922.0,5735.0
2026-07-21 12:55:00+05:30,921.05,925.0,920.15,921.0,9483.0
2026-07-21 13:00:00+05:30,920.25,920.25,917.0,918.0,5564.0
2026-07-21 13:05:00+05:30,917.45,918.0,914.05,914.05,2103.0
2026-07-21 13:10:00+05:30,914.55,918.0,914.0,914.75,3016.0
2026-07-21 13:15:00+05:30,914.75,914.75,910.5,912.4,2629.0
2026-07-21 13:20:00+05:30,911.9,914.0,911.25,911.95,1864.0
2026-07-21 13:25:00+05:30,911.95,912.4,911.0,911.1,1128.0
2026-07-21 13:30:00+05:30,911.15,913.65,910.55,913.15,1489.0
2026-07-21 13:35:00+05:30,913.0,914.6,911.95,914.35,1899.0
2026-07-21 13:40:00+05:30,914.1,914.15,912.9,913.8,354.0
2026-07-21 13:45:00+05:30,913.3,915.7,913.2,915.0,1421.0
2026-07-21 13:50:00+05:30,915.0,915.5,912.6,914.65,1324.0
2026-07-21 13:55:00+05:30,914.65,915.0,912.55,912.6,1088.0
2026-07-21 14:00:00+05:30,913.7,914.4,912.0,914.4,2019.0
2026-07-21 14:05:00+05:30,914.95,915.9,913.85,915.1,1196.0
2026-07-21 14:10:00+05:30,914.1,914.3,910.3,910.3,3983.0
2026-07-21 14:15:00+05:30,910.35,911.0,908.2,910.9,3881.0
2026-07-21 14:20:00+05:30,909.55,910.75,909.55,910.05,287.0
2026-07-21 14:25:00+05:30,910.0,910.0,906.8,907.2,3555.0
2026-07-21 14:30:00+05:30,906.9,908.95,904.8,906.75,2932.0
2026-07-21 14:35:00+05:30,906.1,908.0,906.1,906.55,1513.0
2026-07-21 14:40:00+05:30,907.3,907.3,905.7,905.9,513.0
2026-07-21 14:45:00+05:30,906.6,908.0,906.45,908.0,484.0
2026-07-21 14:50:00+05:30,907.55,908.4,907.0,908.05,315.0
2026-07-21 14:55:00+05:30,908.1,910.0,906.55,906.95,2641.0
2026-07-21 15:00:00+05:30,908.0,914.7,906.95,910.25,5373.0
2026-07-21 15:05:00+05:30,910.55,923.0,910.2,923.0,16153.0
2026-07-21 15:10:00+05:30,923.85,933.0,922.5,929.05,36137.0
2026-07-21 15:15:00+05:30,929.95,934.0,929.05,933.3,30443.0
2026-07-21 15:20:00+05:30,933.3,934.0,931.0,933.25,15203.0
2026-07-21 15:25:00+05:30,933.4,935.05,928.0,935.0,27310.0
2026-07-22 09:15:00+05:30,935.0,942.45,925.9,929.45,35847.0
2026-07-22 09:20:00+05:30,930.5,949.8,927.0,947.5,37308.0
2026-07-22 09:25:00+05:30,947.9,954.0,930.65,934.6,34915.0
2026-07-22 09:30:00+05:30,934.45,939.95,930.0,934.05,18993.0
2026-07-22 09:35:00+05:30,933.7,934.8,930.1,931.85,5753.0
2026-07-22 09:40:00+05:30,931.95,938.2,930.8,935.05,6397.0
2026-07-22 09:45:00+05:30,936.15,936.95,932.15,933.0,5837.0
2026-07-22 09:50:00+05:30,934.2,935.45,932.5,933.0,1204.0
2026-07-22 09:55:00+05:30,933.05,934.0,930.0,934.0,7274.0
2026-07-22 10:00:00+05:30,932.45,936.65,930.4,934.4,7511.0
2026-07-22 10:05:00+05:30,934.35,936.9,932.0,932.3,8084.0
2026-07-22 10:10:00+05:30,932.3,932.8,931.0,932.8,1142.0
2026-07-22 10:15:00+05:30,933.45,933.45,918.75,926.6,8999.0
2026-07-22 10:20:00+05:30,925.65,927.0,923.2,923.2,2952.0
2026-07-22 10:25:00+05:30,923.9,924.3,918.85,920.15,1472.0
2026-07-22 10:30:00+05:30,920.25,920.65,918.0,919.0,2557.0
2026-07-22 10:35:00+05:30,919.95,920.6,918.0,919.95,844.0
2026-07-22 10:40:00+05:30,919.05,919.45,917.0,918.0,2669.0
2026-07-22 10:45:00+05:30,918.0,919.95,918.0,919.3,2293.0
2026-07-22 10:50:00+05:30,919.3,927.85,918.1,925.95,4730.0
2026-07-22 10:55:00+05:30,925.8,925.8,921.6,921.6,535.0
2026-07-22 11:00:00+05:30,921.65,923.75,920.3,923.0,1505.0
2026-07-22 11:05:00+05:30,923.0,927.1,923.0,926.5,1854.0
2026-07-22 11:10:00+05:30,926.0,927.5,926.0,927.0,1365.0
2026-07-22 11:15:00+05:30,927.0,928.0,926.55,926.55,467.0
2026-07-22 11:20:00+05:30,926.55,927.75,924.95,924.95,149.0
2026-07-22 11:25:00+05:30,924.95,929.4,924.95,926.25,1183.0
2026-07-22 11:30:00+05:30,925.1,932.5,925.05,932.5,4165.0
2026-07-22 11:35:00+05:30,932.5,935.5,930.15,933.0,4285.0
2026-07-22 11:40:00+05:30,933.1,933.4,931.15,933.4,1004.0
2026-07-22 11:45:00+05:30,932.85,935.85,932.25,934.5,2542.0
2026-07-22 11:50:00+05:30,934.5,935.0,933.05,933.05,616.0
2026-07-22 11:55:00+05:30,935.0,939.0,935.0,936.5,3129.0
2026-07-22 12:00:00+05:30,937.95,937.95,934.65,936.45,2057.0
2026-07-22 12:05:00+05:30,937.8,939.9,936.0,937.0,3979.0
2026-07-22 12:10:00+05:30,937.0,941.0,936.9,941.0,2740.0
2026-07-22 12:15:00+05:30,940.5,941.35,936.65,937.65,4088.0
2026-07-22 12:20:00+05:30,936.5,936.75,935.05,935.3,1900.0
2026-07-22 12:25:00+05:30,935.4,938.9,935.4,937.2,1104.0
2026-07-22 12:30:00+05:30,937.2,938.0,935.1,935.1,1146.0
2026-07-22 12:35:00+05:30,935.6,937.5,933.0,934.4,1948.0
2026-07-22 12:40:00+05:30,933.5,936.2,933.5,936.2,896.0
2026-07-22 12:45:00+05:30,933.8,937.3,933.8,936.5,1941.0
2026-07-22 12:50:00+05:30,937.0,937.35,935.05,935.05,805.0
2026-07-22 12:55:00+05:30,935.8,936.75,935.8,936.0,163.0
2026-07-22 13:00:00+05:30,936.0,936.55,934.2,934.2,1226.0
2026-07-22 13:05:00+05:30,934.2,934.2,933.25,933.25,1061.0
2026-07-22 13:10:00+05:30,933.25,933.25,932.1,932.9,867.0
2026-07-22 13:15:00+05:30,933.25,935.0,933.25,935.0,192.0
2026-07-22 13:20:00+05:30,935.0,935.0,934.25,934.4,484.0
2026-07-22 13:25:00+05:30,934.4,934.4,931.8,931.8,1121.0
2026-07-22 13:30:00+05:30,931.8,932.3,931.8,932.3,526.0
2026-07-22 13:35:00+05:30,932.5,936.45,932.5,933.15,1074.0
2026-07-22 13:40:00+05:30,933.15,933.75,933.15,933.15,135.0
2026-07-22 13:45:00+05:30,933.15,933.15,931.9,931.9,239.0
2026-07-22 13:50:00+05:30,931.9,933.3,931.9,933.3,571.0
2026-07-22 13:55:00+05:30,933.3,933.3,931.65,931.65,160.0
2026-07-22 14:00:00+05:30,931.4,932.05,930.85,932.05,132.0
2026-07-22 14:05:00+05:30,931.7,936.45,931.7,934.1,1581.0
2026-07-22 14:10:00+05:30,934.1,935.35,933.55,935.0,1594.0
2026-07-22 14:15:00+05:30,935.0,935.0,932.55,932.9,442.0
2026-07-22 14:20:00+05:30,932.4,932.4,931.2,932.3,622.0
2026-07-22 14:25:00+05:30,932.3,932.3,931.05,931.05,178.0
2026-07-22 14:30:00+05:30,931.1,931.95,930.5,930.5,391.0
2026-07-22 14:35:00+05:30,931.45,932.4,930.55,931.9,1246.0
2026-07-22 14:40:00+05:30,931.55,932.6,930.0,930.0,2283.0
2026-07-22 14:45:00+05:30,930.7,931.55,930.0,930.0,1246.0
2026-07-22 14:50:00+05:30,929.1,932.0,929.0,932.0,969.0
2026-07-22 14:55:00+05:30,931.3,933.8,931.3,931.3,1497.0
2026-07-22 15:00:00+05:30,930.7,933.2,930.35,932.0,1139.0
2026-07-22 15:05:00+05:30,932.7,944.3,932.7,939.25,13074.0
2026-07-22 15:10:00+05:30,941.9,941.9,937.4,938.6,5006.0
2026-07-22 15:15:00+05:30,938.95,939.2,930.6,931.15,7183.0
2026-07-22 15:20:00+05:30,932.9,933.0,928.05,930.3,4430.0
2026-07-22 15:25:00+05:30,930.4,932.9,929.0,931.2,8644.0
2026-07-23 09:15:00+05:30,935.85,935.85,921.1,927.0,6533.0
2026-07-23 09:20:00+05:30,927.05,927.9,922.9,923.5,5058.0
2026-07-23 09:25:00+05:30,925.25,926.3,921.2,922.5,3164.0
2026-07-23 09:30:00+05:30,922.55,938.0,922.5,932.8,12053.0
2026-07-23 09:35:00+05:30,932.65,935.95,927.8,934.45,10517.0
2026-07-23 09:40:00+05:30,934.15,934.15,931.6,931.6,1446.0
2026-07-23 09:45:00+05:30,931.25,938.15,931.25,937.1,3830.0
2026-07-23 09:50:00+05:30,938.7,942.6,938.0,938.0,4665.0
2026-07-23 09:55:00+05:30,938.0,944.0,937.95,940.95,2563.0
2026-07-23 10:00:00+05:30,940.15,944.0,940.15,943.0,3168.0
2026-07-23 10:05:00+05:30,944.2,945.0,939.6,944.8,6211.0
2026-07-23 10:10:00+05:30,943.95,945.0,941.0,941.7,1452.0
2026-07-23 10:15:00+05:30,941.05,948.0,941.0,945.45,6494.0
2026-07-23 10:20:00+05:30,943.7,945.9,939.55,940.25,3138.0
2026-07-23 10:25:00+05:30,940.25,943.2,937.0,940.05,3363.0
2026-07-23 10:30:00+05:30,940.05,944.0,940.05,942.45,3571.0
2026-07-23 10:35:00+05:30,942.45,942.45,939.45,939.45,954.0
2026-07-23 10:40:00+05:30,939.45,942.55,939.45,940.95,1154.0
2026-07-23 10:45:00+05:30,940.6,940.9,938.05,940.25,1508.0
2026-07-23 10:50:00+05:30,940.1,941.95,938.0,940.0,1985.0
2026-07-23 10:55:00+05:30,939.35,941.15,939.35,941.0,443.0
2026-07-23 11:00:00+05:30,941.0,942.45,941.0,942.35,2429.0
2026-07-23 11:05:00+05:30,942.35,942.35,940.15,941.9,1582.0
2026-07-23 11:10:00+05:30,941.9,945.0,941.9,942.65,2874.0
2026-07-23 11:15:00+05:30,942.65,942.65,941.6,941.95,762.0
2026-07-23 11:20:00+05:30,942.0,942.3,936.9,937.0,2763.0
2026-07-23 11:25:00+05:30,937.0,942.0,935.0,942.0,8875.0
2026-07-23 11:30:00+05:30,941.5,942.0,939.4,939.65,2068.0
2026-07-23 11:35:00+05:30,939.7,941.4,939.45,941.4,935.0
2026-07-23 11:40:00+05:30,940.2,942.0,939.0,939.75,2577.0
2026-07-23 11:45:00+05:30,939.9,939.9,938.65,939.65,377.0
2026-07-23 11:50:00+05:30,938.25,939.3,937.15,938.4,495.0
2026-07-23 11:55:00+05:30,938.4,940.15,935.25,937.55,3649.0
2026-07-23 12:00:00+05:30,938.7,939.85,938.0,938.0,232.0
2026-07-23 12:05:00+05:30,937.0,937.0,937.0,937.0,800.0
2026-07-23 12:10:00+05:30,940.0,945.0,940.0,942.35,6330.0
2026-07-23 12:15:00+05:30,942.0,942.0,940.25,940.25,75.0
2026-07-23 12:20:00+05:30,939.25,941.95,938.85,939.1,749.0
2026-07-23 12:25:00+05:30,940.0,940.0,940.0,940.0,450.0
2026-07-23 12:30:00+05:30,940.0,940.0,937.1,937.95,242.0
2026-07-23 12:35:00+05:30,937.95,938.0,937.0,938.0,914.0
2026-07-23 12:40:00+05:30,937.0,943.35,936.6,942.35,3840.0
2026-07-23 12:45:00+05:30,943.55,944.85,940.05,940.4,4828.0
2026-07-23 12:50:00+05:30,940.4,940.6,937.55,939.4,567.0
2026-07-23 12:55:00+05:30,940.0,940.95,939.7,940.9,904.0
2026-07-23 13:00:00+05:30,940.9,940.9,937.6,937.6,110.0
2026-07-23 13:05:00+05:30,938.95,944.45,938.95,941.55,4279.0
2026-07-23 13:10:00+05:30,941.05,942.4,940.5,942.0,498.0
2026-07-23 13:15:00+05:30,941.85,943.55,940.35,940.4,1012.0
2026-07-23 13:20:00+05:30,940.05,941.0,940.05,941.0,239.0
2026-07-23 13:25:00+05:30,940.25,942.85,940.0,942.85,383.0
2026-07-23 13:30:00+05:30,943.85,944.0,942.1,942.4,2481.0
2026-07-23 13:35:00+05:30,942.4,948.55,942.4,947.8,6303.0
2026-07-23 13:40:00+05:30,946.6,949.8,946.55,946.95,4772.0
2026-07-23 13:45:00+05:30,947.0,949.7,946.5,948.6,4526.0
2026-07-23 13:50:00+05:30,947.05,949.45,946.0,947.0,3658.0
2026-07-23 13:55:00+05:30,947.25,954.9,946.0,950.55,24783.0
2026-07-23 14:00:00+05:30,951.95,952.5,950.45,952.3,1518.0
2026-07-23 14:05:00+05:30,950.0,950.75,946.1,947.5,3540.0
2026-07-23 14:10:00+05:30,946.05,948.0,945.85,947.85,2885.0
2026-07-23 14:15:00+05:30,945.65,945.65,942.1,944.5,4558.0
2026-07-23 14:20:00+05:30,944.45,945.15,943.0,944.7,3142.0
2026-07-23 14:25:00+05:30,944.7,944.7,942.0,943.1,4075.0
2026-07-23 14:30:00+05:30,942.25,942.25,941.65,941.8,1069.0
2026-07-23 14:35:00+05:30,941.3,947.45,940.6,944.45,7658.0
2026-07-23 14:40:00+05:30,944.0,952.0,943.35,944.4,26160.0
2026-07-23 14:45:00+05:30,943.5,945.0,938.0,939.8,10202.0
2026-07-23 14:50:00+05:30,939.7,939.7,936.0,936.95,5291.0
2026-07-23 14:55:00+05:30,937.0,941.2,934.0,934.0,10663.0
2026-07-23 15:00:00+05:30,934.0,935.3,932.0,934.75,4861.0
2026-07-23 15:05:00+05:30,934.75,935.95,933.55,934.5,2230.0
2026-07-23 15:10:00+05:30,934.5,934.95,933.1,934.15,7358.0
2026-07-23 15:15:00+05:30,935.8,935.85,934.3,934.9,2446.0
2026-07-23 15:20:00+05:30,934.9,936.45,932.2,934.35,7822.0
2026-07-23 15:25:00+05:30,934.3,937.0,932.65,936.0,7257.0
2026-07-24 09:15:00+05:30,934.95,935.0,922.0,930.05,10030.0
2026-07-24 09:20:00+05:30,930.8,937.0,926.25,932.6,7368.0
2026-07-24 09:25:00+05:30,932.0,932.0,925.05,925.2,1843.0
2026-07-24 09:30:00+05:30,926.2,926.4,923.2,926.0,2634.0
2026-07-24 09:35:00+05:30,925.6,925.65,921.1,921.6,3592.0
2026-07-24 09:40:00+05:30,924.15,924.15,922.85,923.5,1523.0
2026-07-24 09:45:00+05:30,923.5,924.4,921.6,921.85,1642.0
2026-07-24 09:50:00+05:30,921.85,923.95,916.05,919.15,7716.0
2026-07-24 09:55:00+05:30,918.0,920.0,916.8,919.0,2877.0
2026-07-24 10:00:00+05:30,918.1,918.1,915.6,915.6,1093.0
2026-07-24 10:05:00+05:30,917.0,920.0,915.1,917.5,3052.0
2026-07-24 10:10:00+05:30,917.5,918.8,915.9,918.8,2097.0
2026-07-24 10:15:00+05:30,918.2,920.0,917.0,919.55,1935.0
2026-07-24 10:20:00+05:30,918.05,918.05,915.9,915.9,568.0
2026-07-24 10:25:00+05:30,917.0,917.95,916.35,917.0,663.0
2026-07-24 10:30:00+05:30,917.0,917.0,915.3,915.3,1114.0
2026-07-24 10:35:00+05:30,915.6,924.0,915.6,923.1,6722.0
2026-07-24 10:40:00+05:30,923.05,926.7,921.3,926.7,4283.0
2026-07-24 10:45:00+05:30,926.2,929.4,926.1,928.25,2543.0
2026-07-24 10:50:00+05:30,928.45,928.45,924.0,924.0,1204.0
2026-07-24 10:55:00+05:30,923.8,923.8,920.5,922.55,310.0
2026-07-24 11:00:00+05:30,922.2,922.8,920.55,922.35,637.0
2026-07-24 11:05:00+05:30,921.1,922.7,921.0,921.0,797.0
2026-07-24 11:10:00+05:30,921.0,923.8,921.0,922.9,1000.0
2026-07-24 11:15:00+05:30,921.3,924.35,920.05,924.35,287.0
2026-07-24 11:20:00+05:30,923.1,926.0,923.1,925.45,331.0
2026-07-24 11:25:00+05:30,925.45,926.55,923.35,923.35,781.0
2026-07-24 11:30:00+05:30,923.45,926.05,922.8,926.0,546.0
2026-07-24 11:35:00+05:30,926.0,926.0,926.0,926.0,50.0
2026-07-24 11:40:00+05:30,926.0,926.3,924.9,926.25,254.0
2026-07-24 11:45:00+05:30,926.3,929.0,925.25,928.0,811.0
2026-07-24 11:50:00+05:30,928.1,929.0,927.1,929.0,1869.0
2026-07-24 11:55:00+05:30,929.0,929.0,927.05,928.95,209.0
2026-07-24 12:00:00+05:30,928.95,928.95,926.15,926.2,624.0
2026-07-24 12:05:00+05:30,927.6,928.55,927.05,927.05,489.0
2026-07-24 12:10:00+05:30,926.4,928.0,926.4,927.05,611.0
2026-07-24 12:15:00+05:30,927.05,930.5,927.05,929.45,2338.0
2026-07-24 12:20:00+05:30,929.25,932.0,929.25,932.0,1070.0
2026-07-24 12:25:00+05:30,931.1,935.0,930.85,934.15,1860.0
2026-07-24 12:30:00+05:30,934.95,936.9,933.55,935.6,3876.0
2026-07-24 12:35:00+05:30,934.8,940.05,934.7,940.05,6591.0
2026-07-24 12:40:00+05:30,940.05,943.8,940.0,942.0,4707.0
2026-07-24 12:45:00+05:30,942.7,944.95,938.35,942.65,6518.0
2026-07-24 12:50:00+05:30,941.75,942.4,939.0,939.5,1844.0
2026-07-24 12:55:00+05:30,940.0,940.0,935.95,936.8,5549.0
2026-07-24 13:00:00+05:30,936.8,938.4,934.9,936.05,1406.0
2026-07-24 13:05:00+05:30,936.05,936.3,934.6,936.3,2527.0
2026-07-24 13:10:00+05:30,936.3,936.35,934.95,935.95,1528.0
2026-07-24 13:15:00+05:30,934.3,936.0,934.3,935.85,543.0
2026-07-24 13:20:00+05:30,935.85,935.85,934.45,935.15,633.0
2026-07-24 13:25:00+05:30,935.15,936.35,935.05,935.9,408.0
2026-07-24 13:30:00+05:30,935.9,935.9,930.25,931.3,2024.0
2026-07-24 13:35:00+05:30,931.0,931.8,929.25,930.3,1760.0
2026-07-24 13:40:00+05:30,930.05,931.35,928.75,929.85,1247.0
2026-07-24 13:45:00+05:30,930.65,931.25,930.05,930.05,814.0
2026-07-24 13:50:00+05:30,929.95,930.05,929.0,929.0,1222.0
2026-07-24 13:55:00+05:30,929.0,930.0,928.0,930.0,766.0
2026-07-24 14:00:00+05:30,930.0,932.0,930.0,931.95,304.0
2026-07-24 14:05:00+05:30,931.65,931.9,931.0,931.0,91.0
2026-07-24 14:10:00+05:30,931.0,933.45,929.9,933.45,3398.0
2026-07-24 14:15:00+05:30,932.15,932.8,930.85,931.0,436.0
2026-07-24 14:20:00+05:30,931.05,931.9,930.0,930.0,1243.0
2026-07-24 14:25:00+05:30,930.85,930.85,928.35,929.8,398.0
2026-07-24 14:30:00+05:30,928.55,929.6,927.55,928.45,1147.0
2026-07-24 14:35:00+05:30,928.45,928.45,925.1,928.25,2758.0
2026-07-24 14:40:00+05:30,927.1,928.75,927.1,928.0,715.0
2026-07-24 14:45:00+05:30,928.05,929.45,927.7,928.95,304.0
2026-07-24 14:50:00+05:30,928.35,930.45,928.3,930.15,698.0
2026-07-24 14:55:00+05:30,931.95,932.45,930.55,932.45,2067.0
2026-07-24 15:00:00+05:30,933.45,933.45,929.8,929.8,853.0
2026-07-24 15:05:00+05:30,930.0,931.55,928.85,931.1,2749.0
2026-07-24 15:10:00+05:30,933.35,933.35,930.1,930.8,2487.0
2026-07-24 15:15:00+05:30,932.8,934.95,929.5,931.9,8661.0
2026-07-24 15:20:00+05:30,933.45,936.0,931.95,934.0,4781.0
2026-07-24 15:25:00+05:30,934.65,936.0,932.05,932.55,4352.0
2026-07-27 09:15:00+05:30,948.7,974.35,945.0,959.35,55304.0
2026-07-27 09:20:00+05:30,959.6,960.75,950.0,952.2,19497.0
2026-07-27 09:25:00+05:30,952.15,955.05,946.9,952.75,12409.0
2026-07-27 09:30:00+05:30,954.1,965.0,953.45,957.85,17740.0
2026-07-27 09:35:00+05:30,957.65,957.65,955.0,957.65,4881.0
2026-07-27 09:40:00+05:30,957.65,959.0,957.0,958.85,6282.0
2026-07-27 09:45:00+05:30,958.9,959.0,955.0,955.0,5576.0
2026-07-27 09:50:00+05:30,954.35,954.9,950.95,952.25,9035.0
2026-07-27 09:55:00+05:30,953.2,954.0,950.35,953.1,3123.0
2026-07-27 10:00:00+05:30,951.85,954.95,951.15,952.3,2030.0
2026-07-27 10:05:00+05:30,952.1,952.8,950.35,950.35,2598.0
2026-07-27 10:10:00+05:30,950.35,950.35,938.25,942.25,23377.0
2026-07-27 10:15:00+05:30,942.25,945.2,940.5,940.5,3582.0
2026-07-27 10:20:00+05:30,941.55,942.2,936.85,936.95,6903.0
2026-07-27 10:25:00+05:30,938.0,938.9,936.95,937.45,1853.0
2026-07-27 10:30:00+05:30,936.5,939.1,933.05,933.75,9120.0
2026-07-27 10:35:00+05:30,933.55,937.05,932.3,936.55,3599.0
2026-07-27 10:40:00+05:30,938.45,940.25,936.0,937.35,3416.0
2026-07-27 10:45:00+05:30,935.9,938.7,935.35,937.6,3281.0
2026-07-27 10:50:00+05:30,937.95,937.95,934.1,934.95,3529.0
2026-07-27 10:55:00+05:30,933.75,939.65,933.75,938.0,3874.0
2026-07-27 11:00:00+05:30,937.75,938.85,937.15,937.5,813.0
2026-07-27 11:05:00+05:30,937.5,938.45,935.75,935.75,851.0
2026-07-27 11:10:00+05:30,935.3,938.85,935.3,938.0,1241.0
2026-07-27 11:15:00+05:30,938.0,938.0,937.65,938.0,337.0
2026-07-27 11:20:00+05:30,939.0,942.4,939.0,942.4,3145.0
2026-07-27 11:25:00+05:30,942.0,943.4,941.15,942.5,1543.0
2026-07-27 11:30:00+05:30,942.85,944.0,942.5,944.0,3219.0
2026-07-27 11:35:00+05:30,944.95,947.0,944.0,947.0,1085.0
2026-07-27 11:40:00+05:30,946.5,949.0,946.5,947.0,2605.0
2026-07-27 11:45:00+05:30,947.95,949.9,947.5,949.0,2387.0
2026-07-27 11:50:00+05:30,948.15,948.5,945.5,945.5,5028.0
2026-07-27 11:55:00+05:30,945.5,946.95,945.5,946.95,188.0
2026-07-27 12:00:00+05:30,946.95,946.95,946.0,946.5,149.0
2026-07-27 12:05:00+05:30,947.0,947.0,943.05,944.0,3642.0
2026-07-27 12:10:00+05:30,944.0,944.0,944.0,944.0,30.0
2026-07-27 12:15:00+05:30,944.85,944.85,944.0,944.0,236.0
2026-07-27 12:20:00+05:30,944.0,944.9,941.45,941.45,1202.0
2026-07-27 12:25:00+05:30,941.8,942.95,941.55,941.55,682.0
2026-07-27 12:30:00+05:30,942.5,942.5,939.5,939.5,1468.0
2026-07-27 12:35:00+05:30,939.0,941.25,939.0,940.55,804.0
2026-07-27 12:40:00+05:30,940.45,940.45,939.1,940.1,76.0
2026-07-27 12:45:00+05:30,940.15,945.75,940.15,942.65,1097.0
2026-07-27 12:50:00+05:30,942.65,942.65,939.9,941.75,4230.0
2026-07-27 12:55:00+05:30,942.0,942.8,942.0,942.8,433.0
2026-07-27 13:00:00+05:30,942.95,948.0,942.0,947.15,1364.0
2026-07-27 13:05:00+05:30,948.0,948.0,945.0,945.75,1674.0
2026-07-27 13:10:00+05:30,945.75,945.75,945.05,945.05,24.0
2026-07-27 13:15:00+05:30,945.05,945.75,945.0,945.75,152.0
2026-07-27 13:20:00+05:30,945.75,946.9,944.6,945.0,1120.0
2026-07-27 13:25:00+05:30,945.0,946.0,945.0,946.0,3.0
2026-07-27 13:30:00+05:30,946.0,946.0,941.95,942.15,2111.0
2026-07-27 13:35:00+05:30,944.0,944.0,942.2,942.25,360.0
2026-07-27 13:40:00+05:30,942.25,943.35,942.1,942.15,163.0
2026-07-27 13:45:00+05:30,942.0,942.05,942.0,942.05,102.0
2026-07-27 13:50:00+05:30,942.05,943.0,940.0,940.6,1232.0
2026-07-27 13:55:00+05:30,940.6,942.3,940.6,940.75,266.0
2026-07-27 14:00:00+05:30,942.05,942.5,940.95,941.0,658.0
2026-07-27 14:05:00+05:30,941.0,941.0,940.75,940.75,56.0
2026-07-27 14:10:00+05:30,940.75,941.0,940.1,940.8,136.0
2026-07-27 14:15:00+05:30,940.8,941.5,937.95,937.95,4694.0
2026-07-27 14:20:00+05:30,939.25,940.4,935.5,936.75,4964.0
2026-07-27 14:25:00+05:30,936.75,940.0,936.75,938.0,1674.0
2026-07-27 14:30:00+05:30,938.0,938.0,933.3,935.3,1847.0
2026-07-27 14:35:00+05:30,935.25,936.0,934.45,936.0,1004.0
2026-07-27 14:40:00+05:30,936.0,936.4,936.0,936.1,315.0
2026-07-27 14:45:00+05:30,936.7,938.65,936.5,938.65,1680.0
2026-07-27 14:50:00+05:30,938.65,940.85,938.65,940.0,1869.0
2026-07-27 14:55:00+05:30,938.6,941.0,938.35,941.0,1112.0
2026-07-27 15:00:00+05:30,941.0,942.45,941.0,941.1,3565.0
2026-07-27 15:05:00+05:30,942.25,942.5,938.6,941.2,4380.0
2026-07-27 15:10:00+05:30,941.2,942.0,933.55,934.0,5286.0
2026-07-27 15:15:00+05:30,934.0,936.0,926.1,930.95,17406.0
2026-07-27 15:20:00+05:30,931.5,935.0,928.4,931.1,6860.0
2026-07-27 15:25:00+05:30,932.45,935.0,931.5,931.5,6354.0
2026-07-28 09:15:00+05:30,935.5,936.65,921.2,925.05,10285.0
2026-07-28 09:20:00+05:30,924.95,927.4,921.2,924.0,3822.0
2026-07-28 09:25:00+05:30,924.0,933.2,924.0,930.1,5307.0
2026-07-28 09:30:00+05:30,930.0,931.45,927.9,930.0,3050.0
2026-07-28 09:35:00+05:30,930.0,936.15,930.0,934.25,4153.0
2026-07-28 09:40:00+05:30,933.8,937.35,932.65,934.95,3389.0
2026-07-28 09:45:00+05:30,935.9,936.0,933.35,933.35,570.0
2026-07-28 09:50:00+05:30,933.35,944.45,932.5,942.75,5769.0
2026-07-28 09:55:00+05:30,942.4,959.5,940.05,955.0,34848.0
2026-07-28 10:00:00+05:30,956.0,958.0,950.0,955.95,15840.0
2026-07-28 10:05:00+05:30,957.5,959.5,954.35,955.1,16307.0
2026-07-28 10:10:00+05:30,955.25,956.0,949.0,951.45,7659.0
2026-07-28 10:15:00+05:30,950.2,954.75,950.2,954.05,3815.0
2026-07-28 10:20:00+05:30,954.75,970.9,954.75,968.0,35913.0
2026-07-28 10:25:00+05:30,966.0,974.3,962.25,962.6,30657.0
2026-07-28 10:30:00+05:30,963.35,964.0,958.55,960.7,7977.0
2026-07-28 10:35:00+05:30,958.0,958.0,954.9,956.3,3294.0
2026-07-28 10:40:00+05:30,956.3,956.55,952.1,953.95,1818.0
2026-07-28 10:45:00+05:30,954.0,957.8,952.6,957.8,1388.0
2026-07-28 10:50:00+05:30,955.75,957.0,955.0,957.0,2115.0
2026-07-28 10:55:00+05:30,956.5,957.85,955.0,955.0,572.0
2026-07-28 11:00:00+05:30,955.0,958.0,955.0,958.0,1420.0
2026-07-28 11:05:00+05:30,957.0,957.1,954.05,955.75,2892.0
2026-07-28 11:10:00+05:30,956.0,959.6,955.45,957.5,2243.0
2026-07-28 11:15:00+05:30,958.4,958.4,956.5,956.5,1111.0
2026-07-28 11:20:00+05:30,956.5,964.0,956.5,960.0,3834.0
2026-07-28 11:25:00+05:30,960.0,960.0,958.3,960.0,873.0
2026-07-28 11:30:00+05:30,959.05,960.8,959.05,960.25,904.0
2026-07-28 11:35:00+05:30,960.0,960.0,958.0,958.45,3116.0
2026-07-28 11:40:00+05:30,957.4,959.35,956.55,958.3,663.0
2026-07-28 11:45:00+05:30,958.05,958.05,956.3,957.65,477.0
2026-07-28 11:50:00+05:30,956.35,957.0,953.15,957.0,3340.0
2026-07-28 11:55:00+05:30,957.05,958.9,956.0,956.0,1042.0
2026-07-28 12:00:00+05:30,956.0,959.0,955.5,959.0,653.0
2026-07-28 12:05:00+05:30,959.0,960.0,959.0,960.0,945.0
2026-07-28 12:10:00+05:30,958.8,962.6,958.8,962.6,1797.0
2026-07-28 12:15:00+05:30,960.9,962.45,960.35,960.85,1108.0
2026-07-28 12:20:00+05:30,960.85,960.85,957.55,958.8,1938.0
2026-07-28 12:25:00+05:30,958.5,960.05,958.5,960.05,339.0
2026-07-28 12:30:00+05:30,960.85,965.0,960.0,965.0,7323.0
2026-07-28 12:35:00+05:30,963.5,964.0,960.1,961.0,3317.0
2026-07-28 12:40:00+05:30,962.5,966.0,961.2,961.85,2504.0
2026-07-28 12:45:00+05:30,961.7,968.45,961.65,963.4,5708.0
2026-07-28 12:50:00+05:30,964.0,964.7,963.15,963.15,749.0
2026-07-28 12:55:00+05:30,963.15,964.3,962.25,962.25,1247.0
2026-07-28 13:00:00+05:30,963.5,963.9,962.0,962.05,828.0
2026-07-28 13:05:00+05:30,963.0,963.05,958.0,961.1,4338.0
2026-07-28 13:10:00+05:30,961.0,961.0,958.65,959.95,1506.0
2026-07-28 13:15:00+05:30,959.9,959.9,958.0,958.25,142.0
2026-07-28 13:20:00+05:30,959.1,962.15,959.1,962.15,2693.0
2026-07-28 13:25:00+05:30,962.25,964.7,962.25,962.45,1533.0
2026-07-28 13:30:00+05:30,963.1,968.45,962.4,966.55,3016.0
2026-07-28 13:35:00+05:30,968.05,968.05,962.0,962.0,2198.0
2026-07-28 13:40:00+05:30,962.15,962.35,961.45,961.6,627.0
2026-07-28 13:45:00+05:30,961.6,963.45,961.6,963.45,915.0
2026-07-28 13:50:00+05:30,963.0,968.1,962.55,965.95,5196.0
2026-07-28 13:55:00+05:30,965.6,965.95,964.0,964.0,2764.0
2026-07-28 14:00:00+05:30,964.0,964.9,961.6,961.6,2271.0
2026-07-28 14:05:00+05:30,961.6,963.45,961.55,961.55,1143.0
2026-07-28 14:10:00+05:30,961.55,961.55,958.25,958.95,3099.0
2026-07-28 14:15:00+05:30,959.9,960.65,959.0,959.05,811.0
2026-07-28 14:20:00+05:30,959.05,960.0,958.45,959.0,2086.0
2026-07-28 14:25:00+05:30,960.0,960.6,959.05,959.05,751.0
2026-07-28 14:30:00+05:30,959.05,959.7,958.0,959.1,2875.0
2026-07-28 14:35:00+05:30,959.1,961.5,958.5,960.8,4212.0
2026-07-28 14:40:00+05:30,960.8,960.8,958.85,959.15,3750.0
2026-07-28 14:45:00+05:30,960.0,960.0,958.05,958.05,738.0
2026-07-28 14:50:00+05:30,958.05,962.05,958.05,962.0,1389.0
2026-07-28 14:55:00+05:30,962.0,963.0,959.25,961.0,5609.0
2026-07-28 15:00:00+05:30,961.95,961.95,959.5,959.95,2629.0
2026-07-28 15:05:00+05:30,960.0,961.0,959.5,960.05,4029.0
2026-07-28 15:10:00+05:30,961.9,961.9,960.0,960.35,2631.0
2026-07-28 15:15:00+05:30,961.4,962.95,960.05,962.3,9428.0
2026-07-28 15:20:00+05:30,962.75,965.0,961.55,964.85,8328.0
2026-07-28 15:25:00+05:30,964.0,965.0,960.05,964.45,19019.0
2026-07-29 09:15:00+05:30,967.0,980.0,967.0,976.9,63011.0
2026-07-29 09:20:00+05:30,976.75,980.0,972.0,973.2,26292.0
2026-07-29 09:25:00+05:30,975.0,980.0,972.8,975.5,25920.0
2026-07-29 09:30:00+05:30,976.15,980.9,956.2,962.75,56266.0
2026-07-29 09:35:00+05:30,963.05,966.45,960.0,963.1,13690.0
2026-07-29 09:40:00+05:30,963.1,966.95,961.05,966.1,6842.0
2026-07-29 09:45:00+05:30,967.2,971.0,964.1,965.65,7238.0
2026-07-29 09:50:00+05:30,965.55,966.3,960.55,965.4,7308.0
2026-07-29 09:55:00+05:30,966.9,967.85,962.45,963.85,1620.0
2026-07-29 10:00:00+05:30,963.9,966.7,962.05,966.0,2293.0
2026-07-29 10:05:00+05:30,966.0,966.0,962.8,964.1,1805.0
2026-07-29 10:10:00+05:30,965.55,966.65,964.7,964.8,824.0
2026-07-29 10:15:00+05:30,964.7,965.85,963.0,964.15,1984.0
2026-07-29 10:20:00+05:30,964.15,964.15,960.65,961.65,2319.0
2026-07-29 10:25:00+05:30,962.65,962.65,959.15,961.15,16920.0
2026-07-29 10:30:00+05:30,961.55,961.55,956.9,961.5,5336.0
2026-07-29 10:35:00+05:30,961.5,963.4,961.3,962.0,463.0
2026-07-29 10:40:00+05:30,962.0,962.0,959.7,961.45,1608.0
2026-07-29 10:45:00+05:30,961.5,962.5,959.65,960.05,775.0
2026-07-29 10:50:00+05:30,959.65,961.65,959.65,960.05,482.0
2026-07-29 10:55:00+05:30,961.0,961.0,958.0,958.0,6066.0
2026-07-29 11:00:00+05:30,958.0,958.0,947.7,949.0,19722.0
2026-07-29 11:05:00+05:30,948.75,953.0,945.7,950.1,8947.0
2026-07-29 11:10:00+05:30,950.1,952.25,948.0,949.6,2093.0
2026-07-29 11:15:00+05:30,951.2,951.85,948.05,949.0,1461.0
2026-07-29 11:20:00+05:30,948.75,949.35,947.25,948.65,2565.0
2026-07-29 11:25:00+05:30,948.5,949.95,947.6,949.9,2091.0
2026-07-29 11:30:00+05:30,949.9,951.4,948.25,951.4,1446.0
2026-07-29 11:35:00+05:30,951.25,954.0,948.6,953.75,3454.0
2026-07-29 11:40:00+05:30,953.7,953.7,950.4,951.0,2313.0
2026-07-29 11:45:00+05:30,951.0,952.9,951.0,952.9,90.0
2026-07-29 11:50:00+05:30,952.9,952.9,951.0,951.6,1519.0
2026-07-29 11:55:00+05:30,951.6,952.75,951.6,952.75,101.0
2026-07-29 12:00:00+05:30,952.75,952.95,951.6,951.75,397.0
2026-07-29 12:05:00+05:30,952.65,952.65,950.25,951.45,1400.0
2026-07-29 12:10:00+05:30,950.25,951.2,948.85,948.85,867.0
2026-07-29 12:15:00+05:30,947.05,949.3,947.05,949.3,2623.0
2026-07-29 12:20:00+05:30,948.2,949.15,948.2,948.95,129.0
2026-07-29 12:25:00+05:30,948.95,949.45,946.1,946.45,2671.0
2026-07-29 12:30:00+05:30,946.45,947.3,946.15,946.55,1033.0
2026-07-29 12:35:00+05:30,946.55,947.95,946.15,946.5,1749.0
2026-07-29 12:40:00+05:30,946.9,947.8,946.1,946.1,358.0
2026-07-29 12:45:00+05:30,946.95,947.45,946.1,946.6,1212.0
2026-07-29 12:50:00+05:30,946.7,947.6,946.0,947.25,1042.0
2026-07-29 12:55:00+05:30,946.6,948.55,946.2,946.65,891.0
2026-07-29 13:00:00+05:30,946.7,949.9,946.7,949.9,583.0
2026-07-29 13:05:00+05:30,948.75,949.55,948.4,949.0,227.0
2026-07-29 13:10:00+05:30,948.45,949.7,948.25,949.7,1028.0
2026-07-29 13:15:00+05:30,948.3,948.3,946.35,947.45,1701.0
2026-07-29 13:20:00+05:30,946.9,947.95,946.3,946.45,1513.0
2026-07-29 13:25:00+05:30,946.05,946.75,946.05,946.45,223.0
2026-07-29 13:30:00+05:30,946.5,950.6,946.2,948.25,7791.0
2026-07-29 13:35:00+05:30,949.3,950.8,947.1,950.8,1636.0
2026-07-29 13:40:00+05:30,950.0,950.0,936.9,938.45,11103.0
2026-07-29 13:45:00+05:30,938.7,943.5,938.7,942.35,2315.0
2026-07-29 13:50:00+05:30,941.95,943.15,940.0,940.95,3008.0
2026-07-29 13:55:00+05:30,940.5,941.85,938.9,938.9,1306.0
2026-07-29 14:00:00+05:30,938.45,939.05,928.5,929.1,23940.0
2026-07-29 14:05:00+05:30,929.35,935.25,928.0,928.2,15284.0
2026-07-29 14:10:00+05:30,929.45,932.25,928.2,930.1,3213.0
2026-07-29 14:15:00+05:30,931.5,931.5,928.25,930.1,3825.0
2026-07-29 14:20:00+05:30,930.4,931.0,924.1,926.0,8686.0
2026-07-29 14:25:00+05:30,926.0,927.45,925.65,927.4,3088.0
2026-07-29 14:30:00+05:30,927.45,927.85,925.7,927.1,4380.0
2026-07-29 14:35:00+05:30,927.9,931.75,927.8,928.25,4583.0
2026-07-29 14:40:00+05:30,928.2,930.2,928.2,930.2,800.0
2026-07-29 14:45:00+05:30,928.4,930.65,928.4,930.0,1509.0
2026-07-29 14:50:00+05:30,930.0,930.75,929.4,929.4,804.0
2026-07-29 14:55:00+05:30,929.55,929.55,926.05,926.5,2744.0
2026-07-29 15:00:00+05:30,928.45,936.0,928.45,933.3,9367.0
2026-07-29 15:05:00+05:30,934.45,937.0,933.35,934.35,6612.0
2026-07-29 15:10:00+05:30,935.35,937.0,934.55,936.3,5857.0
2026-07-29 15:15:00+05:30,935.55,935.8,932.5,933.8,7263.0
2026-07-29 15:20:00+05:30,934.0,934.0,931.1,932.0,9744.0
2026-07-29 15:25:00+05:30,932.5,938.35,930.0,938.0,14834.0
2026-07-30 09:15:00+05:30,940.0,941.55,930.0,933.0,9176.0
2026-07-30 09:20:00+05:30,933.0,940.0,930.6,935.0,8976.0
2026-07-30 09:25:00+05:30,936.4,939.8,930.0,930.9,5457.0
2026-07-30 09:30:00+05:30,930.25,934.6,929.05,929.95,2299.0
2026-07-30 09:35:00+05:30,929.0,934.45,927.45,931.5,2759.0
2026-07-30 09:40:00+05:30,932.0,932.0,930.0,930.0,349.0
2026-07-30 09:45:00+05:30,934.0,952.7,934.0,948.3,19846.0
2026-07-30 09:50:00+05:30,948.7,949.65,946.75,946.95,6884.0
2026-07-30 09:55:00+05:30,947.0,949.35,945.35,946.05,1560.0
2026-07-30 10:00:00+05:30,946.0,946.0,942.05,943.2,3162.0
2026-07-30 10:05:00+05:30,942.0,943.5,942.0,942.3,1755.0
2026-07-30 10:10:00+05:30,942.3,942.6,940.8,940.8,2259.0
2026-07-30 10:15:00+05:30,940.1,942.15,940.0,941.35,2061.0
2026-07-30 10:20:00+05:30,941.15,945.0,941.0,941.0,4088.0
2026-07-30 10:25:00+05:30,942.0,943.6,941.5,942.05,666.0
2026-07-30 10:30:00+05:30,941.75,942.65,941.0,941.0,3658.0
2026-07-30 10:35:00+05:30,941.0,941.7,940.1,941.5,6694.0
2026-07-30 10:40:00+05:30,941.5,943.75,941.0,943.75,1665.0
2026-07-30 10:45:00+05:30,943.7,945.05,943.7,943.75,1055.0
2026-07-30 10:50:00+05:30,944.7,947.5,944.7,945.8,2313.0
2026-07-30 10:55:00+05:30,945.35,945.35,943.6,943.6,312.0
2026-07-30 11:00:00+05:30,943.85,945.0,943.85,945.0,790.0
2026-07-30 11:05:00+05:30,945.0,945.15,943.4,943.5,506.0
2026-07-30 11:10:00+05:30,943.65,946.0,943.65,944.95,335.0
2026-07-30 11:15:00+05:30,944.95,945.65,944.55,945.65,195.0
2026-07-30 11:20:00+05:30,946.0,946.0,945.0,945.0,953.0
2026-07-30 11:25:00+05:30,945.85,945.95,943.6,944.6,1041.0
2026-07-30 11:30:00+05:30,943.6,944.0,943.6,944.0,253.0
2026-07-30 11:35:00+05:30,944.0,944.05,941.05,942.0,1229.0
2026-07-30 11:40:00+05:30,941.05,941.05,938.0,938.0,1013.0
2026-07-30 11:45:00+05:30,938.85,938.85,933.7,933.7,1130.0
2026-07-30 11:50:00+05:30,933.3,933.3,927.45,929.0,9363.0
2026-07-30 11:55:00+05:30,929.1,931.55,927.05,929.4,4660.0
2026-07-30 12:00:00+05:30,929.3,929.6,928.15,929.3,465.0
2026-07-30 12:05:00+05:30,929.15,929.75,928.0,928.65,1682.0
2026-07-30 12:10:00+05:30,928.65,928.7,928.65,928.7,186.0
2026-07-30 12:15:00+05:30,927.7,928.0,927.5,928.0,2919.0
2026-07-30 12:20:00+05:30,928.0,930.0,928.0,929.8,417.0
2026-07-30 12:25:00+05:30,929.8,929.8,928.75,928.95,908.0
2026-07-30 12:30:00+05:30,928.75,934.8,928.75,932.8,3925.0
2026-07-30 12:35:00+05:30,932.8,936.75,931.35,936.75,2276.0
2026-07-30 12:40:00+05:30,936.75,939.45,936.0,938.35,2922.0
2026-07-30 12:45:00+05:30,938.65,940.0,938.0,938.9,1397.0
2026-07-30 12:50:00+05:30,940.0,940.0,938.1,939.0,460.0
2026-07-30 12:55:00+05:30,939.75,939.75,938.0,939.35,587.0
2026-07-30 13:00:00+05:30,938.05,938.05,938.0,938.0,130.0
2026-07-30 13:05:00+05:30,939.2,939.25,938.25,938.25,111.0
2026-07-30 13:10:00+05:30,938.25,939.5,938.0,938.0,696.0
2026-07-30 13:15:00+05:30,937.65,937.65,935.05,936.85,1783.0
2026-07-30 13:20:00+05:30,935.75,935.75,935.65,935.7,181.0
2026-07-30 13:25:00+05:30,935.15,935.15,930.55,933.75,3090.0
2026-07-30 13:30:00+05:30,933.75,933.75,933.05,933.6,47.0
2026-07-30 13:35:00+05:30,933.9,935.2,933.35,935.0,675.0
2026-07-30 13:40:00+05:30,936.0,936.0,931.95,931.95,1654.0
2026-07-30 13:45:00+05:30,931.1,931.95,931.1,931.4,1740.0
2026-07-30 13:50:00+05:30,931.0,931.75,930.0,930.45,923.0
2026-07-30 13:55:00+05:30,930.6,932.6,930.6,931.5,1084.0
2026-07-30 14:00:00+05:30,931.4,932.0,930.55,931.15,434.0
2026-07-30 14:05:00+05:30,931.15,931.15,926.1,927.05,3085.0
2026-07-30 14:10:00+05:30,926.95,927.55,922.5,923.2,4724.0
2026-07-30 14:15:00+05:30,924.15,924.9,924.0,924.2,674.0
2026-07-30 14:20:00+05:30,924.45,925.4,924.0,924.45,726.0
2026-07-30 14:25:00+05:30,924.1,926.15,921.55,921.6,2519.0
2026-07-30 14:30:00+05:30,920.2,920.2,907.85,915.0,21076.0
2026-07-30 14:35:00+05:30,915.9,917.9,915.9,916.8,1790.0
2026-07-30 14:40:00+05:30,916.85,918.0,916.6,917.5,1628.0
2026-07-30 14:45:00+05:30,917.5,919.75,916.7,919.75,4055.0
2026-07-30 14:50:00+05:30,919.7,924.95,918.0,923.05,7696.0
2026-07-30 14:55:00+05:30,924.5,927.05,923.05,926.3,4418.0
2026-07-30 15:00:00+05:30,928.0,928.9,926.1,928.0,5501.0
2026-07-30 15:05:00+05:30,928.9,933.0,928.1,932.35,8231.0
2026-07-30 15:10:00+05:30,933.0,933.0,927.0,927.55,7677.0
2026-07-30 15:15:00+05:30,927.95,935.0,927.85,931.25,10093.0
2026-07-30 15:20:00+05:30,931.25,933.95,927.15,930.1,7001.0
2026-07-30 15:25:00+05:30,930.95,931.95,929.0,931.45,3374.0
