dt,open,high,low,close,volume
2026-05-29 09:15:00+05:30,576.0,579.95,568.15,573.0,31829.0
2026-05-29 09:20:00+05:30,572.3,573.65,569.25,570.7,13584.0
2026-05-29 09:25:00+05:30,570.0,570.0,564.1,566.0,25040.0
2026-05-29 09:30:00+05:30,565.4,566.0,564.05,564.05,7541.0
2026-05-29 09:35:00+05:30,564.15,569.0,564.15,569.0,4337.0
2026-05-29 09:40:00+05:30,569.0,569.7,566.15,566.15,5245.0
2026-05-29 09:45:00+05:30,566.9,569.45,565.5,569.45,4209.0
2026-05-29 09:50:00+05:30,570.5,573.9,570.5,571.75,12766.0
2026-05-29 09:55:00+05:30,571.0,571.7,568.1,568.75,3769.0
2026-05-29 10:00:00+05:30,568.05,569.0,567.25,568.85,1150.0
2026-05-29 10:05:00+05:30,568.1,569.45,568.1,568.9,836.0
2026-05-29 10:10:00+05:30,568.95,570.0,566.15,566.45,5950.0
2026-05-29 10:15:00+05:30,567.0,567.2,566.45,566.9,2938.0
2026-05-29 10:20:00+05:30,566.95,567.45,566.4,567.05,750.0
2026-05-29 10:25:00+05:30,566.4,567.75,566.1,566.75,4645.0
2026-05-29 10:30:00+05:30,566.0,566.95,566.0,566.5,1518.0
2026-05-29 10:35:00+05:30,567.25,572.45,567.25,571.0,28646.0
2026-05-29 10:40:00+05:30,570.8,572.95,570.0,570.45,3745.0
2026-05-29 10:45:00+05:30,570.0,570.0,567.9,568.95,3517.0
2026-05-29 10:50:00+05:30,569.9,569.9,567.9,568.1,3266.0
2026-05-29 10:55:00+05:30,567.7,569.0,567.65,568.3,2230.0
2026-05-29 11:00:00+05:30,568.35,572.0,568.35,571.15,3282.0
2026-05-29 11:05:00+05:30,571.4,573.5,571.0,572.7,9078.0
2026-05-29 11:10:00+05:30,572.7,573.5,571.8,573.0,3695.0
2026-05-29 11:15:00+05:30,572.95,573.0,572.2,572.7,1153.0
2026-05-29 11:20:00+05:30,572.7,575.0,572.0,575.0,7347.0
2026-05-29 11:25:00+05:30,574.95,578.25,574.95,577.0,7771.0
2026-05-29 11:30:00+05:30,576.15,577.0,573.15,573.15,7377.0
2026-05-29 11:35:00+05:30,573.15,573.85,571.35,573.05,2299.0
2026-05-29 11:40:00+05:30,573.35,574.3,571.0,572.0,4230.0
2026-05-29 11:45:00+05:30,571.55,573.25,571.55,573.25,1586.0
2026-05-29 11:50:00+05:30,573.4,574.2,572.65,573.85,3094.0
2026-05-29 11:55:00+05:30,573.55,573.95,572.4,572.4,790.0
2026-05-29 12:00:00+05:30,573.15,573.15,570.0,571.0,2616.0
2026-05-29 12:05:00+05:30,570.75,572.1,570.75,570.9,1090.0
2026-05-29 12:10:00+05:30,570.5,570.75,568.8,568.8,5618.0
2026-05-29 12:15:00+05:30,569.2,570.75,569.2,570.25,959.0
2026-05-29 12:20:00+05:30,570.25,570.8,570.2,570.2,239.0
2026-05-29 12:25:00+05:30,570.2,572.15,570.1,571.45,1330.0
2026-05-29 12:30:00+05:30,572.0,572.0,571.0,571.0,244.0
2026-05-29 12:35:00+05:30,570.5,570.8,570.05,570.2,126.0
2026-05-29 12:40:00+05:30,571.75,573.0,571.55,572.9,1775.0
2026-05-29 12:45:00+05:30,571.7,572.7,570.85,570.85,365.0
2026-05-29 12:50:00+05:30,570.5,570.5,568.15,569.05,3085.0
2026-05-29 12:55:00+05:30,569.05,569.05,567.1,568.35,1281.0
2026-05-29 13:00:00+05:30,568.4,568.4,566.0,566.3,4688.0
2026-05-29 13:05:00+05:30,566.0,566.3,565.5,565.5,2119.0
2026-05-29 13:10:00+05:30,566.05,566.25,564.5,565.25,4681.0
2026-05-29 13:15:00+05:30,564.6,565.7,564.55,565.7,1778.0
2026-05-29 13:20:00+05:30,565.7,565.7,562.1,563.05,7234.0
2026-05-29 13:25:00+05:30,564.35,565.5,563.85,565.0,3842.0
2026-05-29 13:30:00+05:30,564.7,566.2,564.0,565.55,1139.0
2026-05-29 13:35:00+05:30,564.7,565.05,564.3,564.75,735.0
2026-05-29 13:40:00+05:30,565.45,565.45,563.0,563.0,9460.0
2026-05-29 13:45:00+05:30,563.65,564.25,562.5,563.25,1800.0
2026-05-29 13:50:00+05:30,563.4,563.45,560.55,562.0,7647.0
2026-05-29 13:55:00+05:30,562.0,562.5,561.1,562.2,3994.0
2026-05-29 14:00:00+05:30,562.4,562.9,561.25,562.0,2542.0
2026-05-29 14:05:00+05:30,562.0,562.1,561.0,561.95,2054.0
2026-05-29 14:10:00+05:30,562.0,562.9,561.55,561.85,2707.0
2026-05-29 14:15:00+05:30,561.55,562.9,561.0,562.9,5046.0
2026-05-29 14:20:00+05:30,562.9,563.35,562.9,563.25,1505.0
2026-05-29 14:25:00+05:30,563.35,563.35,562.4,563.15,1518.0
2026-05-29 14:30:00+05:30,563.15,565.3,563.15,564.45,2276.0
2026-05-29 14:35:00+05:30,565.0,566.8,565.0,565.05,1676.0
2026-05-29 14:40:00+05:30,565.05,566.0,565.0,565.05,1898.0
2026-05-29 14:45:00+05:30,565.05,566.1,565.05,566.0,2027.0
2026-05-29 14:50:00+05:30,566.0,567.2,566.0,567.0,2718.0
2026-05-29 14:55:00+05:30,567.0,567.4,565.3,565.5,2268.0
2026-05-29 15:00:00+05:30,565.05,565.05,559.95,560.0,13308.0
2026-05-29 15:05:00+05:30,559.4,561.3,558.65,560.6,5144.0
2026-05-29 15:10:00+05:30,559.8,561.25,559.65,561.1,9787.0
2026-05-29 15:15:00+05:30,561.1,562.0,560.0,561.2,3052.0
2026-05-29 15:20:00+05:30,561.9,562.75,558.9,560.85,6770.0
2026-05-29 15:25:00+05:30,560.15,570.0,558.65,566.0,12834.0
2026-06-01 09:15:00+05:30,567.25,575.95,565.2,571.9,18356.0
2026-06-01 09:20:00+05:30,570.75,577.0,570.45,574.95,20166.0
2026-06-01 09:25:00+05:30,575.65,583.75,574.05,581.2,30921.0
2026-06-01 09:30:00+05:30,581.0,588.0,580.0,582.55,42821.0
2026-06-01 09:35:00+05:30,583.35,583.6,576.85,579.1,9841.0
2026-06-01 09:40:00+05:30,579.1,581.95,577.0,578.25,12657.0
2026-06-01 09:45:00+05:30,578.55,579.7,576.1,576.95,3776.0
2026-06-01 09:50:00+05:30,576.4,579.45,576.0,578.9,1570.0
2026-06-01 09:55:00+05:30,579.45,580.3,577.45,578.35,3949.0
2026-06-01 10:00:00+05:30,579.35,579.35,572.2,572.2,10109.0
2026-06-01 10:05:00+05:30,572.0,573.4,570.95,572.2,15202.0
2026-06-01 10:10:00+05:30,573.1,574.25,572.45,573.2,1924.0
2026-06-01 10:15:00+05:30,572.5,572.9,570.55,571.25,3447.0
2026-06-01 10:20:00+05:30,571.25,572.3,571.1,572.0,1726.0
2026-06-01 10:25:00+05:30,571.7,571.85,570.65,571.35,1395.0
2026-06-01 10:30:00+05:30,570.65,571.7,569.1,569.1,1855.0
2026-06-01 10:35:00+05:30,569.15,570.3,567.45,569.5,6267.0
2026-06-01 10:40:00+05:30,570.4,572.9,570.4,571.55,2461.0
2026-06-01 10:45:00+05:30,571.55,572.95,571.45,571.95,1180.0
2026-06-01 10:50:00+05:30,572.5,574.25,572.0,574.0,1422.0
2026-06-01 10:55:00+05:30,574.5,576.0,574.35,574.4,2322.0
2026-06-01 11:00:00+05:30,574.75,576.95,574.15,576.85,3835.0
2026-06-01 11:05:00+05:30,576.95,577.5,575.0,575.55,1506.0
2026-06-01 11:10:00+05:30,575.65,576.9,575.65,576.7,409.0
2026-06-01 11:15:00+05:30,576.0,577.75,575.85,576.75,1452.0
2026-06-01 11:20:00+05:30,576.65,576.65,572.35,572.35,2159.0
2026-06-01 11:25:00+05:30,572.45,572.5,570.8,571.0,1955.0
2026-06-01 11:30:00+05:30,570.0,570.0,568.1,568.25,1292.0
2026-06-01 11:35:00+05:30,568.85,569.95,568.35,569.95,910.0
2026-06-01 11:40:00+05:30,570.0,570.0,568.0,568.0,1888.0
2026-06-01 11:45:00+05:30,568.4,568.45,567.0,568.25,1814.0
2026-06-01 11:50:00+05:30,568.15,568.5,567.55,567.95,816.0
2026-06-01 11:55:00+05:30,567.5,567.5,566.0,566.0,2466.0
2026-06-01 12:00:00+05:30,566.35,566.35,565.0,566.0,3584.0
2026-06-01 12:05:00+05:30,566.0,567.0,565.0,565.0,1879.0
2026-06-01 12:10:00+05:30,565.8,566.4,565.3,566.3,967.0
2026-06-01 12:15:00+05:30,566.75,566.75,565.0,565.0,596.0
2026-06-01 12:20:00+05:30,564.0,564.9,562.55,564.25,3654.0
2026-06-01 12:25:00+05:30,564.2,564.8,564.0,564.0,655.0
2026-06-01 12:30:00+05:30,564.0,564.7,563.25,563.9,1159.0
2026-06-01 12:35:00+05:30,563.9,564.85,563.6,563.9,982.0
2026-06-01 12:40:00+05:30,563.95,564.65,563.8,564.2,448.0
2026-06-01 12:45:00+05:30,564.15,564.3,563.2,563.8,1378.0
2026-06-01 12:50:00+05:30,563.2,563.95,562.25,563.0,3190.0
2026-06-01 12:55:00+05:30,563.0,563.65,562.5,563.65,727.0
2026-06-01 13:00:00+05:30,563.75,564.3,563.0,563.7,950.0
2026-06-01 13:05:00+05:30,563.7,563.9,563.0,563.85,1546.0
2026-06-01 13:10:00+05:30,563.75,563.75,561.3,561.35,4811.0
2026-06-01 13:15:00+05:30,561.35,562.1,561.35,562.1,598.0
2026-06-01 13:20:00+05:30,562.1,562.95,562.1,562.7,1129.0
2026-06-01 13:25:00+05:30,562.25,562.75,561.35,561.35,225.0
2026-06-01 13:30:00+05:30,561.95,562.85,561.5,562.75,478.0
2026-06-01 13:35:00+05:30,562.7,562.7,561.0,562.0,1010.0
2026-06-01 13:40:00+05:30,561.35,561.95,561.05,561.9,650.0
2026-06-01 13:45:00+05:30,561.25,561.25,558.8,560.55,4493.0
2026-06-01 13:50:00+05:30,560.65,564.0,560.0,562.0,6296.0
2026-06-01 13:55:00+05:30,562.0,562.85,562.0,562.65,438.0
2026-06-01 14:00:00+05:30,562.0,562.55,561.0,561.0,6132.0
2026-06-01 14:05:00+05:30,560.2,561.85,560.2,561.85,3681.0
2026-06-01 14:10:00+05:30,561.65,561.65,561.0,561.0,537.0
2026-06-01 14:15:00+05:30,561.0,562.0,561.0,562.0,1608.0
2026-06-01 14:20:00+05:30,562.0,562.95,560.8,561.15,10308.0
2026-06-01 14:25:00+05:30,561.1,561.4,560.05,560.8,1090.0
2026-06-01 14:30:00+05:30,561.25,561.35,560.0,560.05,6602.0
2026-06-01 14:35:00+05:30,560.05,561.2,558.0,560.2,14363.0
2026-06-01 14:40:00+05:30,560.1,561.0,560.0,561.0,1671.0
2026-06-01 14:45:00+05:30,561.3,566.5,560.8,563.35,5697.0
2026-06-01 14:50:00+05:30,563.25,563.25,561.05,561.85,2038.0
2026-06-01 14:55:00+05:30,563.0,563.0,561.75,562.35,421.0
2026-06-01 15:00:00+05:30,561.55,561.55,559.0,559.55,9169.0
2026-06-01 15:05:00+05:30,559.65,560.6,558.5,559.4,2756.0
2026-06-01 15:10:00+05:30,559.0,559.4,557.05,559.1,4538.0
2026-06-01 15:15:00+05:30,558.45,560.95,558.25,558.25,5021.0
2026-06-01 15:20:00+05:30,558.5,558.8,555.05,555.25,6240.0
2026-06-01 15:25:00+05:30,555.25,558.3,552.6,557.0,10196.0
2026-06-02 09:15:00+05:30,558.5,563.1,551.2,559.1,14272.0
2026-06-02 09:20:00+05:30,558.85,562.65,558.85,561.45,6907.0
2026-06-02 09:25:00+05:30,560.55,562.9,558.35,559.15,5339.0
2026-06-02 09:30:00+05:30,558.25,558.85,555.6,556.95,3301.0
2026-06-02 09:35:00+05:30,557.25,563.5,556.8,563.0,4624.0
2026-06-02 09:40:00+05:30,563.0,563.4,561.1,561.1,3474.0
2026-06-02 09:45:00+05:30,561.45,561.55,558.75,559.45,1930.0
2026-06-02 09:50:00+05:30,559.4,561.2,558.55,559.1,2846.0
2026-06-02 09:55:00+05:30,559.1,561.45,559.1,561.45,2031.0
2026-06-02 10:00:00+05:30,560.5,568.0,560.5,567.25,12070.0
2026-06-02 10:05:00+05:30,567.9,573.25,566.0,567.5,32753.0
2026-06-02 10:10:00+05:30,567.7,571.1,566.5,570.75,6789.0
2026-06-02 10:15:00+05:30,570.65,572.0,569.0,570.3,9322.0
2026-06-02 10:20:00+05:30,571.2,574.85,570.05,574.45,9640.0
2026-06-02 10:25:00+05:30,574.0,574.15,572.0,573.0,3900.0
2026-06-02 10:30:00+05:30,572.25,577.0,571.45,575.75,16623.0
2026-06-02 10:35:00+05:30,575.8,578.1,575.25,578.1,11597.0
2026-06-02 10:40:00+05:30,578.1,583.65,578.0,582.0,18496.0
2026-06-02 10:45:00+05:30,583.0,583.45,576.95,578.05,8636.0
2026-06-02 10:50:00+05:30,578.2,579.95,575.75,576.5,6478.0
2026-06-02 10:55:00+05:30,576.0,576.7,573.45,573.7,5989.0
2026-06-02 11:00:00+05:30,574.0,576.3,574.0,575.55,3241.0
2026-06-02 11:05:00+05:30,576.0,576.0,574.0,574.45,2026.0
2026-06-02 11:10:00+05:30,574.45,574.45,573.05,573.6,2661.0
2026-06-02 11:15:00+05:30,573.6,577.25,573.6,577.25,2609.0
2026-06-02 11:20:00+05:30,577.25,577.25,576.05,576.7,1072.0
2026-06-02 11:25:00+05:30,576.8,577.25,575.7,576.3,1403.0
2026-06-02 11:30:00+05:30,577.0,577.9,576.15,577.2,1861.0
2026-06-02 11:35:00+05:30,577.1,578.0,575.0,575.0,4089.0
2026-06-02 11:40:00+05:30,574.55,575.3,574.05,574.5,1055.0
2026-06-02 11:45:00+05:30,573.9,574.5,573.05,573.2,851.0
2026-06-02 11:50:00+05:30,574.15,576.25,573.3,575.8,3636.0
2026-06-02 11:55:00+05:30,575.1,575.85,574.2,574.2,443.0
2026-06-02 12:00:00+05:30,574.2,575.25,572.0,575.25,8793.0
2026-06-02 12:05:00+05:30,574.75,575.15,574.05,574.9,156.0
2026-06-02 12:10:00+05:30,574.1,574.25,573.0,573.9,1155.0
2026-06-02 12:15:00+05:30,573.9,573.9,572.55,573.45,1115.0
2026-06-02 12:20:00+05:30,573.45,573.45,572.0,572.95,699.0
2026-06-02 12:25:00+05:30,572.95,572.95,571.6,571.6,826.0
2026-06-02 12:30:00+05:30,571.6,572.85,570.0,572.85,3654.0
2026-06-02 12:35:00+05:30,572.7,572.85,571.5,571.55,5768.0
2026-06-02 12:40:00+05:30,571.55,572.8,571.05,572.8,1865.0
2026-06-02 12:45:00+05:30,572.8,576.65,572.65,576.65,6711.0
2026-06-02 12:50:00+05:30,575.35,576.25,574.45,575.6,1803.0
2026-06-02 12:55:00+05:30,575.8,577.75,575.25,577.2,2837.0
2026-06-02 13:00:00+05:30,577.65,578.0,576.1,577.1,1555.0
2026-06-02 13:05:00+05:30,577.05,577.25,576.4,576.45,1826.0
2026-06-02 13:10:00+05:30,576.45,577.7,575.0,575.0,1241.0
2026-06-02 13:15:00+05:30,575.0,576.7,575.0,575.95,302.0
2026-06-02 13:20:00+05:30,576.0,577.0,576.0,576.85,1522.0
2026-06-02 13:25:00+05:30,576.85,577.95,576.85,577.85,2001.0
2026-06-02 13:30:00+05:30,577.9,580.0,577.8,579.0,6944.0
2026-06-02 13:35:00+05:30,578.5,578.9,577.9,578.0,1998.0
2026-06-02 13:40:00+05:30,578.0,578.0,577.5,577.5,278.0
2026-06-02 13:45:00+05:30,578.45,579.4,578.45,579.2,4577.0
2026-06-02 13:50:00+05:30,579.05,579.15,578.0,578.0,1848.0
2026-06-02 13:55:00+05:30,578.1,579.0,578.0,578.3,1613.0
2026-06-02 14:00:00+05:30,578.3,578.3,577.05,577.6,5009.0
2026-06-02 14:05:00+05:30,578.05,579.15,577.4,579.15,568.0
2026-06-02 14:10:00+05:30,579.15,579.15,577.55,578.3,1697.0
2026-06-02 14:15:00+05:30,578.45,581.85,577.55,580.5,11191.0
2026-06-02 14:20:00+05:30,579.8,581.1,578.1,579.0,3264.0
2026-06-02 14:25:00+05:30,579.0,580.0,578.5,579.15,1071.0
2026-06-02 14:30:00+05:30,578.85,579.35,578.25,579.25,733.0
2026-06-02 14:35:00+05:30,579.4,579.45,578.0,578.75,911.0
2026-06-02 14:40:00+05:30,578.95,578.95,576.6,577.85,5024.0
2026-06-02 14:45:00+05:30,577.85,578.4,576.0,578.4,3805.0
2026-06-02 14:50:00+05:30,578.9,579.1,577.7,578.4,1804.0
2026-06-02 14:55:00+05:30,578.05,578.9,577.35,577.75,1857.0
2026-06-02 15:00:00+05:30,577.75,578.8,576.55,578.3,3890.0
2026-06-02 15:05:00+05:30,578.4,581.0,578.15,580.0,6629.0
2026-06-02 15:10:00+05:30,580.0,583.0,579.95,582.5,9992.0
2026-06-02 15:15:00+05:30,581.25,583.0,580.55,582.1,10146.0
2026-06-02 15:20:00+05:30,582.6,583.0,582.2,582.5,6961.0
2026-06-02 15:25:00+05:30,583.05,584.0,578.0,580.0,16821.0
2026-06-03 09:15:00+05:30,580.6,580.6,571.65,572.0,14460.0
2026-06-03 09:20:00+05:30,572.0,572.75,570.1,571.1,3000.0
2026-06-03 09:25:00+05:30,570.5,570.9,568.5,570.65,10872.0
2026-06-03 09:30:00+05:30,569.75,570.5,568.5,569.1,4567.0
2026-06-03 09:35:00+05:30,567.75,570.55,567.35,569.4,5280.0
2026-06-03 09:40:00+05:30,569.9,570.25,568.95,569.75,1408.0
2026-06-03 09:45:00+05:30,569.3,571.75,569.1,571.0,4055.0
2026-06-03 09:50:00+05:30,571.75,572.45,570.2,570.2,2812.0
2026-06-03 09:55:00+05:30,570.2,571.3,567.8,567.8,2843.0
2026-06-03 10:00:00+05:30,568.0,568.9,567.1,567.1,3546.0
2026-06-03 10:05:00+05:30,568.4,568.4,567.35,567.75,495.0
2026-06-03 10:10:00+05:30,567.7,568.4,565.2,566.45,4967.0
2026-06-03 10:15:00+05:30,567.4,568.4,566.1,567.45,1756.0
2026-06-03 10:20:00+05:30,568.0,569.9,567.8,569.0,3496.0
2026-06-03 10:25:00+05:30,569.85,571.4,569.6,570.5,1964.0
2026-06-03 10:30:00+05:30,570.5,570.65,568.1,569.1,2840.0
2026-06-03 10:35:00+05:30,567.0,569.0,565.0,568.0,7067.0
2026-06-03 10:40:00+05:30,567.85,570.75,567.85,570.05,21911.0
2026-06-03 10:45:00+05:30,570.85,571.7,570.3,571.7,2143.0
2026-06-03 10:50:00+05:30,571.7,571.8,570.85,570.85,324.0
2026-06-03 10:55:00+05:30,570.7,570.7,569.0,569.6,1737.0
2026-06-03 11:00:00+05:30,569.7,570.25,568.8,569.0,750.0
2026-06-03 11:05:00+05:30,568.7,569.2,565.0,565.95,9123.0
2026-06-03 11:10:00+05:30,565.8,566.2,565.8,566.05,360.0
2026-06-03 11:15:00+05:30,566.7,567.65,566.7,567.65,476.0
2026-06-03 11:20:00+05:30,567.95,567.95,566.85,566.85,432.0
2026-06-03 11:25:00+05:30,567.7,568.0,566.85,566.85,832.0
2026-06-03 11:30:00+05:30,566.85,567.85,566.55,566.55,914.0
2026-06-03 11:35:00+05:30,566.55,567.1,566.0,566.55,1397.0
2026-06-03 11:40:00+05:30,566.55,566.65,565.2,566.15,1077.0
2026-06-03 11:45:00+05:30,565.65,565.95,565.15,565.6,1191.0
2026-06-03 11:50:00+05:30,566.05,566.4,565.6,565.8,176.0
2026-06-03 11:55:00+05:30,565.8,566.6,565.1,565.6,1027.0
2026-06-03 12:00:00+05:30,565.1,565.65,562.5,563.6,5424.0
2026-06-03 12:05:00+05:30,563.25,564.0,563.25,563.65,274.0
2026-06-03 12:10:00+05:30,563.35,564.05,563.05,563.3,1529.0
2026-06-03 12:15:00+05:30,563.3,564.9,563.3,564.9,790.0
2026-06-03 12:20:00+05:30,565.75,566.0,564.0,564.0,2224.0
2026-06-03 12:25:00+05:30,564.8,566.0,564.6,565.05,1229.0
2026-06-03 12:30:00+05:30,565.75,569.2,565.35,569.0,4730.0
2026-06-03 12:35:00+05:30,569.45,571.0,569.0,571.0,3309.0
2026-06-03 12:40:00+05:30,571.0,571.9,570.9,571.0,3202.0
2026-06-03 12:45:00+05:30,571.25,571.25,569.85,570.5,476.0
2026-06-03 12:50:00+05:30,569.8,570.1,569.05,569.25,523.0
2026-06-03 12:55:00+05:30,569.55,570.25,569.5,570.2,921.0
2026-06-03 13:00:00+05:30,570.75,570.75,569.05,569.05,1802.0
2026-06-03 13:05:00+05:30,570.2,570.2,569.1,569.1,245.0
2026-06-03 13:10:00+05:30,569.1,569.1,567.5,568.45,2141.0
2026-06-03 13:15:00+05:30,569.0,569.9,567.8,568.8,1111.0
2026-06-03 13:20:00+05:30,568.8,572.3,568.8,571.6,4893.0
2026-06-03 13:25:00+05:30,572.25,572.25,571.3,571.9,569.0
2026-06-03 13:30:00+05:30,571.35,575.0,571.35,573.0,6666.0
2026-06-03 13:35:00+05:30,572.9,576.0,571.3,574.85,6765.0
2026-06-03 13:40:00+05:30,576.0,586.95,576.0,580.55,26358.0
2026-06-03 13:45:00+05:30,580.6,595.0,580.6,593.5,56573.0
2026-06-03 13:50:00+05:30,593.5,603.95,593.0,599.55,97441.0
2026-06-03 13:55:00+05:30,598.7,602.0,594.75,594.8,24089.0
2026-06-03 14:00:00+05:30,594.55,603.0,594.55,601.0,34238.0
2026-06-03 14:05:00+05:30,602.0,609.9,601.15,607.25,61301.0
2026-06-03 14:10:00+05:30,605.6,606.9,600.0,601.15,35931.0
2026-06-03 14:15:00+05:30,600.1,601.25,595.25,599.0,26743.0
2026-06-03 14:20:00+05:30,598.55,601.55,597.75,598.0,17099.0
2026-06-03 14:25:00+05:30,597.8,600.95,596.35,599.5,12737.0
2026-06-03 14:30:00+05:30,598.6,600.6,597.15,600.55,13651.0
2026-06-03 14:35:00+05:30,600.0,603.0,599.0,600.05,9041.0
2026-06-03 14:40:00+05:30,600.5,606.95,599.65,605.0,17956.0
2026-06-03 14:45:00+05:30,605.25,609.9,603.55,607.0,31922.0
2026-06-03 14:50:00+05:30,607.0,608.5,606.3,608.5,9297.0
2026-06-03 14:55:00+05:30,608.5,610.0,606.6,606.75,13001.0
2026-06-03 15:00:00+05:30,607.6,607.6,598.95,600.4,27006.0
2026-06-03 15:05:00+05:30,600.4,601.75,597.15,598.3,7682.0
2026-06-03 15:10:00+05:30,598.5,602.6,597.55,601.5,11176.0
2026-06-03 15:15:00+05:30,602.15,602.25,594.0,594.4,32757.0
2026-06-03 15:20:00+05:30,595.25,596.25,586.3,590.85,49179.0
2026-06-03 15:25:00+05:30,590.85,598.45,587.2,592.0,31171.0
2026-06-04 09:15:00+05:30,595.0,599.8,589.45,597.0,22297.0
2026-06-04 09:20:00+05:30,597.15,597.15,592.8,594.25,10989.0
2026-06-04 09:25:00+05:30,593.8,594.0,590.75,590.75,5321.0
2026-06-04 09:30:00+05:30,592.0,595.45,590.9,593.15,6781.0
2026-06-04 09:35:00+05:30,593.4,595.25,591.45,592.25,6830.0
2026-06-04 09:40:00+05:30,592.25,594.5,590.1,594.5,4059.0
2026-06-04 09:45:00+05:30,595.0,604.25,594.55,603.95,22296.0
2026-06-04 09:50:00+05:30,603.6,604.0,599.75,602.7,21035.0
2026-06-04 09:55:00+05:30,602.3,606.0,601.0,602.5,15473.0
2026-06-04 10:00:00+05:30,603.0,603.5,601.0,602.7,6492.0
2026-06-04 10:05:00+05:30,602.7,602.7,597.65,600.3,18359.0
2026-06-04 10:10:00+05:30,600.8,602.4,599.05,599.1,4423.0
2026-06-04 10:15:00+05:30,599.05,605.8,598.95,603.3,9150.0
2026-06-04 10:20:00+05:30,604.45,607.2,603.35,605.75,9098.0
2026-06-04 10:25:00+05:30,605.65,605.8,601.5,602.25,4742.0
2026-06-04 10:30:00+05:30,602.25,602.45,596.95,598.35,9804.0
2026-06-04 10:35:00+05:30,598.35,604.5,598.25,602.5,8048.0
2026-06-04 10:40:00+05:30,601.7,602.5,600.0,601.7,3724.0
2026-06-04 10:45:00+05:30,601.65,602.3,600.65,601.0,1517.0
2026-06-04 10:50:00+05:30,601.0,601.3,600.3,601.25,1572.0
2026-06-04 10:55:00+05:30,600.75,601.5,598.2,599.55,5024.0
2026-06-04 11:00:00+05:30,599.4,600.0,598.0,598.8,2104.0
2026-06-04 11:05:00+05:30,599.45,599.45,597.75,598.0,3326.0
2026-06-04 11:10:00+05:30,598.1,599.75,598.05,598.8,1448.0
2026-06-04 11:15:00+05:30,598.65,599.25,598.05,599.05,1222.0
2026-06-04 11:20:00+05:30,599.0,600.0,598.05,600.0,2815.0
2026-06-04 11:25:00+05:30,599.95,601.0,599.85,600.95,1843.0
2026-06-04 11:30:00+05:30,600.25,600.95,599.0,599.7,1787.0
2026-06-04 11:35:00+05:30,599.9,602.0,599.9,601.9,3795.0
2026-06-04 11:40:00+05:30,601.7,601.9,600.1,600.1,1749.0
2026-06-04 11:45:00+05:30,600.1,600.55,599.55,599.55,2759.0
2026-06-04 11:50:00+05:30,599.25,599.9,596.4,597.45,5610.0
2026-06-04 11:55:00+05:30,597.5,599.35,597.5,598.05,1168.0
2026-06-04 12:00:00+05:30,598.05,598.4,597.2,597.2,3510.0
2026-06-04 12:05:00+05:30,597.8,598.1,597.25,597.5,453.0
2026-06-04 12:10:00+05:30,598.0,598.0,597.0,597.4,695.0
2026-06-04 12:15:00+05:30,597.4,598.05,596.75,597.5,1150.0
2026-06-04 12:20:00+05:30,596.65,597.0,596.05,596.85,3899.0
2026-06-04 12:25:00+05:30,597.0,597.5,596.9,597.45,1436.0
2026-06-04 12:30:00+05:30,597.45,597.6,596.0,596.55,1710.0
2026-06-04 12:35:00+05:30,596.3,597.2,596.0,596.55,577.0
2026-06-04 12:40:00+05:30,596.55,597.2,596.1,596.3,1090.0
2026-06-04 12:45:00+05:30,596.0,598.1,596.0,596.8,2962.0
2026-06-04 12:50:00+05:30,597.0,597.25,596.15,596.7,528.0
2026-06-04 12:55:00+05:30,596.1,596.9,596.0,596.0,1035.0
2026-06-04 13:00:00+05:30,596.5,596.8,596.0,596.6,435.0
2026-06-04 13:05:00+05:30,596.0,596.4,595.05,596.25,3357.0
2026-06-04 13:10:00+05:30,596.5,596.5,593.9,594.2,5398.0
2026-06-04 13:15:00+05:30,594.75,595.3,593.0,593.8,4544.0
2026-06-04 13:20:00+05:30,594.7,596.5,593.25,596.25,2838.0
2026-06-04 13:25:00+05:30,596.0,598.65,595.8,598.55,1449.0
2026-06-04 13:30:00+05:30,598.45,598.45,598.0,598.05,395.0
2026-06-04 13:35:00+05:30,598.4,599.6,597.75,599.6,1447.0
2026-06-04 13:40:00+05:30,599.0,599.5,598.0,598.0,1955.0
2026-06-04 13:45:00+05:30,598.15,603.0,598.1,601.75,9247.0
2026-06-04 13:50:00+05:30,601.8,615.0,601.8,614.0,70153.0
2026-06-04 13:55:00+05:30,613.1,614.0,609.8,612.75,38488.0
2026-06-04 14:00:00+05:30,612.5,618.0,610.0,611.0,63666.0
2026-06-04 14:05:00+05:30,610.6,613.2,610.3,612.3,11158.0
2026-06-04 14:10:00+05:30,612.3,612.6,610.7,610.7,7477.0
2026-06-04 14:15:00+05:30,611.0,611.0,606.5,607.9,20998.0
2026-06-04 14:20:00+05:30,607.35,608.75,606.0,606.0,8246.0
2026-06-04 14:25:00+05:30,606.9,608.15,606.1,608.15,3685.0
2026-06-04 14:30:00+05:30,607.4,608.2,605.55,606.15,6893.0
2026-06-04 14:35:00+05:30,606.0,606.95,601.5,604.65,19169.0
2026-06-04 14:40:00+05:30,604.1,604.1,601.5,602.0,6195.0
2026-06-04 14:45:00+05:30,602.8,603.6,602.0,602.35,8218.0
2026-06-04 14:50:00+05:30,602.1,606.0,602.0,604.95,9032.0
2026-06-04 14:55:00+05:30,604.45,611.0,604.35,609.5,16869.0
2026-06-04 15:00:00+05:30,609.85,610.0,607.35,607.7,6814.0
2026-06-04 15:05:00+05:30,607.8,610.05,606.55,610.05,9080.0
2026-06-04 15:10:00+05:30,610.25,610.25,607.8,607.8,3303.0
2026-06-04 15:15:00+05:30,607.8,607.8,603.75,604.8,9112.0
2026-06-04 15:20:00+05:30,604.0,604.95,604.0,604.35,9275.0
2026-06-04 15:25:00+05:30,604.35,605.0,604.0,604.5,15371.0
2026-06-05 09:15:00+05:30,614.4,635.0,614.0,629.85,179893.0
2026-06-05 09:20:00+05:30,628.3,628.95,621.7,625.0,52464.0
2026-06-05 09:25:00+05:30,624.7,624.7,620.4,620.55,28737.0
2026-06-05 09:30:00+05:30,620.0,632.8,620.0,632.5,65526.0
2026-06-05 09:35:00+05:30,632.0,637.2,630.0,631.7,95410.0
2026-06-05 09:40:00+05:30,631.3,632.0,627.4,627.65,23592.0
2026-06-05 09:45:00+05:30,628.2,629.0,624.25,628.9,30904.0
2026-06-05 09:50:00+05:30,628.0,628.35,624.0,626.5,30461.0
2026-06-05 09:55:00+05:30,625.75,631.9,625.45,629.65,32093.0
2026-06-05 10:00:00+05:30,629.65,633.95,627.35,633.05,28974.0
2026-06-05 10:05:00+05:30,634.0,638.0,632.0,635.05,87291.0
2026-06-05 10:10:00+05:30,635.05,636.9,633.3,636.65,28769.0
2026-06-05 10:15:00+05:30,636.45,636.8,629.1,631.0,26653.0
2026-06-05 10:20:00+05:30,631.0,632.0,630.0,630.3,17410.0
2026-06-05 10:25:00+05:30,630.5,630.95,627.15,629.0,15506.0
2026-06-05 10:30:00+05:30,629.0,630.0,626.1,627.05,14994.0
2026-06-05 10:35:00+05:30,626.8,626.9,621.7,622.35,36244.0
2026-06-05 10:40:00+05:30,622.5,624.95,621.0,622.5,17391.0
2026-06-05 10:45:00+05:30,623.0,629.0,621.5,628.25,25283.0
2026-06-05 10:50:00+05:30,628.35,632.0,628.35,631.5,26167.0
2026-06-05 10:55:00+05:30,631.1,633.6,630.85,631.4,12155.0
2026-06-05 11:00:00+05:30,632.5,634.95,632.3,634.9,20019.0
2026-06-05 11:05:00+05:30,634.75,635.0,633.3,634.3,17675.0
2026-06-05 11:10:00+05:30,635.0,635.0,632.45,633.85,8470.0
2026-06-05 11:15:00+05:30,633.9,635.6,631.1,632.85,15580.0
2026-06-05 11:20:00+05:30,632.2,632.8,630.1,631.0,7033.0
2026-06-05 11:25:00+05:30,630.0,630.0,627.1,628.6,10150.0
2026-06-05 11:30:00+05:30,628.35,629.05,627.9,627.9,3813.0
2026-06-05 11:35:00+05:30,627.9,628.05,626.25,627.3,7598.0
2026-06-05 11:40:00+05:30,626.85,628.95,626.75,628.05,3387.0
2026-06-05 11:45:00+05:30,628.0,629.45,627.0,629.1,5191.0
2026-06-05 11:50:00+05:30,629.1,630.0,628.0,628.8,4277.0
2026-06-05 11:55:00+05:30,628.7,628.7,627.15,627.55,2025.0
2026-06-05 12:00:00+05:30,627.55,628.55,626.2,626.2,4836.0
2026-06-05 12:05:00+05:30,625.1,625.3,622.0,622.95,30147.0
2026-06-05 12:10:00+05:30,622.95,622.95,616.95,621.0,41440.0
2026-06-05 12:15:00+05:30,621.0,621.15,617.65,617.8,15613.0
2026-06-05 12:20:00+05:30,616.9,617.35,609.6,612.1,47899.0
2026-06-05 12:25:00+05:30,612.25,614.15,606.55,608.45,31902.0
2026-06-05 12:30:00+05:30,608.2,612.9,606.7,612.05,30495.0
2026-06-05 12:35:00+05:30,614.0,615.0,611.0,615.0,16048.0
2026-06-05 12:40:00+05:30,615.0,618.3,615.0,616.0,17813.0
2026-06-05 12:45:00+05:30,615.95,617.0,613.3,615.85,7918.0
2026-06-05 12:50:00+05:30,615.5,618.9,615.1,618.65,8688.0
2026-06-05 12:55:00+05:30,617.9,618.0,616.55,617.0,2176.0
2026-06-05 13:00:00+05:30,616.75,616.85,614.1,615.5,5670.0
2026-06-05 13:05:00+05:30,615.45,615.55,613.8,613.8,959.0
2026-06-05 13:10:00+05:30,614.05,614.1,611.4,612.5,5447.0
2026-06-05 13:15:00+05:30,612.5,613.8,612.0,613.25,2015.0
2026-06-05 13:20:00+05:30,613.3,613.3,610.0,610.0,4930.0
2026-06-05 13:25:00+05:30,610.0,611.75,610.0,610.0,7419.0
2026-06-05 13:30:00+05:30,610.0,613.2,609.0,612.2,8693.0
2026-06-05 13:35:00+05:30,612.2,614.0,611.5,613.0,3163.0
2026-06-05 13:40:00+05:30,613.0,613.2,610.25,610.3,3201.0
2026-06-05 13:45:00+05:30,610.75,611.7,609.0,609.0,7922.0
2026-06-05 13:50:00+05:30,608.85,613.45,608.85,613.05,13783.0
2026-06-05 13:55:00+05:30,612.15,614.15,611.7,614.15,3741.0
2026-06-05 14:00:00+05:30,615.0,616.0,614.25,614.7,4413.0
2026-06-05 14:05:00+05:30,614.2,615.0,613.15,613.4,15630.0
2026-06-05 14:10:00+05:30,613.65,614.8,611.6,611.6,4407.0
2026-06-05 14:15:00+05:30,611.8,612.2,611.0,612.2,1375.0
2026-06-05 14:20:00+05:30,612.85,614.45,611.45,613.45,8315.0
2026-06-05 14:25:00+05:30,613.15,616.55,611.05,612.25,12336.0
2026-06-05 14:30:00+05:30,612.1,612.55,610.45,612.25,9362.0
2026-06-05 14:35:00+05:30,610.2,610.7,602.0,602.0,38098.0
2026-06-05 14:40:00+05:30,601.5,606.0,599.3,605.55,58302.0
2026-06-05 14:45:00+05:30,605.5,607.6,605.05,606.4,18557.0
2026-06-05 14:50:00+05:30,607.4,607.4,605.2,605.9,5795.0
2026-06-05 14:55:00+05:30,605.2,607.0,600.15,600.7,38143.0
2026-06-05 15:00:00+05:30,599.7,600.8,598.3,599.8,18316.0
2026-06-05 15:05:00+05:30,599.65,601.45,598.35,600.75,10807.0
2026-06-05 15:10:00+05:30,600.75,600.75,598.0,600.0,9727.0
2026-06-05 15:15:00+05:30,600.5,605.0,600.0,604.05,22356.0
2026-06-05 15:20:00+05:30,604.25,605.0,603.7,604.35,22149.0
2026-06-05 15:25:00+05:30,604.5,605.0,601.15,604.1,29212.0
2026-06-08 09:15:00+05:30,587.3,599.6,581.95,598.25,54979.0
2026-06-08 09:20:00+05:30,598.3,602.1,597.35,597.95,19566.0
2026-06-08 09:25:00+05:30,597.8,598.5,595.0,598.2,10265.0
2026-06-08 09:30:00+05:30,598.0,600.9,597.85,598.0,11087.0
2026-06-08 09:35:00+05:30,598.0,598.6,596.0,598.0,4457.0
2026-06-08 09:40:00+05:30,598.0,598.45,596.15,598.45,3007.0
2026-06-08 09:45:00+05:30,599.0,604.75,598.5,603.65,20935.0
2026-06-08 09:50:00+05:30,604.0,608.0,603.1,606.0,21011.0
2026-06-08 09:55:00+05:30,605.7,606.7,604.6,606.7,3518.0
2026-06-08 10:00:00+05:30,606.65,608.0,606.1,607.25,7952.0
2026-06-08 10:05:00+05:30,606.7,607.5,606.0,606.9,8610.0
2026-06-08 10:10:00+05:30,607.1,609.5,607.1,608.15,6527.0
2026-06-08 10:15:00+05:30,608.15,611.0,608.15,611.0,9554.0
2026-06-08 10:20:00+05:30,610.15,612.5,606.0,606.0,15047.0
2026-06-08 10:25:00+05:30,605.4,607.5,604.85,605.5,4866.0
2026-06-08 10:30:00+05:30,606.0,607.05,605.15,606.0,1842.0
2026-06-08 10:35:00+05:30,606.0,606.7,605.0,605.6,1661.0
2026-06-08 10:40:00+05:30,606.25,606.25,605.25,605.3,806.0
2026-06-08 10:45:00+05:30,605.0,605.2,603.1,604.6,5118.0
2026-06-08 10:50:00+05:30,604.8,604.8,600.75,601.35,7645.0
2026-06-08 10:55:00+05:30,601.35,602.0,601.2,601.3,1836.0
2026-06-08 11:00:00+05:30,602.0,603.6,601.3,603.6,1864.0
2026-06-08 11:05:00+05:30,603.35,603.35,600.4,600.9,1510.0
2026-06-08 11:10:00+05:30,600.3,601.3,599.25,599.25,1463.0
2026-06-08 11:15:00+05:30,599.05,600.55,599.05,599.65,2086.0
2026-06-08 11:20:00+05:30,599.65,600.05,598.05,598.7,3263.0
2026-06-08 11:25:00+05:30,599.0,599.55,598.0,598.9,1522.0
2026-06-08 11:30:00+05:30,598.7,599.5,598.0,598.7,2887.0
2026-06-08 11:35:00+05:30,598.7,598.7,597.7,597.7,232.0
2026-06-08 11:40:00+05:30,598.0,599.75,598.0,599.7,1181.0
2026-06-08 11:45:00+05:30,599.7,599.7,597.4,597.4,6255.0
2026-06-08 11:50:00+05:30,596.5,596.95,589.1,590.0,35062.0
2026-06-08 11:55:00+05:30,590.55,591.45,589.25,590.75,4299.0
2026-06-08 12:00:00+05:30,590.15,591.45,589.0,589.0,4264.0
2026-06-08 12:05:00+05:30,589.5,589.5,586.1,587.0,13163.0
2026-06-08 12:10:00+05:30,587.0,589.55,587.0,589.05,4032.0
2026-06-08 12:15:00+05:30,588.5,589.0,588.0,588.45,2172.0
2026-06-08 12:20:00+05:30,588.45,589.1,588.0,588.2,1176.0
2026-06-08 12:25:00+05:30,588.5,588.8,588.2,588.8,1073.0
2026-06-08 12:30:00+05:30,588.75,589.45,588.3,589.0,699.0
2026-06-08 12:35:00+05:30,589.4,589.5,588.25,588.25,1784.0
2026-06-08 12:40:00+05:30,588.2,589.65,588.2,589.4,764.0
2026-06-08 12:45:00+05:30,589.4,590.0,588.9,589.6,4769.0
2026-06-08 12:50:00+05:30,589.6,591.0,589.6,590.95,1318.0
2026-06-08 12:55:00+05:30,590.35,591.75,590.35,591.0,1391.0
2026-06-08 13:00:00+05:30,590.95,591.0,587.05,587.05,1825.0
2026-06-08 13:05:00+05:30,587.6,587.65,582.65,582.65,7130.0
2026-06-08 13:10:00+05:30,583.15,584.7,582.55,584.15,2976.0
2026-06-08 13:15:00+05:30,584.05,585.0,583.3,583.7,2582.0
2026-06-08 13:20:00+05:30,583.55,584.1,583.1,583.5,2737.0
2026-06-08 13:25:00+05:30,583.5,583.8,581.3,581.4,11406.0
2026-06-08 13:30:00+05:30,582.1,582.5,578.1,580.0,18108.0
2026-06-08 13:35:00+05:30,580.05,580.9,578.2,579.05,2959.0
2026-06-08 13:40:00+05:30,578.2,580.95,578.1,580.2,3554.0
2026-06-08 13:45:00+05:30,580.25,580.3,578.15,579.1,1401.0
2026-06-08 13:50:00+05:30,579.0,579.2,576.45,578.05,4868.0
2026-06-08 13:55:00+05:30,578.25,578.65,573.6,574.5,12948.0
2026-06-08 14:00:00+05:30,574.9,577.7,572.0,576.65,13554.0
2026-06-08 14:05:00+05:30,577.05,577.45,575.9,577.05,2138.0
2026-06-08 14:10:00+05:30,576.05,577.4,575.2,575.25,3218.0
2026-06-08 14:15:00+05:30,575.2,577.25,575.2,575.85,2766.0
2026-06-08 14:20:00+05:30,576.6,576.85,575.45,576.0,1648.0
2026-06-08 14:25:00+05:30,575.2,576.35,575.15,575.4,2130.0
2026-06-08 14:30:00+05:30,575.9,576.35,575.45,576.0,1004.0
2026-06-08 14:35:00+05:30,576.35,576.35,574.1,574.1,7089.0
2026-06-08 14:40:00+05:30,574.1,575.45,573.15,574.4,5030.0
2026-06-08 14:45:00+05:30,574.4,575.85,573.9,574.8,10470.0
2026-06-08 14:50:00+05:30,575.0,575.6,574.2,575.05,10673.0
2026-06-08 14:55:00+05:30,575.05,575.7,574.1,575.45,3932.0
2026-06-08 15:00:00+05:30,575.0,575.25,572.35,573.05,10491.0
2026-06-08 15:05:00+05:30,573.75,576.2,572.1,575.0,9918.0
2026-06-08 15:10:00+05:30,575.0,575.15,574.1,574.85,5944.0
2026-06-08 15:15:00+05:30,575.0,575.0,573.45,573.45,4975.0
2026-06-08 15:20:00+05:30,572.6,573.35,570.2,571.15,8793.0
2026-06-08 15:25:00+05:30,571.15,572.8,570.0,571.0,13786.0
2026-06-09 09:15:00+05:30,577.45,585.0,575.95,581.85,37975.0
2026-06-09 09:20:00+05:30,582.55,584.9,575.1,581.0,44025.0
2026-06-09 09:25:00+05:30,581.25,583.05,581.0,582.0,11167.0
2026-06-09 09:30:00+05:30,582.0,593.0,581.25,592.9,30883.0
2026-06-09 09:35:00+05:30,592.35,594.0,591.0,592.6,18670.0
2026-06-09 09:40:00+05:30,591.4,592.25,587.05,587.05,14203.0
2026-06-09 09:45:00+05:30,587.95,588.75,586.05,587.0,3668.0
2026-06-09 09:50:00+05:30,585.05,589.45,585.05,589.45,3038.0
2026-06-09 09:55:00+05:30,588.45,588.45,585.0,585.0,6533.0
2026-06-09 10:00:00+05:30,585.0,588.05,584.5,584.5,4153.0
2026-06-09 10:05:00+05:30,584.2,585.95,583.75,583.75,3624.0
2026-06-09 10:10:00+05:30,584.5,585.85,584.5,584.95,1691.0
2026-06-09 10:15:00+05:30,585.0,585.65,583.35,583.45,1806.0
2026-06-09 10:20:00+05:30,584.55,584.55,580.0,580.15,5764.0
2026-06-09 10:25:00+05:30,580.8,581.65,580.3,581.2,2641.0
2026-06-09 10:30:00+05:30,581.95,582.0,581.0,581.45,1333.0
2026-06-09 10:35:00+05:30,582.0,582.9,579.25,580.9,2945.0
2026-06-09 10:40:00+05:30,580.0,581.5,580.0,581.3,882.0
2026-06-09 10:45:00+05:30,581.2,582.5,578.75,579.85,10402.0
2026-06-09 10:50:00+05:30,579.9,580.2,577.7,578.95,2991.0
2026-06-09 10:55:00+05:30,579.0,580.2,578.45,579.5,1623.0
2026-06-09 11:00:00+05:30,578.85,579.65,577.5,578.5,2497.0
2026-06-09 11:05:00+05:30,578.5,579.45,578.0,579.25,1568.0
2026-06-09 11:10:00+05:30,579.25,579.45,578.1,578.2,640.0
2026-06-09 11:15:00+05:30,578.9,578.9,577.15,578.2,3967.0
2026-06-09 11:20:00+05:30,578.4,578.45,575.7,576.0,6646.0
2026-06-09 11:25:00+05:30,576.2,576.85,575.5,576.45,2562.0
2026-06-09 11:30:00+05:30,576.05,576.5,575.0,575.9,4159.0
2026-06-09 11:35:00+05:30,576.3,577.7,576.3,577.7,514.0
2026-06-09 11:40:00+05:30,577.7,578.8,577.3,578.25,5554.0
2026-06-09 11:45:00+05:30,578.8,581.95,578.8,581.95,1120.0
2026-06-09 11:50:00+05:30,581.85,582.0,579.45,579.95,4692.0
2026-06-09 11:55:00+05:30,579.5,579.5,578.0,578.75,1982.0
2026-06-09 12:00:00+05:30,578.95,579.25,577.85,578.25,2274.0
2026-06-09 12:05:00+05:30,578.95,580.0,577.9,580.0,9286.0
2026-06-09 12:10:00+05:30,578.75,580.0,578.75,580.0,1462.0
2026-06-09 12:15:00+05:30,579.55,580.0,579.0,579.45,725.0
2026-06-09 12:20:00+05:30,579.0,579.5,579.0,579.5,555.0
2026-06-09 12:25:00+05:30,579.5,580.4,579.5,580.0,2202.0
2026-06-09 12:30:00+05:30,580.2,580.75,579.8,580.25,1942.0
2026-06-09 12:35:00+05:30,580.0,580.85,579.6,580.0,3209.0
2026-06-09 12:40:00+05:30,579.6,580.45,579.4,579.7,583.0
2026-06-09 12:45:00+05:30,580.0,580.7,579.4,580.0,242.0
2026-06-09 12:50:00+05:30,580.65,580.65,579.05,580.05,236.0
2026-06-09 12:55:00+05:30,579.35,579.35,577.6,578.9,2506.0
2026-06-09 13:00:00+05:30,578.9,580.0,577.9,579.95,3827.0
2026-06-09 13:05:00+05:30,580.0,580.0,579.0,579.9,2944.0
2026-06-09 13:10:00+05:30,579.5,580.05,578.45,580.0,487.0
2026-06-09 13:15:00+05:30,579.5,581.1,579.0,580.95,705.0
2026-06-09 13:20:00+05:30,580.5,580.7,579.2,579.95,774.0
2026-06-09 13:25:00+05:30,579.85,581.8,579.85,581.45,6982.0
2026-06-09 13:30:00+05:30,581.4,581.55,579.75,579.8,1010.0
2026-06-09 13:35:00+05:30,579.85,580.95,579.5,580.3,1373.0
2026-06-09 13:40:00+05:30,580.3,580.6,579.15,579.45,269.0
2026-06-09 13:45:00+05:30,579.45,580.75,579.45,580.45,263.0
2026-06-09 13:50:00+05:30,580.45,580.45,579.0,579.05,1852.0
2026-06-09 13:55:00+05:30,580.0,580.85,579.05,580.2,4796.0
2026-06-09 14:00:00+05:30,580.0,584.2,580.0,584.2,3595.0
2026-06-09 14:05:00+05:30,584.2,584.2,583.0,583.0,1014.0
2026-06-09 14:10:00+05:30,582.45,585.0,582.4,583.5,3662.0
2026-06-09 14:15:00+05:30,583.75,583.95,583.0,583.95,699.0
2026-06-09 14:20:00+05:30,583.85,583.95,583.05,583.8,612.0
2026-06-09 14:25:00+05:30,583.8,584.95,583.75,583.9,944.0
2026-06-09 14:30:00+05:30,583.9,584.6,582.9,584.6,1441.0
2026-06-09 14:35:00+05:30,584.5,584.65,582.7,584.65,1190.0
2026-06-09 14:40:00+05:30,584.95,586.0,584.9,585.05,3470.0
2026-06-09 14:45:00+05:30,585.0,588.0,585.0,588.0,6190.0
2026-06-09 14:50:00+05:30,587.35,588.0,586.0,587.95,4942.0
2026-06-09 14:55:00+05:30,587.9,589.8,587.0,589.4,5362.0
2026-06-09 15:00:00+05:30,588.85,589.25,586.9,589.25,6070.0
2026-06-09 15:05:00+05:30,588.75,590.8,588.4,589.95,12665.0
2026-06-09 15:10:00+05:30,589.25,590.8,588.2,590.7,5223.0
2026-06-09 15:15:00+05:30,590.0,591.95,590.0,590.6,12866.0
2026-06-09 15:20:00+05:30,590.55,590.55,588.1,589.4,10213.0
2026-06-09 15:25:00+05:30,589.0,590.0,585.4,588.0,12569.0
2026-06-10 09:15:00+05:30,595.0,604.6,594.0,596.15,41939.0
2026-06-10 09:20:00+05:30,596.35,597.5,592.4,595.15,13892.0
2026-06-10 09:25:00+05:30,595.0,595.55,592.0,592.0,5872.0
2026-06-10 09:30:00+05:30,592.5,593.0,591.1,591.1,5025.0
2026-06-10 09:35:00+05:30,591.95,593.0,588.75,589.1,12375.0
2026-06-10 09:40:00+05:30,589.0,589.95,587.5,589.05,2189.0
2026-06-10 09:45:00+05:30,589.75,591.9,588.0,590.25,9447.0
2026-06-10 09:50:00+05:30,590.25,602.5,589.1,600.0,23232.0
2026-06-10 09:55:00+05:30,599.5,603.7,599.5,602.5,20305.0
2026-06-10 10:00:00+05:30,602.0,603.7,600.5,601.3,9828.0
2026-06-10 10:05:00+05:30,601.1,603.5,599.75,601.0,12781.0
2026-06-10 10:10:00+05:30,601.7,602.0,598.0,598.0,5358.0
2026-06-10 10:15:00+05:30,597.65,598.65,597.1,597.55,5550.0
2026-06-10 10:20:00+05:30,597.5,599.0,596.0,596.6,8406.0
2026-06-10 10:25:00+05:30,596.6,596.6,594.5,595.95,3858.0
2026-06-10 10:30:00+05:30,596.95,598.7,595.9,598.7,2686.0
2026-06-10 10:35:00+05:30,598.7,599.6,597.75,598.85,5045.0
2026-06-10 10:40:00+05:30,598.25,599.05,594.85,597.45,12142.0
2026-06-10 10:45:00+05:30,596.4,597.85,596.4,597.7,2209.0
2026-06-10 10:50:00+05:30,597.0,597.1,595.75,595.75,775.0
2026-06-10 10:55:00+05:30,595.0,595.0,594.5,595.0,820.0
2026-06-10 11:00:00+05:30,595.75,595.75,595.05,595.5,905.0
2026-06-10 11:05:00+05:30,594.25,594.5,592.5,593.55,6535.0
2026-06-10 11:10:00+05:30,594.2,594.2,593.5,594.0,1105.0
2026-06-10 11:15:00+05:30,594.7,594.9,590.0,590.0,10163.0
2026-06-10 11:20:00+05:30,590.7,590.85,589.55,590.15,2618.0
2026-06-10 11:25:00+05:30,590.5,591.5,589.5,591.5,3927.0
2026-06-10 11:30:00+05:30,591.0,593.3,589.55,591.0,3418.0
2026-06-10 11:35:00+05:30,591.0,591.35,589.15,589.2,949.0
2026-06-10 11:40:00+05:30,589.05,589.7,588.65,588.7,1939.0
2026-06-10 11:45:00+05:30,589.9,589.9,588.1,589.0,1318.0
2026-06-10 11:50:00+05:30,588.1,588.35,585.0,586.5,7136.0
2026-06-10 11:55:00+05:30,586.5,587.15,586.0,586.8,1004.0
2026-06-10 12:00:00+05:30,586.65,588.0,586.25,587.25,6726.0
2026-06-10 12:05:00+05:30,587.9,588.0,587.3,587.35,79.0
2026-06-10 12:10:00+05:30,587.3,588.35,587.3,588.0,585.0
2026-06-10 12:15:00+05:30,588.0,588.95,588.0,588.95,692.0
2026-06-10 12:20:00+05:30,589.0,589.0,587.35,587.35,407.0
2026-06-10 12:25:00+05:30,587.25,587.65,586.0,587.0,1024.0
2026-06-10 12:30:00+05:30,587.0,587.45,586.0,586.0,1164.0
2026-06-10 12:35:00+05:30,586.0,587.25,586.0,586.0,567.0
2026-06-10 12:40:00+05:30,585.85,586.25,585.0,585.0,1710.0
2026-06-10 12:45:00+05:30,584.4,584.4,582.3,583.55,7186.0
2026-06-10 12:50:00+05:30,583.75,586.5,583.15,586.5,3190.0
2026-06-10 12:55:00+05:30,585.7,588.1,585.7,588.1,1107.0
2026-06-10 13:00:00+05:30,587.0,588.25,586.35,588.1,346.0
2026-06-10 13:05:00+05:30,587.8,588.1,587.05,588.1,74.0
2026-06-10 13:10:00+05:30,588.9,589.15,588.0,588.0,506.0
2026-06-10 13:15:00+05:30,587.0,587.7,586.0,586.5,2469.0
2026-06-10 13:20:00+05:30,587.0,587.9,585.35,585.4,229.0
2026-06-10 13:25:00+05:30,585.4,586.25,584.5,586.25,1577.0
2026-06-10 13:30:00+05:30,586.25,586.25,585.9,585.95,252.0
2026-06-10 13:35:00+05:30,585.95,586.95,585.95,586.4,964.0
2026-06-10 13:40:00+05:30,587.1,587.45,584.75,584.75,1303.0
2026-06-10 13:45:00+05:30,584.75,584.75,583.3,584.0,878.0
2026-06-10 13:50:00+05:30,584.8,584.95,583.5,584.95,833.0
2026-06-10 13:55:00+05:30,583.7,585.55,583.7,584.3,660.0
2026-06-10 14:00:00+05:30,583.2,584.25,583.2,584.1,930.0
2026-06-10 14:05:00+05:30,584.2,584.4,583.75,584.4,1813.0
2026-06-10 14:10:00+05:30,584.4,584.4,582.0,582.45,2118.0
2026-06-10 14:15:00+05:30,582.5,582.5,580.0,581.0,14665.0
2026-06-10 14:20:00+05:30,581.85,582.7,581.05,582.5,710.0
2026-06-10 14:25:00+05:30,582.5,582.8,580.1,581.9,2927.0
2026-06-10 14:30:00+05:30,581.45,581.45,576.6,578.75,7126.0
2026-06-10 14:35:00+05:30,578.75,580.0,577.0,577.0,5378.0
2026-06-10 14:40:00+05:30,576.6,576.95,575.1,575.75,7460.0
2026-06-10 14:45:00+05:30,575.5,576.45,571.8,576.45,11769.0
2026-06-10 14:50:00+05:30,575.8,577.3,575.15,576.8,2940.0
2026-06-10 14:55:00+05:30,577.3,577.35,576.0,577.25,1482.0
2026-06-10 15:00:00+05:30,576.25,578.65,576.25,578.65,2382.0
2026-06-10 15:05:00+05:30,578.7,579.7,577.3,579.7,5629.0
2026-06-10 15:10:00+05:30,578.75,578.8,577.3,577.75,2941.0
2026-06-10 15:15:00+05:30,577.75,577.8,576.0,576.1,4720.0
2026-06-10 15:20:00+05:30,576.75,577.2,575.2,575.95,4881.0
2026-06-10 15:25:00+05:30,575.25,579.9,575.0,576.05,8988.0
2026-06-11 09:15:00+05:30,579.95,580.0,565.8,570.55,35611.0
2026-06-11 09:20:00+05:30,571.8,577.05,571.6,573.0,8905.0
2026-06-11 09:25:00+05:30,572.85,577.0,572.0,577.0,5600.0
2026-06-11 09:30:00+05:30,577.0,577.0,572.0,574.0,9115.0
2026-06-11 09:35:00+05:30,573.95,579.75,573.5,578.9,4927.0
2026-06-11 09:40:00+05:30,580.0,580.0,576.35,577.25,3280.0
2026-06-11 09:45:00+05:30,577.0,577.0,573.0,574.35,4212.0
2026-06-11 09:50:00+05:30,574.15,575.5,573.1,573.1,2835.0
2026-06-11 09:55:00+05:30,573.3,573.75,572.0,572.05,2244.0
2026-06-11 10:00:00+05:30,572.0,572.95,570.1,572.2,3432.0
2026-06-11 10:05:00+05:30,572.3,573.15,570.7,570.7,5432.0
2026-06-11 10:10:00+05:30,571.5,572.5,569.1,569.1,6732.0
2026-06-11 10:15:00+05:30,569.75,572.65,569.65,572.6,2818.0
2026-06-11 10:20:00+05:30,572.05,573.65,571.75,572.0,1444.0
2026-06-11 10:25:00+05:30,571.65,572.0,571.25,571.95,251.0
2026-06-11 10:30:00+05:30,572.05,573.5,572.05,573.5,2128.0
2026-06-11 10:35:00+05:30,572.65,574.0,572.65,573.4,1732.0
2026-06-11 10:40:00+05:30,573.4,574.0,570.6,570.6,3004.0
2026-06-11 10:45:00+05:30,570.6,571.0,570.0,570.2,2706.0
2026-06-11 10:50:00+05:30,569.1,569.75,568.25,568.3,4062.0
2026-06-11 10:55:00+05:30,568.3,569.5,567.15,567.15,2004.0
2026-06-11 11:00:00+05:30,567.0,571.85,566.7,571.85,4724.0
2026-06-11 11:05:00+05:30,571.9,575.6,571.05,575.6,6090.0
2026-06-11 11:10:00+05:30,575.6,575.6,574.75,574.85,1031.0
2026-06-11 11:15:00+05:30,575.0,576.9,575.0,576.8,1496.0
2026-06-11 11:20:00+05:30,576.05,578.0,575.05,578.0,5367.0
2026-06-11 11:25:00+05:30,580.0,584.6,579.9,583.6,23999.0
2026-06-11 11:30:00+05:30,584.0,586.45,579.25,580.45,17814.0
2026-06-11 11:35:00+05:30,581.0,581.0,577.05,578.0,3284.0
2026-06-11 11:40:00+05:30,577.45,579.25,577.05,579.0,2215.0
2026-06-11 11:45:00+05:30,578.5,579.95,578.0,578.2,2312.0
2026-06-11 11:50:00+05:30,579.95,584.0,579.95,583.5,8345.0
2026-06-11 11:55:00+05:30,583.2,583.2,579.75,580.0,401.0
2026-06-11 12:00:00+05:30,580.35,580.9,579.25,580.35,726.0
2026-06-11 12:05:00+05:30,579.2,579.95,577.5,578.7,2134.0
2026-06-11 12:10:00+05:30,579.9,580.0,578.05,578.25,1315.0
2026-06-11 12:15:00+05:30,578.35,579.0,578.35,578.9,1187.0
2026-06-11 12:20:00+05:30,578.85,578.9,578.1,578.7,334.0
2026-06-11 12:25:00+05:30,578.85,580.1,578.6,579.7,5982.0
2026-06-11 12:30:00+05:30,579.7,579.7,578.1,578.95,218.0
2026-06-11 12:35:00+05:30,578.9,579.05,578.1,578.15,360.0
2026-06-11 12:40:00+05:30,578.15,579.1,578.05,578.05,2618.0
2026-06-11 12:45:00+05:30,578.0,579.4,577.65,578.45,1456.0
2026-06-11 12:50:00+05:30,578.4,578.45,576.75,577.0,1658.0
2026-06-11 12:55:00+05:30,577.0,577.0,570.4,570.9,16332.0
2026-06-11 13:00:00+05:30,571.0,572.35,571.0,571.5,4867.0
2026-06-11 13:05:00+05:30,571.0,571.3,570.0,570.0,3178.0
2026-06-11 13:10:00+05:30,569.0,569.75,567.55,567.55,4417.0
2026-06-11 13:15:00+05:30,567.8,568.35,566.6,567.85,1748.0
2026-06-11 13:20:00+05:30,567.3,568.65,567.0,568.2,4245.0
2026-06-11 13:25:00+05:30,567.0,568.25,566.35,566.75,3199.0
2026-06-11 13:30:00+05:30,567.5,567.85,566.6,567.8,1827.0
2026-06-11 13:35:00+05:30,567.7,568.5,566.85,567.5,4454.0
2026-06-11 13:40:00+05:30,568.05,568.1,566.7,567.2,2553.0
2026-06-11 13:45:00+05:30,566.5,567.8,566.15,566.75,2478.0
2026-06-11 13:50:00+05:30,566.7,567.05,562.0,562.55,13448.0
2026-06-11 13:55:00+05:30,563.5,565.0,563.0,563.5,8801.0
2026-06-11 14:00:00+05:30,564.35,564.75,562.5,564.25,3556.0
2026-06-11 14:05:00+05:30,564.25,565.15,563.6,564.0,2417.0
2026-06-11 14:10:00+05:30,564.05,564.25,563.1,563.9,380.0
2026-06-11 14:15:00+05:30,563.95,564.3,563.05,563.55,1139.0
2026-06-11 14:20:00+05:30,563.5,564.25,563.35,563.8,769.0
2026-06-11 14:25:00+05:30,563.5,566.2,563.45,565.75,1220.0
2026-06-11 14:30:00+05:30,565.9,566.8,565.65,565.65,1600.0
2026-06-11 14:35:00+05:30,566.0,567.6,565.65,566.75,22180.0
2026-06-11 14:40:00+05:30,567.95,567.95,565.55,566.0,731.0
2026-06-11 14:45:00+05:30,565.85,565.85,563.45,563.9,1318.0
2026-06-11 14:50:00+05:30,564.35,564.4,563.0,564.0,3224.0
2026-06-11 14:55:00+05:30,563.45,563.9,562.6,563.75,1326.0
2026-06-11 15:00:00+05:30,563.75,565.35,560.0,560.85,16644.0
2026-06-11 15:05:00+05:30,561.0,563.85,560.0,561.6,9066.0
2026-06-11 15:10:00+05:30,561.35,563.85,560.0,562.8,8307.0
2026-06-11 15:15:00+05:30,563.6,565.0,562.3,564.3,5884.0
2026-06-11 15:20:00+05:30,564.95,564.95,562.25,563.5,7670.0
2026-06-11 15:25:00+05:30,563.1,566.0,562.1,566.0,10759.0
2026-06-12 09:15:00+05:30,572.4,585.9,572.4,583.5,34446.0
2026-06-12 09:20:00+05:30,583.5,583.5,579.6,582.0,5889.0
2026-06-12 09:25:00+05:30,582.0,582.8,579.75,580.65,4502.0
2026-06-12 09:30:00+05:30,581.15,588.6,580.7,586.5,24045.0
2026-06-12 09:35:00+05:30,587.7,593.8,586.65,589.95,37339.0
2026-06-12 09:40:00+05:30,588.9,590.0,587.0,587.9,8088.0
2026-06-12 09:45:00+05:30,587.55,591.95,587.55,590.0,10553.0
2026-06-12 09:50:00+05:30,589.35,590.0,584.0,584.0,7808.0
2026-06-12 09:55:00+05:30,583.5,583.8,582.1,583.0,9601.0
2026-06-12 10:00:00+05:30,583.5,583.95,581.6,582.0,2330.0
2026-06-12 10:05:00+05:30,581.85,583.7,581.85,582.25,1112.0
2026-06-12 10:10:00+05:30,582.25,583.9,582.1,583.2,433.0
2026-06-12 10:15:00+05:30,583.1,583.45,581.5,583.0,2716.0
2026-06-12 10:20:00+05:30,583.3,583.9,582.6,583.9,839.0
2026-06-12 10:25:00+05:30,583.9,585.25,583.9,585.1,2406.0
2026-06-12 10:30:00+05:30,584.4,585.05,583.1,583.7,2288.0
2026-06-12 10:35:00+05:30,583.6,586.9,583.6,586.45,2760.0
2026-06-12 10:40:00+05:30,588.8,588.8,587.0,587.2,10358.0
2026-06-12 10:45:00+05:30,587.0,587.4,584.95,585.2,2606.0
2026-06-12 10:50:00+05:30,585.6,586.2,584.7,585.95,2038.0
2026-06-12 10:55:00+05:30,586.1,586.95,585.55,586.5,692.0
2026-06-12 11:00:00+05:30,585.85,587.0,585.85,586.5,532.0
2026-06-12 11:05:00+05:30,586.5,587.0,584.75,585.05,1565.0
2026-06-12 11:10:00+05:30,585.05,586.3,585.05,585.3,957.0
2026-06-12 11:15:00+05:30,585.3,588.0,585.3,585.6,3184.0
2026-06-12 11:20:00+05:30,585.2,587.4,584.9,587.4,1600.0
2026-06-12 11:25:00+05:30,587.75,589.6,586.9,586.9,3600.0
2026-06-12 11:30:00+05:30,587.05,591.5,587.05,591.0,12795.0
2026-06-12 11:35:00+05:30,590.75,592.5,590.75,591.45,4969.0
2026-06-12 11:40:00+05:30,590.9,590.9,589.75,590.35,1762.0
2026-06-12 11:45:00+05:30,589.95,590.45,589.5,590.0,1396.0
2026-06-12 11:50:00+05:30,589.55,592.7,588.65,591.75,7557.0
2026-06-12 11:55:00+05:30,592.0,594.45,591.05,591.4,12965.0
2026-06-12 12:00:00+05:30,591.5,592.25,590.25,592.0,3906.0
2026-06-12 12:05:00+05:30,591.2,592.0,590.6,591.7,998.0
2026-06-12 12:10:00+05:30,591.0,591.15,590.05,590.3,1943.0
2026-06-12 12:15:00+05:30,590.35,590.95,588.1,588.2,2276.0
2026-06-12 12:20:00+05:30,588.2,589.05,588.2,588.35,2829.0
2026-06-12 12:25:00+05:30,587.65,588.55,587.0,587.55,15492.0
2026-06-12 12:30:00+05:30,588.4,588.65,587.8,588.65,350.0
2026-06-12 12:35:00+05:30,588.65,588.8,587.4,588.65,1046.0
2026-06-12 12:40:00+05:30,588.65,588.65,587.15,587.8,35.0
2026-06-12 12:45:00+05:30,587.15,587.15,585.15,585.15,7525.0
2026-06-12 12:50:00+05:30,585.0,585.65,585.0,585.1,431.0
2026-06-12 12:55:00+05:30,584.8,585.85,583.4,585.05,2089.0
2026-06-12 13:00:00+05:30,585.05,585.6,584.55,584.6,1281.0
2026-06-12 13:05:00+05:30,584.6,585.95,584.6,585.2,438.0
2026-06-12 13:10:00+05:30,585.2,586.2,585.2,585.8,211.0
2026-06-12 13:15:00+05:30,585.8,585.8,585.05,585.05,79.0
2026-06-12 13:20:00+05:30,585.65,585.9,585.65,585.7,327.0
2026-06-12 13:25:00+05:30,585.0,587.4,585.0,586.85,732.0
2026-06-12 13:30:00+05:30,586.85,587.8,586.8,587.0,628.0
2026-06-12 13:35:00+05:30,587.75,589.0,586.8,588.9,2523.0
2026-06-12 13:40:00+05:30,590.0,591.65,590.0,590.95,6490.0
2026-06-12 13:45:00+05:30,591.0,595.0,591.0,593.0,17441.0
2026-06-12 13:50:00+05:30,593.0,593.9,591.85,591.85,3929.0
2026-06-12 13:55:00+05:30,591.2,592.4,591.1,591.8,983.0
2026-06-12 14:00:00+05:30,593.0,593.2,591.45,592.65,1262.0
2026-06-12 14:05:00+05:30,592.8,596.0,592.5,594.35,9275.0
2026-06-12 14:10:00+05:30,593.4,596.0,592.5,592.5,7064.0
2026-06-12 14:15:00+05:30,592.45,594.7,591.25,594.45,2972.0
2026-06-12 14:20:00+05:30,594.6,594.7,593.35,594.6,1302.0
2026-06-12 14:25:00+05:30,593.85,594.45,593.6,594.1,1629.0
2026-06-12 14:30:00+05:30,594.45,594.8,594.0,594.1,1717.0
2026-06-12 14:35:00+05:30,594.7,594.7,592.05,592.05,5484.0
2026-06-12 14:40:00+05:30,592.05,593.65,592.0,592.0,1561.0
2026-06-12 14:45:00+05:30,592.0,597.45,592.0,595.25,25085.0
2026-06-12 14:50:00+05:30,596.0,597.0,595.05,595.75,3231.0
2026-06-12 14:55:00+05:30,595.75,595.75,594.6,595.1,1145.0
2026-06-12 15:00:00+05:30,595.0,595.0,593.45,593.8,5078.0
2026-06-12 15:05:00+05:30,594.1,594.95,593.05,593.05,10554.0
2026-06-12 15:10:00+05:30,593.7,594.1,593.0,593.0,3352.0
2026-06-12 15:15:00+05:30,593.55,593.9,592.2,593.0,9551.0
2026-06-12 15:20:00+05:30,593.0,594.9,592.2,594.05,4988.0
2026-06-12 15:25:00+05:30,594.2,595.0,591.3,592.5,16509.0
2026-06-15 09:15:00+05:30,605.45,609.0,605.45,607.0,27336.0
2026-06-15 09:20:00+05:30,606.8,607.75,602.55,603.9,15559.0
2026-06-15 09:25:00+05:30,603.45,604.55,601.3,602.8,6542.0
2026-06-15 09:30:00+05:30,603.1,615.45,603.0,614.95,45106.0
2026-06-15 09:35:00+05:30,614.3,618.0,613.05,616.0,38837.0
2026-06-15 09:40:00+05:30,615.5,616.1,612.05,613.05,11170.0
2026-06-15 09:45:00+05:30,613.1,619.9,612.3,618.65,21847.0
2026-06-15 09:50:00+05:30,618.65,618.65,615.5,616.05,11121.0
2026-06-15 09:55:00+05:30,617.05,617.1,615.0,615.1,5275.0
2026-06-15 10:00:00+05:30,615.1,619.0,614.05,618.0,7278.0
2026-06-15 10:05:00+05:30,617.1,621.0,617.1,618.05,26496.0
2026-06-15 10:10:00+05:30,618.7,622.0,617.6,622.0,14414.0
2026-06-15 10:15:00+05:30,622.0,635.0,622.0,627.6,75906.0
2026-06-15 10:20:00+05:30,627.6,630.0,625.2,628.55,23542.0
2026-06-15 10:25:00+05:30,629.75,629.85,627.6,628.65,11561.0
2026-06-15 10:30:00+05:30,627.15,629.95,626.15,629.5,12124.0
2026-06-15 10:35:00+05:30,629.8,635.15,629.0,633.1,57056.0
2026-06-15 10:40:00+05:30,633.1,635.0,633.1,634.9,24048.0
2026-06-15 10:45:00+05:30,635.0,638.85,633.25,638.05,47710.0
2026-06-15 10:50:00+05:30,638.1,639.8,635.4,636.2,33079.0
2026-06-15 10:55:00+05:30,636.2,643.85,634.4,642.2,48302.0
2026-06-15 11:00:00+05:30,642.85,642.85,634.4,635.25,22600.0
2026-06-15 11:05:00+05:30,635.4,635.65,631.25,633.0,19251.0
2026-06-15 11:10:00+05:30,634.2,634.8,632.15,632.25,6674.0
2026-06-15 11:15:00+05:30,633.4,634.0,632.0,633.65,4620.0
2026-06-15 11:20:00+05:30,634.0,635.65,631.1,631.9,20202.0
2026-06-15 11:25:00+05:30,631.05,633.0,629.5,632.55,22871.0
2026-06-15 11:30:00+05:30,632.45,632.45,629.95,631.3,3640.0
2026-06-15 11:35:00+05:30,631.3,635.7,631.3,634.0,8809.0
2026-06-15 11:40:00+05:30,634.0,639.0,632.15,637.05,13596.0
2026-06-15 11:45:00+05:30,636.8,638.5,635.5,635.5,16716.0
2026-06-15 11:50:00+05:30,635.15,635.95,631.9,632.95,13456.0
2026-06-15 11:55:00+05:30,632.25,636.0,632.25,633.9,7057.0
2026-06-15 12:00:00+05:30,633.25,637.4,633.0,636.15,6662.0
2026-06-15 12:05:00+05:30,636.2,637.0,633.7,634.15,8142.0
2026-06-15 12:10:00+05:30,634.2,634.7,632.15,632.15,2935.0
2026-06-15 12:15:00+05:30,632.3,634.45,628.55,629.65,20198.0
2026-06-15 12:20:00+05:30,629.5,631.0,628.5,630.15,12911.0
2026-06-15 12:25:00+05:30,630.15,630.2,627.15,627.2,8095.0
2026-06-15 12:30:00+05:30,627.95,627.95,625.0,627.05,12723.0
2026-06-15 12:35:00+05:30,627.15,629.35,625.6,625.6,8175.0
2026-06-15 12:40:00+05:30,625.6,627.75,625.5,626.05,10875.0
2026-06-15 12:45:00+05:30,627.2,628.5,626.45,626.8,3175.0
2026-06-15 12:50:00+05:30,626.8,627.3,626.2,626.2,1730.0
2026-06-15 12:55:00+05:30,627.5,629.95,627.5,628.4,6070.0
2026-06-15 13:00:00+05:30,628.75,628.75,626.35,627.25,2457.0
2026-06-15 13:05:00+05:30,627.1,627.85,626.4,627.15,580.0
2026-06-15 13:10:00+05:30,627.8,627.95,626.3,627.05,5192.0
2026-06-15 13:15:00+05:30,627.75,627.75,626.35,627.25,1230.0
2026-06-15 13:20:00+05:30,627.0,627.35,626.35,626.35,1761.0
2026-06-15 13:25:00+05:30,626.05,627.25,625.0,626.25,5667.0
2026-06-15 13:30:00+05:30,626.95,626.95,623.95,624.0,7382.0
2026-06-15 13:35:00+05:30,624.0,625.15,624.0,624.15,2360.0
2026-06-15 13:40:00+05:30,624.25,624.6,621.3,622.95,15064.0
2026-06-15 13:45:00+05:30,622.95,623.3,622.95,623.1,488.0
2026-06-15 13:50:00+05:30,624.05,626.0,623.45,624.3,10511.0
2026-06-15 13:55:00+05:30,624.55,625.6,624.55,625.1,607.0
2026-06-15 14:00:00+05:30,625.55,627.0,625.2,625.25,3574.0
2026-06-15 14:05:00+05:30,626.1,626.2,623.8,624.45,4243.0
2026-06-15 14:10:00+05:30,623.65,625.25,623.65,625.25,1254.0
2026-06-15 14:15:00+05:30,624.6,624.95,623.15,624.25,1106.0
2026-06-15 14:20:00+05:30,624.25,624.25,623.0,623.4,2385.0
2026-06-15 14:25:00+05:30,623.25,624.0,622.25,623.2,1504.0
2026-06-15 14:30:00+05:30,623.0,623.6,622.3,623.45,1315.0
2026-06-15 14:35:00+05:30,623.9,623.95,623.0,623.65,1513.0
2026-06-15 14:40:00+05:30,623.5,623.65,620.8,620.8,5561.0
2026-06-15 14:45:00+05:30,620.4,622.1,620.05,622.1,6330.0
2026-06-15 14:50:00+05:30,622.0,622.0,621.0,621.0,3040.0
2026-06-15 14:55:00+05:30,621.0,623.0,620.15,621.0,11974.0
2026-06-15 15:00:00+05:30,621.0,621.2,617.95,618.75,27170.0
2026-06-15 15:05:00+05:30,618.75,620.45,618.1,620.3,12617.0
2026-06-15 15:10:00+05:30,620.0,620.3,615.4,618.5,20623.0
2026-06-15 15:15:00+05:30,618.1,621.7,616.8,621.0,12215.0
2026-06-15 15:20:00+05:30,620.85,620.85,618.05,619.1,11820.0
2026-06-15 15:25:00+05:30,619.1,620.0,617.5,620.0,12831.0
2026-06-16 09:15:00+05:30,620.0,624.4,615.05,620.25,22185.0
2026-06-16 09:20:00+05:30,620.8,623.45,618.0,622.0,9541.0
2026-06-16 09:25:00+05:30,622.05,629.8,621.25,626.5,46296.0
2026-06-16 09:30:00+05:30,626.85,626.85,622.5,623.85,19344.0
2026-06-16 09:35:00+05:30,622.6,625.05,622.6,624.2,9729.0
2026-06-16 09:40:00+05:30,621.05,623.45,615.25,618.6,21655.0
2026-06-16 09:45:00+05:30,618.75,621.0,617.0,621.0,8323.0
2026-06-16 09:50:00+05:30,621.0,621.0,619.0,619.55,4322.0
2026-06-16 09:55:00+05:30,620.5,620.6,609.0,612.45,50196.0
2026-06-16 10:00:00+05:30,613.85,614.0,604.8,608.3,31161.0
2026-06-16 10:05:00+05:30,607.6,608.95,602.0,604.95,38389.0
2026-06-16 10:10:00+05:30,604.7,607.1,603.75,604.7,26286.0
2026-06-16 10:15:00+05:30,604.7,605.0,603.25,604.9,7010.0
2026-06-16 10:20:00+05:30,605.15,605.15,603.0,603.65,6578.0
2026-06-16 10:25:00+05:30,603.8,605.0,603.15,605.0,1758.0
2026-06-16 10:30:00+05:30,605.0,605.0,603.0,603.35,4432.0
2026-06-16 10:35:00+05:30,603.7,603.7,600.0,601.95,19071.0
2026-06-16 10:40:00+05:30,601.3,601.6,598.0,599.95,19869.0
2026-06-16 10:45:00+05:30,600.9,602.65,600.0,602.65,7435.0
2026-06-16 10:50:00+05:30,602.0,603.8,601.0,602.0,7599.0
2026-06-16 10:55:00+05:30,601.55,602.1,599.85,600.0,2831.0
2026-06-16 11:00:00+05:30,600.45,601.7,599.25,600.5,5016.0
2026-06-16 11:05:00+05:30,600.5,600.9,598.8,600.85,4305.0
2026-06-16 11:10:00+05:30,600.9,601.15,598.15,599.8,15040.0
2026-06-16 11:15:00+05:30,599.75,601.45,599.75,600.65,12017.0
2026-06-16 11:20:00+05:30,600.55,603.45,600.55,602.4,7468.0
2026-06-16 11:25:00+05:30,601.9,603.0,601.6,603.0,3548.0
2026-06-16 11:30:00+05:30,602.9,603.85,602.9,603.05,1804.0
2026-06-16 11:35:00+05:30,603.05,604.0,602.85,604.0,6637.0
2026-06-16 11:40:00+05:30,603.55,604.0,603.0,603.95,3070.0
2026-06-16 11:45:00+05:30,603.65,604.0,603.0,603.0,1915.0
2026-06-16 11:50:00+05:30,603.0,605.0,603.0,605.0,33479.0
2026-06-16 11:55:00+05:30,604.5,604.75,603.0,603.85,4876.0
2026-06-16 12:00:00+05:30,603.4,603.4,600.9,602.0,7095.0
2026-06-16 12:05:00+05:30,602.0,602.0,602.0,602.0,197.0
2026-06-16 12:10:00+05:30,601.8,601.9,600.55,601.9,1253.0
2026-06-16 12:15:00+05:30,601.0,601.0,599.2,600.45,6664.0
2026-06-16 12:20:00+05:30,600.05,600.65,599.2,600.15,1772.0
2026-06-16 12:25:00+05:30,600.15,601.5,600.15,601.5,308.0
2026-06-16 12:30:00+05:30,600.5,601.5,599.45,599.45,4534.0
2026-06-16 12:35:00+05:30,599.85,600.8,599.45,600.2,409.0
2026-06-16 12:40:00+05:30,600.2,600.8,599.9,600.05,1008.0
2026-06-16 12:45:00+05:30,600.4,600.4,599.0,599.9,3633.0
2026-06-16 12:50:00+05:30,599.9,599.9,599.0,599.0,2117.0
2026-06-16 12:55:00+05:30,599.45,599.8,599.0,599.1,1019.0
2026-06-16 13:00:00+05:30,599.1,600.45,599.1,599.25,1289.0
2026-06-16 13:05:00+05:30,599.25,600.5,599.05,600.45,786.0
2026-06-16 13:10:00+05:30,601.0,601.55,600.5,600.5,1236.0
2026-06-16 13:15:00+05:30,600.5,601.45,600.5,601.0,193.0
2026-06-16 13:20:00+05:30,600.5,602.15,600.5,600.95,2145.0
2026-06-16 13:25:00+05:30,600.75,603.25,600.75,602.7,4456.0
2026-06-16 13:30:00+05:30,602.4,603.0,602.4,603.0,425.0
2026-06-16 13:35:00+05:30,603.2,603.2,602.6,602.8,145.0
2026-06-16 13:40:00+05:30,602.85,602.85,601.05,602.2,1896.0
2026-06-16 13:45:00+05:30,601.4,602.3,601.4,602.2,245.0
2026-06-16 13:50:00+05:30,602.0,603.45,601.4,603.45,2210.0
2026-06-16 13:55:00+05:30,602.7,604.3,602.7,604.3,2460.0
2026-06-16 14:00:00+05:30,604.35,608.75,604.35,607.0,9796.0
2026-06-16 14:05:00+05:30,608.25,609.4,606.25,608.0,6002.0
2026-06-16 14:10:00+05:30,608.0,608.65,607.3,608.5,4676.0
2026-06-16 14:15:00+05:30,608.5,610.35,608.1,609.35,5258.0
2026-06-16 14:20:00+05:30,609.6,610.0,607.6,609.8,5603.0
2026-06-16 14:25:00+05:30,609.7,610.0,608.3,608.7,1897.0
2026-06-16 14:30:00+05:30,608.7,609.85,608.2,608.4,2888.0
2026-06-16 14:35:00+05:30,609.45,611.4,609.25,610.8,6704.0
2026-06-16 14:40:00+05:30,611.4,612.35,609.6,609.7,3465.0
2026-06-16 14:45:00+05:30,610.55,610.55,608.0,608.5,6137.0
2026-06-16 14:50:00+05:30,607.55,611.55,607.55,610.85,4539.0
2026-06-16 14:55:00+05:30,611.05,611.05,608.55,609.4,762.0
2026-06-16 15:00:00+05:30,609.4,609.4,607.0,608.0,3511.0
2026-06-16 15:05:00+05:30,608.0,608.8,607.15,607.15,12790.0
2026-06-16 15:10:00+05:30,607.75,608.3,607.0,607.95,4134.0
2026-06-16 15:15:00+05:30,607.95,608.45,606.0,606.85,7619.0
2026-06-16 15:20:00+05:30,606.7,607.0,605.0,606.3,12864.0
2026-06-16 15:25:00+05:30,606.5,608.0,604.5,608.0,14546.0
2026-06-17 09:15:00+05:30,604.0,608.8,591.1,593.95,62500.0
2026-06-17 09:20:00+05:30,593.85,596.25,591.55,594.85,25481.0
2026-06-17 09:25:00+05:30,594.55,595.45,588.45,591.9,35834.0
2026-06-17 09:30:00+05:30,592.3,593.0,590.8,592.2,13816.0
2026-06-17 09:35:00+05:30,592.4,596.5,591.65,594.85,17307.0
2026-06-17 09:40:00+05:30,594.55,599.6,594.55,598.05,12317.0
2026-06-17 09:45:00+05:30,598.55,598.55,596.55,596.8,7310.0
2026-06-17 09:50:00+05:30,597.0,597.45,595.8,596.55,2375.0
2026-06-17 09:55:00+05:30,597.15,599.0,596.5,599.0,8222.0
2026-06-17 10:00:00+05:30,599.1,599.5,596.65,596.65,5390.0
2026-06-17 10:05:00+05:30,596.45,599.9,596.15,599.9,7140.0
2026-06-17 10:10:00+05:30,599.85,600.5,598.9,599.45,7936.0
2026-06-17 10:15:00+05:30,600.35,600.45,599.45,600.45,2318.0
2026-06-17 10:20:00+05:30,599.7,600.5,598.2,599.95,13280.0
2026-06-17 10:25:00+05:30,599.55,599.65,597.4,597.4,3105.0
2026-06-17 10:30:00+05:30,597.7,601.65,597.4,598.75,11630.0
2026-06-17 10:35:00+05:30,598.9,599.75,597.5,597.7,3113.0
2026-06-17 10:40:00+05:30,598.0,599.5,598.0,599.0,2552.0
2026-06-17 10:45:00+05:30,599.1,602.3,598.8,600.0,7871.0
2026-06-17 10:50:00+05:30,600.1,601.95,599.5,601.95,3854.0
2026-06-17 10:55:00+05:30,601.7,603.85,600.85,601.95,7709.0
2026-06-17 11:00:00+05:30,602.0,602.15,600.15,601.2,4698.0
2026-06-17 11:05:00+05:30,602.15,606.5,601.55,606.5,12761.0
2026-06-17 11:10:00+05:30,606.45,606.95,605.2,606.2,4429.0
2026-06-17 11:15:00+05:30,606.2,611.75,606.0,608.0,16388.0
2026-06-17 11:20:00+05:30,608.45,610.0,606.3,606.6,4107.0
2026-06-17 11:25:00+05:30,606.95,606.95,605.1,605.1,1723.0
2026-06-17 11:30:00+05:30,605.1,607.05,602.9,603.6,7584.0
2026-06-17 11:35:00+05:30,604.0,604.85,603.65,604.0,1888.0
2026-06-17 11:40:00+05:30,604.6,604.6,603.15,603.75,1224.0
2026-06-17 11:45:00+05:30,603.75,603.9,601.9,603.75,3072.0
2026-06-17 11:50:00+05:30,604.1,605.1,602.6,602.8,4692.0
2026-06-17 11:55:00+05:30,602.8,603.3,602.0,602.1,2412.0
2026-06-17 12:00:00+05:30,602.1,603.15,602.0,602.75,509.0
2026-06-17 12:05:00+05:30,602.75,605.85,602.75,602.8,5871.0
2026-06-17 12:10:00+05:30,603.45,603.5,602.45,603.4,372.0
2026-06-17 12:15:00+05:30,603.4,603.85,602.65,602.7,391.0
2026-06-17 12:20:00+05:30,603.55,603.7,602.55,602.6,615.0
2026-06-17 12:25:00+05:30,602.1,602.3,600.0,601.65,4891.0
2026-06-17 12:30:00+05:30,601.7,603.0,601.7,602.4,6967.0
2026-06-17 12:35:00+05:30,603.35,603.45,601.9,602.75,132.0
2026-06-17 12:40:00+05:30,602.15,603.15,601.8,601.8,305.0
2026-06-17 12:45:00+05:30,601.8,602.5,601.7,602.0,279.0
2026-06-17 12:50:00+05:30,602.0,602.0,600.1,601.35,2239.0
2026-06-17 12:55:00+05:30,601.9,602.6,599.5,600.6,4880.0
2026-06-17 13:00:00+05:30,600.7,600.7,598.1,599.1,4932.0
2026-06-17 13:05:00+05:30,598.55,600.5,598.35,600.5,970.0
2026-06-17 13:10:00+05:30,599.7,599.85,599.1,599.15,133.0
2026-06-17 13:15:00+05:30,599.15,599.6,598.2,599.6,7570.0
2026-06-17 13:20:00+05:30,598.3,600.0,598.3,600.0,2617.0
2026-06-17 13:25:00+05:30,600.0,600.95,600.0,600.95,207.0
2026-06-17 13:30:00+05:30,600.05,602.0,600.0,602.0,6953.0
2026-06-17 13:35:00+05:30,602.0,602.45,602.0,602.25,117.0
2026-06-17 13:40:00+05:30,602.0,602.5,601.75,601.75,1029.0
2026-06-17 13:45:00+05:30,601.8,601.8,600.7,600.7,2811.0
2026-06-17 13:50:00+05:30,600.7,600.7,596.0,596.95,9977.0
2026-06-17 13:55:00+05:30,597.0,597.45,596.5,596.5,1021.0
2026-06-17 14:00:00+05:30,595.75,597.15,595.4,596.0,7114.0
2026-06-17 14:05:00+05:30,595.9,595.9,593.5,594.95,9444.0
2026-06-17 14:10:00+05:30,594.95,595.0,593.75,594.1,1653.0
2026-06-17 14:15:00+05:30,593.1,595.2,593.1,595.2,2102.0
2026-06-17 14:20:00+05:30,595.15,595.9,594.2,594.5,3934.0
2026-06-17 14:25:00+05:30,594.8,596.0,594.5,596.0,3216.0
2026-06-17 14:30:00+05:30,596.85,596.85,595.25,596.1,2336.0
2026-06-17 14:35:00+05:30,596.35,597.85,595.45,597.1,3012.0
2026-06-17 14:40:00+05:30,597.45,597.55,596.8,597.3,361.0
2026-06-17 14:45:00+05:30,597.3,597.3,596.3,596.85,1085.0
2026-06-17 14:50:00+05:30,596.9,597.45,596.4,597.45,1518.0
2026-06-17 14:55:00+05:30,597.5,597.75,596.0,596.85,3551.0
2026-06-17 15:00:00+05:30,596.0,597.95,596.0,597.95,5215.0
2026-06-17 15:05:00+05:30,597.45,598.0,594.7,594.75,6678.0
2026-06-17 15:10:00+05:30,594.7,595.0,594.35,595.0,4678.0
2026-06-17 15:15:00+05:30,594.45,595.55,593.05,593.4,7642.0
2026-06-17 15:20:00+05:30,594.25,597.25,594.0,594.4,7859.0
2026-06-17 15:25:00+05:30,594.4,597.5,594.4,597.0,8261.0
2026-06-18 09:15:00+05:30,609.95,625.0,602.0,623.25,115121.0
2026-06-18 09:20:00+05:30,622.9,624.0,615.6,619.35,69532.0
2026-06-18 09:25:00+05:30,620.0,620.0,609.8,611.55,38486.0
2026-06-18 09:30:00+05:30,611.55,619.7,611.35,619.7,18961.0
2026-06-18 09:35:00+05:30,618.8,622.5,615.1,621.8,32999.0
2026-06-18 09:40:00+05:30,621.3,625.0,620.5,621.05,28767.0
2026-06-18 09:45:00+05:30,621.25,628.85,618.0,627.5,43090.0
2026-06-18 09:50:00+05:30,627.85,628.9,626.0,626.5,42109.0
2026-06-18 09:55:00+05:30,626.65,627.25,622.0,623.6,15986.0
2026-06-18 10:00:00+05:30,624.3,624.5,622.6,622.75,5823.0
2026-06-18 10:05:00+05:30,622.65,624.15,621.1,622.15,14151.0
2026-06-18 10:10:00+05:30,622.15,623.2,621.1,621.75,4790.0
2026-06-18 10:15:00+05:30,621.1,624.35,620.4,623.6,9648.0
2026-06-18 10:20:00+05:30,624.0,627.0,623.0,625.75,15108.0
2026-06-18 10:25:00+05:30,625.05,625.4,623.0,624.5,11065.0
2026-06-18 10:30:00+05:30,624.1,625.0,623.0,624.25,4664.0
2026-06-18 10:35:00+05:30,624.25,625.9,623.95,624.0,7206.0
2026-06-18 10:40:00+05:30,624.0,630.0,622.35,629.5,55151.0
2026-06-18 10:45:00+05:30,630.0,634.3,625.5,627.45,86674.0
2026-06-18 10:50:00+05:30,627.45,629.8,626.05,629.0,21326.0
2026-06-18 10:55:00+05:30,629.15,630.0,625.95,626.9,8082.0
2026-06-18 11:00:00+05:30,627.0,629.5,627.0,628.15,13185.0
2026-06-18 11:05:00+05:30,628.0,628.0,623.55,625.0,19479.0
2026-06-18 11:10:00+05:30,624.5,627.4,623.6,623.6,7219.0
2026-06-18 11:15:00+05:30,623.6,625.9,623.0,625.0,11215.0
2026-06-18 11:20:00+05:30,624.7,625.0,623.15,624.5,5941.0
2026-06-18 11:25:00+05:30,623.95,625.95,623.35,623.95,13362.0
2026-06-18 11:30:00+05:30,624.7,625.3,624.05,624.05,2971.0
2026-06-18 11:35:00+05:30,624.2,626.0,621.3,621.3,9942.0
2026-06-18 11:40:00+05:30,621.5,623.75,620.15,623.2,11977.0
2026-06-18 11:45:00+05:30,622.85,623.35,621.7,622.8,1038.0
2026-06-18 11:50:00+05:30,623.05,623.6,621.05,621.05,5166.0
2026-06-18 11:55:00+05:30,621.8,622.9,621.05,622.15,1309.0
2026-06-18 12:00:00+05:30,622.6,624.85,622.35,624.05,3493.0
2026-06-18 12:05:00+05:30,623.2,624.1,623.0,623.9,3134.0
2026-06-18 12:10:00+05:30,623.3,624.2,622.55,623.05,4503.0
2026-06-18 12:15:00+05:30,623.05,623.75,621.25,621.5,11384.0
2026-06-18 12:20:00+05:30,621.5,625.15,621.5,624.0,12130.0
2026-06-18 12:25:00+05:30,623.75,624.5,620.05,620.9,21556.0
2026-06-18 12:30:00+05:30,620.95,622.75,620.9,621.85,1104.0
2026-06-18 12:35:00+05:30,621.0,621.6,617.4,617.4,21804.0
2026-06-18 12:40:00+05:30,618.3,619.0,618.0,618.55,1731.0
2026-06-18 12:45:00+05:30,618.2,619.4,618.2,618.5,4952.0
2026-06-18 12:50:00+05:30,618.55,618.55,615.6,615.7,8122.0
2026-06-18 12:55:00+05:30,615.65,615.65,613.85,615.15,8057.0
2026-06-18 13:00:00+05:30,615.5,615.5,613.3,614.8,7244.0
2026-06-18 13:05:00+05:30,614.8,616.25,614.35,615.65,3831.0
2026-06-18 13:10:00+05:30,615.5,615.75,615.0,615.65,2540.0
2026-06-18 13:15:00+05:30,616.0,616.2,615.3,615.3,2529.0
2026-06-18 13:20:00+05:30,615.3,616.55,614.3,616.0,4589.0
2026-06-18 13:25:00+05:30,615.95,615.95,614.5,615.1,1606.0
2026-06-18 13:30:00+05:30,615.1,618.0,615.1,617.75,7051.0
2026-06-18 13:35:00+05:30,617.2,617.75,615.55,616.25,1945.0
2026-06-18 13:40:00+05:30,616.95,616.95,616.25,616.8,1516.0
2026-06-18 13:45:00+05:30,616.2,616.9,614.9,614.9,2707.0
2026-06-18 13:50:00+05:30,615.45,615.45,614.3,615.0,1240.0
2026-06-18 13:55:00+05:30,615.45,615.9,613.3,614.0,4586.0
2026-06-18 14:00:00+05:30,614.05,614.3,612.75,614.3,2502.0
2026-06-18 14:05:00+05:30,614.3,614.3,612.5,613.75,5635.0
2026-06-18 14:10:00+05:30,613.0,613.5,612.95,613.4,2514.0
2026-06-18 14:15:00+05:30,613.4,613.4,612.5,613.3,1741.0
2026-06-18 14:20:00+05:30,613.15,613.9,612.5,613.9,1566.0
2026-06-18 14:25:00+05:30,614.2,615.0,613.45,614.5,3485.0
2026-06-18 14:30:00+05:30,615.1,617.1,614.75,616.0,7439.0
2026-06-18 14:35:00+05:30,616.0,618.75,616.0,618.65,6533.0
2026-06-18 14:40:00+05:30,618.8,619.0,616.35,616.55,7048.0
2026-06-18 14:45:00+05:30,617.6,617.75,614.75,614.75,7477.0
2026-06-18 14:50:00+05:30,614.5,615.15,613.0,613.4,14697.0
2026-06-18 14:55:00+05:30,613.0,615.0,613.0,614.9,2669.0
2026-06-18 15:00:00+05:30,614.5,618.0,614.5,617.85,8994.0
2026-06-18 15:05:00+05:30,617.85,618.0,616.5,617.8,5434.0
2026-06-18 15:10:00+05:30,617.95,619.3,616.85,617.95,8572.0
2026-06-18 15:15:00+05:30,617.75,621.5,617.75,620.0,25531.0
2026-06-18 15:20:00+05:30,621.6,622.0,620.0,621.2,18068.0
2026-06-18 15:25:00+05:30,621.95,628.0,621.65,625.7,47649.0
2026-06-19 09:15:00+05:30,624.0,637.5,615.2,636.95,87563.0
2026-06-19 09:20:00+05:30,637.0,637.0,631.5,631.5,53995.0
2026-06-19 09:25:00+05:30,631.2,632.05,626.45,628.35,24694.0
2026-06-19 09:30:00+05:30,628.05,628.05,625.0,626.65,11582.0
2026-06-19 09:35:00+05:30,625.95,626.75,624.3,625.55,7368.0
2026-06-19 09:40:00+05:30,626.4,632.85,625.65,631.0,24412.0
2026-06-19 09:45:00+05:30,631.0,633.0,630.05,630.05,6454.0
2026-06-19 09:50:00+05:30,630.1,632.8,628.55,632.1,13987.0
2026-06-19 09:55:00+05:30,632.1,633.65,631.45,632.2,5408.0
2026-06-19 10:00:00+05:30,631.65,631.65,629.45,630.55,3517.0
2026-06-19 10:05:00+05:30,631.55,633.5,630.1,630.8,11571.0
2026-06-19 10:10:00+05:30,630.85,631.05,628.5,628.5,5465.0
2026-06-19 10:15:00+05:30,628.4,630.85,628.4,630.15,2524.0
2026-06-19 10:20:00+05:30,630.95,633.4,630.95,633.4,8726.0
2026-06-19 10:25:00+05:30,633.45,633.45,631.9,632.3,8132.0
2026-06-19 10:30:00+05:30,632.0,632.85,630.6,630.6,3255.0
2026-06-19 10:35:00+05:30,630.85,631.3,630.0,630.35,3174.0
2026-06-19 10:40:00+05:30,630.35,631.1,627.0,628.95,8739.0
2026-06-19 10:45:00+05:30,628.05,629.6,623.8,624.6,21478.0
2026-06-19 10:50:00+05:30,625.2,626.4,625.05,625.95,4978.0
2026-06-19 10:55:00+05:30,626.0,626.75,624.95,625.7,1935.0
2026-06-19 11:00:00+05:30,626.3,626.3,624.4,625.25,5696.0
2026-06-19 11:05:00+05:30,624.4,625.5,620.5,623.3,9337.0
2026-06-19 11:10:00+05:30,623.25,625.15,623.2,624.5,5685.0
2026-06-19 11:15:00+05:30,624.4,625.95,624.4,624.6,1452.0
2026-06-19 11:20:00+05:30,624.8,625.0,621.0,623.25,6147.0
2026-06-19 11:25:00+05:30,623.25,623.95,622.4,623.95,1355.0
2026-06-19 11:30:00+05:30,624.15,626.05,623.7,625.65,2611.0
2026-06-19 11:35:00+05:30,625.6,627.05,625.1,625.1,4286.0
2026-06-19 11:40:00+05:30,626.35,627.5,625.65,626.15,3888.0
2026-06-19 11:45:00+05:30,626.0,626.0,624.45,625.45,1393.0
2026-06-19 11:50:00+05:30,624.8,625.6,624.0,625.6,2820.0
2026-06-19 11:55:00+05:30,625.0,625.4,624.05,625.35,1498.0
2026-06-19 12:00:00+05:30,625.35,626.7,625.35,626.4,1959.0
2026-06-19 12:05:00+05:30,626.4,627.0,625.8,625.95,514.0
2026-06-19 12:10:00+05:30,625.9,626.4,625.55,625.55,664.0
2026-06-19 12:15:00+05:30,625.55,627.4,625.55,626.75,2932.0
2026-06-19 12:20:00+05:30,625.55,627.5,625.55,627.5,3087.0
2026-06-19 12:25:00+05:30,627.2,629.0,627.0,628.45,3119.0
2026-06-19 12:30:00+05:30,628.45,629.0,627.25,629.0,3902.0
2026-06-19 12:35:00+05:30,628.75,630.0,628.0,630.0,7958.0
2026-06-19 12:40:00+05:30,629.3,630.0,627.0,627.85,3249.0
2026-06-19 12:45:00+05:30,627.05,632.35,627.05,630.05,11875.0
2026-06-19 12:50:00+05:30,631.0,632.0,630.5,631.2,2031.0
2026-06-19 12:55:00+05:30,630.55,639.9,630.3,636.75,101681.0
2026-06-19 13:00:00+05:30,638.1,639.0,632.5,633.15,48076.0
2026-06-19 13:05:00+05:30,632.5,633.75,628.0,632.0,29473.0
2026-06-19 13:10:00+05:30,632.0,635.45,631.1,634.3,25044.0
2026-06-19 13:15:00+05:30,632.55,637.85,632.55,635.2,20254.0
2026-06-19 13:20:00+05:30,635.5,638.0,634.5,635.95,22359.0
2026-06-19 13:25:00+05:30,635.25,636.7,635.2,636.0,9516.0
2026-06-19 13:30:00+05:30,636.0,637.85,635.0,636.5,17079.0
2026-06-19 13:35:00+05:30,636.0,637.2,635.2,637.2,9630.0
2026-06-19 13:40:00+05:30,637.85,638.0,636.65,636.65,14438.0
2026-06-19 13:45:00+05:30,637.1,637.5,635.0,635.7,7186.0
2026-06-19 13:50:00+05:30,635.65,636.0,633.4,634.1,5046.0
2026-06-19 13:55:00+05:30,634.2,635.05,632.45,633.55,3838.0
2026-06-19 14:00:00+05:30,633.45,634.35,632.7,633.25,2743.0
2026-06-19 14:05:00+05:30,634.0,634.0,630.1,631.2,10065.0
2026-06-19 14:10:00+05:30,631.25,632.85,631.2,632.25,5499.0
2026-06-19 14:15:00+05:30,632.35,632.95,631.3,632.65,4319.0
2026-06-19 14:20:00+05:30,632.7,634.75,632.25,633.0,8672.0
2026-06-19 14:25:00+05:30,633.5,633.5,631.65,632.7,2172.0
2026-06-19 14:30:00+05:30,633.1,634.0,633.1,633.2,4198.0
2026-06-19 14:35:00+05:30,633.8,634.75,632.05,634.05,8561.0
2026-06-19 14:40:00+05:30,633.3,638.0,632.7,637.9,12458.0
2026-06-19 14:45:00+05:30,638.0,638.0,634.15,635.7,46856.0
2026-06-19 14:50:00+05:30,635.7,636.8,631.35,631.7,15218.0
2026-06-19 14:55:00+05:30,631.5,632.0,630.0,631.05,15317.0
2026-06-19 15:00:00+05:30,631.7,634.7,630.2,633.9,12953.0
2026-06-19 15:05:00+05:30,634.25,635.0,633.5,633.5,10073.0
2026-06-19 15:10:00+05:30,633.85,634.3,631.0,632.5,13124.0
2026-06-19 15:15:00+05:30,632.5,635.65,632.5,634.0,17261.0
2026-06-19 15:20:00+05:30,634.0,634.65,632.65,633.0,14322.0
2026-06-19 15:25:00+05:30,632.5,635.85,632.5,634.5,20925.0
2026-06-22 09:15:00+05:30,647.0,654.0,638.1,641.1,156101.0
2026-06-22 09:20:00+05:30,641.05,652.0,640.8,652.0,103265.0
2026-06-22 09:25:00+05:30,651.85,652.85,648.25,650.0,85182.0
2026-06-22 09:30:00+05:30,649.7,651.05,648.15,648.6,34530.0
2026-06-22 09:35:00+05:30,648.6,651.6,645.15,651.35,65485.0
2026-06-22 09:40:00+05:30,651.35,660.0,651.2,656.5,142135.0
2026-06-22 09:45:00+05:30,657.2,658.45,652.75,658.45,42855.0
2026-06-22 09:50:00+05:30,657.9,666.85,657.9,663.95,146960.0
2026-06-22 09:55:00+05:30,663.65,665.8,661.5,664.75,82257.0
2026-06-22 10:00:00+05:30,664.2,664.7,662.0,663.35,24077.0
2026-06-22 10:05:00+05:30,663.35,663.35,655.25,658.85,80573.0
2026-06-22 10:10:00+05:30,658.85,660.8,657.95,658.7,14769.0
2026-06-22 10:15:00+05:30,658.7,659.65,656.35,657.25,13706.0
2026-06-22 10:20:00+05:30,657.2,660.0,656.2,659.2,16158.0
2026-06-22 10:25:00+05:30,659.1,659.8,657.95,659.0,6219.0
2026-06-22 10:30:00+05:30,659.0,659.8,653.1,656.4,25039.0
2026-06-22 10:35:00+05:30,656.75,656.8,655.75,655.8,9873.0
2026-06-22 10:40:00+05:30,656.45,659.0,655.75,659.0,6271.0
2026-06-22 10:45:00+05:30,658.25,662.7,656.7,662.7,18371.0
2026-06-22 10:50:00+05:30,661.8,663.95,661.25,662.8,16283.0
2026-06-22 10:55:00+05:30,662.6,663.4,657.55,658.6,22116.0
2026-06-22 11:00:00+05:30,659.9,663.5,659.55,661.0,12836.0
2026-06-22 11:05:00+05:30,661.4,664.45,660.5,663.0,23149.0
2026-06-22 11:10:00+05:30,662.05,664.6,661.8,663.8,20445.0
2026-06-22 11:15:00+05:30,663.8,663.95,663.0,663.55,7404.0
2026-06-22 11:20:00+05:30,663.55,664.4,660.65,662.0,6001.0
2026-06-22 11:25:00+05:30,662.0,662.8,660.9,661.7,8877.0
2026-06-22 11:30:00+05:30,661.0,663.85,660.0,663.85,14645.0
2026-06-22 11:35:00+05:30,663.4,672.0,662.65,671.5,103672.0
2026-06-22 11:40:00+05:30,671.5,672.2,668.1,671.1,76327.0
2026-06-22 11:45:00+05:30,671.1,671.1,668.0,668.0,26404.0
2026-06-22 11:50:00+05:30,668.0,669.0,661.25,662.05,50113.0
2026-06-22 11:55:00+05:30,662.5,665.1,661.9,665.0,14355.0
2026-06-22 12:00:00+05:30,664.55,665.2,662.2,663.0,9480.0
2026-06-22 12:05:00+05:30,663.0,665.0,662.4,664.65,7742.0
2026-06-22 12:10:00+05:30,664.65,664.9,663.3,664.75,6792.0
2026-06-22 12:15:00+05:30,664.1,664.75,663.5,663.5,3482.0
2026-06-22 12:20:00+05:30,663.5,663.5,661.8,663.0,8845.0
2026-06-22 12:25:00+05:30,662.5,664.0,662.4,663.45,3430.0
2026-06-22 12:30:00+05:30,662.9,663.2,657.35,658.5,38016.0
2026-06-22 12:35:00+05:30,658.5,660.0,656.5,659.7,16091.0
2026-06-22 12:40:00+05:30,659.7,660.0,657.55,658.25,3248.0
2026-06-22 12:45:00+05:30,658.85,659.0,658.0,658.0,2080.0
2026-06-22 12:50:00+05:30,658.45,659.55,658.0,659.25,1930.0
2026-06-22 12:55:00+05:30,658.65,659.95,658.65,659.95,2099.0
2026-06-22 13:00:00+05:30,659.45,659.75,659.1,659.2,3542.0
2026-06-22 13:05:00+05:30,659.3,659.85,658.05,658.75,3495.0
2026-06-22 13:10:00+05:30,658.0,659.0,657.4,657.95,3585.0
2026-06-22 13:15:00+05:30,657.95,659.2,657.4,659.2,8027.0
2026-06-22 13:20:00+05:30,659.2,660.0,658.55,659.4,2958.0
2026-06-22 13:25:00+05:30,658.8,659.4,658.0,658.0,1935.0
2026-06-22 13:30:00+05:30,658.45,658.75,656.2,656.2,3222.0
2026-06-22 13:35:00+05:30,656.2,658.0,655.3,656.6,9452.0
2026-06-22 13:40:00+05:30,656.05,657.95,655.3,657.05,11737.0
2026-06-22 13:45:00+05:30,657.0,659.25,657.0,659.25,1099.0
2026-06-22 13:50:00+05:30,658.85,660.95,657.75,660.45,7311.0
2026-06-22 13:55:00+05:30,661.0,661.95,660.05,660.9,6265.0
2026-06-22 14:00:00+05:30,660.9,661.0,660.1,660.85,2491.0
2026-06-22 14:05:00+05:30,660.55,660.55,658.05,659.15,4063.0
2026-06-22 14:10:00+05:30,659.5,660.85,658.05,660.75,3486.0
2026-06-22 14:15:00+05:30,660.2,660.4,658.3,659.0,2726.0
2026-06-22 14:20:00+05:30,659.0,659.0,657.9,658.3,4446.0
2026-06-22 14:25:00+05:30,659.0,659.7,658.3,659.05,2987.0
2026-06-22 14:30:00+05:30,659.7,660.0,657.2,659.15,5132.0
2026-06-22 14:35:00+05:30,658.6,659.5,658.0,659.45,3016.0
2026-06-22 14:40:00+05:30,659.5,659.8,658.05,658.7,3409.0
2026-06-22 14:45:00+05:30,659.0,659.55,657.1,657.1,6002.0
2026-06-22 14:50:00+05:30,657.0,658.45,657.0,657.9,6707.0
2026-06-22 14:55:00+05:30,657.9,658.0,656.9,657.35,11458.0
2026-06-22 15:00:00+05:30,656.85,658.0,655.25,656.0,14975.0
2026-06-22 15:05:00+05:30,657.5,657.95,656.0,656.0,14724.0
2026-06-22 15:10:00+05:30,656.15,661.15,656.15,660.0,41334.0
2026-06-22 15:15:00+05:30,660.15,665.95,660.0,663.4,68221.0
2026-06-22 15:20:00+05:30,663.35,663.75,660.2,662.5,37499.0
2026-06-22 15:25:00+05:30,662.6,664.9,661.1,661.1,44437.0
2026-06-23 09:15:00+05:30,664.5,669.9,655.5,657.65,57094.0
2026-06-23 09:20:00+05:30,657.65,662.5,653.3,659.65,28799.0
2026-06-23 09:25:00+05:30,659.1,662.2,658.0,658.6,17233.0
2026-06-23 09:30:00+05:30,659.35,661.75,658.3,658.5,8622.0
2026-06-23 09:35:00+05:30,658.5,661.7,658.0,660.25,11274.0
2026-06-23 09:40:00+05:30,661.0,662.8,659.1,662.2,14111.0
2026-06-23 09:45:00+05:30,662.8,665.0,662.0,662.25,18483.0
2026-06-23 09:50:00+05:30,663.3,674.0,662.8,673.0,60883.0
2026-06-23 09:55:00+05:30,673.45,677.45,669.8,676.8,61613.0
2026-06-23 10:00:00+05:30,676.1,681.35,675.35,680.05,106995.0
2026-06-23 10:05:00+05:30,680.0,682.2,677.2,681.95,75682.0
2026-06-23 10:10:00+05:30,682.0,682.0,672.45,677.8,62820.0
2026-06-23 10:15:00+05:30,677.8,681.9,674.6,675.45,32148.0
2026-06-23 10:20:00+05:30,674.7,678.0,672.75,677.35,33678.0
2026-06-23 10:25:00+05:30,678.0,678.9,675.9,676.5,20243.0
2026-06-23 10:30:00+05:30,677.0,678.0,676.0,677.1,16218.0
2026-06-23 10:35:00+05:30,677.05,678.0,676.5,677.45,11897.0
2026-06-23 10:40:00+05:30,679.7,684.0,678.5,679.65,72047.0
2026-06-23 10:45:00+05:30,679.3,681.0,678.2,679.85,13335.0
2026-06-23 10:50:00+05:30,679.9,682.0,679.65,681.7,11110.0
2026-06-23 10:55:00+05:30,681.55,682.5,680.0,680.6,18958.0
2026-06-23 11:00:00+05:30,681.0,682.0,678.0,680.5,18000.0
2026-06-23 11:05:00+05:30,680.5,684.8,678.45,684.1,29307.0
2026-06-23 11:10:00+05:30,684.75,688.7,683.0,687.25,63263.0
2026-06-23 11:15:00+05:30,687.3,688.7,682.7,683.6,50590.0
2026-06-23 11:20:00+05:30,683.0,683.85,677.6,679.0,43636.0
2026-06-23 11:25:00+05:30,679.15,683.45,678.5,681.85,27956.0
2026-06-23 11:30:00+05:30,681.45,682.35,679.25,680.1,27124.0
2026-06-23 11:35:00+05:30,680.0,680.15,677.0,678.9,20793.0
2026-06-23 11:40:00+05:30,679.55,679.55,675.1,676.0,23947.0
2026-06-23 11:45:00+05:30,676.5,676.6,673.0,674.25,35282.0
2026-06-23 11:50:00+05:30,673.4,673.85,668.8,669.9,51392.0
2026-06-23 11:55:00+05:30,670.4,671.5,669.5,670.6,30501.0
2026-06-23 12:00:00+05:30,670.0,670.0,664.0,665.25,51750.0
2026-06-23 12:05:00+05:30,665.55,668.0,665.3,666.2,16414.0
2026-06-23 12:10:00+05:30,666.1,667.3,660.75,662.4,17556.0
2026-06-23 12:15:00+05:30,661.55,664.0,661.0,663.45,14871.0
2026-06-23 12:20:00+05:30,663.45,663.45,657.9,659.95,29053.0
2026-06-23 12:25:00+05:30,660.85,666.85,660.85,665.55,15486.0
2026-06-23 12:30:00+05:30,664.95,665.5,663.05,664.05,4882.0
2026-06-23 12:35:00+05:30,664.1,665.1,662.8,664.9,5027.0
2026-06-23 12:40:00+05:30,664.9,664.9,662.0,663.45,4659.0
2026-06-23 12:45:00+05:30,662.6,664.0,662.0,663.0,2981.0
2026-06-23 12:50:00+05:30,663.5,664.5,663.0,664.5,7131.0
2026-06-23 12:55:00+05:30,665.0,665.75,664.0,664.25,4776.0
2026-06-23 13:00:00+05:30,664.25,665.05,660.0,662.5,20484.0
2026-06-23 13:05:00+05:30,662.0,664.95,662.0,664.95,4093.0
2026-06-23 13:10:00+05:30,664.85,665.1,662.1,662.3,3084.0
2026-06-23 13:15:00+05:30,662.0,663.45,660.4,663.45,4825.0
2026-06-23 13:20:00+05:30,663.8,664.85,662.55,663.65,1934.0
2026-06-23 13:25:00+05:30,663.6,663.6,661.0,662.0,3403.0
2026-06-23 13:30:00+05:30,661.05,661.7,659.5,660.0,10717.0
2026-06-23 13:35:00+05:30,658.85,662.5,658.85,661.4,6507.0
2026-06-23 13:40:00+05:30,660.95,664.1,660.95,663.15,18633.0
2026-06-23 13:45:00+05:30,663.15,663.15,660.85,661.2,4077.0
2026-06-23 13:50:00+05:30,661.65,662.0,659.0,660.0,5394.0
2026-06-23 13:55:00+05:30,659.6,660.0,658.5,659.6,9354.0
2026-06-23 14:00:00+05:30,659.05,663.0,659.0,662.95,7969.0
2026-06-23 14:05:00+05:30,662.5,663.0,660.15,662.0,8463.0
2026-06-23 14:10:00+05:30,661.55,663.4,660.7,662.75,26438.0
2026-06-23 14:15:00+05:30,662.95,664.75,662.45,664.35,6319.0
2026-06-23 14:20:00+05:30,665.0,665.5,663.3,665.5,14389.0
2026-06-23 14:25:00+05:30,665.5,668.85,665.35,667.1,15217.0
2026-06-23 14:30:00+05:30,667.0,667.0,666.0,666.95,1824.0
2026-06-23 14:35:00+05:30,666.95,668.65,666.15,667.5,7831.0
2026-06-23 14:40:00+05:30,667.0,670.95,666.2,670.3,10246.0
2026-06-23 14:45:00+05:30,670.4,672.0,666.1,667.9,24330.0
2026-06-23 14:50:00+05:30,668.15,669.2,666.1,668.0,23078.0
2026-06-23 14:55:00+05:30,669.55,669.95,667.05,668.45,12841.0
2026-06-23 15:00:00+05:30,668.4,669.2,660.3,661.8,21186.0
2026-06-23 15:05:00+05:30,662.95,667.0,662.1,666.35,13190.0
2026-06-23 15:10:00+05:30,666.4,667.5,665.0,665.5,17389.0
2026-06-23 15:15:00+05:30,666.0,667.0,664.25,665.8,16596.0
2026-06-23 15:20:00+05:30,666.5,666.5,663.0,663.0,19033.0
2026-06-23 15:25:00+05:30,663.8,666.0,661.3,665.5,25440.0
2026-06-24 09:15:00+05:30,668.0,673.5,661.35,662.3,36354.0
2026-06-24 09:20:00+05:30,662.0,666.9,661.3,664.05,16314.0
2026-06-24 09:25:00+05:30,663.05,664.45,660.4,661.6,11241.0
2026-06-24 09:30:00+05:30,661.6,664.5,659.55,660.15,8369.0
2026-06-24 09:35:00+05:30,661.25,664.7,659.05,660.85,11098.0
2026-06-24 09:40:00+05:30,660.85,661.5,645.15,650.1,51371.0
2026-06-24 09:45:00+05:30,648.6,648.6,632.1,638.9,121069.0
2026-06-24 09:50:00+05:30,638.0,639.7,635.0,639.7,19598.0
2026-06-24 09:55:00+05:30,639.9,644.05,639.0,639.5,37943.0
2026-06-24 10:00:00+05:30,640.05,644.1,639.1,641.4,15144.0
2026-06-24 10:05:00+05:30,641.4,645.3,641.4,643.0,10440.0
2026-06-24 10:10:00+05:30,644.3,644.95,641.75,643.0,7601.0
2026-06-24 10:15:00+05:30,643.0,644.0,641.0,643.05,7735.0
2026-06-24 10:20:00+05:30,644.0,644.55,640.65,643.8,4756.0
2026-06-24 10:25:00+05:30,643.5,644.2,641.35,641.6,4743.0
2026-06-24 10:30:00+05:30,641.7,643.9,640.5,642.9,6498.0
2026-06-24 10:35:00+05:30,642.75,643.4,641.5,643.05,1588.0
2026-06-24 10:40:00+05:30,642.8,643.25,641.0,641.2,1765.0
2026-06-24 10:45:00+05:30,641.1,642.8,640.9,641.75,1619.0
2026-06-24 10:50:00+05:30,641.5,641.75,639.3,640.35,7963.0
2026-06-24 10:55:00+05:30,640.5,640.5,637.85,638.7,7925.0
2026-06-24 11:00:00+05:30,638.7,639.65,638.2,638.2,3094.0
2026-06-24 11:05:00+05:30,638.6,640.25,638.0,639.6,4837.0
2026-06-24 11:10:00+05:30,639.0,640.65,628.5,628.75,60041.0
2026-06-24 11:15:00+05:30,628.5,633.7,628.4,632.6,13210.0
2026-06-24 11:20:00+05:30,632.65,633.65,631.0,633.05,13732.0
2026-06-24 11:25:00+05:30,633.7,634.3,630.1,634.1,19249.0
2026-06-24 11:30:00+05:30,635.0,635.5,633.75,635.2,6750.0
2026-06-24 11:35:00+05:30,635.2,639.4,634.4,638.9,14872.0
2026-06-24 11:40:00+05:30,638.9,641.0,638.0,638.45,11775.0
2026-06-24 11:45:00+05:30,638.95,640.0,638.0,639.25,10513.0
2026-06-24 11:50:00+05:30,639.25,639.9,636.0,636.0,11005.0
2026-06-24 11:55:00+05:30,636.6,638.3,636.6,638.25,11842.0
2026-06-24 12:00:00+05:30,638.25,642.6,637.35,641.75,9294.0
2026-06-24 12:05:00+05:30,641.65,642.0,639.55,639.55,2945.0
2026-06-24 12:10:00+05:30,639.85,640.0,637.9,639.1,4501.0
2026-06-24 12:15:00+05:30,639.5,639.75,638.75,639.05,968.0
2026-06-24 12:20:00+05:30,639.4,639.5,638.6,638.6,1108.0
2026-06-24 12:25:00+05:30,638.6,638.6,636.75,637.0,3153.0
2026-06-24 12:30:00+05:30,637.6,638.2,636.55,637.25,3129.0
2026-06-24 12:35:00+05:30,637.25,638.15,636.1,637.0,1745.0
2026-06-24 12:40:00+05:30,637.0,637.9,636.65,637.9,285.0
2026-06-24 12:45:00+05:30,638.35,646.9,638.05,645.0,46423.0
2026-06-24 12:50:00+05:30,644.2,648.75,644.1,646.05,19470.0
2026-06-24 12:55:00+05:30,646.05,646.5,644.7,644.9,4169.0
2026-06-24 13:00:00+05:30,645.0,646.4,644.5,644.6,6496.0
2026-06-24 13:05:00+05:30,645.85,646.0,642.05,646.0,7865.0
2026-06-24 13:10:00+05:30,646.0,646.8,645.0,645.0,3371.0
2026-06-24 13:15:00+05:30,644.95,647.6,644.6,646.7,5170.0
2026-06-24 13:20:00+05:30,646.0,652.0,646.0,650.25,21543.0
2026-06-24 13:25:00+05:30,650.95,652.0,650.1,651.2,9585.0
2026-06-24 13:30:00+05:30,651.2,651.85,649.0,649.75,4772.0
2026-06-24 13:35:00+05:30,649.0,649.0,646.55,646.55,2713.0
2026-06-24 13:40:00+05:30,646.3,646.45,645.35,646.0,2857.0
2026-06-24 13:45:00+05:30,645.35,648.2,645.25,647.35,7640.0
2026-06-24 13:50:00+05:30,648.0,649.65,647.95,649.65,1497.0
2026-06-24 13:55:00+05:30,649.95,650.05,649.05,649.05,3950.0
2026-06-24 14:00:00+05:30,649.0,649.05,647.05,647.7,3333.0
2026-06-24 14:05:00+05:30,647.7,649.5,647.5,649.0,2127.0
2026-06-24 14:10:00+05:30,649.0,650.0,647.45,648.65,6756.0
2026-06-24 14:15:00+05:30,648.6,649.95,648.6,649.0,4351.0
2026-06-24 14:20:00+05:30,649.0,649.6,648.05,648.5,3083.0
2026-06-24 14:25:00+05:30,648.5,649.2,648.0,648.1,2226.0
2026-06-24 14:30:00+05:30,648.15,648.8,647.45,648.2,3665.0
2026-06-24 14:35:00+05:30,648.2,648.7,647.4,647.4,1271.0
2026-06-24 14:40:00+05:30,647.8,649.95,647.8,649.05,3873.0
2026-06-24 14:45:00+05:30,648.95,648.95,645.6,646.25,7161.0
2026-06-24 14:50:00+05:30,646.45,647.25,645.4,647.25,2205.0
2026-06-24 14:55:00+05:30,648.6,648.6,646.3,646.3,3056.0
2026-06-24 15:00:00+05:30,645.3,646.9,645.3,646.25,9168.0
2026-06-24 15:05:00+05:30,646.95,647.0,645.25,646.1,8022.0
2026-06-24 15:10:00+05:30,646.05,647.8,642.25,644.0,20671.0
2026-06-24 15:15:00+05:30,643.95,644.9,642.05,642.8,17016.0
2026-06-24 15:20:00+05:30,642.15,643.6,640.8,641.5,29387.0
2026-06-24 15:25:00+05:30,642.0,643.8,640.1,643.0,22641.0
2026-06-25 09:15:00+05:30,648.5,655.95,643.5,652.2,42022.0
2026-06-25 09:20:00+05:30,652.7,659.0,650.35,653.6,22580.0
2026-06-25 09:25:00+05:30,653.35,655.1,650.3,652.6,14752.0
2026-06-25 09:30:00+05:30,652.7,652.85,647.0,650.75,13094.0
2026-06-25 09:35:00+05:30,649.75,652.0,647.35,647.35,9998.0
2026-06-25 09:40:00+05:30,648.2,648.3,645.05,646.95,6803.0
2026-06-25 09:45:00+05:30,646.5,647.45,643.1,644.8,7320.0
2026-06-25 09:50:00+05:30,645.05,645.5,643.1,645.5,4974.0
2026-06-25 09:55:00+05:30,645.0,645.0,641.5,641.5,10769.0
2026-06-25 10:00:00+05:30,641.25,641.95,638.45,641.1,10407.0
2026-06-25 10:05:00+05:30,641.1,641.7,639.0,640.35,9384.0
2026-06-25 10:10:00+05:30,640.95,640.95,639.9,640.35,4097.0
2026-06-25 10:15:00+05:30,640.05,641.45,640.0,640.8,1482.0
2026-06-25 10:20:00+05:30,640.15,640.9,638.3,638.3,4350.0
2026-06-25 10:25:00+05:30,639.0,639.6,637.1,638.9,4996.0
2026-06-25 10:30:00+05:30,638.25,639.5,637.85,639.0,2409.0
2026-06-25 10:35:00+05:30,638.95,639.0,638.0,638.75,2070.0
2026-06-25 10:40:00+05:30,638.0,638.75,637.05,637.55,2188.0
2026-06-25 10:45:00+05:30,637.7,637.85,636.5,637.6,1681.0
2026-06-25 10:50:00+05:30,637.55,638.0,636.0,636.75,2366.0
2026-06-25 10:55:00+05:30,636.75,636.75,634.1,635.05,7344.0
2026-06-25 11:00:00+05:30,635.4,635.65,634.05,634.05,1180.0
2026-06-25 11:05:00+05:30,634.75,637.0,632.6,635.75,17372.0
2026-06-25 11:10:00+05:30,636.45,638.9,635.75,638.0,8028.0
2026-06-25 11:15:00+05:30,638.85,642.95,638.25,640.65,7309.0
2026-06-25 11:20:00+05:30,640.0,641.8,639.2,641.8,4931.0
2026-06-25 11:25:00+05:30,641.8,642.0,640.85,641.25,835.0
2026-06-25 11:30:00+05:30,643.0,643.0,638.75,639.0,7778.0
2026-06-25 11:35:00+05:30,638.4,639.0,636.65,636.65,1456.0
2026-06-25 11:40:00+05:30,637.65,638.75,636.65,637.75,1009.0
2026-06-25 11:45:00+05:30,639.0,640.0,637.9,639.0,4910.0
2026-06-25 11:50:00+05:30,639.25,639.4,638.35,638.35,6573.0
2026-06-25 11:55:00+05:30,638.4,639.35,638.4,638.7,499.0
2026-06-25 12:00:00+05:30,638.7,639.4,638.5,639.4,405.0
2026-06-25 12:05:00+05:30,639.4,639.55,638.0,638.05,1115.0
2026-06-25 12:10:00+05:30,638.1,639.5,638.1,639.0,703.0
2026-06-25 12:15:00+05:30,639.0,639.0,637.85,638.0,1207.0
2026-06-25 12:20:00+05:30,638.0,638.4,636.1,636.9,1256.0
2026-06-25 12:25:00+05:30,636.25,637.25,636.05,636.05,582.0
2026-06-25 12:30:00+05:30,638.1,638.1,633.3,634.8,4842.0
2026-06-25 12:35:00+05:30,635.0,635.0,634.05,634.1,1199.0
2026-06-25 12:40:00+05:30,634.8,635.4,634.5,635.35,817.0
2026-06-25 12:45:00+05:30,635.35,635.35,634.0,635.0,710.0
2026-06-25 12:50:00+05:30,635.0,635.6,634.1,635.6,617.0
2026-06-25 12:55:00+05:30,634.75,635.05,633.95,634.0,1457.0
2026-06-25 13:00:00+05:30,634.0,634.0,630.15,630.5,20343.0
2026-06-25 13:05:00+05:30,630.5,631.95,630.0,630.6,3654.0
2026-06-25 13:10:00+05:30,630.6,631.15,628.8,629.25,5167.0
2026-06-25 13:15:00+05:30,630.0,631.0,629.55,630.85,5480.0
2026-06-25 13:20:00+05:30,631.25,631.9,631.0,631.65,1404.0
2026-06-25 13:25:00+05:30,631.05,631.9,631.0,631.55,661.0
2026-06-25 13:30:00+05:30,631.0,631.45,630.25,630.25,969.0
2026-06-25 13:35:00+05:30,630.4,631.65,630.05,631.65,1597.0
2026-06-25 13:40:00+05:30,631.9,632.9,631.2,632.9,2105.0
2026-06-25 13:45:00+05:30,632.65,632.9,631.1,631.95,3677.0
2026-06-25 13:50:00+05:30,631.95,632.0,630.9,630.9,1444.0
2026-06-25 13:55:00+05:30,630.85,630.85,630.15,630.2,348.0
2026-06-25 14:00:00+05:30,630.05,630.3,629.5,629.5,5385.0
2026-06-25 14:05:00+05:30,629.25,630.0,629.05,629.95,1104.0
2026-06-25 14:10:00+05:30,629.95,634.55,629.05,633.95,37864.0
2026-06-25 14:15:00+05:30,634.5,635.0,633.0,635.0,4961.0
2026-06-25 14:20:00+05:30,635.75,636.55,634.0,635.05,2660.0
2026-06-25 14:25:00+05:30,634.95,635.6,634.45,635.0,1262.0
2026-06-25 14:30:00+05:30,635.0,636.5,635.0,636.0,4359.0
2026-06-25 14:35:00+05:30,636.0,637.15,634.45,635.15,1944.0
2026-06-25 14:40:00+05:30,634.15,634.4,632.35,632.35,1329.0
2026-06-25 14:45:00+05:30,632.15,632.8,631.05,632.0,1885.0
2026-06-25 14:50:00+05:30,632.45,633.45,631.65,633.45,2390.0
2026-06-25 14:55:00+05:30,633.5,634.3,633.0,634.0,1695.0
2026-06-25 15:00:00+05:30,633.9,634.45,632.4,634.45,4496.0
2026-06-25 15:05:00+05:30,635.0,635.1,632.55,633.4,14142.0
2026-06-25 15:10:00+05:30,633.95,634.0,632.75,632.75,3189.0
2026-06-25 15:15:00+05:30,633.25,633.25,617.1,621.0,82552.0
2026-06-25 15:20:00+05:30,621.45,624.0,619.0,622.5,28854.0
2026-06-25 15:25:00+05:30,622.65,624.8,621.0,622.6,24329.0
2026-06-29 09:15:00+05:30,624.55,626.95,618.25,622.0,16807.0
2026-06-29 09:20:00+05:30,622.0,626.0,620.2,621.7,27314.0
2026-06-29 09:25:00+05:30,621.7,625.9,621.0,625.0,26816.0
2026-06-29 09:30:00+05:30,624.35,624.35,621.3,622.6,3899.0
2026-06-29 09:35:00+05:30,623.0,624.7,620.55,623.3,1866.0
2026-06-29 09:40:00+05:30,622.4,623.0,621.5,622.6,2083.0
2026-06-29 09:45:00+05:30,622.6,623.9,622.4,623.3,2197.0
2026-06-29 09:50:00+05:30,622.5,626.9,622.5,626.1,10848.0
2026-06-29 09:55:00+05:30,625.95,628.3,625.65,628.1,4857.0
2026-06-29 10:00:00+05:30,627.95,632.25,627.0,631.0,8846.0
2026-06-29 10:05:00+05:30,632.0,634.0,629.7,632.5,11283.0
2026-06-29 10:10:00+05:30,632.5,633.75,631.3,631.5,5744.0
2026-06-29 10:15:00+05:30,632.35,635.0,631.5,633.05,9030.0
2026-06-29 10:20:00+05:30,633.1,635.0,632.5,633.55,4852.0
2026-06-29 10:25:00+05:30,634.65,636.0,633.55,634.3,5364.0
2026-06-29 10:30:00+05:30,633.4,633.9,632.1,633.8,2765.0
2026-06-29 10:35:00+05:30,633.05,633.8,632.25,632.65,2897.0
2026-06-29 10:40:00+05:30,632.9,633.4,632.25,633.4,3620.0
2026-06-29 10:45:00+05:30,632.7,633.25,628.0,628.0,9160.0
2026-06-29 10:50:00+05:30,627.4,628.2,625.0,625.5,12395.0
2026-06-29 10:55:00+05:30,625.5,627.15,625.1,626.45,2006.0
2026-06-29 11:00:00+05:30,626.45,626.45,626.0,626.4,57.0
2026-06-29 11:05:00+05:30,626.4,626.9,625.25,626.9,1487.0
2026-06-29 11:10:00+05:30,626.4,626.6,625.05,626.1,1347.0
2026-06-29 11:15:00+05:30,625.1,626.0,625.05,625.7,384.0
2026-06-29 11:20:00+05:30,625.7,626.45,623.25,624.75,4357.0
2026-06-29 11:25:00+05:30,624.0,624.9,623.7,623.7,2677.0
2026-06-29 11:30:00+05:30,623.15,626.3,623.15,623.8,3163.0
2026-06-29 11:35:00+05:30,623.95,625.2,623.05,624.3,3575.0
2026-06-29 11:40:00+05:30,624.3,624.3,623.0,623.0,377.0
2026-06-29 11:45:00+05:30,622.5,623.45,621.55,621.6,3376.0
2026-06-29 11:50:00+05:30,621.6,623.25,621.1,621.6,2873.0
2026-06-29 11:55:00+05:30,621.7,622.5,621.7,622.0,405.0
2026-06-29 12:00:00+05:30,621.1,622.25,621.0,621.45,1431.0
2026-06-29 12:05:00+05:30,621.0,622.0,620.9,620.95,2363.0
2026-06-29 12:10:00+05:30,621.6,621.85,620.6,620.6,1777.0
2026-06-29 12:15:00+05:30,620.5,621.25,620.2,620.6,1213.0
2026-06-29 12:20:00+05:30,620.2,621.7,620.2,620.6,2148.0
2026-06-29 12:25:00+05:30,621.5,622.5,620.25,620.6,2652.0
2026-06-29 12:30:00+05:30,620.1,621.1,620.1,621.0,2093.0
2026-06-29 12:35:00+05:30,620.95,621.45,620.35,620.35,509.0
2026-06-29 12:40:00+05:30,620.35,620.35,618.45,619.5,5184.0
2026-06-29 12:45:00+05:30,619.6,622.75,619.5,622.05,2358.0
2026-06-29 12:50:00+05:30,621.55,622.35,621.55,622.35,1449.0
2026-06-29 12:55:00+05:30,622.4,623.0,622.05,623.0,400.0
2026-06-29 13:00:00+05:30,623.0,624.35,622.8,622.8,1651.0
2026-06-29 13:05:00+05:30,622.8,623.25,622.1,622.1,122.0
2026-06-29 13:10:00+05:30,623.1,624.1,622.65,624.1,1240.0
2026-06-29 13:15:00+05:30,622.85,623.05,622.4,622.4,384.0
2026-06-29 13:20:00+05:30,622.1,622.4,621.95,622.0,423.0
2026-06-29 13:25:00+05:30,622.0,622.9,622.0,622.3,290.0
2026-06-29 13:30:00+05:30,622.3,623.0,622.3,623.0,884.0
2026-06-29 13:35:00+05:30,622.5,624.9,622.5,624.9,1855.0
2026-06-29 13:40:00+05:30,624.8,624.8,623.1,623.1,974.0
2026-06-29 13:45:00+05:30,623.1,624.9,623.1,624.5,197.0
2026-06-29 13:50:00+05:30,624.5,625.9,624.5,625.9,709.0
2026-06-29 13:55:00+05:30,625.2,626.4,625.2,625.85,2726.0
2026-06-29 14:00:00+05:30,625.85,626.4,625.15,625.8,1612.0
2026-06-29 14:05:00+05:30,626.65,627.9,625.5,627.05,2706.0
2026-06-29 14:10:00+05:30,626.5,630.8,626.5,629.85,3960.0
2026-06-29 14:15:00+05:30,630.45,630.45,628.55,628.55,348.0
2026-06-29 14:20:00+05:30,628.5,629.4,628.15,629.0,985.0
2026-06-29 14:25:00+05:30,629.0,630.5,627.5,630.5,4528.0
2026-06-29 14:30:00+05:30,629.75,630.9,628.55,629.4,1760.0
2026-06-29 14:35:00+05:30,628.85,629.0,628.6,628.6,643.0
2026-06-29 14:40:00+05:30,628.6,629.9,627.5,629.85,1558.0
2026-06-29 14:45:00+05:30,629.75,629.75,627.15,628.55,1614.0
2026-06-29 14:50:00+05:30,628.3,628.4,626.0,627.0,2995.0
2026-06-29 14:55:00+05:30,627.0,627.55,626.45,626.55,1194.0
2026-06-29 15:00:00+05:30,626.55,629.8,624.9,627.05,6599.0
2026-06-29 15:05:00+05:30,626.9,629.2,626.75,628.95,4882.0
2026-06-29 15:10:00+05:30,628.25,628.25,622.1,622.1,13019.0
2026-06-29 15:15:00+05:30,622.1,622.8,621.1,622.8,4481.0
2026-06-29 15:20:00+05:30,622.65,623.1,620.85,622.95,11405.0
2026-06-29 15:25:00+05:30,623.6,627.95,620.85,622.0,16588.0
2026-06-30 09:15:00+05:30,626.15,631.2,622.0,622.0,11952.0
2026-06-30 09:20:00+05:30,623.0,625.8,620.1,621.35,8613.0
2026-06-30 09:25:00+05:30,621.35,624.95,619.4,622.0,4528.0
2026-06-30 09:30:00+05:30,621.2,622.2,620.1,621.4,2349.0
2026-06-30 09:35:00+05:30,621.35,624.0,620.5,624.0,5646.0
2026-06-30 09:40:00+05:30,624.95,625.8,623.05,623.85,1795.0
2026-06-30 09:45:00+05:30,623.85,624.15,621.8,622.1,1739.0
2026-06-30 09:50:00+05:30,622.1,623.6,622.1,622.65,373.0
2026-06-30 09:55:00+05:30,622.4,622.5,622.1,622.35,792.0
2026-06-30 10:00:00+05:30,622.5,623.05,621.8,622.75,1239.0
2026-06-30 10:05:00+05:30,623.1,623.85,622.0,622.55,1344.0
2026-06-30 10:10:00+05:30,622.0,623.0,621.2,621.75,2112.0
2026-06-30 10:15:00+05:30,621.7,621.8,620.0,620.8,923.0
2026-06-30 10:20:00+05:30,620.7,620.7,619.1,619.45,3909.0
2026-06-30 10:25:00+05:30,619.85,620.1,619.1,619.25,1273.0
2026-06-30 10:30:00+05:30,619.45,623.35,618.1,623.35,9875.0
2026-06-30 10:35:00+05:30,622.55,629.9,622.55,625.9,8158.0
2026-06-30 10:40:00+05:30,625.9,625.9,622.05,622.25,2390.0
2026-06-30 10:45:00+05:30,622.05,626.6,622.05,625.95,2710.0
2026-06-30 10:50:00+05:30,626.95,626.95,625.4,625.95,552.0
2026-06-30 10:55:00+05:30,625.85,627.4,624.05,625.55,2534.0
2026-06-30 11:00:00+05:30,625.2,625.95,623.05,624.55,1519.0
2026-06-30 11:05:00+05:30,624.55,624.75,623.1,623.2,988.0
2026-06-30 11:10:00+05:30,622.9,626.0,622.9,625.15,495.0
2026-06-30 11:15:00+05:30,625.4,626.4,625.2,626.0,328.0
2026-06-30 11:20:00+05:30,625.8,627.2,624.25,626.0,1418.0
2026-06-30 11:25:00+05:30,626.5,626.5,625.65,625.65,196.0
2026-06-30 11:30:00+05:30,625.65,626.25,623.95,624.9,2833.0
2026-06-30 11:35:00+05:30,624.9,625.35,624.35,625.0,77.0
2026-06-30 11:40:00+05:30,625.7,625.95,625.35,625.35,260.0
2026-06-30 11:45:00+05:30,625.35,625.35,625.0,625.35,271.0
2026-06-30 11:50:00+05:30,625.35,625.95,625.0,625.95,304.0
2026-06-30 11:55:00+05:30,625.95,625.95,624.5,625.45,661.0
2026-06-30 12:00:00+05:30,624.25,624.9,622.8,623.85,2480.0
2026-06-30 12:05:00+05:30,623.85,624.6,622.9,623.45,1518.0
2026-06-30 12:10:00+05:30,624.3,624.3,622.55,623.2,1201.0
2026-06-30 12:15:00+05:30,623.2,623.6,623.2,623.2,101.0
2026-06-30 12:20:00+05:30,623.2,623.4,621.75,623.4,3340.0
2026-06-30 12:25:00+05:30,623.35,623.9,622.85,623.4,566.0
2026-06-30 12:30:00+05:30,623.3,623.9,622.7,622.8,2038.0
2026-06-30 12:35:00+05:30,622.8,623.0,622.0,623.0,321.0
2026-06-30 12:40:00+05:30,623.0,623.5,623.0,623.25,338.0
2026-06-30 12:45:00+05:30,623.3,624.45,622.55,624.0,1565.0
2026-06-30 12:50:00+05:30,623.85,623.85,623.0,623.7,108.0
2026-06-30 12:55:00+05:30,623.7,624.3,623.0,623.0,1093.0
2026-06-30 13:00:00+05:30,623.0,624.0,623.0,624.0,1268.0
2026-06-30 13:05:00+05:30,624.05,624.8,623.5,623.55,2443.0
2026-06-30 13:10:00+05:30,623.5,624.15,623.0,623.0,527.0
2026-06-30 13:15:00+05:30,623.55,623.55,622.05,622.85,1752.0
2026-06-30 13:20:00+05:30,622.35,623.0,621.9,622.95,653.0
2026-06-30 13:25:00+05:30,622.65,623.2,622.4,623.2,306.0
2026-06-30 13:30:00+05:30,622.95,623.5,621.95,623.5,523.0
2026-06-30 13:35:00+05:30,622.5,622.7,622.35,622.7,1186.0
2026-06-30 13:40:00+05:30,622.95,624.35,622.95,624.35,951.0
2026-06-30 13:45:00+05:30,624.35,624.35,622.95,622.95,1022.0
2026-06-30 13:50:00+05:30,623.55,623.9,622.75,623.85,482.0
2026-06-30 13:55:00+05:30,623.75,623.75,622.8,623.0,392.0
2026-06-30 14:00:00+05:30,623.0,623.65,621.0,621.0,2303.0
2026-06-30 14:05:00+05:30,621.0,622.4,620.1,622.4,1674.0
2026-06-30 14:10:00+05:30,622.4,622.6,621.3,621.4,1498.0
2026-06-30 14:15:00+05:30,621.4,621.6,620.7,621.2,372.0
2026-06-30 14:20:00+05:30,621.2,622.0,620.05,622.0,5051.0
2026-06-30 14:25:00+05:30,622.65,623.75,621.7,622.4,2975.0
2026-06-30 14:30:00+05:30,622.3,623.0,621.5,622.0,1408.0
2026-06-30 14:35:00+05:30,622.0,623.45,621.5,622.1,1024.0
2026-06-30 14:40:00+05:30,622.1,622.1,621.1,621.95,258.0
2026-06-30 14:45:00+05:30,621.45,621.95,620.1,621.4,2597.0
2026-06-30 14:50:00+05:30,620.0,621.7,620.0,621.55,2374.0
2026-06-30 14:55:00+05:30,620.95,621.05,619.5,619.55,1961.0
2026-06-30 15:00:00+05:30,619.4,619.75,618.45,619.6,2177.0
2026-06-30 15:05:00+05:30,619.6,620.15,618.15,619.1,5618.0
2026-06-30 15:10:00+05:30,619.45,619.9,619.0,619.65,1601.0
2026-06-30 15:15:00+05:30,619.1,619.8,618.5,619.0,3673.0
2026-06-30 15:20:00+05:30,619.25,619.7,618.15,619.0,9026.0
2026-06-30 15:25:00+05:30,619.0,622.35,617.1,621.05,21092.0
2026-07-01 09:15:00+05:30,623.0,627.75,623.0,624.15,9743.0
2026-07-01 09:20:00+05:30,625.7,627.95,624.5,626.2,6666.0
2026-07-01 09:25:00+05:30,626.0,628.5,625.55,627.0,5492.0
2026-07-01 09:30:00+05:30,626.1,626.95,625.1,626.0,1082.0
2026-07-01 09:35:00+05:30,626.0,626.4,625.1,626.4,1246.0
2026-07-01 09:40:00+05:30,625.0,626.35,624.4,625.9,3451.0
2026-07-01 09:45:00+05:30,625.05,634.45,624.85,632.95,22200.0
2026-07-01 09:50:00+05:30,633.0,635.0,632.15,633.95,13919.0
2026-07-01 09:55:00+05:30,634.0,638.3,634.0,635.0,15785.0
2026-07-01 10:00:00+05:30,634.15,636.15,634.05,634.2,6644.0
2026-07-01 10:05:00+05:30,635.15,642.0,634.2,641.0,27926.0
2026-07-01 10:10:00+05:30,640.15,642.0,637.05,637.2,15333.0
2026-07-01 10:15:00+05:30,637.2,639.65,637.2,639.4,3027.0
2026-07-01 10:20:00+05:30,639.7,641.0,638.05,638.1,6219.0
2026-07-01 10:25:00+05:30,638.05,639.35,637.7,638.5,4271.0
2026-07-01 10:30:00+05:30,638.45,640.8,637.2,640.5,7183.0
2026-07-01 10:35:00+05:30,641.95,644.4,639.15,643.9,19187.0
2026-07-01 10:40:00+05:30,643.8,645.0,640.5,641.0,16852.0
2026-07-01 10:45:00+05:30,640.8,643.7,639.6,643.05,3947.0
2026-07-01 10:50:00+05:30,643.05,643.7,642.05,642.05,1765.0
2026-07-01 10:55:00+05:30,642.4,647.0,642.4,643.9,15883.0
2026-07-01 11:00:00+05:30,643.35,643.95,640.0,641.2,8435.0
2026-07-01 11:05:00+05:30,641.3,642.5,640.4,640.4,1950.0
2026-07-01 11:10:00+05:30,640.05,641.25,639.05,641.0,3375.0
2026-07-01 11:15:00+05:30,641.05,646.0,641.0,644.15,10745.0
2026-07-01 11:20:00+05:30,644.8,644.8,641.7,643.4,3221.0
2026-07-01 11:25:00+05:30,643.0,644.0,641.7,643.55,1884.0
2026-07-01 11:30:00+05:30,643.0,645.0,642.4,643.5,2350.0
2026-07-01 11:35:00+05:30,642.55,642.55,640.5,641.3,6126.0
2026-07-01 11:40:00+05:30,641.55,642.55,641.0,641.0,1889.0
2026-07-01 11:45:00+05:30,640.5,642.1,640.0,640.05,2896.0
2026-07-01 11:50:00+05:30,640.05,642.05,640.0,641.0,2226.0
2026-07-01 11:55:00+05:30,641.9,641.95,640.0,640.0,1744.0
2026-07-01 12:00:00+05:30,641.0,641.0,640.45,640.45,1361.0
2026-07-01 12:05:00+05:30,640.4,641.5,640.4,641.5,1787.0
2026-07-01 12:10:00+05:30,642.0,642.0,639.25,639.25,3561.0
2026-07-01 12:15:00+05:30,639.0,641.75,639.0,641.05,3566.0
2026-07-01 12:20:00+05:30,641.05,641.05,638.0,638.15,4414.0
2026-07-01 12:25:00+05:30,638.1,638.95,637.3,637.9,3606.0
2026-07-01 12:30:00+05:30,637.95,639.0,637.95,638.15,853.0
2026-07-01 12:35:00+05:30,638.85,638.85,638.0,638.65,521.0
2026-07-01 12:40:00+05:30,638.65,639.8,638.3,639.0,3892.0
2026-07-01 12:45:00+05:30,639.9,640.2,639.0,639.0,809.0
2026-07-01 12:50:00+05:30,639.4,641.0,639.1,640.0,2504.0
2026-07-01 12:55:00+05:30,639.05,640.8,639.05,640.2,1613.0
2026-07-01 13:00:00+05:30,640.15,641.25,640.1,640.85,3468.0
2026-07-01 13:05:00+05:30,640.85,640.85,639.05,639.5,770.0
2026-07-01 13:10:00+05:30,639.5,639.5,639.05,639.1,654.0
2026-07-01 13:15:00+05:30,639.05,640.0,638.7,640.0,2173.0
2026-07-01 13:20:00+05:30,640.7,640.7,639.35,639.55,1543.0
2026-07-01 13:25:00+05:30,639.4,641.75,638.55,641.0,13301.0
2026-07-01 13:30:00+05:30,640.5,644.0,640.2,640.85,33719.0
2026-07-01 13:35:00+05:30,640.05,641.15,638.55,638.8,3110.0
2026-07-01 13:40:00+05:30,638.65,639.95,638.55,639.0,2101.0
2026-07-01 13:45:00+05:30,638.55,640.2,638.55,639.45,1041.0
2026-07-01 13:50:00+05:30,639.45,640.15,638.05,638.5,3809.0
2026-07-01 13:55:00+05:30,638.5,638.7,638.2,638.2,696.0
2026-07-01 14:00:00+05:30,638.2,638.7,638.05,638.05,938.0
2026-07-01 14:05:00+05:30,638.05,639.0,638.05,638.55,2360.0
2026-07-01 14:10:00+05:30,638.75,639.85,637.6,639.0,4886.0
2026-07-01 14:15:00+05:30,639.25,640.25,639.1,640.0,6863.0
2026-07-01 14:20:00+05:30,641.0,642.4,640.05,640.65,5569.0
2026-07-01 14:25:00+05:30,640.6,641.95,640.1,640.65,2384.0
2026-07-01 14:30:00+05:30,643.75,645.55,643.5,645.0,25438.0
2026-07-01 14:35:00+05:30,644.95,645.0,638.65,639.9,19015.0
2026-07-01 14:40:00+05:30,639.55,640.9,639.55,640.9,1088.0
2026-07-01 14:45:00+05:30,641.45,644.15,641.0,641.3,15347.0
2026-07-01 14:50:00+05:30,638.95,640.85,638.25,639.9,29975.0
2026-07-01 14:55:00+05:30,639.95,641.65,639.25,640.85,5427.0
2026-07-01 15:00:00+05:30,641.1,641.4,640.0,640.7,3381.0
2026-07-01 15:05:00+05:30,641.0,641.0,638.65,638.65,18610.0
2026-07-01 15:10:00+05:30,638.9,640.75,638.1,638.2,4371.0
2026-07-01 15:15:00+05:30,638.2,639.5,638.1,638.5,7503.0
2026-07-01 15:20:00+05:30,639.4,640.0,638.0,638.85,13942.0
2026-07-01 15:25:00+05:30,638.5,641.0,638.2,638.55,24021.0
2026-07-02 09:15:00+05:30,641.95,643.95,636.6,636.6,14154.0
2026-07-02 09:20:00+05:30,639.0,639.0,634.15,634.5,8997.0
2026-07-02 09:25:00+05:30,635.0,635.55,629.0,632.45,13209.0
2026-07-02 09:30:00+05:30,632.4,634.4,630.3,633.1,8647.0
2026-07-02 09:35:00+05:30,633.0,633.6,631.6,633.0,3886.0
2026-07-02 09:40:00+05:30,632.95,634.5,630.5,631.0,6504.0
2026-07-02 09:45:00+05:30,631.0,631.75,630.15,631.5,2454.0
2026-07-02 09:50:00+05:30,631.5,633.95,631.5,632.0,2300.0
2026-07-02 09:55:00+05:30,632.85,634.0,632.15,633.75,1098.0
2026-07-02 10:00:00+05:30,634.05,634.1,632.5,634.0,2327.0
2026-07-02 10:05:00+05:30,634.5,634.8,633.4,633.75,1350.0
2026-07-02 10:10:00+05:30,633.85,634.7,633.3,633.85,933.0
2026-07-02 10:15:00+05:30,633.85,636.0,632.5,636.0,6097.0
2026-07-02 10:20:00+05:30,635.4,636.3,635.0,635.0,2135.0
2026-07-02 10:25:00+05:30,635.5,635.9,634.5,635.15,847.0
2026-07-02 10:30:00+05:30,635.25,635.25,633.2,634.45,1792.0
2026-07-02 10:35:00+05:30,634.3,634.4,632.25,633.3,1784.0
2026-07-02 10:40:00+05:30,632.45,633.3,632.45,633.05,554.0
2026-07-02 10:45:00+05:30,633.0,633.45,633.0,633.45,340.0
2026-07-02 10:50:00+05:30,633.45,634.4,631.85,634.15,3285.0
2026-07-02 10:55:00+05:30,634.05,634.7,633.0,633.6,1423.0
2026-07-02 11:00:00+05:30,633.0,633.0,632.0,632.0,340.0
2026-07-02 11:05:00+05:30,632.0,632.95,632.0,632.95,1180.0
2026-07-02 11:10:00+05:30,632.95,633.95,631.85,633.95,726.0
2026-07-02 11:15:00+05:30,633.95,634.35,632.3,633.25,3371.0
2026-07-02 11:20:00+05:30,633.4,635.35,633.4,634.9,2373.0
2026-07-02 11:25:00+05:30,634.9,635.2,633.35,633.9,3456.0
2026-07-02 11:30:00+05:30,633.9,633.9,632.7,633.35,243.0
2026-07-02 11:35:00+05:30,632.7,633.4,632.7,633.3,351.0
2026-07-02 11:40:00+05:30,632.7,633.2,631.9,633.2,1605.0
2026-07-02 11:45:00+05:30,634.0,634.75,634.0,634.0,182.0
2026-07-02 11:50:00+05:30,634.2,635.0,634.0,635.0,235.0
2026-07-02 11:55:00+05:30,634.4,635.0,634.05,634.5,616.0
2026-07-02 12:00:00+05:30,634.2,635.55,632.0,633.2,11422.0
2026-07-02 12:05:00+05:30,633.2,633.6,633.2,633.6,74.0
2026-07-02 12:10:00+05:30,632.95,635.45,632.95,633.95,3302.0
2026-07-02 12:15:00+05:30,633.85,634.8,633.75,634.0,614.0
2026-07-02 12:20:00+05:30,634.0,634.9,633.45,634.1,4038.0
2026-07-02 12:25:00+05:30,633.75,634.05,632.55,634.05,796.0
2026-07-02 12:30:00+05:30,634.25,634.25,633.05,633.1,392.0
2026-07-02 12:35:00+05:30,633.05,635.0,633.05,635.0,330.0
2026-07-02 12:40:00+05:30,635.0,635.3,633.25,633.25,1183.0
2026-07-02 12:45:00+05:30,634.2,634.75,633.35,633.6,426.0
2026-07-02 12:50:00+05:30,634.55,635.0,631.5,631.5,11147.0
2026-07-02 12:55:00+05:30,632.45,632.45,630.1,630.45,2061.0
2026-07-02 13:00:00+05:30,631.75,631.75,630.8,630.8,530.0
2026-07-02 13:05:00+05:30,631.35,631.35,630.15,630.95,1667.0
2026-07-02 13:10:00+05:30,630.9,631.0,630.9,631.0,689.0
2026-07-02 13:15:00+05:30,631.0,631.45,630.0,630.55,3425.0
2026-07-02 13:20:00+05:30,631.45,631.45,629.8,629.8,4216.0
2026-07-02 13:25:00+05:30,630.85,630.85,629.1,629.1,904.0
2026-07-02 13:30:00+05:30,630.25,630.5,629.1,630.5,2803.0
2026-07-02 13:35:00+05:30,629.6,630.5,629.15,629.15,1197.0
2026-07-02 13:40:00+05:30,629.15,630.15,629.15,629.45,453.0
2026-07-02 13:45:00+05:30,630.15,630.2,629.4,630.15,1632.0
2026-07-02 13:50:00+05:30,629.5,630.1,629.5,629.85,815.0
2026-07-02 13:55:00+05:30,629.85,634.0,629.85,634.0,7010.0
2026-07-02 14:00:00+05:30,634.8,635.05,632.65,633.1,3362.0
2026-07-02 14:05:00+05:30,633.9,634.5,633.0,633.0,1295.0
2026-07-02 14:10:00+05:30,633.0,633.65,633.0,633.5,459.0
2026-07-02 14:15:00+05:30,633.5,633.65,633.05,633.05,821.0
2026-07-02 14:20:00+05:30,632.75,634.15,632.75,634.1,1054.0
2026-07-02 14:25:00+05:30,634.75,634.75,633.65,633.65,869.0
2026-07-02 14:30:00+05:30,632.3,633.0,632.3,633.0,137.0
2026-07-02 14:35:00+05:30,633.0,633.0,632.0,632.5,1013.0
2026-07-02 14:40:00+05:30,632.5,632.6,631.6,631.65,1209.0
2026-07-02 14:45:00+05:30,631.75,633.0,631.55,631.75,2628.0
2026-07-02 14:50:00+05:30,632.25,632.25,630.6,631.6,1378.0
2026-07-02 14:55:00+05:30,630.85,631.9,630.0,630.75,3561.0
2026-07-02 15:00:00+05:30,631.2,631.95,630.15,631.95,1249.0
2026-07-02 15:05:00+05:30,631.95,632.25,631.55,631.7,952.0
2026-07-02 15:10:00+05:30,632.0,632.2,630.25,632.0,2180.0
2026-07-02 15:15:00+05:30,631.95,633.0,631.2,632.0,6237.0
2026-07-02 15:20:00+05:30,632.45,634.0,631.1,634.0,11613.0
2026-07-02 15:25:00+05:30,634.0,635.0,630.05,631.2,7728.0
2026-07-03 09:15:00+05:30,638.0,639.5,635.0,638.55,13406.0
2026-07-03 09:20:00+05:30,639.05,639.5,635.0,635.0,6419.0
2026-07-03 09:25:00+05:30,635.25,635.25,630.1,632.3,15096.0
2026-07-03 09:30:00+05:30,632.95,635.9,631.05,634.9,7521.0
2026-07-03 09:35:00+05:30,634.05,635.0,631.55,633.95,9636.0
2026-07-03 09:40:00+05:30,633.35,653.0,633.35,646.1,61936.0
2026-07-03 09:45:00+05:30,645.85,651.0,645.4,648.05,54619.0
2026-07-03 09:50:00+05:30,648.05,650.0,645.6,648.0,28306.0
2026-07-03 09:55:00+05:30,647.35,651.0,646.55,649.1,19915.0
2026-07-03 10:00:00+05:30,649.1,650.0,647.2,648.35,16444.0
2026-07-03 10:05:00+05:30,649.25,652.35,648.55,652.1,26625.0
2026-07-03 10:10:00+05:30,652.1,655.0,650.2,653.55,25137.0
2026-07-03 10:15:00+05:30,653.8,654.15,645.1,647.3,29824.0
2026-07-03 10:20:00+05:30,647.85,647.9,644.5,646.65,21239.0
2026-07-03 10:25:00+05:30,645.95,647.0,645.15,647.0,8012.0
2026-07-03 10:30:00+05:30,646.0,653.7,646.0,653.0,43520.0
2026-07-03 10:35:00+05:30,651.6,653.8,651.0,653.15,18165.0
2026-07-03 10:40:00+05:30,653.2,658.0,653.2,657.05,38741.0
2026-07-03 10:45:00+05:30,657.75,658.35,654.05,658.0,20535.0
2026-07-03 10:50:00+05:30,659.2,659.95,651.65,655.5,58567.0
2026-07-03 10:55:00+05:30,655.05,656.55,653.0,654.5,11097.0
2026-07-03 11:00:00+05:30,654.4,654.7,652.05,653.1,8970.0
2026-07-03 11:05:00+05:30,652.75,654.2,652.2,653.8,11982.0
2026-07-03 11:10:00+05:30,654.05,654.25,649.3,651.65,14659.0
2026-07-03 11:15:00+05:30,651.65,654.7,650.85,653.5,2273.0
2026-07-03 11:20:00+05:30,653.45,653.45,650.4,650.5,6502.0
2026-07-03 11:25:00+05:30,650.35,651.75,650.15,650.2,2667.0
2026-07-03 11:30:00+05:30,650.45,654.4,649.3,653.9,16304.0
2026-07-03 11:35:00+05:30,654.0,658.0,653.9,657.8,20401.0
2026-07-03 11:40:00+05:30,657.8,657.9,653.8,657.0,34433.0
2026-07-03 11:45:00+05:30,657.05,658.0,655.55,656.6,19327.0
2026-07-03 11:50:00+05:30,657.3,662.9,656.7,660.5,48973.0
2026-07-03 11:55:00+05:30,660.35,661.5,658.1,659.5,25423.0
2026-07-03 12:00:00+05:30,659.55,663.0,658.8,661.85,33136.0
2026-07-03 12:05:00+05:30,661.85,661.95,660.0,660.5,9163.0
2026-07-03 12:10:00+05:30,659.7,660.65,659.0,659.05,8704.0
2026-07-03 12:15:00+05:30,659.9,661.55,658.8,660.8,11806.0
2026-07-03 12:20:00+05:30,660.55,662.0,660.0,661.85,8570.0
2026-07-03 12:25:00+05:30,662.0,662.65,661.0,661.65,10707.0
2026-07-03 12:30:00+05:30,661.65,663.6,661.15,663.5,21465.0
2026-07-03 12:35:00+05:30,663.2,664.0,661.15,661.35,15466.0
2026-07-03 12:40:00+05:30,661.15,663.25,660.2,662.3,10860.0
2026-07-03 12:45:00+05:30,662.5,666.0,661.9,665.6,37436.0
2026-07-03 12:50:00+05:30,665.9,665.9,660.0,661.2,15984.0
2026-07-03 12:55:00+05:30,661.4,661.4,659.2,661.0,13096.0
2026-07-03 13:00:00+05:30,661.0,661.95,660.9,661.9,5382.0
2026-07-03 13:05:00+05:30,661.3,662.0,660.15,660.8,17516.0
2026-07-03 13:10:00+05:30,660.4,667.6,660.4,667.0,59871.0
2026-07-03 13:15:00+05:30,667.0,668.95,663.5,667.15,100747.0
2026-07-03 13:20:00+05:30,667.1,669.7,661.35,666.65,101067.0
2026-07-03 13:25:00+05:30,666.35,670.0,664.5,669.0,47542.0
2026-07-03 13:30:00+05:30,667.8,670.95,667.5,668.25,69512.0
2026-07-03 13:35:00+05:30,668.15,672.0,668.05,669.5,44752.0
2026-07-03 13:40:00+05:30,669.5,669.5,666.05,667.15,26405.0
2026-07-03 13:45:00+05:30,667.65,668.95,666.9,668.5,16631.0
2026-07-03 13:50:00+05:30,669.0,669.0,667.05,668.0,20348.0
2026-07-03 13:55:00+05:30,668.45,672.95,667.05,672.25,57412.0
2026-07-03 14:00:00+05:30,672.25,674.85,670.15,674.85,33425.0
2026-07-03 14:05:00+05:30,674.2,685.0,674.2,683.2,185871.0
2026-07-03 14:10:00+05:30,683.0,697.0,680.5,693.9,338794.0
2026-07-03 14:15:00+05:30,693.45,708.0,692.45,702.35,484196.0
2026-07-03 14:20:00+05:30,701.4,702.1,694.0,694.8,316669.0
2026-07-03 14:25:00+05:30,694.75,695.0,684.2,686.85,313828.0
2026-07-03 14:30:00+05:30,687.0,691.0,685.3,689.55,202442.0
2026-07-03 14:35:00+05:30,689.1,689.65,681.4,682.0,171753.0
2026-07-03 14:40:00+05:30,681.85,686.3,680.0,680.75,169986.0
2026-07-03 14:45:00+05:30,680.65,685.0,680.65,683.5,63711.0
2026-07-03 14:50:00+05:30,683.55,685.0,666.0,668.25,368744.0
2026-07-03 14:55:00+05:30,667.85,669.7,666.2,668.95,129397.0
2026-07-03 15:00:00+05:30,669.0,671.45,667.2,670.85,96239.0
2026-07-03 15:05:00+05:30,670.8,677.7,670.35,676.0,146795.0
2026-07-03 15:10:00+05:30,676.8,677.8,672.05,676.55,107817.0
2026-07-03 15:15:00+05:30,677.0,682.5,675.25,679.45,129355.0
2026-07-03 15:20:00+05:30,679.5,681.0,676.15,677.65,109385.0
2026-07-03 15:25:00+05:30,677.7,680.35,676.0,680.0,100389.0
2026-07-06 09:15:00+05:30,682.55,698.0,680.55,695.85,262636.0
2026-07-06 09:20:00+05:30,695.1,695.3,678.0,685.8,108759.0
2026-07-06 09:25:00+05:30,685.15,693.35,680.7,692.45,74945.0
2026-07-06 09:30:00+05:30,691.85,698.0,690.2,696.1,57022.0
2026-07-06 09:35:00+05:30,695.4,696.75,690.55,695.05,32831.0
2026-07-06 09:40:00+05:30,695.1,699.4,695.05,699.0,45161.0
2026-07-06 09:45:00+05:30,699.0,707.2,698.15,704.9,127228.0
2026-07-06 09:50:00+05:30,705.85,717.7,703.3,703.4,273610.0
2026-07-06 09:55:00+05:30,704.0,711.7,703.7,708.6,92039.0
2026-07-06 10:00:00+05:30,708.6,713.5,706.8,712.35,62329.0
2026-07-06 10:05:00+05:30,712.2,712.7,708.8,709.15,36395.0
2026-07-06 10:10:00+05:30,709.15,712.8,703.05,705.95,64657.0
2026-07-06 10:15:00+05:30,705.4,706.7,702.1,704.1,39105.0
2026-07-06 10:20:00+05:30,704.1,709.2,703.45,707.0,22783.0
2026-07-06 10:25:00+05:30,707.0,707.45,705.0,706.0,13701.0
2026-07-06 10:30:00+05:30,707.7,709.8,705.55,707.4,26084.0
2026-07-06 10:35:00+05:30,707.4,709.5,706.0,708.95,14739.0
2026-07-06 10:40:00+05:30,709.0,709.8,707.8,709.0,25767.0
2026-07-06 10:45:00+05:30,709.0,711.4,707.0,707.0,31186.0
2026-07-06 10:50:00+05:30,707.0,708.0,700.95,702.15,48636.0
2026-07-06 10:55:00+05:30,702.15,704.45,701.15,703.8,13845.0
2026-07-06 11:00:00+05:30,705.3,705.3,703.25,704.7,15804.0
2026-07-06 11:05:00+05:30,704.5,704.9,700.25,700.4,28170.0
2026-07-06 11:10:00+05:30,701.1,701.1,695.85,697.1,63059.0
2026-07-06 11:15:00+05:30,697.6,698.65,695.0,698.35,25816.0
2026-07-06 11:20:00+05:30,698.45,701.45,697.65,699.9,17524.0
2026-07-06 11:25:00+05:30,699.6,701.8,699.0,699.0,18836.0
2026-07-06 11:30:00+05:30,700.2,701.8,699.8,701.3,9279.0
2026-07-06 11:35:00+05:30,701.4,702.8,701.0,701.7,9845.0
2026-07-06 11:40:00+05:30,701.4,701.5,698.0,700.0,12491.0
2026-07-06 11:45:00+05:30,699.9,700.3,698.3,699.65,6646.0
2026-07-06 11:50:00+05:30,699.9,699.9,696.95,697.55,7383.0
2026-07-06 11:55:00+05:30,697.9,699.8,697.45,699.15,12483.0
2026-07-06 12:00:00+05:30,699.0,705.4,699.0,704.35,26061.0
2026-07-06 12:05:00+05:30,703.8,704.6,702.0,702.65,6799.0
2026-07-06 12:10:00+05:30,702.65,703.95,701.2,702.6,10046.0
2026-07-06 12:15:00+05:30,703.4,704.9,703.1,704.9,6624.0
2026-07-06 12:20:00+05:30,704.4,704.4,702.3,703.4,7530.0
2026-07-06 12:25:00+05:30,703.3,704.3,702.05,704.3,3590.0
2026-07-06 12:30:00+05:30,703.0,703.65,701.4,702.85,9073.0
2026-07-06 12:35:00+05:30,702.2,702.95,701.95,702.0,3551.0
2026-07-06 12:40:00+05:30,702.0,703.5,702.0,703.0,7810.0
2026-07-06 12:45:00+05:30,703.5,703.6,701.55,701.95,7680.0
2026-07-06 12:50:00+05:30,701.85,703.5,701.6,702.0,7963.0
2026-07-06 12:55:00+05:30,702.15,703.9,702.0,703.05,4192.0
2026-07-06 13:00:00+05:30,703.0,704.0,703.0,703.85,6366.0
2026-07-06 13:05:00+05:30,703.85,704.0,702.15,702.7,6434.0
2026-07-06 13:10:00+05:30,703.0,703.0,702.0,702.1,4848.0
2026-07-06 13:15:00+05:30,702.1,703.9,702.0,702.85,6542.0
2026-07-06 13:20:00+05:30,702.8,702.8,701.9,702.15,5714.0
2026-07-06 13:25:00+05:30,702.0,703.05,702.0,703.05,3133.0
2026-07-06 13:30:00+05:30,703.85,704.5,702.6,702.6,5650.0
2026-07-06 13:35:00+05:30,702.6,703.15,702.0,702.05,5648.0
2026-07-06 13:40:00+05:30,702.6,703.3,702.0,702.4,2026.0
2026-07-06 13:45:00+05:30,702.05,702.5,702.0,702.1,6720.0
2026-07-06 13:50:00+05:30,702.4,702.55,701.95,701.95,13606.0
2026-07-06 13:55:00+05:30,702.25,702.4,701.8,702.0,5022.0
2026-07-06 14:00:00+05:30,701.8,702.1,701.8,701.8,7411.0
2026-07-06 14:05:00+05:30,701.8,702.95,701.8,702.2,5893.0
2026-07-06 14:10:00+05:30,702.2,703.8,702.2,703.1,5799.0
2026-07-06 14:15:00+05:30,703.35,703.35,702.0,702.0,3799.0
2026-07-06 14:20:00+05:30,702.0,702.4,696.0,696.5,26468.0
2026-07-06 14:25:00+05:30,696.25,696.25,692.4,692.6,40203.0
2026-07-06 14:30:00+05:30,693.0,694.7,693.0,693.9,9631.0
2026-07-06 14:35:00+05:30,695.1,696.05,694.9,695.7,13252.0
2026-07-06 14:40:00+05:30,695.25,695.7,693.35,694.6,9459.0
2026-07-06 14:45:00+05:30,694.0,696.55,694.0,696.15,8529.0
2026-07-06 14:50:00+05:30,696.15,700.1,696.15,700.1,22447.0
2026-07-06 14:55:00+05:30,701.0,701.65,697.3,698.5,20912.0
2026-07-06 15:00:00+05:30,697.95,699.0,697.8,698.2,7308.0
2026-07-06 15:05:00+05:30,698.2,701.5,698.2,701.05,10763.0
2026-07-06 15:10:00+05:30,701.05,701.1,696.95,697.75,18742.0
2026-07-06 15:15:00+05:30,698.25,705.0,697.7,704.3,71137.0
2026-07-06 15:20:00+05:30,704.35,707.6,704.0,705.65,49491.0
2026-07-06 15:25:00+05:30,705.75,707.5,703.05,707.5,51514.0
2026-07-07 09:15:00+05:30,708.0,708.0,682.6,690.1,111154.0
2026-07-07 09:20:00+05:30,690.55,693.0,686.05,686.55,39543.0
2026-07-07 09:25:00+05:30,687.0,687.0,684.0,686.55,27251.0
2026-07-07 09:30:00+05:30,687.05,687.05,683.05,683.25,28836.0
2026-07-07 09:35:00+05:30,683.0,683.8,679.05,680.0,42139.0
2026-07-07 09:40:00+05:30,679.9,683.05,678.5,682.25,20967.0
2026-07-07 09:45:00+05:30,682.0,683.0,672.05,675.0,69918.0
2026-07-07 09:50:00+05:30,676.0,676.75,674.0,675.1,22917.0
2026-07-07 09:55:00+05:30,675.85,678.1,674.35,677.35,9920.0
2026-07-07 10:00:00+05:30,676.7,678.9,674.25,674.55,11287.0
2026-07-07 10:05:00+05:30,674.25,675.85,668.5,668.8,54181.0
2026-07-07 10:10:00+05:30,669.4,670.85,665.0,666.4,33324.0
2026-07-07 10:15:00+05:30,666.5,673.15,666.0,672.0,26734.0
2026-07-07 10:20:00+05:30,672.7,672.75,669.0,669.55,11596.0
2026-07-07 10:25:00+05:30,669.55,670.55,668.2,668.75,5373.0
2026-07-07 10:30:00+05:30,668.9,673.75,668.65,673.55,11753.0
2026-07-07 10:35:00+05:30,673.65,674.5,669.3,670.95,15750.0
2026-07-07 10:40:00+05:30,669.9,674.5,669.9,673.05,12336.0
2026-07-07 10:45:00+05:30,673.1,673.1,671.0,671.9,5039.0
2026-07-07 10:50:00+05:30,670.65,678.85,669.4,677.75,25386.0
2026-07-07 10:55:00+05:30,677.7,678.0,675.5,676.85,8311.0
2026-07-07 11:00:00+05:30,676.7,676.7,675.3,676.0,3294.0
2026-07-07 11:05:00+05:30,676.0,676.65,674.1,675.15,10132.0
2026-07-07 11:10:00+05:30,675.0,675.75,674.55,674.8,2342.0
2026-07-07 11:15:00+05:30,674.55,675.65,674.0,675.3,4115.0
2026-07-07 11:20:00+05:30,675.35,678.0,675.35,678.0,4438.0
2026-07-07 11:25:00+05:30,678.0,678.6,677.0,677.9,3697.0
2026-07-07 11:30:00+05:30,677.9,678.3,675.65,675.85,5334.0
2026-07-07 11:35:00+05:30,676.85,677.15,675.05,675.35,4218.0
2026-07-07 11:40:00+05:30,676.3,676.35,675.1,675.25,569.0
2026-07-07 11:45:00+05:30,676.3,678.7,675.3,678.7,2452.0
2026-07-07 11:50:00+05:30,680.0,680.0,678.85,679.0,7991.0
2026-07-07 11:55:00+05:30,678.75,678.75,676.6,677.9,5814.0
2026-07-07 12:00:00+05:30,678.0,678.5,677.6,678.3,2354.0
2026-07-07 12:05:00+05:30,678.0,678.7,677.65,677.7,1172.0
2026-07-07 12:10:00+05:30,677.8,678.15,677.05,677.6,2975.0
2026-07-07 12:15:00+05:30,677.6,678.0,676.75,677.5,7347.0
2026-07-07 12:20:00+05:30,677.5,679.9,677.4,679.5,2070.0
2026-07-07 12:25:00+05:30,679.1,679.8,678.0,678.8,6112.0
2026-07-07 12:30:00+05:30,679.65,679.7,676.75,677.05,6621.0
2026-07-07 12:35:00+05:30,677.05,678.5,677.05,678.0,3805.0
2026-07-07 12:40:00+05:30,678.25,678.4,677.55,678.3,1605.0
2026-07-07 12:45:00+05:30,678.3,678.45,678.0,678.45,815.0
2026-07-07 12:50:00+05:30,678.45,678.45,677.65,678.0,1274.0
2026-07-07 12:55:00+05:30,678.0,678.25,677.5,678.1,3099.0
2026-07-07 13:00:00+05:30,677.95,678.4,677.6,678.05,1392.0
2026-07-07 13:05:00+05:30,678.05,678.5,678.0,678.0,1990.0
2026-07-07 13:10:00+05:30,678.0,678.4,677.5,677.5,2090.0
2026-07-07 13:15:00+05:30,677.5,677.7,674.7,675.0,11946.0
2026-07-07 13:20:00+05:30,675.0,676.6,674.0,676.6,15100.0
2026-07-07 13:25:00+05:30,676.9,677.5,675.8,677.0,2221.0
2026-07-07 13:30:00+05:30,677.0,677.0,675.55,675.85,1066.0
2026-07-07 13:35:00+05:30,675.85,678.0,675.65,677.15,5470.0
2026-07-07 13:40:00+05:30,677.15,677.5,677.15,677.15,2043.0
2026-07-07 13:45:00+05:30,677.15,677.25,675.55,675.55,1941.0
2026-07-07 13:50:00+05:30,675.7,677.95,675.7,677.1,1758.0
2026-07-07 13:55:00+05:30,677.1,681.9,677.1,681.4,7866.0
2026-07-07 14:00:00+05:30,680.65,681.35,679.25,679.9,3730.0
2026-07-07 14:05:00+05:30,679.9,680.0,678.85,679.75,2384.0
2026-07-07 14:10:00+05:30,678.05,680.0,678.05,679.3,4969.0
2026-07-07 14:15:00+05:30,679.3,679.45,678.0,678.0,3278.0
2026-07-07 14:20:00+05:30,678.75,678.75,678.0,678.1,1848.0
2026-07-07 14:25:00+05:30,678.05,678.65,678.0,678.0,3107.0
2026-07-07 14:30:00+05:30,678.15,678.65,678.0,678.35,579.0
2026-07-07 14:35:00+05:30,678.35,678.95,677.05,678.3,3348.0
2026-07-07 14:40:00+05:30,678.1,679.25,677.65,678.1,3606.0
2026-07-07 14:45:00+05:30,678.1,678.65,678.0,678.0,3614.0
2026-07-07 14:50:00+05:30,678.3,678.3,671.55,671.95,11226.0
2026-07-07 14:55:00+05:30,671.9,672.9,671.1,672.15,7567.0
2026-07-07 15:00:00+05:30,672.05,672.8,670.5,671.05,4184.0
2026-07-07 15:05:00+05:30,671.1,672.95,670.4,670.8,13193.0
2026-07-07 15:10:00+05:30,670.35,671.95,670.0,671.5,19194.0
2026-07-07 15:15:00+05:30,672.0,672.65,670.6,672.55,22035.0
2026-07-07 15:20:00+05:30,672.25,672.55,670.0,670.85,25068.0
2026-07-07 15:25:00+05:30,672.0,675.9,670.2,675.0,32228.0
2026-07-08 09:15:00+05:30,667.4,676.2,659.0,671.75,53753.0
2026-07-08 09:20:00+05:30,671.8,675.0,670.4,673.25,19358.0
2026-07-08 09:25:00+05:30,673.15,678.7,672.1,677.1,23088.0
2026-07-08 09:30:00+05:30,676.15,677.0,674.7,676.2,11123.0
2026-07-08 09:35:00+05:30,676.8,677.1,674.9,675.05,10669.0
2026-07-08 09:40:00+05:30,675.6,675.8,667.4,669.6,14030.0
2026-07-08 09:45:00+05:30,668.75,673.6,668.7,672.7,11121.0
2026-07-08 09:50:00+05:30,672.7,674.8,671.55,674.55,6861.0
2026-07-08 09:55:00+05:30,673.5,677.45,672.95,672.95,9873.0
2026-07-08 10:00:00+05:30,672.95,673.05,670.25,672.25,9043.0
2026-07-08 10:05:00+05:30,672.95,673.0,670.2,671.15,4230.0
2026-07-08 10:10:00+05:30,670.25,671.25,670.2,670.3,1826.0
2026-07-08 10:15:00+05:30,670.4,671.0,669.0,669.0,6450.0
2026-07-08 10:20:00+05:30,669.0,669.85,668.7,669.45,3777.0
2026-07-08 10:25:00+05:30,669.45,670.95,669.0,670.95,2390.0
2026-07-08 10:30:00+05:30,669.85,673.4,668.6,671.95,6495.0
2026-07-08 10:35:00+05:30,672.95,672.95,670.15,671.25,5994.0
2026-07-08 10:40:00+05:30,671.3,672.25,670.3,670.95,2887.0
2026-07-08 10:45:00+05:30,671.75,672.05,670.6,671.1,1502.0
2026-07-08 10:50:00+05:30,675.45,676.2,673.8,676.1,12974.0
2026-07-08 10:55:00+05:30,675.25,677.4,674.8,674.8,4306.0
2026-07-08 11:00:00+05:30,675.3,677.75,675.3,677.3,6031.0
2026-07-08 11:05:00+05:30,677.8,681.35,676.85,676.85,15796.0
2026-07-08 11:10:00+05:30,677.85,678.45,676.65,677.8,5332.0
2026-07-08 11:15:00+05:30,677.9,682.5,676.75,682.0,20206.0
2026-07-08 11:20:00+05:30,682.0,684.75,680.6,684.75,25949.0
2026-07-08 11:25:00+05:30,684.3,687.65,683.45,685.95,22193.0
2026-07-08 11:30:00+05:30,686.45,688.5,685.9,687.25,24965.0
2026-07-08 11:35:00+05:30,687.05,688.95,685.05,686.9,10431.0
2026-07-08 11:40:00+05:30,686.0,689.0,685.0,688.25,13682.0
2026-07-08 11:45:00+05:30,688.95,691.7,687.9,688.7,32159.0
2026-07-08 11:50:00+05:30,688.05,689.05,687.25,687.85,12759.0
2026-07-08 11:55:00+05:30,688.45,693.9,687.65,693.9,15879.0
2026-07-08 12:00:00+05:30,694.0,694.0,691.25,692.0,5418.0
2026-07-08 12:05:00+05:30,692.0,692.9,690.5,692.3,4169.0
2026-07-08 12:10:00+05:30,692.3,692.3,688.35,688.35,4205.0
2026-07-08 12:15:00+05:30,688.3,689.65,687.5,688.0,6371.0
2026-07-08 12:20:00+05:30,687.65,689.1,687.6,688.65,1390.0
2026-07-08 12:25:00+05:30,688.7,688.7,685.75,686.0,4122.0
2026-07-08 12:30:00+05:30,686.75,687.8,686.0,686.4,3834.0
2026-07-08 12:35:00+05:30,686.45,687.8,686.45,687.0,1987.0
2026-07-08 12:40:00+05:30,687.35,688.8,686.8,688.8,4449.0
2026-07-08 12:45:00+05:30,688.9,690.25,688.05,688.9,7397.0
2026-07-08 12:50:00+05:30,689.05,690.85,688.95,690.0,2744.0
2026-07-08 12:55:00+05:30,689.45,690.9,689.2,690.45,1743.0
2026-07-08 13:00:00+05:30,690.0,691.5,690.0,690.2,4311.0
2026-07-08 13:05:00+05:30,690.5,690.5,689.55,690.45,1573.0
2026-07-08 13:10:00+05:30,689.4,690.6,689.4,690.35,2714.0
2026-07-08 13:15:00+05:30,690.6,695.0,689.4,694.05,13852.0
2026-07-08 13:20:00+05:30,693.55,699.0,693.55,699.0,33847.0
2026-07-08 13:25:00+05:30,699.0,704.9,698.0,701.25,61965.0
2026-07-08 13:30:00+05:30,700.5,701.5,699.7,700.3,10339.0
2026-07-08 13:35:00+05:30,700.3,703.0,699.05,699.2,15363.0
2026-07-08 13:40:00+05:30,699.25,699.5,696.1,697.0,8770.0
2026-07-08 13:45:00+05:30,696.65,697.45,693.05,694.0,11055.0
2026-07-08 13:50:00+05:30,693.6,694.0,686.45,686.45,31989.0
2026-07-08 13:55:00+05:30,687.0,687.0,678.95,679.5,31308.0
2026-07-08 14:00:00+05:30,679.5,680.0,670.2,675.1,76143.0
2026-07-08 14:05:00+05:30,674.75,677.0,670.3,671.0,26971.0
2026-07-08 14:10:00+05:30,671.35,672.9,666.8,669.65,48801.0
2026-07-08 14:15:00+05:30,669.6,673.9,667.2,672.9,36273.0
2026-07-08 14:20:00+05:30,673.75,673.8,669.0,669.85,22866.0
2026-07-08 14:25:00+05:30,669.85,670.95,667.0,668.05,10204.0
2026-07-08 14:30:00+05:30,667.85,669.6,665.0,665.45,13117.0
2026-07-08 14:35:00+05:30,666.2,668.6,664.0,665.5,37826.0
2026-07-08 14:40:00+05:30,665.5,667.35,663.2,665.2,23983.0
2026-07-08 14:45:00+05:30,665.3,665.3,661.15,661.2,11944.0
2026-07-08 14:50:00+05:30,661.2,663.5,660.0,661.0,21418.0
2026-07-08 14:55:00+05:30,661.65,661.65,654.2,660.3,45428.0
2026-07-08 15:00:00+05:30,660.15,664.05,659.95,662.7,17820.0
2026-07-08 15:05:00+05:30,662.0,664.05,660.0,661.95,27346.0
2026-07-08 15:10:00+05:30,661.15,665.5,660.5,664.8,16151.0
2026-07-08 15:15:00+05:30,664.25,669.0,664.25,667.35,28917.0
2026-07-08 15:20:00+05:30,667.35,669.95,666.1,668.2,33508.0
2026-07-08 15:25:00+05:30,667.85,670.75,663.2,663.7,28551.0
2026-07-09 09:15:00+05:30,676.0,680.9,671.35,680.4,60418.0
2026-07-09 09:20:00+05:30,680.0,687.8,678.4,684.6,46333.0
2026-07-09 09:25:00+05:30,684.0,691.0,684.0,686.5,34141.0
2026-07-09 09:30:00+05:30,686.5,689.9,686.0,687.0,18407.0
2026-07-09 09:35:00+05:30,686.5,693.95,684.5,693.95,37014.0
2026-07-09 09:40:00+05:30,691.9,694.85,690.4,692.35,28434.0
2026-07-09 09:45:00+05:30,693.3,695.0,692.45,693.25,16973.0
2026-07-09 09:50:00+05:30,694.5,698.7,693.85,697.7,27530.0
2026-07-09 09:55:00+05:30,697.7,702.0,695.95,695.95,36280.0
2026-07-09 10:00:00+05:30,696.1,698.6,696.1,697.9,10505.0
2026-07-09 10:05:00+05:30,698.25,698.9,695.7,696.0,19609.0
2026-07-09 10:10:00+05:30,695.85,699.1,694.1,698.9,14691.0
2026-07-09 10:15:00+05:30,699.9,703.8,698.4,700.95,44012.0
2026-07-09 10:20:00+05:30,700.9,704.0,700.2,702.85,23602.0
2026-07-09 10:25:00+05:30,702.5,703.0,696.25,698.05,18398.0
2026-07-09 10:30:00+05:30,698.0,699.5,697.0,697.85,9823.0
2026-07-09 10:35:00+05:30,697.3,698.6,694.65,694.65,12293.0
2026-07-09 10:40:00+05:30,694.5,700.95,694.0,698.5,11990.0
2026-07-09 10:45:00+05:30,699.0,699.3,697.0,697.35,8302.0
2026-07-09 10:50:00+05:30,696.3,697.3,695.0,697.3,6687.0
2026-07-09 10:55:00+05:30,697.05,699.95,697.05,698.95,7627.0
2026-07-09 11:00:00+05:30,698.95,699.6,696.5,696.55,5430.0
2026-07-09 11:05:00+05:30,698.45,707.0,697.7,703.25,52384.0
2026-07-09 11:10:00+05:30,703.0,703.05,699.1,699.1,10867.0
2026-07-09 11:15:00+05:30,700.2,701.5,698.25,699.35,3095.0
2026-07-09 11:20:00+05:30,699.5,699.5,695.55,696.5,7534.0
2026-07-09 11:25:00+05:30,696.6,700.05,695.0,699.0,11255.0
2026-07-09 11:30:00+05:30,699.05,699.3,697.45,697.45,2298.0
2026-07-09 11:35:00+05:30,696.8,697.3,695.65,696.0,3666.0
2026-07-09 11:40:00+05:30,696.65,697.15,695.95,696.6,7577.0
2026-07-09 11:45:00+05:30,697.35,698.7,697.35,698.0,3343.0
2026-07-09 11:50:00+05:30,697.95,699.4,697.35,699.0,4395.0
2026-07-09 11:55:00+05:30,699.3,699.9,698.25,698.25,2134.0
2026-07-09 12:00:00+05:30,699.2,700.3,698.65,700.0,2662.0
2026-07-09 12:05:00+05:30,699.25,702.0,699.05,700.75,12349.0
2026-07-09 12:10:00+05:30,701.3,701.3,700.1,700.2,2201.0
2026-07-09 12:15:00+05:30,700.2,702.3,700.2,702.0,7115.0
2026-07-09 12:20:00+05:30,702.0,702.6,699.25,699.3,5342.0
2026-07-09 12:25:00+05:30,700.25,702.0,699.0,702.0,3558.0
2026-07-09 12:30:00+05:30,701.5,702.0,701.3,701.4,1925.0
2026-07-09 12:35:00+05:30,701.4,701.9,699.55,700.35,3024.0
2026-07-09 12:40:00+05:30,699.95,700.0,698.9,699.25,2829.0
2026-07-09 12:45:00+05:30,699.85,699.9,697.95,699.25,2890.0
2026-07-09 12:50:00+05:30,698.6,699.95,698.55,699.0,2967.0
2026-07-09 12:55:00+05:30,699.0,702.5,698.85,701.9,10945.0
2026-07-09 13:00:00+05:30,702.35,702.95,701.2,702.9,7239.0
2026-07-09 13:05:00+05:30,702.0,703.95,701.95,702.95,7486.0
2026-07-09 13:10:00+05:30,703.0,704.0,702.6,703.6,5966.0
2026-07-09 13:15:00+05:30,703.6,704.7,703.0,703.55,5724.0
2026-07-09 13:20:00+05:30,703.75,704.0,702.75,703.0,3150.0
2026-07-09 13:25:00+05:30,702.95,703.0,702.0,702.0,3498.0
2026-07-09 13:30:00+05:30,702.15,704.0,702.0,703.15,3739.0
2026-07-09 13:35:00+05:30,704.0,704.3,702.9,703.95,6208.0
2026-07-09 13:40:00+05:30,704.0,704.2,700.95,702.05,5334.0
2026-07-09 13:45:00+05:30,701.5,702.1,700.5,701.9,4078.0
2026-07-09 13:50:00+05:30,701.9,701.9,700.15,700.7,2029.0
2026-07-09 13:55:00+05:30,700.7,701.0,700.0,700.3,1065.0
2026-07-09 14:00:00+05:30,700.3,700.3,698.75,699.35,4659.0
2026-07-09 14:05:00+05:30,699.4,701.25,699.4,700.9,4067.0
2026-07-09 14:10:00+05:30,700.75,701.0,698.6,700.95,3433.0
2026-07-09 14:15:00+05:30,701.0,701.0,699.25,699.45,4495.0
2026-07-09 14:20:00+05:30,699.4,699.95,697.95,699.5,4367.0
2026-07-09 14:25:00+05:30,698.7,699.5,697.8,698.55,5407.0
2026-07-09 14:30:00+05:30,699.5,701.3,699.35,699.7,10099.0
2026-07-09 14:35:00+05:30,699.7,702.0,699.05,700.55,9627.0
2026-07-09 14:40:00+05:30,699.0,701.3,699.0,700.05,6485.0
2026-07-09 14:45:00+05:30,701.5,701.6,699.0,699.8,6673.0
2026-07-09 14:50:00+05:30,700.6,703.45,699.25,702.25,19750.0
2026-07-09 14:55:00+05:30,702.55,703.4,701.25,702.65,9044.0
2026-07-09 15:00:00+05:30,702.4,703.0,699.75,700.2,10552.0
2026-07-09 15:05:00+05:30,700.1,701.7,697.5,697.5,27488.0
2026-07-09 15:10:00+05:30,698.15,699.95,697.0,698.3,15981.0
2026-07-09 15:15:00+05:30,698.3,701.85,697.55,700.45,21359.0
2026-07-09 15:20:00+05:30,699.8,701.75,699.15,700.3,15691.0
2026-07-09 15:25:00+05:30,700.95,703.9,697.4,701.0,43113.0
2026-07-10 09:15:00+05:30,702.0,712.0,699.0,707.75,84767.0
2026-07-10 09:20:00+05:30,707.7,711.75,706.25,707.3,52845.0
2026-07-10 09:25:00+05:30,707.0,709.9,703.25,705.1,32561.0
2026-07-10 09:30:00+05:30,704.9,704.9,700.15,702.65,19812.0
2026-07-10 09:35:00+05:30,702.8,704.3,700.0,702.35,23563.0
2026-07-10 09:40:00+05:30,702.35,704.15,698.55,703.0,19871.0
2026-07-10 09:45:00+05:30,703.0,704.0,702.05,702.7,5061.0
2026-07-10 09:50:00+05:30,703.0,704.0,701.85,702.5,3690.0
2026-07-10 09:55:00+05:30,702.3,703.95,702.05,702.8,1997.0
2026-07-10 10:00:00+05:30,702.55,702.65,700.1,701.55,5518.0
2026-07-10 10:05:00+05:30,702.0,705.0,701.95,703.7,20756.0
2026-07-10 10:10:00+05:30,703.7,703.9,701.65,703.05,3769.0
2026-07-10 10:15:00+05:30,703.15,703.9,702.1,702.55,3395.0
2026-07-10 10:20:00+05:30,702.55,703.4,702.0,702.1,4362.0
2026-07-10 10:25:00+05:30,702.15,703.0,701.0,702.5,2636.0
2026-07-10 10:30:00+05:30,702.55,703.0,701.1,701.3,5092.0
2026-07-10 10:35:00+05:30,701.3,702.15,700.0,700.1,6885.0
2026-07-10 10:40:00+05:30,700.15,705.0,700.15,703.45,8684.0
2026-07-10 10:45:00+05:30,704.45,704.8,702.55,702.55,1529.0
2026-07-10 10:50:00+05:30,703.25,703.25,701.0,701.5,1925.0
2026-07-10 10:55:00+05:30,701.5,704.2,700.15,702.9,4217.0
2026-07-10 11:00:00+05:30,702.15,702.25,700.35,701.7,1561.0
2026-07-10 11:05:00+05:30,700.55,700.85,700.1,700.1,8365.0
2026-07-10 11:10:00+05:30,699.0,699.4,698.0,698.0,12526.0
2026-07-10 11:15:00+05:30,698.95,698.95,695.0,696.45,15346.0
2026-07-10 11:20:00+05:30,696.0,696.75,694.4,695.3,4763.0
2026-07-10 11:25:00+05:30,694.4,697.4,694.0,694.7,19444.0
2026-07-10 11:30:00+05:30,695.0,696.6,694.1,696.05,1638.0
2026-07-10 11:35:00+05:30,696.05,698.95,696.0,698.95,6916.0
2026-07-10 11:40:00+05:30,699.0,699.0,697.75,698.1,827.0
2026-07-10 11:45:00+05:30,698.05,699.0,697.25,697.5,1081.0
2026-07-10 11:50:00+05:30,698.4,698.75,697.3,698.45,2655.0
2026-07-10 11:55:00+05:30,698.95,699.9,697.25,697.85,10545.0
2026-07-10 12:00:00+05:30,698.05,700.0,698.05,700.0,3189.0
2026-07-10 12:05:00+05:30,699.2,699.8,698.3,699.65,1081.0
2026-07-10 12:10:00+05:30,699.9,699.9,696.15,698.0,4198.0
2026-07-10 12:15:00+05:30,698.0,699.4,697.1,698.1,1857.0
2026-07-10 12:20:00+05:30,698.15,699.0,695.85,696.9,1072.0
2026-07-10 12:25:00+05:30,695.85,698.45,695.85,697.9,1906.0
2026-07-10 12:30:00+05:30,697.9,698.5,697.5,697.55,2581.0
2026-07-10 12:35:00+05:30,698.25,698.25,692.75,694.0,14762.0
2026-07-10 12:40:00+05:30,694.2,695.75,694.05,695.2,1606.0
2026-07-10 12:45:00+05:30,695.2,697.5,694.5,695.45,5964.0
2026-07-10 12:50:00+05:30,695.4,695.65,694.0,694.5,1178.0
2026-07-10 12:55:00+05:30,694.05,695.6,694.0,694.0,2942.0
2026-07-10 13:00:00+05:30,694.05,695.05,692.9,693.65,4453.0
2026-07-10 13:05:00+05:30,693.1,694.1,692.8,693.45,882.0
2026-07-10 13:10:00+05:30,694.85,695.1,694.0,694.8,2568.0
2026-07-10 13:15:00+05:30,694.55,695.95,694.35,694.5,1245.0
2026-07-10 13:20:00+05:30,694.85,694.85,693.2,694.55,1927.0
2026-07-10 13:25:00+05:30,693.7,694.75,693.65,693.65,1382.0
2026-07-10 13:30:00+05:30,693.35,696.4,692.25,695.65,9639.0
2026-07-10 13:35:00+05:30,697.45,697.45,694.65,694.65,5838.0
2026-07-10 13:40:00+05:30,694.75,696.95,694.3,696.95,2778.0
2026-07-10 13:45:00+05:30,695.95,697.1,695.45,696.5,2166.0
2026-07-10 13:50:00+05:30,696.5,696.5,695.05,695.1,584.0
2026-07-10 13:55:00+05:30,695.1,695.8,695.0,695.65,468.0
2026-07-10 14:00:00+05:30,695.7,696.8,695.45,696.15,1398.0
2026-07-10 14:05:00+05:30,696.2,697.15,695.55,696.55,1206.0
2026-07-10 14:10:00+05:30,696.45,696.85,695.65,696.0,4259.0
2026-07-10 14:15:00+05:30,696.7,697.1,696.1,696.9,716.0
2026-07-10 14:20:00+05:30,696.4,697.15,696.1,697.0,1774.0
2026-07-10 14:25:00+05:30,697.0,697.4,696.1,696.45,3295.0
2026-07-10 14:30:00+05:30,696.15,696.95,696.15,696.9,1069.0
2026-07-10 14:35:00+05:30,696.6,696.9,696.1,696.5,790.0
2026-07-10 14:40:00+05:30,696.1,701.1,696.1,700.5,16307.0
2026-07-10 14:45:00+05:30,700.55,702.0,699.05,701.9,9495.0
2026-07-10 14:50:00+05:30,701.1,701.75,698.85,699.75,5919.0
2026-07-10 14:55:00+05:30,699.75,699.75,698.35,698.75,1696.0
2026-07-10 15:00:00+05:30,699.35,702.0,698.75,700.9,18291.0
2026-07-10 15:05:00+05:30,700.7,701.65,700.0,700.0,14126.0
2026-07-10 15:10:00+05:30,700.3,702.0,700.0,700.25,9800.0
2026-07-10 15:15:00+05:30,700.15,701.1,700.0,700.7,9870.0
2026-07-10 15:20:00+05:30,701.0,701.1,698.1,700.0,18259.0
2026-07-10 15:25:00+05:30,699.9,699.95,695.0,697.0,17245.0
2026-07-13 09:15:00+05:30,693.25,706.95,685.25,702.4,74432.0
2026-07-13 09:20:00+05:30,702.5,721.75,701.1,712.25,175202.0
2026-07-13 09:25:00+05:30,712.2,717.45,711.0,715.95,61523.0
2026-07-13 09:30:00+05:30,716.1,717.15,714.0,715.4,36694.0
2026-07-13 09:35:00+05:30,715.4,719.8,713.25,717.55,45730.0
2026-07-13 09:40:00+05:30,715.0,720.9,715.0,720.2,35155.0
2026-07-13 09:45:00+05:30,720.4,723.4,717.0,723.0,39461.0
2026-07-13 09:50:00+05:30,722.8,724.0,718.15,719.0,49358.0
2026-07-13 09:55:00+05:30,719.35,722.7,718.3,720.95,18828.0
2026-07-13 10:00:00+05:30,721.65,721.65,719.0,720.0,12138.0
2026-07-13 10:05:00+05:30,720.0,722.0,719.25,721.9,9205.0
2026-07-13 10:10:00+05:30,721.9,722.0,717.0,717.2,18356.0
2026-07-13 10:15:00+05:30,717.85,722.8,717.85,722.0,18365.0
2026-07-13 10:20:00+05:30,722.15,723.0,717.4,719.05,25457.0
2026-07-13 10:25:00+05:30,718.2,721.55,718.2,719.35,9353.0
2026-07-13 10:30:00+05:30,719.95,720.0,717.0,718.0,9985.0
2026-07-13 10:35:00+05:30,718.0,718.85,712.0,713.0,21495.0
2026-07-13 10:40:00+05:30,713.0,714.4,711.4,711.6,18665.0
2026-07-13 10:45:00+05:30,711.6,712.5,708.2,709.25,33670.0
2026-07-13 10:50:00+05:30,709.0,709.0,705.05,707.3,21433.0
2026-07-13 10:55:00+05:30,707.75,709.4,705.75,709.35,11811.0
2026-07-13 11:00:00+05:30,709.0,710.0,708.5,709.3,6993.0
2026-07-13 11:05:00+05:30,709.15,709.95,705.35,706.75,20431.0
2026-07-13 11:10:00+05:30,706.5,707.75,706.0,707.5,20537.0
2026-07-13 11:15:00+05:30,707.75,708.2,706.2,707.9,3709.0
2026-07-13 11:20:00+05:30,707.1,709.85,706.65,709.5,8432.0
2026-07-13 11:25:00+05:30,709.25,711.45,708.75,711.45,14202.0
2026-07-13 11:30:00+05:30,711.95,712.75,710.55,711.15,5279.0
2026-07-13 11:35:00+05:30,711.15,712.45,710.0,710.8,9867.0
2026-07-13 11:40:00+05:30,710.0,713.0,710.0,711.1,5164.0
2026-07-13 11:45:00+05:30,711.15,711.25,709.1,711.0,3188.0
2026-07-13 11:50:00+05:30,710.15,711.0,707.1,707.5,5375.0
2026-07-13 11:55:00+05:30,708.35,708.35,706.0,706.65,7053.0
2026-07-13 12:00:00+05:30,706.75,709.05,706.1,708.5,7448.0
2026-07-13 12:05:00+05:30,708.3,708.7,707.3,707.3,1539.0
2026-07-13 12:10:00+05:30,708.0,709.8,707.9,709.75,480.0
2026-07-13 12:15:00+05:30,709.05,710.0,708.6,709.05,2356.0
2026-07-13 12:20:00+05:30,708.95,709.75,708.2,709.3,4860.0
2026-07-13 12:25:00+05:30,709.6,710.85,708.5,709.9,7331.0
2026-07-13 12:30:00+05:30,709.35,711.3,709.35,710.0,7372.0
2026-07-13 12:35:00+05:30,710.0,712.0,710.0,711.55,4071.0
2026-07-13 12:40:00+05:30,711.55,712.0,710.0,711.5,3145.0
2026-07-13 12:45:00+05:30,711.25,713.0,711.05,713.0,3836.0
2026-07-13 12:50:00+05:30,713.0,714.35,712.0,712.7,3800.0
2026-07-13 12:55:00+05:30,712.5,713.55,711.45,713.1,2522.0
2026-07-13 13:00:00+05:30,713.1,728.95,712.4,728.7,81556.0
2026-07-13 13:05:00+05:30,728.2,729.8,727.1,727.15,55761.0
2026-07-13 13:10:00+05:30,728.45,728.55,723.0,726.4,33098.0
2026-07-13 13:15:00+05:30,727.3,728.45,726.0,727.15,18682.0
2026-07-13 13:20:00+05:30,727.1,728.0,726.1,726.1,12783.0
2026-07-13 13:25:00+05:30,726.85,733.25,726.1,733.0,53549.0
2026-07-13 13:30:00+05:30,732.4,734.9,723.9,724.1,75907.0
2026-07-13 13:35:00+05:30,724.05,724.75,720.0,721.8,43912.0
2026-07-13 13:40:00+05:30,720.1,722.8,720.1,720.95,11742.0
2026-07-13 13:45:00+05:30,720.6,722.0,720.25,721.6,3963.0
2026-07-13 13:50:00+05:30,721.05,723.0,721.05,723.0,6446.0
2026-07-13 13:55:00+05:30,722.95,722.95,720.5,721.55,6238.0
2026-07-13 14:00:00+05:30,721.55,724.55,720.95,722.0,8576.0
2026-07-13 14:05:00+05:30,722.8,727.7,721.6,726.0,15663.0
2026-07-13 14:10:00+05:30,726.75,727.35,724.4,726.85,14294.0
2026-07-13 14:15:00+05:30,726.2,726.85,724.1,724.4,4711.0
2026-07-13 14:20:00+05:30,725.3,726.0,723.8,724.7,8549.0
2026-07-13 14:25:00+05:30,724.8,725.6,721.6,722.75,10165.0
2026-07-13 14:30:00+05:30,723.4,723.4,722.0,722.1,2603.0
2026-07-13 14:35:00+05:30,722.1,722.7,720.05,722.55,8123.0
2026-07-13 14:40:00+05:30,722.6,722.75,721.4,721.65,3750.0
2026-07-13 14:45:00+05:30,721.65,722.35,719.85,722.0,16513.0
2026-07-13 14:50:00+05:30,721.8,721.8,720.2,721.5,4043.0
2026-07-13 14:55:00+05:30,721.55,722.4,720.5,721.15,5025.0
2026-07-13 15:00:00+05:30,721.8,723.85,721.6,722.05,7697.0
2026-07-13 15:05:00+05:30,723.45,723.65,721.85,722.5,7227.0
2026-07-13 15:10:00+05:30,722.45,724.4,721.0,723.0,24562.0
2026-07-13 15:15:00+05:30,723.15,724.95,721.3,721.35,19431.0
2026-07-13 15:20:00+05:30,721.35,724.0,721.35,723.85,27234.0
2026-07-13 15:25:00+05:30,722.6,723.8,720.0,722.5,42766.0
2026-07-14 09:15:00+05:30,722.0,722.35,716.0,717.0,40838.0
2026-07-14 09:20:00+05:30,717.4,726.0,714.25,722.5,32533.0
2026-07-14 09:25:00+05:30,721.65,723.8,720.8,720.8,20546.0
2026-07-14 09:30:00+05:30,720.3,721.9,718.0,719.9,15510.0
2026-07-14 09:35:00+05:30,719.7,720.5,716.6,719.8,14067.0
2026-07-14 09:40:00+05:30,719.15,719.15,716.0,716.8,7010.0
2026-07-14 09:45:00+05:30,717.6,717.6,714.3,715.75,18451.0
2026-07-14 09:50:00+05:30,715.6,715.6,711.25,711.25,9296.0
2026-07-14 09:55:00+05:30,711.0,714.95,711.0,713.5,14944.0
2026-07-14 10:00:00+05:30,713.3,713.9,712.0,713.0,3525.0
2026-07-14 10:05:00+05:30,713.0,713.95,711.0,712.95,5748.0
2026-07-14 10:10:00+05:30,712.9,712.9,711.0,711.0,5640.0
2026-07-14 10:15:00+05:30,711.1,712.25,706.6,708.05,19164.0
2026-07-14 10:20:00+05:30,709.0,710.85,707.95,708.8,3540.0
2026-07-14 10:25:00+05:30,709.7,709.7,706.55,707.45,5313.0
2026-07-14 10:30:00+05:30,708.3,710.7,707.85,710.7,5681.0
2026-07-14 10:35:00+05:30,710.85,710.9,708.45,708.65,1314.0
2026-07-14 10:40:00+05:30,709.65,710.25,709.1,709.85,1588.0
2026-07-14 10:45:00+05:30,709.8,712.95,709.15,712.15,5254.0
2026-07-14 10:50:00+05:30,711.75,712.35,711.05,711.5,2566.0
2026-07-14 10:55:00+05:30,711.8,712.9,711.05,712.9,2244.0
2026-07-14 11:00:00+05:30,712.7,714.0,712.05,713.0,7329.0
2026-07-14 11:05:00+05:30,713.0,714.35,711.3,712.2,4869.0
2026-07-14 11:10:00+05:30,712.5,712.95,711.1,712.6,3537.0
2026-07-14 11:15:00+05:30,712.0,712.85,711.3,712.25,1360.0
2026-07-14 11:20:00+05:30,712.25,712.25,709.2,710.6,5401.0
2026-07-14 11:25:00+05:30,709.75,710.05,708.05,709.95,4211.0
2026-07-14 11:30:00+05:30,709.95,709.95,708.0,708.85,3254.0
2026-07-14 11:35:00+05:30,709.95,710.05,708.0,708.8,2761.0
2026-07-14 11:40:00+05:30,708.8,708.8,706.05,706.5,6421.0
2026-07-14 11:45:00+05:30,706.15,707.3,706.05,706.5,2232.0
2026-07-14 11:50:00+05:30,707.25,708.3,706.75,707.2,4281.0
2026-07-14 11:55:00+05:30,707.25,708.75,707.25,708.05,2424.0
2026-07-14 12:00:00+05:30,708.95,709.75,708.35,709.3,1459.0
2026-07-14 12:05:00+05:30,709.9,710.95,709.0,709.05,2208.0
2026-07-14 12:10:00+05:30,709.75,709.95,709.0,709.0,2882.0
2026-07-14 12:15:00+05:30,709.0,710.35,708.7,709.1,11783.0
2026-07-14 12:20:00+05:30,708.7,709.45,708.6,709.0,1422.0
2026-07-14 12:25:00+05:30,707.8,708.55,703.35,704.0,9321.0
2026-07-14 12:30:00+05:30,705.25,705.75,703.9,705.2,3313.0
2026-07-14 12:35:00+05:30,705.15,706.4,705.15,706.4,1073.0
2026-07-14 12:40:00+05:30,705.75,707.9,705.75,707.6,1437.0
2026-07-14 12:45:00+05:30,707.6,707.9,705.05,706.9,4215.0
2026-07-14 12:50:00+05:30,706.0,706.8,705.6,706.1,373.0
2026-07-14 12:55:00+05:30,705.65,706.9,705.55,706.75,3092.0
2026-07-14 13:00:00+05:30,706.15,706.35,705.0,706.1,2973.0
2026-07-14 13:05:00+05:30,706.0,706.65,705.25,706.0,873.0
2026-07-14 13:10:00+05:30,706.0,706.65,705.0,705.95,2716.0
2026-07-14 13:15:00+05:30,705.0,705.1,704.15,704.55,5661.0
2026-07-14 13:20:00+05:30,705.0,705.9,705.0,705.5,770.0
2026-07-14 13:25:00+05:30,705.5,705.5,704.2,704.2,721.0
2026-07-14 13:30:00+05:30,704.85,705.55,704.05,705.55,2545.0
2026-07-14 13:35:00+05:30,706.2,706.2,704.0,704.0,3369.0
2026-07-14 13:40:00+05:30,704.0,704.5,702.3,702.5,14415.0
2026-07-14 13:45:00+05:30,702.55,704.0,702.2,703.5,2757.0
2026-07-14 13:50:00+05:30,703.4,704.0,702.5,703.95,2415.0
2026-07-14 13:55:00+05:30,703.95,705.2,702.5,702.8,2580.0
2026-07-14 14:00:00+05:30,703.6,703.8,702.75,703.8,751.0
2026-07-14 14:05:00+05:30,702.8,703.7,702.6,703.15,1242.0
2026-07-14 14:10:00+05:30,702.55,704.25,702.2,702.2,5024.0
2026-07-14 14:15:00+05:30,702.8,704.15,702.0,702.5,6091.0
2026-07-14 14:20:00+05:30,702.7,703.75,701.4,703.7,2508.0
2026-07-14 14:25:00+05:30,703.6,703.65,701.75,702.35,2641.0
2026-07-14 14:30:00+05:30,702.35,710.45,700.0,710.0,23455.0
2026-07-14 14:35:00+05:30,709.15,711.0,708.3,710.0,8161.0
2026-07-14 14:40:00+05:30,709.3,711.2,709.3,710.85,19359.0
2026-07-14 14:45:00+05:30,711.05,711.85,704.05,704.45,10280.0
2026-07-14 14:50:00+05:30,704.35,704.4,703.0,703.7,2499.0
2026-07-14 14:55:00+05:30,703.85,704.4,703.15,703.95,4399.0
2026-07-14 15:00:00+05:30,703.25,705.85,703.25,704.75,4254.0
2026-07-14 15:05:00+05:30,704.5,706.3,704.3,705.4,6327.0
2026-07-14 15:10:00+05:30,705.15,705.2,704.25,704.85,3843.0
2026-07-14 15:15:00+05:30,704.45,705.0,704.0,704.7,8308.0
2026-07-14 15:20:00+05:30,704.0,704.95,701.4,704.35,20252.0
2026-07-14 15:25:00+05:30,704.3,707.0,702.6,707.0,15061.0
2026-07-15 09:15:00+05:30,711.5,732.0,707.8,728.05,111526.0
2026-07-15 09:20:00+05:30,728.0,728.0,718.0,718.8,37509.0
2026-07-15 09:25:00+05:30,718.5,719.75,715.1,716.2,21490.0
2026-07-15 09:30:00+05:30,716.45,717.55,715.75,716.0,6774.0
2026-07-15 09:35:00+05:30,715.8,718.35,715.7,718.35,7931.0
2026-07-15 09:40:00+05:30,718.35,718.35,716.1,717.15,6053.0
2026-07-15 09:45:00+05:30,716.9,717.05,712.9,713.4,14059.0
2026-07-15 09:50:00+05:30,713.4,713.7,712.2,713.45,6646.0
2026-07-15 09:55:00+05:30,713.0,713.65,712.2,712.2,3430.0
2026-07-15 10:00:00+05:30,712.25,712.95,712.2,712.8,3899.0
2026-07-15 10:05:00+05:30,712.55,713.5,712.2,713.5,2882.0
2026-07-15 10:10:00+05:30,713.5,714.5,712.25,712.25,3997.0
2026-07-15 10:15:00+05:30,712.0,712.75,711.6,712.15,2751.0
2026-07-15 10:20:00+05:30,711.45,713.45,711.15,711.55,4941.0
2026-07-15 10:25:00+05:30,711.5,713.35,711.5,712.85,5889.0
2026-07-15 10:30:00+05:30,712.65,713.25,711.55,711.55,1861.0
2026-07-15 10:35:00+05:30,711.5,712.7,711.2,711.2,3608.0
2026-07-15 10:40:00+05:30,711.6,711.6,711.0,711.05,2109.0
2026-07-15 10:45:00+05:30,711.3,711.3,711.0,711.1,829.0
2026-07-15 10:50:00+05:30,711.65,712.55,711.65,712.0,1831.0
2026-07-15 10:55:00+05:30,712.15,712.15,711.4,711.95,487.0
2026-07-15 11:00:00+05:30,712.55,713.5,712.0,712.65,1681.0
2026-07-15 11:05:00+05:30,712.75,714.45,712.75,713.6,3047.0
2026-07-15 11:10:00+05:30,713.05,713.35,712.3,712.3,996.0
2026-07-15 11:15:00+05:30,712.35,713.2,712.3,713.2,1287.0
2026-07-15 11:20:00+05:30,713.4,713.4,712.7,712.7,1155.0
2026-07-15 11:25:00+05:30,712.7,713.15,711.1,711.1,4748.0
2026-07-15 11:30:00+05:30,711.25,711.25,710.1,710.1,1819.0
2026-07-15 11:35:00+05:30,710.1,711.15,709.5,711.15,4418.0
2026-07-15 11:40:00+05:30,710.45,710.85,710.1,710.15,286.0
2026-07-15 11:45:00+05:30,710.45,710.45,708.9,708.9,1219.0
2026-07-15 11:50:00+05:30,708.9,710.4,708.3,710.4,1567.0
2026-07-15 11:55:00+05:30,710.4,710.9,708.9,710.2,4569.0
2026-07-15 12:00:00+05:30,710.1,712.0,710.1,711.95,2537.0
2026-07-15 12:05:00+05:30,711.95,711.95,709.1,709.95,5514.0
2026-07-15 12:10:00+05:30,709.55,710.0,709.05,709.95,627.0
2026-07-15 12:15:00+05:30,709.95,710.0,709.0,709.4,1089.0
2026-07-15 12:20:00+05:30,709.0,710.0,709.0,710.0,656.0
2026-07-15 12:25:00+05:30,710.0,710.15,709.1,709.15,953.0
2026-07-15 12:30:00+05:30,709.1,710.0,709.1,710.0,157.0
2026-07-15 12:35:00+05:30,709.1,730.25,709.0,727.35,131832.0
2026-07-15 12:40:00+05:30,726.85,726.85,713.05,718.1,53721.0
2026-07-15 12:45:00+05:30,717.85,721.55,717.0,719.05,23759.0
2026-07-15 12:50:00+05:30,718.5,718.7,715.0,716.2,18434.0
2026-07-15 12:55:00+05:30,715.55,716.9,712.0,716.0,16192.0
2026-07-15 13:00:00+05:30,716.9,717.9,713.25,713.3,10197.0
2026-07-15 13:05:00+05:30,714.0,715.25,713.05,715.25,4500.0
2026-07-15 13:10:00+05:30,714.75,715.2,713.5,714.35,2161.0
2026-07-15 13:15:00+05:30,714.5,715.8,714.0,715.05,2140.0
2026-07-15 13:20:00+05:30,715.65,716.0,714.15,715.0,8053.0
2026-07-15 13:25:00+05:30,714.5,715.2,713.4,715.2,4061.0
2026-07-15 13:30:00+05:30,715.9,715.9,714.05,714.8,859.0
2026-07-15 13:35:00+05:30,714.4,719.75,714.4,718.8,15483.0
2026-07-15 13:40:00+05:30,718.0,720.25,717.55,719.7,11744.0
2026-07-15 13:45:00+05:30,719.85,721.5,719.0,721.3,8598.0
2026-07-15 13:50:00+05:30,721.45,723.0,720.45,720.45,16847.0
2026-07-15 13:55:00+05:30,720.7,721.4,719.3,719.8,4130.0
2026-07-15 14:00:00+05:30,719.2,719.3,717.25,718.0,7550.0
2026-07-15 14:05:00+05:30,718.65,720.0,717.0,719.65,4436.0
2026-07-15 14:10:00+05:30,718.9,723.75,718.9,722.1,5347.0
2026-07-15 14:15:00+05:30,721.35,722.3,720.0,720.5,2950.0
2026-07-15 14:20:00+05:30,720.5,720.6,719.35,719.8,1715.0
2026-07-15 14:25:00+05:30,719.8,719.8,716.1,716.55,5039.0
2026-07-15 14:30:00+05:30,716.7,719.0,716.6,717.75,4372.0
2026-07-15 14:35:00+05:30,717.8,718.5,716.0,717.35,2525.0
2026-07-15 14:40:00+05:30,716.95,717.0,715.1,716.7,7604.0
2026-07-15 14:45:00+05:30,716.6,716.7,715.9,716.7,2489.0
2026-07-15 14:50:00+05:30,716.2,716.25,715.0,715.0,4879.0
2026-07-15 14:55:00+05:30,715.4,718.4,713.6,717.85,10477.0
2026-07-15 15:00:00+05:30,716.35,716.65,712.6,712.6,13455.0
2026-07-15 15:05:00+05:30,713.0,714.15,712.1,713.25,9404.0
2026-07-15 15:10:00+05:30,713.85,714.7,711.5,711.5,9662.0
2026-07-15 15:15:00+05:30,711.5,715.0,711.5,713.7,11889.0
2026-07-15 15:20:00+05:30,713.7,714.5,712.95,714.15,17237.0
2026-07-15 15:25:00+05:30,714.15,716.0,713.55,714.95,11400.0
2026-07-16 09:15:00+05:30,720.0,720.0,710.05,711.75,33106.0
2026-07-16 09:20:00+05:30,712.85,716.75,710.25,711.65,20836.0
2026-07-16 09:25:00+05:30,711.65,714.65,710.05,713.85,11675.0
2026-07-16 09:30:00+05:30,713.55,713.65,708.05,709.15,20052.0
2026-07-16 09:35:00+05:30,710.0,710.0,705.0,706.6,23292.0
2026-07-16 09:40:00+05:30,706.9,709.35,706.5,708.15,4292.0
2026-07-16 09:45:00+05:30,707.5,710.95,707.5,708.75,11166.0
2026-07-16 09:50:00+05:30,708.55,709.55,707.75,707.75,3982.0
2026-07-16 09:55:00+05:30,707.75,709.45,707.5,709.35,3292.0
2026-07-16 10:00:00+05:30,709.35,710.75,708.55,708.55,2321.0
2026-07-16 10:05:00+05:30,708.5,708.75,707.75,707.9,1474.0
2026-07-16 10:10:00+05:30,708.0,708.3,707.25,707.5,576.0
2026-07-16 10:15:00+05:30,707.5,709.75,707.25,709.0,9774.0
2026-07-16 10:20:00+05:30,709.0,709.8,708.3,709.5,768.0
2026-07-16 10:25:00+05:30,709.6,710.4,707.8,710.4,1531.0
2026-07-16 10:30:00+05:30,710.35,710.9,709.1,709.9,1927.0
2026-07-16 10:35:00+05:30,709.4,709.95,707.55,709.95,2049.0
2026-07-16 10:40:00+05:30,710.0,710.3,708.95,709.95,2210.0
2026-07-16 10:45:00+05:30,709.2,711.5,709.1,710.55,1227.0
2026-07-16 10:50:00+05:30,711.15,711.15,709.55,709.55,1858.0
2026-07-16 10:55:00+05:30,709.85,710.0,709.05,709.95,1203.0
2026-07-16 11:00:00+05:30,710.2,711.45,707.05,707.8,11860.0
2026-07-16 11:05:00+05:30,708.15,709.45,708.15,709.15,822.0
2026-07-16 11:10:00+05:30,709.15,709.8,708.3,708.3,559.0
2026-07-16 11:15:00+05:30,709.0,709.8,708.3,709.65,1136.0
2026-07-16 11:20:00+05:30,709.6,710.15,708.65,709.65,607.0
2026-07-16 11:25:00+05:30,709.6,709.75,708.6,709.5,1432.0
2026-07-16 11:30:00+05:30,709.9,710.4,709.5,709.65,1392.0
2026-07-16 11:35:00+05:30,710.05,710.3,708.35,708.85,3832.0
2026-07-16 11:40:00+05:30,709.75,711.0,709.05,709.05,1978.0
2026-07-16 11:45:00+05:30,709.2,709.75,707.65,709.1,3839.0
2026-07-16 11:50:00+05:30,709.5,709.95,707.55,707.55,2026.0
2026-07-16 11:55:00+05:30,707.5,708.2,706.0,707.2,4266.0
2026-07-16 12:00:00+05:30,707.2,707.35,706.85,706.9,595.0
2026-07-16 12:05:00+05:30,707.35,707.45,706.0,707.45,5347.0
2026-07-16 12:10:00+05:30,707.7,708.25,707.1,707.4,4857.0
2026-07-16 12:15:00+05:30,706.9,707.0,705.8,706.35,3280.0
2026-07-16 12:20:00+05:30,706.35,706.9,705.15,706.2,6032.0
2026-07-16 12:25:00+05:30,706.75,706.75,705.25,706.35,887.0
2026-07-16 12:30:00+05:30,705.9,706.2,705.1,705.35,2093.0
2026-07-16 12:35:00+05:30,705.95,706.1,705.3,705.3,703.0
2026-07-16 12:40:00+05:30,705.3,706.05,704.0,704.5,8249.0
2026-07-16 12:45:00+05:30,704.5,705.35,703.65,704.95,2914.0
2026-07-16 12:50:00+05:30,704.0,705.5,704.0,704.6,1805.0
2026-07-16 12:55:00+05:30,704.8,705.35,704.1,704.85,1036.0
2026-07-16 13:00:00+05:30,704.35,704.35,701.6,702.25,6848.0
2026-07-16 13:05:00+05:30,703.0,704.0,703.0,703.8,1168.0
2026-07-16 13:10:00+05:30,703.9,703.9,702.45,702.45,1536.0
2026-07-16 13:15:00+05:30,703.5,704.7,703.0,704.7,4672.0
2026-07-16 13:20:00+05:30,704.7,704.7,703.75,703.75,692.0
2026-07-16 13:25:00+05:30,703.7,704.0,701.1,702.0,6725.0
2026-07-16 13:30:00+05:30,702.0,702.0,700.5,700.5,7550.0
2026-07-16 13:35:00+05:30,700.55,701.1,695.95,697.7,22724.0
2026-07-16 13:40:00+05:30,697.3,697.65,696.1,696.6,5563.0
2026-07-16 13:45:00+05:30,696.15,696.9,696.1,696.3,1595.0
2026-07-16 13:50:00+05:30,696.25,700.0,696.25,700.0,3200.0
2026-07-16 13:55:00+05:30,700.0,701.6,699.9,701.5,911.0
2026-07-16 14:00:00+05:30,702.1,703.0,701.05,701.1,2081.0
2026-07-16 14:05:00+05:30,701.1,701.1,700.3,700.85,2655.0
2026-07-16 14:10:00+05:30,700.95,702.6,700.5,702.6,1078.0
2026-07-16 14:15:00+05:30,702.6,702.6,701.25,702.5,1357.0
2026-07-16 14:20:00+05:30,701.8,702.5,700.6,701.0,477.0
2026-07-16 14:25:00+05:30,702.0,702.65,701.4,702.5,1790.0
2026-07-16 14:30:00+05:30,702.2,702.95,700.6,702.0,4311.0
2026-07-16 14:35:00+05:30,702.15,703.3,702.0,702.0,1949.0
2026-07-16 14:40:00+05:30,702.4,702.9,699.95,699.95,12118.0
2026-07-16 14:45:00+05:30,699.85,701.55,699.6,700.5,4628.0
2026-07-16 14:50:00+05:30,700.4,702.5,700.05,702.5,1444.0
2026-07-16 14:55:00+05:30,702.55,702.55,701.6,701.7,2158.0
2026-07-16 15:00:00+05:30,701.55,702.1,700.7,701.85,1145.0
2026-07-16 15:05:00+05:30,701.3,702.2,700.1,701.85,13502.0
2026-07-16 15:10:00+05:30,703.1,703.15,699.55,699.9,4522.0
2026-07-16 15:15:00+05:30,699.55,700.0,697.0,699.0,10664.0
2026-07-16 15:20:00+05:30,699.8,699.8,698.0,698.3,12100.0
2026-07-16 15:25:00+05:30,698.85,699.15,697.0,697.5,21638.0
2026-07-17 09:15:00+05:30,700.0,700.0,679.7,679.7,51699.0
2026-07-17 09:20:00+05:30,679.05,681.9,672.3,675.0,80310.0
2026-07-17 09:25:00+05:30,675.0,679.75,674.15,679.0,24262.0
2026-07-17 09:30:00+05:30,679.05,684.45,679.0,683.5,17824.0
2026-07-17 09:35:00+05:30,683.45,685.0,682.5,682.5,9949.0
2026-07-17 09:40:00+05:30,682.5,683.35,680.0,681.3,6864.0
2026-07-17 09:45:00+05:30,681.3,681.5,677.9,678.8,10665.0
2026-07-17 09:50:00+05:30,678.3,681.1,677.0,680.65,11148.0
2026-07-17 09:55:00+05:30,681.0,681.45,678.05,678.6,5922.0
2026-07-17 10:00:00+05:30,678.6,679.25,673.65,676.2,14432.0
2026-07-17 10:05:00+05:30,676.05,677.3,675.35,676.8,4318.0
2026-07-17 10:10:00+05:30,676.75,679.8,676.6,678.85,2761.0
2026-07-17 10:15:00+05:30,678.9,682.9,678.5,681.45,5572.0
2026-07-17 10:20:00+05:30,682.0,683.5,681.95,682.4,4504.0
2026-07-17 10:25:00+05:30,682.4,684.0,682.2,683.6,5540.0
2026-07-17 10:30:00+05:30,683.4,684.0,681.45,681.45,2233.0
2026-07-17 10:35:00+05:30,682.5,683.45,681.2,683.45,4077.0
2026-07-17 10:40:00+05:30,683.5,685.9,683.5,685.2,4582.0
2026-07-17 10:45:00+05:30,685.2,685.2,682.55,683.2,1080.0
2026-07-17 10:50:00+05:30,682.75,683.5,681.5,683.15,2965.0
2026-07-17 10:55:00+05:30,683.45,684.0,682.6,684.0,1725.0
2026-07-17 11:00:00+05:30,684.0,684.5,683.55,684.45,1649.0
2026-07-17 11:05:00+05:30,684.4,686.5,683.55,686.5,6189.0
2026-07-17 11:10:00+05:30,686.45,686.7,683.5,683.5,2120.0
2026-07-17 11:15:00+05:30,683.5,683.5,680.55,680.55,3584.0
2026-07-17 11:20:00+05:30,680.1,682.5,680.1,682.0,3361.0
2026-07-17 11:25:00+05:30,682.15,682.45,681.0,681.6,1755.0
2026-07-17 11:30:00+05:30,681.1,681.1,677.55,678.7,9178.0
2026-07-17 11:35:00+05:30,678.5,679.4,676.0,677.45,5604.0
2026-07-17 11:40:00+05:30,678.3,678.3,676.8,677.85,2077.0
2026-07-17 11:45:00+05:30,678.05,678.05,677.05,677.4,560.0
2026-07-17 11:50:00+05:30,677.35,678.85,677.05,677.8,1840.0
2026-07-17 11:55:00+05:30,677.85,678.95,677.6,678.25,1466.0
2026-07-17 12:00:00+05:30,678.25,678.25,676.4,677.4,2457.0
2026-07-17 12:05:00+05:30,677.0,678.0,675.4,678.0,2438.0
2026-07-17 12:10:00+05:30,678.0,678.45,677.15,677.15,2106.0
2026-07-17 12:15:00+05:30,677.95,679.1,677.9,677.9,1199.0
2026-07-17 12:20:00+05:30,677.8,678.9,677.8,678.75,667.0
2026-07-17 12:25:00+05:30,678.05,679.4,678.0,679.2,2417.0
2026-07-17 12:30:00+05:30,679.35,681.4,679.3,680.9,3043.0
2026-07-17 12:35:00+05:30,680.9,681.0,679.25,680.25,3212.0
2026-07-17 12:40:00+05:30,680.35,680.35,679.3,680.0,280.0
2026-07-17 12:45:00+05:30,680.0,680.35,679.25,680.0,1364.0
2026-07-17 12:50:00+05:30,679.55,680.15,679.55,680.0,360.0
2026-07-17 12:55:00+05:30,679.9,679.9,678.8,679.5,1308.0
2026-07-17 13:00:00+05:30,679.35,680.0,679.1,679.3,516.0
2026-07-17 13:05:00+05:30,679.35,680.15,678.95,678.95,520.0
2026-07-17 13:10:00+05:30,680.15,681.0,679.05,681.0,1370.0
2026-07-17 13:15:00+05:30,680.95,681.05,680.0,680.75,1857.0
2026-07-17 13:20:00+05:30,678.6,680.4,678.6,680.0,1520.0
2026-07-17 13:25:00+05:30,680.0,680.0,679.5,679.5,230.0
2026-07-17 13:30:00+05:30,679.6,681.9,679.0,680.0,4570.0
2026-07-17 13:35:00+05:30,680.75,681.7,680.75,680.75,361.0
2026-07-17 13:40:00+05:30,680.75,681.45,679.65,680.5,1160.0
2026-07-17 13:45:00+05:30,680.45,680.45,679.2,679.2,468.0
2026-07-17 13:50:00+05:30,679.25,679.35,678.0,679.3,1720.0
2026-07-17 13:55:00+05:30,679.0,679.8,678.5,679.8,987.0
2026-07-17 14:00:00+05:30,679.1,680.2,679.05,679.95,147.0
2026-07-17 14:05:00+05:30,680.15,680.9,679.4,679.75,1197.0
2026-07-17 14:10:00+05:30,679.8,680.6,679.45,680.6,593.0
2026-07-17 14:15:00+05:30,680.1,686.0,680.1,682.65,11520.0
2026-07-17 14:20:00+05:30,682.7,682.7,681.15,682.0,1684.0
2026-07-17 14:25:00+05:30,681.95,683.75,681.95,682.75,1893.0
2026-07-17 14:30:00+05:30,682.15,682.6,681.0,682.0,900.0
2026-07-17 14:35:00+05:30,682.1,682.1,680.1,680.95,1496.0
2026-07-17 14:40:00+05:30,680.5,681.25,680.0,681.25,2191.0
2026-07-17 14:45:00+05:30,681.25,682.0,680.9,681.15,1961.0
2026-07-17 14:50:00+05:30,681.3,681.9,680.95,681.65,1110.0
2026-07-17 14:55:00+05:30,681.6,682.6,680.85,681.6,3107.0
2026-07-17 15:00:00+05:30,682.85,682.85,681.4,681.6,1832.0
2026-07-17 15:05:00+05:30,681.9,682.45,679.3,681.9,15308.0
2026-07-17 15:10:00+05:30,682.0,682.0,680.0,680.8,8008.0
2026-07-17 15:15:00+05:30,680.8,682.55,679.8,681.95,11197.0
2026-07-17 15:20:00+05:30,682.0,686.75,681.9,686.25,15060.0
2026-07-17 15:25:00+05:30,686.2,689.0,682.0,687.75,16470.0
2026-07-20 09:15:00+05:30,684.0,690.2,680.0,686.2,25410.0
2026-07-20 09:20:00+05:30,686.2,688.45,684.55,686.05,7103.0
2026-07-20 09:25:00+05:30,685.2,685.85,681.9,681.9,6462.0
2026-07-20 09:30:00+05:30,682.6,683.95,681.0,682.45,6185.0
2026-07-20 09:35:00+05:30,683.0,685.0,683.0,684.0,1915.0
2026-07-20 09:40:00+05:30,684.65,688.0,684.0,687.0,5379.0
2026-07-20 09:45:00+05:30,687.0,688.5,686.5,687.0,3823.0
2026-07-20 09:50:00+05:30,687.0,687.85,686.0,686.15,3324.0
2026-07-20 09:55:00+05:30,687.05,687.05,684.1,684.1,2073.0
2026-07-20 10:00:00+05:30,685.1,685.8,684.0,684.0,883.0
2026-07-20 10:05:00+05:30,684.0,685.45,683.0,684.9,4324.0
2026-07-20 10:10:00+05:30,684.85,686.85,684.15,685.8,1436.0
2026-07-20 10:15:00+05:30,685.8,688.9,685.05,687.75,2774.0
2026-07-20 10:20:00+05:30,686.85,689.85,686.85,688.65,5360.0
2026-07-20 10:25:00+05:30,688.4,690.45,688.2,690.0,3262.0
2026-07-20 10:30:00+05:30,690.0,690.25,688.6,689.35,6679.0
2026-07-20 10:35:00+05:30,689.3,689.35,687.35,688.4,986.0
2026-07-20 10:40:00+05:30,687.9,687.9,686.45,687.5,1838.0
2026-07-20 10:45:00+05:30,687.5,687.6,686.8,687.6,1541.0
2026-07-20 10:50:00+05:30,686.8,689.25,686.7,689.25,642.0
2026-07-20 10:55:00+05:30,689.75,689.8,687.8,688.25,1202.0
2026-07-20 11:00:00+05:30,688.7,688.75,686.75,687.85,1331.0
2026-07-20 11:05:00+05:30,687.8,687.85,686.75,687.85,348.0
2026-07-20 11:10:00+05:30,687.0,687.35,685.7,686.0,1113.0
2026-07-20 11:15:00+05:30,686.0,686.45,684.95,684.95,1615.0
2026-07-20 11:20:00+05:30,685.45,685.45,683.3,683.3,2147.0
2026-07-20 11:25:00+05:30,684.75,685.9,683.85,685.55,2001.0
2026-07-20 11:30:00+05:30,685.6,685.8,684.75,684.75,984.0
2026-07-20 11:35:00+05:30,685.2,685.2,684.0,684.0,214.0
2026-07-20 11:40:00+05:30,684.5,684.6,683.3,684.6,224.0
2026-07-20 11:45:00+05:30,684.0,684.55,681.05,681.05,6318.0
2026-07-20 11:50:00+05:30,682.1,682.1,678.1,679.0,6521.0
2026-07-20 11:55:00+05:30,678.3,680.35,678.3,680.35,1891.0
2026-07-20 12:00:00+05:30,681.0,681.0,679.0,679.95,1425.0
2026-07-20 12:05:00+05:30,679.25,680.5,679.25,680.45,739.0
2026-07-20 12:10:00+05:30,680.55,680.9,680.05,680.9,241.0
2026-07-20 12:15:00+05:30,681.05,681.1,680.1,681.0,331.0
2026-07-20 12:20:00+05:30,680.6,681.3,680.1,680.1,1541.0
2026-07-20 12:25:00+05:30,680.1,680.7,680.0,680.0,1442.0
2026-07-20 12:30:00+05:30,680.0,680.3,679.05,679.2,1086.0
2026-07-20 12:35:00+05:30,679.9,680.95,679.05,680.25,1696.0
2026-07-20 12:40:00+05:30,679.3,680.7,679.15,680.15,1501.0
2026-07-20 12:45:00+05:30,679.35,679.55,678.5,679.45,4390.0
2026-07-20 12:50:00+05:30,678.9,680.0,678.55,679.2,400.0
2026-07-20 12:55:00+05:30,679.9,680.55,679.25,680.5,1351.0
2026-07-20 13:00:00+05:30,680.95,682.45,680.05,681.75,1920.0
2026-07-20 13:05:00+05:30,681.75,682.2,681.5,681.65,1024.0
2026-07-20 13:10:00+05:30,681.5,682.7,680.0,682.7,4443.0
2026-07-20 13:15:00+05:30,682.9,684.25,682.8,682.9,1145.0
2026-07-20 13:20:00+05:30,682.9,684.85,682.9,684.85,702.0
2026-07-20 13:25:00+05:30,684.2,685.8,683.7,685.8,3343.0
2026-07-20 13:30:00+05:30,685.8,688.5,684.45,688.1,5661.0
2026-07-20 13:35:00+05:30,688.75,689.05,685.55,687.65,4504.0
2026-07-20 13:40:00+05:30,687.65,687.65,686.7,687.05,1446.0
2026-07-20 13:45:00+05:30,687.0,689.8,687.0,689.8,4859.0
2026-07-20 13:50:00+05:30,689.95,695.9,689.1,694.65,16259.0
2026-07-20 13:55:00+05:30,695.1,696.45,693.75,695.25,9673.0
2026-07-20 14:00:00+05:30,695.8,695.85,693.35,694.0,2126.0
2026-07-20 14:05:00+05:30,694.0,697.25,694.0,695.15,5497.0
2026-07-20 14:10:00+05:30,695.95,696.4,693.85,694.2,1863.0
2026-07-20 14:15:00+05:30,694.25,694.95,692.4,694.95,1963.0
2026-07-20 14:20:00+05:30,694.95,695.0,694.25,694.25,503.0
2026-07-20 14:25:00+05:30,694.25,694.5,693.0,693.0,2910.0
2026-07-20 14:30:00+05:30,694.0,694.0,693.1,693.2,825.0
2026-07-20 14:35:00+05:30,693.25,693.4,692.55,693.0,2963.0
2026-07-20 14:40:00+05:30,692.55,694.95,692.55,693.5,3843.0
2026-07-20 14:45:00+05:30,694.0,698.2,693.4,697.5,7659.0
2026-07-20 14:50:00+05:30,697.5,704.8,697.0,702.0,25845.0
2026-07-20 14:55:00+05:30,702.2,703.0,700.9,700.9,5931.0
2026-07-20 15:00:00+05:30,700.35,701.0,697.35,698.45,6793.0
2026-07-20 15:05:00+05:30,697.6,700.1,697.6,700.1,5882.0
2026-07-20 15:10:00+05:30,700.1,700.5,699.5,700.35,7128.0
2026-07-20 15:15:00+05:30,700.0,704.0,700.0,703.5,13151.0
2026-07-20 15:20:00+05:30,703.1,707.7,703.1,707.65,21295.0
2026-07-20 15:25:00+05:30,707.95,708.9,702.65,703.6,17341.0
2026-07-21 09:15:00+05:30,707.0,707.0,697.0,702.75,32156.0
2026-07-21 09:20:00+05:30,702.15,702.75,695.5,696.85,11449.0
2026-07-21 09:25:00+05:30,696.6,698.4,693.85,697.4,12302.0
2026-07-21 09:30:00+05:30,697.65,700.7,695.4,695.75,8395.0
2026-07-21 09:35:00+05:30,696.0,698.05,695.05,698.05,1892.0
2026-07-21 09:40:00+05:30,697.65,697.75,692.35,693.35,8614.0
2026-07-21 09:45:00+05:30,693.35,694.0,691.1,692.55,6051.0
2026-07-21 09:50:00+05:30,691.4,693.65,691.1,693.35,4143.0
2026-07-21 09:55:00+05:30,693.35,693.85,692.6,693.0,1427.0
2026-07-21 10:00:00+05:30,692.9,693.1,691.65,691.75,4972.0
2026-07-21 10:05:00+05:30,691.8,693.2,688.05,689.2,6020.0
2026-07-21 10:10:00+05:30,689.2,691.25,689.2,690.5,2459.0
2026-07-21 10:15:00+05:30,690.25,691.65,690.0,691.0,1054.0
2026-07-21 10:20:00+05:30,691.15,691.65,685.5,686.55,7857.0
2026-07-21 10:25:00+05:30,686.9,687.6,686.2,687.35,3471.0
2026-07-21 10:30:00+05:30,687.15,688.1,685.7,687.1,4104.0
2026-07-21 10:35:00+05:30,687.3,688.3,687.05,687.25,4087.0
2026-07-21 10:40:00+05:30,687.4,687.4,686.15,686.75,1922.0
2026-07-21 10:45:00+05:30,686.75,687.8,686.65,686.65,422.0
2026-07-21 10:50:00+05:30,687.0,688.0,686.65,687.3,1389.0
2026-07-21 10:55:00+05:30,687.35,688.9,687.1,687.5,3094.0
2026-07-21 11:00:00+05:30,688.0,691.9,688.0,691.0,3432.0
2026-07-21 11:05:00+05:30,691.0,691.7,690.0,690.0,2442.0
2026-07-21 11:10:00+05:30,689.5,689.95,688.9,688.9,1976.0
2026-07-21 11:15:00+05:30,688.2,689.7,688.2,689.7,553.0
2026-07-21 11:20:00+05:30,689.0,690.95,689.0,689.2,3030.0
2026-07-21 11:25:00+05:30,689.45,691.45,689.45,690.5,1199.0
2026-07-21 11:30:00+05:30,690.1,690.85,689.4,690.85,935.0
2026-07-21 11:35:00+05:30,690.85,692.3,690.6,690.65,862.0
2026-07-21 11:40:00+05:30,691.45,691.5,690.5,691.45,1245.0
2026-07-21 11:45:00+05:30,691.9,692.5,691.4,692.25,1624.0
2026-07-21 11:50:00+05:30,691.45,692.4,691.4,691.4,536.0
2026-07-21 11:55:00+05:30,691.75,692.65,691.4,692.55,841.0
2026-07-21 12:00:00+05:30,692.05,692.2,692.05,692.2,113.0
2026-07-21 12:05:00+05:30,692.2,692.5,691.4,691.4,902.0
2026-07-21 12:10:00+05:30,691.4,692.45,691.4,692.0,110.0
2026-07-21 12:15:00+05:30,692.0,692.0,691.4,691.85,239.0
2026-07-21 12:20:00+05:30,691.85,691.85,691.3,691.45,714.0
2026-07-21 12:25:00+05:30,691.45,691.9,691.45,691.5,749.0
2026-07-21 12:30:00+05:30,691.5,691.7,690.55,691.7,1621.0
2026-07-21 12:35:00+05:30,691.7,693.9,691.7,693.4,4853.0
2026-07-21 12:40:00+05:30,692.75,692.8,691.45,691.45,560.0
2026-07-21 12:45:00+05:30,691.45,692.0,691.05,691.15,630.0
2026-07-21 12:50:00+05:30,691.15,691.9,690.25,690.6,2091.0
2026-07-21 12:55:00+05:30,691.0,691.85,690.15,690.2,628.0
2026-07-21 13:00:00+05:30,691.05,691.2,690.0,690.05,310.0
2026-07-21 13:05:00+05:30,690.85,690.9,690.05,690.6,452.0
2026-07-21 13:10:00+05:30,690.6,691.9,690.5,691.65,340.0
2026-07-21 13:15:00+05:30,691.6,691.65,691.05,691.1,291.0
2026-07-21 13:20:00+05:30,691.65,692.0,691.5,691.75,1493.0
2026-07-21 13:25:00+05:30,691.75,692.85,691.75,692.05,459.0
2026-07-21 13:30:00+05:30,692.1,692.3,692.1,692.3,235.0
2026-07-21 13:35:00+05:30,692.3,693.5,692.3,693.05,836.0
2026-07-21 13:40:00+05:30,693.5,694.3,693.05,693.15,1573.0
2026-07-21 13:45:00+05:30,693.15,693.85,692.7,692.7,1796.0
2026-07-21 13:50:00+05:30,692.7,693.25,692.7,693.15,130.0
2026-07-21 13:55:00+05:30,692.75,693.95,692.7,693.8,707.0
2026-07-21 14:00:00+05:30,693.8,694.95,693.1,694.8,2626.0
2026-07-21 14:05:00+05:30,694.8,694.8,693.05,693.2,871.0
2026-07-21 14:10:00+05:30,693.8,694.45,693.65,693.9,1053.0
2026-07-21 14:15:00+05:30,693.7,694.65,693.7,694.65,487.0
2026-07-21 14:20:00+05:30,694.6,694.6,693.35,694.2,1114.0
2026-07-21 14:25:00+05:30,693.35,693.65,690.1,691.8,6424.0
2026-07-21 14:30:00+05:30,691.0,691.5,690.55,690.75,1581.0
2026-07-21 14:35:00+05:30,691.45,691.5,690.15,690.3,2006.0
2026-07-21 14:40:00+05:30,690.95,691.5,690.1,691.0,660.0
2026-07-21 14:45:00+05:30,691.0,693.9,691.0,693.9,4614.0
2026-07-21 14:50:00+05:30,693.3,694.2,692.55,693.05,2655.0
2026-07-21 14:55:00+05:30,693.05,693.8,693.05,693.5,1841.0
2026-07-21 15:00:00+05:30,693.5,693.85,692.4,692.4,1362.0
2026-07-21 15:05:00+05:30,692.85,694.95,692.0,694.3,12728.0
2026-07-21 15:10:00+05:30,694.25,694.9,690.0,691.1,4420.0
2026-07-21 15:15:00+05:30,690.8,692.0,690.25,692.0,4912.0
2026-07-21 15:20:00+05:30,692.0,692.25,690.0,690.05,9677.0
2026-07-21 15:25:00+05:30,690.9,692.95,690.0,691.95,9600.0
2026-07-22 09:15:00+05:30,694.0,694.0,662.5,673.0,103762.0
2026-07-22 09:20:00+05:30,673.7,679.0,670.0,678.5,40107.0
2026-07-22 09:25:00+05:30,677.95,678.5,670.0,670.0,20785.0
2026-07-22 09:30:00+05:30,669.5,670.0,666.5,668.0,18134.0
2026-07-22 09:35:00+05:30,667.15,671.8,667.0,670.9,14542.0
2026-07-22 09:40:00+05:30,670.9,671.8,669.55,670.8,14494.0
2026-07-22 09:45:00+05:30,670.9,671.6,668.1,668.85,6843.0
2026-07-22 09:50:00+05:30,668.75,668.75,665.5,666.05,7735.0
2026-07-22 09:55:00+05:30,666.05,666.2,658.95,664.0,46523.0
2026-07-22 10:00:00+05:30,663.2,665.25,663.1,664.75,11354.0
2026-07-22 10:05:00+05:30,663.95,670.05,663.95,666.2,16938.0
2026-07-22 10:10:00+05:30,666.8,667.2,664.75,664.75,5228.0
2026-07-22 10:15:00+05:30,665.25,665.25,662.3,662.65,6593.0
2026-07-22 10:20:00+05:30,662.65,663.6,662.05,662.25,6944.0
2026-07-22 10:25:00+05:30,662.25,662.25,658.0,661.55,25510.0
2026-07-22 10:30:00+05:30,661.55,665.0,661.4,662.9,14537.0
2026-07-22 10:35:00+05:30,662.9,664.35,662.0,662.0,3574.0
2026-07-22 10:40:00+05:30,662.35,662.35,656.2,656.2,13378.0
2026-07-22 10:45:00+05:30,656.9,660.0,656.05,659.9,32898.0
2026-07-22 10:50:00+05:30,659.25,661.45,658.95,660.45,5296.0
2026-07-22 10:55:00+05:30,660.95,661.45,659.85,659.85,4405.0
2026-07-22 11:00:00+05:30,659.8,660.85,659.8,660.65,4307.0
2026-07-22 11:05:00+05:30,660.5,661.95,660.4,661.95,2035.0
2026-07-22 11:10:00+05:30,661.95,662.0,661.0,661.95,2941.0
2026-07-22 11:15:00+05:30,661.95,662.6,661.0,662.6,2204.0
2026-07-22 11:20:00+05:30,663.0,664.0,662.6,664.0,5734.0
2026-07-22 11:25:00+05:30,664.05,666.0,663.05,665.9,5392.0
2026-07-22 11:30:00+05:30,666.0,666.9,664.1,665.0,3322.0
2026-07-22 11:35:00+05:30,664.95,665.0,664.1,664.9,2263.0
2026-07-22 11:40:00+05:30,664.9,665.15,663.45,665.0,1654.0
2026-07-22 11:45:00+05:30,664.5,665.0,663.35,664.15,2282.0
2026-07-22 11:50:00+05:30,663.7,663.95,663.0,663.5,1896.0
2026-07-22 11:55:00+05:30,663.25,663.6,662.45,663.6,5129.0
2026-07-22 12:00:00+05:30,664.25,664.8,661.0,661.2,3454.0
2026-07-22 12:05:00+05:30,660.0,662.9,660.0,662.9,5277.0
2026-07-22 12:10:00+05:30,662.3,663.2,661.6,663.2,808.0
2026-07-22 12:15:00+05:30,663.0,663.9,662.5,663.4,560.0
2026-07-22 12:20:00+05:30,663.7,664.2,663.0,663.0,1843.0
2026-07-22 12:25:00+05:30,664.0,665.1,662.5,662.5,1536.0
2026-07-22 12:30:00+05:30,662.95,663.55,661.15,661.55,4004.0
2026-07-22 12:35:00+05:30,661.5,662.25,661.0,661.45,2439.0
2026-07-22 12:40:00+05:30,661.55,663.55,661.4,662.7,919.0
2026-07-22 12:45:00+05:30,663.9,664.5,662.7,664.5,2293.0
2026-07-22 12:50:00+05:30,664.0,664.95,664.0,664.85,1308.0
2026-07-22 12:55:00+05:30,664.95,664.95,663.8,664.95,3477.0
2026-07-22 13:00:00+05:30,664.2,664.85,663.5,664.6,1378.0
2026-07-22 13:05:00+05:30,664.0,664.2,663.05,664.15,741.0
2026-07-22 13:10:00+05:30,664.15,664.15,663.2,663.95,2812.0
2026-07-22 13:15:00+05:30,663.55,664.45,663.0,664.05,830.0
2026-07-22 13:20:00+05:30,663.5,664.3,663.1,663.75,452.0
2026-07-22 13:25:00+05:30,663.85,663.95,663.05,663.05,457.0
2026-07-22 13:30:00+05:30,663.05,664.9,663.0,664.9,938.0
2026-07-22 13:35:00+05:30,664.2,666.05,663.8,664.0,6985.0
2026-07-22 13:40:00+05:30,664.0,665.0,663.45,663.5,2713.0
2026-07-22 13:45:00+05:30,664.0,665.5,664.0,664.2,1814.0
2026-07-22 13:50:00+05:30,664.95,664.95,664.0,664.1,469.0
2026-07-22 13:55:00+05:30,664.85,664.85,663.55,664.2,1141.0
2026-07-22 14:00:00+05:30,663.8,664.4,662.65,663.95,3512.0
2026-07-22 14:05:00+05:30,663.95,664.65,663.4,663.85,2020.0
2026-07-22 14:10:00+05:30,663.85,664.4,662.3,662.35,1865.0
2026-07-22 14:15:00+05:30,662.95,664.0,662.2,663.9,838.0
2026-07-22 14:20:00+05:30,663.9,664.0,662.1,662.1,1333.0
2026-07-22 14:25:00+05:30,662.0,663.2,662.0,662.85,976.0
2026-07-22 14:30:00+05:30,662.9,662.95,660.6,662.85,4980.0
2026-07-22 14:35:00+05:30,662.85,663.9,661.85,662.25,4888.0
2026-07-22 14:40:00+05:30,662.25,662.7,661.05,661.2,1488.0
2026-07-22 14:45:00+05:30,660.0,662.5,660.0,662.5,5231.0
2026-07-22 14:50:00+05:30,662.2,663.7,662.2,662.55,1662.0
2026-07-22 14:55:00+05:30,663.05,663.35,662.6,662.7,1493.0
2026-07-22 15:00:00+05:30,662.8,663.5,662.1,662.3,4274.0
2026-07-22 15:05:00+05:30,662.85,673.2,662.6,673.2,28284.0
2026-07-22 15:10:00+05:30,673.95,673.95,666.3,667.2,14593.0
2026-07-22 15:15:00+05:30,667.4,670.5,666.8,670.0,10955.0
2026-07-22 15:20:00+05:30,670.3,670.9,664.45,665.35,16646.0
2026-07-22 15:25:00+05:30,665.35,666.0,663.0,666.0,16258.0
2026-07-23 09:15:00+05:30,665.0,669.95,662.2,667.95,13063.0
2026-07-23 09:20:00+05:30,667.9,675.6,667.9,670.75,12233.0
2026-07-23 09:25:00+05:30,670.85,672.35,670.85,671.25,2404.0
2026-07-23 09:30:00+05:30,671.0,671.85,669.05,669.45,4577.0
2026-07-23 09:35:00+05:30,668.55,668.55,665.3,665.3,2228.0
2026-07-23 09:40:00+05:30,666.0,666.0,663.7,663.8,4800.0
2026-07-23 09:45:00+05:30,663.7,663.8,662.05,663.6,3802.0
2026-07-23 09:50:00+05:30,662.85,664.95,662.1,662.55,5501.0
2026-07-23 09:55:00+05:30,662.5,664.85,662.5,664.35,2535.0
2026-07-23 10:00:00+05:30,665.0,669.0,664.05,668.85,8219.0
2026-07-23 10:05:00+05:30,668.55,668.65,666.7,666.95,3218.0
2026-07-23 10:10:00+05:30,667.25,667.9,666.95,667.9,1053.0
2026-07-23 10:15:00+05:30,668.0,668.0,666.5,666.5,1316.0
2026-07-23 10:20:00+05:30,666.7,666.8,665.65,665.65,1320.0
2026-07-23 10:25:00+05:30,665.6,667.2,665.1,667.2,615.0
2026-07-23 10:30:00+05:30,666.8,667.0,666.0,666.0,900.0
2026-07-23 10:35:00+05:30,666.0,666.0,665.0,665.6,1373.0
2026-07-23 10:40:00+05:30,666.1,666.3,660.6,662.4,8872.0
2026-07-23 10:45:00+05:30,662.8,664.95,662.7,664.8,1429.0
2026-07-23 10:50:00+05:30,664.5,665.95,664.3,665.0,2093.0
2026-07-23 10:55:00+05:30,664.95,666.5,664.25,666.0,746.0
2026-07-23 11:00:00+05:30,666.0,666.6,665.35,666.2,3162.0
2026-07-23 11:05:00+05:30,666.55,667.8,666.55,667.2,3064.0
2026-07-23 11:10:00+05:30,666.65,666.65,665.0,665.0,1425.0
2026-07-23 11:15:00+05:30,664.6,665.2,663.5,663.5,2156.0
2026-07-23 11:20:00+05:30,664.15,664.55,663.55,663.55,648.0
2026-07-23 11:25:00+05:30,662.65,663.05,661.2,661.7,2824.0
2026-07-23 11:30:00+05:30,661.7,661.7,660.4,661.05,1506.0
2026-07-23 11:35:00+05:30,661.1,661.25,660.7,661.2,508.0
2026-07-23 11:40:00+05:30,660.65,662.85,660.65,662.7,3577.0
2026-07-23 11:45:00+05:30,663.6,663.6,661.25,661.55,539.0
2026-07-23 11:50:00+05:30,661.55,662.0,660.5,661.8,1446.0
2026-07-23 11:55:00+05:30,661.9,661.9,660.5,660.65,697.0
2026-07-23 12:00:00+05:30,661.7,663.2,661.7,662.95,1786.0
2026-07-23 12:05:00+05:30,662.85,662.9,662.05,662.45,570.0
2026-07-23 12:10:00+05:30,662.35,663.0,662.0,662.7,319.0
2026-07-23 12:15:00+05:30,661.7,662.2,661.05,662.2,1227.0
2026-07-23 12:20:00+05:30,662.2,662.55,661.9,662.3,285.0
2026-07-23 12:25:00+05:30,661.5,661.5,660.0,660.95,4239.0
2026-07-23 12:30:00+05:30,661.0,661.45,660.45,661.2,854.0
2026-07-23 12:35:00+05:30,661.0,661.3,660.05,660.35,896.0
2026-07-23 12:40:00+05:30,660.3,660.7,658.0,658.95,9009.0
2026-07-23 12:45:00+05:30,658.9,659.4,658.5,659.25,1113.0
2026-07-23 12:50:00+05:30,658.5,659.9,658.5,659.1,2331.0
2026-07-23 12:55:00+05:30,659.45,660.0,658.4,658.55,2262.0
2026-07-23 13:00:00+05:30,658.6,658.6,657.0,657.5,3021.0
2026-07-23 13:05:00+05:30,657.5,658.0,657.5,657.65,681.0
2026-07-23 13:10:00+05:30,657.65,657.65,656.15,656.65,3915.0
2026-07-23 13:15:00+05:30,656.45,657.2,645.4,648.3,46468.0
2026-07-23 13:20:00+05:30,649.0,650.0,648.0,648.15,4621.0
2026-07-23 13:25:00+05:30,649.15,652.95,648.55,649.5,15275.0
2026-07-23 13:30:00+05:30,648.95,650.75,648.45,650.0,2469.0
2026-07-23 13:35:00+05:30,649.85,652.65,649.8,652.25,1718.0
2026-07-23 13:40:00+05:30,652.75,656.15,650.95,651.8,13583.0
2026-07-23 13:45:00+05:30,651.8,652.55,651.4,651.45,2378.0
2026-07-23 13:50:00+05:30,652.0,652.6,651.55,652.0,787.0
2026-07-23 13:55:00+05:30,651.9,654.0,651.05,653.45,5129.0
2026-07-23 14:00:00+05:30,653.6,653.9,652.0,653.8,6815.0
2026-07-23 14:05:00+05:30,652.9,652.95,651.25,652.95,1017.0
2026-07-23 14:10:00+05:30,652.05,652.45,651.2,652.0,2354.0
2026-07-23 14:15:00+05:30,650.55,652.3,650.3,651.3,2808.0
2026-07-23 14:20:00+05:30,651.25,652.65,651.0,651.2,1149.0
2026-07-23 14:25:00+05:30,651.9,652.65,651.3,652.05,386.0
2026-07-23 14:30:00+05:30,652.1,653.2,650.35,652.8,1658.0
2026-07-23 14:35:00+05:30,652.05,653.9,650.7,650.75,9542.0
2026-07-23 14:40:00+05:30,650.5,650.5,649.0,649.6,4650.0
2026-07-23 14:45:00+05:30,649.1,649.7,647.0,648.2,7145.0
2026-07-23 14:50:00+05:30,649.15,649.15,645.5,646.6,5736.0
2026-07-23 14:55:00+05:30,646.45,647.55,646.05,647.45,1814.0
2026-07-23 15:00:00+05:30,646.6,648.35,640.55,642.5,17943.0
2026-07-23 15:05:00+05:30,642.9,645.55,640.45,641.75,13915.0
2026-07-23 15:10:00+05:30,642.8,645.85,642.8,645.0,7150.0
2026-07-23 15:15:00+05:30,644.95,645.85,643.5,644.55,7641.0
2026-07-23 15:20:00+05:30,644.25,645.0,643.0,644.8,16741.0
2026-07-23 15:25:00+05:30,644.0,646.0,642.0,646.0,23301.0
2026-07-24 09:15:00+05:30,640.0,644.0,635.4,643.7,25627.0
2026-07-24 09:20:00+05:30,644.5,647.95,643.7,644.75,17662.0
2026-07-24 09:25:00+05:30,644.0,644.6,641.65,642.55,7937.0
2026-07-24 09:30:00+05:30,643.45,646.2,642.0,643.6,21534.0
2026-07-24 09:35:00+05:30,643.2,643.8,638.95,639.9,7139.0
2026-07-24 09:40:00+05:30,639.9,641.95,639.2,641.1,3195.0
2026-07-24 09:45:00+05:30,642.0,643.35,639.0,639.0,8106.0
2026-07-24 09:50:00+05:30,639.0,639.45,636.05,636.1,6291.0
2026-07-24 09:55:00+05:30,637.15,637.45,635.25,636.25,9254.0
2026-07-24 10:00:00+05:30,636.3,636.35,632.15,633.25,12462.0
2026-07-24 10:05:00+05:30,633.45,635.35,632.05,634.2,7372.0
2026-07-24 10:10:00+05:30,633.4,635.0,632.35,633.2,3559.0
2026-07-24 10:15:00+05:30,633.55,636.65,633.05,633.5,1906.0
2026-07-24 10:20:00+05:30,633.0,633.0,627.15,629.15,17533.0
2026-07-24 10:25:00+05:30,629.7,631.9,629.15,631.9,11814.0
2026-07-24 10:30:00+05:30,631.4,631.4,629.1,629.95,2437.0
2026-07-24 10:35:00+05:30,629.85,635.2,628.35,635.2,7589.0
2026-07-24 10:40:00+05:30,635.05,635.45,633.0,633.3,3954.0
2026-07-24 10:45:00+05:30,633.15,634.95,633.15,634.0,2851.0
2026-07-24 10:50:00+05:30,634.5,635.3,633.6,633.65,2343.0
2026-07-24 10:55:00+05:30,634.05,634.5,632.5,632.6,1341.0
2026-07-24 11:00:00+05:30,632.1,632.3,631.1,631.35,614.0
2026-07-24 11:05:00+05:30,631.35,633.25,631.35,631.95,460.0
2026-07-24 11:10:00+05:30,632.35,633.45,631.95,632.05,371.0
2026-07-24 11:15:00+05:30,631.6,636.5,631.05,636.5,7367.0
2026-07-24 11:20:00+05:30,636.75,637.95,635.65,637.05,4034.0
2026-07-24 11:25:00+05:30,638.0,638.6,637.0,637.0,942.0
2026-07-24 11:30:00+05:30,637.0,637.0,635.35,636.5,997.0
2026-07-24 11:35:00+05:30,636.95,636.95,635.05,636.4,510.0
2026-07-24 11:40:00+05:30,636.4,639.75,635.7,639.5,3921.0
2026-07-24 11:45:00+05:30,639.5,643.8,639.5,643.05,6734.0
2026-07-24 11:50:00+05:30,643.05,645.0,642.9,644.05,3146.0
2026-07-24 11:55:00+05:30,644.7,645.0,643.5,644.95,3821.0
2026-07-24 12:00:00+05:30,644.15,644.8,643.5,644.8,980.0
2026-07-24 12:05:00+05:30,645.0,645.55,643.85,644.4,1716.0
2026-07-24 12:10:00+05:30,643.95,645.15,643.1,645.15,1245.0
2026-07-24 12:15:00+05:30,644.75,646.9,644.0,646.75,6971.0
2026-07-24 12:20:00+05:30,646.75,646.75,645.05,646.5,1926.0
2026-07-24 12:25:00+05:30,645.95,652.0,645.95,650.9,19819.0
2026-07-24 12:30:00+05:30,651.4,654.25,651.1,652.0,12778.0
2026-07-24 12:35:00+05:30,651.8,653.0,650.75,651.75,5273.0
2026-07-24 12:40:00+05:30,652.6,652.9,651.85,652.65,1208.0
2026-07-24 12:45:00+05:30,652.0,652.8,651.75,652.55,4092.0
2026-07-24 12:50:00+05:30,652.0,652.9,651.7,652.45,1117.0
2026-07-24 12:55:00+05:30,652.45,653.2,652.25,653.05,5441.0
2026-07-24 13:00:00+05:30,653.0,653.0,650.55,650.65,2254.0
2026-07-24 13:05:00+05:30,650.9,651.2,650.75,651.2,1421.0
2026-07-24 13:10:00+05:30,651.3,652.4,650.05,651.35,1553.0
2026-07-24 13:15:00+05:30,651.3,652.8,651.3,651.9,367.0
2026-07-24 13:20:00+05:30,652.0,652.45,650.75,652.3,551.0
2026-07-24 13:25:00+05:30,652.3,653.95,651.8,653.95,4586.0
2026-07-24 13:30:00+05:30,654.05,654.05,651.85,651.85,720.0
2026-07-24 13:35:00+05:30,652.0,652.0,650.25,651.0,646.0
2026-07-24 13:40:00+05:30,651.15,652.45,647.6,648.05,5995.0
2026-07-24 13:45:00+05:30,648.05,650.4,648.0,650.4,1100.0
2026-07-24 13:50:00+05:30,649.75,651.0,648.75,650.05,1631.0
2026-07-24 13:55:00+05:30,650.1,651.8,650.1,650.9,1954.0
2026-07-24 14:00:00+05:30,650.85,652.0,650.7,651.95,784.0
2026-07-24 14:05:00+05:30,652.4,654.0,652.4,652.8,5448.0
2026-07-24 14:10:00+05:30,652.5,655.95,651.75,653.95,7578.0
2026-07-24 14:15:00+05:30,653.5,656.1,653.5,655.6,6580.0
2026-07-24 14:20:00+05:30,655.4,655.4,653.6,654.3,6158.0
2026-07-24 14:25:00+05:30,654.65,654.9,653.3,653.85,1577.0
2026-07-24 14:30:00+05:30,653.95,654.9,652.4,653.45,3845.0
2026-07-24 14:35:00+05:30,652.8,653.35,652.15,653.25,1384.0
2026-07-24 14:40:00+05:30,653.25,653.9,652.6,653.9,1784.0
2026-07-24 14:45:00+05:30,654.0,654.0,652.05,652.95,4874.0
2026-07-24 14:50:00+05:30,653.0,654.0,651.75,652.9,6205.0
2026-07-24 14:55:00+05:30,653.6,653.95,652.6,652.6,965.0
2026-07-24 15:00:00+05:30,652.65,653.05,651.0,651.95,1927.0
2026-07-24 15:05:00+05:30,652.05,652.45,651.05,651.1,1073.0
2026-07-24 15:10:00+05:30,651.2,655.0,651.1,655.0,11565.0
2026-07-24 15:15:00+05:30,655.0,656.0,653.5,655.0,7070.0
2026-07-24 15:20:00+05:30,654.7,656.0,654.1,654.7,4923.0
2026-07-24 15:25:00+05:30,654.9,659.0,654.0,656.0,8656.0
2026-07-27 09:15:00+05:30,661.1,664.8,656.55,657.7,27728.0
2026-07-27 09:20:00+05:30,657.85,665.1,656.3,662.0,26577.0
2026-07-27 09:25:00+05:30,662.25,662.25,659.05,659.85,4571.0
2026-07-27 09:30:00+05:30,660.65,664.1,660.5,664.1,8938.0
2026-07-27 09:35:00+05:30,663.9,664.1,660.05,660.45,3134.0
2026-07-27 09:40:00+05:30,660.5,661.4,658.6,658.6,4257.0
2026-07-27 09:45:00+05:30,659.8,659.8,658.55,659.7,1298.0
2026-07-27 09:50:00+05:30,659.5,663.0,659.05,663.0,3701.0
2026-07-27 09:55:00+05:30,662.15,666.4,662.15,665.0,11374.0
2026-07-27 10:00:00+05:30,665.35,665.45,661.5,661.5,3712.0
2026-07-27 10:05:00+05:30,661.5,661.8,661.0,661.5,1460.0
2026-07-27 10:10:00+05:30,661.5,662.45,661.5,662.25,1358.0
2026-07-27 10:15:00+05:30,662.25,669.45,661.1,668.1,23745.0
2026-07-27 10:20:00+05:30,668.05,673.8,666.85,672.25,20974.0
2026-07-27 10:25:00+05:30,672.25,672.35,671.0,672.35,4975.0
2026-07-27 10:30:00+05:30,672.5,673.75,670.1,671.6,5625.0
2026-07-27 10:35:00+05:30,671.6,671.6,668.7,669.2,5382.0
2026-07-27 10:40:00+05:30,669.4,669.85,668.95,669.0,2250.0
2026-07-27 10:45:00+05:30,669.2,670.2,668.7,669.65,4245.0
2026-07-27 10:50:00+05:30,669.45,670.65,669.15,670.3,1673.0
2026-07-27 10:55:00+05:30,669.5,672.0,668.35,669.35,6635.0
2026-07-27 11:00:00+05:30,669.35,669.35,668.4,668.4,604.0
2026-07-27 11:05:00+05:30,668.4,668.45,668.4,668.4,650.0
2026-07-27 11:10:00+05:30,668.75,668.75,666.9,667.0,2257.0
2026-07-27 11:15:00+05:30,667.1,667.95,667.0,667.6,1273.0
2026-07-27 11:20:00+05:30,667.0,667.65,666.6,666.6,1133.0
2026-07-27 11:25:00+05:30,666.6,667.65,666.3,667.25,839.0
2026-07-27 11:30:00+05:30,667.3,668.95,667.1,668.95,1626.0
2026-07-27 11:35:00+05:30,669.0,672.5,668.05,671.45,11129.0
2026-07-27 11:40:00+05:30,671.05,671.7,669.9,670.0,1808.0
2026-07-27 11:45:00+05:30,670.0,670.0,669.0,669.0,497.0
2026-07-27 11:50:00+05:30,668.85,668.85,668.35,668.4,512.0
2026-07-27 11:55:00+05:30,669.15,669.15,667.85,668.4,497.0
2026-07-27 12:00:00+05:30,668.4,668.5,667.65,667.75,156.0
2026-07-27 12:05:00+05:30,667.7,668.5,667.25,667.7,882.0
2026-07-27 12:10:00+05:30,667.7,667.7,667.55,667.65,246.0
2026-07-27 12:15:00+05:30,667.65,667.95,667.65,667.95,136.0
2026-07-27 12:20:00+05:30,667.95,667.95,667.25,667.25,147.0
2026-07-27 12:25:00+05:30,667.25,667.6,667.05,667.6,607.0
2026-07-27 12:30:00+05:30,667.05,667.05,665.55,666.0,1638.0
2026-07-27 12:35:00+05:30,666.0,666.8,666.0,666.8,125.0
2026-07-27 12:40:00+05:30,666.8,666.8,665.2,665.2,609.0
2026-07-27 12:45:00+05:30,665.95,666.0,665.25,665.95,284.0
2026-07-27 12:50:00+05:30,665.95,665.95,665.1,665.1,600.0
2026-07-27 12:55:00+05:30,665.1,666.0,665.1,665.35,683.0
2026-07-27 13:00:00+05:30,665.35,665.4,665.15,665.35,238.0
2026-07-27 13:05:00+05:30,665.35,666.95,665.35,666.7,1470.0
2026-07-27 13:10:00+05:30,665.9,666.4,665.3,665.45,1066.0
2026-07-27 13:15:00+05:30,665.35,665.85,665.3,665.85,554.0
2026-07-27 13:20:00+05:30,665.85,665.85,663.6,663.6,2552.0
2026-07-27 13:25:00+05:30,663.6,664.45,663.6,664.0,473.0
2026-07-27 13:30:00+05:30,664.0,664.3,664.0,664.0,1849.0
2026-07-27 13:35:00+05:30,664.0,664.9,664.0,664.9,254.0
2026-07-27 13:40:00+05:30,664.9,664.95,664.35,664.9,265.0
2026-07-27 13:45:00+05:30,664.4,664.95,664.4,664.55,533.0
2026-07-27 13:50:00+05:30,664.55,664.9,664.55,664.85,103.0
2026-07-27 13:55:00+05:30,665.15,669.35,665.15,669.35,11084.0
2026-07-27 14:00:00+05:30,668.95,669.05,668.05,669.0,1854.0
2026-07-27 14:05:00+05:30,668.95,669.9,668.75,669.0,1291.0
2026-07-27 14:10:00+05:30,669.5,669.5,668.5,668.5,506.0
2026-07-27 14:15:00+05:30,668.85,668.95,668.0,668.55,555.0
2026-07-27 14:20:00+05:30,667.75,670.0,667.75,669.2,1991.0
2026-07-27 14:25:00+05:30,668.6,669.0,666.6,666.9,3070.0
2026-07-27 14:30:00+05:30,667.7,668.2,666.9,667.45,403.0
2026-07-27 14:35:00+05:30,668.0,668.35,667.45,667.45,592.0
2026-07-27 14:40:00+05:30,668.4,668.9,667.65,668.9,798.0
2026-07-27 14:45:00+05:30,668.05,669.8,668.0,669.3,5261.0
2026-07-27 14:50:00+05:30,668.6,670.0,668.6,669.0,1101.0
2026-07-27 14:55:00+05:30,669.0,669.0,667.2,667.65,1031.0
2026-07-27 15:00:00+05:30,668.0,669.0,668.0,668.6,949.0
2026-07-27 15:05:00+05:30,669.0,669.0,667.5,668.4,6105.0
2026-07-27 15:10:00+05:30,667.6,668.15,666.55,666.95,3053.0
2026-07-27 15:15:00+05:30,666.9,667.45,664.4,665.0,6843.0
2026-07-27 15:20:00+05:30,665.5,666.6,665.0,665.0,3869.0
2026-07-27 15:25:00+05:30,665.0,665.6,661.0,662.45,8730.0
2026-07-28 09:15:00+05:30,660.0,660.05,652.65,654.5,13258.0
2026-07-28 09:20:00+05:30,653.8,655.25,650.5,654.35,17842.0
2026-07-28 09:25:00+05:30,653.55,653.75,650.5,651.0,7985.0
2026-07-28 09:30:00+05:30,650.95,651.75,647.05,649.1,11731.0
2026-07-28 09:35:00+05:30,649.45,653.85,649.1,653.85,7170.0
2026-07-28 09:40:00+05:30,654.15,654.35,652.5,654.35,2450.0
2026-07-28 09:45:00+05:30,654.35,654.35,652.0,653.95,6085.0
2026-07-28 09:50:00+05:30,654.0,668.25,653.4,666.1,34063.0
2026-07-28 09:55:00+05:30,667.15,668.25,661.0,661.05,9328.0
2026-07-28 10:00:00+05:30,661.05,661.65,659.15,659.4,3451.0
2026-07-28 10:05:00+05:30,659.55,660.1,657.0,657.0,6141.0
2026-07-28 10:10:00+05:30,657.15,658.35,656.8,656.8,1511.0
2026-07-28 10:15:00+05:30,657.05,661.6,657.05,660.0,2954.0
2026-07-28 10:20:00+05:30,659.6,659.6,656.7,656.8,1243.0
2026-07-28 10:25:00+05:30,657.05,659.1,657.0,659.1,616.0
2026-07-28 10:30:00+05:30,659.25,659.25,658.35,659.0,332.0
2026-07-28 10:35:00+05:30,658.45,659.85,658.45,659.85,2787.0
2026-07-28 10:40:00+05:30,659.9,660.85,659.0,660.2,1097.0
2026-07-28 10:45:00+05:30,659.7,662.35,657.55,661.45,5377.0
2026-07-28 10:50:00+05:30,661.05,662.3,659.65,659.65,2359.0
2026-07-28 10:55:00+05:30,660.7,661.95,659.95,661.95,684.0
2026-07-28 11:00:00+05:30,661.25,661.25,660.1,660.1,517.0
2026-07-28 11:05:00+05:30,659.8,663.0,659.8,661.35,2354.0
2026-07-28 11:10:00+05:30,661.2,661.2,660.0,660.85,1479.0
2026-07-28 11:15:00+05:30,660.45,661.0,658.7,659.3,3219.0
2026-07-28 11:20:00+05:30,659.65,662.0,658.9,661.05,4272.0
2026-07-28 11:25:00+05:30,661.1,661.8,659.6,661.25,1630.0
2026-07-28 11:30:00+05:30,660.55,661.2,658.6,658.6,1026.0
2026-07-28 11:35:00+05:30,659.5,659.5,657.55,658.0,703.0
2026-07-28 11:40:00+05:30,657.85,659.45,657.65,659.45,1080.0
2026-07-28 11:45:00+05:30,659.0,659.75,658.7,659.0,905.0
2026-07-28 11:50:00+05:30,660.45,660.45,658.25,658.3,647.0
2026-07-28 11:55:00+05:30,658.3,658.3,657.1,657.2,386.0
2026-07-28 12:00:00+05:30,658.15,658.85,657.05,657.05,313.0
2026-07-28 12:05:00+05:30,658.2,659.75,658.2,659.0,452.0
2026-07-28 12:10:00+05:30,659.9,659.9,659.1,659.1,77.0
2026-07-28 12:15:00+05:30,659.05,659.7,658.15,659.7,1215.0
2026-07-28 12:20:00+05:30,660.45,660.45,659.35,660.0,686.0
2026-07-28 12:25:00+05:30,660.0,660.9,659.85,660.2,721.0
2026-07-28 12:30:00+05:30,660.5,660.5,660.05,660.05,229.0
2026-07-28 12:35:00+05:30,660.05,660.9,660.05,660.15,293.0
2026-07-28 12:40:00+05:30,660.75,662.05,660.55,661.55,4629.0
2026-07-28 12:45:00+05:30,661.65,661.65,660.7,660.7,298.0
2026-07-28 12:50:00+05:30,661.4,661.4,660.0,660.0,2004.0
2026-07-28 12:55:00+05:30,659.05,659.95,659.05,659.15,272.0
2026-07-28 13:00:00+05:30,659.1,659.85,659.1,659.85,63.0
2026-07-28 13:05:00+05:30,659.85,659.85,658.0,658.0,390.0
2026-07-28 13:10:00+05:30,658.6,658.6,657.0,657.95,745.0
2026-07-28 13:15:00+05:30,657.95,657.95,656.8,656.8,208.0
2026-07-28 13:20:00+05:30,656.8,657.55,656.7,657.4,399.0
2026-07-28 13:25:00+05:30,657.95,658.4,657.5,657.5,317.0
2026-07-28 13:30:00+05:30,657.55,658.3,657.35,658.2,144.0
2026-07-28 13:35:00+05:30,658.2,658.45,657.6,658.45,374.0
2026-07-28 13:40:00+05:30,658.45,658.85,658.45,658.5,285.0
2026-07-28 13:45:00+05:30,658.5,658.85,658.15,658.85,459.0
2026-07-28 13:50:00+05:30,658.5,660.4,658.5,660.4,469.0
2026-07-28 13:55:00+05:30,661.6,661.6,659.2,659.8,8099.0
2026-07-28 14:00:00+05:30,660.4,660.45,659.45,660.45,1085.0
2026-07-28 14:05:00+05:30,660.55,661.8,660.55,661.8,377.0
2026-07-28 14:10:00+05:30,662.8,662.8,662.0,662.7,771.0
2026-07-28 14:15:00+05:30,662.7,663.0,662.0,663.0,1065.0
2026-07-28 14:20:00+05:30,662.8,664.0,662.05,664.0,2182.0
2026-07-28 14:25:00+05:30,663.95,664.5,663.6,664.05,2215.0
2026-07-28 14:30:00+05:30,664.05,665.25,663.0,665.15,3981.0
2026-07-28 14:35:00+05:30,665.0,666.8,664.2,665.85,9523.0
2026-07-28 14:40:00+05:30,665.85,666.65,664.0,665.45,6147.0
2026-07-28 14:45:00+05:30,664.8,665.55,662.3,663.8,4387.0
2026-07-28 14:50:00+05:30,663.8,664.8,662.55,664.0,1888.0
2026-07-28 14:55:00+05:30,664.8,665.7,664.3,665.0,1168.0
2026-07-28 15:00:00+05:30,664.75,665.0,663.0,663.0,3435.0
2026-07-28 15:05:00+05:30,662.85,665.0,661.0,665.0,5096.0
2026-07-28 15:10:00+05:30,664.7,664.7,661.0,661.05,2119.0
2026-07-28 15:15:00+05:30,661.05,661.8,661.05,661.35,1490.0
2026-07-28 15:20:00+05:30,661.1,661.8,661.0,661.4,3663.0
2026-07-28 15:25:00+05:30,661.4,661.8,659.0,660.0,6450.0
2026-07-29 09:15:00+05:30,671.0,671.0,656.05,664.8,23510.0
2026-07-29 09:20:00+05:30,666.0,667.4,663.15,664.3,5069.0
2026-07-29 09:25:00+05:30,664.15,666.95,663.2,665.8,2504.0
2026-07-29 09:30:00+05:30,665.5,666.7,665.2,666.15,1965.0
2026-07-29 09:35:00+05:30,666.2,666.2,663.1,665.5,1299.0
2026-07-29 09:40:00+05:30,665.6,666.45,665.0,665.45,1205.0
2026-07-29 09:45:00+05:30,665.3,667.0,665.1,665.15,771.0
2026-07-29 09:50:00+05:30,666.0,666.0,661.05,662.5,7955.0
2026-07-29 09:55:00+05:30,662.0,663.45,662.0,662.9,786.0
2026-07-29 10:00:00+05:30,662.8,664.0,661.7,664.0,3629.0
2026-07-29 10:05:00+05:30,664.8,665.45,664.0,664.9,2123.0
2026-07-29 10:10:00+05:30,664.8,664.8,664.0,664.0,801.0
2026-07-29 10:15:00+05:30,664.0,664.8,664.0,664.0,7544.0
2026-07-29 10:20:00+05:30,664.0,664.0,662.4,663.05,149.0
2026-07-29 10:25:00+05:30,662.4,662.75,659.1,659.75,4367.0
2026-07-29 10:30:00+05:30,659.65,659.75,657.0,658.3,3524.0
2026-07-29 10:35:00+05:30,658.0,659.45,657.95,657.95,2119.0
2026-07-29 10:40:00+05:30,658.0,659.0,658.0,658.65,787.0
2026-07-29 10:45:00+05:30,659.4,659.5,658.0,658.0,1883.0
2026-07-29 10:50:00+05:30,657.5,657.5,657.0,657.0,291.0
2026-07-29 10:55:00+05:30,657.0,657.0,655.05,655.55,2381.0
2026-07-29 11:00:00+05:30,655.55,656.0,655.0,655.0,5260.0
2026-07-29 11:05:00+05:30,655.0,655.75,653.75,655.75,1798.0
2026-07-29 11:10:00+05:30,655.0,655.45,655.0,655.25,3461.0
2026-07-29 11:15:00+05:30,655.25,656.7,655.0,656.7,3227.0
2026-07-29 11:20:00+05:30,656.7,659.0,656.7,658.3,2335.0
2026-07-29 11:25:00+05:30,658.0,658.9,658.0,658.0,685.0
2026-07-29 11:30:00+05:30,658.15,659.95,657.55,659.95,1109.0
2026-07-29 11:35:00+05:30,659.9,659.9,658.6,658.6,357.0
2026-07-29 11:40:00+05:30,658.6,659.5,657.15,658.05,3376.0
2026-07-29 11:45:00+05:30,657.4,658.45,657.4,657.85,480.0
2026-07-29 11:50:00+05:30,657.85,658.1,656.25,656.25,685.0
2026-07-29 11:55:00+05:30,655.55,658.8,655.55,658.15,1230.0
2026-07-29 12:00:00+05:30,658.25,658.9,658.2,658.9,891.0
2026-07-29 12:05:00+05:30,658.5,658.85,658.4,658.45,709.0
2026-07-29 12:10:00+05:30,658.85,659.0,658.45,659.0,62.0
2026-07-29 12:15:00+05:30,659.1,660.0,656.8,656.8,3232.0
2026-07-29 12:20:00+05:30,656.8,657.0,656.0,656.95,695.0
2026-07-29 12:25:00+05:30,656.95,657.95,656.6,656.95,1230.0
2026-07-29 12:30:00+05:30,656.15,656.7,655.75,656.0,4119.0
2026-07-29 12:35:00+05:30,656.05,657.95,655.45,656.05,3017.0
2026-07-29 12:40:00+05:30,656.15,657.2,656.05,656.7,616.0
2026-07-29 12:45:00+05:30,656.9,656.9,656.2,656.85,264.0
2026-07-29 12:50:00+05:30,656.85,656.85,655.6,655.6,1009.0
2026-07-29 12:55:00+05:30,655.95,656.85,655.95,656.05,705.0
2026-07-29 13:00:00+05:30,656.05,657.1,656.05,657.1,334.0
2026-07-29 13:05:00+05:30,657.0,657.95,656.5,657.95,244.0
2026-07-29 13:10:00+05:30,657.3,658.0,657.3,658.0,174.0
2026-07-29 13:15:00+05:30,658.0,658.0,656.45,656.45,1626.0
2026-07-29 13:20:00+05:30,656.85,657.35,656.8,657.35,618.0
2026-07-29 13:25:00+05:30,656.9,657.4,656.9,657.4,16.0
2026-07-29 13:30:00+05:30,657.4,658.0,657.4,657.55,366.0
2026-07-29 13:35:00+05:30,657.4,657.4,656.6,657.0,526.0
2026-07-29 13:40:00+05:30,657.0,657.3,656.65,656.65,657.0
2026-07-29 13:45:00+05:30,656.4,656.95,656.0,656.95,834.0
2026-07-29 13:50:00+05:30,656.95,658.35,656.05,656.05,4482.0
2026-07-29 13:55:00+05:30,656.35,657.35,656.35,657.35,198.0
2026-07-29 14:00:00+05:30,657.35,658.5,656.75,658.0,1315.0
2026-07-29 14:05:00+05:30,658.0,658.45,657.6,658.15,418.0
2026-07-29 14:10:00+05:30,658.15,658.45,657.7,657.7,660.0
2026-07-29 14:15:00+05:30,657.7,659.0,657.65,659.0,2388.0
2026-07-29 14:20:00+05:30,657.2,657.85,657.2,657.85,414.0
2026-07-29 14:25:00+05:30,657.2,658.95,657.2,658.6,482.0
2026-07-29 14:30:00+05:30,658.0,658.6,657.2,657.2,985.0
2026-07-29 14:35:00+05:30,657.2,657.55,656.05,656.05,483.0
2026-07-29 14:40:00+05:30,656.05,656.95,655.6,656.3,1358.0
2026-07-29 14:45:00+05:30,656.3,657.95,656.3,657.5,1127.0
2026-07-29 14:50:00+05:30,657.0,658.4,656.05,658.4,1675.0
2026-07-29 14:55:00+05:30,658.1,658.4,656.65,657.45,1128.0
2026-07-29 15:00:00+05:30,657.55,658.15,657.25,657.55,881.0
2026-07-29 15:05:00+05:30,657.25,660.85,657.25,660.85,8321.0
2026-07-29 15:10:00+05:30,660.3,660.85,657.1,658.0,1620.0
2026-07-29 15:15:00+05:30,657.15,660.0,657.1,658.45,2872.0
2026-07-29 15:20:00+05:30,658.05,658.05,657.15,657.5,2718.0
2026-07-29 15:25:00+05:30,657.45,657.75,653.75,656.8,8996.0
2026-07-30 09:15:00+05:30,651.6,655.5,651.0,654.0,9570.0
2026-07-30 09:20:00+05:30,654.0,655.6,650.35,654.0,9607.0
2026-07-30 09:25:00+05:30,654.45,656.0,651.55,651.55,1820.0
2026-07-30 09:30:00+05:30,652.1,655.2,651.0,654.3,2961.0
2026-07-30 09:35:00+05:30,653.05,653.85,651.0,651.05,1805.0
2026-07-30 09:40:00+05:30,651.4,651.4,649.25,650.7,11590.0
2026-07-30 09:45:00+05:30,650.0,653.95,650.0,650.95,4810.0
2026-07-30 09:50:00+05:30,650.35,652.3,650.35,651.3,1075.0
2026-07-30 09:55:00+05:30,652.0,652.35,650.7,651.0,1119.0
2026-07-30 10:00:00+05:30,650.0,651.0,648.6,648.8,5630.0
2026-07-30 10:05:00+05:30,648.8,649.0,648.5,648.5,679.0
2026-07-30 10:10:00+05:30,648.1,648.9,646.0,647.0,2967.0
2026-07-30 10:15:00+05:30,647.0,647.0,645.6,646.0,7526.0
2026-07-30 10:20:00+05:30,646.0,647.6,645.5,647.25,5174.0
2026-07-30 10:25:00+05:30,647.05,648.0,646.25,646.55,1709.0
2026-07-30 10:30:00+05:30,645.55,647.9,645.4,645.95,2993.0
2026-07-30 10:35:00+05:30,647.25,647.25,645.0,645.6,1457.0
2026-07-30 10:40:00+05:30,645.6,646.95,645.6,646.25,644.0
2026-07-30 10:45:00+05:30,647.05,649.0,646.8,648.95,1932.0
2026-07-30 10:50:00+05:30,648.2,650.5,648.2,650.3,2390.0
2026-07-30 10:55:00+05:30,649.15,650.7,649.15,649.2,797.0
2026-07-30 11:00:00+05:30,650.3,650.3,648.65,649.0,1155.0
2026-07-30 11:05:00+05:30,648.35,649.2,648.3,648.85,197.0
2026-07-30 11:10:00+05:30,649.05,649.05,648.0,648.7,406.0
2026-07-30 11:15:00+05:30,649.3,649.5,649.0,649.45,300.0
2026-07-30 11:20:00+05:30,649.45,649.45,648.15,649.05,321.0
2026-07-30 11:25:00+05:30,649.05,650.0,649.0,650.0,1066.0
2026-07-30 11:30:00+05:30,650.0,650.0,649.2,649.5,2199.0
2026-07-30 11:35:00+05:30,649.55,649.55,648.4,648.75,571.0
2026-07-30 11:40:00+05:30,648.75,648.8,648.75,648.75,24.0
2026-07-30 11:45:00+05:30,648.75,649.45,648.2,649.1,2080.0
2026-07-30 11:50:00+05:30,649.1,650.15,648.85,650.15,265.0
2026-07-30 11:55:00+05:30,649.3,650.0,649.3,649.55,1031.0
2026-07-30 12:00:00+05:30,649.55,650.2,649.1,649.1,510.0
2026-07-30 12:05:00+05:30,649.1,649.75,648.9,649.6,485.0
2026-07-30 12:10:00+05:30,649.6,651.0,649.55,650.7,1008.0
2026-07-30 12:15:00+05:30,650.7,650.7,649.4,649.4,147.0
2026-07-30 12:20:00+05:30,649.4,650.0,649.3,649.3,124.0
2026-07-30 12:25:00+05:30,649.95,650.0,649.95,650.0,378.0
2026-07-30 12:30:00+05:30,650.9,654.15,650.7,653.3,8946.0
2026-07-30 12:35:00+05:30,652.9,653.35,652.8,652.8,138.0
2026-07-30 12:40:00+05:30,652.6,652.6,650.7,651.5,695.0
2026-07-30 12:45:00+05:30,651.9,653.65,651.85,653.65,2955.0
2026-07-30 12:50:00+05:30,655.55,656.0,653.0,653.5,38182.0
2026-07-30 12:55:00+05:30,654.0,655.05,653.6,654.1,810.0
2026-07-30 13:00:00+05:30,654.1,654.95,653.9,654.65,426.0
2026-07-30 13:05:00+05:30,654.5,654.65,653.35,653.35,1276.0
2026-07-30 13:10:00+05:30,653.15,653.2,650.9,650.9,16218.0
2026-07-30 13:15:00+05:30,649.65,650.05,649.3,649.4,5886.0
2026-07-30 13:20:00+05:30,649.95,650.35,649.0,649.0,221.0
2026-07-30 13:25:00+05:30,649.0,649.85,649.0,649.3,443.0
2026-07-30 13:30:00+05:30,647.6,648.05,647.45,648.05,6464.0
2026-07-30 13:35:00+05:30,648.85,648.85,645.6,645.6,3373.0
2026-07-30 13:40:00+05:30,646.95,647.0,645.95,645.95,3563.0
2026-07-30 13:45:00+05:30,645.5,645.95,643.6,645.25,5425.0
2026-07-30 13:50:00+05:30,645.25,646.15,643.5,646.15,2326.0
2026-07-30 13:55:00+05:30,645.65,646.0,645.0,645.0,776.0
2026-07-30 14:00:00+05:30,644.4,645.2,644.35,644.5,226.0
2026-07-30 14:05:00+05:30,645.05,645.05,643.0,643.7,3441.0
2026-07-30 14:10:00+05:30,643.4,644.8,643.1,643.6,1492.0
2026-07-30 14:15:00+05:30,644.1,644.55,643.5,644.1,1054.0
2026-07-30 14:20:00+05:30,644.25,645.55,643.8,645.3,1084.0
2026-07-30 14:25:00+05:30,644.65,645.25,643.8,644.75,790.0
2026-07-30 14:30:00+05:30,645.05,645.05,644.15,644.4,259.0
2026-07-30 14:35:00+05:30,644.45,645.0,644.2,644.8,1096.0
2026-07-30 14:40:00+05:30,644.95,645.0,644.0,644.25,604.0
2026-07-30 14:45:00+05:30,644.2,645.95,644.2,645.95,1014.0
2026-07-30 14:50:00+05:30,646.0,646.1,644.35,644.35,1239.0
2026-07-30 14:55:00+05:30,644.35,645.35,644.35,644.55,551.0
2026-07-30 15:00:00+05:30,644.55,645.0,644.35,644.35,533.0
2026-07-30 15:05:00+05:30,645.0,648.25,642.05,648.25,15529.0
2026-07-30 15:10:00+05:30,648.0,648.95,648.0,648.5,1820.0
2026-07-30 15:15:00+05:30,648.5,648.6,645.85,647.05,4130.0
2026-07-30 15:20:00+05:30,646.95,646.95,643.0,643.85,11299.0
2026-07-30 15:25:00+05:30,643.05,644.0,642.0,643.0,7210.0
