dt,open,high,low,close,volume
2026-05-29 09:15:00+05:30,1424.2,1424.2,1408.6,1417.6,5270.0
2026-05-29 09:20:00+05:30,1415.9,1421.5,1413.6,1415.0,1523.0
2026-05-29 09:25:00+05:30,1415.1,1416.4,1409.0,1409.7,1475.0
2026-05-29 09:30:00+05:30,1409.0,1412.4,1408.8,1411.1,275.0
2026-05-29 09:35:00+05:30,1411.4,1415.4,1410.0,1415.4,1348.0
2026-05-29 09:40:00+05:30,1415.5,1423.9,1411.4,1413.9,4837.0
2026-05-29 09:45:00+05:30,1414.0,1416.0,1398.6,1402.9,11975.0
2026-05-29 09:50:00+05:30,1404.4,1404.4,1396.0,1397.2,2302.0
2026-05-29 09:55:00+05:30,1397.0,1397.9,1392.9,1395.2,1897.0
2026-05-29 10:00:00+05:30,1395.9,1395.9,1384.8,1392.2,7265.0
2026-05-29 10:05:00+05:30,1393.4,1409.5,1392.3,1400.0,4519.0
2026-05-29 10:10:00+05:30,1400.0,1400.0,1396.4,1398.5,857.0
2026-05-29 10:15:00+05:30,1397.9,1399.8,1389.0,1390.0,5296.0
2026-05-29 10:20:00+05:30,1389.6,1391.7,1379.3,1387.1,8553.0
2026-05-29 10:25:00+05:30,1386.0,1390.3,1386.0,1389.8,690.0
2026-05-29 10:30:00+05:30,1390.8,1392.8,1388.7,1392.8,1098.0
2026-05-29 10:35:00+05:30,1393.5,1396.2,1393.5,1394.8,878.0
2026-05-29 10:40:00+05:30,1395.4,1395.4,1392.4,1393.7,882.0
2026-05-29 10:45:00+05:30,1393.6,1418.0,1391.0,1418.0,9945.0
2026-05-29 10:50:00+05:30,1416.7,1418.5,1410.1,1413.3,7742.0
2026-05-29 10:55:00+05:30,1413.4,1416.9,1413.3,1416.5,5499.0
2026-05-29 11:00:00+05:30,1416.5,1419.9,1415.6,1419.9,7312.0
2026-05-29 11:05:00+05:30,1419.3,1419.5,1406.5,1412.5,3220.0
2026-05-29 11:10:00+05:30,1412.5,1412.5,1407.7,1407.7,877.0
2026-05-29 11:15:00+05:30,1406.5,1407.9,1406.1,1406.9,318.0
2026-05-29 11:20:00+05:30,1406.5,1406.5,1404.1,1406.1,1721.0
2026-05-29 11:25:00+05:30,1405.4,1407.5,1403.2,1407.4,1684.0
2026-05-29 11:30:00+05:30,1407.4,1407.5,1405.0,1407.5,2536.0
2026-05-29 11:35:00+05:30,1407.5,1409.0,1407.5,1409.0,541.0
2026-05-29 11:40:00+05:30,1409.0,1409.0,1407.7,1407.7,202.0
2026-05-29 11:45:00+05:30,1409.5,1409.5,1406.1,1408.0,587.0
2026-05-29 11:50:00+05:30,1408.0,1408.0,1406.2,1406.9,98.0
2026-05-29 11:55:00+05:30,1406.9,1407.0,1404.6,1405.5,1210.0
2026-05-29 12:00:00+05:30,1405.5,1405.5,1400.6,1400.6,630.0
2026-05-29 12:05:00+05:30,1400.3,1401.5,1400.0,1400.9,784.0
2026-05-29 12:10:00+05:30,1400.0,1400.0,1398.3,1399.2,311.0
2026-05-29 12:15:00+05:30,1399.3,1399.3,1394.2,1396.0,1287.0
2026-05-29 12:20:00+05:30,1395.6,1396.9,1393.0,1395.1,826.0
2026-05-29 12:25:00+05:30,1394.2,1398.1,1393.1,1398.1,994.0
2026-05-29 12:30:00+05:30,1398.1,1399.0,1396.9,1397.9,689.0
2026-05-29 12:35:00+05:30,1397.8,1397.8,1397.0,1397.7,60.0
2026-05-29 12:40:00+05:30,1397.6,1397.6,1395.0,1396.5,962.0
2026-05-29 12:45:00+05:30,1396.6,1397.0,1395.0,1396.9,320.0
2026-05-29 12:50:00+05:30,1396.0,1396.4,1393.6,1395.9,2261.0
2026-05-29 12:55:00+05:30,1394.8,1395.9,1394.6,1395.4,418.0
2026-05-29 13:00:00+05:30,1393.5,1396.5,1393.5,1395.0,3955.0
2026-05-29 13:05:00+05:30,1395.0,1396.5,1395.0,1395.0,1035.0
2026-05-29 13:10:00+05:30,1395.0,1396.6,1394.3,1395.0,924.0
2026-05-29 13:15:00+05:30,1396.5,1396.8,1394.6,1395.7,820.0
2026-05-29 13:20:00+05:30,1396.3,1396.4,1394.5,1394.8,1541.0
2026-05-29 13:25:00+05:30,1394.8,1395.9,1394.2,1394.5,508.0
2026-05-29 13:30:00+05:30,1394.7,1396.3,1394.7,1394.8,477.0
2026-05-29 13:35:00+05:30,1395.9,1396.0,1392.8,1392.8,380.0
2026-05-29 13:40:00+05:30,1392.1,1393.5,1390.2,1390.2,1132.0
2026-05-29 13:45:00+05:30,1391.6,1392.5,1390.0,1390.0,1093.0
2026-05-29 13:50:00+05:30,1390.9,1391.4,1388.2,1388.7,306.0
2026-05-29 13:55:00+05:30,1389.2,1389.8,1388.7,1389.8,252.0
2026-05-29 14:00:00+05:30,1389.6,1391.9,1388.5,1391.0,780.0
2026-05-29 14:05:00+05:30,1390.9,1395.8,1390.2,1394.7,660.0
2026-05-29 14:10:00+05:30,1395.3,1408.2,1395.3,1397.7,3181.0
2026-05-29 14:15:00+05:30,1396.6,1396.6,1392.1,1392.8,1531.0
2026-05-29 14:20:00+05:30,1392.5,1396.0,1391.0,1393.4,2015.0
2026-05-29 14:25:00+05:30,1393.3,1394.9,1390.7,1393.2,9948.0
2026-05-29 14:30:00+05:30,1391.6,1397.5,1391.6,1395.4,2087.0
2026-05-29 14:35:00+05:30,1400.0,1404.5,1398.4,1404.5,6539.0
2026-05-29 14:40:00+05:30,1403.0,1411.9,1403.0,1411.6,7707.0
2026-05-29 14:45:00+05:30,1413.2,1415.1,1409.7,1412.0,6710.0
2026-05-29 14:50:00+05:30,1413.4,1413.4,1408.1,1408.6,908.0
2026-05-29 14:55:00+05:30,1408.9,1412.0,1406.4,1406.7,1994.0
2026-05-29 15:00:00+05:30,1405.2,1413.9,1404.4,1412.0,16541.0
2026-05-29 15:05:00+05:30,1411.9,1421.0,1411.6,1419.6,10399.0
2026-05-29 15:10:00+05:30,1419.6,1421.3,1419.4,1420.5,11803.0
2026-05-29 15:15:00+05:30,1420.8,1425.1,1420.5,1424.9,8115.0
2026-05-29 15:20:00+05:30,1425.0,1425.0,1413.7,1418.8,14388.0
2026-05-29 15:25:00+05:30,1419.9,1420.4,1413.7,1420.4,6124.0
2026-06-01 09:15:00+05:30,1420.3,1432.1,1416.1,1419.0,3246.0
2026-06-01 09:20:00+05:30,1421.0,1421.0,1413.1,1417.7,1856.0
2026-06-01 09:25:00+05:30,1418.1,1418.7,1415.3,1415.5,804.0
2026-06-01 09:30:00+05:30,1416.1,1418.6,1414.3,1414.3,422.0
2026-06-01 09:35:00+05:30,1413.0,1413.1,1409.8,1413.1,2117.0
2026-06-01 09:40:00+05:30,1413.0,1413.9,1410.4,1412.8,652.0
2026-06-01 09:45:00+05:30,1412.9,1416.8,1412.9,1413.1,753.0
2026-06-01 09:50:00+05:30,1414.5,1414.5,1411.0,1412.1,643.0
2026-06-01 09:55:00+05:30,1412.0,1413.2,1411.4,1412.9,156.0
2026-06-01 10:00:00+05:30,1412.9,1412.9,1407.1,1408.5,1206.0
2026-06-01 10:05:00+05:30,1408.0,1411.2,1408.0,1409.4,1037.0
2026-06-01 10:10:00+05:30,1410.8,1410.8,1409.1,1409.1,56.0
2026-06-01 10:15:00+05:30,1409.1,1409.1,1405.6,1405.6,329.0
2026-06-01 10:20:00+05:30,1405.0,1409.8,1405.0,1408.9,326.0
2026-06-01 10:25:00+05:30,1408.8,1410.8,1406.0,1407.6,1200.0
2026-06-01 10:30:00+05:30,1407.2,1407.5,1406.0,1406.8,51.0
2026-06-01 10:35:00+05:30,1406.7,1406.7,1405.2,1405.3,534.0
2026-06-01 10:40:00+05:30,1405.3,1406.0,1405.0,1406.0,284.0
2026-06-01 10:45:00+05:30,1406.3,1411.4,1406.3,1411.4,710.0
2026-06-01 10:50:00+05:30,1408.7,1410.5,1406.6,1410.5,411.0
2026-06-01 10:55:00+05:30,1413.0,1414.4,1413.0,1413.5,126.0
2026-06-01 11:00:00+05:30,1412.3,1415.6,1412.3,1415.6,309.0
2026-06-01 11:05:00+05:30,1415.5,1415.5,1414.1,1414.1,31.0
2026-06-01 11:10:00+05:30,1413.3,1414.9,1412.2,1414.8,507.0
2026-06-01 11:15:00+05:30,1414.9,1414.9,1413.3,1413.6,60.0
2026-06-01 11:20:00+05:30,1414.7,1414.7,1412.2,1413.2,133.0
2026-06-01 11:25:00+05:30,1412.0,1412.0,1408.0,1408.0,670.0
2026-06-01 11:30:00+05:30,1408.0,1408.0,1407.0,1407.3,310.0
2026-06-01 11:35:00+05:30,1407.4,1408.9,1406.0,1406.1,550.0
2026-06-01 11:40:00+05:30,1406.1,1407.7,1406.1,1407.3,191.0
2026-06-01 11:45:00+05:30,1407.3,1407.3,1405.6,1407.0,100.0
2026-06-01 11:50:00+05:30,1406.1,1407.7,1406.1,1407.2,57.0
2026-06-01 11:55:00+05:30,1407.2,1407.8,1405.0,1406.9,245.0
2026-06-01 12:00:00+05:30,1405.0,1405.7,1405.0,1405.0,111.0
2026-06-01 12:05:00+05:30,1405.0,1406.3,1405.0,1406.3,154.0
2026-06-01 12:10:00+05:30,1405.1,1405.6,1405.0,1405.0,48.0
2026-06-01 12:15:00+05:30,1405.0,1405.0,1402.1,1402.1,325.0
2026-06-01 12:20:00+05:30,1401.1,1403.9,1401.1,1403.9,560.0
2026-06-01 12:25:00+05:30,1405.3,1406.0,1405.3,1406.0,87.0
2026-06-01 12:30:00+05:30,1406.1,1406.2,1403.0,1404.1,311.0
2026-06-01 12:35:00+05:30,1403.0,1403.0,1402.1,1403.0,83.0
2026-06-01 12:40:00+05:30,1402.1,1403.0,1401.2,1402.8,37.0
2026-06-01 12:45:00+05:30,1403.2,1403.7,1402.3,1403.2,99.0
2026-06-01 12:50:00+05:30,1403.2,1403.2,1403.2,1403.2,0.0
2026-06-01 12:55:00+05:30,1403.2,1403.6,1403.0,1403.6,5.0
2026-06-01 13:00:00+05:30,1403.0,1403.0,1401.2,1401.9,91.0
2026-06-01 13:05:00+05:30,1402.5,1403.0,1401.9,1402.2,193.0
2026-06-01 13:10:00+05:30,1402.2,1402.2,1401.0,1401.3,293.0
2026-06-01 13:15:00+05:30,1401.3,1401.3,1396.4,1397.5,569.0
2026-06-01 13:20:00+05:30,1398.4,1400.0,1396.5,1400.0,353.0
2026-06-01 13:25:00+05:30,1398.6,1399.7,1396.1,1396.1,88.0
2026-06-01 13:30:00+05:30,1396.1,1397.9,1395.3,1397.8,222.0
2026-06-01 13:35:00+05:30,1396.4,1399.5,1396.0,1396.7,570.0
2026-06-01 13:40:00+05:30,1396.0,1397.4,1396.0,1396.5,89.0
2026-06-01 13:45:00+05:30,1396.5,1398.0,1396.5,1398.0,44.0
2026-06-01 13:50:00+05:30,1398.0,1398.6,1397.4,1397.4,90.0
2026-06-01 13:55:00+05:30,1396.7,1397.8,1396.3,1397.8,53.0
2026-06-01 14:00:00+05:30,1397.8,1398.7,1396.3,1396.9,183.0
2026-06-01 14:05:00+05:30,1396.9,1396.9,1393.0,1394.5,1792.0
2026-06-01 14:10:00+05:30,1394.7,1395.3,1392.6,1392.6,77.0
2026-06-01 14:15:00+05:30,1393.8,1395.1,1393.8,1394.4,97.0
2026-06-01 14:20:00+05:30,1393.8,1396.1,1393.8,1393.8,150.0
2026-06-01 14:25:00+05:30,1394.4,1394.4,1392.2,1393.5,134.0
2026-06-01 14:30:00+05:30,1392.6,1395.0,1392.2,1395.0,370.0
2026-06-01 14:35:00+05:30,1395.0,1395.0,1390.2,1393.3,1333.0
2026-06-01 14:40:00+05:30,1392.4,1393.4,1386.3,1387.0,1688.0
2026-06-01 14:45:00+05:30,1388.9,1392.9,1386.8,1392.3,900.0
2026-06-01 14:50:00+05:30,1392.3,1392.3,1387.9,1389.6,122.0
2026-06-01 14:55:00+05:30,1388.6,1390.5,1385.0,1386.4,1022.0
2026-06-01 15:00:00+05:30,1387.4,1390.6,1386.3,1390.6,739.0
2026-06-01 15:05:00+05:30,1390.7,1393.0,1388.2,1390.0,2107.0
2026-06-01 15:10:00+05:30,1392.9,1393.7,1389.0,1391.0,845.0
2026-06-01 15:15:00+05:30,1390.1,1390.8,1387.0,1387.9,811.0
2026-06-01 15:20:00+05:30,1387.9,1387.9,1381.5,1382.5,4979.0
2026-06-01 15:25:00+05:30,1382.5,1382.7,1375.0,1380.0,2569.0
2026-06-02 09:15:00+05:30,1370.0,1370.0,1355.7,1363.5,3847.0
2026-06-02 09:20:00+05:30,1364.0,1386.0,1360.6,1378.4,7201.0
2026-06-02 09:25:00+05:30,1376.2,1377.2,1370.7,1370.7,403.0
2026-06-02 09:30:00+05:30,1371.6,1371.6,1367.5,1369.5,2382.0
2026-06-02 09:35:00+05:30,1369.0,1375.0,1367.5,1373.1,701.0
2026-06-02 09:40:00+05:30,1375.0,1377.8,1372.2,1375.5,643.0
2026-06-02 09:45:00+05:30,1373.4,1374.1,1369.5,1369.5,499.0
2026-06-02 09:50:00+05:30,1369.1,1369.9,1365.7,1369.9,961.0
2026-06-02 09:55:00+05:30,1369.2,1373.9,1369.2,1371.3,190.0
2026-06-02 10:00:00+05:30,1372.6,1373.2,1370.3,1370.3,161.0
2026-06-02 10:05:00+05:30,1370.4,1371.7,1370.3,1370.3,83.0
2026-06-02 10:10:00+05:30,1371.0,1371.3,1369.9,1369.9,346.0
2026-06-02 10:15:00+05:30,1369.9,1374.4,1369.3,1373.2,114.0
2026-06-02 10:20:00+05:30,1372.9,1377.8,1372.8,1377.8,212.0
2026-06-02 10:25:00+05:30,1377.6,1382.0,1376.2,1379.0,408.0
2026-06-02 10:30:00+05:30,1380.4,1380.6,1374.6,1376.2,279.0
2026-06-02 10:35:00+05:30,1376.2,1378.2,1375.9,1378.2,151.0
2026-06-02 10:40:00+05:30,1377.0,1380.0,1376.5,1379.6,899.0
2026-06-02 10:45:00+05:30,1378.6,1383.0,1378.6,1380.7,1579.0
2026-06-02 10:50:00+05:30,1380.7,1380.7,1376.1,1376.1,104.0
2026-06-02 10:55:00+05:30,1375.3,1376.6,1372.9,1372.9,233.0
2026-06-02 11:00:00+05:30,1374.0,1374.2,1374.0,1374.0,51.0
2026-06-02 11:05:00+05:30,1375.5,1375.5,1372.9,1372.9,69.0
2026-06-02 11:10:00+05:30,1372.9,1372.9,1372.9,1372.9,4.0
2026-06-02 11:15:00+05:30,1373.0,1374.4,1372.9,1374.4,227.0
2026-06-02 11:20:00+05:30,1375.1,1375.4,1373.0,1375.1,201.0
2026-06-02 11:25:00+05:30,1375.1,1376.0,1375.1,1376.0,27.0
2026-06-02 11:30:00+05:30,1376.0,1376.2,1375.1,1375.1,72.0
2026-06-02 11:35:00+05:30,1375.1,1376.2,1373.9,1373.9,176.0
2026-06-02 11:40:00+05:30,1373.9,1373.9,1373.1,1373.1,6.0
2026-06-02 11:45:00+05:30,1373.9,1373.9,1372.0,1372.0,134.0
2026-06-02 11:50:00+05:30,1372.0,1373.8,1372.0,1373.8,234.0
2026-06-02 11:55:00+05:30,1373.8,1373.8,1372.0,1372.0,260.0
2026-06-02 12:00:00+05:30,1370.0,1371.8,1370.0,1370.2,112.0
2026-06-02 12:05:00+05:30,1370.2,1372.1,1370.2,1372.1,39.0
2026-06-02 12:10:00+05:30,1372.1,1372.1,1370.3,1370.3,12.0
2026-06-02 12:15:00+05:30,1370.8,1371.0,1370.8,1370.8,88.0
2026-06-02 12:20:00+05:30,1370.8,1371.1,1370.8,1371.1,7.0
2026-06-02 12:25:00+05:30,1371.0,1371.6,1370.8,1371.6,15.0
2026-06-02 12:30:00+05:30,1371.6,1372.4,1371.6,1372.4,26.0
2026-06-02 12:35:00+05:30,1373.0,1373.1,1372.1,1372.1,158.0
2026-06-02 12:40:00+05:30,1372.1,1373.3,1371.7,1373.3,85.0
2026-06-02 12:45:00+05:30,1374.0,1377.0,1373.3,1377.0,141.0
2026-06-02 12:50:00+05:30,1377.0,1378.0,1377.0,1378.0,234.0
2026-06-02 12:55:00+05:30,1378.0,1378.2,1377.1,1378.0,168.0
2026-06-02 13:00:00+05:30,1376.5,1378.1,1375.8,1377.2,200.0
2026-06-02 13:05:00+05:30,1377.3,1379.6,1376.1,1379.6,199.0
2026-06-02 13:10:00+05:30,1378.1,1379.6,1377.8,1379.6,126.0
2026-06-02 13:15:00+05:30,1379.6,1380.0,1379.6,1379.7,77.0
2026-06-02 13:20:00+05:30,1380.0,1380.2,1377.5,1380.2,356.0
2026-06-02 13:25:00+05:30,1380.7,1381.7,1380.4,1380.4,173.0
2026-06-02 13:30:00+05:30,1380.2,1382.0,1380.2,1382.0,246.0
2026-06-02 13:35:00+05:30,1382.4,1385.0,1382.4,1385.0,451.0
2026-06-02 13:40:00+05:30,1383.0,1383.0,1380.7,1382.1,525.0
2026-06-02 13:45:00+05:30,1380.5,1383.5,1380.3,1380.6,1394.0
2026-06-02 13:50:00+05:30,1381.2,1381.6,1375.8,1378.6,1608.0
2026-06-02 13:55:00+05:30,1377.8,1380.9,1377.0,1380.9,159.0
2026-06-02 14:00:00+05:30,1380.9,1382.6,1378.0,1382.6,156.0
2026-06-02 14:05:00+05:30,1382.6,1383.6,1382.0,1383.6,207.0
2026-06-02 14:10:00+05:30,1383.6,1385.9,1383.6,1384.5,239.0
2026-06-02 14:15:00+05:30,1384.5,1385.3,1384.5,1384.5,147.0
2026-06-02 14:20:00+05:30,1384.5,1388.7,1384.5,1388.7,462.0
2026-06-02 14:25:00+05:30,1386.6,1387.7,1384.0,1384.0,576.0
2026-06-02 14:30:00+05:30,1383.1,1385.8,1383.1,1384.5,64.0
2026-06-02 14:35:00+05:30,1384.3,1385.8,1375.8,1375.8,897.0
2026-06-02 14:40:00+05:30,1375.2,1377.0,1374.0,1374.4,1110.0
2026-06-02 14:45:00+05:30,1374.4,1376.9,1374.1,1375.7,467.0
2026-06-02 14:50:00+05:30,1375.5,1380.9,1375.3,1380.4,1119.0
2026-06-02 14:55:00+05:30,1379.3,1380.4,1378.6,1379.9,182.0
2026-06-02 15:00:00+05:30,1379.9,1384.0,1377.1,1382.5,626.0
2026-06-02 15:05:00+05:30,1383.7,1386.1,1382.9,1386.1,1629.0
2026-06-02 15:10:00+05:30,1386.1,1386.5,1383.5,1383.8,397.0
2026-06-02 15:15:00+05:30,1383.9,1388.7,1382.2,1383.9,2109.0
2026-06-02 15:20:00+05:30,1385.0,1388.4,1384.3,1388.0,1340.0
2026-06-02 15:25:00+05:30,1388.0,1395.0,1385.0,1390.0,3695.0
2026-06-03 09:15:00+05:30,1398.8,1398.9,1374.0,1375.0,4130.0
2026-06-03 09:20:00+05:30,1374.9,1375.7,1372.3,1375.5,794.0
2026-06-03 09:25:00+05:30,1376.0,1379.0,1376.0,1377.9,344.0
2026-06-03 09:30:00+05:30,1377.4,1377.4,1370.0,1370.0,997.0
2026-06-03 09:35:00+05:30,1369.0,1374.6,1369.0,1371.7,1106.0
2026-06-03 09:40:00+05:30,1371.5,1373.7,1370.4,1373.7,829.0
2026-06-03 09:45:00+05:30,1372.2,1374.6,1372.2,1372.9,461.0
2026-06-03 09:50:00+05:30,1371.3,1373.4,1370.3,1370.3,398.0
2026-06-03 09:55:00+05:30,1370.3,1371.1,1369.0,1371.0,494.0
2026-06-03 10:00:00+05:30,1369.8,1372.1,1369.0,1369.6,262.0
2026-06-03 10:05:00+05:30,1369.6,1369.7,1369.0,1369.0,211.0
2026-06-03 10:10:00+05:30,1368.8,1369.1,1365.1,1366.5,714.0
2026-06-03 10:15:00+05:30,1365.2,1367.8,1365.2,1366.3,348.0
2026-06-03 10:20:00+05:30,1368.5,1373.1,1367.0,1371.3,845.0
2026-06-03 10:25:00+05:30,1371.0,1371.0,1369.0,1369.0,81.0
2026-06-03 10:30:00+05:30,1370.4,1370.4,1367.0,1367.0,328.0
2026-06-03 10:35:00+05:30,1367.0,1370.4,1367.0,1368.5,67.0
2026-06-03 10:40:00+05:30,1369.1,1371.5,1368.6,1369.6,200.0
2026-06-03 10:45:00+05:30,1369.7,1371.8,1368.1,1369.3,104.0
2026-06-03 10:50:00+05:30,1368.7,1372.2,1368.3,1368.4,867.0
2026-06-03 10:55:00+05:30,1370.4,1370.8,1366.4,1366.8,911.0
2026-06-03 11:00:00+05:30,1366.8,1368.8,1366.1,1367.6,142.0
2026-06-03 11:05:00+05:30,1367.0,1367.6,1365.0,1365.0,197.0
2026-06-03 11:10:00+05:30,1365.1,1367.0,1365.0,1365.2,208.0
2026-06-03 11:15:00+05:30,1365.2,1368.7,1365.2,1368.7,135.0
2026-06-03 11:20:00+05:30,1367.5,1370.2,1367.5,1369.8,8.0
2026-06-03 11:25:00+05:30,1368.2,1369.7,1366.7,1368.4,87.0
2026-06-03 11:30:00+05:30,1366.9,1366.9,1366.0,1366.1,97.0
2026-06-03 11:35:00+05:30,1367.6,1367.9,1365.6,1365.6,38.0
2026-06-03 11:40:00+05:30,1366.0,1370.2,1366.0,1366.4,236.0
2026-06-03 11:45:00+05:30,1366.1,1367.5,1366.1,1366.6,59.0
2026-06-03 11:50:00+05:30,1366.2,1367.6,1366.1,1366.1,116.0
2026-06-03 11:55:00+05:30,1366.2,1374.0,1366.2,1370.2,1668.0
2026-06-03 12:00:00+05:30,1370.2,1371.9,1367.0,1367.0,158.0
2026-06-03 12:05:00+05:30,1367.0,1368.5,1367.0,1367.0,589.0
2026-06-03 12:10:00+05:30,1367.3,1368.7,1367.3,1368.5,45.0
2026-06-03 12:15:00+05:30,1368.5,1368.5,1367.0,1367.0,35.0
2026-06-03 12:20:00+05:30,1367.0,1370.0,1367.0,1370.0,483.0
2026-06-03 12:25:00+05:30,1368.8,1369.8,1368.0,1368.0,192.0
2026-06-03 12:30:00+05:30,1372.0,1372.0,1370.3,1370.5,549.0
2026-06-03 12:35:00+05:30,1372.0,1374.5,1372.0,1374.1,503.0
2026-06-03 12:40:00+05:30,1374.7,1374.7,1372.4,1374.5,68.0
2026-06-03 12:45:00+05:30,1374.5,1374.5,1371.2,1371.2,9.0
2026-06-03 12:50:00+05:30,1371.2,1372.5,1370.1,1372.5,786.0
2026-06-03 12:55:00+05:30,1370.6,1372.8,1370.6,1371.0,161.0
2026-06-03 13:00:00+05:30,1371.0,1373.4,1370.9,1372.5,108.0
2026-06-03 13:05:00+05:30,1371.2,1372.8,1370.5,1372.3,242.0
2026-06-03 13:10:00+05:30,1372.0,1372.0,1370.5,1370.6,114.0
2026-06-03 13:15:00+05:30,1371.4,1372.4,1370.5,1372.4,87.0
2026-06-03 13:20:00+05:30,1372.1,1373.7,1372.1,1373.6,80.0
2026-06-03 13:25:00+05:30,1372.4,1372.6,1369.1,1372.6,1427.0
2026-06-03 13:30:00+05:30,1371.4,1372.8,1370.3,1372.8,17.0
2026-06-03 13:35:00+05:30,1372.7,1372.9,1370.5,1370.5,101.0
2026-06-03 13:40:00+05:30,1372.4,1372.8,1370.7,1372.8,55.0
2026-06-03 13:45:00+05:30,1371.5,1375.6,1371.5,1374.3,189.0
2026-06-03 13:50:00+05:30,1374.0,1375.7,1373.3,1374.1,132.0
2026-06-03 13:55:00+05:30,1374.1,1375.2,1374.1,1375.2,56.0
2026-06-03 14:00:00+05:30,1374.3,1375.5,1374.3,1374.3,276.0
2026-06-03 14:05:00+05:30,1375.5,1375.5,1374.3,1374.4,16.0
2026-06-03 14:10:00+05:30,1374.3,1374.3,1371.0,1371.0,1020.0
2026-06-03 14:15:00+05:30,1371.8,1374.2,1371.0,1374.2,624.0
2026-06-03 14:20:00+05:30,1374.0,1375.5,1374.0,1374.0,99.0
2026-06-03 14:25:00+05:30,1375.1,1375.5,1373.1,1374.0,242.0
2026-06-03 14:30:00+05:30,1375.4,1375.4,1374.0,1374.1,71.0
2026-06-03 14:35:00+05:30,1375.3,1377.9,1374.1,1376.4,1032.0
2026-06-03 14:40:00+05:30,1376.4,1377.2,1374.2,1376.9,451.0
2026-06-03 14:45:00+05:30,1382.9,1384.8,1380.9,1381.1,5008.0
2026-06-03 14:50:00+05:30,1380.0,1382.7,1380.0,1381.3,1710.0
2026-06-03 14:55:00+05:30,1382.0,1385.0,1378.8,1382.6,1299.0
2026-06-03 15:00:00+05:30,1384.1,1384.2,1381.9,1383.0,282.0
2026-06-03 15:05:00+05:30,1383.0,1384.7,1382.0,1383.1,819.0
2026-06-03 15:10:00+05:30,1383.0,1383.0,1380.1,1382.0,368.0
2026-06-03 15:15:00+05:30,1382.0,1382.0,1380.5,1381.8,656.0
2026-06-03 15:20:00+05:30,1381.8,1383.7,1381.1,1383.5,507.0
2026-06-03 15:25:00+05:30,1383.5,1383.5,1380.0,1382.0,854.0
2026-06-04 09:15:00+05:30,1375.1,1379.3,1373.3,1378.0,917.0
2026-06-04 09:20:00+05:30,1376.0,1378.2,1376.0,1377.8,555.0
2026-06-04 09:25:00+05:30,1377.6,1378.5,1374.3,1375.9,523.0
2026-06-04 09:30:00+05:30,1375.7,1376.6,1374.5,1374.5,155.0
2026-06-04 09:35:00+05:30,1374.5,1381.2,1374.5,1376.7,68.0
2026-06-04 09:40:00+05:30,1376.0,1378.1,1375.0,1377.1,256.0
2026-06-04 09:45:00+05:30,1377.8,1379.3,1377.2,1378.5,398.0
2026-06-04 09:50:00+05:30,1380.0,1387.7,1379.7,1385.7,635.0
2026-06-04 09:55:00+05:30,1385.7,1387.4,1383.0,1384.3,148.0
2026-06-04 10:00:00+05:30,1384.1,1386.0,1384.0,1384.1,128.0
2026-06-04 10:05:00+05:30,1385.2,1385.4,1384.1,1384.2,61.0
2026-06-04 10:10:00+05:30,1384.2,1387.2,1384.2,1385.6,1269.0
2026-06-04 10:15:00+05:30,1386.5,1386.5,1385.0,1385.4,306.0
2026-06-04 10:20:00+05:30,1386.5,1388.2,1385.9,1386.9,556.0
2026-06-04 10:25:00+05:30,1386.9,1388.0,1380.3,1380.3,1449.0
2026-06-04 10:30:00+05:30,1381.0,1381.6,1377.0,1377.0,1360.0
2026-06-04 10:35:00+05:30,1377.2,1377.2,1376.0,1376.4,467.0
2026-06-04 10:40:00+05:30,1377.4,1379.5,1376.5,1378.7,457.0
2026-06-04 10:45:00+05:30,1378.7,1379.7,1378.0,1378.2,158.0
2026-06-04 10:50:00+05:30,1378.6,1378.6,1377.9,1377.9,5.0
2026-06-04 10:55:00+05:30,1377.2,1377.8,1377.0,1377.8,103.0
2026-06-04 11:00:00+05:30,1377.1,1378.2,1377.1,1377.1,60.0
2026-06-04 11:05:00+05:30,1377.1,1377.1,1375.1,1375.4,1353.0
2026-06-04 11:10:00+05:30,1376.0,1376.0,1375.2,1375.4,177.0
2026-06-04 11:15:00+05:30,1375.4,1375.5,1375.1,1375.2,51.0
2026-06-04 11:20:00+05:30,1375.1,1376.0,1375.1,1375.8,132.0
2026-06-04 11:25:00+05:30,1376.1,1376.2,1375.9,1376.1,48.0
2026-06-04 11:30:00+05:30,1376.1,1376.8,1375.1,1375.1,160.0
2026-06-04 11:35:00+05:30,1375.1,1376.9,1375.0,1375.2,171.0
2026-06-04 11:40:00+05:30,1375.1,1377.3,1375.1,1376.5,59.0
2026-06-04 11:45:00+05:30,1376.5,1377.0,1376.5,1377.0,28.0
2026-06-04 11:50:00+05:30,1377.4,1378.0,1375.6,1375.6,434.0
2026-06-04 11:55:00+05:30,1376.7,1377.6,1376.1,1377.6,232.0
2026-06-04 12:00:00+05:30,1377.1,1377.4,1377.1,1377.1,60.0
2026-06-04 12:05:00+05:30,1378.2,1378.2,1377.1,1377.1,112.0
2026-06-04 12:10:00+05:30,1377.1,1377.1,1375.6,1376.5,18.0
2026-06-04 12:15:00+05:30,1376.8,1376.8,1373.5,1373.5,1358.0
2026-06-04 12:20:00+05:30,1374.3,1374.9,1374.3,1374.9,46.0
2026-06-04 12:25:00+05:30,1375.6,1379.7,1375.6,1376.6,444.0
2026-06-04 12:30:00+05:30,1376.6,1376.8,1366.3,1368.4,5901.0
2026-06-04 12:35:00+05:30,1368.4,1370.8,1362.9,1367.3,3994.0
2026-06-04 12:40:00+05:30,1368.7,1369.0,1363.6,1363.6,1897.0
2026-06-04 12:45:00+05:30,1364.5,1367.6,1360.1,1364.1,2383.0
2026-06-04 12:50:00+05:30,1365.4,1366.1,1364.2,1365.1,95.0
2026-06-04 12:55:00+05:30,1366.0,1366.3,1363.3,1363.3,2032.0
2026-06-04 13:00:00+05:30,1360.0,1362.6,1358.5,1360.0,11815.0
2026-06-04 13:05:00+05:30,1358.5,1359.3,1355.1,1357.4,2366.0
2026-06-04 13:10:00+05:30,1356.8,1357.4,1354.3,1354.8,3107.0
2026-06-04 13:15:00+05:30,1355.4,1358.7,1354.0,1358.0,1794.0
2026-06-04 13:20:00+05:30,1358.7,1360.0,1352.9,1353.0,5857.0
2026-06-04 13:25:00+05:30,1353.1,1354.2,1352.2,1353.7,2586.0
2026-06-04 13:30:00+05:30,1354.2,1354.2,1351.2,1352.1,1068.0
2026-06-04 13:35:00+05:30,1352.1,1353.6,1351.7,1351.7,382.0
2026-06-04 13:40:00+05:30,1351.7,1351.7,1345.1,1348.0,5438.0
2026-06-04 13:45:00+05:30,1348.0,1348.5,1346.1,1347.9,639.0
2026-06-04 13:50:00+05:30,1347.1,1347.9,1345.1,1346.0,459.0
2026-06-04 13:55:00+05:30,1346.0,1347.2,1341.1,1344.6,1245.0
2026-06-04 14:00:00+05:30,1345.0,1349.8,1343.5,1346.7,1332.0
2026-06-04 14:05:00+05:30,1348.0,1350.0,1348.0,1349.2,1423.0
2026-06-04 14:10:00+05:30,1348.1,1349.9,1348.1,1348.3,320.0
2026-06-04 14:15:00+05:30,1349.0,1349.9,1346.0,1346.2,1248.0
2026-06-04 14:20:00+05:30,1346.1,1347.4,1345.1,1346.2,668.0
2026-06-04 14:25:00+05:30,1346.3,1350.0,1346.3,1348.4,551.0
2026-06-04 14:30:00+05:30,1348.4,1349.5,1346.8,1349.5,151.0
2026-06-04 14:35:00+05:30,1349.5,1350.0,1348.2,1348.5,911.0
2026-06-04 14:40:00+05:30,1349.6,1350.0,1348.3,1349.9,319.0
2026-06-04 14:45:00+05:30,1349.9,1350.0,1347.8,1349.0,1553.0
2026-06-04 14:50:00+05:30,1349.1,1350.5,1347.5,1347.5,3063.0
2026-06-04 14:55:00+05:30,1349.2,1349.3,1347.1,1347.4,424.0
2026-06-04 15:00:00+05:30,1348.4,1348.9,1347.1,1347.6,666.0
2026-06-04 15:05:00+05:30,1347.5,1349.4,1347.5,1348.8,1276.0
2026-06-04 15:10:00+05:30,1348.5,1349.3,1342.3,1342.3,3198.0
2026-06-04 15:15:00+05:30,1342.3,1345.8,1339.3,1339.8,3228.0
2026-06-04 15:20:00+05:30,1339.3,1345.0,1323.0,1345.0,13518.0
2026-06-04 15:25:00+05:30,1345.0,1347.9,1339.5,1346.0,5477.0
2026-06-05 09:15:00+05:30,1356.0,1359.5,1348.5,1357.0,2083.0
2026-06-05 09:20:00+05:30,1357.0,1363.5,1356.1,1362.0,2567.0
2026-06-05 09:25:00+05:30,1362.7,1366.0,1360.8,1363.7,2643.0
2026-06-05 09:30:00+05:30,1362.3,1366.0,1359.1,1361.5,3346.0
2026-06-05 09:35:00+05:30,1361.5,1361.5,1358.1,1358.5,742.0
2026-06-05 09:40:00+05:30,1358.5,1358.7,1356.7,1358.7,1295.0
2026-06-05 09:45:00+05:30,1358.3,1358.3,1352.0,1352.5,1319.0
2026-06-05 09:50:00+05:30,1346.0,1348.3,1340.3,1346.6,2610.0
2026-06-05 09:55:00+05:30,1346.6,1346.8,1342.6,1344.4,1786.0
2026-06-05 10:00:00+05:30,1344.3,1347.0,1343.1,1347.0,667.0
2026-06-05 10:05:00+05:30,1346.0,1350.1,1345.0,1348.7,1692.0
2026-06-05 10:10:00+05:30,1348.7,1350.0,1347.5,1347.9,2305.0
2026-06-05 10:15:00+05:30,1349.1,1349.1,1347.5,1348.7,297.0
2026-06-05 10:20:00+05:30,1348.8,1349.8,1346.5,1347.9,234.0
2026-06-05 10:25:00+05:30,1347.4,1347.4,1345.0,1346.1,2383.0
2026-06-05 10:30:00+05:30,1346.1,1346.1,1341.8,1341.8,892.0
2026-06-05 10:35:00+05:30,1341.6,1343.2,1335.1,1337.7,4675.0
2026-06-05 10:40:00+05:30,1337.8,1337.8,1335.3,1336.3,417.0
2026-06-05 10:45:00+05:30,1335.3,1335.3,1332.3,1334.9,2150.0
2026-06-05 10:50:00+05:30,1336.7,1339.8,1336.7,1338.9,370.0
2026-06-05 10:55:00+05:30,1338.8,1340.4,1338.1,1340.0,381.0
2026-06-05 11:00:00+05:30,1340.0,1346.2,1340.0,1345.7,1777.0
2026-06-05 11:05:00+05:30,1345.5,1346.1,1344.2,1345.2,858.0
2026-06-05 11:10:00+05:30,1345.2,1345.2,1339.9,1340.6,1682.0
2026-06-05 11:15:00+05:30,1339.3,1341.7,1339.3,1339.5,412.0
2026-06-05 11:20:00+05:30,1339.5,1339.9,1339.4,1339.9,52.0
2026-06-05 11:25:00+05:30,1339.2,1342.3,1339.2,1342.3,527.0
2026-06-05 11:30:00+05:30,1342.3,1342.3,1339.6,1339.9,826.0
2026-06-05 11:35:00+05:30,1339.0,1351.0,1339.0,1350.0,30543.0
2026-06-05 11:40:00+05:30,1348.7,1350.5,1339.1,1340.8,6839.0
2026-06-05 11:45:00+05:30,1340.0,1340.7,1339.2,1339.3,408.0
2026-06-05 11:50:00+05:30,1340.0,1340.0,1335.6,1335.8,2867.0
2026-06-05 11:55:00+05:30,1335.6,1357.2,1335.6,1350.0,38527.0
2026-06-05 12:00:00+05:30,1350.0,1351.0,1345.7,1346.9,4707.0
2026-06-05 12:05:00+05:30,1347.1,1347.1,1344.8,1346.1,260.0
2026-06-05 12:10:00+05:30,1345.7,1346.4,1345.7,1346.4,13.0
2026-06-05 12:15:00+05:30,1346.5,1346.6,1345.2,1345.2,332.0
2026-06-05 12:20:00+05:30,1345.2,1345.2,1343.7,1345.1,74.0
2026-06-05 12:25:00+05:30,1345.1,1346.7,1342.1,1342.1,610.0
2026-06-05 12:30:00+05:30,1342.1,1352.0,1342.1,1351.9,5886.0
2026-06-05 12:35:00+05:30,1354.0,1356.2,1350.6,1352.1,1038.0
2026-06-05 12:40:00+05:30,1352.1,1353.0,1350.6,1350.6,62.0
2026-06-05 12:45:00+05:30,1351.0,1353.2,1351.0,1351.1,987.0
2026-06-05 12:50:00+05:30,1350.8,1351.1,1350.0,1350.0,6159.0
2026-06-05 12:55:00+05:30,1350.0,1350.5,1348.5,1348.5,14319.0
2026-06-05 13:00:00+05:30,1348.5,1349.5,1348.5,1349.5,144.0
2026-06-05 13:05:00+05:30,1349.5,1349.5,1348.8,1348.8,66.0
2026-06-05 13:10:00+05:30,1348.8,1348.8,1346.2,1347.9,127.0
2026-06-05 13:15:00+05:30,1347.9,1348.0,1347.9,1348.0,6.0
2026-06-05 13:20:00+05:30,1348.0,1348.0,1344.1,1344.1,1599.0
2026-06-05 13:25:00+05:30,1343.0,1343.0,1339.6,1340.0,530.0
2026-06-05 13:30:00+05:30,1339.6,1340.6,1339.6,1340.6,130.0
2026-06-05 13:35:00+05:30,1339.7,1340.7,1338.1,1338.2,401.0
2026-06-05 13:40:00+05:30,1338.2,1340.0,1337.4,1337.4,110.0
2026-06-05 13:45:00+05:30,1337.4,1338.8,1336.9,1336.9,604.0
2026-06-05 13:50:00+05:30,1336.9,1336.9,1329.5,1330.8,2745.0
2026-06-05 13:55:00+05:30,1331.0,1333.4,1329.8,1329.8,1270.0
2026-06-05 14:00:00+05:30,1331.0,1332.1,1329.2,1329.2,1633.0
2026-06-05 14:05:00+05:30,1331.2,1335.5,1330.6,1334.4,208.0
2026-06-05 14:10:00+05:30,1334.5,1334.5,1332.0,1332.5,1283.0
2026-06-05 14:15:00+05:30,1332.5,1332.5,1332.5,1332.5,0.0
2026-06-05 14:20:00+05:30,1332.5,1336.6,1332.5,1334.4,631.0
2026-06-05 14:25:00+05:30,1335.9,1339.5,1335.9,1339.4,339.0
2026-06-05 14:30:00+05:30,1339.4,1339.4,1336.9,1338.0,237.0
2026-06-05 14:35:00+05:30,1336.9,1344.6,1333.2,1334.7,3033.0
2026-06-05 14:40:00+05:30,1335.6,1340.9,1334.8,1340.7,193.0
2026-06-05 14:45:00+05:30,1340.6,1340.6,1333.7,1333.7,670.0
2026-06-05 14:50:00+05:30,1334.8,1339.6,1333.5,1338.2,1376.0
2026-06-05 14:55:00+05:30,1340.1,1341.1,1338.4,1339.3,628.0
2026-06-05 15:00:00+05:30,1338.2,1340.9,1335.2,1339.2,1106.0
2026-06-05 15:05:00+05:30,1340.0,1342.9,1339.1,1340.7,850.0
2026-06-05 15:10:00+05:30,1340.3,1341.3,1339.0,1340.0,1482.0
2026-06-05 15:15:00+05:30,1341.0,1345.0,1340.0,1344.8,1924.0
2026-06-05 15:20:00+05:30,1344.2,1348.7,1341.9,1348.1,3160.0
2026-06-05 15:25:00+05:30,1348.2,1349.9,1333.0,1334.0,2388.0
2026-06-08 09:15:00+05:30,1328.9,1328.9,1313.2,1323.5,1555.0
2026-06-08 09:20:00+05:30,1322.5,1325.4,1319.0,1319.0,3385.0
2026-06-08 09:25:00+05:30,1318.7,1325.3,1316.3,1325.3,3054.0
2026-06-08 09:30:00+05:30,1325.9,1325.9,1320.9,1324.8,1081.0
2026-06-08 09:35:00+05:30,1323.5,1324.2,1317.5,1319.0,724.0
2026-06-08 09:40:00+05:30,1319.1,1323.5,1319.1,1320.7,698.0
2026-06-08 09:45:00+05:30,1321.7,1323.4,1319.0,1319.1,558.0
2026-06-08 09:50:00+05:30,1318.2,1321.1,1315.2,1320.9,2323.0
2026-06-08 09:55:00+05:30,1319.7,1327.4,1319.7,1327.2,1424.0
2026-06-08 10:00:00+05:30,1327.1,1327.2,1321.4,1323.9,757.0
2026-06-08 10:05:00+05:30,1322.5,1323.7,1313.0,1320.3,2715.0
2026-06-08 10:10:00+05:30,1321.6,1323.1,1320.0,1320.0,195.0
2026-06-08 10:15:00+05:30,1320.0,1320.1,1317.9,1319.9,235.0
2026-06-08 10:20:00+05:30,1320.8,1323.5,1320.0,1323.5,662.0
2026-06-08 10:25:00+05:30,1323.5,1323.9,1320.6,1320.9,183.0
2026-06-08 10:30:00+05:30,1320.1,1324.5,1320.1,1324.5,165.0
2026-06-08 10:35:00+05:30,1324.7,1325.0,1322.9,1325.0,511.0
2026-06-08 10:40:00+05:30,1325.0,1325.0,1323.6,1323.6,78.0
2026-06-08 10:45:00+05:30,1323.6,1323.6,1323.0,1323.1,67.0
2026-06-08 10:50:00+05:30,1323.3,1324.2,1323.0,1323.8,285.0
2026-06-08 10:55:00+05:30,1323.8,1323.9,1322.6,1323.2,71.0
2026-06-08 11:00:00+05:30,1323.1,1324.1,1323.1,1324.1,56.0
2026-06-08 11:05:00+05:30,1323.8,1323.8,1320.0,1320.3,884.0
2026-06-08 11:10:00+05:30,1321.7,1322.2,1319.0,1319.0,866.0
2026-06-08 11:15:00+05:30,1319.0,1320.1,1318.2,1318.2,321.0
2026-06-08 11:20:00+05:30,1319.2,1319.3,1316.2,1316.2,432.0
2026-06-08 11:25:00+05:30,1317.4,1318.0,1316.2,1316.2,372.0
2026-06-08 11:30:00+05:30,1316.9,1317.3,1316.2,1316.2,408.0
2026-06-08 11:35:00+05:30,1316.2,1317.9,1316.2,1317.9,65.0
2026-06-08 11:40:00+05:30,1317.8,1318.5,1316.7,1318.2,45.0
2026-06-08 11:45:00+05:30,1318.2,1318.3,1316.7,1316.8,337.0
2026-06-08 11:50:00+05:30,1316.8,1317.9,1316.6,1316.9,33.0
2026-06-08 11:55:00+05:30,1318.5,1318.8,1316.2,1316.3,689.0
2026-06-08 12:00:00+05:30,1316.3,1317.7,1313.0,1313.0,2446.0
2026-06-08 12:05:00+05:30,1313.0,1313.0,1310.1,1310.5,726.0
2026-06-08 12:10:00+05:30,1310.9,1311.0,1297.4,1301.6,15081.0
2026-06-08 12:15:00+05:30,1301.6,1302.5,1301.1,1301.7,683.0
2026-06-08 12:20:00+05:30,1301.7,1302.6,1301.0,1301.1,1355.0
2026-06-08 12:25:00+05:30,1301.1,1302.3,1301.1,1301.8,269.0
2026-06-08 12:30:00+05:30,1301.6,1304.2,1301.6,1303.2,1111.0
2026-06-08 12:35:00+05:30,1303.2,1313.5,1303.2,1310.4,5832.0
2026-06-08 12:40:00+05:30,1310.3,1313.2,1310.0,1311.3,5968.0
2026-06-08 12:45:00+05:30,1311.1,1311.9,1308.5,1309.3,435.0
2026-06-08 12:50:00+05:30,1309.3,1311.2,1309.2,1310.1,286.0
2026-06-08 12:55:00+05:30,1310.2,1312.0,1308.5,1308.5,635.0
2026-06-08 13:00:00+05:30,1308.5,1308.5,1306.5,1306.5,224.0
2026-06-08 13:05:00+05:30,1306.3,1307.4,1302.7,1303.4,1794.0
2026-06-08 13:10:00+05:30,1303.3,1306.3,1302.0,1305.1,660.0
2026-06-08 13:15:00+05:30,1305.0,1312.0,1303.4,1312.0,3736.0
2026-06-08 13:20:00+05:30,1311.1,1313.8,1310.8,1311.0,621.0
2026-06-08 13:25:00+05:30,1311.0,1312.2,1310.7,1311.2,423.0
2026-06-08 13:30:00+05:30,1311.0,1312.6,1311.0,1311.0,406.0
2026-06-08 13:35:00+05:30,1312.0,1312.0,1310.9,1311.0,435.0
2026-06-08 13:40:00+05:30,1311.0,1311.2,1310.1,1310.7,830.0
2026-06-08 13:45:00+05:30,1310.8,1310.8,1310.1,1310.8,972.0
2026-06-08 13:50:00+05:30,1310.9,1311.0,1310.0,1310.0,740.0
2026-06-08 13:55:00+05:30,1311.0,1311.3,1309.5,1310.0,963.0
2026-06-08 14:00:00+05:30,1311.2,1313.0,1310.7,1312.7,1680.0
2026-06-08 14:05:00+05:30,1314.0,1314.0,1312.5,1312.5,30.0
2026-06-08 14:10:00+05:30,1311.8,1312.4,1311.6,1311.6,169.0
2026-06-08 14:15:00+05:30,1312.5,1312.5,1311.1,1312.0,223.0
2026-06-08 14:20:00+05:30,1311.1,1312.8,1310.2,1310.2,856.0
2026-06-08 14:25:00+05:30,1310.2,1311.3,1309.5,1309.8,1180.0
2026-06-08 14:30:00+05:30,1311.0,1311.3,1305.1,1307.0,2513.0
2026-06-08 14:35:00+05:30,1308.2,1308.9,1306.6,1307.3,128.0
2026-06-08 14:40:00+05:30,1306.7,1309.9,1306.7,1308.1,477.0
2026-06-08 14:45:00+05:30,1307.6,1308.9,1307.0,1308.9,80.0
2026-06-08 14:50:00+05:30,1309.0,1309.4,1306.7,1306.7,403.0
2026-06-08 14:55:00+05:30,1306.7,1307.9,1305.3,1306.6,396.0
2026-06-08 15:00:00+05:30,1308.0,1308.0,1294.3,1297.2,6923.0
2026-06-08 15:05:00+05:30,1297.3,1300.9,1295.5,1300.0,2916.0
2026-06-08 15:10:00+05:30,1300.0,1300.0,1289.2,1292.8,3835.0
2026-06-08 15:15:00+05:30,1292.8,1294.5,1290.2,1293.7,1968.0
2026-06-08 15:20:00+05:30,1293.7,1293.7,1284.0,1287.0,6250.0
2026-06-08 15:25:00+05:30,1284.1,1290.5,1280.5,1284.9,4920.0
2026-06-09 09:15:00+05:30,1293.2,1305.2,1282.6,1303.9,4057.0
2026-06-09 09:20:00+05:30,1304.0,1306.9,1299.5,1302.5,2773.0
2026-06-09 09:25:00+05:30,1302.3,1304.0,1300.8,1300.9,1925.0
2026-06-09 09:30:00+05:30,1302.1,1308.0,1302.1,1305.5,4507.0
2026-06-09 09:35:00+05:30,1306.3,1310.0,1305.0,1306.9,2831.0
2026-06-09 09:40:00+05:30,1306.9,1306.9,1303.9,1304.8,326.0
2026-06-09 09:45:00+05:30,1304.8,1309.9,1304.1,1307.9,794.0
2026-06-09 09:50:00+05:30,1307.1,1307.9,1305.7,1307.9,332.0
2026-06-09 09:55:00+05:30,1307.5,1308.0,1304.8,1306.6,1756.0
2026-06-09 10:00:00+05:30,1307.7,1309.8,1306.1,1306.1,665.0
2026-06-09 10:05:00+05:30,1306.3,1306.3,1289.0,1298.1,12681.0
2026-06-09 10:10:00+05:30,1299.2,1299.7,1297.8,1298.2,1159.0
2026-06-09 10:15:00+05:30,1299.1,1300.0,1292.6,1295.2,4245.0
2026-06-09 10:20:00+05:30,1295.2,1295.3,1290.4,1290.7,842.0
2026-06-09 10:25:00+05:30,1291.5,1295.2,1291.5,1292.5,3505.0
2026-06-09 10:30:00+05:30,1293.6,1294.6,1292.5,1293.6,505.0
2026-06-09 10:35:00+05:30,1293.5,1294.0,1290.6,1291.5,414.0
2026-06-09 10:40:00+05:30,1290.9,1294.4,1290.9,1292.6,422.0
2026-06-09 10:45:00+05:30,1295.0,1295.5,1293.1,1293.3,807.0
2026-06-09 10:50:00+05:30,1293.0,1293.0,1291.2,1291.9,1098.0
2026-06-09 10:55:00+05:30,1292.0,1293.2,1292.0,1292.7,136.0
2026-06-09 11:00:00+05:30,1292.5,1295.1,1292.5,1295.1,237.0
2026-06-09 11:05:00+05:30,1297.4,1297.5,1295.1,1295.5,651.0
2026-06-09 11:10:00+05:30,1295.3,1295.6,1294.1,1294.7,673.0
2026-06-09 11:15:00+05:30,1294.7,1295.0,1293.4,1293.4,161.0
2026-06-09 11:20:00+05:30,1294.5,1295.4,1293.4,1293.4,196.0
2026-06-09 11:25:00+05:30,1292.7,1293.0,1290.1,1290.1,684.0
2026-06-09 11:30:00+05:30,1288.0,1288.0,1285.3,1286.2,2094.0
2026-06-09 11:35:00+05:30,1286.2,1287.6,1286.2,1286.5,182.0
2026-06-09 11:40:00+05:30,1286.6,1288.2,1286.6,1287.3,146.0
2026-06-09 11:45:00+05:30,1288.0,1289.0,1286.9,1289.0,2994.0
2026-06-09 11:50:00+05:30,1289.6,1292.4,1289.3,1290.2,390.0
2026-06-09 11:55:00+05:30,1290.2,1295.0,1290.2,1292.4,3083.0
2026-06-09 12:00:00+05:30,1291.6,1293.2,1287.9,1287.9,536.0
2026-06-09 12:05:00+05:30,1289.7,1291.8,1289.0,1291.8,1371.0
2026-06-09 12:10:00+05:30,1291.0,1293.9,1288.5,1288.6,3229.0
2026-06-09 12:15:00+05:30,1288.3,1289.4,1287.9,1289.3,573.0
2026-06-09 12:20:00+05:30,1289.7,1290.0,1288.4,1290.0,419.0
2026-06-09 12:25:00+05:30,1289.8,1289.9,1288.1,1289.9,140.0
2026-06-09 12:30:00+05:30,1289.9,1289.9,1288.1,1289.0,67.0
2026-06-09 12:35:00+05:30,1289.0,1289.0,1288.0,1289.0,21.0
2026-06-09 12:40:00+05:30,1288.0,1289.2,1288.0,1288.3,92.0
2026-06-09 12:45:00+05:30,1288.3,1303.6,1288.0,1299.0,9035.0
2026-06-09 12:50:00+05:30,1299.0,1307.8,1299.0,1306.6,5156.0
2026-06-09 12:55:00+05:30,1306.6,1306.6,1305.0,1306.0,1307.0
2026-06-09 13:00:00+05:30,1305.6,1305.6,1305.0,1305.0,3418.0
2026-06-09 13:05:00+05:30,1305.0,1307.0,1305.0,1306.5,463.0
2026-06-09 13:10:00+05:30,1306.0,1306.5,1305.1,1305.7,220.0
2026-06-09 13:15:00+05:30,1305.5,1307.9,1305.5,1306.8,601.0
2026-06-09 13:20:00+05:30,1306.8,1306.8,1305.0,1305.1,1639.0
2026-06-09 13:25:00+05:30,1305.1,1305.1,1295.5,1299.2,7980.0
2026-06-09 13:30:00+05:30,1299.1,1299.9,1294.5,1294.6,420.0
2026-06-09 13:35:00+05:30,1294.6,1296.7,1294.2,1295.9,231.0
2026-06-09 13:40:00+05:30,1295.9,1296.2,1289.9,1294.3,1584.0
2026-06-09 13:45:00+05:30,1294.2,1294.2,1287.1,1288.9,5517.0
2026-06-09 13:50:00+05:30,1288.7,1288.7,1287.1,1287.7,368.0
2026-06-09 13:55:00+05:30,1287.1,1288.4,1287.1,1287.9,194.0
2026-06-09 14:00:00+05:30,1287.9,1289.4,1285.6,1288.0,1226.0
2026-06-09 14:05:00+05:30,1288.9,1293.4,1286.8,1293.4,3888.0
2026-06-09 14:10:00+05:30,1292.6,1293.8,1291.1,1293.4,146.0
2026-06-09 14:15:00+05:30,1292.5,1294.7,1292.4,1293.6,243.0
2026-06-09 14:20:00+05:30,1293.4,1298.3,1293.4,1295.6,1458.0
2026-06-09 14:25:00+05:30,1295.7,1297.7,1295.6,1297.3,96.0
2026-06-09 14:30:00+05:30,1296.5,1297.3,1293.4,1293.5,562.0
2026-06-09 14:35:00+05:30,1293.7,1299.3,1293.7,1298.9,4209.0
2026-06-09 14:40:00+05:30,1298.9,1304.9,1297.8,1303.3,1266.0
2026-06-09 14:45:00+05:30,1304.0,1304.0,1299.7,1300.5,2011.0
2026-06-09 14:50:00+05:30,1300.1,1305.7,1299.7,1304.0,1055.0
2026-06-09 14:55:00+05:30,1304.9,1308.0,1302.1,1302.1,2457.0
2026-06-09 15:00:00+05:30,1302.8,1302.8,1296.8,1301.3,1416.0
2026-06-09 15:05:00+05:30,1301.5,1303.5,1300.0,1302.5,708.0
2026-06-09 15:10:00+05:30,1303.2,1303.2,1300.5,1302.4,1525.0
2026-06-09 15:15:00+05:30,1302.5,1304.2,1299.0,1299.2,4168.0
2026-06-09 15:20:00+05:30,1299.2,1303.0,1297.0,1300.4,4411.0
2026-06-09 15:25:00+05:30,1300.5,1304.4,1298.6,1304.0,2131.0
2026-06-10 09:15:00+05:30,1299.8,1310.0,1299.7,1301.6,1190.0
2026-06-10 09:20:00+05:30,1301.7,1306.4,1296.6,1298.4,3014.0
2026-06-10 09:25:00+05:30,1299.5,1301.0,1298.6,1299.6,224.0
2026-06-10 09:30:00+05:30,1301.0,1301.5,1298.7,1301.5,148.0
2026-06-10 09:35:00+05:30,1300.6,1304.3,1300.6,1302.1,1607.0
2026-06-10 09:40:00+05:30,1302.9,1304.8,1302.2,1304.3,205.0
2026-06-10 09:45:00+05:30,1305.0,1305.0,1302.5,1302.5,385.0
2026-06-10 09:50:00+05:30,1302.5,1303.7,1300.0,1300.0,1360.0
2026-06-10 09:55:00+05:30,1300.8,1302.5,1300.2,1300.2,218.0
2026-06-10 10:00:00+05:30,1301.1,1302.5,1298.7,1298.7,459.0
2026-06-10 10:05:00+05:30,1299.4,1301.4,1298.3,1300.4,79.0
2026-06-10 10:10:00+05:30,1301.0,1301.3,1297.0,1297.0,344.0
2026-06-10 10:15:00+05:30,1297.0,1297.9,1296.9,1297.6,31.0
2026-06-10 10:20:00+05:30,1298.5,1300.4,1298.1,1299.5,241.0
2026-06-10 10:25:00+05:30,1297.2,1298.8,1297.2,1298.5,132.0
2026-06-10 10:30:00+05:30,1299.4,1303.0,1297.9,1303.0,211.0
2026-06-10 10:35:00+05:30,1301.2,1304.5,1301.2,1303.0,135.0
2026-06-10 10:40:00+05:30,1303.0,1304.0,1302.1,1304.0,117.0
2026-06-10 10:45:00+05:30,1303.1,1304.9,1303.1,1304.3,96.0
2026-06-10 10:50:00+05:30,1303.0,1303.3,1301.1,1301.1,100.0
2026-06-10 10:55:00+05:30,1300.3,1303.6,1300.3,1303.6,150.0
2026-06-10 11:00:00+05:30,1303.6,1303.6,1301.1,1302.3,133.0
2026-06-10 11:05:00+05:30,1302.2,1302.2,1300.1,1301.1,121.0
2026-06-10 11:10:00+05:30,1301.2,1301.9,1300.6,1301.0,20.0
2026-06-10 11:15:00+05:30,1301.0,1302.6,1299.4,1300.0,312.0
2026-06-10 11:20:00+05:30,1300.0,1300.0,1298.1,1299.2,121.0
2026-06-10 11:25:00+05:30,1298.1,1300.4,1298.1,1299.4,179.0
2026-06-10 11:30:00+05:30,1299.4,1301.1,1298.9,1298.9,60.0
2026-06-10 11:35:00+05:30,1299.9,1299.9,1296.0,1296.0,599.0
2026-06-10 11:40:00+05:30,1296.2,1296.2,1293.0,1296.0,1694.0
2026-06-10 11:45:00+05:30,1296.0,1296.9,1295.1,1295.2,289.0
2026-06-10 11:50:00+05:30,1295.2,1296.2,1295.0,1295.0,237.0
2026-06-10 11:55:00+05:30,1293.0,1294.4,1291.6,1294.4,1593.0
2026-06-10 12:00:00+05:30,1294.0,1294.9,1293.6,1294.7,148.0
2026-06-10 12:05:00+05:30,1294.7,1294.7,1294.1,1294.1,93.0
2026-06-10 12:10:00+05:30,1294.1,1294.1,1292.5,1293.6,220.0
2026-06-10 12:15:00+05:30,1293.8,1294.0,1293.1,1293.1,41.0
2026-06-10 12:20:00+05:30,1293.1,1294.1,1293.0,1293.0,80.0
2026-06-10 12:25:00+05:30,1293.0,1293.3,1292.0,1293.0,283.0
2026-06-10 12:30:00+05:30,1292.9,1293.3,1292.1,1292.1,226.0
2026-06-10 12:35:00+05:30,1292.1,1293.2,1290.5,1290.5,399.0
2026-06-10 12:40:00+05:30,1290.5,1291.1,1288.4,1289.2,252.0
2026-06-10 12:45:00+05:30,1289.2,1291.5,1288.4,1290.2,103.0
2026-06-10 12:50:00+05:30,1290.2,1291.7,1289.3,1290.6,71.0
2026-06-10 12:55:00+05:30,1290.6,1293.0,1290.6,1293.0,192.0
2026-06-10 13:00:00+05:30,1293.0,1296.8,1293.0,1296.8,1145.0
2026-06-10 13:05:00+05:30,1296.8,1299.6,1296.8,1299.6,635.0
2026-06-10 13:10:00+05:30,1300.0,1300.0,1297.2,1297.4,1323.0
2026-06-10 13:15:00+05:30,1297.4,1297.4,1294.1,1295.0,231.0
2026-06-10 13:20:00+05:30,1294.7,1294.7,1291.0,1291.0,1590.0
2026-06-10 13:25:00+05:30,1290.9,1290.9,1287.1,1289.8,1814.0
2026-06-10 13:30:00+05:30,1290.1,1290.4,1289.1,1289.4,282.0
2026-06-10 13:35:00+05:30,1290.4,1291.9,1288.5,1288.5,379.0
2026-06-10 13:40:00+05:30,1289.3,1289.4,1287.0,1287.7,738.0
2026-06-10 13:45:00+05:30,1287.7,1301.9,1287.2,1298.8,7112.0
2026-06-10 13:50:00+05:30,1300.1,1301.3,1299.3,1300.4,358.0
2026-06-10 13:55:00+05:30,1301.2,1301.2,1298.2,1298.2,55.0
2026-06-10 14:00:00+05:30,1298.9,1300.0,1298.2,1299.9,1762.0
2026-06-10 14:05:00+05:30,1300.3,1301.6,1299.9,1301.1,280.0
2026-06-10 14:10:00+05:30,1299.2,1299.2,1296.3,1296.6,839.0
2026-06-10 14:15:00+05:30,1298.1,1299.7,1296.6,1297.8,429.0
2026-06-10 14:20:00+05:30,1297.4,1299.7,1296.6,1299.7,98.0
2026-06-10 14:25:00+05:30,1298.7,1299.6,1296.8,1298.0,828.0
2026-06-10 14:30:00+05:30,1298.0,1299.3,1297.3,1297.3,317.0
2026-06-10 14:35:00+05:30,1298.9,1299.9,1296.7,1298.6,682.0
2026-06-10 14:40:00+05:30,1299.4,1299.4,1296.9,1296.9,225.0
2026-06-10 14:45:00+05:30,1297.5,1301.0,1296.2,1301.0,1376.0
2026-06-10 14:50:00+05:30,1297.8,1297.8,1295.2,1295.2,683.0
2026-06-10 14:55:00+05:30,1295.4,1297.5,1295.4,1297.5,159.0
2026-06-10 15:00:00+05:30,1297.0,1297.4,1294.2,1294.9,331.0
2026-06-10 15:05:00+05:30,1294.3,1295.7,1292.0,1295.7,1334.0
2026-06-10 15:10:00+05:30,1295.7,1297.9,1294.7,1294.7,1937.0
2026-06-10 15:15:00+05:30,1294.6,1296.0,1291.1,1292.0,1352.0
2026-06-10 15:20:00+05:30,1292.0,1303.2,1291.9,1300.0,4802.0
2026-06-10 15:25:00+05:30,1300.0,1308.0,1300.0,1308.0,2124.0
2026-06-11 09:15:00+05:30,1288.8,1288.9,1276.2,1285.4,2346.0
2026-06-11 09:20:00+05:30,1287.0,1300.8,1287.0,1294.5,1805.0
2026-06-11 09:25:00+05:30,1296.7,1306.2,1293.6,1303.8,3059.0
2026-06-11 09:30:00+05:30,1303.5,1303.7,1286.0,1286.1,1620.0
2026-06-11 09:35:00+05:30,1286.1,1288.0,1282.5,1286.1,1050.0
2026-06-11 09:40:00+05:30,1288.6,1289.6,1286.0,1286.8,427.0
2026-06-11 09:45:00+05:30,1286.6,1288.2,1283.9,1287.2,417.0
2026-06-11 09:50:00+05:30,1285.8,1287.9,1285.7,1287.1,439.0
2026-06-11 09:55:00+05:30,1285.0,1285.5,1280.6,1280.6,769.0
2026-06-11 10:00:00+05:30,1280.6,1285.9,1280.6,1283.9,1291.0
2026-06-11 10:05:00+05:30,1283.9,1286.0,1283.9,1286.0,142.0
2026-06-11 10:10:00+05:30,1287.9,1289.0,1286.9,1287.6,321.0
2026-06-11 10:15:00+05:30,1287.6,1289.4,1286.6,1289.2,510.0
2026-06-11 10:20:00+05:30,1291.8,1291.8,1288.1,1288.1,246.0
2026-06-11 10:25:00+05:30,1288.1,1289.6,1288.1,1289.6,35.0
2026-06-11 10:30:00+05:30,1289.6,1290.1,1288.1,1289.8,139.0
2026-06-11 10:35:00+05:30,1289.8,1289.8,1286.1,1287.9,412.0
2026-06-11 10:40:00+05:30,1288.1,1288.1,1286.0,1286.0,31.0
2026-06-11 10:45:00+05:30,1286.0,1287.6,1286.0,1287.6,88.0
2026-06-11 10:50:00+05:30,1294.7,1297.0,1294.7,1296.0,1661.0
2026-06-11 10:55:00+05:30,1296.0,1296.9,1296.0,1296.7,89.0
2026-06-11 11:00:00+05:30,1296.7,1296.7,1296.0,1296.0,188.0
2026-06-11 11:05:00+05:30,1296.0,1296.6,1296.0,1296.0,538.0
2026-06-11 11:10:00+05:30,1296.6,1296.6,1296.0,1296.0,1240.0
2026-06-11 11:15:00+05:30,1296.0,1296.1,1290.7,1291.0,7255.0
2026-06-11 11:20:00+05:30,1290.6,1293.0,1290.6,1292.5,153.0
2026-06-11 11:25:00+05:30,1292.5,1292.5,1291.1,1291.5,144.0
2026-06-11 11:30:00+05:30,1291.2,1292.1,1290.1,1291.1,178.0
2026-06-11 11:35:00+05:30,1291.1,1291.8,1289.9,1290.0,140.0
2026-06-11 11:40:00+05:30,1288.9,1289.9,1286.0,1289.0,1539.0
2026-06-11 11:45:00+05:30,1288.5,1290.5,1288.5,1290.0,214.0
2026-06-11 11:50:00+05:30,1290.0,1291.8,1289.0,1291.8,169.0
2026-06-11 11:55:00+05:30,1292.1,1292.1,1289.3,1289.3,86.0
2026-06-11 12:00:00+05:30,1289.3,1290.4,1289.1,1289.1,34.0
2026-06-11 12:05:00+05:30,1289.1,1289.1,1287.8,1288.0,73.0
2026-06-11 12:10:00+05:30,1287.3,1287.7,1286.0,1287.7,1641.0
2026-06-11 12:15:00+05:30,1287.7,1287.7,1284.7,1286.4,991.0
2026-06-11 12:20:00+05:30,1286.4,1286.7,1285.5,1286.7,155.0
2026-06-11 12:25:00+05:30,1284.2,1286.0,1284.0,1286.0,336.0
2026-06-11 12:30:00+05:30,1286.0,1286.0,1284.0,1285.0,539.0
2026-06-11 12:35:00+05:30,1284.6,1285.0,1283.5,1283.8,216.0
2026-06-11 12:40:00+05:30,1283.8,1284.0,1282.1,1284.0,651.0
2026-06-11 12:45:00+05:30,1282.8,1283.0,1281.0,1281.0,143.0
2026-06-11 12:50:00+05:30,1280.0,1280.0,1271.1,1274.2,1876.0
2026-06-11 12:55:00+05:30,1274.0,1276.2,1273.1,1274.6,747.0
2026-06-11 13:00:00+05:30,1275.3,1278.7,1275.3,1277.4,617.0
2026-06-11 13:05:00+05:30,1276.9,1276.9,1276.9,1276.9,134.0
2026-06-11 13:10:00+05:30,1276.9,1277.0,1276.1,1277.0,23.0
2026-06-11 13:15:00+05:30,1276.5,1276.5,1275.6,1276.2,672.0
2026-06-11 13:20:00+05:30,1275.5,1277.3,1275.5,1277.3,264.0
2026-06-11 13:25:00+05:30,1277.3,1277.3,1275.0,1276.0,1218.0
2026-06-11 13:30:00+05:30,1275.7,1278.7,1275.7,1278.7,161.0
2026-06-11 13:35:00+05:30,1277.1,1279.2,1277.1,1277.2,308.0
2026-06-11 13:40:00+05:30,1277.2,1277.2,1277.0,1277.0,73.0
2026-06-11 13:45:00+05:30,1277.0,1278.8,1277.0,1278.8,122.0
2026-06-11 13:50:00+05:30,1278.8,1278.8,1278.1,1278.1,30.0
2026-06-11 13:55:00+05:30,1278.0,1278.7,1277.0,1278.7,279.0
2026-06-11 14:00:00+05:30,1278.7,1282.8,1278.2,1281.8,182.0
2026-06-11 14:05:00+05:30,1281.8,1281.8,1280.7,1280.9,175.0
2026-06-11 14:10:00+05:30,1280.9,1280.9,1278.9,1279.9,49.0
2026-06-11 14:15:00+05:30,1279.9,1279.9,1277.7,1278.8,203.0
2026-06-11 14:20:00+05:30,1278.6,1279.9,1277.7,1278.6,300.0
2026-06-11 14:25:00+05:30,1278.5,1282.1,1274.5,1281.4,1897.0
2026-06-11 14:30:00+05:30,1281.4,1283.3,1281.4,1282.0,252.0
2026-06-11 14:35:00+05:30,1282.6,1282.9,1277.6,1277.8,574.0
2026-06-11 14:40:00+05:30,1279.1,1281.1,1277.6,1280.9,189.0
2026-06-11 14:45:00+05:30,1280.8,1281.4,1280.2,1280.3,288.0
2026-06-11 14:50:00+05:30,1280.4,1281.0,1277.5,1278.5,552.0
2026-06-11 14:55:00+05:30,1278.5,1279.4,1277.2,1277.5,385.0
2026-06-11 15:00:00+05:30,1279.4,1280.5,1276.8,1277.1,313.0
2026-06-11 15:05:00+05:30,1277.7,1277.7,1275.7,1276.6,304.0
2026-06-11 15:10:00+05:30,1276.0,1282.9,1275.7,1282.9,780.0
2026-06-11 15:15:00+05:30,1282.5,1284.4,1279.4,1282.0,2805.0
2026-06-11 15:20:00+05:30,1282.6,1282.6,1270.0,1271.1,3891.0
2026-06-11 15:25:00+05:30,1271.9,1277.5,1265.0,1270.0,4296.0
2026-06-12 09:15:00+05:30,1277.9,1296.9,1277.9,1293.1,1332.0
2026-06-12 09:20:00+05:30,1296.0,1298.9,1293.2,1298.9,953.0
2026-06-12 09:25:00+05:30,1298.9,1300.0,1296.4,1297.0,3612.0
2026-06-12 09:30:00+05:30,1297.0,1300.0,1297.0,1299.4,334.0
2026-06-12 09:35:00+05:30,1298.3,1298.8,1297.0,1298.3,236.0
2026-06-12 09:40:00+05:30,1297.2,1298.2,1290.0,1293.1,1263.0
2026-06-12 09:45:00+05:30,1291.9,1293.0,1290.0,1290.7,396.0
2026-06-12 09:50:00+05:30,1291.6,1293.6,1291.5,1292.5,553.0
2026-06-12 09:55:00+05:30,1292.5,1292.5,1285.6,1286.1,2005.0
2026-06-12 10:00:00+05:30,1287.4,1287.4,1284.0,1285.5,1501.0
2026-06-12 10:05:00+05:30,1284.8,1287.9,1284.6,1286.4,89.0
2026-06-12 10:10:00+05:30,1287.9,1289.6,1286.5,1289.5,106.0
2026-06-12 10:15:00+05:30,1289.5,1291.5,1289.4,1291.5,129.0
2026-06-12 10:20:00+05:30,1291.2,1291.7,1289.9,1291.6,145.0
2026-06-12 10:25:00+05:30,1291.1,1291.9,1291.0,1291.3,92.0
2026-06-12 10:30:00+05:30,1291.3,1293.2,1289.0,1292.2,409.0
2026-06-12 10:35:00+05:30,1293.7,1293.7,1290.1,1290.1,62.0
2026-06-12 10:40:00+05:30,1291.2,1291.2,1290.0,1290.1,55.0
2026-06-12 10:45:00+05:30,1290.1,1290.1,1288.0,1288.1,482.0
2026-06-12 10:50:00+05:30,1288.7,1289.4,1288.0,1288.0,62.0
2026-06-12 10:55:00+05:30,1288.0,1289.6,1288.0,1288.1,514.0
2026-06-12 11:00:00+05:30,1288.1,1290.2,1288.1,1290.1,81.0
2026-06-12 11:05:00+05:30,1288.8,1290.2,1288.8,1290.2,94.0
2026-06-12 11:10:00+05:30,1290.2,1290.9,1289.8,1290.2,41.0
2026-06-12 11:15:00+05:30,1290.3,1291.9,1290.3,1290.7,60.0
2026-06-12 11:20:00+05:30,1291.9,1291.9,1290.3,1290.3,60.0
2026-06-12 11:25:00+05:30,1291.9,1296.1,1291.4,1296.1,1772.0
2026-06-12 11:30:00+05:30,1295.2,1305.2,1294.0,1300.6,3210.0
2026-06-12 11:35:00+05:30,1300.6,1302.0,1300.0,1300.9,254.0
2026-06-12 11:40:00+05:30,1301.0,1301.0,1299.0,1299.0,183.0
2026-06-12 11:45:00+05:30,1299.0,1302.5,1299.0,1301.6,1341.0
2026-06-12 11:50:00+05:30,1301.6,1307.6,1301.0,1305.6,1602.0
2026-06-12 11:55:00+05:30,1306.6,1306.6,1305.0,1305.0,289.0
2026-06-12 12:00:00+05:30,1305.0,1308.9,1305.0,1308.9,656.0
2026-06-12 12:05:00+05:30,1308.6,1311.6,1306.2,1307.1,3421.0
2026-06-12 12:10:00+05:30,1305.7,1305.9,1305.0,1305.1,1542.0
2026-06-12 12:15:00+05:30,1305.2,1305.6,1305.0,1305.0,48.0
2026-06-12 12:20:00+05:30,1305.2,1307.3,1305.0,1305.0,552.0
2026-06-12 12:25:00+05:30,1305.0,1305.4,1305.0,1305.0,1729.0
2026-06-12 12:30:00+05:30,1305.0,1305.3,1305.0,1305.3,1267.0
2026-06-12 12:35:00+05:30,1305.0,1305.0,1305.0,1305.0,111.0
2026-06-12 12:40:00+05:30,1305.0,1305.9,1305.0,1305.0,143.0
2026-06-12 12:45:00+05:30,1305.6,1305.6,1305.0,1305.0,327.0
2026-06-12 12:50:00+05:30,1305.0,1306.0,1305.0,1305.0,195.0
2026-06-12 12:55:00+05:30,1305.0,1305.0,1305.0,1305.0,35.0
2026-06-12 13:00:00+05:30,1305.1,1305.1,1305.0,1305.0,82.0
2026-06-12 13:05:00+05:30,1305.0,1305.7,1305.0,1305.0,147.0
2026-06-12 13:10:00+05:30,1305.0,1305.8,1305.0,1305.8,67.0
2026-06-12 13:15:00+05:30,1305.8,1305.8,1305.0,1305.7,19.0
2026-06-12 13:20:00+05:30,1305.7,1306.0,1305.0,1305.1,132.0
2026-06-12 13:25:00+05:30,1305.0,1308.0,1305.0,1307.3,1462.0
2026-06-12 13:30:00+05:30,1307.3,1307.6,1306.1,1306.4,37.0
2026-06-12 13:35:00+05:30,1306.4,1308.0,1306.4,1307.1,152.0
2026-06-12 13:40:00+05:30,1307.0,1307.9,1307.0,1307.1,160.0
2026-06-12 13:45:00+05:30,1308.0,1308.4,1305.0,1305.4,1561.0
2026-06-12 13:50:00+05:30,1305.3,1306.0,1305.0,1305.5,435.0
2026-06-12 13:55:00+05:30,1306.4,1307.0,1305.5,1306.9,459.0
2026-06-12 14:00:00+05:30,1306.9,1308.0,1306.9,1307.4,58.0
2026-06-12 14:05:00+05:30,1308.0,1309.7,1307.8,1309.1,187.0
2026-06-12 14:10:00+05:30,1311.0,1311.6,1310.9,1310.9,1995.0
2026-06-12 14:15:00+05:30,1311.0,1312.0,1310.4,1310.9,495.0
2026-06-12 14:20:00+05:30,1312.0,1312.0,1310.4,1311.2,301.0
2026-06-12 14:25:00+05:30,1312.7,1315.0,1312.6,1314.7,1202.0
2026-06-12 14:30:00+05:30,1316.1,1323.8,1314.6,1318.9,2993.0
2026-06-12 14:35:00+05:30,1319.0,1320.7,1314.6,1319.3,1719.0
2026-06-12 14:40:00+05:30,1319.3,1320.0,1316.6,1320.0,1080.0
2026-06-12 14:45:00+05:30,1318.4,1320.5,1317.1,1319.7,1057.0
2026-06-12 14:50:00+05:30,1319.9,1323.0,1319.9,1322.9,1589.0
2026-06-12 14:55:00+05:30,1322.9,1330.8,1321.2,1330.8,3240.0
2026-06-12 15:00:00+05:30,1330.9,1332.5,1330.0,1332.1,1562.0
2026-06-12 15:05:00+05:30,1332.8,1332.8,1330.4,1331.0,374.0
2026-06-12 15:10:00+05:30,1331.0,1333.6,1330.0,1331.9,996.0
2026-06-12 15:15:00+05:30,1331.8,1333.2,1330.0,1330.2,3166.0
2026-06-12 15:20:00+05:30,1330.2,1334.0,1330.0,1330.6,4307.0
2026-06-12 15:25:00+05:30,1330.6,1342.0,1330.0,1333.4,6612.0
2026-06-15 09:15:00+05:30,1364.9,1374.9,1352.8,1372.4,7038.0
2026-06-15 09:20:00+05:30,1369.9,1373.6,1365.0,1365.6,2228.0
2026-06-15 09:25:00+05:30,1365.7,1370.0,1361.6,1369.0,2598.0
2026-06-15 09:30:00+05:30,1368.9,1373.1,1368.2,1371.0,3064.0
2026-06-15 09:35:00+05:30,1371.0,1373.0,1360.6,1365.8,1537.0
2026-06-15 09:40:00+05:30,1364.2,1368.7,1362.2,1366.8,722.0
2026-06-15 09:45:00+05:30,1367.7,1367.7,1364.3,1365.0,560.0
2026-06-15 09:50:00+05:30,1364.8,1364.8,1362.0,1364.7,426.0
2026-06-15 09:55:00+05:30,1362.9,1364.3,1362.5,1362.5,90.0
2026-06-15 10:00:00+05:30,1361.1,1364.8,1361.1,1364.6,518.0
2026-06-15 10:05:00+05:30,1363.0,1367.7,1362.4,1366.8,1909.0
2026-06-15 10:10:00+05:30,1366.9,1369.0,1365.3,1365.3,817.0
2026-06-15 10:15:00+05:30,1365.2,1371.1,1365.1,1368.5,867.0
2026-06-15 10:20:00+05:30,1367.9,1368.7,1367.8,1368.0,753.0
2026-06-15 10:25:00+05:30,1368.0,1368.0,1366.0,1366.1,273.0
2026-06-15 10:30:00+05:30,1367.9,1370.0,1367.6,1369.8,719.0
2026-06-15 10:35:00+05:30,1368.7,1369.9,1367.4,1369.9,221.0
2026-06-15 10:40:00+05:30,1368.7,1369.8,1368.2,1368.6,117.0
2026-06-15 10:45:00+05:30,1368.6,1370.5,1368.6,1369.2,381.0
2026-06-15 10:50:00+05:30,1369.2,1371.1,1369.1,1370.0,1014.0
2026-06-15 10:55:00+05:30,1369.1,1371.2,1369.1,1370.0,746.0
2026-06-15 11:00:00+05:30,1371.1,1371.1,1367.5,1368.8,543.0
2026-06-15 11:05:00+05:30,1370.0,1370.0,1368.5,1368.5,491.0
2026-06-15 11:10:00+05:30,1368.5,1374.8,1368.5,1370.1,1739.0
2026-06-15 11:15:00+05:30,1370.0,1370.2,1368.9,1370.0,620.0
2026-06-15 11:20:00+05:30,1370.0,1370.0,1368.6,1368.6,563.0
2026-06-15 11:25:00+05:30,1369.8,1369.8,1369.1,1369.1,124.0
2026-06-15 11:30:00+05:30,1369.1,1369.1,1369.1,1369.1,380.0
2026-06-15 11:35:00+05:30,1369.1,1370.0,1368.6,1368.6,908.0
2026-06-15 11:40:00+05:30,1369.5,1369.9,1369.0,1369.0,214.0
2026-06-15 11:45:00+05:30,1369.9,1369.9,1368.5,1368.5,1708.0
2026-06-15 11:50:00+05:30,1368.4,1369.8,1368.4,1368.6,336.0
2026-06-15 11:55:00+05:30,1368.7,1370.9,1368.7,1370.9,568.0
2026-06-15 12:00:00+05:30,1370.9,1390.9,1370.9,1380.2,8869.0
2026-06-15 12:05:00+05:30,1381.3,1382.0,1377.2,1378.6,1423.0
2026-06-15 12:10:00+05:30,1378.4,1379.2,1377.0,1378.5,1512.0
2026-06-15 12:15:00+05:30,1378.8,1379.0,1377.1,1378.4,473.0
2026-06-15 12:20:00+05:30,1377.0,1380.1,1377.0,1380.1,1971.0
2026-06-15 12:25:00+05:30,1378.9,1380.7,1377.4,1377.4,210.0
2026-06-15 12:30:00+05:30,1377.3,1378.6,1377.0,1378.6,1931.0
2026-06-15 12:35:00+05:30,1377.0,1378.0,1376.1,1378.0,657.0
2026-06-15 12:40:00+05:30,1379.0,1379.7,1377.0,1379.2,445.0
2026-06-15 12:45:00+05:30,1379.5,1379.5,1377.0,1377.0,110.0
2026-06-15 12:50:00+05:30,1377.6,1379.6,1377.0,1377.9,96.0
2026-06-15 12:55:00+05:30,1378.8,1380.1,1377.4,1379.9,788.0
2026-06-15 13:00:00+05:30,1378.2,1379.5,1377.0,1377.0,255.0
2026-06-15 13:05:00+05:30,1377.0,1378.5,1377.0,1377.5,57.0
2026-06-15 13:10:00+05:30,1377.0,1382.5,1376.0,1376.7,8761.0
2026-06-15 13:15:00+05:30,1373.0,1374.3,1372.3,1374.1,418.0
2026-06-15 13:20:00+05:30,1373.0,1374.3,1373.0,1373.1,155.0
2026-06-15 13:25:00+05:30,1373.5,1375.7,1373.5,1375.7,276.0
2026-06-15 13:30:00+05:30,1375.7,1376.5,1371.7,1371.7,201.0
2026-06-15 13:35:00+05:30,1371.0,1372.3,1370.7,1370.9,82.0
2026-06-15 13:40:00+05:30,1370.9,1373.9,1370.2,1370.2,365.0
2026-06-15 13:45:00+05:30,1370.1,1371.7,1369.1,1369.4,1362.0
2026-06-15 13:50:00+05:30,1369.4,1372.0,1369.4,1370.0,197.0
2026-06-15 13:55:00+05:30,1370.0,1371.5,1369.1,1371.5,288.0
2026-06-15 14:00:00+05:30,1370.4,1371.7,1368.9,1369.9,773.0
2026-06-15 14:05:00+05:30,1369.9,1372.5,1369.0,1370.9,490.0
2026-06-15 14:10:00+05:30,1370.9,1377.8,1370.0,1377.8,577.0
2026-06-15 14:15:00+05:30,1376.1,1380.2,1375.3,1375.3,1266.0
2026-06-15 14:20:00+05:30,1376.1,1376.1,1374.2,1375.4,195.0
2026-06-15 14:25:00+05:30,1377.6,1378.4,1374.8,1375.5,316.0
2026-06-15 14:30:00+05:30,1374.2,1376.7,1374.2,1376.0,169.0
2026-06-15 14:35:00+05:30,1376.0,1376.0,1375.0,1375.0,606.0
2026-06-15 14:40:00+05:30,1375.0,1379.8,1374.1,1375.5,1639.0
2026-06-15 14:45:00+05:30,1375.7,1376.1,1374.0,1374.5,766.0
2026-06-15 14:50:00+05:30,1375.0,1376.6,1374.0,1374.2,1139.0
2026-06-15 14:55:00+05:30,1374.6,1376.4,1374.0,1374.4,602.0
2026-06-15 15:00:00+05:30,1375.7,1376.6,1374.0,1375.5,1447.0
2026-06-15 15:05:00+05:30,1374.9,1375.0,1373.8,1374.0,1671.0
2026-06-15 15:10:00+05:30,1374.3,1374.5,1373.7,1374.5,1880.0
2026-06-15 15:15:00+05:30,1374.5,1376.9,1373.0,1374.8,3508.0
2026-06-15 15:20:00+05:30,1375.0,1377.0,1374.8,1376.6,1895.0
2026-06-15 15:25:00+05:30,1376.5,1376.5,1374.0,1374.0,1602.0
2026-06-16 09:15:00+05:30,1374.7,1379.5,1370.0,1378.0,1141.0
2026-06-16 09:20:00+05:30,1376.0,1378.0,1371.5,1376.5,1284.0
2026-06-16 09:25:00+05:30,1377.4,1379.0,1376.0,1377.2,859.0
2026-06-16 09:30:00+05:30,1379.0,1379.8,1375.5,1376.9,159.0
2026-06-16 09:35:00+05:30,1376.1,1376.1,1373.5,1373.7,359.0
2026-06-16 09:40:00+05:30,1373.9,1373.9,1372.0,1372.1,252.0
2026-06-16 09:45:00+05:30,1373.8,1376.0,1371.0,1372.0,3335.0
2026-06-16 09:50:00+05:30,1372.0,1373.0,1370.2,1373.0,253.0
2026-06-16 09:55:00+05:30,1371.7,1372.9,1371.4,1372.5,107.0
2026-06-16 10:00:00+05:30,1372.9,1373.5,1372.0,1372.8,232.0
2026-06-16 10:05:00+05:30,1372.0,1373.7,1372.0,1372.7,326.0
2026-06-16 10:10:00+05:30,1371.3,1372.2,1371.0,1371.0,448.0
2026-06-16 10:15:00+05:30,1371.0,1371.1,1370.9,1371.0,233.0
2026-06-16 10:20:00+05:30,1371.0,1371.0,1370.9,1370.9,15.0
2026-06-16 10:25:00+05:30,1370.8,1370.8,1368.1,1370.8,1161.0
2026-06-16 10:30:00+05:30,1370.8,1374.3,1370.8,1374.3,131.0
2026-06-16 10:35:00+05:30,1374.3,1377.8,1374.3,1376.4,767.0
2026-06-16 10:40:00+05:30,1377.5,1379.4,1374.0,1376.8,735.0
2026-06-16 10:45:00+05:30,1377.1,1378.5,1376.1,1377.8,129.0
2026-06-16 10:50:00+05:30,1377.9,1377.9,1373.0,1374.2,311.0
2026-06-16 10:55:00+05:30,1374.5,1376.3,1374.5,1375.0,333.0
2026-06-16 11:00:00+05:30,1375.0,1375.8,1375.0,1375.8,19.0
2026-06-16 11:05:00+05:30,1376.4,1377.9,1376.0,1376.0,675.0
2026-06-16 11:10:00+05:30,1377.6,1377.7,1374.4,1375.9,527.0
2026-06-16 11:15:00+05:30,1377.0,1377.0,1377.0,1377.0,3.0
2026-06-16 11:20:00+05:30,1377.0,1378.5,1377.0,1378.5,364.0
2026-06-16 11:25:00+05:30,1378.5,1384.5,1374.8,1384.5,4458.0
2026-06-16 11:30:00+05:30,1384.0,1405.5,1381.9,1403.8,12036.0
2026-06-16 11:35:00+05:30,1403.6,1407.0,1395.7,1398.0,11456.0
2026-06-16 11:40:00+05:30,1398.8,1398.8,1394.4,1395.8,1471.0
2026-06-16 11:45:00+05:30,1397.5,1398.5,1395.2,1395.3,530.0
2026-06-16 11:50:00+05:30,1395.8,1397.0,1395.0,1395.5,254.0
2026-06-16 11:55:00+05:30,1395.0,1397.0,1395.0,1395.5,306.0
2026-06-16 12:00:00+05:30,1396.5,1396.5,1394.1,1396.0,339.0
2026-06-16 12:05:00+05:30,1396.2,1397.0,1395.0,1396.9,464.0
2026-06-16 12:10:00+05:30,1395.6,1396.8,1395.0,1395.0,348.0
2026-06-16 12:15:00+05:30,1395.7,1396.6,1395.0,1395.9,246.0
2026-06-16 12:20:00+05:30,1395.1,1395.1,1395.0,1395.0,253.0
2026-06-16 12:25:00+05:30,1395.0,1395.9,1394.5,1395.0,582.0
2026-06-16 12:30:00+05:30,1395.0,1395.8,1395.0,1395.5,84.0
2026-06-16 12:35:00+05:30,1395.0,1395.4,1395.0,1395.0,265.0
2026-06-16 12:40:00+05:30,1395.0,1395.4,1394.8,1395.0,143.0
2026-06-16 12:45:00+05:30,1395.0,1400.4,1395.0,1397.5,5876.0
2026-06-16 12:50:00+05:30,1397.6,1399.3,1396.4,1398.0,258.0
2026-06-16 12:55:00+05:30,1396.1,1398.8,1394.8,1394.8,489.0
2026-06-16 13:00:00+05:30,1395.0,1395.0,1393.7,1394.1,222.0
2026-06-16 13:05:00+05:30,1395.4,1395.4,1385.2,1390.2,1259.0
2026-06-16 13:10:00+05:30,1390.2,1393.3,1390.2,1391.9,83.0
2026-06-16 13:15:00+05:30,1392.0,1394.4,1391.7,1391.7,177.0
2026-06-16 13:20:00+05:30,1391.0,1393.1,1391.0,1392.3,116.0
2026-06-16 13:25:00+05:30,1392.3,1392.3,1390.2,1390.2,608.0
2026-06-16 13:30:00+05:30,1390.2,1392.1,1390.0,1392.1,531.0
2026-06-16 13:35:00+05:30,1393.4,1393.4,1388.2,1389.1,1595.0
2026-06-16 13:40:00+05:30,1389.1,1390.4,1389.1,1389.2,31.0
2026-06-16 13:45:00+05:30,1389.2,1389.2,1388.6,1388.6,94.0
2026-06-16 13:50:00+05:30,1388.6,1389.7,1388.3,1388.5,67.0
2026-06-16 13:55:00+05:30,1388.5,1390.2,1388.5,1390.1,22.0
2026-06-16 14:00:00+05:30,1390.1,1390.5,1389.3,1389.9,50.0
2026-06-16 14:05:00+05:30,1393.8,1393.8,1389.2,1389.2,2066.0
2026-06-16 14:10:00+05:30,1389.2,1392.7,1389.2,1389.9,271.0
2026-06-16 14:15:00+05:30,1389.9,1393.8,1389.9,1393.1,1089.0
2026-06-16 14:20:00+05:30,1393.9,1393.9,1390.8,1392.0,1803.0
2026-06-16 14:25:00+05:30,1392.3,1393.5,1391.1,1391.3,423.0
2026-06-16 14:30:00+05:30,1391.3,1394.0,1391.3,1394.0,122.0
2026-06-16 14:35:00+05:30,1394.4,1394.4,1391.5,1391.7,92.0
2026-06-16 14:40:00+05:30,1393.0,1394.8,1392.0,1392.0,620.0
2026-06-16 14:45:00+05:30,1391.5,1393.4,1391.5,1393.0,73.0
2026-06-16 14:50:00+05:30,1393.0,1394.7,1393.0,1393.4,398.0
2026-06-16 14:55:00+05:30,1395.0,1395.6,1393.4,1394.4,646.0
2026-06-16 15:00:00+05:30,1393.9,1395.0,1389.2,1391.6,2049.0
2026-06-16 15:05:00+05:30,1391.8,1393.6,1390.6,1392.5,561.0
2026-06-16 15:10:00+05:30,1392.4,1399.5,1389.4,1398.1,3177.0
2026-06-16 15:15:00+05:30,1399.2,1400.2,1395.8,1397.0,2567.0
2026-06-16 15:20:00+05:30,1398.7,1401.0,1397.0,1398.2,3760.0
2026-06-16 15:25:00+05:30,1398.2,1400.1,1398.0,1400.0,2225.0
2026-06-17 09:15:00+05:30,1390.0,1405.5,1390.0,1398.8,1457.0
2026-06-17 09:20:00+05:30,1398.7,1400.6,1394.1,1398.2,2602.0
2026-06-17 09:25:00+05:30,1396.9,1399.8,1395.3,1398.9,555.0
2026-06-17 09:30:00+05:30,1398.9,1399.7,1395.0,1395.0,1690.0
2026-06-17 09:35:00+05:30,1393.8,1395.0,1392.1,1394.3,631.0
2026-06-17 09:40:00+05:30,1394.0,1405.5,1393.2,1404.8,1316.0
2026-06-17 09:45:00+05:30,1405.0,1409.3,1402.0,1405.7,1604.0
2026-06-17 09:50:00+05:30,1406.5,1406.5,1402.6,1402.6,1305.0
2026-06-17 09:55:00+05:30,1404.1,1406.7,1399.0,1400.1,1413.0
2026-06-17 10:00:00+05:30,1396.9,1398.5,1395.3,1397.0,213.0
2026-06-17 10:05:00+05:30,1397.0,1400.4,1397.0,1397.4,327.0
2026-06-17 10:10:00+05:30,1399.2,1399.4,1396.0,1396.0,677.0
2026-06-17 10:15:00+05:30,1395.0,1397.4,1395.0,1397.4,592.0
2026-06-17 10:20:00+05:30,1399.1,1399.1,1394.3,1395.5,1246.0
2026-06-17 10:25:00+05:30,1395.5,1396.8,1394.1,1394.3,493.0
2026-06-17 10:30:00+05:30,1394.4,1397.3,1394.4,1395.6,251.0
2026-06-17 10:35:00+05:30,1393.3,1396.0,1393.3,1393.3,365.0
2026-06-17 10:40:00+05:30,1393.2,1395.4,1393.1,1395.4,177.0
2026-06-17 10:45:00+05:30,1397.3,1398.3,1396.1,1397.5,147.0
2026-06-17 10:50:00+05:30,1397.5,1399.0,1397.0,1399.0,130.0
2026-06-17 10:55:00+05:30,1399.0,1400.0,1399.0,1399.0,45.0
2026-06-17 11:00:00+05:30,1399.0,1399.1,1397.2,1397.2,433.0
2026-06-17 11:05:00+05:30,1398.6,1398.6,1397.1,1398.5,17.0
2026-06-17 11:10:00+05:30,1398.5,1398.5,1396.0,1396.1,409.0
2026-06-17 11:15:00+05:30,1397.6,1398.0,1393.3,1395.1,2543.0
2026-06-17 11:20:00+05:30,1395.0,1395.3,1392.2,1393.1,533.0
2026-06-17 11:25:00+05:30,1392.3,1393.6,1392.1,1392.2,272.0
2026-06-17 11:30:00+05:30,1393.9,1395.6,1392.5,1395.6,191.0
2026-06-17 11:35:00+05:30,1395.0,1402.9,1394.4,1401.6,4542.0
2026-06-17 11:40:00+05:30,1399.4,1404.6,1399.4,1404.6,654.0
2026-06-17 11:45:00+05:30,1404.4,1409.8,1403.2,1409.6,3583.0
2026-06-17 11:50:00+05:30,1409.3,1409.3,1405.4,1408.0,612.0
2026-06-17 11:55:00+05:30,1406.9,1408.3,1405.2,1405.8,629.0
2026-06-17 12:00:00+05:30,1404.5,1405.2,1402.2,1404.9,496.0
2026-06-17 12:05:00+05:30,1404.9,1405.2,1403.3,1405.2,339.0
2026-06-17 12:10:00+05:30,1405.2,1405.4,1403.1,1405.0,843.0
2026-06-17 12:15:00+05:30,1405.0,1405.8,1403.9,1405.5,278.0
2026-06-17 12:20:00+05:30,1405.0,1405.0,1404.0,1405.0,93.0
2026-06-17 12:25:00+05:30,1405.0,1406.7,1404.1,1405.2,320.0
2026-06-17 12:30:00+05:30,1406.7,1406.8,1402.9,1404.9,929.0
2026-06-17 12:35:00+05:30,1403.7,1403.7,1400.2,1402.0,621.0
2026-06-17 12:40:00+05:30,1402.0,1403.4,1401.0,1403.2,79.0
2026-06-17 12:45:00+05:30,1403.2,1405.1,1402.8,1404.7,291.0
2026-06-17 12:50:00+05:30,1405.0,1405.0,1402.1,1403.4,296.0
2026-06-17 12:55:00+05:30,1403.5,1404.9,1402.1,1404.7,208.0
2026-06-17 13:00:00+05:30,1403.9,1406.5,1403.9,1406.5,2022.0
2026-06-17 13:05:00+05:30,1406.5,1406.5,1404.1,1405.9,172.0
2026-06-17 13:10:00+05:30,1405.9,1406.0,1394.9,1395.1,2033.0
2026-06-17 13:15:00+05:30,1394.9,1397.0,1394.7,1395.0,806.0
2026-06-17 13:20:00+05:30,1395.8,1399.0,1394.1,1398.7,1826.0
2026-06-17 13:25:00+05:30,1398.9,1400.0,1397.2,1400.0,194.0
2026-06-17 13:30:00+05:30,1400.0,1401.9,1399.7,1401.9,202.0
2026-06-17 13:35:00+05:30,1402.2,1416.9,1400.8,1416.0,8793.0
2026-06-17 13:40:00+05:30,1416.0,1417.6,1412.9,1413.8,608.0
2026-06-17 13:45:00+05:30,1411.9,1416.8,1411.9,1415.9,2690.0
2026-06-17 13:50:00+05:30,1415.9,1416.0,1414.1,1414.1,1318.0
2026-06-17 13:55:00+05:30,1414.9,1415.0,1413.1,1414.9,607.0
2026-06-17 14:00:00+05:30,1414.9,1414.9,1412.5,1413.9,254.0
2026-06-17 14:05:00+05:30,1412.8,1414.1,1412.2,1414.0,273.0
2026-06-17 14:10:00+05:30,1414.1,1414.9,1413.0,1414.7,619.0
2026-06-17 14:15:00+05:30,1413.3,1416.9,1413.0,1416.8,1365.0
2026-06-17 14:20:00+05:30,1417.0,1417.0,1414.4,1415.9,1230.0
2026-06-17 14:25:00+05:30,1415.9,1416.0,1414.8,1415.8,217.0
2026-06-17 14:30:00+05:30,1415.8,1415.8,1411.6,1414.7,762.0
2026-06-17 14:35:00+05:30,1414.6,1414.6,1413.5,1413.9,154.0
2026-06-17 14:40:00+05:30,1413.9,1414.5,1413.6,1414.3,303.0
2026-06-17 14:45:00+05:30,1414.3,1415.9,1410.2,1411.1,2310.0
2026-06-17 14:50:00+05:30,1412.2,1414.0,1411.2,1413.8,794.0
2026-06-17 14:55:00+05:30,1413.8,1415.9,1412.9,1414.6,234.0
2026-06-17 15:00:00+05:30,1414.6,1415.9,1413.1,1414.0,2393.0
2026-06-17 15:05:00+05:30,1413.9,1413.9,1412.1,1413.5,635.0
2026-06-17 15:10:00+05:30,1413.5,1415.9,1413.0,1414.0,1107.0
2026-06-17 15:15:00+05:30,1414.7,1416.0,1413.5,1415.6,4157.0
2026-06-17 15:20:00+05:30,1415.5,1416.0,1414.0,1414.0,1531.0
2026-06-17 15:25:00+05:30,1414.0,1419.0,1413.5,1419.0,4404.0
2026-06-18 09:15:00+05:30,1430.0,1436.6,1419.0,1434.5,5545.0
2026-06-18 09:20:00+05:30,1434.3,1436.0,1429.3,1433.2,3199.0
2026-06-18 09:25:00+05:30,1433.4,1434.0,1432.6,1433.8,528.0
2026-06-18 09:30:00+05:30,1432.6,1433.7,1430.5,1433.5,620.0
2026-06-18 09:35:00+05:30,1433.5,1441.7,1431.2,1441.4,7339.0
2026-06-18 09:40:00+05:30,1441.8,1441.9,1434.8,1436.7,3171.0
2026-06-18 09:45:00+05:30,1436.6,1436.7,1432.1,1432.4,422.0
2026-06-18 09:50:00+05:30,1433.9,1435.3,1431.4,1432.7,925.0
2026-06-18 09:55:00+05:30,1430.2,1432.4,1428.0,1429.1,1652.0
2026-06-18 10:00:00+05:30,1428.0,1429.3,1421.0,1422.8,4593.0
2026-06-18 10:05:00+05:30,1422.7,1424.8,1418.3,1420.9,2567.0
2026-06-18 10:10:00+05:30,1420.5,1422.6,1418.5,1418.9,2143.0
2026-06-18 10:15:00+05:30,1418.7,1420.5,1418.1,1419.9,768.0
2026-06-18 10:20:00+05:30,1419.8,1422.7,1419.0,1419.8,986.0
2026-06-18 10:25:00+05:30,1420.3,1420.4,1415.4,1420.1,861.0
2026-06-18 10:30:00+05:30,1418.8,1422.0,1418.8,1421.7,312.0
2026-06-18 10:35:00+05:30,1422.0,1422.7,1419.1,1420.1,572.0
2026-06-18 10:40:00+05:30,1419.0,1421.7,1418.5,1421.7,213.0
2026-06-18 10:45:00+05:30,1422.1,1422.7,1418.9,1419.3,193.0
2026-06-18 10:50:00+05:30,1419.3,1420.1,1417.5,1420.1,401.0
2026-06-18 10:55:00+05:30,1420.0,1420.3,1416.2,1419.9,509.0
2026-06-18 11:00:00+05:30,1416.5,1420.0,1416.5,1419.9,859.0
2026-06-18 11:05:00+05:30,1418.4,1418.6,1415.4,1415.6,615.0
2026-06-18 11:10:00+05:30,1416.6,1417.6,1413.4,1414.8,2832.0
2026-06-18 11:15:00+05:30,1414.0,1415.0,1412.9,1413.4,367.0
2026-06-18 11:20:00+05:30,1413.4,1419.2,1413.4,1419.2,785.0
2026-06-18 11:25:00+05:30,1419.0,1419.0,1415.1,1418.5,439.0
2026-06-18 11:30:00+05:30,1416.9,1418.0,1415.5,1417.9,437.0
2026-06-18 11:35:00+05:30,1417.9,1419.5,1417.9,1418.9,517.0
2026-06-18 11:40:00+05:30,1416.8,1418.0,1416.8,1418.0,109.0
2026-06-18 11:45:00+05:30,1417.0,1418.0,1416.9,1417.7,140.0
2026-06-18 11:50:00+05:30,1416.4,1417.5,1415.2,1415.3,111.0
2026-06-18 11:55:00+05:30,1415.3,1416.2,1414.0,1416.2,804.0
2026-06-18 12:00:00+05:30,1415.9,1422.6,1415.9,1422.0,1040.0
2026-06-18 12:05:00+05:30,1421.7,1421.7,1418.1,1420.7,468.0
2026-06-18 12:10:00+05:30,1419.3,1425.0,1417.8,1424.5,1551.0
2026-06-18 12:15:00+05:30,1423.4,1424.3,1421.4,1423.6,270.0
2026-06-18 12:20:00+05:30,1423.5,1426.0,1422.5,1425.0,1226.0
2026-06-18 12:25:00+05:30,1424.1,1424.1,1422.4,1423.5,562.0
2026-06-18 12:30:00+05:30,1422.4,1423.9,1422.4,1423.8,21.0
2026-06-18 12:35:00+05:30,1423.5,1423.5,1420.1,1421.9,1059.0
2026-06-18 12:40:00+05:30,1420.6,1422.4,1420.5,1422.4,161.0
2026-06-18 12:45:00+05:30,1422.4,1422.9,1421.1,1422.3,261.0
2026-06-18 12:50:00+05:30,1422.3,1430.0,1421.0,1429.7,4249.0
2026-06-18 12:55:00+05:30,1425.1,1432.0,1425.1,1429.5,2010.0
2026-06-18 13:00:00+05:30,1428.4,1429.5,1427.3,1429.5,413.0
2026-06-18 13:05:00+05:30,1427.6,1430.0,1425.6,1427.1,1326.0
2026-06-18 13:10:00+05:30,1425.9,1428.0,1425.6,1426.3,338.0
2026-06-18 13:15:00+05:30,1427.4,1427.4,1425.1,1427.4,504.0
2026-06-18 13:20:00+05:30,1427.4,1427.8,1425.3,1426.0,59.0
2026-06-18 13:25:00+05:30,1426.0,1427.4,1426.0,1426.4,119.0
2026-06-18 13:30:00+05:30,1426.4,1426.9,1425.0,1425.4,223.0
2026-06-18 13:35:00+05:30,1425.4,1426.4,1425.2,1426.4,71.0
2026-06-18 13:40:00+05:30,1426.4,1428.5,1425.0,1428.2,263.0
2026-06-18 13:45:00+05:30,1428.3,1428.3,1426.6,1428.3,197.0
2026-06-18 13:50:00+05:30,1428.3,1428.9,1427.4,1428.5,313.0
2026-06-18 13:55:00+05:30,1428.5,1428.5,1426.3,1426.5,368.0
2026-06-18 14:00:00+05:30,1428.0,1428.2,1426.3,1427.4,243.0
2026-06-18 14:05:00+05:30,1427.4,1427.9,1426.4,1427.9,317.0
2026-06-18 14:10:00+05:30,1427.9,1429.0,1426.4,1426.4,239.0
2026-06-18 14:15:00+05:30,1427.8,1428.0,1425.3,1427.2,636.0
2026-06-18 14:20:00+05:30,1427.2,1427.6,1425.0,1426.2,1027.0
2026-06-18 14:25:00+05:30,1427.2,1427.3,1426.1,1427.2,253.0
2026-06-18 14:30:00+05:30,1427.2,1427.2,1425.1,1426.5,341.0
2026-06-18 14:35:00+05:30,1426.5,1427.5,1424.9,1426.5,3129.0
2026-06-18 14:40:00+05:30,1426.4,1426.9,1425.0,1426.9,511.0
2026-06-18 14:45:00+05:30,1427.0,1427.0,1425.0,1425.0,1100.0
2026-06-18 14:50:00+05:30,1426.3,1426.6,1425.0,1425.1,1402.0
2026-06-18 14:55:00+05:30,1425.1,1426.6,1425.0,1425.8,1672.0
2026-06-18 15:00:00+05:30,1425.8,1426.0,1425.0,1426.0,2639.0
2026-06-18 15:05:00+05:30,1426.0,1427.3,1425.7,1427.3,1427.0
2026-06-18 15:10:00+05:30,1427.3,1428.4,1426.7,1426.9,1130.0
2026-06-18 15:15:00+05:30,1428.0,1428.4,1426.5,1428.0,1276.0
2026-06-18 15:20:00+05:30,1428.0,1429.0,1425.4,1427.9,1871.0
2026-06-18 15:25:00+05:30,1428.0,1428.8,1426.8,1428.7,1979.0
2026-06-19 09:15:00+05:30,1414.6,1421.4,1409.5,1421.0,3422.0
2026-06-19 09:20:00+05:30,1421.0,1424.5,1419.2,1422.7,858.0
2026-06-19 09:25:00+05:30,1421.8,1422.3,1420.6,1422.3,370.0
2026-06-19 09:30:00+05:30,1423.0,1423.6,1415.3,1415.4,4238.0
2026-06-19 09:35:00+05:30,1415.2,1420.2,1415.2,1418.4,586.0
2026-06-19 09:40:00+05:30,1418.8,1422.7,1416.2,1418.2,2756.0
2026-06-19 09:45:00+05:30,1416.1,1417.7,1415.0,1415.2,403.0
2026-06-19 09:50:00+05:30,1415.2,1418.2,1412.6,1417.6,736.0
2026-06-19 09:55:00+05:30,1418.9,1420.5,1417.4,1419.2,920.0
2026-06-19 10:00:00+05:30,1419.2,1419.2,1415.4,1415.4,263.0
2026-06-19 10:05:00+05:30,1417.0,1419.7,1414.0,1414.0,1317.0
2026-06-19 10:10:00+05:30,1415.7,1419.9,1415.0,1419.9,2271.0
2026-06-19 10:15:00+05:30,1420.2,1420.8,1417.4,1419.3,283.0
2026-06-19 10:20:00+05:30,1420.1,1420.1,1417.4,1418.7,275.0
2026-06-19 10:25:00+05:30,1418.1,1419.9,1417.8,1418.3,476.0
2026-06-19 10:30:00+05:30,1418.2,1418.6,1417.4,1418.0,79.0
2026-06-19 10:35:00+05:30,1416.5,1418.4,1412.8,1412.8,473.0
2026-06-19 10:40:00+05:30,1411.3,1414.5,1411.3,1414.5,281.0
2026-06-19 10:45:00+05:30,1415.3,1416.1,1413.6,1413.9,232.0
2026-06-19 10:50:00+05:30,1413.9,1414.3,1411.6,1411.6,717.0
2026-06-19 10:55:00+05:30,1412.9,1413.5,1412.1,1413.3,82.0
2026-06-19 11:00:00+05:30,1412.0,1413.0,1410.1,1411.4,417.0
2026-06-19 11:05:00+05:30,1411.4,1411.9,1410.4,1411.7,75.0
2026-06-19 11:10:00+05:30,1411.6,1412.5,1411.1,1412.5,57.0
2026-06-19 11:15:00+05:30,1412.5,1413.1,1411.4,1411.4,281.0
2026-06-19 11:20:00+05:30,1411.0,1411.9,1410.3,1411.4,396.0
2026-06-19 11:25:00+05:30,1411.0,1412.5,1409.5,1412.5,948.0
2026-06-19 11:30:00+05:30,1412.8,1412.8,1411.4,1412.6,159.0
2026-06-19 11:35:00+05:30,1412.8,1415.0,1410.5,1410.7,410.0
2026-06-19 11:40:00+05:30,1410.0,1410.0,1407.3,1407.5,582.0
2026-06-19 11:45:00+05:30,1407.5,1408.7,1405.4,1405.4,370.0
2026-06-19 11:50:00+05:30,1405.1,1406.6,1405.1,1406.0,174.0
2026-06-19 11:55:00+05:30,1406.7,1409.0,1406.1,1407.0,2251.0
2026-06-19 12:00:00+05:30,1409.0,1409.0,1409.0,1409.0,97.0
2026-06-19 12:05:00+05:30,1408.6,1409.0,1406.9,1409.0,373.0
2026-06-19 12:10:00+05:30,1408.1,1408.9,1408.1,1408.9,53.0
2026-06-19 12:15:00+05:30,1408.9,1409.0,1408.5,1409.0,166.0
2026-06-19 12:20:00+05:30,1409.0,1409.0,1408.0,1408.6,147.0
2026-06-19 12:25:00+05:30,1408.6,1408.6,1408.6,1408.6,20.0
2026-06-19 12:30:00+05:30,1408.6,1408.6,1407.7,1407.9,526.0
2026-06-19 12:35:00+05:30,1407.8,1407.8,1407.7,1407.7,54.0
2026-06-19 12:40:00+05:30,1409.6,1409.6,1405.1,1406.3,541.0
2026-06-19 12:45:00+05:30,1406.6,1408.0,1404.0,1408.0,720.0
2026-06-19 12:50:00+05:30,1409.1,1409.6,1408.9,1408.9,738.0
2026-06-19 12:55:00+05:30,1408.9,1408.9,1407.5,1407.5,80.0
2026-06-19 13:00:00+05:30,1408.9,1408.9,1403.3,1403.3,804.0
2026-06-19 13:05:00+05:30,1403.3,1417.4,1403.3,1416.3,5979.0
2026-06-19 13:10:00+05:30,1416.3,1425.0,1413.4,1414.3,1347.0
2026-06-19 13:15:00+05:30,1414.7,1416.1,1413.3,1415.4,175.0
2026-06-19 13:20:00+05:30,1415.5,1417.7,1414.2,1414.3,301.0
2026-06-19 13:25:00+05:30,1416.1,1417.0,1414.1,1416.7,353.0
2026-06-19 13:30:00+05:30,1416.9,1418.0,1415.9,1416.0,648.0
2026-06-19 13:35:00+05:30,1416.0,1417.5,1414.6,1416.6,286.0
2026-06-19 13:40:00+05:30,1416.6,1417.4,1414.4,1417.0,752.0
2026-06-19 13:45:00+05:30,1417.4,1419.3,1416.1,1417.0,297.0
2026-06-19 13:50:00+05:30,1415.8,1417.0,1415.8,1417.0,81.0
2026-06-19 13:55:00+05:30,1417.0,1417.0,1415.1,1415.8,201.0
2026-06-19 14:00:00+05:30,1415.9,1416.9,1412.9,1415.9,1912.0
2026-06-19 14:05:00+05:30,1417.6,1419.0,1416.1,1418.1,665.0
2026-06-19 14:10:00+05:30,1418.3,1420.3,1417.3,1420.1,630.0
2026-06-19 14:15:00+05:30,1420.1,1421.9,1418.5,1421.0,593.0
2026-06-19 14:20:00+05:30,1419.1,1420.8,1418.2,1418.9,271.0
2026-06-19 14:25:00+05:30,1418.9,1420.0,1417.2,1417.8,157.0
2026-06-19 14:30:00+05:30,1418.9,1418.9,1417.1,1417.1,372.0
2026-06-19 14:35:00+05:30,1417.1,1418.7,1417.1,1418.7,204.0
2026-06-19 14:40:00+05:30,1418.6,1418.8,1415.6,1417.6,671.0
2026-06-19 14:45:00+05:30,1417.6,1418.8,1415.1,1418.8,619.0
2026-06-19 14:50:00+05:30,1417.5,1418.8,1413.0,1414.7,1365.0
2026-06-19 14:55:00+05:30,1413.1,1414.9,1412.9,1414.9,1727.0
2026-06-19 15:00:00+05:30,1414.7,1419.3,1413.5,1416.8,1688.0
2026-06-19 15:05:00+05:30,1418.3,1420.3,1416.0,1420.3,1327.0
2026-06-19 15:10:00+05:30,1417.7,1420.9,1417.1,1419.9,833.0
2026-06-19 15:15:00+05:30,1418.7,1420.0,1417.7,1419.4,910.0
2026-06-19 15:20:00+05:30,1420.0,1420.0,1417.1,1419.7,1025.0
2026-06-19 15:25:00+05:30,1419.7,1425.0,1418.7,1424.0,1796.0
2026-06-22 09:15:00+05:30,1459.0,1462.5,1430.2,1442.4,9721.0
2026-06-22 09:20:00+05:30,1442.7,1445.8,1440.0,1442.4,3079.0
2026-06-22 09:25:00+05:30,1442.4,1445.0,1440.0,1441.6,1396.0
2026-06-22 09:30:00+05:30,1442.5,1443.1,1433.1,1433.3,2489.0
2026-06-22 09:35:00+05:30,1433.3,1438.9,1433.3,1435.8,5873.0
2026-06-22 09:40:00+05:30,1436.1,1439.7,1436.1,1438.0,777.0
2026-06-22 09:45:00+05:30,1436.3,1437.0,1435.0,1435.7,348.0
2026-06-22 09:50:00+05:30,1435.7,1437.5,1435.7,1436.0,295.0
2026-06-22 09:55:00+05:30,1436.0,1437.1,1436.0,1436.0,319.0
2026-06-22 10:00:00+05:30,1435.7,1437.9,1435.3,1435.6,901.0
2026-06-22 10:05:00+05:30,1436.0,1438.9,1435.8,1438.2,978.0
2026-06-22 10:10:00+05:30,1437.1,1440.2,1430.6,1430.9,3444.0
2026-06-22 10:15:00+05:30,1430.9,1433.9,1430.9,1432.2,324.0
2026-06-22 10:20:00+05:30,1432.2,1433.4,1432.1,1432.4,276.0
2026-06-22 10:25:00+05:30,1432.5,1437.0,1432.5,1434.0,2480.0
2026-06-22 10:30:00+05:30,1434.1,1435.5,1434.1,1434.2,218.0
2026-06-22 10:35:00+05:30,1434.2,1435.0,1426.3,1429.5,2980.0
2026-06-22 10:40:00+05:30,1428.6,1431.5,1426.9,1428.0,1026.0
2026-06-22 10:45:00+05:30,1426.9,1428.6,1426.9,1427.4,220.0
2026-06-22 10:50:00+05:30,1427.5,1428.9,1427.4,1427.8,177.0
2026-06-22 10:55:00+05:30,1427.8,1429.0,1427.8,1428.0,99.0
2026-06-22 11:00:00+05:30,1428.8,1434.3,1428.8,1432.2,700.0
2026-06-22 11:05:00+05:30,1432.2,1434.8,1430.5,1430.7,4353.0
2026-06-22 11:10:00+05:30,1430.7,1432.4,1428.4,1428.4,734.0
2026-06-22 11:15:00+05:30,1430.4,1431.3,1430.4,1431.3,118.0
2026-06-22 11:20:00+05:30,1431.3,1433.0,1431.1,1432.7,211.0
2026-06-22 11:25:00+05:30,1431.3,1433.7,1431.3,1431.4,275.0
2026-06-22 11:30:00+05:30,1431.4,1433.1,1431.2,1431.5,185.0
2026-06-22 11:35:00+05:30,1432.9,1432.9,1431.5,1432.3,150.0
2026-06-22 11:40:00+05:30,1431.7,1433.0,1431.7,1432.3,89.0
2026-06-22 11:45:00+05:30,1432.3,1432.6,1431.7,1431.7,255.0
2026-06-22 11:50:00+05:30,1432.0,1432.0,1431.7,1431.8,108.0
2026-06-22 11:55:00+05:30,1432.7,1432.7,1430.5,1431.3,343.0
2026-06-22 12:00:00+05:30,1431.3,1432.9,1430.6,1431.4,246.0
2026-06-22 12:05:00+05:30,1431.5,1433.3,1431.3,1431.7,319.0
2026-06-22 12:10:00+05:30,1431.6,1433.7,1431.6,1432.1,319.0
2026-06-22 12:15:00+05:30,1432.2,1432.2,1429.7,1430.7,972.0
2026-06-22 12:20:00+05:30,1430.7,1431.6,1429.5,1429.5,204.0
2026-06-22 12:25:00+05:30,1429.5,1430.3,1428.1,1428.3,330.0
2026-06-22 12:30:00+05:30,1428.4,1429.6,1428.1,1428.1,308.0
2026-06-22 12:35:00+05:30,1428.1,1429.0,1428.1,1428.2,227.0
2026-06-22 12:40:00+05:30,1428.2,1428.2,1422.4,1422.4,1280.0
2026-06-22 12:45:00+05:30,1422.4,1424.0,1422.4,1423.0,218.0
2026-06-22 12:50:00+05:30,1423.0,1424.8,1423.0,1423.8,382.0
2026-06-22 12:55:00+05:30,1423.8,1423.8,1423.1,1423.1,1106.0
2026-06-22 13:00:00+05:30,1423.1,1424.8,1423.0,1424.1,673.0
2026-06-22 13:05:00+05:30,1423.0,1423.7,1422.0,1422.1,165.0
2026-06-22 13:10:00+05:30,1422.1,1424.9,1422.1,1423.0,313.0
2026-06-22 13:15:00+05:30,1423.0,1424.9,1422.1,1423.4,223.0
2026-06-22 13:20:00+05:30,1423.4,1424.8,1423.2,1423.2,162.0
2026-06-22 13:25:00+05:30,1423.2,1424.4,1423.2,1423.6,119.0
2026-06-22 13:30:00+05:30,1423.6,1424.8,1420.0,1420.9,1867.0
2026-06-22 13:35:00+05:30,1420.9,1422.5,1420.9,1421.2,156.0
2026-06-22 13:40:00+05:30,1421.2,1424.3,1421.2,1424.1,472.0
2026-06-22 13:45:00+05:30,1422.8,1423.3,1422.8,1423.3,77.0
2026-06-22 13:50:00+05:30,1423.3,1425.3,1423.1,1423.5,227.0
2026-06-22 13:55:00+05:30,1423.5,1423.5,1420.8,1421.0,285.0
2026-06-22 14:00:00+05:30,1421.0,1422.6,1420.9,1421.3,159.0
2026-06-22 14:05:00+05:30,1421.3,1423.3,1421.3,1422.0,628.0
2026-06-22 14:10:00+05:30,1422.0,1424.2,1422.0,1422.1,332.0
2026-06-22 14:15:00+05:30,1422.1,1423.5,1422.0,1422.0,97.0
2026-06-22 14:20:00+05:30,1422.0,1423.4,1422.0,1422.2,47.0
2026-06-22 14:25:00+05:30,1422.2,1422.2,1418.9,1418.9,1734.0
2026-06-22 14:30:00+05:30,1418.1,1418.3,1410.3,1416.4,4517.0
2026-06-22 14:35:00+05:30,1416.5,1418.7,1416.4,1418.2,632.0
2026-06-22 14:40:00+05:30,1417.0,1418.9,1417.0,1418.8,180.0
2026-06-22 14:45:00+05:30,1418.8,1424.3,1418.5,1424.3,1478.0
2026-06-22 14:50:00+05:30,1424.5,1427.1,1419.3,1424.6,1825.0
2026-06-22 14:55:00+05:30,1424.6,1425.0,1422.7,1423.5,358.0
2026-06-22 15:00:00+05:30,1423.5,1425.6,1423.2,1425.0,647.0
2026-06-22 15:05:00+05:30,1425.0,1425.5,1422.2,1424.7,1195.0
2026-06-22 15:10:00+05:30,1424.8,1424.8,1420.0,1420.5,590.0
2026-06-22 15:15:00+05:30,1421.8,1422.0,1420.0,1420.0,2791.0
2026-06-22 15:20:00+05:30,1420.7,1420.7,1412.5,1418.8,5018.0
2026-06-22 15:25:00+05:30,1418.8,1419.3,1412.0,1417.0,5601.0
2026-06-23 09:15:00+05:30,1422.5,1425.3,1414.3,1421.3,185.0
2026-06-23 09:20:00+05:30,1420.6,1429.8,1420.6,1427.9,859.0
2026-06-23 09:25:00+05:30,1428.0,1433.9,1428.0,1429.2,2922.0
2026-06-23 09:30:00+05:30,1430.7,1433.6,1427.9,1429.5,1394.0
2026-06-23 09:35:00+05:30,1427.9,1430.0,1427.8,1428.9,261.0
2026-06-23 09:40:00+05:30,1429.4,1429.4,1426.0,1426.0,962.0
2026-06-23 09:45:00+05:30,1428.4,1429.0,1425.0,1426.8,1814.0
2026-06-23 09:50:00+05:30,1426.8,1436.1,1426.8,1433.9,4841.0
2026-06-23 09:55:00+05:30,1434.7,1438.0,1432.1,1434.8,5347.0
2026-06-23 10:00:00+05:30,1435.0,1435.0,1431.5,1432.8,1832.0
2026-06-23 10:05:00+05:30,1433.4,1433.4,1428.2,1428.3,1098.0
2026-06-23 10:10:00+05:30,1429.6,1429.6,1426.5,1426.5,806.0
2026-06-23 10:15:00+05:30,1427.6,1430.9,1427.6,1429.5,879.0
2026-06-23 10:20:00+05:30,1429.8,1433.9,1429.8,1431.8,3769.0
2026-06-23 10:25:00+05:30,1432.4,1435.0,1430.5,1434.5,3403.0
2026-06-23 10:30:00+05:30,1435.0,1435.0,1432.8,1434.9,4490.0
2026-06-23 10:35:00+05:30,1433.7,1433.7,1431.6,1432.5,539.0
2026-06-23 10:40:00+05:30,1434.2,1435.9,1433.4,1434.8,3473.0
2026-06-23 10:45:00+05:30,1432.9,1435.0,1432.7,1433.4,7310.0
2026-06-23 10:50:00+05:30,1434.8,1435.7,1426.2,1430.7,4303.0
2026-06-23 10:55:00+05:30,1432.2,1432.8,1428.0,1428.1,962.0
2026-06-23 11:00:00+05:30,1427.4,1430.7,1426.1,1430.7,817.0
2026-06-23 11:05:00+05:30,1427.5,1431.1,1427.5,1430.6,1461.0
2026-06-23 11:10:00+05:30,1430.7,1431.0,1430.6,1431.0,135.0
2026-06-23 11:15:00+05:30,1431.0,1434.3,1431.0,1433.9,1004.0
2026-06-23 11:20:00+05:30,1434.0,1434.0,1431.0,1432.8,384.0
2026-06-23 11:25:00+05:30,1432.8,1433.9,1430.8,1433.3,2616.0
2026-06-23 11:30:00+05:30,1433.3,1433.4,1431.5,1432.9,145.0
2026-06-23 11:35:00+05:30,1432.9,1432.9,1428.0,1429.3,2502.0
2026-06-23 11:40:00+05:30,1429.3,1429.3,1426.5,1426.5,774.0
2026-06-23 11:45:00+05:30,1426.0,1426.0,1422.0,1422.8,2483.0
2026-06-23 11:50:00+05:30,1421.5,1421.9,1418.5,1418.5,933.0
2026-06-23 11:55:00+05:30,1418.6,1419.2,1413.1,1414.2,1130.0
2026-06-23 12:00:00+05:30,1414.3,1416.7,1412.1,1415.5,604.0
2026-06-23 12:05:00+05:30,1416.3,1417.7,1413.9,1415.2,247.0
2026-06-23 12:10:00+05:30,1414.2,1415.1,1406.3,1411.4,4287.0
2026-06-23 12:15:00+05:30,1411.6,1412.4,1408.7,1412.4,407.0
2026-06-23 12:20:00+05:30,1413.6,1413.6,1409.0,1409.6,1669.0
2026-06-23 12:25:00+05:30,1409.5,1413.9,1409.0,1413.3,685.0
2026-06-23 12:30:00+05:30,1413.6,1413.6,1411.2,1411.2,254.0
2026-06-23 12:35:00+05:30,1412.0,1412.0,1409.8,1411.5,269.0
2026-06-23 12:40:00+05:30,1411.5,1411.5,1409.1,1411.2,240.0
2026-06-23 12:45:00+05:30,1410.9,1410.9,1409.0,1409.4,221.0
2026-06-23 12:50:00+05:30,1409.2,1409.2,1406.3,1406.3,603.0
2026-06-23 12:55:00+05:30,1407.6,1407.8,1406.0,1407.8,631.0
2026-06-23 13:00:00+05:30,1407.0,1407.8,1400.3,1403.8,3428.0
2026-06-23 13:05:00+05:30,1403.8,1406.4,1403.8,1406.4,319.0
2026-06-23 13:10:00+05:30,1406.0,1406.9,1403.9,1403.9,1608.0
2026-06-23 13:15:00+05:30,1405.3,1405.3,1404.2,1405.2,98.0
2026-06-23 13:20:00+05:30,1405.6,1406.8,1405.6,1405.6,104.0
2026-06-23 13:25:00+05:30,1406.0,1406.8,1404.0,1405.6,174.0
2026-06-23 13:30:00+05:30,1405.9,1408.6,1402.5,1407.5,2387.0
2026-06-23 13:35:00+05:30,1406.9,1406.9,1400.3,1400.8,2602.0
2026-06-23 13:40:00+05:30,1402.3,1402.3,1400.3,1401.9,652.0
2026-06-23 13:45:00+05:30,1403.3,1405.5,1401.9,1403.0,395.0
2026-06-23 13:50:00+05:30,1404.0,1404.3,1400.5,1400.5,587.0
2026-06-23 13:55:00+05:30,1401.5,1402.9,1400.3,1401.9,798.0
2026-06-23 14:00:00+05:30,1401.4,1403.6,1400.3,1403.6,96.0
2026-06-23 14:05:00+05:30,1403.6,1403.6,1396.2,1399.9,2365.0
2026-06-23 14:10:00+05:30,1400.1,1405.7,1399.9,1405.0,898.0
2026-06-23 14:15:00+05:30,1405.7,1409.0,1405.7,1407.7,921.0
2026-06-23 14:20:00+05:30,1407.7,1408.4,1406.7,1407.8,356.0
2026-06-23 14:25:00+05:30,1408.1,1408.2,1405.2,1407.0,130.0
2026-06-23 14:30:00+05:30,1407.6,1408.1,1401.6,1401.9,452.0
2026-06-23 14:35:00+05:30,1403.5,1403.5,1400.4,1400.8,505.0
2026-06-23 14:40:00+05:30,1402.4,1403.9,1401.0,1402.7,633.0
2026-06-23 14:45:00+05:30,1403.8,1404.1,1401.3,1403.3,326.0
2026-06-23 14:50:00+05:30,1403.9,1413.0,1402.3,1409.9,2721.0
2026-06-23 14:55:00+05:30,1411.1,1411.1,1407.8,1407.8,851.0
2026-06-23 15:00:00+05:30,1408.2,1408.2,1401.1,1402.6,1007.0
2026-06-23 15:05:00+05:30,1402.6,1406.6,1402.6,1405.1,2149.0
2026-06-23 15:10:00+05:30,1405.1,1405.7,1401.2,1401.2,2165.0
2026-06-23 15:15:00+05:30,1400.0,1404.7,1400.0,1403.5,2086.0
2026-06-23 15:20:00+05:30,1403.6,1404.3,1400.7,1403.8,1705.0
2026-06-23 15:25:00+05:30,1406.0,1406.0,1385.9,1396.4,6681.0
2026-06-24 09:15:00+05:30,1394.6,1409.4,1387.6,1408.5,1085.0
2026-06-24 09:20:00+05:30,1410.0,1414.0,1404.6,1411.3,2597.0
2026-06-24 09:25:00+05:30,1411.9,1412.0,1406.5,1406.7,240.0
2026-06-24 09:30:00+05:30,1406.7,1407.8,1406.2,1406.6,78.0
2026-06-24 09:35:00+05:30,1405.0,1406.5,1404.6,1406.0,420.0
2026-06-24 09:40:00+05:30,1404.6,1405.0,1400.0,1401.0,1598.0
2026-06-24 09:45:00+05:30,1400.9,1400.9,1395.0,1395.0,953.0
2026-06-24 09:50:00+05:30,1394.6,1396.2,1393.1,1394.0,321.0
2026-06-24 09:55:00+05:30,1393.1,1395.9,1392.6,1393.7,640.0
2026-06-24 10:00:00+05:30,1392.0,1399.9,1392.0,1398.3,380.0
2026-06-24 10:05:00+05:30,1398.7,1399.7,1397.2,1398.1,263.0
2026-06-24 10:10:00+05:30,1400.1,1403.5,1400.1,1403.5,283.0
2026-06-24 10:15:00+05:30,1402.3,1403.0,1401.0,1401.2,345.0
2026-06-24 10:20:00+05:30,1402.3,1402.3,1401.0,1401.0,16.0
2026-06-24 10:25:00+05:30,1402.4,1405.0,1402.4,1404.9,680.0
2026-06-24 10:30:00+05:30,1404.1,1405.5,1401.5,1405.5,536.0
2026-06-24 10:35:00+05:30,1405.5,1405.5,1403.5,1403.5,21.0
2026-06-24 10:40:00+05:30,1401.7,1403.1,1401.7,1402.2,65.0
2026-06-24 10:45:00+05:30,1402.5,1404.4,1402.5,1404.4,81.0
2026-06-24 10:50:00+05:30,1402.9,1405.1,1402.8,1402.8,48.0
2026-06-24 10:55:00+05:30,1402.8,1403.8,1402.7,1403.7,126.0
2026-06-24 11:00:00+05:30,1403.7,1403.7,1402.2,1402.2,21.0
2026-06-24 11:05:00+05:30,1403.5,1405.5,1401.6,1404.2,285.0
2026-06-24 11:10:00+05:30,1405.5,1405.5,1405.5,1405.5,6.0
2026-06-24 11:15:00+05:30,1405.5,1408.1,1405.5,1407.3,508.0
2026-06-24 11:20:00+05:30,1405.8,1406.1,1405.4,1406.1,45.0
2026-06-24 11:25:00+05:30,1407.5,1407.5,1404.9,1405.3,1195.0
2026-06-24 11:30:00+05:30,1403.5,1408.7,1403.5,1408.7,267.0
2026-06-24 11:35:00+05:30,1406.5,1409.0,1406.5,1409.0,26.0
2026-06-24 11:40:00+05:30,1406.8,1409.4,1406.2,1406.2,65.0
2026-06-24 11:45:00+05:30,1407.5,1409.3,1406.2,1407.1,405.0
2026-06-24 11:50:00+05:30,1407.1,1409.1,1407.1,1408.9,61.0
2026-06-24 11:55:00+05:30,1407.2,1411.9,1407.0,1411.9,1406.0
2026-06-24 12:00:00+05:30,1410.5,1411.0,1409.7,1411.0,94.0
2026-06-24 12:05:00+05:30,1411.0,1413.6,1409.7,1411.1,1531.0
2026-06-24 12:10:00+05:30,1411.2,1411.2,1407.0,1407.0,43.0
2026-06-24 12:15:00+05:30,1407.0,1408.5,1407.0,1407.0,25.0
2026-06-24 12:20:00+05:30,1406.4,1407.9,1405.4,1407.9,151.0
2026-06-24 12:25:00+05:30,1407.5,1410.5,1407.5,1409.2,287.0
2026-06-24 12:30:00+05:30,1408.5,1408.5,1404.1,1406.1,175.0
2026-06-24 12:35:00+05:30,1404.2,1405.7,1404.2,1404.2,30.0
2026-06-24 12:40:00+05:30,1405.3,1407.0,1405.2,1406.3,256.0
2026-06-24 12:45:00+05:30,1406.0,1407.0,1406.0,1407.0,35.0
2026-06-24 12:50:00+05:30,1407.0,1407.6,1405.9,1407.5,56.0
2026-06-24 12:55:00+05:30,1407.6,1407.6,1405.7,1407.4,183.0
2026-06-24 13:00:00+05:30,1406.3,1407.9,1405.1,1405.8,201.0
2026-06-24 13:05:00+05:30,1407.6,1411.7,1406.7,1410.0,324.0
2026-06-24 13:10:00+05:30,1410.0,1411.0,1408.8,1410.7,88.0
2026-06-24 13:15:00+05:30,1410.7,1410.7,1409.0,1410.1,123.0
2026-06-24 13:20:00+05:30,1410.2,1411.0,1409.0,1410.5,158.0
2026-06-24 13:25:00+05:30,1409.2,1416.0,1409.2,1416.0,1800.0
2026-06-24 13:30:00+05:30,1415.9,1418.0,1413.7,1414.6,404.0
2026-06-24 13:35:00+05:30,1415.4,1418.2,1414.7,1418.2,828.0
2026-06-24 13:40:00+05:30,1418.2,1424.7,1417.1,1422.0,2548.0
2026-06-24 13:45:00+05:30,1422.0,1424.9,1421.9,1424.6,2996.0
2026-06-24 13:50:00+05:30,1424.6,1433.0,1424.2,1433.0,3827.0
2026-06-24 13:55:00+05:30,1434.0,1434.9,1427.0,1429.4,3773.0
2026-06-24 14:00:00+05:30,1429.4,1429.9,1426.7,1428.0,763.0
2026-06-24 14:05:00+05:30,1428.0,1431.1,1427.6,1429.8,1490.0
2026-06-24 14:10:00+05:30,1429.8,1430.0,1428.5,1429.5,1578.0
2026-06-24 14:15:00+05:30,1429.5,1430.0,1417.0,1418.8,5109.0
2026-06-24 14:20:00+05:30,1418.8,1425.9,1417.5,1424.0,542.0
2026-06-24 14:25:00+05:30,1424.0,1426.0,1423.2,1424.5,380.0
2026-06-24 14:30:00+05:30,1426.0,1427.4,1424.7,1426.7,389.0
2026-06-24 14:35:00+05:30,1424.9,1425.9,1422.4,1423.8,251.0
2026-06-24 14:40:00+05:30,1423.8,1426.6,1423.1,1426.6,185.0
2026-06-24 14:45:00+05:30,1426.6,1426.8,1425.0,1425.5,416.0
2026-06-24 14:50:00+05:30,1425.5,1426.0,1422.9,1424.5,912.0
2026-06-24 14:55:00+05:30,1424.5,1426.0,1420.3,1422.0,1131.0
2026-06-24 15:00:00+05:30,1422.0,1424.9,1421.5,1424.6,544.0
2026-06-24 15:05:00+05:30,1424.6,1429.4,1424.6,1427.2,1700.0
2026-06-24 15:10:00+05:30,1427.8,1429.0,1426.4,1427.8,980.0
2026-06-24 15:15:00+05:30,1428.3,1435.0,1425.7,1429.3,4067.0
2026-06-24 15:20:00+05:30,1430.0,1430.0,1427.7,1428.0,1377.0
2026-06-24 15:25:00+05:30,1428.3,1430.0,1416.0,1416.0,3504.0
2026-06-25 09:15:00+05:30,1428.0,1437.0,1428.0,1436.6,2368.0
2026-06-25 09:20:00+05:30,1436.6,1444.8,1436.6,1439.9,2984.0
2026-06-25 09:25:00+05:30,1438.9,1440.0,1435.0,1436.0,654.0
2026-06-25 09:30:00+05:30,1436.8,1437.3,1434.2,1435.3,866.0
2026-06-25 09:35:00+05:30,1436.0,1436.8,1435.0,1435.5,421.0
2026-06-25 09:40:00+05:30,1435.2,1437.3,1434.1,1436.4,1204.0
2026-06-25 09:45:00+05:30,1436.4,1437.9,1433.1,1435.7,473.0
2026-06-25 09:50:00+05:30,1435.8,1436.7,1433.9,1434.1,357.0
2026-06-25 09:55:00+05:30,1432.7,1436.0,1432.7,1435.4,348.0
2026-06-25 10:00:00+05:30,1435.4,1435.6,1430.0,1430.0,3134.0
2026-06-25 10:05:00+05:30,1428.5,1430.7,1425.0,1430.7,817.0
2026-06-25 10:10:00+05:30,1430.7,1431.0,1429.6,1429.6,466.0
2026-06-25 10:15:00+05:30,1429.6,1429.6,1427.5,1428.8,462.0
2026-06-25 10:20:00+05:30,1428.0,1430.7,1428.0,1430.7,493.0
2026-06-25 10:25:00+05:30,1430.4,1430.4,1428.7,1428.8,107.0
2026-06-25 10:30:00+05:30,1428.8,1431.0,1428.0,1429.9,1047.0
2026-06-25 10:35:00+05:30,1429.9,1429.9,1427.1,1427.1,514.0
2026-06-25 10:40:00+05:30,1427.1,1429.9,1427.1,1429.9,89.0
2026-06-25 10:45:00+05:30,1429.9,1430.0,1429.9,1430.0,95.0
2026-06-25 10:50:00+05:30,1430.0,1430.0,1428.0,1429.0,455.0
2026-06-25 10:55:00+05:30,1429.0,1429.9,1427.0,1427.0,2222.0
2026-06-25 11:00:00+05:30,1427.8,1427.8,1426.0,1427.4,290.0
2026-06-25 11:05:00+05:30,1428.0,1429.0,1426.6,1429.0,310.0
2026-06-25 11:10:00+05:30,1428.9,1428.9,1427.0,1427.0,135.0
2026-06-25 11:15:00+05:30,1427.2,1428.7,1427.2,1428.7,40.0
2026-06-25 11:20:00+05:30,1428.7,1428.7,1425.5,1425.6,563.0
2026-06-25 11:25:00+05:30,1426.3,1426.8,1425.5,1425.5,249.0
2026-06-25 11:30:00+05:30,1425.5,1428.9,1422.3,1428.9,2272.0
2026-06-25 11:35:00+05:30,1426.8,1428.8,1426.7,1428.8,86.0
2026-06-25 11:40:00+05:30,1428.3,1429.0,1428.3,1429.0,225.0
2026-06-25 11:45:00+05:30,1429.0,1429.2,1427.2,1427.2,1526.0
2026-06-25 11:50:00+05:30,1427.2,1427.2,1425.2,1425.2,250.0
2026-06-25 11:55:00+05:30,1425.5,1431.0,1425.5,1430.0,2242.0
2026-06-25 12:00:00+05:30,1430.8,1431.9,1425.9,1425.9,4429.0
2026-06-25 12:05:00+05:30,1425.9,1427.0,1425.6,1426.5,139.0
2026-06-25 12:10:00+05:30,1426.5,1426.5,1425.2,1426.2,195.0
2026-06-25 12:15:00+05:30,1426.2,1426.2,1424.0,1424.0,688.0
2026-06-25 12:20:00+05:30,1424.0,1424.0,1422.1,1423.2,62.0
2026-06-25 12:25:00+05:30,1422.6,1423.4,1422.6,1423.4,218.0
2026-06-25 12:30:00+05:30,1422.6,1422.6,1417.0,1417.7,650.0
2026-06-25 12:35:00+05:30,1417.7,1420.1,1417.7,1420.1,25.0
2026-06-25 12:40:00+05:30,1420.5,1420.8,1419.5,1419.5,119.0
2026-06-25 12:45:00+05:30,1418.6,1419.1,1418.6,1419.1,12.0
2026-06-25 12:50:00+05:30,1419.8,1420.6,1419.2,1420.0,266.0
2026-06-25 12:55:00+05:30,1420.0,1421.0,1417.7,1418.3,459.0
2026-06-25 13:00:00+05:30,1418.3,1419.5,1417.4,1419.5,87.0
2026-06-25 13:05:00+05:30,1419.5,1420.0,1416.8,1416.8,304.0
2026-06-25 13:10:00+05:30,1414.3,1416.9,1414.3,1415.5,926.0
2026-06-25 13:15:00+05:30,1415.2,1416.4,1415.2,1415.3,326.0
2026-06-25 13:20:00+05:30,1414.9,1415.0,1414.9,1415.0,46.0
2026-06-25 13:25:00+05:30,1414.0,1416.1,1414.0,1416.1,513.0
2026-06-25 13:30:00+05:30,1416.1,1416.1,1415.7,1415.7,100.0
2026-06-25 13:35:00+05:30,1414.8,1417.5,1414.8,1417.2,142.0
2026-06-25 13:40:00+05:30,1417.2,1419.0,1417.1,1418.3,209.0
2026-06-25 13:45:00+05:30,1419.0,1420.2,1418.2,1418.2,334.0
2026-06-25 13:50:00+05:30,1418.2,1418.6,1418.0,1418.6,383.0
2026-06-25 13:55:00+05:30,1419.0,1419.7,1417.1,1417.1,258.0
2026-06-25 14:00:00+05:30,1417.3,1417.3,1411.1,1414.7,1934.0
2026-06-25 14:05:00+05:30,1414.7,1416.0,1414.0,1416.0,92.0
2026-06-25 14:10:00+05:30,1416.0,1416.0,1412.3,1412.3,404.0
2026-06-25 14:15:00+05:30,1411.2,1412.8,1410.4,1412.8,194.0
2026-06-25 14:20:00+05:30,1412.8,1413.0,1412.8,1412.8,12.0
2026-06-25 14:25:00+05:30,1412.8,1413.5,1412.0,1413.5,56.0
2026-06-25 14:30:00+05:30,1413.5,1413.5,1410.0,1410.0,235.0
2026-06-25 14:35:00+05:30,1409.5,1409.8,1406.2,1407.9,1115.0
2026-06-25 14:40:00+05:30,1406.5,1407.9,1405.0,1406.9,1641.0
2026-06-25 14:45:00+05:30,1406.9,1409.7,1406.9,1408.5,141.0
2026-06-25 14:50:00+05:30,1407.4,1410.1,1405.4,1408.0,483.0
2026-06-25 14:55:00+05:30,1408.0,1408.0,1405.2,1405.3,277.0
2026-06-25 15:00:00+05:30,1406.4,1417.0,1401.0,1417.0,3157.0
2026-06-25 15:05:00+05:30,1417.0,1417.0,1414.7,1414.7,665.0
2026-06-25 15:10:00+05:30,1414.4,1414.4,1409.7,1409.9,498.0
2026-06-25 15:15:00+05:30,1409.5,1411.4,1403.9,1406.4,2713.0
2026-06-25 15:20:00+05:30,1407.1,1415.0,1399.6,1405.5,4483.0
2026-06-25 15:25:00+05:30,1406.8,1408.9,1401.6,1403.0,1710.0
2026-06-29 09:15:00+05:30,1408.0,1421.9,1390.0,1417.7,990.0
2026-06-29 09:20:00+05:30,1416.7,1418.2,1411.9,1416.7,730.0
2026-06-29 09:25:00+05:30,1416.1,1416.1,1413.1,1413.5,585.0
2026-06-29 09:30:00+05:30,1414.2,1416.0,1409.6,1409.6,465.0
2026-06-29 09:35:00+05:30,1408.4,1415.2,1408.0,1415.2,1349.0
2026-06-29 09:40:00+05:30,1415.9,1416.5,1410.9,1411.7,3369.0
2026-06-29 09:45:00+05:30,1411.7,1413.9,1409.7,1409.7,355.0
2026-06-29 09:50:00+05:30,1409.7,1412.4,1409.0,1412.4,962.0
2026-06-29 09:55:00+05:30,1411.5,1411.8,1409.6,1410.5,227.0
2026-06-29 10:00:00+05:30,1410.5,1411.7,1410.5,1411.7,163.0
2026-06-29 10:05:00+05:30,1410.8,1414.0,1410.7,1412.3,174.0
2026-06-29 10:10:00+05:30,1412.3,1413.5,1410.9,1411.0,314.0
2026-06-29 10:15:00+05:30,1411.5,1412.9,1405.6,1407.1,1340.0
2026-06-29 10:20:00+05:30,1405.1,1407.3,1403.1,1404.3,506.0
2026-06-29 10:25:00+05:30,1404.3,1408.4,1399.0,1399.0,2333.0
2026-06-29 10:30:00+05:30,1399.0,1400.7,1398.1,1399.4,290.0
2026-06-29 10:35:00+05:30,1399.0,1401.2,1399.0,1400.7,216.0
2026-06-29 10:40:00+05:30,1400.7,1401.0,1396.5,1396.5,499.0
2026-06-29 10:45:00+05:30,1396.1,1397.0,1395.0,1396.7,309.0
2026-06-29 10:50:00+05:30,1397.3,1397.9,1394.7,1394.7,266.0
2026-06-29 10:55:00+05:30,1394.7,1398.3,1394.6,1396.4,350.0
2026-06-29 11:00:00+05:30,1397.2,1398.4,1397.2,1398.4,22.0
2026-06-29 11:05:00+05:30,1396.3,1398.0,1393.0,1394.5,314.0
2026-06-29 11:10:00+05:30,1395.6,1395.6,1392.6,1394.2,126.0
2026-06-29 11:15:00+05:30,1394.9,1396.4,1394.0,1395.5,211.0
2026-06-29 11:20:00+05:30,1395.1,1395.1,1392.6,1392.6,493.0
2026-06-29 11:25:00+05:30,1392.6,1395.4,1392.6,1394.0,114.0
2026-06-29 11:30:00+05:30,1394.8,1394.8,1392.4,1392.4,947.0
2026-06-29 11:35:00+05:30,1393.1,1395.9,1393.1,1394.4,185.0
2026-06-29 11:40:00+05:30,1394.4,1394.4,1392.0,1393.3,568.0
2026-06-29 11:45:00+05:30,1394.7,1394.7,1393.3,1394.0,180.0
2026-06-29 11:50:00+05:30,1392.8,1394.8,1392.8,1393.7,211.0
2026-06-29 11:55:00+05:30,1393.7,1394.0,1392.0,1394.0,138.0
2026-06-29 12:00:00+05:30,1393.4,1394.6,1392.0,1393.8,383.0
2026-06-29 12:05:00+05:30,1394.0,1395.6,1393.2,1395.6,172.0
2026-06-29 12:10:00+05:30,1394.4,1396.2,1394.4,1394.9,272.0
2026-06-29 12:15:00+05:30,1394.9,1395.6,1394.2,1394.2,167.0
2026-06-29 12:20:00+05:30,1394.1,1394.1,1393.0,1393.5,132.0
2026-06-29 12:25:00+05:30,1393.6,1395.0,1393.6,1393.8,81.0
2026-06-29 12:30:00+05:30,1393.8,1395.9,1388.6,1389.1,2813.0
2026-06-29 12:35:00+05:30,1389.4,1391.0,1388.1,1390.6,981.0
2026-06-29 12:40:00+05:30,1388.3,1391.4,1388.3,1390.9,590.0
2026-06-29 12:45:00+05:30,1390.9,1390.9,1389.8,1389.8,197.0
2026-06-29 12:50:00+05:30,1390.8,1391.1,1389.8,1391.1,44.0
2026-06-29 12:55:00+05:30,1392.2,1394.7,1391.8,1393.6,394.0
2026-06-29 13:00:00+05:30,1391.8,1393.4,1391.8,1392.0,82.0
2026-06-29 13:05:00+05:30,1392.0,1394.8,1392.0,1394.7,190.0
2026-06-29 13:10:00+05:30,1394.7,1398.0,1393.8,1393.8,1026.0
2026-06-29 13:15:00+05:30,1394.1,1394.1,1393.3,1393.3,129.0
2026-06-29 13:20:00+05:30,1393.7,1393.7,1393.0,1393.5,165.0
2026-06-29 13:25:00+05:30,1392.9,1393.3,1391.3,1392.1,24.0
2026-06-29 13:30:00+05:30,1392.9,1393.5,1392.9,1393.5,94.0
2026-06-29 13:35:00+05:30,1394.1,1394.9,1393.7,1394.9,205.0
2026-06-29 13:40:00+05:30,1395.8,1395.8,1392.5,1392.6,383.0
2026-06-29 13:45:00+05:30,1392.7,1394.2,1390.1,1393.3,441.0
2026-06-29 13:50:00+05:30,1393.5,1393.5,1391.1,1391.1,565.0
2026-06-29 13:55:00+05:30,1391.1,1392.8,1390.5,1390.5,128.0
2026-06-29 14:00:00+05:30,1390.5,1392.2,1390.5,1391.4,2.0
2026-06-29 14:05:00+05:30,1391.4,1391.5,1390.0,1390.1,569.0
2026-06-29 14:10:00+05:30,1391.0,1391.7,1389.9,1390.4,76.0
2026-06-29 14:15:00+05:30,1390.6,1393.7,1390.4,1390.4,475.0
2026-06-29 14:20:00+05:30,1390.4,1391.9,1390.0,1390.3,120.0
2026-06-29 14:25:00+05:30,1390.3,1390.3,1388.3,1388.3,959.0
2026-06-29 14:30:00+05:30,1388.3,1396.2,1382.2,1393.0,10865.0
2026-06-29 14:35:00+05:30,1390.9,1392.1,1388.9,1389.1,1603.0
2026-06-29 14:40:00+05:30,1389.1,1391.4,1389.1,1391.4,149.0
2026-06-29 14:45:00+05:30,1391.0,1391.6,1390.2,1391.4,287.0
2026-06-29 14:50:00+05:30,1390.6,1391.4,1390.0,1390.0,345.0
2026-06-29 14:55:00+05:30,1390.0,1391.6,1388.3,1388.3,276.0
2026-06-29 15:00:00+05:30,1388.2,1389.9,1384.0,1386.7,1769.0
2026-06-29 15:05:00+05:30,1386.4,1391.7,1386.2,1391.0,1505.0
2026-06-29 15:10:00+05:30,1390.0,1391.5,1387.5,1388.0,1210.0
2026-06-29 15:15:00+05:30,1389.1,1391.2,1386.1,1387.2,1700.0
2026-06-29 15:20:00+05:30,1386.4,1388.4,1385.0,1385.6,1655.0
2026-06-29 15:25:00+05:30,1385.1,1388.0,1382.0,1387.9,2790.0
2026-06-30 09:15:00+05:30,1390.0,1400.0,1387.3,1397.7,723.0
2026-06-30 09:20:00+05:30,1399.1,1399.1,1395.0,1395.0,910.0
2026-06-30 09:25:00+05:30,1394.1,1395.0,1392.8,1392.8,130.0
2026-06-30 09:30:00+05:30,1394.2,1395.0,1390.0,1392.0,484.0
2026-06-30 09:35:00+05:30,1392.0,1393.9,1391.6,1391.6,193.0
2026-06-30 09:40:00+05:30,1391.1,1392.4,1390.3,1391.9,680.0
2026-06-30 09:45:00+05:30,1391.7,1393.0,1391.0,1393.0,175.0
2026-06-30 09:50:00+05:30,1393.0,1396.0,1392.2,1395.7,176.0
2026-06-30 09:55:00+05:30,1396.1,1396.1,1393.6,1393.6,186.0
2026-06-30 10:00:00+05:30,1394.0,1395.3,1392.2,1393.1,132.0
2026-06-30 10:05:00+05:30,1394.8,1394.8,1393.0,1393.0,109.0
2026-06-30 10:10:00+05:30,1393.0,1393.1,1391.0,1393.1,63.0
2026-06-30 10:15:00+05:30,1393.1,1393.1,1390.0,1390.8,496.0
2026-06-30 10:20:00+05:30,1390.8,1391.0,1389.0,1389.4,98.0
2026-06-30 10:25:00+05:30,1389.4,1391.6,1389.3,1391.1,48.0
2026-06-30 10:30:00+05:30,1391.0,1391.8,1390.0,1391.8,44.0
2026-06-30 10:35:00+05:30,1391.8,1394.9,1389.0,1390.0,1507.0
2026-06-30 10:40:00+05:30,1389.9,1389.9,1389.8,1389.8,20.0
2026-06-30 10:45:00+05:30,1389.8,1393.6,1389.8,1393.6,1124.0
2026-06-30 10:50:00+05:30,1393.5,1396.8,1393.5,1395.7,57.0
2026-06-30 10:55:00+05:30,1396.9,1399.0,1395.7,1395.7,347.0
2026-06-30 11:00:00+05:30,1395.7,1396.9,1394.6,1396.9,41.0
2026-06-30 11:05:00+05:30,1395.1,1396.6,1390.4,1393.3,317.0
2026-06-30 11:10:00+05:30,1395.8,1395.8,1395.1,1395.1,11.0
2026-06-30 11:15:00+05:30,1395.1,1397.9,1392.1,1396.5,1206.0
2026-06-30 11:20:00+05:30,1393.8,1399.0,1393.8,1399.0,249.0
2026-06-30 11:25:00+05:30,1399.0,1399.9,1398.0,1398.0,190.0
2026-06-30 11:30:00+05:30,1398.2,1399.9,1397.7,1398.3,447.0
2026-06-30 11:35:00+05:30,1398.9,1402.6,1397.9,1401.2,854.0
2026-06-30 11:40:00+05:30,1401.3,1403.9,1401.3,1401.7,490.0
2026-06-30 11:45:00+05:30,1402.9,1403.0,1401.6,1403.0,210.0
2026-06-30 11:50:00+05:30,1403.0,1403.9,1402.0,1403.9,390.0
2026-06-30 11:55:00+05:30,1403.9,1404.0,1401.8,1402.2,284.0
2026-06-30 12:00:00+05:30,1402.2,1402.2,1399.2,1400.6,729.0
2026-06-30 12:05:00+05:30,1401.0,1402.9,1400.8,1402.0,511.0
2026-06-30 12:10:00+05:30,1402.0,1402.0,1399.5,1401.1,71.0
2026-06-30 12:15:00+05:30,1401.3,1401.3,1388.5,1389.0,10165.0
2026-06-30 12:20:00+05:30,1389.1,1391.9,1387.3,1391.2,1373.0
2026-06-30 12:25:00+05:30,1391.2,1392.2,1390.0,1390.0,254.0
2026-06-30 12:30:00+05:30,1391.5,1391.5,1390.0,1390.3,166.0
2026-06-30 12:35:00+05:30,1390.3,1391.5,1389.0,1391.5,790.0
2026-06-30 12:40:00+05:30,1391.5,1391.5,1388.7,1388.7,195.0
2026-06-30 12:45:00+05:30,1390.2,1391.5,1390.2,1391.5,149.0
2026-06-30 12:50:00+05:30,1391.5,1395.0,1390.0,1393.9,599.0
2026-06-30 12:55:00+05:30,1394.2,1395.2,1393.6,1394.4,103.0
2026-06-30 13:00:00+05:30,1394.5,1395.5,1389.3,1390.0,2975.0
2026-06-30 13:05:00+05:30,1391.8,1391.8,1388.6,1389.6,1268.0
2026-06-30 13:10:00+05:30,1389.8,1390.0,1389.7,1390.0,344.0
2026-06-30 13:15:00+05:30,1390.0,1390.0,1388.8,1389.5,169.0
2026-06-30 13:20:00+05:30,1389.5,1390.0,1385.0,1385.0,1759.0
2026-06-30 13:25:00+05:30,1384.1,1388.8,1384.1,1388.0,874.0
2026-06-30 13:30:00+05:30,1389.0,1391.0,1388.6,1390.0,626.0
2026-06-30 13:35:00+05:30,1390.0,1391.4,1386.0,1387.2,1911.0
2026-06-30 13:40:00+05:30,1387.9,1388.9,1385.5,1386.6,1163.0
2026-06-30 13:45:00+05:30,1386.5,1388.4,1385.5,1386.9,546.0
2026-06-30 13:50:00+05:30,1386.0,1389.0,1383.0,1387.0,1413.0
2026-06-30 13:55:00+05:30,1388.1,1388.7,1385.8,1387.3,89.0
2026-06-30 14:00:00+05:30,1387.7,1387.9,1385.2,1387.2,360.0
2026-06-30 14:05:00+05:30,1388.0,1389.7,1386.6,1389.5,1659.0
2026-06-30 14:10:00+05:30,1389.5,1400.0,1388.0,1395.3,11375.0
2026-06-30 14:15:00+05:30,1395.3,1398.0,1391.9,1395.7,11974.0
2026-06-30 14:20:00+05:30,1396.6,1398.0,1395.5,1396.9,198.0
2026-06-30 14:25:00+05:30,1398.0,1399.5,1390.9,1392.1,3727.0
2026-06-30 14:30:00+05:30,1392.4,1392.4,1385.3,1386.2,6522.0
2026-06-30 14:35:00+05:30,1386.2,1389.4,1385.7,1388.9,7764.0
2026-06-30 14:40:00+05:30,1388.9,1392.4,1386.6,1388.4,1611.0
2026-06-30 14:45:00+05:30,1389.3,1390.0,1386.4,1387.2,3137.0
2026-06-30 14:50:00+05:30,1386.8,1387.9,1385.0,1385.9,581.0
2026-06-30 14:55:00+05:30,1386.1,1387.0,1380.7,1383.0,2821.0
2026-06-30 15:00:00+05:30,1381.8,1381.9,1374.2,1374.9,4428.0
2026-06-30 15:05:00+05:30,1375.7,1383.6,1375.0,1381.9,2871.0
2026-06-30 15:10:00+05:30,1381.7,1386.1,1375.0,1375.0,3852.0
2026-06-30 15:15:00+05:30,1381.0,1382.7,1374.0,1376.8,4935.0
2026-06-30 15:20:00+05:30,1376.8,1380.8,1375.0,1377.7,2087.0
2026-06-30 15:25:00+05:30,1376.5,1379.8,1373.1,1373.1,3735.0
2026-07-01 09:15:00+05:30,1380.0,1413.9,1378.5,1385.7,12179.0
2026-07-01 09:20:00+05:30,1382.7,1398.7,1382.3,1398.7,3491.0
2026-07-01 09:25:00+05:30,1399.0,1408.0,1395.4,1406.9,4405.0
2026-07-01 09:30:00+05:30,1405.7,1406.9,1388.5,1392.7,7696.0
2026-07-01 09:35:00+05:30,1392.7,1398.6,1391.9,1398.6,954.0
2026-07-01 09:40:00+05:30,1398.8,1398.8,1394.3,1395.8,584.0
2026-07-01 09:45:00+05:30,1396.7,1402.2,1396.7,1400.5,1393.0
2026-07-01 09:50:00+05:30,1399.1,1402.1,1397.7,1401.7,590.0
2026-07-01 09:55:00+05:30,1401.1,1401.8,1394.7,1395.8,514.0
2026-07-01 10:00:00+05:30,1396.1,1418.7,1396.1,1406.7,10289.0
2026-07-01 10:05:00+05:30,1405.0,1406.8,1400.3,1405.4,2042.0
2026-07-01 10:10:00+05:30,1403.9,1406.1,1400.8,1403.2,2349.0
2026-07-01 10:15:00+05:30,1404.9,1408.3,1404.9,1408.2,354.0
2026-07-01 10:20:00+05:30,1407.4,1410.0,1405.2,1410.0,740.0
2026-07-01 10:25:00+05:30,1409.4,1415.0,1407.4,1409.9,1812.0
2026-07-01 10:30:00+05:30,1410.0,1412.5,1409.7,1411.0,2647.0
2026-07-01 10:35:00+05:30,1409.7,1411.9,1406.3,1408.5,1837.0
2026-07-01 10:40:00+05:30,1410.0,1410.2,1400.8,1404.0,6273.0
2026-07-01 10:45:00+05:30,1404.6,1406.8,1401.4,1403.9,602.0
2026-07-01 10:50:00+05:30,1404.4,1405.0,1402.1,1405.0,98.0
2026-07-01 10:55:00+05:30,1405.0,1412.9,1402.2,1408.1,2903.0
2026-07-01 11:00:00+05:30,1410.4,1411.8,1397.4,1400.7,22429.0
2026-07-01 11:05:00+05:30,1399.2,1402.8,1399.0,1402.5,1058.0
2026-07-01 11:10:00+05:30,1403.0,1403.9,1401.8,1402.8,422.0
2026-07-01 11:15:00+05:30,1403.4,1403.4,1398.6,1399.0,1679.0
2026-07-01 11:20:00+05:30,1399.0,1400.7,1397.6,1400.0,487.0
2026-07-01 11:25:00+05:30,1400.0,1403.9,1398.4,1403.9,601.0
2026-07-01 11:30:00+05:30,1403.3,1407.4,1403.3,1407.4,601.0
2026-07-01 11:35:00+05:30,1407.8,1413.4,1405.6,1411.6,1019.0
2026-07-01 11:40:00+05:30,1415.1,1421.6,1412.1,1419.5,10524.0
2026-07-01 11:45:00+05:30,1420.0,1420.0,1407.0,1411.3,9394.0
2026-07-01 11:50:00+05:30,1399.8,1406.8,1397.8,1400.0,31084.0
2026-07-01 11:55:00+05:30,1400.0,1402.8,1398.0,1401.4,7334.0
2026-07-01 12:00:00+05:30,1400.6,1403.0,1400.6,1402.2,2114.0
2026-07-01 12:05:00+05:30,1403.2,1403.4,1401.6,1401.6,482.0
2026-07-01 12:10:00+05:30,1402.6,1402.8,1398.0,1399.1,1209.0
2026-07-01 12:15:00+05:30,1399.3,1399.7,1394.1,1397.0,2482.0
2026-07-01 12:20:00+05:30,1398.5,1398.5,1396.2,1397.7,309.0
2026-07-01 12:25:00+05:30,1396.5,1398.4,1394.7,1395.0,1891.0
2026-07-01 12:30:00+05:30,1395.0,1397.2,1395.0,1395.2,338.0
2026-07-01 12:35:00+05:30,1395.2,1397.0,1394.0,1394.0,787.0
2026-07-01 12:40:00+05:30,1395.2,1395.6,1394.8,1395.6,37.0
2026-07-01 12:45:00+05:30,1395.0,1395.8,1393.8,1394.7,1042.0
2026-07-01 12:50:00+05:30,1394.7,1397.2,1394.7,1395.5,325.0
2026-07-01 12:55:00+05:30,1395.5,1396.1,1394.5,1394.5,123.0
2026-07-01 13:00:00+05:30,1394.0,1406.7,1393.9,1403.8,3276.0
2026-07-01 13:05:00+05:30,1403.3,1412.3,1401.6,1403.0,3899.0
2026-07-01 13:10:00+05:30,1401.2,1405.3,1401.2,1403.1,1565.0
2026-07-01 13:15:00+05:30,1405.0,1409.0,1401.8,1407.5,4176.0
2026-07-01 13:20:00+05:30,1408.8,1411.0,1407.1,1409.9,1499.0
2026-07-01 13:25:00+05:30,1409.3,1411.0,1407.2,1409.0,4009.0
2026-07-01 13:30:00+05:30,1409.0,1413.9,1408.7,1408.7,9477.0
2026-07-01 13:35:00+05:30,1410.9,1412.0,1408.1,1412.0,2854.0
2026-07-01 13:40:00+05:30,1412.0,1414.1,1409.9,1411.4,13039.0
2026-07-01 13:45:00+05:30,1411.0,1412.4,1407.3,1408.6,6120.0
2026-07-01 13:50:00+05:30,1409.8,1410.0,1408.2,1409.3,2550.0
2026-07-01 13:55:00+05:30,1408.4,1412.8,1408.4,1412.1,3784.0
2026-07-01 14:00:00+05:30,1412.2,1412.2,1411.0,1411.0,3035.0
2026-07-01 14:05:00+05:30,1411.0,1413.4,1410.0,1413.4,3289.0
2026-07-01 14:10:00+05:30,1413.4,1423.0,1413.0,1423.0,3781.0
2026-07-01 14:15:00+05:30,1422.4,1438.1,1422.0,1436.3,23288.0
2026-07-01 14:20:00+05:30,1436.3,1438.4,1428.1,1438.0,14885.0
2026-07-01 14:25:00+05:30,1438.0,1440.0,1422.1,1422.7,18170.0
2026-07-01 14:30:00+05:30,1422.0,1423.1,1411.0,1411.0,13983.0
2026-07-01 14:35:00+05:30,1412.2,1413.6,1409.2,1411.9,5630.0
2026-07-01 14:40:00+05:30,1411.7,1412.0,1410.0,1411.0,2150.0
2026-07-01 14:45:00+05:30,1411.0,1412.7,1408.7,1409.2,1448.0
2026-07-01 14:50:00+05:30,1409.2,1412.1,1406.1,1410.8,2852.0
2026-07-01 14:55:00+05:30,1409.7,1411.0,1407.0,1407.3,5027.0
2026-07-01 15:00:00+05:30,1408.7,1411.0,1406.0,1411.0,2419.0
2026-07-01 15:05:00+05:30,1411.0,1411.0,1408.9,1409.4,1648.0
2026-07-01 15:10:00+05:30,1409.0,1411.8,1409.0,1410.5,2577.0
2026-07-01 15:15:00+05:30,1410.4,1411.4,1408.5,1409.8,8443.0
2026-07-01 15:20:00+05:30,1408.8,1411.5,1408.0,1411.5,6404.0
2026-07-01 15:25:00+05:30,1411.1,1416.9,1409.0,1414.7,10156.0
2026-07-02 09:15:00+05:30,1426.9,1436.9,1414.1,1428.9,9076.0
2026-07-02 09:20:00+05:30,1426.0,1426.8,1421.3,1422.8,3718.0
2026-07-02 09:25:00+05:30,1423.2,1424.4,1420.6,1420.6,837.0
2026-07-02 09:30:00+05:30,1421.3,1429.0,1421.3,1424.2,895.0
2026-07-02 09:35:00+05:30,1424.0,1427.1,1423.4,1425.5,475.0
2026-07-02 09:40:00+05:30,1427.8,1427.9,1416.8,1416.8,3988.0
2026-07-02 09:45:00+05:30,1417.1,1422.8,1415.0,1421.0,2374.0
2026-07-02 09:50:00+05:30,1423.7,1433.0,1422.2,1432.9,3521.0
2026-07-02 09:55:00+05:30,1430.4,1432.0,1429.6,1431.7,1854.0
2026-07-02 10:00:00+05:30,1431.8,1432.2,1429.4,1431.0,1396.0
2026-07-02 10:05:00+05:30,1431.8,1432.9,1429.2,1431.3,3104.0
2026-07-02 10:10:00+05:30,1431.4,1434.9,1431.3,1432.1,819.0
2026-07-02 10:15:00+05:30,1431.2,1433.3,1430.7,1432.0,472.0
2026-07-02 10:20:00+05:30,1432.0,1432.0,1430.0,1430.0,907.0
2026-07-02 10:25:00+05:30,1429.4,1430.9,1424.3,1424.3,9395.0
2026-07-02 10:30:00+05:30,1424.2,1424.2,1422.9,1424.0,130.0
2026-07-02 10:35:00+05:30,1423.7,1426.4,1423.7,1426.1,1223.0
2026-07-02 10:40:00+05:30,1426.2,1426.4,1423.2,1424.9,1220.0
2026-07-02 10:45:00+05:30,1425.0,1431.8,1425.0,1430.0,3530.0
2026-07-02 10:50:00+05:30,1430.0,1430.0,1428.4,1429.9,125.0
2026-07-02 10:55:00+05:30,1429.9,1429.9,1429.7,1429.9,231.0
2026-07-02 11:00:00+05:30,1429.9,1429.9,1427.1,1428.0,301.0
2026-07-02 11:05:00+05:30,1428.0,1428.0,1426.0,1426.0,1995.0
2026-07-02 11:10:00+05:30,1426.0,1427.9,1425.2,1426.0,1467.0
2026-07-02 11:15:00+05:30,1426.0,1426.0,1425.0,1426.0,781.0
2026-07-02 11:20:00+05:30,1426.0,1428.0,1425.0,1427.6,1619.0
2026-07-02 11:25:00+05:30,1427.6,1428.7,1425.1,1427.0,3352.0
2026-07-02 11:30:00+05:30,1427.0,1427.2,1423.5,1424.6,1316.0
2026-07-02 11:35:00+05:30,1424.0,1425.0,1422.3,1424.4,501.0
2026-07-02 11:40:00+05:30,1424.4,1424.7,1422.0,1424.0,199.0
2026-07-02 11:45:00+05:30,1424.0,1424.7,1421.1,1423.8,667.0
2026-07-02 11:50:00+05:30,1423.8,1424.8,1422.0,1424.0,177.0
2026-07-02 11:55:00+05:30,1424.0,1426.5,1424.0,1425.0,1135.0
2026-07-02 12:00:00+05:30,1425.0,1436.9,1425.0,1431.9,4429.0
2026-07-02 12:05:00+05:30,1433.9,1433.9,1428.6,1433.5,2515.0
2026-07-02 12:10:00+05:30,1433.5,1433.5,1430.0,1432.0,5429.0
2026-07-02 12:15:00+05:30,1432.0,1433.7,1431.2,1432.9,1366.0
2026-07-02 12:20:00+05:30,1432.9,1433.7,1430.4,1433.0,3508.0
2026-07-02 12:25:00+05:30,1433.0,1434.9,1432.1,1433.0,2492.0
2026-07-02 12:30:00+05:30,1433.0,1433.0,1430.0,1431.7,2198.0
2026-07-02 12:35:00+05:30,1431.7,1432.2,1430.4,1432.0,302.0
2026-07-02 12:40:00+05:30,1432.0,1433.5,1430.3,1432.0,2383.0
2026-07-02 12:45:00+05:30,1432.0,1432.0,1430.5,1432.0,623.0
2026-07-02 12:50:00+05:30,1432.0,1432.0,1430.9,1431.5,693.0
2026-07-02 12:55:00+05:30,1431.4,1431.8,1430.0,1431.6,523.0
2026-07-02 13:00:00+05:30,1431.6,1431.6,1431.0,1431.0,793.0
2026-07-02 13:05:00+05:30,1431.0,1431.0,1431.0,1431.0,882.0
2026-07-02 13:10:00+05:30,1431.0,1431.0,1431.0,1431.0,186.0
2026-07-02 13:15:00+05:30,1431.0,1431.6,1429.5,1430.6,5101.0
2026-07-02 13:20:00+05:30,1430.5,1430.8,1428.4,1430.8,540.0
2026-07-02 13:25:00+05:30,1431.0,1431.0,1429.8,1430.6,258.0
2026-07-02 13:30:00+05:30,1430.6,1431.0,1428.1,1429.8,269.0
2026-07-02 13:35:00+05:30,1429.8,1430.0,1424.1,1425.8,880.0
2026-07-02 13:40:00+05:30,1425.8,1426.0,1424.1,1425.9,317.0
2026-07-02 13:45:00+05:30,1425.9,1426.0,1423.1,1425.0,3567.0
2026-07-02 13:50:00+05:30,1425.0,1427.0,1423.7,1426.9,377.0
2026-07-02 13:55:00+05:30,1426.7,1428.0,1425.9,1428.0,489.0
2026-07-02 14:00:00+05:30,1428.0,1428.7,1426.6,1428.3,215.0
2026-07-02 14:05:00+05:30,1428.5,1428.9,1426.0,1427.5,384.0
2026-07-02 14:10:00+05:30,1427.5,1427.7,1423.4,1426.4,289.0
2026-07-02 14:15:00+05:30,1426.4,1427.0,1423.2,1427.0,467.0
2026-07-02 14:20:00+05:30,1426.9,1427.7,1424.0,1427.4,387.0
2026-07-02 14:25:00+05:30,1427.6,1428.3,1426.6,1428.1,714.0
2026-07-02 14:30:00+05:30,1428.1,1428.2,1427.9,1428.2,897.0
2026-07-02 14:35:00+05:30,1428.2,1428.2,1424.0,1427.1,1033.0
2026-07-02 14:40:00+05:30,1427.1,1434.0,1425.4,1433.7,3997.0
2026-07-02 14:45:00+05:30,1434.9,1448.3,1434.9,1440.5,21365.0
2026-07-02 14:50:00+05:30,1440.6,1445.5,1438.9,1441.0,5295.0
2026-07-02 14:55:00+05:30,1440.4,1441.0,1437.0,1437.0,4265.0
2026-07-02 15:00:00+05:30,1437.6,1438.0,1437.1,1437.8,2744.0
2026-07-02 15:05:00+05:30,1438.0,1439.0,1437.0,1438.0,3738.0
2026-07-02 15:10:00+05:30,1438.0,1438.0,1428.4,1432.1,29621.0
2026-07-02 15:15:00+05:30,1433.1,1438.0,1432.0,1435.0,7473.0
2026-07-02 15:20:00+05:30,1435.0,1437.0,1434.4,1437.0,3042.0
2026-07-02 15:25:00+05:30,1437.0,1438.0,1433.0,1433.0,3614.0
2026-07-03 09:15:00+05:30,1440.0,1452.0,1435.6,1449.4,5215.0
2026-07-03 09:20:00+05:30,1449.5,1452.6,1446.8,1447.6,4852.0
2026-07-03 09:25:00+05:30,1445.1,1451.0,1444.5,1449.5,4434.0
2026-07-03 09:30:00+05:30,1450.9,1461.0,1449.4,1455.0,10269.0
2026-07-03 09:35:00+05:30,1455.5,1460.0,1455.5,1458.5,6504.0
2026-07-03 09:40:00+05:30,1457.2,1459.5,1451.5,1451.5,4305.0
2026-07-03 09:45:00+05:30,1451.4,1455.0,1450.0,1453.8,2952.0
2026-07-03 09:50:00+05:30,1453.8,1454.0,1448.5,1449.6,2046.0
2026-07-03 09:55:00+05:30,1448.5,1450.6,1447.8,1450.0,1938.0
2026-07-03 10:00:00+05:30,1450.0,1453.6,1449.0,1452.1,2388.0
2026-07-03 10:05:00+05:30,1452.1,1452.1,1448.1,1450.6,1994.0
2026-07-03 10:10:00+05:30,1450.6,1454.0,1448.4,1450.1,1698.0
2026-07-03 10:15:00+05:30,1450.1,1451.8,1447.9,1448.0,1082.0
2026-07-03 10:20:00+05:30,1448.1,1448.7,1446.8,1447.1,514.0
2026-07-03 10:25:00+05:30,1446.0,1449.9,1446.0,1448.8,507.0
2026-07-03 10:30:00+05:30,1450.2,1450.5,1448.6,1448.6,456.0
2026-07-03 10:35:00+05:30,1449.9,1449.9,1448.2,1448.4,433.0
2026-07-03 10:40:00+05:30,1448.0,1448.4,1446.2,1446.9,2974.0
2026-07-03 10:45:00+05:30,1447.5,1451.0,1446.5,1450.0,3272.0
2026-07-03 10:50:00+05:30,1450.9,1450.9,1447.9,1447.9,2614.0
2026-07-03 10:55:00+05:30,1448.3,1448.3,1441.5,1442.6,3765.0
2026-07-03 11:00:00+05:30,1442.5,1442.5,1436.0,1436.0,3217.0
2026-07-03 11:05:00+05:30,1436.9,1437.3,1433.7,1435.9,1408.0
2026-07-03 11:10:00+05:30,1439.1,1440.0,1430.1,1432.7,6144.0
2026-07-03 11:15:00+05:30,1433.3,1435.5,1433.0,1435.5,486.0
2026-07-03 11:20:00+05:30,1433.0,1444.2,1433.0,1440.3,6161.0
2026-07-03 11:25:00+05:30,1440.6,1444.0,1438.0,1440.1,4376.0
2026-07-03 11:30:00+05:30,1440.7,1442.0,1438.5,1440.4,2330.0
2026-07-03 11:35:00+05:30,1440.3,1440.9,1438.0,1438.0,488.0
2026-07-03 11:40:00+05:30,1438.6,1442.6,1438.6,1442.6,465.0
2026-07-03 11:45:00+05:30,1443.0,1443.6,1439.1,1440.7,1115.0
2026-07-03 11:50:00+05:30,1439.9,1445.0,1438.8,1444.3,5690.0
2026-07-03 11:55:00+05:30,1443.9,1444.0,1442.7,1443.5,2584.0
2026-07-03 12:00:00+05:30,1443.5,1443.5,1442.0,1443.5,295.0
2026-07-03 12:05:00+05:30,1444.0,1444.0,1443.0,1444.0,413.0
2026-07-03 12:10:00+05:30,1444.0,1444.0,1443.1,1443.5,322.0
2026-07-03 12:15:00+05:30,1443.5,1444.0,1443.5,1444.0,305.0
2026-07-03 12:20:00+05:30,1444.0,1444.0,1441.1,1443.9,1049.0
2026-07-03 12:25:00+05:30,1443.0,1452.0,1443.0,1450.6,3871.0
2026-07-03 12:30:00+05:30,1450.8,1452.7,1450.0,1452.2,478.0
2026-07-03 12:35:00+05:30,1452.5,1457.8,1450.2,1456.9,1756.0
2026-07-03 12:40:00+05:30,1456.0,1461.0,1449.4,1449.4,8957.0
2026-07-03 12:45:00+05:30,1449.7,1449.7,1444.0,1446.0,2728.0
2026-07-03 12:50:00+05:30,1446.0,1448.0,1444.7,1446.9,900.0
2026-07-03 12:55:00+05:30,1446.9,1449.2,1445.0,1445.0,4900.0
2026-07-03 13:00:00+05:30,1448.6,1450.0,1445.0,1445.0,6923.0
2026-07-03 13:05:00+05:30,1445.0,1446.0,1444.9,1445.0,813.0
2026-07-03 13:10:00+05:30,1445.0,1446.4,1444.9,1445.0,3939.0
2026-07-03 13:15:00+05:30,1445.0,1455.7,1444.9,1450.0,16000.0
2026-07-03 13:20:00+05:30,1449.9,1450.9,1448.4,1450.0,1036.0
2026-07-03 13:25:00+05:30,1449.9,1449.9,1445.0,1445.0,7632.0
2026-07-03 13:30:00+05:30,1445.0,1445.2,1444.0,1445.0,7902.0
2026-07-03 13:35:00+05:30,1445.0,1445.9,1444.1,1445.0,4933.0
2026-07-03 13:40:00+05:30,1444.9,1446.1,1444.9,1445.0,4352.0
2026-07-03 13:45:00+05:30,1445.0,1445.8,1444.9,1445.0,1907.0
2026-07-03 13:50:00+05:30,1445.0,1446.4,1444.9,1445.0,2125.0
2026-07-03 13:55:00+05:30,1445.0,1451.6,1444.9,1449.8,5106.0
2026-07-03 14:00:00+05:30,1448.9,1449.7,1442.6,1442.6,5118.0
2026-07-03 14:05:00+05:30,1443.4,1445.0,1440.2,1445.0,2640.0
2026-07-03 14:10:00+05:30,1443.5,1445.5,1443.5,1444.6,1295.0
2026-07-03 14:15:00+05:30,1445.0,1445.0,1443.6,1444.8,1439.0
2026-07-03 14:20:00+05:30,1444.7,1445.0,1443.8,1443.8,621.0
2026-07-03 14:25:00+05:30,1443.8,1445.0,1443.2,1444.7,1286.0
2026-07-03 14:30:00+05:30,1444.8,1445.0,1444.0,1444.9,215.0
2026-07-03 14:35:00+05:30,1444.2,1445.1,1444.2,1445.0,3072.0
2026-07-03 14:40:00+05:30,1445.0,1445.0,1444.0,1444.7,14300.0
2026-07-03 14:45:00+05:30,1444.7,1445.0,1442.3,1442.3,2117.0
2026-07-03 14:50:00+05:30,1443.7,1443.9,1442.9,1443.9,53.0
2026-07-03 14:55:00+05:30,1443.8,1444.4,1439.6,1442.2,1875.0
2026-07-03 15:00:00+05:30,1442.2,1442.2,1440.5,1441.9,1883.0
2026-07-03 15:05:00+05:30,1442.2,1445.0,1440.1,1442.2,2702.0
2026-07-03 15:10:00+05:30,1442.1,1442.1,1437.3,1437.3,1782.0
2026-07-03 15:15:00+05:30,1435.9,1444.8,1435.5,1444.8,6583.0
2026-07-03 15:20:00+05:30,1444.8,1445.0,1442.1,1443.3,4010.0
2026-07-03 15:25:00+05:30,1445.0,1454.9,1440.0,1445.0,10481.0
2026-07-06 09:15:00+05:30,1485.0,1488.0,1460.2,1465.0,106904.0
2026-07-06 09:20:00+05:30,1463.5,1464.3,1442.5,1443.0,45529.0
2026-07-06 09:25:00+05:30,1443.0,1449.0,1432.3,1438.4,34672.0
2026-07-06 09:30:00+05:30,1438.1,1439.0,1432.2,1434.8,18273.0
2026-07-06 09:35:00+05:30,1434.8,1435.0,1425.8,1434.3,15661.0
2026-07-06 09:40:00+05:30,1434.3,1449.9,1432.2,1449.9,17369.0
2026-07-06 09:45:00+05:30,1449.9,1463.3,1448.7,1460.0,32347.0
2026-07-06 09:50:00+05:30,1460.1,1469.7,1455.3,1463.2,22399.0
2026-07-06 09:55:00+05:30,1463.0,1467.0,1460.2,1465.0,9304.0
2026-07-06 10:00:00+05:30,1465.0,1470.0,1463.0,1467.4,10070.0
2026-07-06 10:05:00+05:30,1466.3,1472.4,1465.0,1466.5,26303.0
2026-07-06 10:10:00+05:30,1468.2,1471.6,1464.7,1469.9,11027.0
2026-07-06 10:15:00+05:30,1468.6,1470.0,1464.5,1465.0,5643.0
2026-07-06 10:20:00+05:30,1464.7,1468.4,1457.6,1460.0,14702.0
2026-07-06 10:25:00+05:30,1459.0,1463.4,1457.6,1461.0,3747.0
2026-07-06 10:30:00+05:30,1461.5,1461.5,1459.0,1459.9,2889.0
2026-07-06 10:35:00+05:30,1460.7,1461.4,1457.6,1461.4,1831.0
2026-07-06 10:40:00+05:30,1461.4,1465.9,1460.0,1465.9,2245.0
2026-07-06 10:45:00+05:30,1465.9,1465.9,1450.4,1454.5,9199.0
2026-07-06 10:50:00+05:30,1454.7,1457.0,1450.0,1452.2,3558.0
2026-07-06 10:55:00+05:30,1450.8,1455.9,1450.8,1453.1,1207.0
2026-07-06 11:00:00+05:30,1453.1,1459.6,1453.1,1458.2,3766.0
2026-07-06 11:05:00+05:30,1457.3,1460.2,1455.0,1458.4,5436.0
2026-07-06 11:10:00+05:30,1458.6,1460.4,1453.7,1453.7,7532.0
2026-07-06 11:15:00+05:30,1454.0,1458.2,1454.0,1455.1,1988.0
2026-07-06 11:20:00+05:30,1458.7,1459.7,1456.2,1458.4,2353.0
2026-07-06 11:25:00+05:30,1458.8,1460.0,1457.3,1458.6,1143.0
2026-07-06 11:30:00+05:30,1458.7,1459.9,1458.7,1459.0,641.0
2026-07-06 11:35:00+05:30,1459.0,1460.0,1454.8,1455.6,5123.0
2026-07-06 11:40:00+05:30,1456.3,1460.0,1456.3,1459.0,635.0
2026-07-06 11:45:00+05:30,1459.3,1460.0,1457.8,1459.9,801.0
2026-07-06 11:50:00+05:30,1458.8,1460.0,1455.9,1457.4,1230.0
2026-07-06 11:55:00+05:30,1455.6,1456.8,1450.5,1454.5,11619.0
2026-07-06 12:00:00+05:30,1453.0,1456.3,1452.6,1455.8,3049.0
2026-07-06 12:05:00+05:30,1455.8,1460.0,1454.6,1457.4,17952.0
2026-07-06 12:10:00+05:30,1455.0,1455.5,1452.2,1453.0,1197.0
2026-07-06 12:15:00+05:30,1452.4,1453.0,1451.3,1451.9,458.0
2026-07-06 12:20:00+05:30,1452.0,1453.0,1451.0,1451.9,1652.0
2026-07-06 12:25:00+05:30,1450.6,1452.2,1450.3,1451.9,1296.0
2026-07-06 12:30:00+05:30,1451.8,1452.2,1448.5,1449.9,1511.0
2026-07-06 12:35:00+05:30,1448.8,1451.0,1446.5,1446.5,2300.0
2026-07-06 12:40:00+05:30,1446.5,1446.5,1442.2,1444.0,5896.0
2026-07-06 12:45:00+05:30,1444.0,1444.0,1442.9,1443.4,1445.0
2026-07-06 12:50:00+05:30,1443.4,1444.0,1442.9,1444.0,414.0
2026-07-06 12:55:00+05:30,1444.6,1444.6,1442.9,1443.4,421.0
2026-07-06 13:00:00+05:30,1444.0,1444.8,1443.3,1443.9,484.0
2026-07-06 13:05:00+05:30,1443.0,1444.0,1440.0,1440.1,2887.0
2026-07-06 13:10:00+05:30,1441.4,1441.6,1437.5,1439.0,4550.0
2026-07-06 13:15:00+05:30,1438.7,1442.1,1438.2,1439.0,1787.0
2026-07-06 13:20:00+05:30,1439.0,1439.2,1436.4,1438.0,915.0
2026-07-06 13:25:00+05:30,1438.0,1438.3,1433.0,1435.0,3933.0
2026-07-06 13:30:00+05:30,1435.0,1435.5,1433.5,1435.5,1712.0
2026-07-06 13:35:00+05:30,1435.0,1435.0,1434.0,1435.0,2581.0
2026-07-06 13:40:00+05:30,1434.9,1435.6,1434.4,1435.0,8531.0
2026-07-06 13:45:00+05:30,1435.0,1442.8,1434.9,1441.9,3907.0
2026-07-06 13:50:00+05:30,1443.2,1445.5,1437.2,1438.9,4083.0
2026-07-06 13:55:00+05:30,1437.4,1438.9,1434.1,1434.8,3939.0
2026-07-06 14:00:00+05:30,1434.8,1435.0,1434.2,1434.6,6903.0
2026-07-06 14:05:00+05:30,1434.6,1435.2,1433.6,1435.2,4118.0
2026-07-06 14:10:00+05:30,1434.3,1435.1,1434.3,1434.7,3552.0
2026-07-06 14:15:00+05:30,1434.9,1435.9,1433.7,1434.6,569.0
2026-07-06 14:20:00+05:30,1434.5,1435.9,1433.8,1435.4,310.0
2026-07-06 14:25:00+05:30,1434.4,1435.5,1433.6,1434.2,3054.0
2026-07-06 14:30:00+05:30,1432.1,1435.8,1432.1,1434.6,1241.0
2026-07-06 14:35:00+05:30,1435.0,1436.9,1433.7,1435.2,3547.0
2026-07-06 14:40:00+05:30,1434.9,1448.0,1434.2,1445.3,16435.0
2026-07-06 14:45:00+05:30,1443.5,1454.9,1443.1,1451.5,10515.0
2026-07-06 14:50:00+05:30,1451.5,1453.6,1447.4,1452.0,8477.0
2026-07-06 14:55:00+05:30,1452.0,1453.1,1452.0,1452.5,2149.0
2026-07-06 15:00:00+05:30,1452.8,1453.9,1452.0,1452.6,5624.0
2026-07-06 15:05:00+05:30,1453.0,1459.5,1453.0,1457.3,13898.0
2026-07-06 15:10:00+05:30,1457.6,1460.0,1455.4,1457.9,15565.0
2026-07-06 15:15:00+05:30,1457.9,1460.0,1457.0,1458.0,11974.0
2026-07-06 15:20:00+05:30,1458.2,1460.0,1457.0,1458.6,9657.0
2026-07-06 15:25:00+05:30,1458.0,1462.0,1450.0,1460.0,12206.0
2026-07-07 09:15:00+05:30,1475.3,1475.3,1458.0,1465.1,10771.0
2026-07-07 09:20:00+05:30,1462.6,1464.9,1456.9,1456.9,4718.0
2026-07-07 09:25:00+05:30,1456.9,1457.7,1452.3,1453.0,4543.0
2026-07-07 09:30:00+05:30,1452.1,1452.8,1445.1,1445.1,2362.0
2026-07-07 09:35:00+05:30,1445.1,1450.4,1444.0,1444.0,2531.0
2026-07-07 09:40:00+05:30,1444.9,1449.1,1444.0,1447.5,1838.0
2026-07-07 09:45:00+05:30,1445.8,1448.1,1441.0,1442.0,3524.0
2026-07-07 09:50:00+05:30,1442.0,1444.1,1436.7,1436.7,3560.0
2026-07-07 09:55:00+05:30,1437.8,1449.7,1436.7,1442.2,2787.0
2026-07-07 10:00:00+05:30,1441.9,1443.1,1440.0,1440.0,2617.0
2026-07-07 10:05:00+05:30,1440.9,1442.4,1439.0,1440.3,1588.0
2026-07-07 10:10:00+05:30,1439.1,1439.9,1437.3,1437.3,2607.0
2026-07-07 10:15:00+05:30,1437.3,1438.6,1436.2,1436.2,703.0
2026-07-07 10:20:00+05:30,1437.5,1438.1,1431.0,1431.0,3269.0
2026-07-07 10:25:00+05:30,1432.3,1433.0,1430.1,1431.0,1277.0
2026-07-07 10:30:00+05:30,1431.1,1436.2,1431.1,1436.1,2054.0
2026-07-07 10:35:00+05:30,1434.6,1435.2,1432.0,1432.0,1190.0
2026-07-07 10:40:00+05:30,1432.0,1433.7,1431.7,1431.7,618.0
2026-07-07 10:45:00+05:30,1433.9,1433.9,1431.4,1433.3,376.0
2026-07-07 10:50:00+05:30,1433.2,1434.2,1430.6,1433.9,3484.0
2026-07-07 10:55:00+05:30,1434.4,1434.4,1431.0,1431.6,1775.0
2026-07-07 11:00:00+05:30,1432.3,1432.8,1431.6,1431.6,266.0
2026-07-07 11:05:00+05:30,1431.6,1433.6,1431.6,1432.8,475.0
2026-07-07 11:10:00+05:30,1433.3,1436.8,1432.4,1434.1,433.0
2026-07-07 11:15:00+05:30,1434.2,1435.3,1432.5,1433.7,375.0
2026-07-07 11:20:00+05:30,1434.0,1448.0,1434.0,1446.1,4277.0
2026-07-07 11:25:00+05:30,1446.0,1448.8,1445.6,1445.6,1594.0
2026-07-07 11:30:00+05:30,1446.0,1458.8,1445.2,1450.7,9328.0
2026-07-07 11:35:00+05:30,1452.7,1455.0,1444.9,1445.1,3988.0
2026-07-07 11:40:00+05:30,1445.1,1445.1,1442.7,1444.9,359.0
2026-07-07 11:45:00+05:30,1445.0,1447.3,1443.7,1446.5,257.0
2026-07-07 11:50:00+05:30,1448.9,1448.9,1444.9,1445.5,1068.0
2026-07-07 11:55:00+05:30,1445.5,1445.5,1445.1,1445.1,133.0
2026-07-07 12:00:00+05:30,1445.1,1445.1,1443.0,1443.2,237.0
2026-07-07 12:05:00+05:30,1443.2,1444.2,1441.6,1441.6,214.0
2026-07-07 12:10:00+05:30,1441.6,1443.8,1438.7,1440.3,874.0
2026-07-07 12:15:00+05:30,1440.3,1441.2,1438.7,1441.2,955.0
2026-07-07 12:20:00+05:30,1441.8,1442.0,1439.0,1439.1,502.0
2026-07-07 12:25:00+05:30,1439.1,1440.0,1439.0,1439.0,115.0
2026-07-07 12:30:00+05:30,1439.0,1440.8,1438.0,1440.2,1486.0
2026-07-07 12:35:00+05:30,1438.4,1439.2,1438.0,1439.2,192.0
2026-07-07 12:40:00+05:30,1439.2,1439.9,1439.2,1439.9,31.0
2026-07-07 12:45:00+05:30,1439.9,1440.0,1439.4,1439.9,74.0
2026-07-07 12:50:00+05:30,1439.9,1440.5,1439.9,1440.5,68.0
2026-07-07 12:55:00+05:30,1440.5,1443.8,1440.5,1443.7,309.0
2026-07-07 13:00:00+05:30,1443.7,1444.1,1441.8,1443.3,394.0
2026-07-07 13:05:00+05:30,1443.3,1443.3,1441.1,1442.6,297.0
2026-07-07 13:10:00+05:30,1442.6,1450.0,1442.6,1449.0,2517.0
2026-07-07 13:15:00+05:30,1449.9,1449.9,1447.4,1447.4,242.0
2026-07-07 13:20:00+05:30,1448.0,1451.9,1447.4,1451.7,2228.0
2026-07-07 13:25:00+05:30,1450.4,1452.5,1450.0,1452.0,576.0
2026-07-07 13:30:00+05:30,1452.0,1453.0,1450.4,1451.7,886.0
2026-07-07 13:35:00+05:30,1452.9,1452.9,1450.1,1450.2,2106.0
2026-07-07 13:40:00+05:30,1450.2,1452.9,1448.8,1452.7,1052.0
2026-07-07 13:45:00+05:30,1452.7,1455.3,1449.3,1453.7,15884.0
2026-07-07 13:50:00+05:30,1453.7,1460.8,1453.1,1460.2,6161.0
2026-07-07 13:55:00+05:30,1460.7,1461.0,1455.9,1460.2,7627.0
2026-07-07 14:00:00+05:30,1460.2,1460.7,1455.1,1455.3,1063.0
2026-07-07 14:05:00+05:30,1456.7,1461.2,1455.4,1461.0,1976.0
2026-07-07 14:10:00+05:30,1459.5,1460.9,1457.1,1457.4,969.0
2026-07-07 14:15:00+05:30,1459.2,1459.2,1456.7,1458.0,207.0
2026-07-07 14:20:00+05:30,1458.0,1458.0,1456.3,1456.3,481.0
2026-07-07 14:25:00+05:30,1457.3,1459.8,1456.4,1458.6,480.0
2026-07-07 14:30:00+05:30,1458.0,1459.9,1457.3,1458.8,1130.0
2026-07-07 14:35:00+05:30,1458.8,1459.8,1455.0,1455.0,682.0
2026-07-07 14:40:00+05:30,1456.3,1457.5,1454.1,1455.3,1628.0
2026-07-07 14:45:00+05:30,1456.9,1458.3,1454.1,1454.6,1820.0
2026-07-07 14:50:00+05:30,1455.5,1456.0,1454.1,1455.2,1035.0
2026-07-07 14:55:00+05:30,1455.2,1455.9,1453.9,1455.9,344.0
2026-07-07 15:00:00+05:30,1455.9,1455.9,1454.1,1455.2,896.0
2026-07-07 15:05:00+05:30,1455.1,1456.0,1454.1,1455.5,2553.0
2026-07-07 15:10:00+05:30,1455.7,1456.0,1451.6,1456.0,6666.0
2026-07-07 15:15:00+05:30,1455.2,1456.9,1453.0,1455.0,7436.0
2026-07-07 15:20:00+05:30,1454.6,1457.0,1453.9,1455.8,3180.0
2026-07-07 15:25:00+05:30,1455.8,1457.1,1442.5,1454.0,5835.0
2026-07-08 09:15:00+05:30,1450.1,1450.1,1433.3,1443.7,3704.0
2026-07-08 09:20:00+05:30,1444.7,1445.3,1441.2,1443.7,766.0
2026-07-08 09:25:00+05:30,1444.2,1449.7,1444.1,1449.7,2267.0
2026-07-08 09:30:00+05:30,1449.3,1449.3,1444.3,1449.0,1420.0
2026-07-08 09:35:00+05:30,1449.0,1454.0,1446.9,1453.1,2004.0
2026-07-08 09:40:00+05:30,1452.1,1459.0,1452.0,1459.0,3170.0
2026-07-08 09:45:00+05:30,1459.7,1464.3,1458.9,1462.9,2392.0
2026-07-08 09:50:00+05:30,1462.4,1469.0,1460.0,1467.4,5798.0
2026-07-08 09:55:00+05:30,1467.3,1469.9,1462.9,1463.4,1824.0
2026-07-08 10:00:00+05:30,1462.4,1466.0,1462.4,1465.3,1077.0
2026-07-08 10:05:00+05:30,1464.4,1465.5,1463.0,1463.0,1707.0
2026-07-08 10:10:00+05:30,1465.3,1472.0,1462.2,1469.0,6749.0
2026-07-08 10:15:00+05:30,1469.0,1471.7,1460.0,1462.0,2502.0
2026-07-08 10:20:00+05:30,1461.8,1463.3,1457.3,1457.9,1390.0
2026-07-08 10:25:00+05:30,1459.4,1460.9,1456.1,1459.5,698.0
2026-07-08 10:30:00+05:30,1458.9,1459.0,1457.6,1458.6,185.0
2026-07-08 10:35:00+05:30,1458.6,1461.2,1457.5,1460.0,1508.0
2026-07-08 10:40:00+05:30,1459.9,1467.9,1459.9,1463.3,1944.0
2026-07-08 10:45:00+05:30,1463.4,1468.6,1463.4,1467.6,1261.0
2026-07-08 10:50:00+05:30,1468.7,1474.0,1465.3,1470.7,14170.0
2026-07-08 10:55:00+05:30,1469.4,1471.8,1467.4,1469.1,10860.0
2026-07-08 11:00:00+05:30,1469.0,1470.9,1467.8,1469.3,857.0
2026-07-08 11:05:00+05:30,1469.4,1470.2,1467.0,1467.4,1987.0
2026-07-08 11:10:00+05:30,1466.6,1468.8,1466.5,1466.7,866.0
2026-07-08 11:15:00+05:30,1466.7,1472.9,1466.7,1472.9,4959.0
2026-07-08 11:20:00+05:30,1472.2,1488.0,1472.2,1483.3,38516.0
2026-07-08 11:25:00+05:30,1484.4,1486.1,1482.2,1482.4,3494.0
2026-07-08 11:30:00+05:30,1484.0,1488.8,1475.0,1478.0,29385.0
2026-07-08 11:35:00+05:30,1478.1,1479.0,1472.3,1472.4,1662.0
2026-07-08 11:40:00+05:30,1472.4,1476.0,1471.1,1473.9,1837.0
2026-07-08 11:45:00+05:30,1474.1,1475.4,1471.0,1471.6,926.0
2026-07-08 11:50:00+05:30,1471.1,1472.0,1470.1,1471.6,1074.0
2026-07-08 11:55:00+05:30,1471.0,1471.9,1467.2,1469.8,1824.0
2026-07-08 12:00:00+05:30,1469.9,1470.8,1468.1,1469.0,624.0
2026-07-08 12:05:00+05:30,1467.6,1470.9,1467.6,1468.1,583.0
2026-07-08 12:10:00+05:30,1467.6,1468.8,1467.5,1468.1,404.0
2026-07-08 12:15:00+05:30,1467.6,1468.2,1467.0,1467.0,193.0
2026-07-08 12:20:00+05:30,1467.1,1469.9,1467.1,1468.8,164.0
2026-07-08 12:25:00+05:30,1468.8,1469.4,1467.0,1467.0,2526.0
2026-07-08 12:30:00+05:30,1467.0,1468.4,1467.0,1467.3,728.0
2026-07-08 12:35:00+05:30,1467.0,1469.8,1467.0,1468.6,228.0
2026-07-08 12:40:00+05:30,1469.0,1469.0,1466.2,1467.8,3080.0
2026-07-08 12:45:00+05:30,1467.2,1469.4,1467.0,1468.1,281.0
2026-07-08 12:50:00+05:30,1468.2,1470.7,1468.1,1468.9,840.0
2026-07-08 12:55:00+05:30,1468.9,1469.7,1467.5,1467.7,376.0
2026-07-08 13:00:00+05:30,1468.9,1470.3,1468.2,1470.3,194.0
2026-07-08 13:05:00+05:30,1471.0,1472.8,1470.2,1471.3,358.0
2026-07-08 13:10:00+05:30,1471.1,1472.2,1470.0,1471.0,822.0
2026-07-08 13:15:00+05:30,1471.0,1472.0,1470.2,1471.1,702.0
2026-07-08 13:20:00+05:30,1471.1,1477.8,1471.1,1475.0,8067.0
2026-07-08 13:25:00+05:30,1475.0,1475.0,1472.5,1473.5,1314.0
2026-07-08 13:30:00+05:30,1474.2,1476.6,1473.6,1474.9,1467.0
2026-07-08 13:35:00+05:30,1474.9,1475.5,1473.6,1475.0,3415.0
2026-07-08 13:40:00+05:30,1475.1,1481.9,1473.4,1480.1,5919.0
2026-07-08 13:45:00+05:30,1479.6,1480.0,1474.3,1476.1,3653.0
2026-07-08 13:50:00+05:30,1475.6,1475.7,1466.7,1467.6,16713.0
2026-07-08 13:55:00+05:30,1466.5,1469.3,1460.0,1460.8,13792.0
2026-07-08 14:00:00+05:30,1460.8,1463.8,1458.6,1461.0,12243.0
2026-07-08 14:05:00+05:30,1462.6,1462.8,1455.1,1455.6,9261.0
2026-07-08 14:10:00+05:30,1454.5,1456.1,1446.2,1450.4,12999.0
2026-07-08 14:15:00+05:30,1449.9,1455.4,1447.1,1448.3,8677.0
2026-07-08 14:20:00+05:30,1449.1,1453.4,1447.6,1448.8,6272.0
2026-07-08 14:25:00+05:30,1448.8,1454.0,1443.0,1449.2,6863.0
2026-07-08 14:30:00+05:30,1450.6,1455.0,1448.0,1451.0,3789.0
2026-07-08 14:35:00+05:30,1451.2,1453.7,1446.4,1450.6,3129.0
2026-07-08 14:40:00+05:30,1450.6,1452.8,1448.0,1449.9,1600.0
2026-07-08 14:45:00+05:30,1448.2,1451.9,1444.1,1446.3,3051.0
2026-07-08 14:50:00+05:30,1444.4,1447.3,1443.1,1444.2,2867.0
2026-07-08 14:55:00+05:30,1443.9,1447.3,1438.6,1447.3,4438.0
2026-07-08 15:00:00+05:30,1447.1,1455.0,1444.4,1449.6,5086.0
2026-07-08 15:05:00+05:30,1449.9,1456.1,1447.9,1454.3,6218.0
2026-07-08 15:10:00+05:30,1455.4,1456.2,1449.1,1456.2,4116.0
2026-07-08 15:15:00+05:30,1453.7,1458.3,1452.0,1457.6,4226.0
2026-07-08 15:20:00+05:30,1454.9,1457.0,1451.2,1451.6,6096.0
2026-07-08 15:25:00+05:30,1451.9,1454.2,1439.1,1439.1,11616.0
2026-07-09 09:15:00+05:30,1451.0,1457.0,1438.2,1452.2,4265.0
2026-07-09 09:20:00+05:30,1452.2,1455.0,1451.0,1453.7,2495.0
2026-07-09 09:25:00+05:30,1453.8,1458.8,1453.3,1455.0,2986.0
2026-07-09 09:30:00+05:30,1454.9,1459.5,1453.4,1459.4,1082.0
2026-07-09 09:35:00+05:30,1456.6,1462.3,1454.9,1458.4,1777.0
2026-07-09 09:40:00+05:30,1457.1,1458.7,1452.5,1456.9,1622.0
2026-07-09 09:45:00+05:30,1457.0,1459.2,1454.0,1457.0,2470.0
2026-07-09 09:50:00+05:30,1457.0,1461.0,1454.1,1455.4,5322.0
2026-07-09 09:55:00+05:30,1455.0,1465.0,1453.6,1459.9,3294.0
2026-07-09 10:00:00+05:30,1461.3,1468.0,1459.3,1465.3,2669.0
2026-07-09 10:05:00+05:30,1466.7,1467.9,1461.9,1464.4,4168.0
2026-07-09 10:10:00+05:30,1464.4,1465.2,1461.9,1462.3,686.0
2026-07-09 10:15:00+05:30,1462.3,1472.9,1461.2,1470.4,6666.0
2026-07-09 10:20:00+05:30,1470.9,1471.2,1463.3,1463.7,10005.0
2026-07-09 10:25:00+05:30,1465.5,1466.9,1463.1,1464.1,1199.0
2026-07-09 10:30:00+05:30,1464.1,1465.3,1462.5,1463.0,1577.0
2026-07-09 10:35:00+05:30,1463.9,1463.9,1460.5,1461.3,947.0
2026-07-09 10:40:00+05:30,1461.7,1467.7,1460.8,1466.0,336.0
2026-07-09 10:45:00+05:30,1466.2,1467.7,1463.0,1463.0,650.0
2026-07-09 10:50:00+05:30,1463.0,1464.7,1463.0,1463.2,366.0
2026-07-09 10:55:00+05:30,1462.7,1463.4,1461.1,1461.4,265.0
2026-07-09 11:00:00+05:30,1462.3,1462.3,1456.0,1456.1,1634.0
2026-07-09 11:05:00+05:30,1456.1,1457.4,1456.1,1456.3,149.0
2026-07-09 11:10:00+05:30,1457.0,1458.0,1456.6,1457.6,99.0
2026-07-09 11:15:00+05:30,1458.4,1463.0,1458.4,1461.8,408.0
2026-07-09 11:20:00+05:30,1461.8,1466.2,1461.1,1464.1,1095.0
2026-07-09 11:25:00+05:30,1464.0,1464.3,1462.9,1463.6,468.0
2026-07-09 11:30:00+05:30,1463.6,1464.8,1462.9,1463.1,364.0
2026-07-09 11:35:00+05:30,1461.9,1461.9,1460.1,1461.6,1286.0
2026-07-09 11:40:00+05:30,1460.0,1460.8,1458.0,1460.8,762.0
2026-07-09 11:45:00+05:30,1460.8,1462.7,1459.5,1461.1,435.0
2026-07-09 11:50:00+05:30,1461.2,1463.0,1461.2,1462.9,56.0
2026-07-09 11:55:00+05:30,1462.9,1462.9,1461.3,1461.5,90.0
2026-07-09 12:00:00+05:30,1461.5,1464.6,1461.5,1462.8,334.0
2026-07-09 12:05:00+05:30,1464.2,1464.2,1461.5,1461.5,249.0
2026-07-09 12:10:00+05:30,1463.9,1464.1,1461.6,1462.4,416.0
2026-07-09 12:15:00+05:30,1463.4,1463.4,1462.0,1462.0,272.0
2026-07-09 12:20:00+05:30,1462.0,1464.0,1462.0,1462.2,156.0
2026-07-09 12:25:00+05:30,1462.2,1462.7,1461.6,1461.8,172.0
2026-07-09 12:30:00+05:30,1461.7,1461.8,1461.6,1461.7,31.0
2026-07-09 12:35:00+05:30,1461.7,1463.0,1461.7,1462.2,370.0
2026-07-09 12:40:00+05:30,1462.2,1462.2,1460.6,1460.8,807.0
2026-07-09 12:45:00+05:30,1461.1,1461.8,1460.8,1461.0,114.0
2026-07-09 12:50:00+05:30,1461.8,1464.8,1460.4,1463.1,481.0
2026-07-09 12:55:00+05:30,1463.2,1475.2,1462.0,1470.7,9938.0
2026-07-09 13:00:00+05:30,1470.0,1472.0,1468.2,1469.7,1339.0
2026-07-09 13:05:00+05:30,1472.2,1472.2,1468.2,1469.3,755.0
2026-07-09 13:10:00+05:30,1469.4,1471.6,1469.3,1470.2,364.0
2026-07-09 13:15:00+05:30,1470.2,1470.2,1465.5,1466.0,963.0
2026-07-09 13:20:00+05:30,1466.0,1466.8,1465.1,1465.1,178.0
2026-07-09 13:25:00+05:30,1466.4,1466.4,1464.8,1464.8,88.0
2026-07-09 13:30:00+05:30,1464.5,1465.1,1463.7,1464.8,145.0
2026-07-09 13:35:00+05:30,1463.7,1466.0,1463.7,1464.4,954.0
2026-07-09 13:40:00+05:30,1465.9,1465.9,1462.3,1462.8,376.0
2026-07-09 13:45:00+05:30,1462.8,1463.0,1461.1,1462.0,313.0
2026-07-09 13:50:00+05:30,1462.0,1464.0,1461.0,1461.2,1222.0
2026-07-09 13:55:00+05:30,1463.8,1463.8,1461.0,1461.5,2822.0
2026-07-09 14:00:00+05:30,1463.0,1464.0,1461.2,1461.4,256.0
2026-07-09 14:05:00+05:30,1463.0,1463.3,1461.4,1461.4,106.0
2026-07-09 14:10:00+05:30,1461.4,1465.7,1461.3,1464.2,501.0
2026-07-09 14:15:00+05:30,1466.0,1466.0,1464.1,1464.5,463.0
2026-07-09 14:20:00+05:30,1464.5,1469.0,1464.0,1465.6,920.0
2026-07-09 14:25:00+05:30,1467.0,1468.0,1465.8,1466.1,92.0
2026-07-09 14:30:00+05:30,1466.7,1467.7,1461.0,1462.2,582.0
2026-07-09 14:35:00+05:30,1462.0,1464.5,1461.0,1461.6,641.0
2026-07-09 14:40:00+05:30,1461.5,1462.2,1458.8,1460.6,1979.0
2026-07-09 14:45:00+05:30,1460.4,1471.0,1460.0,1470.0,3603.0
2026-07-09 14:50:00+05:30,1470.0,1471.9,1470.0,1470.3,1666.0
2026-07-09 14:55:00+05:30,1470.2,1474.0,1469.2,1472.7,2534.0
2026-07-09 15:00:00+05:30,1473.9,1473.9,1469.5,1470.1,3614.0
2026-07-09 15:05:00+05:30,1470.1,1473.6,1468.6,1473.3,8050.0
2026-07-09 15:10:00+05:30,1473.3,1473.5,1469.7,1472.1,4290.0
2026-07-09 15:15:00+05:30,1472.2,1472.6,1470.0,1472.5,2984.0
2026-07-09 15:20:00+05:30,1472.8,1474.0,1465.4,1468.6,9388.0
2026-07-09 15:25:00+05:30,1468.7,1469.0,1461.0,1462.0,5753.0
2026-07-10 09:15:00+05:30,1470.0,1470.1,1451.5,1456.5,4973.0
2026-07-10 09:20:00+05:30,1460.0,1466.4,1455.4,1459.0,3796.0
2026-07-10 09:25:00+05:30,1457.8,1460.0,1454.0,1456.9,2491.0
2026-07-10 09:30:00+05:30,1456.0,1468.8,1456.0,1466.2,4091.0
2026-07-10 09:35:00+05:30,1466.2,1472.9,1462.3,1472.4,4661.0
2026-07-10 09:40:00+05:30,1472.2,1478.9,1471.2,1477.2,5984.0
2026-07-10 09:45:00+05:30,1477.2,1480.0,1475.0,1478.6,8453.0
2026-07-10 09:50:00+05:30,1479.6,1479.6,1475.2,1477.2,1339.0
2026-07-10 09:55:00+05:30,1478.4,1487.7,1476.8,1486.8,12010.0
2026-07-10 10:00:00+05:30,1486.9,1488.0,1484.2,1486.5,9692.0
2026-07-10 10:05:00+05:30,1487.7,1492.0,1486.3,1488.4,14998.0
2026-07-10 10:10:00+05:30,1490.0,1495.5,1485.5,1490.2,21545.0
2026-07-10 10:15:00+05:30,1490.3,1494.4,1490.0,1491.1,11786.0
2026-07-10 10:20:00+05:30,1491.1,1492.0,1483.2,1484.0,5566.0
2026-07-10 10:25:00+05:30,1484.0,1484.0,1476.1,1478.6,7607.0
2026-07-10 10:30:00+05:30,1479.0,1487.8,1478.0,1487.2,16664.0
2026-07-10 10:35:00+05:30,1486.5,1487.4,1482.2,1483.8,1781.0
2026-07-10 10:40:00+05:30,1483.4,1484.8,1482.2,1484.7,941.0
2026-07-10 10:45:00+05:30,1485.7,1486.9,1483.8,1485.0,1441.0
2026-07-10 10:50:00+05:30,1486.2,1487.0,1485.0,1486.3,1426.0
2026-07-10 10:55:00+05:30,1486.0,1486.0,1483.0,1483.0,1960.0
2026-07-10 11:00:00+05:30,1484.4,1484.5,1481.0,1481.9,2329.0
2026-07-10 11:05:00+05:30,1482.8,1487.7,1481.2,1487.5,3202.0
2026-07-10 11:10:00+05:30,1487.1,1489.9,1485.5,1487.9,8712.0
2026-07-10 11:15:00+05:30,1487.1,1488.9,1485.0,1487.5,2900.0
2026-07-10 11:20:00+05:30,1487.9,1489.9,1487.0,1488.0,2436.0
2026-07-10 11:25:00+05:30,1488.0,1489.8,1487.2,1488.4,1643.0
2026-07-10 11:30:00+05:30,1489.4,1489.8,1488.0,1488.7,2576.0
2026-07-10 11:35:00+05:30,1489.7,1491.0,1487.7,1488.9,3822.0
2026-07-10 11:40:00+05:30,1488.0,1488.9,1487.7,1488.9,393.0
2026-07-10 11:45:00+05:30,1488.1,1489.0,1485.0,1486.3,791.0
2026-07-10 11:50:00+05:30,1485.1,1486.6,1485.1,1486.2,526.0
2026-07-10 11:55:00+05:30,1486.2,1486.6,1485.1,1486.4,505.0
2026-07-10 12:00:00+05:30,1485.0,1487.9,1485.0,1487.9,661.0
2026-07-10 12:05:00+05:30,1486.5,1491.0,1486.5,1488.4,4054.0
2026-07-10 12:10:00+05:30,1488.2,1490.5,1488.2,1489.0,665.0
2026-07-10 12:15:00+05:30,1488.1,1489.5,1487.5,1487.5,505.0
2026-07-10 12:20:00+05:30,1487.8,1491.0,1487.8,1491.0,679.0
2026-07-10 12:25:00+05:30,1489.9,1493.9,1489.9,1492.3,3917.0
2026-07-10 12:30:00+05:30,1491.1,1495.5,1490.1,1495.0,6441.0
2026-07-10 12:35:00+05:30,1495.6,1499.0,1494.2,1497.9,8187.0
2026-07-10 12:40:00+05:30,1497.0,1497.9,1492.9,1494.3,3635.0
2026-07-10 12:45:00+05:30,1493.0,1493.6,1490.7,1492.9,2137.0
2026-07-10 12:50:00+05:30,1493.4,1497.4,1492.0,1496.5,4712.0
2026-07-10 12:55:00+05:30,1497.0,1498.0,1495.4,1497.0,2485.0
2026-07-10 13:00:00+05:30,1497.0,1498.5,1490.5,1491.9,8878.0
2026-07-10 13:05:00+05:30,1490.7,1492.4,1490.4,1491.8,523.0
2026-07-10 13:10:00+05:30,1491.1,1492.2,1489.8,1492.0,1159.0
2026-07-10 13:15:00+05:30,1491.2,1493.5,1490.1,1491.1,1239.0
2026-07-10 13:20:00+05:30,1491.0,1496.8,1488.0,1494.5,2508.0
2026-07-10 13:25:00+05:30,1492.9,1496.3,1491.1,1494.3,2948.0
2026-07-10 13:30:00+05:30,1493.0,1496.2,1492.8,1496.2,3180.0
2026-07-10 13:35:00+05:30,1496.2,1497.4,1494.3,1497.4,1507.0
2026-07-10 13:40:00+05:30,1495.8,1499.0,1495.8,1498.5,2985.0
2026-07-10 13:45:00+05:30,1497.3,1498.9,1494.4,1496.1,1898.0
2026-07-10 13:50:00+05:30,1496.3,1496.9,1492.1,1494.4,2267.0
2026-07-10 13:55:00+05:30,1492.9,1495.0,1491.6,1492.8,2200.0
2026-07-10 14:00:00+05:30,1493.4,1495.9,1491.8,1494.9,3431.0
2026-07-10 14:05:00+05:30,1493.9,1495.6,1493.9,1495.0,768.0
2026-07-10 14:10:00+05:30,1494.5,1495.7,1491.6,1494.9,1133.0
2026-07-10 14:15:00+05:30,1494.2,1495.0,1491.5,1493.1,2422.0
2026-07-10 14:20:00+05:30,1493.8,1494.5,1491.4,1493.8,1161.0
2026-07-10 14:25:00+05:30,1493.8,1495.2,1491.6,1495.2,3444.0
2026-07-10 14:30:00+05:30,1495.2,1497.9,1494.6,1497.1,2281.0
2026-07-10 14:35:00+05:30,1497.6,1497.7,1493.8,1496.4,3530.0
2026-07-10 14:40:00+05:30,1494.6,1496.3,1494.5,1496.3,2016.0
2026-07-10 14:45:00+05:30,1496.8,1497.0,1493.9,1495.3,5887.0
2026-07-10 14:50:00+05:30,1494.2,1495.9,1492.2,1494.7,4954.0
2026-07-10 14:55:00+05:30,1493.5,1495.0,1492.7,1494.7,4055.0
2026-07-10 15:00:00+05:30,1493.1,1498.9,1492.2,1498.5,10623.0
2026-07-10 15:05:00+05:30,1497.5,1503.0,1497.5,1502.9,14940.0
2026-07-10 15:10:00+05:30,1502.9,1509.0,1500.5,1508.7,14572.0
2026-07-10 15:15:00+05:30,1507.3,1517.0,1507.2,1515.4,15510.0
2026-07-10 15:20:00+05:30,1515.5,1525.0,1515.0,1520.7,27504.0
2026-07-10 15:25:00+05:30,1521.9,1525.0,1520.0,1525.0,16280.0
2026-07-13 09:15:00+05:30,1513.6,1524.9,1486.0,1510.8,15696.0
2026-07-13 09:20:00+05:30,1510.9,1530.0,1509.3,1518.7,23540.0
2026-07-13 09:25:00+05:30,1516.7,1540.0,1516.1,1538.9,17263.0
2026-07-13 09:30:00+05:30,1538.8,1544.5,1530.1,1530.9,20368.0
2026-07-13 09:35:00+05:30,1528.1,1536.0,1517.6,1532.8,14399.0
2026-07-13 09:40:00+05:30,1531.3,1536.0,1531.0,1533.2,8757.0
2026-07-13 09:45:00+05:30,1531.4,1548.0,1531.4,1547.0,18481.0
2026-07-13 09:50:00+05:30,1547.0,1550.3,1540.1,1540.1,17461.0
2026-07-13 09:55:00+05:30,1540.7,1543.5,1538.4,1541.1,3702.0
2026-07-13 10:00:00+05:30,1541.1,1542.4,1531.6,1534.0,6486.0
2026-07-13 10:05:00+05:30,1532.0,1538.1,1532.0,1536.4,1404.0
2026-07-13 10:10:00+05:30,1536.3,1539.5,1534.6,1535.5,4146.0
2026-07-13 10:15:00+05:30,1536.1,1538.5,1534.5,1536.3,1666.0
2026-07-13 10:20:00+05:30,1534.4,1536.0,1529.0,1536.0,7211.0
2026-07-13 10:25:00+05:30,1535.5,1537.9,1534.0,1537.6,3375.0
2026-07-13 10:30:00+05:30,1536.1,1537.4,1530.8,1533.0,1322.0
2026-07-13 10:35:00+05:30,1531.3,1534.2,1530.0,1530.1,2217.0
2026-07-13 10:40:00+05:30,1530.0,1533.9,1530.0,1532.0,1089.0
2026-07-13 10:45:00+05:30,1533.0,1534.1,1531.5,1532.2,426.0
2026-07-13 10:50:00+05:30,1534.4,1534.4,1528.1,1528.1,6588.0
2026-07-13 10:55:00+05:30,1528.9,1528.9,1520.7,1520.7,2804.0
2026-07-13 11:00:00+05:30,1520.4,1523.7,1516.1,1519.7,3624.0
2026-07-13 11:05:00+05:30,1517.3,1525.8,1516.2,1521.2,2286.0
2026-07-13 11:10:00+05:30,1522.5,1522.5,1511.3,1514.0,18378.0
2026-07-13 11:15:00+05:30,1514.0,1515.0,1511.1,1512.7,2443.0
2026-07-13 11:20:00+05:30,1512.6,1514.8,1511.1,1511.7,1771.0
2026-07-13 11:25:00+05:30,1511.7,1513.9,1507.0,1508.6,4691.0
2026-07-13 11:30:00+05:30,1508.8,1511.4,1507.6,1511.4,635.0
2026-07-13 11:35:00+05:30,1510.4,1511.1,1508.2,1509.3,1850.0
2026-07-13 11:40:00+05:30,1511.6,1512.0,1509.5,1510.1,666.0
2026-07-13 11:45:00+05:30,1510.1,1511.0,1508.5,1509.0,1209.0
2026-07-13 11:50:00+05:30,1509.0,1510.2,1508.2,1509.6,2408.0
2026-07-13 11:55:00+05:30,1508.5,1515.0,1508.2,1513.0,3432.0
2026-07-13 12:00:00+05:30,1512.3,1515.0,1512.1,1512.3,16646.0
2026-07-13 12:05:00+05:30,1512.3,1513.9,1512.3,1512.6,492.0
2026-07-13 12:10:00+05:30,1514.0,1515.0,1512.7,1515.0,405.0
2026-07-13 12:15:00+05:30,1515.0,1515.0,1512.3,1513.0,2818.0
2026-07-13 12:20:00+05:30,1513.0,1513.9,1511.0,1511.8,2434.0
2026-07-13 12:25:00+05:30,1511.6,1513.4,1510.8,1510.8,1960.0
2026-07-13 12:30:00+05:30,1512.9,1512.9,1510.9,1512.7,133.0
2026-07-13 12:35:00+05:30,1512.7,1514.0,1511.7,1512.6,299.0
2026-07-13 12:40:00+05:30,1512.4,1515.0,1511.5,1515.0,1390.0
2026-07-13 12:45:00+05:30,1513.6,1515.5,1513.5,1514.6,539.0
2026-07-13 12:50:00+05:30,1514.6,1515.0,1512.9,1513.3,772.0
2026-07-13 12:55:00+05:30,1513.4,1515.0,1511.9,1512.9,1458.0
2026-07-13 13:00:00+05:30,1512.0,1513.6,1511.0,1511.1,2226.0
2026-07-13 13:05:00+05:30,1511.1,1512.7,1511.1,1511.3,202.0
2026-07-13 13:10:00+05:30,1512.7,1513.3,1511.6,1513.0,117.0
2026-07-13 13:15:00+05:30,1514.2,1514.7,1513.0,1514.6,240.0
2026-07-13 13:20:00+05:30,1514.5,1514.5,1503.0,1506.7,6094.0
2026-07-13 13:25:00+05:30,1505.8,1505.8,1501.1,1503.6,3211.0
2026-07-13 13:30:00+05:30,1502.1,1505.0,1501.1,1501.9,2092.0
2026-07-13 13:35:00+05:30,1501.9,1505.0,1500.1,1500.6,3137.0
2026-07-13 13:40:00+05:30,1501.9,1503.4,1501.0,1503.2,266.0
2026-07-13 13:45:00+05:30,1503.2,1506.7,1502.1,1506.2,1090.0
2026-07-13 13:50:00+05:30,1506.2,1507.1,1503.2,1503.2,680.0
2026-07-13 13:55:00+05:30,1504.5,1506.2,1503.1,1506.2,719.0
2026-07-13 14:00:00+05:30,1505.8,1506.8,1504.2,1506.7,665.0
2026-07-13 14:05:00+05:30,1506.7,1508.9,1505.8,1507.0,1577.0
2026-07-13 14:10:00+05:30,1508.4,1508.8,1507.0,1508.0,515.0
2026-07-13 14:15:00+05:30,1508.8,1514.3,1508.5,1510.5,2522.0
2026-07-13 14:20:00+05:30,1512.3,1514.4,1512.3,1514.0,1215.0
2026-07-13 14:25:00+05:30,1514.0,1515.0,1510.6,1512.5,4198.0
2026-07-13 14:30:00+05:30,1514.0,1514.0,1512.2,1513.0,349.0
2026-07-13 14:35:00+05:30,1513.0,1513.3,1510.0,1511.0,1211.0
2026-07-13 14:40:00+05:30,1511.0,1511.0,1507.7,1510.1,2447.0
2026-07-13 14:45:00+05:30,1510.1,1513.0,1509.0,1511.5,3306.0
2026-07-13 14:50:00+05:30,1512.4,1513.6,1510.4,1511.5,2463.0
2026-07-13 14:55:00+05:30,1511.5,1514.2,1511.5,1512.0,1610.0
2026-07-13 15:00:00+05:30,1512.8,1515.0,1512.0,1514.0,1725.0
2026-07-13 15:05:00+05:30,1514.0,1522.0,1513.3,1519.0,15620.0
2026-07-13 15:10:00+05:30,1519.7,1521.5,1518.1,1519.8,2437.0
2026-07-13 15:15:00+05:30,1519.8,1522.5,1515.0,1518.6,10230.0
2026-07-13 15:20:00+05:30,1518.6,1521.9,1517.0,1518.5,5784.0
2026-07-13 15:25:00+05:30,1519.9,1521.8,1515.0,1515.6,4737.0
2026-07-14 09:15:00+05:30,1505.0,1513.6,1495.4,1505.9,5475.0
2026-07-14 09:20:00+05:30,1504.2,1515.0,1504.2,1512.4,2549.0
2026-07-14 09:25:00+05:30,1514.9,1514.9,1498.0,1499.8,2713.0
2026-07-14 09:30:00+05:30,1499.0,1501.0,1494.1,1499.1,9170.0
2026-07-14 09:35:00+05:30,1498.6,1499.0,1486.9,1490.0,8210.0
2026-07-14 09:40:00+05:30,1489.0,1489.0,1481.6,1483.5,4962.0
2026-07-14 09:45:00+05:30,1483.6,1483.6,1478.0,1479.1,6204.0
2026-07-14 09:50:00+05:30,1479.1,1494.3,1478.4,1491.3,8842.0
2026-07-14 09:55:00+05:30,1491.4,1494.1,1491.0,1491.8,646.0
2026-07-14 10:00:00+05:30,1493.5,1493.5,1489.8,1490.8,2691.0
2026-07-14 10:05:00+05:30,1491.8,1493.1,1491.3,1492.1,317.0
2026-07-14 10:10:00+05:30,1492.1,1494.0,1491.5,1494.0,2564.0
2026-07-14 10:15:00+05:30,1492.4,1495.4,1485.7,1485.8,8134.0
2026-07-14 10:20:00+05:30,1487.7,1489.9,1484.6,1489.9,580.0
2026-07-14 10:25:00+05:30,1489.9,1489.9,1484.4,1485.6,656.0
2026-07-14 10:30:00+05:30,1486.6,1488.6,1485.0,1485.3,579.0
2026-07-14 10:35:00+05:30,1486.9,1487.7,1482.3,1482.4,886.0
2026-07-14 10:40:00+05:30,1482.4,1484.4,1481.3,1481.7,1237.0
2026-07-14 10:45:00+05:30,1481.3,1485.0,1480.0,1484.8,1408.0
2026-07-14 10:50:00+05:30,1484.7,1484.8,1482.6,1483.6,1232.0
2026-07-14 10:55:00+05:30,1483.4,1485.3,1482.6,1484.0,541.0
2026-07-14 11:00:00+05:30,1483.5,1485.6,1482.2,1484.4,1191.0
2026-07-14 11:05:00+05:30,1484.3,1484.4,1480.4,1480.6,720.0
2026-07-14 11:10:00+05:30,1480.5,1483.3,1478.0,1481.0,1583.0
2026-07-14 11:15:00+05:30,1482.5,1485.7,1479.0,1483.6,3272.0
2026-07-14 11:20:00+05:30,1483.6,1486.0,1482.5,1486.0,447.0
2026-07-14 11:25:00+05:30,1484.7,1485.9,1480.5,1481.3,1112.0
2026-07-14 11:30:00+05:30,1483.0,1483.6,1480.5,1481.1,414.0
2026-07-14 11:35:00+05:30,1481.0,1491.6,1480.5,1487.1,2874.0
2026-07-14 11:40:00+05:30,1487.0,1487.1,1484.4,1484.8,378.0
2026-07-14 11:45:00+05:30,1484.7,1487.7,1483.4,1486.4,3063.0
2026-07-14 11:50:00+05:30,1485.8,1490.1,1485.7,1489.9,1020.0
2026-07-14 11:55:00+05:30,1489.6,1490.2,1488.3,1489.9,1264.0
2026-07-14 12:00:00+05:30,1489.9,1491.9,1488.1,1490.0,514.0
2026-07-14 12:05:00+05:30,1490.7,1495.5,1489.6,1493.5,3271.0
2026-07-14 12:10:00+05:30,1492.3,1497.7,1492.2,1496.0,4571.0
2026-07-14 12:15:00+05:30,1495.4,1496.7,1495.0,1495.7,3974.0
2026-07-14 12:20:00+05:30,1495.2,1495.3,1492.7,1493.3,531.0
2026-07-14 12:25:00+05:30,1493.7,1493.8,1490.7,1490.8,6621.0
2026-07-14 12:30:00+05:30,1490.6,1490.7,1486.1,1486.8,2191.0
2026-07-14 12:35:00+05:30,1487.5,1487.6,1485.5,1486.4,368.0
2026-07-14 12:40:00+05:30,1486.3,1487.6,1486.0,1486.9,288.0
2026-07-14 12:45:00+05:30,1486.9,1489.5,1486.4,1489.3,1336.0
2026-07-14 12:50:00+05:30,1488.3,1488.4,1487.2,1487.2,127.0
2026-07-14 12:55:00+05:30,1487.0,1489.5,1485.2,1488.0,751.0
2026-07-14 13:00:00+05:30,1487.0,1487.0,1481.6,1481.6,3487.0
2026-07-14 13:05:00+05:30,1483.1,1484.9,1483.0,1483.4,511.0
2026-07-14 13:10:00+05:30,1483.3,1484.7,1482.8,1484.0,391.0
2026-07-14 13:15:00+05:30,1483.8,1486.3,1482.8,1486.3,747.0
2026-07-14 13:20:00+05:30,1486.3,1487.2,1485.5,1487.2,458.0
2026-07-14 13:25:00+05:30,1487.3,1487.3,1483.4,1485.0,879.0
2026-07-14 13:30:00+05:30,1484.9,1485.8,1483.3,1484.2,146.0
2026-07-14 13:35:00+05:30,1483.7,1483.8,1482.0,1483.8,555.0
2026-07-14 13:40:00+05:30,1482.8,1483.8,1481.0,1481.4,1363.0
2026-07-14 13:45:00+05:30,1482.2,1483.1,1481.1,1482.4,537.0
2026-07-14 13:50:00+05:30,1483.0,1483.1,1482.0,1482.2,148.0
2026-07-14 13:55:00+05:30,1482.0,1483.8,1481.1,1482.3,1419.0
2026-07-14 14:00:00+05:30,1482.5,1482.5,1481.7,1481.7,286.0
2026-07-14 14:05:00+05:30,1481.7,1484.6,1481.2,1484.6,1738.0
2026-07-14 14:10:00+05:30,1484.3,1490.0,1484.3,1486.7,2600.0
2026-07-14 14:15:00+05:30,1487.4,1489.7,1482.5,1483.5,660.0
2026-07-14 14:20:00+05:30,1483.1,1485.3,1483.0,1485.3,640.0
2026-07-14 14:25:00+05:30,1485.3,1486.5,1483.9,1485.0,461.0
2026-07-14 14:30:00+05:30,1485.1,1486.1,1482.6,1484.3,641.0
2026-07-14 14:35:00+05:30,1484.3,1486.2,1483.0,1485.5,542.0
2026-07-14 14:40:00+05:30,1486.2,1486.8,1485.1,1485.7,156.0
2026-07-14 14:45:00+05:30,1485.8,1491.0,1484.0,1489.7,5235.0
2026-07-14 14:50:00+05:30,1490.2,1491.5,1485.1,1486.5,1365.0
2026-07-14 14:55:00+05:30,1486.5,1492.5,1485.0,1492.1,3486.0
2026-07-14 15:00:00+05:30,1493.8,1495.0,1491.1,1493.2,1640.0
2026-07-14 15:05:00+05:30,1493.1,1493.2,1491.5,1492.1,699.0
2026-07-14 15:10:00+05:30,1492.1,1494.0,1491.1,1492.5,2293.0
2026-07-14 15:15:00+05:30,1492.5,1492.7,1491.0,1491.0,3694.0
2026-07-14 15:20:00+05:30,1491.0,1491.4,1486.0,1490.7,5389.0
2026-07-14 15:25:00+05:30,1490.7,1493.0,1485.0,1485.0,4523.0
2026-07-15 09:15:00+05:30,1495.0,1504.9,1494.9,1504.5,4004.0
2026-07-15 09:20:00+05:30,1504.5,1506.9,1502.1,1506.9,4243.0
2026-07-15 09:25:00+05:30,1506.9,1508.0,1504.5,1505.8,2858.0
2026-07-15 09:30:00+05:30,1505.3,1507.6,1503.8,1506.6,1067.0
2026-07-15 09:35:00+05:30,1506.4,1506.7,1504.3,1506.5,321.0
2026-07-15 09:40:00+05:30,1504.3,1505.8,1504.0,1505.0,210.0
2026-07-15 09:45:00+05:30,1504.0,1504.9,1502.7,1503.9,400.0
2026-07-15 09:50:00+05:30,1502.1,1503.7,1494.6,1498.2,1749.0
2026-07-15 09:55:00+05:30,1499.8,1499.8,1493.2,1494.9,2571.0
2026-07-15 10:00:00+05:30,1494.6,1497.8,1493.1,1497.4,1809.0
2026-07-15 10:05:00+05:30,1496.5,1502.0,1496.5,1500.6,1442.0
2026-07-15 10:10:00+05:30,1500.2,1502.3,1499.7,1501.8,259.0
2026-07-15 10:15:00+05:30,1500.6,1501.8,1497.4,1499.7,1363.0
2026-07-15 10:20:00+05:30,1499.5,1499.8,1497.9,1499.6,408.0
2026-07-15 10:25:00+05:30,1499.6,1500.1,1498.3,1499.1,254.0
2026-07-15 10:30:00+05:30,1499.1,1502.4,1498.0,1501.6,1978.0
2026-07-15 10:35:00+05:30,1501.9,1503.0,1500.1,1501.1,495.0
2026-07-15 10:40:00+05:30,1500.0,1501.1,1498.6,1499.5,328.0
2026-07-15 10:45:00+05:30,1499.5,1500.9,1498.1,1498.5,593.0
2026-07-15 10:50:00+05:30,1499.7,1499.8,1498.3,1499.7,163.0
2026-07-15 10:55:00+05:30,1498.6,1500.0,1498.5,1500.0,167.0
2026-07-15 11:00:00+05:30,1498.5,1503.5,1498.5,1502.1,1301.0
2026-07-15 11:05:00+05:30,1501.8,1509.0,1501.5,1508.3,1885.0
2026-07-15 11:10:00+05:30,1508.0,1509.3,1505.2,1507.8,2089.0
2026-07-15 11:15:00+05:30,1507.6,1507.6,1503.8,1506.8,1529.0
2026-07-15 11:20:00+05:30,1505.4,1507.2,1505.4,1505.7,86.0
2026-07-15 11:25:00+05:30,1505.7,1506.7,1505.4,1506.1,128.0
2026-07-15 11:30:00+05:30,1506.1,1508.5,1506.1,1508.3,761.0
2026-07-15 11:35:00+05:30,1506.0,1506.6,1505.0,1506.4,283.0
2026-07-15 11:40:00+05:30,1505.0,1507.1,1505.0,1506.0,336.0
2026-07-15 11:45:00+05:30,1506.6,1507.5,1505.8,1506.6,203.0
2026-07-15 11:50:00+05:30,1505.6,1508.9,1502.7,1508.9,3164.0
2026-07-15 11:55:00+05:30,1508.9,1508.9,1507.1,1508.6,723.0
2026-07-15 12:00:00+05:30,1506.4,1508.7,1506.4,1508.0,363.0
2026-07-15 12:05:00+05:30,1508.0,1510.9,1506.1,1507.6,2468.0
2026-07-15 12:10:00+05:30,1506.2,1507.8,1505.6,1507.3,402.0
2026-07-15 12:15:00+05:30,1505.6,1508.0,1505.6,1507.6,150.0
2026-07-15 12:20:00+05:30,1507.6,1507.6,1506.0,1506.6,189.0
2026-07-15 12:25:00+05:30,1508.0,1510.0,1507.1,1509.5,3404.0
2026-07-15 12:30:00+05:30,1509.5,1509.8,1506.2,1506.9,243.0
2026-07-15 12:35:00+05:30,1508.4,1508.4,1505.4,1506.3,206.0
2026-07-15 12:40:00+05:30,1506.0,1507.7,1505.2,1507.7,372.0
2026-07-15 12:45:00+05:30,1507.7,1509.5,1507.0,1507.9,984.0
2026-07-15 12:50:00+05:30,1507.2,1508.8,1507.0,1507.2,1264.0
2026-07-15 12:55:00+05:30,1508.0,1508.0,1506.0,1507.3,5826.0
2026-07-15 13:00:00+05:30,1507.3,1508.3,1506.0,1508.0,876.0
2026-07-15 13:05:00+05:30,1508.2,1508.3,1506.0,1506.1,1178.0
2026-07-15 13:10:00+05:30,1507.2,1507.2,1500.6,1500.7,1880.0
2026-07-15 13:15:00+05:30,1502.5,1505.6,1501.1,1502.0,1364.0
2026-07-15 13:20:00+05:30,1503.0,1503.0,1500.7,1502.1,297.0
2026-07-15 13:25:00+05:30,1502.1,1505.9,1500.1,1505.6,2210.0
2026-07-15 13:30:00+05:30,1504.3,1505.2,1504.3,1505.0,463.0
2026-07-15 13:35:00+05:30,1505.0,1505.0,1503.6,1503.6,24.0
2026-07-15 13:40:00+05:30,1503.6,1503.8,1502.3,1503.7,271.0
2026-07-15 13:45:00+05:30,1502.8,1505.0,1502.6,1504.4,263.0
2026-07-15 13:50:00+05:30,1504.2,1505.8,1504.2,1505.6,135.0
2026-07-15 13:55:00+05:30,1504.4,1508.3,1502.0,1508.1,4459.0
2026-07-15 14:00:00+05:30,1508.1,1508.1,1504.3,1505.3,351.0
2026-07-15 14:05:00+05:30,1505.9,1507.5,1504.8,1506.2,430.0
2026-07-15 14:10:00+05:30,1506.2,1508.5,1505.5,1508.3,676.0
2026-07-15 14:15:00+05:30,1506.4,1508.5,1506.4,1506.8,66.0
2026-07-15 14:20:00+05:30,1508.2,1508.5,1505.1,1506.7,210.0
2026-07-15 14:25:00+05:30,1506.7,1506.7,1491.3,1494.9,8598.0
2026-07-15 14:30:00+05:30,1493.6,1501.0,1493.5,1500.0,4238.0
2026-07-15 14:35:00+05:30,1501.0,1501.0,1493.4,1494.3,3637.0
2026-07-15 14:40:00+05:30,1494.1,1498.2,1494.0,1498.2,226.0
2026-07-15 14:45:00+05:30,1496.2,1496.2,1495.1,1495.1,367.0
2026-07-15 14:50:00+05:30,1496.6,1496.7,1495.0,1495.1,310.0
2026-07-15 14:55:00+05:30,1496.1,1496.1,1494.0,1495.0,337.0
2026-07-15 15:00:00+05:30,1495.0,1495.8,1494.0,1494.2,399.0
2026-07-15 15:05:00+05:30,1495.0,1496.3,1494.0,1494.8,477.0
2026-07-15 15:10:00+05:30,1495.6,1497.2,1483.0,1486.4,11384.0
2026-07-15 15:15:00+05:30,1486.0,1490.0,1486.0,1488.7,969.0
2026-07-15 15:20:00+05:30,1488.5,1493.3,1485.0,1489.8,4323.0
2026-07-15 15:25:00+05:30,1491.0,1497.0,1489.0,1495.0,2564.0
2026-07-16 09:15:00+05:30,1490.1,1498.1,1490.0,1494.8,754.0
2026-07-16 09:20:00+05:30,1494.2,1495.1,1488.6,1493.1,2024.0
2026-07-16 09:25:00+05:30,1492.5,1498.9,1490.1,1496.8,1375.0
2026-07-16 09:30:00+05:30,1497.8,1497.8,1493.1,1493.2,589.0
2026-07-16 09:35:00+05:30,1493.1,1494.3,1491.3,1492.4,941.0
2026-07-16 09:40:00+05:30,1493.0,1496.9,1492.8,1494.0,621.0
2026-07-16 09:45:00+05:30,1494.0,1498.0,1493.9,1497.9,479.0
2026-07-16 09:50:00+05:30,1497.7,1497.7,1492.5,1492.5,395.0
2026-07-16 09:55:00+05:30,1492.4,1498.7,1492.4,1497.6,901.0
2026-07-16 10:00:00+05:30,1498.8,1501.8,1498.7,1499.6,3273.0
2026-07-16 10:05:00+05:30,1500.0,1503.2,1492.3,1494.0,2081.0
2026-07-16 10:10:00+05:30,1495.4,1495.4,1492.1,1493.4,369.0
2026-07-16 10:15:00+05:30,1493.3,1494.9,1493.3,1494.5,418.0
2026-07-16 10:20:00+05:30,1494.5,1495.3,1487.2,1488.0,4005.0
2026-07-16 10:25:00+05:30,1488.0,1490.5,1487.3,1489.0,1244.0
2026-07-16 10:30:00+05:30,1489.0,1490.3,1487.2,1488.1,1360.0
2026-07-16 10:35:00+05:30,1488.1,1489.9,1488.1,1489.6,182.0
2026-07-16 10:40:00+05:30,1488.6,1490.2,1488.1,1489.2,349.0
2026-07-16 10:45:00+05:30,1489.2,1489.9,1488.1,1489.9,114.0
2026-07-16 10:50:00+05:30,1490.1,1490.2,1488.3,1489.0,315.0
2026-07-16 10:55:00+05:30,1488.2,1490.4,1488.2,1490.0,705.0
2026-07-16 11:00:00+05:30,1488.6,1490.2,1485.8,1485.8,1405.0
2026-07-16 11:05:00+05:30,1485.3,1487.9,1483.5,1484.6,1690.0
2026-07-16 11:10:00+05:30,1484.6,1505.0,1484.6,1504.1,21462.0
2026-07-16 11:15:00+05:30,1505.5,1505.9,1503.1,1505.0,2404.0
2026-07-16 11:20:00+05:30,1505.0,1506.9,1503.1,1505.1,1686.0
2026-07-16 11:25:00+05:30,1505.1,1507.2,1504.2,1505.6,616.0
2026-07-16 11:30:00+05:30,1505.6,1506.0,1503.6,1504.9,917.0
2026-07-16 11:35:00+05:30,1506.0,1507.9,1504.1,1504.8,629.0
2026-07-16 11:40:00+05:30,1504.9,1506.5,1503.0,1503.1,137.0
2026-07-16 11:45:00+05:30,1503.0,1506.5,1503.0,1505.5,690.0
2026-07-16 11:50:00+05:30,1505.5,1509.7,1505.5,1505.9,492.0
2026-07-16 11:55:00+05:30,1505.9,1506.5,1505.5,1505.9,40.0
2026-07-16 12:00:00+05:30,1505.1,1506.4,1502.1,1502.1,298.0
2026-07-16 12:05:00+05:30,1501.6,1502.5,1501.0,1502.5,134.0
2026-07-16 12:10:00+05:30,1501.2,1503.1,1501.1,1501.1,220.0
2026-07-16 12:15:00+05:30,1501.1,1504.2,1501.1,1502.8,46.0
2026-07-16 12:20:00+05:30,1502.4,1503.1,1501.0,1501.0,224.0
2026-07-16 12:25:00+05:30,1501.0,1503.1,1501.0,1501.7,66.0
2026-07-16 12:30:00+05:30,1502.7,1504.8,1502.7,1503.1,589.0
2026-07-16 12:35:00+05:30,1501.8,1502.5,1499.6,1499.6,1532.0
2026-07-16 12:40:00+05:30,1499.6,1500.0,1499.0,1499.0,227.0
2026-07-16 12:45:00+05:30,1500.7,1500.7,1499.0,1499.0,259.0
2026-07-16 12:50:00+05:30,1499.0,1499.7,1499.0,1499.0,34.0
2026-07-16 12:55:00+05:30,1499.0,1500.7,1496.1,1496.1,334.0
2026-07-16 13:00:00+05:30,1496.1,1496.1,1492.9,1494.0,510.0
2026-07-16 13:05:00+05:30,1494.0,1495.0,1492.8,1493.9,473.0
2026-07-16 13:10:00+05:30,1493.9,1494.7,1493.7,1493.7,79.0
2026-07-16 13:15:00+05:30,1493.7,1495.7,1493.3,1495.7,222.0
2026-07-16 13:20:00+05:30,1492.5,1492.5,1491.3,1491.3,289.0
2026-07-16 13:25:00+05:30,1492.5,1492.8,1490.9,1491.6,527.0
2026-07-16 13:30:00+05:30,1492.0,1492.0,1490.1,1490.1,623.0
2026-07-16 13:35:00+05:30,1491.0,1491.8,1487.6,1488.6,384.0
2026-07-16 13:40:00+05:30,1488.5,1489.4,1487.4,1488.6,204.0
2026-07-16 13:45:00+05:30,1488.0,1488.8,1487.7,1488.8,133.0
2026-07-16 13:50:00+05:30,1488.0,1490.0,1487.1,1490.0,156.0
2026-07-16 13:55:00+05:30,1488.5,1490.4,1488.5,1490.4,73.0
2026-07-16 14:00:00+05:30,1491.0,1491.9,1490.3,1491.9,52.0
2026-07-16 14:05:00+05:30,1491.8,1491.8,1489.6,1489.6,279.0
2026-07-16 14:10:00+05:30,1492.3,1492.7,1490.4,1492.1,228.0
2026-07-16 14:15:00+05:30,1490.9,1495.0,1490.9,1494.7,263.0
2026-07-16 14:20:00+05:30,1494.0,1494.4,1493.0,1494.4,136.0
2026-07-16 14:25:00+05:30,1493.0,1493.9,1491.1,1491.1,328.0
2026-07-16 14:30:00+05:30,1491.1,1497.9,1490.8,1497.3,2642.0
2026-07-16 14:35:00+05:30,1495.4,1496.7,1491.2,1492.0,577.0
2026-07-16 14:40:00+05:30,1491.9,1495.0,1490.6,1490.6,425.0
2026-07-16 14:45:00+05:30,1490.6,1493.0,1488.8,1491.1,350.0
2026-07-16 14:50:00+05:30,1491.4,1494.8,1491.4,1493.7,102.0
2026-07-16 14:55:00+05:30,1493.8,1495.6,1492.6,1492.8,374.0
2026-07-16 15:00:00+05:30,1495.9,1502.1,1495.9,1499.1,2570.0
2026-07-16 15:05:00+05:30,1498.0,1498.6,1493.6,1494.6,2891.0
2026-07-16 15:10:00+05:30,1494.0,1500.0,1490.0,1494.0,3706.0
2026-07-16 15:15:00+05:30,1495.0,1495.0,1487.3,1488.7,2559.0
2026-07-16 15:20:00+05:30,1489.6,1490.6,1484.4,1487.7,2713.0
2026-07-16 15:25:00+05:30,1487.6,1495.0,1486.2,1495.0,2207.0
2026-07-17 09:15:00+05:30,1496.0,1498.0,1478.2,1482.1,9783.0
2026-07-17 09:20:00+05:30,1482.2,1484.2,1480.2,1480.2,785.0
2026-07-17 09:25:00+05:30,1480.5,1480.5,1475.2,1477.0,4407.0
2026-07-17 09:30:00+05:30,1477.1,1481.9,1475.4,1481.9,1374.0
2026-07-17 09:35:00+05:30,1482.0,1482.0,1475.7,1477.5,1198.0
2026-07-17 09:40:00+05:30,1477.3,1480.7,1476.0,1478.2,594.0
2026-07-17 09:45:00+05:30,1478.0,1478.0,1475.3,1475.8,919.0
2026-07-17 09:50:00+05:30,1475.0,1475.0,1472.6,1474.1,1602.0
2026-07-17 09:55:00+05:30,1474.0,1474.0,1466.4,1469.8,5094.0
2026-07-17 10:00:00+05:30,1469.8,1470.7,1463.0,1463.0,3555.0
2026-07-17 10:05:00+05:30,1463.9,1466.1,1461.4,1464.7,1182.0
2026-07-17 10:10:00+05:30,1465.9,1467.9,1462.5,1467.4,1568.0
2026-07-17 10:15:00+05:30,1468.0,1472.5,1468.0,1472.2,971.0
2026-07-17 10:20:00+05:30,1471.7,1475.6,1471.0,1475.6,1048.0
2026-07-17 10:25:00+05:30,1478.0,1481.1,1476.9,1479.5,2212.0
2026-07-17 10:30:00+05:30,1480.3,1483.0,1479.7,1481.4,1004.0
2026-07-17 10:35:00+05:30,1481.1,1482.2,1480.0,1480.0,637.0
2026-07-17 10:40:00+05:30,1480.5,1483.6,1476.0,1476.9,2827.0
2026-07-17 10:45:00+05:30,1476.0,1476.0,1472.6,1472.6,275.0
2026-07-17 10:50:00+05:30,1472.3,1473.7,1472.1,1472.1,182.0
2026-07-17 10:55:00+05:30,1472.2,1473.4,1472.1,1473.4,222.0
2026-07-17 11:00:00+05:30,1473.4,1474.0,1472.0,1474.0,159.0
2026-07-17 11:05:00+05:30,1474.0,1476.0,1472.8,1475.3,326.0
2026-07-17 11:10:00+05:30,1475.3,1475.3,1470.6,1470.9,539.0
2026-07-17 11:15:00+05:30,1471.6,1471.6,1470.9,1471.1,35.0
2026-07-17 11:20:00+05:30,1470.4,1470.4,1468.3,1468.5,308.0
2026-07-17 11:25:00+05:30,1468.7,1469.7,1466.5,1466.7,422.0
2026-07-17 11:30:00+05:30,1466.7,1467.2,1465.0,1466.9,1248.0
2026-07-17 11:35:00+05:30,1466.9,1469.4,1465.8,1465.8,573.0
2026-07-17 11:40:00+05:30,1466.4,1466.4,1465.0,1465.5,392.0
2026-07-17 11:45:00+05:30,1466.3,1468.9,1465.5,1465.7,1139.0
2026-07-17 11:50:00+05:30,1465.7,1467.9,1465.7,1465.8,177.0
2026-07-17 11:55:00+05:30,1465.8,1467.9,1465.8,1466.3,172.0
2026-07-17 12:00:00+05:30,1467.8,1467.8,1465.6,1465.7,338.0
2026-07-17 12:05:00+05:30,1465.7,1466.5,1463.9,1464.3,2463.0
2026-07-17 12:10:00+05:30,1464.1,1465.5,1462.4,1464.0,360.0
2026-07-17 12:15:00+05:30,1464.0,1466.4,1463.5,1464.8,654.0
2026-07-17 12:20:00+05:30,1464.8,1465.7,1463.7,1465.7,221.0
2026-07-17 12:25:00+05:30,1465.7,1465.7,1464.7,1464.7,29.0
2026-07-17 12:30:00+05:30,1465.4,1465.5,1463.0,1464.9,310.0
2026-07-17 12:35:00+05:30,1465.0,1465.9,1462.7,1463.7,835.0
2026-07-17 12:40:00+05:30,1464.2,1465.5,1462.4,1464.7,321.0
2026-07-17 12:45:00+05:30,1463.3,1465.9,1463.3,1463.8,353.0
2026-07-17 12:50:00+05:30,1464.4,1464.9,1462.3,1464.4,401.0
2026-07-17 12:55:00+05:30,1464.4,1464.4,1462.9,1463.4,90.0
2026-07-17 13:00:00+05:30,1463.5,1463.5,1463.1,1463.2,201.0
2026-07-17 13:05:00+05:30,1464.0,1464.2,1463.4,1463.5,77.0
2026-07-17 13:10:00+05:30,1463.5,1464.5,1463.5,1463.7,802.0
2026-07-17 13:15:00+05:30,1463.7,1464.9,1462.5,1463.0,1029.0
2026-07-17 13:20:00+05:30,1463.0,1463.3,1461.0,1462.3,1065.0
2026-07-17 13:25:00+05:30,1462.3,1462.3,1461.2,1462.2,334.0
2026-07-17 13:30:00+05:30,1460.9,1462.9,1457.6,1462.9,3349.0
2026-07-17 13:35:00+05:30,1461.9,1467.6,1461.9,1463.8,1779.0
2026-07-17 13:40:00+05:30,1463.1,1464.2,1462.4,1463.5,219.0
2026-07-17 13:45:00+05:30,1463.5,1463.9,1462.0,1462.1,202.0
2026-07-17 13:50:00+05:30,1462.1,1463.4,1460.0,1460.0,2399.0
2026-07-17 13:55:00+05:30,1460.0,1462.9,1460.0,1460.6,926.0
2026-07-17 14:00:00+05:30,1460.6,1462.8,1460.1,1460.1,559.0
2026-07-17 14:05:00+05:30,1460.6,1460.6,1458.6,1458.9,759.0
2026-07-17 14:10:00+05:30,1459.3,1460.6,1458.1,1458.1,632.0
2026-07-17 14:15:00+05:30,1458.6,1463.3,1457.7,1459.2,2292.0
2026-07-17 14:20:00+05:30,1458.8,1459.9,1455.4,1459.0,1364.0
2026-07-17 14:25:00+05:30,1459.0,1459.9,1458.5,1459.2,236.0
2026-07-17 14:30:00+05:30,1459.2,1460.1,1459.2,1459.3,653.0
2026-07-17 14:35:00+05:30,1459.3,1462.4,1458.0,1461.2,2145.0
2026-07-17 14:40:00+05:30,1462.0,1475.1,1461.8,1467.8,5258.0
2026-07-17 14:45:00+05:30,1467.2,1469.1,1467.1,1469.1,273.0
2026-07-17 14:50:00+05:30,1469.6,1469.6,1466.1,1468.0,1467.0
2026-07-17 14:55:00+05:30,1468.6,1470.3,1468.5,1470.0,353.0
2026-07-17 15:00:00+05:30,1470.3,1472.5,1467.6,1467.9,3649.0
2026-07-17 15:05:00+05:30,1469.4,1470.4,1465.6,1467.3,997.0
2026-07-17 15:10:00+05:30,1469.0,1469.1,1465.2,1465.8,1508.0
2026-07-17 15:15:00+05:30,1467.4,1467.5,1458.6,1458.6,2861.0
2026-07-17 15:20:00+05:30,1458.6,1463.3,1453.1,1460.2,8551.0
2026-07-17 15:25:00+05:30,1460.2,1462.7,1454.7,1461.0,5028.0
2026-07-20 09:15:00+05:30,1468.7,1469.0,1455.0,1462.6,7801.0
2026-07-20 09:20:00+05:30,1462.6,1466.6,1460.5,1465.0,1014.0
2026-07-20 09:25:00+05:30,1465.0,1465.5,1463.2,1463.9,519.0
2026-07-20 09:30:00+05:30,1462.8,1465.0,1462.2,1463.3,581.0
2026-07-20 09:35:00+05:30,1461.9,1463.1,1450.7,1452.1,2634.0
2026-07-20 09:40:00+05:30,1452.3,1458.9,1450.3,1456.5,1096.0
2026-07-20 09:45:00+05:30,1458.8,1462.8,1458.8,1460.6,748.0
2026-07-20 09:50:00+05:30,1459.6,1461.8,1459.6,1460.0,150.0
2026-07-20 09:55:00+05:30,1457.3,1465.0,1457.3,1460.0,1202.0
2026-07-20 10:00:00+05:30,1459.9,1460.6,1458.7,1458.7,73.0
2026-07-20 10:05:00+05:30,1458.7,1461.0,1456.6,1458.1,322.0
2026-07-20 10:10:00+05:30,1458.1,1459.5,1457.2,1458.8,370.0
2026-07-20 10:15:00+05:30,1458.9,1460.8,1458.9,1459.9,158.0
2026-07-20 10:20:00+05:30,1459.9,1459.9,1456.0,1456.6,292.0
2026-07-20 10:25:00+05:30,1456.6,1465.5,1456.0,1460.0,15414.0
2026-07-20 10:30:00+05:30,1460.0,1461.3,1460.0,1460.0,120.0
2026-07-20 10:35:00+05:30,1460.0,1460.1,1458.9,1459.2,585.0
2026-07-20 10:40:00+05:30,1461.2,1461.2,1459.1,1459.1,130.0
2026-07-20 10:45:00+05:30,1459.1,1460.0,1459.1,1460.0,111.0
2026-07-20 10:50:00+05:30,1460.0,1460.8,1459.7,1460.7,808.0
2026-07-20 10:55:00+05:30,1460.6,1460.6,1459.9,1459.9,1498.0
2026-07-20 11:00:00+05:30,1461.0,1463.4,1459.6,1460.0,10091.0
2026-07-20 11:05:00+05:30,1459.7,1460.8,1459.7,1460.8,2656.0
2026-07-20 11:10:00+05:30,1460.0,1461.0,1459.4,1459.6,3012.0
2026-07-20 11:15:00+05:30,1460.4,1463.2,1460.0,1460.1,9125.0
2026-07-20 11:20:00+05:30,1460.0,1460.1,1458.5,1460.0,3202.0
2026-07-20 11:25:00+05:30,1459.9,1460.6,1459.7,1460.0,1590.0
2026-07-20 11:30:00+05:30,1460.0,1460.0,1458.7,1458.7,2673.0
2026-07-20 11:35:00+05:30,1458.7,1461.0,1458.7,1460.0,960.0
2026-07-20 11:40:00+05:30,1460.0,1460.1,1459.1,1460.0,1274.0
2026-07-20 11:45:00+05:30,1460.1,1460.1,1459.9,1460.0,463.0
2026-07-20 11:50:00+05:30,1460.0,1460.7,1459.9,1459.9,430.0
2026-07-20 11:55:00+05:30,1459.7,1460.4,1459.7,1459.9,2097.0
2026-07-20 12:00:00+05:30,1459.9,1460.0,1459.5,1460.0,55.0
2026-07-20 12:05:00+05:30,1460.0,1460.0,1459.9,1460.0,333.0
2026-07-20 12:10:00+05:30,1460.0,1462.0,1459.6,1460.0,18418.0
2026-07-20 12:15:00+05:30,1460.0,1460.2,1459.6,1460.0,246.0
2026-07-20 12:20:00+05:30,1460.0,1460.4,1459.9,1460.0,103.0
2026-07-20 12:25:00+05:30,1460.0,1460.1,1457.3,1458.0,5922.0
2026-07-20 12:30:00+05:30,1457.0,1457.0,1454.4,1455.1,753.0
2026-07-20 12:35:00+05:30,1455.9,1456.0,1455.1,1456.0,1419.0
2026-07-20 12:40:00+05:30,1455.7,1456.0,1454.2,1454.2,371.0
2026-07-20 12:45:00+05:30,1455.0,1455.0,1451.8,1452.1,4482.0
2026-07-20 12:50:00+05:30,1452.1,1455.4,1452.1,1454.7,2820.0
2026-07-20 12:55:00+05:30,1454.8,1460.2,1454.8,1458.0,691.0
2026-07-20 13:00:00+05:30,1458.7,1460.5,1458.1,1460.0,1051.0
2026-07-20 13:05:00+05:30,1460.0,1460.8,1459.2,1460.0,625.0
2026-07-20 13:10:00+05:30,1460.0,1461.0,1458.5,1460.0,918.0
2026-07-20 13:15:00+05:30,1460.0,1460.9,1459.1,1460.8,1994.0
2026-07-20 13:20:00+05:30,1460.0,1460.8,1459.4,1460.0,1497.0
2026-07-20 13:25:00+05:30,1460.0,1461.0,1459.6,1460.0,2412.0
2026-07-20 13:30:00+05:30,1460.0,1461.0,1459.0,1459.2,1764.0
2026-07-20 13:35:00+05:30,1460.0,1460.8,1459.2,1460.8,1919.0
2026-07-20 13:40:00+05:30,1460.0,1461.0,1459.3,1460.0,1674.0
2026-07-20 13:45:00+05:30,1460.0,1460.9,1459.5,1459.9,1651.0
2026-07-20 13:50:00+05:30,1460.0,1461.0,1459.0,1459.9,1378.0
2026-07-20 13:55:00+05:30,1460.0,1460.9,1459.3,1460.0,1937.0
2026-07-20 14:00:00+05:30,1460.0,1461.9,1458.4,1459.9,4974.0
2026-07-20 14:05:00+05:30,1459.8,1460.8,1458.3,1458.3,2486.0
2026-07-20 14:10:00+05:30,1459.5,1460.8,1458.0,1460.0,1295.0
2026-07-20 14:15:00+05:30,1460.0,1461.0,1458.1,1460.0,1208.0
2026-07-20 14:20:00+05:30,1459.2,1460.8,1458.8,1459.9,739.0
2026-07-20 14:25:00+05:30,1459.6,1460.8,1457.7,1458.4,1047.0
2026-07-20 14:30:00+05:30,1459.5,1460.5,1457.8,1458.8,769.0
2026-07-20 14:35:00+05:30,1460.0,1461.0,1453.0,1454.7,3225.0
2026-07-20 14:40:00+05:30,1454.5,1457.3,1452.6,1454.3,1508.0
2026-07-20 14:45:00+05:30,1454.6,1459.0,1454.6,1457.7,1104.0
2026-07-20 14:50:00+05:30,1456.8,1458.4,1453.2,1453.4,2391.0
2026-07-20 14:55:00+05:30,1455.2,1457.0,1453.9,1455.3,2306.0
2026-07-20 15:00:00+05:30,1454.3,1457.0,1454.3,1456.5,1908.0
2026-07-20 15:05:00+05:30,1456.4,1457.0,1455.7,1456.0,2711.0
2026-07-20 15:10:00+05:30,1456.5,1456.5,1452.1,1455.0,1460.0
2026-07-20 15:15:00+05:30,1455.0,1456.4,1451.6,1455.5,3311.0
2026-07-20 15:20:00+05:30,1455.4,1456.5,1454.4,1455.2,2288.0
2026-07-20 15:25:00+05:30,1455.0,1470.0,1454.0,1455.0,6455.0
2026-07-21 09:15:00+05:30,1540.3,1559.5,1515.0,1529.3,321779.0
2026-07-21 09:20:00+05:30,1528.5,1529.9,1506.0,1507.7,139888.0
2026-07-21 09:25:00+05:30,1507.4,1507.7,1474.0,1477.9,194070.0
2026-07-21 09:30:00+05:30,1479.0,1480.0,1472.9,1473.7,86609.0
2026-07-21 09:35:00+05:30,1472.8,1479.9,1461.1,1467.3,89639.0
2026-07-21 09:40:00+05:30,1466.8,1468.1,1460.1,1463.9,63730.0
2026-07-21 09:45:00+05:30,1463.8,1473.6,1462.0,1470.1,59847.0
2026-07-21 09:50:00+05:30,1470.0,1471.5,1469.5,1470.0,33562.0
2026-07-21 09:55:00+05:30,1470.0,1471.7,1468.5,1470.0,32955.0
2026-07-21 10:00:00+05:30,1470.0,1471.5,1469.0,1470.6,20655.0
2026-07-21 10:05:00+05:30,1470.1,1482.2,1470.1,1480.1,61150.0
2026-07-21 10:10:00+05:30,1481.0,1483.0,1480.0,1480.0,39939.0
2026-07-21 10:15:00+05:30,1480.9,1483.6,1480.0,1482.2,26400.0
2026-07-21 10:20:00+05:30,1482.3,1484.0,1480.1,1480.9,22707.0
2026-07-21 10:25:00+05:30,1480.9,1482.6,1480.0,1480.0,22500.0
2026-07-21 10:30:00+05:30,1480.2,1481.9,1480.0,1480.5,13947.0
2026-07-21 10:35:00+05:30,1481.2,1491.5,1480.0,1490.0,59166.0
2026-07-21 10:40:00+05:30,1490.3,1495.7,1485.1,1494.0,51973.0
2026-07-21 10:45:00+05:30,1494.0,1506.3,1492.0,1504.0,40176.0
2026-07-21 10:50:00+05:30,1504.0,1505.8,1501.1,1503.6,61649.0
2026-07-21 10:55:00+05:30,1503.9,1506.2,1499.2,1500.5,38980.0
2026-07-21 11:00:00+05:30,1500.7,1504.0,1489.0,1497.9,102024.0
2026-07-21 11:05:00+05:30,1496.2,1501.0,1495.8,1500.0,27962.0
2026-07-21 11:10:00+05:30,1500.2,1500.2,1491.0,1492.9,32823.0
2026-07-21 11:15:00+05:30,1491.9,1494.7,1486.1,1489.7,31443.0
2026-07-21 11:20:00+05:30,1489.7,1494.8,1487.4,1491.2,17847.0
2026-07-21 11:25:00+05:30,1491.3,1493.5,1490.2,1491.0,8418.0
2026-07-21 11:30:00+05:30,1491.0,1492.8,1488.5,1492.7,7907.0
2026-07-21 11:35:00+05:30,1492.4,1495.2,1492.4,1494.6,14793.0
2026-07-21 11:40:00+05:30,1493.8,1495.0,1491.0,1494.0,13816.0
2026-07-21 11:45:00+05:30,1494.0,1495.0,1493.0,1494.9,7531.0
2026-07-21 11:50:00+05:30,1495.0,1495.0,1491.4,1493.8,10239.0
2026-07-21 11:55:00+05:30,1492.9,1493.5,1485.0,1488.9,27364.0
2026-07-21 12:00:00+05:30,1488.5,1490.7,1486.9,1489.3,7974.0
2026-07-21 12:05:00+05:30,1489.4,1492.7,1488.0,1492.7,6551.0
2026-07-21 12:10:00+05:30,1492.2,1493.9,1490.9,1492.4,6693.0
2026-07-21 12:15:00+05:30,1491.8,1492.3,1488.0,1489.6,9333.0
2026-07-21 12:20:00+05:30,1489.6,1491.9,1488.0,1491.4,9102.0
2026-07-21 12:25:00+05:30,1491.1,1491.9,1486.2,1488.0,11155.0
2026-07-21 12:30:00+05:30,1488.0,1488.0,1466.9,1470.9,64268.0
2026-07-21 12:35:00+05:30,1470.9,1474.3,1459.0,1468.0,87391.0
2026-07-21 12:40:00+05:30,1468.6,1471.0,1467.0,1469.2,14347.0
2026-07-21 12:45:00+05:30,1469.1,1472.0,1468.2,1470.3,14645.0
2026-07-21 12:50:00+05:30,1470.8,1475.2,1470.7,1475.0,12963.0
2026-07-21 12:55:00+05:30,1474.6,1475.5,1467.8,1469.1,20032.0
2026-07-21 13:00:00+05:30,1468.2,1469.9,1463.2,1469.1,21516.0
2026-07-21 13:05:00+05:30,1469.1,1470.8,1467.5,1469.0,9876.0
2026-07-21 13:10:00+05:30,1469.3,1471.3,1467.6,1470.0,10341.0
2026-07-21 13:15:00+05:30,1469.8,1472.2,1468.2,1472.2,15008.0
2026-07-21 13:20:00+05:30,1471.5,1475.1,1470.4,1474.4,11464.0
2026-07-21 13:25:00+05:30,1474.6,1485.6,1473.6,1479.8,30868.0
2026-07-21 13:30:00+05:30,1480.0,1480.2,1476.6,1478.0,12663.0
2026-07-21 13:35:00+05:30,1479.8,1480.0,1472.1,1472.2,10817.0
2026-07-21 13:40:00+05:30,1472.7,1475.0,1470.0,1472.9,13423.0
2026-07-21 13:45:00+05:30,1473.0,1474.6,1472.0,1472.6,9188.0
2026-07-21 13:50:00+05:30,1472.6,1475.0,1471.8,1474.0,6218.0
2026-07-21 13:55:00+05:30,1473.8,1475.0,1472.6,1473.9,6094.0
2026-07-21 14:00:00+05:30,1473.9,1475.6,1472.9,1473.5,12786.0
2026-07-21 14:05:00+05:30,1474.0,1475.5,1472.7,1474.3,5772.0
2026-07-21 14:10:00+05:30,1473.6,1475.0,1472.1,1474.0,5059.0
2026-07-21 14:15:00+05:30,1473.3,1475.0,1472.0,1474.3,7421.0
2026-07-21 14:20:00+05:30,1473.4,1475.0,1469.8,1470.5,9841.0
2026-07-21 14:25:00+05:30,1470.5,1472.8,1468.0,1472.8,8179.0
2026-07-21 14:30:00+05:30,1472.1,1473.8,1471.5,1472.6,11087.0
2026-07-21 14:35:00+05:30,1472.6,1473.3,1468.0,1468.0,13581.0
2026-07-21 14:40:00+05:30,1468.0,1468.3,1463.1,1464.9,22525.0
2026-07-21 14:45:00+05:30,1464.5,1465.9,1463.5,1465.8,11266.0
2026-07-21 14:50:00+05:30,1464.5,1465.5,1457.1,1460.0,26128.0
2026-07-21 14:55:00+05:30,1460.0,1460.8,1459.4,1460.3,6565.0
2026-07-21 15:00:00+05:30,1460.3,1462.0,1459.0,1460.1,16061.0
2026-07-21 15:05:00+05:30,1459.1,1461.0,1455.7,1460.3,15566.0
2026-07-21 15:10:00+05:30,1460.0,1461.0,1458.2,1460.0,19351.0
2026-07-21 15:15:00+05:30,1459.5,1461.0,1446.1,1452.7,75412.0
2026-07-21 15:20:00+05:30,1453.2,1459.4,1451.6,1454.9,57671.0
2026-07-21 15:25:00+05:30,1454.9,1458.2,1451.2,1453.5,26347.0
2026-07-22 09:15:00+05:30,1466.9,1481.0,1460.0,1466.7,23833.0
2026-07-22 09:20:00+05:30,1466.6,1467.2,1461.5,1463.2,11384.0
2026-07-22 09:25:00+05:30,1463.2,1463.2,1455.9,1458.5,12202.0
2026-07-22 09:30:00+05:30,1458.1,1458.1,1426.3,1427.0,23224.0
2026-07-22 09:35:00+05:30,1427.4,1439.0,1426.0,1438.0,7600.0
2026-07-22 09:40:00+05:30,1438.9,1440.0,1435.3,1437.7,2849.0
2026-07-22 09:45:00+05:30,1437.1,1437.1,1424.0,1424.0,14498.0
2026-07-22 09:50:00+05:30,1423.5,1428.4,1423.3,1424.1,3046.0
2026-07-22 09:55:00+05:30,1424.1,1425.7,1422.1,1423.1,3414.0
2026-07-22 10:00:00+05:30,1423.0,1435.0,1422.3,1427.4,8075.0
2026-07-22 10:05:00+05:30,1426.2,1430.5,1424.3,1429.1,2546.0
2026-07-22 10:10:00+05:30,1430.0,1430.0,1427.0,1427.5,2683.0
2026-07-22 10:15:00+05:30,1427.0,1427.9,1424.5,1426.9,3656.0
2026-07-22 10:20:00+05:30,1426.5,1426.9,1423.4,1424.0,1467.0
2026-07-22 10:25:00+05:30,1423.4,1425.2,1421.0,1424.5,3856.0
2026-07-22 10:30:00+05:30,1422.8,1427.5,1422.8,1426.7,884.0
2026-07-22 10:35:00+05:30,1425.0,1428.0,1423.5,1425.1,3268.0
2026-07-22 10:40:00+05:30,1425.0,1428.0,1423.8,1426.1,3177.0
2026-07-22 10:45:00+05:30,1425.0,1426.8,1425.0,1426.2,671.0
2026-07-22 10:50:00+05:30,1426.9,1427.6,1425.0,1427.5,352.0
2026-07-22 10:55:00+05:30,1427.5,1427.5,1425.5,1427.1,898.0
2026-07-22 11:00:00+05:30,1427.0,1427.0,1425.0,1425.4,382.0
2026-07-22 11:05:00+05:30,1425.0,1425.7,1423.8,1425.0,863.0
2026-07-22 11:10:00+05:30,1425.7,1427.5,1423.8,1423.8,1177.0
2026-07-22 11:15:00+05:30,1423.8,1425.7,1423.0,1424.2,2005.0
2026-07-22 11:20:00+05:30,1424.5,1425.3,1423.3,1424.2,1111.0
2026-07-22 11:25:00+05:30,1424.5,1427.1,1423.4,1425.4,1445.0
2026-07-22 11:30:00+05:30,1425.4,1426.3,1424.5,1425.6,901.0
2026-07-22 11:35:00+05:30,1425.4,1425.4,1424.2,1425.0,251.0
2026-07-22 11:40:00+05:30,1426.6,1426.6,1418.0,1419.0,9491.0
2026-07-22 11:45:00+05:30,1419.0,1420.8,1417.6,1419.4,1340.0
2026-07-22 11:50:00+05:30,1420.2,1421.9,1419.2,1420.9,464.0
2026-07-22 11:55:00+05:30,1420.7,1428.9,1419.9,1423.2,6072.0
2026-07-22 12:00:00+05:30,1423.1,1423.9,1419.8,1420.0,457.0
2026-07-22 12:05:00+05:30,1420.0,1421.3,1418.0,1418.1,1974.0
2026-07-22 12:10:00+05:30,1419.4,1422.0,1418.2,1420.5,981.0
2026-07-22 12:15:00+05:30,1421.5,1421.5,1420.5,1420.5,256.0
2026-07-22 12:20:00+05:30,1420.9,1421.1,1418.8,1420.0,1058.0
2026-07-22 12:25:00+05:30,1420.3,1421.2,1419.6,1420.0,209.0
2026-07-22 12:30:00+05:30,1420.0,1420.5,1419.1,1419.3,259.0
2026-07-22 12:35:00+05:30,1418.9,1419.8,1418.0,1419.0,1039.0
2026-07-22 12:40:00+05:30,1420.0,1421.9,1419.0,1421.9,789.0
2026-07-22 12:45:00+05:30,1422.0,1422.0,1420.0,1420.6,742.0
2026-07-22 12:50:00+05:30,1420.6,1420.6,1419.2,1419.2,554.0
2026-07-22 12:55:00+05:30,1420.2,1420.7,1419.7,1420.0,520.0
2026-07-22 13:00:00+05:30,1419.2,1421.3,1419.2,1419.6,1353.0
2026-07-22 13:05:00+05:30,1419.6,1422.2,1419.6,1420.0,599.0
2026-07-22 13:10:00+05:30,1419.3,1420.5,1419.2,1420.5,550.0
2026-07-22 13:15:00+05:30,1419.4,1422.0,1419.4,1422.0,767.0
2026-07-22 13:20:00+05:30,1422.0,1422.9,1421.9,1422.9,858.0
2026-07-22 13:25:00+05:30,1422.6,1422.6,1421.7,1422.1,169.0
2026-07-22 13:30:00+05:30,1421.4,1422.4,1420.5,1420.8,415.0
2026-07-22 13:35:00+05:30,1421.8,1425.5,1421.8,1424.1,660.0
2026-07-22 13:40:00+05:30,1423.9,1429.1,1422.0,1426.7,3836.0
2026-07-22 13:45:00+05:30,1427.1,1427.4,1425.4,1426.5,965.0
2026-07-22 13:50:00+05:30,1426.3,1427.4,1425.9,1426.5,562.0
2026-07-22 13:55:00+05:30,1425.0,1427.0,1425.0,1425.0,1001.0
2026-07-22 14:00:00+05:30,1425.7,1425.7,1425.0,1425.6,231.0
2026-07-22 14:05:00+05:30,1425.3,1426.6,1425.0,1426.6,1648.0
2026-07-22 14:10:00+05:30,1426.9,1426.9,1424.7,1425.3,646.0
2026-07-22 14:15:00+05:30,1425.3,1426.2,1425.0,1425.2,258.0
2026-07-22 14:20:00+05:30,1425.3,1425.8,1425.0,1425.0,913.0
2026-07-22 14:25:00+05:30,1425.0,1426.2,1425.0,1425.7,2516.0
2026-07-22 14:30:00+05:30,1425.1,1426.8,1425.0,1425.0,1048.0
2026-07-22 14:35:00+05:30,1425.0,1427.5,1425.0,1427.5,1417.0
2026-07-22 14:40:00+05:30,1426.4,1429.0,1425.1,1428.5,4414.0
2026-07-22 14:45:00+05:30,1428.5,1429.8,1426.7,1429.8,2288.0
2026-07-22 14:50:00+05:30,1430.1,1430.2,1427.9,1429.1,2973.0
2026-07-22 14:55:00+05:30,1429.1,1429.8,1428.5,1429.0,3761.0
2026-07-22 15:00:00+05:30,1428.5,1429.0,1426.1,1427.7,7948.0
2026-07-22 15:05:00+05:30,1428.0,1429.4,1427.3,1428.3,4786.0
2026-07-22 15:10:00+05:30,1427.9,1428.3,1425.4,1427.0,6996.0
2026-07-22 15:15:00+05:30,1426.3,1428.7,1426.3,1428.7,7450.0
2026-07-22 15:20:00+05:30,1428.7,1428.8,1418.2,1420.2,9015.0
2026-07-22 15:25:00+05:30,1420.2,1421.4,1417.5,1420.0,4119.0
2026-07-23 09:15:00+05:30,1420.0,1422.4,1396.0,1405.6,14993.0
2026-07-23 09:20:00+05:30,1406.0,1415.0,1403.1,1413.9,7761.0
2026-07-23 09:25:00+05:30,1413.9,1415.9,1393.1,1395.9,11543.0
2026-07-23 09:30:00+05:30,1396.5,1397.9,1393.0,1394.0,7818.0
2026-07-23 09:35:00+05:30,1394.4,1394.4,1390.6,1391.6,5975.0
2026-07-23 09:40:00+05:30,1391.0,1391.3,1385.2,1386.1,6980.0
2026-07-23 09:45:00+05:30,1386.7,1401.9,1385.0,1399.6,16347.0
2026-07-23 09:50:00+05:30,1400.0,1402.0,1393.5,1397.1,4599.0
2026-07-23 09:55:00+05:30,1396.2,1400.0,1396.2,1400.0,1245.0
2026-07-23 10:00:00+05:30,1399.6,1404.2,1398.5,1401.5,4373.0
2026-07-23 10:05:00+05:30,1401.1,1406.9,1399.0,1405.8,4945.0
2026-07-23 10:10:00+05:30,1405.0,1406.1,1400.1,1400.1,1705.0
2026-07-23 10:15:00+05:30,1400.0,1400.7,1395.5,1397.0,3241.0
2026-07-23 10:20:00+05:30,1397.2,1398.9,1395.8,1398.8,869.0
2026-07-23 10:25:00+05:30,1397.9,1400.0,1395.7,1399.0,1206.0
2026-07-23 10:30:00+05:30,1398.9,1399.0,1392.1,1392.1,2692.0
2026-07-23 10:35:00+05:30,1392.8,1392.8,1388.1,1389.6,4354.0
2026-07-23 10:40:00+05:30,1389.6,1392.8,1389.0,1391.5,3000.0
2026-07-23 10:45:00+05:30,1391.8,1395.0,1391.0,1393.2,1434.0
2026-07-23 10:50:00+05:30,1393.0,1394.4,1393.0,1394.0,344.0
2026-07-23 10:55:00+05:30,1394.0,1395.2,1393.1,1394.1,623.0
2026-07-23 11:00:00+05:30,1393.7,1398.3,1393.6,1397.8,3863.0
2026-07-23 11:05:00+05:30,1398.0,1401.5,1393.2,1393.2,1712.0
2026-07-23 11:10:00+05:30,1393.2,1394.1,1387.0,1388.7,5772.0
2026-07-23 11:15:00+05:30,1388.7,1389.2,1387.0,1387.1,1584.0
2026-07-23 11:20:00+05:30,1387.2,1388.9,1386.4,1386.4,1948.0
2026-07-23 11:25:00+05:30,1388.8,1391.8,1387.3,1389.0,10659.0
2026-07-23 11:30:00+05:30,1388.2,1392.2,1386.1,1389.0,12182.0
2026-07-23 11:35:00+05:30,1389.0,1389.7,1388.5,1389.7,1878.0
2026-07-23 11:40:00+05:30,1388.7,1389.6,1387.1,1387.5,774.0
2026-07-23 11:45:00+05:30,1389.0,1389.0,1387.0,1387.1,648.0
2026-07-23 11:50:00+05:30,1387.0,1389.0,1382.5,1384.0,6916.0
2026-07-23 11:55:00+05:30,1383.9,1386.0,1382.6,1386.0,761.0
2026-07-23 12:00:00+05:30,1385.0,1387.9,1385.0,1385.0,2972.0
2026-07-23 12:05:00+05:30,1385.9,1387.5,1385.0,1385.7,1320.0
2026-07-23 12:10:00+05:30,1385.7,1386.0,1385.0,1385.0,314.0
2026-07-23 12:15:00+05:30,1384.7,1385.7,1384.4,1384.4,737.0
2026-07-23 12:20:00+05:30,1385.7,1386.0,1384.0,1384.1,200.0
2026-07-23 12:25:00+05:30,1384.1,1384.1,1382.7,1384.0,1858.0
2026-07-23 12:30:00+05:30,1382.8,1383.9,1382.1,1382.5,1101.0
2026-07-23 12:35:00+05:30,1382.3,1385.9,1382.1,1385.9,956.0
2026-07-23 12:40:00+05:30,1385.9,1386.0,1383.0,1385.0,3302.0
2026-07-23 12:45:00+05:30,1385.0,1385.0,1381.0,1381.0,6100.0
2026-07-23 12:50:00+05:30,1381.5,1381.9,1378.1,1381.0,7118.0
2026-07-23 12:55:00+05:30,1381.8,1381.8,1379.2,1380.1,2216.0
2026-07-23 13:00:00+05:30,1380.4,1381.1,1377.5,1377.9,1433.0
2026-07-23 13:05:00+05:30,1377.9,1379.0,1377.0,1378.6,845.0
2026-07-23 13:10:00+05:30,1378.6,1379.0,1377.0,1378.8,880.0
2026-07-23 13:15:00+05:30,1383.0,1385.7,1381.7,1383.0,15976.0
2026-07-23 13:20:00+05:30,1384.2,1384.9,1379.9,1380.2,2920.0
2026-07-23 13:25:00+05:30,1380.3,1385.0,1379.0,1380.7,1667.0
2026-07-23 13:30:00+05:30,1380.6,1387.0,1378.8,1383.4,8559.0
2026-07-23 13:35:00+05:30,1386.0,1389.0,1385.1,1387.5,5072.0
2026-07-23 13:40:00+05:30,1389.0,1389.0,1383.8,1384.4,9254.0
2026-07-23 13:45:00+05:30,1384.4,1389.0,1384.4,1386.8,4392.0
2026-07-23 13:50:00+05:30,1386.0,1386.9,1383.6,1384.0,970.0
2026-07-23 13:55:00+05:30,1384.0,1385.0,1383.7,1383.7,459.0
2026-07-23 14:00:00+05:30,1385.0,1385.0,1382.6,1383.6,824.0
2026-07-23 14:05:00+05:30,1383.2,1385.0,1381.1,1382.4,1199.0
2026-07-23 14:10:00+05:30,1382.4,1386.3,1382.4,1385.0,1803.0
2026-07-23 14:15:00+05:30,1386.0,1386.3,1384.0,1384.0,436.0
2026-07-23 14:20:00+05:30,1384.5,1385.0,1377.2,1377.2,3637.0
2026-07-23 14:25:00+05:30,1378.3,1382.3,1378.3,1381.2,2727.0
2026-07-23 14:30:00+05:30,1382.0,1385.0,1380.8,1384.0,2899.0
2026-07-23 14:35:00+05:30,1385.6,1385.6,1380.5,1383.0,5111.0
2026-07-23 14:40:00+05:30,1384.1,1384.2,1381.3,1381.4,465.0
2026-07-23 14:45:00+05:30,1382.6,1385.0,1382.6,1385.0,2519.0
2026-07-23 14:50:00+05:30,1383.7,1384.9,1383.1,1384.9,1084.0
2026-07-23 14:55:00+05:30,1383.9,1385.0,1383.6,1384.6,1639.0
2026-07-23 15:00:00+05:30,1384.6,1385.0,1379.3,1380.9,5015.0
2026-07-23 15:05:00+05:30,1381.1,1388.7,1379.6,1385.8,22312.0
2026-07-23 15:10:00+05:30,1387.3,1387.3,1371.0,1377.0,8557.0
2026-07-23 15:15:00+05:30,1378.0,1378.7,1367.6,1369.6,10812.0
2026-07-23 15:20:00+05:30,1368.5,1374.9,1365.1,1369.4,9568.0
2026-07-23 15:25:00+05:30,1367.9,1373.0,1365.3,1369.0,8346.0
2026-07-24 09:15:00+05:30,1355.3,1365.0,1347.1,1361.6,8275.0
2026-07-24 09:20:00+05:30,1361.1,1367.3,1350.0,1350.3,8656.0
2026-07-24 09:25:00+05:30,1350.0,1351.0,1346.0,1347.7,7292.0
2026-07-24 09:30:00+05:30,1347.4,1353.5,1347.4,1350.2,3808.0
2026-07-24 09:35:00+05:30,1350.7,1350.7,1340.4,1340.6,5962.0
2026-07-24 09:40:00+05:30,1341.0,1345.8,1340.7,1342.5,3026.0
2026-07-24 09:45:00+05:30,1343.5,1344.8,1340.0,1340.9,5465.0
2026-07-24 09:50:00+05:30,1340.5,1343.4,1340.0,1342.5,2797.0
2026-07-24 09:55:00+05:30,1342.5,1343.6,1340.0,1340.6,2768.0
2026-07-24 10:00:00+05:30,1340.6,1341.5,1333.2,1335.0,7367.0
2026-07-24 10:05:00+05:30,1334.9,1336.1,1332.7,1335.1,3373.0
2026-07-24 10:10:00+05:30,1334.6,1334.9,1332.0,1332.1,2233.0
2026-07-24 10:15:00+05:30,1332.2,1338.8,1325.7,1330.1,8125.0
2026-07-24 10:20:00+05:30,1330.7,1331.1,1329.0,1331.1,2860.0
2026-07-24 10:25:00+05:30,1330.3,1333.3,1329.3,1331.9,2284.0
2026-07-24 10:30:00+05:30,1332.0,1332.3,1329.0,1330.1,1356.0
2026-07-24 10:35:00+05:30,1330.1,1334.9,1330.1,1333.7,2052.0
2026-07-24 10:40:00+05:30,1333.8,1338.8,1333.8,1333.8,2447.0
2026-07-24 10:45:00+05:30,1334.2,1336.6,1333.0,1336.0,1474.0
2026-07-24 10:50:00+05:30,1336.0,1348.1,1335.6,1345.0,34580.0
2026-07-24 10:55:00+05:30,1344.8,1344.8,1340.5,1340.6,1487.0
2026-07-24 11:00:00+05:30,1340.6,1340.7,1338.5,1339.7,1648.0
2026-07-24 11:05:00+05:30,1340.0,1340.6,1339.6,1339.6,271.0
2026-07-24 11:10:00+05:30,1340.0,1341.9,1340.0,1341.0,385.0
2026-07-24 11:15:00+05:30,1341.4,1344.0,1341.3,1343.3,280.0
2026-07-24 11:20:00+05:30,1343.3,1346.1,1343.3,1345.7,965.0
2026-07-24 11:25:00+05:30,1345.5,1346.6,1343.6,1344.9,2712.0
2026-07-24 11:30:00+05:30,1344.1,1344.4,1343.3,1344.0,281.0
2026-07-24 11:35:00+05:30,1344.7,1345.8,1344.1,1345.0,422.0
2026-07-24 11:40:00+05:30,1344.5,1346.0,1344.5,1346.0,710.0
2026-07-24 11:45:00+05:30,1345.8,1347.4,1345.6,1345.7,1132.0
2026-07-24 11:50:00+05:30,1346.6,1347.9,1345.7,1346.0,1702.0
2026-07-24 11:55:00+05:30,1345.6,1347.0,1345.6,1346.2,1690.0
2026-07-24 12:00:00+05:30,1349.1,1356.8,1346.9,1351.5,37405.0
2026-07-24 12:05:00+05:30,1353.5,1353.5,1350.1,1352.7,2133.0
2026-07-24 12:10:00+05:30,1351.6,1363.0,1351.0,1363.0,12131.0
2026-07-24 12:15:00+05:30,1363.0,1363.0,1355.0,1360.2,10188.0
2026-07-24 12:20:00+05:30,1361.0,1361.3,1355.4,1355.4,2867.0
2026-07-24 12:25:00+05:30,1355.2,1360.9,1355.1,1360.9,2539.0
2026-07-24 12:30:00+05:30,1360.0,1360.9,1357.9,1358.3,1155.0
2026-07-24 12:35:00+05:30,1359.0,1361.1,1357.1,1358.7,2870.0
2026-07-24 12:40:00+05:30,1359.2,1360.8,1358.4,1360.8,473.0
2026-07-24 12:45:00+05:30,1360.8,1364.0,1359.1,1359.2,3476.0
2026-07-24 12:50:00+05:30,1359.2,1360.7,1358.0,1358.1,899.0
2026-07-24 12:55:00+05:30,1359.5,1362.4,1358.1,1361.9,922.0
2026-07-24 13:00:00+05:30,1362.7,1366.7,1361.5,1363.1,2413.0
2026-07-24 13:05:00+05:30,1364.0,1365.8,1362.9,1365.1,979.0
2026-07-24 13:10:00+05:30,1365.1,1367.0,1364.1,1364.6,1254.0
2026-07-24 13:15:00+05:30,1364.6,1367.5,1362.9,1364.7,3466.0
2026-07-24 13:20:00+05:30,1364.2,1368.0,1363.5,1366.5,2537.0
2026-07-24 13:25:00+05:30,1367.7,1368.8,1364.4,1365.9,4062.0
2026-07-24 13:30:00+05:30,1365.8,1366.2,1359.0,1360.1,2516.0
2026-07-24 13:35:00+05:30,1359.7,1363.3,1358.7,1361.3,873.0
2026-07-24 13:40:00+05:30,1362.1,1363.0,1357.1,1357.7,2852.0
2026-07-24 13:45:00+05:30,1356.5,1359.4,1356.5,1358.7,1327.0
2026-07-24 13:50:00+05:30,1359.5,1361.0,1358.4,1359.6,1482.0
2026-07-24 13:55:00+05:30,1359.8,1361.9,1358.1,1360.4,2314.0
2026-07-24 14:00:00+05:30,1362.0,1365.0,1360.8,1363.1,1433.0
2026-07-24 14:05:00+05:30,1364.5,1364.9,1362.0,1362.1,1158.0
2026-07-24 14:10:00+05:30,1362.1,1364.0,1360.8,1361.9,1124.0
2026-07-24 14:15:00+05:30,1361.9,1363.0,1360.4,1360.4,1208.0
2026-07-24 14:20:00+05:30,1361.0,1361.9,1357.3,1358.5,2333.0
2026-07-24 14:25:00+05:30,1357.5,1359.9,1357.0,1359.9,1294.0
2026-07-24 14:30:00+05:30,1360.9,1362.6,1359.1,1359.7,1082.0
2026-07-24 14:35:00+05:30,1361.1,1361.9,1353.3,1354.6,13429.0
2026-07-24 14:40:00+05:30,1354.3,1359.0,1351.9,1358.2,2668.0
2026-07-24 14:45:00+05:30,1358.2,1362.5,1357.4,1359.3,2701.0
2026-07-24 14:50:00+05:30,1359.0,1362.0,1357.2,1359.5,3606.0
2026-07-24 14:55:00+05:30,1359.6,1360.7,1358.1,1359.7,2054.0
2026-07-24 15:00:00+05:30,1362.5,1363.0,1358.0,1359.6,2992.0
2026-07-24 15:05:00+05:30,1359.6,1361.9,1358.5,1360.8,3329.0
2026-07-24 15:10:00+05:30,1360.8,1362.3,1358.7,1361.8,3396.0
2026-07-24 15:15:00+05:30,1361.5,1364.4,1359.0,1362.3,5856.0
2026-07-24 15:20:00+05:30,1361.9,1362.6,1360.1,1362.0,5645.0
2026-07-24 15:25:00+05:30,1361.5,1375.0,1360.5,1369.0,6146.0
2026-07-27 09:15:00+05:30,1373.7,1383.7,1365.0,1365.7,9452.0
2026-07-27 09:20:00+05:30,1365.7,1374.0,1365.5,1373.0,3254.0
2026-07-27 09:25:00+05:30,1373.0,1380.0,1371.2,1380.0,1055.0
2026-07-27 09:30:00+05:30,1380.0,1382.8,1379.0,1382.8,2300.0
2026-07-27 09:35:00+05:30,1382.8,1385.0,1381.8,1383.5,948.0
2026-07-27 09:40:00+05:30,1383.5,1384.6,1373.7,1373.7,4078.0
2026-07-27 09:45:00+05:30,1372.6,1377.6,1372.1,1377.6,1235.0
2026-07-27 09:50:00+05:30,1377.6,1381.8,1377.0,1380.9,857.0
2026-07-27 09:55:00+05:30,1380.1,1385.0,1377.8,1381.2,3326.0
2026-07-27 10:00:00+05:30,1381.3,1384.0,1380.1,1382.4,1310.0
2026-07-27 10:05:00+05:30,1383.2,1383.5,1381.8,1381.9,342.0
2026-07-27 10:10:00+05:30,1382.9,1383.5,1380.4,1382.9,351.0
2026-07-27 10:15:00+05:30,1382.9,1383.0,1380.0,1380.0,957.0
2026-07-27 10:20:00+05:30,1380.3,1381.5,1380.0,1380.0,369.0
2026-07-27 10:25:00+05:30,1380.0,1382.7,1380.0,1382.7,474.0
2026-07-27 10:30:00+05:30,1381.2,1381.5,1380.0,1380.3,380.0
2026-07-27 10:35:00+05:30,1380.1,1380.7,1378.1,1378.1,790.0
2026-07-27 10:40:00+05:30,1378.1,1379.1,1377.6,1378.7,406.0
2026-07-27 10:45:00+05:30,1378.7,1379.9,1378.7,1379.7,225.0
2026-07-27 10:50:00+05:30,1378.9,1380.5,1378.8,1378.9,424.0
2026-07-27 10:55:00+05:30,1378.9,1380.9,1378.8,1380.0,454.0
2026-07-27 11:00:00+05:30,1380.0,1381.1,1379.8,1380.0,69.0
2026-07-27 11:05:00+05:30,1380.0,1382.7,1379.9,1380.1,480.0
2026-07-27 11:10:00+05:30,1378.8,1380.2,1378.7,1380.2,153.0
2026-07-27 11:15:00+05:30,1380.2,1380.2,1379.4,1379.4,240.0
2026-07-27 11:20:00+05:30,1379.2,1380.1,1379.0,1379.2,72.0
2026-07-27 11:25:00+05:30,1379.2,1380.2,1379.2,1379.2,105.0
2026-07-27 11:30:00+05:30,1380.0,1381.7,1377.0,1377.0,2348.0
2026-07-27 11:35:00+05:30,1377.0,1381.0,1376.2,1379.4,444.0
2026-07-27 11:40:00+05:30,1380.9,1381.4,1374.0,1375.2,1076.0
2026-07-27 11:45:00+05:30,1375.2,1376.0,1373.0,1374.7,2762.0
2026-07-27 11:50:00+05:30,1374.9,1375.3,1371.3,1375.3,1897.0
2026-07-27 11:55:00+05:30,1376.6,1376.6,1373.8,1373.8,839.0
2026-07-27 12:00:00+05:30,1374.3,1375.1,1374.3,1374.3,139.0
2026-07-27 12:05:00+05:30,1374.9,1375.5,1374.5,1375.0,231.0
2026-07-27 12:10:00+05:30,1375.0,1376.0,1374.5,1374.9,257.0
2026-07-27 12:15:00+05:30,1375.6,1376.8,1374.2,1375.7,114.0
2026-07-27 12:20:00+05:30,1375.7,1376.6,1375.5,1375.5,173.0
2026-07-27 12:25:00+05:30,1376.6,1377.8,1375.5,1375.5,1101.0
2026-07-27 12:30:00+05:30,1375.8,1375.9,1374.0,1375.0,1375.0
2026-07-27 12:35:00+05:30,1375.9,1376.9,1375.0,1376.9,157.0
2026-07-27 12:40:00+05:30,1376.9,1376.9,1375.0,1375.2,224.0
2026-07-27 12:45:00+05:30,1375.9,1376.0,1375.0,1376.0,113.0
2026-07-27 12:50:00+05:30,1376.0,1376.4,1372.6,1374.4,2463.0
2026-07-27 12:55:00+05:30,1374.4,1374.5,1373.4,1373.9,311.0
2026-07-27 13:00:00+05:30,1374.5,1375.0,1373.6,1374.4,156.0
2026-07-27 13:05:00+05:30,1374.5,1375.1,1373.6,1374.2,128.0
2026-07-27 13:10:00+05:30,1375.2,1375.2,1371.2,1372.6,1163.0
2026-07-27 13:15:00+05:30,1373.1,1373.6,1371.3,1373.2,288.0
2026-07-27 13:20:00+05:30,1373.0,1373.0,1370.5,1372.1,417.0
2026-07-27 13:25:00+05:30,1371.0,1372.5,1369.0,1369.3,1167.0
2026-07-27 13:30:00+05:30,1369.3,1370.1,1368.0,1368.3,928.0
2026-07-27 13:35:00+05:30,1368.5,1369.0,1368.0,1368.8,171.0
2026-07-27 13:40:00+05:30,1368.7,1370.8,1368.1,1368.2,730.0
2026-07-27 13:45:00+05:30,1369.5,1369.7,1367.0,1369.0,476.0
2026-07-27 13:50:00+05:30,1369.0,1370.0,1367.7,1369.0,269.0
2026-07-27 13:55:00+05:30,1369.0,1370.0,1368.6,1370.0,197.0
2026-07-27 14:00:00+05:30,1370.0,1372.0,1369.2,1371.5,416.0
2026-07-27 14:05:00+05:30,1371.6,1373.4,1370.6,1372.9,397.0
2026-07-27 14:10:00+05:30,1372.6,1373.9,1371.2,1372.9,278.0
2026-07-27 14:15:00+05:30,1372.7,1374.5,1371.6,1371.6,1464.0
2026-07-27 14:20:00+05:30,1372.5,1372.9,1371.6,1372.0,142.0
2026-07-27 14:25:00+05:30,1372.9,1374.4,1368.0,1369.3,3895.0
2026-07-27 14:30:00+05:30,1369.4,1369.8,1365.1,1365.9,1659.0
2026-07-27 14:35:00+05:30,1367.0,1368.7,1364.0,1364.4,3417.0
2026-07-27 14:40:00+05:30,1364.6,1365.3,1363.9,1364.5,4823.0
2026-07-27 14:45:00+05:30,1364.8,1365.2,1364.1,1364.5,3161.0
2026-07-27 14:50:00+05:30,1364.9,1366.8,1364.1,1364.9,3285.0
2026-07-27 14:55:00+05:30,1364.9,1365.0,1364.0,1364.5,901.0
2026-07-27 15:00:00+05:30,1364.9,1365.2,1361.3,1363.1,4770.0
2026-07-27 15:05:00+05:30,1363.4,1365.3,1362.5,1363.8,2615.0
2026-07-27 15:10:00+05:30,1363.8,1364.8,1363.3,1364.1,959.0
2026-07-27 15:15:00+05:30,1364.7,1364.7,1360.1,1362.0,3293.0
2026-07-27 15:20:00+05:30,1362.2,1363.5,1354.0,1355.7,5803.0
2026-07-27 15:25:00+05:30,1357.0,1364.1,1356.0,1364.0,4345.0
2026-07-28 09:15:00+05:30,1361.0,1371.2,1359.5,1360.9,3132.0
2026-07-28 09:20:00+05:30,1362.6,1362.9,1358.7,1362.0,2081.0
2026-07-28 09:25:00+05:30,1362.5,1368.9,1360.2,1366.8,2728.0
2026-07-28 09:30:00+05:30,1367.3,1367.4,1358.1,1360.1,6117.0
2026-07-28 09:35:00+05:30,1360.2,1361.2,1358.1,1360.0,1395.0
2026-07-28 09:40:00+05:30,1360.7,1362.2,1360.5,1361.2,4579.0
2026-07-28 09:45:00+05:30,1361.2,1361.5,1360.0,1360.0,727.0
2026-07-28 09:50:00+05:30,1361.2,1361.2,1354.2,1356.5,2325.0
2026-07-28 09:55:00+05:30,1356.5,1357.9,1347.0,1347.0,3882.0
2026-07-28 10:00:00+05:30,1347.2,1348.0,1344.7,1347.0,2765.0
2026-07-28 10:05:00+05:30,1346.6,1348.4,1342.0,1344.0,5540.0
2026-07-28 10:10:00+05:30,1343.4,1345.4,1342.0,1343.8,544.0
2026-07-28 10:15:00+05:30,1345.2,1347.6,1345.2,1346.6,583.0
2026-07-28 10:20:00+05:30,1346.6,1346.6,1343.5,1343.9,1084.0
2026-07-28 10:25:00+05:30,1343.9,1344.3,1342.0,1342.0,1058.0
2026-07-28 10:30:00+05:30,1342.0,1344.3,1341.9,1343.5,814.0
2026-07-28 10:35:00+05:30,1343.2,1349.0,1343.0,1346.9,2954.0
2026-07-28 10:40:00+05:30,1346.9,1347.4,1346.4,1347.4,412.0
2026-07-28 10:45:00+05:30,1347.0,1348.5,1343.9,1345.2,6666.0
2026-07-28 10:50:00+05:30,1343.9,1345.6,1343.1,1345.3,265.0
2026-07-28 10:55:00+05:30,1345.3,1345.3,1344.0,1345.3,203.0
2026-07-28 11:00:00+05:30,1345.5,1349.8,1344.2,1346.8,10982.0
2026-07-28 11:05:00+05:30,1346.8,1347.8,1345.4,1345.4,343.0
2026-07-28 11:10:00+05:30,1349.0,1349.0,1347.1,1349.0,620.0
2026-07-28 11:15:00+05:30,1348.2,1349.0,1347.2,1347.8,544.0
2026-07-28 11:20:00+05:30,1347.6,1349.8,1347.6,1347.7,410.0
2026-07-28 11:25:00+05:30,1347.2,1348.5,1347.2,1348.5,581.0
2026-07-28 11:30:00+05:30,1348.5,1348.5,1346.5,1347.4,600.0
2026-07-28 11:35:00+05:30,1346.1,1346.9,1345.4,1346.9,1726.0
2026-07-28 11:40:00+05:30,1347.2,1347.3,1345.9,1347.0,429.0
2026-07-28 11:45:00+05:30,1347.1,1348.2,1345.8,1347.1,287.0
2026-07-28 11:50:00+05:30,1347.0,1347.0,1345.0,1345.4,415.0
2026-07-28 11:55:00+05:30,1345.4,1346.0,1345.4,1345.7,169.0
2026-07-28 12:00:00+05:30,1345.7,1348.0,1345.7,1346.8,474.0
2026-07-28 12:05:00+05:30,1346.8,1348.0,1346.6,1346.6,367.0
2026-07-28 12:10:00+05:30,1347.6,1348.3,1346.5,1347.3,228.0
2026-07-28 12:15:00+05:30,1347.3,1348.0,1347.0,1347.0,228.0
2026-07-28 12:20:00+05:30,1346.6,1347.3,1345.8,1347.3,225.0
2026-07-28 12:25:00+05:30,1347.3,1347.6,1345.8,1347.1,116.0
2026-07-28 12:30:00+05:30,1347.0,1347.6,1346.4,1346.8,133.0
2026-07-28 12:35:00+05:30,1347.6,1347.6,1345.8,1345.8,215.0
2026-07-28 12:40:00+05:30,1346.9,1347.0,1345.0,1345.0,980.0
2026-07-28 12:45:00+05:30,1345.0,1346.4,1345.0,1345.2,297.0
2026-07-28 12:50:00+05:30,1346.2,1346.2,1342.6,1344.0,703.0
2026-07-28 12:55:00+05:30,1344.0,1345.0,1343.8,1344.1,134.0
2026-07-28 13:00:00+05:30,1343.7,1344.9,1343.7,1344.9,45.0
2026-07-28 13:05:00+05:30,1344.4,1345.4,1340.1,1343.4,1583.0
2026-07-28 13:10:00+05:30,1342.1,1343.2,1340.7,1340.7,432.0
2026-07-28 13:15:00+05:30,1340.7,1343.2,1340.3,1343.2,1538.0
2026-07-28 13:20:00+05:30,1343.2,1343.9,1342.3,1343.9,78.0
2026-07-28 13:25:00+05:30,1345.0,1345.9,1344.1,1345.9,178.0
2026-07-28 13:30:00+05:30,1345.9,1345.9,1343.9,1343.9,360.0
2026-07-28 13:35:00+05:30,1343.3,1344.2,1343.3,1343.3,63.0
2026-07-28 13:40:00+05:30,1343.3,1345.7,1343.0,1345.6,489.0
2026-07-28 13:45:00+05:30,1345.6,1346.0,1344.7,1346.0,395.0
2026-07-28 13:50:00+05:30,1345.5,1347.4,1344.9,1347.4,869.0
2026-07-28 13:55:00+05:30,1346.8,1347.6,1346.7,1346.9,162.0
2026-07-28 14:00:00+05:30,1346.7,1346.8,1344.2,1344.4,517.0
2026-07-28 14:05:00+05:30,1344.4,1346.0,1344.4,1345.9,500.0
2026-07-28 14:10:00+05:30,1346.4,1346.4,1344.4,1346.2,466.0
2026-07-28 14:15:00+05:30,1345.2,1347.0,1344.8,1346.8,355.0
2026-07-28 14:20:00+05:30,1346.8,1346.9,1342.0,1342.0,577.0
2026-07-28 14:25:00+05:30,1342.2,1344.3,1341.2,1342.8,1355.0
2026-07-28 14:30:00+05:30,1342.2,1344.6,1342.2,1343.7,267.0
2026-07-28 14:35:00+05:30,1343.7,1345.1,1343.7,1344.3,493.0
2026-07-28 14:40:00+05:30,1344.3,1346.0,1344.1,1346.0,391.0
2026-07-28 14:45:00+05:30,1346.5,1347.6,1346.2,1347.0,1507.0
2026-07-28 14:50:00+05:30,1347.6,1347.6,1345.8,1345.9,2575.0
2026-07-28 14:55:00+05:30,1345.9,1347.6,1345.9,1347.1,2928.0
2026-07-28 15:00:00+05:30,1347.1,1347.4,1344.5,1346.8,2007.0
2026-07-28 15:05:00+05:30,1346.9,1347.7,1345.1,1347.4,3982.0
2026-07-28 15:10:00+05:30,1347.4,1347.5,1343.3,1343.6,1574.0
2026-07-28 15:15:00+05:30,1344.0,1344.6,1341.0,1342.9,5022.0
2026-07-28 15:20:00+05:30,1342.0,1343.7,1341.3,1342.5,2120.0
2026-07-28 15:25:00+05:30,1342.5,1347.0,1340.0,1347.0,8639.0
2026-07-29 09:15:00+05:30,1346.0,1356.9,1345.0,1348.8,5292.0
2026-07-29 09:20:00+05:30,1348.8,1352.9,1347.3,1348.1,1599.0
2026-07-29 09:25:00+05:30,1349.0,1352.7,1348.0,1348.7,1747.0
2026-07-29 09:30:00+05:30,1349.8,1349.8,1342.2,1347.2,3851.0
2026-07-29 09:35:00+05:30,1347.2,1347.2,1341.7,1344.4,2361.0
2026-07-29 09:40:00+05:30,1343.7,1345.9,1342.1,1345.9,724.0
2026-07-29 09:45:00+05:30,1346.9,1347.2,1345.5,1347.1,547.0
2026-07-29 09:50:00+05:30,1349.6,1355.0,1349.6,1355.0,3527.0
2026-07-29 09:55:00+05:30,1354.9,1355.0,1351.6,1352.6,568.0
2026-07-29 10:00:00+05:30,1351.7,1356.0,1351.7,1355.7,1970.0
2026-07-29 10:05:00+05:30,1355.6,1357.0,1355.0,1356.2,857.0
2026-07-29 10:10:00+05:30,1356.3,1356.3,1354.1,1355.0,374.0
2026-07-29 10:15:00+05:30,1355.0,1355.5,1354.6,1355.5,134.0
2026-07-29 10:20:00+05:30,1355.5,1355.5,1353.0,1355.5,1424.0
2026-07-29 10:25:00+05:30,1356.0,1356.0,1353.0,1354.1,5500.0
2026-07-29 10:30:00+05:30,1353.6,1354.3,1353.0,1354.3,311.0
2026-07-29 10:35:00+05:30,1354.4,1356.1,1354.4,1355.8,413.0
2026-07-29 10:40:00+05:30,1355.9,1355.9,1353.5,1354.4,1194.0
2026-07-29 10:45:00+05:30,1354.5,1355.4,1353.9,1354.0,198.0
2026-07-29 10:50:00+05:30,1354.0,1355.4,1353.1,1355.4,208.0
2026-07-29 10:55:00+05:30,1355.3,1355.3,1354.1,1355.3,79.0
2026-07-29 11:00:00+05:30,1355.0,1362.0,1355.0,1360.7,4618.0
2026-07-29 11:05:00+05:30,1361.0,1362.9,1361.0,1362.4,357.0
2026-07-29 11:10:00+05:30,1362.0,1364.8,1361.0,1363.3,1355.0
2026-07-29 11:15:00+05:30,1363.2,1365.2,1361.4,1365.2,1987.0
2026-07-29 11:20:00+05:30,1366.9,1368.5,1364.2,1364.2,1863.0
2026-07-29 11:25:00+05:30,1364.1,1365.7,1363.8,1363.8,890.0
2026-07-29 11:30:00+05:30,1361.3,1364.5,1361.3,1363.8,676.0
2026-07-29 11:35:00+05:30,1363.9,1363.9,1362.3,1363.0,332.0
2026-07-29 11:40:00+05:30,1363.0,1366.2,1362.8,1366.2,1193.0
2026-07-29 11:45:00+05:30,1366.2,1366.2,1365.0,1365.1,2443.0
2026-07-29 11:50:00+05:30,1365.0,1365.6,1365.0,1365.5,390.0
2026-07-29 11:55:00+05:30,1365.0,1365.5,1365.0,1365.1,533.0
2026-07-29 12:00:00+05:30,1365.0,1367.3,1365.0,1367.1,283.0
2026-07-29 12:05:00+05:30,1366.4,1367.9,1366.1,1367.2,805.0
2026-07-29 12:10:00+05:30,1367.2,1369.5,1367.2,1368.9,5123.0
2026-07-29 12:15:00+05:30,1367.6,1368.8,1367.3,1368.6,90.0
2026-07-29 12:20:00+05:30,1368.6,1368.6,1366.9,1366.9,192.0
2026-07-29 12:25:00+05:30,1366.9,1368.4,1366.9,1366.9,174.0
2026-07-29 12:30:00+05:30,1366.9,1368.0,1366.7,1368.0,515.0
2026-07-29 12:35:00+05:30,1367.7,1368.6,1366.3,1367.0,286.0
2026-07-29 12:40:00+05:30,1367.0,1367.8,1366.3,1367.8,241.0
2026-07-29 12:45:00+05:30,1367.8,1368.6,1366.4,1367.0,222.0
2026-07-29 12:50:00+05:30,1368.6,1368.7,1366.9,1366.9,230.0
2026-07-29 12:55:00+05:30,1368.0,1368.4,1366.5,1368.4,411.0
2026-07-29 13:00:00+05:30,1368.4,1373.2,1366.1,1372.7,1978.0
2026-07-29 13:05:00+05:30,1372.7,1373.0,1368.6,1368.6,992.0
2026-07-29 13:10:00+05:30,1368.6,1370.6,1368.6,1368.6,187.0
2026-07-29 13:15:00+05:30,1368.6,1369.6,1368.5,1369.6,149.0
2026-07-29 13:20:00+05:30,1368.6,1369.9,1368.6,1369.9,49.0
2026-07-29 13:25:00+05:30,1369.4,1369.8,1368.0,1368.0,733.0
2026-07-29 13:30:00+05:30,1368.0,1368.3,1367.4,1368.2,371.0
2026-07-29 13:35:00+05:30,1367.6,1368.8,1367.2,1367.2,347.0
2026-07-29 13:40:00+05:30,1368.3,1368.8,1367.4,1368.0,226.0
2026-07-29 13:45:00+05:30,1365.8,1367.3,1364.5,1367.3,2386.0
2026-07-29 13:50:00+05:30,1366.4,1368.0,1365.3,1365.3,626.0
2026-07-29 13:55:00+05:30,1366.0,1366.5,1365.0,1365.0,201.0
2026-07-29 14:00:00+05:30,1365.0,1366.5,1365.0,1366.5,50.0
2026-07-29 14:05:00+05:30,1366.4,1366.4,1365.2,1365.9,192.0
2026-07-29 14:10:00+05:30,1365.7,1366.6,1365.5,1366.2,615.0
2026-07-29 14:15:00+05:30,1366.2,1367.8,1366.1,1367.5,235.0
2026-07-29 14:20:00+05:30,1367.9,1367.9,1365.5,1365.5,1057.0
2026-07-29 14:25:00+05:30,1365.8,1366.0,1365.5,1366.0,172.0
2026-07-29 14:30:00+05:30,1365.5,1366.0,1362.6,1362.6,844.0
2026-07-29 14:35:00+05:30,1363.7,1364.4,1362.5,1362.5,573.0
2026-07-29 14:40:00+05:30,1363.7,1363.8,1361.4,1363.2,1175.0
2026-07-29 14:45:00+05:30,1363.1,1363.9,1361.1,1362.6,577.0
2026-07-29 14:50:00+05:30,1362.5,1364.0,1361.0,1363.4,959.0
2026-07-29 14:55:00+05:30,1363.4,1367.8,1363.4,1366.1,957.0
2026-07-29 15:00:00+05:30,1365.1,1367.1,1365.0,1367.1,606.0
2026-07-29 15:05:00+05:30,1367.0,1367.5,1365.0,1365.8,419.0
2026-07-29 15:10:00+05:30,1365.8,1365.8,1363.1,1364.0,1015.0
2026-07-29 15:15:00+05:30,1363.0,1365.0,1362.6,1363.9,1763.0
2026-07-29 15:20:00+05:30,1363.5,1364.4,1362.6,1363.7,714.0
2026-07-29 15:25:00+05:30,1363.8,1363.8,1361.0,1363.0,2492.0
2026-07-30 09:15:00+05:30,1370.0,1372.7,1352.6,1357.3,3119.0
2026-07-30 09:20:00+05:30,1356.2,1359.9,1354.4,1358.1,1525.0
2026-07-30 09:25:00+05:30,1359.0,1361.8,1359.0,1359.9,1275.0
2026-07-30 09:30:00+05:30,1361.2,1364.8,1359.9,1361.5,586.0
2026-07-30 09:35:00+05:30,1359.9,1360.1,1357.2,1358.4,183.0
2026-07-30 09:40:00+05:30,1358.0,1359.3,1356.5,1357.7,397.0
2026-07-30 09:45:00+05:30,1357.7,1361.8,1357.7,1360.6,126.0
2026-07-30 09:50:00+05:30,1359.6,1361.5,1358.5,1359.7,272.0
2026-07-30 09:55:00+05:30,1360.0,1361.3,1358.1,1358.1,781.0
2026-07-30 10:00:00+05:30,1358.3,1361.7,1358.0,1360.3,93.0
2026-07-30 10:05:00+05:30,1360.2,1361.6,1359.9,1359.9,348.0
2026-07-30 10:10:00+05:30,1358.3,1359.6,1357.0,1357.0,199.0
2026-07-30 10:15:00+05:30,1357.0,1359.0,1356.4,1358.8,313.0
2026-07-30 10:20:00+05:30,1357.0,1358.6,1356.0,1357.0,416.0
2026-07-30 10:25:00+05:30,1357.0,1357.0,1347.1,1351.0,2313.0
2026-07-30 10:30:00+05:30,1351.3,1351.3,1349.1,1349.2,946.0
2026-07-30 10:35:00+05:30,1350.2,1351.5,1349.1,1350.0,401.0
2026-07-30 10:40:00+05:30,1349.0,1352.0,1347.2,1350.7,785.0
2026-07-30 10:45:00+05:30,1350.7,1353.9,1350.7,1351.9,357.0
2026-07-30 10:50:00+05:30,1353.1,1353.1,1350.1,1350.1,756.0
2026-07-30 10:55:00+05:30,1350.7,1351.3,1350.0,1351.3,104.0
2026-07-30 11:00:00+05:30,1351.3,1353.9,1350.2,1353.9,254.0
2026-07-30 11:05:00+05:30,1354.0,1354.0,1351.7,1351.7,366.0
2026-07-30 11:10:00+05:30,1352.7,1353.9,1352.4,1352.4,230.0
2026-07-30 11:15:00+05:30,1351.7,1354.5,1351.7,1354.2,370.0
2026-07-30 11:20:00+05:30,1354.3,1354.8,1345.0,1347.2,3655.0
2026-07-30 11:25:00+05:30,1348.0,1350.0,1347.5,1349.2,248.0
2026-07-30 11:30:00+05:30,1349.2,1349.7,1348.3,1349.1,147.0
2026-07-30 11:35:00+05:30,1348.6,1349.7,1344.0,1344.3,2009.0
2026-07-30 11:40:00+05:30,1344.3,1345.0,1344.3,1344.7,255.0
2026-07-30 11:45:00+05:30,1345.0,1345.0,1342.3,1342.8,1299.0
2026-07-30 11:50:00+05:30,1343.3,1344.0,1343.3,1344.0,277.0
2026-07-30 11:55:00+05:30,1343.2,1344.9,1343.2,1344.9,529.0
2026-07-30 12:00:00+05:30,1344.6,1344.9,1343.9,1344.0,308.0
2026-07-30 12:05:00+05:30,1344.4,1345.0,1344.1,1344.4,159.0
2026-07-30 12:10:00+05:30,1345.3,1345.3,1344.0,1345.0,7537.0
2026-07-30 12:15:00+05:30,1344.9,1345.0,1344.6,1344.7,323.0
2026-07-30 12:20:00+05:30,1344.7,1345.0,1344.6,1345.0,504.0
2026-07-30 12:25:00+05:30,1345.0,1345.0,1341.8,1345.0,2992.0
2026-07-30 12:30:00+05:30,1345.0,1354.0,1344.7,1350.4,2043.0
2026-07-30 12:35:00+05:30,1350.4,1351.6,1350.1,1351.0,583.0
2026-07-30 12:40:00+05:30,1350.7,1351.5,1350.6,1351.5,187.0
2026-07-30 12:45:00+05:30,1351.5,1351.5,1351.5,1351.5,67.0
2026-07-30 12:50:00+05:30,1351.5,1351.5,1350.9,1351.0,111.0
2026-07-30 12:55:00+05:30,1351.0,1351.0,1349.5,1350.0,655.0
2026-07-30 13:00:00+05:30,1348.9,1351.0,1348.7,1349.4,534.0
2026-07-30 13:05:00+05:30,1350.7,1350.7,1348.5,1350.5,335.0
2026-07-30 13:10:00+05:30,1349.3,1350.4,1347.1,1347.1,607.0
2026-07-30 13:15:00+05:30,1347.8,1348.9,1347.6,1348.0,36.0
2026-07-30 13:20:00+05:30,1348.3,1350.3,1348.3,1350.0,66.0
2026-07-30 13:25:00+05:30,1349.3,1350.3,1348.2,1348.2,191.0
2026-07-30 13:30:00+05:30,1348.2,1349.6,1348.2,1349.4,90.0
2026-07-30 13:35:00+05:30,1349.4,1351.9,1349.3,1349.3,947.0
2026-07-30 13:40:00+05:30,1349.3,1350.3,1348.5,1349.0,98.0
2026-07-30 13:45:00+05:30,1350.2,1351.2,1349.0,1349.9,123.0
2026-07-30 13:50:00+05:30,1350.9,1351.5,1347.4,1348.7,1219.0
2026-07-30 13:55:00+05:30,1348.6,1349.3,1348.1,1348.3,87.0
2026-07-30 14:00:00+05:30,1348.1,1349.1,1348.1,1349.1,213.0
2026-07-30 14:05:00+05:30,1349.3,1349.3,1348.1,1348.7,110.0
2026-07-30 14:10:00+05:30,1348.7,1349.0,1346.6,1346.6,460.0
2026-07-30 14:15:00+05:30,1346.5,1346.5,1341.4,1342.1,3077.0
2026-07-30 14:20:00+05:30,1342.9,1343.0,1341.0,1341.0,873.0
2026-07-30 14:25:00+05:30,1341.0,1342.0,1341.0,1341.3,90.0
2026-07-30 14:30:00+05:30,1342.1,1343.0,1341.5,1342.0,563.0
2026-07-30 14:35:00+05:30,1342.0,1343.9,1340.1,1340.9,2678.0
2026-07-30 14:40:00+05:30,1342.2,1345.3,1342.2,1342.6,2172.0
2026-07-30 14:45:00+05:30,1342.9,1344.4,1340.4,1340.6,5879.0
2026-07-30 14:50:00+05:30,1340.6,1341.4,1340.0,1341.0,220.0
2026-07-30 14:55:00+05:30,1340.2,1340.8,1340.0,1340.8,680.0
2026-07-30 15:00:00+05:30,1340.1,1343.3,1338.0,1343.0,4871.0
2026-07-30 15:05:00+05:30,1342.9,1350.0,1342.1,1347.8,17661.0
2026-07-30 15:10:00+05:30,1346.1,1347.7,1345.1,1345.8,1674.0
2026-07-30 15:15:00+05:30,1345.6,1346.6,1345.0,1345.0,3681.0
2026-07-30 15:20:00+05:30,1345.0,1347.7,1345.0,1346.2,1956.0
2026-07-30 15:25:00+05:30,1346.2,1349.9,1342.3,1347.6,3229.0
