dt,open,high,low,close,volume
2026-05-29 09:15:00+05:30,771.3,774.3,768.75,769.0,25183.0
2026-05-29 09:20:00+05:30,768.95,775.3,768.95,773.1,27342.0
2026-05-29 09:25:00+05:30,773.15,774.55,772.15,772.15,6004.0
2026-05-29 09:30:00+05:30,772.85,772.85,770.05,771.35,10665.0
2026-05-29 09:35:00+05:30,772.0,773.0,771.3,772.8,9703.0
2026-05-29 09:40:00+05:30,772.8,773.45,770.55,771.45,8047.0
2026-05-29 09:45:00+05:30,770.65,772.1,770.15,771.65,2676.0
2026-05-29 09:50:00+05:30,771.05,772.5,769.2,769.35,16740.0
2026-05-29 09:55:00+05:30,769.8,769.8,767.0,767.7,16345.0
2026-05-29 10:00:00+05:30,767.7,769.6,767.25,768.8,4385.0
2026-05-29 10:05:00+05:30,768.0,769.65,768.0,769.6,1864.0
2026-05-29 10:10:00+05:30,769.65,770.0,768.9,769.0,2497.0
2026-05-29 10:15:00+05:30,768.9,769.55,768.15,769.25,3459.0
2026-05-29 10:20:00+05:30,769.15,769.9,768.8,768.9,2501.0
2026-05-29 10:25:00+05:30,769.75,770.0,769.1,769.1,1520.0
2026-05-29 10:30:00+05:30,769.0,769.85,767.55,769.2,2829.0
2026-05-29 10:35:00+05:30,768.65,769.3,768.65,769.05,966.0
2026-05-29 10:40:00+05:30,768.8,769.5,768.7,768.7,2025.0
2026-05-29 10:45:00+05:30,768.75,768.75,766.55,766.6,6276.0
2026-05-29 10:50:00+05:30,766.55,766.85,765.7,765.7,15438.0
2026-05-29 10:55:00+05:30,765.9,766.85,765.7,766.0,8536.0
2026-05-29 11:00:00+05:30,766.6,767.0,766.0,766.85,1300.0
2026-05-29 11:05:00+05:30,766.85,770.0,766.6,768.6,17150.0
2026-05-29 11:10:00+05:30,768.6,768.6,767.5,768.2,2423.0
2026-05-29 11:15:00+05:30,767.9,768.15,767.05,767.25,833.0
2026-05-29 11:20:00+05:30,767.7,767.9,766.9,767.25,2391.0
2026-05-29 11:25:00+05:30,767.95,768.0,767.2,767.8,2940.0
2026-05-29 11:30:00+05:30,767.8,767.85,767.0,767.0,1947.0
2026-05-29 11:35:00+05:30,767.55,768.0,767.35,767.9,1294.0
2026-05-29 11:40:00+05:30,768.1,768.55,763.5,766.4,17791.0
2026-05-29 11:45:00+05:30,766.5,766.5,765.35,766.0,4874.0
2026-05-29 11:50:00+05:30,766.0,766.75,766.0,766.75,1380.0
2026-05-29 11:55:00+05:30,766.75,766.75,766.05,766.55,750.0
2026-05-29 12:00:00+05:30,766.5,766.8,765.4,766.7,5535.0
2026-05-29 12:05:00+05:30,766.6,766.75,766.2,766.2,285.0
2026-05-29 12:10:00+05:30,766.2,766.6,764.6,764.6,2619.0
2026-05-29 12:15:00+05:30,764.6,766.3,764.6,766.1,4070.0
2026-05-29 12:20:00+05:30,765.45,766.25,765.05,765.75,858.0
2026-05-29 12:25:00+05:30,765.25,765.95,765.2,765.8,1209.0
2026-05-29 12:30:00+05:30,765.95,766.55,765.7,766.4,1465.0
2026-05-29 12:35:00+05:30,766.4,766.4,765.55,765.65,1117.0
2026-05-29 12:40:00+05:30,765.85,766.4,765.6,766.15,655.0
2026-05-29 12:45:00+05:30,766.35,766.4,765.75,765.95,1098.0
2026-05-29 12:50:00+05:30,765.75,765.85,764.65,765.0,1753.0
2026-05-29 12:55:00+05:30,765.0,765.05,763.7,763.7,1089.0
2026-05-29 13:00:00+05:30,764.0,764.35,764.0,764.0,709.0
2026-05-29 13:05:00+05:30,763.7,763.85,760.15,763.1,14639.0
2026-05-29 13:10:00+05:30,763.0,763.15,761.7,762.75,1995.0
2026-05-29 13:15:00+05:30,762.75,763.75,761.75,763.1,2169.0
2026-05-29 13:20:00+05:30,763.05,763.05,761.7,762.15,512.0
2026-05-29 13:25:00+05:30,762.15,762.75,761.7,762.05,1293.0
2026-05-29 13:30:00+05:30,762.7,763.0,762.7,762.95,781.0
2026-05-29 13:35:00+05:30,762.95,763.15,762.55,762.55,1461.0
2026-05-29 13:40:00+05:30,763.0,763.6,762.55,763.0,1146.0
2026-05-29 13:45:00+05:30,762.55,763.45,762.5,762.5,2910.0
2026-05-29 13:50:00+05:30,762.5,762.5,761.45,761.7,1504.0
2026-05-29 13:55:00+05:30,761.65,763.8,761.65,763.35,3675.0
2026-05-29 14:00:00+05:30,763.35,763.35,762.3,762.55,3780.0
2026-05-29 14:05:00+05:30,762.55,762.6,761.8,762.15,809.0
2026-05-29 14:10:00+05:30,762.35,762.9,761.15,762.85,2009.0
2026-05-29 14:15:00+05:30,762.85,762.85,761.9,762.3,1509.0
2026-05-29 14:20:00+05:30,762.3,762.35,761.85,762.35,838.0
2026-05-29 14:25:00+05:30,762.15,764.0,762.15,764.0,1078.0
2026-05-29 14:30:00+05:30,764.0,764.55,763.05,763.2,4544.0
2026-05-29 14:35:00+05:30,763.35,764.2,762.15,763.4,2208.0
2026-05-29 14:40:00+05:30,763.4,764.05,762.5,763.45,3658.0
2026-05-29 14:45:00+05:30,764.0,764.65,763.2,764.0,3265.0
2026-05-29 14:50:00+05:30,764.0,764.0,763.0,763.9,2262.0
2026-05-29 14:55:00+05:30,763.9,765.6,763.2,763.3,8904.0
2026-05-29 15:00:00+05:30,763.55,763.75,760.3,760.8,13929.0
2026-05-29 15:05:00+05:30,760.4,760.8,756.9,756.95,32672.0
2026-05-29 15:10:00+05:30,756.95,757.75,756.0,757.4,22936.0
2026-05-29 15:15:00+05:30,757.5,757.5,756.55,756.6,18397.0
2026-05-29 15:20:00+05:30,756.55,756.65,755.0,755.25,21763.0
2026-05-29 15:25:00+05:30,755.25,760.0,755.0,758.15,15542.0
2026-06-01 09:15:00+05:30,758.0,764.85,756.45,761.45,19748.0
2026-06-01 09:20:00+05:30,761.4,762.7,759.85,760.35,12282.0
2026-06-01 09:25:00+05:30,761.15,761.6,759.85,760.05,8637.0
2026-06-01 09:30:00+05:30,760.45,762.7,760.1,761.55,3811.0
2026-06-01 09:35:00+05:30,760.65,761.4,757.1,760.45,17481.0
2026-06-01 09:40:00+05:30,761.05,761.45,758.1,759.0,3723.0
2026-06-01 09:45:00+05:30,759.2,760.7,755.65,756.6,14396.0
2026-06-01 09:50:00+05:30,756.2,757.1,753.2,755.35,11538.0
2026-06-01 09:55:00+05:30,754.35,755.25,752.0,752.9,4923.0
2026-06-01 10:00:00+05:30,752.85,754.8,751.5,751.85,4744.0
2026-06-01 10:05:00+05:30,751.5,754.0,751.5,754.0,3324.0
2026-06-01 10:10:00+05:30,753.5,754.5,753.15,754.0,1590.0
2026-06-01 10:15:00+05:30,753.25,754.0,752.95,753.65,5046.0
2026-06-01 10:20:00+05:30,752.9,753.65,751.1,753.05,4664.0
2026-06-01 10:25:00+05:30,752.8,756.2,752.75,754.65,7759.0
2026-06-01 10:30:00+05:30,754.65,754.75,751.5,752.0,3836.0
2026-06-01 10:35:00+05:30,751.55,753.85,751.5,753.3,6319.0
2026-06-01 10:40:00+05:30,753.3,755.6,752.6,755.45,3354.0
2026-06-01 10:45:00+05:30,755.45,756.5,755.3,756.5,1301.0
2026-06-01 10:50:00+05:30,756.9,758.8,756.0,758.8,3177.0
2026-06-01 10:55:00+05:30,758.2,759.65,757.8,758.05,4283.0
2026-06-01 11:00:00+05:30,757.85,760.2,757.15,759.35,3873.0
2026-06-01 11:05:00+05:30,760.0,761.45,759.3,760.05,3601.0
2026-06-01 11:10:00+05:30,760.2,760.45,759.3,759.3,2067.0
2026-06-01 11:15:00+05:30,759.8,760.65,755.7,756.05,5595.0
2026-06-01 11:20:00+05:30,756.5,756.5,754.15,755.0,3027.0
2026-06-01 11:25:00+05:30,754.35,755.0,753.5,753.55,720.0
2026-06-01 11:30:00+05:30,753.55,753.55,751.15,751.85,2100.0
2026-06-01 11:35:00+05:30,751.55,753.15,751.55,752.75,4559.0
2026-06-01 11:40:00+05:30,752.85,753.2,748.85,748.9,12418.0
2026-06-01 11:45:00+05:30,749.25,751.35,749.25,751.1,5020.0
2026-06-01 11:50:00+05:30,750.65,751.1,750.0,750.45,2127.0
2026-06-01 11:55:00+05:30,750.65,750.8,749.0,749.0,4413.0
2026-06-01 12:00:00+05:30,749.35,749.7,748.2,749.25,3010.0
2026-06-01 12:05:00+05:30,749.25,749.65,749.0,749.5,1089.0
2026-06-01 12:10:00+05:30,749.35,749.85,749.0,749.8,108.0
2026-06-01 12:15:00+05:30,749.35,750.15,749.35,750.15,937.0
2026-06-01 12:20:00+05:30,749.8,750.1,749.0,749.35,1499.0
2026-06-01 12:25:00+05:30,749.7,750.0,749.35,749.7,224.0
2026-06-01 12:30:00+05:30,749.9,751.0,749.9,750.5,1246.0
2026-06-01 12:35:00+05:30,750.5,750.7,750.0,750.0,347.0
2026-06-01 12:40:00+05:30,749.95,750.0,749.15,749.35,2857.0
2026-06-01 12:45:00+05:30,749.35,750.85,749.2,749.7,3153.0
2026-06-01 12:50:00+05:30,749.3,749.8,749.0,749.2,892.0
2026-06-01 12:55:00+05:30,749.7,749.95,749.1,749.8,727.0
2026-06-01 13:00:00+05:30,749.7,750.05,749.35,749.35,724.0
2026-06-01 13:05:00+05:30,749.15,749.7,744.05,746.85,28392.0
2026-06-01 13:10:00+05:30,746.85,746.85,743.25,744.0,12685.0
2026-06-01 13:15:00+05:30,743.3,744.7,743.1,744.6,5996.0
2026-06-01 13:20:00+05:30,744.3,744.6,743.0,743.0,1611.0
2026-06-01 13:25:00+05:30,743.0,744.15,742.8,744.15,4951.0
2026-06-01 13:30:00+05:30,744.25,744.3,743.2,744.25,2220.0
2026-06-01 13:35:00+05:30,744.25,744.25,742.95,743.5,3069.0
2026-06-01 13:40:00+05:30,743.5,744.15,743.45,744.05,1621.0
2026-06-01 13:45:00+05:30,743.55,744.1,742.5,742.5,2307.0
2026-06-01 13:50:00+05:30,743.0,743.25,742.1,742.45,1542.0
2026-06-01 13:55:00+05:30,743.0,743.0,742.15,742.6,673.0
2026-06-01 14:00:00+05:30,742.6,742.95,741.0,741.85,2035.0
2026-06-01 14:05:00+05:30,741.85,742.8,741.5,742.5,2224.0
2026-06-01 14:10:00+05:30,742.5,743.2,741.35,741.9,7625.0
2026-06-01 14:15:00+05:30,741.9,741.9,739.0,739.0,16898.0
2026-06-01 14:20:00+05:30,738.45,739.4,737.85,738.6,11575.0
2026-06-01 14:25:00+05:30,738.8,740.0,738.75,739.4,2916.0
2026-06-01 14:30:00+05:30,739.4,740.85,738.25,738.85,17147.0
2026-06-01 14:35:00+05:30,738.85,739.2,737.1,739.0,4465.0
2026-06-01 14:40:00+05:30,738.05,739.15,738.05,738.35,2714.0
2026-06-01 14:45:00+05:30,738.95,739.7,738.5,739.15,2974.0
2026-06-01 14:50:00+05:30,739.35,739.35,737.0,737.5,3644.0
2026-06-01 14:55:00+05:30,737.5,737.65,734.35,734.35,8850.0
2026-06-01 15:00:00+05:30,734.65,734.65,732.2,733.8,8527.0
2026-06-01 15:05:00+05:30,733.8,734.8,733.6,734.35,6812.0
2026-06-01 15:10:00+05:30,734.25,734.45,731.5,733.25,18244.0
2026-06-01 15:15:00+05:30,733.45,738.0,732.25,737.5,17337.0
2026-06-01 15:20:00+05:30,737.0,737.45,734.0,735.75,9739.0
2026-06-01 15:25:00+05:30,735.7,735.8,734.0,735.5,11312.0
2026-06-02 09:15:00+05:30,733.65,733.65,727.0,732.8,27335.0
2026-06-02 09:20:00+05:30,732.35,736.4,732.2,734.85,30992.0
2026-06-02 09:25:00+05:30,734.8,738.7,733.65,737.7,26672.0
2026-06-02 09:30:00+05:30,737.7,737.7,734.35,735.3,10000.0
2026-06-02 09:35:00+05:30,735.35,739.7,734.8,738.85,13972.0
2026-06-02 09:40:00+05:30,739.0,740.1,736.25,737.9,16484.0
2026-06-02 09:45:00+05:30,737.9,738.0,735.45,736.05,9679.0
2026-06-02 09:50:00+05:30,736.0,738.45,735.4,737.65,4599.0
2026-06-02 09:55:00+05:30,737.45,738.15,736.3,737.25,4765.0
2026-06-02 10:00:00+05:30,737.75,737.8,736.5,737.45,1687.0
2026-06-02 10:05:00+05:30,737.4,737.8,736.55,737.0,6155.0
2026-06-02 10:10:00+05:30,736.5,736.65,735.0,735.0,880.0
2026-06-02 10:15:00+05:30,735.5,735.5,733.0,734.1,8140.0
2026-06-02 10:20:00+05:30,734.0,735.35,734.0,734.45,14835.0
2026-06-02 10:25:00+05:30,734.45,738.2,734.45,738.0,6591.0
2026-06-02 10:30:00+05:30,738.0,738.0,734.85,735.0,1093.0
2026-06-02 10:35:00+05:30,734.85,736.35,734.7,736.35,3561.0
2026-06-02 10:40:00+05:30,736.35,737.3,736.1,736.5,1011.0
2026-06-02 10:45:00+05:30,735.95,736.9,735.5,736.2,2594.0
2026-06-02 10:50:00+05:30,736.0,736.4,734.5,734.5,959.0
2026-06-02 10:55:00+05:30,734.5,734.85,733.25,733.35,940.0
2026-06-02 11:00:00+05:30,733.75,734.3,733.35,733.85,594.0
2026-06-02 11:05:00+05:30,733.85,734.5,733.45,733.6,2610.0
2026-06-02 11:10:00+05:30,733.6,734.45,733.05,734.0,2427.0
2026-06-02 11:15:00+05:30,734.0,734.5,733.6,734.5,2299.0
2026-06-02 11:20:00+05:30,734.2,735.1,733.5,735.0,7759.0
2026-06-02 11:25:00+05:30,735.0,735.5,734.4,734.65,3349.0
2026-06-02 11:30:00+05:30,735.2,735.4,733.65,734.6,3503.0
2026-06-02 11:35:00+05:30,734.5,734.5,732.05,732.8,4210.0
2026-06-02 11:40:00+05:30,732.8,733.0,732.25,732.8,943.0
2026-06-02 11:45:00+05:30,732.85,732.85,732.1,732.6,713.0
2026-06-02 11:50:00+05:30,732.6,732.85,732.15,732.7,582.0
2026-06-02 11:55:00+05:30,732.15,732.85,732.15,732.55,566.0
2026-06-02 12:00:00+05:30,731.8,732.2,731.6,732.0,2726.0
2026-06-02 12:05:00+05:30,732.2,732.2,731.95,732.15,369.0
2026-06-02 12:10:00+05:30,732.15,732.15,731.65,732.0,749.0
2026-06-02 12:15:00+05:30,731.95,732.0,731.5,731.65,1697.0
2026-06-02 12:20:00+05:30,731.3,731.65,731.25,731.6,668.0
2026-06-02 12:25:00+05:30,731.65,731.8,731.15,731.4,996.0
2026-06-02 12:30:00+05:30,731.4,732.0,731.0,731.6,5308.0
2026-06-02 12:35:00+05:30,731.6,732.0,731.3,731.3,551.0
2026-06-02 12:40:00+05:30,731.6,732.0,731.3,732.0,2519.0
2026-06-02 12:45:00+05:30,732.0,734.4,732.0,734.15,2606.0
2026-06-02 12:50:00+05:30,734.15,735.9,734.05,735.9,3504.0
2026-06-02 12:55:00+05:30,735.7,736.85,734.6,736.7,5762.0
2026-06-02 13:00:00+05:30,736.05,736.8,735.35,735.85,1425.0
2026-06-02 13:05:00+05:30,735.4,736.5,735.4,736.5,2610.0
2026-06-02 13:10:00+05:30,736.5,737.8,736.2,737.8,4302.0
2026-06-02 13:15:00+05:30,737.25,737.75,737.05,737.4,1153.0
2026-06-02 13:20:00+05:30,737.4,737.4,736.65,737.15,1146.0
2026-06-02 13:25:00+05:30,737.15,738.3,737.15,738.2,4151.0
2026-06-02 13:30:00+05:30,738.15,738.7,737.75,738.4,3341.0
2026-06-02 13:35:00+05:30,738.6,738.6,737.75,738.0,3266.0
2026-06-02 13:40:00+05:30,737.75,738.45,737.35,738.25,1433.0
2026-06-02 13:45:00+05:30,738.25,739.7,737.8,739.7,5490.0
2026-06-02 13:50:00+05:30,739.55,739.7,738.4,739.0,1310.0
2026-06-02 13:55:00+05:30,739.0,739.7,738.8,739.7,2160.0
2026-06-02 14:00:00+05:30,739.7,739.8,738.85,739.2,5525.0
2026-06-02 14:05:00+05:30,739.6,739.7,739.2,739.45,3545.0
2026-06-02 14:10:00+05:30,739.5,739.7,739.0,739.4,2588.0
2026-06-02 14:15:00+05:30,739.4,739.5,738.4,738.5,3305.0
2026-06-02 14:20:00+05:30,737.2,739.0,737.2,738.4,2349.0
2026-06-02 14:25:00+05:30,738.4,739.6,737.6,739.5,8684.0
2026-06-02 14:30:00+05:30,739.25,739.5,738.8,739.5,1621.0
2026-06-02 14:35:00+05:30,739.45,739.45,738.0,738.55,928.0
2026-06-02 14:40:00+05:30,738.0,738.0,735.95,736.35,1978.0
2026-06-02 14:45:00+05:30,736.7,737.55,735.9,737.4,3167.0
2026-06-02 14:50:00+05:30,738.4,738.4,737.35,737.5,894.0
2026-06-02 14:55:00+05:30,737.7,738.5,737.5,737.95,2044.0
2026-06-02 15:00:00+05:30,737.55,738.5,736.15,738.5,9022.0
2026-06-02 15:05:00+05:30,738.5,739.05,738.0,738.75,1971.0
2026-06-02 15:10:00+05:30,738.35,739.3,737.85,738.9,3082.0
2026-06-02 15:15:00+05:30,739.2,739.5,738.3,739.1,5168.0
2026-06-02 15:20:00+05:30,739.1,739.2,738.3,738.65,3720.0
2026-06-02 15:25:00+05:30,738.4,739.7,737.0,737.0,12519.0
2026-06-03 09:15:00+05:30,738.1,740.0,730.1,731.2,6544.0
2026-06-03 09:20:00+05:30,731.2,733.45,730.05,731.15,5510.0
2026-06-03 09:25:00+05:30,731.65,731.65,728.75,729.7,8620.0
2026-06-03 09:30:00+05:30,729.45,729.45,726.55,727.15,8590.0
2026-06-03 09:35:00+05:30,727.0,729.2,726.45,729.2,3291.0
2026-06-03 09:40:00+05:30,729.2,729.2,728.15,728.85,3294.0
2026-06-03 09:45:00+05:30,728.7,729.75,728.0,729.0,2843.0
2026-06-03 09:50:00+05:30,729.0,731.0,728.15,728.85,14079.0
2026-06-03 09:55:00+05:30,728.85,729.65,727.75,728.1,2763.0
2026-06-03 10:00:00+05:30,728.15,728.3,727.25,728.0,2647.0
2026-06-03 10:05:00+05:30,728.3,729.45,727.15,728.25,22201.0
2026-06-03 10:10:00+05:30,728.2,728.5,727.55,727.95,1468.0
2026-06-03 10:15:00+05:30,727.55,727.85,727.05,727.5,2611.0
2026-06-03 10:20:00+05:30,727.05,728.65,727.05,728.4,1713.0
2026-06-03 10:25:00+05:30,728.2,728.6,727.05,727.05,2789.0
2026-06-03 10:30:00+05:30,727.6,727.65,723.0,723.5,11700.0
2026-06-03 10:35:00+05:30,723.5,724.95,723.4,724.5,4628.0
2026-06-03 10:40:00+05:30,724.5,725.8,724.4,725.8,1726.0
2026-06-03 10:45:00+05:30,725.45,725.75,724.0,724.25,3429.0
2026-06-03 10:50:00+05:30,724.5,724.75,724.1,724.55,2432.0
2026-06-03 10:55:00+05:30,724.25,725.6,724.0,725.0,1281.0
2026-06-03 11:00:00+05:30,725.0,725.75,725.0,725.0,1400.0
2026-06-03 11:05:00+05:30,725.0,725.0,723.5,723.85,2214.0
2026-06-03 11:10:00+05:30,723.85,724.4,723.0,724.3,4170.0
2026-06-03 11:15:00+05:30,724.35,724.75,723.75,724.45,1991.0
2026-06-03 11:20:00+05:30,724.45,724.6,724.05,724.1,775.0
2026-06-03 11:25:00+05:30,724.4,724.95,724.05,724.95,423.0
2026-06-03 11:30:00+05:30,725.0,725.0,717.6,719.8,50341.0
2026-06-03 11:35:00+05:30,719.8,719.9,716.2,719.0,13529.0
2026-06-03 11:40:00+05:30,719.0,719.4,718.0,718.6,3430.0
2026-06-03 11:45:00+05:30,718.15,718.6,718.0,718.45,1096.0
2026-06-03 11:50:00+05:30,718.05,718.6,718.0,718.55,1551.0
2026-06-03 11:55:00+05:30,718.0,718.45,716.35,716.5,3404.0
2026-06-03 12:00:00+05:30,716.5,716.85,715.0,715.0,11133.0
2026-06-03 12:05:00+05:30,716.0,716.45,715.1,715.45,4269.0
2026-06-03 12:10:00+05:30,715.1,719.9,715.1,718.7,21536.0
2026-06-03 12:15:00+05:30,718.7,718.85,718.0,718.85,1329.0
2026-06-03 12:20:00+05:30,719.45,719.85,718.75,719.05,2438.0
2026-06-03 12:25:00+05:30,719.15,720.65,718.45,719.7,3575.0
2026-06-03 12:30:00+05:30,719.75,720.65,719.4,719.7,6441.0
2026-06-03 12:35:00+05:30,720.0,721.0,719.2,720.5,11572.0
2026-06-03 12:40:00+05:30,720.5,721.45,720.0,721.45,14034.0
2026-06-03 12:45:00+05:30,721.55,721.7,721.0,721.05,5318.0
2026-06-03 12:50:00+05:30,721.35,721.4,720.6,721.1,2057.0
2026-06-03 12:55:00+05:30,721.05,721.25,720.05,720.8,3995.0
2026-06-03 13:00:00+05:30,720.65,720.7,719.05,719.8,854.0
2026-06-03 13:05:00+05:30,718.7,719.7,718.3,719.5,1928.0
2026-06-03 13:10:00+05:30,719.5,719.6,719.0,719.45,1636.0
2026-06-03 13:15:00+05:30,719.7,719.7,719.05,719.5,345.0
2026-06-03 13:20:00+05:30,719.5,720.8,719.25,720.35,1861.0
2026-06-03 13:25:00+05:30,720.65,721.45,720.65,721.05,911.0
2026-06-03 13:30:00+05:30,721.1,721.1,720.6,720.9,7044.0
2026-06-03 13:35:00+05:30,720.9,721.35,720.6,720.6,910.0
2026-06-03 13:40:00+05:30,721.2,721.45,720.4,720.85,733.0
2026-06-03 13:45:00+05:30,720.85,721.6,720.85,721.4,1070.0
2026-06-03 13:50:00+05:30,721.0,721.6,720.95,721.4,1758.0
2026-06-03 13:55:00+05:30,721.0,721.35,720.15,720.8,2308.0
2026-06-03 14:00:00+05:30,720.0,720.85,719.75,720.85,5017.0
2026-06-03 14:05:00+05:30,720.75,721.5,720.5,720.55,1831.0
2026-06-03 14:10:00+05:30,720.5,721.35,720.0,720.7,1053.0
2026-06-03 14:15:00+05:30,720.05,720.3,719.7,720.0,22630.0
2026-06-03 14:20:00+05:30,720.0,722.9,719.7,721.45,21095.0
2026-06-03 14:25:00+05:30,721.4,721.7,720.0,721.25,5423.0
2026-06-03 14:30:00+05:30,721.4,721.5,719.9,720.0,2022.0
2026-06-03 14:35:00+05:30,720.4,720.8,719.95,720.8,1596.0
2026-06-03 14:40:00+05:30,720.8,721.0,720.0,720.85,2428.0
2026-06-03 14:45:00+05:30,720.75,721.35,720.25,721.2,2356.0
2026-06-03 14:50:00+05:30,721.15,721.7,720.8,721.35,5164.0
2026-06-03 14:55:00+05:30,721.55,721.7,721.05,721.05,2934.0
2026-06-03 15:00:00+05:30,721.4,721.7,720.95,721.5,8743.0
2026-06-03 15:05:00+05:30,721.55,721.8,719.25,719.25,22569.0
2026-06-03 15:10:00+05:30,720.05,720.4,718.75,719.6,7117.0
2026-06-03 15:15:00+05:30,719.9,719.9,718.0,718.8,16064.0
2026-06-03 15:20:00+05:30,718.75,719.65,718.0,718.9,12735.0
2026-06-03 15:25:00+05:30,718.9,720.0,718.0,719.0,11504.0
2026-06-04 09:15:00+05:30,719.05,723.0,716.3,721.0,10859.0
2026-06-04 09:20:00+05:30,721.05,722.5,720.15,721.0,8066.0
2026-06-04 09:25:00+05:30,720.5,721.65,719.2,721.1,8298.0
2026-06-04 09:30:00+05:30,722.0,723.85,721.3,722.15,14904.0
2026-06-04 09:35:00+05:30,722.15,723.0,721.8,722.0,5657.0
2026-06-04 09:40:00+05:30,722.65,722.8,721.3,721.4,3363.0
2026-06-04 09:45:00+05:30,721.85,726.35,721.6,724.65,11558.0
2026-06-04 09:50:00+05:30,724.15,726.95,723.8,726.0,5832.0
2026-06-04 09:55:00+05:30,726.95,727.5,725.9,727.5,7114.0
2026-06-04 10:00:00+05:30,727.0,727.8,726.25,726.35,5802.0
2026-06-04 10:05:00+05:30,726.55,727.45,726.0,726.5,2032.0
2026-06-04 10:10:00+05:30,725.65,726.65,725.5,726.3,1507.0
2026-06-04 10:15:00+05:30,725.55,727.4,724.6,726.2,5636.0
2026-06-04 10:20:00+05:30,726.6,727.35,725.95,726.4,2546.0
2026-06-04 10:25:00+05:30,726.9,727.0,725.0,725.0,5434.0
2026-06-04 10:30:00+05:30,725.0,726.05,722.85,723.3,3265.0
2026-06-04 10:35:00+05:30,723.45,723.85,723.0,723.0,1573.0
2026-06-04 10:40:00+05:30,723.0,724.95,722.6,724.7,6321.0
2026-06-04 10:45:00+05:30,724.7,725.7,724.7,725.15,723.0
2026-06-04 10:50:00+05:30,725.1,725.4,725.0,725.4,576.0
2026-06-04 10:55:00+05:30,725.4,725.5,724.05,724.05,1090.0
2026-06-04 11:00:00+05:30,724.05,724.35,722.2,723.6,1299.0
2026-06-04 11:05:00+05:30,723.7,724.8,723.55,724.8,1136.0
2026-06-04 11:10:00+05:30,724.65,725.1,724.1,725.1,1116.0
2026-06-04 11:15:00+05:30,725.5,725.8,725.0,725.75,1423.0
2026-06-04 11:20:00+05:30,725.75,725.75,723.0,723.55,12282.0
2026-06-04 11:25:00+05:30,723.55,723.8,723.0,723.4,797.0
2026-06-04 11:30:00+05:30,722.8,722.85,721.7,722.2,1465.0
2026-06-04 11:35:00+05:30,722.2,723.8,722.2,723.05,1242.0
2026-06-04 11:40:00+05:30,723.45,724.1,723.4,723.95,385.0
2026-06-04 11:45:00+05:30,723.9,724.15,723.5,724.0,214.0
2026-06-04 11:50:00+05:30,724.0,724.1,722.7,722.7,1049.0
2026-06-04 11:55:00+05:30,722.7,724.0,722.5,724.0,747.0
2026-06-04 12:00:00+05:30,723.75,723.95,723.5,723.5,231.0
2026-06-04 12:05:00+05:30,723.5,724.05,723.5,723.6,1078.0
2026-06-04 12:10:00+05:30,724.0,724.0,723.5,723.95,640.0
2026-06-04 12:15:00+05:30,723.85,724.15,723.5,724.0,173.0
2026-06-04 12:20:00+05:30,724.0,725.0,723.5,724.85,7936.0
2026-06-04 12:25:00+05:30,724.25,724.6,723.5,723.95,546.0
2026-06-04 12:30:00+05:30,723.95,724.05,722.1,722.95,1354.0
2026-06-04 12:35:00+05:30,722.05,722.7,720.4,721.3,4317.0
2026-06-04 12:40:00+05:30,721.1,721.6,721.1,721.6,397.0
2026-06-04 12:45:00+05:30,721.6,721.6,720.1,720.75,2725.0
2026-06-04 12:50:00+05:30,720.8,723.05,720.05,723.05,2761.0
2026-06-04 12:55:00+05:30,723.0,723.0,722.0,722.45,505.0
2026-06-04 13:00:00+05:30,722.45,722.65,721.4,721.4,986.0
2026-06-04 13:05:00+05:30,721.4,721.4,719.8,720.9,4172.0
2026-06-04 13:10:00+05:30,720.9,721.15,719.35,719.35,2989.0
2026-06-04 13:15:00+05:30,719.6,721.0,718.8,720.4,2325.0
2026-06-04 13:20:00+05:30,720.6,722.05,720.55,721.7,12231.0
2026-06-04 13:25:00+05:30,721.15,721.85,721.0,721.7,495.0
2026-06-04 13:30:00+05:30,721.1,721.55,720.9,721.5,488.0
2026-06-04 13:35:00+05:30,721.05,721.5,721.05,721.4,754.0
2026-06-04 13:40:00+05:30,720.8,721.35,720.8,720.95,760.0
2026-06-04 13:45:00+05:30,720.95,722.4,720.9,721.45,1919.0
2026-06-04 13:50:00+05:30,722.0,722.0,720.75,720.75,380.0
2026-06-04 13:55:00+05:30,721.25,722.15,720.75,721.65,503.0
2026-06-04 14:00:00+05:30,722.0,723.35,721.65,721.8,4669.0
2026-06-04 14:05:00+05:30,722.3,722.35,721.5,722.3,1369.0
2026-06-04 14:10:00+05:30,722.3,722.3,721.5,721.5,2812.0
2026-06-04 14:15:00+05:30,721.75,723.4,721.75,722.25,6517.0
2026-06-04 14:20:00+05:30,722.25,722.3,721.25,721.4,5722.0
2026-06-04 14:25:00+05:30,721.5,721.8,721.5,721.75,895.0
2026-06-04 14:30:00+05:30,722.15,722.75,721.75,722.4,1418.0
2026-06-04 14:35:00+05:30,722.0,722.65,721.75,722.2,1521.0
2026-06-04 14:40:00+05:30,722.6,722.6,722.0,722.5,1115.0
2026-06-04 14:45:00+05:30,722.55,723.05,722.0,722.45,1733.0
2026-06-04 14:50:00+05:30,722.95,725.4,722.15,722.45,5576.0
2026-06-04 14:55:00+05:30,723.35,723.65,722.6,722.95,1310.0
2026-06-04 15:00:00+05:30,722.95,722.95,721.5,721.85,5494.0
2026-06-04 15:05:00+05:30,721.85,722.55,721.35,722.05,2655.0
2026-06-04 15:10:00+05:30,722.1,722.55,721.25,722.4,6270.0
2026-06-04 15:15:00+05:30,722.4,722.4,718.0,719.1,13179.0
2026-06-04 15:20:00+05:30,718.95,719.9,718.1,719.75,4708.0
2026-06-04 15:25:00+05:30,719.75,720.0,719.0,719.8,6845.0
2026-06-05 09:15:00+05:30,725.0,726.9,722.3,726.9,11400.0
2026-06-05 09:20:00+05:30,726.7,728.0,725.3,726.05,5329.0
2026-06-05 09:25:00+05:30,726.05,727.7,725.6,727.7,5967.0
2026-06-05 09:30:00+05:30,727.65,728.75,726.0,728.0,8456.0
2026-06-05 09:35:00+05:30,728.0,728.35,725.15,726.95,8776.0
2026-06-05 09:40:00+05:30,726.8,728.65,723.35,725.6,16199.0
2026-06-05 09:45:00+05:30,725.5,725.7,721.0,722.95,20477.0
2026-06-05 09:50:00+05:30,722.9,723.95,722.05,723.25,6688.0
2026-06-05 09:55:00+05:30,723.25,724.0,723.0,723.0,6050.0
2026-06-05 10:00:00+05:30,723.5,723.55,722.0,723.1,3717.0
2026-06-05 10:05:00+05:30,723.4,725.85,722.8,725.85,3247.0
2026-06-05 10:10:00+05:30,725.8,725.8,724.7,725.3,1192.0
2026-06-05 10:15:00+05:30,725.1,725.55,724.55,724.6,3617.0
2026-06-05 10:20:00+05:30,724.6,724.6,722.8,723.9,1838.0
2026-06-05 10:25:00+05:30,723.9,723.95,723.15,723.85,931.0
2026-06-05 10:30:00+05:30,723.95,723.95,723.0,723.0,980.0
2026-06-05 10:35:00+05:30,722.6,722.6,719.05,719.45,12580.0
2026-06-05 10:40:00+05:30,719.5,719.5,718.05,718.75,4271.0
2026-06-05 10:45:00+05:30,718.75,718.75,717.0,717.55,5663.0
2026-06-05 10:50:00+05:30,717.8,718.95,717.8,718.85,5454.0
2026-06-05 10:55:00+05:30,718.85,723.35,718.85,723.35,3945.0
2026-06-05 11:00:00+05:30,723.45,723.65,720.0,722.45,8577.0
2026-06-05 11:05:00+05:30,722.95,723.5,722.5,722.8,2694.0
2026-06-05 11:10:00+05:30,722.95,723.1,721.7,722.15,2162.0
2026-06-05 11:15:00+05:30,722.55,723.0,721.3,722.65,1449.0
2026-06-05 11:20:00+05:30,722.55,722.55,721.0,721.45,2004.0
2026-06-05 11:25:00+05:30,721.7,721.95,721.15,721.95,655.0
2026-06-05 11:30:00+05:30,721.95,722.9,721.95,722.5,253.0
2026-06-05 11:35:00+05:30,721.55,722.0,720.5,721.1,2490.0
2026-06-05 11:40:00+05:30,720.5,721.8,720.1,721.4,2215.0
2026-06-05 11:45:00+05:30,721.3,722.5,721.25,722.1,714.0
2026-06-05 11:50:00+05:30,721.3,722.25,720.7,721.1,1740.0
2026-06-05 11:55:00+05:30,721.3,722.1,720.7,722.0,5007.0
2026-06-05 12:00:00+05:30,722.25,722.7,721.5,721.95,1351.0
2026-06-05 12:05:00+05:30,722.15,723.5,720.5,723.2,8467.0
2026-06-05 12:10:00+05:30,723.3,723.3,722.4,723.3,1530.0
2026-06-05 12:15:00+05:30,723.3,723.3,722.85,722.9,782.0
2026-06-05 12:20:00+05:30,722.85,722.85,722.4,722.65,214.0
2026-06-05 12:25:00+05:30,722.65,722.85,719.05,719.05,8753.0
2026-06-05 12:30:00+05:30,719.1,719.55,717.7,718.3,6792.0
2026-06-05 12:35:00+05:30,718.85,719.0,718.1,718.35,1269.0
2026-06-05 12:40:00+05:30,719.05,719.15,718.15,718.6,1071.0
2026-06-05 12:45:00+05:30,718.65,719.1,718.25,718.45,851.0
2026-06-05 12:50:00+05:30,718.5,718.55,717.15,717.35,6825.0
2026-06-05 12:55:00+05:30,717.75,717.95,717.25,717.65,1522.0
2026-06-05 13:00:00+05:30,717.25,717.7,717.0,717.05,1401.0
2026-06-05 13:05:00+05:30,717.6,717.65,717.0,717.0,1046.0
2026-06-05 13:10:00+05:30,717.25,717.25,716.0,716.0,2123.0
2026-06-05 13:15:00+05:30,715.7,716.35,715.55,716.3,2054.0
2026-06-05 13:20:00+05:30,716.3,716.35,715.7,715.75,321.0
2026-06-05 13:25:00+05:30,715.75,716.2,715.35,715.5,1149.0
2026-06-05 13:30:00+05:30,715.7,715.9,714.0,714.5,6369.0
2026-06-05 13:35:00+05:30,714.85,715.6,714.85,715.05,938.0
2026-06-05 13:40:00+05:30,715.1,715.1,714.2,714.5,3289.0
2026-06-05 13:45:00+05:30,714.55,715.7,714.0,715.3,4547.0
2026-06-05 13:50:00+05:30,715.3,716.5,715.0,715.35,6017.0
2026-06-05 13:55:00+05:30,715.95,716.1,715.5,715.85,711.0
2026-06-05 14:00:00+05:30,715.85,716.95,715.6,716.65,2224.0
2026-06-05 14:05:00+05:30,716.7,716.7,709.2,713.15,73845.0
2026-06-05 14:10:00+05:30,713.0,715.0,712.1,714.05,6885.0
2026-06-05 14:15:00+05:30,714.4,716.45,713.05,716.15,11533.0
2026-06-05 14:20:00+05:30,715.55,716.4,715.05,715.05,13558.0
2026-06-05 14:25:00+05:30,715.65,716.9,715.25,716.4,1864.0
2026-06-05 14:30:00+05:30,716.9,717.0,715.85,716.35,4178.0
2026-06-05 14:35:00+05:30,716.0,716.0,714.5,715.9,1850.0
2026-06-05 14:40:00+05:30,715.4,720.3,715.35,720.3,17496.0
2026-06-05 14:45:00+05:30,720.6,721.4,718.65,720.4,6190.0
2026-06-05 14:50:00+05:30,720.2,721.7,720.0,721.7,3201.0
2026-06-05 14:55:00+05:30,721.7,721.8,719.9,720.6,2128.0
2026-06-05 15:00:00+05:30,720.15,722.25,719.55,721.45,11928.0
2026-06-05 15:05:00+05:30,721.4,722.0,720.9,722.0,3550.0
2026-06-05 15:10:00+05:30,722.0,722.0,719.35,720.75,4180.0
2026-06-05 15:15:00+05:30,720.6,720.85,717.4,718.4,13219.0
2026-06-05 15:20:00+05:30,718.45,719.85,717.6,718.0,8519.0
2026-06-05 15:25:00+05:30,718.0,720.9,716.15,718.0,14877.0
2026-06-08 09:15:00+05:30,717.1,717.15,708.0,714.7,19640.0
2026-06-08 09:20:00+05:30,713.5,715.4,712.25,712.6,10625.0
2026-06-08 09:25:00+05:30,712.55,714.0,712.0,712.25,5502.0
2026-06-08 09:30:00+05:30,712.8,713.8,711.35,711.95,7620.0
2026-06-08 09:35:00+05:30,712.65,712.7,710.2,711.0,5806.0
2026-06-08 09:40:00+05:30,711.0,715.05,710.05,713.0,9996.0
2026-06-08 09:45:00+05:30,713.0,716.15,713.0,714.0,9638.0
2026-06-08 09:50:00+05:30,714.35,716.65,713.65,716.15,5137.0
2026-06-08 09:55:00+05:30,716.7,723.6,716.0,721.5,19900.0
2026-06-08 10:00:00+05:30,721.35,734.05,721.35,733.5,82179.0
2026-06-08 10:05:00+05:30,733.35,738.0,732.25,734.8,92180.0
2026-06-08 10:10:00+05:30,734.75,739.95,728.5,730.1,68288.0
2026-06-08 10:15:00+05:30,730.35,732.5,727.4,729.05,18884.0
2026-06-08 10:20:00+05:30,728.5,729.75,725.9,728.95,14448.0
2026-06-08 10:25:00+05:30,729.0,729.2,727.05,727.85,8469.0
2026-06-08 10:30:00+05:30,728.0,730.0,725.85,728.05,24845.0
2026-06-08 10:35:00+05:30,728.0,729.7,728.0,728.3,33919.0
2026-06-08 10:40:00+05:30,728.15,729.7,728.1,728.1,19956.0
2026-06-08 10:45:00+05:30,728.45,728.85,726.3,728.15,6591.0
2026-06-08 10:50:00+05:30,728.15,728.85,727.05,727.6,6056.0
2026-06-08 10:55:00+05:30,727.6,729.7,727.6,728.45,4547.0
2026-06-08 11:00:00+05:30,728.8,729.7,726.5,726.85,12268.0
2026-06-08 11:05:00+05:30,726.15,726.65,723.3,723.5,14512.0
2026-06-08 11:10:00+05:30,723.55,723.65,722.1,723.3,9195.0
2026-06-08 11:15:00+05:30,723.25,723.25,722.0,722.4,2867.0
2026-06-08 11:20:00+05:30,722.4,722.4,721.0,721.5,5532.0
2026-06-08 11:25:00+05:30,721.05,722.65,721.05,721.35,4344.0
2026-06-08 11:30:00+05:30,721.9,721.9,721.0,721.4,3896.0
2026-06-08 11:35:00+05:30,721.4,722.05,721.25,722.0,1557.0
2026-06-08 11:40:00+05:30,721.6,722.6,721.5,721.9,2960.0
2026-06-08 11:45:00+05:30,721.7,723.65,721.7,722.3,1907.0
2026-06-08 11:50:00+05:30,722.95,722.95,722.5,722.85,762.0
2026-06-08 11:55:00+05:30,723.25,723.65,722.05,722.5,4324.0
2026-06-08 12:00:00+05:30,722.45,723.2,722.05,722.85,2477.0
2026-06-08 12:05:00+05:30,722.4,722.85,722.0,722.6,1911.0
2026-06-08 12:10:00+05:30,722.4,724.0,722.25,723.95,2152.0
2026-06-08 12:15:00+05:30,723.5,724.0,723.0,723.45,1621.0
2026-06-08 12:20:00+05:30,723.95,724.25,723.1,724.25,2706.0
2026-06-08 12:25:00+05:30,723.8,724.15,723.2,723.85,826.0
2026-06-08 12:30:00+05:30,723.3,724.0,723.05,723.05,1214.0
2026-06-08 12:35:00+05:30,723.05,723.05,722.05,722.75,2914.0
2026-06-08 12:40:00+05:30,722.75,723.65,722.2,723.65,2008.0
2026-06-08 12:45:00+05:30,723.7,723.7,722.8,722.8,3447.0
2026-06-08 12:50:00+05:30,723.0,724.0,722.8,723.85,3377.0
2026-06-08 12:55:00+05:30,723.85,724.0,723.2,723.2,935.0
2026-06-08 13:00:00+05:30,723.45,723.5,722.8,723.0,544.0
2026-06-08 13:05:00+05:30,722.8,722.85,722.05,722.2,937.0
2026-06-08 13:10:00+05:30,722.7,722.8,722.0,722.4,1477.0
2026-06-08 13:15:00+05:30,722.4,722.4,722.0,722.0,389.0
2026-06-08 13:20:00+05:30,722.35,722.7,722.0,722.0,741.0
2026-06-08 13:25:00+05:30,722.35,724.45,722.0,723.15,9811.0
2026-06-08 13:30:00+05:30,724.3,724.8,724.0,724.15,3496.0
2026-06-08 13:35:00+05:30,724.05,725.0,724.0,724.5,6331.0
2026-06-08 13:40:00+05:30,724.05,724.3,722.4,722.85,2890.0
2026-06-08 13:45:00+05:30,722.5,723.3,722.0,722.65,2568.0
2026-06-08 13:50:00+05:30,722.3,722.85,721.0,721.0,10303.0
2026-06-08 13:55:00+05:30,721.6,721.7,721.0,721.55,2345.0
2026-06-08 14:00:00+05:30,722.1,723.0,722.05,722.55,926.0
2026-06-08 14:05:00+05:30,722.55,722.6,721.3,721.3,463.0
2026-06-08 14:10:00+05:30,721.4,721.85,721.0,721.0,658.0
2026-06-08 14:15:00+05:30,721.7,722.0,721.15,721.5,1270.0
2026-06-08 14:20:00+05:30,722.0,722.0,721.4,721.9,296.0
2026-06-08 14:25:00+05:30,721.8,721.8,721.35,721.45,1398.0
2026-06-08 14:30:00+05:30,721.5,722.0,721.1,721.85,972.0
2026-06-08 14:35:00+05:30,721.35,722.7,721.15,722.7,743.0
2026-06-08 14:40:00+05:30,722.15,724.9,722.0,724.8,4573.0
2026-06-08 14:45:00+05:30,724.45,725.15,723.55,724.65,8045.0
2026-06-08 14:50:00+05:30,724.35,725.25,723.8,724.5,24072.0
2026-06-08 14:55:00+05:30,724.45,724.75,723.7,724.75,10435.0
2026-06-08 15:00:00+05:30,724.2,724.65,721.7,722.1,11741.0
2026-06-08 15:05:00+05:30,722.35,723.0,721.0,722.4,25228.0
2026-06-08 15:10:00+05:30,722.4,722.4,716.1,716.5,22887.0
2026-06-08 15:15:00+05:30,716.35,717.5,713.5,715.95,17072.0
2026-06-08 15:20:00+05:30,715.85,716.0,713.15,713.7,9493.0
2026-06-08 15:25:00+05:30,713.6,714.05,710.0,710.0,17253.0
2026-06-09 09:15:00+05:30,719.1,724.0,718.0,720.8,20981.0
2026-06-09 09:20:00+05:30,721.3,721.75,718.4,721.0,7962.0
2026-06-09 09:25:00+05:30,720.65,721.0,719.0,719.55,3032.0
2026-06-09 09:30:00+05:30,719.55,721.85,718.85,721.8,10735.0
2026-06-09 09:35:00+05:30,721.25,724.65,721.0,724.65,6717.0
2026-06-09 09:40:00+05:30,724.25,724.25,720.1,720.2,8987.0
2026-06-09 09:45:00+05:30,720.4,720.95,719.15,719.15,3349.0
2026-06-09 09:50:00+05:30,719.45,720.25,719.15,719.3,3733.0
2026-06-09 09:55:00+05:30,719.0,719.3,716.0,716.6,7276.0
2026-06-09 10:00:00+05:30,716.15,718.8,716.15,718.3,7859.0
2026-06-09 10:05:00+05:30,718.35,718.9,716.25,717.0,5783.0
2026-06-09 10:10:00+05:30,717.2,719.0,717.0,718.75,3572.0
2026-06-09 10:15:00+05:30,719.0,719.25,716.8,717.45,4149.0
2026-06-09 10:20:00+05:30,717.45,717.45,716.0,716.6,5270.0
2026-06-09 10:25:00+05:30,717.0,717.05,716.1,716.15,2151.0
2026-06-09 10:30:00+05:30,716.0,716.9,716.0,716.1,3661.0
2026-06-09 10:35:00+05:30,716.15,717.35,715.35,715.65,10380.0
2026-06-09 10:40:00+05:30,715.65,716.7,715.4,716.7,1924.0
2026-06-09 10:45:00+05:30,716.2,716.95,715.65,716.0,2040.0
2026-06-09 10:50:00+05:30,715.3,716.05,715.1,715.35,2657.0
2026-06-09 10:55:00+05:30,715.35,715.4,715.0,715.4,3136.0
2026-06-09 11:00:00+05:30,715.4,716.55,715.0,716.45,3205.0
2026-06-09 11:05:00+05:30,716.05,717.2,715.3,716.0,1775.0
2026-06-09 11:10:00+05:30,715.7,716.1,714.8,715.35,3858.0
2026-06-09 11:15:00+05:30,714.9,716.05,714.75,715.0,2037.0
2026-06-09 11:20:00+05:30,715.35,715.9,714.1,714.1,2188.0
2026-06-09 11:25:00+05:30,714.1,714.75,713.65,714.0,3451.0
2026-06-09 11:30:00+05:30,713.65,713.95,712.5,713.2,2949.0
2026-06-09 11:35:00+05:30,714.05,714.25,713.15,713.35,1031.0
2026-06-09 11:40:00+05:30,713.75,713.8,713.0,713.3,2395.0
2026-06-09 11:45:00+05:30,713.2,715.45,713.2,715.15,3117.0
2026-06-09 11:50:00+05:30,715.45,716.5,715.1,716.0,6881.0
2026-06-09 11:55:00+05:30,716.0,716.9,715.4,716.9,2112.0
2026-06-09 12:00:00+05:30,716.9,716.9,715.9,716.5,965.0
2026-06-09 12:05:00+05:30,716.8,717.45,715.5,716.45,7273.0
2026-06-09 12:10:00+05:30,716.5,717.0,715.1,715.1,2231.0
2026-06-09 12:15:00+05:30,715.15,715.95,715.0,715.7,2730.0
2026-06-09 12:20:00+05:30,715.85,716.9,715.45,716.45,2608.0
2026-06-09 12:25:00+05:30,716.0,717.1,715.35,716.7,4475.0
2026-06-09 12:30:00+05:30,716.7,717.5,716.15,716.2,2818.0
2026-06-09 12:35:00+05:30,716.35,718.25,716.2,716.85,18766.0
2026-06-09 12:40:00+05:30,717.0,717.5,716.4,717.4,3677.0
2026-06-09 12:45:00+05:30,717.7,718.05,717.2,717.7,1695.0
2026-06-09 12:50:00+05:30,717.7,718.0,716.6,716.7,1177.0
2026-06-09 12:55:00+05:30,716.5,716.85,716.15,716.7,2028.0
2026-06-09 13:00:00+05:30,716.8,717.3,716.3,717.1,379.0
2026-06-09 13:05:00+05:30,717.1,717.1,716.25,716.55,2461.0
2026-06-09 13:10:00+05:30,716.55,716.75,716.3,716.75,994.0
2026-06-09 13:15:00+05:30,716.55,717.0,716.0,716.0,2586.0
2026-06-09 13:20:00+05:30,716.2,716.7,716.0,716.7,426.0
2026-06-09 13:25:00+05:30,716.8,716.85,716.0,716.4,866.0
2026-06-09 13:30:00+05:30,716.1,716.7,712.95,713.3,19329.0
2026-06-09 13:35:00+05:30,713.3,713.7,712.5,713.4,5532.0
2026-06-09 13:40:00+05:30,713.4,714.45,713.25,713.7,1781.0
2026-06-09 13:45:00+05:30,714.2,714.2,713.4,713.4,2445.0
2026-06-09 13:50:00+05:30,713.4,714.35,713.4,714.25,654.0
2026-06-09 13:55:00+05:30,714.25,714.25,713.4,713.6,2567.0
2026-06-09 14:00:00+05:30,713.85,714.45,713.5,714.15,1848.0
2026-06-09 14:05:00+05:30,714.35,714.4,714.2,714.35,437.0
2026-06-09 14:10:00+05:30,714.2,714.3,714.1,714.3,564.0
2026-06-09 14:15:00+05:30,714.15,714.3,713.55,714.15,2578.0
2026-06-09 14:20:00+05:30,714.15,714.5,713.4,713.95,1790.0
2026-06-09 14:25:00+05:30,713.6,714.4,713.45,714.4,1086.0
2026-06-09 14:30:00+05:30,714.0,714.4,713.95,713.95,1378.0
2026-06-09 14:35:00+05:30,713.65,714.0,713.3,713.8,2599.0
2026-06-09 14:40:00+05:30,713.8,714.7,713.6,714.15,3107.0
2026-06-09 14:45:00+05:30,714.6,716.5,714.15,715.6,13410.0
2026-06-09 14:50:00+05:30,716.0,716.0,714.5,714.7,13038.0
2026-06-09 14:55:00+05:30,714.7,714.95,713.55,714.35,12984.0
2026-06-09 15:00:00+05:30,714.35,728.65,712.7,728.05,88043.0
2026-06-09 15:05:00+05:30,728.0,728.8,724.05,726.55,35753.0
2026-06-09 15:10:00+05:30,726.55,730.0,725.35,729.4,22060.0
2026-06-09 15:15:00+05:30,728.9,731.9,727.7,731.2,30482.0
2026-06-09 15:20:00+05:30,731.45,733.0,730.1,731.1,33582.0
2026-06-09 15:25:00+05:30,731.1,734.0,729.4,733.0,27432.0
2026-06-10 09:15:00+05:30,717.1,728.9,717.0,727.2,25759.0
2026-06-10 09:20:00+05:30,726.9,742.8,725.25,738.4,48200.0
2026-06-10 09:25:00+05:30,738.0,742.2,735.0,742.2,53390.0
2026-06-10 09:30:00+05:30,741.45,749.0,740.65,745.35,121517.0
2026-06-10 09:35:00+05:30,746.35,750.45,744.35,749.8,107943.0
2026-06-10 09:40:00+05:30,747.55,755.9,747.55,753.7,114296.0
2026-06-10 09:45:00+05:30,751.05,753.5,748.65,750.0,82024.0
2026-06-10 09:50:00+05:30,752.3,752.3,744.7,745.6,97146.0
2026-06-10 09:55:00+05:30,745.9,748.3,743.95,744.2,99158.0
2026-06-10 10:00:00+05:30,744.2,746.9,741.2,741.45,72661.0
2026-06-10 10:05:00+05:30,742.0,744.75,741.0,744.25,60763.0
2026-06-10 10:10:00+05:30,744.25,744.95,741.2,742.7,24722.0
2026-06-10 10:15:00+05:30,743.1,744.1,740.8,740.8,90112.0
2026-06-10 10:20:00+05:30,741.55,741.55,740.1,740.5,27060.0
2026-06-10 10:25:00+05:30,740.45,742.0,740.1,741.75,18192.0
2026-06-10 10:30:00+05:30,741.75,743.9,741.0,743.9,5631.0
2026-06-10 10:35:00+05:30,743.3,743.65,740.2,740.95,14872.0
2026-06-10 10:40:00+05:30,740.8,741.55,740.2,741.45,9318.0
2026-06-10 10:45:00+05:30,741.3,742.45,740.5,741.35,4173.0
2026-06-10 10:50:00+05:30,740.6,742.0,740.6,742.0,4915.0
2026-06-10 10:55:00+05:30,742.0,742.85,740.5,741.0,14204.0
2026-06-10 11:00:00+05:30,741.0,741.8,740.55,741.2,6191.0
2026-06-10 11:05:00+05:30,741.0,741.6,740.6,741.55,1282.0
2026-06-10 11:10:00+05:30,741.1,743.8,741.1,743.8,19624.0
2026-06-10 11:15:00+05:30,743.75,743.75,741.2,742.0,22672.0
2026-06-10 11:20:00+05:30,742.0,742.0,740.2,741.0,7915.0
2026-06-10 11:25:00+05:30,741.5,741.9,740.75,741.7,1924.0
2026-06-10 11:30:00+05:30,741.7,741.75,738.05,739.35,23803.0
2026-06-10 11:35:00+05:30,739.0,741.3,735.0,735.2,154743.0
2026-06-10 11:40:00+05:30,735.35,737.0,733.1,733.65,14986.0
2026-06-10 11:45:00+05:30,733.65,734.5,732.8,733.7,15532.0
2026-06-10 11:50:00+05:30,734.1,734.25,733.0,733.1,11231.0
2026-06-10 11:55:00+05:30,732.8,733.5,732.4,733.5,6891.0
2026-06-10 12:00:00+05:30,733.9,734.4,733.4,733.4,6049.0
2026-06-10 12:05:00+05:30,734.3,734.65,733.5,733.85,1825.0
2026-06-10 12:10:00+05:30,733.85,734.1,733.3,733.3,1256.0
2026-06-10 12:15:00+05:30,734.0,734.0,732.1,732.1,5783.0
2026-06-10 12:20:00+05:30,732.0,732.25,728.4,730.0,34892.0
2026-06-10 12:25:00+05:30,730.15,730.55,728.1,728.7,7359.0
2026-06-10 12:30:00+05:30,729.2,729.3,727.45,728.0,5808.0
2026-06-10 12:35:00+05:30,728.0,728.5,727.3,727.8,5876.0
2026-06-10 12:40:00+05:30,727.8,728.5,727.15,727.95,6912.0
2026-06-10 12:45:00+05:30,727.8,729.95,727.0,728.0,13542.0
2026-06-10 12:50:00+05:30,728.6,732.45,728.25,731.6,14523.0
2026-06-10 12:55:00+05:30,731.05,731.45,729.5,729.55,2416.0
2026-06-10 13:00:00+05:30,730.0,731.2,729.85,731.2,4085.0
2026-06-10 13:05:00+05:30,731.0,731.5,730.1,730.45,2887.0
2026-06-10 13:10:00+05:30,730.5,731.4,729.9,730.25,5727.0
2026-06-10 13:15:00+05:30,730.15,730.35,729.9,730.25,1772.0
2026-06-10 13:20:00+05:30,729.9,730.8,729.8,730.0,5704.0
2026-06-10 13:25:00+05:30,729.55,731.5,729.15,730.8,4710.0
2026-06-10 13:30:00+05:30,731.3,731.6,730.0,731.0,9389.0
2026-06-10 13:35:00+05:30,730.7,731.45,730.6,731.1,2113.0
2026-06-10 13:40:00+05:30,731.3,731.45,730.2,730.6,2323.0
2026-06-10 13:45:00+05:30,730.6,731.95,730.45,731.5,3185.0
2026-06-10 13:50:00+05:30,731.45,731.45,730.5,731.05,4753.0
2026-06-10 13:55:00+05:30,731.35,731.4,730.35,730.45,2467.0
2026-06-10 14:00:00+05:30,730.5,731.4,730.35,730.65,2315.0
2026-06-10 14:05:00+05:30,731.2,731.2,730.35,730.95,1650.0
2026-06-10 14:10:00+05:30,730.4,730.95,727.65,728.4,21687.0
2026-06-10 14:15:00+05:30,728.1,729.65,727.5,728.75,5514.0
2026-06-10 14:20:00+05:30,728.75,730.5,728.1,730.3,3909.0
2026-06-10 14:25:00+05:30,730.25,730.6,730.0,730.35,6804.0
2026-06-10 14:30:00+05:30,730.0,730.0,728.4,729.5,2523.0
2026-06-10 14:35:00+05:30,728.9,729.55,728.35,728.35,2879.0
2026-06-10 14:40:00+05:30,728.5,728.7,726.15,726.5,20064.0
2026-06-10 14:45:00+05:30,726.55,728.45,723.85,725.05,25375.0
2026-06-10 14:50:00+05:30,725.45,727.5,722.2,722.75,25983.0
2026-06-10 14:55:00+05:30,722.7,724.45,722.15,724.4,9862.0
2026-06-10 15:00:00+05:30,723.9,725.9,723.25,723.55,12673.0
2026-06-10 15:05:00+05:30,723.55,724.2,722.45,723.6,17945.0
2026-06-10 15:10:00+05:30,724.1,724.1,717.3,718.5,31764.0
2026-06-10 15:15:00+05:30,717.8,721.05,717.0,719.55,17568.0
2026-06-10 15:20:00+05:30,719.8,721.0,718.0,718.7,19295.0
2026-06-10 15:25:00+05:30,718.45,720.15,715.05,719.0,23741.0
2026-06-11 09:15:00+05:30,720.4,723.95,715.15,717.2,36178.0
2026-06-11 09:20:00+05:30,717.7,726.7,717.4,725.7,41756.0
2026-06-11 09:25:00+05:30,725.85,742.75,724.0,741.2,107188.0
2026-06-11 09:30:00+05:30,741.35,762.35,741.35,750.5,325087.0
2026-06-11 09:35:00+05:30,749.35,752.05,746.0,747.9,152240.0
2026-06-11 09:40:00+05:30,747.65,751.0,746.1,746.5,85474.0
2026-06-11 09:45:00+05:30,746.7,746.8,740.45,741.5,127991.0
2026-06-11 09:50:00+05:30,741.45,743.05,737.15,738.85,134954.0
2026-06-11 09:55:00+05:30,739.1,739.9,738.0,738.1,34909.0
2026-06-11 10:00:00+05:30,738.15,738.95,736.85,737.1,33989.0
2026-06-11 10:05:00+05:30,737.1,740.0,736.4,739.9,52860.0
2026-06-11 10:10:00+05:30,740.0,744.4,739.5,743.4,71257.0
2026-06-11 10:15:00+05:30,743.15,744.85,742.05,743.05,23998.0
2026-06-11 10:20:00+05:30,742.9,743.05,740.6,741.0,11046.0
2026-06-11 10:25:00+05:30,741.0,742.6,738.65,741.85,27751.0
2026-06-11 10:30:00+05:30,741.85,742.0,738.0,740.0,29222.0
2026-06-11 10:35:00+05:30,740.0,740.0,739.1,739.85,10798.0
2026-06-11 10:40:00+05:30,739.85,740.0,738.7,739.1,5183.0
2026-06-11 10:45:00+05:30,739.1,743.4,738.35,742.9,49370.0
2026-06-11 10:50:00+05:30,742.2,742.85,740.95,741.6,11156.0
2026-06-11 10:55:00+05:30,741.6,741.75,738.3,740.0,10946.0
2026-06-11 11:00:00+05:30,739.7,740.0,738.2,739.7,9994.0
2026-06-11 11:05:00+05:30,739.0,739.9,738.2,739.0,6283.0
2026-06-11 11:10:00+05:30,738.95,739.85,738.25,739.85,7197.0
2026-06-11 11:15:00+05:30,739.85,739.85,738.25,738.95,3882.0
2026-06-11 11:20:00+05:30,739.0,740.0,738.75,739.65,78819.0
2026-06-11 11:25:00+05:30,739.95,740.0,739.35,739.85,5753.0
2026-06-11 11:30:00+05:30,739.6,739.9,738.75,739.2,3365.0
2026-06-11 11:35:00+05:30,739.2,739.45,738.7,739.45,10244.0
2026-06-11 11:40:00+05:30,739.0,739.45,738.95,739.2,3114.0
2026-06-11 11:45:00+05:30,739.2,740.0,738.1,738.1,9421.0
2026-06-11 11:50:00+05:30,738.1,738.55,735.6,736.1,21653.0
2026-06-11 11:55:00+05:30,736.6,736.7,734.8,736.5,20613.0
2026-06-11 12:00:00+05:30,736.55,736.65,735.25,736.4,3988.0
2026-06-11 12:05:00+05:30,736.1,736.1,733.25,734.35,12633.0
2026-06-11 12:10:00+05:30,734.0,735.55,734.0,735.0,7745.0
2026-06-11 12:15:00+05:30,734.55,735.45,734.1,734.15,4481.0
2026-06-11 12:20:00+05:30,734.7,735.4,734.0,735.4,5341.0
2026-06-11 12:25:00+05:30,735.4,737.0,734.85,734.85,17128.0
2026-06-11 12:30:00+05:30,734.9,735.6,734.0,734.8,4309.0
2026-06-11 12:35:00+05:30,735.6,735.6,734.5,735.0,2827.0
2026-06-11 12:40:00+05:30,735.0,735.25,733.55,734.15,4867.0
2026-06-11 12:45:00+05:30,734.65,734.85,734.0,734.0,8360.0
2026-06-11 12:50:00+05:30,734.0,734.45,732.6,733.1,23793.0
2026-06-11 12:55:00+05:30,733.75,734.15,733.0,733.95,3668.0
2026-06-11 13:00:00+05:30,733.95,734.35,732.9,734.25,6746.0
2026-06-11 13:05:00+05:30,734.2,736.2,734.2,735.6,18289.0
2026-06-11 13:10:00+05:30,735.15,735.75,734.4,734.4,3852.0
2026-06-11 13:15:00+05:30,734.85,734.85,734.1,734.1,1536.0
2026-06-11 13:20:00+05:30,734.1,735.65,733.85,734.7,2435.0
2026-06-11 13:25:00+05:30,734.7,734.9,733.0,733.5,3001.0
2026-06-11 13:30:00+05:30,733.65,735.15,733.45,734.5,4497.0
2026-06-11 13:35:00+05:30,735.0,735.15,732.95,733.25,5347.0
2026-06-11 13:40:00+05:30,733.25,733.6,731.25,732.05,9438.0
2026-06-11 13:45:00+05:30,732.1,732.75,731.35,731.4,7909.0
2026-06-11 13:50:00+05:30,731.4,732.15,731.35,731.6,3407.0
2026-06-11 13:55:00+05:30,732.1,734.2,732.0,733.5,14026.0
2026-06-11 14:00:00+05:30,733.5,735.0,733.5,735.0,2800.0
2026-06-11 14:05:00+05:30,735.0,736.85,734.0,734.35,5738.0
2026-06-11 14:10:00+05:30,734.15,734.5,732.5,732.5,4450.0
2026-06-11 14:15:00+05:30,732.65,733.15,732.5,732.5,1454.0
2026-06-11 14:20:00+05:30,732.85,734.1,732.7,733.05,1740.0
2026-06-11 14:25:00+05:30,733.0,735.65,733.0,735.2,8348.0
2026-06-11 14:30:00+05:30,735.05,735.45,734.4,735.0,2931.0
2026-06-11 14:35:00+05:30,735.4,738.5,733.5,737.2,32123.0
2026-06-11 14:40:00+05:30,737.0,746.0,736.2,745.0,112702.0
2026-06-11 14:45:00+05:30,745.1,754.3,745.1,752.2,231217.0
2026-06-11 14:50:00+05:30,752.1,752.1,743.25,744.15,83411.0
2026-06-11 14:55:00+05:30,744.5,745.3,744.0,744.0,30933.0
2026-06-11 15:00:00+05:30,744.25,745.7,740.55,741.3,61270.0
2026-06-11 15:05:00+05:30,741.3,741.95,739.1,739.65,62427.0
2026-06-11 15:10:00+05:30,740.0,740.0,738.1,739.4,21564.0
2026-06-11 15:15:00+05:30,739.1,740.2,738.65,739.8,60044.0
2026-06-11 15:20:00+05:30,739.8,741.4,739.5,740.55,135179.0
2026-06-11 15:25:00+05:30,741.35,747.9,741.35,745.5,54709.0
2026-06-12 09:15:00+05:30,755.0,762.75,751.1,759.6,103354.0
2026-06-12 09:20:00+05:30,759.6,760.8,757.4,760.4,52108.0
2026-06-12 09:25:00+05:30,760.4,762.9,754.95,756.15,62817.0
2026-06-12 09:30:00+05:30,756.25,757.25,751.05,753.4,45333.0
2026-06-12 09:35:00+05:30,753.5,753.85,747.05,747.55,21934.0
2026-06-12 09:40:00+05:30,747.65,747.8,744.05,746.45,20987.0
2026-06-12 09:45:00+05:30,746.8,748.7,745.2,748.3,29814.0
2026-06-12 09:50:00+05:30,748.05,749.55,748.0,748.05,8958.0
2026-06-12 09:55:00+05:30,748.4,749.95,746.55,749.1,9026.0
2026-06-12 10:00:00+05:30,748.7,749.15,746.35,748.45,4388.0
2026-06-12 10:05:00+05:30,748.05,750.0,748.05,748.95,23149.0
2026-06-12 10:10:00+05:30,749.35,749.35,748.05,748.9,4636.0
2026-06-12 10:15:00+05:30,748.6,749.1,748.45,748.5,3369.0
2026-06-12 10:20:00+05:30,748.8,749.1,748.25,748.5,3691.0
2026-06-12 10:25:00+05:30,749.0,754.0,748.8,754.0,32630.0
2026-06-12 10:30:00+05:30,753.35,759.5,753.0,756.85,83975.0
2026-06-12 10:35:00+05:30,757.65,757.65,748.55,749.9,32524.0
2026-06-12 10:40:00+05:30,749.1,749.8,747.35,748.25,12283.0
2026-06-12 10:45:00+05:30,748.2,748.95,747.4,748.0,4366.0
2026-06-12 10:50:00+05:30,748.25,748.3,747.1,747.8,3115.0
2026-06-12 10:55:00+05:30,748.0,748.0,747.15,748.0,3833.0
2026-06-12 11:00:00+05:30,747.95,747.95,747.1,747.8,1760.0
2026-06-12 11:05:00+05:30,747.75,747.75,746.35,746.55,4332.0
2026-06-12 11:10:00+05:30,746.85,747.65,746.2,747.65,2865.0
2026-06-12 11:15:00+05:30,747.7,747.7,746.25,746.25,6295.0
2026-06-12 11:20:00+05:30,746.2,746.95,746.2,746.95,882.0
2026-06-12 11:25:00+05:30,746.95,746.95,745.55,745.55,3690.0
2026-06-12 11:30:00+05:30,745.75,747.05,745.75,746.3,1882.0
2026-06-12 11:35:00+05:30,746.5,747.7,746.0,747.3,2208.0
2026-06-12 11:40:00+05:30,747.8,747.8,746.3,746.45,1074.0
2026-06-12 11:45:00+05:30,746.85,747.25,745.9,746.75,5475.0
2026-06-12 11:50:00+05:30,746.75,746.95,745.55,746.5,4413.0
2026-06-12 11:55:00+05:30,746.7,748.7,746.25,748.1,19937.0
2026-06-12 12:00:00+05:30,747.45,750.0,747.0,747.7,17167.0
2026-06-12 12:05:00+05:30,747.6,748.4,747.0,747.75,1949.0
2026-06-12 12:10:00+05:30,747.75,747.75,745.3,746.0,5551.0
2026-06-12 12:15:00+05:30,745.45,746.85,745.35,745.5,8566.0
2026-06-12 12:20:00+05:30,745.8,750.0,745.25,748.5,23667.0
2026-06-12 12:25:00+05:30,749.0,749.9,748.45,748.7,11072.0
2026-06-12 12:30:00+05:30,749.2,749.35,747.9,747.9,2187.0
2026-06-12 12:35:00+05:30,747.85,748.45,747.55,747.55,4225.0
2026-06-12 12:40:00+05:30,747.55,748.3,746.35,746.35,4328.0
2026-06-12 12:45:00+05:30,746.6,747.2,745.6,745.75,4693.0
2026-06-12 12:50:00+05:30,746.05,746.45,744.5,745.15,7889.0
2026-06-12 12:55:00+05:30,745.2,745.5,744.6,745.5,2019.0
2026-06-12 13:00:00+05:30,745.45,746.0,742.7,744.75,18206.0
2026-06-12 13:05:00+05:30,744.75,745.0,743.3,743.75,1722.0
2026-06-12 13:10:00+05:30,743.5,743.8,743.3,743.5,914.0
2026-06-12 13:15:00+05:30,743.5,744.45,743.15,744.05,3751.0
2026-06-12 13:20:00+05:30,744.05,744.1,743.35,744.0,1116.0
2026-06-12 13:25:00+05:30,743.7,744.55,741.9,744.4,12440.0
2026-06-12 13:30:00+05:30,744.45,744.8,743.95,744.6,3272.0
2026-06-12 13:35:00+05:30,744.9,746.0,744.85,745.75,3958.0
2026-06-12 13:40:00+05:30,745.9,747.3,745.5,746.8,5311.0
2026-06-12 13:45:00+05:30,746.8,746.9,745.75,746.5,4486.0
2026-06-12 13:50:00+05:30,746.5,746.5,745.5,746.15,1551.0
2026-06-12 13:55:00+05:30,745.55,746.8,745.55,746.75,2057.0
2026-06-12 14:00:00+05:30,746.65,747.15,746.15,747.15,2207.0
2026-06-12 14:05:00+05:30,747.5,748.5,747.0,747.45,13430.0
2026-06-12 14:10:00+05:30,747.45,747.45,745.55,746.35,3955.0
2026-06-12 14:15:00+05:30,746.25,746.7,745.1,745.5,6351.0
2026-06-12 14:20:00+05:30,745.5,745.5,744.15,745.4,6089.0
2026-06-12 14:25:00+05:30,745.3,746.25,745.0,746.0,2760.0
2026-06-12 14:30:00+05:30,746.0,746.2,745.5,746.0,1845.0
2026-06-12 14:35:00+05:30,746.0,746.65,745.0,746.65,6134.0
2026-06-12 14:40:00+05:30,746.65,748.45,746.55,747.6,8129.0
2026-06-12 14:45:00+05:30,747.3,747.5,746.75,746.75,2185.0
2026-06-12 14:50:00+05:30,746.8,747.2,746.0,746.8,5597.0
2026-06-12 14:55:00+05:30,746.9,747.0,745.75,746.0,6470.0
2026-06-12 15:00:00+05:30,746.0,747.6,745.75,747.45,4186.0
2026-06-12 15:05:00+05:30,747.85,748.45,746.75,747.75,10058.0
2026-06-12 15:10:00+05:30,747.75,747.8,744.5,745.5,18187.0
2026-06-12 15:15:00+05:30,744.8,747.25,744.45,746.6,18610.0
2026-06-12 15:20:00+05:30,746.0,746.6,745.0,745.9,22658.0
2026-06-12 15:25:00+05:30,745.9,747.5,744.0,747.5,29372.0
2026-06-15 09:15:00+05:30,752.3,754.0,747.9,749.0,39830.0
2026-06-15 09:20:00+05:30,748.6,749.7,745.3,747.5,21517.0
2026-06-15 09:25:00+05:30,747.35,748.5,746.5,748.05,12885.0
2026-06-15 09:30:00+05:30,747.75,748.85,746.5,746.85,7343.0
2026-06-15 09:35:00+05:30,747.2,747.2,743.15,743.4,23110.0
2026-06-15 09:40:00+05:30,743.9,745.85,743.7,745.35,21232.0
2026-06-15 09:45:00+05:30,745.35,746.85,744.55,746.8,5330.0
2026-06-15 09:50:00+05:30,746.8,747.0,743.5,744.1,19622.0
2026-06-15 09:55:00+05:30,744.45,745.95,743.7,744.0,17490.0
2026-06-15 10:00:00+05:30,744.2,746.0,743.7,745.7,10514.0
2026-06-15 10:05:00+05:30,745.7,745.7,744.0,744.0,6343.0
2026-06-15 10:10:00+05:30,744.0,744.5,743.55,743.7,4520.0
2026-06-15 10:15:00+05:30,743.7,744.65,743.7,744.0,2300.0
2026-06-15 10:20:00+05:30,743.75,745.0,743.75,744.35,2010.0
2026-06-15 10:25:00+05:30,744.3,744.8,744.0,744.8,1817.0
2026-06-15 10:30:00+05:30,744.7,744.75,744.0,744.5,3311.0
2026-06-15 10:35:00+05:30,744.7,745.0,744.0,744.45,2236.0
2026-06-15 10:40:00+05:30,744.75,745.0,744.35,744.4,3826.0
2026-06-15 10:45:00+05:30,745.0,745.0,743.7,743.85,7251.0
2026-06-15 10:50:00+05:30,744.0,744.0,743.5,743.5,4665.0
2026-06-15 10:55:00+05:30,743.5,744.0,743.5,744.0,15233.0
2026-06-15 11:00:00+05:30,744.0,744.0,742.0,742.65,17939.0
2026-06-15 11:05:00+05:30,742.1,742.65,742.0,742.5,6111.0
2026-06-15 11:10:00+05:30,742.5,742.5,740.0,741.0,21922.0
2026-06-15 11:15:00+05:30,740.2,741.45,740.1,741.45,6181.0
2026-06-15 11:20:00+05:30,740.9,742.85,740.9,742.85,3635.0
2026-06-15 11:25:00+05:30,743.25,743.55,742.55,742.55,2424.0
2026-06-15 11:30:00+05:30,742.55,743.0,742.05,742.35,5456.0
2026-06-15 11:35:00+05:30,742.35,742.35,741.7,742.15,5413.0
2026-06-15 11:40:00+05:30,742.15,742.15,741.3,741.3,2274.0
2026-06-15 11:45:00+05:30,741.3,742.0,741.0,741.05,3893.0
2026-06-15 11:50:00+05:30,741.05,741.7,741.05,741.2,2071.0
2026-06-15 11:55:00+05:30,741.2,741.9,741.2,741.35,1594.0
2026-06-15 12:00:00+05:30,741.5,742.85,741.4,742.25,3087.0
2026-06-15 12:05:00+05:30,742.3,743.1,741.8,743.0,10125.0
2026-06-15 12:10:00+05:30,743.0,743.35,742.0,743.1,2537.0
2026-06-15 12:15:00+05:30,742.5,742.8,741.55,741.8,1589.0
2026-06-15 12:20:00+05:30,741.7,742.45,741.6,741.6,1715.0
2026-06-15 12:25:00+05:30,741.65,742.0,741.5,741.5,1606.0
2026-06-15 12:30:00+05:30,741.9,742.1,741.35,741.85,1616.0
2026-06-15 12:35:00+05:30,741.7,742.25,741.15,741.6,3689.0
2026-06-15 12:40:00+05:30,741.2,741.8,741.1,741.1,2377.0
2026-06-15 12:45:00+05:30,741.1,741.6,741.05,741.45,2206.0
2026-06-15 12:50:00+05:30,741.05,741.6,740.5,741.2,4020.0
2026-06-15 12:55:00+05:30,741.2,742.45,741.05,741.75,5805.0
2026-06-15 13:00:00+05:30,741.7,742.0,741.0,741.45,2989.0
2026-06-15 13:05:00+05:30,741.15,741.55,741.0,741.3,1515.0
2026-06-15 13:10:00+05:30,741.05,741.7,740.6,740.7,4184.0
2026-06-15 13:15:00+05:30,740.65,741.6,740.6,740.7,2006.0
2026-06-15 13:20:00+05:30,740.65,741.4,740.65,740.7,1478.0
2026-06-15 13:25:00+05:30,740.65,741.15,739.0,739.15,20080.0
2026-06-15 13:30:00+05:30,739.15,739.5,737.5,738.0,8857.0
2026-06-15 13:35:00+05:30,737.95,738.0,736.65,737.0,10341.0
2026-06-15 13:40:00+05:30,737.05,737.8,736.65,737.5,2218.0
2026-06-15 13:45:00+05:30,737.75,738.0,737.5,737.8,4057.0
2026-06-15 13:50:00+05:30,737.4,738.0,736.5,737.8,8727.0
2026-06-15 13:55:00+05:30,737.95,738.1,736.65,737.0,6486.0
2026-06-15 14:00:00+05:30,737.0,737.0,736.1,736.9,5546.0
2026-06-15 14:05:00+05:30,736.75,737.0,736.3,736.6,2939.0
2026-06-15 14:10:00+05:30,736.5,737.45,736.3,736.35,4084.0
2026-06-15 14:15:00+05:30,736.35,737.7,736.3,737.1,3624.0
2026-06-15 14:20:00+05:30,737.1,737.6,736.6,737.3,2975.0
2026-06-15 14:25:00+05:30,736.75,737.3,736.35,736.35,2279.0
2026-06-15 14:30:00+05:30,736.75,737.4,736.3,736.5,4178.0
2026-06-15 14:35:00+05:30,736.5,737.9,736.5,737.15,3912.0
2026-06-15 14:40:00+05:30,736.6,737.45,736.4,736.95,8352.0
2026-06-15 14:45:00+05:30,736.55,737.65,736.4,736.8,6552.0
2026-06-15 14:50:00+05:30,736.75,737.55,736.6,737.3,2910.0
2026-06-15 14:55:00+05:30,737.0,737.6,736.5,737.45,5903.0
2026-06-15 15:00:00+05:30,737.5,738.0,737.3,738.0,11776.0
2026-06-15 15:05:00+05:30,738.0,738.0,736.3,737.45,25136.0
2026-06-15 15:10:00+05:30,737.9,738.0,736.1,736.25,9249.0
2026-06-15 15:15:00+05:30,736.25,737.0,733.0,734.85,104817.0
2026-06-15 15:20:00+05:30,734.55,734.55,731.0,732.2,32587.0
2026-06-15 15:25:00+05:30,732.2,734.3,730.15,732.5,30662.0
2026-06-16 09:15:00+05:30,735.7,738.8,732.95,733.05,19898.0
2026-06-16 09:20:00+05:30,732.95,733.2,730.7,731.5,15260.0
2026-06-16 09:25:00+05:30,731.5,733.25,731.0,733.25,12147.0
2026-06-16 09:30:00+05:30,733.2,733.95,732.6,733.1,6194.0
2026-06-16 09:35:00+05:30,733.5,734.95,732.55,734.65,9924.0
2026-06-16 09:40:00+05:30,734.6,734.6,733.5,733.7,3122.0
2026-06-16 09:45:00+05:30,733.85,734.0,733.25,733.6,13587.0
2026-06-16 09:50:00+05:30,733.85,733.85,731.25,732.4,24149.0
2026-06-16 09:55:00+05:30,732.1,733.2,732.0,733.15,1618.0
2026-06-16 10:00:00+05:30,733.8,733.95,732.05,732.65,5407.0
2026-06-16 10:05:00+05:30,732.65,732.65,728.0,729.0,21300.0
2026-06-16 10:10:00+05:30,729.0,729.55,728.25,728.3,10259.0
2026-06-16 10:15:00+05:30,728.5,729.0,727.3,728.5,11993.0
2026-06-16 10:20:00+05:30,728.5,728.9,727.35,727.4,5595.0
2026-06-16 10:25:00+05:30,727.45,731.1,727.0,729.25,35708.0
2026-06-16 10:30:00+05:30,729.6,730.0,728.15,730.0,5488.0
2026-06-16 10:35:00+05:30,729.8,734.55,729.35,732.65,28587.0
2026-06-16 10:40:00+05:30,732.35,733.25,732.0,732.1,2477.0
2026-06-16 10:45:00+05:30,731.9,732.3,730.35,730.55,16450.0
2026-06-16 10:50:00+05:30,730.5,731.1,729.2,729.55,5408.0
2026-06-16 10:55:00+05:30,729.3,730.5,727.5,727.85,20405.0
2026-06-16 11:00:00+05:30,728.5,729.2,727.85,728.45,13190.0
2026-06-16 11:05:00+05:30,728.4,728.55,726.35,727.05,14421.0
2026-06-16 11:10:00+05:30,727.0,727.2,725.0,726.0,15727.0
2026-06-16 11:15:00+05:30,726.0,727.15,725.4,725.4,23981.0
2026-06-16 11:20:00+05:30,725.8,726.35,724.85,726.0,11076.0
2026-06-16 11:25:00+05:30,726.0,726.25,725.05,725.05,3547.0
2026-06-16 11:30:00+05:30,725.1,725.7,724.45,725.0,3909.0
2026-06-16 11:35:00+05:30,725.0,726.55,724.6,725.7,6808.0
2026-06-16 11:40:00+05:30,726.45,727.75,725.4,726.4,10283.0
2026-06-16 11:45:00+05:30,726.55,727.75,726.4,727.55,2665.0
2026-06-16 11:50:00+05:30,727.5,728.0,726.7,727.25,3552.0
2026-06-16 11:55:00+05:30,727.25,728.8,726.9,728.15,5081.0
2026-06-16 12:00:00+05:30,728.1,729.4,728.0,728.75,6558.0
2026-06-16 12:05:00+05:30,728.75,729.8,728.55,729.2,3795.0
2026-06-16 12:10:00+05:30,729.2,729.8,728.55,728.55,2894.0
2026-06-16 12:15:00+05:30,728.55,728.9,727.3,727.35,7145.0
2026-06-16 12:20:00+05:30,727.55,728.8,727.45,728.15,1941.0
2026-06-16 12:25:00+05:30,728.15,729.0,727.55,728.35,3354.0
2026-06-16 12:30:00+05:30,728.4,729.4,728.15,728.4,2039.0
2026-06-16 12:35:00+05:30,728.45,729.05,728.1,728.45,4313.0
2026-06-16 12:40:00+05:30,728.5,728.95,728.0,728.05,3605.0
2026-06-16 12:45:00+05:30,728.05,728.8,728.0,728.0,3586.0
2026-06-16 12:50:00+05:30,728.0,728.55,726.0,726.15,9114.0
2026-06-16 12:55:00+05:30,726.15,727.0,726.15,726.4,2556.0
2026-06-16 13:00:00+05:30,726.35,727.6,726.15,726.8,8927.0
2026-06-16 13:05:00+05:30,726.95,727.3,726.45,726.8,2263.0
2026-06-16 13:10:00+05:30,726.8,727.35,726.15,727.35,2137.0
2026-06-16 13:15:00+05:30,727.0,727.35,726.8,727.0,1770.0
2026-06-16 13:20:00+05:30,726.8,727.5,726.7,726.75,1393.0
2026-06-16 13:25:00+05:30,726.75,727.75,726.5,726.65,2421.0
2026-06-16 13:30:00+05:30,726.65,727.2,725.8,726.0,8860.0
2026-06-16 13:35:00+05:30,726.15,727.4,726.15,726.35,2328.0
2026-06-16 13:40:00+05:30,726.35,727.0,726.1,726.75,2113.0
2026-06-16 13:45:00+05:30,726.2,726.95,726.0,726.4,2629.0
2026-06-16 13:50:00+05:30,726.4,727.0,726.15,726.8,2937.0
2026-06-16 13:55:00+05:30,726.8,727.5,725.1,725.5,13748.0
2026-06-16 14:00:00+05:30,725.5,726.3,725.1,725.1,6751.0
2026-06-16 14:05:00+05:30,725.1,726.1,725.1,725.5,7192.0
2026-06-16 14:10:00+05:30,725.65,726.95,725.5,726.4,9861.0
2026-06-16 14:15:00+05:30,726.1,727.0,726.05,726.4,5557.0
2026-06-16 14:20:00+05:30,726.4,727.05,726.1,726.3,8557.0
2026-06-16 14:25:00+05:30,726.3,729.45,726.3,728.8,15024.0
2026-06-16 14:30:00+05:30,728.7,731.5,728.7,731.25,16562.0
2026-06-16 14:35:00+05:30,731.0,732.25,730.25,731.15,16807.0
2026-06-16 14:40:00+05:30,731.1,732.0,730.6,731.3,10460.0
2026-06-16 14:45:00+05:30,731.0,732.0,730.3,731.0,8134.0
2026-06-16 14:50:00+05:30,731.0,731.85,730.85,731.5,3956.0
2026-06-16 14:55:00+05:30,731.85,732.25,730.05,730.3,26720.0
2026-06-16 15:00:00+05:30,730.8,730.95,730.1,730.25,4094.0
2026-06-16 15:05:00+05:30,730.5,731.2,729.6,729.65,13360.0
2026-06-16 15:10:00+05:30,730.05,730.5,729.35,730.25,8708.0
2026-06-16 15:15:00+05:30,730.0,731.0,727.4,727.6,37022.0
2026-06-16 15:20:00+05:30,728.15,728.95,727.0,728.75,9169.0
2026-06-16 15:25:00+05:30,728.05,729.9,728.0,729.9,15821.0
2026-06-17 09:15:00+05:30,731.0,735.5,730.15,731.55,36888.0
2026-06-17 09:20:00+05:30,731.95,732.15,730.65,731.45,8782.0
2026-06-17 09:25:00+05:30,731.4,732.5,730.55,730.8,3891.0
2026-06-17 09:30:00+05:30,731.35,732.9,730.8,731.65,9813.0
2026-06-17 09:35:00+05:30,731.4,732.45,730.5,730.8,3780.0
2026-06-17 09:40:00+05:30,731.55,731.95,730.7,731.7,2258.0
2026-06-17 09:45:00+05:30,731.7,731.9,731.05,731.55,3769.0
2026-06-17 09:50:00+05:30,732.0,732.0,731.2,731.5,1122.0
2026-06-17 09:55:00+05:30,731.1,731.5,730.3,730.7,6584.0
2026-06-17 10:00:00+05:30,730.8,730.8,729.0,729.7,9481.0
2026-06-17 10:05:00+05:30,729.7,734.35,729.0,733.65,26228.0
2026-06-17 10:10:00+05:30,733.6,737.95,733.25,737.5,22602.0
2026-06-17 10:15:00+05:30,737.65,739.05,736.05,738.5,26512.0
2026-06-17 10:20:00+05:30,738.7,738.7,735.0,737.45,9013.0
2026-06-17 10:25:00+05:30,737.1,738.95,737.1,738.2,7208.0
2026-06-17 10:30:00+05:30,738.2,739.75,737.25,739.6,17788.0
2026-06-17 10:35:00+05:30,739.5,739.8,736.85,738.7,11321.0
2026-06-17 10:40:00+05:30,738.9,739.3,734.0,735.0,168983.0
2026-06-17 10:45:00+05:30,735.5,735.5,731.6,732.0,5523.0
2026-06-17 10:50:00+05:30,732.0,733.45,731.15,732.45,8367.0
2026-06-17 10:55:00+05:30,732.25,732.6,732.0,732.35,2208.0
2026-06-17 11:00:00+05:30,732.6,732.7,732.0,732.25,1990.0
2026-06-17 11:05:00+05:30,732.05,732.45,732.0,732.15,313.0
2026-06-17 11:10:00+05:30,732.45,732.75,732.15,732.3,617.0
2026-06-17 11:15:00+05:30,732.6,733.8,732.6,733.0,798.0
2026-06-17 11:20:00+05:30,733.0,733.55,732.7,733.1,1298.0
2026-06-17 11:25:00+05:30,732.05,732.45,732.0,732.05,2853.0
2026-06-17 11:30:00+05:30,732.75,732.9,731.15,731.75,12287.0
2026-06-17 11:35:00+05:30,731.5,732.0,731.0,731.5,5074.0
2026-06-17 11:40:00+05:30,731.5,731.5,730.9,731.25,2242.0
2026-06-17 11:45:00+05:30,731.25,731.25,730.5,730.5,1215.0
2026-06-17 11:50:00+05:30,730.5,731.0,730.5,730.5,2568.0
2026-06-17 11:55:00+05:30,730.8,730.8,729.55,729.8,7042.0
2026-06-17 12:00:00+05:30,729.9,729.95,728.4,729.3,4293.0
2026-06-17 12:05:00+05:30,729.6,730.25,729.5,730.25,2882.0
2026-06-17 12:10:00+05:30,730.45,730.65,730.3,730.5,174.0
2026-06-17 12:15:00+05:30,730.3,731.2,730.15,731.15,3824.0
2026-06-17 12:20:00+05:30,731.55,732.0,731.35,731.55,1865.0
2026-06-17 12:25:00+05:30,731.7,731.7,730.0,730.0,4328.0
2026-06-17 12:30:00+05:30,730.4,730.4,729.8,729.8,1001.0
2026-06-17 12:35:00+05:30,729.8,729.8,729.0,729.3,1784.0
2026-06-17 12:40:00+05:30,729.3,729.85,728.5,729.85,2641.0
2026-06-17 12:45:00+05:30,729.85,730.5,729.85,730.0,1175.0
2026-06-17 12:50:00+05:30,730.05,730.35,729.8,730.0,2085.0
2026-06-17 12:55:00+05:30,729.85,729.85,729.3,729.65,425.0
2026-06-17 13:00:00+05:30,729.65,729.8,729.1,729.8,1781.0
2026-06-17 13:05:00+05:30,729.8,730.35,729.8,730.15,2374.0
2026-06-17 13:10:00+05:30,730.05,730.1,730.0,730.0,801.0
2026-06-17 13:15:00+05:30,730.0,730.05,728.9,729.4,5326.0
2026-06-17 13:20:00+05:30,729.75,729.85,729.0,729.0,619.0
2026-06-17 13:25:00+05:30,729.55,729.6,729.0,729.6,508.0
2026-06-17 13:30:00+05:30,729.7,729.9,729.55,729.85,1030.0
2026-06-17 13:35:00+05:30,729.9,730.35,729.55,730.35,1768.0
2026-06-17 13:40:00+05:30,730.35,730.4,730.0,730.0,1890.0
2026-06-17 13:45:00+05:30,730.2,730.35,730.2,730.3,475.0
2026-06-17 13:50:00+05:30,730.45,730.45,728.5,728.85,5216.0
2026-06-17 13:55:00+05:30,728.85,729.95,728.65,729.6,892.0
2026-06-17 14:00:00+05:30,729.6,729.6,729.15,729.15,1001.0
2026-06-17 14:05:00+05:30,729.0,729.1,728.1,728.8,2218.0
2026-06-17 14:10:00+05:30,728.8,729.85,728.35,729.85,4870.0
2026-06-17 14:15:00+05:30,729.8,729.85,729.35,729.5,405.0
2026-06-17 14:20:00+05:30,729.75,730.35,729.5,730.3,789.0
2026-06-17 14:25:00+05:30,729.95,729.95,728.35,728.45,1998.0
2026-06-17 14:30:00+05:30,728.35,728.85,728.2,728.85,1116.0
2026-06-17 14:35:00+05:30,728.85,729.8,728.85,729.4,602.0
2026-06-17 14:40:00+05:30,729.4,730.0,729.2,729.55,1768.0
2026-06-17 14:45:00+05:30,729.4,730.35,729.3,729.75,1317.0
2026-06-17 14:50:00+05:30,729.75,730.15,729.35,730.15,1821.0
2026-06-17 14:55:00+05:30,729.9,731.5,729.75,731.15,1960.0
2026-06-17 15:00:00+05:30,731.15,731.8,730.15,730.8,15375.0
2026-06-17 15:05:00+05:30,730.7,731.5,729.3,730.1,15291.0
2026-06-17 15:10:00+05:30,730.1,730.4,728.1,728.25,13411.0
2026-06-17 15:15:00+05:30,728.2,728.4,727.0,727.4,16503.0
2026-06-17 15:20:00+05:30,727.35,729.15,727.0,727.15,13946.0
2026-06-17 15:25:00+05:30,727.7,729.9,727.05,729.8,19107.0
2026-06-18 09:15:00+05:30,732.0,735.25,727.6,729.0,27162.0
2026-06-18 09:20:00+05:30,728.9,731.05,728.9,730.5,7826.0
2026-06-18 09:25:00+05:30,730.45,732.75,729.5,731.1,11933.0
2026-06-18 09:30:00+05:30,731.5,731.9,728.5,728.8,14420.0
2026-06-18 09:35:00+05:30,728.8,731.0,728.5,730.4,2141.0
2026-06-18 09:40:00+05:30,730.4,731.5,729.3,731.5,1655.0
2026-06-18 09:45:00+05:30,731.5,731.85,728.6,728.9,9882.0
2026-06-18 09:50:00+05:30,728.6,730.0,728.6,729.75,3145.0
2026-06-18 09:55:00+05:30,729.2,729.8,728.4,729.65,4117.0
2026-06-18 10:00:00+05:30,729.2,731.0,729.2,730.85,4718.0
2026-06-18 10:05:00+05:30,730.85,731.2,730.55,731.0,3029.0
2026-06-18 10:10:00+05:30,731.6,731.85,730.65,731.15,7026.0
2026-06-18 10:15:00+05:30,731.6,732.9,731.6,732.2,3530.0
2026-06-18 10:20:00+05:30,731.5,731.5,728.0,728.6,12882.0
2026-06-18 10:25:00+05:30,729.05,729.25,728.15,728.7,3251.0
2026-06-18 10:30:00+05:30,728.8,729.45,728.1,729.0,1775.0
2026-06-18 10:35:00+05:30,728.95,729.4,728.25,728.5,2936.0
2026-06-18 10:40:00+05:30,728.5,728.9,727.55,728.9,14923.0
2026-06-18 10:45:00+05:30,728.9,729.25,728.5,728.95,977.0
2026-06-18 10:50:00+05:30,728.85,728.9,728.1,728.5,800.0
2026-06-18 10:55:00+05:30,728.25,728.65,728.2,728.2,540.0
2026-06-18 11:00:00+05:30,728.65,728.65,727.05,727.5,3529.0
2026-06-18 11:05:00+05:30,727.8,727.9,726.0,727.0,5367.0
2026-06-18 11:10:00+05:30,727.15,727.9,725.6,726.05,10790.0
2026-06-18 11:15:00+05:30,726.05,726.05,725.5,725.6,1788.0
2026-06-18 11:20:00+05:30,725.95,726.5,725.5,726.5,2780.0
2026-06-18 11:25:00+05:30,726.5,726.5,725.8,725.8,1503.0
2026-06-18 11:30:00+05:30,726.05,726.85,726.05,726.6,1492.0
2026-06-18 11:35:00+05:30,726.7,727.8,726.15,727.0,2599.0
2026-06-18 11:40:00+05:30,727.0,727.3,726.05,726.75,1973.0
2026-06-18 11:45:00+05:30,726.75,727.3,726.5,727.3,413.0
2026-06-18 11:50:00+05:30,727.25,727.45,726.85,727.1,1116.0
2026-06-18 11:55:00+05:30,727.4,729.1,726.5,729.1,8541.0
2026-06-18 12:00:00+05:30,729.7,730.8,727.85,728.9,6467.0
2026-06-18 12:05:00+05:30,728.0,728.6,727.85,728.45,2399.0
2026-06-18 12:10:00+05:30,728.5,728.5,728.0,728.0,863.0
2026-06-18 12:15:00+05:30,728.05,728.2,728.0,728.05,1664.0
2026-06-18 12:20:00+05:30,728.0,728.0,727.25,727.25,409.0
2026-06-18 12:25:00+05:30,727.3,727.85,726.0,727.0,7585.0
2026-06-18 12:30:00+05:30,727.4,727.8,727.0,727.8,3683.0
2026-06-18 12:35:00+05:30,727.65,728.5,727.65,727.75,2460.0
2026-06-18 12:40:00+05:30,728.0,728.0,725.6,725.75,6833.0
2026-06-18 12:45:00+05:30,726.0,726.55,725.5,726.55,5257.0
2026-06-18 12:50:00+05:30,726.75,726.9,726.5,726.9,810.0
2026-06-18 12:55:00+05:30,727.0,727.4,727.0,727.1,506.0
2026-06-18 13:00:00+05:30,727.0,727.3,727.0,727.3,942.0
2026-06-18 13:05:00+05:30,727.25,727.5,726.5,727.0,3313.0
2026-06-18 13:10:00+05:30,727.0,727.6,727.0,727.05,479.0
2026-06-18 13:15:00+05:30,727.0,727.05,726.55,727.0,731.0
2026-06-18 13:20:00+05:30,727.0,727.2,726.8,727.0,482.0
2026-06-18 13:25:00+05:30,726.85,727.0,726.5,727.0,1520.0
2026-06-18 13:30:00+05:30,726.5,727.75,726.5,727.1,693.0
2026-06-18 13:35:00+05:30,727.1,727.75,726.95,727.55,621.0
2026-06-18 13:40:00+05:30,727.5,729.55,727.05,728.65,5185.0
2026-06-18 13:45:00+05:30,728.65,729.2,728.65,729.0,2234.0
2026-06-18 13:50:00+05:30,729.0,730.0,729.0,729.95,3867.0
2026-06-18 13:55:00+05:30,729.9,730.0,729.4,729.8,2423.0
2026-06-18 14:00:00+05:30,729.4,729.8,728.6,729.8,3173.0
2026-06-18 14:05:00+05:30,729.55,729.8,729.15,729.75,2534.0
2026-06-18 14:10:00+05:30,729.75,730.0,729.15,729.9,4666.0
2026-06-18 14:15:00+05:30,729.95,730.2,729.3,730.2,3025.0
2026-06-18 14:20:00+05:30,729.55,731.0,729.55,731.0,6219.0
2026-06-18 14:25:00+05:30,730.95,731.3,730.3,730.9,3003.0
2026-06-18 14:30:00+05:30,730.9,730.9,730.3,730.5,4330.0
2026-06-18 14:35:00+05:30,730.5,731.9,730.3,731.25,3987.0
2026-06-18 14:40:00+05:30,731.8,732.0,731.1,731.55,3964.0
2026-06-18 14:45:00+05:30,731.55,731.8,730.8,731.5,3744.0
2026-06-18 14:50:00+05:30,731.45,731.5,730.4,731.0,3979.0
2026-06-18 14:55:00+05:30,731.15,731.9,730.85,731.9,7661.0
2026-06-18 15:00:00+05:30,731.95,732.8,731.75,731.75,8689.0
2026-06-18 15:05:00+05:30,731.75,733.4,731.55,733.3,11054.0
2026-06-18 15:10:00+05:30,733.2,733.5,732.0,732.5,6681.0
2026-06-18 15:15:00+05:30,732.6,733.45,732.0,733.0,8845.0
2026-06-18 15:20:00+05:30,733.0,733.0,732.1,733.0,7475.0
2026-06-18 15:25:00+05:30,733.0,733.0,731.15,733.0,16330.0
2026-06-19 09:15:00+05:30,732.0,743.6,723.3,725.0,32835.0
2026-06-19 09:20:00+05:30,724.85,726.85,723.9,725.65,12520.0
2026-06-19 09:25:00+05:30,725.05,725.5,723.6,724.8,13835.0
2026-06-19 09:30:00+05:30,724.3,725.35,723.7,725.05,5660.0
2026-06-19 09:35:00+05:30,724.75,725.55,724.25,724.25,3340.0
2026-06-19 09:40:00+05:30,724.55,725.55,724.45,725.25,6829.0
2026-06-19 09:45:00+05:30,725.2,725.2,724.1,724.5,3921.0
2026-06-19 09:50:00+05:30,724.5,726.8,724.2,726.55,5282.0
2026-06-19 09:55:00+05:30,726.55,727.65,726.2,726.95,5032.0
2026-06-19 10:00:00+05:30,727.0,727.25,726.2,726.75,3109.0
2026-06-19 10:05:00+05:30,727.0,728.0,726.5,727.45,4269.0
2026-06-19 10:10:00+05:30,727.1,727.9,727.0,727.45,2481.0
2026-06-19 10:15:00+05:30,728.0,728.6,727.05,727.4,4738.0
2026-06-19 10:20:00+05:30,727.4,727.5,726.55,726.55,2545.0
2026-06-19 10:25:00+05:30,727.15,727.2,726.25,726.7,1091.0
2026-06-19 10:30:00+05:30,726.35,727.0,726.25,726.65,1302.0
2026-06-19 10:35:00+05:30,726.65,726.9,726.1,726.5,2321.0
2026-06-19 10:40:00+05:30,726.5,726.5,726.0,726.05,1392.0
2026-06-19 10:45:00+05:30,726.85,726.9,726.0,726.4,1400.0
2026-06-19 10:50:00+05:30,726.4,726.4,725.9,726.3,1610.0
2026-06-19 10:55:00+05:30,726.1,726.6,726.0,726.35,1427.0
2026-06-19 11:00:00+05:30,726.0,727.05,725.9,725.9,12029.0
2026-06-19 11:05:00+05:30,726.45,727.0,726.4,726.95,4573.0
2026-06-19 11:10:00+05:30,726.9,727.85,726.55,727.1,8064.0
2026-06-19 11:15:00+05:30,726.95,727.4,726.65,726.75,1714.0
2026-06-19 11:20:00+05:30,727.2,727.25,726.6,726.6,635.0
2026-06-19 11:25:00+05:30,726.6,726.6,725.7,725.85,11306.0
2026-06-19 11:30:00+05:30,725.85,726.0,725.75,725.8,1464.0
2026-06-19 11:35:00+05:30,725.95,726.65,725.0,725.5,17054.0
2026-06-19 11:40:00+05:30,725.5,726.0,725.1,725.6,4745.0
2026-06-19 11:45:00+05:30,725.6,725.6,725.1,725.2,481.0
2026-06-19 11:50:00+05:30,725.35,725.35,724.1,724.1,4394.0
2026-06-19 11:55:00+05:30,724.15,724.9,724.0,724.5,1965.0
2026-06-19 12:00:00+05:30,724.5,725.75,724.5,725.7,2061.0
2026-06-19 12:05:00+05:30,725.1,725.55,725.1,725.1,583.0
2026-06-19 12:10:00+05:30,725.1,725.65,725.1,725.15,2566.0
2026-06-19 12:15:00+05:30,725.15,726.0,725.15,725.6,4182.0
2026-06-19 12:20:00+05:30,725.6,725.6,725.2,725.45,95.0
2026-06-19 12:25:00+05:30,725.5,726.0,725.15,725.6,3521.0
2026-06-19 12:30:00+05:30,725.6,725.6,725.15,725.15,427.0
2026-06-19 12:35:00+05:30,725.15,725.4,724.6,724.7,6045.0
2026-06-19 12:40:00+05:30,725.2,725.5,724.5,724.5,1382.0
2026-06-19 12:45:00+05:30,724.85,725.0,724.15,724.2,2952.0
2026-06-19 12:50:00+05:30,724.5,724.5,724.05,724.4,1775.0
2026-06-19 12:55:00+05:30,724.4,724.5,723.75,723.85,5987.0
2026-06-19 13:00:00+05:30,724.15,724.15,723.6,723.65,1492.0
2026-06-19 13:05:00+05:30,723.65,724.25,723.5,724.0,721.0
2026-06-19 13:10:00+05:30,724.0,724.3,723.5,723.5,4089.0
2026-06-19 13:15:00+05:30,723.5,724.2,723.5,723.55,2104.0
2026-06-19 13:20:00+05:30,723.85,723.85,723.5,723.7,739.0
2026-06-19 13:25:00+05:30,723.7,724.35,723.5,724.3,1345.0
2026-06-19 13:30:00+05:30,724.3,724.7,723.65,724.25,4866.0
2026-06-19 13:35:00+05:30,724.15,725.05,724.1,724.85,3856.0
2026-06-19 13:40:00+05:30,724.85,725.25,724.35,725.25,985.0
2026-06-19 13:45:00+05:30,725.25,725.25,724.45,725.15,1088.0
2026-06-19 13:50:00+05:30,725.0,725.2,724.5,724.8,1258.0
2026-06-19 13:55:00+05:30,724.8,725.1,724.45,725.0,367.0
2026-06-19 14:00:00+05:30,724.85,725.0,724.45,724.85,426.0
2026-06-19 14:05:00+05:30,724.85,724.9,724.0,724.4,2707.0
2026-06-19 14:10:00+05:30,724.05,724.9,724.05,724.7,2033.0
2026-06-19 14:15:00+05:30,724.85,724.9,724.0,724.35,3008.0
2026-06-19 14:20:00+05:30,724.5,724.95,724.2,724.25,1722.0
2026-06-19 14:25:00+05:30,724.25,724.6,724.0,724.5,4866.0
2026-06-19 14:30:00+05:30,724.45,724.45,723.55,723.6,2214.0
2026-06-19 14:35:00+05:30,723.6,724.45,723.6,724.15,1473.0
2026-06-19 14:40:00+05:30,724.2,724.95,723.7,724.7,2496.0
2026-06-19 14:45:00+05:30,724.6,724.75,724.05,724.1,1635.0
2026-06-19 14:50:00+05:30,724.1,724.7,723.6,723.75,3426.0
2026-06-19 14:55:00+05:30,723.75,724.6,723.65,724.05,3915.0
2026-06-19 15:00:00+05:30,724.4,729.5,724.05,727.3,40188.0
2026-06-19 15:05:00+05:30,727.3,729.85,726.85,728.3,25184.0
2026-06-19 15:10:00+05:30,727.85,730.65,726.65,729.55,26495.0
2026-06-19 15:15:00+05:30,729.55,731.5,728.0,729.0,32152.0
2026-06-19 15:20:00+05:30,729.95,731.0,729.0,730.15,17532.0
2026-06-19 15:25:00+05:30,730.35,731.95,727.8,728.55,36361.0
2026-06-22 09:15:00+05:30,734.95,734.95,729.25,729.8,16333.0
2026-06-22 09:20:00+05:30,729.3,731.95,729.3,730.25,8362.0
2026-06-22 09:25:00+05:30,730.7,731.95,729.25,731.7,6111.0
2026-06-22 09:30:00+05:30,731.7,731.7,730.1,730.7,4635.0
2026-06-22 09:35:00+05:30,730.65,730.75,729.35,730.75,3782.0
2026-06-22 09:40:00+05:30,730.75,731.0,729.85,730.15,7574.0
2026-06-22 09:45:00+05:30,730.55,731.5,730.1,731.05,4178.0
2026-06-22 09:50:00+05:30,731.05,731.45,730.1,731.15,9030.0
2026-06-22 09:55:00+05:30,731.15,732.8,731.15,732.35,8493.0
2026-06-22 10:00:00+05:30,732.35,733.75,732.3,732.3,13562.0
2026-06-22 10:05:00+05:30,732.3,732.7,731.6,732.35,3328.0
2026-06-22 10:10:00+05:30,732.8,733.0,731.9,732.6,1768.0
2026-06-22 10:15:00+05:30,732.95,734.0,732.45,732.7,5946.0
2026-06-22 10:20:00+05:30,732.35,733.45,731.85,732.45,1688.0
2026-06-22 10:25:00+05:30,732.15,733.0,732.1,732.75,4214.0
2026-06-22 10:30:00+05:30,733.0,733.0,732.0,732.4,3793.0
2026-06-22 10:35:00+05:30,732.45,732.85,732.0,732.6,3498.0
2026-06-22 10:40:00+05:30,732.9,734.4,732.3,732.55,8646.0
2026-06-22 10:45:00+05:30,733.0,733.0,730.0,731.55,24281.0
2026-06-22 10:50:00+05:30,727.65,729.0,726.95,728.5,21783.0
2026-06-22 10:55:00+05:30,728.5,728.6,725.3,728.0,16615.0
2026-06-22 11:00:00+05:30,728.35,728.35,727.1,727.15,5478.0
2026-06-22 11:05:00+05:30,727.15,728.25,727.1,727.45,3588.0
2026-06-22 11:10:00+05:30,727.85,728.0,727.4,728.0,1671.0
2026-06-22 11:15:00+05:30,727.65,728.65,727.65,727.7,4200.0
2026-06-22 11:20:00+05:30,728.05,728.45,727.7,728.0,1939.0
2026-06-22 11:25:00+05:30,727.75,728.45,727.1,727.2,8449.0
2026-06-22 11:30:00+05:30,727.1,727.75,727.1,727.2,1574.0
2026-06-22 11:35:00+05:30,727.65,727.75,727.2,727.6,1500.0
2026-06-22 11:40:00+05:30,727.6,728.0,727.1,727.15,3689.0
2026-06-22 11:45:00+05:30,727.15,727.8,727.0,727.0,2584.0
2026-06-22 11:50:00+05:30,727.45,727.6,726.6,726.6,2294.0
2026-06-22 11:55:00+05:30,726.6,727.3,726.6,727.15,1132.0
2026-06-22 12:00:00+05:30,727.25,727.6,726.8,727.0,1516.0
2026-06-22 12:05:00+05:30,727.0,727.35,726.85,726.85,1571.0
2026-06-22 12:10:00+05:30,726.85,727.25,726.8,727.1,1067.0
2026-06-22 12:15:00+05:30,727.1,727.15,726.8,727.05,487.0
2026-06-22 12:20:00+05:30,727.0,727.15,726.2,726.2,2084.0
2026-06-22 12:25:00+05:30,726.65,727.0,726.1,726.25,1429.0
2026-06-22 12:30:00+05:30,725.75,727.85,725.75,726.35,12671.0
2026-06-22 12:35:00+05:30,726.55,726.55,726.0,726.05,1225.0
2026-06-22 12:40:00+05:30,726.05,726.4,726.05,726.3,379.0
2026-06-22 12:45:00+05:30,726.3,726.4,726.2,726.25,755.0
2026-06-22 12:50:00+05:30,726.4,726.9,726.25,726.9,531.0
2026-06-22 12:55:00+05:30,726.8,727.5,726.5,727.25,2142.0
2026-06-22 13:00:00+05:30,727.25,727.25,726.8,727.1,255.0
2026-06-22 13:05:00+05:30,726.8,727.25,726.65,727.25,1097.0
2026-06-22 13:10:00+05:30,727.0,727.15,726.3,726.3,1781.0
2026-06-22 13:15:00+05:30,726.9,726.9,726.5,726.9,243.0
2026-06-22 13:20:00+05:30,726.9,727.0,726.35,726.7,589.0
2026-06-22 13:25:00+05:30,726.35,726.95,726.3,726.95,1210.0
2026-06-22 13:30:00+05:30,726.5,727.0,726.3,726.5,260.0
2026-06-22 13:35:00+05:30,726.55,727.0,726.4,726.5,645.0
2026-06-22 13:40:00+05:30,726.4,726.8,726.3,726.45,455.0
2026-06-22 13:45:00+05:30,726.85,726.85,726.3,726.8,1047.0
2026-06-22 13:50:00+05:30,726.8,727.0,726.35,726.55,1244.0
2026-06-22 13:55:00+05:30,726.5,727.0,726.05,726.05,2441.0
2026-06-22 14:00:00+05:30,726.25,726.4,725.1,725.15,6223.0
2026-06-22 14:05:00+05:30,725.15,726.5,724.75,726.15,13182.0
2026-06-22 14:10:00+05:30,726.1,726.7,723.65,724.7,16498.0
2026-06-22 14:15:00+05:30,724.4,728.4,724.15,728.25,53881.0
2026-06-22 14:20:00+05:30,729.2,730.05,726.05,729.4,10349.0
2026-06-22 14:25:00+05:30,729.85,731.0,728.8,730.15,11388.0
2026-06-22 14:30:00+05:30,730.5,732.9,729.75,732.0,32669.0
2026-06-22 14:35:00+05:30,732.0,733.5,732.0,732.35,21698.0
2026-06-22 14:40:00+05:30,732.6,733.9,732.1,733.45,15773.0
2026-06-22 14:45:00+05:30,733.15,733.5,732.2,733.3,11224.0
2026-06-22 14:50:00+05:30,732.85,733.4,731.55,732.8,11553.0
2026-06-22 14:55:00+05:30,732.15,733.5,732.0,733.45,14932.0
2026-06-22 15:00:00+05:30,733.4,734.2,732.6,733.4,35598.0
2026-06-22 15:05:00+05:30,733.45,733.6,732.75,733.45,25385.0
2026-06-22 15:10:00+05:30,733.4,733.85,732.45,733.45,26453.0
2026-06-22 15:15:00+05:30,733.25,735.1,732.15,733.35,50640.0
2026-06-22 15:20:00+05:30,733.4,734.0,732.3,733.4,26197.0
2026-06-22 15:25:00+05:30,733.4,734.0,730.2,732.05,29621.0
2026-06-23 09:15:00+05:30,732.7,738.8,732.5,735.5,22501.0
2026-06-23 09:20:00+05:30,735.55,738.0,735.55,737.5,14880.0
2026-06-23 09:25:00+05:30,738.0,738.0,734.95,735.5,8996.0
2026-06-23 09:30:00+05:30,735.5,736.4,735.15,735.5,4363.0
2026-06-23 09:35:00+05:30,735.05,737.7,734.3,736.45,8933.0
2026-06-23 09:40:00+05:30,736.85,737.25,735.0,735.85,2197.0
2026-06-23 09:45:00+05:30,735.25,736.7,735.25,736.0,4246.0
2026-06-23 09:50:00+05:30,736.0,738.65,735.55,737.8,14935.0
2026-06-23 09:55:00+05:30,737.75,739.5,736.8,737.75,28549.0
2026-06-23 10:00:00+05:30,737.35,738.15,737.0,737.7,2035.0
2026-06-23 10:05:00+05:30,737.5,738.85,737.0,738.2,4116.0
2026-06-23 10:10:00+05:30,738.7,738.7,737.0,737.05,1607.0
2026-06-23 10:15:00+05:30,737.0,737.05,735.95,737.0,10728.0
2026-06-23 10:20:00+05:30,736.05,736.05,734.0,735.6,7893.0
2026-06-23 10:25:00+05:30,734.7,734.7,733.15,733.7,7486.0
2026-06-23 10:30:00+05:30,733.7,734.2,732.9,734.2,2977.0
2026-06-23 10:35:00+05:30,734.0,734.35,733.05,734.0,2571.0
2026-06-23 10:40:00+05:30,734.7,734.7,733.5,734.2,4179.0
2026-06-23 10:45:00+05:30,734.2,734.3,732.6,733.3,3242.0
2026-06-23 10:50:00+05:30,733.5,733.5,732.2,732.2,2996.0
2026-06-23 10:55:00+05:30,732.75,733.0,732.2,733.0,2247.0
2026-06-23 11:00:00+05:30,733.25,733.25,732.2,733.0,2699.0
2026-06-23 11:05:00+05:30,732.6,733.5,732.55,733.5,3434.0
2026-06-23 11:10:00+05:30,733.2,733.3,732.5,732.5,1407.0
2026-06-23 11:15:00+05:30,732.5,733.9,731.35,731.55,12742.0
2026-06-23 11:20:00+05:30,731.55,732.35,730.1,730.8,7710.0
2026-06-23 11:25:00+05:30,730.3,731.5,730.3,731.45,549.0
2026-06-23 11:30:00+05:30,731.45,731.45,730.8,731.35,768.0
2026-06-23 11:35:00+05:30,731.1,731.1,730.0,730.3,1052.0
2026-06-23 11:40:00+05:30,730.5,730.7,729.2,729.2,2394.0
2026-06-23 11:45:00+05:30,729.25,729.25,727.7,727.7,4218.0
2026-06-23 11:50:00+05:30,727.75,729.15,727.3,728.5,3485.0
2026-06-23 11:55:00+05:30,729.0,729.0,727.8,728.0,3976.0
2026-06-23 12:00:00+05:30,728.0,728.5,727.05,727.45,5504.0
2026-06-23 12:05:00+05:30,727.05,727.9,726.85,727.65,14137.0
2026-06-23 12:10:00+05:30,727.5,728.0,726.6,727.0,5064.0
2026-06-23 12:15:00+05:30,727.3,728.0,727.0,727.9,1973.0
2026-06-23 12:20:00+05:30,727.9,727.9,725.45,725.9,4966.0
2026-06-23 12:25:00+05:30,726.0,727.9,725.2,727.55,7685.0
2026-06-23 12:30:00+05:30,727.25,727.6,727.1,727.35,899.0
2026-06-23 12:35:00+05:30,727.75,728.05,727.2,727.85,967.0
2026-06-23 12:40:00+05:30,727.45,727.85,727.4,727.55,1273.0
2026-06-23 12:45:00+05:30,727.65,727.7,726.6,726.6,3617.0
2026-06-23 12:50:00+05:30,726.8,727.5,726.5,726.6,2212.0
2026-06-23 12:55:00+05:30,726.5,728.9,726.5,728.35,2962.0
2026-06-23 13:00:00+05:30,728.05,729.9,727.5,729.25,6956.0
2026-06-23 13:05:00+05:30,728.85,729.85,728.85,729.4,1011.0
2026-06-23 13:10:00+05:30,729.8,729.9,728.8,728.8,675.0
2026-06-23 13:15:00+05:30,728.8,729.0,728.0,728.5,1290.0
2026-06-23 13:20:00+05:30,728.5,728.95,728.4,728.7,922.0
2026-06-23 13:25:00+05:30,728.8,728.8,728.0,728.0,718.0
2026-06-23 13:30:00+05:30,727.7,728.0,727.55,728.0,1009.0
2026-06-23 13:35:00+05:30,727.8,728.05,727.1,727.75,686.0
2026-06-23 13:40:00+05:30,727.85,729.3,727.2,728.45,2613.0
2026-06-23 13:45:00+05:30,728.35,728.95,728.35,728.7,1657.0
2026-06-23 13:50:00+05:30,729.05,729.75,728.45,728.45,2801.0
2026-06-23 13:55:00+05:30,728.55,728.95,728.05,728.45,1527.0
2026-06-23 14:00:00+05:30,728.45,729.0,728.05,729.0,1415.0
2026-06-23 14:05:00+05:30,728.9,729.45,728.7,729.45,2732.0
2026-06-23 14:10:00+05:30,729.4,731.0,729.05,730.2,4819.0
2026-06-23 14:15:00+05:30,730.5,732.0,730.25,730.95,2897.0
2026-06-23 14:20:00+05:30,730.65,732.4,730.4,730.7,5023.0
2026-06-23 14:25:00+05:30,730.7,732.0,730.7,731.5,4604.0
2026-06-23 14:30:00+05:30,732.0,732.65,731.15,731.5,6206.0
2026-06-23 14:35:00+05:30,732.0,732.0,730.8,731.1,2347.0
2026-06-23 14:40:00+05:30,730.5,732.0,730.5,731.7,1884.0
2026-06-23 14:45:00+05:30,731.75,731.95,731.25,731.95,917.0
2026-06-23 14:50:00+05:30,731.95,731.95,731.5,731.6,765.0
2026-06-23 14:55:00+05:30,731.9,732.35,731.55,732.15,4032.0
2026-06-23 15:00:00+05:30,732.0,732.45,728.25,728.25,10677.0
2026-06-23 15:05:00+05:30,728.1,732.1,728.1,731.45,14881.0
2026-06-23 15:10:00+05:30,731.45,731.45,730.2,730.45,3652.0
2026-06-23 15:15:00+05:30,730.7,731.0,729.05,730.75,9610.0
2026-06-23 15:20:00+05:30,730.15,730.85,729.5,730.7,4317.0
2026-06-23 15:25:00+05:30,730.7,731.75,730.0,731.0,9820.0
2026-06-24 09:15:00+05:30,728.0,732.95,728.0,728.0,5791.0
2026-06-24 09:20:00+05:30,727.85,729.95,727.1,728.4,4115.0
2026-06-24 09:25:00+05:30,728.4,728.95,727.5,727.8,10261.0
2026-06-24 09:30:00+05:30,727.5,728.5,727.05,727.2,2769.0
2026-06-24 09:35:00+05:30,727.2,728.65,727.2,727.7,1550.0
2026-06-24 09:40:00+05:30,728.4,728.55,726.65,727.0,3823.0
2026-06-24 09:45:00+05:30,726.6,727.0,725.1,725.1,5748.0
2026-06-24 09:50:00+05:30,725.0,726.5,724.75,725.75,7906.0
2026-06-24 09:55:00+05:30,726.45,727.3,726.15,726.35,3582.0
2026-06-24 10:00:00+05:30,726.45,727.95,725.8,727.05,2766.0
2026-06-24 10:05:00+05:30,727.0,727.65,726.95,727.65,913.0
2026-06-24 10:10:00+05:30,727.65,728.0,726.35,726.85,3082.0
2026-06-24 10:15:00+05:30,726.75,727.0,726.25,727.0,1081.0
2026-06-24 10:20:00+05:30,727.0,727.8,726.9,727.8,656.0
2026-06-24 10:25:00+05:30,727.35,728.4,727.35,727.35,1913.0
2026-06-24 10:30:00+05:30,727.85,728.05,727.1,727.5,909.0
2026-06-24 10:35:00+05:30,728.0,728.05,727.5,727.5,681.0
2026-06-24 10:40:00+05:30,727.9,728.45,727.5,728.15,757.0
2026-06-24 10:45:00+05:30,727.65,728.1,727.6,727.95,832.0
2026-06-24 10:50:00+05:30,727.5,727.95,727.1,727.3,3324.0
2026-06-24 10:55:00+05:30,727.25,727.95,727.25,727.45,1319.0
2026-06-24 11:00:00+05:30,727.8,727.8,726.7,727.35,1913.0
2026-06-24 11:05:00+05:30,727.5,728.1,727.5,728.0,2206.0
2026-06-24 11:10:00+05:30,727.55,727.8,726.8,726.95,427.0
2026-06-24 11:15:00+05:30,727.45,727.95,726.95,727.3,1267.0
2026-06-24 11:20:00+05:30,727.3,727.95,726.9,727.4,908.0
2026-06-24 11:25:00+05:30,727.35,727.4,725.15,726.0,11419.0
2026-06-24 11:30:00+05:30,726.0,726.0,725.3,725.5,640.0
2026-06-24 11:35:00+05:30,725.75,725.8,725.0,725.25,3434.0
2026-06-24 11:40:00+05:30,725.1,725.65,724.85,725.0,1672.0
2026-06-24 11:45:00+05:30,725.0,725.2,724.2,725.0,4166.0
2026-06-24 11:50:00+05:30,725.0,725.2,724.55,725.0,1655.0
2026-06-24 11:55:00+05:30,725.0,725.1,724.9,725.0,1193.0
2026-06-24 12:00:00+05:30,725.0,725.9,725.0,725.9,2306.0
2026-06-24 12:05:00+05:30,725.9,725.9,725.15,725.45,2212.0
2026-06-24 12:10:00+05:30,725.4,725.8,725.15,725.65,5427.0
2026-06-24 12:15:00+05:30,725.65,725.65,725.25,725.45,725.0
2026-06-24 12:20:00+05:30,725.4,725.4,725.25,725.25,394.0
2026-06-24 12:25:00+05:30,725.25,725.4,725.25,725.25,388.0
2026-06-24 12:30:00+05:30,725.4,725.7,725.25,725.3,797.0
2026-06-24 12:35:00+05:30,725.8,725.8,725.7,725.7,262.0
2026-06-24 12:40:00+05:30,725.7,725.9,725.5,725.9,10677.0
2026-06-24 12:45:00+05:30,725.9,725.9,725.6,725.85,1778.0
2026-06-24 12:50:00+05:30,725.9,725.9,725.6,725.6,1642.0
2026-06-24 12:55:00+05:30,725.9,726.45,725.6,726.2,9318.0
2026-06-24 13:00:00+05:30,725.8,726.25,725.8,725.85,845.0
2026-06-24 13:05:00+05:30,726.0,726.55,726.0,726.25,1145.0
2026-06-24 13:10:00+05:30,726.6,726.65,726.5,726.65,575.0
2026-06-24 13:15:00+05:30,726.65,727.2,726.65,727.2,414.0
2026-06-24 13:20:00+05:30,726.85,727.15,726.85,727.15,361.0
2026-06-24 13:25:00+05:30,727.2,727.75,726.85,727.4,1335.0
2026-06-24 13:30:00+05:30,727.0,727.6,726.15,726.65,4136.0
2026-06-24 13:35:00+05:30,727.35,727.75,727.15,727.2,1992.0
2026-06-24 13:40:00+05:30,727.2,727.65,727.2,727.55,351.0
2026-06-24 13:45:00+05:30,727.5,727.5,726.65,726.65,1633.0
2026-06-24 13:50:00+05:30,727.15,727.3,727.0,727.0,882.0
2026-06-24 13:55:00+05:30,727.2,727.3,727.0,727.3,490.0
2026-06-24 14:00:00+05:30,727.2,727.3,727.0,727.2,929.0
2026-06-24 14:05:00+05:30,727.0,727.2,727.0,727.0,569.0
2026-06-24 14:10:00+05:30,727.0,727.3,727.0,727.15,630.0
2026-06-24 14:15:00+05:30,727.15,727.35,727.15,727.15,1118.0
2026-06-24 14:20:00+05:30,727.15,727.25,726.95,726.95,618.0
2026-06-24 14:25:00+05:30,726.7,727.05,726.15,726.95,1110.0
2026-06-24 14:30:00+05:30,725.55,727.5,725.5,725.55,8215.0
2026-06-24 14:35:00+05:30,726.0,726.35,725.55,725.6,961.0
2026-06-24 14:40:00+05:30,726.15,726.15,725.5,726.0,908.0
2026-06-24 14:45:00+05:30,725.4,725.95,724.7,725.3,6305.0
2026-06-24 14:50:00+05:30,725.6,726.0,725.3,725.45,2194.0
2026-06-24 14:55:00+05:30,725.45,726.0,724.4,724.7,5709.0
2026-06-24 15:00:00+05:30,726.75,727.9,725.6,727.5,12545.0
2026-06-24 15:05:00+05:30,727.75,728.0,727.1,727.6,8532.0
2026-06-24 15:10:00+05:30,727.85,728.65,727.15,728.15,8490.0
2026-06-24 15:15:00+05:30,728.5,729.2,727.85,727.85,14958.0
2026-06-24 15:20:00+05:30,728.5,729.75,727.0,729.65,12719.0
2026-06-24 15:25:00+05:30,729.0,729.8,727.3,729.75,14532.0
2026-06-25 09:15:00+05:30,755.0,771.0,746.2,752.0,1032254.0
2026-06-25 09:20:00+05:30,752.55,754.65,744.05,750.95,516555.0
2026-06-25 09:25:00+05:30,750.75,755.35,748.2,749.0,337289.0
2026-06-25 09:30:00+05:30,748.65,751.0,748.1,749.0,100764.0
2026-06-25 09:35:00+05:30,748.35,748.35,743.5,746.05,159458.0
2026-06-25 09:40:00+05:30,746.4,746.9,744.05,745.45,73997.0
2026-06-25 09:45:00+05:30,745.45,748.5,744.1,746.9,103289.0
2026-06-25 09:50:00+05:30,747.25,750.0,746.5,747.0,53094.0
2026-06-25 09:55:00+05:30,747.0,747.5,744.2,746.0,45413.0
2026-06-25 10:00:00+05:30,746.4,749.7,746.0,748.9,52579.0
2026-06-25 10:05:00+05:30,748.95,754.3,747.8,753.4,153666.0
2026-06-25 10:10:00+05:30,753.95,754.7,751.2,751.6,71566.0
2026-06-25 10:15:00+05:30,752.0,754.95,749.35,754.2,192561.0
2026-06-25 10:20:00+05:30,754.05,764.0,752.3,760.65,255097.0
2026-06-25 10:25:00+05:30,761.55,775.0,760.0,774.8,747797.0
2026-06-25 10:30:00+05:30,774.25,775.0,763.15,766.0,442464.0
2026-06-25 10:35:00+05:30,766.0,766.0,758.55,758.55,282579.0
2026-06-25 10:40:00+05:30,758.75,759.85,754.95,756.1,186441.0
2026-06-25 10:45:00+05:30,756.55,757.2,753.65,754.35,101235.0
2026-06-25 10:50:00+05:30,754.6,754.9,751.4,752.4,116765.0
2026-06-25 10:55:00+05:30,752.55,753.5,750.5,752.0,88444.0
2026-06-25 11:00:00+05:30,752.0,752.0,749.45,750.35,69574.0
2026-06-25 11:05:00+05:30,750.4,750.4,748.0,749.5,65305.0
2026-06-25 11:10:00+05:30,749.65,749.65,748.35,748.45,28421.0
2026-06-25 11:15:00+05:30,749.0,749.5,748.0,749.25,34019.0
2026-06-25 11:20:00+05:30,750.5,752.0,750.0,751.5,89242.0
2026-06-25 11:25:00+05:30,751.8,752.0,748.5,748.95,55844.0
2026-06-25 11:30:00+05:30,748.9,748.9,746.2,748.0,50306.0
2026-06-25 11:35:00+05:30,748.05,748.9,748.05,748.3,11363.0
2026-06-25 11:40:00+05:30,748.5,748.55,747.5,748.3,32352.0
2026-06-25 11:45:00+05:30,747.9,748.0,747.5,747.6,13544.0
2026-06-25 11:50:00+05:30,747.6,748.65,747.1,748.0,12624.0
2026-06-25 11:55:00+05:30,748.0,749.95,747.75,748.35,27695.0
2026-06-25 12:00:00+05:30,748.35,749.35,746.05,746.25,37497.0
2026-06-25 12:05:00+05:30,746.55,749.95,746.25,748.6,22338.0
2026-06-25 12:10:00+05:30,748.85,749.0,746.3,746.8,29269.0
2026-06-25 12:15:00+05:30,747.35,747.75,746.5,747.05,13392.0
2026-06-25 12:20:00+05:30,747.4,748.6,747.0,747.3,17128.0
2026-06-25 12:25:00+05:30,747.75,747.9,747.0,747.0,14273.0
2026-06-25 12:30:00+05:30,747.0,747.0,742.2,743.85,90795.0
2026-06-25 12:35:00+05:30,743.5,749.45,743.45,748.85,85265.0
2026-06-25 12:40:00+05:30,748.5,748.5,745.05,745.25,24083.0
2026-06-25 12:45:00+05:30,745.8,745.8,744.15,745.35,14062.0
2026-06-25 12:50:00+05:30,745.45,745.7,744.2,744.2,17334.0
2026-06-25 12:55:00+05:30,744.7,744.7,743.25,743.8,18349.0
2026-06-25 13:00:00+05:30,743.85,744.85,743.2,744.0,13349.0
2026-06-25 13:05:00+05:30,744.55,744.95,744.05,744.25,10173.0
2026-06-25 13:10:00+05:30,744.5,745.85,744.1,745.15,13858.0
2026-06-25 13:15:00+05:30,745.15,747.0,743.15,743.15,26278.0
2026-06-25 13:20:00+05:30,743.95,745.5,743.05,744.05,16677.0
2026-06-25 13:25:00+05:30,744.6,747.45,743.75,746.1,38253.0
2026-06-25 13:30:00+05:30,746.4,749.85,745.6,749.25,49997.0
2026-06-25 13:35:00+05:30,749.1,749.5,747.45,748.8,25226.0
2026-06-25 13:40:00+05:30,749.0,749.0,747.4,748.0,14920.0
2026-06-25 13:45:00+05:30,748.45,749.75,747.6,748.6,23355.0
2026-06-25 13:50:00+05:30,749.1,750.45,747.7,749.0,41019.0
2026-06-25 13:55:00+05:30,749.05,749.4,747.55,747.8,8309.0
2026-06-25 14:00:00+05:30,748.0,749.95,747.2,749.0,27713.0
2026-06-25 14:05:00+05:30,749.2,752.2,749.2,750.35,51212.0
2026-06-25 14:10:00+05:30,750.35,751.55,747.45,748.0,27422.0
2026-06-25 14:15:00+05:30,748.0,749.15,748.0,748.45,21489.0
2026-06-25 14:20:00+05:30,748.15,749.0,747.0,748.1,22762.0
2026-06-25 14:25:00+05:30,748.1,749.6,747.25,749.0,20007.0
2026-06-25 14:30:00+05:30,749.1,749.9,748.75,749.7,20402.0
2026-06-25 14:35:00+05:30,749.7,751.6,749.3,750.05,51678.0
2026-06-25 14:40:00+05:30,749.95,754.9,749.95,751.5,112652.0
2026-06-25 14:45:00+05:30,751.5,751.5,747.6,748.4,36314.0
2026-06-25 14:50:00+05:30,748.85,749.35,747.95,749.0,11037.0
2026-06-25 14:55:00+05:30,748.55,750.5,748.55,750.25,20487.0
2026-06-25 15:00:00+05:30,750.3,753.75,748.9,749.75,126934.0
2026-06-25 15:05:00+05:30,749.85,750.9,746.9,748.0,70940.0
2026-06-25 15:10:00+05:30,748.0,749.6,745.75,745.9,106030.0
2026-06-25 15:15:00+05:30,745.95,751.7,745.6,750.1,147335.0
2026-06-25 15:20:00+05:30,750.85,750.85,724.7,744.3,274956.0
2026-06-25 15:25:00+05:30,744.9,749.0,743.05,745.0,106596.0
2026-06-29 09:15:00+05:30,746.2,746.9,735.8,736.55,70174.0
2026-06-29 09:20:00+05:30,736.1,736.95,732.35,733.15,30436.0
2026-06-29 09:25:00+05:30,733.2,735.2,732.2,734.55,19826.0
2026-06-29 09:30:00+05:30,734.9,734.9,728.0,728.5,40439.0
2026-06-29 09:35:00+05:30,728.7,730.25,728.2,730.25,19918.0
2026-06-29 09:40:00+05:30,729.9,734.9,729.5,734.45,19915.0
2026-06-29 09:45:00+05:30,734.05,734.45,731.65,734.0,10011.0
2026-06-29 09:50:00+05:30,733.95,733.95,732.1,733.1,4866.0
2026-06-29 09:55:00+05:30,733.2,734.0,733.2,733.5,3595.0
2026-06-29 10:00:00+05:30,733.55,733.8,732.45,733.45,2888.0
2026-06-29 10:05:00+05:30,733.4,735.4,733.05,735.15,10578.0
2026-06-29 10:10:00+05:30,734.5,735.5,731.65,732.15,10859.0
2026-06-29 10:15:00+05:30,731.85,732.5,730.8,731.0,5303.0
2026-06-29 10:20:00+05:30,731.0,732.0,730.5,731.85,5907.0
2026-06-29 10:25:00+05:30,731.85,732.35,731.35,731.75,6121.0
2026-06-29 10:30:00+05:30,732.0,732.0,731.35,731.5,4643.0
2026-06-29 10:35:00+05:30,731.5,731.75,731.0,731.75,31021.0
2026-06-29 10:40:00+05:30,731.6,731.9,730.85,731.6,3973.0
2026-06-29 10:45:00+05:30,731.4,731.6,730.85,731.45,14611.0
2026-06-29 10:50:00+05:30,731.05,731.6,730.35,730.4,4465.0
2026-06-29 10:55:00+05:30,730.45,731.6,730.4,731.55,2092.0
2026-06-29 11:00:00+05:30,731.8,731.8,731.3,731.3,9096.0
2026-06-29 11:05:00+05:30,731.15,731.3,730.45,730.45,6605.0
2026-06-29 11:10:00+05:30,731.0,731.25,730.6,730.95,1169.0
2026-06-29 11:15:00+05:30,730.55,731.2,730.55,730.9,1303.0
2026-06-29 11:20:00+05:30,730.7,731.5,730.55,731.25,3956.0
2026-06-29 11:25:00+05:30,731.25,731.3,730.5,731.0,2013.0
2026-06-29 11:30:00+05:30,731.0,731.05,730.2,730.6,1574.0
2026-06-29 11:35:00+05:30,730.15,731.15,730.0,731.05,9256.0
2026-06-29 11:40:00+05:30,731.05,731.7,731.05,731.05,3062.0
2026-06-29 11:45:00+05:30,731.3,731.75,731.05,731.35,1898.0
2026-06-29 11:50:00+05:30,731.0,731.0,730.25,730.3,3518.0
2026-06-29 11:55:00+05:30,730.3,731.3,730.2,730.7,2988.0
2026-06-29 12:00:00+05:30,731.2,731.2,730.65,730.9,477.0
2026-06-29 12:05:00+05:30,730.65,731.0,730.05,730.35,3644.0
2026-06-29 12:10:00+05:30,730.35,730.35,728.15,730.0,20081.0
2026-06-29 12:15:00+05:30,730.0,730.0,729.1,729.5,3829.0
2026-06-29 12:20:00+05:30,729.7,730.0,729.1,729.15,2533.0
2026-06-29 12:25:00+05:30,729.15,730.15,728.3,728.75,2670.0
2026-06-29 12:30:00+05:30,728.8,729.05,727.05,727.95,10972.0
2026-06-29 12:35:00+05:30,728.0,728.3,726.9,727.3,13890.0
2026-06-29 12:40:00+05:30,727.75,727.75,726.8,727.7,7760.0
2026-06-29 12:45:00+05:30,727.7,728.6,727.6,728.4,1316.0
2026-06-29 12:50:00+05:30,728.6,728.9,728.0,728.85,2407.0
2026-06-29 12:55:00+05:30,728.95,729.15,728.4,728.55,1039.0
2026-06-29 13:00:00+05:30,728.95,729.55,728.95,729.45,1242.0
2026-06-29 13:05:00+05:30,729.45,729.55,728.7,728.7,3939.0
2026-06-29 13:10:00+05:30,728.65,729.4,728.65,729.4,1192.0
2026-06-29 13:15:00+05:30,729.4,729.4,728.75,729.0,1799.0
2026-06-29 13:20:00+05:30,729.0,729.6,728.3,729.35,3690.0
2026-06-29 13:25:00+05:30,729.0,729.35,729.0,729.3,450.0
2026-06-29 13:30:00+05:30,729.3,730.2,729.2,729.9,5496.0
2026-06-29 13:35:00+05:30,729.5,730.0,729.2,729.25,1476.0
2026-06-29 13:40:00+05:30,729.65,729.65,729.0,729.2,563.0
2026-06-29 13:45:00+05:30,729.25,729.95,729.0,729.0,1588.0
2026-06-29 13:50:00+05:30,729.0,729.6,729.0,729.55,526.0
2026-06-29 13:55:00+05:30,729.65,729.85,729.3,729.35,670.0
2026-06-29 14:00:00+05:30,729.35,730.0,729.05,729.6,2993.0
2026-06-29 14:05:00+05:30,729.6,730.0,729.0,729.0,2426.0
2026-06-29 14:10:00+05:30,729.8,730.3,729.5,730.0,1357.0
2026-06-29 14:15:00+05:30,730.0,730.25,729.75,729.75,3863.0
2026-06-29 14:20:00+05:30,729.75,730.0,729.5,729.85,4407.0
2026-06-29 14:25:00+05:30,729.85,730.0,729.0,729.45,17571.0
2026-06-29 14:30:00+05:30,729.85,730.0,729.35,729.85,3001.0
2026-06-29 14:35:00+05:30,729.6,729.6,729.0,729.1,934.0
2026-06-29 14:40:00+05:30,729.2,730.0,729.2,730.0,14685.0
2026-06-29 14:45:00+05:30,730.0,730.0,729.4,729.85,1676.0
2026-06-29 14:50:00+05:30,729.4,730.0,729.2,729.85,5057.0
2026-06-29 14:55:00+05:30,729.9,730.05,729.0,729.45,7635.0
2026-06-29 15:00:00+05:30,729.5,730.35,729.1,729.9,14883.0
2026-06-29 15:05:00+05:30,730.0,730.3,729.6,729.9,23419.0
2026-06-29 15:10:00+05:30,730.0,730.0,728.5,729.25,35595.0
2026-06-29 15:15:00+05:30,729.55,730.55,728.4,729.45,30758.0
2026-06-29 15:20:00+05:30,729.8,730.0,728.15,729.5,17840.0
2026-06-29 15:25:00+05:30,729.55,730.0,728.7,729.25,20700.0
2026-06-30 09:15:00+05:30,734.0,734.0,728.1,729.3,20214.0
2026-06-30 09:20:00+05:30,729.15,729.35,727.0,728.0,7785.0
2026-06-30 09:25:00+05:30,728.0,730.0,728.0,728.8,2456.0
2026-06-30 09:30:00+05:30,728.55,729.45,726.6,727.35,8439.0
2026-06-30 09:35:00+05:30,727.4,728.7,727.3,728.55,1450.0
2026-06-30 09:40:00+05:30,728.05,728.5,727.0,728.25,6566.0
2026-06-30 09:45:00+05:30,727.5,728.45,727.15,727.9,2300.0
2026-06-30 09:50:00+05:30,727.75,730.35,727.3,728.95,12711.0
2026-06-30 09:55:00+05:30,729.0,729.45,728.35,728.8,2079.0
2026-06-30 10:00:00+05:30,728.8,729.35,728.55,729.1,646.0
2026-06-30 10:05:00+05:30,729.35,729.55,728.8,729.5,480.0
2026-06-30 10:10:00+05:30,728.8,729.6,728.8,729.5,1325.0
2026-06-30 10:15:00+05:30,729.5,729.5,728.05,728.7,2282.0
2026-06-30 10:20:00+05:30,728.65,729.1,728.0,729.1,5261.0
2026-06-30 10:25:00+05:30,729.2,729.6,727.75,728.05,3081.0
2026-06-30 10:30:00+05:30,728.05,728.85,728.05,728.85,678.0
2026-06-30 10:35:00+05:30,728.95,729.0,727.85,728.65,1890.0
2026-06-30 10:40:00+05:30,728.9,729.0,728.0,728.2,2081.0
2026-06-30 10:45:00+05:30,728.6,728.75,727.85,728.2,1448.0
2026-06-30 10:50:00+05:30,728.2,729.6,728.1,729.3,1779.0
2026-06-30 10:55:00+05:30,729.65,729.8,728.8,728.85,577.0
2026-06-30 11:00:00+05:30,728.5,729.0,728.0,728.4,966.0
2026-06-30 11:05:00+05:30,728.3,729.0,728.2,728.55,1043.0
2026-06-30 11:10:00+05:30,728.55,729.0,728.55,728.65,302.0
2026-06-30 11:15:00+05:30,729.0,729.0,727.9,728.45,2181.0
2026-06-30 11:20:00+05:30,728.25,729.5,727.85,729.45,1964.0
2026-06-30 11:25:00+05:30,729.45,729.6,728.55,728.9,1942.0
2026-06-30 11:30:00+05:30,729.05,729.1,728.55,728.55,287.0
2026-06-30 11:35:00+05:30,729.0,729.0,724.1,724.5,14485.0
2026-06-30 11:40:00+05:30,724.3,724.9,724.3,724.55,1481.0
2026-06-30 11:45:00+05:30,724.75,725.0,724.45,724.75,4013.0
2026-06-30 11:50:00+05:30,724.7,725.0,724.45,724.8,1148.0
2026-06-30 11:55:00+05:30,724.8,725.2,724.8,725.0,4120.0
2026-06-30 12:00:00+05:30,725.0,725.25,724.85,724.85,4926.0
2026-06-30 12:05:00+05:30,725.0,725.0,724.85,724.85,3295.0
2026-06-30 12:10:00+05:30,724.85,724.85,723.0,723.0,5932.0
2026-06-30 12:15:00+05:30,723.0,723.85,723.0,723.85,1222.0
2026-06-30 12:20:00+05:30,723.9,724.65,723.55,724.35,5186.0
2026-06-30 12:25:00+05:30,724.8,724.8,724.0,724.8,1715.0
2026-06-30 12:30:00+05:30,724.25,725.0,724.0,725.0,4674.0
2026-06-30 12:35:00+05:30,725.0,725.0,724.55,724.9,4037.0
2026-06-30 12:40:00+05:30,724.8,725.0,724.55,724.9,7150.0
2026-06-30 12:45:00+05:30,724.9,724.9,724.5,724.85,1982.0
2026-06-30 12:50:00+05:30,724.5,724.9,724.25,724.85,1721.0
2026-06-30 12:55:00+05:30,724.85,724.85,724.25,724.7,1319.0
2026-06-30 13:00:00+05:30,724.7,724.85,724.2,724.5,882.0
2026-06-30 13:05:00+05:30,724.55,724.85,724.35,724.8,310.0
2026-06-30 13:10:00+05:30,724.8,724.8,724.5,724.8,752.0
2026-06-30 13:15:00+05:30,724.8,724.8,724.35,724.5,654.0
2026-06-30 13:20:00+05:30,724.5,724.5,723.65,723.7,2898.0
2026-06-30 13:25:00+05:30,723.6,724.3,723.6,723.8,1539.0
2026-06-30 13:30:00+05:30,723.95,723.95,723.4,723.4,1904.0
2026-06-30 13:35:00+05:30,723.4,723.65,722.75,723.0,4607.0
2026-06-30 13:40:00+05:30,723.0,723.2,722.55,723.0,3117.0
2026-06-30 13:45:00+05:30,723.0,723.15,722.75,723.0,1551.0
2026-06-30 13:50:00+05:30,723.0,723.0,722.85,723.0,1339.0
2026-06-30 13:55:00+05:30,723.0,723.0,722.7,722.8,741.0
2026-06-30 14:00:00+05:30,722.8,723.0,722.2,722.45,2591.0
2026-06-30 14:05:00+05:30,722.4,723.0,721.1,721.35,9881.0
2026-06-30 14:10:00+05:30,720.8,721.0,718.45,719.4,17954.0
2026-06-30 14:15:00+05:30,719.8,720.25,719.3,720.05,1210.0
2026-06-30 14:20:00+05:30,720.05,721.7,719.85,721.7,5531.0
2026-06-30 14:25:00+05:30,722.1,722.7,722.1,722.4,2531.0
2026-06-30 14:30:00+05:30,722.4,722.45,721.4,721.4,1985.0
2026-06-30 14:35:00+05:30,721.55,721.85,719.25,719.85,11923.0
2026-06-30 14:40:00+05:30,719.9,720.45,719.8,719.8,5147.0
2026-06-30 14:45:00+05:30,719.95,720.4,719.8,720.3,2027.0
2026-06-30 14:50:00+05:30,720.3,720.45,719.5,720.05,1995.0
2026-06-30 14:55:00+05:30,720.45,720.45,714.2,715.9,57398.0
2026-06-30 15:00:00+05:30,715.9,715.95,714.6,715.85,10441.0
2026-06-30 15:05:00+05:30,715.8,716.7,715.8,716.35,8565.0
2026-06-30 15:10:00+05:30,716.35,716.9,715.6,716.3,10041.0
2026-06-30 15:15:00+05:30,716.3,716.8,714.8,716.0,13821.0
2026-06-30 15:20:00+05:30,716.05,716.55,715.2,716.4,14180.0
2026-06-30 15:25:00+05:30,716.3,717.0,715.5,716.1,19351.0
2026-07-01 09:15:00+05:30,717.0,726.7,716.6,718.65,44100.0
2026-07-01 09:20:00+05:30,718.6,719.3,717.2,717.85,16526.0
2026-07-01 09:25:00+05:30,717.8,719.4,717.0,719.3,6555.0
2026-07-01 09:30:00+05:30,719.0,721.1,719.0,720.35,10289.0
2026-07-01 09:35:00+05:30,720.35,721.65,720.3,720.4,7245.0
2026-07-01 09:40:00+05:30,720.75,721.1,719.45,720.35,8339.0
2026-07-01 09:45:00+05:30,720.45,720.45,718.95,718.95,1843.0
2026-07-01 09:50:00+05:30,719.0,720.95,719.0,720.4,1952.0
2026-07-01 09:55:00+05:30,720.7,720.9,719.15,719.7,1904.0
2026-07-01 10:00:00+05:30,719.0,719.6,717.55,717.55,3632.0
2026-07-01 10:05:00+05:30,718.25,718.9,717.6,718.5,5187.0
2026-07-01 10:10:00+05:30,718.45,718.9,718.0,718.8,3313.0
2026-07-01 10:15:00+05:30,718.5,719.15,718.3,718.4,4832.0
2026-07-01 10:20:00+05:30,719.0,720.0,718.45,718.9,3018.0
2026-07-01 10:25:00+05:30,718.55,718.55,713.5,714.7,39647.0
2026-07-01 10:30:00+05:30,715.3,715.65,712.65,713.8,31346.0
2026-07-01 10:35:00+05:30,714.75,715.0,713.65,714.9,20482.0
2026-07-01 10:40:00+05:30,713.5,713.9,708.8,709.45,34183.0
2026-07-01 10:45:00+05:30,709.45,710.0,707.0,708.75,25202.0
2026-07-01 10:50:00+05:30,708.7,709.45,707.75,708.7,60215.0
2026-07-01 10:55:00+05:30,708.55,711.5,708.25,709.7,30399.0
2026-07-01 11:00:00+05:30,709.7,710.35,709.55,710.35,15122.0
2026-07-01 11:05:00+05:30,710.35,710.35,709.3,709.9,6603.0
2026-07-01 11:10:00+05:30,709.9,710.0,709.4,710.0,5302.0
2026-07-01 11:15:00+05:30,710.0,710.2,709.7,710.0,3261.0
2026-07-01 11:20:00+05:30,710.0,710.3,709.5,709.9,4188.0
2026-07-01 11:25:00+05:30,709.9,710.0,709.35,709.5,2429.0
2026-07-01 11:30:00+05:30,710.0,710.0,709.1,709.5,2429.0
2026-07-01 11:35:00+05:30,709.5,709.9,709.15,709.6,2134.0
2026-07-01 11:40:00+05:30,709.6,709.75,709.1,709.55,2376.0
2026-07-01 11:45:00+05:30,709.6,709.9,709.25,709.85,844.0
2026-07-01 11:50:00+05:30,709.85,709.9,706.05,706.85,33243.0
2026-07-01 11:55:00+05:30,706.85,707.0,704.7,705.0,37102.0
2026-07-01 12:00:00+05:30,705.6,705.6,703.8,704.25,19138.0
2026-07-01 12:05:00+05:30,704.25,704.3,700.8,702.35,66197.0
2026-07-01 12:10:00+05:30,702.0,702.4,695.5,697.85,70853.0
2026-07-01 12:15:00+05:30,697.85,698.0,694.75,695.2,24437.0
2026-07-01 12:20:00+05:30,695.2,696.2,694.0,694.45,49092.0
2026-07-01 12:25:00+05:30,694.75,696.4,693.5,695.95,23664.0
2026-07-01 12:30:00+05:30,696.0,697.4,696.0,696.5,8564.0
2026-07-01 12:35:00+05:30,696.05,697.6,696.0,697.0,10573.0
2026-07-01 12:40:00+05:30,697.0,697.8,696.75,697.0,9825.0
2026-07-01 12:45:00+05:30,697.0,697.2,689.1,690.9,126997.0
2026-07-01 12:50:00+05:30,690.9,692.4,690.65,691.05,18747.0
2026-07-01 12:55:00+05:30,691.15,691.5,690.5,691.45,8797.0
2026-07-01 13:00:00+05:30,691.5,691.5,688.2,689.2,23763.0
2026-07-01 13:05:00+05:30,689.2,689.9,688.5,689.15,14201.0
2026-07-01 13:10:00+05:30,689.15,689.5,688.25,689.5,6263.0
2026-07-01 13:15:00+05:30,689.5,692.0,689.0,690.85,59205.0
2026-07-01 13:20:00+05:30,690.9,691.0,686.6,688.0,64240.0
2026-07-01 13:25:00+05:30,688.0,690.45,688.0,689.8,50273.0
2026-07-01 13:30:00+05:30,689.8,691.75,689.8,691.25,10287.0
2026-07-01 13:35:00+05:30,691.2,695.8,691.2,691.85,36602.0
2026-07-01 13:40:00+05:30,692.55,692.9,689.95,690.0,39743.0
2026-07-01 13:45:00+05:30,690.0,690.0,688.85,689.6,10956.0
2026-07-01 13:50:00+05:30,689.6,689.95,689.15,689.55,5411.0
2026-07-01 13:55:00+05:30,689.65,689.7,684.75,686.7,65006.0
2026-07-01 14:00:00+05:30,686.45,693.45,686.35,692.0,85764.0
2026-07-01 14:05:00+05:30,692.0,692.0,691.0,691.8,6096.0
2026-07-01 14:10:00+05:30,691.8,691.8,691.0,691.3,4711.0
2026-07-01 14:15:00+05:30,691.25,691.7,690.0,691.5,9376.0
2026-07-01 14:20:00+05:30,691.5,691.65,690.25,690.8,4067.0
2026-07-01 14:25:00+05:30,691.1,691.1,690.25,690.55,5420.0
2026-07-01 14:30:00+05:30,690.25,691.05,689.8,689.85,6249.0
2026-07-01 14:35:00+05:30,690.0,690.35,689.1,689.4,4862.0
2026-07-01 14:40:00+05:30,689.2,689.9,688.7,689.6,7791.0
2026-07-01 14:45:00+05:30,689.5,690.15,688.75,689.65,19568.0
2026-07-01 14:50:00+05:30,689.3,690.0,688.65,689.3,6885.0
2026-07-01 14:55:00+05:30,689.45,689.45,688.0,688.0,12207.0
2026-07-01 15:00:00+05:30,687.45,688.2,687.1,688.2,19254.0
2026-07-01 15:05:00+05:30,688.2,688.7,687.5,687.95,20945.0
2026-07-01 15:10:00+05:30,687.95,689.8,687.2,687.2,22049.0
2026-07-01 15:15:00+05:30,688.7,690.5,685.0,686.55,60964.0
2026-07-01 15:20:00+05:30,686.3,686.7,684.0,684.85,40690.0
2026-07-01 15:25:00+05:30,684.5,685.8,683.1,683.1,39768.0
2026-07-02 09:15:00+05:30,688.05,689.45,683.7,688.05,43917.0
2026-07-02 09:20:00+05:30,688.45,690.75,687.2,690.4,49709.0
2026-07-02 09:25:00+05:30,690.85,692.8,688.75,692.3,31895.0
2026-07-02 09:30:00+05:30,692.55,692.8,690.35,690.8,13593.0
2026-07-02 09:35:00+05:30,690.7,692.0,690.5,691.65,6917.0
2026-07-02 09:40:00+05:30,691.35,691.65,690.3,690.75,6870.0
2026-07-02 09:45:00+05:30,690.75,692.0,690.45,691.0,3633.0
2026-07-02 09:50:00+05:30,690.85,691.35,690.5,691.15,4014.0
2026-07-02 09:55:00+05:30,691.05,693.4,690.45,693.4,15782.0
2026-07-02 10:00:00+05:30,693.25,693.4,689.1,689.8,23449.0
2026-07-02 10:05:00+05:30,689.65,690.0,687.1,688.05,12775.0
2026-07-02 10:10:00+05:30,688.5,689.4,687.8,688.75,8571.0
2026-07-02 10:15:00+05:30,688.6,690.35,688.05,690.35,7100.0
2026-07-02 10:20:00+05:30,690.35,690.85,689.25,690.0,7974.0
2026-07-02 10:25:00+05:30,690.0,691.6,689.65,691.1,4033.0
2026-07-02 10:30:00+05:30,691.3,691.3,689.6,690.45,2368.0
2026-07-02 10:35:00+05:30,690.45,691.0,689.65,690.85,5716.0
2026-07-02 10:40:00+05:30,690.85,691.0,690.05,690.85,3434.0
2026-07-02 10:45:00+05:30,691.0,691.8,690.6,690.6,5369.0
2026-07-02 10:50:00+05:30,690.5,691.55,690.3,691.45,6143.0
2026-07-02 10:55:00+05:30,691.45,691.45,690.55,691.0,1565.0
2026-07-02 11:00:00+05:30,690.95,691.0,689.65,690.4,4687.0
2026-07-02 11:05:00+05:30,690.55,691.15,690.05,690.8,2355.0
2026-07-02 11:10:00+05:30,690.75,690.85,689.7,689.7,2405.0
2026-07-02 11:15:00+05:30,690.0,690.2,689.45,690.15,3721.0
2026-07-02 11:20:00+05:30,690.0,690.8,689.4,690.05,2708.0
2026-07-02 11:25:00+05:30,690.5,690.9,689.55,690.0,2044.0
2026-07-02 11:30:00+05:30,690.0,690.45,689.25,690.1,1828.0
2026-07-02 11:35:00+05:30,690.05,690.1,688.25,688.35,3572.0
2026-07-02 11:40:00+05:30,688.9,688.9,687.2,688.2,2997.0
2026-07-02 11:45:00+05:30,688.2,688.9,687.7,688.9,1783.0
2026-07-02 11:50:00+05:30,688.9,689.5,688.7,689.0,1160.0
2026-07-02 11:55:00+05:30,689.45,690.35,689.05,690.25,1465.0
2026-07-02 12:00:00+05:30,690.2,690.95,689.45,689.95,4848.0
2026-07-02 12:05:00+05:30,689.8,690.0,689.25,689.4,1786.0
2026-07-02 12:10:00+05:30,690.0,690.05,689.25,689.3,589.0
2026-07-02 12:15:00+05:30,689.4,690.5,689.25,690.0,1647.0
2026-07-02 12:20:00+05:30,690.5,690.5,689.05,689.45,3605.0
2026-07-02 12:25:00+05:30,689.75,689.95,689.4,689.95,517.0
2026-07-02 12:30:00+05:30,689.95,690.0,689.15,690.0,1221.0
2026-07-02 12:35:00+05:30,689.95,691.0,689.5,691.0,4020.0
2026-07-02 12:40:00+05:30,691.05,691.35,690.85,691.2,1545.0
2026-07-02 12:45:00+05:30,691.15,691.3,689.45,690.45,7212.0
2026-07-02 12:50:00+05:30,690.7,690.7,689.7,690.45,2211.0
2026-07-02 12:55:00+05:30,690.45,690.45,689.6,689.85,1418.0
2026-07-02 13:00:00+05:30,689.85,689.9,688.8,689.3,2480.0
2026-07-02 13:05:00+05:30,689.3,690.0,689.3,690.0,1069.0
2026-07-02 13:10:00+05:30,690.1,690.1,689.05,689.75,4884.0
2026-07-02 13:15:00+05:30,689.75,689.8,688.0,688.5,7333.0
2026-07-02 13:20:00+05:30,687.65,687.85,686.55,687.15,5399.0
2026-07-02 13:25:00+05:30,687.1,687.6,687.05,687.5,1610.0
2026-07-02 13:30:00+05:30,687.5,687.85,687.15,687.85,3474.0
2026-07-02 13:35:00+05:30,687.8,687.9,686.75,687.0,3153.0
2026-07-02 13:40:00+05:30,687.3,687.5,686.55,687.5,2494.0
2026-07-02 13:45:00+05:30,687.5,687.5,686.7,687.1,1585.0
2026-07-02 13:50:00+05:30,687.3,687.7,686.8,687.0,1910.0
2026-07-02 13:55:00+05:30,687.0,687.45,686.55,687.2,3037.0
2026-07-02 14:00:00+05:30,686.8,687.9,686.8,687.6,2578.0
2026-07-02 14:05:00+05:30,687.7,689.0,687.7,688.7,6531.0
2026-07-02 14:10:00+05:30,688.7,688.95,687.9,687.95,1175.0
2026-07-02 14:15:00+05:30,688.3,688.65,687.7,688.2,10040.0
2026-07-02 14:20:00+05:30,688.2,688.95,688.05,688.85,1512.0
2026-07-02 14:25:00+05:30,688.9,688.9,687.25,687.85,3753.0
2026-07-02 14:30:00+05:30,687.8,687.8,686.5,687.25,3500.0
2026-07-02 14:35:00+05:30,687.2,687.75,687.2,687.75,2015.0
2026-07-02 14:40:00+05:30,687.75,688.5,687.25,688.45,785.0
2026-07-02 14:45:00+05:30,688.15,689.9,688.15,688.95,6237.0
2026-07-02 14:50:00+05:30,689.1,690.0,687.85,688.05,28159.0
2026-07-02 14:55:00+05:30,688.6,689.65,688.15,689.15,2190.0
2026-07-02 15:00:00+05:30,688.7,689.9,688.55,689.9,6475.0
2026-07-02 15:05:00+05:30,689.9,690.45,689.2,690.05,14957.0
2026-07-02 15:10:00+05:30,690.05,690.05,688.15,688.5,12008.0
2026-07-02 15:15:00+05:30,688.2,688.7,686.9,688.2,13226.0
2026-07-02 15:20:00+05:30,688.25,689.05,687.45,688.7,6434.0
2026-07-02 15:25:00+05:30,688.7,689.0,687.0,688.4,16371.0
2026-07-03 09:15:00+05:30,694.0,695.6,691.85,694.8,21613.0
2026-07-03 09:20:00+05:30,694.4,695.2,693.65,694.2,7195.0
2026-07-03 09:25:00+05:30,694.6,696.0,694.0,695.5,10294.0
2026-07-03 09:30:00+05:30,695.6,695.9,692.05,693.4,12432.0
2026-07-03 09:35:00+05:30,693.5,695.5,693.0,693.15,11523.0
2026-07-03 09:40:00+05:30,693.0,694.2,692.55,694.0,3648.0
2026-07-03 09:45:00+05:30,694.0,695.0,693.4,695.0,5821.0
2026-07-03 09:50:00+05:30,694.2,695.0,693.2,693.6,4907.0
2026-07-03 09:55:00+05:30,693.25,707.25,693.0,703.85,85066.0
2026-07-03 10:00:00+05:30,703.55,706.0,703.55,704.75,60724.0
2026-07-03 10:05:00+05:30,705.4,710.8,704.9,709.0,87422.0
2026-07-03 10:10:00+05:30,709.05,709.05,698.8,699.1,73065.0
2026-07-03 10:15:00+05:30,699.5,699.95,698.15,698.15,13503.0
2026-07-03 10:20:00+05:30,698.75,700.75,698.15,700.0,12398.0
2026-07-03 10:25:00+05:30,699.65,700.0,698.5,698.6,6932.0
2026-07-03 10:30:00+05:30,698.65,699.4,697.4,698.65,15413.0
2026-07-03 10:35:00+05:30,698.65,698.75,696.2,696.2,11768.0
2026-07-03 10:40:00+05:30,696.35,698.2,696.35,697.35,4044.0
2026-07-03 10:45:00+05:30,697.7,698.85,697.0,698.85,4534.0
2026-07-03 10:50:00+05:30,698.75,700.85,697.85,699.2,40044.0
2026-07-03 10:55:00+05:30,699.15,699.55,697.5,698.45,5116.0
2026-07-03 11:00:00+05:30,698.5,698.55,697.1,698.0,4304.0
2026-07-03 11:05:00+05:30,697.9,698.15,697.5,697.85,815.0
2026-07-03 11:10:00+05:30,697.3,698.1,697.1,697.3,2554.0
2026-07-03 11:15:00+05:30,697.55,697.8,696.55,697.3,4204.0
2026-07-03 11:20:00+05:30,697.05,697.75,696.8,697.75,6534.0
2026-07-03 11:25:00+05:30,698.2,698.5,697.35,697.5,2334.0
2026-07-03 11:30:00+05:30,697.5,697.9,696.4,697.2,3844.0
2026-07-03 11:35:00+05:30,696.55,697.15,696.1,696.4,4355.0
2026-07-03 11:40:00+05:30,696.35,697.0,696.35,696.85,1147.0
2026-07-03 11:45:00+05:30,696.5,697.0,696.1,696.35,3388.0
2026-07-03 11:50:00+05:30,696.85,697.0,696.5,696.5,8167.0
2026-07-03 11:55:00+05:30,696.4,696.4,695.2,695.7,4947.0
2026-07-03 12:00:00+05:30,696.0,696.6,695.85,696.6,854.0
2026-07-03 12:05:00+05:30,696.8,697.0,696.2,696.8,4118.0
2026-07-03 12:10:00+05:30,696.85,697.0,696.15,696.15,2406.0
2026-07-03 12:15:00+05:30,696.7,697.2,696.2,697.0,4659.0
2026-07-03 12:20:00+05:30,696.5,697.0,696.2,696.3,4193.0
2026-07-03 12:25:00+05:30,696.7,696.75,695.3,696.15,2875.0
2026-07-03 12:30:00+05:30,696.3,697.25,696.3,696.85,12382.0
2026-07-03 12:35:00+05:30,696.4,696.8,695.25,695.55,4134.0
2026-07-03 12:40:00+05:30,696.2,696.2,695.5,695.55,716.0
2026-07-03 12:45:00+05:30,695.5,696.0,695.25,696.0,1328.0
2026-07-03 12:50:00+05:30,696.0,696.0,695.05,695.3,2730.0
2026-07-03 12:55:00+05:30,695.7,695.75,694.05,695.2,15357.0
2026-07-03 13:00:00+05:30,695.4,695.4,694.1,695.35,2324.0
2026-07-03 13:05:00+05:30,695.0,695.05,694.1,694.6,4206.0
2026-07-03 13:10:00+05:30,694.7,695.65,694.4,694.8,1905.0
2026-07-03 13:15:00+05:30,694.8,695.45,694.7,695.0,2247.0
2026-07-03 13:20:00+05:30,695.0,695.2,694.5,694.55,730.0
2026-07-03 13:25:00+05:30,695.0,695.0,693.1,693.6,5832.0
2026-07-03 13:30:00+05:30,693.5,694.5,693.5,693.9,1976.0
2026-07-03 13:35:00+05:30,693.6,694.4,693.6,693.8,2566.0
2026-07-03 13:40:00+05:30,694.35,694.75,694.0,694.1,882.0
2026-07-03 13:45:00+05:30,694.0,694.2,692.35,693.85,13449.0
2026-07-03 13:50:00+05:30,693.8,694.2,693.6,694.0,821.0
2026-07-03 13:55:00+05:30,693.6,694.2,693.5,694.1,863.0
2026-07-03 14:00:00+05:30,694.0,694.0,693.25,693.4,2036.0
2026-07-03 14:05:00+05:30,693.7,695.15,693.65,694.15,4125.0
2026-07-03 14:10:00+05:30,694.25,695.55,694.25,695.0,2197.0
2026-07-03 14:15:00+05:30,695.0,695.7,695.0,695.4,1289.0
2026-07-03 14:20:00+05:30,695.45,695.55,694.0,695.15,3449.0
2026-07-03 14:25:00+05:30,695.0,695.15,694.55,695.0,1989.0
2026-07-03 14:30:00+05:30,695.0,695.45,694.35,695.3,1545.0
2026-07-03 14:35:00+05:30,695.3,695.9,695.05,695.15,1103.0
2026-07-03 14:40:00+05:30,695.2,695.7,694.45,695.0,2069.0
2026-07-03 14:45:00+05:30,694.8,695.0,694.0,694.5,3397.0
2026-07-03 14:50:00+05:30,694.5,694.5,693.1,693.35,2589.0
2026-07-03 14:55:00+05:30,693.35,694.5,692.7,694.1,9294.0
2026-07-03 15:00:00+05:30,694.7,695.5,694.3,695.0,5354.0
2026-07-03 15:05:00+05:30,694.6,695.7,694.6,695.15,9897.0
2026-07-03 15:10:00+05:30,695.1,695.7,692.55,692.7,42208.0
2026-07-03 15:15:00+05:30,693.0,694.15,692.3,693.0,12143.0
2026-07-03 15:20:00+05:30,693.0,693.2,691.8,692.0,17911.0
2026-07-03 15:25:00+05:30,691.95,693.0,691.0,693.0,36921.0
2026-07-06 09:15:00+05:30,695.05,695.95,690.1,692.5,23023.0
2026-07-06 09:20:00+05:30,692.0,693.25,691.6,693.1,9646.0
2026-07-06 09:25:00+05:30,693.2,694.5,692.05,693.4,9424.0
2026-07-06 09:30:00+05:30,693.4,694.2,692.4,693.2,3668.0
2026-07-06 09:35:00+05:30,693.1,693.8,691.5,692.8,6505.0
2026-07-06 09:40:00+05:30,692.7,692.7,691.3,692.0,3972.0
2026-07-06 09:45:00+05:30,692.45,693.0,691.0,691.55,2085.0
2026-07-06 09:50:00+05:30,691.0,691.7,691.0,691.55,1337.0
2026-07-06 09:55:00+05:30,691.3,691.95,691.05,691.85,1842.0
2026-07-06 10:00:00+05:30,691.5,693.4,691.05,691.5,4738.0
2026-07-06 10:05:00+05:30,691.15,691.2,690.1,690.7,8798.0
2026-07-06 10:10:00+05:30,690.7,691.0,690.1,690.5,4398.0
2026-07-06 10:15:00+05:30,690.5,692.7,690.2,692.0,6807.0
2026-07-06 10:20:00+05:30,692.0,692.0,690.0,691.0,6751.0
2026-07-06 10:25:00+05:30,690.75,692.6,690.75,691.7,3675.0
2026-07-06 10:30:00+05:30,691.95,691.95,690.8,691.1,2171.0
2026-07-06 10:35:00+05:30,691.1,691.1,689.3,690.55,6581.0
2026-07-06 10:40:00+05:30,690.5,691.3,690.0,691.3,3060.0
2026-07-06 10:45:00+05:30,691.3,692.0,691.2,691.25,4329.0
2026-07-06 10:50:00+05:30,691.05,691.65,690.5,691.0,1413.0
2026-07-06 10:55:00+05:30,690.2,690.8,689.4,690.6,3209.0
2026-07-06 11:00:00+05:30,690.45,690.95,690.0,690.9,1908.0
2026-07-06 11:05:00+05:30,690.9,691.35,690.45,690.75,1929.0
2026-07-06 11:10:00+05:30,690.75,691.2,690.65,690.95,1495.0
2026-07-06 11:15:00+05:30,690.65,691.0,690.4,690.5,653.0
2026-07-06 11:20:00+05:30,690.5,691.35,690.4,691.35,989.0
2026-07-06 11:25:00+05:30,691.15,691.5,691.0,691.5,855.0
2026-07-06 11:30:00+05:30,691.5,691.85,690.65,691.0,2605.0
2026-07-06 11:35:00+05:30,691.0,691.95,691.0,691.6,880.0
2026-07-06 11:40:00+05:30,691.95,692.0,690.85,691.65,1409.0
2026-07-06 11:45:00+05:30,691.65,691.65,690.4,691.0,830.0
2026-07-06 11:50:00+05:30,690.8,691.0,690.15,690.7,634.0
2026-07-06 11:55:00+05:30,691.0,691.0,690.3,690.7,688.0
2026-07-06 12:00:00+05:30,690.7,691.5,690.5,691.1,1445.0
2026-07-06 12:05:00+05:30,691.1,691.4,690.3,690.35,1641.0
2026-07-06 12:10:00+05:30,690.35,690.65,690.2,690.65,3238.0
2026-07-06 12:15:00+05:30,691.2,691.2,690.35,691.05,757.0
2026-07-06 12:20:00+05:30,691.0,691.05,690.1,690.8,499.0
2026-07-06 12:25:00+05:30,690.8,690.9,690.0,690.15,803.0
2026-07-06 12:30:00+05:30,690.75,691.0,690.15,690.55,591.0
2026-07-06 12:35:00+05:30,691.0,691.1,690.5,690.8,554.0
2026-07-06 12:40:00+05:30,690.5,691.7,690.5,691.5,2556.0
2026-07-06 12:45:00+05:30,691.65,691.8,691.0,691.35,1879.0
2026-07-06 12:50:00+05:30,691.35,691.35,690.8,690.85,567.0
2026-07-06 12:55:00+05:30,690.85,691.35,690.05,691.0,2679.0
2026-07-06 13:00:00+05:30,691.0,691.0,690.05,690.25,3955.0
2026-07-06 13:05:00+05:30,690.8,690.8,690.15,690.15,131.0
2026-07-06 13:10:00+05:30,690.6,691.15,690.0,690.9,3512.0
2026-07-06 13:15:00+05:30,690.9,691.0,690.15,691.0,277.0
2026-07-06 13:20:00+05:30,690.3,691.4,690.3,690.8,1585.0
2026-07-06 13:25:00+05:30,691.45,691.8,691.0,691.1,1724.0
2026-07-06 13:30:00+05:30,691.1,691.75,691.1,691.1,256.0
2026-07-06 13:35:00+05:30,691.45,691.55,691.1,691.5,477.0
2026-07-06 13:40:00+05:30,691.5,692.5,691.45,692.45,7855.0
2026-07-06 13:45:00+05:30,692.0,693.75,692.0,692.3,6336.0
2026-07-06 13:50:00+05:30,692.25,692.75,691.6,692.65,1175.0
2026-07-06 13:55:00+05:30,692.65,692.7,691.55,692.5,2782.0
2026-07-06 14:00:00+05:30,692.5,692.5,691.95,692.5,971.0
2026-07-06 14:05:00+05:30,692.5,692.5,691.9,692.35,686.0
2026-07-06 14:10:00+05:30,692.35,692.35,691.45,691.5,2923.0
2026-07-06 14:15:00+05:30,692.0,692.45,691.25,692.45,2373.0
2026-07-06 14:20:00+05:30,692.35,692.45,692.05,692.05,951.0
2026-07-06 14:25:00+05:30,692.05,692.4,692.05,692.35,233.0
2026-07-06 14:30:00+05:30,692.35,692.35,692.1,692.3,300.0
2026-07-06 14:35:00+05:30,692.3,693.4,692.3,693.2,3817.0
2026-07-06 14:40:00+05:30,693.4,693.95,693.0,693.0,1930.0
2026-07-06 14:45:00+05:30,692.65,693.9,692.15,692.6,7529.0
2026-07-06 14:50:00+05:30,693.0,694.95,692.65,693.7,8615.0
2026-07-06 14:55:00+05:30,693.65,694.4,693.65,694.3,2747.0
2026-07-06 15:00:00+05:30,694.5,694.9,693.35,693.85,3301.0
2026-07-06 15:05:00+05:30,693.85,694.8,693.15,693.65,13025.0
2026-07-06 15:10:00+05:30,693.55,694.95,693.35,694.15,5775.0
2026-07-06 15:15:00+05:30,694.15,697.3,693.3,697.15,12569.0
2026-07-06 15:20:00+05:30,697.0,698.4,696.55,697.7,14956.0
2026-07-06 15:25:00+05:30,697.7,699.8,696.3,699.8,16279.0
2026-07-07 09:15:00+05:30,696.15,697.8,694.0,695.4,7125.0
2026-07-07 09:20:00+05:30,695.4,697.3,693.25,697.3,16254.0
2026-07-07 09:25:00+05:30,697.35,698.75,696.0,698.0,9822.0
2026-07-07 09:30:00+05:30,697.4,701.9,695.0,701.5,29295.0
2026-07-07 09:35:00+05:30,701.5,702.0,700.0,700.25,7798.0
2026-07-07 09:40:00+05:30,700.6,702.0,700.1,701.4,6539.0
2026-07-07 09:45:00+05:30,701.6,703.15,701.0,701.35,11906.0
2026-07-07 09:50:00+05:30,701.35,701.95,700.15,701.4,6858.0
2026-07-07 09:55:00+05:30,701.1,701.95,701.1,701.65,3922.0
2026-07-07 10:00:00+05:30,701.3,701.95,700.5,700.5,4502.0
2026-07-07 10:05:00+05:30,699.8,701.45,699.8,701.0,6997.0
2026-07-07 10:10:00+05:30,701.0,701.35,699.9,699.9,7339.0
2026-07-07 10:15:00+05:30,700.0,700.7,699.55,700.05,7580.0
2026-07-07 10:20:00+05:30,700.05,701.0,700.0,700.5,4633.0
2026-07-07 10:25:00+05:30,700.2,700.6,699.7,700.0,7429.0
2026-07-07 10:30:00+05:30,700.0,702.45,700.0,701.3,10454.0
2026-07-07 10:35:00+05:30,700.5,703.0,700.5,702.8,4726.0
2026-07-07 10:40:00+05:30,702.65,702.7,700.8,701.2,3707.0
2026-07-07 10:45:00+05:30,701.5,701.65,700.5,701.0,6577.0
2026-07-07 10:50:00+05:30,701.4,701.45,701.0,701.25,1450.0
2026-07-07 10:55:00+05:30,701.1,701.5,700.6,701.0,2688.0
2026-07-07 11:00:00+05:30,701.5,705.4,701.1,705.35,16781.0
2026-07-07 11:05:00+05:30,705.05,705.45,704.65,705.3,9080.0
2026-07-07 11:10:00+05:30,705.3,705.5,703.3,704.65,16970.0
2026-07-07 11:15:00+05:30,705.5,705.8,704.75,705.0,6645.0
2026-07-07 11:20:00+05:30,705.0,705.25,704.35,704.7,4162.0
2026-07-07 11:25:00+05:30,704.75,705.1,704.4,705.0,3653.0
2026-07-07 11:30:00+05:30,705.05,705.1,703.0,705.0,6083.0
2026-07-07 11:35:00+05:30,704.4,705.05,704.3,705.05,5995.0
2026-07-07 11:40:00+05:30,704.5,705.05,703.75,705.0,10903.0
2026-07-07 11:45:00+05:30,704.45,705.05,704.45,704.8,2077.0
2026-07-07 11:50:00+05:30,704.75,705.2,704.05,705.2,6413.0
2026-07-07 11:55:00+05:30,704.7,705.25,704.1,705.1,2429.0
2026-07-07 12:00:00+05:30,704.55,705.1,704.2,704.55,3671.0
2026-07-07 12:05:00+05:30,705.1,705.1,704.1,705.0,2534.0
2026-07-07 12:10:00+05:30,705.0,705.1,704.25,705.05,1134.0
2026-07-07 12:15:00+05:30,704.25,705.05,703.5,705.0,7341.0
2026-07-07 12:20:00+05:30,705.05,705.1,704.45,705.0,1724.0
2026-07-07 12:25:00+05:30,705.0,705.15,704.45,705.05,1349.0
2026-07-07 12:30:00+05:30,704.55,705.15,704.05,705.05,5706.0
2026-07-07 12:35:00+05:30,705.0,705.1,703.15,705.1,8181.0
2026-07-07 12:40:00+05:30,705.1,705.1,704.5,705.0,2930.0
2026-07-07 12:45:00+05:30,705.1,705.15,704.35,705.15,2953.0
2026-07-07 12:50:00+05:30,704.55,705.2,704.15,704.65,4996.0
2026-07-07 12:55:00+05:30,704.55,705.2,703.6,704.4,9997.0
2026-07-07 13:00:00+05:30,705.2,705.25,704.3,704.3,1174.0
2026-07-07 13:05:00+05:30,704.35,705.2,704.2,704.6,3500.0
2026-07-07 13:10:00+05:30,704.55,705.45,703.0,704.4,16090.0
2026-07-07 13:15:00+05:30,704.75,705.2,704.2,704.4,2688.0
2026-07-07 13:20:00+05:30,705.1,705.2,704.1,705.1,1726.0
2026-07-07 13:25:00+05:30,704.5,705.3,704.25,705.1,1334.0
2026-07-07 13:30:00+05:30,704.45,705.15,704.35,705.1,4234.0
2026-07-07 13:35:00+05:30,705.15,705.15,704.0,705.0,3176.0
2026-07-07 13:40:00+05:30,704.45,705.45,704.15,704.55,5226.0
2026-07-07 13:45:00+05:30,704.55,705.4,704.35,704.55,6455.0
2026-07-07 13:50:00+05:30,704.9,707.6,704.5,706.8,16608.0
2026-07-07 13:55:00+05:30,707.0,711.0,706.25,710.95,62350.0
2026-07-07 14:00:00+05:30,711.15,712.0,709.75,709.75,20160.0
2026-07-07 14:05:00+05:30,710.0,710.75,709.2,710.0,9740.0
2026-07-07 14:10:00+05:30,710.0,710.15,709.35,709.9,6866.0
2026-07-07 14:15:00+05:30,710.0,710.1,709.5,710.1,7351.0
2026-07-07 14:20:00+05:30,710.0,710.15,709.95,710.0,3133.0
2026-07-07 14:25:00+05:30,710.0,710.6,709.55,710.0,9601.0
2026-07-07 14:30:00+05:30,710.0,710.15,709.5,710.0,6294.0
2026-07-07 14:35:00+05:30,710.0,710.1,709.7,710.0,1667.0
2026-07-07 14:40:00+05:30,710.05,710.15,709.65,710.0,4821.0
2026-07-07 14:45:00+05:30,710.05,714.95,709.7,714.95,29185.0
2026-07-07 14:50:00+05:30,714.95,715.9,714.15,715.75,29217.0
2026-07-07 14:55:00+05:30,715.7,715.9,710.85,715.25,29806.0
2026-07-07 15:00:00+05:30,715.25,715.25,713.65,714.45,19804.0
2026-07-07 15:05:00+05:30,714.75,715.5,714.05,714.85,15780.0
2026-07-07 15:10:00+05:30,715.15,715.3,714.45,715.0,18297.0
2026-07-07 15:15:00+05:30,715.15,717.6,714.95,717.15,49348.0
2026-07-07 15:20:00+05:30,717.1,720.5,716.9,720.05,75935.0
2026-07-07 15:25:00+05:30,720.1,721.0,715.0,715.0,207899.0
2026-07-08 09:15:00+05:30,713.8,714.85,708.4,712.05,36947.0
2026-07-08 09:20:00+05:30,712.1,717.0,712.1,712.7,18388.0
2026-07-08 09:25:00+05:30,713.4,714.85,712.6,713.0,4700.0
2026-07-08 09:30:00+05:30,712.65,713.85,712.25,713.55,4264.0
2026-07-08 09:35:00+05:30,713.2,713.55,707.8,708.15,45733.0
2026-07-08 09:40:00+05:30,708.85,712.5,705.45,712.0,29648.0
2026-07-08 09:45:00+05:30,711.5,716.95,711.45,716.95,32981.0
2026-07-08 09:50:00+05:30,716.95,723.25,716.95,720.8,44931.0
2026-07-08 09:55:00+05:30,720.3,722.7,720.0,720.05,14978.0
2026-07-08 10:00:00+05:30,720.5,722.85,719.35,722.45,17487.0
2026-07-08 10:05:00+05:30,722.25,722.85,720.1,721.95,20394.0
2026-07-08 10:10:00+05:30,721.7,723.05,721.7,721.85,12410.0
2026-07-08 10:15:00+05:30,722.05,722.25,719.25,719.3,15009.0
2026-07-08 10:20:00+05:30,719.3,720.2,718.1,719.0,4925.0
2026-07-08 10:25:00+05:30,718.35,719.15,717.5,718.65,6057.0
2026-07-08 10:30:00+05:30,718.55,719.0,718.0,718.5,1184.0
2026-07-08 10:35:00+05:30,718.5,718.5,717.05,717.6,5123.0
2026-07-08 10:40:00+05:30,717.05,717.7,716.6,717.0,4389.0
2026-07-08 10:45:00+05:30,716.6,717.95,716.6,717.5,4590.0
2026-07-08 10:50:00+05:30,717.5,717.75,716.5,717.4,4415.0
2026-07-08 10:55:00+05:30,717.4,717.5,716.25,716.85,3226.0
2026-07-08 11:00:00+05:30,716.85,716.95,716.1,716.9,1169.0
2026-07-08 11:05:00+05:30,716.85,717.35,716.1,717.35,1740.0
2026-07-08 11:10:00+05:30,717.2,717.35,716.35,717.0,1166.0
2026-07-08 11:15:00+05:30,717.0,717.1,716.1,716.65,866.0
2026-07-08 11:20:00+05:30,716.15,717.1,716.1,716.85,2115.0
2026-07-08 11:25:00+05:30,717.0,717.05,716.25,716.55,2385.0
2026-07-08 11:30:00+05:30,716.6,716.85,716.2,716.65,418.0
2026-07-08 11:35:00+05:30,716.6,716.8,716.1,716.5,1131.0
2026-07-08 11:40:00+05:30,716.5,716.7,716.05,716.6,483.0
2026-07-08 11:45:00+05:30,716.2,716.85,716.2,716.6,935.0
2026-07-08 11:50:00+05:30,716.6,716.9,716.2,716.85,450.0
2026-07-08 11:55:00+05:30,716.1,716.95,716.1,716.85,677.0
2026-07-08 12:00:00+05:30,716.85,718.8,716.1,717.7,6783.0
2026-07-08 12:05:00+05:30,717.7,720.0,717.05,719.35,5084.0
2026-07-08 12:10:00+05:30,719.0,719.4,718.15,718.7,2222.0
2026-07-08 12:15:00+05:30,718.15,718.65,717.5,717.85,4115.0
2026-07-08 12:20:00+05:30,717.85,717.85,717.05,717.65,67.0
2026-07-08 12:25:00+05:30,717.65,717.8,716.35,716.7,606.0
2026-07-08 12:30:00+05:30,716.7,719.5,715.75,718.5,4753.0
2026-07-08 12:35:00+05:30,718.5,718.9,718.0,718.65,5157.0
2026-07-08 12:40:00+05:30,717.85,718.85,717.2,718.8,1916.0
2026-07-08 12:45:00+05:30,718.45,718.8,717.95,718.65,741.0
2026-07-08 12:50:00+05:30,718.65,718.95,717.55,718.4,1415.0
2026-07-08 12:55:00+05:30,718.5,718.9,718.0,718.1,1025.0
2026-07-08 13:00:00+05:30,718.65,718.9,717.85,718.85,1369.0
2026-07-08 13:05:00+05:30,718.35,718.9,717.55,717.8,1080.0
2026-07-08 13:10:00+05:30,718.35,718.45,717.5,718.4,8929.0
2026-07-08 13:15:00+05:30,718.4,718.4,718.0,718.4,246.0
2026-07-08 13:20:00+05:30,718.05,718.4,717.6,718.4,653.0
2026-07-08 13:25:00+05:30,718.05,718.4,717.45,718.0,705.0
2026-07-08 13:30:00+05:30,717.7,718.4,717.7,718.4,267.0
2026-07-08 13:35:00+05:30,718.15,718.4,717.2,717.85,1477.0
2026-07-08 13:40:00+05:30,717.85,717.85,717.15,717.4,345.0
2026-07-08 13:45:00+05:30,717.2,718.15,716.3,718.15,4335.0
2026-07-08 13:50:00+05:30,717.8,718.15,714.2,714.2,18015.0
2026-07-08 13:55:00+05:30,714.0,715.3,711.1,712.75,19131.0
2026-07-08 14:00:00+05:30,712.25,712.8,710.25,710.4,17838.0
2026-07-08 14:05:00+05:30,710.75,710.75,706.15,706.8,41405.0
2026-07-08 14:10:00+05:30,707.7,710.7,706.75,709.0,26633.0
2026-07-08 14:15:00+05:30,709.45,710.8,708.5,709.85,22992.0
2026-07-08 14:20:00+05:30,709.85,710.45,708.85,709.9,3633.0
2026-07-08 14:25:00+05:30,709.85,710.5,708.55,709.15,3400.0
2026-07-08 14:30:00+05:30,708.9,710.3,707.7,707.7,8979.0
2026-07-08 14:35:00+05:30,708.1,709.75,707.85,708.65,9795.0
2026-07-08 14:40:00+05:30,708.65,709.8,708.35,708.85,3977.0
2026-07-08 14:45:00+05:30,708.55,708.85,707.2,708.05,7548.0
2026-07-08 14:50:00+05:30,708.35,708.45,704.6,706.7,28847.0
2026-07-08 14:55:00+05:30,707.0,707.8,704.4,707.8,31310.0
2026-07-08 15:00:00+05:30,707.8,710.15,707.5,709.0,17248.0
2026-07-08 15:05:00+05:30,708.95,709.0,707.0,708.8,25334.0
2026-07-08 15:10:00+05:30,708.75,710.5,708.3,708.65,11939.0
2026-07-08 15:15:00+05:30,708.65,712.8,708.65,712.0,41832.0
2026-07-08 15:20:00+05:30,712.05,712.05,710.0,711.8,9596.0
2026-07-08 15:25:00+05:30,711.8,713.0,709.0,710.0,28406.0
2026-07-09 09:15:00+05:30,706.65,709.4,704.35,707.45,14112.0
2026-07-09 09:20:00+05:30,706.5,707.1,704.6,706.95,6167.0
2026-07-09 09:25:00+05:30,707.5,711.2,707.45,709.75,7190.0
2026-07-09 09:30:00+05:30,709.8,710.4,707.8,710.0,16197.0
2026-07-09 09:35:00+05:30,710.4,710.4,709.05,709.3,898.0
2026-07-09 09:40:00+05:30,709.6,711.7,709.1,710.85,2504.0
2026-07-09 09:45:00+05:30,711.0,712.15,710.3,711.55,6399.0
2026-07-09 09:50:00+05:30,711.2,711.3,710.0,710.4,3489.0
2026-07-09 09:55:00+05:30,710.5,710.5,709.0,709.9,1825.0
2026-07-09 10:00:00+05:30,709.4,710.7,709.4,710.0,2027.0
2026-07-09 10:05:00+05:30,711.1,713.0,710.45,713.0,20268.0
2026-07-09 10:10:00+05:30,712.8,714.5,711.7,713.45,11099.0
2026-07-09 10:15:00+05:30,714.0,714.0,711.0,711.45,6971.0
2026-07-09 10:20:00+05:30,711.0,711.5,709.2,710.2,9911.0
2026-07-09 10:25:00+05:30,710.45,712.3,709.35,709.35,21168.0
2026-07-09 10:30:00+05:30,709.75,710.5,709.25,709.95,1215.0
2026-07-09 10:35:00+05:30,709.85,710.25,706.75,706.75,19039.0
2026-07-09 10:40:00+05:30,706.95,710.0,706.85,709.65,9516.0
2026-07-09 10:45:00+05:30,709.55,709.65,708.25,708.7,491.0
2026-07-09 10:50:00+05:30,708.8,708.8,707.5,707.75,4448.0
2026-07-09 10:55:00+05:30,707.75,707.8,707.5,707.5,549.0
2026-07-09 11:00:00+05:30,707.45,707.9,707.0,707.6,1321.0
2026-07-09 11:05:00+05:30,707.05,707.55,706.1,706.15,2887.0
2026-07-09 11:10:00+05:30,706.15,707.2,705.95,706.15,801.0
2026-07-09 11:15:00+05:30,706.7,706.95,706.2,706.65,952.0
2026-07-09 11:20:00+05:30,706.65,707.5,706.65,707.45,841.0
2026-07-09 11:25:00+05:30,706.7,708.1,706.7,708.05,1270.0
2026-07-09 11:30:00+05:30,708.0,708.9,707.2,707.25,2356.0
2026-07-09 11:35:00+05:30,707.75,707.75,706.2,706.2,2890.0
2026-07-09 11:40:00+05:30,706.2,706.65,706.2,706.5,1615.0
2026-07-09 11:45:00+05:30,706.2,706.6,706.2,706.55,1334.0
2026-07-09 11:50:00+05:30,706.2,706.6,706.2,706.6,222.0
2026-07-09 11:55:00+05:30,706.6,706.7,706.25,706.7,351.0
2026-07-09 12:00:00+05:30,706.5,707.95,706.5,707.8,1856.0
2026-07-09 12:05:00+05:30,707.8,707.85,707.3,707.3,1264.0
2026-07-09 12:10:00+05:30,707.6,707.8,707.05,707.8,1310.0
2026-07-09 12:15:00+05:30,707.8,707.8,707.2,707.7,594.0
2026-07-09 12:20:00+05:30,707.6,707.8,707.6,707.8,882.0
2026-07-09 12:25:00+05:30,707.55,707.8,707.2,707.25,576.0
2026-07-09 12:30:00+05:30,707.25,707.85,707.25,707.25,1119.0
2026-07-09 12:35:00+05:30,707.25,707.6,707.25,707.55,291.0
2026-07-09 12:40:00+05:30,707.05,707.55,707.05,707.5,2863.0
2026-07-09 12:45:00+05:30,707.1,710.5,707.1,710.0,18630.0
2026-07-09 12:50:00+05:30,710.0,712.0,709.8,711.75,6533.0
2026-07-09 12:55:00+05:30,711.5,711.9,709.65,710.15,2850.0
2026-07-09 13:00:00+05:30,710.1,710.8,709.75,710.4,516.0
2026-07-09 13:05:00+05:30,710.8,710.8,710.0,710.0,1092.0
2026-07-09 13:10:00+05:30,710.05,710.6,710.0,710.6,232.0
2026-07-09 13:15:00+05:30,711.0,711.0,710.45,710.45,649.0
2026-07-09 13:20:00+05:30,710.45,710.45,709.9,709.9,572.0
2026-07-09 13:25:00+05:30,709.95,710.15,709.6,709.9,293.0
2026-07-09 13:30:00+05:30,709.85,710.7,709.2,710.3,1911.0
2026-07-09 13:35:00+05:30,710.85,711.0,709.0,709.0,2454.0
2026-07-09 13:40:00+05:30,709.25,709.5,708.55,708.75,1694.0
2026-07-09 13:45:00+05:30,708.9,709.65,708.3,709.5,1225.0
2026-07-09 13:50:00+05:30,709.05,709.45,708.2,709.45,1214.0
2026-07-09 13:55:00+05:30,708.95,709.45,708.55,709.0,626.0
2026-07-09 14:00:00+05:30,709.45,709.45,709.0,709.05,1439.0
2026-07-09 14:05:00+05:30,708.1,709.0,708.1,708.7,1588.0
2026-07-09 14:10:00+05:30,708.95,708.95,708.2,708.55,197.0
2026-07-09 14:15:00+05:30,708.55,708.85,708.25,708.85,282.0
2026-07-09 14:20:00+05:30,708.4,708.85,708.35,708.55,880.0
2026-07-09 14:25:00+05:30,708.55,708.8,707.05,707.05,7997.0
2026-07-09 14:30:00+05:30,708.0,708.75,708.0,708.45,1609.0
2026-07-09 14:35:00+05:30,708.45,708.6,707.7,707.7,426.0
2026-07-09 14:40:00+05:30,707.65,708.3,707.1,707.45,1351.0
2026-07-09 14:45:00+05:30,707.45,708.25,707.4,707.95,870.0
2026-07-09 14:50:00+05:30,708.0,710.85,707.1,710.85,5164.0
2026-07-09 14:55:00+05:30,710.9,710.9,709.25,710.2,5179.0
2026-07-09 15:00:00+05:30,710.15,710.35,709.5,710.05,18594.0
2026-07-09 15:05:00+05:30,710.05,714.05,709.75,712.7,52023.0
2026-07-09 15:10:00+05:30,713.35,716.6,713.25,716.6,28390.0
2026-07-09 15:15:00+05:30,716.6,716.85,715.3,715.65,9095.0
2026-07-09 15:20:00+05:30,715.9,719.25,714.75,718.05,25874.0
2026-07-09 15:25:00+05:30,718.0,719.7,717.4,718.2,16090.0
2026-07-10 09:15:00+05:30,716.0,722.45,716.0,721.8,23386.0
2026-07-10 09:20:00+05:30,722.6,728.15,720.0,726.65,38182.0
2026-07-10 09:25:00+05:30,726.65,728.4,726.0,726.6,21846.0
2026-07-10 09:30:00+05:30,727.0,727.5,724.65,725.35,12772.0
2026-07-10 09:35:00+05:30,725.15,725.5,723.4,724.15,31986.0
2026-07-10 09:40:00+05:30,724.3,725.0,723.5,723.95,3300.0
2026-07-10 09:45:00+05:30,724.45,724.95,723.85,724.3,3887.0
2026-07-10 09:50:00+05:30,724.3,724.9,723.05,724.8,10955.0
2026-07-10 09:55:00+05:30,724.35,724.8,723.15,723.25,2268.0
2026-07-10 10:00:00+05:30,723.7,727.0,723.3,726.6,15448.0
2026-07-10 10:05:00+05:30,726.45,726.8,725.35,725.75,3137.0
2026-07-10 10:10:00+05:30,725.75,725.85,725.05,725.55,1982.0
2026-07-10 10:15:00+05:30,725.0,729.6,724.05,728.95,43795.0
2026-07-10 10:20:00+05:30,728.25,729.9,725.4,725.4,57907.0
2026-07-10 10:25:00+05:30,725.9,728.15,725.6,726.4,7800.0
2026-07-10 10:30:00+05:30,725.95,725.95,724.4,724.95,4257.0
2026-07-10 10:35:00+05:30,724.65,724.65,724.25,724.3,1346.0
2026-07-10 10:40:00+05:30,724.6,724.65,724.1,724.15,901.0
2026-07-10 10:45:00+05:30,724.1,724.15,723.4,723.95,1571.0
2026-07-10 10:50:00+05:30,723.95,724.15,723.7,723.95,1286.0
2026-07-10 10:55:00+05:30,723.9,723.95,723.4,723.5,1121.0
2026-07-10 11:00:00+05:30,723.25,723.85,723.25,723.45,2135.0
2026-07-10 11:05:00+05:30,723.45,723.85,722.4,722.9,4192.0
2026-07-10 11:10:00+05:30,722.95,723.35,722.35,723.0,2810.0
2026-07-10 11:15:00+05:30,723.0,723.3,722.85,722.85,315.0
2026-07-10 11:20:00+05:30,723.3,723.7,722.7,723.7,1770.0
2026-07-10 11:25:00+05:30,723.7,723.7,722.9,723.05,1306.0
2026-07-10 11:30:00+05:30,723.05,723.05,722.85,723.0,336.0
2026-07-10 11:35:00+05:30,723.0,723.8,722.85,723.75,1104.0
2026-07-10 11:40:00+05:30,723.75,723.75,722.2,723.1,4566.0
2026-07-10 11:45:00+05:30,722.5,723.05,722.25,722.25,520.0
2026-07-10 11:50:00+05:30,722.25,722.95,721.85,722.35,3401.0
2026-07-10 11:55:00+05:30,722.3,722.4,721.4,721.8,2018.0
2026-07-10 12:00:00+05:30,721.8,722.25,721.5,721.8,2391.0
2026-07-10 12:05:00+05:30,721.7,722.85,721.0,721.0,3038.0
2026-07-10 12:10:00+05:30,721.15,721.55,721.0,721.0,1036.0
2026-07-10 12:15:00+05:30,721.0,721.45,721.0,721.4,292.0
2026-07-10 12:20:00+05:30,721.45,721.6,721.0,721.2,348.0
2026-07-10 12:25:00+05:30,721.2,721.6,721.05,721.6,834.0
2026-07-10 12:30:00+05:30,721.6,722.15,721.6,722.15,236.0
2026-07-10 12:35:00+05:30,722.0,722.4,721.95,721.95,916.0
2026-07-10 12:40:00+05:30,721.75,722.45,721.1,721.1,1833.0
2026-07-10 12:45:00+05:30,721.65,721.65,721.2,721.2,213.0
2026-07-10 12:50:00+05:30,721.5,721.7,721.15,721.7,772.0
2026-07-10 12:55:00+05:30,722.0,723.0,721.8,721.9,7154.0
2026-07-10 13:00:00+05:30,722.5,722.9,721.85,722.8,927.0
2026-07-10 13:05:00+05:30,722.8,722.85,722.25,722.25,574.0
2026-07-10 13:10:00+05:30,722.85,722.85,721.7,722.3,1638.0
2026-07-10 13:15:00+05:30,722.15,722.4,721.15,721.7,690.0
2026-07-10 13:20:00+05:30,721.15,722.05,721.15,721.7,1979.0
2026-07-10 13:25:00+05:30,721.7,721.7,721.3,721.7,223.0
2026-07-10 13:30:00+05:30,721.7,722.4,721.4,721.65,1314.0
2026-07-10 13:35:00+05:30,721.65,721.75,721.55,721.75,569.0
2026-07-10 13:40:00+05:30,722.0,722.1,721.65,722.0,419.0
2026-07-10 13:45:00+05:30,722.45,722.85,722.0,722.0,383.0
2026-07-10 13:50:00+05:30,722.0,722.0,721.05,721.05,2513.0
2026-07-10 13:55:00+05:30,721.4,721.9,720.55,721.2,13889.0
2026-07-10 14:00:00+05:30,721.3,721.9,721.0,721.15,1445.0
2026-07-10 14:05:00+05:30,721.2,722.0,721.0,721.25,945.0
2026-07-10 14:10:00+05:30,721.25,721.4,720.7,721.0,705.0
2026-07-10 14:15:00+05:30,721.0,721.65,721.0,721.2,209.0
2026-07-10 14:20:00+05:30,721.15,721.15,719.95,720.25,9632.0
2026-07-10 14:25:00+05:30,720.85,721.55,720.85,721.15,1531.0
2026-07-10 14:30:00+05:30,721.65,721.95,721.25,721.65,1530.0
2026-07-10 14:35:00+05:30,721.0,723.7,721.0,723.25,9842.0
2026-07-10 14:40:00+05:30,723.1,723.6,722.15,723.2,17781.0
2026-07-10 14:45:00+05:30,723.55,724.1,722.55,723.35,12362.0
2026-07-10 14:50:00+05:30,723.35,724.05,723.05,723.15,8424.0
2026-07-10 14:55:00+05:30,723.1,723.45,721.1,722.2,2853.0
2026-07-10 15:00:00+05:30,722.55,723.55,721.6,722.9,4180.0
2026-07-10 15:05:00+05:30,722.8,723.1,721.8,722.65,5957.0
2026-07-10 15:10:00+05:30,722.5,722.7,721.9,722.7,3308.0
2026-07-10 15:15:00+05:30,722.4,722.9,721.1,722.0,9396.0
2026-07-10 15:20:00+05:30,721.7,722.0,719.15,720.0,17207.0
2026-07-10 15:25:00+05:30,719.95,721.6,718.0,718.0,12296.0
2026-07-13 09:15:00+05:30,714.1,716.55,710.85,716.0,12374.0
2026-07-13 09:20:00+05:30,715.45,716.15,713.05,714.0,3975.0
2026-07-13 09:25:00+05:30,714.0,715.6,713.6,714.9,5760.0
2026-07-13 09:30:00+05:30,715.15,718.9,714.0,718.4,9087.0
2026-07-13 09:35:00+05:30,718.9,718.9,716.4,716.7,3363.0
2026-07-13 09:40:00+05:30,716.7,717.9,716.45,717.65,4947.0
2026-07-13 09:45:00+05:30,717.35,718.3,717.0,717.15,3067.0
2026-07-13 09:50:00+05:30,717.25,719.4,716.9,717.7,4210.0
2026-07-13 09:55:00+05:30,718.25,718.25,716.9,717.1,3320.0
2026-07-13 10:00:00+05:30,716.95,718.05,716.45,718.05,971.0
2026-07-13 10:05:00+05:30,718.15,718.15,717.2,717.5,3669.0
2026-07-13 10:10:00+05:30,717.1,717.1,714.95,715.6,5242.0
2026-07-13 10:15:00+05:30,715.6,717.05,715.4,715.4,6343.0
2026-07-13 10:20:00+05:30,715.15,716.7,715.15,716.7,1467.0
2026-07-13 10:25:00+05:30,716.5,717.3,715.8,716.35,1183.0
2026-07-13 10:30:00+05:30,716.55,716.85,715.6,716.05,2063.0
2026-07-13 10:35:00+05:30,716.05,716.3,715.5,715.5,1914.0
2026-07-13 10:40:00+05:30,715.2,718.35,715.2,716.75,4402.0
2026-07-13 10:45:00+05:30,716.75,716.75,715.8,715.9,1112.0
2026-07-13 10:50:00+05:30,716.1,716.1,715.2,715.55,1259.0
2026-07-13 10:55:00+05:30,715.55,715.55,714.8,714.95,2983.0
2026-07-13 11:00:00+05:30,715.05,715.1,714.5,715.1,1606.0
2026-07-13 11:05:00+05:30,714.7,714.9,713.6,714.85,6940.0
2026-07-13 11:10:00+05:30,714.9,715.1,714.9,715.05,984.0
2026-07-13 11:15:00+05:30,715.1,716.45,715.05,716.0,4277.0
2026-07-13 11:20:00+05:30,716.6,716.8,715.2,715.5,1714.0
2026-07-13 11:25:00+05:30,715.5,716.15,715.1,715.55,2188.0
2026-07-13 11:30:00+05:30,715.9,715.95,714.25,714.65,781.0
2026-07-13 11:35:00+05:30,714.65,715.75,714.3,715.6,3613.0
2026-07-13 11:40:00+05:30,715.55,715.55,715.0,715.0,620.0
2026-07-13 11:45:00+05:30,715.3,715.3,714.4,714.4,1005.0
2026-07-13 11:50:00+05:30,714.7,714.7,713.9,714.05,2600.0
2026-07-13 11:55:00+05:30,714.05,715.15,714.05,714.6,1464.0
2026-07-13 12:00:00+05:30,715.15,715.3,714.8,714.8,744.0
2026-07-13 12:05:00+05:30,714.8,714.9,714.65,714.65,758.0
2026-07-13 12:10:00+05:30,714.9,716.35,714.65,716.2,1291.0
2026-07-13 12:15:00+05:30,716.3,716.7,714.8,714.8,892.0
2026-07-13 12:20:00+05:30,714.85,716.0,714.85,715.6,1646.0
2026-07-13 12:25:00+05:30,715.3,715.85,715.3,715.6,828.0
2026-07-13 12:30:00+05:30,715.65,715.9,714.8,715.3,1375.0
2026-07-13 12:35:00+05:30,715.3,715.35,714.3,714.45,864.0
2026-07-13 12:40:00+05:30,715.0,715.35,714.4,715.3,2039.0
2026-07-13 12:45:00+05:30,715.25,716.0,715.25,715.55,4846.0
2026-07-13 12:50:00+05:30,715.65,715.95,715.3,715.9,1273.0
2026-07-13 12:55:00+05:30,715.9,715.9,715.25,715.9,1177.0
2026-07-13 13:00:00+05:30,715.9,715.9,715.6,715.8,1884.0
2026-07-13 13:05:00+05:30,715.8,717.0,715.3,717.0,4977.0
2026-07-13 13:10:00+05:30,716.95,716.95,715.8,715.95,660.0
2026-07-13 13:15:00+05:30,715.95,715.95,715.5,715.5,10930.0
2026-07-13 13:20:00+05:30,715.65,716.45,714.7,714.85,3700.0
2026-07-13 13:25:00+05:30,714.85,715.15,714.85,715.0,1360.0
2026-07-13 13:30:00+05:30,714.8,714.8,714.15,714.6,866.0
2026-07-13 13:35:00+05:30,714.6,715.65,714.6,715.4,2063.0
2026-07-13 13:40:00+05:30,715.45,716.1,715.0,715.0,4023.0
2026-07-13 13:45:00+05:30,715.25,715.25,714.6,715.2,916.0
2026-07-13 13:50:00+05:30,714.95,715.2,714.3,715.0,1034.0
2026-07-13 13:55:00+05:30,715.0,715.5,714.45,715.0,1440.0
2026-07-13 14:00:00+05:30,715.0,716.35,715.0,716.2,791.0
2026-07-13 14:05:00+05:30,716.2,716.5,715.75,716.0,2173.0
2026-07-13 14:10:00+05:30,716.0,716.9,714.2,714.5,8497.0
2026-07-13 14:15:00+05:30,714.5,714.9,713.5,714.9,8632.0
2026-07-13 14:20:00+05:30,714.05,714.95,714.0,714.5,3367.0
2026-07-13 14:25:00+05:30,714.95,715.0,713.95,713.95,2276.0
2026-07-13 14:30:00+05:30,714.15,714.25,713.95,714.25,741.0
2026-07-13 14:35:00+05:30,714.25,714.7,714.0,714.6,5175.0
2026-07-13 14:40:00+05:30,714.5,714.75,714.35,714.55,2001.0
2026-07-13 14:45:00+05:30,714.55,715.0,714.3,714.7,6788.0
2026-07-13 14:50:00+05:30,714.7,714.75,713.65,714.35,2914.0
2026-07-13 14:55:00+05:30,714.65,715.7,714.0,715.05,14989.0
2026-07-13 15:00:00+05:30,715.55,715.55,714.65,714.95,2647.0
2026-07-13 15:05:00+05:30,714.95,714.95,713.6,713.85,5818.0
2026-07-13 15:10:00+05:30,713.85,714.0,713.6,714.0,3688.0
2026-07-13 15:15:00+05:30,713.95,714.65,713.15,714.35,6467.0
2026-07-13 15:20:00+05:30,714.35,714.7,714.2,714.3,4104.0
2026-07-13 15:25:00+05:30,714.35,715.5,714.3,714.3,12235.0
2026-07-14 09:15:00+05:30,714.35,714.45,708.05,709.8,11672.0
2026-07-14 09:20:00+05:30,709.85,711.1,709.5,710.75,5474.0
2026-07-14 09:25:00+05:30,710.15,712.0,709.9,710.6,6118.0
2026-07-14 09:30:00+05:30,710.6,712.9,710.55,710.95,5536.0
2026-07-14 09:35:00+05:30,711.25,711.25,708.7,708.7,6272.0
2026-07-14 09:40:00+05:30,708.3,708.95,707.05,708.6,5043.0
2026-07-14 09:45:00+05:30,708.15,708.45,707.2,708.15,2244.0
2026-07-14 09:50:00+05:30,707.5,708.0,704.0,704.8,13893.0
2026-07-14 09:55:00+05:30,704.9,705.0,704.25,704.3,5851.0
2026-07-14 10:00:00+05:30,704.85,705.0,704.35,705.0,3586.0
2026-07-14 10:05:00+05:30,704.95,705.0,704.2,704.85,4768.0
2026-07-14 10:10:00+05:30,704.1,705.0,704.0,704.65,3727.0
2026-07-14 10:15:00+05:30,704.85,704.85,702.8,703.1,4425.0
2026-07-14 10:20:00+05:30,703.15,703.95,703.15,703.9,882.0
2026-07-14 10:25:00+05:30,703.9,704.2,703.55,704.1,3260.0
2026-07-14 10:30:00+05:30,704.1,704.45,703.5,704.15,1287.0
2026-07-14 10:35:00+05:30,704.1,704.25,703.4,703.65,2285.0
2026-07-14 10:40:00+05:30,703.65,704.05,703.1,703.85,2135.0
2026-07-14 10:45:00+05:30,703.85,704.0,702.0,702.25,5884.0
2026-07-14 10:50:00+05:30,702.25,703.35,702.15,703.15,1806.0
2026-07-14 10:55:00+05:30,703.15,704.05,703.1,703.85,2402.0
2026-07-14 11:00:00+05:30,703.95,704.2,703.35,703.35,1182.0
2026-07-14 11:05:00+05:30,703.15,703.7,703.05,703.2,693.0
2026-07-14 11:10:00+05:30,703.2,704.0,702.8,704.0,1990.0
2026-07-14 11:15:00+05:30,703.5,704.4,703.05,703.05,3958.0
2026-07-14 11:20:00+05:30,703.15,704.0,703.0,703.6,1909.0
2026-07-14 11:25:00+05:30,703.0,703.75,703.0,703.4,1923.0
2026-07-14 11:30:00+05:30,703.65,703.7,703.0,703.3,1149.0
2026-07-14 11:35:00+05:30,703.1,703.75,703.1,703.5,1404.0
2026-07-14 11:40:00+05:30,703.5,703.6,702.2,703.5,4672.0
2026-07-14 11:45:00+05:30,703.85,704.05,703.25,703.8,750.0
2026-07-14 11:50:00+05:30,703.8,704.0,703.3,703.3,2041.0
2026-07-14 11:55:00+05:30,703.3,703.65,703.1,703.45,495.0
2026-07-14 12:00:00+05:30,703.1,703.85,703.1,703.15,1398.0
2026-07-14 12:05:00+05:30,703.2,703.7,703.05,703.6,568.0
2026-07-14 12:10:00+05:30,703.6,703.6,703.0,703.0,1348.0
2026-07-14 12:15:00+05:30,703.4,703.4,702.35,702.7,1342.0
2026-07-14 12:20:00+05:30,702.7,702.9,702.2,702.5,1529.0
2026-07-14 12:25:00+05:30,702.5,702.5,701.0,701.4,5484.0
2026-07-14 12:30:00+05:30,701.5,701.7,701.5,701.6,401.0
2026-07-14 12:35:00+05:30,701.6,702.2,701.0,702.2,2058.0
2026-07-14 12:40:00+05:30,702.2,702.6,702.1,702.6,327.0
2026-07-14 12:45:00+05:30,702.35,702.75,701.65,701.75,970.0
2026-07-14 12:50:00+05:30,702.0,702.75,702.0,702.7,602.0
2026-07-14 12:55:00+05:30,702.7,702.75,702.0,702.05,292.0
2026-07-14 13:00:00+05:30,702.05,702.15,701.25,701.85,1443.0
2026-07-14 13:05:00+05:30,701.85,702.65,701.85,701.85,1008.0
2026-07-14 13:10:00+05:30,702.1,702.8,702.1,702.3,1840.0
2026-07-14 13:15:00+05:30,702.55,702.55,702.3,702.55,418.0
2026-07-14 13:20:00+05:30,702.55,702.55,702.3,702.3,284.0
2026-07-14 13:25:00+05:30,702.0,702.0,700.0,700.2,14364.0
2026-07-14 13:30:00+05:30,700.7,701.0,700.0,700.4,6311.0
2026-07-14 13:35:00+05:30,700.0,700.35,699.1,699.75,1748.0
2026-07-14 13:40:00+05:30,699.75,699.95,699.5,699.95,862.0
2026-07-14 13:45:00+05:30,700.0,700.25,699.95,700.0,1770.0
2026-07-14 13:50:00+05:30,700.25,700.25,699.2,700.25,2590.0
2026-07-14 13:55:00+05:30,700.25,700.25,699.65,700.2,585.0
2026-07-14 14:00:00+05:30,700.2,700.2,699.9,700.0,909.0
2026-07-14 14:05:00+05:30,700.0,701.05,700.0,700.5,5258.0
2026-07-14 14:10:00+05:30,700.95,700.95,700.0,700.65,2022.0
2026-07-14 14:15:00+05:30,700.65,700.65,700.25,700.25,870.0
2026-07-14 14:20:00+05:30,700.45,700.45,699.55,699.9,2955.0
2026-07-14 14:25:00+05:30,700.15,700.4,700.0,700.2,825.0
2026-07-14 14:30:00+05:30,700.05,700.3,699.7,699.7,2602.0
2026-07-14 14:35:00+05:30,699.7,700.2,699.0,699.9,3654.0
2026-07-14 14:40:00+05:30,699.8,700.85,699.5,700.6,2901.0
2026-07-14 14:45:00+05:30,700.6,700.7,700.2,700.2,3368.0
2026-07-14 14:50:00+05:30,700.0,700.9,699.75,700.55,3318.0
2026-07-14 14:55:00+05:30,700.8,701.45,700.6,701.1,2041.0
2026-07-14 15:00:00+05:30,701.1,701.95,700.75,701.0,8373.0
2026-07-14 15:05:00+05:30,701.4,703.95,701.0,703.95,5821.0
2026-07-14 15:10:00+05:30,703.65,703.65,701.45,702.45,5488.0
2026-07-14 15:15:00+05:30,702.0,704.3,702.0,704.05,18183.0
2026-07-14 15:20:00+05:30,704.0,704.05,702.0,702.45,8657.0
2026-07-14 15:25:00+05:30,702.65,702.65,700.0,702.5,15312.0
2026-07-15 09:15:00+05:30,702.0,705.3,702.0,704.0,8015.0
2026-07-15 09:20:00+05:30,704.0,705.0,703.25,704.9,5249.0
2026-07-15 09:25:00+05:30,704.45,705.4,703.6,705.05,4527.0
2026-07-15 09:30:00+05:30,704.95,707.4,704.95,707.2,7511.0
2026-07-15 09:35:00+05:30,707.7,708.45,706.3,706.55,7982.0
2026-07-15 09:40:00+05:30,706.55,706.95,706.0,706.95,3505.0
2026-07-15 09:45:00+05:30,706.95,707.5,706.0,706.65,1291.0
2026-07-15 09:50:00+05:30,706.25,706.25,704.35,704.9,2952.0
2026-07-15 09:55:00+05:30,705.5,706.5,704.35,706.1,6134.0
2026-07-15 10:00:00+05:30,706.0,706.6,705.2,706.5,1325.0
2026-07-15 10:05:00+05:30,706.45,708.0,706.45,707.65,4520.0
2026-07-15 10:10:00+05:30,707.65,708.8,707.5,708.65,2652.0
2026-07-15 10:15:00+05:30,708.15,708.6,707.85,707.85,2209.0
2026-07-15 10:20:00+05:30,708.0,708.0,704.1,704.9,5599.0
2026-07-15 10:25:00+05:30,704.8,705.0,703.45,703.95,1798.0
2026-07-15 10:30:00+05:30,703.95,704.0,703.0,703.4,3065.0
2026-07-15 10:35:00+05:30,703.0,703.35,703.0,703.0,724.0
2026-07-15 10:40:00+05:30,703.35,704.0,703.0,703.85,1694.0
2026-07-15 10:45:00+05:30,703.8,704.5,703.8,704.1,1031.0
2026-07-15 10:50:00+05:30,704.2,704.2,703.1,703.4,2268.0
2026-07-15 10:55:00+05:30,703.2,703.65,703.1,703.6,294.0
2026-07-15 11:00:00+05:30,703.6,703.75,703.1,703.1,432.0
2026-07-15 11:05:00+05:30,703.35,703.75,703.1,703.45,1082.0
2026-07-15 11:10:00+05:30,703.45,703.8,703.15,703.15,565.0
2026-07-15 11:15:00+05:30,703.15,704.0,703.1,703.25,2415.0
2026-07-15 11:20:00+05:30,703.25,703.65,703.1,703.5,179.0
2026-07-15 11:25:00+05:30,703.5,703.5,703.05,703.1,309.0
2026-07-15 11:30:00+05:30,703.5,704.0,700.7,700.7,9451.0
2026-07-15 11:35:00+05:30,700.7,702.0,699.05,699.65,13877.0
2026-07-15 11:40:00+05:30,699.65,699.8,699.0,699.75,7829.0
2026-07-15 11:45:00+05:30,699.25,699.85,698.05,698.7,4369.0
2026-07-15 11:50:00+05:30,698.7,699.75,697.6,699.6,3628.0
2026-07-15 11:55:00+05:30,699.6,699.75,699.1,699.1,1237.0
2026-07-15 12:00:00+05:30,699.55,699.95,698.75,698.75,5953.0
2026-07-15 12:05:00+05:30,698.75,698.9,698.1,698.45,1284.0
2026-07-15 12:10:00+05:30,698.3,699.5,698.0,699.05,2539.0
2026-07-15 12:15:00+05:30,699.8,700.0,699.0,700.0,6037.0
2026-07-15 12:20:00+05:30,699.85,699.85,699.45,699.75,166.0
2026-07-15 12:25:00+05:30,699.75,699.75,699.0,699.5,508.0
2026-07-15 12:30:00+05:30,699.0,699.45,698.5,698.5,3632.0
2026-07-15 12:35:00+05:30,698.5,698.75,698.5,698.75,696.0
2026-07-15 12:40:00+05:30,698.75,699.05,698.45,698.75,1522.0
2026-07-15 12:45:00+05:30,698.75,698.75,698.35,698.6,1197.0
2026-07-15 12:50:00+05:30,698.6,698.6,698.25,698.5,377.0
2026-07-15 12:55:00+05:30,698.5,698.5,696.25,696.95,9166.0
2026-07-15 13:00:00+05:30,697.3,697.75,697.3,697.5,788.0
2026-07-15 13:05:00+05:30,697.7,698.25,697.5,698.2,1753.0
2026-07-15 13:10:00+05:30,698.2,698.3,695.2,695.5,4106.0
2026-07-15 13:15:00+05:30,695.35,695.35,694.1,695.1,5699.0
2026-07-15 13:20:00+05:30,694.95,695.4,694.85,694.85,5537.0
2026-07-15 13:25:00+05:30,695.0,695.2,694.0,694.75,3331.0
2026-07-15 13:30:00+05:30,694.45,695.0,694.45,695.0,703.0
2026-07-15 13:35:00+05:30,695.0,695.0,694.5,695.0,967.0
2026-07-15 13:40:00+05:30,695.0,695.0,694.9,695.0,1212.0
2026-07-15 13:45:00+05:30,695.0,695.25,694.7,694.95,5432.0
2026-07-15 13:50:00+05:30,695.0,695.9,694.5,695.0,1622.0
2026-07-15 13:55:00+05:30,694.95,695.0,694.95,695.0,606.0
2026-07-15 14:00:00+05:30,695.0,695.0,694.75,695.0,1156.0
2026-07-15 14:05:00+05:30,695.0,695.1,694.9,694.9,5773.0
2026-07-15 14:10:00+05:30,695.0,695.0,694.9,694.95,1143.0
2026-07-15 14:15:00+05:30,694.95,695.0,694.65,695.0,672.0
2026-07-15 14:20:00+05:30,695.0,695.4,694.7,695.0,762.0
2026-07-15 14:25:00+05:30,695.0,695.0,694.75,694.95,979.0
2026-07-15 14:30:00+05:30,694.95,695.15,694.7,694.95,604.0
2026-07-15 14:35:00+05:30,694.95,695.95,694.8,695.55,9371.0
2026-07-15 14:40:00+05:30,695.5,695.85,695.05,695.25,7739.0
2026-07-15 14:45:00+05:30,695.2,698.45,694.75,698.15,14952.0
2026-07-15 14:50:00+05:30,697.9,699.3,697.85,698.8,2950.0
2026-07-15 14:55:00+05:30,698.8,699.8,698.5,699.25,5664.0
2026-07-15 15:00:00+05:30,699.5,699.95,698.85,699.7,3540.0
2026-07-15 15:05:00+05:30,699.75,699.85,698.35,699.4,5173.0
2026-07-15 15:10:00+05:30,699.4,699.4,696.5,698.9,8601.0
2026-07-15 15:15:00+05:30,698.95,699.0,696.8,698.7,6165.0
2026-07-15 15:20:00+05:30,698.7,699.15,698.0,698.95,10155.0
2026-07-15 15:25:00+05:30,698.95,699.0,696.35,698.0,8093.0
2026-07-16 09:15:00+05:30,700.0,701.85,698.0,699.55,12558.0
2026-07-16 09:20:00+05:30,699.0,699.6,696.55,696.55,5583.0
2026-07-16 09:25:00+05:30,697.0,698.2,696.25,698.2,2998.0
2026-07-16 09:30:00+05:30,698.15,698.15,696.05,696.85,2847.0
2026-07-16 09:35:00+05:30,696.4,696.85,696.0,696.55,1442.0
2026-07-16 09:40:00+05:30,696.0,697.7,696.0,696.7,1943.0
2026-07-16 09:45:00+05:30,696.1,697.8,696.1,697.5,1754.0
2026-07-16 09:50:00+05:30,697.4,697.8,696.0,696.4,1838.0
2026-07-16 09:55:00+05:30,696.5,697.85,696.2,697.85,1455.0
2026-07-16 10:00:00+05:30,697.85,698.95,696.7,697.1,6849.0
2026-07-16 10:05:00+05:30,697.1,698.9,696.4,698.65,3318.0
2026-07-16 10:10:00+05:30,698.7,701.1,697.75,700.85,6947.0
2026-07-16 10:15:00+05:30,700.5,702.25,700.4,700.95,9287.0
2026-07-16 10:20:00+05:30,700.95,700.95,699.25,700.25,2341.0
2026-07-16 10:25:00+05:30,700.25,700.95,699.9,700.3,4057.0
2026-07-16 10:30:00+05:30,700.3,700.55,699.75,700.55,1212.0
2026-07-16 10:35:00+05:30,700.55,700.55,699.7,699.9,1059.0
2026-07-16 10:40:00+05:30,699.9,699.9,699.05,699.6,2050.0
2026-07-16 10:45:00+05:30,700.0,701.2,700.0,700.75,2316.0
2026-07-16 10:50:00+05:30,700.75,701.9,700.4,700.7,4580.0
2026-07-16 10:55:00+05:30,700.55,701.05,700.55,700.65,1008.0
2026-07-16 11:00:00+05:30,701.2,701.9,700.25,700.5,846.0
2026-07-16 11:05:00+05:30,700.25,701.5,700.0,700.5,5743.0
2026-07-16 11:10:00+05:30,700.5,700.5,699.65,700.25,1001.0
2026-07-16 11:15:00+05:30,700.25,700.25,699.8,699.95,1153.0
2026-07-16 11:20:00+05:30,699.9,700.2,699.1,699.8,1672.0
2026-07-16 11:25:00+05:30,699.9,700.65,699.7,700.5,1692.0
2026-07-16 11:30:00+05:30,700.5,700.5,700.0,700.1,401.0
2026-07-16 11:35:00+05:30,700.4,700.4,698.0,699.0,11645.0
2026-07-16 11:40:00+05:30,698.35,699.05,698.15,698.15,1923.0
2026-07-16 11:45:00+05:30,698.75,699.2,698.4,698.85,1350.0
2026-07-16 11:50:00+05:30,698.45,698.85,698.05,698.2,1482.0
2026-07-16 11:55:00+05:30,698.4,698.7,698.0,698.0,1347.0
2026-07-16 12:00:00+05:30,698.0,698.45,698.0,698.1,347.0
2026-07-16 12:05:00+05:30,698.1,699.05,698.1,698.8,5119.0
2026-07-16 12:10:00+05:30,698.8,698.95,698.1,698.55,576.0
2026-07-16 12:15:00+05:30,698.85,698.85,698.2,698.75,445.0
2026-07-16 12:20:00+05:30,698.75,698.8,698.45,698.5,475.0
2026-07-16 12:25:00+05:30,698.5,699.4,698.15,699.1,5047.0
2026-07-16 12:30:00+05:30,699.25,699.25,698.7,699.25,4484.0
2026-07-16 12:35:00+05:30,699.25,699.5,698.85,699.0,848.0
2026-07-16 12:40:00+05:30,699.15,699.5,698.85,698.95,763.0
2026-07-16 12:45:00+05:30,698.95,699.2,698.15,698.15,1389.0
2026-07-16 12:50:00+05:30,698.55,698.55,698.15,698.15,2173.0
2026-07-16 12:55:00+05:30,698.15,698.4,696.9,696.9,8563.0
2026-07-16 13:00:00+05:30,697.05,697.05,696.6,696.8,486.0
2026-07-16 13:05:00+05:30,696.8,697.45,696.5,697.3,1126.0
2026-07-16 13:10:00+05:30,697.25,697.3,695.65,696.85,10264.0
2026-07-16 13:15:00+05:30,696.5,697.0,696.25,696.6,5589.0
2026-07-16 13:20:00+05:30,696.6,696.7,696.05,696.5,837.0
2026-07-16 13:25:00+05:30,696.5,696.75,695.8,695.8,1914.0
2026-07-16 13:30:00+05:30,695.65,696.4,695.6,695.65,1226.0
2026-07-16 13:35:00+05:30,695.45,696.15,694.5,695.0,5015.0
2026-07-16 13:40:00+05:30,695.65,695.65,694.0,694.1,2354.0
2026-07-16 13:45:00+05:30,694.1,695.05,694.1,694.95,2327.0
2026-07-16 13:50:00+05:30,694.95,695.0,694.5,694.85,1350.0
2026-07-16 13:55:00+05:30,694.55,694.9,694.1,694.6,1387.0
2026-07-16 14:00:00+05:30,694.3,694.6,694.15,694.6,563.0
2026-07-16 14:05:00+05:30,694.3,695.0,694.2,695.0,1452.0
2026-07-16 14:10:00+05:30,695.0,695.0,694.55,695.0,1628.0
2026-07-16 14:15:00+05:30,695.0,695.0,694.1,694.8,1659.0
2026-07-16 14:20:00+05:30,694.7,694.7,694.15,694.6,412.0
2026-07-16 14:25:00+05:30,694.6,694.95,694.1,694.85,1952.0
2026-07-16 14:30:00+05:30,694.35,694.95,694.1,694.5,2228.0
2026-07-16 14:35:00+05:30,695.0,695.0,694.2,694.75,1344.0
2026-07-16 14:40:00+05:30,694.75,694.75,694.4,694.75,362.0
2026-07-16 14:45:00+05:30,694.8,694.9,694.55,694.85,1342.0
2026-07-16 14:50:00+05:30,694.8,695.0,694.5,694.8,2084.0
2026-07-16 14:55:00+05:30,695.0,695.25,694.55,695.0,6618.0
2026-07-16 15:00:00+05:30,695.0,695.2,694.25,694.9,3395.0
2026-07-16 15:05:00+05:30,694.9,696.45,694.15,695.0,24360.0
2026-07-16 15:10:00+05:30,694.7,695.0,694.0,694.95,4949.0
2026-07-16 15:15:00+05:30,694.7,695.0,693.95,694.8,7906.0
2026-07-16 15:20:00+05:30,694.8,695.0,693.6,694.8,10437.0
2026-07-16 15:25:00+05:30,694.8,694.8,693.8,693.9,9382.0
2026-07-17 09:15:00+05:30,694.0,699.75,693.05,697.0,14005.0
2026-07-17 09:20:00+05:30,696.4,697.5,693.0,693.0,6694.0
2026-07-17 09:25:00+05:30,692.6,693.25,691.25,692.85,6150.0
2026-07-17 09:30:00+05:30,692.9,693.65,692.4,692.9,4630.0
2026-07-17 09:35:00+05:30,693.0,693.5,692.0,692.5,2351.0
2026-07-17 09:40:00+05:30,692.05,693.4,692.05,692.85,1797.0
2026-07-17 09:45:00+05:30,692.85,693.15,692.45,692.5,1477.0
2026-07-17 09:50:00+05:30,692.5,692.85,692.05,692.4,1076.0
2026-07-17 09:55:00+05:30,692.4,692.75,692.0,692.3,990.0
2026-07-17 10:00:00+05:30,692.0,692.4,691.5,691.55,2770.0
2026-07-17 10:05:00+05:30,691.55,693.7,691.55,693.4,1832.0
2026-07-17 10:10:00+05:30,693.5,694.0,693.0,694.0,1396.0
2026-07-17 10:15:00+05:30,694.0,694.9,693.7,694.9,1018.0
2026-07-17 10:20:00+05:30,695.7,696.4,694.0,694.0,4822.0
2026-07-17 10:25:00+05:30,694.0,694.55,693.7,694.4,2476.0
2026-07-17 10:30:00+05:30,694.4,694.4,694.15,694.4,659.0
2026-07-17 10:35:00+05:30,694.25,694.4,694.25,694.4,333.0
2026-07-17 10:40:00+05:30,694.4,694.45,694.05,694.3,271.0
2026-07-17 10:45:00+05:30,694.15,694.65,694.05,694.3,825.0
2026-07-17 10:50:00+05:30,694.05,694.75,693.45,693.65,1778.0
2026-07-17 10:55:00+05:30,693.7,693.8,693.25,693.5,185.0
2026-07-17 11:00:00+05:30,693.5,694.95,693.5,694.4,2387.0
2026-07-17 11:05:00+05:30,694.4,694.4,693.5,693.75,300.0
2026-07-17 11:10:00+05:30,693.95,693.95,692.5,692.5,2282.0
2026-07-17 11:15:00+05:30,692.5,692.5,688.55,689.3,19172.0
2026-07-17 11:20:00+05:30,689.8,690.0,689.0,690.0,3549.0
2026-07-17 11:25:00+05:30,690.0,690.4,689.05,689.55,4827.0
2026-07-17 11:30:00+05:30,689.55,689.8,689.3,689.8,2419.0
2026-07-17 11:35:00+05:30,689.8,690.0,689.6,689.85,431.0
2026-07-17 11:40:00+05:30,689.95,689.95,689.0,689.0,2552.0
2026-07-17 11:45:00+05:30,688.95,689.75,688.75,689.4,2895.0
2026-07-17 11:50:00+05:30,689.4,690.0,689.4,689.8,1278.0
2026-07-17 11:55:00+05:30,689.8,690.0,688.1,688.4,7079.0
2026-07-17 12:00:00+05:30,688.4,688.8,688.2,688.4,860.0
2026-07-17 12:05:00+05:30,688.7,689.25,688.5,689.25,5587.0
2026-07-17 12:10:00+05:30,689.25,689.75,689.2,689.75,474.0
2026-07-17 12:15:00+05:30,689.75,690.6,689.75,690.15,1602.0
2026-07-17 12:20:00+05:30,690.75,691.85,690.25,691.85,3519.0
2026-07-17 12:25:00+05:30,691.1,691.85,691.1,691.35,305.0
2026-07-17 12:30:00+05:30,691.8,691.8,691.3,691.3,2531.0
2026-07-17 12:35:00+05:30,691.25,693.4,691.25,692.25,2408.0
2026-07-17 12:40:00+05:30,692.25,692.5,692.2,692.25,449.0
2026-07-17 12:45:00+05:30,692.25,693.0,692.25,692.95,626.0
2026-07-17 12:50:00+05:30,692.95,692.95,692.35,692.7,69.0
2026-07-17 12:55:00+05:30,692.7,693.6,692.3,692.3,2412.0
2026-07-17 13:00:00+05:30,692.3,693.0,692.3,692.5,197.0
2026-07-17 13:05:00+05:30,692.85,692.85,692.8,692.8,242.0
2026-07-17 13:10:00+05:30,692.7,693.6,692.3,692.75,1665.0
2026-07-17 13:15:00+05:30,693.55,693.8,693.2,693.75,2218.0
2026-07-17 13:20:00+05:30,693.75,693.8,693.25,693.25,218.0
2026-07-17 13:25:00+05:30,693.3,693.75,693.0,693.25,3702.0
2026-07-17 13:30:00+05:30,693.85,693.85,693.0,693.1,363.0
2026-07-17 13:35:00+05:30,693.1,693.7,693.1,693.7,183.0
2026-07-17 13:40:00+05:30,693.35,693.55,693.35,693.45,488.0
2026-07-17 13:45:00+05:30,693.55,693.55,691.85,691.85,5630.0
2026-07-17 13:50:00+05:30,693.4,693.4,692.3,692.75,5875.0
2026-07-17 13:55:00+05:30,692.75,693.25,692.5,693.25,303.0
2026-07-17 14:00:00+05:30,693.45,693.65,693.25,693.6,521.0
2026-07-17 14:05:00+05:30,693.25,693.5,693.0,693.5,329.0
2026-07-17 14:10:00+05:30,693.5,694.4,693.5,694.0,2339.0
2026-07-17 14:15:00+05:30,694.0,697.7,694.0,695.75,7828.0
2026-07-17 14:20:00+05:30,696.05,697.55,696.05,696.75,9801.0
2026-07-17 14:25:00+05:30,696.75,697.25,696.6,696.65,354.0
2026-07-17 14:30:00+05:30,697.0,697.0,695.45,695.6,6142.0
2026-07-17 14:35:00+05:30,695.6,695.6,694.35,695.0,2138.0
2026-07-17 14:40:00+05:30,695.0,696.2,694.85,695.85,4036.0
2026-07-17 14:45:00+05:30,695.8,696.25,695.75,695.85,400.0
2026-07-17 14:50:00+05:30,696.25,697.85,696.25,696.65,1332.0
2026-07-17 14:55:00+05:30,696.8,697.1,695.8,697.1,1026.0
2026-07-17 15:00:00+05:30,697.05,699.0,696.8,698.15,6671.0
2026-07-17 15:05:00+05:30,698.7,700.0,698.0,698.7,7873.0
2026-07-17 15:10:00+05:30,698.45,699.0,698.15,698.7,1809.0
2026-07-17 15:15:00+05:30,698.75,699.0,698.0,698.55,3034.0
2026-07-17 15:20:00+05:30,699.0,699.0,698.0,698.85,12476.0
2026-07-17 15:25:00+05:30,698.9,699.45,698.0,699.0,6477.0
2026-07-20 09:15:00+05:30,698.45,698.45,691.3,693.5,13677.0
2026-07-20 09:20:00+05:30,693.5,694.3,693.1,694.0,4054.0
2026-07-20 09:25:00+05:30,694.1,694.8,692.6,693.5,5008.0
2026-07-20 09:30:00+05:30,693.15,695.1,693.15,695.0,1540.0
2026-07-20 09:35:00+05:30,694.75,695.85,694.2,694.8,1793.0
2026-07-20 09:40:00+05:30,694.8,695.5,694.2,695.3,2418.0
2026-07-20 09:45:00+05:30,695.4,695.75,695.0,695.0,1730.0
2026-07-20 09:50:00+05:30,695.45,695.7,695.0,695.7,1021.0
2026-07-20 09:55:00+05:30,695.7,695.95,695.0,695.5,2753.0
2026-07-20 10:00:00+05:30,695.5,696.1,695.0,695.6,572.0
2026-07-20 10:05:00+05:30,696.05,696.45,695.2,695.6,972.0
2026-07-20 10:10:00+05:30,695.0,696.0,694.15,695.65,4086.0
2026-07-20 10:15:00+05:30,695.8,697.85,695.8,697.0,1455.0
2026-07-20 10:20:00+05:30,697.0,697.75,697.0,697.55,828.0
2026-07-20 10:25:00+05:30,697.25,697.65,697.25,697.5,895.0
2026-07-20 10:30:00+05:30,697.5,698.25,694.85,695.8,10264.0
2026-07-20 10:35:00+05:30,695.6,696.0,695.05,695.65,1771.0
2026-07-20 10:40:00+05:30,695.65,695.65,693.0,693.7,4776.0
2026-07-20 10:45:00+05:30,693.7,693.8,693.35,693.8,395.0
2026-07-20 10:50:00+05:30,693.65,694.4,693.5,694.4,630.0
2026-07-20 10:55:00+05:30,694.35,694.75,693.85,694.25,1444.0
2026-07-20 11:00:00+05:30,694.25,694.25,693.6,694.1,540.0
2026-07-20 11:05:00+05:30,694.2,694.2,693.0,693.1,3730.0
2026-07-20 11:10:00+05:30,693.0,694.4,693.0,693.7,6534.0
2026-07-20 11:15:00+05:30,693.1,694.35,693.1,693.85,297.0
2026-07-20 11:20:00+05:30,693.85,694.2,693.25,693.6,870.0
2026-07-20 11:25:00+05:30,693.2,693.95,693.0,693.8,1412.0
2026-07-20 11:30:00+05:30,694.0,694.5,693.6,694.15,377.0
2026-07-20 11:35:00+05:30,694.15,694.35,693.5,694.35,468.0
2026-07-20 11:40:00+05:30,694.35,694.35,693.0,693.45,1349.0
2026-07-20 11:45:00+05:30,693.4,693.45,693.0,693.45,196.0
2026-07-20 11:50:00+05:30,693.45,693.6,692.9,693.1,747.0
2026-07-20 11:55:00+05:30,693.1,693.2,692.4,693.2,689.0
2026-07-20 12:00:00+05:30,693.5,693.5,692.45,692.85,427.0
2026-07-20 12:05:00+05:30,692.45,692.9,691.5,692.15,3742.0
2026-07-20 12:10:00+05:30,692.75,692.95,692.05,692.95,937.0
2026-07-20 12:15:00+05:30,693.0,693.65,692.05,692.15,1522.0
2026-07-20 12:20:00+05:30,692.85,693.05,692.45,692.45,731.0
2026-07-20 12:25:00+05:30,692.0,692.85,691.95,692.3,1575.0
2026-07-20 12:30:00+05:30,692.8,693.05,691.95,692.0,1801.0
2026-07-20 12:35:00+05:30,692.4,692.6,691.35,692.25,2847.0
2026-07-20 12:40:00+05:30,692.05,692.8,692.0,692.8,1781.0
2026-07-20 12:45:00+05:30,692.75,692.8,691.9,692.5,294.0
2026-07-20 12:50:00+05:30,692.5,693.55,692.5,693.0,2099.0
2026-07-20 12:55:00+05:30,693.0,693.5,692.85,692.85,738.0
2026-07-20 13:00:00+05:30,693.1,694.2,693.1,693.6,759.0
2026-07-20 13:05:00+05:30,693.6,693.85,693.0,693.3,579.0
2026-07-20 13:10:00+05:30,693.3,693.95,692.8,693.95,564.0
2026-07-20 13:15:00+05:30,694.0,694.4,693.05,693.6,1167.0
2026-07-20 13:20:00+05:30,693.55,694.0,692.7,694.0,1701.0
2026-07-20 13:25:00+05:30,694.0,694.0,693.1,693.6,466.0
2026-07-20 13:30:00+05:30,693.15,693.75,693.05,693.15,446.0
2026-07-20 13:35:00+05:30,693.65,693.95,693.25,693.7,521.0
2026-07-20 13:40:00+05:30,693.7,693.8,692.55,693.5,1968.0
2026-07-20 13:45:00+05:30,693.5,693.9,692.75,693.75,1806.0
2026-07-20 13:50:00+05:30,693.7,693.75,692.5,693.2,1297.0
2026-07-20 13:55:00+05:30,693.2,693.75,692.6,693.75,913.0
2026-07-20 14:00:00+05:30,693.7,694.15,693.0,693.8,2925.0
2026-07-20 14:05:00+05:30,694.15,694.7,693.6,694.65,939.0
2026-07-20 14:10:00+05:30,694.05,694.6,693.25,693.3,2175.0
2026-07-20 14:15:00+05:30,693.3,693.8,693.1,693.6,656.0
2026-07-20 14:20:00+05:30,693.15,694.1,693.15,694.05,263.0
2026-07-20 14:25:00+05:30,693.5,693.95,693.05,693.4,476.0
2026-07-20 14:30:00+05:30,693.4,694.0,693.15,693.55,933.0
2026-07-20 14:35:00+05:30,693.1,694.45,693.1,694.05,2039.0
2026-07-20 14:40:00+05:30,694.0,694.25,693.65,694.2,1511.0
2026-07-20 14:45:00+05:30,693.75,695.0,693.7,694.7,3775.0
2026-07-20 14:50:00+05:30,694.1,695.5,694.1,695.05,3059.0
2026-07-20 14:55:00+05:30,695.05,695.4,694.0,695.05,2286.0
2026-07-20 15:00:00+05:30,694.6,695.35,694.3,695.15,3612.0
2026-07-20 15:05:00+05:30,695.15,695.2,694.3,694.7,2825.0
2026-07-20 15:10:00+05:30,694.7,694.7,693.5,693.85,8127.0
2026-07-20 15:15:00+05:30,693.05,693.85,692.6,693.2,3899.0
2026-07-20 15:20:00+05:30,693.7,693.75,692.6,693.2,2595.0
2026-07-20 15:25:00+05:30,692.95,693.2,692.05,693.0,8013.0
2026-07-21 09:15:00+05:30,693.6,697.75,693.15,696.15,10694.0
2026-07-21 09:20:00+05:30,696.5,697.3,695.8,696.55,3498.0
2026-07-21 09:25:00+05:30,696.55,698.0,695.5,696.35,7669.0
2026-07-21 09:30:00+05:30,696.35,696.5,695.65,695.8,1818.0
2026-07-21 09:35:00+05:30,695.55,695.85,694.65,695.8,2586.0
2026-07-21 09:40:00+05:30,695.75,695.75,694.65,695.0,1156.0
2026-07-21 09:45:00+05:30,695.0,695.0,694.05,694.6,1511.0
2026-07-21 09:50:00+05:30,694.45,695.65,694.05,694.7,4113.0
2026-07-21 09:55:00+05:30,694.9,695.4,694.25,694.5,2139.0
2026-07-21 10:00:00+05:30,695.05,695.15,694.4,694.4,1342.0
2026-07-21 10:05:00+05:30,694.5,695.0,694.5,694.95,1472.0
2026-07-21 10:10:00+05:30,694.95,694.95,694.0,694.95,3275.0
2026-07-21 10:15:00+05:30,695.0,695.0,694.0,694.55,1959.0
2026-07-21 10:20:00+05:30,694.55,694.55,694.0,694.55,960.0
2026-07-21 10:25:00+05:30,694.0,694.55,693.7,694.4,2273.0
2026-07-21 10:30:00+05:30,694.35,695.4,694.25,694.9,3660.0
2026-07-21 10:35:00+05:30,694.85,694.85,693.95,694.15,257.0
2026-07-21 10:40:00+05:30,693.55,694.1,693.4,694.05,867.0
2026-07-21 10:45:00+05:30,694.05,694.25,693.65,694.05,444.0
2026-07-21 10:50:00+05:30,694.05,694.05,693.7,693.7,4950.0
2026-07-21 10:55:00+05:30,693.7,694.6,693.5,693.7,1400.0
2026-07-21 11:00:00+05:30,694.25,694.45,694.0,694.25,357.0
2026-07-21 11:05:00+05:30,694.2,694.2,693.65,694.15,93.0
2026-07-21 11:10:00+05:30,694.0,694.15,693.7,694.0,679.0
2026-07-21 11:15:00+05:30,694.3,694.3,693.75,693.75,222.0
2026-07-21 11:20:00+05:30,694.25,694.25,693.75,693.8,569.0
2026-07-21 11:25:00+05:30,693.8,694.0,693.65,693.65,1243.0
2026-07-21 11:30:00+05:30,693.65,694.65,693.5,694.65,750.0
2026-07-21 11:35:00+05:30,694.2,694.45,694.0,694.0,325.0
2026-07-21 11:40:00+05:30,694.4,694.4,694.0,694.4,227.0
2026-07-21 11:45:00+05:30,694.4,694.9,694.4,694.7,723.0
2026-07-21 11:50:00+05:30,694.7,695.0,694.05,694.6,5017.0
2026-07-21 11:55:00+05:30,694.6,694.6,693.65,694.55,614.0
2026-07-21 12:00:00+05:30,694.05,694.7,694.05,694.3,311.0
2026-07-21 12:05:00+05:30,694.3,694.7,693.7,694.25,1222.0
2026-07-21 12:10:00+05:30,694.25,694.4,694.2,694.35,250.0
2026-07-21 12:15:00+05:30,694.35,694.9,694.3,694.9,875.0
2026-07-21 12:20:00+05:30,694.5,694.5,693.7,693.75,1948.0
2026-07-21 12:25:00+05:30,693.8,694.45,693.75,693.8,455.0
2026-07-21 12:30:00+05:30,693.75,694.4,693.75,694.4,1170.0
2026-07-21 12:35:00+05:30,694.4,694.5,694.25,694.45,465.0
2026-07-21 12:40:00+05:30,694.45,694.85,694.0,694.8,1120.0
2026-07-21 12:45:00+05:30,694.75,694.9,694.1,694.1,475.0
2026-07-21 12:50:00+05:30,694.5,694.5,693.3,693.55,4470.0
2026-07-21 12:55:00+05:30,693.5,694.0,693.15,693.6,1433.0
2026-07-21 13:00:00+05:30,693.6,693.6,692.5,693.2,1445.0
2026-07-21 13:05:00+05:30,693.2,693.2,692.5,692.5,2335.0
2026-07-21 13:10:00+05:30,693.2,694.2,693.2,694.2,930.0
2026-07-21 13:15:00+05:30,693.75,694.05,693.7,694.05,696.0
2026-07-21 13:20:00+05:30,694.05,694.1,693.7,694.1,296.0
2026-07-21 13:25:00+05:30,694.15,694.15,693.05,693.95,1285.0
2026-07-21 13:30:00+05:30,693.45,694.85,693.45,694.8,532.0
2026-07-21 13:35:00+05:30,694.0,694.65,694.0,694.6,1186.0
2026-07-21 13:40:00+05:30,694.1,694.5,694.0,694.05,1059.0
2026-07-21 13:45:00+05:30,694.5,694.5,694.0,694.2,201.0
2026-07-21 13:50:00+05:30,694.2,694.7,694.2,694.7,537.0
2026-07-21 13:55:00+05:30,694.8,694.9,694.1,694.3,927.0
2026-07-21 14:00:00+05:30,694.3,694.3,692.9,692.9,4583.0
2026-07-21 14:05:00+05:30,693.25,693.25,693.0,693.25,680.0
2026-07-21 14:10:00+05:30,693.25,693.25,692.9,692.9,1422.0
2026-07-21 14:15:00+05:30,692.9,693.25,692.65,692.75,698.0
2026-07-21 14:20:00+05:30,692.55,693.05,691.0,691.7,15163.0
2026-07-21 14:25:00+05:30,691.65,692.0,691.5,691.65,1280.0
2026-07-21 14:30:00+05:30,691.65,692.0,691.6,691.95,649.0
2026-07-21 14:35:00+05:30,691.5,691.9,691.4,691.8,2125.0
2026-07-21 14:40:00+05:30,691.8,691.9,691.55,691.6,368.0
2026-07-21 14:45:00+05:30,691.85,692.0,691.55,691.7,1227.0
2026-07-21 14:50:00+05:30,691.7,691.8,690.15,690.65,4643.0
2026-07-21 14:55:00+05:30,690.85,691.0,690.6,691.0,4897.0
2026-07-21 15:00:00+05:30,691.0,691.0,690.5,690.85,1365.0
2026-07-21 15:05:00+05:30,690.8,691.0,690.1,690.85,5642.0
2026-07-21 15:10:00+05:30,690.4,691.0,690.0,690.85,7700.0
2026-07-21 15:15:00+05:30,690.9,690.9,690.35,690.8,3195.0
2026-07-21 15:20:00+05:30,691.0,691.0,690.05,690.5,8865.0
2026-07-21 15:25:00+05:30,690.45,691.0,690.0,691.0,13144.0
2026-07-22 09:15:00+05:30,691.3,694.3,690.15,693.0,10411.0
2026-07-22 09:20:00+05:30,692.35,692.95,691.0,691.85,5680.0
2026-07-22 09:25:00+05:30,691.1,691.75,689.1,689.45,8091.0
2026-07-22 09:30:00+05:30,689.85,689.95,688.8,689.2,2094.0
2026-07-22 09:35:00+05:30,689.0,689.0,688.1,688.85,3494.0
2026-07-22 09:40:00+05:30,688.85,689.75,688.35,689.55,4502.0
2026-07-22 09:45:00+05:30,689.2,689.55,688.0,688.05,3151.0
2026-07-22 09:50:00+05:30,687.05,688.25,685.15,687.0,13686.0
2026-07-22 09:55:00+05:30,686.4,687.2,685.0,686.1,8677.0
2026-07-22 10:00:00+05:30,685.5,690.25,685.5,690.1,11493.0
2026-07-22 10:05:00+05:30,690.25,691.3,689.4,690.95,3942.0
2026-07-22 10:10:00+05:30,690.9,696.5,689.8,693.85,26366.0
2026-07-22 10:15:00+05:30,694.2,697.8,693.05,696.5,56587.0
2026-07-22 10:20:00+05:30,696.1,708.0,695.35,707.05,52149.0
2026-07-22 10:25:00+05:30,706.15,707.9,701.6,703.0,36756.0
2026-07-22 10:30:00+05:30,703.9,711.0,703.0,711.0,36006.0
2026-07-22 10:35:00+05:30,711.0,711.0,705.55,707.0,24924.0
2026-07-22 10:40:00+05:30,706.1,706.85,703.0,703.3,15411.0
2026-07-22 10:45:00+05:30,703.75,704.15,702.05,703.0,7249.0
2026-07-22 10:50:00+05:30,703.0,703.7,700.95,703.05,6822.0
2026-07-22 10:55:00+05:30,703.75,703.8,702.1,702.5,5381.0
2026-07-22 11:00:00+05:30,702.85,704.1,695.75,696.5,35702.0
2026-07-22 11:05:00+05:30,696.5,696.8,694.3,695.0,11989.0
2026-07-22 11:10:00+05:30,695.0,695.3,693.95,694.2,6502.0
2026-07-22 11:15:00+05:30,694.6,695.75,694.0,695.0,3000.0
2026-07-22 11:20:00+05:30,695.85,696.4,694.35,695.1,8041.0
2026-07-22 11:25:00+05:30,695.1,695.55,694.65,694.95,2045.0
2026-07-22 11:30:00+05:30,695.0,695.4,694.6,694.95,2307.0
2026-07-22 11:35:00+05:30,694.6,694.95,694.3,694.35,774.0
2026-07-22 11:40:00+05:30,694.0,694.8,694.0,694.55,5200.0
2026-07-22 11:45:00+05:30,694.55,694.8,694.05,694.6,1198.0
2026-07-22 11:50:00+05:30,694.55,694.65,692.5,693.4,6401.0
2026-07-22 11:55:00+05:30,693.4,693.75,692.85,693.5,2011.0
2026-07-22 12:00:00+05:30,693.45,693.7,692.55,693.15,1119.0
2026-07-22 12:05:00+05:30,693.15,693.35,692.6,692.8,673.0
2026-07-22 12:10:00+05:30,692.8,693.4,692.65,693.0,912.0
2026-07-22 12:15:00+05:30,692.7,692.7,692.1,692.7,1950.0
2026-07-22 12:20:00+05:30,693.2,693.65,692.55,693.55,657.0
2026-07-22 12:25:00+05:30,693.9,693.9,691.15,692.05,4255.0
2026-07-22 12:30:00+05:30,692.4,692.45,691.3,692.15,1543.0
2026-07-22 12:35:00+05:30,692.55,692.55,691.35,691.4,763.0
2026-07-22 12:40:00+05:30,691.9,692.0,689.05,690.15,8619.0
2026-07-22 12:45:00+05:30,690.25,692.4,690.15,692.4,4533.0
2026-07-22 12:50:00+05:30,692.4,692.8,692.0,692.7,353.0
2026-07-22 12:55:00+05:30,692.7,692.8,692.15,692.8,296.0
2026-07-22 13:00:00+05:30,692.4,693.15,692.2,692.7,1726.0
2026-07-22 13:05:00+05:30,692.3,693.9,692.05,693.9,4657.0
2026-07-22 13:10:00+05:30,693.9,693.9,693.0,693.0,2437.0
2026-07-22 13:15:00+05:30,693.0,693.5,693.0,693.0,1343.0
2026-07-22 13:20:00+05:30,693.5,694.0,693.2,693.6,399.0
2026-07-22 13:25:00+05:30,693.4,693.6,691.8,692.4,1881.0
2026-07-22 13:30:00+05:30,692.4,693.4,692.4,693.15,524.0
2026-07-22 13:35:00+05:30,693.35,693.95,693.1,693.15,1033.0
2026-07-22 13:40:00+05:30,693.5,693.75,693.05,693.7,135.0
2026-07-22 13:45:00+05:30,693.9,693.9,691.8,692.2,1452.0
2026-07-22 13:50:00+05:30,692.2,693.0,692.2,692.55,779.0
2026-07-22 13:55:00+05:30,692.9,692.95,692.5,692.5,350.0
2026-07-22 14:00:00+05:30,692.85,693.0,692.5,693.0,2914.0
2026-07-22 14:05:00+05:30,692.75,693.0,692.5,692.5,251.0
2026-07-22 14:10:00+05:30,692.5,692.5,692.05,692.2,415.0
2026-07-22 14:15:00+05:30,692.05,692.5,691.6,691.6,3623.0
2026-07-22 14:20:00+05:30,691.9,691.9,690.8,691.0,1033.0
2026-07-22 14:25:00+05:30,691.5,692.0,691.05,692.0,614.0
2026-07-22 14:30:00+05:30,691.25,692.4,691.25,692.4,999.0
2026-07-22 14:35:00+05:30,692.35,692.45,691.05,692.05,1863.0
2026-07-22 14:40:00+05:30,692.05,692.2,691.5,691.6,754.0
2026-07-22 14:45:00+05:30,692.0,692.5,691.6,692.05,1845.0
2026-07-22 14:50:00+05:30,692.3,692.6,691.1,691.55,44434.0
2026-07-22 14:55:00+05:30,691.45,691.95,691.15,691.4,660.0
2026-07-22 15:00:00+05:30,691.4,692.0,691.1,691.65,5197.0
2026-07-22 15:05:00+05:30,691.65,693.95,691.25,692.0,12564.0
2026-07-22 15:10:00+05:30,692.95,693.0,691.55,692.0,5238.0
2026-07-22 15:15:00+05:30,692.2,692.65,691.0,692.35,10615.0
2026-07-22 15:20:00+05:30,692.35,692.95,690.3,690.8,6936.0
2026-07-22 15:25:00+05:30,690.3,691.0,688.35,690.7,8178.0
2026-07-23 09:15:00+05:30,689.0,690.9,687.2,689.25,6166.0
2026-07-23 09:20:00+05:30,689.0,691.0,688.4,689.0,4879.0
2026-07-23 09:25:00+05:30,689.0,689.85,688.65,688.95,2611.0
2026-07-23 09:30:00+05:30,688.95,689.4,688.6,689.2,2470.0
2026-07-23 09:35:00+05:30,689.25,689.35,687.5,688.75,2870.0
2026-07-23 09:40:00+05:30,688.35,688.4,685.45,686.1,6307.0
2026-07-23 09:45:00+05:30,686.2,687.15,685.8,686.6,3078.0
2026-07-23 09:50:00+05:30,686.8,687.0,686.25,687.0,1184.0
2026-07-23 09:55:00+05:30,687.0,688.1,686.5,687.65,2875.0
2026-07-23 10:00:00+05:30,687.8,690.1,687.8,689.95,1417.0
2026-07-23 10:05:00+05:30,690.0,690.95,689.95,690.4,2957.0
2026-07-23 10:10:00+05:30,690.85,691.85,690.35,691.85,2849.0
2026-07-23 10:15:00+05:30,691.85,693.0,691.45,692.35,7534.0
2026-07-23 10:20:00+05:30,691.9,692.15,690.45,691.0,1975.0
2026-07-23 10:25:00+05:30,691.55,691.8,690.5,691.8,834.0
2026-07-23 10:30:00+05:30,691.85,691.85,691.0,691.55,2346.0
2026-07-23 10:35:00+05:30,691.6,691.6,691.0,691.45,998.0
2026-07-23 10:40:00+05:30,691.15,691.65,691.15,691.65,1327.0
2026-07-23 10:45:00+05:30,691.5,692.15,691.5,692.05,781.0
2026-07-23 10:50:00+05:30,692.05,692.75,691.2,691.7,3372.0
2026-07-23 10:55:00+05:30,691.5,693.7,691.5,693.5,3752.0
2026-07-23 11:00:00+05:30,693.6,693.6,692.9,693.0,747.0
2026-07-23 11:05:00+05:30,692.95,693.0,692.05,692.6,2350.0
2026-07-23 11:10:00+05:30,692.2,692.6,692.2,692.2,452.0
2026-07-23 11:15:00+05:30,692.25,692.5,691.15,691.55,2942.0
2026-07-23 11:20:00+05:30,691.6,691.75,691.05,691.05,2111.0
2026-07-23 11:25:00+05:30,691.0,691.0,690.35,690.35,1577.0
2026-07-23 11:30:00+05:30,690.55,690.65,690.05,690.25,2114.0
2026-07-23 11:35:00+05:30,690.05,690.35,690.0,690.35,892.0
2026-07-23 11:40:00+05:30,690.0,690.35,689.85,690.25,359.0
2026-07-23 11:45:00+05:30,690.25,690.4,688.55,689.1,11678.0
2026-07-23 11:50:00+05:30,689.6,689.7,689.05,689.25,596.0
2026-07-23 11:55:00+05:30,689.6,689.85,689.1,689.15,11529.0
2026-07-23 12:00:00+05:30,689.6,689.65,689.2,689.65,355.0
2026-07-23 12:05:00+05:30,689.65,689.65,687.95,689.2,1104.0
2026-07-23 12:10:00+05:30,689.25,689.25,688.1,688.9,669.0
2026-07-23 12:15:00+05:30,688.9,688.9,688.35,688.45,869.0
2026-07-23 12:20:00+05:30,688.45,688.75,688.05,688.3,370.0
2026-07-23 12:25:00+05:30,688.25,688.35,687.25,688.0,874.0
2026-07-23 12:30:00+05:30,688.0,688.0,686.2,687.15,1871.0
2026-07-23 12:35:00+05:30,687.6,687.9,687.3,687.7,1284.0
2026-07-23 12:40:00+05:30,687.5,687.75,686.2,686.95,2843.0
2026-07-23 12:45:00+05:30,686.45,687.0,686.2,686.35,393.0
2026-07-23 12:50:00+05:30,686.35,686.5,686.2,686.5,598.0
2026-07-23 12:55:00+05:30,686.5,686.85,686.2,686.85,624.0
2026-07-23 13:00:00+05:30,686.85,686.85,686.05,686.45,1283.0
2026-07-23 13:05:00+05:30,686.45,686.45,685.7,686.0,2012.0
2026-07-23 13:10:00+05:30,686.15,686.4,686.0,686.35,378.0
2026-07-23 13:15:00+05:30,686.35,686.35,685.85,686.25,769.0
2026-07-23 13:20:00+05:30,686.3,686.35,685.9,686.2,361.0
2026-07-23 13:25:00+05:30,686.2,686.7,686.0,686.65,917.0
2026-07-23 13:30:00+05:30,686.5,686.65,685.85,686.55,603.0
2026-07-23 13:35:00+05:30,686.55,687.0,686.0,686.25,616.0
2026-07-23 13:40:00+05:30,686.8,687.5,686.7,687.4,1242.0
2026-07-23 13:45:00+05:30,687.4,687.5,687.25,687.45,1363.0
2026-07-23 13:50:00+05:30,687.45,687.45,686.95,687.1,372.0
2026-07-23 13:55:00+05:30,687.0,687.0,686.1,686.1,602.0
2026-07-23 14:00:00+05:30,686.8,686.8,686.75,686.75,171.0
2026-07-23 14:05:00+05:30,686.7,686.7,686.0,686.4,1369.0
2026-07-23 14:10:00+05:30,686.4,686.9,685.7,686.1,2400.0
2026-07-23 14:15:00+05:30,686.6,686.6,685.75,686.1,1137.0
2026-07-23 14:20:00+05:30,686.2,686.2,685.8,686.2,256.0
2026-07-23 14:25:00+05:30,686.05,686.35,685.3,685.75,3533.0
2026-07-23 14:30:00+05:30,685.75,686.0,685.15,686.0,1358.0
2026-07-23 14:35:00+05:30,685.65,686.0,685.2,685.7,741.0
2026-07-23 14:40:00+05:30,685.65,685.7,685.1,685.1,1161.0
2026-07-23 14:45:00+05:30,685.05,685.45,684.0,684.25,10537.0
2026-07-23 14:50:00+05:30,684.9,684.9,684.3,684.7,688.0
2026-07-23 14:55:00+05:30,684.15,685.2,684.15,685.2,1008.0
2026-07-23 15:00:00+05:30,685.2,685.2,678.65,679.15,22181.0
2026-07-23 15:05:00+05:30,679.15,680.0,678.5,680.0,8878.0
2026-07-23 15:10:00+05:30,680.0,680.0,679.0,679.8,8866.0
2026-07-23 15:15:00+05:30,680.0,680.0,677.5,678.65,35009.0
2026-07-23 15:20:00+05:30,678.7,678.9,677.0,678.7,11993.0
2026-07-23 15:25:00+05:30,678.7,681.65,677.05,680.4,15606.0
2026-07-24 09:15:00+05:30,679.75,686.5,675.5,685.75,26655.0
2026-07-24 09:20:00+05:30,685.5,685.5,681.1,681.1,8796.0
2026-07-24 09:25:00+05:30,681.1,681.1,679.05,680.7,4291.0
2026-07-24 09:30:00+05:30,680.65,683.35,680.65,682.7,5712.0
2026-07-24 09:35:00+05:30,682.7,683.25,681.25,681.5,2256.0
2026-07-24 09:40:00+05:30,681.5,683.75,681.0,682.25,1785.0
2026-07-24 09:45:00+05:30,682.95,682.95,681.0,681.3,2250.0
2026-07-24 09:50:00+05:30,681.55,682.45,679.4,679.85,7443.0
2026-07-24 09:55:00+05:30,679.85,679.85,677.2,678.1,2993.0
2026-07-24 10:00:00+05:30,678.5,679.25,677.1,677.25,3939.0
2026-07-24 10:05:00+05:30,677.6,679.05,677.25,678.6,5544.0
2026-07-24 10:10:00+05:30,678.7,678.7,677.1,677.5,2269.0
2026-07-24 10:15:00+05:30,677.8,678.3,677.1,677.55,1488.0
2026-07-24 10:20:00+05:30,678.0,678.1,676.5,677.2,6438.0
2026-07-24 10:25:00+05:30,676.8,678.05,676.8,677.8,1764.0
2026-07-24 10:30:00+05:30,677.7,677.9,676.5,676.8,1424.0
2026-07-24 10:35:00+05:30,676.8,679.2,676.8,679.2,2214.0
2026-07-24 10:40:00+05:30,680.0,680.0,678.05,678.4,2125.0
2026-07-24 10:45:00+05:30,678.4,679.25,678.4,679.0,494.0
2026-07-24 10:50:00+05:30,679.0,679.95,678.75,679.0,3018.0
2026-07-24 10:55:00+05:30,679.0,679.4,678.0,678.0,1598.0
2026-07-24 11:00:00+05:30,678.45,679.0,677.65,677.85,1095.0
2026-07-24 11:05:00+05:30,678.5,678.95,678.0,678.55,1129.0
2026-07-24 11:10:00+05:30,678.45,678.95,678.1,678.95,279.0
2026-07-24 11:15:00+05:30,678.95,679.95,678.4,679.95,2136.0
2026-07-24 11:20:00+05:30,679.45,681.4,679.2,679.7,3670.0
2026-07-24 11:25:00+05:30,679.7,680.0,679.05,680.0,2551.0
2026-07-24 11:30:00+05:30,680.6,680.7,679.4,680.5,735.0
2026-07-24 11:35:00+05:30,680.05,680.35,679.8,680.0,654.0
2026-07-24 11:40:00+05:30,679.55,681.85,679.55,681.85,5148.0
2026-07-24 11:45:00+05:30,681.8,682.9,681.25,681.85,2817.0
2026-07-24 11:50:00+05:30,682.15,682.6,681.05,682.2,4450.0
2026-07-24 11:55:00+05:30,682.2,682.8,682.0,682.0,1216.0
2026-07-24 12:00:00+05:30,682.65,682.75,681.35,681.75,600.0
2026-07-24 12:05:00+05:30,682.45,682.45,681.35,681.35,2608.0
2026-07-24 12:10:00+05:30,680.2,682.0,680.2,681.55,3946.0
2026-07-24 12:15:00+05:30,681.05,682.3,681.05,681.95,1308.0
2026-07-24 12:20:00+05:30,681.95,682.3,681.15,681.9,2102.0
2026-07-24 12:25:00+05:30,681.9,683.4,681.75,683.4,2554.0
2026-07-24 12:30:00+05:30,683.4,683.9,682.2,683.9,5735.0
2026-07-24 12:35:00+05:30,683.9,684.6,683.5,683.8,2575.0
2026-07-24 12:40:00+05:30,683.9,684.45,683.1,683.85,2973.0
2026-07-24 12:45:00+05:30,683.85,684.6,683.15,683.35,2131.0
2026-07-24 12:50:00+05:30,683.75,684.4,683.15,683.15,2899.0
2026-07-24 12:55:00+05:30,683.15,683.9,683.05,683.6,2367.0
2026-07-24 13:00:00+05:30,683.4,684.85,683.25,683.35,3836.0
2026-07-24 13:05:00+05:30,683.15,684.0,683.05,684.0,3212.0
2026-07-24 13:10:00+05:30,684.6,684.6,683.0,683.9,3399.0
2026-07-24 13:15:00+05:30,684.05,684.9,683.65,683.8,2612.0
2026-07-24 13:20:00+05:30,683.9,683.9,683.85,683.85,723.0
2026-07-24 13:25:00+05:30,683.85,684.95,683.85,684.5,1636.0
2026-07-24 13:30:00+05:30,684.0,684.7,683.65,683.65,1555.0
2026-07-24 13:35:00+05:30,683.05,684.6,683.05,684.0,3653.0
2026-07-24 13:40:00+05:30,683.4,683.85,682.5,683.15,1472.0
2026-07-24 13:45:00+05:30,683.15,683.65,682.3,682.9,1233.0
2026-07-24 13:50:00+05:30,682.9,683.5,682.9,683.5,159.0
2026-07-24 13:55:00+05:30,683.5,683.85,683.25,683.5,657.0
2026-07-24 14:00:00+05:30,683.35,684.6,683.05,684.6,5657.0
2026-07-24 14:05:00+05:30,684.6,684.85,683.95,684.75,730.0
2026-07-24 14:10:00+05:30,684.0,684.45,683.25,683.75,1060.0
2026-07-24 14:15:00+05:30,683.75,683.75,682.05,682.95,4197.0
2026-07-24 14:20:00+05:30,682.0,682.65,682.0,682.3,2797.0
2026-07-24 14:25:00+05:30,682.3,683.0,682.25,682.25,653.0
2026-07-24 14:30:00+05:30,682.7,682.7,682.0,682.3,544.0
2026-07-24 14:35:00+05:30,682.15,682.5,682.0,682.0,1986.0
2026-07-24 14:40:00+05:30,682.0,682.65,682.0,682.5,1937.0
2026-07-24 14:45:00+05:30,682.35,682.95,681.25,682.85,3632.0
2026-07-24 14:50:00+05:30,682.25,683.4,682.0,682.85,5142.0
2026-07-24 14:55:00+05:30,682.35,684.0,682.2,683.5,4414.0
2026-07-24 15:00:00+05:30,683.5,683.5,682.15,682.75,4577.0
2026-07-24 15:05:00+05:30,683.1,683.3,682.05,682.15,8348.0
2026-07-24 15:10:00+05:30,682.15,684.05,682.15,683.9,4637.0
2026-07-24 15:15:00+05:30,683.9,687.4,683.75,687.0,20555.0
2026-07-24 15:20:00+05:30,686.95,688.0,685.6,687.5,7978.0
2026-07-24 15:25:00+05:30,686.5,689.0,686.3,689.0,8563.0
2026-07-27 09:15:00+05:30,694.4,694.8,689.45,690.9,11199.0
2026-07-27 09:20:00+05:30,690.75,692.25,690.2,692.25,3272.0
2026-07-27 09:25:00+05:30,691.2,694.0,691.0,693.65,4515.0
2026-07-27 09:30:00+05:30,693.5,693.6,692.1,692.4,3159.0
2026-07-27 09:35:00+05:30,692.4,694.85,692.1,694.75,6400.0
2026-07-27 09:40:00+05:30,694.5,694.85,693.3,693.8,3279.0
2026-07-27 09:45:00+05:30,693.45,694.5,693.2,694.15,4200.0
2026-07-27 09:50:00+05:30,693.5,694.3,693.4,693.5,4207.0
2026-07-27 09:55:00+05:30,693.4,693.6,692.25,693.0,2553.0
2026-07-27 10:00:00+05:30,693.0,694.0,692.3,692.75,3896.0
2026-07-27 10:05:00+05:30,692.5,692.85,692.0,692.75,4501.0
2026-07-27 10:10:00+05:30,692.75,693.3,692.0,693.3,1272.0
2026-07-27 10:15:00+05:30,693.3,693.8,692.25,692.25,9174.0
2026-07-27 10:20:00+05:30,692.25,693.8,691.9,692.65,7582.0
2026-07-27 10:25:00+05:30,692.2,693.1,692.2,692.65,469.0
2026-07-27 10:30:00+05:30,692.55,692.7,692.1,692.1,1859.0
2026-07-27 10:35:00+05:30,692.45,692.5,690.9,691.35,7324.0
2026-07-27 10:40:00+05:30,691.0,691.65,691.0,691.5,242.0
2026-07-27 10:45:00+05:30,691.0,691.8,690.7,690.75,2003.0
2026-07-27 10:50:00+05:30,691.05,691.5,690.75,691.0,305.0
2026-07-27 10:55:00+05:30,690.8,691.6,690.7,691.15,972.0
2026-07-27 11:00:00+05:30,691.6,691.6,690.8,690.9,801.0
2026-07-27 11:05:00+05:30,691.35,691.45,690.0,690.55,2521.0
2026-07-27 11:10:00+05:30,690.65,691.35,690.4,691.0,1049.0
2026-07-27 11:15:00+05:30,690.5,691.0,690.05,690.65,2684.0
2026-07-27 11:20:00+05:30,690.75,690.8,690.0,690.65,899.0
2026-07-27 11:25:00+05:30,690.6,690.8,690.25,690.75,457.0
2026-07-27 11:30:00+05:30,690.8,692.15,690.2,691.4,3017.0
2026-07-27 11:35:00+05:30,690.9,691.8,690.1,691.4,3611.0
2026-07-27 11:40:00+05:30,690.8,692.05,690.8,691.4,2107.0
2026-07-27 11:45:00+05:30,691.95,691.95,690.35,690.35,607.0
2026-07-27 11:50:00+05:30,690.85,691.0,690.0,690.4,1159.0
2026-07-27 11:55:00+05:30,691.0,691.3,689.0,689.0,3045.0
2026-07-27 12:00:00+05:30,689.0,690.0,689.0,689.1,1804.0
2026-07-27 12:05:00+05:30,689.7,689.7,688.6,689.3,3229.0
2026-07-27 12:10:00+05:30,689.25,690.0,689.25,689.85,1393.0
2026-07-27 12:15:00+05:30,689.85,690.6,689.45,690.6,7629.0
2026-07-27 12:20:00+05:30,691.0,691.0,689.55,690.0,2894.0
2026-07-27 12:25:00+05:30,689.6,690.0,689.0,689.15,3252.0
2026-07-27 12:30:00+05:30,689.65,689.65,688.9,688.95,704.0
2026-07-27 12:35:00+05:30,688.6,688.95,688.25,688.8,435.0
2026-07-27 12:40:00+05:30,688.9,688.9,688.2,688.3,1271.0
2026-07-27 12:45:00+05:30,688.3,689.55,688.3,689.15,551.0
2026-07-27 12:50:00+05:30,689.15,689.15,688.75,688.85,3231.0
2026-07-27 12:55:00+05:30,688.05,689.5,688.0,689.5,8758.0
2026-07-27 13:00:00+05:30,690.0,690.8,689.9,690.25,242.0
2026-07-27 13:05:00+05:30,690.95,691.5,690.7,691.25,1944.0
2026-07-27 13:10:00+05:30,691.15,691.15,690.3,690.5,438.0
2026-07-27 13:15:00+05:30,690.7,691.65,690.7,691.65,1208.0
2026-07-27 13:20:00+05:30,691.1,691.85,690.35,690.95,1317.0
2026-07-27 13:25:00+05:30,690.95,690.95,690.35,690.35,339.0
2026-07-27 13:30:00+05:30,690.85,691.6,690.4,691.3,1409.0
2026-07-27 13:35:00+05:30,691.3,692.15,690.95,691.75,2968.0
2026-07-27 13:40:00+05:30,691.75,691.9,691.0,691.35,1093.0
2026-07-27 13:45:00+05:30,691.35,692.1,691.35,692.0,2373.0
2026-07-27 13:50:00+05:30,691.55,691.8,691.15,691.45,6529.0
2026-07-27 13:55:00+05:30,691.45,691.95,690.85,691.95,571.0
2026-07-27 14:00:00+05:30,691.95,692.0,691.55,691.7,386.0
2026-07-27 14:05:00+05:30,692.0,692.4,691.7,692.15,2485.0
2026-07-27 14:10:00+05:30,692.15,692.7,692.15,692.6,388.0
2026-07-27 14:15:00+05:30,692.25,692.9,692.05,692.3,959.0
2026-07-27 14:20:00+05:30,692.0,692.8,692.0,692.5,1288.0
2026-07-27 14:25:00+05:30,692.5,693.95,692.15,693.1,5903.0
2026-07-27 14:30:00+05:30,693.55,693.65,692.95,693.1,2597.0
2026-07-27 14:35:00+05:30,693.2,694.0,692.5,693.75,6196.0
2026-07-27 14:40:00+05:30,693.25,695.9,693.25,695.65,5908.0
2026-07-27 14:45:00+05:30,695.75,698.1,695.5,696.7,11488.0
2026-07-27 14:50:00+05:30,696.9,697.85,696.35,697.05,4353.0
2026-07-27 14:55:00+05:30,697.05,698.1,697.05,698.0,1893.0
2026-07-27 15:00:00+05:30,698.1,698.95,697.5,698.25,4444.0
2026-07-27 15:05:00+05:30,698.0,699.7,697.05,698.55,12551.0
2026-07-27 15:10:00+05:30,698.75,699.0,696.5,696.75,6513.0
2026-07-27 15:15:00+05:30,696.6,698.7,696.55,698.6,6759.0
2026-07-27 15:20:00+05:30,698.55,699.0,695.85,698.8,11619.0
2026-07-27 15:25:00+05:30,698.4,702.0,697.95,701.0,30998.0
2026-07-28 09:15:00+05:30,689.25,695.0,681.0,683.4,192469.0
2026-07-28 09:20:00+05:30,683.4,685.25,683.05,685.25,25347.0
2026-07-28 09:25:00+05:30,685.3,685.3,682.25,683.35,20322.0
2026-07-28 09:30:00+05:30,683.0,683.5,676.6,677.8,82941.0
2026-07-28 09:35:00+05:30,677.9,679.1,675.85,677.2,49591.0
2026-07-28 09:40:00+05:30,676.55,678.3,676.15,677.45,26519.0
2026-07-28 09:45:00+05:30,677.45,679.0,677.3,678.8,19639.0
2026-07-28 09:50:00+05:30,678.85,681.65,677.9,679.85,34911.0
2026-07-28 09:55:00+05:30,679.7,681.95,679.6,680.05,25486.0
2026-07-28 10:00:00+05:30,680.0,681.15,679.25,680.95,5667.0
2026-07-28 10:05:00+05:30,680.9,681.0,679.8,680.5,8169.0
2026-07-28 10:10:00+05:30,680.45,680.5,679.45,680.0,3041.0
2026-07-28 10:15:00+05:30,680.0,680.0,679.25,679.85,2992.0
2026-07-28 10:20:00+05:30,679.85,679.9,677.85,679.0,9863.0
2026-07-28 10:25:00+05:30,679.7,679.75,679.0,679.55,8307.0
2026-07-28 10:30:00+05:30,679.55,679.7,679.0,679.7,4957.0
2026-07-28 10:35:00+05:30,680.0,681.9,679.95,680.55,18287.0
2026-07-28 10:40:00+05:30,681.05,681.45,680.8,681.3,2375.0
2026-07-28 10:45:00+05:30,681.3,681.3,680.5,681.0,1429.0
2026-07-28 10:50:00+05:30,681.0,681.0,679.1,680.4,6224.0
2026-07-28 10:55:00+05:30,679.75,680.85,679.75,680.75,2314.0
2026-07-28 11:00:00+05:30,680.75,680.95,679.9,680.95,2994.0
2026-07-28 11:05:00+05:30,680.75,680.95,680.25,680.75,1657.0
2026-07-28 11:10:00+05:30,680.8,681.3,680.05,680.35,6398.0
2026-07-28 11:15:00+05:30,680.85,681.2,680.6,680.6,2277.0
2026-07-28 11:20:00+05:30,681.1,681.1,680.4,680.85,985.0
2026-07-28 11:25:00+05:30,680.9,680.9,680.0,680.5,1964.0
2026-07-28 11:30:00+05:30,680.1,680.5,679.5,679.8,2784.0
2026-07-28 11:35:00+05:30,679.8,680.4,679.1,679.85,12519.0
2026-07-28 11:40:00+05:30,679.65,680.3,678.8,680.2,5750.0
2026-07-28 11:45:00+05:30,680.2,680.45,679.55,679.6,2324.0
2026-07-28 11:50:00+05:30,679.5,679.95,679.25,679.75,2215.0
2026-07-28 11:55:00+05:30,679.4,680.15,679.0,679.8,2512.0
2026-07-28 12:00:00+05:30,680.15,680.35,679.65,679.95,1664.0
2026-07-28 12:05:00+05:30,680.15,681.25,680.0,680.8,10007.0
2026-07-28 12:10:00+05:30,680.8,682.0,680.15,681.8,12818.0
2026-07-28 12:15:00+05:30,682.0,682.5,680.05,680.1,11629.0
2026-07-28 12:20:00+05:30,680.55,681.15,680.1,680.3,1479.0
2026-07-28 12:25:00+05:30,681.0,681.0,679.25,679.25,12090.0
2026-07-28 12:30:00+05:30,679.1,679.45,678.45,679.3,7107.0
2026-07-28 12:35:00+05:30,679.3,679.3,678.9,678.95,1797.0
2026-07-28 12:40:00+05:30,678.9,678.95,677.85,678.75,6622.0
2026-07-28 12:45:00+05:30,678.85,678.95,678.5,678.8,1102.0
2026-07-28 12:50:00+05:30,678.8,679.5,678.35,679.15,3254.0
2026-07-28 12:55:00+05:30,679.5,680.3,679.05,679.5,5431.0
2026-07-28 13:00:00+05:30,679.05,679.05,678.45,678.6,3295.0
2026-07-28 13:05:00+05:30,678.8,678.95,678.45,678.95,2114.0
2026-07-28 13:10:00+05:30,678.9,678.9,677.65,677.65,6153.0
2026-07-28 13:15:00+05:30,677.5,678.4,677.35,677.75,3753.0
2026-07-28 13:20:00+05:30,677.35,677.95,676.6,676.7,11365.0
2026-07-28 13:25:00+05:30,676.8,677.0,676.3,676.95,3427.0
2026-07-28 13:30:00+05:30,676.55,677.0,676.35,676.35,4513.0
2026-07-28 13:35:00+05:30,676.95,676.95,676.3,676.35,2304.0
2026-07-28 13:40:00+05:30,676.8,676.9,676.35,676.85,1329.0
2026-07-28 13:45:00+05:30,676.85,676.85,676.0,676.5,16788.0
2026-07-28 13:50:00+05:30,676.5,676.95,676.0,676.2,18643.0
2026-07-28 13:55:00+05:30,676.15,676.75,676.0,676.25,2747.0
2026-07-28 14:00:00+05:30,676.7,676.7,675.0,675.5,19474.0
2026-07-28 14:05:00+05:30,675.7,676.15,675.0,676.05,6321.0
2026-07-28 14:10:00+05:30,676.0,676.0,674.2,674.7,14954.0
2026-07-28 14:15:00+05:30,674.2,674.8,671.95,671.95,19435.0
2026-07-28 14:20:00+05:30,672.55,673.05,671.4,671.6,17560.0
2026-07-28 14:25:00+05:30,671.85,671.9,670.85,671.6,14589.0
2026-07-28 14:30:00+05:30,671.5,671.85,670.05,670.7,13066.0
2026-07-28 14:35:00+05:30,670.1,672.5,670.0,672.05,14564.0
2026-07-28 14:40:00+05:30,672.05,672.35,671.6,671.75,4159.0
2026-07-28 14:45:00+05:30,671.75,672.4,671.25,671.65,5486.0
2026-07-28 14:50:00+05:30,671.5,671.9,671.0,671.75,4231.0
2026-07-28 14:55:00+05:30,671.8,672.1,671.3,671.65,11160.0
2026-07-28 15:00:00+05:30,671.85,672.3,670.8,672.0,12834.0
2026-07-28 15:05:00+05:30,672.0,681.75,671.5,677.0,53198.0
2026-07-28 15:10:00+05:30,676.55,676.7,673.6,674.85,18037.0
2026-07-28 15:15:00+05:30,674.85,675.0,672.65,674.55,23964.0
2026-07-28 15:20:00+05:30,674.95,675.0,672.3,672.75,22982.0
2026-07-28 15:25:00+05:30,672.85,673.9,672.0,672.8,13038.0
2026-07-29 09:15:00+05:30,680.0,683.9,676.3,679.05,29830.0
2026-07-29 09:20:00+05:30,679.75,680.25,676.1,676.55,22303.0
2026-07-29 09:25:00+05:30,676.65,679.15,676.65,677.5,12521.0
2026-07-29 09:30:00+05:30,677.6,678.95,676.95,677.7,7977.0
2026-07-29 09:35:00+05:30,678.1,678.1,677.0,677.45,3958.0
2026-07-29 09:40:00+05:30,678.5,679.3,677.85,679.3,8050.0
2026-07-29 09:45:00+05:30,679.45,679.75,679.0,679.25,4336.0
2026-07-29 09:50:00+05:30,679.7,680.0,677.5,680.0,16757.0
2026-07-29 09:55:00+05:30,680.0,682.85,679.9,680.95,7823.0
2026-07-29 10:00:00+05:30,681.4,682.4,680.85,682.35,1849.0
2026-07-29 10:05:00+05:30,682.4,685.0,682.0,685.0,13405.0
2026-07-29 10:10:00+05:30,685.0,685.3,683.05,683.5,7910.0
2026-07-29 10:15:00+05:30,683.55,684.15,682.1,683.2,8692.0
2026-07-29 10:20:00+05:30,683.8,683.8,681.75,682.8,8343.0
2026-07-29 10:25:00+05:30,682.85,683.2,682.35,683.0,1846.0
2026-07-29 10:30:00+05:30,683.2,683.8,683.0,683.8,2002.0
2026-07-29 10:35:00+05:30,683.8,683.8,682.1,682.85,3166.0
2026-07-29 10:40:00+05:30,682.4,682.95,681.5,681.7,1691.0
2026-07-29 10:45:00+05:30,681.5,682.45,680.9,682.2,4064.0
2026-07-29 10:50:00+05:30,682.8,682.9,682.0,682.8,2169.0
2026-07-29 10:55:00+05:30,682.5,682.9,681.75,682.65,2583.0
2026-07-29 11:00:00+05:30,682.05,684.7,682.05,684.5,6044.0
2026-07-29 11:05:00+05:30,684.55,684.8,684.15,684.7,2547.0
2026-07-29 11:10:00+05:30,684.25,684.7,683.1,683.3,4976.0
2026-07-29 11:15:00+05:30,683.95,684.0,683.35,683.4,1233.0
2026-07-29 11:20:00+05:30,683.4,684.1,682.8,682.8,1720.0
2026-07-29 11:25:00+05:30,683.3,684.15,682.6,683.5,1169.0
2026-07-29 11:30:00+05:30,683.65,684.05,682.65,683.6,3219.0
2026-07-29 11:35:00+05:30,683.65,683.9,683.15,683.9,843.0
2026-07-29 11:40:00+05:30,683.9,684.0,683.4,683.8,2871.0
2026-07-29 11:45:00+05:30,683.8,683.8,681.75,682.35,6155.0
2026-07-29 11:50:00+05:30,682.35,683.25,681.9,683.25,4124.0
2026-07-29 11:55:00+05:30,683.15,684.05,683.15,683.7,1786.0
2026-07-29 12:00:00+05:30,683.6,684.7,683.45,684.0,2189.0
2026-07-29 12:05:00+05:30,684.7,684.8,683.65,684.0,1044.0
2026-07-29 12:10:00+05:30,684.3,684.45,683.8,684.4,1399.0
2026-07-29 12:15:00+05:30,684.35,684.35,683.2,683.8,806.0
2026-07-29 12:20:00+05:30,683.8,683.8,683.0,683.45,1103.0
2026-07-29 12:25:00+05:30,683.7,683.7,683.0,683.45,802.0
2026-07-29 12:30:00+05:30,683.6,683.6,683.1,683.1,609.0
2026-07-29 12:35:00+05:30,683.6,683.6,682.7,682.7,851.0
2026-07-29 12:40:00+05:30,683.35,683.35,682.3,682.95,913.0
2026-07-29 12:45:00+05:30,682.4,683.45,682.4,683.05,669.0
2026-07-29 12:50:00+05:30,683.45,683.6,681.55,682.9,5591.0
2026-07-29 12:55:00+05:30,683.3,683.4,682.75,682.75,758.0
2026-07-29 13:00:00+05:30,682.85,683.35,682.5,683.0,918.0
2026-07-29 13:05:00+05:30,683.0,683.45,682.75,682.75,552.0
2026-07-29 13:10:00+05:30,683.3,683.45,682.45,683.0,834.0
2026-07-29 13:15:00+05:30,682.4,683.7,682.4,683.3,2659.0
2026-07-29 13:20:00+05:30,683.3,683.3,682.4,683.25,1274.0
2026-07-29 13:25:00+05:30,682.7,683.4,682.15,683.4,2460.0
2026-07-29 13:30:00+05:30,682.3,683.65,682.3,683.55,1248.0
2026-07-29 13:35:00+05:30,683.15,683.45,682.35,683.25,1448.0
2026-07-29 13:40:00+05:30,683.25,683.35,682.3,682.75,5646.0
2026-07-29 13:45:00+05:30,683.35,683.35,682.2,682.95,1097.0
2026-07-29 13:50:00+05:30,682.5,683.0,682.45,683.0,1037.0
2026-07-29 13:55:00+05:30,683.0,683.45,683.0,683.0,1776.0
2026-07-29 14:00:00+05:30,682.9,683.0,682.25,682.95,5012.0
2026-07-29 14:05:00+05:30,682.95,683.0,682.4,682.5,1528.0
2026-07-29 14:10:00+05:30,682.8,682.9,682.5,682.85,704.0
2026-07-29 14:15:00+05:30,682.5,682.85,682.4,682.8,1000.0
2026-07-29 14:20:00+05:30,682.8,682.8,682.2,682.65,2204.0
2026-07-29 14:25:00+05:30,682.35,682.7,681.55,681.55,1380.0
2026-07-29 14:30:00+05:30,681.95,682.5,681.5,681.95,3236.0
2026-07-29 14:35:00+05:30,682.0,682.25,681.1,682.0,2485.0
2026-07-29 14:40:00+05:30,682.0,682.4,681.3,682.35,1173.0
2026-07-29 14:45:00+05:30,682.35,684.35,677.0,679.1,63920.0
2026-07-29 14:50:00+05:30,679.1,679.1,673.15,676.05,87667.0
2026-07-29 14:55:00+05:30,676.8,678.8,675.2,678.15,25926.0
2026-07-29 15:00:00+05:30,677.95,680.8,677.45,680.2,26162.0
2026-07-29 15:05:00+05:30,680.2,681.0,679.0,680.0,12691.0
2026-07-29 15:10:00+05:30,679.7,680.45,679.0,679.9,17944.0
2026-07-29 15:15:00+05:30,679.05,679.6,676.7,677.8,23080.0
2026-07-29 15:20:00+05:30,677.8,680.3,676.7,679.85,18744.0
2026-07-29 15:25:00+05:30,679.05,679.9,677.75,679.9,10636.0
2026-07-30 09:15:00+05:30,679.05,679.3,673.0,673.5,26088.0
2026-07-30 09:20:00+05:30,674.3,676.3,672.75,675.35,13473.0
2026-07-30 09:25:00+05:30,675.7,676.9,675.7,676.8,6647.0
2026-07-30 09:30:00+05:30,676.8,677.75,676.5,676.7,4148.0
2026-07-30 09:35:00+05:30,676.9,677.45,675.55,677.0,3686.0
2026-07-30 09:40:00+05:30,677.0,677.0,676.05,676.55,1913.0
2026-07-30 09:45:00+05:30,677.0,678.0,676.7,677.2,1863.0
2026-07-30 09:50:00+05:30,677.4,678.0,676.9,677.7,1251.0
2026-07-30 09:55:00+05:30,677.0,677.95,677.0,677.85,764.0
2026-07-30 10:00:00+05:30,677.9,677.9,677.5,677.9,947.0
2026-07-30 10:05:00+05:30,677.5,677.8,677.5,677.5,752.0
2026-07-30 10:10:00+05:30,677.8,677.8,676.1,676.1,4210.0
2026-07-30 10:15:00+05:30,676.65,677.1,676.0,676.35,6750.0
2026-07-30 10:20:00+05:30,676.4,676.4,675.0,675.1,4856.0
2026-07-30 10:25:00+05:30,675.2,675.9,675.2,675.7,510.0
2026-07-30 10:30:00+05:30,675.7,675.75,675.0,675.4,2444.0
2026-07-30 10:35:00+05:30,675.05,676.35,675.05,675.95,1548.0
2026-07-30 10:40:00+05:30,675.95,676.4,675.5,676.2,4203.0
2026-07-30 10:45:00+05:30,676.25,676.45,675.65,676.4,961.0
2026-07-30 10:50:00+05:30,676.4,676.9,676.0,676.45,1260.0
2026-07-30 10:55:00+05:30,676.15,676.65,676.05,676.45,630.0
2026-07-30 11:00:00+05:30,676.45,676.85,676.4,676.8,598.0
2026-07-30 11:05:00+05:30,676.8,676.85,676.0,676.0,512.0
2026-07-30 11:10:00+05:30,676.35,676.75,676.0,676.2,2443.0
2026-07-30 11:15:00+05:30,676.7,676.8,675.5,676.1,5670.0
2026-07-30 11:20:00+05:30,675.55,676.3,675.55,676.0,499.0
2026-07-30 11:25:00+05:30,676.0,676.8,676.0,676.8,552.0
2026-07-30 11:30:00+05:30,676.8,676.9,676.35,676.9,1343.0
2026-07-30 11:35:00+05:30,676.9,676.9,676.35,676.9,382.0
2026-07-30 11:40:00+05:30,676.35,676.5,675.7,676.15,1393.0
2026-07-30 11:45:00+05:30,676.1,676.15,675.3,675.6,439.0
2026-07-30 11:50:00+05:30,675.6,675.6,675.3,675.3,268.0
2026-07-30 11:55:00+05:30,675.3,675.9,675.1,675.85,403.0
2026-07-30 12:00:00+05:30,675.7,676.0,675.05,676.0,1384.0
2026-07-30 12:05:00+05:30,676.0,676.3,670.0,673.5,26315.0
2026-07-30 12:10:00+05:30,673.45,674.0,673.05,673.15,2046.0
2026-07-30 12:15:00+05:30,673.5,674.0,673.1,673.25,4271.0
2026-07-30 12:20:00+05:30,673.15,673.95,673.15,673.4,2737.0
2026-07-30 12:25:00+05:30,673.7,673.95,673.45,673.45,394.0
2026-07-30 12:30:00+05:30,673.55,674.7,673.45,674.15,2586.0
2026-07-30 12:35:00+05:30,674.65,674.7,674.15,674.35,569.0
2026-07-30 12:40:00+05:30,674.35,674.35,673.85,674.0,487.0
2026-07-30 12:45:00+05:30,674.0,674.5,673.5,674.5,798.0
2026-07-30 12:50:00+05:30,674.5,674.5,673.35,673.7,1253.0
2026-07-30 12:55:00+05:30,673.7,674.45,673.7,674.45,364.0
2026-07-30 13:00:00+05:30,674.45,674.5,673.95,674.35,488.0
2026-07-30 13:05:00+05:30,674.35,674.45,673.6,673.6,1355.0
2026-07-30 13:10:00+05:30,673.65,673.65,672.2,673.3,7136.0
2026-07-30 13:15:00+05:30,673.3,673.5,672.8,673.5,380.0
2026-07-30 13:20:00+05:30,673.5,673.65,673.0,673.6,713.0
2026-07-30 13:25:00+05:30,673.6,673.6,673.0,673.0,1791.0
2026-07-30 13:30:00+05:30,673.15,673.15,672.6,673.0,2842.0
2026-07-30 13:35:00+05:30,673.0,673.25,672.7,673.2,1295.0
2026-07-30 13:40:00+05:30,673.2,673.2,672.3,672.85,1614.0
2026-07-30 13:45:00+05:30,672.85,673.35,672.6,673.05,2762.0
2026-07-30 13:50:00+05:30,672.95,672.95,671.8,672.9,4584.0
2026-07-30 13:55:00+05:30,672.8,673.05,672.75,673.0,514.0
2026-07-30 14:00:00+05:30,672.75,673.0,672.3,672.35,515.0
2026-07-30 14:05:00+05:30,672.35,672.65,672.2,672.45,1687.0
2026-07-30 14:10:00+05:30,672.2,672.85,672.2,672.75,815.0
2026-07-30 14:15:00+05:30,672.35,672.65,671.8,671.8,3589.0
2026-07-30 14:20:00+05:30,672.2,672.7,671.75,672.7,3150.0
2026-07-30 14:25:00+05:30,672.7,672.95,672.5,672.7,1094.0
2026-07-30 14:30:00+05:30,672.85,673.4,672.7,673.3,1667.0
2026-07-30 14:35:00+05:30,673.3,673.3,673.0,673.3,595.0
2026-07-30 14:40:00+05:30,673.25,673.25,672.1,672.45,707.0
2026-07-30 14:45:00+05:30,672.15,672.8,672.15,672.65,446.0
2026-07-30 14:50:00+05:30,672.65,673.25,672.65,673.25,1662.0
2026-07-30 14:55:00+05:30,673.25,673.6,672.65,672.65,3898.0
2026-07-30 15:00:00+05:30,672.65,672.8,671.8,671.8,3602.0
2026-07-30 15:05:00+05:30,671.8,673.2,671.6,673.15,10926.0
2026-07-30 15:10:00+05:30,673.2,673.2,670.5,670.7,12917.0
2026-07-30 15:15:00+05:30,670.6,672.0,667.9,669.0,24787.0
2026-07-30 15:20:00+05:30,669.0,669.65,668.2,669.4,11391.0
2026-07-30 15:25:00+05:30,669.55,669.55,668.3,668.7,15142.0
