dt,open,high,low,close,volume
2026-05-29 09:15:00+05:30,595.85,614.1,595.45,613.15,51375.0
2026-05-29 09:20:00+05:30,613.25,614.55,612.05,613.2,19043.0
2026-05-29 09:25:00+05:30,613.2,613.95,611.0,611.85,9084.0
2026-05-29 09:30:00+05:30,611.5,613.4,610.6,612.7,12590.0
2026-05-29 09:35:00+05:30,612.9,616.5,612.3,616.0,15025.0
2026-05-29 09:40:00+05:30,616.4,616.5,611.2,611.85,18421.0
2026-05-29 09:45:00+05:30,612.1,612.25,605.0,609.85,22274.0
2026-05-29 09:50:00+05:30,609.85,611.2,608.8,609.15,7535.0
2026-05-29 09:55:00+05:30,609.5,610.2,608.15,610.2,5690.0
2026-05-29 10:00:00+05:30,610.5,611.4,609.2,609.2,2061.0
2026-05-29 10:05:00+05:30,609.2,611.0,609.2,610.05,2261.0
2026-05-29 10:10:00+05:30,610.05,610.85,609.25,609.5,399.0
2026-05-29 10:15:00+05:30,609.5,610.0,608.55,609.5,2823.0
2026-05-29 10:20:00+05:30,609.1,609.5,608.45,609.0,1386.0
2026-05-29 10:25:00+05:30,608.55,612.0,608.55,609.7,16572.0
2026-05-29 10:30:00+05:30,609.7,610.6,609.7,610.6,811.0
2026-05-29 10:35:00+05:30,610.2,610.2,609.15,609.25,514.0
2026-05-29 10:40:00+05:30,609.55,610.45,609.3,609.55,786.0
2026-05-29 10:45:00+05:30,609.55,618.8,609.55,615.55,21479.0
2026-05-29 10:50:00+05:30,616.1,617.45,615.45,615.9,6744.0
2026-05-29 10:55:00+05:30,615.45,615.45,614.2,614.2,775.0
2026-05-29 11:00:00+05:30,614.3,615.4,614.3,614.55,821.0
2026-05-29 11:05:00+05:30,614.55,617.25,614.15,617.25,3501.0
2026-05-29 11:10:00+05:30,616.6,617.6,615.95,616.1,1120.0
2026-05-29 11:15:00+05:30,616.1,616.4,614.55,615.75,5801.0
2026-05-29 11:20:00+05:30,616.4,616.4,615.75,615.75,743.0
2026-05-29 11:25:00+05:30,615.75,616.25,615.25,615.7,908.0
2026-05-29 11:30:00+05:30,615.25,615.95,615.25,615.3,149.0
2026-05-29 11:35:00+05:30,615.8,616.0,615.3,615.4,1120.0
2026-05-29 11:40:00+05:30,615.4,618.4,614.85,618.4,10266.0
2026-05-29 11:45:00+05:30,618.4,621.15,617.15,617.4,19942.0
2026-05-29 11:50:00+05:30,617.4,617.4,601.5,604.8,47041.0
2026-05-29 11:55:00+05:30,605.35,605.35,602.4,603.4,7844.0
2026-05-29 12:00:00+05:30,602.7,603.4,602.7,603.05,1483.0
2026-05-29 12:05:00+05:30,602.75,604.0,602.7,602.7,3675.0
2026-05-29 12:10:00+05:30,602.7,603.65,601.85,602.25,4560.0
2026-05-29 12:15:00+05:30,602.25,602.35,601.75,601.8,1662.0
2026-05-29 12:20:00+05:30,601.85,602.95,601.85,602.25,1658.0
2026-05-29 12:25:00+05:30,602.25,605.35,602.25,603.8,5605.0
2026-05-29 12:30:00+05:30,603.8,604.3,603.45,604.25,1498.0
2026-05-29 12:35:00+05:30,603.85,604.45,603.45,603.45,1953.0
2026-05-29 12:40:00+05:30,603.45,604.5,603.45,604.0,2047.0
2026-05-29 12:45:00+05:30,604.0,604.3,603.35,603.4,2825.0
2026-05-29 12:50:00+05:30,603.4,603.45,603.0,603.0,2160.0
2026-05-29 12:55:00+05:30,603.0,603.2,602.05,602.25,3000.0
2026-05-29 13:00:00+05:30,602.25,602.8,602.25,602.35,1528.0
2026-05-29 13:05:00+05:30,602.35,603.05,601.55,602.05,5973.0
2026-05-29 13:10:00+05:30,602.05,602.5,601.2,602.25,1671.0
2026-05-29 13:15:00+05:30,602.25,604.0,602.25,603.15,1553.0
2026-05-29 13:20:00+05:30,603.15,603.4,603.15,603.15,1375.0
2026-05-29 13:25:00+05:30,603.15,603.6,603.05,603.05,1905.0
2026-05-29 13:30:00+05:30,603.05,603.2,600.45,603.0,10788.0
2026-05-29 13:35:00+05:30,603.0,603.3,602.15,603.0,2196.0
2026-05-29 13:40:00+05:30,602.6,603.5,602.1,603.0,3301.0
2026-05-29 13:45:00+05:30,603.0,603.2,598.7,598.7,4443.0
2026-05-29 13:50:00+05:30,596.6,596.65,594.2,596.65,4320.0
2026-05-29 13:55:00+05:30,596.9,598.0,596.3,596.4,2266.0
2026-05-29 14:00:00+05:30,596.35,600.65,595.6,600.0,9658.0
2026-05-29 14:05:00+05:30,600.0,600.5,598.95,599.5,2425.0
2026-05-29 14:10:00+05:30,600.0,600.0,599.1,600.0,1834.0
2026-05-29 14:15:00+05:30,599.65,600.85,598.95,599.5,4234.0
2026-05-29 14:20:00+05:30,600.0,603.1,599.15,602.85,4844.0
2026-05-29 14:25:00+05:30,602.85,603.15,600.1,600.9,4998.0
2026-05-29 14:30:00+05:30,600.9,602.55,600.5,601.15,1743.0
2026-05-29 14:35:00+05:30,601.15,604.15,601.15,603.15,4188.0
2026-05-29 14:40:00+05:30,603.15,603.6,603.05,603.05,1687.0
2026-05-29 14:45:00+05:30,603.05,604.8,600.5,600.5,11136.0
2026-05-29 14:50:00+05:30,600.5,601.85,600.5,601.15,1903.0
2026-05-29 14:55:00+05:30,601.15,603.9,600.8,603.05,17701.0
2026-05-29 15:00:00+05:30,603.0,603.75,600.15,601.35,5119.0
2026-05-29 15:05:00+05:30,600.95,601.35,599.0,599.85,10563.0
2026-05-29 15:10:00+05:30,600.0,606.1,599.4,604.1,26441.0
2026-05-29 15:15:00+05:30,604.1,604.5,598.95,600.0,24210.0
2026-05-29 15:20:00+05:30,599.8,602.0,590.4,600.0,75371.0
2026-05-29 15:25:00+05:30,599.7,602.95,598.7,600.0,31729.0
2026-06-01 09:15:00+05:30,600.0,600.0,590.7,590.85,2956.0
2026-06-01 09:20:00+05:30,590.85,590.85,583.1,584.0,2929.0
2026-06-01 09:25:00+05:30,584.1,587.8,583.45,587.8,3572.0
2026-06-01 09:30:00+05:30,587.85,587.85,584.75,584.75,2483.0
2026-06-01 09:35:00+05:30,584.2,585.9,583.1,585.9,3435.0
2026-06-01 09:40:00+05:30,585.85,588.85,583.6,586.85,6848.0
2026-06-01 09:45:00+05:30,589.35,593.75,589.35,592.25,3275.0
2026-06-01 09:50:00+05:30,591.05,592.1,588.95,591.15,2766.0
2026-06-01 09:55:00+05:30,590.95,591.1,590.45,590.8,1261.0
2026-06-01 10:00:00+05:30,591.4,591.75,590.6,591.45,556.0
2026-06-01 10:05:00+05:30,590.9,592.0,590.9,591.45,215.0
2026-06-01 10:10:00+05:30,591.35,591.45,590.9,591.45,97.0
2026-06-01 10:15:00+05:30,592.05,592.7,591.4,592.0,552.0
2026-06-01 10:20:00+05:30,592.35,594.45,590.7,592.75,2443.0
2026-06-01 10:25:00+05:30,593.3,593.3,591.45,591.8,172.0
2026-06-01 10:30:00+05:30,591.75,592.85,591.35,592.0,349.0
2026-06-01 10:35:00+05:30,592.35,594.65,591.85,593.85,2961.0
2026-06-01 10:40:00+05:30,593.15,593.15,592.35,592.35,226.0
2026-06-01 10:45:00+05:30,592.7,593.35,592.45,592.7,201.0
2026-06-01 10:50:00+05:30,593.2,602.9,592.75,601.7,13336.0
2026-06-01 10:55:00+05:30,601.7,601.7,600.05,600.05,487.0
2026-06-01 11:00:00+05:30,600.05,602.15,600.05,601.5,1713.0
2026-06-01 11:05:00+05:30,601.5,601.5,600.7,600.8,875.0
2026-06-01 11:10:00+05:30,600.0,600.6,599.5,600.05,492.0
2026-06-01 11:15:00+05:30,601.25,601.25,600.0,600.2,2281.0
2026-06-01 11:20:00+05:30,600.2,600.2,600.0,600.15,79.0
2026-06-01 11:25:00+05:30,600.15,600.8,600.15,600.8,223.0
2026-06-01 11:30:00+05:30,600.8,600.8,599.05,600.0,777.0
2026-06-01 11:35:00+05:30,600.0,600.75,599.9,599.9,785.0
2026-06-01 11:40:00+05:30,600.0,600.0,600.0,600.0,113.0
2026-06-01 11:45:00+05:30,600.0,600.0,599.35,600.0,1157.0
2026-06-01 11:50:00+05:30,600.0,600.0,592.65,593.0,6731.0
2026-06-01 11:55:00+05:30,592.6,600.0,589.3,598.55,9867.0
2026-06-01 12:00:00+05:30,594.4,600.75,594.4,597.05,21148.0
2026-06-01 12:05:00+05:30,596.8,600.55,595.5,600.0,10548.0
2026-06-01 12:10:00+05:30,600.0,600.9,600.0,600.45,1178.0
2026-06-01 12:15:00+05:30,600.45,602.15,600.1,602.1,1699.0
2026-06-01 12:20:00+05:30,602.1,602.1,601.15,601.3,182.0
2026-06-01 12:25:00+05:30,601.3,604.8,600.6,603.45,7546.0
2026-06-01 12:30:00+05:30,604.0,604.0,603.0,603.85,2128.0
2026-06-01 12:35:00+05:30,603.85,603.9,603.55,603.6,372.0
2026-06-01 12:40:00+05:30,603.95,604.95,603.75,604.95,1909.0
2026-06-01 12:45:00+05:30,604.95,608.35,604.95,606.55,6492.0
2026-06-01 12:50:00+05:30,606.55,607.25,606.0,607.25,1083.0
2026-06-01 12:55:00+05:30,606.75,606.8,606.1,606.1,552.0
2026-06-01 13:00:00+05:30,606.5,606.5,604.75,605.45,2212.0
2026-06-01 13:05:00+05:30,605.3,605.85,604.0,604.0,949.0
2026-06-01 13:10:00+05:30,604.0,604.0,598.7,598.7,10240.0
2026-06-01 13:15:00+05:30,597.8,603.0,597.15,600.15,13729.0
2026-06-01 13:20:00+05:30,600.15,600.9,599.9,599.9,7151.0
2026-06-01 13:25:00+05:30,600.4,600.5,598.55,598.55,4281.0
2026-06-01 13:30:00+05:30,599.4,599.75,598.4,598.4,429.0
2026-06-01 13:35:00+05:30,598.0,600.2,596.9,600.0,2655.0
2026-06-01 13:40:00+05:30,600.0,602.6,599.85,602.6,5161.0
2026-06-01 13:45:00+05:30,602.6,603.05,602.1,602.1,965.0
2026-06-01 13:50:00+05:30,601.95,605.15,601.5,604.2,10675.0
2026-06-01 13:55:00+05:30,604.2,605.1,604.2,604.2,831.0
2026-06-01 14:00:00+05:30,604.55,604.55,603.35,603.4,727.0
2026-06-01 14:05:00+05:30,603.35,603.75,603.2,603.75,863.0
2026-06-01 14:10:00+05:30,603.75,606.0,603.45,606.0,1916.0
2026-06-01 14:15:00+05:30,605.65,607.3,603.4,607.3,2591.0
2026-06-01 14:20:00+05:30,607.0,608.0,605.65,605.65,1357.0
2026-06-01 14:25:00+05:30,605.9,606.85,605.9,605.9,676.0
2026-06-01 14:30:00+05:30,605.25,606.9,605.25,605.75,2861.0
2026-06-01 14:35:00+05:30,605.75,606.6,605.75,606.05,801.0
2026-06-01 14:40:00+05:30,605.8,607.85,605.8,607.85,1131.0
2026-06-01 14:45:00+05:30,607.1,608.4,605.1,606.0,6209.0
2026-06-01 14:50:00+05:30,605.25,605.35,604.15,605.3,1203.0
2026-06-01 14:55:00+05:30,606.05,607.05,605.15,605.55,996.0
2026-06-01 15:00:00+05:30,605.15,610.45,604.35,610.05,6605.0
2026-06-01 15:05:00+05:30,610.0,610.8,609.95,610.3,5392.0
2026-06-01 15:10:00+05:30,610.8,611.4,610.0,610.05,4881.0
2026-06-01 15:15:00+05:30,610.75,612.1,609.75,610.1,17627.0
2026-06-01 15:20:00+05:30,610.7,615.25,610.35,612.35,21443.0
2026-06-01 15:25:00+05:30,611.35,612.55,608.5,610.0,6299.0
2026-06-02 09:15:00+05:30,612.8,618.0,611.4,616.0,22864.0
2026-06-02 09:20:00+05:30,615.4,616.0,614.9,616.0,3552.0
2026-06-02 09:25:00+05:30,615.25,616.5,615.25,616.05,5021.0
2026-06-02 09:30:00+05:30,615.5,615.8,613.05,613.2,1403.0
2026-06-02 09:35:00+05:30,614.05,617.5,614.05,617.45,4091.0
2026-06-02 09:40:00+05:30,618.0,618.5,616.85,617.65,2689.0
2026-06-02 09:45:00+05:30,617.0,618.15,616.5,616.5,1851.0
2026-06-02 09:50:00+05:30,617.05,617.25,616.25,617.15,1747.0
2026-06-02 09:55:00+05:30,616.65,617.8,616.6,617.55,3005.0
2026-06-02 10:00:00+05:30,617.8,618.0,615.7,616.15,1788.0
2026-06-02 10:05:00+05:30,616.35,616.35,615.75,616.0,216.0
2026-06-02 10:10:00+05:30,616.0,616.0,614.1,614.4,2224.0
2026-06-02 10:15:00+05:30,613.9,614.3,613.75,614.3,2403.0
2026-06-02 10:20:00+05:30,614.3,615.8,614.25,615.2,1184.0
2026-06-02 10:25:00+05:30,615.35,616.5,615.35,615.85,1175.0
2026-06-02 10:30:00+05:30,615.5,615.5,614.7,615.5,1825.0
2026-06-02 10:35:00+05:30,615.65,616.05,615.3,615.3,344.0
2026-06-02 10:40:00+05:30,616.5,617.95,616.3,617.1,2843.0
2026-06-02 10:45:00+05:30,616.75,618.7,616.7,618.6,22049.0
2026-06-02 10:50:00+05:30,618.6,619.5,617.4,619.4,15896.0
2026-06-02 10:55:00+05:30,619.4,620.5,618.8,619.65,15189.0
2026-06-02 11:00:00+05:30,619.65,619.95,619.25,619.85,2632.0
2026-06-02 11:05:00+05:30,619.9,619.95,619.65,619.95,1341.0
2026-06-02 11:10:00+05:30,619.95,620.5,619.6,620.3,4941.0
2026-06-02 11:15:00+05:30,620.5,623.3,620.5,623.0,11825.0
2026-06-02 11:20:00+05:30,623.0,632.55,622.7,632.2,22578.0
2026-06-02 11:25:00+05:30,632.2,634.45,630.6,633.5,13521.0
2026-06-02 11:30:00+05:30,632.6,632.9,630.0,630.6,6553.0
2026-06-02 11:35:00+05:30,630.8,631.25,630.0,630.7,2572.0
2026-06-02 11:40:00+05:30,630.7,632.0,628.2,631.95,24924.0
2026-06-02 11:45:00+05:30,632.0,635.0,631.55,634.85,14253.0
2026-06-02 11:50:00+05:30,634.4,635.0,633.35,633.8,6004.0
2026-06-02 11:55:00+05:30,633.55,636.15,633.55,635.65,14172.0
2026-06-02 12:00:00+05:30,635.7,635.85,633.05,633.05,6776.0
2026-06-02 12:05:00+05:30,633.05,633.5,631.15,632.05,4460.0
2026-06-02 12:10:00+05:30,632.05,632.95,631.15,632.8,7075.0
2026-06-02 12:15:00+05:30,632.9,632.9,631.5,632.6,1317.0
2026-06-02 12:20:00+05:30,631.95,632.85,631.25,631.8,5303.0
2026-06-02 12:25:00+05:30,632.25,636.0,632.1,634.85,13092.0
2026-06-02 12:30:00+05:30,634.85,635.4,632.55,633.8,4878.0
2026-06-02 12:35:00+05:30,633.95,634.5,633.1,633.55,1341.0
2026-06-02 12:40:00+05:30,633.8,633.8,632.0,632.0,3100.0
2026-06-02 12:45:00+05:30,632.2,633.25,631.4,631.4,3066.0
2026-06-02 12:50:00+05:30,632.0,633.45,631.6,632.85,1820.0
2026-06-02 12:55:00+05:30,633.1,633.5,630.5,630.85,2084.0
2026-06-02 13:00:00+05:30,630.85,635.6,630.1,634.45,7932.0
2026-06-02 13:05:00+05:30,634.75,634.75,631.15,631.5,2439.0
2026-06-02 13:10:00+05:30,631.5,632.3,630.75,631.2,575.0
2026-06-02 13:15:00+05:30,631.15,632.85,630.8,632.8,4074.0
2026-06-02 13:20:00+05:30,632.25,640.4,632.25,637.1,22847.0
2026-06-02 13:25:00+05:30,636.6,637.3,631.2,631.9,3900.0
2026-06-02 13:30:00+05:30,632.1,632.1,630.0,631.05,3272.0
2026-06-02 13:35:00+05:30,631.0,631.65,630.0,630.15,1780.0
2026-06-02 13:40:00+05:30,630.0,632.25,630.0,632.05,3173.0
2026-06-02 13:45:00+05:30,631.9,632.85,631.0,632.25,1758.0
2026-06-02 13:50:00+05:30,632.4,632.9,631.45,632.55,1311.0
2026-06-02 13:55:00+05:30,632.6,633.0,631.9,632.45,535.0
2026-06-02 14:00:00+05:30,631.95,632.0,628.45,630.0,13644.0
2026-06-02 14:05:00+05:30,629.25,631.0,628.0,630.25,10551.0
2026-06-02 14:10:00+05:30,630.25,631.15,630.0,630.65,1757.0
2026-06-02 14:15:00+05:30,630.45,630.75,630.0,630.15,612.0
2026-06-02 14:20:00+05:30,630.35,630.55,629.7,630.0,1228.0
2026-06-02 14:25:00+05:30,630.15,630.85,629.5,630.4,11641.0
2026-06-02 14:30:00+05:30,630.05,630.05,626.55,626.8,12424.0
2026-06-02 14:35:00+05:30,626.1,626.3,621.5,621.9,14430.0
2026-06-02 14:40:00+05:30,621.8,622.8,616.35,619.7,13527.0
2026-06-02 14:45:00+05:30,619.7,621.6,619.7,621.1,5181.0
2026-06-02 14:50:00+05:30,621.55,622.8,621.1,621.85,4980.0
2026-06-02 14:55:00+05:30,621.85,621.85,618.8,619.6,2314.0
2026-06-02 15:00:00+05:30,618.95,621.25,618.0,620.15,2736.0
2026-06-02 15:05:00+05:30,620.15,620.15,619.05,619.5,933.0
2026-06-02 15:10:00+05:30,619.5,619.85,618.6,618.65,1732.0
2026-06-02 15:15:00+05:30,618.6,618.8,615.45,617.9,13391.0
2026-06-02 15:20:00+05:30,618.1,618.15,616.05,616.65,2400.0
2026-06-02 15:25:00+05:30,616.65,618.3,613.0,614.0,4885.0
2026-06-03 09:15:00+05:30,617.0,619.95,612.95,613.0,3833.0
2026-06-03 09:20:00+05:30,613.9,615.4,611.3,614.1,4272.0
2026-06-03 09:25:00+05:30,614.95,614.95,611.95,614.0,2029.0
2026-06-03 09:30:00+05:30,613.55,615.05,612.15,612.15,657.0
2026-06-03 09:35:00+05:30,611.6,613.95,611.3,613.25,1686.0
2026-06-03 09:40:00+05:30,613.7,615.3,613.2,615.3,660.0
2026-06-03 09:45:00+05:30,614.85,620.45,614.0,620.0,6530.0
2026-06-03 09:50:00+05:30,620.55,622.5,619.15,619.15,5271.0
2026-06-03 09:55:00+05:30,618.4,618.4,616.2,617.65,2095.0
2026-06-03 10:00:00+05:30,617.15,619.55,616.5,617.9,2562.0
2026-06-03 10:05:00+05:30,619.05,619.8,618.35,619.0,646.0
2026-06-03 10:10:00+05:30,619.0,619.1,617.2,617.25,349.0
2026-06-03 10:15:00+05:30,617.25,618.9,615.75,618.9,192.0
2026-06-03 10:20:00+05:30,618.7,619.1,618.15,618.75,223.0
2026-06-03 10:25:00+05:30,618.35,619.85,618.35,619.5,102.0
2026-06-03 10:30:00+05:30,618.75,620.05,617.05,617.3,2071.0
2026-06-03 10:35:00+05:30,616.35,619.4,616.35,618.95,250.0
2026-06-03 10:40:00+05:30,618.85,619.0,617.95,618.0,484.0
2026-06-03 10:45:00+05:30,618.5,619.0,617.4,617.4,158.0
2026-06-03 10:50:00+05:30,617.3,618.0,617.25,617.25,113.0
2026-06-03 10:55:00+05:30,617.25,618.55,617.25,617.55,94.0
2026-06-03 11:00:00+05:30,617.55,617.55,616.3,616.3,935.0
2026-06-03 11:05:00+05:30,616.2,616.95,613.55,614.35,2323.0
2026-06-03 11:10:00+05:30,614.2,614.8,614.0,614.0,344.0
2026-06-03 11:15:00+05:30,613.75,614.9,613.15,614.55,2463.0
2026-06-03 11:20:00+05:30,614.55,614.85,613.65,614.8,1158.0
2026-06-03 11:25:00+05:30,614.5,614.55,612.9,613.25,523.0
2026-06-03 11:30:00+05:30,613.25,613.7,612.6,613.7,337.0
2026-06-03 11:35:00+05:30,613.7,613.7,612.8,612.85,259.0
2026-06-03 11:40:00+05:30,613.65,613.8,612.85,613.0,372.0
2026-06-03 11:45:00+05:30,613.0,613.55,613.0,613.35,43.0
2026-06-03 11:50:00+05:30,613.4,613.4,612.2,612.65,463.0
2026-06-03 11:55:00+05:30,612.85,613.1,610.0,610.0,2180.0
2026-06-03 12:00:00+05:30,610.7,611.0,609.05,609.85,1151.0
2026-06-03 12:05:00+05:30,609.15,610.5,608.55,609.7,1479.0
2026-06-03 12:10:00+05:30,609.7,610.35,608.8,608.8,75.0
2026-06-03 12:15:00+05:30,609.0,610.5,609.0,609.3,551.0
2026-06-03 12:20:00+05:30,609.85,611.25,609.85,610.2,332.0
2026-06-03 12:25:00+05:30,610.2,611.85,610.2,611.05,3107.0
2026-06-03 12:30:00+05:30,611.0,611.75,611.0,611.0,138.0
2026-06-03 12:35:00+05:30,612.3,614.9,612.3,614.75,2791.0
2026-06-03 12:40:00+05:30,615.05,616.0,614.95,615.85,509.0
2026-06-03 12:45:00+05:30,615.5,615.9,613.8,613.8,629.0
2026-06-03 12:50:00+05:30,615.2,616.1,615.2,616.1,144.0
2026-06-03 12:55:00+05:30,616.1,616.8,615.85,615.85,2394.0
2026-06-03 13:00:00+05:30,616.1,616.75,615.85,615.85,307.0
2026-06-03 13:05:00+05:30,616.05,616.65,614.35,614.35,292.0
2026-06-03 13:10:00+05:30,614.65,614.65,613.3,613.3,196.0
2026-06-03 13:15:00+05:30,613.55,615.2,613.2,613.25,1046.0
2026-06-03 13:20:00+05:30,613.25,614.15,613.25,614.15,12.0
2026-06-03 13:25:00+05:30,614.0,615.65,612.7,615.2,1350.0
2026-06-03 13:30:00+05:30,615.2,615.2,612.6,613.65,1515.0
2026-06-03 13:35:00+05:30,613.6,613.85,612.8,613.7,128.0
2026-06-03 13:40:00+05:30,613.3,616.8,613.3,615.15,2553.0
2026-06-03 13:45:00+05:30,615.1,618.4,615.1,617.05,583.0
2026-06-03 13:50:00+05:30,617.6,618.4,616.05,616.5,614.0
2026-06-03 13:55:00+05:30,616.85,617.1,616.2,616.2,148.0
2026-06-03 14:00:00+05:30,616.15,617.25,616.1,617.2,202.0
2026-06-03 14:05:00+05:30,617.2,617.2,615.5,615.95,124.0
2026-06-03 14:10:00+05:30,616.6,616.6,615.7,615.7,254.0
2026-06-03 14:15:00+05:30,616.1,619.0,616.1,618.95,4129.0
2026-06-03 14:20:00+05:30,618.75,619.0,618.75,619.0,326.0
2026-06-03 14:25:00+05:30,619.0,619.0,618.15,619.0,295.0
2026-06-03 14:30:00+05:30,618.55,620.0,618.35,619.8,1698.0
2026-06-03 14:35:00+05:30,619.8,619.85,618.6,618.6,98.0
2026-06-03 14:40:00+05:30,618.6,622.5,618.6,621.8,4284.0
2026-06-03 14:45:00+05:30,622.5,622.5,620.0,620.95,242.0
2026-06-03 14:50:00+05:30,620.85,621.9,620.85,621.5,120.0
2026-06-03 14:55:00+05:30,621.5,621.5,620.0,620.85,445.0
2026-06-03 15:00:00+05:30,619.55,619.55,616.05,617.95,752.0
2026-06-03 15:05:00+05:30,617.2,618.5,616.6,616.6,370.0
2026-06-03 15:10:00+05:30,616.6,617.35,615.7,616.3,583.0
2026-06-03 15:15:00+05:30,617.3,617.3,612.25,614.05,992.0
2026-06-03 15:20:00+05:30,614.0,616.35,610.95,613.2,2771.0
2026-06-03 15:25:00+05:30,614.95,615.75,607.0,608.0,3671.0
2026-06-04 09:15:00+05:30,610.9,612.75,607.9,612.75,1469.0
2026-06-04 09:20:00+05:30,612.25,620.9,612.25,619.55,4257.0
2026-06-04 09:25:00+05:30,619.55,620.35,618.75,620.3,4144.0
2026-06-04 09:30:00+05:30,619.65,619.65,616.85,617.05,1185.0
2026-06-04 09:35:00+05:30,617.7,617.7,616.0,616.0,166.0
2026-06-04 09:40:00+05:30,615.6,616.65,615.4,616.4,419.0
2026-06-04 09:45:00+05:30,615.7,618.25,615.7,618.25,431.0
2026-06-04 09:50:00+05:30,618.85,621.0,617.8,620.3,1356.0
2026-06-04 09:55:00+05:30,619.35,620.5,618.25,620.5,625.0
2026-06-04 10:00:00+05:30,620.5,620.5,619.55,619.55,439.0
2026-06-04 10:05:00+05:30,619.55,619.8,617.05,617.5,1846.0
2026-06-04 10:10:00+05:30,617.2,617.25,616.95,616.95,1128.0
2026-06-04 10:15:00+05:30,616.95,617.8,616.0,617.8,2624.0
2026-06-04 10:20:00+05:30,618.35,618.35,616.2,616.2,212.0
2026-06-04 10:25:00+05:30,616.95,617.0,616.85,617.0,41.0
2026-06-04 10:30:00+05:30,616.65,616.8,616.15,616.6,355.0
2026-06-04 10:35:00+05:30,617.0,617.65,616.05,616.9,893.0
2026-06-04 10:40:00+05:30,617.4,617.4,616.65,616.65,29.0
2026-06-04 10:45:00+05:30,617.5,617.5,616.85,617.0,24.0
2026-06-04 10:50:00+05:30,616.7,617.0,616.7,617.0,32.0
2026-06-04 10:55:00+05:30,616.7,627.0,616.65,625.6,6129.0
2026-06-04 11:00:00+05:30,625.6,631.45,622.5,631.45,16421.0
2026-06-04 11:05:00+05:30,630.9,632.85,626.55,627.4,6154.0
2026-06-04 11:10:00+05:30,627.8,627.8,626.4,627.8,4241.0
2026-06-04 11:15:00+05:30,627.5,628.15,627.15,627.15,291.0
2026-06-04 11:20:00+05:30,627.2,628.15,627.15,628.15,205.0
2026-06-04 11:25:00+05:30,628.15,628.25,627.35,627.45,710.0
2026-06-04 11:30:00+05:30,626.35,626.35,624.8,625.8,1604.0
2026-06-04 11:35:00+05:30,626.1,626.1,625.85,625.85,299.0
2026-06-04 11:40:00+05:30,626.75,627.5,626.3,626.65,315.0
2026-06-04 11:45:00+05:30,627.2,630.75,627.2,629.95,5584.0
2026-06-04 11:50:00+05:30,630.15,630.15,628.85,629.2,156.0
2026-06-04 11:55:00+05:30,628.5,632.0,627.95,627.95,5841.0
2026-06-04 12:00:00+05:30,627.05,627.5,627.05,627.5,157.0
2026-06-04 12:05:00+05:30,628.0,628.0,627.0,627.05,183.0
2026-06-04 12:10:00+05:30,627.05,627.05,626.0,626.8,516.0
2026-06-04 12:15:00+05:30,626.8,626.8,625.05,625.05,655.0
2026-06-04 12:20:00+05:30,625.0,625.95,625.0,625.95,823.0
2026-06-04 12:25:00+05:30,625.95,626.8,625.95,626.8,355.0
2026-06-04 12:30:00+05:30,626.8,626.8,625.3,625.3,622.0
2026-06-04 12:35:00+05:30,624.9,625.75,624.9,625.1,483.0
2026-06-04 12:40:00+05:30,625.1,625.65,625.05,625.65,13.0
2026-06-04 12:45:00+05:30,625.25,625.25,625.0,625.0,262.0
2026-06-04 12:50:00+05:30,626.4,626.5,626.15,626.5,201.0
2026-06-04 12:55:00+05:30,627.0,628.8,627.0,628.05,4651.0
2026-06-04 13:00:00+05:30,628.1,628.55,627.9,628.55,65.0
2026-06-04 13:05:00+05:30,628.8,630.6,628.55,630.6,2911.0
2026-06-04 13:10:00+05:30,630.0,630.95,627.85,627.95,7295.0
2026-06-04 13:15:00+05:30,626.7,630.3,626.7,630.3,1202.0
2026-06-04 13:20:00+05:30,630.65,630.65,629.3,630.0,1363.0
2026-06-04 13:25:00+05:30,630.0,630.5,629.8,629.85,421.0
2026-06-04 13:30:00+05:30,630.15,632.0,629.2,631.3,2970.0
2026-06-04 13:35:00+05:30,631.3,632.0,631.2,631.6,961.0
2026-06-04 13:40:00+05:30,631.1,631.75,629.5,629.9,1100.0
2026-06-04 13:45:00+05:30,630.4,631.0,630.2,630.75,132.0
2026-06-04 13:50:00+05:30,633.5,633.7,631.75,631.75,1833.0
2026-06-04 13:55:00+05:30,632.45,635.0,631.9,631.9,3835.0
2026-06-04 14:00:00+05:30,631.5,632.5,631.35,632.5,1984.0
2026-06-04 14:05:00+05:30,631.85,632.55,631.85,632.3,92.0
2026-06-04 14:10:00+05:30,632.3,632.3,631.5,631.5,870.0
2026-06-04 14:15:00+05:30,632.0,632.1,631.5,632.0,1050.0
2026-06-04 14:20:00+05:30,631.8,632.0,631.0,631.1,1576.0
2026-06-04 14:25:00+05:30,631.1,631.7,630.75,630.8,677.0
2026-06-04 14:30:00+05:30,630.15,631.4,630.15,630.6,1185.0
2026-06-04 14:35:00+05:30,630.7,631.75,630.7,631.75,106.0
2026-06-04 14:40:00+05:30,631.75,633.05,631.75,633.05,4107.0
2026-06-04 14:45:00+05:30,633.0,633.0,631.35,631.9,1516.0
2026-06-04 14:50:00+05:30,632.5,632.8,631.35,632.75,378.0
2026-06-04 14:55:00+05:30,632.25,632.75,630.8,630.8,1028.0
2026-06-04 15:00:00+05:30,630.8,632.0,630.1,631.65,3780.0
2026-06-04 15:05:00+05:30,631.65,631.95,631.05,631.8,552.0
2026-06-04 15:10:00+05:30,632.0,632.0,630.15,631.35,1710.0
2026-06-04 15:15:00+05:30,630.6,631.45,630.0,630.95,10423.0
2026-06-04 15:20:00+05:30,630.7,630.8,630.0,630.2,1450.0
2026-06-04 15:25:00+05:30,630.0,632.0,630.0,631.0,9400.0
2026-06-05 09:15:00+05:30,630.55,635.85,630.55,635.8,7600.0
2026-06-05 09:20:00+05:30,635.85,636.15,631.8,632.3,2180.0
2026-06-05 09:25:00+05:30,632.2,633.8,632.2,632.5,767.0
2026-06-05 09:30:00+05:30,632.5,633.05,631.25,631.25,468.0
2026-06-05 09:35:00+05:30,631.05,631.95,627.55,627.55,7076.0
2026-06-05 09:40:00+05:30,627.5,629.0,626.7,628.85,2888.0
2026-06-05 09:45:00+05:30,628.6,629.55,626.95,628.5,2409.0
2026-06-05 09:50:00+05:30,628.5,640.55,627.9,639.7,13460.0
2026-06-05 09:55:00+05:30,639.65,640.65,632.55,634.25,17765.0
2026-06-05 10:00:00+05:30,633.25,634.1,630.3,632.75,2329.0
2026-06-05 10:05:00+05:30,632.15,643.6,632.15,642.3,27827.0
2026-06-05 10:10:00+05:30,641.95,642.0,639.4,640.5,8768.0
2026-06-05 10:15:00+05:30,640.15,641.45,639.05,640.75,6708.0
2026-06-05 10:20:00+05:30,640.75,646.0,639.15,644.95,7693.0
2026-06-05 10:25:00+05:30,645.1,645.5,641.35,642.85,3809.0
2026-06-05 10:30:00+05:30,644.0,644.95,642.35,644.35,2392.0
2026-06-05 10:35:00+05:30,643.0,643.7,640.05,642.25,3228.0
2026-06-05 10:40:00+05:30,641.9,642.0,640.05,641.15,1772.0
2026-06-05 10:45:00+05:30,640.25,641.5,639.05,641.15,3089.0
2026-06-05 10:50:00+05:30,640.45,641.85,640.45,641.6,628.0
2026-06-05 10:55:00+05:30,641.6,641.95,640.75,641.55,1903.0
2026-06-05 11:00:00+05:30,642.0,643.4,641.5,642.1,2236.0
2026-06-05 11:05:00+05:30,641.8,641.9,636.1,638.55,4937.0
2026-06-05 11:10:00+05:30,637.75,638.4,637.15,637.8,601.0
2026-06-05 11:15:00+05:30,637.8,638.0,635.2,635.9,2939.0
2026-06-05 11:20:00+05:30,635.9,636.45,635.0,636.15,784.0
2026-06-05 11:25:00+05:30,635.5,636.45,635.5,635.95,1291.0
2026-06-05 11:30:00+05:30,635.45,636.3,635.1,636.2,1243.0
2026-06-05 11:35:00+05:30,635.8,636.4,635.4,636.2,711.0
2026-06-05 11:40:00+05:30,636.5,636.95,635.4,636.0,582.0
2026-06-05 11:45:00+05:30,636.0,636.25,635.35,636.0,2347.0
2026-06-05 11:50:00+05:30,636.0,636.0,635.0,635.8,546.0
2026-06-05 11:55:00+05:30,635.0,637.35,633.1,636.6,6072.0
2026-06-05 12:00:00+05:30,636.3,638.05,635.1,636.85,3551.0
2026-06-05 12:05:00+05:30,636.85,637.0,636.85,636.85,68.0
2026-06-05 12:10:00+05:30,636.0,637.2,636.0,637.0,236.0
2026-06-05 12:15:00+05:30,636.85,637.0,636.4,637.0,427.0
2026-06-05 12:20:00+05:30,637.0,637.0,635.7,636.8,448.0
2026-06-05 12:25:00+05:30,636.2,636.85,635.3,635.3,450.0
2026-06-05 12:30:00+05:30,635.3,635.95,634.15,635.35,1917.0
2026-06-05 12:35:00+05:30,634.3,635.2,634.0,635.2,2002.0
2026-06-05 12:40:00+05:30,634.9,638.7,634.1,638.7,8247.0
2026-06-05 12:45:00+05:30,638.35,638.35,637.5,637.55,127.0
2026-06-05 12:50:00+05:30,637.6,641.9,636.9,641.6,7090.0
2026-06-05 12:55:00+05:30,641.75,641.75,639.2,640.2,1451.0
2026-06-05 13:00:00+05:30,639.3,640.8,639.15,640.75,4316.0
2026-06-05 13:05:00+05:30,640.25,640.7,639.0,639.75,1440.0
2026-06-05 13:10:00+05:30,639.15,640.0,639.0,639.9,6405.0
2026-06-05 13:15:00+05:30,639.9,639.95,638.25,639.15,16621.0
2026-06-05 13:20:00+05:30,639.15,639.15,637.0,637.65,100.0
2026-06-05 13:25:00+05:30,637.65,638.3,636.85,637.75,273.0
2026-06-05 13:30:00+05:30,637.3,638.2,636.85,637.85,1263.0
2026-06-05 13:35:00+05:30,637.1,638.25,637.1,638.05,463.0
2026-06-05 13:40:00+05:30,638.05,638.6,636.05,636.2,1705.0
2026-06-05 13:45:00+05:30,634.85,636.0,628.5,628.5,28220.0
2026-06-05 13:50:00+05:30,628.65,629.8,626.0,626.3,2153.0
2026-06-05 13:55:00+05:30,626.3,640.05,626.05,639.65,28790.0
2026-06-05 14:00:00+05:30,638.8,639.85,638.0,639.5,5991.0
2026-06-05 14:05:00+05:30,639.6,639.75,638.9,639.4,399.0
2026-06-05 14:10:00+05:30,639.85,639.85,639.1,639.2,4141.0
2026-06-05 14:15:00+05:30,639.2,639.85,639.15,639.15,139.0
2026-06-05 14:20:00+05:30,639.8,639.8,637.55,638.8,4242.0
2026-06-05 14:25:00+05:30,638.8,639.85,638.2,639.85,4894.0
2026-06-05 14:30:00+05:30,639.8,639.8,639.2,639.75,426.0
2026-06-05 14:35:00+05:30,639.05,639.5,638.25,638.95,586.0
2026-06-05 14:40:00+05:30,638.95,639.85,638.0,639.8,4910.0
2026-06-05 14:45:00+05:30,639.8,639.8,638.0,639.65,2861.0
2026-06-05 14:50:00+05:30,639.65,639.7,638.1,639.6,1351.0
2026-06-05 14:55:00+05:30,639.6,639.65,638.35,639.15,370.0
2026-06-05 15:00:00+05:30,637.95,638.7,637.0,637.75,1292.0
2026-06-05 15:05:00+05:30,637.3,638.0,636.75,638.0,2282.0
2026-06-05 15:10:00+05:30,638.0,640.3,637.0,640.0,25791.0
2026-06-05 15:15:00+05:30,640.0,640.75,635.05,640.15,97651.0
2026-06-05 15:20:00+05:30,640.0,641.0,638.05,640.3,108108.0
2026-06-05 15:25:00+05:30,640.0,645.9,639.05,641.6,222274.0
2026-06-08 09:15:00+05:30,641.05,649.0,637.0,645.5,21155.0
2026-06-08 09:20:00+05:30,645.45,647.4,644.15,646.05,3519.0
2026-06-08 09:25:00+05:30,646.1,649.8,644.5,649.45,10519.0
2026-06-08 09:30:00+05:30,649.45,649.8,645.95,646.35,9353.0
2026-06-08 09:35:00+05:30,646.4,647.1,644.8,645.6,1807.0
2026-06-08 09:40:00+05:30,645.6,646.55,645.0,646.05,912.0
2026-06-08 09:45:00+05:30,646.6,649.0,646.3,646.3,3472.0
2026-06-08 09:50:00+05:30,647.0,648.0,645.65,647.85,1700.0
2026-06-08 09:55:00+05:30,648.0,649.0,647.7,648.3,1681.0
2026-06-08 10:00:00+05:30,649.0,649.0,646.6,647.0,859.0
2026-06-08 10:05:00+05:30,646.9,648.2,646.05,648.15,988.0
2026-06-08 10:10:00+05:30,648.0,648.2,644.3,646.15,11624.0
2026-06-08 10:15:00+05:30,646.6,647.75,646.15,647.75,607.0
2026-06-08 10:20:00+05:30,647.65,647.8,646.8,646.95,1597.0
2026-06-08 10:25:00+05:30,646.35,647.35,645.25,645.85,3091.0
2026-06-08 10:30:00+05:30,646.0,646.7,645.05,646.2,812.0
2026-06-08 10:35:00+05:30,646.65,646.7,645.6,645.6,593.0
2026-06-08 10:40:00+05:30,646.0,646.7,645.55,645.9,2463.0
2026-06-08 10:45:00+05:30,648.7,650.0,645.85,645.85,9293.0
2026-06-08 10:50:00+05:30,645.85,645.85,645.0,645.6,1997.0
2026-06-08 10:55:00+05:30,645.05,646.35,645.05,645.8,738.0
2026-06-08 11:00:00+05:30,645.0,645.85,645.0,645.65,444.0
2026-06-08 11:05:00+05:30,645.75,646.1,644.9,645.75,1015.0
2026-06-08 11:10:00+05:30,645.15,646.5,645.05,646.0,1219.0
2026-06-08 11:15:00+05:30,646.05,646.25,645.6,646.1,280.0
2026-06-08 11:20:00+05:30,645.65,648.85,645.65,647.0,4870.0
2026-06-08 11:25:00+05:30,647.0,647.0,645.75,645.75,308.0
2026-06-08 11:30:00+05:30,645.75,651.05,645.75,650.05,12914.0
2026-06-08 11:35:00+05:30,650.4,653.55,649.85,653.4,9788.0
2026-06-08 11:40:00+05:30,653.4,659.0,652.25,658.4,18340.0
2026-06-08 11:45:00+05:30,659.0,661.85,654.0,655.15,45120.0
2026-06-08 11:50:00+05:30,655.15,656.45,652.45,654.3,7265.0
2026-06-08 11:55:00+05:30,654.15,654.7,651.0,653.05,4761.0
2026-06-08 12:00:00+05:30,653.7,654.05,651.95,652.8,3726.0
2026-06-08 12:05:00+05:30,651.7,652.2,648.85,649.35,13876.0
2026-06-08 12:10:00+05:30,649.35,650.8,649.15,650.75,5333.0
2026-06-08 12:15:00+05:30,650.25,652.65,650.25,652.25,3002.0
2026-06-08 12:20:00+05:30,651.9,652.35,649.0,649.7,11252.0
2026-06-08 12:25:00+05:30,649.65,650.4,648.85,649.5,1013.0
2026-06-08 12:30:00+05:30,649.5,649.5,648.7,649.0,187.0
2026-06-08 12:35:00+05:30,649.0,649.4,648.4,648.4,354.0
2026-06-08 12:40:00+05:30,648.35,648.75,647.2,648.0,3165.0
2026-06-08 12:45:00+05:30,646.7,653.65,646.6,651.65,17631.0
2026-06-08 12:50:00+05:30,651.8,653.4,651.6,651.7,3189.0
2026-06-08 12:55:00+05:30,651.9,653.35,651.0,651.35,1381.0
2026-06-08 13:00:00+05:30,650.85,651.35,649.15,649.15,568.0
2026-06-08 13:05:00+05:30,649.95,650.0,649.0,649.4,1792.0
2026-06-08 13:10:00+05:30,649.5,649.5,647.25,647.25,2414.0
2026-06-08 13:15:00+05:30,646.85,647.9,646.85,647.9,589.0
2026-06-08 13:20:00+05:30,647.25,647.9,646.7,647.15,554.0
2026-06-08 13:25:00+05:30,647.2,647.25,640.3,645.0,32177.0
2026-06-08 13:30:00+05:30,645.0,645.1,643.45,644.2,7651.0
2026-06-08 13:35:00+05:30,644.25,644.9,642.65,643.9,1292.0
2026-06-08 13:40:00+05:30,643.9,644.8,641.5,643.3,5394.0
2026-06-08 13:45:00+05:30,642.65,644.8,642.65,644.1,1415.0
2026-06-08 13:50:00+05:30,644.35,645.2,643.8,644.7,108812.0
2026-06-08 13:55:00+05:30,644.3,645.25,643.2,643.7,2426.0
2026-06-08 14:00:00+05:30,643.7,644.95,642.0,644.25,8914.0
2026-06-08 14:05:00+05:30,644.2,644.35,643.45,644.2,1675.0
2026-06-08 14:10:00+05:30,644.3,644.3,643.0,644.15,2264.0
2026-06-08 14:15:00+05:30,643.95,644.3,643.35,644.0,1561.0
2026-06-08 14:20:00+05:30,644.4,644.5,642.9,644.0,5928.0
2026-06-08 14:25:00+05:30,644.0,644.4,643.3,643.3,2161.0
2026-06-08 14:30:00+05:30,643.7,644.4,642.9,644.0,5873.0
2026-06-08 14:35:00+05:30,644.15,644.4,643.4,644.0,7220.0
2026-06-08 14:40:00+05:30,643.85,644.45,643.8,644.45,1760.0
2026-06-08 14:45:00+05:30,644.05,644.45,643.7,644.0,5661.0
2026-06-08 14:50:00+05:30,644.2,644.5,643.05,644.0,6099.0
2026-06-08 14:55:00+05:30,644.0,645.35,643.05,645.0,14979.0
2026-06-08 15:00:00+05:30,644.95,645.3,644.2,645.0,21473.0
2026-06-08 15:05:00+05:30,644.75,645.95,644.25,644.25,19051.0
2026-06-08 15:10:00+05:30,645.0,653.85,643.85,650.85,21076.0
2026-06-08 15:15:00+05:30,650.6,651.0,650.0,650.75,9740.0
2026-06-08 15:20:00+05:30,650.75,652.4,648.8,650.9,23622.0
2026-06-08 15:25:00+05:30,651.05,652.35,649.65,651.2,11630.0
2026-06-09 09:15:00+05:30,650.0,652.6,643.15,643.15,7190.0
2026-06-09 09:20:00+05:30,643.0,645.55,641.0,641.95,2965.0
2026-06-09 09:25:00+05:30,646.95,651.85,646.95,651.85,4510.0
2026-06-09 09:30:00+05:30,652.0,657.3,651.15,654.8,8509.0
2026-06-09 09:35:00+05:30,654.35,654.35,650.0,650.0,2557.0
2026-06-09 09:40:00+05:30,649.0,651.65,648.2,649.55,3328.0
2026-06-09 09:45:00+05:30,649.75,650.9,649.25,649.9,713.0
2026-06-09 09:50:00+05:30,649.9,651.2,649.2,650.25,654.0
2026-06-09 09:55:00+05:30,649.9,649.9,647.55,647.85,1392.0
2026-06-09 10:00:00+05:30,647.55,648.6,647.0,648.2,1181.0
2026-06-09 10:05:00+05:30,648.2,649.4,647.05,649.4,967.0
2026-06-09 10:10:00+05:30,648.8,650.4,648.7,649.6,544.0
2026-06-09 10:15:00+05:30,650.25,652.7,649.35,651.45,2183.0
2026-06-09 10:20:00+05:30,654.0,655.95,652.35,652.35,8967.0
2026-06-09 10:25:00+05:30,652.45,652.8,650.2,650.3,829.0
2026-06-09 10:30:00+05:30,650.25,650.65,648.8,648.8,1686.0
2026-06-09 10:35:00+05:30,648.8,650.3,648.5,650.0,753.0
2026-06-09 10:40:00+05:30,650.0,652.5,650.0,652.5,2990.0
2026-06-09 10:45:00+05:30,652.6,654.0,652.6,652.8,1299.0
2026-06-09 10:50:00+05:30,652.5,652.5,650.35,651.0,1369.0
2026-06-09 10:55:00+05:30,650.55,650.6,647.55,650.55,1156.0
2026-06-09 11:00:00+05:30,650.35,651.0,650.0,650.75,478.0
2026-06-09 11:05:00+05:30,649.35,650.1,648.9,650.1,2062.0
2026-06-09 11:10:00+05:30,649.85,650.8,649.05,649.05,726.0
2026-06-09 11:15:00+05:30,649.35,650.0,648.1,649.85,1335.0
2026-06-09 11:20:00+05:30,649.85,650.25,647.5,647.5,659.0
2026-06-09 11:25:00+05:30,647.9,649.25,647.5,648.5,1312.0
2026-06-09 11:30:00+05:30,648.45,648.65,647.1,647.95,933.0
2026-06-09 11:35:00+05:30,647.95,648.0,647.9,647.9,277.0
2026-06-09 11:40:00+05:30,647.9,651.95,647.15,650.75,6250.0
2026-06-09 11:45:00+05:30,650.95,651.15,650.35,650.75,822.0
2026-06-09 11:50:00+05:30,651.0,651.0,648.5,648.5,14351.0
2026-06-09 11:55:00+05:30,649.65,650.1,649.15,649.7,954.0
2026-06-09 12:00:00+05:30,649.7,650.55,648.5,650.05,3556.0
2026-06-09 12:05:00+05:30,651.0,651.45,649.35,649.35,1944.0
2026-06-09 12:10:00+05:30,650.0,651.0,649.25,649.9,933.0
2026-06-09 12:15:00+05:30,649.9,650.55,649.2,649.2,1697.0
2026-06-09 12:20:00+05:30,649.15,649.95,649.15,649.95,257.0
2026-06-09 12:25:00+05:30,650.0,650.0,647.6,649.4,2151.0
2026-06-09 12:30:00+05:30,649.75,649.75,648.1,648.8,3069.0
2026-06-09 12:35:00+05:30,649.0,649.4,648.3,648.7,650.0
2026-06-09 12:40:00+05:30,648.75,650.8,648.5,649.7,5477.0
2026-06-09 12:45:00+05:30,650.0,650.65,648.95,649.55,798.0
2026-06-09 12:50:00+05:30,649.55,649.85,649.25,649.55,479.0
2026-06-09 12:55:00+05:30,649.8,650.0,649.2,649.4,884.0
2026-06-09 13:00:00+05:30,649.8,650.0,649.0,649.35,737.0
2026-06-09 13:05:00+05:30,649.35,649.45,648.95,649.4,438.0
2026-06-09 13:10:00+05:30,649.4,649.4,649.2,649.2,309.0
2026-06-09 13:15:00+05:30,649.2,649.4,649.1,649.15,393.0
2026-06-09 13:20:00+05:30,649.4,649.4,649.15,649.4,729.0
2026-06-09 13:25:00+05:30,649.4,649.4,649.2,649.4,588.0
2026-06-09 13:30:00+05:30,649.25,649.4,641.85,643.0,7775.0
2026-06-09 13:35:00+05:30,643.0,646.65,642.45,644.8,4167.0
2026-06-09 13:40:00+05:30,644.1,646.15,644.1,645.75,551.0
2026-06-09 13:45:00+05:30,646.2,646.85,643.3,643.95,4558.0
2026-06-09 13:50:00+05:30,643.9,645.1,642.75,644.45,604.0
2026-06-09 13:55:00+05:30,644.05,644.65,642.8,644.4,905.0
2026-06-09 14:00:00+05:30,643.95,645.6,642.1,645.6,10539.0
2026-06-09 14:05:00+05:30,645.85,647.0,645.3,645.95,1138.0
2026-06-09 14:10:00+05:30,645.6,646.85,645.05,645.05,470.0
2026-06-09 14:15:00+05:30,645.05,645.9,644.85,645.2,490.0
2026-06-09 14:20:00+05:30,644.8,645.3,644.0,645.3,238.0
2026-06-09 14:25:00+05:30,645.6,645.7,643.65,644.8,881.0
2026-06-09 14:30:00+05:30,644.85,645.8,644.6,645.4,270.0
2026-06-09 14:35:00+05:30,645.4,645.4,644.1,645.3,1198.0
2026-06-09 14:40:00+05:30,645.4,646.05,644.8,646.0,2780.0
2026-06-09 14:45:00+05:30,646.05,648.8,646.0,648.8,3254.0
2026-06-09 14:50:00+05:30,648.75,649.4,648.2,649.35,1752.0
2026-06-09 14:55:00+05:30,649.25,650.0,648.6,648.6,1935.0
2026-06-09 15:00:00+05:30,646.1,649.15,645.9,649.15,2316.0
2026-06-09 15:05:00+05:30,648.25,649.9,647.75,648.35,3710.0
2026-06-09 15:10:00+05:30,648.35,649.1,647.05,647.2,2998.0
2026-06-09 15:15:00+05:30,647.0,647.95,644.0,646.55,11235.0
2026-06-09 15:20:00+05:30,646.35,650.0,645.4,648.65,13679.0
2026-06-09 15:25:00+05:30,648.75,650.0,647.0,647.0,7591.0
2026-06-10 09:15:00+05:30,644.9,654.3,644.9,651.55,2700.0
2026-06-10 09:20:00+05:30,651.5,652.5,649.05,651.2,1698.0
2026-06-10 09:25:00+05:30,651.05,653.95,650.8,652.45,1925.0
2026-06-10 09:30:00+05:30,652.45,652.85,650.6,652.8,1230.0
2026-06-10 09:35:00+05:30,651.95,651.95,648.5,648.9,794.0
2026-06-10 09:40:00+05:30,649.9,650.35,647.6,649.65,1423.0
2026-06-10 09:45:00+05:30,649.15,649.3,646.4,646.4,2055.0
2026-06-10 09:50:00+05:30,646.0,647.0,646.0,646.0,851.0
2026-06-10 09:55:00+05:30,646.0,646.25,642.95,644.0,4092.0
2026-06-10 10:00:00+05:30,643.05,646.55,642.6,642.75,3526.0
2026-06-10 10:05:00+05:30,643.95,643.95,643.0,643.7,850.0
2026-06-10 10:10:00+05:30,643.45,644.0,643.0,643.05,693.0
2026-06-10 10:15:00+05:30,643.15,644.15,642.55,643.05,798.0
2026-06-10 10:20:00+05:30,644.15,644.3,643.5,643.85,134.0
2026-06-10 10:25:00+05:30,643.2,644.1,643.2,643.7,158.0
2026-06-10 10:30:00+05:30,643.7,645.4,643.7,643.95,1902.0
2026-06-10 10:35:00+05:30,644.2,646.0,644.2,644.8,413.0
2026-06-10 10:40:00+05:30,645.2,645.2,644.25,644.7,136.0
2026-06-10 10:45:00+05:30,644.7,645.75,643.2,643.2,1741.0
2026-06-10 10:50:00+05:30,643.3,643.9,643.2,643.9,143.0
2026-06-10 10:55:00+05:30,644.1,644.4,643.1,643.65,478.0
2026-06-10 11:00:00+05:30,643.65,644.6,643.65,643.85,157.0
2026-06-10 11:05:00+05:30,643.3,646.95,643.3,645.85,948.0
2026-06-10 11:10:00+05:30,645.35,646.15,644.25,644.25,151.0
2026-06-10 11:15:00+05:30,644.25,644.85,643.25,643.35,730.0
2026-06-10 11:20:00+05:30,644.45,649.7,644.0,649.3,5029.0
2026-06-10 11:25:00+05:30,649.55,649.55,648.1,648.1,193.0
2026-06-10 11:30:00+05:30,648.9,649.4,648.45,648.7,399.0
2026-06-10 11:35:00+05:30,649.0,649.3,648.5,648.6,471.0
2026-06-10 11:40:00+05:30,648.6,649.15,648.25,649.15,68.0
2026-06-10 11:45:00+05:30,648.8,649.85,648.6,649.85,278.0
2026-06-10 11:50:00+05:30,649.5,649.85,648.8,648.8,228.0
2026-06-10 11:55:00+05:30,649.15,649.3,648.7,648.7,222.0
2026-06-10 12:00:00+05:30,649.3,649.3,649.1,649.2,51.0
2026-06-10 12:05:00+05:30,649.1,650.7,648.25,648.25,4602.0
2026-06-10 12:10:00+05:30,648.25,650.7,647.1,647.1,4698.0
2026-06-10 12:15:00+05:30,646.0,646.95,645.55,645.55,964.0
2026-06-10 12:20:00+05:30,646.0,646.0,645.0,645.1,316.0
2026-06-10 12:25:00+05:30,645.1,645.75,645.1,645.55,139.0
2026-06-10 12:30:00+05:30,646.15,646.15,644.45,644.95,181.0
2026-06-10 12:35:00+05:30,644.55,645.05,643.5,643.5,1637.0
2026-06-10 12:40:00+05:30,643.5,643.5,642.6,642.6,907.0
2026-06-10 12:45:00+05:30,642.6,646.25,642.6,646.0,2868.0
2026-06-10 12:50:00+05:30,646.0,649.8,645.05,649.1,2289.0
2026-06-10 12:55:00+05:30,648.45,649.65,648.45,649.3,167.0
2026-06-10 13:00:00+05:30,649.3,649.3,648.25,649.15,248.0
2026-06-10 13:05:00+05:30,649.0,649.3,647.95,648.45,790.0
2026-06-10 13:10:00+05:30,648.45,648.9,648.4,648.4,211.0
2026-06-10 13:15:00+05:30,648.4,648.4,648.15,648.15,670.0
2026-06-10 13:20:00+05:30,648.15,648.15,646.55,647.45,394.0
2026-06-10 13:25:00+05:30,647.45,647.8,647.45,647.8,92.0
2026-06-10 13:30:00+05:30,647.35,647.8,647.15,647.3,102.0
2026-06-10 13:35:00+05:30,647.3,648.4,647.3,647.8,269.0
2026-06-10 13:40:00+05:30,647.85,647.9,646.65,647.45,360.0
2026-06-10 13:45:00+05:30,647.75,648.4,647.5,648.0,255.0
2026-06-10 13:50:00+05:30,647.75,649.9,647.75,649.85,394.0
2026-06-10 13:55:00+05:30,649.9,649.95,649.45,649.45,275.0
2026-06-10 14:00:00+05:30,649.7,649.7,648.75,648.75,181.0
2026-06-10 14:05:00+05:30,648.75,649.2,648.75,648.8,163.0
2026-06-10 14:10:00+05:30,648.25,648.25,647.5,647.5,252.0
2026-06-10 14:15:00+05:30,648.9,649.0,648.3,648.45,3815.0
2026-06-10 14:20:00+05:30,648.95,649.45,648.3,649.15,1057.0
2026-06-10 14:25:00+05:30,649.65,649.65,648.15,648.7,391.0
2026-06-10 14:30:00+05:30,648.75,648.8,646.55,646.8,5645.0
2026-06-10 14:35:00+05:30,646.8,646.95,646.55,646.55,828.0
2026-06-10 14:40:00+05:30,646.55,646.55,645.55,646.15,1181.0
2026-06-10 14:45:00+05:30,646.15,647.7,646.15,647.45,383.0
2026-06-10 14:50:00+05:30,646.2,647.75,646.2,647.6,921.0
2026-06-10 14:55:00+05:30,647.5,649.5,647.1,648.55,2494.0
2026-06-10 15:00:00+05:30,648.35,649.1,647.45,648.8,576.0
2026-06-10 15:05:00+05:30,648.0,649.0,647.0,648.7,5674.0
2026-06-10 15:10:00+05:30,648.35,648.4,646.75,646.75,950.0
2026-06-10 15:15:00+05:30,647.35,647.35,641.0,641.8,5780.0
2026-06-10 15:20:00+05:30,641.8,642.2,637.1,638.9,3567.0
2026-06-10 15:25:00+05:30,639.65,641.35,632.85,639.75,3374.0
2026-06-11 09:15:00+05:30,642.0,642.95,636.65,642.75,1777.0
2026-06-11 09:20:00+05:30,642.95,645.05,642.25,644.2,1804.0
2026-06-11 09:25:00+05:30,644.35,649.85,642.6,648.35,4397.0
2026-06-11 09:30:00+05:30,648.4,649.6,645.55,646.7,2562.0
2026-06-11 09:35:00+05:30,646.55,648.85,646.5,647.8,766.0
2026-06-11 09:40:00+05:30,648.3,648.8,648.0,648.55,371.0
2026-06-11 09:45:00+05:30,647.9,648.75,646.7,647.4,697.0
2026-06-11 09:50:00+05:30,647.4,648.65,647.0,647.9,472.0
2026-06-11 09:55:00+05:30,647.4,647.75,645.7,646.3,835.0
2026-06-11 10:00:00+05:30,646.7,647.65,646.0,647.15,582.0
2026-06-11 10:05:00+05:30,647.35,648.85,646.8,646.8,3304.0
2026-06-11 10:10:00+05:30,646.05,647.2,645.7,646.6,219.0
2026-06-11 10:15:00+05:30,646.4,647.85,645.05,647.0,1373.0
2026-06-11 10:20:00+05:30,647.3,648.2,647.0,647.0,641.0
2026-06-11 10:25:00+05:30,646.95,647.0,646.0,646.0,183.0
2026-06-11 10:30:00+05:30,646.0,646.0,645.2,645.2,78.0
2026-06-11 10:35:00+05:30,645.2,646.35,645.2,646.1,280.0
2026-06-11 10:40:00+05:30,646.15,646.25,644.1,644.25,1586.0
2026-06-11 10:45:00+05:30,644.25,644.85,643.35,643.75,1873.0
2026-06-11 10:50:00+05:30,643.5,643.5,641.55,643.0,870.0
2026-06-11 10:55:00+05:30,643.0,643.8,642.0,642.85,1055.0
2026-06-11 11:00:00+05:30,642.9,643.0,642.0,643.0,328.0
2026-06-11 11:05:00+05:30,642.55,642.95,641.85,642.8,2079.0
2026-06-11 11:10:00+05:30,642.95,642.95,641.35,642.9,995.0
2026-06-11 11:15:00+05:30,642.9,645.0,640.5,640.85,4666.0
2026-06-11 11:20:00+05:30,640.85,641.75,640.85,641.65,49.0
2026-06-11 11:25:00+05:30,642.0,642.55,641.0,641.0,590.0
2026-06-11 11:30:00+05:30,641.0,642.95,641.0,641.7,1121.0
2026-06-11 11:35:00+05:30,640.65,643.0,640.65,643.0,1031.0
2026-06-11 11:40:00+05:30,643.0,643.0,642.5,643.0,342.0
2026-06-11 11:45:00+05:30,643.0,643.0,643.0,643.0,294.0
2026-06-11 11:50:00+05:30,643.0,643.0,642.35,642.75,286.0
2026-06-11 11:55:00+05:30,642.7,642.75,641.95,642.55,319.0
2026-06-11 12:00:00+05:30,642.55,642.7,642.55,642.7,58.0
2026-06-11 12:05:00+05:30,642.75,642.85,641.75,642.85,448.0
2026-06-11 12:10:00+05:30,642.25,647.75,642.25,647.75,9822.0
2026-06-11 12:15:00+05:30,647.85,648.0,645.9,646.5,2550.0
2026-06-11 12:20:00+05:30,646.5,646.85,645.0,645.0,155.0
2026-06-11 12:25:00+05:30,645.0,645.0,644.4,645.0,2360.0
2026-06-11 12:30:00+05:30,644.3,645.0,644.3,645.0,1065.0
2026-06-11 12:35:00+05:30,644.55,644.55,643.55,643.55,271.0
2026-06-11 12:40:00+05:30,643.5,643.5,641.1,641.6,3063.0
2026-06-11 12:45:00+05:30,641.0,641.7,640.55,640.7,1574.0
2026-06-11 12:50:00+05:30,640.3,641.05,639.9,641.05,741.0
2026-06-11 12:55:00+05:30,640.35,641.5,640.3,641.5,174.0
2026-06-11 13:00:00+05:30,641.5,641.85,640.5,640.5,192.0
2026-06-11 13:05:00+05:30,640.5,641.35,640.5,640.7,159.0
2026-06-11 13:10:00+05:30,640.65,641.0,640.3,640.8,221.0
2026-06-11 13:15:00+05:30,640.85,640.85,640.2,640.2,182.0
2026-06-11 13:20:00+05:30,640.2,640.2,637.7,638.5,897.0
2026-06-11 13:25:00+05:30,638.5,639.05,637.05,637.95,559.0
2026-06-11 13:30:00+05:30,637.05,637.05,634.0,635.05,5037.0
2026-06-11 13:35:00+05:30,634.95,637.0,634.2,635.9,1672.0
2026-06-11 13:40:00+05:30,635.9,636.0,634.0,635.85,2962.0
2026-06-11 13:45:00+05:30,635.7,637.65,635.7,636.85,886.0
2026-06-11 13:50:00+05:30,637.05,638.55,636.65,637.9,1955.0
2026-06-11 13:55:00+05:30,638.4,639.65,637.75,638.45,1139.0
2026-06-11 14:00:00+05:30,639.5,639.7,638.15,639.7,349.0
2026-06-11 14:05:00+05:30,640.0,644.05,638.9,643.45,3954.0
2026-06-11 14:10:00+05:30,642.7,644.45,642.15,642.65,534.0
2026-06-11 14:15:00+05:30,643.0,644.3,642.7,642.7,337.0
2026-06-11 14:20:00+05:30,642.85,647.6,642.25,646.0,7832.0
2026-06-11 14:25:00+05:30,646.0,647.8,644.85,645.8,3383.0
2026-06-11 14:30:00+05:30,646.45,647.0,645.35,646.5,2289.0
2026-06-11 14:35:00+05:30,646.4,646.7,645.25,645.95,1219.0
2026-06-11 14:40:00+05:30,645.95,647.85,645.6,646.65,3983.0
2026-06-11 14:45:00+05:30,646.75,648.25,645.0,645.6,6176.0
2026-06-11 14:50:00+05:30,646.0,646.7,645.0,645.75,8612.0
2026-06-11 14:55:00+05:30,645.15,646.0,643.7,643.7,6184.0
2026-06-11 15:00:00+05:30,644.15,644.35,638.55,638.55,2474.0
2026-06-11 15:05:00+05:30,638.85,639.55,637.75,637.9,749.0
2026-06-11 15:10:00+05:30,638.15,641.05,635.95,639.4,6969.0
2026-06-11 15:15:00+05:30,641.35,641.9,638.35,639.35,3394.0
2026-06-11 15:20:00+05:30,639.35,639.45,637.4,638.4,3553.0
2026-06-11 15:25:00+05:30,638.45,639.75,632.0,636.0,3388.0
2026-06-12 09:15:00+05:30,640.1,650.0,640.05,647.4,3064.0
2026-06-12 09:20:00+05:30,646.1,649.0,646.1,648.55,1376.0
2026-06-12 09:25:00+05:30,648.3,649.85,645.65,645.65,2191.0
2026-06-12 09:30:00+05:30,645.9,648.0,645.9,648.0,2628.0
2026-06-12 09:35:00+05:30,647.0,649.7,645.3,649.45,1684.0
2026-06-12 09:40:00+05:30,648.75,649.4,647.05,648.3,552.0
2026-06-12 09:45:00+05:30,648.0,648.9,646.5,647.0,541.0
2026-06-12 09:50:00+05:30,647.25,647.55,646.2,646.2,333.0
2026-06-12 09:55:00+05:30,647.0,647.9,644.2,647.05,1302.0
2026-06-12 10:00:00+05:30,647.05,647.05,644.55,644.55,209.0
2026-06-12 10:05:00+05:30,644.25,645.5,644.2,644.65,669.0
2026-06-12 10:10:00+05:30,645.2,645.2,644.55,645.2,274.0
2026-06-12 10:15:00+05:30,645.2,645.2,644.4,644.55,160.0
2026-06-12 10:20:00+05:30,644.5,645.5,644.5,645.5,1263.0
2026-06-12 10:25:00+05:30,645.2,645.5,644.2,644.95,222.0
2026-06-12 10:30:00+05:30,644.65,645.4,643.25,643.25,400.0
2026-06-12 10:35:00+05:30,644.0,644.7,643.2,643.2,179.0
2026-06-12 10:40:00+05:30,644.15,644.5,644.1,644.25,218.0
2026-06-12 10:45:00+05:30,643.6,644.6,642.85,644.35,487.0
2026-06-12 10:50:00+05:30,644.0,644.65,643.8,644.4,660.0
2026-06-12 10:55:00+05:30,644.55,644.75,643.3,644.65,1311.0
2026-06-12 11:00:00+05:30,643.9,644.65,643.9,644.65,94.0
2026-06-12 11:05:00+05:30,643.8,644.65,643.15,644.6,280.0
2026-06-12 11:10:00+05:30,642.6,644.6,642.6,644.6,1100.0
2026-06-12 11:15:00+05:30,644.6,644.6,643.85,644.45,190.0
2026-06-12 11:20:00+05:30,644.6,644.6,643.85,643.95,90.0
2026-06-12 11:25:00+05:30,644.4,644.5,643.95,644.5,58.0
2026-06-12 11:30:00+05:30,644.5,644.5,644.5,644.5,28.0
2026-06-12 11:35:00+05:30,644.05,644.5,644.05,644.5,62.0
2026-06-12 11:40:00+05:30,644.5,644.5,643.85,643.85,144.0
2026-06-12 11:45:00+05:30,644.5,645.5,643.6,645.5,3339.0
2026-06-12 11:50:00+05:30,645.5,645.5,644.9,645.5,266.0
2026-06-12 11:55:00+05:30,645.5,645.5,644.85,645.0,171.0
2026-06-12 12:00:00+05:30,645.1,648.5,644.85,647.95,4647.0
2026-06-12 12:05:00+05:30,646.85,647.65,646.7,646.7,272.0
2026-06-12 12:10:00+05:30,646.7,646.7,645.85,645.85,183.0
2026-06-12 12:15:00+05:30,645.35,645.55,644.9,644.9,200.0
2026-06-12 12:20:00+05:30,645.2,646.0,644.5,646.0,365.0
2026-06-12 12:25:00+05:30,646.0,646.0,644.45,644.55,1207.0
2026-06-12 12:30:00+05:30,644.55,644.55,644.0,644.15,215.0
2026-06-12 12:35:00+05:30,644.65,645.0,644.5,645.0,138.0
2026-06-12 12:40:00+05:30,644.65,644.65,643.05,643.05,274.0
2026-06-12 12:45:00+05:30,643.6,644.0,643.15,643.15,203.0
2026-06-12 12:50:00+05:30,642.85,643.8,642.85,643.2,219.0
2026-06-12 12:55:00+05:30,643.3,644.45,643.3,643.45,139.0
2026-06-12 13:00:00+05:30,643.8,644.5,643.8,644.5,60.0
2026-06-12 13:05:00+05:30,644.05,644.9,643.9,644.05,390.0
2026-06-12 13:10:00+05:30,644.05,645.0,644.05,645.0,534.0
2026-06-12 13:15:00+05:30,645.0,645.0,644.85,645.0,100.0
2026-06-12 13:20:00+05:30,645.0,649.0,645.0,649.0,4955.0
2026-06-12 13:25:00+05:30,649.0,660.0,649.0,653.2,30627.0
2026-06-12 13:30:00+05:30,652.65,653.45,649.25,650.0,20089.0
2026-06-12 13:35:00+05:30,650.85,653.5,650.85,653.5,16485.0
2026-06-12 13:40:00+05:30,653.0,653.0,651.0,651.9,14023.0
2026-06-12 13:45:00+05:30,651.1,651.85,646.3,646.3,18906.0
2026-06-12 13:50:00+05:30,645.85,646.65,645.85,646.5,404.0
2026-06-12 13:55:00+05:30,646.1,646.9,645.65,646.9,291.0
2026-06-12 14:00:00+05:30,647.3,647.3,645.6,645.65,935.0
2026-06-12 14:05:00+05:30,645.65,646.8,645.65,646.5,704.0
2026-06-12 14:10:00+05:30,646.2,646.85,644.5,645.35,1969.0
2026-06-12 14:15:00+05:30,646.35,646.8,645.7,646.65,399.0
2026-06-12 14:20:00+05:30,647.1,647.1,644.55,644.55,480.0
2026-06-12 14:25:00+05:30,644.7,645.8,644.3,644.7,721.0
2026-06-12 14:30:00+05:30,644.7,645.25,644.7,644.85,124.0
2026-06-12 14:35:00+05:30,644.25,644.5,644.0,644.5,364.0
2026-06-12 14:40:00+05:30,644.5,646.45,643.65,644.7,3822.0
2026-06-12 14:45:00+05:30,644.7,646.0,643.3,645.35,809.0
2026-06-12 14:50:00+05:30,645.45,645.9,645.2,645.35,260.0
2026-06-12 14:55:00+05:30,646.0,646.0,645.15,645.15,1236.0
2026-06-12 15:00:00+05:30,644.85,645.45,644.5,645.45,617.0
2026-06-12 15:05:00+05:30,645.15,645.45,642.3,642.5,2618.0
2026-06-12 15:10:00+05:30,642.5,642.5,641.0,641.3,2828.0
2026-06-12 15:15:00+05:30,640.95,641.75,638.1,639.5,6056.0
2026-06-12 15:20:00+05:30,639.95,641.0,638.5,640.95,4486.0
2026-06-12 15:25:00+05:30,640.65,645.0,631.2,644.0,8419.0
2026-06-15 09:15:00+05:30,645.45,650.65,644.3,649.15,3756.0
2026-06-15 09:20:00+05:30,647.2,649.05,644.35,645.15,2189.0
2026-06-15 09:25:00+05:30,644.4,646.0,640.05,645.0,5859.0
2026-06-15 09:30:00+05:30,646.0,646.0,644.1,644.1,733.0
2026-06-15 09:35:00+05:30,644.1,644.65,642.6,644.45,754.0
2026-06-15 09:40:00+05:30,643.8,644.95,643.3,643.95,393.0
2026-06-15 09:45:00+05:30,644.95,644.95,642.55,642.95,1040.0
2026-06-15 09:50:00+05:30,643.55,643.55,641.6,642.8,473.0
2026-06-15 09:55:00+05:30,642.35,644.95,642.35,642.9,1104.0
2026-06-15 10:00:00+05:30,642.85,644.5,642.6,643.75,848.0
2026-06-15 10:05:00+05:30,643.8,643.8,641.5,642.3,1970.0
2026-06-15 10:10:00+05:30,642.35,643.2,640.5,641.3,5219.0
2026-06-15 10:15:00+05:30,640.95,641.45,640.0,640.0,130.0
2026-06-15 10:20:00+05:30,640.0,642.7,640.0,641.0,999.0
2026-06-15 10:25:00+05:30,642.0,642.0,641.0,641.5,229.0
2026-06-15 10:30:00+05:30,641.5,641.5,640.35,640.4,668.0
2026-06-15 10:35:00+05:30,640.4,641.0,640.4,641.0,127.0
2026-06-15 10:40:00+05:30,640.75,641.5,640.35,641.5,981.0
2026-06-15 10:45:00+05:30,641.5,641.5,640.35,640.35,415.0
2026-06-15 10:50:00+05:30,640.35,641.3,640.35,640.35,315.0
2026-06-15 10:55:00+05:30,641.05,641.3,640.8,640.8,225.0
2026-06-15 11:00:00+05:30,640.5,641.15,640.5,641.15,223.0
2026-06-15 11:05:00+05:30,641.15,642.6,640.85,641.5,1996.0
2026-06-15 11:10:00+05:30,641.2,641.4,637.5,638.0,2193.0
2026-06-15 11:15:00+05:30,637.4,638.7,637.2,637.2,1128.0
2026-06-15 11:20:00+05:30,637.35,638.0,637.35,637.5,390.0
2026-06-15 11:25:00+05:30,637.85,637.85,636.55,637.8,614.0
2026-06-15 11:30:00+05:30,636.95,637.85,636.05,637.8,590.0
2026-06-15 11:35:00+05:30,637.8,637.85,636.6,637.0,318.0
2026-06-15 11:40:00+05:30,637.25,637.85,637.0,637.7,3285.0
2026-06-15 11:45:00+05:30,637.7,637.8,636.8,637.8,195.0
2026-06-15 11:50:00+05:30,637.8,637.8,637.0,637.75,383.0
2026-06-15 11:55:00+05:30,638.2,639.0,638.0,638.75,807.0
2026-06-15 12:00:00+05:30,638.75,638.75,638.0,638.0,70.0
2026-06-15 12:05:00+05:30,638.0,638.35,637.35,637.35,829.0
2026-06-15 12:10:00+05:30,637.35,637.45,634.85,636.0,3278.0
2026-06-15 12:15:00+05:30,636.05,636.3,634.6,635.6,1362.0
2026-06-15 12:20:00+05:30,635.6,638.0,635.6,637.2,697.0
2026-06-15 12:25:00+05:30,637.2,637.8,636.75,636.75,193.0
2026-06-15 12:30:00+05:30,636.3,636.75,635.8,636.75,106.0
2026-06-15 12:35:00+05:30,636.7,638.0,636.7,637.95,1047.0
2026-06-15 12:40:00+05:30,637.85,640.7,637.85,639.5,4128.0
2026-06-15 12:45:00+05:30,639.5,640.2,638.8,639.3,634.0
2026-06-15 12:50:00+05:30,641.05,641.1,639.4,639.4,3472.0
2026-06-15 12:55:00+05:30,640.05,641.75,639.7,639.7,1318.0
2026-06-15 13:00:00+05:30,639.7,639.7,638.65,638.65,108.0
2026-06-15 13:05:00+05:30,638.65,638.65,637.1,637.65,292.0
2026-06-15 13:10:00+05:30,637.65,637.65,637.35,637.45,106.0
2026-06-15 13:15:00+05:30,636.95,637.65,636.95,637.65,86.0
2026-06-15 13:20:00+05:30,637.85,637.85,636.6,637.7,293.0
2026-06-15 13:25:00+05:30,636.8,636.8,635.45,636.1,223.0
2026-06-15 13:30:00+05:30,636.1,636.1,635.9,635.9,42.0
2026-06-15 13:35:00+05:30,636.15,637.75,635.2,637.75,758.0
2026-06-15 13:40:00+05:30,637.2,637.5,636.4,636.4,103.0
2026-06-15 13:45:00+05:30,636.4,636.9,635.55,636.0,373.0
2026-06-15 13:50:00+05:30,635.65,636.65,635.65,636.3,317.0
2026-06-15 13:55:00+05:30,636.3,637.85,634.6,637.1,1580.0
2026-06-15 14:00:00+05:30,637.95,638.4,637.75,637.85,354.0
2026-06-15 14:05:00+05:30,637.0,638.1,637.0,638.1,291.0
2026-06-15 14:10:00+05:30,637.3,637.8,636.9,636.9,862.0
2026-06-15 14:15:00+05:30,636.6,638.0,636.6,638.0,316.0
2026-06-15 14:20:00+05:30,638.0,638.0,636.95,636.95,213.0
2026-06-15 14:25:00+05:30,636.95,638.8,636.95,638.8,1069.0
2026-06-15 14:30:00+05:30,638.8,639.95,638.3,638.9,644.0
2026-06-15 14:35:00+05:30,638.4,638.95,638.25,638.95,232.0
2026-06-15 14:40:00+05:30,638.4,638.55,638.25,638.55,151.0
2026-06-15 14:45:00+05:30,638.55,638.6,637.05,637.15,341.0
2026-06-15 14:50:00+05:30,636.65,637.15,635.25,637.05,299.0
2026-06-15 14:55:00+05:30,637.0,637.15,634.9,635.1,3640.0
2026-06-15 15:00:00+05:30,635.95,637.6,633.4,633.4,7881.0
2026-06-15 15:05:00+05:30,632.9,637.4,632.9,637.4,6427.0
2026-06-15 15:10:00+05:30,637.45,637.6,635.85,637.2,2745.0
2026-06-15 15:15:00+05:30,636.4,637.2,634.5,635.3,4914.0
2026-06-15 15:20:00+05:30,635.9,638.0,634.3,638.0,3404.0
2026-06-15 15:25:00+05:30,637.35,637.9,633.25,636.95,4336.0
2026-06-16 09:15:00+05:30,634.25,646.85,634.25,642.8,7571.0
2026-06-16 09:20:00+05:30,642.8,644.75,641.7,643.7,775.0
2026-06-16 09:25:00+05:30,643.85,646.0,642.3,645.0,2926.0
2026-06-16 09:30:00+05:30,645.0,645.45,643.05,643.1,1126.0
2026-06-16 09:35:00+05:30,643.4,643.4,642.0,643.3,500.0
2026-06-16 09:40:00+05:30,643.05,643.05,642.0,642.65,301.0
2026-06-16 09:45:00+05:30,642.05,643.5,642.05,643.5,337.0
2026-06-16 09:50:00+05:30,642.95,643.45,642.4,643.45,273.0
2026-06-16 09:55:00+05:30,643.85,645.45,643.6,645.0,497.0
2026-06-16 10:00:00+05:30,644.05,644.85,642.4,644.25,210.0
2026-06-16 10:05:00+05:30,643.4,644.25,639.65,640.85,11229.0
2026-06-16 10:10:00+05:30,640.8,641.2,639.65,640.35,488.0
2026-06-16 10:15:00+05:30,640.35,641.15,640.35,641.15,217.0
2026-06-16 10:20:00+05:30,641.15,642.15,641.05,642.1,1180.0
2026-06-16 10:25:00+05:30,642.1,642.85,641.35,641.35,488.0
2026-06-16 10:30:00+05:30,640.55,643.15,640.55,642.4,384.0
2026-06-16 10:35:00+05:30,642.4,642.5,638.8,639.9,1097.0
2026-06-16 10:40:00+05:30,639.2,640.5,639.2,640.5,419.0
2026-06-16 10:45:00+05:30,640.6,641.75,640.15,641.55,582.0
2026-06-16 10:50:00+05:30,641.55,641.95,640.8,641.9,328.0
2026-06-16 10:55:00+05:30,641.85,642.0,640.45,640.95,237.0
2026-06-16 11:00:00+05:30,640.95,641.2,640.2,641.0,368.0
2026-06-16 11:05:00+05:30,640.0,641.4,640.0,641.4,144.0
2026-06-16 11:10:00+05:30,640.55,641.35,639.65,640.75,267.0
2026-06-16 11:15:00+05:30,640.35,641.5,639.2,640.9,1229.0
2026-06-16 11:20:00+05:30,640.85,640.95,640.1,640.8,160.0
2026-06-16 11:25:00+05:30,640.9,641.0,639.4,640.05,112.0
2026-06-16 11:30:00+05:30,640.4,640.4,638.0,639.25,941.0
2026-06-16 11:35:00+05:30,639.25,639.5,638.9,639.4,207.0
2026-06-16 11:40:00+05:30,639.5,639.9,638.15,639.85,442.0
2026-06-16 11:45:00+05:30,639.85,640.85,639.65,640.2,221.0
2026-06-16 11:50:00+05:30,640.7,641.0,639.7,640.7,225.0
2026-06-16 11:55:00+05:30,640.8,640.8,639.45,640.15,246.0
2026-06-16 12:00:00+05:30,640.45,640.85,639.35,639.45,164.0
2026-06-16 12:05:00+05:30,639.45,641.0,638.85,641.0,286.0
2026-06-16 12:10:00+05:30,640.2,641.5,640.0,641.5,700.0
2026-06-16 12:15:00+05:30,641.0,641.1,640.05,640.35,224.0
2026-06-16 12:20:00+05:30,639.75,639.85,637.3,637.3,646.0
2026-06-16 12:25:00+05:30,637.3,639.3,637.3,639.3,56.0
2026-06-16 12:30:00+05:30,638.75,639.6,638.35,638.35,103.0
2026-06-16 12:35:00+05:30,638.35,638.85,637.85,638.75,167.0
2026-06-16 12:40:00+05:30,638.25,638.75,637.9,637.9,117.0
2026-06-16 12:45:00+05:30,638.0,638.0,637.35,637.35,154.0
2026-06-16 12:50:00+05:30,637.35,637.75,637.0,637.75,58.0
2026-06-16 12:55:00+05:30,637.75,637.75,637.3,637.75,55.0
2026-06-16 13:00:00+05:30,637.75,637.75,637.75,637.75,94.0
2026-06-16 13:05:00+05:30,637.75,638.75,637.75,638.7,455.0
2026-06-16 13:10:00+05:30,638.7,638.7,637.3,638.6,387.0
2026-06-16 13:15:00+05:30,638.15,638.7,638.0,638.45,265.0
2026-06-16 13:20:00+05:30,638.45,640.0,638.4,638.95,1270.0
2026-06-16 13:25:00+05:30,638.95,639.85,638.95,639.0,103.0
2026-06-16 13:30:00+05:30,639.2,639.2,638.55,638.55,55.0
2026-06-16 13:35:00+05:30,638.25,638.25,637.6,638.25,197.0
2026-06-16 13:40:00+05:30,638.25,638.25,637.85,637.85,70.0
2026-06-16 13:45:00+05:30,637.85,638.1,636.65,636.65,843.0
2026-06-16 13:50:00+05:30,637.4,637.7,636.6,636.6,298.0
2026-06-16 13:55:00+05:30,636.3,637.65,636.3,637.65,165.0
2026-06-16 14:00:00+05:30,637.65,638.65,637.3,637.3,937.0
2026-06-16 14:05:00+05:30,637.1,637.6,637.05,637.1,295.0
2026-06-16 14:10:00+05:30,637.7,638.7,637.7,637.95,140.0
2026-06-16 14:15:00+05:30,638.15,641.0,637.6,640.35,6727.0
2026-06-16 14:20:00+05:30,640.0,645.2,639.9,645.2,13232.0
2026-06-16 14:25:00+05:30,644.05,644.75,642.4,643.1,2740.0
2026-06-16 14:30:00+05:30,643.1,643.1,642.5,642.5,46.0
2026-06-16 14:35:00+05:30,642.5,645.0,641.35,641.35,4943.0
2026-06-16 14:40:00+05:30,639.35,640.85,636.9,640.1,4356.0
2026-06-16 14:45:00+05:30,639.65,639.8,639.3,639.8,420.0
2026-06-16 14:50:00+05:30,639.3,639.3,638.45,638.7,149.0
2026-06-16 14:55:00+05:30,638.7,639.95,638.7,639.95,523.0
2026-06-16 15:00:00+05:30,639.85,640.0,639.3,639.55,195.0
2026-06-16 15:05:00+05:30,639.55,639.55,638.55,639.5,596.0
2026-06-16 15:10:00+05:30,639.5,639.95,638.75,639.95,873.0
2026-06-16 15:15:00+05:30,638.15,642.6,637.35,642.3,10205.0
2026-06-16 15:20:00+05:30,640.9,641.0,639.0,639.9,3987.0
2026-06-16 15:25:00+05:30,639.9,643.25,639.0,643.25,4128.0
2026-06-17 09:15:00+05:30,643.0,653.3,640.85,643.0,16751.0
2026-06-17 09:20:00+05:30,643.85,646.9,643.6,646.9,6026.0
2026-06-17 09:25:00+05:30,646.15,651.9,646.15,650.85,6231.0
2026-06-17 09:30:00+05:30,650.1,650.85,647.65,647.65,3486.0
2026-06-17 09:35:00+05:30,647.55,649.15,646.55,648.2,1297.0
2026-06-17 09:40:00+05:30,647.55,649.6,646.35,647.9,2227.0
2026-06-17 09:45:00+05:30,647.8,648.65,646.9,647.35,1193.0
2026-06-17 09:50:00+05:30,647.35,657.0,647.35,655.6,17023.0
2026-06-17 09:55:00+05:30,654.95,655.35,653.15,653.15,2244.0
2026-06-17 10:00:00+05:30,652.95,652.95,651.2,651.7,1375.0
2026-06-17 10:05:00+05:30,651.7,653.5,651.0,652.55,2718.0
2026-06-17 10:10:00+05:30,652.55,652.55,650.05,650.05,4511.0
2026-06-17 10:15:00+05:30,649.7,652.1,648.8,651.95,2774.0
2026-06-17 10:20:00+05:30,652.1,652.25,650.0,650.15,1598.0
2026-06-17 10:25:00+05:30,650.2,654.75,649.8,654.65,8192.0
2026-06-17 10:30:00+05:30,654.2,655.0,653.35,653.6,8182.0
2026-06-17 10:35:00+05:30,653.85,654.6,653.35,654.0,1339.0
2026-06-17 10:40:00+05:30,655.0,655.0,652.6,652.6,3925.0
2026-06-17 10:45:00+05:30,652.6,653.2,651.0,652.9,5681.0
2026-06-17 10:50:00+05:30,653.0,653.2,652.55,652.6,2212.0
2026-06-17 10:55:00+05:30,652.35,652.9,650.8,652.55,5173.0
2026-06-17 11:00:00+05:30,652.55,653.0,650.65,651.7,2778.0
2026-06-17 11:05:00+05:30,651.7,651.7,650.5,651.2,3530.0
2026-06-17 11:10:00+05:30,650.45,651.05,650.0,650.5,1153.0
2026-06-17 11:15:00+05:30,650.5,651.4,649.2,651.1,2025.0
2026-06-17 11:20:00+05:30,650.55,651.55,650.55,650.95,1419.0
2026-06-17 11:25:00+05:30,651.3,651.3,650.15,651.0,717.0
2026-06-17 11:30:00+05:30,651.3,651.3,650.05,650.05,779.0
2026-06-17 11:35:00+05:30,650.45,650.7,650.0,650.35,733.0
2026-06-17 11:40:00+05:30,650.0,651.0,649.95,649.95,829.0
2026-06-17 11:45:00+05:30,650.7,650.7,649.0,649.85,1091.0
2026-06-17 11:50:00+05:30,649.35,650.9,649.35,650.8,943.0
2026-06-17 11:55:00+05:30,651.15,651.3,650.5,650.5,1537.0
2026-06-17 12:00:00+05:30,650.25,650.8,650.25,650.8,292.0
2026-06-17 12:05:00+05:30,650.85,651.0,650.0,650.0,1295.0
2026-06-17 12:10:00+05:30,650.45,651.0,650.05,650.4,444.0
2026-06-17 12:15:00+05:30,650.4,650.4,650.0,650.0,924.0
2026-06-17 12:20:00+05:30,650.0,650.2,649.6,650.0,757.0
2026-06-17 12:25:00+05:30,649.95,650.45,649.9,650.05,2948.0
2026-06-17 12:30:00+05:30,650.05,650.05,649.15,649.85,769.0
2026-06-17 12:35:00+05:30,649.85,649.9,649.45,649.8,311.0
2026-06-17 12:40:00+05:30,649.8,650.0,649.2,650.0,958.0
2026-06-17 12:45:00+05:30,650.1,650.2,648.75,649.45,1210.0
2026-06-17 12:50:00+05:30,649.45,650.5,648.75,650.5,715.0
2026-06-17 12:55:00+05:30,649.75,650.4,649.65,650.05,1274.0
2026-06-17 13:00:00+05:30,650.35,650.35,649.5,649.85,719.0
2026-06-17 13:05:00+05:30,649.5,650.0,649.5,649.95,755.0
2026-06-17 13:10:00+05:30,649.95,649.95,649.0,649.5,658.0
2026-06-17 13:15:00+05:30,649.15,649.5,648.55,649.35,1185.0
2026-06-17 13:20:00+05:30,649.35,650.0,648.85,650.0,593.0
2026-06-17 13:25:00+05:30,650.15,650.15,646.75,646.75,3867.0
2026-06-17 13:30:00+05:30,645.55,647.15,645.25,645.9,1282.0
2026-06-17 13:35:00+05:30,646.5,646.7,645.7,646.7,506.0
2026-06-17 13:40:00+05:30,646.2,647.1,646.0,646.2,1063.0
2026-06-17 13:45:00+05:30,646.15,650.05,646.15,648.15,9042.0
2026-06-17 13:50:00+05:30,647.05,648.25,647.0,648.25,9364.0
2026-06-17 13:55:00+05:30,647.9,649.35,647.9,648.95,1643.0
2026-06-17 14:00:00+05:30,649.2,651.0,649.0,650.95,2424.0
2026-06-17 14:05:00+05:30,651.0,651.0,650.5,650.5,1733.0
2026-06-17 14:10:00+05:30,650.5,650.85,649.0,650.0,17864.0
2026-06-17 14:15:00+05:30,650.0,650.65,648.9,650.4,9046.0
2026-06-17 14:20:00+05:30,650.05,650.2,647.3,650.0,18496.0
2026-06-17 14:25:00+05:30,650.4,651.0,650.0,650.25,7401.0
2026-06-17 14:30:00+05:30,650.35,650.4,649.9,650.35,12176.0
2026-06-17 14:35:00+05:30,650.85,651.0,650.0,650.0,6532.0
2026-06-17 14:40:00+05:30,650.0,650.4,645.5,645.5,5749.0
2026-06-17 14:45:00+05:30,650.05,651.7,648.55,650.9,14323.0
2026-06-17 14:50:00+05:30,650.9,650.9,650.0,650.0,8312.0
2026-06-17 14:55:00+05:30,650.0,651.4,650.0,650.7,6789.0
2026-06-17 15:00:00+05:30,649.85,651.5,647.45,651.5,29508.0
2026-06-17 15:05:00+05:30,651.5,651.7,651.1,651.55,10306.0
2026-06-17 15:10:00+05:30,651.55,652.0,651.55,651.8,39217.0
2026-06-17 15:15:00+05:30,652.0,652.35,651.55,651.85,5308.0
2026-06-17 15:20:00+05:30,651.6,651.95,646.3,646.5,6465.0
2026-06-17 15:25:00+05:30,647.0,648.75,644.4,648.0,6243.0
2026-06-18 09:15:00+05:30,650.0,654.6,649.95,653.85,4638.0
2026-06-18 09:20:00+05:30,654.25,654.25,648.25,648.35,5987.0
2026-06-18 09:25:00+05:30,648.05,653.15,642.6,652.8,9767.0
2026-06-18 09:30:00+05:30,652.0,672.25,651.85,667.75,62332.0
2026-06-18 09:35:00+05:30,668.35,678.9,665.7,672.15,77477.0
2026-06-18 09:40:00+05:30,673.0,676.0,667.35,671.45,66207.0
2026-06-18 09:45:00+05:30,670.4,671.1,666.0,667.0,14092.0
2026-06-18 09:50:00+05:30,667.0,670.1,664.05,667.55,28416.0
2026-06-18 09:55:00+05:30,666.75,667.7,662.5,663.45,19350.0
2026-06-18 10:00:00+05:30,662.55,664.0,652.2,654.0,27167.0
2026-06-18 10:05:00+05:30,653.9,655.6,652.95,654.6,8119.0
2026-06-18 10:10:00+05:30,654.75,656.85,652.85,653.45,7149.0
2026-06-18 10:15:00+05:30,654.0,658.5,652.95,655.75,8549.0
2026-06-18 10:20:00+05:30,655.75,656.6,654.5,655.6,4602.0
2026-06-18 10:25:00+05:30,655.15,655.95,654.1,655.15,1730.0
2026-06-18 10:30:00+05:30,655.15,656.0,654.4,655.35,747.0
2026-06-18 10:35:00+05:30,655.3,657.1,655.3,656.85,3849.0
2026-06-18 10:40:00+05:30,656.55,657.45,655.4,657.45,2674.0
2026-06-18 10:45:00+05:30,657.35,658.95,657.1,657.35,2334.0
2026-06-18 10:50:00+05:30,657.35,658.05,656.5,657.05,1281.0
2026-06-18 10:55:00+05:30,657.05,658.95,657.0,658.3,1822.0
2026-06-18 11:00:00+05:30,658.0,658.25,656.55,656.6,1588.0
2026-06-18 11:05:00+05:30,657.85,657.85,655.5,656.45,2080.0
2026-06-18 11:10:00+05:30,655.95,655.95,654.1,654.1,1841.0
2026-06-18 11:15:00+05:30,654.0,654.95,654.0,654.25,1249.0
2026-06-18 11:20:00+05:30,654.65,654.95,654.0,654.55,1116.0
2026-06-18 11:25:00+05:30,654.05,655.5,654.0,655.5,3481.0
2026-06-18 11:30:00+05:30,655.5,656.65,655.5,656.65,202.0
2026-06-18 11:35:00+05:30,657.2,657.2,653.3,654.35,2690.0
2026-06-18 11:40:00+05:30,654.2,655.85,653.5,655.85,276.0
2026-06-18 11:45:00+05:30,655.8,656.9,654.35,656.9,1275.0
2026-06-18 11:50:00+05:30,656.6,656.6,654.05,655.05,3537.0
2026-06-18 11:55:00+05:30,654.4,655.55,651.2,651.2,2926.0
2026-06-18 12:00:00+05:30,650.7,650.85,643.7,645.4,15807.0
2026-06-18 12:05:00+05:30,646.0,649.3,645.55,647.9,7346.0
2026-06-18 12:10:00+05:30,646.95,648.05,646.6,647.2,1416.0
2026-06-18 12:15:00+05:30,647.2,648.35,647.2,648.35,561.0
2026-06-18 12:20:00+05:30,647.95,648.85,647.95,648.85,308.0
2026-06-18 12:25:00+05:30,648.25,648.4,647.3,647.7,725.0
2026-06-18 12:30:00+05:30,648.65,649.95,648.65,649.85,1022.0
2026-06-18 12:35:00+05:30,650.0,650.0,645.85,649.15,7705.0
2026-06-18 12:40:00+05:30,649.0,649.5,647.8,648.9,1195.0
2026-06-18 12:45:00+05:30,648.35,651.3,648.35,650.9,1738.0
2026-06-18 12:50:00+05:30,650.1,653.45,650.1,652.4,2735.0
2026-06-18 12:55:00+05:30,652.1,653.8,651.9,652.2,1377.0
2026-06-18 13:00:00+05:30,652.9,654.3,652.0,652.35,3517.0
2026-06-18 13:05:00+05:30,653.8,654.6,652.8,653.05,797.0
2026-06-18 13:10:00+05:30,653.1,653.1,650.5,651.0,1345.0
2026-06-18 13:15:00+05:30,651.0,651.0,648.5,648.75,963.0
2026-06-18 13:20:00+05:30,649.15,649.8,648.7,649.7,236.0
2026-06-18 13:25:00+05:30,649.95,650.75,649.2,650.3,887.0
2026-06-18 13:30:00+05:30,650.35,651.35,650.35,651.35,958.0
2026-06-18 13:35:00+05:30,650.75,651.75,648.35,649.5,1201.0
2026-06-18 13:40:00+05:30,649.65,653.0,649.65,650.85,1178.0
2026-06-18 13:45:00+05:30,651.55,651.55,650.85,651.0,698.0
2026-06-18 13:50:00+05:30,650.95,651.2,648.85,648.9,2246.0
2026-06-18 13:55:00+05:30,648.9,650.0,648.85,650.0,1450.0
2026-06-18 14:00:00+05:30,650.65,652.9,650.2,652.9,6323.0
2026-06-18 14:05:00+05:30,654.0,654.1,652.0,652.0,1655.0
2026-06-18 14:10:00+05:30,651.2,652.6,650.75,651.25,9760.0
2026-06-18 14:15:00+05:30,651.15,651.15,649.0,649.6,454.0
2026-06-18 14:20:00+05:30,649.6,649.6,643.55,643.55,9431.0
2026-06-18 14:25:00+05:30,644.2,645.05,643.35,645.0,1944.0
2026-06-18 14:30:00+05:30,644.05,646.0,643.15,645.25,1382.0
2026-06-18 14:35:00+05:30,645.25,646.2,643.9,644.55,2629.0
2026-06-18 14:40:00+05:30,644.05,646.05,636.35,637.75,16687.0
2026-06-18 14:45:00+05:30,638.0,640.0,635.4,638.15,12095.0
2026-06-18 14:50:00+05:30,638.0,640.5,636.0,639.95,9276.0
2026-06-18 14:55:00+05:30,641.45,641.45,637.5,639.15,4680.0
2026-06-18 15:00:00+05:30,639.0,639.8,637.0,637.9,5423.0
2026-06-18 15:05:00+05:30,639.0,639.65,636.35,637.2,15655.0
2026-06-18 15:10:00+05:30,637.0,640.35,637.0,637.55,3434.0
2026-06-18 15:15:00+05:30,637.0,637.9,636.05,636.7,9157.0
2026-06-18 15:20:00+05:30,636.45,636.7,633.0,633.4,8671.0
2026-06-18 15:25:00+05:30,633.6,634.05,620.2,631.3,28797.0
2026-06-19 09:15:00+05:30,631.65,641.6,629.95,636.1,7463.0
2026-06-19 09:20:00+05:30,634.95,637.1,634.55,635.2,4025.0
2026-06-19 09:25:00+05:30,634.0,635.25,631.85,633.7,5416.0
2026-06-19 09:30:00+05:30,634.05,635.3,633.25,633.8,1224.0
2026-06-19 09:35:00+05:30,634.2,637.05,634.05,636.5,2155.0
2026-06-19 09:40:00+05:30,636.15,636.6,633.8,634.05,759.0
2026-06-19 09:45:00+05:30,633.9,634.2,632.6,632.8,1771.0
2026-06-19 09:50:00+05:30,632.95,633.7,632.95,633.65,835.0
2026-06-19 09:55:00+05:30,634.2,634.45,633.4,633.4,242.0
2026-06-19 10:00:00+05:30,632.6,632.6,631.15,631.3,2255.0
2026-06-19 10:05:00+05:30,631.3,633.6,631.3,633.2,952.0
2026-06-19 10:10:00+05:30,633.25,633.8,631.75,632.8,495.0
2026-06-19 10:15:00+05:30,632.8,634.45,632.05,634.45,529.0
2026-06-19 10:20:00+05:30,633.85,633.85,631.9,631.95,489.0
2026-06-19 10:25:00+05:30,631.9,632.0,630.95,631.3,1200.0
2026-06-19 10:30:00+05:30,631.8,632.0,630.4,630.75,233.0
2026-06-19 10:35:00+05:30,630.75,631.0,629.55,629.55,2391.0
2026-06-19 10:40:00+05:30,629.75,629.8,627.9,629.4,3809.0
2026-06-19 10:45:00+05:30,628.7,629.3,627.85,627.85,300.0
2026-06-19 10:50:00+05:30,628.7,628.7,625.35,627.85,4798.0
2026-06-19 10:55:00+05:30,626.35,627.5,626.35,627.25,1100.0
2026-06-19 11:00:00+05:30,627.55,628.4,626.65,626.65,2358.0
2026-06-19 11:05:00+05:30,627.2,628.35,626.6,627.2,887.0
2026-06-19 11:10:00+05:30,627.85,627.85,626.05,626.5,780.0
2026-06-19 11:15:00+05:30,627.0,627.0,625.75,626.95,1556.0
2026-06-19 11:20:00+05:30,625.55,627.0,625.55,626.0,541.0
2026-06-19 11:25:00+05:30,625.45,626.45,625.45,625.55,275.0
2026-06-19 11:30:00+05:30,625.75,626.8,625.75,626.15,164.0
2026-06-19 11:35:00+05:30,626.15,627.0,626.15,626.7,592.0
2026-06-19 11:40:00+05:30,626.7,632.0,626.0,629.55,2284.0
2026-06-19 11:45:00+05:30,628.5,628.65,626.2,626.2,316.0
2026-06-19 11:50:00+05:30,627.15,627.15,626.15,626.55,290.0
2026-06-19 11:55:00+05:30,626.55,627.45,626.55,627.0,881.0
2026-06-19 12:00:00+05:30,627.0,627.9,626.8,627.75,207.0
2026-06-19 12:05:00+05:30,627.75,628.05,626.8,628.05,154.0
2026-06-19 12:10:00+05:30,627.9,628.75,627.65,628.1,416.0
2026-06-19 12:15:00+05:30,627.7,628.0,626.2,626.45,965.0
2026-06-19 12:20:00+05:30,627.15,627.3,626.2,627.05,473.0
2026-06-19 12:25:00+05:30,627.05,628.95,627.05,628.0,720.0
2026-06-19 12:30:00+05:30,627.85,627.85,627.2,627.2,30.0
2026-06-19 12:35:00+05:30,627.0,627.0,626.55,626.55,81.0
2026-06-19 12:40:00+05:30,627.3,627.85,626.7,627.0,151.0
2026-06-19 12:45:00+05:30,627.0,627.65,626.8,627.65,29.0
2026-06-19 12:50:00+05:30,627.65,627.8,627.0,627.45,94.0
2026-06-19 12:55:00+05:30,627.45,628.0,626.8,626.8,215.0
2026-06-19 13:00:00+05:30,626.8,627.55,626.8,626.8,114.0
2026-06-19 13:05:00+05:30,626.8,626.8,625.6,625.6,732.0
2026-06-19 13:10:00+05:30,625.6,626.55,625.6,626.0,197.0
2026-06-19 13:15:00+05:30,625.8,626.05,625.7,625.7,118.0
2026-06-19 13:20:00+05:30,625.65,627.25,625.65,625.9,191.0
2026-06-19 13:25:00+05:30,625.9,626.25,625.9,625.95,49.0
2026-06-19 13:30:00+05:30,626.15,627.05,625.6,625.6,204.0
2026-06-19 13:35:00+05:30,626.3,627.1,626.0,626.6,257.0
2026-06-19 13:40:00+05:30,626.6,627.4,626.6,627.4,164.0
2026-06-19 13:45:00+05:30,627.4,627.4,626.0,626.65,382.0
2026-06-19 13:50:00+05:30,626.4,626.4,625.55,625.75,160.0
2026-06-19 13:55:00+05:30,625.75,626.6,625.65,625.75,286.0
2026-06-19 14:00:00+05:30,626.0,626.4,626.0,626.3,212.0
2026-06-19 14:05:00+05:30,626.2,627.0,626.2,626.2,496.0
2026-06-19 14:10:00+05:30,626.2,632.0,626.2,631.15,11866.0
2026-06-19 14:15:00+05:30,631.95,632.4,631.2,631.55,1174.0
2026-06-19 14:20:00+05:30,631.15,631.15,629.05,629.1,174.0
2026-06-19 14:25:00+05:30,629.1,629.4,629.1,629.35,79.0
2026-06-19 14:30:00+05:30,629.7,629.7,628.2,628.2,175.0
2026-06-19 14:35:00+05:30,628.2,629.25,628.2,629.25,77.0
2026-06-19 14:40:00+05:30,629.25,630.9,627.05,630.9,1616.0
2026-06-19 14:45:00+05:30,629.55,630.0,629.55,629.6,134.0
2026-06-19 14:50:00+05:30,629.3,629.7,627.1,627.1,418.0
2026-06-19 14:55:00+05:30,627.4,627.4,626.5,626.5,392.0
2026-06-19 15:00:00+05:30,626.2,631.05,626.2,631.05,2127.0
2026-06-19 15:05:00+05:30,631.05,631.05,629.85,629.85,861.0
2026-06-19 15:10:00+05:30,630.0,632.95,629.2,629.65,1711.0
2026-06-19 15:15:00+05:30,629.7,632.15,628.8,631.85,3081.0
2026-06-19 15:20:00+05:30,631.7,632.0,629.0,629.0,2076.0
2026-06-19 15:25:00+05:30,630.5,635.0,625.0,629.2,11736.0
2026-06-22 09:15:00+05:30,629.2,636.0,629.2,634.95,1817.0
2026-06-22 09:20:00+05:30,635.0,635.0,630.75,630.75,1966.0
2026-06-22 09:25:00+05:30,630.7,630.8,626.1,626.25,2047.0
2026-06-22 09:30:00+05:30,626.25,628.35,626.25,628.15,1790.0
2026-06-22 09:35:00+05:30,627.2,628.0,626.35,627.05,1119.0
2026-06-22 09:40:00+05:30,627.15,628.15,626.35,627.15,3483.0
2026-06-22 09:45:00+05:30,627.15,627.2,622.2,622.2,3954.0
2026-06-22 09:50:00+05:30,623.2,624.0,618.05,619.95,16480.0
2026-06-22 09:55:00+05:30,620.9,620.9,617.65,618.85,4822.0
2026-06-22 10:00:00+05:30,618.8,620.7,617.7,618.75,4691.0
2026-06-22 10:05:00+05:30,618.65,620.3,616.65,618.9,3932.0
2026-06-22 10:10:00+05:30,618.95,620.1,617.7,618.0,1799.0
2026-06-22 10:15:00+05:30,618.25,619.35,617.35,618.35,2217.0
2026-06-22 10:20:00+05:30,617.75,617.9,616.6,617.85,659.0
2026-06-22 10:25:00+05:30,617.85,627.5,616.8,625.0,26348.0
2026-06-22 10:30:00+05:30,625.25,627.95,624.15,626.75,9213.0
2026-06-22 10:35:00+05:30,626.65,627.55,625.45,626.75,1016.0
2026-06-22 10:40:00+05:30,627.15,627.25,625.45,626.05,970.0
2026-06-22 10:45:00+05:30,626.05,626.05,625.75,625.75,327.0
2026-06-22 10:50:00+05:30,626.1,633.15,626.1,630.95,6497.0
2026-06-22 10:55:00+05:30,631.3,631.65,631.05,631.15,174.0
2026-06-22 11:00:00+05:30,634.2,634.2,631.2,631.2,9832.0
2026-06-22 11:05:00+05:30,631.2,631.4,628.55,628.6,1973.0
2026-06-22 11:10:00+05:30,628.6,629.3,628.6,629.3,344.0
2026-06-22 11:15:00+05:30,629.3,630.05,628.9,629.05,485.0
2026-06-22 11:20:00+05:30,629.05,629.45,627.05,627.75,1206.0
2026-06-22 11:25:00+05:30,627.75,630.6,627.75,628.3,2731.0
2026-06-22 11:30:00+05:30,628.3,628.5,627.6,627.6,57.0
2026-06-22 11:35:00+05:30,627.35,631.3,627.0,627.55,12545.0
2026-06-22 11:40:00+05:30,628.45,628.45,625.7,625.7,351.0
2026-06-22 11:45:00+05:30,626.45,626.45,624.35,624.35,563.0
2026-06-22 11:50:00+05:30,624.35,629.1,623.8,626.7,4111.0
2026-06-22 11:55:00+05:30,626.7,627.4,626.4,626.6,393.0
2026-06-22 12:00:00+05:30,625.35,625.4,623.1,624.05,927.0
2026-06-22 12:05:00+05:30,624.0,624.0,621.15,621.15,1899.0
2026-06-22 12:10:00+05:30,621.75,622.2,621.35,622.2,142.0
2026-06-22 12:15:00+05:30,622.35,624.3,621.7,623.8,3747.0
2026-06-22 12:20:00+05:30,624.7,624.7,623.2,623.7,125.0
2026-06-22 12:25:00+05:30,623.7,623.7,622.8,622.8,284.0
2026-06-22 12:30:00+05:30,623.95,623.95,623.35,623.7,52.0
2026-06-22 12:35:00+05:30,623.4,623.75,623.4,623.75,59.0
2026-06-22 12:40:00+05:30,623.95,624.05,623.0,624.05,727.0
2026-06-22 12:45:00+05:30,624.05,625.05,624.05,624.3,215.0
2026-06-22 12:50:00+05:30,624.2,625.9,623.6,624.95,3547.0
2026-06-22 12:55:00+05:30,625.15,625.65,623.7,623.7,271.0
2026-06-22 13:00:00+05:30,623.7,624.3,621.7,622.1,2070.0
2026-06-22 13:05:00+05:30,621.4,622.45,621.4,621.8,500.0
2026-06-22 13:10:00+05:30,621.55,621.75,621.4,621.4,166.0
2026-06-22 13:15:00+05:30,621.7,622.15,621.5,621.5,225.0
2026-06-22 13:20:00+05:30,621.3,622.05,620.7,621.65,681.0
2026-06-22 13:25:00+05:30,621.65,622.7,621.65,621.65,371.0
2026-06-22 13:30:00+05:30,622.1,622.8,622.1,622.1,281.0
2026-06-22 13:35:00+05:30,622.5,622.85,621.35,622.05,1096.0
2026-06-22 13:40:00+05:30,621.65,622.8,621.3,621.4,1130.0
2026-06-22 13:45:00+05:30,621.8,623.0,621.8,621.95,834.0
2026-06-22 13:50:00+05:30,621.65,622.0,621.6,622.0,89.0
2026-06-22 13:55:00+05:30,622.0,622.0,620.6,621.75,931.0
2026-06-22 14:00:00+05:30,621.35,621.75,620.95,621.75,2437.0
2026-06-22 14:05:00+05:30,621.75,622.55,621.2,621.45,607.0
2026-06-22 14:10:00+05:30,620.9,622.5,620.6,620.6,654.0
2026-06-22 14:15:00+05:30,620.6,620.9,619.65,620.1,378.0
2026-06-22 14:20:00+05:30,619.45,620.65,619.45,619.9,502.0
2026-06-22 14:25:00+05:30,619.9,620.3,619.85,619.9,327.0
2026-06-22 14:30:00+05:30,619.9,620.7,619.4,620.7,663.0
2026-06-22 14:35:00+05:30,620.7,620.9,619.35,620.6,430.0
2026-06-22 14:40:00+05:30,620.6,623.85,620.25,620.45,3609.0
2026-06-22 14:45:00+05:30,620.1,621.0,619.45,619.45,1172.0
2026-06-22 14:50:00+05:30,619.45,620.8,619.45,620.3,670.0
2026-06-22 14:55:00+05:30,619.6,619.6,612.95,613.8,7510.0
2026-06-22 15:00:00+05:30,614.1,617.95,614.1,616.45,6350.0
2026-06-22 15:05:00+05:30,616.05,623.95,616.05,621.45,16214.0
2026-06-22 15:10:00+05:30,622.45,622.45,621.6,621.65,1319.0
2026-06-22 15:15:00+05:30,621.65,622.1,620.0,620.0,8190.0
2026-06-22 15:20:00+05:30,620.15,621.25,618.0,618.8,11927.0
2026-06-22 15:25:00+05:30,618.8,619.35,612.2,619.0,4962.0
2026-06-23 09:15:00+05:30,618.0,620.85,616.95,620.55,3160.0
2026-06-23 09:20:00+05:30,620.55,622.5,619.75,620.85,506.0
2026-06-23 09:25:00+05:30,621.1,621.55,617.8,621.55,2067.0
2026-06-23 09:30:00+05:30,621.7,623.55,619.85,619.85,3809.0
2026-06-23 09:35:00+05:30,620.65,621.35,619.4,621.35,1477.0
2026-06-23 09:40:00+05:30,620.8,621.7,620.05,621.4,712.0
2026-06-23 09:45:00+05:30,621.2,623.1,620.25,623.1,1273.0
2026-06-23 09:50:00+05:30,623.7,625.6,623.7,624.75,2646.0
2026-06-23 09:55:00+05:30,624.15,625.0,622.7,624.5,2057.0
2026-06-23 10:00:00+05:30,624.15,627.6,623.7,627.6,1683.0
2026-06-23 10:05:00+05:30,627.6,628.4,627.0,628.4,1561.0
2026-06-23 10:10:00+05:30,627.95,628.5,627.65,627.95,1226.0
2026-06-23 10:15:00+05:30,628.55,628.9,627.9,628.65,278.0
2026-06-23 10:20:00+05:30,628.75,629.45,627.9,627.9,691.0
2026-06-23 10:25:00+05:30,627.75,629.65,627.6,628.95,1437.0
2026-06-23 10:30:00+05:30,628.3,629.55,626.55,626.55,1824.0
2026-06-23 10:35:00+05:30,627.5,629.3,627.5,628.5,3388.0
2026-06-23 10:40:00+05:30,630.15,633.9,630.15,633.1,3016.0
2026-06-23 10:45:00+05:30,632.4,633.8,632.15,632.95,1418.0
2026-06-23 10:50:00+05:30,632.15,632.15,625.05,625.2,2420.0
2026-06-23 10:55:00+05:30,626.1,626.1,623.0,626.05,1530.0
2026-06-23 11:00:00+05:30,625.85,625.85,624.2,625.2,563.0
2026-06-23 11:05:00+05:30,624.8,627.85,624.8,627.4,854.0
2026-06-23 11:10:00+05:30,627.7,628.45,626.9,628.15,995.0
2026-06-23 11:15:00+05:30,627.4,627.7,626.65,626.65,351.0
2026-06-23 11:20:00+05:30,626.65,627.95,626.65,627.5,209.0
2026-06-23 11:25:00+05:30,627.65,628.4,627.15,628.15,492.0
2026-06-23 11:30:00+05:30,627.65,627.75,626.05,626.25,369.0
2026-06-23 11:35:00+05:30,626.05,626.8,625.55,625.7,123.0
2026-06-23 11:40:00+05:30,625.7,625.7,620.55,620.55,3169.0
2026-06-23 11:45:00+05:30,621.25,621.8,620.5,620.65,4476.0
2026-06-23 11:50:00+05:30,620.6,628.25,620.6,628.25,9141.0
2026-06-23 11:55:00+05:30,628.25,628.25,618.75,619.85,5235.0
2026-06-23 12:00:00+05:30,618.55,619.3,614.6,617.2,6399.0
2026-06-23 12:05:00+05:30,619.1,620.85,619.1,620.45,2185.0
2026-06-23 12:10:00+05:30,620.45,628.45,619.7,626.75,7880.0
2026-06-23 12:15:00+05:30,625.65,628.9,625.55,627.6,5483.0
2026-06-23 12:20:00+05:30,628.25,628.55,626.05,627.2,940.0
2026-06-23 12:25:00+05:30,627.2,629.8,626.65,629.75,3229.0
2026-06-23 12:30:00+05:30,629.85,629.9,625.75,626.3,4520.0
2026-06-23 12:35:00+05:30,625.8,628.3,625.8,628.25,3919.0
2026-06-23 12:40:00+05:30,628.25,628.55,627.75,628.5,1590.0
2026-06-23 12:45:00+05:30,628.5,630.5,628.5,630.5,2333.0
2026-06-23 12:50:00+05:30,631.0,632.75,631.0,632.45,1970.0
2026-06-23 12:55:00+05:30,631.7,632.25,631.1,631.5,1892.0
2026-06-23 13:00:00+05:30,631.65,631.65,630.75,630.75,1005.0
2026-06-23 13:05:00+05:30,630.6,631.45,630.6,631.1,823.0
2026-06-23 13:10:00+05:30,631.65,632.35,630.5,631.7,5067.0
2026-06-23 13:15:00+05:30,631.7,634.15,631.2,632.4,2361.0
2026-06-23 13:20:00+05:30,632.45,633.05,632.0,633.05,1012.0
2026-06-23 13:25:00+05:30,632.45,633.95,632.45,633.25,917.0
2026-06-23 13:30:00+05:30,633.8,634.4,633.35,633.5,767.0
2026-06-23 13:35:00+05:30,633.95,633.95,632.3,632.55,1100.0
2026-06-23 13:40:00+05:30,632.55,636.0,632.4,635.25,10474.0
2026-06-23 13:45:00+05:30,634.95,638.0,634.95,637.35,13723.0
2026-06-23 13:50:00+05:30,637.85,639.0,637.05,637.75,4615.0
2026-06-23 13:55:00+05:30,637.2,637.2,636.15,636.25,777.0
2026-06-23 14:00:00+05:30,636.25,636.8,635.85,636.35,1926.0
2026-06-23 14:05:00+05:30,636.35,636.4,635.15,636.4,1501.0
2026-06-23 14:10:00+05:30,636.75,638.6,633.95,634.15,7272.0
2026-06-23 14:15:00+05:30,634.1,634.7,632.5,632.5,2985.0
2026-06-23 14:20:00+05:30,632.5,633.9,632.1,633.0,2022.0
2026-06-23 14:25:00+05:30,632.0,635.2,630.5,635.2,9476.0
2026-06-23 14:30:00+05:30,635.5,636.65,635.5,636.0,354.0
2026-06-23 14:35:00+05:30,635.95,636.95,635.6,636.7,326.0
2026-06-23 14:40:00+05:30,637.5,637.8,636.4,637.5,1496.0
2026-06-23 14:45:00+05:30,637.75,637.75,631.0,633.3,150815.0
2026-06-23 14:50:00+05:30,634.05,637.85,633.65,636.35,15294.0
2026-06-23 14:55:00+05:30,636.15,636.85,634.5,636.65,2465.0
2026-06-23 15:00:00+05:30,635.65,635.95,633.6,635.95,2324.0
2026-06-23 15:05:00+05:30,636.0,637.65,635.7,636.7,13312.0
2026-06-23 15:10:00+05:30,636.8,637.4,634.85,636.2,8069.0
2026-06-23 15:15:00+05:30,635.7,638.5,635.4,637.55,8181.0
2026-06-23 15:20:00+05:30,637.55,638.15,635.1,635.3,3965.0
2026-06-23 15:25:00+05:30,635.25,639.0,632.05,638.9,5576.0
2026-06-24 09:15:00+05:30,636.0,646.0,634.4,638.65,7122.0
2026-06-24 09:20:00+05:30,638.8,640.75,637.5,637.75,557.0
2026-06-24 09:25:00+05:30,638.25,638.25,635.85,635.85,735.0
2026-06-24 09:30:00+05:30,635.9,635.9,634.3,635.0,599.0
2026-06-24 09:35:00+05:30,635.5,636.05,634.45,634.9,672.0
2026-06-24 09:40:00+05:30,635.5,635.75,633.55,633.55,432.0
2026-06-24 09:45:00+05:30,633.85,637.8,632.5,636.15,2562.0
2026-06-24 09:50:00+05:30,636.15,637.85,635.5,637.85,543.0
2026-06-24 09:55:00+05:30,638.0,638.0,636.3,636.3,1610.0
2026-06-24 10:00:00+05:30,637.85,638.7,637.85,637.85,242.0
2026-06-24 10:05:00+05:30,638.75,639.25,636.8,639.25,1505.0
2026-06-24 10:10:00+05:30,639.25,639.6,638.1,639.6,631.0
2026-06-24 10:15:00+05:30,639.6,639.6,638.05,639.0,239.0
2026-06-24 10:20:00+05:30,639.6,640.0,638.2,639.25,868.0
2026-06-24 10:25:00+05:30,639.5,641.25,639.25,640.5,785.0
2026-06-24 10:30:00+05:30,640.85,640.85,639.7,639.7,172.0
2026-06-24 10:35:00+05:30,639.7,639.85,639.0,639.85,283.0
2026-06-24 10:40:00+05:30,639.7,639.95,639.5,639.95,153.0
2026-06-24 10:45:00+05:30,640.0,640.35,639.95,640.35,380.0
2026-06-24 10:50:00+05:30,640.25,640.75,639.95,640.75,243.0
2026-06-24 10:55:00+05:30,640.2,641.5,639.85,640.45,435.0
2026-06-24 11:00:00+05:30,640.2,641.0,639.3,639.85,313.0
2026-06-24 11:05:00+05:30,639.0,639.8,638.15,638.8,551.0
2026-06-24 11:10:00+05:30,638.8,639.15,638.15,638.4,73.0
2026-06-24 11:15:00+05:30,638.3,640.0,637.9,639.8,117.0
2026-06-24 11:20:00+05:30,638.5,640.0,638.0,638.45,411.0
2026-06-24 11:25:00+05:30,638.6,638.6,637.05,638.0,207.0
2026-06-24 11:30:00+05:30,637.95,639.85,637.05,639.85,251.0
2026-06-24 11:35:00+05:30,639.85,639.85,639.05,639.85,174.0
2026-06-24 11:40:00+05:30,639.85,640.0,639.85,640.0,78.0
2026-06-24 11:45:00+05:30,639.35,640.95,639.3,640.35,464.0
2026-06-24 11:50:00+05:30,640.35,641.0,640.35,641.0,59.0
2026-06-24 11:55:00+05:30,641.0,643.05,639.95,642.85,1357.0
2026-06-24 12:00:00+05:30,641.95,642.85,641.95,642.75,407.0
2026-06-24 12:05:00+05:30,642.15,642.8,641.6,642.5,239.0
2026-06-24 12:10:00+05:30,642.5,643.25,642.45,643.05,165.0
2026-06-24 12:15:00+05:30,643.0,643.0,642.45,642.9,47.0
2026-06-24 12:20:00+05:30,642.9,642.9,641.4,642.1,702.0
2026-06-24 12:25:00+05:30,641.45,641.85,641.0,641.7,366.0
2026-06-24 12:30:00+05:30,640.8,641.55,640.15,640.8,873.0
2026-06-24 12:35:00+05:30,640.8,640.85,639.95,640.35,79.0
2026-06-24 12:40:00+05:30,640.35,641.35,638.95,640.8,408.0
2026-06-24 12:45:00+05:30,640.8,640.95,639.55,640.0,113.0
2026-06-24 12:50:00+05:30,640.35,640.5,639.05,640.5,353.0
2026-06-24 12:55:00+05:30,640.5,641.55,640.15,641.55,301.0
2026-06-24 13:00:00+05:30,641.4,641.6,640.6,641.45,90.0
2026-06-24 13:05:00+05:30,640.9,640.9,639.9,640.8,164.0
2026-06-24 13:10:00+05:30,640.95,641.0,639.9,640.6,523.0
2026-06-24 13:15:00+05:30,641.0,641.75,641.0,641.7,284.0
2026-06-24 13:20:00+05:30,641.85,641.9,641.3,641.3,50.0
2026-06-24 13:25:00+05:30,641.4,643.0,641.25,643.0,1515.0
2026-06-24 13:30:00+05:30,643.0,645.9,640.85,644.95,14114.0
2026-06-24 13:35:00+05:30,644.95,644.95,642.15,642.6,2785.0
2026-06-24 13:40:00+05:30,642.5,642.5,641.05,641.8,287.0
2026-06-24 13:45:00+05:30,641.3,642.85,641.3,641.85,333.0
2026-06-24 13:50:00+05:30,641.9,642.05,640.55,641.2,323.0
2026-06-24 13:55:00+05:30,641.6,642.25,640.75,641.6,681.0
2026-06-24 14:00:00+05:30,641.6,641.65,640.4,640.85,310.0
2026-06-24 14:05:00+05:30,640.85,641.65,640.85,641.6,41.0
2026-06-24 14:10:00+05:30,641.65,641.9,639.9,640.75,1110.0
2026-06-24 14:15:00+05:30,640.35,644.2,640.35,642.3,11633.0
2026-06-24 14:20:00+05:30,643.7,643.8,641.7,642.8,2401.0
2026-06-24 14:25:00+05:30,642.8,643.8,642.8,643.0,378.0
2026-06-24 14:30:00+05:30,643.0,644.7,642.75,644.15,1552.0
2026-06-24 14:35:00+05:30,644.2,645.4,644.2,644.45,3616.0
2026-06-24 14:40:00+05:30,644.45,645.0,644.15,644.95,1578.0
2026-06-24 14:45:00+05:30,644.3,644.3,640.1,640.6,2850.0
2026-06-24 14:50:00+05:30,640.75,641.5,639.8,641.05,1481.0
2026-06-24 14:55:00+05:30,640.85,640.85,639.1,639.1,1135.0
2026-06-24 15:00:00+05:30,639.0,643.7,639.0,643.7,5639.0
2026-06-24 15:05:00+05:30,643.8,644.15,642.75,642.95,1628.0
2026-06-24 15:10:00+05:30,642.95,646.1,642.3,645.0,7093.0
2026-06-24 15:15:00+05:30,643.65,647.55,640.0,640.45,8212.0
2026-06-24 15:20:00+05:30,640.4,642.0,640.1,642.0,2148.0
2026-06-24 15:25:00+05:30,641.05,644.0,636.65,637.0,11485.0
2026-06-25 09:15:00+05:30,643.0,643.0,639.15,641.0,611.0
2026-06-25 09:20:00+05:30,642.2,647.95,641.4,647.95,3136.0
2026-06-25 09:25:00+05:30,647.9,648.0,644.55,648.0,4254.0
2026-06-25 09:30:00+05:30,647.4,650.0,647.4,649.0,2190.0
2026-06-25 09:35:00+05:30,648.15,655.0,645.8,652.6,9180.0
2026-06-25 09:40:00+05:30,651.65,653.5,649.2,649.8,5816.0
2026-06-25 09:45:00+05:30,650.0,650.8,648.65,649.9,1043.0
2026-06-25 09:50:00+05:30,650.0,650.3,647.25,647.7,1000.0
2026-06-25 09:55:00+05:30,647.1,647.7,644.85,646.55,1614.0
2026-06-25 10:00:00+05:30,646.4,647.05,645.0,646.05,1055.0
2026-06-25 10:05:00+05:30,645.45,646.1,644.5,645.6,311.0
2026-06-25 10:10:00+05:30,645.8,646.75,644.65,644.85,472.0
2026-06-25 10:15:00+05:30,644.85,644.85,641.05,642.85,1602.0
2026-06-25 10:20:00+05:30,642.35,643.6,642.35,643.55,144.0
2026-06-25 10:25:00+05:30,643.55,643.55,642.05,642.9,296.0
2026-06-25 10:30:00+05:30,643.05,643.15,642.2,643.1,136.0
2026-06-25 10:35:00+05:30,643.1,643.45,642.55,643.45,41.0
2026-06-25 10:40:00+05:30,643.25,644.85,642.0,644.85,1314.0
2026-06-25 10:45:00+05:30,644.85,645.85,644.2,645.2,978.0
2026-06-25 10:50:00+05:30,645.95,646.85,645.4,646.15,825.0
2026-06-25 10:55:00+05:30,646.05,646.25,644.25,645.35,665.0
2026-06-25 11:00:00+05:30,645.35,645.95,644.8,645.3,161.0
2026-06-25 11:05:00+05:30,645.3,645.45,644.2,645.3,1098.0
2026-06-25 11:10:00+05:30,644.65,645.85,644.65,645.85,568.0
2026-06-25 11:15:00+05:30,645.3,645.65,642.65,643.75,472.0
2026-06-25 11:20:00+05:30,644.1,644.2,641.8,643.0,2355.0
2026-06-25 11:25:00+05:30,642.0,642.4,641.25,642.25,86.0
2026-06-25 11:30:00+05:30,641.1,643.0,636.85,643.0,5141.0
2026-06-25 11:35:00+05:30,642.95,643.3,641.8,642.6,168.0
2026-06-25 11:40:00+05:30,641.9,642.7,641.15,642.6,775.0
2026-06-25 11:45:00+05:30,642.6,642.7,641.95,642.7,553.0
2026-06-25 11:50:00+05:30,642.05,643.0,641.4,642.25,289.0
2026-06-25 11:55:00+05:30,642.25,642.3,642.25,642.3,13.0
2026-06-25 12:00:00+05:30,642.3,642.45,641.95,642.25,50.0
2026-06-25 12:05:00+05:30,642.35,643.0,642.0,642.95,562.0
2026-06-25 12:10:00+05:30,642.95,644.3,642.95,643.4,1121.0
2026-06-25 12:15:00+05:30,643.4,643.4,642.0,642.0,757.0
2026-06-25 12:20:00+05:30,642.0,642.0,640.0,641.05,280.0
2026-06-25 12:25:00+05:30,640.35,641.6,639.8,639.8,1742.0
2026-06-25 12:30:00+05:30,639.05,639.75,639.0,639.0,286.0
2026-06-25 12:35:00+05:30,638.9,645.0,638.9,643.3,20389.0
2026-06-25 12:40:00+05:30,642.85,644.05,642.1,642.7,559.0
2026-06-25 12:45:00+05:30,641.65,642.15,640.1,640.8,3509.0
2026-06-25 12:50:00+05:30,640.05,641.85,639.85,641.3,946.0
2026-06-25 12:55:00+05:30,641.35,641.5,640.35,641.05,449.0
2026-06-25 13:00:00+05:30,640.5,641.75,640.35,641.25,161.0
2026-06-25 13:05:00+05:30,641.45,645.0,640.85,644.8,3672.0
2026-06-25 13:10:00+05:30,644.8,645.0,644.2,645.0,555.0
2026-06-25 13:15:00+05:30,645.0,645.0,644.65,645.0,199.0
2026-06-25 13:20:00+05:30,645.0,645.0,643.35,644.5,423.0
2026-06-25 13:25:00+05:30,644.5,644.7,643.55,643.55,446.0
2026-06-25 13:30:00+05:30,643.55,644.55,643.05,644.45,807.0
2026-06-25 13:35:00+05:30,644.45,646.05,636.6,637.35,16420.0
2026-06-25 13:40:00+05:30,637.35,637.35,633.7,634.55,2384.0
2026-06-25 13:45:00+05:30,634.55,635.35,634.0,634.0,747.0
2026-06-25 13:50:00+05:30,634.0,637.8,633.25,637.4,5938.0
2026-06-25 13:55:00+05:30,637.4,637.75,635.4,635.85,621.0
2026-06-25 14:00:00+05:30,635.65,636.45,634.35,636.45,1316.0
2026-06-25 14:05:00+05:30,636.45,636.55,632.5,634.25,2775.0
2026-06-25 14:10:00+05:30,634.25,634.25,632.85,633.45,953.0
2026-06-25 14:15:00+05:30,633.45,633.5,632.55,632.55,1883.0
2026-06-25 14:20:00+05:30,632.55,632.7,630.95,631.9,2146.0
2026-06-25 14:25:00+05:30,631.9,632.7,631.4,632.65,333.0
2026-06-25 14:30:00+05:30,632.65,632.85,631.6,632.2,382.0
2026-06-25 14:35:00+05:30,632.1,632.55,631.45,631.45,223.0
2026-06-25 14:40:00+05:30,631.45,631.45,630.1,630.6,763.0
2026-06-25 14:45:00+05:30,630.6,630.95,630.0,630.05,391.0
2026-06-25 14:50:00+05:30,629.5,630.4,628.05,629.95,2134.0
2026-06-25 14:55:00+05:30,629.95,630.0,628.35,628.75,2507.0
2026-06-25 15:00:00+05:30,628.85,628.85,626.0,628.3,5697.0
2026-06-25 15:05:00+05:30,628.3,629.8,628.3,629.35,1780.0
2026-06-25 15:10:00+05:30,628.8,630.15,628.05,629.3,2044.0
2026-06-25 15:15:00+05:30,629.1,629.1,626.6,627.7,1778.0
2026-06-25 15:20:00+05:30,627.7,628.7,626.4,628.0,2726.0
2026-06-25 15:25:00+05:30,628.75,633.0,617.5,625.1,7900.0
2026-06-29 09:15:00+05:30,625.0,634.85,623.05,634.85,3741.0
2026-06-29 09:20:00+05:30,633.65,634.85,631.25,631.7,820.0
2026-06-29 09:25:00+05:30,630.9,631.3,624.2,624.35,3065.0
2026-06-29 09:30:00+05:30,625.15,628.55,624.35,626.45,1098.0
2026-06-29 09:35:00+05:30,627.55,631.4,626.3,631.4,725.0
2026-06-29 09:40:00+05:30,629.85,631.2,629.55,630.0,693.0
2026-06-29 09:45:00+05:30,629.2,629.5,626.05,627.05,500.0
2026-06-29 09:50:00+05:30,626.45,627.75,624.3,626.45,3516.0
2026-06-29 09:55:00+05:30,626.75,628.0,625.95,627.8,1466.0
2026-06-29 10:00:00+05:30,628.5,629.1,627.7,629.0,1306.0
2026-06-29 10:05:00+05:30,629.2,632.9,628.9,632.2,5423.0
2026-06-29 10:10:00+05:30,632.2,633.7,631.25,631.6,2459.0
2026-06-29 10:15:00+05:30,631.6,632.45,631.45,632.15,218.0
2026-06-29 10:20:00+05:30,631.75,636.0,631.6,635.25,3285.0
2026-06-29 10:25:00+05:30,635.25,640.0,634.35,637.85,6547.0
2026-06-29 10:30:00+05:30,637.85,638.45,636.95,638.0,1232.0
2026-06-29 10:35:00+05:30,638.05,638.4,634.8,635.3,1033.0
2026-06-29 10:40:00+05:30,635.0,636.25,634.4,636.0,975.0
2026-06-29 10:45:00+05:30,636.0,636.0,635.05,635.3,222.0
2026-06-29 10:50:00+05:30,634.25,634.65,631.55,634.4,2133.0
2026-06-29 10:55:00+05:30,634.1,635.2,632.75,635.2,1605.0
2026-06-29 11:00:00+05:30,635.2,635.25,633.05,634.3,1418.0
2026-06-29 11:05:00+05:30,634.25,634.75,633.0,633.6,894.0
2026-06-29 11:10:00+05:30,633.6,635.2,632.65,634.25,2878.0
2026-06-29 11:15:00+05:30,634.7,634.85,633.5,634.85,430.0
2026-06-29 11:20:00+05:30,635.0,635.0,633.95,634.9,430.0
2026-06-29 11:25:00+05:30,634.95,634.95,632.95,633.65,435.0
2026-06-29 11:30:00+05:30,633.65,633.75,631.8,632.5,459.0
2026-06-29 11:35:00+05:30,632.5,633.7,632.5,632.8,171.0
2026-06-29 11:40:00+05:30,632.75,633.4,632.25,633.15,405.0
2026-06-29 11:45:00+05:30,633.15,633.35,632.15,633.25,348.0
2026-06-29 11:50:00+05:30,633.2,633.25,631.95,631.95,898.0
2026-06-29 11:55:00+05:30,632.05,632.15,630.6,631.8,1088.0
2026-06-29 12:00:00+05:30,631.55,632.9,631.55,632.9,2057.0
2026-06-29 12:05:00+05:30,632.4,632.85,628.8,630.65,2141.0
2026-06-29 12:10:00+05:30,630.65,632.6,630.0,632.6,1398.0
2026-06-29 12:15:00+05:30,632.25,633.25,632.0,632.5,577.0
2026-06-29 12:20:00+05:30,632.5,633.2,632.2,632.55,334.0
2026-06-29 12:25:00+05:30,632.25,632.65,630.75,630.75,603.0
2026-06-29 12:30:00+05:30,631.4,631.9,628.2,628.45,1219.0
2026-06-29 12:35:00+05:30,628.55,635.8,628.55,635.55,6983.0
2026-06-29 12:40:00+05:30,634.85,642.15,634.65,641.0,41009.0
2026-06-29 12:45:00+05:30,642.0,643.95,641.0,641.35,6486.0
2026-06-29 12:50:00+05:30,641.85,641.85,640.65,640.8,1215.0
2026-06-29 12:55:00+05:30,641.25,649.3,640.6,642.55,30194.0
2026-06-29 13:00:00+05:30,641.8,643.0,641.0,642.2,9743.0
2026-06-29 13:05:00+05:30,642.2,642.85,641.15,642.75,3276.0
2026-06-29 13:10:00+05:30,642.75,642.75,641.2,642.4,930.0
2026-06-29 13:15:00+05:30,642.4,642.55,641.25,642.15,2602.0
2026-06-29 13:20:00+05:30,642.15,642.15,641.55,642.0,1428.0
2026-06-29 13:25:00+05:30,642.0,642.75,642.0,642.7,1036.0
2026-06-29 13:30:00+05:30,642.7,642.8,642.4,642.4,574.0
2026-06-29 13:35:00+05:30,642.35,642.35,641.65,642.35,566.0
2026-06-29 13:40:00+05:30,642.35,642.35,641.0,642.0,5773.0
2026-06-29 13:45:00+05:30,642.0,647.8,642.0,647.65,12178.0
2026-06-29 13:50:00+05:30,647.65,648.25,646.9,647.8,2922.0
2026-06-29 13:55:00+05:30,647.65,648.5,646.0,648.4,20633.0
2026-06-29 14:00:00+05:30,648.05,648.35,645.2,645.85,1048.0
2026-06-29 14:05:00+05:30,645.85,646.7,645.15,645.95,1423.0
2026-06-29 14:10:00+05:30,646.6,646.6,645.0,645.15,3114.0
2026-06-29 14:15:00+05:30,645.2,645.5,644.7,645.25,594.0
2026-06-29 14:20:00+05:30,645.3,646.5,645.25,645.4,6383.0
2026-06-29 14:25:00+05:30,645.7,646.0,644.5,645.7,2329.0
2026-06-29 14:30:00+05:30,645.7,645.8,645.35,645.8,499.0
2026-06-29 14:35:00+05:30,645.8,645.8,644.65,645.3,990.0
2026-06-29 14:40:00+05:30,645.35,647.0,645.0,646.6,6193.0
2026-06-29 14:45:00+05:30,646.6,649.95,646.2,647.25,29190.0
2026-06-29 14:50:00+05:30,647.25,647.25,645.1,646.25,1317.0
2026-06-29 14:55:00+05:30,645.6,647.25,645.6,646.55,1605.0
2026-06-29 15:00:00+05:30,648.15,649.0,648.15,649.0,32441.0
2026-06-29 15:05:00+05:30,649.0,649.0,647.0,649.0,15457.0
2026-06-29 15:10:00+05:30,649.0,649.0,647.85,648.35,11132.0
2026-06-29 15:15:00+05:30,648.85,649.0,646.0,648.6,10249.0
2026-06-29 15:20:00+05:30,647.45,649.0,647.4,648.35,15629.0
2026-06-29 15:25:00+05:30,648.85,649.0,646.0,649.0,10481.0
2026-06-30 09:15:00+05:30,651.9,653.0,644.5,647.35,7961.0
2026-06-30 09:20:00+05:30,647.45,647.45,642.0,644.25,2803.0
2026-06-30 09:25:00+05:30,644.3,646.05,643.85,644.6,711.0
2026-06-30 09:30:00+05:30,643.55,643.6,639.95,639.95,2424.0
2026-06-30 09:35:00+05:30,639.1,641.1,638.0,640.65,1860.0
2026-06-30 09:40:00+05:30,640.0,640.65,638.0,639.5,868.0
2026-06-30 09:45:00+05:30,638.55,639.2,638.3,639.15,226.0
2026-06-30 09:50:00+05:30,640.15,641.35,638.65,641.2,1767.0
2026-06-30 09:55:00+05:30,639.6,640.0,638.75,639.15,797.0
2026-06-30 10:00:00+05:30,638.65,640.45,638.55,638.55,466.0
2026-06-30 10:05:00+05:30,639.8,641.5,638.95,641.5,573.0
2026-06-30 10:10:00+05:30,641.5,642.5,640.35,641.3,865.0
2026-06-30 10:15:00+05:30,641.3,641.3,640.1,641.05,221.0
2026-06-30 10:20:00+05:30,640.35,645.5,639.0,644.0,4298.0
2026-06-30 10:25:00+05:30,645.25,649.2,645.25,647.6,5097.0
2026-06-30 10:30:00+05:30,647.6,648.8,647.6,648.8,743.0
2026-06-30 10:35:00+05:30,648.8,648.8,647.4,647.85,512.0
2026-06-30 10:40:00+05:30,648.4,653.7,643.9,646.3,26232.0
2026-06-30 10:45:00+05:30,646.3,646.5,645.0,645.65,706.0
2026-06-30 10:50:00+05:30,646.0,648.45,645.0,648.45,803.0
2026-06-30 10:55:00+05:30,648.0,656.5,648.0,650.6,20148.0
2026-06-30 11:00:00+05:30,651.3,652.15,648.3,651.85,15302.0
2026-06-30 11:05:00+05:30,651.2,651.85,649.45,649.45,10709.0
2026-06-30 11:10:00+05:30,650.0,651.3,649.4,649.85,6000.0
2026-06-30 11:15:00+05:30,649.85,649.85,648.9,649.45,1576.0
2026-06-30 11:20:00+05:30,649.45,652.85,648.95,651.95,7639.0
2026-06-30 11:25:00+05:30,651.35,651.4,650.75,650.75,333.0
2026-06-30 11:30:00+05:30,650.4,650.95,649.5,650.95,3024.0
2026-06-30 11:35:00+05:30,650.95,650.95,649.0,650.0,5496.0
2026-06-30 11:40:00+05:30,650.0,650.35,648.5,649.0,3674.0
2026-06-30 11:45:00+05:30,648.55,649.85,648.25,648.75,3443.0
2026-06-30 11:50:00+05:30,648.8,649.85,648.4,649.85,1204.0
2026-06-30 11:55:00+05:30,649.0,649.0,643.55,648.25,19787.0
2026-06-30 12:00:00+05:30,648.25,648.25,645.8,646.6,716.0
2026-06-30 12:05:00+05:30,646.5,646.8,645.25,645.25,191.0
2026-06-30 12:10:00+05:30,645.25,646.2,645.25,646.15,92.0
2026-06-30 12:15:00+05:30,646.15,646.15,644.6,644.6,209.0
2026-06-30 12:20:00+05:30,643.55,644.1,642.5,643.75,2943.0
2026-06-30 12:25:00+05:30,644.6,644.8,643.9,644.0,674.0
2026-06-30 12:30:00+05:30,644.0,644.1,643.0,643.0,1489.0
2026-06-30 12:35:00+05:30,642.75,643.75,642.75,643.75,285.0
2026-06-30 12:40:00+05:30,643.35,643.95,643.35,643.35,328.0
2026-06-30 12:45:00+05:30,643.35,644.0,640.05,641.2,21577.0
2026-06-30 12:50:00+05:30,641.65,641.65,640.05,640.85,1595.0
2026-06-30 12:55:00+05:30,640.25,644.0,640.25,642.75,5855.0
2026-06-30 13:00:00+05:30,643.45,649.5,643.35,646.75,91417.0
2026-06-30 13:05:00+05:30,646.8,652.2,646.8,648.45,25356.0
2026-06-30 13:10:00+05:30,647.85,653.0,647.6,652.35,16039.0
2026-06-30 13:15:00+05:30,652.3,653.0,651.65,652.15,66428.0
2026-06-30 13:20:00+05:30,652.45,653.0,652.0,653.0,8052.0
2026-06-30 13:25:00+05:30,653.4,653.55,647.0,647.55,26569.0
2026-06-30 13:30:00+05:30,647.6,647.7,645.05,645.8,4215.0
2026-06-30 13:35:00+05:30,645.8,664.9,643.5,663.0,474695.0
2026-06-30 13:40:00+05:30,662.85,676.15,662.85,668.35,88115.0
2026-06-30 13:45:00+05:30,668.65,676.0,667.0,676.0,38188.0
2026-06-30 13:50:00+05:30,675.4,682.25,670.4,675.3,84320.0
2026-06-30 13:55:00+05:30,675.15,678.0,672.4,676.25,23797.0
2026-06-30 14:00:00+05:30,676.3,680.7,675.5,678.7,46323.0
2026-06-30 14:05:00+05:30,678.15,680.85,676.0,677.2,38286.0
2026-06-30 14:10:00+05:30,677.2,678.15,674.65,677.35,20770.0
2026-06-30 14:15:00+05:30,677.1,678.65,675.6,676.15,15527.0
2026-06-30 14:20:00+05:30,676.15,678.0,675.6,676.0,10063.0
2026-06-30 14:25:00+05:30,675.95,679.0,675.95,679.0,8982.0
2026-06-30 14:30:00+05:30,679.0,679.45,677.2,677.35,10372.0
2026-06-30 14:35:00+05:30,677.35,680.75,676.15,680.75,14169.0
2026-06-30 14:40:00+05:30,681.1,685.3,679.6,682.3,52552.0
2026-06-30 14:45:00+05:30,682.3,689.6,678.15,689.15,56069.0
2026-06-30 14:50:00+05:30,689.6,694.0,686.55,690.25,74900.0
2026-06-30 14:55:00+05:30,689.3,691.2,686.55,688.1,33660.0
2026-06-30 15:00:00+05:30,688.2,689.0,684.0,686.35,36658.0
2026-06-30 15:05:00+05:30,686.4,688.6,686.4,687.0,14026.0
2026-06-30 15:10:00+05:30,686.7,689.0,683.65,685.65,32283.0
2026-06-30 15:15:00+05:30,685.35,693.85,684.6,688.9,47556.0
2026-06-30 15:20:00+05:30,688.95,692.0,687.9,690.15,26535.0
2026-06-30 15:25:00+05:30,690.5,699.0,688.55,697.0,51677.0
2026-07-01 09:15:00+05:30,700.0,708.0,694.0,702.75,73482.0
2026-07-01 09:20:00+05:30,701.9,706.8,700.5,705.25,37127.0
2026-07-01 09:25:00+05:30,704.85,706.85,699.65,701.1,38158.0
2026-07-01 09:30:00+05:30,701.25,704.95,699.85,702.0,15313.0
2026-07-01 09:35:00+05:30,702.55,709.0,700.0,700.0,35370.0
2026-07-01 09:40:00+05:30,700.0,702.55,699.7,700.65,14038.0
2026-07-01 09:45:00+05:30,700.35,721.0,700.35,715.7,64522.0
2026-07-01 09:50:00+05:30,715.4,717.75,710.85,714.55,17709.0
2026-07-01 09:55:00+05:30,714.5,716.75,713.45,716.4,10755.0
2026-07-01 10:00:00+05:30,716.35,718.8,715.1,716.4,11169.0
2026-07-01 10:05:00+05:30,716.5,718.85,714.1,718.85,10814.0
2026-07-01 10:10:00+05:30,718.3,721.15,717.0,718.4,30781.0
2026-07-01 10:15:00+05:30,718.0,731.75,718.0,724.95,60842.0
2026-07-01 10:20:00+05:30,724.4,724.9,721.4,724.15,9496.0
2026-07-01 10:25:00+05:30,724.15,724.25,712.2,713.15,45047.0
2026-07-01 10:30:00+05:30,713.15,714.95,706.65,708.3,16810.0
2026-07-01 10:35:00+05:30,707.7,710.9,704.7,710.0,18269.0
2026-07-01 10:40:00+05:30,710.9,711.05,698.2,699.0,25899.0
2026-07-01 10:45:00+05:30,698.5,706.25,698.5,705.75,23170.0
2026-07-01 10:50:00+05:30,705.8,707.95,705.45,705.7,9196.0
2026-07-01 10:55:00+05:30,704.8,705.85,704.1,704.5,4924.0
2026-07-01 11:00:00+05:30,704.0,706.3,704.0,705.05,5648.0
2026-07-01 11:05:00+05:30,705.05,706.45,704.3,704.3,4538.0
2026-07-01 11:10:00+05:30,704.75,705.85,703.9,704.45,4176.0
2026-07-01 11:15:00+05:30,704.2,707.3,704.2,707.0,3634.0
2026-07-01 11:20:00+05:30,709.2,710.0,706.5,708.2,9815.0
2026-07-01 11:25:00+05:30,708.7,714.9,708.7,714.5,20184.0
2026-07-01 11:30:00+05:30,714.2,714.85,713.6,713.65,12177.0
2026-07-01 11:35:00+05:30,713.7,714.0,712.2,712.5,6550.0
2026-07-01 11:40:00+05:30,713.25,714.55,712.8,713.0,5749.0
2026-07-01 11:45:00+05:30,712.65,713.85,708.0,709.5,20065.0
2026-07-01 11:50:00+05:30,709.5,709.75,708.75,708.95,2092.0
2026-07-01 11:55:00+05:30,708.85,711.0,708.3,711.0,2857.0
2026-07-01 12:00:00+05:30,710.85,710.85,709.9,709.9,2357.0
2026-07-01 12:05:00+05:30,710.4,711.1,709.15,709.35,2660.0
2026-07-01 12:10:00+05:30,709.05,710.2,708.95,710.0,1556.0
2026-07-01 12:15:00+05:30,710.35,712.4,709.95,711.65,2957.0
2026-07-01 12:20:00+05:30,713.05,713.8,710.35,711.25,3574.0
2026-07-01 12:25:00+05:30,711.4,712.2,710.55,711.05,2399.0
2026-07-01 12:30:00+05:30,711.4,713.45,711.1,713.45,5064.0
2026-07-01 12:35:00+05:30,712.95,714.15,712.2,713.2,6246.0
2026-07-01 12:40:00+05:30,712.5,713.8,711.5,713.45,8506.0
2026-07-01 12:45:00+05:30,713.5,715.0,713.5,713.55,3091.0
2026-07-01 12:50:00+05:30,713.55,713.9,712.15,712.85,2884.0
2026-07-01 12:55:00+05:30,712.5,714.5,712.0,714.5,2165.0
2026-07-01 13:00:00+05:30,713.7,713.7,711.85,712.75,1910.0
2026-07-01 13:05:00+05:30,712.0,713.05,710.65,712.0,3372.0
2026-07-01 13:10:00+05:30,712.05,713.05,712.0,712.0,1523.0
2026-07-01 13:15:00+05:30,712.2,713.3,712.0,713.3,1364.0
2026-07-01 13:20:00+05:30,712.6,712.8,711.65,712.0,2339.0
2026-07-01 13:25:00+05:30,712.2,713.0,710.3,711.1,4909.0
2026-07-01 13:30:00+05:30,711.1,711.45,708.5,709.25,4487.0
2026-07-01 13:35:00+05:30,708.65,709.8,708.5,708.5,1458.0
2026-07-01 13:40:00+05:30,708.5,716.35,706.9,713.8,15951.0
2026-07-01 13:45:00+05:30,713.8,717.95,713.0,717.0,12503.0
2026-07-01 13:50:00+05:30,716.7,716.95,712.0,712.7,15177.0
2026-07-01 13:55:00+05:30,713.25,713.25,709.0,709.0,11811.0
2026-07-01 14:00:00+05:30,708.8,710.75,707.45,710.05,4553.0
2026-07-01 14:05:00+05:30,709.55,725.0,709.55,723.9,641667.0
2026-07-01 14:10:00+05:30,724.7,725.0,717.0,718.7,21022.0
2026-07-01 14:15:00+05:30,718.7,721.65,718.0,720.75,5881.0
2026-07-01 14:20:00+05:30,721.2,722.8,720.65,721.75,8608.0
2026-07-01 14:25:00+05:30,721.8,722.4,719.05,720.05,9449.0
2026-07-01 14:30:00+05:30,720.7,721.8,720.2,720.95,3448.0
2026-07-01 14:35:00+05:30,720.8,722.85,719.6,720.5,6410.0
2026-07-01 14:40:00+05:30,720.45,721.95,718.55,718.65,6207.0
2026-07-01 14:45:00+05:30,718.7,720.0,714.75,717.45,19774.0
2026-07-01 14:50:00+05:30,717.45,720.0,717.4,719.4,6274.0
2026-07-01 14:55:00+05:30,719.4,720.0,717.85,719.85,4647.0
2026-07-01 15:00:00+05:30,719.3,720.0,718.2,719.6,6753.0
2026-07-01 15:05:00+05:30,719.8,719.8,717.75,717.75,5054.0
2026-07-01 15:10:00+05:30,717.75,724.0,717.75,721.9,23201.0
2026-07-01 15:15:00+05:30,721.9,724.95,719.45,720.65,29928.0
2026-07-01 15:20:00+05:30,720.25,721.3,717.2,720.45,16418.0
2026-07-01 15:25:00+05:30,720.45,722.0,718.8,718.85,11543.0
2026-07-02 09:15:00+05:30,725.0,747.15,724.45,729.8,34390.0
2026-07-02 09:20:00+05:30,730.25,734.45,726.2,728.9,9998.0
2026-07-02 09:25:00+05:30,728.85,730.65,725.9,727.0,5672.0
2026-07-02 09:30:00+05:30,726.3,726.9,722.95,723.5,6334.0
2026-07-02 09:35:00+05:30,723.5,724.85,721.05,722.5,4813.0
2026-07-02 09:40:00+05:30,722.65,722.65,716.7,717.05,10147.0
2026-07-02 09:45:00+05:30,717.3,720.05,717.3,720.05,3025.0
2026-07-02 09:50:00+05:30,720.65,726.6,719.25,724.2,6755.0
2026-07-02 09:55:00+05:30,724.15,724.7,722.05,724.0,1370.0
2026-07-02 10:00:00+05:30,725.0,725.0,718.05,718.1,6664.0
2026-07-02 10:05:00+05:30,718.05,721.3,718.05,720.8,8062.0
2026-07-02 10:10:00+05:30,720.85,720.85,719.0,719.3,2197.0
2026-07-02 10:15:00+05:30,722.05,729.85,722.0,729.8,9886.0
2026-07-02 10:20:00+05:30,729.0,733.25,728.8,730.3,5962.0
2026-07-02 10:25:00+05:30,731.0,732.45,730.15,732.45,1341.0
2026-07-02 10:30:00+05:30,732.35,732.5,728.2,729.3,1991.0
2026-07-02 10:35:00+05:30,728.9,730.0,728.9,729.95,1249.0
2026-07-02 10:40:00+05:30,729.1,730.5,728.1,730.45,9844.0
2026-07-02 10:45:00+05:30,730.05,730.5,727.15,729.25,4313.0
2026-07-02 10:50:00+05:30,729.0,729.9,728.4,729.35,1093.0
2026-07-02 10:55:00+05:30,728.75,729.95,728.0,729.4,10810.0
2026-07-02 11:00:00+05:30,729.4,730.0,728.5,729.45,1472.0
2026-07-02 11:05:00+05:30,729.4,729.8,728.6,729.4,748.0
2026-07-02 11:10:00+05:30,728.85,729.4,728.6,729.2,861.0
2026-07-02 11:15:00+05:30,728.75,729.35,728.3,729.15,753.0
2026-07-02 11:20:00+05:30,728.65,729.7,728.15,729.65,1535.0
2026-07-02 11:25:00+05:30,729.15,730.0,728.5,729.2,1048.0
2026-07-02 11:30:00+05:30,728.6,729.85,728.15,729.6,911.0
2026-07-02 11:35:00+05:30,729.2,730.0,728.35,730.0,3537.0
2026-07-02 11:40:00+05:30,729.45,730.0,725.05,725.8,1601.0
2026-07-02 11:45:00+05:30,725.8,726.4,723.75,725.0,1649.0
2026-07-02 11:50:00+05:30,724.35,727.25,723.45,725.65,6803.0
2026-07-02 11:55:00+05:30,725.25,726.95,725.15,725.2,1559.0
2026-07-02 12:00:00+05:30,726.7,730.25,726.7,730.25,2318.0
2026-07-02 12:05:00+05:30,730.3,735.0,729.5,733.8,8640.0
2026-07-02 12:10:00+05:30,732.95,734.05,731.0,732.7,2221.0
2026-07-02 12:15:00+05:30,732.35,733.0,730.6,732.8,1622.0
2026-07-02 12:20:00+05:30,732.5,732.95,730.9,731.75,604.0
2026-07-02 12:25:00+05:30,731.85,733.0,730.55,733.0,6103.0
2026-07-02 12:30:00+05:30,732.6,732.9,731.4,731.8,1612.0
2026-07-02 12:35:00+05:30,731.85,732.0,730.3,731.0,770.0
2026-07-02 12:40:00+05:30,731.0,731.75,730.0,731.75,5620.0
2026-07-02 12:45:00+05:30,731.75,733.2,731.2,731.5,2506.0
2026-07-02 12:50:00+05:30,731.7,732.0,730.0,730.9,903.0
2026-07-02 12:55:00+05:30,731.6,731.6,728.55,729.85,3900.0
2026-07-02 13:00:00+05:30,729.4,731.1,729.35,730.65,1093.0
2026-07-02 13:05:00+05:30,730.65,731.15,730.1,731.15,1203.0
2026-07-02 13:10:00+05:30,731.15,731.25,730.4,730.4,254.0
2026-07-02 13:15:00+05:30,730.4,731.5,730.15,731.4,721.0
2026-07-02 13:20:00+05:30,731.45,732.95,730.5,732.85,3360.0
2026-07-02 13:25:00+05:30,733.0,733.35,731.25,731.8,3195.0
2026-07-02 13:30:00+05:30,731.8,732.0,730.5,730.9,6790.0
2026-07-02 13:35:00+05:30,731.2,731.9,730.0,731.8,4070.0
2026-07-02 13:40:00+05:30,731.4,732.0,730.75,731.5,1240.0
2026-07-02 13:45:00+05:30,731.05,732.0,731.05,731.45,2337.0
2026-07-02 13:50:00+05:30,731.45,731.75,730.7,731.35,552.0
2026-07-02 13:55:00+05:30,731.35,731.35,730.1,730.8,2343.0
2026-07-02 14:00:00+05:30,730.8,731.5,730.5,731.15,664.0
2026-07-02 14:05:00+05:30,731.15,731.3,730.9,731.3,602.0
2026-07-02 14:10:00+05:30,731.3,731.3,730.3,730.85,444.0
2026-07-02 14:15:00+05:30,730.8,730.95,728.75,730.0,5005.0
2026-07-02 14:20:00+05:30,729.2,732.85,728.15,732.25,8694.0
2026-07-02 14:25:00+05:30,732.55,732.55,729.9,730.0,5495.0
2026-07-02 14:30:00+05:30,730.7,732.0,730.35,731.85,1114.0
2026-07-02 14:35:00+05:30,731.85,732.3,730.5,731.25,1135.0
2026-07-02 14:40:00+05:30,730.75,731.55,730.0,731.55,1666.0
2026-07-02 14:45:00+05:30,731.55,731.65,730.2,731.05,668.0
2026-07-02 14:50:00+05:30,731.05,733.35,729.95,733.0,5497.0
2026-07-02 14:55:00+05:30,733.0,734.2,731.6,733.0,3682.0
2026-07-02 15:00:00+05:30,732.5,733.35,731.8,732.65,1875.0
2026-07-02 15:05:00+05:30,732.65,740.0,731.1,735.55,11563.0
2026-07-02 15:10:00+05:30,735.7,735.75,734.2,735.2,6042.0
2026-07-02 15:15:00+05:30,735.2,745.0,734.9,745.0,36476.0
2026-07-02 15:20:00+05:30,745.0,749.3,741.05,742.6,43089.0
2026-07-02 15:25:00+05:30,743.55,743.6,735.1,737.5,10813.0
2026-07-03 09:15:00+05:30,735.95,744.6,735.0,741.35,7698.0
2026-07-03 09:20:00+05:30,741.5,742.0,731.05,731.8,12272.0
2026-07-03 09:25:00+05:30,731.1,737.75,731.1,737.2,8952.0
2026-07-03 09:30:00+05:30,739.9,740.0,735.25,736.45,16142.0
2026-07-03 09:35:00+05:30,736.3,737.4,734.6,737.35,3132.0
2026-07-03 09:40:00+05:30,737.0,737.2,735.0,735.3,3170.0
2026-07-03 09:45:00+05:30,735.5,736.0,734.15,735.1,1603.0
2026-07-03 09:50:00+05:30,734.45,740.0,734.25,737.0,6151.0
2026-07-03 09:55:00+05:30,736.15,736.3,735.05,735.2,1036.0
2026-07-03 10:00:00+05:30,736.0,737.0,734.8,734.8,1410.0
2026-07-03 10:05:00+05:30,735.2,736.95,734.6,736.5,1174.0
2026-07-03 10:10:00+05:30,736.5,736.5,734.65,735.0,1888.0
2026-07-03 10:15:00+05:30,735.95,758.9,735.95,758.9,29445.0
2026-07-03 10:20:00+05:30,758.0,764.0,745.2,745.4,50217.0
2026-07-03 10:25:00+05:30,745.4,751.95,743.7,751.0,9691.0
2026-07-03 10:30:00+05:30,751.55,754.0,747.3,747.35,3739.0
2026-07-03 10:35:00+05:30,748.2,749.75,745.1,746.1,3335.0
2026-07-03 10:40:00+05:30,746.7,747.35,745.0,746.0,1955.0
2026-07-03 10:45:00+05:30,746.8,748.8,746.35,747.4,2851.0
2026-07-03 10:50:00+05:30,750.45,751.55,748.3,748.7,7799.0
2026-07-03 10:55:00+05:30,749.55,750.75,748.3,749.15,1910.0
2026-07-03 11:00:00+05:30,750.0,750.85,747.2,747.8,3047.0
2026-07-03 11:05:00+05:30,747.5,748.95,747.0,748.9,1452.0
2026-07-03 11:10:00+05:30,748.05,749.55,745.85,745.95,2320.0
2026-07-03 11:15:00+05:30,745.95,746.7,745.3,745.55,579.0
2026-07-03 11:20:00+05:30,746.15,746.6,745.1,745.15,797.0
2026-07-03 11:25:00+05:30,745.65,745.85,742.6,743.3,2209.0
2026-07-03 11:30:00+05:30,742.9,744.45,742.25,744.05,1648.0
2026-07-03 11:35:00+05:30,744.05,744.05,740.95,742.05,2002.0
2026-07-03 11:40:00+05:30,742.05,742.4,740.55,741.95,672.0
2026-07-03 11:45:00+05:30,741.15,742.55,740.1,742.55,844.0
2026-07-03 11:50:00+05:30,742.9,744.6,742.9,743.7,1023.0
2026-07-03 11:55:00+05:30,744.15,744.2,743.2,743.45,136.0
2026-07-03 12:00:00+05:30,743.5,743.5,742.65,742.9,335.0
2026-07-03 12:05:00+05:30,742.9,742.9,741.85,742.6,271.0
2026-07-03 12:10:00+05:30,742.6,749.5,742.6,748.95,2998.0
2026-07-03 12:15:00+05:30,748.85,748.85,743.65,745.8,3618.0
2026-07-03 12:20:00+05:30,745.7,747.75,744.6,747.75,439.0
2026-07-03 12:25:00+05:30,747.85,748.0,745.0,747.35,789.0
2026-07-03 12:30:00+05:30,746.8,746.8,744.9,744.9,548.0
2026-07-03 12:35:00+05:30,744.9,745.6,743.3,743.5,1759.0
2026-07-03 12:40:00+05:30,743.4,746.4,743.0,744.2,1232.0
2026-07-03 12:45:00+05:30,744.15,746.25,741.05,746.05,2566.0
2026-07-03 12:50:00+05:30,746.1,746.9,743.9,745.4,605.0
2026-07-03 12:55:00+05:30,745.4,745.8,743.55,745.8,936.0
2026-07-03 13:00:00+05:30,746.0,746.0,743.6,744.15,522.0
2026-07-03 13:05:00+05:30,744.3,744.35,743.65,743.85,307.0
2026-07-03 13:10:00+05:30,744.35,744.85,743.45,744.85,745.0
2026-07-03 13:15:00+05:30,744.0,745.4,742.3,745.4,5033.0
2026-07-03 13:20:00+05:30,746.6,746.6,744.15,744.75,666.0
2026-07-03 13:25:00+05:30,744.6,749.9,744.6,745.6,8111.0
2026-07-03 13:30:00+05:30,746.1,746.1,744.05,745.05,867.0
2026-07-03 13:35:00+05:30,745.85,747.8,745.4,746.95,1269.0
2026-07-03 13:40:00+05:30,746.8,747.0,746.0,746.65,486.0
2026-07-03 13:45:00+05:30,745.9,747.2,744.95,746.35,674.0
2026-07-03 13:50:00+05:30,746.4,746.75,744.95,745.7,481.0
2026-07-03 13:55:00+05:30,745.65,747.0,744.85,747.0,478.0
2026-07-03 14:00:00+05:30,747.65,749.45,743.75,743.75,2745.0
2026-07-03 14:05:00+05:30,743.15,743.6,741.35,742.85,9365.0
2026-07-03 14:10:00+05:30,742.35,745.05,742.35,742.9,2121.0
2026-07-03 14:15:00+05:30,743.7,747.3,742.85,747.3,2607.0
2026-07-03 14:20:00+05:30,747.3,748.75,738.1,738.5,8721.0
2026-07-03 14:25:00+05:30,738.4,739.55,737.4,738.65,2272.0
2026-07-03 14:30:00+05:30,738.0,739.45,737.05,738.5,1341.0
2026-07-03 14:35:00+05:30,738.5,739.95,737.85,738.8,1117.0
2026-07-03 14:40:00+05:30,738.1,738.8,737.1,738.15,2734.0
2026-07-03 14:45:00+05:30,739.2,740.7,738.8,740.7,592.0
2026-07-03 14:50:00+05:30,740.2,741.65,740.2,741.6,829.0
2026-07-03 14:55:00+05:30,741.65,744.0,741.0,743.2,4640.0
2026-07-03 15:00:00+05:30,743.75,744.0,743.05,743.6,1083.0
2026-07-03 15:05:00+05:30,743.95,743.95,739.05,742.0,8208.0
2026-07-03 15:10:00+05:30,741.55,741.95,735.45,739.0,6334.0
2026-07-03 15:15:00+05:30,738.25,740.95,735.1,738.25,19731.0
2026-07-03 15:20:00+05:30,738.2,740.0,736.05,739.5,7382.0
2026-07-03 15:25:00+05:30,739.0,742.55,735.0,735.5,8286.0
2026-07-06 09:15:00+05:30,733.9,756.65,733.9,746.9,10916.0
2026-07-06 09:20:00+05:30,746.25,746.75,744.45,744.45,2328.0
2026-07-06 09:25:00+05:30,744.5,746.5,743.0,743.55,1282.0
2026-07-06 09:30:00+05:30,744.15,745.15,742.5,742.6,850.0
2026-07-06 09:35:00+05:30,743.5,743.75,740.55,743.0,3786.0
2026-07-06 09:40:00+05:30,742.85,748.0,741.85,748.0,8811.0
2026-07-06 09:45:00+05:30,748.1,750.7,747.8,750.5,2565.0
2026-07-06 09:50:00+05:30,751.4,753.95,751.2,752.05,3543.0
2026-07-06 09:55:00+05:30,752.0,752.0,748.05,748.45,1924.0
2026-07-06 10:00:00+05:30,748.3,752.35,741.25,742.9,11203.0
2026-07-06 10:05:00+05:30,742.25,743.4,741.4,743.0,2975.0
2026-07-06 10:10:00+05:30,742.5,743.0,739.0,740.25,3744.0
2026-07-06 10:15:00+05:30,740.25,742.0,740.25,741.4,1316.0
2026-07-06 10:20:00+05:30,742.2,742.2,739.05,739.8,1587.0
2026-07-06 10:25:00+05:30,739.85,740.15,739.0,739.0,560.0
2026-07-06 10:30:00+05:30,739.0,739.0,735.4,736.35,1379.0
2026-07-06 10:35:00+05:30,736.85,736.85,735.4,735.95,507.0
2026-07-06 10:40:00+05:30,735.95,737.4,735.95,737.1,557.0
2026-07-06 10:45:00+05:30,736.6,736.65,731.05,733.0,9174.0
2026-07-06 10:50:00+05:30,732.9,735.35,732.9,734.9,1471.0
2026-07-06 10:55:00+05:30,734.0,737.4,734.0,737.4,3671.0
2026-07-06 11:00:00+05:30,737.4,738.4,736.95,738.35,297.0
2026-07-06 11:05:00+05:30,738.35,738.35,736.9,737.75,368.0
2026-07-06 11:10:00+05:30,736.65,738.25,736.65,738.25,175.0
2026-07-06 11:15:00+05:30,738.1,739.0,738.1,738.8,933.0
2026-07-06 11:20:00+05:30,738.8,739.0,737.85,739.0,1797.0
2026-07-06 11:25:00+05:30,739.0,739.0,738.35,738.4,674.0
2026-07-06 11:30:00+05:30,738.4,739.0,738.35,739.0,911.0
2026-07-06 11:35:00+05:30,739.0,739.15,738.7,739.0,1474.0
2026-07-06 11:40:00+05:30,739.0,744.3,737.2,737.65,26693.0
2026-07-06 11:45:00+05:30,737.85,738.85,737.4,737.55,1260.0
2026-07-06 11:50:00+05:30,737.55,738.0,735.2,735.45,2092.0
2026-07-06 11:55:00+05:30,735.7,736.6,733.0,734.5,1556.0
2026-07-06 12:00:00+05:30,734.5,734.85,733.65,734.85,1108.0
2026-07-06 12:05:00+05:30,734.85,739.5,734.25,737.0,13453.0
2026-07-06 12:10:00+05:30,737.25,737.5,735.5,735.6,626.0
2026-07-06 12:15:00+05:30,735.15,735.15,734.0,734.3,368.0
2026-07-06 12:20:00+05:30,735.1,735.25,734.3,735.25,677.0
2026-07-06 12:25:00+05:30,735.25,735.35,733.2,733.4,300.0
2026-07-06 12:30:00+05:30,733.4,738.4,733.05,737.05,9107.0
2026-07-06 12:35:00+05:30,736.35,740.0,735.9,739.45,10783.0
2026-07-06 12:40:00+05:30,739.45,740.0,738.85,739.8,1354.0
2026-07-06 12:45:00+05:30,739.0,739.0,736.0,739.0,6550.0
2026-07-06 12:50:00+05:30,739.0,739.0,738.0,738.3,337.0
2026-07-06 12:55:00+05:30,737.65,738.0,737.15,737.65,395.0
2026-07-06 13:00:00+05:30,737.65,737.65,736.85,737.2,111.0
2026-07-06 13:05:00+05:30,737.2,737.9,737.2,737.75,90.0
2026-07-06 13:10:00+05:30,738.0,738.0,735.9,737.0,598.0
2026-07-06 13:15:00+05:30,736.4,738.45,736.1,737.8,546.0
2026-07-06 13:20:00+05:30,737.8,737.8,735.6,737.35,5495.0
2026-07-06 13:25:00+05:30,736.95,737.7,735.9,736.2,5397.0
2026-07-06 13:30:00+05:30,736.05,736.75,735.2,735.25,455.0
2026-07-06 13:35:00+05:30,735.75,737.8,735.25,737.35,679.0
2026-07-06 13:40:00+05:30,736.55,738.15,736.5,736.55,650.0
2026-07-06 13:45:00+05:30,736.15,736.8,736.0,736.05,770.0
2026-07-06 13:50:00+05:30,736.15,736.15,735.25,735.45,285.0
2026-07-06 13:55:00+05:30,736.2,736.55,735.5,735.5,727.0
2026-07-06 14:00:00+05:30,735.15,735.45,734.05,735.45,939.0
2026-07-06 14:05:00+05:30,735.1,735.8,733.0,734.3,633.0
2026-07-06 14:10:00+05:30,734.5,735.1,733.35,734.25,745.0
2026-07-06 14:15:00+05:30,734.05,734.5,733.35,734.25,300.0
2026-07-06 14:20:00+05:30,734.25,734.25,732.85,732.85,758.0
2026-07-06 14:25:00+05:30,732.9,733.55,732.9,733.55,48.0
2026-07-06 14:30:00+05:30,733.5,735.1,732.05,735.0,2226.0
2026-07-06 14:35:00+05:30,735.15,736.4,734.85,735.7,212.0
2026-07-06 14:40:00+05:30,735.2,736.6,734.3,735.9,2170.0
2026-07-06 14:45:00+05:30,735.9,739.0,735.75,739.0,4270.0
2026-07-06 14:50:00+05:30,739.0,739.0,737.5,738.0,1261.0
2026-07-06 14:55:00+05:30,738.0,739.0,737.35,738.3,1606.0
2026-07-06 15:00:00+05:30,738.3,738.7,737.35,738.35,1805.0
2026-07-06 15:05:00+05:30,737.4,738.85,736.55,738.8,22043.0
2026-07-06 15:10:00+05:30,738.85,738.85,736.1,737.7,28701.0
2026-07-06 15:15:00+05:30,737.3,739.0,736.55,738.1,7986.0
2026-07-06 15:20:00+05:30,737.5,737.65,734.25,735.6,9139.0
2026-07-06 15:25:00+05:30,735.35,737.95,735.0,737.0,5679.0
2026-07-07 09:15:00+05:30,732.3,749.0,732.3,748.0,7241.0
2026-07-07 09:20:00+05:30,748.6,751.9,743.15,743.3,5332.0
2026-07-07 09:25:00+05:30,743.5,745.0,740.7,740.9,3332.0
2026-07-07 09:30:00+05:30,740.6,742.85,740.5,742.85,787.0
2026-07-07 09:35:00+05:30,742.75,744.95,742.1,744.0,1250.0
2026-07-07 09:40:00+05:30,744.8,745.05,741.5,743.05,1771.0
2026-07-07 09:45:00+05:30,742.9,755.0,741.15,753.65,18539.0
2026-07-07 09:50:00+05:30,753.65,756.0,752.0,754.15,6171.0
2026-07-07 09:55:00+05:30,755.0,757.0,753.85,755.75,5557.0
2026-07-07 10:00:00+05:30,755.55,756.85,755.0,755.85,2464.0
2026-07-07 10:05:00+05:30,755.85,767.0,750.6,761.4,248702.0
2026-07-07 10:10:00+05:30,761.4,761.4,755.1,758.15,20260.0
2026-07-07 10:15:00+05:30,757.0,759.0,745.85,748.85,14810.0
2026-07-07 10:20:00+05:30,748.9,748.9,742.0,742.8,10789.0
2026-07-07 10:25:00+05:30,742.65,756.65,742.25,754.1,21768.0
2026-07-07 10:30:00+05:30,754.1,759.6,752.95,753.25,12606.0
2026-07-07 10:35:00+05:30,753.15,754.0,745.85,747.6,13994.0
2026-07-07 10:40:00+05:30,746.9,749.9,745.1,749.6,6301.0
2026-07-07 10:45:00+05:30,749.1,749.1,746.25,747.7,3160.0
2026-07-07 10:50:00+05:30,748.15,748.4,744.05,745.0,10819.0
2026-07-07 10:55:00+05:30,745.0,745.05,740.2,741.3,6153.0
2026-07-07 11:00:00+05:30,741.4,741.4,738.05,740.95,7559.0
2026-07-07 11:05:00+05:30,740.4,741.3,739.6,740.0,3245.0
2026-07-07 11:10:00+05:30,740.0,740.25,737.1,737.1,2981.0
2026-07-07 11:15:00+05:30,737.55,740.55,736.1,739.15,3884.0
2026-07-07 11:20:00+05:30,739.7,740.0,738.35,739.7,2024.0
2026-07-07 11:25:00+05:30,740.0,740.8,738.2,740.8,3246.0
2026-07-07 11:30:00+05:30,740.55,741.5,739.7,741.1,2566.0
2026-07-07 11:35:00+05:30,740.85,741.3,739.2,740.35,2031.0
2026-07-07 11:40:00+05:30,740.95,741.0,740.0,740.4,4396.0
2026-07-07 11:45:00+05:30,740.8,741.35,740.0,740.95,3320.0
2026-07-07 11:50:00+05:30,740.65,741.25,737.1,738.5,4223.0
2026-07-07 11:55:00+05:30,738.5,738.85,737.25,737.85,499.0
2026-07-07 12:00:00+05:30,737.5,737.85,736.55,736.95,1125.0
2026-07-07 12:05:00+05:30,736.85,741.5,736.55,740.6,9291.0
2026-07-07 12:10:00+05:30,742.45,742.45,739.15,739.3,2348.0
2026-07-07 12:15:00+05:30,739.3,744.9,739.25,742.6,2687.0
2026-07-07 12:20:00+05:30,743.1,744.35,742.15,743.15,3723.0
2026-07-07 12:25:00+05:30,743.15,744.15,741.65,742.15,2802.0
2026-07-07 12:30:00+05:30,742.45,743.4,740.95,742.0,3347.0
2026-07-07 12:35:00+05:30,742.3,743.5,741.2,741.85,3092.0
2026-07-07 12:40:00+05:30,742.15,743.3,738.9,738.9,4659.0
2026-07-07 12:45:00+05:30,739.6,739.8,738.1,738.75,5470.0
2026-07-07 12:50:00+05:30,739.15,739.95,737.65,738.1,3357.0
2026-07-07 12:55:00+05:30,737.85,739.05,737.15,739.05,435.0
2026-07-07 13:00:00+05:30,739.0,739.1,737.0,738.6,2376.0
2026-07-07 13:05:00+05:30,738.65,738.65,737.3,738.0,231.0
2026-07-07 13:10:00+05:30,737.6,738.05,736.2,737.45,1304.0
2026-07-07 13:15:00+05:30,736.55,737.55,736.15,736.65,715.0
2026-07-07 13:20:00+05:30,737.1,737.1,735.1,736.85,2242.0
2026-07-07 13:25:00+05:30,736.2,736.85,735.8,736.5,831.0
2026-07-07 13:30:00+05:30,736.45,738.7,736.15,738.35,2785.0
2026-07-07 13:35:00+05:30,738.35,739.7,737.9,738.65,1147.0
2026-07-07 13:40:00+05:30,739.4,740.6,738.45,738.75,7417.0
2026-07-07 13:45:00+05:30,739.55,742.1,739.55,740.75,15774.0
2026-07-07 13:50:00+05:30,740.25,742.6,739.7,742.6,5982.0
2026-07-07 13:55:00+05:30,742.35,745.0,741.3,742.1,10717.0
2026-07-07 14:00:00+05:30,741.6,742.6,740.3,740.65,6461.0
2026-07-07 14:05:00+05:30,740.8,741.75,739.6,741.4,7386.0
2026-07-07 14:10:00+05:30,741.15,741.65,739.7,740.9,6701.0
2026-07-07 14:15:00+05:30,740.15,742.55,740.0,742.55,5727.0
2026-07-07 14:20:00+05:30,742.2,743.1,741.15,741.45,5809.0
2026-07-07 14:25:00+05:30,741.35,742.7,741.0,742.25,5961.0
2026-07-07 14:30:00+05:30,741.8,743.3,740.05,740.3,6819.0
2026-07-07 14:35:00+05:30,740.85,742.1,740.0,741.0,5960.0
2026-07-07 14:40:00+05:30,741.6,742.45,740.3,741.5,6053.0
2026-07-07 14:45:00+05:30,741.5,742.5,740.0,742.3,6861.0
2026-07-07 14:50:00+05:30,742.3,742.3,740.25,741.15,5474.0
2026-07-07 14:55:00+05:30,740.6,741.4,740.05,740.8,5384.0
2026-07-07 15:00:00+05:30,740.5,744.0,737.1,739.15,21018.0
2026-07-07 15:05:00+05:30,739.35,740.35,737.7,738.75,6264.0
2026-07-07 15:10:00+05:30,738.25,738.25,734.65,734.95,6533.0
2026-07-07 15:15:00+05:30,735.55,736.7,733.3,735.65,9034.0
2026-07-07 15:20:00+05:30,735.65,736.35,734.95,735.2,7088.0
2026-07-07 15:25:00+05:30,735.45,740.0,734.2,740.0,8171.0
2026-07-08 09:15:00+05:30,737.5,739.5,727.4,738.6,11177.0
2026-07-08 09:20:00+05:30,738.85,740.85,734.35,736.0,8674.0
2026-07-08 09:25:00+05:30,735.25,740.0,735.25,739.0,6230.0
2026-07-08 09:30:00+05:30,739.5,740.0,738.45,739.4,2513.0
2026-07-08 09:35:00+05:30,739.45,743.85,738.55,739.2,3290.0
2026-07-08 09:40:00+05:30,739.2,739.8,738.7,739.8,477.0
2026-07-08 09:45:00+05:30,739.15,742.2,739.1,740.0,2287.0
2026-07-08 09:50:00+05:30,738.55,739.95,737.85,738.95,4653.0
2026-07-08 09:55:00+05:30,739.9,739.9,736.0,736.0,4015.0
2026-07-08 10:00:00+05:30,736.0,736.05,734.15,734.85,2135.0
2026-07-08 10:05:00+05:30,734.6,739.15,734.6,737.7,1912.0
2026-07-08 10:10:00+05:30,738.05,739.4,737.35,739.35,1606.0
2026-07-08 10:15:00+05:30,738.45,739.45,738.1,738.5,1042.0
2026-07-08 10:20:00+05:30,738.35,739.25,738.05,738.35,772.0
2026-07-08 10:25:00+05:30,738.3,739.15,732.0,733.1,5160.0
2026-07-08 10:30:00+05:30,733.1,733.95,732.05,733.5,1239.0
2026-07-08 10:35:00+05:30,734.55,734.55,730.8,731.75,2972.0
2026-07-08 10:40:00+05:30,731.8,732.9,731.15,732.2,2160.0
2026-07-08 10:45:00+05:30,732.15,732.85,731.55,732.05,668.0
2026-07-08 10:50:00+05:30,732.05,733.0,731.05,731.15,1092.0
2026-07-08 10:55:00+05:30,731.25,732.1,729.5,729.5,9191.0
2026-07-08 11:00:00+05:30,730.2,731.75,729.85,731.75,1110.0
2026-07-08 11:05:00+05:30,731.75,731.75,730.7,731.75,764.0
2026-07-08 11:10:00+05:30,732.45,733.15,731.75,732.55,2279.0
2026-07-08 11:15:00+05:30,732.5,733.25,732.25,732.85,1650.0
2026-07-08 11:20:00+05:30,733.95,735.3,732.75,733.8,8020.0
2026-07-08 11:25:00+05:30,734.85,735.15,734.15,734.3,960.0
2026-07-08 11:30:00+05:30,735.35,735.35,730.3,731.75,4991.0
2026-07-08 11:35:00+05:30,731.75,732.4,731.45,731.95,312.0
2026-07-08 11:40:00+05:30,732.5,732.9,731.4,732.25,955.0
2026-07-08 11:45:00+05:30,732.25,733.75,732.25,733.2,490.0
2026-07-08 11:50:00+05:30,733.25,734.3,733.25,733.75,580.0
2026-07-08 11:55:00+05:30,734.3,734.9,733.85,734.3,519.0
2026-07-08 12:00:00+05:30,734.85,734.9,733.5,733.5,1006.0
2026-07-08 12:05:00+05:30,734.1,734.9,733.25,733.8,1018.0
2026-07-08 12:10:00+05:30,733.45,734.0,731.7,731.75,616.0
2026-07-08 12:15:00+05:30,731.5,733.5,731.5,733.35,598.0
2026-07-08 12:20:00+05:30,732.6,733.5,730.0,730.15,1892.0
2026-07-08 12:25:00+05:30,730.15,730.75,726.45,728.0,2854.0
2026-07-08 12:30:00+05:30,728.0,729.4,728.0,728.9,3041.0
2026-07-08 12:35:00+05:30,728.55,729.45,727.25,728.15,1677.0
2026-07-08 12:40:00+05:30,728.15,729.35,728.0,728.5,829.0
2026-07-08 12:45:00+05:30,728.55,730.0,728.55,728.55,447.0
2026-07-08 12:50:00+05:30,729.3,729.3,728.55,729.05,340.0
2026-07-08 12:55:00+05:30,729.05,729.1,723.6,726.5,3982.0
2026-07-08 13:00:00+05:30,726.45,726.85,724.9,725.9,3172.0
2026-07-08 13:05:00+05:30,726.0,728.4,725.05,728.0,5232.0
2026-07-08 13:10:00+05:30,727.6,727.6,725.0,725.05,3600.0
2026-07-08 13:15:00+05:30,725.0,726.2,725.0,725.0,2543.0
2026-07-08 13:20:00+05:30,725.0,732.85,724.5,727.2,18069.0
2026-07-08 13:25:00+05:30,726.85,727.6,726.85,727.15,2006.0
2026-07-08 13:30:00+05:30,727.15,727.85,727.15,727.55,2047.0
2026-07-08 13:35:00+05:30,727.35,728.5,727.35,728.15,1662.0
2026-07-08 13:40:00+05:30,728.15,729.15,727.55,728.2,2847.0
2026-07-08 13:45:00+05:30,729.0,729.0,726.55,727.3,2657.0
2026-07-08 13:50:00+05:30,727.6,728.25,726.05,726.75,3013.0
2026-07-08 13:55:00+05:30,726.35,726.55,723.1,723.1,3881.0
2026-07-08 14:00:00+05:30,723.85,724.4,719.3,720.3,7359.0
2026-07-08 14:05:00+05:30,719.95,721.05,712.6,713.05,10175.0
2026-07-08 14:10:00+05:30,712.6,715.45,710.55,712.1,16855.0
2026-07-08 14:15:00+05:30,712.7,715.0,711.15,712.05,2380.0
2026-07-08 14:20:00+05:30,712.15,719.45,712.15,718.3,4150.0
2026-07-08 14:25:00+05:30,717.9,717.9,715.95,716.6,1906.0
2026-07-08 14:30:00+05:30,717.6,717.9,714.3,714.35,3065.0
2026-07-08 14:35:00+05:30,714.7,714.7,710.1,712.75,6464.0
2026-07-08 14:40:00+05:30,712.8,715.5,712.8,714.8,2384.0
2026-07-08 14:45:00+05:30,713.65,714.75,713.2,713.2,2030.0
2026-07-08 14:50:00+05:30,712.75,715.7,712.5,715.3,4533.0
2026-07-08 14:55:00+05:30,714.4,714.5,706.6,711.8,14630.0
2026-07-08 15:00:00+05:30,711.55,718.95,711.55,714.35,10186.0
2026-07-08 15:05:00+05:30,713.55,714.2,705.15,711.85,20725.0
2026-07-08 15:10:00+05:30,711.8,716.95,710.3,716.95,15816.0
2026-07-08 15:15:00+05:30,716.0,720.2,716.0,719.75,7094.0
2026-07-08 15:20:00+05:30,719.75,721.35,716.5,716.5,7927.0
2026-07-08 15:25:00+05:30,718.55,720.0,712.4,719.8,13917.0
2026-07-09 09:15:00+05:30,714.1,726.7,714.05,720.5,11060.0
2026-07-09 09:20:00+05:30,720.65,726.95,719.6,726.9,4333.0
2026-07-09 09:25:00+05:30,726.2,728.0,724.45,725.15,5640.0
2026-07-09 09:30:00+05:30,725.05,726.85,724.45,726.05,1867.0
2026-07-09 09:35:00+05:30,726.1,735.5,725.55,734.7,8757.0
2026-07-09 09:40:00+05:30,734.75,736.25,731.25,731.95,7075.0
2026-07-09 09:45:00+05:30,731.4,733.0,727.05,731.5,3239.0
2026-07-09 09:50:00+05:30,731.35,733.0,731.3,732.1,1634.0
2026-07-09 09:55:00+05:30,732.15,733.9,731.8,731.8,5456.0
2026-07-09 10:00:00+05:30,732.25,735.0,730.6,731.3,4366.0
2026-07-09 10:05:00+05:30,730.95,731.45,728.0,728.65,4914.0
2026-07-09 10:10:00+05:30,728.65,728.65,725.5,726.65,3654.0
2026-07-09 10:15:00+05:30,727.0,728.9,726.6,728.35,1766.0
2026-07-09 10:20:00+05:30,728.3,728.75,726.85,728.55,1572.0
2026-07-09 10:25:00+05:30,728.65,728.65,726.35,726.35,2740.0
2026-07-09 10:30:00+05:30,726.25,726.7,722.8,723.1,10238.0
2026-07-09 10:35:00+05:30,723.5,724.0,720.6,721.65,3000.0
2026-07-09 10:40:00+05:30,721.6,724.0,721.55,723.05,2401.0
2026-07-09 10:45:00+05:30,723.0,723.6,722.7,723.2,2063.0
2026-07-09 10:50:00+05:30,723.0,724.15,721.65,723.05,4731.0
2026-07-09 10:55:00+05:30,722.6,723.15,722.35,723.05,731.0
2026-07-09 11:00:00+05:30,723.4,725.0,718.7,720.0,539795.0
2026-07-09 11:05:00+05:30,719.5,720.0,719.15,719.55,881.0
2026-07-09 11:10:00+05:30,720.0,723.7,720.0,721.55,11555.0
2026-07-09 11:15:00+05:30,721.35,721.8,718.15,719.7,5540.0
2026-07-09 11:20:00+05:30,719.5,722.8,718.7,722.5,3228.0
2026-07-09 11:25:00+05:30,722.0,723.55,720.65,721.4,2465.0
2026-07-09 11:30:00+05:30,721.35,722.2,720.75,722.2,749.0
2026-07-09 11:35:00+05:30,721.85,721.85,720.95,721.5,1247.0
2026-07-09 11:40:00+05:30,721.65,723.3,718.4,718.4,8057.0
2026-07-09 11:45:00+05:30,719.15,720.75,718.5,720.4,2686.0
2026-07-09 11:50:00+05:30,720.45,720.5,719.65,719.85,2242.0
2026-07-09 11:55:00+05:30,720.0,720.8,719.75,719.8,855.0
2026-07-09 12:00:00+05:30,719.5,720.25,719.5,720.25,713.0
2026-07-09 12:05:00+05:30,720.0,720.45,719.55,720.35,1933.0
2026-07-09 12:10:00+05:30,720.35,720.85,719.75,720.65,3288.0
2026-07-09 12:15:00+05:30,720.65,721.1,719.55,720.0,2950.0
2026-07-09 12:20:00+05:30,720.6,720.8,719.85,720.0,2057.0
2026-07-09 12:25:00+05:30,719.65,720.2,719.35,719.45,1072.0
2026-07-09 12:30:00+05:30,719.45,720.4,719.45,719.7,1472.0
2026-07-09 12:35:00+05:30,719.85,720.5,712.05,713.8,7665.0
2026-07-09 12:40:00+05:30,714.6,715.0,713.75,714.25,1074.0
2026-07-09 12:45:00+05:30,714.4,715.75,714.1,715.2,2590.0
2026-07-09 12:50:00+05:30,715.2,717.45,715.2,716.3,3522.0
2026-07-09 12:55:00+05:30,717.45,718.25,716.8,716.9,2426.0
2026-07-09 13:00:00+05:30,716.9,718.9,716.75,717.9,671.0
2026-07-09 13:05:00+05:30,717.95,728.7,717.95,726.25,31429.0
2026-07-09 13:10:00+05:30,726.55,729.8,725.4,729.8,7538.0
2026-07-09 13:15:00+05:30,729.9,733.35,725.4,725.6,18106.0
2026-07-09 13:20:00+05:30,725.75,725.75,721.0,722.0,14201.0
2026-07-09 13:25:00+05:30,722.0,722.65,720.8,721.15,4515.0
2026-07-09 13:30:00+05:30,720.75,722.9,720.75,721.25,2104.0
2026-07-09 13:35:00+05:30,721.2,721.85,720.65,721.05,1468.0
2026-07-09 13:40:00+05:30,720.35,721.15,718.45,718.7,8993.0
2026-07-09 13:45:00+05:30,718.7,720.0,718.7,719.25,1649.0
2026-07-09 13:50:00+05:30,719.2,719.9,718.3,718.35,2889.0
2026-07-09 13:55:00+05:30,718.95,720.85,718.3,719.6,6546.0
2026-07-09 14:00:00+05:30,719.0,720.55,719.0,719.85,1619.0
2026-07-09 14:05:00+05:30,719.3,720.0,718.45,719.85,1885.0
2026-07-09 14:10:00+05:30,719.0,722.05,717.6,720.0,32396.0
2026-07-09 14:15:00+05:30,720.0,721.0,719.3,720.0,7626.0
2026-07-09 14:20:00+05:30,719.85,720.2,719.45,719.7,6195.0
2026-07-09 14:25:00+05:30,720.0,720.45,719.7,720.0,2675.0
2026-07-09 14:30:00+05:30,719.95,723.05,716.8,716.85,46927.0
2026-07-09 14:35:00+05:30,716.85,718.7,716.85,718.35,1039.0
2026-07-09 14:40:00+05:30,718.35,719.45,717.8,718.5,4851.0
2026-07-09 14:45:00+05:30,718.9,719.75,717.9,719.1,1070.0
2026-07-09 14:50:00+05:30,719.95,720.0,718.6,718.65,1706.0
2026-07-09 14:55:00+05:30,718.4,719.8,718.4,718.95,931.0
2026-07-09 15:00:00+05:30,719.6,720.0,719.1,719.35,4120.0
2026-07-09 15:05:00+05:30,719.75,719.8,716.0,717.55,3737.0
2026-07-09 15:10:00+05:30,716.85,719.3,713.0,719.3,12563.0
2026-07-09 15:15:00+05:30,719.0,721.1,717.65,719.75,27479.0
2026-07-09 15:20:00+05:30,719.1,720.95,719.05,719.95,7162.0
2026-07-09 15:25:00+05:30,719.95,726.0,719.0,726.0,22729.0
2026-07-10 09:15:00+05:30,725.8,735.0,723.05,726.9,10199.0
2026-07-10 09:20:00+05:30,728.4,731.25,722.3,722.95,5956.0
2026-07-10 09:25:00+05:30,722.55,725.85,720.8,725.85,3424.0
2026-07-10 09:30:00+05:30,726.65,727.0,724.15,724.85,2190.0
2026-07-10 09:35:00+05:30,724.5,726.65,724.45,725.45,1366.0
2026-07-10 09:40:00+05:30,725.2,727.25,724.85,726.6,3744.0
2026-07-10 09:45:00+05:30,726.85,728.6,721.35,722.2,7645.0
2026-07-10 09:50:00+05:30,722.2,726.85,722.05,724.3,4665.0
2026-07-10 09:55:00+05:30,724.65,726.75,724.65,725.2,2832.0
2026-07-10 10:00:00+05:30,725.5,726.95,724.2,725.3,4384.0
2026-07-10 10:05:00+05:30,725.85,728.4,725.45,726.5,3049.0
2026-07-10 10:10:00+05:30,726.5,729.2,726.05,728.75,3124.0
2026-07-10 10:15:00+05:30,728.85,729.45,727.25,728.1,1802.0
2026-07-10 10:20:00+05:30,728.9,734.75,727.8,733.15,11983.0
2026-07-10 10:25:00+05:30,733.7,737.95,733.05,733.1,11870.0
2026-07-10 10:30:00+05:30,733.1,739.45,732.15,736.15,8057.0
2026-07-10 10:35:00+05:30,736.4,748.05,735.95,742.1,25045.0
2026-07-10 10:40:00+05:30,741.75,742.05,740.15,742.0,2972.0
2026-07-10 10:45:00+05:30,742.0,744.9,740.95,741.8,6638.0
2026-07-10 10:50:00+05:30,742.15,743.15,739.75,740.0,2327.0
2026-07-10 10:55:00+05:30,740.1,740.75,736.9,738.65,2465.0
2026-07-10 11:00:00+05:30,738.95,739.3,732.05,733.25,7361.0
2026-07-10 11:05:00+05:30,733.25,737.1,732.95,734.75,16814.0
2026-07-10 11:10:00+05:30,735.15,737.4,734.4,734.75,4281.0
2026-07-10 11:15:00+05:30,736.0,736.0,734.2,735.3,1274.0
2026-07-10 11:20:00+05:30,735.35,737.0,735.05,737.0,1032.0
2026-07-10 11:25:00+05:30,736.15,736.85,735.0,735.0,1002.0
2026-07-10 11:30:00+05:30,735.1,740.8,734.8,736.05,10879.0
2026-07-10 11:35:00+05:30,736.45,737.0,734.55,734.6,1790.0
2026-07-10 11:40:00+05:30,735.0,735.35,733.3,735.3,1066.0
2026-07-10 11:45:00+05:30,734.7,735.25,733.6,734.55,1080.0
2026-07-10 11:50:00+05:30,734.5,734.5,731.15,732.05,3921.0
2026-07-10 11:55:00+05:30,732.25,733.1,731.6,732.9,2084.0
2026-07-10 12:00:00+05:30,732.9,733.5,731.9,732.95,3507.0
2026-07-10 12:05:00+05:30,732.85,734.3,732.4,733.0,1024.0
2026-07-10 12:10:00+05:30,733.0,733.5,732.1,732.4,1036.0
2026-07-10 12:15:00+05:30,732.35,733.15,731.2,732.1,2367.0
2026-07-10 12:20:00+05:30,732.15,732.65,732.0,732.25,879.0
2026-07-10 12:25:00+05:30,732.1,732.9,732.0,732.8,1040.0
2026-07-10 12:30:00+05:30,733.05,733.75,730.65,730.65,1891.0
2026-07-10 12:35:00+05:30,730.75,731.95,730.2,731.95,1377.0
2026-07-10 12:40:00+05:30,732.2,732.45,730.0,730.25,2810.0
2026-07-10 12:45:00+05:30,730.2,731.0,730.0,730.95,1081.0
2026-07-10 12:50:00+05:30,730.55,735.45,730.55,734.4,7341.0
2026-07-10 12:55:00+05:30,734.35,735.5,732.0,732.2,2415.0
2026-07-10 13:00:00+05:30,732.4,733.15,730.65,731.05,1106.0
2026-07-10 13:05:00+05:30,731.2,733.0,730.4,731.25,1265.0
2026-07-10 13:10:00+05:30,731.3,733.25,730.6,733.0,1900.0
2026-07-10 13:15:00+05:30,733.0,734.1,732.0,732.4,1083.0
2026-07-10 13:20:00+05:30,732.35,733.1,731.95,732.65,1052.0
2026-07-10 13:25:00+05:30,732.55,732.95,730.25,730.25,3868.0
2026-07-10 13:30:00+05:30,730.25,733.35,730.25,732.0,3530.0
2026-07-10 13:35:00+05:30,731.25,734.7,731.2,733.4,3096.0
2026-07-10 13:40:00+05:30,733.4,733.55,731.7,731.9,1027.0
2026-07-10 13:45:00+05:30,732.0,736.4,731.5,732.6,7853.0
2026-07-10 13:50:00+05:30,733.3,734.0,732.65,732.95,1204.0
2026-07-10 13:55:00+05:30,733.1,733.75,732.8,733.3,1081.0
2026-07-10 14:00:00+05:30,733.8,734.5,732.5,732.95,2540.0
2026-07-10 14:05:00+05:30,732.55,737.5,731.55,734.55,9297.0
2026-07-10 14:10:00+05:30,734.75,737.85,733.75,734.0,9771.0
2026-07-10 14:15:00+05:30,734.2,735.8,734.0,734.6,4200.0
2026-07-10 14:20:00+05:30,734.45,735.65,734.45,734.9,4789.0
2026-07-10 14:25:00+05:30,735.3,739.95,734.9,738.2,9757.0
2026-07-10 14:30:00+05:30,738.25,739.3,735.05,735.1,1477.0
2026-07-10 14:35:00+05:30,735.55,736.1,735.0,735.6,1894.0
2026-07-10 14:40:00+05:30,735.35,735.9,734.6,735.2,1102.0
2026-07-10 14:45:00+05:30,735.2,735.45,734.55,735.0,2207.0
2026-07-10 14:50:00+05:30,734.95,735.65,730.0,730.05,18838.0
2026-07-10 14:55:00+05:30,730.05,730.65,730.0,730.1,11674.0
2026-07-10 15:00:00+05:30,730.0,732.05,730.0,731.15,19401.0
2026-07-10 15:05:00+05:30,731.0,734.0,730.2,733.4,27363.0
2026-07-10 15:10:00+05:30,733.35,733.95,732.15,733.3,16491.0
2026-07-10 15:15:00+05:30,732.75,733.75,731.65,733.55,9199.0
2026-07-10 15:20:00+05:30,733.55,733.55,731.0,731.85,7098.0
2026-07-10 15:25:00+05:30,731.85,732.9,730.0,731.0,11127.0
2026-07-13 09:15:00+05:30,732.0,732.05,715.2,732.0,13282.0
2026-07-13 09:20:00+05:30,732.0,735.2,731.0,734.35,3442.0
2026-07-13 09:25:00+05:30,733.35,737.3,731.65,735.55,7072.0
2026-07-13 09:30:00+05:30,736.45,736.45,730.8,731.55,6260.0
2026-07-13 09:35:00+05:30,731.55,734.1,729.75,732.2,1946.0
2026-07-13 09:40:00+05:30,731.55,734.25,730.1,732.25,3550.0
2026-07-13 09:45:00+05:30,731.6,734.7,730.3,731.4,2146.0
2026-07-13 09:50:00+05:30,731.4,734.4,730.5,733.1,2446.0
2026-07-13 09:55:00+05:30,733.1,734.7,731.85,731.85,4154.0
2026-07-13 10:00:00+05:30,731.35,732.75,731.2,731.2,741.0
2026-07-13 10:05:00+05:30,730.9,737.95,730.9,737.85,4780.0
2026-07-13 10:10:00+05:30,737.85,737.85,734.95,735.1,2268.0
2026-07-13 10:15:00+05:30,734.8,738.0,734.8,736.95,1935.0
2026-07-13 10:20:00+05:30,737.05,737.05,732.5,732.55,1564.0
2026-07-13 10:25:00+05:30,731.8,734.35,731.8,733.1,2321.0
2026-07-13 10:30:00+05:30,732.75,734.85,731.15,733.95,776.0
2026-07-13 10:35:00+05:30,733.55,734.2,733.1,733.4,569.0
2026-07-13 10:40:00+05:30,732.9,734.45,732.9,733.85,569.0
2026-07-13 10:45:00+05:30,733.3,734.85,733.3,733.95,917.0
2026-07-13 10:50:00+05:30,733.7,736.65,733.7,734.55,971.0
2026-07-13 10:55:00+05:30,734.0,736.45,732.85,734.6,1292.0
2026-07-13 11:00:00+05:30,733.6,737.1,733.2,736.4,2745.0
2026-07-13 11:05:00+05:30,736.0,737.8,736.0,737.8,928.0
2026-07-13 11:10:00+05:30,737.75,737.85,736.45,737.3,608.0
2026-07-13 11:15:00+05:30,737.3,737.3,733.65,733.65,975.0
2026-07-13 11:20:00+05:30,733.05,742.15,733.0,741.4,11456.0
2026-07-13 11:25:00+05:30,741.4,742.25,740.1,740.6,11578.0
2026-07-13 11:30:00+05:30,740.5,741.05,733.8,734.65,7151.0
2026-07-13 11:35:00+05:30,733.95,735.1,732.25,734.45,4891.0
2026-07-13 11:40:00+05:30,734.2,741.85,734.1,740.55,2644.0
2026-07-13 11:45:00+05:30,739.85,741.85,739.1,740.75,2360.0
2026-07-13 11:50:00+05:30,740.75,740.75,739.4,739.75,1820.0
2026-07-13 11:55:00+05:30,739.4,741.95,739.4,741.4,2049.0
2026-07-13 12:00:00+05:30,741.5,742.0,740.45,741.3,2379.0
2026-07-13 12:05:00+05:30,741.2,741.95,740.0,740.1,12989.0
2026-07-13 12:10:00+05:30,740.1,740.9,735.2,736.0,5718.0
2026-07-13 12:15:00+05:30,736.0,738.65,735.05,736.8,2060.0
2026-07-13 12:20:00+05:30,736.35,736.75,735.0,735.8,697.0
2026-07-13 12:25:00+05:30,736.0,738.0,735.15,736.75,3298.0
2026-07-13 12:30:00+05:30,736.85,737.7,736.4,737.55,1085.0
2026-07-13 12:35:00+05:30,737.2,737.25,735.0,735.6,2607.0
2026-07-13 12:40:00+05:30,735.6,738.05,735.45,736.45,4206.0
2026-07-13 12:45:00+05:30,736.5,736.5,735.0,735.85,683.0
2026-07-13 12:50:00+05:30,735.45,737.6,734.8,734.9,3162.0
2026-07-13 12:55:00+05:30,734.95,735.35,733.05,734.25,4136.0
2026-07-13 13:00:00+05:30,734.0,734.15,732.4,732.4,2644.0
2026-07-13 13:05:00+05:30,733.35,734.5,732.2,734.4,2498.0
2026-07-13 13:10:00+05:30,734.25,737.65,733.75,737.65,8042.0
2026-07-13 13:15:00+05:30,737.35,737.35,734.5,734.85,1641.0
2026-07-13 13:20:00+05:30,734.75,736.05,734.4,734.85,1278.0
2026-07-13 13:25:00+05:30,734.45,736.4,734.0,735.55,1762.0
2026-07-13 13:30:00+05:30,735.5,735.85,734.3,734.8,1465.0
2026-07-13 13:35:00+05:30,735.25,736.8,735.1,736.05,1588.0
2026-07-13 13:40:00+05:30,736.2,739.65,735.6,738.7,7457.0
2026-07-13 13:45:00+05:30,738.15,738.15,735.35,735.45,1601.0
2026-07-13 13:50:00+05:30,735.35,739.65,735.35,737.4,6497.0
2026-07-13 13:55:00+05:30,737.0,741.85,737.0,740.95,4707.0
2026-07-13 14:00:00+05:30,740.65,742.1,740.3,741.75,1655.0
2026-07-13 14:05:00+05:30,741.2,742.25,741.05,742.25,2849.0
2026-07-13 14:10:00+05:30,742.05,742.75,742.0,742.75,1617.0
2026-07-13 14:15:00+05:30,742.35,743.1,741.05,742.2,3247.0
2026-07-13 14:20:00+05:30,742.05,743.45,741.55,742.4,2985.0
2026-07-13 14:25:00+05:30,741.7,744.9,741.7,744.45,9324.0
2026-07-13 14:30:00+05:30,744.4,748.45,742.2,746.35,10012.0
2026-07-13 14:35:00+05:30,746.35,747.2,737.4,742.95,35222.0
2026-07-13 14:40:00+05:30,743.05,746.8,741.85,742.6,3611.0
2026-07-13 14:45:00+05:30,743.0,746.45,742.6,746.05,1140.0
2026-07-13 14:50:00+05:30,745.75,746.45,741.5,742.0,5914.0
2026-07-13 14:55:00+05:30,742.0,742.85,740.0,740.85,2850.0
2026-07-13 15:00:00+05:30,741.25,741.25,739.05,740.85,6997.0
2026-07-13 15:05:00+05:30,741.1,742.5,740.05,740.35,8982.0
2026-07-13 15:10:00+05:30,740.0,740.95,739.0,739.75,7477.0
2026-07-13 15:15:00+05:30,740.0,743.25,738.75,742.4,6712.0
2026-07-13 15:20:00+05:30,742.35,743.0,740.4,741.9,6361.0
2026-07-13 15:25:00+05:30,741.2,743.0,740.0,742.0,7656.0
2026-07-14 09:15:00+05:30,742.0,742.0,728.75,732.9,12383.0
2026-07-14 09:20:00+05:30,732.0,733.0,730.1,731.15,3152.0
2026-07-14 09:25:00+05:30,731.05,731.05,726.4,726.4,9206.0
2026-07-14 09:30:00+05:30,726.25,727.45,726.15,726.6,1630.0
2026-07-14 09:35:00+05:30,726.6,726.6,722.55,725.1,4051.0
2026-07-14 09:40:00+05:30,725.2,725.2,720.45,723.65,2391.0
2026-07-14 09:45:00+05:30,724.65,725.8,718.55,719.4,7504.0
2026-07-14 09:50:00+05:30,719.45,720.0,717.65,719.95,1517.0
2026-07-14 09:55:00+05:30,720.0,720.0,718.0,718.9,1617.0
2026-07-14 10:00:00+05:30,717.55,718.35,717.15,718.35,1488.0
2026-07-14 10:05:00+05:30,719.2,720.1,718.1,720.1,2928.0
2026-07-14 10:10:00+05:30,719.7,720.1,718.3,718.8,2194.0
2026-07-14 10:15:00+05:30,718.2,718.75,717.0,717.0,1070.0
2026-07-14 10:20:00+05:30,717.35,718.15,717.0,717.0,548.0
2026-07-14 10:25:00+05:30,717.3,717.3,716.5,716.5,1212.0
2026-07-14 10:30:00+05:30,716.85,717.0,715.3,715.75,1135.0
2026-07-14 10:35:00+05:30,715.75,716.85,715.7,716.6,939.0
2026-07-14 10:40:00+05:30,716.9,722.7,715.9,718.05,3891.0
2026-07-14 10:45:00+05:30,722.5,726.0,721.2,721.5,8347.0
2026-07-14 10:50:00+05:30,721.15,721.15,717.0,717.15,5670.0
2026-07-14 10:55:00+05:30,716.8,722.15,716.6,721.9,5120.0
2026-07-14 11:00:00+05:30,723.45,724.0,722.35,723.55,2332.0
2026-07-14 11:05:00+05:30,723.75,724.0,723.05,724.0,2183.0
2026-07-14 11:10:00+05:30,723.95,727.0,723.55,725.9,2210.0
2026-07-14 11:15:00+05:30,725.9,725.9,724.35,724.85,1198.0
2026-07-14 11:20:00+05:30,725.15,725.45,722.05,722.7,5051.0
2026-07-14 11:25:00+05:30,722.25,723.55,721.1,722.3,2068.0
2026-07-14 11:30:00+05:30,722.65,722.65,722.0,722.45,1215.0
2026-07-14 11:35:00+05:30,722.4,723.45,722.15,722.3,1165.0
2026-07-14 11:40:00+05:30,722.6,722.85,722.0,722.0,1782.0
2026-07-14 11:45:00+05:30,722.0,722.1,720.95,721.35,2243.0
2026-07-14 11:50:00+05:30,721.25,721.5,720.0,720.35,1196.0
2026-07-14 11:55:00+05:30,720.35,721.0,720.0,721.0,1091.0
2026-07-14 12:00:00+05:30,721.15,721.15,720.15,721.0,1198.0
2026-07-14 12:05:00+05:30,721.15,726.45,720.15,720.7,9787.0
2026-07-14 12:10:00+05:30,720.7,721.6,720.4,721.5,2824.0
2026-07-14 12:15:00+05:30,722.1,722.45,721.1,722.05,1740.0
2026-07-14 12:20:00+05:30,724.25,726.15,723.15,723.8,4988.0
2026-07-14 12:25:00+05:30,723.6,725.15,723.6,724.55,2759.0
2026-07-14 12:30:00+05:30,724.4,725.35,723.6,723.85,1509.0
2026-07-14 12:35:00+05:30,723.75,723.85,721.1,722.0,1711.0
2026-07-14 12:40:00+05:30,721.75,722.15,721.15,721.5,1274.0
2026-07-14 12:45:00+05:30,721.85,722.55,721.5,721.55,1266.0
2026-07-14 12:50:00+05:30,721.95,721.95,721.0,721.25,1259.0
2026-07-14 12:55:00+05:30,721.4,721.95,716.85,716.85,18472.0
2026-07-14 13:00:00+05:30,717.35,718.1,716.7,717.6,1768.0
2026-07-14 13:05:00+05:30,717.45,720.0,717.05,719.1,1232.0
2026-07-14 13:10:00+05:30,720.0,720.2,719.0,719.35,1350.0
2026-07-14 13:15:00+05:30,719.1,719.9,719.0,719.2,405.0
2026-07-14 13:20:00+05:30,719.1,719.85,719.1,719.25,159.0
2026-07-14 13:25:00+05:30,719.7,719.75,719.0,719.05,268.0
2026-07-14 13:30:00+05:30,719.1,719.95,719.1,719.2,91.0
2026-07-14 13:35:00+05:30,719.0,720.0,718.85,718.95,1950.0
2026-07-14 13:40:00+05:30,718.95,719.6,718.85,719.0,70.0
2026-07-14 13:45:00+05:30,719.05,720.0,718.4,718.4,2157.0
2026-07-14 13:50:00+05:30,718.45,720.55,718.25,720.0,10440.0
2026-07-14 13:55:00+05:30,720.0,720.35,717.95,718.0,3692.0
2026-07-14 14:00:00+05:30,718.0,718.8,718.0,718.15,37.0
2026-07-14 14:05:00+05:30,718.8,718.8,716.3,717.55,9389.0
2026-07-14 14:10:00+05:30,717.5,718.15,716.5,717.25,1056.0
2026-07-14 14:15:00+05:30,717.3,718.3,717.15,717.15,549.0
2026-07-14 14:20:00+05:30,717.2,718.1,717.2,717.75,180.0
2026-07-14 14:25:00+05:30,717.75,719.6,716.35,717.0,989.0
2026-07-14 14:30:00+05:30,717.0,717.7,716.8,717.5,47.0
2026-07-14 14:35:00+05:30,717.75,718.45,717.35,718.05,160.0
2026-07-14 14:40:00+05:30,718.45,719.0,716.65,718.45,5131.0
2026-07-14 14:45:00+05:30,717.95,718.8,716.7,717.15,2080.0
2026-07-14 14:50:00+05:30,717.1,717.5,714.1,716.0,5351.0
2026-07-14 14:55:00+05:30,715.4,716.85,714.15,714.95,3133.0
2026-07-14 15:00:00+05:30,714.4,716.25,713.7,715.9,2939.0
2026-07-14 15:05:00+05:30,716.35,716.35,712.8,712.8,6158.0
2026-07-14 15:10:00+05:30,713.2,715.5,713.2,714.95,3578.0
2026-07-14 15:15:00+05:30,715.0,715.45,711.15,713.15,7144.0
2026-07-14 15:20:00+05:30,713.2,713.7,711.35,712.6,5666.0
2026-07-14 15:25:00+05:30,712.8,714.8,710.0,710.0,6358.0
2026-07-15 09:15:00+05:30,715.0,718.95,708.55,718.95,5126.0
2026-07-15 09:20:00+05:30,718.1,718.1,710.4,714.15,5027.0
2026-07-15 09:25:00+05:30,714.2,716.6,714.2,716.45,1318.0
2026-07-15 09:30:00+05:30,716.65,717.5,714.25,715.75,1213.0
2026-07-15 09:35:00+05:30,715.75,716.85,715.35,715.5,725.0
2026-07-15 09:40:00+05:30,715.55,720.0,714.2,716.6,4969.0
2026-07-15 09:45:00+05:30,716.65,717.2,716.4,717.2,507.0
2026-07-15 09:50:00+05:30,717.5,717.5,716.6,717.4,598.0
2026-07-15 09:55:00+05:30,716.15,716.4,714.65,714.65,874.0
2026-07-15 10:00:00+05:30,714.8,716.95,714.8,716.6,699.0
2026-07-15 10:05:00+05:30,716.6,717.4,716.4,716.45,549.0
2026-07-15 10:10:00+05:30,716.6,716.95,715.55,716.1,212.0
2026-07-15 10:15:00+05:30,716.3,717.2,715.55,716.35,1345.0
2026-07-15 10:20:00+05:30,715.85,716.2,714.65,715.85,4137.0
2026-07-15 10:25:00+05:30,715.75,717.15,715.2,715.2,1086.0
2026-07-15 10:30:00+05:30,715.65,716.35,714.9,715.5,914.0
2026-07-15 10:35:00+05:30,716.3,716.3,714.65,716.2,514.0
2026-07-15 10:40:00+05:30,716.5,716.55,714.05,715.15,640.0
2026-07-15 10:45:00+05:30,715.65,716.25,715.15,715.4,412.0
2026-07-15 10:50:00+05:30,715.85,717.0,713.0,713.0,3682.0
2026-07-15 10:55:00+05:30,713.9,715.3,713.05,714.5,525.0
2026-07-15 11:00:00+05:30,715.1,716.0,713.4,714.25,5609.0
2026-07-15 11:05:00+05:30,713.8,716.8,713.8,715.15,2299.0
2026-07-15 11:10:00+05:30,715.2,716.0,714.15,714.15,280.0
2026-07-15 11:15:00+05:30,714.65,715.05,714.05,714.6,1436.0
2026-07-15 11:20:00+05:30,714.05,714.6,713.3,713.8,639.0
2026-07-15 11:25:00+05:30,713.7,714.55,711.9,713.5,776.0
2026-07-15 11:30:00+05:30,712.9,713.45,712.75,713.2,350.0
2026-07-15 11:35:00+05:30,713.05,714.2,713.05,713.2,242.0
2026-07-15 11:40:00+05:30,713.2,714.15,713.05,713.9,238.0
2026-07-15 11:45:00+05:30,713.45,713.8,713.05,713.8,374.0
2026-07-15 11:50:00+05:30,713.85,714.25,713.6,713.65,937.0
2026-07-15 11:55:00+05:30,714.1,718.7,714.1,716.65,5976.0
2026-07-15 12:00:00+05:30,716.25,717.9,716.25,717.9,534.0
2026-07-15 12:05:00+05:30,717.95,717.95,715.55,716.45,1933.0
2026-07-15 12:10:00+05:30,716.45,717.9,716.45,716.7,625.0
2026-07-15 12:15:00+05:30,716.7,720.9,714.65,718.9,5789.0
2026-07-15 12:20:00+05:30,717.95,720.95,717.6,718.75,6181.0
2026-07-15 12:25:00+05:30,719.0,720.0,718.5,720.0,743.0
2026-07-15 12:30:00+05:30,719.7,721.55,719.3,720.0,6473.0
2026-07-15 12:35:00+05:30,719.8,719.95,719.25,719.25,329.0
2026-07-15 12:40:00+05:30,719.3,722.2,719.15,720.75,5025.0
2026-07-15 12:45:00+05:30,720.6,722.95,719.55,720.9,4881.0
2026-07-15 12:50:00+05:30,720.0,721.5,720.0,720.5,2793.0
2026-07-15 12:55:00+05:30,720.7,721.4,719.85,720.7,5240.0
2026-07-15 13:00:00+05:30,720.7,722.05,719.95,720.7,2471.0
2026-07-15 13:05:00+05:30,720.85,721.45,720.0,720.7,1809.0
2026-07-15 13:10:00+05:30,720.7,721.3,720.0,721.0,2056.0
2026-07-15 13:15:00+05:30,721.35,721.5,720.45,720.85,2118.0
2026-07-15 13:20:00+05:30,720.5,722.0,720.0,721.2,2090.0
2026-07-15 13:25:00+05:30,721.45,722.0,720.65,720.9,3458.0
2026-07-15 13:30:00+05:30,720.7,721.05,720.3,720.65,1835.0
2026-07-15 13:35:00+05:30,720.75,721.4,720.1,720.7,2199.0
2026-07-15 13:40:00+05:30,720.55,720.7,720.05,720.2,3820.0
2026-07-15 13:45:00+05:30,720.25,730.1,720.0,723.65,19415.0
2026-07-15 13:50:00+05:30,724.05,725.55,722.75,725.5,4138.0
2026-07-15 13:55:00+05:30,724.8,724.8,722.15,722.8,3164.0
2026-07-15 14:00:00+05:30,723.35,723.85,721.55,722.45,2562.0
2026-07-15 14:05:00+05:30,723.1,725.85,721.8,725.0,2176.0
2026-07-15 14:10:00+05:30,725.35,725.65,723.45,724.6,1682.0
2026-07-15 14:15:00+05:30,724.7,724.75,722.95,723.6,1569.0
2026-07-15 14:20:00+05:30,722.75,731.8,722.75,730.85,6223.0
2026-07-15 14:25:00+05:30,730.75,732.15,721.85,722.85,9644.0
2026-07-15 14:30:00+05:30,722.75,722.75,720.3,722.75,2001.0
2026-07-15 14:35:00+05:30,722.4,724.85,720.1,724.85,3111.0
2026-07-15 14:40:00+05:30,724.85,725.5,723.55,723.9,2401.0
2026-07-15 14:45:00+05:30,723.75,723.75,721.25,723.25,3170.0
2026-07-15 14:50:00+05:30,722.65,723.05,720.8,721.15,3185.0
2026-07-15 14:55:00+05:30,720.55,721.0,719.0,720.0,2084.0
2026-07-15 15:00:00+05:30,719.85,720.0,718.65,718.85,918.0
2026-07-15 15:05:00+05:30,718.9,722.15,718.9,722.15,6385.0
2026-07-15 15:10:00+05:30,721.6,721.7,719.9,720.1,11052.0
2026-07-15 15:15:00+05:30,720.05,723.8,720.0,721.0,5179.0
2026-07-15 15:20:00+05:30,720.8,723.05,720.35,721.5,6008.0
2026-07-15 15:25:00+05:30,720.75,724.0,719.9,724.0,5209.0
2026-07-16 09:15:00+05:30,726.0,727.2,713.4,717.85,8264.0
2026-07-16 09:20:00+05:30,717.5,717.95,715.55,716.1,1996.0
2026-07-16 09:25:00+05:30,716.1,716.1,713.0,713.6,2300.0
2026-07-16 09:30:00+05:30,716.1,716.1,713.6,714.35,5676.0
2026-07-16 09:35:00+05:30,713.85,714.8,712.15,713.45,12845.0
2026-07-16 09:40:00+05:30,713.45,718.85,713.45,717.2,2315.0
2026-07-16 09:45:00+05:30,717.45,717.95,717.1,717.6,700.0
2026-07-16 09:50:00+05:30,717.6,719.0,715.65,718.15,1892.0
2026-07-16 09:55:00+05:30,718.4,719.15,717.75,718.25,826.0
2026-07-16 10:00:00+05:30,718.25,718.25,717.3,717.3,617.0
2026-07-16 10:05:00+05:30,717.3,719.0,717.3,717.95,851.0
2026-07-16 10:10:00+05:30,717.3,721.75,717.3,720.15,5286.0
2026-07-16 10:15:00+05:30,719.2,719.2,718.1,718.5,951.0
2026-07-16 10:20:00+05:30,718.5,719.8,718.5,718.85,457.0
2026-07-16 10:25:00+05:30,719.6,719.75,718.55,719.05,624.0
2026-07-16 10:30:00+05:30,719.05,720.9,719.05,719.35,455.0
2026-07-16 10:35:00+05:30,720.0,720.0,719.3,719.7,618.0
2026-07-16 10:40:00+05:30,719.05,719.75,718.3,718.95,425.0
2026-07-16 10:45:00+05:30,718.95,720.55,718.6,720.15,316.0
2026-07-16 10:50:00+05:30,720.15,730.0,719.4,727.65,16375.0
2026-07-16 10:55:00+05:30,727.7,735.15,722.55,723.75,14583.0
2026-07-16 11:00:00+05:30,723.75,726.05,717.35,720.05,14709.0
2026-07-16 11:05:00+05:30,720.6,720.6,717.7,718.0,3615.0
2026-07-16 11:10:00+05:30,719.25,719.25,717.1,718.0,1968.0
2026-07-16 11:15:00+05:30,717.15,722.65,716.6,722.5,4140.0
2026-07-16 11:20:00+05:30,722.65,725.5,717.85,717.85,11841.0
2026-07-16 11:25:00+05:30,718.45,718.85,715.55,716.7,1806.0
2026-07-16 11:30:00+05:30,716.55,717.0,715.3,716.25,1141.0
2026-07-16 11:35:00+05:30,719.25,720.55,718.0,720.05,2629.0
2026-07-16 11:40:00+05:30,720.0,721.3,720.0,720.55,1416.0
2026-07-16 11:45:00+05:30,720.6,721.7,720.0,721.7,1703.0
2026-07-16 11:50:00+05:30,720.9,721.85,719.4,719.85,879.0
2026-07-16 11:55:00+05:30,719.85,719.85,718.2,718.7,1040.0
2026-07-16 12:00:00+05:30,719.25,719.25,718.0,718.65,558.0
2026-07-16 12:05:00+05:30,718.0,719.05,718.0,718.35,300.0
2026-07-16 12:10:00+05:30,719.95,719.95,718.45,719.0,569.0
2026-07-16 12:15:00+05:30,718.85,719.8,718.8,719.7,122.0
2026-07-16 12:20:00+05:30,719.7,719.75,718.25,718.6,183.0
2026-07-16 12:25:00+05:30,718.6,722.5,718.4,721.35,59061.0
2026-07-16 12:30:00+05:30,721.3,721.35,720.0,721.2,106190.0
2026-07-16 12:35:00+05:30,720.7,725.0,720.05,723.6,5575.0
2026-07-16 12:40:00+05:30,722.6,729.15,722.6,724.55,12090.0
2026-07-16 12:45:00+05:30,724.5,729.3,723.85,727.1,10105.0
2026-07-16 12:50:00+05:30,727.1,729.55,727.1,728.4,6359.0
2026-07-16 12:55:00+05:30,727.85,728.15,723.35,724.95,10865.0
2026-07-16 13:00:00+05:30,724.35,731.5,724.35,729.8,10352.0
2026-07-16 13:05:00+05:30,728.75,729.0,726.85,728.1,6041.0
2026-07-16 13:10:00+05:30,727.2,728.2,725.95,726.35,7346.0
2026-07-16 13:15:00+05:30,725.2,728.15,725.2,728.15,3090.0
2026-07-16 13:20:00+05:30,727.45,728.55,726.1,726.55,3138.0
2026-07-16 13:25:00+05:30,726.55,728.3,725.15,725.5,5366.0
2026-07-16 13:30:00+05:30,725.3,726.75,724.3,725.9,4615.0
2026-07-16 13:35:00+05:30,725.0,725.6,720.7,721.75,4275.0
2026-07-16 13:40:00+05:30,721.0,722.0,721.0,721.55,3179.0
2026-07-16 13:45:00+05:30,721.0,725.0,720.7,725.0,8122.0
2026-07-16 13:50:00+05:30,724.25,724.75,722.3,723.65,2098.0
2026-07-16 13:55:00+05:30,723.05,723.9,720.6,722.3,6429.0
2026-07-16 14:00:00+05:30,721.2,725.3,720.85,724.65,4955.0
2026-07-16 14:05:00+05:30,723.9,725.0,722.15,723.3,2217.0
2026-07-16 14:10:00+05:30,722.4,724.0,721.5,723.1,3880.0
2026-07-16 14:15:00+05:30,721.75,724.75,721.75,724.15,2648.0
2026-07-16 14:20:00+05:30,723.35,725.2,721.85,722.7,4341.0
2026-07-16 14:25:00+05:30,722.0,723.2,721.4,722.75,2561.0
2026-07-16 14:30:00+05:30,721.9,723.45,721.1,723.1,3335.0
2026-07-16 14:35:00+05:30,722.3,723.1,721.0,721.85,3489.0
2026-07-16 14:40:00+05:30,721.15,733.8,721.0,730.25,41336.0
2026-07-16 14:45:00+05:30,730.8,731.8,726.35,731.4,14241.0
2026-07-16 14:50:00+05:30,731.05,732.95,725.1,727.8,13493.0
2026-07-16 14:55:00+05:30,727.05,729.55,725.95,726.95,3552.0
2026-07-16 15:00:00+05:30,726.6,728.0,725.85,728.0,4230.0
2026-07-16 15:05:00+05:30,727.0,727.45,725.45,726.0,4492.0
2026-07-16 15:10:00+05:30,726.0,727.7,725.1,727.3,4494.0
2026-07-16 15:15:00+05:30,727.5,728.95,726.1,727.15,5803.0
2026-07-16 15:20:00+05:30,727.15,729.65,726.7,727.2,11958.0
2026-07-16 15:25:00+05:30,727.2,734.0,727.2,734.0,13136.0
2026-07-17 09:15:00+05:30,719.9,719.9,668.0,672.75,189037.0
2026-07-17 09:20:00+05:30,672.75,678.65,658.0,673.6,195040.0
2026-07-17 09:25:00+05:30,674.1,699.5,672.5,691.1,245716.0
2026-07-17 09:30:00+05:30,691.25,696.85,681.4,685.3,101686.0
2026-07-17 09:35:00+05:30,685.45,699.1,685.0,695.35,75588.0
2026-07-17 09:40:00+05:30,695.4,706.1,692.7,699.0,188925.0
2026-07-17 09:45:00+05:30,698.95,703.0,693.7,698.05,120866.0
2026-07-17 09:50:00+05:30,698.35,698.35,681.25,682.65,99931.0
2026-07-17 09:55:00+05:30,682.2,686.0,680.0,686.0,75613.0
2026-07-17 10:00:00+05:30,686.35,686.85,680.95,684.7,30863.0
2026-07-17 10:05:00+05:30,685.0,689.0,684.55,687.4,34706.0
2026-07-17 10:10:00+05:30,687.4,689.7,687.3,689.0,38085.0
2026-07-17 10:15:00+05:30,689.05,694.75,688.05,694.05,37089.0
2026-07-17 10:20:00+05:30,694.05,695.7,687.6,692.95,38198.0
2026-07-17 10:25:00+05:30,693.3,693.3,691.6,692.55,7554.0
2026-07-17 10:30:00+05:30,692.8,693.65,690.5,693.15,12985.0
2026-07-17 10:35:00+05:30,693.5,694.95,691.25,692.3,31862.0
2026-07-17 10:40:00+05:30,692.65,693.55,691.85,692.55,8073.0
2026-07-17 10:45:00+05:30,692.55,694.95,689.95,693.1,16695.0
2026-07-17 10:50:00+05:30,693.05,693.4,691.35,692.55,21598.0
2026-07-17 10:55:00+05:30,692.85,693.95,691.9,692.8,8309.0
2026-07-17 11:00:00+05:30,693.0,693.0,691.0,692.0,34517.0
2026-07-17 11:05:00+05:30,692.05,696.5,690.0,695.6,27991.0
2026-07-17 11:10:00+05:30,696.15,696.15,690.85,692.25,13161.0
2026-07-17 11:15:00+05:30,692.25,692.6,690.0,690.4,14975.0
2026-07-17 11:20:00+05:30,690.4,690.55,681.6,682.6,112851.0
2026-07-17 11:25:00+05:30,682.0,686.75,680.0,683.6,56101.0
2026-07-17 11:30:00+05:30,683.6,685.0,682.25,684.55,8672.0
2026-07-17 11:35:00+05:30,684.55,686.25,681.0,681.35,18035.0
2026-07-17 11:40:00+05:30,681.95,683.85,681.25,683.8,9799.0
2026-07-17 11:45:00+05:30,683.2,683.75,681.45,681.95,26572.0
2026-07-17 11:50:00+05:30,681.95,682.45,681.0,681.6,9984.0
2026-07-17 11:55:00+05:30,682.1,683.95,681.4,683.6,10795.0
2026-07-17 12:00:00+05:30,683.45,683.85,682.2,683.05,17641.0
2026-07-17 12:05:00+05:30,683.15,683.45,681.1,681.8,9624.0
2026-07-17 12:10:00+05:30,681.2,682.7,681.15,681.85,8034.0
2026-07-17 12:15:00+05:30,682.5,683.9,681.15,681.95,16286.0
2026-07-17 12:20:00+05:30,682.5,685.9,681.6,683.5,16828.0
2026-07-17 12:25:00+05:30,684.5,686.6,684.0,686.6,16807.0
2026-07-17 12:30:00+05:30,686.6,688.0,685.25,685.85,12503.0
2026-07-17 12:35:00+05:30,686.55,688.7,685.4,687.85,15696.0
2026-07-17 12:40:00+05:30,688.8,688.8,685.65,685.95,11574.0
2026-07-17 12:45:00+05:30,686.65,687.9,685.3,687.6,6805.0
2026-07-17 12:50:00+05:30,687.6,687.7,685.5,687.5,5759.0
2026-07-17 12:55:00+05:30,688.05,690.7,685.95,686.15,16335.0
2026-07-17 13:00:00+05:30,686.5,687.35,685.7,686.2,11043.0
2026-07-17 13:05:00+05:30,686.7,688.0,684.5,686.85,20529.0
2026-07-17 13:10:00+05:30,686.7,688.15,686.3,687.0,8339.0
2026-07-17 13:15:00+05:30,687.15,690.4,686.45,689.05,18060.0
2026-07-17 13:20:00+05:30,689.5,691.85,688.85,690.95,21408.0
2026-07-17 13:25:00+05:30,691.55,691.55,688.65,689.0,6845.0
2026-07-17 13:30:00+05:30,689.45,691.8,688.45,688.45,10603.0
2026-07-17 13:35:00+05:30,688.15,688.5,684.5,685.7,70288.0
2026-07-17 13:40:00+05:30,686.15,686.45,684.5,685.1,26737.0
2026-07-17 13:45:00+05:30,685.35,685.55,683.45,683.65,27261.0
2026-07-17 13:50:00+05:30,684.05,685.0,681.8,684.05,41649.0
2026-07-17 13:55:00+05:30,684.0,686.3,682.6,684.0,29489.0
2026-07-17 14:00:00+05:30,684.0,685.05,683.1,683.4,21922.0
2026-07-17 14:05:00+05:30,683.9,684.4,682.05,683.25,22248.0
2026-07-17 14:10:00+05:30,683.05,683.25,682.05,682.55,12983.0
2026-07-17 14:15:00+05:30,682.55,687.25,681.5,683.2,37690.0
2026-07-17 14:20:00+05:30,683.6,686.0,681.05,685.25,17689.0
2026-07-17 14:25:00+05:30,685.6,686.8,684.95,685.35,14164.0
2026-07-17 14:30:00+05:30,685.0,685.6,684.7,685.1,14863.0
2026-07-17 14:35:00+05:30,685.1,685.4,684.7,685.0,11769.0
2026-07-17 14:40:00+05:30,685.0,685.4,684.85,685.0,13648.0
2026-07-17 14:45:00+05:30,685.0,685.45,684.7,685.0,16466.0
2026-07-17 14:50:00+05:30,685.35,685.35,680.1,680.15,28361.0
2026-07-17 14:55:00+05:30,680.15,682.3,680.0,680.0,20656.0
2026-07-17 15:00:00+05:30,680.6,680.8,677.0,677.2,49369.0
2026-07-17 15:05:00+05:30,677.2,677.75,676.5,677.05,13997.0
2026-07-17 15:10:00+05:30,676.85,677.95,676.0,677.45,19421.0
2026-07-17 15:15:00+05:30,678.4,680.0,675.05,675.05,35066.0
2026-07-17 15:20:00+05:30,675.2,680.9,675.05,678.8,40539.0
2026-07-17 15:25:00+05:30,677.65,680.0,677.0,679.45,29486.0
2026-07-20 09:15:00+05:30,678.3,681.1,660.35,661.9,24563.0
2026-07-20 09:20:00+05:30,661.8,663.2,657.0,660.0,19409.0
2026-07-20 09:25:00+05:30,659.75,667.45,659.55,665.7,7749.0
2026-07-20 09:30:00+05:30,664.65,666.0,664.5,665.1,4580.0
2026-07-20 09:35:00+05:30,665.45,669.2,665.45,667.55,13486.0
2026-07-20 09:40:00+05:30,667.6,667.75,665.5,665.5,3640.0
2026-07-20 09:45:00+05:30,666.05,666.95,665.2,665.9,836.0
2026-07-20 09:50:00+05:30,665.9,666.55,663.85,665.7,5178.0
2026-07-20 09:55:00+05:30,666.05,666.65,665.15,665.2,5086.0
2026-07-20 10:00:00+05:30,665.3,666.45,665.1,665.25,575.0
2026-07-20 10:05:00+05:30,665.6,665.6,664.0,664.1,1025.0
2026-07-20 10:10:00+05:30,664.1,665.0,664.1,664.9,1331.0
2026-07-20 10:15:00+05:30,664.6,672.1,664.25,672.1,6505.0
2026-07-20 10:20:00+05:30,671.0,672.25,669.6,672.15,4419.0
2026-07-20 10:25:00+05:30,672.7,677.3,668.65,675.5,13329.0
2026-07-20 10:30:00+05:30,675.85,676.3,672.8,672.95,8272.0
2026-07-20 10:35:00+05:30,673.0,674.05,672.05,673.35,5247.0
2026-07-20 10:40:00+05:30,673.0,676.25,672.95,673.5,54518.0
2026-07-20 10:45:00+05:30,674.0,694.5,673.5,679.35,59878.0
2026-07-20 10:50:00+05:30,680.05,683.45,679.3,680.95,5125.0
2026-07-20 10:55:00+05:30,681.6,682.4,681.05,681.65,4228.0
2026-07-20 11:00:00+05:30,682.0,683.95,680.3,682.15,4701.0
2026-07-20 11:05:00+05:30,682.4,683.2,681.2,682.0,6798.0
2026-07-20 11:10:00+05:30,681.95,682.4,680.9,682.0,4050.0
2026-07-20 11:15:00+05:30,682.0,682.45,680.6,681.1,716.0
2026-07-20 11:20:00+05:30,681.1,682.0,680.45,680.95,2466.0
2026-07-20 11:25:00+05:30,681.0,681.0,680.65,680.9,825.0
2026-07-20 11:30:00+05:30,680.9,680.9,680.1,680.4,561.0
2026-07-20 11:35:00+05:30,680.15,681.35,680.15,681.0,1546.0
2026-07-20 11:40:00+05:30,681.2,682.35,680.25,680.75,9040.0
2026-07-20 11:45:00+05:30,680.8,681.85,680.0,680.7,2362.0
2026-07-20 11:50:00+05:30,680.15,680.75,680.05,680.15,618.0
2026-07-20 11:55:00+05:30,679.9,681.2,679.7,680.75,2762.0
2026-07-20 12:00:00+05:30,681.15,686.85,681.0,681.65,24971.0
2026-07-20 12:05:00+05:30,681.7,682.95,680.75,681.4,18819.0
2026-07-20 12:10:00+05:30,681.3,683.85,680.65,682.05,20450.0
2026-07-20 12:15:00+05:30,681.35,682.95,680.95,681.9,25107.0
2026-07-20 12:20:00+05:30,682.1,698.2,681.0,697.35,46645.0
2026-07-20 12:25:00+05:30,695.9,696.85,684.8,689.65,22411.0
2026-07-20 12:30:00+05:30,689.65,691.4,688.95,689.8,10911.0
2026-07-20 12:35:00+05:30,689.8,690.0,688.05,688.6,15334.0
2026-07-20 12:40:00+05:30,688.6,689.4,687.2,688.45,12858.0
2026-07-20 12:45:00+05:30,688.45,689.2,685.65,686.75,12432.0
2026-07-20 12:50:00+05:30,686.75,690.15,685.55,688.5,25563.0
2026-07-20 12:55:00+05:30,688.55,689.85,687.1,688.05,21776.0
2026-07-20 13:00:00+05:30,688.05,689.0,682.0,684.15,17866.0
2026-07-20 13:05:00+05:30,683.8,685.4,683.0,685.4,2444.0
2026-07-20 13:10:00+05:30,685.45,685.45,683.25,684.1,2935.0
2026-07-20 13:15:00+05:30,684.0,684.55,681.85,683.1,10470.0
2026-07-20 13:20:00+05:30,682.8,684.0,682.8,683.6,1352.0
2026-07-20 13:25:00+05:30,683.25,684.0,682.6,683.85,2439.0
2026-07-20 13:30:00+05:30,683.55,684.0,682.9,683.65,1853.0
2026-07-20 13:35:00+05:30,683.4,684.75,683.3,683.6,3700.0
2026-07-20 13:40:00+05:30,683.5,684.55,683.0,684.4,6784.0
2026-07-20 13:45:00+05:30,684.4,687.8,683.55,684.0,10335.0
2026-07-20 13:50:00+05:30,683.9,684.0,683.7,683.95,2499.0
2026-07-20 13:55:00+05:30,683.9,684.0,683.05,684.0,1044.0
2026-07-20 14:00:00+05:30,683.6,683.85,683.1,683.25,607.0
2026-07-20 14:05:00+05:30,683.0,683.75,682.4,683.05,3900.0
2026-07-20 14:10:00+05:30,683.0,683.85,682.65,683.2,8610.0
2026-07-20 14:15:00+05:30,683.2,684.55,681.95,683.05,11052.0
2026-07-20 14:20:00+05:30,683.05,683.8,682.45,683.7,12860.0
2026-07-20 14:25:00+05:30,683.7,684.8,683.05,683.85,20185.0
2026-07-20 14:30:00+05:30,683.65,684.7,683.0,684.0,17398.0
2026-07-20 14:35:00+05:30,684.35,684.45,682.75,683.95,33506.0
2026-07-20 14:40:00+05:30,683.35,683.65,680.0,682.45,8740.0
2026-07-20 14:45:00+05:30,682.5,683.0,679.4,681.0,10993.0
2026-07-20 14:50:00+05:30,681.0,682.85,680.25,681.2,18975.0
2026-07-20 14:55:00+05:30,681.2,682.95,680.15,680.8,21576.0
2026-07-20 15:00:00+05:30,680.3,681.55,680.15,680.85,11601.0
2026-07-20 15:05:00+05:30,680.85,682.0,680.05,681.9,6635.0
2026-07-20 15:10:00+05:30,681.4,682.15,680.35,681.3,6873.0
2026-07-20 15:15:00+05:30,681.3,681.9,679.65,681.85,13413.0
2026-07-20 15:20:00+05:30,681.05,683.5,680.15,682.5,9448.0
2026-07-20 15:25:00+05:30,682.85,683.5,680.0,680.0,12754.0
2026-07-21 09:15:00+05:30,686.2,686.2,671.3,676.65,6301.0
2026-07-21 09:20:00+05:30,675.35,678.85,675.0,676.3,3331.0
2026-07-21 09:25:00+05:30,679.9,698.35,679.9,697.5,29072.0
2026-07-21 09:30:00+05:30,698.1,698.1,689.0,690.9,14968.0
2026-07-21 09:35:00+05:30,692.75,694.0,691.0,691.1,2439.0
2026-07-21 09:40:00+05:30,691.1,696.0,690.15,696.0,5268.0
2026-07-21 09:45:00+05:30,696.05,697.7,695.05,697.3,7594.0
2026-07-21 09:50:00+05:30,697.0,703.0,696.7,701.45,14650.0
2026-07-21 09:55:00+05:30,702.25,704.45,693.65,702.45,41287.0
2026-07-21 10:00:00+05:30,703.35,709.9,702.6,709.8,30992.0
2026-07-21 10:05:00+05:30,709.85,716.0,707.85,713.1,38379.0
2026-07-21 10:10:00+05:30,713.8,713.8,706.7,707.1,27672.0
2026-07-21 10:15:00+05:30,708.7,714.75,706.8,710.25,22168.0
2026-07-21 10:20:00+05:30,710.95,712.0,709.4,710.3,7683.0
2026-07-21 10:25:00+05:30,710.6,713.0,710.0,711.0,6926.0
2026-07-21 10:30:00+05:30,710.35,713.25,709.6,710.05,4397.0
2026-07-21 10:35:00+05:30,710.25,711.8,709.95,710.95,2190.0
2026-07-21 10:40:00+05:30,711.05,713.1,710.0,711.65,6589.0
2026-07-21 10:45:00+05:30,711.1,711.75,710.3,710.35,696.0
2026-07-21 10:50:00+05:30,709.95,713.25,709.45,711.3,2348.0
2026-07-21 10:55:00+05:30,712.0,714.55,711.15,713.8,2351.0
2026-07-21 11:00:00+05:30,713.8,715.9,706.4,707.3,8937.0
2026-07-21 11:05:00+05:30,706.35,708.95,706.1,707.85,2331.0
2026-07-21 11:10:00+05:30,707.85,709.2,707.8,709.15,1319.0
2026-07-21 11:15:00+05:30,709.15,709.9,707.45,709.9,2635.0
2026-07-21 11:20:00+05:30,709.85,711.45,706.9,711.4,13338.0
2026-07-21 11:25:00+05:30,711.0,712.4,709.0,711.1,3015.0
2026-07-21 11:30:00+05:30,710.6,711.55,709.5,710.85,1482.0
2026-07-21 11:35:00+05:30,710.85,713.0,710.3,711.45,4810.0
2026-07-21 11:40:00+05:30,711.4,711.4,709.1,711.05,2204.0
2026-07-21 11:45:00+05:30,711.15,711.75,710.25,711.65,1794.0
2026-07-21 11:50:00+05:30,711.9,712.0,710.0,710.8,2715.0
2026-07-21 11:55:00+05:30,710.6,711.05,709.95,711.05,1351.0
2026-07-21 12:00:00+05:30,711.05,711.8,710.1,711.55,2880.0
2026-07-21 12:05:00+05:30,711.55,712.5,710.35,712.35,4730.0
2026-07-21 12:10:00+05:30,712.0,712.55,712.0,712.05,713.0
2026-07-21 12:15:00+05:30,712.05,712.3,711.3,712.0,1375.0
2026-07-21 12:20:00+05:30,712.0,712.0,711.45,712.0,900.0
2026-07-21 12:25:00+05:30,711.5,712.85,711.5,712.75,1775.0
2026-07-21 12:30:00+05:30,712.0,712.8,711.55,712.0,1495.0
2026-07-21 12:35:00+05:30,711.65,712.05,710.55,711.55,2858.0
2026-07-21 12:40:00+05:30,711.7,712.0,711.05,711.75,2311.0
2026-07-21 12:45:00+05:30,711.05,715.9,711.05,714.55,19009.0
2026-07-21 12:50:00+05:30,713.7,715.05,713.55,714.75,3483.0
2026-07-21 12:55:00+05:30,714.75,714.85,713.55,714.35,3812.0
2026-07-21 13:00:00+05:30,713.95,714.5,712.9,714.0,5702.0
2026-07-21 13:05:00+05:30,714.0,714.0,712.25,713.85,3968.0
2026-07-21 13:10:00+05:30,713.85,715.9,713.6,715.0,10450.0
2026-07-21 13:15:00+05:30,715.0,715.5,713.65,715.0,6900.0
2026-07-21 13:20:00+05:30,715.15,717.0,714.5,715.8,21544.0
2026-07-21 13:25:00+05:30,715.25,715.95,714.2,715.2,11620.0
2026-07-21 13:30:00+05:30,715.2,715.45,714.15,715.0,7747.0
2026-07-21 13:35:00+05:30,715.25,717.55,713.55,715.3,19836.0
2026-07-21 13:40:00+05:30,715.3,715.45,713.35,715.05,8876.0
2026-07-21 13:45:00+05:30,715.1,715.45,714.35,714.55,7251.0
2026-07-21 13:50:00+05:30,714.9,718.7,714.5,717.0,32753.0
2026-07-21 13:55:00+05:30,717.5,717.5,715.05,716.35,6352.0
2026-07-21 14:00:00+05:30,717.05,718.0,715.5,717.5,4489.0
2026-07-21 14:05:00+05:30,717.5,717.5,715.5,717.45,3118.0
2026-07-21 14:10:00+05:30,717.45,717.5,715.15,716.45,3585.0
2026-07-21 14:15:00+05:30,716.55,716.95,715.7,715.9,2752.0
2026-07-21 14:20:00+05:30,716.4,716.95,715.4,716.95,2377.0
2026-07-21 14:25:00+05:30,716.95,717.05,715.25,717.05,24618.0
2026-07-21 14:30:00+05:30,717.1,717.2,716.05,717.2,2747.0
2026-07-21 14:35:00+05:30,717.2,717.2,716.0,717.0,3186.0
2026-07-21 14:40:00+05:30,717.2,717.8,716.5,716.8,6196.0
2026-07-21 14:45:00+05:30,717.5,717.75,716.3,717.55,3982.0
2026-07-21 14:50:00+05:30,717.55,717.55,711.8,715.0,36232.0
2026-07-21 14:55:00+05:30,714.65,716.45,714.0,716.4,5944.0
2026-07-21 15:00:00+05:30,716.45,717.65,715.0,716.2,10479.0
2026-07-21 15:05:00+05:30,716.4,717.95,715.3,716.0,13820.0
2026-07-21 15:10:00+05:30,716.8,719.0,716.0,718.6,7996.0
2026-07-21 15:15:00+05:30,718.6,719.0,716.0,718.7,17661.0
2026-07-21 15:20:00+05:30,719.0,721.0,718.5,720.95,16890.0
2026-07-21 15:25:00+05:30,720.45,733.0,720.45,725.1,25542.0
2026-07-22 09:15:00+05:30,725.0,725.0,708.05,710.9,15672.0
2026-07-22 09:20:00+05:30,710.0,713.2,710.0,712.4,2951.0
2026-07-22 09:25:00+05:30,712.4,717.7,712.4,715.6,8372.0
2026-07-22 09:30:00+05:30,715.85,720.4,715.5,719.2,5263.0
2026-07-22 09:35:00+05:30,719.2,724.0,719.0,722.15,7996.0
2026-07-22 09:40:00+05:30,722.2,723.2,719.45,722.2,8219.0
2026-07-22 09:45:00+05:30,723.1,723.65,720.15,720.35,3764.0
2026-07-22 09:50:00+05:30,720.4,723.75,720.0,722.15,7770.0
2026-07-22 09:55:00+05:30,721.0,721.0,716.15,716.6,5066.0
2026-07-22 10:00:00+05:30,716.65,717.0,713.65,713.65,3112.0
2026-07-22 10:05:00+05:30,714.15,716.75,714.15,716.1,750.0
2026-07-22 10:10:00+05:30,716.1,716.95,714.2,714.65,1248.0
2026-07-22 10:15:00+05:30,715.5,716.7,714.8,715.1,1319.0
2026-07-22 10:20:00+05:30,715.0,720.4,714.15,718.9,4795.0
2026-07-22 10:25:00+05:30,718.85,718.85,716.6,718.2,1199.0
2026-07-22 10:30:00+05:30,717.9,719.45,717.9,719.45,1232.0
2026-07-22 10:35:00+05:30,719.85,719.85,713.25,715.5,7273.0
2026-07-22 10:40:00+05:30,714.5,715.5,710.15,714.6,8653.0
2026-07-22 10:45:00+05:30,714.65,717.85,714.4,717.55,2091.0
2026-07-22 10:50:00+05:30,717.65,719.25,716.6,717.05,2337.0
2026-07-22 10:55:00+05:30,716.95,717.4,715.75,716.65,2500.0
2026-07-22 11:00:00+05:30,716.65,716.75,715.45,716.15,1231.0
2026-07-22 11:05:00+05:30,716.1,716.15,715.0,715.45,1170.0
2026-07-22 11:10:00+05:30,715.45,715.5,713.35,714.7,2937.0
2026-07-22 11:15:00+05:30,714.5,714.9,713.6,714.45,622.0
2026-07-22 11:20:00+05:30,714.55,715.4,708.0,708.7,9435.0
2026-07-22 11:25:00+05:30,707.7,708.9,702.55,705.25,8325.0
2026-07-22 11:30:00+05:30,704.55,705.85,704.1,705.85,1623.0
2026-07-22 11:35:00+05:30,705.85,705.95,702.1,702.15,2225.0
2026-07-22 11:40:00+05:30,702.55,702.8,698.7,699.95,7724.0
2026-07-22 11:45:00+05:30,700.15,701.15,699.3,700.8,1787.0
2026-07-22 11:50:00+05:30,700.75,708.35,699.65,708.2,5583.0
2026-07-22 11:55:00+05:30,707.45,708.6,705.9,707.5,4781.0
2026-07-22 12:00:00+05:30,707.8,707.8,706.15,707.3,768.0
2026-07-22 12:05:00+05:30,707.65,707.9,706.15,707.85,1483.0
2026-07-22 12:10:00+05:30,708.2,709.0,707.55,708.4,1142.0
2026-07-22 12:15:00+05:30,708.35,708.7,706.55,707.7,1241.0
2026-07-22 12:20:00+05:30,707.7,710.65,706.5,709.05,2460.0
2026-07-22 12:25:00+05:30,709.6,709.95,708.15,708.65,4340.0
2026-07-22 12:30:00+05:30,708.65,709.05,707.6,708.35,2300.0
2026-07-22 12:35:00+05:30,708.55,708.8,708.0,708.3,924.0
2026-07-22 12:40:00+05:30,708.7,710.1,707.3,709.35,11610.0
2026-07-22 12:45:00+05:30,709.35,710.95,709.35,710.0,1821.0
2026-07-22 12:50:00+05:30,710.35,711.5,710.15,711.05,1707.0
2026-07-22 12:55:00+05:30,710.85,712.85,710.85,712.85,824.0
2026-07-22 13:00:00+05:30,712.25,712.65,711.25,712.35,846.0
2026-07-22 13:05:00+05:30,712.45,712.95,711.05,711.5,3294.0
2026-07-22 13:10:00+05:30,711.5,711.75,709.65,710.95,3339.0
2026-07-22 13:15:00+05:30,710.35,711.1,710.05,710.55,803.0
2026-07-22 13:20:00+05:30,710.55,711.7,710.0,711.0,1872.0
2026-07-22 13:25:00+05:30,711.05,711.5,710.0,710.7,667.0
2026-07-22 13:30:00+05:30,710.7,713.0,710.0,711.5,2126.0
2026-07-22 13:35:00+05:30,712.1,713.95,711.4,713.35,3983.0
2026-07-22 13:40:00+05:30,713.35,713.95,712.0,712.9,4224.0
2026-07-22 13:45:00+05:30,712.85,713.15,712.3,712.95,1022.0
2026-07-22 13:50:00+05:30,712.95,713.75,712.0,712.75,4745.0
2026-07-22 13:55:00+05:30,712.9,713.4,712.15,712.55,1449.0
2026-07-22 14:00:00+05:30,712.35,713.2,712.25,713.0,701.0
2026-07-22 14:05:00+05:30,712.35,714.85,711.8,712.45,6250.0
2026-07-22 14:10:00+05:30,712.7,713.0,711.0,712.75,21529.0
2026-07-22 14:15:00+05:30,712.25,713.1,712.25,712.55,1519.0
2026-07-22 14:20:00+05:30,713.05,713.4,712.25,712.6,999.0
2026-07-22 14:25:00+05:30,712.6,713.2,712.0,712.95,3065.0
2026-07-22 14:30:00+05:30,712.55,714.4,712.0,713.4,5602.0
2026-07-22 14:35:00+05:30,713.8,714.3,712.2,712.3,5990.0
2026-07-22 14:40:00+05:30,713.25,713.5,711.4,712.0,6635.0
2026-07-22 14:45:00+05:30,712.0,713.5,711.4,713.5,6824.0
2026-07-22 14:50:00+05:30,713.45,715.05,712.45,713.8,6584.0
2026-07-22 14:55:00+05:30,714.05,715.0,712.75,714.4,8367.0
2026-07-22 15:00:00+05:30,713.6,714.75,713.0,713.95,8508.0
2026-07-22 15:05:00+05:30,713.4,714.7,712.9,713.75,5319.0
2026-07-22 15:10:00+05:30,713.75,714.65,713.45,713.85,11405.0
2026-07-22 15:15:00+05:30,713.85,718.2,712.6,717.0,23211.0
2026-07-22 15:20:00+05:30,717.0,718.85,717.0,717.1,7306.0
2026-07-22 15:25:00+05:30,717.1,718.3,707.15,713.0,22398.0
2026-07-23 09:15:00+05:30,711.6,711.6,703.1,708.15,1426.0
2026-07-23 09:20:00+05:30,708.0,708.05,705.0,706.75,6070.0
2026-07-23 09:25:00+05:30,707.1,709.1,707.1,707.7,788.0
2026-07-23 09:30:00+05:30,707.4,708.1,705.0,705.0,2144.0
2026-07-23 09:35:00+05:30,705.3,707.25,703.2,705.25,2767.0
2026-07-23 09:40:00+05:30,706.65,706.65,704.0,704.0,664.0
2026-07-23 09:45:00+05:30,704.45,704.45,702.7,703.45,994.0
2026-07-23 09:50:00+05:30,703.85,704.35,699.0,700.2,3401.0
2026-07-23 09:55:00+05:30,701.2,702.3,700.25,700.35,1016.0
2026-07-23 10:00:00+05:30,700.2,704.7,700.15,704.7,742.0
2026-07-23 10:05:00+05:30,704.15,705.2,700.65,701.8,1885.0
2026-07-23 10:10:00+05:30,701.8,701.8,700.3,700.3,295.0
2026-07-23 10:15:00+05:30,700.9,702.0,697.95,699.35,11161.0
2026-07-23 10:20:00+05:30,699.4,703.4,698.9,701.5,12966.0
2026-07-23 10:25:00+05:30,701.5,701.5,699.45,699.8,613.0
2026-07-23 10:30:00+05:30,699.5,700.4,698.3,699.8,1363.0
2026-07-23 10:35:00+05:30,700.5,700.5,699.35,699.6,331.0
2026-07-23 10:40:00+05:30,699.45,699.75,698.75,699.05,378.0
2026-07-23 10:45:00+05:30,699.15,699.85,698.4,698.45,566.0
2026-07-23 10:50:00+05:30,698.45,699.8,698.3,698.7,557.0
2026-07-23 10:55:00+05:30,698.7,699.65,698.3,699.2,707.0
2026-07-23 11:00:00+05:30,699.7,700.55,698.2,699.7,1393.0
2026-07-23 11:05:00+05:30,700.45,700.85,699.45,699.6,762.0
2026-07-23 11:10:00+05:30,699.6,699.85,698.0,698.65,2031.0
2026-07-23 11:15:00+05:30,700.0,700.95,698.45,698.95,842.0
2026-07-23 11:20:00+05:30,699.05,699.5,698.9,698.9,685.0
2026-07-23 11:25:00+05:30,699.55,700.9,695.4,696.1,10298.0
2026-07-23 11:30:00+05:30,696.1,696.1,694.0,694.4,6883.0
2026-07-23 11:35:00+05:30,694.4,696.1,694.1,694.95,2029.0
2026-07-23 11:40:00+05:30,694.6,700.35,694.6,697.45,6576.0
2026-07-23 11:45:00+05:30,697.45,700.75,697.45,697.55,1623.0
2026-07-23 11:50:00+05:30,698.25,699.2,697.55,699.2,174.0
2026-07-23 11:55:00+05:30,699.2,700.8,698.45,699.35,1247.0
2026-07-23 12:00:00+05:30,699.8,700.95,698.45,698.6,1087.0
2026-07-23 12:05:00+05:30,698.65,699.3,698.3,698.6,520.0
2026-07-23 12:10:00+05:30,698.6,700.05,698.4,698.4,585.0
2026-07-23 12:15:00+05:30,698.85,699.35,698.35,698.85,451.0
2026-07-23 12:20:00+05:30,698.85,699.4,698.0,698.45,475.0
2026-07-23 12:25:00+05:30,698.0,699.15,698.0,698.55,522.0
2026-07-23 12:30:00+05:30,698.6,699.1,698.0,698.0,250.0
2026-07-23 12:35:00+05:30,698.0,698.85,697.2,698.3,686.0
2026-07-23 12:40:00+05:30,698.3,698.85,696.3,697.1,1828.0
2026-07-23 12:45:00+05:30,697.2,698.0,696.85,697.05,3427.0
2026-07-23 12:50:00+05:30,697.55,698.45,697.0,697.65,403.0
2026-07-23 12:55:00+05:30,698.1,698.1,697.0,697.55,176.0
2026-07-23 13:00:00+05:30,697.75,698.4,696.05,696.05,347.0
2026-07-23 13:05:00+05:30,696.45,697.8,696.15,697.45,1280.0
2026-07-23 13:10:00+05:30,697.85,697.85,696.7,696.85,67.0
2026-07-23 13:15:00+05:30,696.85,697.75,696.0,696.0,855.0
2026-07-23 13:20:00+05:30,696.8,696.8,695.9,696.25,220.0
2026-07-23 13:25:00+05:30,696.25,697.5,696.15,696.55,638.0
2026-07-23 13:30:00+05:30,697.2,697.2,695.2,695.45,276.0
2026-07-23 13:35:00+05:30,696.35,699.15,695.1,699.05,2113.0
2026-07-23 13:40:00+05:30,698.8,698.9,697.8,698.3,177.0
2026-07-23 13:45:00+05:30,698.8,699.05,698.25,698.5,43.0
2026-07-23 13:50:00+05:30,699.1,699.1,698.15,698.15,235.0
2026-07-23 13:55:00+05:30,698.8,698.8,697.3,698.0,1429.0
2026-07-23 14:00:00+05:30,698.3,698.6,697.55,698.6,221.0
2026-07-23 14:05:00+05:30,698.8,698.8,697.45,698.0,3186.0
2026-07-23 14:10:00+05:30,698.0,698.0,691.15,692.65,3537.0
2026-07-23 14:15:00+05:30,692.65,695.35,691.0,693.85,4643.0
2026-07-23 14:20:00+05:30,694.75,697.9,693.65,697.9,2208.0
2026-07-23 14:25:00+05:30,697.85,700.15,696.85,699.35,10643.0
2026-07-23 14:30:00+05:30,700.0,701.25,698.35,699.4,6612.0
2026-07-23 14:35:00+05:30,698.85,699.85,697.4,697.75,5464.0
2026-07-23 14:40:00+05:30,697.45,698.6,697.15,698.35,3545.0
2026-07-23 14:45:00+05:30,698.35,700.0,698.0,698.0,3152.0
2026-07-23 14:50:00+05:30,698.2,699.0,698.0,698.05,3445.0
2026-07-23 14:55:00+05:30,698.05,699.0,698.0,698.7,835.0
2026-07-23 15:00:00+05:30,698.7,698.75,698.0,698.35,583.0
2026-07-23 15:05:00+05:30,698.05,700.3,698.05,698.4,12172.0
2026-07-23 15:10:00+05:30,699.0,700.95,698.5,700.0,14682.0
2026-07-23 15:15:00+05:30,700.0,701.45,698.6,700.0,16989.0
2026-07-23 15:20:00+05:30,700.0,701.6,699.15,700.0,14116.0
2026-07-23 15:25:00+05:30,700.65,705.0,699.2,700.0,20765.0
2026-07-24 09:15:00+05:30,695.0,703.0,694.25,695.55,2836.0
2026-07-24 09:20:00+05:30,698.45,698.45,694.55,694.95,2310.0
2026-07-24 09:25:00+05:30,695.55,695.55,692.6,693.45,1524.0
2026-07-24 09:30:00+05:30,693.8,695.1,693.0,695.1,172.0
2026-07-24 09:35:00+05:30,695.55,695.55,688.8,691.25,5780.0
2026-07-24 09:40:00+05:30,690.25,694.4,690.25,692.85,559.0
2026-07-24 09:45:00+05:30,693.05,693.05,690.9,691.55,671.0
2026-07-24 09:50:00+05:30,691.85,691.85,690.05,691.0,1752.0
2026-07-24 09:55:00+05:30,690.55,690.85,689.55,690.85,592.0
2026-07-24 10:00:00+05:30,691.05,691.75,688.0,689.15,3372.0
2026-07-24 10:05:00+05:30,688.5,688.7,686.75,688.0,1247.0
2026-07-24 10:10:00+05:30,688.3,689.0,687.65,689.0,2691.0
2026-07-24 10:15:00+05:30,689.2,690.35,686.6,686.8,1547.0
2026-07-24 10:20:00+05:30,687.65,688.8,687.0,688.1,1207.0
2026-07-24 10:25:00+05:30,688.35,688.9,687.55,688.6,981.0
2026-07-24 10:30:00+05:30,689.55,689.8,688.6,688.9,376.0
2026-07-24 10:35:00+05:30,688.9,695.0,688.85,694.65,836.0
2026-07-24 10:40:00+05:30,695.75,696.25,693.5,694.8,1092.0
2026-07-24 10:45:00+05:30,695.0,697.0,688.25,688.25,6051.0
2026-07-24 10:50:00+05:30,690.85,692.2,690.05,690.05,445.0
2026-07-24 10:55:00+05:30,690.05,690.35,689.4,689.75,145.0
2026-07-24 11:00:00+05:30,689.4,689.4,686.65,687.15,761.0
2026-07-24 11:05:00+05:30,687.55,688.2,687.0,687.25,214.0
2026-07-24 11:10:00+05:30,687.85,703.85,687.25,703.0,7094.0
2026-07-24 11:15:00+05:30,703.25,704.0,699.1,701.2,1013.0
2026-07-24 11:20:00+05:30,701.2,704.55,701.2,704.55,1246.0
2026-07-24 11:25:00+05:30,704.8,705.0,703.1,703.3,2622.0
2026-07-24 11:30:00+05:30,703.3,704.0,702.75,704.0,139.0
2026-07-24 11:35:00+05:30,704.0,705.35,704.0,704.8,329.0
2026-07-24 11:40:00+05:30,704.1,705.4,704.05,704.85,738.0
2026-07-24 11:45:00+05:30,704.1,706.45,704.1,706.3,777.0
2026-07-24 11:50:00+05:30,705.65,706.45,705.2,705.35,120.0
2026-07-24 11:55:00+05:30,705.8,707.05,705.1,706.8,718.0
2026-07-24 12:00:00+05:30,706.7,706.7,705.5,706.25,196.0
2026-07-24 12:05:00+05:30,706.7,706.9,705.7,706.05,210.0
2026-07-24 12:10:00+05:30,706.85,707.0,706.05,706.3,306.0
2026-07-24 12:15:00+05:30,706.35,708.7,706.35,707.85,1171.0
2026-07-24 12:20:00+05:30,707.25,707.85,706.6,707.05,261.0
2026-07-24 12:25:00+05:30,707.5,708.65,706.85,708.5,2149.0
2026-07-24 12:30:00+05:30,708.65,708.95,707.2,707.2,573.0
2026-07-24 12:35:00+05:30,707.6,707.6,706.35,707.35,60.0
2026-07-24 12:40:00+05:30,707.1,708.45,707.0,708.25,86.0
2026-07-24 12:45:00+05:30,708.5,709.05,707.65,708.65,1055.0
2026-07-24 12:50:00+05:30,708.15,709.6,708.05,709.6,317.0
2026-07-24 12:55:00+05:30,709.5,709.5,707.85,708.65,54.0
2026-07-24 13:00:00+05:30,708.65,709.4,707.65,708.35,193.0
2026-07-24 13:05:00+05:30,707.5,707.9,706.45,707.75,641.0
2026-07-24 13:10:00+05:30,707.75,708.2,707.55,708.05,40.0
2026-07-24 13:15:00+05:30,708.1,708.1,704.95,706.0,5644.0
2026-07-24 13:20:00+05:30,706.2,709.9,705.8,709.35,9147.0
2026-07-24 13:25:00+05:30,709.35,709.65,708.5,708.95,144.0
2026-07-24 13:30:00+05:30,708.95,708.95,707.55,708.2,114.0
2026-07-24 13:35:00+05:30,708.2,708.2,707.05,707.75,138.0
2026-07-24 13:40:00+05:30,707.75,707.75,706.2,707.05,126.0
2026-07-24 13:45:00+05:30,707.05,707.4,706.6,707.05,242.0
2026-07-24 13:50:00+05:30,707.3,707.85,706.6,707.85,928.0
2026-07-24 13:55:00+05:30,707.7,707.7,706.6,707.2,131.0
2026-07-24 14:00:00+05:30,707.8,708.8,707.05,708.6,278.0
2026-07-24 14:05:00+05:30,708.1,708.85,707.45,707.45,128.0
2026-07-24 14:10:00+05:30,707.7,708.95,707.5,707.85,146.0
2026-07-24 14:15:00+05:30,707.85,707.85,706.8,707.85,359.0
2026-07-24 14:20:00+05:30,707.9,708.2,706.4,706.8,294.0
2026-07-24 14:25:00+05:30,706.8,707.7,706.4,707.7,505.0
2026-07-24 14:30:00+05:30,707.75,708.7,707.15,708.05,869.0
2026-07-24 14:35:00+05:30,708.0,709.5,707.3,709.35,1037.0
2026-07-24 14:40:00+05:30,709.35,709.5,708.3,709.0,448.0
2026-07-24 14:45:00+05:30,708.45,708.95,707.85,708.55,667.0
2026-07-24 14:50:00+05:30,708.25,709.65,708.1,709.35,203.0
2026-07-24 14:55:00+05:30,709.35,709.95,708.35,709.3,398.0
2026-07-24 15:00:00+05:30,709.3,709.3,707.4,707.95,441.0
2026-07-24 15:05:00+05:30,708.1,714.85,707.9,711.15,8933.0
2026-07-24 15:10:00+05:30,711.4,711.5,710.05,711.5,685.0
2026-07-24 15:15:00+05:30,711.4,712.25,710.8,712.25,2169.0
2026-07-24 15:20:00+05:30,712.0,714.9,711.55,714.9,4254.0
2026-07-24 15:25:00+05:30,714.9,714.9,712.8,714.5,2863.0
2026-07-27 09:15:00+05:30,719.0,723.2,710.5,714.25,6797.0
2026-07-27 09:20:00+05:30,714.2,714.45,712.3,713.7,3174.0
2026-07-27 09:25:00+05:30,713.7,714.95,712.5,713.15,804.0
2026-07-27 09:30:00+05:30,713.15,715.2,712.75,713.7,1594.0
2026-07-27 09:35:00+05:30,713.25,714.65,713.25,714.65,501.0
2026-07-27 09:40:00+05:30,715.0,715.8,713.85,714.2,502.0
2026-07-27 09:45:00+05:30,714.2,714.85,714.2,714.5,144.0
2026-07-27 09:50:00+05:30,714.5,715.3,712.1,714.1,2752.0
2026-07-27 09:55:00+05:30,714.6,714.85,713.45,713.45,331.0
2026-07-27 10:00:00+05:30,712.8,713.25,712.0,713.25,703.0
2026-07-27 10:05:00+05:30,712.85,713.5,712.2,712.2,1199.0
2026-07-27 10:10:00+05:30,712.2,716.15,712.2,713.45,4055.0
2026-07-27 10:15:00+05:30,713.5,714.6,713.0,714.0,517.0
2026-07-27 10:20:00+05:30,713.95,714.6,713.6,714.5,298.0
2026-07-27 10:25:00+05:30,715.1,715.35,714.5,714.75,537.0
2026-07-27 10:30:00+05:30,715.1,715.9,713.6,714.65,674.0
2026-07-27 10:35:00+05:30,714.65,714.65,712.0,712.2,274.0
2026-07-27 10:40:00+05:30,712.8,713.95,712.2,713.3,410.0
2026-07-27 10:45:00+05:30,713.3,714.9,712.45,714.9,530.0
2026-07-27 10:50:00+05:30,715.25,716.7,715.0,716.7,724.0
2026-07-27 10:55:00+05:30,716.9,720.4,716.7,717.65,2254.0
2026-07-27 11:00:00+05:30,717.5,718.95,717.5,718.25,602.0
2026-07-27 11:05:00+05:30,718.15,718.35,716.4,717.2,1578.0
2026-07-27 11:10:00+05:30,717.25,717.7,717.25,717.5,203.0
2026-07-27 11:15:00+05:30,717.6,717.8,715.25,715.3,1562.0
2026-07-27 11:20:00+05:30,715.3,715.85,715.05,715.3,347.0
2026-07-27 11:25:00+05:30,715.65,718.5,715.3,717.45,1251.0
2026-07-27 11:30:00+05:30,717.45,718.1,717.2,718.1,154.0
2026-07-27 11:35:00+05:30,717.9,718.0,716.8,717.75,447.0
2026-07-27 11:40:00+05:30,718.15,719.3,717.2,717.2,1242.0
2026-07-27 11:45:00+05:30,716.5,717.15,715.6,716.7,763.0
2026-07-27 11:50:00+05:30,716.7,716.85,716.0,716.4,305.0
2026-07-27 11:55:00+05:30,716.4,720.15,715.0,716.35,7014.0
2026-07-27 12:00:00+05:30,716.55,717.85,716.15,716.3,474.0
2026-07-27 12:05:00+05:30,716.3,721.05,716.25,720.2,3721.0
2026-07-27 12:10:00+05:30,721.0,721.0,719.05,720.65,636.0
2026-07-27 12:15:00+05:30,719.85,721.65,719.5,719.55,1067.0
2026-07-27 12:20:00+05:30,719.55,720.85,718.3,718.75,4631.0
2026-07-27 12:25:00+05:30,718.8,720.45,718.0,719.55,1255.0
2026-07-27 12:30:00+05:30,718.65,719.65,718.1,719.65,1413.0
2026-07-27 12:35:00+05:30,719.75,720.0,719.25,719.5,582.0
2026-07-27 12:40:00+05:30,719.5,720.75,715.8,715.8,1215.0
2026-07-27 12:45:00+05:30,715.75,717.5,715.75,717.0,498.0
2026-07-27 12:50:00+05:30,717.0,717.55,716.7,716.8,885.0
2026-07-27 12:55:00+05:30,716.8,718.95,716.8,716.8,917.0
2026-07-27 13:00:00+05:30,716.8,717.5,716.15,717.5,549.0
2026-07-27 13:05:00+05:30,717.45,717.45,716.3,716.4,257.0
2026-07-27 13:10:00+05:30,716.8,717.0,716.15,716.15,286.0
2026-07-27 13:15:00+05:30,716.45,716.45,715.4,716.0,770.0
2026-07-27 13:20:00+05:30,715.85,716.55,715.4,716.2,331.0
2026-07-27 13:25:00+05:30,716.7,717.35,716.5,717.15,819.0
2026-07-27 13:30:00+05:30,718.05,718.05,717.2,717.3,158.0
2026-07-27 13:35:00+05:30,717.45,719.0,717.45,718.3,288.0
2026-07-27 13:40:00+05:30,718.8,718.8,717.3,717.55,377.0
2026-07-27 13:45:00+05:30,717.55,719.25,717.15,718.95,5453.0
2026-07-27 13:50:00+05:30,718.75,719.5,718.7,719.5,1144.0
2026-07-27 13:55:00+05:30,719.5,719.5,718.9,718.95,466.0
2026-07-27 14:00:00+05:30,718.95,720.05,718.85,720.05,631.0
2026-07-27 14:05:00+05:30,719.8,719.85,719.15,719.35,623.0
2026-07-27 14:10:00+05:30,719.6,719.95,719.5,719.6,562.0
2026-07-27 14:15:00+05:30,720.1,720.95,718.9,719.15,13566.0
2026-07-27 14:20:00+05:30,719.15,720.6,719.1,720.1,890.0
2026-07-27 14:25:00+05:30,720.1,724.05,719.25,723.3,7881.0
2026-07-27 14:30:00+05:30,723.8,723.8,722.05,722.15,1170.0
2026-07-27 14:35:00+05:30,722.0,724.35,721.4,723.35,3675.0
2026-07-27 14:40:00+05:30,723.4,726.95,723.4,724.0,20313.0
2026-07-27 14:45:00+05:30,724.0,724.0,722.3,722.35,1788.0
2026-07-27 14:50:00+05:30,722.35,723.0,722.3,722.55,1612.0
2026-07-27 14:55:00+05:30,722.55,725.65,722.55,725.05,9179.0
2026-07-27 15:00:00+05:30,725.05,725.7,724.0,724.55,2485.0
2026-07-27 15:05:00+05:30,724.15,724.85,722.2,723.4,3413.0
2026-07-27 15:10:00+05:30,723.45,725.0,718.65,718.65,106396.0
2026-07-27 15:15:00+05:30,720.0,724.8,718.7,723.55,40184.0
2026-07-27 15:20:00+05:30,722.7,725.0,722.15,724.85,16446.0
2026-07-27 15:25:00+05:30,724.3,725.0,715.05,716.0,14391.0
2026-07-28 09:15:00+05:30,720.0,720.0,706.9,707.15,2829.0
2026-07-28 09:20:00+05:30,707.0,710.1,706.6,709.0,2337.0
2026-07-28 09:25:00+05:30,709.95,710.1,707.4,710.1,674.0
2026-07-28 09:30:00+05:30,709.25,711.95,709.25,710.8,798.0
2026-07-28 09:35:00+05:30,709.75,710.85,709.5,710.7,147.0
2026-07-28 09:40:00+05:30,710.5,710.5,708.3,708.3,686.0
2026-07-28 09:45:00+05:30,708.7,708.75,705.1,705.85,1626.0
2026-07-28 09:50:00+05:30,705.85,706.1,704.15,704.8,1481.0
2026-07-28 09:55:00+05:30,705.4,705.4,702.8,703.55,908.0
2026-07-28 10:00:00+05:30,703.85,704.95,703.0,704.95,357.0
2026-07-28 10:05:00+05:30,704.85,704.85,702.6,702.6,1389.0
2026-07-28 10:10:00+05:30,702.6,703.65,702.6,703.65,252.0
2026-07-28 10:15:00+05:30,703.55,705.75,702.6,702.6,705.0
2026-07-28 10:20:00+05:30,702.5,703.0,700.1,700.85,1156.0
2026-07-28 10:25:00+05:30,700.35,702.2,700.3,701.7,155.0
2026-07-28 10:30:00+05:30,702.1,702.1,700.25,700.5,1588.0
2026-07-28 10:35:00+05:30,701.05,703.15,700.1,701.4,2839.0
2026-07-28 10:40:00+05:30,701.4,702.15,700.15,700.5,390.0
2026-07-28 10:45:00+05:30,700.6,701.75,700.6,701.75,150.0
2026-07-28 10:50:00+05:30,701.75,701.75,700.0,700.15,188.0
2026-07-28 10:55:00+05:30,700.7,704.35,700.7,703.15,2321.0
2026-07-28 11:00:00+05:30,703.6,709.15,703.1,707.55,3100.0
2026-07-28 11:05:00+05:30,708.05,709.25,707.25,709.25,1647.0
2026-07-28 11:10:00+05:30,709.45,709.45,708.15,708.55,149.0
2026-07-28 11:15:00+05:30,708.55,710.85,708.55,710.0,1569.0
2026-07-28 11:20:00+05:30,710.15,710.75,709.5,710.15,6425.0
2026-07-28 11:25:00+05:30,710.0,710.25,709.95,710.25,117.0
2026-07-28 11:30:00+05:30,710.7,710.7,709.75,710.0,615.0
2026-07-28 11:35:00+05:30,709.8,710.05,708.0,708.95,9914.0
2026-07-28 11:40:00+05:30,709.6,711.0,709.0,710.55,2024.0
2026-07-28 11:45:00+05:30,710.55,711.65,710.55,710.85,329.0
2026-07-28 11:50:00+05:30,710.8,712.7,710.15,710.4,7584.0
2026-07-28 11:55:00+05:30,710.25,712.5,710.0,711.6,354.0
2026-07-28 12:00:00+05:30,711.15,711.6,710.95,710.95,98.0
2026-07-28 12:05:00+05:30,711.45,713.95,711.25,712.2,989.0
2026-07-28 12:10:00+05:30,712.1,712.35,711.6,712.35,173.0
2026-07-28 12:15:00+05:30,712.5,712.5,711.35,711.7,89.0
2026-07-28 12:20:00+05:30,711.7,711.95,710.95,711.85,180.0
2026-07-28 12:25:00+05:30,711.3,711.85,711.1,711.6,62.0
2026-07-28 12:30:00+05:30,711.85,711.85,711.0,711.65,180.0
2026-07-28 12:35:00+05:30,711.6,711.7,710.75,711.5,313.0
2026-07-28 12:40:00+05:30,711.5,711.9,711.0,711.9,165.0
2026-07-28 12:45:00+05:30,711.9,712.75,710.6,712.0,370.0
2026-07-28 12:50:00+05:30,711.2,711.2,709.95,710.85,508.0
2026-07-28 12:55:00+05:30,710.85,710.85,709.6,710.8,394.0
2026-07-28 13:00:00+05:30,710.15,711.9,710.1,710.95,666.0
2026-07-28 13:05:00+05:30,710.9,711.15,710.15,711.15,276.0
2026-07-28 13:10:00+05:30,710.6,710.6,710.5,710.5,12.0
2026-07-28 13:15:00+05:30,710.2,710.2,710.0,710.0,3425.0
2026-07-28 13:20:00+05:30,710.0,710.3,710.0,710.0,1055.0
2026-07-28 13:25:00+05:30,710.15,710.4,710.0,710.0,543.0
2026-07-28 13:30:00+05:30,710.0,710.85,710.0,710.6,462.0
2026-07-28 13:35:00+05:30,710.75,712.0,710.75,712.0,89.0
2026-07-28 13:40:00+05:30,710.45,710.5,710.0,710.35,1179.0
2026-07-28 13:45:00+05:30,710.15,710.75,710.0,710.35,399.0
2026-07-28 13:50:00+05:30,710.4,712.15,710.05,710.75,666.0
2026-07-28 13:55:00+05:30,711.2,711.3,710.5,710.5,333.0
2026-07-28 14:00:00+05:30,710.2,711.65,710.2,711.15,275.0
2026-07-28 14:05:00+05:30,711.0,712.15,710.85,710.85,513.0
2026-07-28 14:10:00+05:30,710.75,712.3,710.75,711.05,661.0
2026-07-28 14:15:00+05:30,711.05,711.35,710.25,710.85,564.0
2026-07-28 14:20:00+05:30,711.3,711.3,710.65,710.8,37.0
2026-07-28 14:25:00+05:30,709.6,710.15,709.6,710.0,3740.0
2026-07-28 14:30:00+05:30,710.0,710.7,710.0,710.0,1776.0
2026-07-28 14:35:00+05:30,710.0,710.05,710.0,710.0,610.0
2026-07-28 14:40:00+05:30,710.0,710.3,708.45,710.0,22269.0
2026-07-28 14:45:00+05:30,710.05,710.85,709.7,710.0,8918.0
2026-07-28 14:50:00+05:30,710.0,710.35,709.85,710.0,4981.0
2026-07-28 14:55:00+05:30,710.0,710.45,710.0,710.0,759.0
2026-07-28 15:00:00+05:30,710.05,710.1,709.95,710.0,3651.0
2026-07-28 15:05:00+05:30,710.0,710.8,710.0,710.0,3857.0
2026-07-28 15:10:00+05:30,710.0,710.45,708.15,710.0,3126.0
2026-07-28 15:15:00+05:30,710.0,710.2,710.0,710.0,5229.0
2026-07-28 15:20:00+05:30,710.0,711.15,710.0,710.0,7615.0
2026-07-28 15:25:00+05:30,710.0,711.95,710.0,710.0,3901.0
2026-07-29 09:15:00+05:30,709.0,709.0,700.55,703.15,4308.0
2026-07-29 09:20:00+05:30,704.05,705.0,700.2,700.2,1924.0
2026-07-29 09:25:00+05:30,700.2,702.1,697.55,698.6,2283.0
2026-07-29 09:30:00+05:30,698.9,700.95,698.9,700.9,97.0
2026-07-29 09:35:00+05:30,700.95,700.95,697.6,699.0,2489.0
2026-07-29 09:40:00+05:30,697.9,698.95,693.55,695.65,5659.0
2026-07-29 09:45:00+05:30,695.0,700.6,695.0,700.45,3382.0
2026-07-29 09:50:00+05:30,701.0,701.2,699.95,700.1,500.0
2026-07-29 09:55:00+05:30,699.6,700.1,699.15,699.15,91.0
2026-07-29 10:00:00+05:30,698.5,699.4,697.85,699.4,682.0
2026-07-29 10:05:00+05:30,699.55,699.8,698.7,699.2,551.0
2026-07-29 10:10:00+05:30,699.25,699.7,698.85,699.1,128.0
2026-07-29 10:15:00+05:30,699.1,700.0,698.0,698.55,1264.0
2026-07-29 10:20:00+05:30,698.85,699.25,698.45,698.45,76.0
2026-07-29 10:25:00+05:30,698.8,698.95,698.15,698.35,148.0
2026-07-29 10:30:00+05:30,698.4,698.4,698.2,698.2,42.0
2026-07-29 10:35:00+05:30,698.2,698.7,698.2,698.4,53.0
2026-07-29 10:40:00+05:30,698.4,699.5,698.4,699.45,63.0
2026-07-29 10:45:00+05:30,699.15,699.15,697.3,697.3,173.0
2026-07-29 10:50:00+05:30,697.35,698.15,695.65,696.7,3335.0
2026-07-29 10:55:00+05:30,696.2,697.1,695.15,696.3,273.0
2026-07-29 11:00:00+05:30,696.3,696.85,696.3,696.85,31.0
2026-07-29 11:05:00+05:30,696.85,696.85,696.05,696.05,78.0
2026-07-29 11:10:00+05:30,696.05,696.55,696.05,696.5,7.0
2026-07-29 11:15:00+05:30,696.5,697.8,696.0,697.6,532.0
2026-07-29 11:20:00+05:30,697.2,698.0,697.2,698.0,17.0
2026-07-29 11:25:00+05:30,698.0,698.0,696.0,697.05,420.0
2026-07-29 11:30:00+05:30,697.35,697.95,696.2,697.95,370.0
2026-07-29 11:35:00+05:30,698.05,703.8,697.95,702.75,1528.0
2026-07-29 11:40:00+05:30,702.6,704.95,702.6,704.15,2038.0
2026-07-29 11:45:00+05:30,704.15,714.0,700.75,711.6,10404.0
2026-07-29 11:50:00+05:30,711.65,712.5,710.1,710.45,2113.0
2026-07-29 11:55:00+05:30,710.45,713.45,710.0,712.95,2106.0
2026-07-29 12:00:00+05:30,712.95,713.0,710.1,711.8,7612.0
2026-07-29 12:05:00+05:30,712.05,714.0,711.75,712.9,1092.0
2026-07-29 12:10:00+05:30,712.7,715.0,712.1,712.1,6856.0
2026-07-29 12:15:00+05:30,711.05,711.05,706.2,707.25,1261.0
2026-07-29 12:20:00+05:30,707.2,707.2,704.3,704.55,1745.0
2026-07-29 12:25:00+05:30,704.75,704.95,703.75,703.9,329.0
2026-07-29 12:30:00+05:30,704.3,704.7,703.65,704.15,356.0
2026-07-29 12:35:00+05:30,703.7,703.8,700.9,702.15,641.0
2026-07-29 12:40:00+05:30,702.15,702.8,701.55,702.25,227.0
2026-07-29 12:45:00+05:30,703.1,703.1,701.4,702.45,219.0
2026-07-29 12:50:00+05:30,702.45,702.45,701.45,702.25,184.0
2026-07-29 12:55:00+05:30,702.1,702.1,700.1,700.15,136.0
2026-07-29 13:00:00+05:30,700.35,701.5,700.15,700.6,277.0
2026-07-29 13:05:00+05:30,702.0,702.3,700.15,700.15,1585.0
2026-07-29 13:10:00+05:30,700.45,702.5,700.15,700.3,388.0
2026-07-29 13:15:00+05:30,701.0,701.45,700.2,700.9,1348.0
2026-07-29 13:20:00+05:30,701.45,702.35,700.65,700.65,205.0
2026-07-29 13:25:00+05:30,700.3,702.05,700.3,701.45,704.0
2026-07-29 13:30:00+05:30,701.35,701.4,700.45,700.8,2619.0
2026-07-29 13:35:00+05:30,700.8,702.35,700.25,701.1,1225.0
2026-07-29 13:40:00+05:30,700.2,701.3,700.05,700.4,1522.0
2026-07-29 13:45:00+05:30,700.8,701.3,700.45,700.85,272.0
2026-07-29 13:50:00+05:30,700.7,701.95,700.5,701.6,142.0
2026-07-29 13:55:00+05:30,701.6,705.0,701.6,704.7,539.0
2026-07-29 14:00:00+05:30,705.0,705.8,704.2,705.45,1315.0
2026-07-29 14:05:00+05:30,705.15,705.3,705.0,705.0,340.0
2026-07-29 14:10:00+05:30,705.0,705.2,702.75,702.75,102.0
2026-07-29 14:15:00+05:30,703.15,703.15,701.85,702.45,249.0
2026-07-29 14:20:00+05:30,702.4,702.45,701.0,702.45,219.0
2026-07-29 14:25:00+05:30,703.0,703.0,701.25,701.8,120.0
2026-07-29 14:30:00+05:30,701.8,702.15,701.8,701.8,27.0
2026-07-29 14:35:00+05:30,701.8,705.0,701.05,702.2,3465.0
2026-07-29 14:40:00+05:30,702.35,704.3,702.35,703.9,178.0
2026-07-29 14:45:00+05:30,703.1,703.3,702.1,702.9,5567.0
2026-07-29 14:50:00+05:30,702.9,706.2,700.05,704.95,20552.0
2026-07-29 14:55:00+05:30,704.95,705.3,704.4,704.65,1300.0
2026-07-29 15:00:00+05:30,704.7,705.5,703.4,703.4,511.0
2026-07-29 15:05:00+05:30,703.4,703.4,702.1,702.45,237.0
2026-07-29 15:10:00+05:30,702.45,705.85,702.2,705.55,4897.0
2026-07-29 15:15:00+05:30,705.6,706.4,705.0,706.35,5185.0
2026-07-29 15:20:00+05:30,707.0,707.75,705.0,706.2,5241.0
2026-07-29 15:25:00+05:30,705.95,709.0,705.0,709.0,5621.0
2026-07-30 09:15:00+05:30,701.8,704.75,700.4,703.6,1313.0
2026-07-30 09:20:00+05:30,702.9,702.9,700.1,700.4,2863.0
2026-07-30 09:25:00+05:30,700.7,701.95,697.05,700.7,1706.0
2026-07-30 09:30:00+05:30,700.7,702.75,699.95,699.95,477.0
2026-07-30 09:35:00+05:30,699.0,702.0,699.0,701.2,1293.0
2026-07-30 09:40:00+05:30,701.9,702.0,700.25,700.6,400.0
2026-07-30 09:45:00+05:30,702.45,704.0,702.45,704.0,462.0
2026-07-30 09:50:00+05:30,704.25,707.25,704.25,707.0,737.0
2026-07-30 09:55:00+05:30,706.8,707.0,705.15,705.15,629.0
2026-07-30 10:00:00+05:30,705.15,705.2,705.15,705.2,34.0
2026-07-30 10:05:00+05:30,705.2,705.9,704.85,704.85,250.0
2026-07-30 10:10:00+05:30,704.0,704.65,703.5,703.5,216.0
2026-07-30 10:15:00+05:30,703.5,703.5,702.0,702.5,587.0
2026-07-30 10:20:00+05:30,702.5,707.45,702.5,707.25,712.0
2026-07-30 10:25:00+05:30,707.25,707.25,706.4,706.4,262.0
2026-07-30 10:30:00+05:30,706.4,706.45,704.75,704.95,630.0
2026-07-30 10:35:00+05:30,704.95,705.55,703.8,703.8,168.0
2026-07-30 10:40:00+05:30,703.8,705.0,703.8,704.85,119.0
2026-07-30 10:45:00+05:30,704.85,705.0,702.0,702.0,1751.0
2026-07-30 10:50:00+05:30,702.05,707.0,701.75,706.95,16459.0
2026-07-30 10:55:00+05:30,706.5,706.9,705.3,705.3,132.0
2026-07-30 11:00:00+05:30,705.8,706.45,705.2,705.95,134.0
2026-07-30 11:05:00+05:30,705.95,710.0,705.75,706.25,4270.0
2026-07-30 11:10:00+05:30,706.25,706.45,706.2,706.4,369.0
2026-07-30 11:15:00+05:30,706.2,707.4,705.55,706.6,95.0
2026-07-30 11:20:00+05:30,706.6,706.7,705.9,705.9,624.0
2026-07-30 11:25:00+05:30,705.9,706.0,704.95,704.95,636.0
2026-07-30 11:30:00+05:30,705.05,705.05,704.95,704.95,51.0
2026-07-30 11:35:00+05:30,705.45,705.45,705.0,705.0,18.0
2026-07-30 11:40:00+05:30,705.0,705.0,703.3,703.5,92.0
2026-07-30 11:45:00+05:30,703.3,703.55,703.3,703.55,200.0
2026-07-30 11:50:00+05:30,703.55,703.85,703.05,703.05,354.0
2026-07-30 11:55:00+05:30,702.8,703.3,702.8,703.0,230.0
2026-07-30 12:00:00+05:30,703.0,703.0,702.9,702.9,232.0
2026-07-30 12:05:00+05:30,702.9,703.25,702.9,703.25,40.0
2026-07-30 12:10:00+05:30,703.25,704.2,703.25,703.5,91.0
2026-07-30 12:15:00+05:30,703.5,703.85,703.05,703.05,79.0
2026-07-30 12:20:00+05:30,704.1,704.1,703.0,703.25,357.0
2026-07-30 12:25:00+05:30,703.0,703.0,701.9,703.0,1048.0
2026-07-30 12:30:00+05:30,703.25,704.15,702.9,704.15,106.0
2026-07-30 12:35:00+05:30,704.2,705.15,703.75,704.05,338.0
2026-07-30 12:40:00+05:30,704.05,704.3,703.7,704.3,62.0
2026-07-30 12:45:00+05:30,703.85,704.35,703.8,703.9,139.0
2026-07-30 12:50:00+05:30,704.3,704.3,703.95,704.0,18.0
2026-07-30 12:55:00+05:30,704.0,704.15,704.0,704.1,20.0
2026-07-30 13:00:00+05:30,704.1,704.6,704.1,704.55,6.0
2026-07-30 13:05:00+05:30,703.9,703.9,702.1,702.2,1305.0
2026-07-30 13:10:00+05:30,702.2,702.75,702.2,702.75,5.0
2026-07-30 13:15:00+05:30,703.0,703.0,701.05,701.05,647.0
2026-07-30 13:20:00+05:30,701.05,701.95,701.05,701.35,93.0
2026-07-30 13:25:00+05:30,701.7,701.75,701.7,701.75,6.0
2026-07-30 13:30:00+05:30,701.7,701.75,701.35,701.35,74.0
2026-07-30 13:35:00+05:30,701.55,701.55,701.35,701.55,32.0
2026-07-30 13:40:00+05:30,701.55,701.75,701.55,701.75,10.0
2026-07-30 13:45:00+05:30,701.75,701.8,701.0,701.0,90.0
2026-07-30 13:50:00+05:30,701.4,703.05,701.35,702.6,1357.0
2026-07-30 13:55:00+05:30,702.6,702.6,701.8,701.85,107.0
2026-07-30 14:00:00+05:30,703.55,708.35,702.9,707.85,3064.0
2026-07-30 14:05:00+05:30,707.15,708.25,707.15,707.8,1228.0
2026-07-30 14:10:00+05:30,707.3,707.8,705.85,706.35,570.0
2026-07-30 14:15:00+05:30,705.6,707.35,705.6,706.95,537.0
2026-07-30 14:20:00+05:30,706.95,707.45,705.55,706.7,433.0
2026-07-30 14:25:00+05:30,706.65,707.4,704.0,704.35,751.0
2026-07-30 14:30:00+05:30,703.6,711.6,703.45,710.85,5356.0
2026-07-30 14:35:00+05:30,710.35,711.9,710.25,711.9,393.0
2026-07-30 14:40:00+05:30,711.5,712.55,709.65,710.8,2712.0
2026-07-30 14:45:00+05:30,710.0,711.75,709.9,711.7,963.0
2026-07-30 14:50:00+05:30,711.15,712.0,711.1,711.55,111.0
2026-07-30 14:55:00+05:30,711.9,711.95,710.55,711.3,150.0
2026-07-30 15:00:00+05:30,711.05,711.05,708.8,710.0,561.0
2026-07-30 15:05:00+05:30,709.5,711.95,708.65,711.85,1110.0
2026-07-30 15:10:00+05:30,711.1,712.2,711.0,711.7,457.0
2026-07-30 15:15:00+05:30,711.7,711.7,709.25,710.55,3748.0
2026-07-30 15:20:00+05:30,710.6,711.55,708.95,711.0,4600.0
2026-07-30 15:25:00+05:30,710.75,714.0,709.1,714.0,5419.0
