dt,open,high,low,close,volume
2026-05-29 09:15:00+05:30,812.6,826.0,812.6,822.95,1495.0
2026-05-29 09:20:00+05:30,824.95,828.85,822.95,828.2,1294.0
2026-05-29 09:25:00+05:30,828.2,828.4,824.1,824.1,696.0
2026-05-29 09:30:00+05:30,824.8,826.9,818.65,818.95,1218.0
2026-05-29 09:35:00+05:30,818.75,827.85,817.05,826.55,2242.0
2026-05-29 09:40:00+05:30,825.55,826.55,822.85,824.0,202.0
2026-05-29 09:45:00+05:30,821.55,827.5,821.55,822.2,1386.0
2026-05-29 09:50:00+05:30,825.0,827.9,825.0,827.5,370.0
2026-05-29 09:55:00+05:30,825.05,826.6,824.05,824.55,319.0
2026-05-29 10:00:00+05:30,826.3,827.7,825.05,827.7,181.0
2026-05-29 10:05:00+05:30,827.7,831.75,827.7,830.35,492.0
2026-05-29 10:10:00+05:30,830.35,830.6,829.0,829.0,108.0
2026-05-29 10:15:00+05:30,829.75,829.75,827.55,829.1,56.0
2026-05-29 10:20:00+05:30,829.1,836.1,826.8,832.6,4107.0
2026-05-29 10:25:00+05:30,832.85,834.7,832.0,832.0,1431.0
2026-05-29 10:30:00+05:30,832.0,834.0,832.0,834.0,115.0
2026-05-29 10:35:00+05:30,832.95,836.95,832.95,836.85,362.0
2026-05-29 10:40:00+05:30,836.3,843.9,836.3,841.75,2057.0
2026-05-29 10:45:00+05:30,840.0,841.1,837.3,838.8,279.0
2026-05-29 10:50:00+05:30,848.0,849.7,846.9,849.65,3269.0
2026-05-29 10:55:00+05:30,847.8,849.65,845.4,846.0,4110.0
2026-05-29 11:00:00+05:30,846.0,847.95,842.7,845.05,969.0
2026-05-29 11:05:00+05:30,845.35,847.0,843.05,845.3,1659.0
2026-05-29 11:10:00+05:30,843.65,845.2,842.45,842.45,238.0
2026-05-29 11:15:00+05:30,843.5,850.0,839.85,847.0,4158.0
2026-05-29 11:20:00+05:30,847.2,849.8,843.9,849.8,1325.0
2026-05-29 11:25:00+05:30,847.25,847.8,845.0,846.2,815.0
2026-05-29 11:30:00+05:30,846.2,847.9,845.4,847.75,1075.0
2026-05-29 11:35:00+05:30,847.75,847.75,846.0,846.0,85.0
2026-05-29 11:40:00+05:30,845.0,847.15,844.6,844.6,394.0
2026-05-29 11:45:00+05:30,844.8,846.45,844.8,846.45,116.0
2026-05-29 11:50:00+05:30,845.45,846.75,845.35,845.55,101.0
2026-05-29 11:55:00+05:30,845.55,846.8,845.55,846.5,284.0
2026-05-29 12:00:00+05:30,846.6,847.0,844.4,847.0,3550.0
2026-05-29 12:05:00+05:30,847.65,852.55,846.25,847.55,3373.0
2026-05-29 12:10:00+05:30,847.85,849.6,844.0,844.0,331.0
2026-05-29 12:15:00+05:30,842.85,846.05,842.85,843.8,300.0
2026-05-29 12:20:00+05:30,844.4,849.55,844.4,849.55,259.0
2026-05-29 12:25:00+05:30,849.5,851.0,849.05,849.05,1747.0
2026-05-29 12:30:00+05:30,850.55,852.0,846.95,846.95,1224.0
2026-05-29 12:35:00+05:30,846.6,847.4,845.1,846.65,609.0
2026-05-29 12:40:00+05:30,846.65,847.05,845.05,845.4,59.0
2026-05-29 12:45:00+05:30,845.35,845.65,845.35,845.65,29.0
2026-05-29 12:50:00+05:30,845.65,845.65,842.3,845.05,534.0
2026-05-29 12:55:00+05:30,845.75,845.75,843.8,843.8,10.0
2026-05-29 13:00:00+05:30,842.65,843.65,842.4,843.2,97.0
2026-05-29 13:05:00+05:30,843.2,843.2,842.0,842.0,633.0
2026-05-29 13:10:00+05:30,842.05,843.8,841.15,842.9,363.0
2026-05-29 13:15:00+05:30,842.9,845.95,842.9,845.95,281.0
2026-05-29 13:20:00+05:30,845.95,845.95,842.85,844.25,27.0
2026-05-29 13:25:00+05:30,844.0,844.0,842.3,844.0,49.0
2026-05-29 13:30:00+05:30,844.0,844.0,840.75,840.75,513.0
2026-05-29 13:35:00+05:30,840.75,841.4,838.6,841.4,1182.0
2026-05-29 13:40:00+05:30,841.4,842.2,841.4,842.2,153.0
2026-05-29 13:45:00+05:30,842.2,848.2,842.2,846.3,843.0
2026-05-29 13:50:00+05:30,846.15,846.15,844.1,844.1,161.0
2026-05-29 13:55:00+05:30,844.1,845.95,842.1,842.1,651.0
2026-05-29 14:00:00+05:30,843.95,843.95,840.05,842.2,736.0
2026-05-29 14:05:00+05:30,841.45,842.0,840.25,840.9,1101.0
2026-05-29 14:10:00+05:30,840.9,842.4,840.9,842.4,109.0
2026-05-29 14:15:00+05:30,842.4,843.5,842.15,842.15,543.0
2026-05-29 14:20:00+05:30,840.55,841.15,840.55,841.15,334.0
2026-05-29 14:25:00+05:30,841.15,842.8,840.55,842.8,176.0
2026-05-29 14:30:00+05:30,842.35,842.95,840.85,842.95,156.0
2026-05-29 14:35:00+05:30,842.95,842.95,839.85,839.85,50.0
2026-05-29 14:40:00+05:30,839.65,840.95,838.0,840.0,216.0
2026-05-29 14:45:00+05:30,840.0,840.0,836.85,838.55,467.0
2026-05-29 14:50:00+05:30,839.5,839.85,839.5,839.85,31.0
2026-05-29 14:55:00+05:30,838.55,839.5,837.0,837.0,324.0
2026-05-29 15:00:00+05:30,837.0,837.0,828.1,828.1,1689.0
2026-05-29 15:05:00+05:30,827.05,828.75,821.5,823.1,1623.0
2026-05-29 15:10:00+05:30,823.1,825.1,818.6,818.6,1459.0
2026-05-29 15:15:00+05:30,820.25,846.1,819.05,838.7,7767.0
2026-05-29 15:20:00+05:30,838.0,838.0,828.7,831.25,1415.0
2026-05-29 15:25:00+05:30,832.15,834.85,825.6,826.85,2309.0
2026-06-01 09:15:00+05:30,833.1,848.0,830.15,845.05,1603.0
2026-06-01 09:20:00+05:30,843.15,845.05,840.1,840.1,824.0
2026-06-01 09:25:00+05:30,840.0,840.0,836.7,836.7,264.0
2026-06-01 09:30:00+05:30,836.2,839.4,833.4,834.55,743.0
2026-06-01 09:35:00+05:30,835.0,838.8,828.05,836.75,1442.0
2026-06-01 09:40:00+05:30,834.65,835.95,831.3,835.0,1570.0
2026-06-01 09:45:00+05:30,837.4,837.55,830.1,830.1,1413.0
2026-06-01 09:50:00+05:30,830.1,832.15,830.0,831.5,429.0
2026-06-01 09:55:00+05:30,830.05,833.65,830.0,833.55,187.0
2026-06-01 10:00:00+05:30,834.45,834.95,830.05,830.05,653.0
2026-06-01 10:05:00+05:30,834.45,835.95,834.45,835.8,466.0
2026-06-01 10:10:00+05:30,835.8,835.8,832.0,834.5,173.0
2026-06-01 10:15:00+05:30,834.5,834.5,832.1,832.1,239.0
2026-06-01 10:20:00+05:30,832.1,833.6,832.1,833.5,11.0
2026-06-01 10:25:00+05:30,833.5,835.8,833.0,834.5,526.0
2026-06-01 10:30:00+05:30,834.85,834.85,834.5,834.5,124.0
2026-06-01 10:35:00+05:30,834.55,835.8,834.55,835.8,123.0
2026-06-01 10:40:00+05:30,835.8,835.8,833.2,833.7,124.0
2026-06-01 10:45:00+05:30,836.65,843.8,836.65,842.0,1534.0
2026-06-01 10:50:00+05:30,842.0,845.05,842.0,845.05,248.0
2026-06-01 10:55:00+05:30,848.0,848.0,842.1,844.0,1155.0
2026-06-01 11:00:00+05:30,844.0,846.45,844.0,844.2,153.0
2026-06-01 11:05:00+05:30,844.2,845.9,844.05,844.4,152.0
2026-06-01 11:10:00+05:30,844.15,844.15,840.1,840.15,845.0
2026-06-01 11:15:00+05:30,840.35,843.95,839.85,840.3,565.0
2026-06-01 11:20:00+05:30,840.3,840.6,835.65,838.45,1788.0
2026-06-01 11:25:00+05:30,838.45,838.45,836.05,836.05,21.0
2026-06-01 11:30:00+05:30,835.1,839.35,835.1,837.7,673.0
2026-06-01 11:35:00+05:30,837.7,838.45,837.7,837.9,175.0
2026-06-01 11:40:00+05:30,838.1,838.7,836.6,837.95,373.0
2026-06-01 11:45:00+05:30,838.3,838.3,836.7,836.7,24.0
2026-06-01 11:50:00+05:30,836.7,838.0,836.7,838.0,234.0
2026-06-01 11:55:00+05:30,835.55,837.8,835.55,837.65,110.0
2026-06-01 12:00:00+05:30,836.3,836.3,835.0,835.0,75.0
2026-06-01 12:05:00+05:30,835.0,836.4,834.6,836.4,516.0
2026-06-01 12:10:00+05:30,835.95,835.95,834.6,834.6,8.0
2026-06-01 12:15:00+05:30,833.65,834.95,833.2,833.3,290.0
2026-06-01 12:20:00+05:30,833.3,833.8,832.1,833.0,601.0
2026-06-01 12:25:00+05:30,833.0,833.0,827.55,827.55,717.0
2026-06-01 12:30:00+05:30,827.55,828.4,826.3,828.4,42.0
2026-06-01 12:35:00+05:30,826.6,831.25,826.0,826.5,1062.0
2026-06-01 12:40:00+05:30,826.5,827.1,822.0,822.0,1778.0
2026-06-01 12:45:00+05:30,821.05,821.15,820.2,820.9,203.0
2026-06-01 12:50:00+05:30,820.9,822.75,820.9,821.35,359.0
2026-06-01 12:55:00+05:30,821.35,821.95,821.35,821.95,24.0
2026-06-01 13:00:00+05:30,821.95,822.8,821.0,822.45,525.0
2026-06-01 13:05:00+05:30,821.0,822.4,818.05,818.15,1132.0
2026-06-01 13:10:00+05:30,818.15,819.1,813.65,815.25,1216.0
2026-06-01 13:15:00+05:30,816.0,819.5,814.85,819.5,386.0
2026-06-01 13:20:00+05:30,820.85,820.85,817.2,817.35,243.0
2026-06-01 13:25:00+05:30,817.35,818.85,817.15,818.85,778.0
2026-06-01 13:30:00+05:30,819.85,819.85,819.65,819.65,31.0
2026-06-01 13:35:00+05:30,819.65,819.7,819.65,819.65,4.0
2026-06-01 13:40:00+05:30,819.65,821.05,819.65,821.05,131.0
2026-06-01 13:45:00+05:30,821.2,821.6,820.0,821.4,162.0
2026-06-01 13:50:00+05:30,821.4,821.75,820.0,820.0,104.0
2026-06-01 13:55:00+05:30,821.75,821.75,819.0,819.0,951.0
2026-06-01 14:00:00+05:30,818.75,818.75,816.8,816.8,31.0
2026-06-01 14:05:00+05:30,815.85,815.85,815.85,815.85,1.0
2026-06-01 14:10:00+05:30,815.85,818.6,815.85,818.6,100.0
2026-06-01 14:15:00+05:30,818.7,818.7,815.9,815.9,109.0
2026-06-01 14:20:00+05:30,816.4,816.45,815.2,815.2,178.0
2026-06-01 14:25:00+05:30,816.45,816.45,815.1,815.1,96.0
2026-06-01 14:30:00+05:30,815.1,817.95,815.0,817.95,239.0
2026-06-01 14:35:00+05:30,815.6,819.0,815.6,819.0,90.0
2026-06-01 14:40:00+05:30,820.3,820.3,818.5,818.5,157.0
2026-06-01 14:45:00+05:30,818.6,818.65,818.55,818.55,9.0
2026-06-01 14:50:00+05:30,818.55,819.05,818.5,818.5,320.0
2026-06-01 14:55:00+05:30,818.5,818.75,817.45,817.65,135.0
2026-06-01 15:00:00+05:30,817.45,817.45,815.0,815.75,225.0
2026-06-01 15:05:00+05:30,815.75,817.8,815.75,817.8,140.0
2026-06-01 15:10:00+05:30,817.2,819.05,815.55,815.55,88.0
2026-06-01 15:15:00+05:30,816.65,817.0,811.6,811.6,1944.0
2026-06-01 15:20:00+05:30,811.0,813.5,810.85,813.5,1607.0
2026-06-01 15:25:00+05:30,811.1,814.3,810.85,814.3,382.0
2026-06-02 09:15:00+05:30,813.1,828.95,813.1,814.2,471.0
2026-06-02 09:20:00+05:30,816.4,818.3,810.55,813.55,1362.0
2026-06-02 09:25:00+05:30,811.0,814.4,811.0,814.4,214.0
2026-06-02 09:30:00+05:30,811.6,812.9,810.3,810.65,117.0
2026-06-02 09:35:00+05:30,809.0,813.4,807.7,813.4,215.0
2026-06-02 09:40:00+05:30,813.4,813.4,811.35,812.65,117.0
2026-06-02 09:45:00+05:30,811.2,811.35,810.35,811.35,101.0
2026-06-02 09:50:00+05:30,811.35,811.35,809.05,809.05,61.0
2026-06-02 09:55:00+05:30,809.05,811.95,808.55,811.95,254.0
2026-06-02 10:00:00+05:30,811.5,814.45,810.55,814.25,391.0
2026-06-02 10:05:00+05:30,814.1,814.1,808.0,811.4,1351.0
2026-06-02 10:10:00+05:30,811.4,811.7,806.15,806.15,197.0
2026-06-02 10:15:00+05:30,806.2,807.05,803.1,807.05,278.0
2026-06-02 10:20:00+05:30,807.1,812.8,807.1,807.45,1556.0
2026-06-02 10:25:00+05:30,807.2,811.4,807.2,811.4,363.0
2026-06-02 10:30:00+05:30,811.4,811.4,810.25,811.4,56.0
2026-06-02 10:35:00+05:30,810.25,810.45,808.45,810.3,102.0
2026-06-02 10:40:00+05:30,810.3,811.95,808.4,808.5,213.0
2026-06-02 10:45:00+05:30,807.55,810.1,807.55,810.1,116.0
2026-06-02 10:50:00+05:30,807.8,807.8,807.8,807.8,30.0
2026-06-02 10:55:00+05:30,807.8,810.95,807.8,810.95,100.0
2026-06-02 11:00:00+05:30,807.55,809.35,807.55,809.35,46.0
2026-06-02 11:05:00+05:30,810.4,810.4,807.0,807.0,293.0
2026-06-02 11:10:00+05:30,807.0,807.0,807.0,807.0,4.0
2026-06-02 11:15:00+05:30,808.35,808.35,807.0,807.7,206.0
2026-06-02 11:20:00+05:30,807.7,807.7,807.7,807.7,0.0
2026-06-02 11:25:00+05:30,807.7,807.7,805.65,805.65,108.0
2026-06-02 11:30:00+05:30,805.55,806.75,803.65,803.65,417.0
2026-06-02 11:35:00+05:30,803.65,803.65,803.65,803.65,0.0
2026-06-02 11:40:00+05:30,803.65,804.65,803.65,804.65,37.0
2026-06-02 11:45:00+05:30,803.7,808.45,803.7,806.65,579.0
2026-06-02 11:50:00+05:30,806.65,806.65,803.1,803.1,500.0
2026-06-02 11:55:00+05:30,806.45,806.45,805.5,805.95,180.0
2026-06-02 12:00:00+05:30,804.5,805.85,804.5,805.85,178.0
2026-06-02 12:05:00+05:30,805.05,805.05,804.6,804.85,68.0
2026-06-02 12:10:00+05:30,804.85,807.4,804.85,805.5,355.0
2026-06-02 12:15:00+05:30,805.5,805.6,805.5,805.6,5.0
2026-06-02 12:20:00+05:30,805.5,805.5,801.0,801.2,2338.0
2026-06-02 12:25:00+05:30,801.0,801.0,797.15,798.05,25670.0
2026-06-02 12:30:00+05:30,798.15,801.45,798.15,799.75,201.0
2026-06-02 12:35:00+05:30,799.75,799.75,798.7,798.7,50.0
2026-06-02 12:40:00+05:30,798.7,800.95,798.7,800.7,59.0
2026-06-02 12:45:00+05:30,800.7,800.7,799.3,800.55,15.0
2026-06-02 12:50:00+05:30,800.55,801.8,800.0,800.0,655.0
2026-06-02 12:55:00+05:30,801.05,801.55,800.0,800.0,310.0
2026-06-02 13:00:00+05:30,800.0,802.05,800.0,802.05,116.0
2026-06-02 13:05:00+05:30,802.05,803.3,802.05,803.3,30.0
2026-06-02 13:10:00+05:30,800.55,809.0,800.55,809.0,299.0
2026-06-02 13:15:00+05:30,809.0,809.0,806.55,806.55,147.0
2026-06-02 13:20:00+05:30,808.65,808.65,807.05,807.05,55.0
2026-06-02 13:25:00+05:30,807.05,810.65,807.05,810.65,364.0
2026-06-02 13:30:00+05:30,810.65,812.8,810.1,810.1,106.0
2026-06-02 13:35:00+05:30,810.1,810.6,809.0,809.0,256.0
2026-06-02 13:40:00+05:30,809.0,810.7,809.0,809.0,128.0
2026-06-02 13:45:00+05:30,809.0,809.0,809.0,809.0,123.0
2026-06-02 13:50:00+05:30,809.0,809.0,809.0,809.0,0.0
2026-06-02 13:55:00+05:30,809.0,810.0,809.0,810.0,296.0
2026-06-02 14:00:00+05:30,812.0,812.65,810.0,810.0,380.0
2026-06-02 14:05:00+05:30,810.5,810.5,810.5,810.5,35.0
2026-06-02 14:10:00+05:30,809.2,810.9,809.2,810.9,105.0
2026-06-02 14:15:00+05:30,809.4,811.4,809.4,811.4,32.0
2026-06-02 14:20:00+05:30,811.4,813.6,809.65,813.6,129.0
2026-06-02 14:25:00+05:30,813.6,813.6,811.15,812.5,6.0
2026-06-02 14:30:00+05:30,812.5,812.95,812.0,812.95,11.0
2026-06-02 14:35:00+05:30,812.95,815.4,812.95,814.65,608.0
2026-06-02 14:40:00+05:30,814.65,814.65,811.55,811.55,84.0
2026-06-02 14:45:00+05:30,811.55,811.55,810.65,810.65,51.0
2026-06-02 14:50:00+05:30,810.65,812.75,810.45,812.1,23.0
2026-06-02 14:55:00+05:30,812.1,812.1,809.6,809.6,340.0
2026-06-02 15:00:00+05:30,809.6,812.9,809.6,812.7,70.0
2026-06-02 15:05:00+05:30,812.7,814.9,812.4,812.4,449.0
2026-06-02 15:10:00+05:30,812.5,813.8,811.2,811.25,191.0
2026-06-02 15:15:00+05:30,813.0,815.5,810.15,815.1,746.0
2026-06-02 15:20:00+05:30,815.1,817.1,813.5,813.5,389.0
2026-06-02 15:25:00+05:30,814.0,815.05,807.05,807.05,1362.0
2026-06-03 09:15:00+05:30,812.3,812.3,808.05,811.35,646.0
2026-06-03 09:20:00+05:30,811.35,811.35,807.05,807.55,368.0
2026-06-03 09:25:00+05:30,811.4,811.45,809.4,809.4,39.0
2026-06-03 09:30:00+05:30,809.0,813.95,809.0,811.6,655.0
2026-06-03 09:35:00+05:30,812.1,814.45,812.1,814.45,62.0
2026-06-03 09:40:00+05:30,812.55,819.45,812.55,816.75,365.0
2026-06-03 09:45:00+05:30,818.45,818.45,815.55,815.55,144.0
2026-06-03 09:50:00+05:30,799.65,805.0,799.6,801.7,5434.0
2026-06-03 09:55:00+05:30,802.1,802.2,800.55,802.2,408.0
2026-06-03 10:00:00+05:30,801.0,802.7,800.25,801.55,274.0
2026-06-03 10:05:00+05:30,802.0,802.5,801.2,802.5,74.0
2026-06-03 10:10:00+05:30,802.65,802.9,801.7,801.85,137.0
2026-06-03 10:15:00+05:30,801.85,801.85,798.6,798.6,930.0
2026-06-03 10:20:00+05:30,800.0,801.15,798.9,800.85,119.0
2026-06-03 10:25:00+05:30,801.2,802.3,800.0,800.0,537.0
2026-06-03 10:30:00+05:30,800.35,800.35,799.3,800.35,56.0
2026-06-03 10:35:00+05:30,802.05,802.05,799.65,801.05,228.0
2026-06-03 10:40:00+05:30,801.0,801.0,801.0,801.0,280.0
2026-06-03 10:45:00+05:30,801.0,801.0,801.0,801.0,0.0
2026-06-03 10:50:00+05:30,801.0,801.95,801.0,801.95,25.0
2026-06-03 10:55:00+05:30,800.0,800.0,800.0,800.0,20.0
2026-06-03 11:00:00+05:30,800.0,801.95,800.0,800.05,141.0
2026-06-03 11:05:00+05:30,800.05,800.05,799.4,799.4,212.0
2026-06-03 11:10:00+05:30,799.4,800.45,799.4,800.45,89.0
2026-06-03 11:15:00+05:30,800.45,800.55,799.95,799.95,13.0
2026-06-03 11:20:00+05:30,799.95,799.95,798.2,799.85,181.0
2026-06-03 11:25:00+05:30,799.3,800.0,799.3,800.0,217.0
2026-06-03 11:30:00+05:30,800.0,800.75,800.0,800.5,31.0
2026-06-03 11:35:00+05:30,800.0,802.9,800.0,802.8,585.0
2026-06-03 11:40:00+05:30,802.8,802.8,802.8,802.8,1.0
2026-06-03 11:45:00+05:30,803.15,803.15,803.15,803.15,17.0
2026-06-03 11:50:00+05:30,803.15,804.9,803.15,804.65,771.0
2026-06-03 11:55:00+05:30,804.65,805.0,804.65,805.0,911.0
2026-06-03 12:00:00+05:30,805.0,805.0,804.75,804.75,10.0
2026-06-03 12:05:00+05:30,803.15,803.15,803.15,803.15,37.0
2026-06-03 12:10:00+05:30,803.15,803.15,800.85,800.85,20.0
2026-06-03 12:15:00+05:30,800.85,800.9,800.85,800.9,1.0
2026-06-03 12:20:00+05:30,802.4,802.4,802.4,802.4,2.0
2026-06-03 12:25:00+05:30,800.75,800.75,800.45,800.45,64.0
2026-06-03 12:30:00+05:30,802.5,803.2,801.25,802.65,259.0
2026-06-03 12:35:00+05:30,803.45,806.05,803.45,806.05,699.0
2026-06-03 12:40:00+05:30,806.05,807.85,806.05,806.1,18.0
2026-06-03 12:45:00+05:30,806.0,806.0,806.0,806.0,40.0
2026-06-03 12:50:00+05:30,806.0,806.0,805.75,805.75,5.0
2026-06-03 12:55:00+05:30,807.95,808.45,806.4,806.4,426.0
2026-06-03 13:00:00+05:30,806.4,807.35,806.4,807.35,2.0
2026-06-03 13:05:00+05:30,807.35,807.35,807.15,807.35,11.0
2026-06-03 13:10:00+05:30,807.3,807.3,807.3,807.3,1.0
2026-06-03 13:15:00+05:30,807.3,808.45,806.15,806.45,163.0
2026-06-03 13:20:00+05:30,806.85,806.85,806.85,806.85,3.0
2026-06-03 13:25:00+05:30,806.85,806.85,806.8,806.85,178.0
2026-06-03 13:30:00+05:30,806.85,808.9,806.2,808.9,25.0
2026-06-03 13:35:00+05:30,808.9,808.9,807.0,807.0,200.0
2026-06-03 13:40:00+05:30,807.0,808.45,807.0,808.45,7.0
2026-06-03 13:45:00+05:30,808.0,808.0,808.0,808.0,218.0
2026-06-03 13:50:00+05:30,808.0,808.0,808.0,808.0,0.0
2026-06-03 13:55:00+05:30,808.0,809.45,805.0,808.75,335.0
2026-06-03 14:00:00+05:30,808.75,808.75,805.0,805.0,174.0
2026-06-03 14:05:00+05:30,805.0,805.0,805.0,805.0,30.0
2026-06-03 14:10:00+05:30,805.0,805.0,805.0,805.0,100.0
2026-06-03 14:15:00+05:30,805.0,807.45,805.0,805.1,3.0
2026-06-03 14:20:00+05:30,805.1,807.95,805.1,807.95,1115.0
2026-06-03 14:25:00+05:30,805.4,807.95,804.3,807.85,2301.0
2026-06-03 14:30:00+05:30,807.85,808.35,806.85,807.9,24.0
2026-06-03 14:35:00+05:30,807.9,808.65,807.15,807.15,133.0
2026-06-03 14:40:00+05:30,807.15,808.7,807.05,807.05,31.0
2026-06-03 14:45:00+05:30,807.05,808.75,807.05,808.75,5.0
2026-06-03 14:50:00+05:30,808.65,808.65,805.7,806.8,8.0
2026-06-03 14:55:00+05:30,806.8,806.8,806.8,806.8,0.0
2026-06-03 15:00:00+05:30,806.8,807.0,806.8,807.0,292.0
2026-06-03 15:05:00+05:30,808.55,808.9,806.9,808.7,138.0
2026-06-03 15:10:00+05:30,808.7,808.7,805.95,806.7,335.0
2026-06-03 15:15:00+05:30,806.85,807.75,805.95,806.2,609.0
2026-06-03 15:20:00+05:30,805.0,806.45,804.35,806.45,1264.0
2026-06-03 15:25:00+05:30,807.0,810.0,803.1,803.1,1671.0
2026-06-04 09:16:00+05:30,804.1,809.3,804.1,807.05,85.0
2026-06-04 09:20:00+05:30,809.55,811.7,809.25,811.7,150.0
2026-06-04 09:25:00+05:30,808.9,810.85,808.2,810.15,612.0
2026-06-04 09:30:00+05:30,809.25,810.65,809.25,810.0,275.0
2026-06-04 09:35:00+05:30,810.0,813.85,810.0,811.8,69.0
2026-06-04 09:40:00+05:30,809.25,811.0,808.0,808.0,337.0
2026-06-04 09:45:00+05:30,808.0,819.1,808.0,817.85,1857.0
2026-06-04 09:50:00+05:30,820.0,824.95,819.0,821.3,1409.0
2026-06-04 09:55:00+05:30,826.45,828.0,824.2,824.2,1138.0
2026-06-04 10:00:00+05:30,825.25,829.0,824.05,829.0,714.0
2026-06-04 10:05:00+05:30,828.9,828.9,826.05,826.05,314.0
2026-06-04 10:10:00+05:30,826.05,827.8,825.3,825.55,110.0
2026-06-04 10:15:00+05:30,825.0,825.0,822.0,823.65,42.0
2026-06-04 10:20:00+05:30,823.65,825.95,823.65,825.95,227.0
2026-06-04 10:25:00+05:30,826.0,826.0,826.0,826.0,38.0
2026-06-04 10:30:00+05:30,826.0,829.0,825.5,828.95,757.0
2026-06-04 10:35:00+05:30,828.3,829.9,828.1,829.9,497.0
2026-06-04 10:40:00+05:30,829.9,829.9,829.1,829.1,85.0
2026-06-04 10:45:00+05:30,829.0,829.0,828.55,828.65,78.0
2026-06-04 10:50:00+05:30,830.6,833.3,830.5,832.15,1252.0
2026-06-04 10:55:00+05:30,832.05,834.0,832.05,834.0,311.0
2026-06-04 11:00:00+05:30,832.25,834.95,830.25,830.25,541.0
2026-06-04 11:05:00+05:30,830.25,830.25,830.05,830.05,50.0
2026-06-04 11:10:00+05:30,830.1,830.1,830.1,830.1,11.0
2026-06-04 11:15:00+05:30,830.1,831.0,830.1,831.0,15.0
2026-06-04 11:20:00+05:30,831.0,832.95,831.0,832.95,185.0
2026-06-04 11:25:00+05:30,832.95,833.4,832.95,833.0,51.0
2026-06-04 11:30:00+05:30,833.0,833.0,832.05,832.1,36.0
2026-06-04 11:35:00+05:30,830.05,830.8,829.6,830.8,177.0
2026-06-04 11:40:00+05:30,830.8,830.8,829.7,829.9,25.0
2026-06-04 11:45:00+05:30,829.9,830.0,828.25,829.95,89.0
2026-06-04 11:50:00+05:30,830.0,830.8,828.2,830.8,85.0
2026-06-04 11:55:00+05:30,830.8,831.95,830.0,831.9,135.0
2026-06-04 12:00:00+05:30,831.5,831.9,830.3,831.9,43.0
2026-06-04 12:05:00+05:30,831.9,832.0,830.05,832.0,102.0
2026-06-04 12:10:00+05:30,831.8,832.0,831.35,831.45,67.0
2026-06-04 12:15:00+05:30,830.25,831.75,828.35,831.65,176.0
2026-06-04 12:20:00+05:30,831.6,831.7,828.05,829.0,111.0
2026-06-04 12:25:00+05:30,829.0,829.0,826.15,826.15,167.0
2026-06-04 12:30:00+05:30,827.0,827.0,825.6,827.0,170.0
2026-06-04 12:35:00+05:30,827.0,828.95,827.0,828.2,163.0
2026-06-04 12:40:00+05:30,828.35,829.65,827.1,829.6,106.0
2026-06-04 12:45:00+05:30,829.65,831.0,827.65,829.65,113.0
2026-06-04 12:50:00+05:30,829.5,830.15,827.2,829.75,250.0
2026-06-04 12:55:00+05:30,829.8,830.0,828.4,830.0,121.0
2026-06-04 13:00:00+05:30,830.0,830.1,822.8,823.05,1313.0
2026-06-04 13:05:00+05:30,824.85,826.65,823.0,826.65,117.0
2026-06-04 13:10:00+05:30,827.35,827.95,820.0,822.2,1069.0
2026-06-04 13:15:00+05:30,821.45,822.4,819.95,821.15,231.0
2026-06-04 13:20:00+05:30,821.1,822.9,819.6,822.85,230.0
2026-06-04 13:25:00+05:30,822.85,822.9,821.35,822.55,73.0
2026-06-04 13:30:00+05:30,822.75,822.75,820.85,822.5,256.0
2026-06-04 13:35:00+05:30,822.15,822.2,821.75,822.15,66.0
2026-06-04 13:40:00+05:30,822.15,822.15,820.0,821.7,129.0
2026-06-04 13:45:00+05:30,821.75,821.95,820.45,821.35,134.0
2026-06-04 13:50:00+05:30,821.35,821.45,819.4,821.4,104.0
2026-06-04 13:55:00+05:30,821.4,822.0,819.7,821.75,310.0
2026-06-04 14:00:00+05:30,821.25,822.0,821.15,821.55,97.0
2026-06-04 14:05:00+05:30,821.55,821.6,818.05,819.0,556.0
2026-06-04 14:10:00+05:30,819.0,820.55,816.0,817.0,197.0
2026-06-04 14:15:00+05:30,817.7,818.0,815.5,815.5,81.0
2026-06-04 14:20:00+05:30,816.75,816.8,814.8,815.75,456.0
2026-06-04 14:25:00+05:30,815.75,815.8,814.1,815.55,97.0
2026-06-04 14:30:00+05:30,815.6,817.0,815.3,817.0,174.0
2026-06-04 14:35:00+05:30,817.0,819.5,816.2,816.85,211.0
2026-06-04 14:40:00+05:30,816.9,816.9,811.1,815.4,1301.0
2026-06-04 14:45:00+05:30,815.25,816.2,811.15,814.9,381.0
2026-06-04 14:50:00+05:30,815.5,816.7,811.1,813.0,353.0
2026-06-04 14:55:00+05:30,813.0,813.0,811.2,813.0,264.0
2026-06-04 15:00:00+05:30,813.0,813.55,811.15,813.55,796.0
2026-06-04 15:05:00+05:30,814.85,815.0,812.0,815.0,1529.0
2026-06-04 15:10:00+05:30,812.65,816.2,811.0,811.0,1810.0
2026-06-04 15:15:00+05:30,811.05,812.0,811.0,811.0,165.0
2026-06-04 15:20:00+05:30,811.0,811.0,809.0,809.0,309.0
2026-06-04 15:25:00+05:30,809.0,817.0,804.75,807.7,2621.0
2026-06-05 09:15:00+05:30,805.2,815.4,805.2,809.0,2266.0
2026-06-05 09:20:00+05:30,809.95,809.95,807.05,809.0,457.0
2026-06-05 09:25:00+05:30,814.0,815.9,809.65,811.5,2055.0
2026-06-05 09:30:00+05:30,809.4,811.15,807.65,809.15,59.0
2026-06-05 09:35:00+05:30,807.7,807.7,804.0,804.0,781.0
2026-06-05 09:40:00+05:30,804.0,805.9,803.25,803.25,606.0
2026-06-05 09:45:00+05:30,803.4,806.0,803.4,805.35,227.0
2026-06-05 09:50:00+05:30,805.35,808.0,802.6,807.05,2102.0
2026-06-05 09:55:00+05:30,807.5,809.0,807.5,809.0,902.0
2026-06-05 10:00:00+05:30,808.1,808.1,804.05,805.35,696.0
2026-06-05 10:05:00+05:30,805.35,805.35,805.0,805.35,178.0
2026-06-05 10:10:00+05:30,805.35,814.0,805.35,812.95,1687.0
2026-06-05 10:15:00+05:30,812.5,812.5,808.7,810.6,774.0
2026-06-05 10:20:00+05:30,807.95,815.0,807.0,815.0,2718.0
2026-06-05 10:25:00+05:30,815.95,816.8,810.1,810.1,2226.0
2026-06-05 10:30:00+05:30,810.1,812.25,809.95,809.95,960.0
2026-06-05 10:35:00+05:30,808.0,808.0,804.45,804.85,90.0
2026-06-05 10:40:00+05:30,805.35,805.35,805.35,805.35,71.0
2026-06-05 10:45:00+05:30,805.35,806.0,804.6,804.6,27.0
2026-06-05 10:50:00+05:30,807.8,807.8,806.55,807.0,111.0
2026-06-05 10:55:00+05:30,807.0,807.0,806.05,806.05,92.0
2026-06-05 11:00:00+05:30,808.5,809.3,806.7,809.3,257.0
2026-06-05 11:05:00+05:30,809.4,810.0,809.4,810.0,302.0
2026-06-05 11:10:00+05:30,810.0,810.0,809.95,809.95,28.0
2026-06-05 11:15:00+05:30,809.95,809.95,807.05,807.05,58.0
2026-06-05 11:20:00+05:30,808.9,808.9,808.55,808.55,21.0
2026-06-05 11:25:00+05:30,807.15,809.6,807.15,808.5,108.0
2026-06-05 11:30:00+05:30,808.5,809.25,808.35,808.35,26.0
2026-06-05 11:35:00+05:30,808.5,808.5,808.5,808.5,118.0
2026-06-05 11:40:00+05:30,806.8,806.8,805.0,805.0,2277.0
2026-06-05 11:45:00+05:30,805.0,805.0,804.4,805.0,1241.0
2026-06-05 11:50:00+05:30,805.0,805.0,802.25,803.45,901.0
2026-06-05 11:55:00+05:30,803.45,803.45,797.75,799.95,2439.0
2026-06-05 12:00:00+05:30,799.5,800.0,799.5,800.0,719.0
2026-06-05 12:05:00+05:30,800.0,800.0,800.0,800.0,73.0
2026-06-05 12:10:00+05:30,799.1,800.0,799.0,800.0,20.0
2026-06-05 12:15:00+05:30,800.0,800.95,799.0,799.65,1116.0
2026-06-05 12:20:00+05:30,799.65,799.95,799.65,799.95,167.0
2026-06-05 12:25:00+05:30,799.95,800.0,799.95,800.0,4623.0
2026-06-05 12:30:00+05:30,800.0,800.0,800.0,800.0,500.0
2026-06-05 12:35:00+05:30,800.0,800.0,798.9,800.0,900.0
2026-06-05 12:40:00+05:30,800.0,800.0,799.5,799.5,246.0
2026-06-05 12:45:00+05:30,799.5,800.0,799.15,800.0,263.0
2026-06-05 12:50:00+05:30,800.0,800.0,800.0,800.0,60.0
2026-06-05 12:55:00+05:30,800.0,800.0,799.1,800.0,97.0
2026-06-05 13:00:00+05:30,800.0,800.0,799.0,799.0,10.0
2026-06-05 13:05:00+05:30,799.0,800.0,798.75,800.0,439.0
2026-06-05 13:10:00+05:30,799.5,799.9,798.5,798.65,132.0
2026-06-05 13:15:00+05:30,798.5,798.65,797.85,798.4,208.0
2026-06-05 13:20:00+05:30,799.7,799.7,796.3,796.3,373.0
2026-06-05 13:25:00+05:30,796.3,799.95,796.3,797.8,217.0
2026-06-05 13:30:00+05:30,797.25,797.25,793.5,794.75,932.0
2026-06-05 13:35:00+05:30,796.0,804.85,796.0,804.85,21907.0
2026-06-05 13:40:00+05:30,804.7,805.0,802.8,802.8,295.0
2026-06-05 13:45:00+05:30,804.95,805.4,804.95,805.4,224.0
2026-06-05 13:50:00+05:30,803.65,805.3,803.65,804.55,44.0
2026-06-05 13:55:00+05:30,804.55,805.4,804.55,805.4,172.0
2026-06-05 14:00:00+05:30,805.3,807.0,805.3,807.0,91.0
2026-06-05 14:05:00+05:30,807.0,807.35,806.3,807.35,133.0
2026-06-05 14:10:00+05:30,806.8,806.8,806.55,806.55,73.0
2026-06-05 14:15:00+05:30,807.9,808.6,803.65,808.6,1296.0
2026-06-05 14:20:00+05:30,807.55,808.85,807.5,808.85,189.0
2026-06-05 14:25:00+05:30,808.85,808.85,807.2,807.2,90.0
2026-06-05 14:30:00+05:30,809.3,809.3,809.3,809.3,11.0
2026-06-05 14:35:00+05:30,809.3,809.3,807.45,807.45,13.0
2026-06-05 14:40:00+05:30,807.45,812.5,807.45,812.5,618.0
2026-06-05 14:45:00+05:30,812.4,812.4,812.4,812.4,372.0
2026-06-05 14:50:00+05:30,811.7,811.7,810.0,810.0,12.0
2026-06-05 14:55:00+05:30,810.0,814.0,810.0,812.45,865.0
2026-06-05 15:00:00+05:30,812.2,812.2,808.3,810.05,816.0
2026-06-05 15:05:00+05:30,815.0,815.0,810.4,810.4,1292.0
2026-06-05 15:10:00+05:30,809.8,811.0,809.25,809.35,221.0
2026-06-05 15:15:00+05:30,809.55,813.25,809.3,809.3,992.0
2026-06-05 15:20:00+05:30,810.5,818.0,810.5,814.9,4548.0
2026-06-05 15:25:00+05:30,814.85,816.95,814.85,816.7,1486.0
2026-06-08 09:15:00+05:30,800.0,821.95,799.2,821.95,1440.0
2026-06-08 09:20:00+05:30,820.95,821.4,815.0,820.05,674.0
2026-06-08 09:25:00+05:30,819.75,820.3,819.0,820.0,547.0
2026-06-08 09:30:00+05:30,820.0,828.0,820.0,824.6,3229.0
2026-06-08 09:35:00+05:30,822.0,822.0,817.65,818.1,1387.0
2026-06-08 09:40:00+05:30,818.0,818.95,816.6,818.0,112.0
2026-06-08 09:45:00+05:30,818.0,821.1,815.0,817.4,1141.0
2026-06-08 09:50:00+05:30,817.4,817.4,816.0,816.75,854.0
2026-06-08 09:55:00+05:30,819.0,823.9,819.0,819.9,723.0
2026-06-08 10:00:00+05:30,817.2,819.5,817.2,819.5,235.0
2026-06-08 10:05:00+05:30,819.5,819.9,817.6,819.9,120.0
2026-06-08 10:10:00+05:30,819.9,820.0,818.3,820.0,307.0
2026-06-08 10:15:00+05:30,820.0,820.0,816.65,817.0,378.0
2026-06-08 10:20:00+05:30,817.0,818.45,817.0,817.0,327.0
2026-06-08 10:25:00+05:30,817.0,818.0,816.5,817.0,548.0
2026-06-08 10:30:00+05:30,817.0,817.1,817.0,817.1,306.0
2026-06-08 10:35:00+05:30,817.1,818.4,816.05,817.95,565.0
2026-06-08 10:40:00+05:30,817.95,817.95,817.9,817.9,6.0
2026-06-08 10:45:00+05:30,817.9,817.9,817.9,817.9,0.0
2026-06-08 10:50:00+05:30,817.9,818.0,815.05,815.05,567.0
2026-06-08 10:55:00+05:30,815.85,818.95,815.85,818.05,156.0
2026-06-08 11:00:00+05:30,816.0,818.35,815.7,818.35,113.0
2026-06-08 11:05:00+05:30,818.35,818.4,818.35,818.4,13.0
2026-06-08 11:10:00+05:30,818.4,818.4,816.7,816.7,15.0
2026-06-08 11:15:00+05:30,818.35,818.35,817.05,817.05,280.0
2026-06-08 11:20:00+05:30,817.05,817.7,815.15,816.65,407.0
2026-06-08 11:25:00+05:30,816.65,816.65,814.0,814.0,569.0
2026-06-08 11:30:00+05:30,814.0,814.0,812.8,812.8,394.0
2026-06-08 11:35:00+05:30,814.05,814.5,813.65,814.5,21.0
2026-06-08 11:40:00+05:30,814.5,814.5,814.5,814.5,0.0
2026-06-08 11:45:00+05:30,814.5,815.3,814.5,815.3,30.0
2026-06-08 11:50:00+05:30,813.25,813.9,812.25,813.0,267.0
2026-06-08 11:55:00+05:30,813.0,813.0,811.05,811.05,122.0
2026-06-08 12:00:00+05:30,811.05,812.95,811.05,812.5,29.0
2026-06-08 12:05:00+05:30,812.5,812.8,812.5,812.8,14.0
2026-06-08 12:10:00+05:30,812.4,812.4,811.05,811.3,127.0
2026-06-08 12:15:00+05:30,811.3,811.3,811.3,811.3,0.0
2026-06-08 12:20:00+05:30,811.3,811.3,811.3,811.3,29.0
2026-06-08 12:25:00+05:30,811.3,813.0,811.3,813.0,158.0
2026-06-08 12:30:00+05:30,813.0,813.0,811.0,811.0,284.0
2026-06-08 12:35:00+05:30,811.0,816.9,811.0,816.9,601.0
2026-06-08 12:40:00+05:30,817.0,817.95,817.0,817.95,7.0
2026-06-08 12:45:00+05:30,817.95,819.0,815.55,819.0,319.0
2026-06-08 12:50:00+05:30,819.0,819.0,817.45,817.6,40.0
2026-06-08 12:55:00+05:30,817.6,817.6,817.6,817.6,0.0
2026-06-08 13:00:00+05:30,817.6,817.6,817.6,817.6,63.0
2026-06-08 13:05:00+05:30,817.6,817.6,817.0,817.0,2.0
2026-06-08 13:10:00+05:30,817.0,817.2,815.2,815.2,274.0
2026-06-08 13:15:00+05:30,815.2,815.2,815.0,815.0,3.0
2026-06-08 13:20:00+05:30,815.0,815.0,815.0,815.0,1.0
2026-06-08 13:25:00+05:30,815.0,815.0,811.25,815.0,347.0
2026-06-08 13:30:00+05:30,815.0,816.15,814.65,816.15,851.0
2026-06-08 13:35:00+05:30,815.15,815.15,814.55,814.55,20.0
2026-06-08 13:40:00+05:30,814.55,814.55,814.05,814.05,3.0
2026-06-08 13:45:00+05:30,814.8,815.0,811.65,813.5,253.0
2026-06-08 13:50:00+05:30,815.0,815.0,813.05,815.0,206.0
2026-06-08 13:55:00+05:30,815.0,815.1,815.0,815.0,109.0
2026-06-08 14:00:00+05:30,815.0,815.0,815.0,815.0,423.0
2026-06-08 14:05:00+05:30,815.0,815.0,815.0,815.0,64.0
2026-06-08 14:10:00+05:30,815.0,815.0,815.0,815.0,91.0
2026-06-08 14:15:00+05:30,815.0,815.35,815.0,815.35,8.0
2026-06-08 14:20:00+05:30,815.5,816.0,812.05,813.25,632.0
2026-06-08 14:25:00+05:30,814.95,815.0,814.8,815.0,536.0
2026-06-08 14:30:00+05:30,815.0,815.0,814.95,815.0,177.0
2026-06-08 14:35:00+05:30,815.0,816.0,815.0,816.0,370.0
2026-06-08 14:40:00+05:30,816.0,816.0,815.0,816.0,362.0
2026-06-08 14:45:00+05:30,816.0,818.95,816.0,818.95,316.0
2026-06-08 14:50:00+05:30,818.95,818.95,815.0,815.0,448.0
2026-06-08 14:55:00+05:30,815.0,815.9,814.45,815.9,402.0
2026-06-08 15:00:00+05:30,815.9,815.9,813.85,815.0,1734.0
2026-06-08 15:05:00+05:30,815.0,815.0,814.8,814.8,181.0
2026-06-08 15:10:00+05:30,815.0,816.0,815.0,815.0,50.0
2026-06-08 15:15:00+05:30,812.1,816.0,812.1,815.0,1736.0
2026-06-08 15:20:00+05:30,816.0,816.0,813.6,815.0,1852.0
2026-06-08 15:25:00+05:30,815.0,815.0,801.1,801.1,1079.0
2026-06-09 09:15:00+05:30,810.0,816.8,810.0,815.95,438.0
2026-06-09 09:20:00+05:30,816.5,818.9,813.35,818.9,972.0
2026-06-09 09:25:00+05:30,818.05,821.5,818.05,820.3,624.0
2026-06-09 09:30:00+05:30,820.3,824.9,820.3,821.05,266.0
2026-06-09 09:35:00+05:30,821.05,822.95,820.7,820.7,204.0
2026-06-09 09:40:00+05:30,820.65,820.65,819.95,819.95,316.0
2026-06-09 09:45:00+05:30,819.95,823.9,819.95,823.0,478.0
2026-06-09 09:50:00+05:30,823.05,824.95,823.0,824.4,343.0
2026-06-09 09:55:00+05:30,824.4,824.4,820.85,820.85,75.0
2026-06-09 10:00:00+05:30,820.85,820.85,816.1,818.4,594.0
2026-06-09 10:05:00+05:30,818.7,818.7,816.15,816.15,102.0
2026-06-09 10:10:00+05:30,817.75,817.9,817.75,817.75,82.0
2026-06-09 10:15:00+05:30,819.15,820.95,819.15,820.95,188.0
2026-06-09 10:20:00+05:30,822.45,822.85,821.9,821.9,102.0
2026-06-09 10:25:00+05:30,820.6,822.75,820.55,821.2,195.0
2026-06-09 10:30:00+05:30,821.2,822.7,821.2,822.7,56.0
2026-06-09 10:35:00+05:30,822.7,822.7,822.7,822.7,11.0
2026-06-09 10:40:00+05:30,822.4,822.5,820.85,822.5,17.0
2026-06-09 10:45:00+05:30,822.5,822.95,822.5,822.9,114.0
2026-06-09 10:50:00+05:30,822.9,822.9,821.75,821.75,11.0
2026-06-09 10:55:00+05:30,822.9,822.9,822.9,822.9,1.0
2026-06-09 11:00:00+05:30,822.0,823.0,822.0,823.0,206.0
2026-06-09 11:05:00+05:30,823.0,828.0,823.0,827.0,1968.0
2026-06-09 11:10:00+05:30,827.0,827.0,824.05,825.1,258.0
2026-06-09 11:15:00+05:30,825.1,825.1,824.05,824.05,2.0
2026-06-09 11:20:00+05:30,824.05,824.05,818.0,818.0,470.0
2026-06-09 11:25:00+05:30,819.3,821.0,817.65,817.65,1228.0
2026-06-09 11:30:00+05:30,817.65,819.55,817.65,819.55,43.0
2026-06-09 11:35:00+05:30,819.55,819.55,817.9,817.9,127.0
2026-06-09 11:40:00+05:30,817.9,820.4,817.9,819.2,224.0
2026-06-09 11:45:00+05:30,822.15,822.9,819.95,822.9,54.0
2026-06-09 11:50:00+05:30,822.9,822.9,821.3,821.3,7.0
2026-06-09 11:55:00+05:30,821.95,822.85,819.2,821.45,307.0
2026-06-09 12:00:00+05:30,821.45,821.45,818.65,818.65,313.0
2026-06-09 12:05:00+05:30,818.65,819.85,818.55,819.85,10.0
2026-06-09 12:10:00+05:30,820.05,822.2,820.05,822.2,243.0
2026-06-09 12:15:00+05:30,820.3,820.3,819.05,819.05,30.0
2026-06-09 12:20:00+05:30,819.05,819.3,819.05,819.3,2.0
2026-06-09 12:25:00+05:30,819.3,819.3,819.3,819.3,0.0
2026-06-09 12:30:00+05:30,821.3,821.3,821.3,821.3,2.0
2026-06-09 12:35:00+05:30,821.3,821.3,821.3,821.3,0.0
2026-06-09 12:40:00+05:30,821.3,827.2,821.3,824.45,3569.0
2026-06-09 12:45:00+05:30,824.45,827.45,824.45,827.45,141.0
2026-06-09 12:50:00+05:30,827.45,827.45,823.4,823.4,159.0
2026-06-09 12:55:00+05:30,823.4,827.5,823.4,827.2,600.0
2026-06-09 13:00:00+05:30,827.2,830.0,827.2,827.9,3691.0
2026-06-09 13:05:00+05:30,827.9,827.9,827.9,827.9,0.0
2026-06-09 13:10:00+05:30,827.9,828.0,826.7,826.7,6.0
2026-06-09 13:15:00+05:30,826.7,826.7,826.7,826.7,0.0
2026-06-09 13:20:00+05:30,826.7,827.75,825.75,826.15,143.0
2026-06-09 13:25:00+05:30,826.15,827.65,826.15,827.65,19.0
2026-06-09 13:30:00+05:30,825.25,826.75,825.25,826.75,90.0
2026-06-09 13:35:00+05:30,826.75,826.75,825.05,825.05,42.0
2026-06-09 13:40:00+05:30,825.05,827.9,825.05,827.9,225.0
2026-06-09 13:45:00+05:30,826.3,826.3,825.6,825.65,162.0
2026-06-09 13:50:00+05:30,827.05,827.75,825.75,825.75,203.0
2026-06-09 13:55:00+05:30,825.75,827.3,825.05,827.25,353.0
2026-06-09 14:00:00+05:30,827.25,827.25,825.4,825.55,112.0
2026-06-09 14:05:00+05:30,825.0,825.95,824.15,825.95,151.0
2026-06-09 14:10:00+05:30,825.8,825.8,824.1,824.1,44.0
2026-06-09 14:15:00+05:30,824.1,824.5,824.1,824.5,194.0
2026-06-09 14:20:00+05:30,825.8,838.0,825.4,836.35,6317.0
2026-06-09 14:25:00+05:30,836.85,841.95,835.0,841.95,2986.0
2026-06-09 14:30:00+05:30,841.95,842.95,839.15,839.15,1253.0
2026-06-09 14:35:00+05:30,837.2,838.25,835.0,836.35,823.0
2026-06-09 14:40:00+05:30,837.35,839.8,837.35,838.2,835.0
2026-06-09 14:45:00+05:30,838.2,839.35,837.85,838.95,166.0
2026-06-09 14:50:00+05:30,838.95,839.35,837.8,839.35,46.0
2026-06-09 14:55:00+05:30,837.7,837.7,836.15,836.15,312.0
2026-06-09 15:00:00+05:30,835.25,837.95,835.25,835.9,244.0
2026-06-09 15:05:00+05:30,835.9,838.65,835.9,838.25,183.0
2026-06-09 15:10:00+05:30,838.0,839.0,836.1,836.9,1590.0
2026-06-09 15:15:00+05:30,836.9,836.9,835.3,836.85,354.0
2026-06-09 15:20:00+05:30,836.9,838.15,835.0,835.0,4602.0
2026-06-09 15:25:00+05:30,835.05,837.95,824.0,837.0,5792.0
2026-06-10 09:15:00+05:30,841.75,841.75,830.05,830.05,637.0
2026-06-10 09:20:00+05:30,833.95,833.95,829.75,830.1,364.0
2026-06-10 09:25:00+05:30,830.05,830.05,826.05,828.4,612.0
2026-06-10 09:30:00+05:30,829.45,829.45,826.85,828.8,187.0
2026-06-10 09:35:00+05:30,827.05,828.8,826.0,828.8,728.0
2026-06-10 09:40:00+05:30,828.8,828.8,826.25,827.8,64.0
2026-06-10 09:45:00+05:30,827.8,829.15,827.8,829.15,55.0
2026-06-10 09:50:00+05:30,829.15,839.85,829.15,839.0,2206.0
2026-06-10 09:55:00+05:30,838.15,838.15,835.45,835.45,312.0
2026-06-10 10:00:00+05:30,835.45,836.25,834.05,834.05,201.0
2026-06-10 10:05:00+05:30,838.45,838.45,834.5,834.5,503.0
2026-06-10 10:10:00+05:30,832.3,835.5,832.3,835.5,618.0
2026-06-10 10:15:00+05:30,830.1,836.1,830.1,836.1,588.0
2026-06-10 10:20:00+05:30,837.9,837.9,831.45,831.75,726.0
2026-06-10 10:25:00+05:30,830.55,830.55,826.6,826.6,143.0
2026-06-10 10:30:00+05:30,828.65,829.0,824.15,829.0,7635.0
2026-06-10 10:35:00+05:30,826.0,829.55,825.0,829.1,640.0
2026-06-10 10:40:00+05:30,829.1,829.5,829.1,829.45,2.0
2026-06-10 10:45:00+05:30,829.45,829.45,829.45,829.45,0.0
2026-06-10 10:50:00+05:30,829.45,830.35,829.45,830.35,50.0
2026-06-10 10:55:00+05:30,830.35,830.35,829.55,829.55,1.0
2026-06-10 11:00:00+05:30,829.55,829.55,828.35,828.35,2.0
2026-06-10 11:05:00+05:30,828.35,828.35,825.9,825.9,1.0
2026-06-10 11:10:00+05:30,826.35,827.95,823.05,826.95,718.0
2026-06-10 11:15:00+05:30,826.95,827.85,825.6,827.15,225.0
2026-06-10 11:20:00+05:30,828.25,828.25,827.0,827.0,47.0
2026-06-10 11:25:00+05:30,827.0,832.9,825.65,829.6,289.0
2026-06-10 11:30:00+05:30,829.6,829.6,829.6,829.6,0.0
2026-06-10 11:35:00+05:30,829.6,829.6,825.1,825.95,304.0
2026-06-10 11:40:00+05:30,826.0,826.0,823.4,823.4,248.0
2026-06-10 11:45:00+05:30,823.4,826.95,823.4,826.95,90.0
2026-06-10 11:50:00+05:30,826.95,826.95,826.95,826.95,10.0
2026-06-10 11:55:00+05:30,827.7,828.65,826.65,826.65,105.0
2026-06-10 12:00:00+05:30,826.65,826.65,826.65,826.65,511.0
2026-06-10 12:05:00+05:30,826.65,826.65,826.65,826.65,0.0
2026-06-10 12:10:00+05:30,826.65,826.65,824.0,824.0,86.0
2026-06-10 12:15:00+05:30,824.95,825.95,824.0,824.0,102.0
2026-06-10 12:20:00+05:30,825.0,825.95,824.0,824.0,170.0
2026-06-10 12:25:00+05:30,823.0,823.0,821.45,822.55,155.0
2026-06-10 12:30:00+05:30,822.55,822.75,822.55,822.75,50.0
2026-06-10 12:35:00+05:30,822.75,823.2,821.4,821.4,78.0
2026-06-10 12:40:00+05:30,821.4,823.55,821.4,823.55,20.0
2026-06-10 12:45:00+05:30,822.15,822.15,820.0,820.35,431.0
2026-06-10 12:50:00+05:30,820.05,820.1,820.0,820.1,25.0
2026-06-10 12:55:00+05:30,820.1,820.1,820.1,820.1,0.0
2026-06-10 13:00:00+05:30,820.1,823.0,820.1,823.0,100.0
2026-06-10 13:05:00+05:30,822.05,822.05,813.1,815.8,2043.0
2026-06-10 13:10:00+05:30,815.8,818.4,815.8,818.4,5.0
2026-06-10 13:15:00+05:30,818.4,818.4,813.6,813.6,568.0
2026-06-10 13:20:00+05:30,814.15,816.0,814.15,816.0,75.0
2026-06-10 13:25:00+05:30,816.0,823.2,816.0,822.0,336.0
2026-06-10 13:30:00+05:30,822.0,822.0,821.35,821.35,167.0
2026-06-10 13:35:00+05:30,822.0,824.0,822.0,824.0,259.0
2026-06-10 13:40:00+05:30,824.0,824.0,820.4,821.0,594.0
2026-06-10 13:45:00+05:30,821.0,822.0,821.0,822.0,48.0
2026-06-10 13:50:00+05:30,822.0,824.95,822.0,822.15,112.0
2026-06-10 13:55:00+05:30,822.15,822.15,822.0,822.0,53.0
2026-06-10 14:00:00+05:30,823.6,823.6,823.6,823.6,1.0
2026-06-10 14:05:00+05:30,821.05,822.8,821.05,822.0,104.0
2026-06-10 14:10:00+05:30,821.0,822.0,818.65,822.0,1067.0
2026-06-10 14:15:00+05:30,822.0,822.0,821.15,822.0,246.0
2026-06-10 14:20:00+05:30,822.0,823.45,822.0,823.45,150.0
2026-06-10 14:25:00+05:30,818.05,822.6,818.05,822.6,528.0
2026-06-10 14:30:00+05:30,820.0,822.95,820.0,822.85,1249.0
2026-06-10 14:35:00+05:30,822.85,823.5,822.85,823.5,272.0
2026-06-10 14:40:00+05:30,823.5,823.5,822.45,822.45,2.0
2026-06-10 14:45:00+05:30,822.0,822.9,822.0,822.0,245.0
2026-06-10 14:50:00+05:30,822.0,822.75,819.4,821.95,1271.0
2026-06-10 14:55:00+05:30,821.95,822.0,820.1,822.0,1431.0
2026-06-10 15:00:00+05:30,818.8,819.9,815.0,817.8,1407.0
2026-06-10 15:05:00+05:30,817.85,820.0,815.1,819.85,1463.0
2026-06-10 15:10:00+05:30,817.65,820.0,812.55,819.55,1494.0
2026-06-10 15:15:00+05:30,818.75,822.0,814.8,822.0,1800.0
2026-06-10 15:20:00+05:30,822.0,822.0,817.55,821.95,1425.0
2026-06-10 15:25:00+05:30,821.95,822.0,817.9,817.9,2225.0
2026-06-11 09:15:00+05:30,821.9,821.9,808.0,812.65,669.0
2026-06-11 09:20:00+05:30,816.05,819.95,815.1,816.3,233.0
2026-06-11 09:25:00+05:30,816.3,817.65,813.75,816.5,309.0
2026-06-11 09:30:00+05:30,814.1,816.5,810.0,810.6,504.0
2026-06-11 09:35:00+05:30,810.0,813.45,808.45,811.4,540.0
2026-06-11 09:40:00+05:30,810.0,810.0,804.0,809.95,1422.0
2026-06-11 09:45:00+05:30,810.95,810.95,808.15,810.0,1194.0
2026-06-11 09:50:00+05:30,810.0,811.05,808.0,809.1,1402.0
2026-06-11 09:55:00+05:30,810.65,811.95,809.85,809.85,633.0
2026-06-11 10:00:00+05:30,810.0,810.45,809.05,810.45,69.0
2026-06-11 10:05:00+05:30,810.45,810.45,809.0,810.0,42.0
2026-06-11 10:10:00+05:30,810.0,810.0,810.0,810.0,0.0
2026-06-11 10:15:00+05:30,810.0,810.95,810.0,810.95,154.0
2026-06-11 10:20:00+05:30,810.95,810.95,809.1,809.1,250.0
2026-06-11 10:25:00+05:30,809.1,810.0,809.0,809.0,494.0
2026-06-11 10:30:00+05:30,809.0,810.0,808.05,808.05,2595.0
2026-06-11 10:35:00+05:30,808.05,809.0,808.05,808.05,355.0
2026-06-11 10:40:00+05:30,808.05,810.0,808.05,809.0,373.0
2026-06-11 10:45:00+05:30,809.0,809.9,809.0,809.9,286.0
2026-06-11 10:50:00+05:30,809.0,809.0,808.8,809.0,763.0
2026-06-11 10:55:00+05:30,809.0,809.0,808.05,808.8,201.0
2026-06-11 11:00:00+05:30,808.8,809.0,807.05,809.0,288.0
2026-06-11 11:05:00+05:30,809.0,809.15,809.0,809.15,1.0
2026-06-11 11:10:00+05:30,809.15,809.15,808.15,809.1,296.0
2026-06-11 11:15:00+05:30,809.1,809.2,806.05,808.95,438.0
2026-06-11 11:20:00+05:30,808.95,809.05,808.65,808.85,87.0
2026-06-11 11:25:00+05:30,806.05,809.2,806.05,809.2,252.0
2026-06-11 11:30:00+05:30,809.85,809.85,806.35,808.55,219.0
2026-06-11 11:35:00+05:30,809.7,810.0,808.8,808.9,184.0
2026-06-11 11:40:00+05:30,808.9,812.6,808.7,811.75,795.0
2026-06-11 11:45:00+05:30,810.0,812.35,809.2,809.2,168.0
2026-06-11 11:50:00+05:30,809.0,811.2,809.0,811.2,210.0
2026-06-11 11:55:00+05:30,811.2,811.2,811.2,811.2,0.0
2026-06-11 12:00:00+05:30,811.2,812.9,810.0,810.35,321.0
2026-06-11 12:05:00+05:30,810.35,810.35,808.85,809.0,179.0
2026-06-11 12:10:00+05:30,809.0,812.9,809.0,810.0,512.0
2026-06-11 12:15:00+05:30,810.15,810.15,810.0,810.0,86.0
2026-06-11 12:20:00+05:30,810.0,810.9,810.0,810.0,93.0
2026-06-11 12:25:00+05:30,810.0,810.75,810.0,810.0,179.0
2026-06-11 12:30:00+05:30,810.0,813.5,810.0,813.5,210.0
2026-06-11 12:35:00+05:30,811.55,813.2,809.0,811.5,633.0
2026-06-11 12:40:00+05:30,811.5,811.5,811.5,811.5,0.0
2026-06-11 12:45:00+05:30,811.5,811.5,810.0,810.0,5.0
2026-06-11 12:50:00+05:30,810.0,810.0,810.0,810.0,0.0
2026-06-11 12:55:00+05:30,810.0,810.0,808.0,810.0,378.0
2026-06-11 13:00:00+05:30,810.0,813.9,807.7,812.3,1564.0
2026-06-11 13:05:00+05:30,811.95,811.95,807.65,809.95,285.0
2026-06-11 13:10:00+05:30,809.95,809.95,809.95,809.95,0.0
2026-06-11 13:15:00+05:30,809.95,809.95,808.0,808.0,291.0
2026-06-11 13:20:00+05:30,808.0,810.0,808.0,809.0,34.0
2026-06-11 13:25:00+05:30,809.0,809.0,808.1,808.1,70.0
2026-06-11 13:30:00+05:30,809.0,809.9,807.85,809.0,126.0
2026-06-11 13:35:00+05:30,809.0,810.0,807.0,809.0,247.0
2026-06-11 13:40:00+05:30,809.0,809.0,809.0,809.0,0.0
2026-06-11 13:45:00+05:30,809.0,810.0,809.0,810.0,10.0
2026-06-11 13:50:00+05:30,809.95,810.0,809.0,810.0,556.0
2026-06-11 13:55:00+05:30,810.0,810.0,810.0,810.0,200.0
2026-06-11 14:00:00+05:30,810.0,810.0,809.0,809.85,156.0
2026-06-11 14:05:00+05:30,809.85,809.9,809.0,809.0,114.0
2026-06-11 14:10:00+05:30,809.0,809.7,809.0,809.7,1.0
2026-06-11 14:15:00+05:30,809.7,809.7,809.7,809.7,0.0
2026-06-11 14:20:00+05:30,809.7,809.7,809.7,809.7,0.0
2026-06-11 14:25:00+05:30,809.7,809.9,809.7,809.9,473.0
2026-06-11 14:30:00+05:30,809.9,809.9,809.05,809.9,166.0
2026-06-11 14:35:00+05:30,809.1,809.9,809.0,809.6,155.0
2026-06-11 14:40:00+05:30,809.6,809.9,809.0,809.9,574.0
2026-06-11 14:45:00+05:30,809.9,809.9,809.9,809.9,30.0
2026-06-11 14:50:00+05:30,809.9,809.9,809.0,809.0,223.0
2026-06-11 14:55:00+05:30,809.0,809.65,809.0,809.55,410.0
2026-06-11 15:00:00+05:30,809.0,809.0,808.15,809.0,1012.0
2026-06-11 15:05:00+05:30,809.0,809.9,809.0,809.9,1392.0
2026-06-11 15:10:00+05:30,809.0,809.5,809.0,809.0,756.0
2026-06-11 15:15:00+05:30,809.0,815.4,809.0,809.25,10545.0
2026-06-11 15:20:00+05:30,809.25,814.9,809.0,811.35,9250.0
2026-06-11 15:25:00+05:30,809.45,814.9,809.45,814.9,559.0
2026-06-12 09:15:00+05:30,814.9,828.75,814.9,820.0,1843.0
2026-06-12 09:20:00+05:30,820.0,820.15,815.9,819.95,459.0
2026-06-12 09:25:00+05:30,819.55,821.8,813.0,813.0,2021.0
2026-06-12 09:30:00+05:30,813.0,817.5,806.2,814.15,7277.0
2026-06-12 09:35:00+05:30,814.15,816.25,810.25,812.65,2038.0
2026-06-12 09:40:00+05:30,814.2,816.8,811.85,812.2,2825.0
2026-06-12 09:45:00+05:30,813.6,815.0,811.4,813.55,1425.0
2026-06-12 09:50:00+05:30,813.9,815.9,811.6,812.45,2532.0
2026-06-12 09:55:00+05:30,811.75,814.95,811.0,811.8,1538.0
2026-06-12 10:00:00+05:30,812.35,812.5,811.7,811.7,636.0
2026-06-12 10:05:00+05:30,811.7,816.9,811.7,816.2,2087.0
2026-06-12 10:10:00+05:30,816.6,820.95,814.35,819.35,995.0
2026-06-12 10:15:00+05:30,819.4,820.15,816.5,818.7,420.0
2026-06-12 10:20:00+05:30,820.1,821.95,818.6,819.4,284.0
2026-06-12 10:25:00+05:30,821.35,825.55,819.7,820.3,2449.0
2026-06-12 10:30:00+05:30,820.4,820.4,816.55,819.1,234.0
2026-06-12 10:35:00+05:30,819.1,820.95,818.85,820.95,142.0
2026-06-12 10:40:00+05:30,820.95,821.2,820.95,821.1,140.0
2026-06-12 10:45:00+05:30,821.1,825.9,820.05,822.5,1619.0
2026-06-12 10:50:00+05:30,822.85,823.5,821.45,822.25,173.0
2026-06-12 10:55:00+05:30,822.25,824.8,822.15,823.1,720.0
2026-06-12 11:00:00+05:30,823.3,824.4,820.6,821.35,157.0
2026-06-12 11:05:00+05:30,821.3,821.4,820.1,821.4,140.0
2026-06-12 11:10:00+05:30,821.35,822.0,820.05,820.2,244.0
2026-06-12 11:15:00+05:30,820.55,821.15,820.05,820.05,139.0
2026-06-12 11:20:00+05:30,820.1,824.65,820.0,822.15,1168.0
2026-06-12 11:25:00+05:30,822.15,825.0,820.6,823.9,1098.0
2026-06-12 11:30:00+05:30,824.5,825.9,823.6,824.55,203.0
2026-06-12 11:35:00+05:30,824.55,826.5,815.05,824.3,3217.0
2026-06-12 11:40:00+05:30,825.95,825.95,819.1,819.1,683.0
2026-06-12 11:45:00+05:30,820.65,821.95,819.1,819.2,174.0
2026-06-12 11:50:00+05:30,820.95,821.95,819.0,820.0,287.0
2026-06-12 11:55:00+05:30,820.05,825.0,820.0,823.0,1255.0
2026-06-12 12:00:00+05:30,824.7,824.75,822.1,822.1,378.0
2026-06-12 12:05:00+05:30,822.1,823.0,822.1,823.0,106.0
2026-06-12 12:10:00+05:30,822.1,823.0,822.1,822.25,203.0
2026-06-12 12:15:00+05:30,822.25,823.0,821.1,821.35,169.0
2026-06-12 12:20:00+05:30,821.45,823.95,821.2,822.55,134.0
2026-06-12 12:25:00+05:30,822.4,830.0,822.4,823.3,2798.0
2026-06-12 12:30:00+05:30,823.3,824.0,822.55,823.05,603.0
2026-06-12 12:35:00+05:30,823.75,823.75,822.85,822.85,122.0
2026-06-12 12:40:00+05:30,822.85,822.85,817.55,819.15,639.0
2026-06-12 12:45:00+05:30,818.9,819.4,818.75,818.9,78.0
2026-06-12 12:50:00+05:30,819.85,821.05,819.55,819.55,767.0
2026-06-12 12:55:00+05:30,819.55,819.55,816.25,817.45,319.0
2026-06-12 13:00:00+05:30,817.45,817.45,815.0,815.0,565.0
2026-06-12 13:05:00+05:30,815.0,815.0,812.3,813.65,902.0
2026-06-12 13:10:00+05:30,813.6,815.2,812.3,813.75,424.0
2026-06-12 13:15:00+05:30,816.7,820.4,812.45,813.0,874.0
2026-06-12 13:20:00+05:30,813.65,815.1,812.4,813.15,462.0
2026-06-12 13:25:00+05:30,812.95,814.45,812.35,812.35,273.0
2026-06-12 13:30:00+05:30,812.35,815.0,812.35,812.75,306.0
2026-06-12 13:35:00+05:30,812.7,813.05,812.05,812.3,330.0
2026-06-12 13:40:00+05:30,812.35,816.85,812.0,812.45,857.0
2026-06-12 13:45:00+05:30,812.65,814.65,811.8,813.0,280.0
2026-06-12 13:50:00+05:30,813.0,814.15,811.8,812.05,281.0
2026-06-12 13:55:00+05:30,812.35,814.45,811.75,811.75,1400.0
2026-06-12 14:00:00+05:30,812.0,812.0,811.7,811.7,363.0
2026-06-12 14:05:00+05:30,811.7,815.2,811.7,812.3,254.0
2026-06-12 14:10:00+05:30,812.3,815.75,811.75,812.7,298.0
2026-06-12 14:15:00+05:30,814.45,815.0,812.0,812.35,343.0
2026-06-12 14:20:00+05:30,812.35,818.7,812.35,815.05,1107.0
2026-06-12 14:25:00+05:30,815.05,820.0,814.45,818.65,1312.0
2026-06-12 14:30:00+05:30,818.35,820.2,817.0,820.0,949.0
2026-06-12 14:35:00+05:30,820.4,820.4,817.7,820.0,1089.0
2026-06-12 14:40:00+05:30,820.0,822.3,820.0,822.3,35.0
2026-06-12 14:45:00+05:30,822.3,823.8,822.25,823.8,136.0
2026-06-12 14:50:00+05:30,823.8,823.8,822.45,823.5,3.0
2026-06-12 14:55:00+05:30,823.5,823.5,822.35,823.0,53.0
2026-06-12 15:00:00+05:30,823.0,823.95,820.0,823.9,634.0
2026-06-12 15:05:00+05:30,823.8,829.0,822.65,825.1,2166.0
2026-06-12 15:10:00+05:30,825.15,827.0,821.3,823.95,283.0
2026-06-12 15:15:00+05:30,822.35,824.95,821.2,822.0,411.0
2026-06-12 15:20:00+05:30,822.05,824.95,821.4,823.35,389.0
2026-06-12 15:25:00+05:30,823.35,830.0,817.35,830.0,2034.0
2026-06-15 09:15:00+05:30,830.0,837.7,825.25,826.55,1463.0
2026-06-15 09:20:00+05:30,831.0,831.0,824.3,826.1,547.0
2026-06-15 09:25:00+05:30,824.3,827.6,822.05,827.6,342.0
2026-06-15 09:30:00+05:30,828.0,828.0,824.3,825.25,371.0
2026-06-15 09:35:00+05:30,824.0,826.2,823.85,825.0,261.0
2026-06-15 09:40:00+05:30,825.0,825.5,823.65,825.5,40.0
2026-06-15 09:45:00+05:30,825.45,828.0,825.45,828.0,438.0
2026-06-15 09:50:00+05:30,826.05,829.75,826.05,826.75,343.0
2026-06-15 09:55:00+05:30,826.75,833.95,826.75,826.75,685.0
2026-06-15 10:00:00+05:30,824.35,833.7,824.35,831.9,1289.0
2026-06-15 10:05:00+05:30,830.3,831.45,830.3,831.45,568.0
2026-06-15 10:10:00+05:30,829.9,831.55,829.9,831.55,241.0
2026-06-15 10:15:00+05:30,831.55,831.55,828.85,828.85,110.0
2026-06-15 10:20:00+05:30,828.85,830.35,828.6,829.8,141.0
2026-06-15 10:25:00+05:30,829.8,829.8,827.6,827.7,40.0
2026-06-15 10:30:00+05:30,827.7,833.2,827.7,833.2,388.0
2026-06-15 10:35:00+05:30,833.2,833.95,825.2,825.2,957.0
2026-06-15 10:40:00+05:30,825.2,827.0,825.2,827.0,35.0
2026-06-15 10:45:00+05:30,829.35,829.35,824.05,825.0,1173.0
2026-06-15 10:50:00+05:30,825.0,825.0,823.65,824.45,535.0
2026-06-15 10:55:00+05:30,824.45,825.75,824.45,825.75,105.0
2026-06-15 11:00:00+05:30,825.0,825.25,823.0,825.25,863.0
2026-06-15 11:05:00+05:30,823.0,823.0,819.5,822.0,1324.0
2026-06-15 11:10:00+05:30,820.0,820.0,817.0,817.2,1122.0
2026-06-15 11:15:00+05:30,817.2,822.45,817.2,822.45,168.0
2026-06-15 11:20:00+05:30,823.0,823.0,821.9,821.9,131.0
2026-06-15 11:25:00+05:30,822.95,822.95,822.8,822.8,111.0
2026-06-15 11:30:00+05:30,821.35,822.8,821.25,822.6,29.0
2026-06-15 11:35:00+05:30,822.6,822.6,820.5,821.6,176.0
2026-06-15 11:40:00+05:30,821.6,821.6,820.8,820.8,81.0
2026-06-15 11:45:00+05:30,820.8,821.4,819.05,821.4,195.0
2026-06-15 11:50:00+05:30,821.95,821.95,820.0,820.0,158.0
2026-06-15 11:55:00+05:30,821.15,821.15,820.0,820.0,173.0
2026-06-15 12:00:00+05:30,820.0,820.0,820.0,820.0,100.0
2026-06-15 12:05:00+05:30,820.0,820.0,820.0,820.0,0.0
2026-06-15 12:10:00+05:30,819.0,819.4,818.6,818.6,300.0
2026-06-15 12:15:00+05:30,818.6,818.65,818.0,818.0,21.0
2026-06-15 12:20:00+05:30,817.7,818.2,815.95,817.0,555.0
2026-06-15 12:25:00+05:30,817.3,819.15,817.3,819.15,84.0
2026-06-15 12:30:00+05:30,819.15,819.15,818.0,818.0,76.0
2026-06-15 12:35:00+05:30,818.0,819.6,818.0,819.6,170.0
2026-06-15 12:40:00+05:30,819.6,819.6,817.3,817.3,186.0
2026-06-15 12:45:00+05:30,817.3,817.3,817.3,817.3,0.0
2026-06-15 12:50:00+05:30,817.5,817.5,817.5,817.5,2.0
2026-06-15 12:55:00+05:30,817.5,818.85,817.5,818.85,10.0
2026-06-15 13:00:00+05:30,818.85,821.5,818.85,821.5,981.0
2026-06-15 13:05:00+05:30,821.5,821.5,821.5,821.5,0.0
2026-06-15 13:10:00+05:30,821.5,821.5,820.55,820.55,139.0
2026-06-15 13:15:00+05:30,821.85,821.95,819.6,819.6,2783.0
2026-06-15 13:20:00+05:30,819.6,819.6,817.6,817.6,41.0
2026-06-15 13:25:00+05:30,817.6,818.9,817.6,818.9,296.0
2026-06-15 13:30:00+05:30,818.9,819.6,818.9,819.6,24.0
2026-06-15 13:35:00+05:30,819.6,819.7,818.1,818.1,50.0
2026-06-15 13:40:00+05:30,818.1,818.9,818.1,818.9,1.0
2026-06-15 13:45:00+05:30,818.9,818.9,818.9,818.9,0.0
2026-06-15 13:50:00+05:30,818.9,820.0,818.1,818.1,177.0
2026-06-15 13:55:00+05:30,818.1,820.0,818.1,820.0,174.0
2026-06-15 14:00:00+05:30,820.0,820.0,818.3,818.3,102.0
2026-06-15 14:05:00+05:30,818.3,819.9,818.15,818.15,58.0
2026-06-15 14:10:00+05:30,820.0,820.0,818.6,818.6,123.0
2026-06-15 14:15:00+05:30,818.6,820.2,818.6,820.0,93.0
2026-06-15 14:20:00+05:30,820.0,820.05,819.15,820.05,626.0
2026-06-15 14:25:00+05:30,820.05,820.05,820.0,820.0,6.0
2026-06-15 14:30:00+05:30,819.15,819.75,818.85,819.15,139.0
2026-06-15 14:35:00+05:30,819.15,819.65,819.15,819.65,51.0
2026-06-15 14:40:00+05:30,819.0,819.15,818.25,819.15,537.0
2026-06-15 14:45:00+05:30,819.15,819.15,818.95,818.95,253.0
2026-06-15 14:50:00+05:30,818.85,818.85,818.0,818.0,48.0
2026-06-15 14:55:00+05:30,817.4,818.0,817.4,818.0,264.0
2026-06-15 15:00:00+05:30,818.0,818.15,818.0,818.15,158.0
2026-06-15 15:05:00+05:30,818.15,820.0,818.15,818.7,350.0
2026-06-15 15:10:00+05:30,819.25,819.25,817.1,817.1,455.0
2026-06-15 15:15:00+05:30,818.2,818.95,816.25,816.25,495.0
2026-06-15 15:20:00+05:30,817.05,820.0,817.05,818.65,1487.0
2026-06-15 15:25:00+05:30,818.8,820.1,815.75,820.0,1814.0
2026-06-16 09:15:00+05:30,820.0,833.55,816.05,819.95,242.0
2026-06-16 09:20:00+05:30,819.95,821.45,817.4,817.4,1094.0
2026-06-16 09:25:00+05:30,817.4,821.1,810.0,813.55,2228.0
2026-06-16 09:30:00+05:30,813.3,818.45,813.3,815.0,827.0
2026-06-16 09:35:00+05:30,815.0,815.0,812.0,814.5,473.0
2026-06-16 09:40:00+05:30,814.5,822.6,811.7,814.3,1933.0
2026-06-16 09:45:00+05:30,814.3,816.45,814.0,814.0,262.0
2026-06-16 09:50:00+05:30,814.0,815.8,814.0,815.8,75.0
2026-06-16 09:55:00+05:30,815.8,815.8,813.0,813.0,430.0
2026-06-16 10:00:00+05:30,813.0,813.0,813.0,813.0,0.0
2026-06-16 10:05:00+05:30,813.0,813.8,813.0,813.8,15.0
2026-06-16 10:10:00+05:30,813.8,814.0,813.2,813.2,140.0
2026-06-16 10:15:00+05:30,813.25,815.5,813.0,814.4,216.0
2026-06-16 10:20:00+05:30,814.4,814.4,813.3,814.3,103.0
2026-06-16 10:25:00+05:30,813.0,813.95,812.0,813.35,169.0
2026-06-16 10:30:00+05:30,813.2,815.0,812.95,815.0,557.0
2026-06-16 10:35:00+05:30,816.55,816.55,815.0,815.0,306.0
2026-06-16 10:40:00+05:30,815.0,815.0,814.95,814.95,153.0
2026-06-16 10:45:00+05:30,814.95,818.95,814.95,816.15,1245.0
2026-06-16 10:50:00+05:30,820.0,820.0,815.75,815.75,746.0
2026-06-16 10:55:00+05:30,815.75,817.95,814.35,817.95,564.0
2026-06-16 11:00:00+05:30,814.35,816.15,814.35,815.4,102.0
2026-06-16 11:05:00+05:30,814.95,815.25,814.05,814.05,368.0
2026-06-16 11:10:00+05:30,814.05,814.65,814.05,814.65,475.0
2026-06-16 11:15:00+05:30,816.6,816.6,815.55,815.55,153.0
2026-06-16 11:20:00+05:30,815.55,815.55,811.0,815.05,501.0
2026-06-16 11:25:00+05:30,815.05,815.05,812.1,812.1,162.0
2026-06-16 11:30:00+05:30,812.0,812.15,811.0,811.0,638.0
2026-06-16 11:35:00+05:30,811.0,813.15,811.0,813.15,174.0
2026-06-16 11:40:00+05:30,813.15,814.1,813.15,814.1,1.0
2026-06-16 11:45:00+05:30,814.1,815.75,814.1,814.95,507.0
2026-06-16 11:50:00+05:30,814.95,816.0,814.95,816.0,38.0
2026-06-16 11:55:00+05:30,816.0,816.0,816.0,816.0,0.0
2026-06-16 12:00:00+05:30,816.0,818.9,816.0,817.05,71.0
2026-06-16 12:05:00+05:30,816.2,816.2,816.2,816.2,30.0
2026-06-16 12:10:00+05:30,816.2,816.2,815.7,816.0,102.0
2026-06-16 12:15:00+05:30,816.0,816.5,816.0,816.5,108.0
2026-06-16 12:20:00+05:30,816.5,816.5,816.5,816.5,0.0
2026-06-16 12:25:00+05:30,816.5,817.6,816.5,817.6,45.0
2026-06-16 12:30:00+05:30,817.6,818.0,815.75,815.75,515.0
2026-06-16 12:35:00+05:30,815.75,816.9,815.75,816.7,218.0
2026-06-16 12:40:00+05:30,816.7,816.7,816.7,816.7,0.0
2026-06-16 12:45:00+05:30,816.7,817.95,815.5,817.95,335.0
2026-06-16 12:50:00+05:30,814.0,815.25,814.0,815.25,427.0
2026-06-16 12:55:00+05:30,815.7,820.0,815.7,820.0,777.0
2026-06-16 13:00:00+05:30,821.0,821.0,820.0,820.05,160.0
2026-06-16 13:05:00+05:30,821.7,826.4,821.7,826.4,1612.0
2026-06-16 13:10:00+05:30,824.05,825.45,824.05,824.6,223.0
2026-06-16 13:15:00+05:30,825.85,827.2,825.85,827.2,59.0
2026-06-16 13:20:00+05:30,827.2,827.2,824.55,826.65,197.0
2026-06-16 13:25:00+05:30,826.65,826.65,825.0,825.1,515.0
2026-06-16 13:30:00+05:30,825.2,826.0,823.85,826.0,206.0
2026-06-16 13:35:00+05:30,826.0,826.0,821.0,821.0,1554.0
2026-06-16 13:40:00+05:30,821.0,821.0,818.0,818.0,476.0
2026-06-16 13:45:00+05:30,817.65,818.75,817.65,818.75,12.0
2026-06-16 13:50:00+05:30,817.1,818.95,817.1,818.95,96.0
2026-06-16 13:55:00+05:30,818.95,820.9,818.05,820.9,225.0
2026-06-16 14:00:00+05:30,821.9,821.9,821.0,821.0,242.0
2026-06-16 14:05:00+05:30,821.0,821.0,818.05,818.05,115.0
2026-06-16 14:10:00+05:30,821.45,824.35,820.45,821.2,844.0
2026-06-16 14:15:00+05:30,821.2,821.7,821.2,821.7,37.0
2026-06-16 14:20:00+05:30,821.4,823.95,821.4,821.85,305.0
2026-06-16 14:25:00+05:30,821.85,822.55,821.85,822.55,38.0
2026-06-16 14:30:00+05:30,822.55,822.55,821.75,822.2,29.0
2026-06-16 14:35:00+05:30,822.2,823.3,821.7,821.7,220.0
2026-06-16 14:40:00+05:30,820.05,821.95,819.1,821.15,1227.0
2026-06-16 14:45:00+05:30,821.15,824.95,821.15,822.35,102.0
2026-06-16 14:50:00+05:30,825.1,825.45,823.3,823.7,285.0
2026-06-16 14:55:00+05:30,825.4,825.5,823.55,823.55,2101.0
2026-06-16 15:00:00+05:30,823.9,825.0,823.15,823.5,558.0
2026-06-16 15:05:00+05:30,823.5,825.95,823.5,825.95,1059.0
2026-06-16 15:10:00+05:30,825.7,827.65,824.45,824.45,1187.0
2026-06-16 15:15:00+05:30,827.15,833.25,826.35,832.7,3314.0
2026-06-16 15:20:00+05:30,832.6,833.0,828.3,828.3,445.0
2026-06-16 15:25:00+05:30,828.4,833.0,820.0,820.0,1419.0
2026-06-17 09:15:00+05:30,829.15,838.0,829.15,830.3,990.0
2026-06-17 09:20:00+05:30,829.2,833.15,826.55,833.0,905.0
2026-06-17 09:25:00+05:30,833.3,839.0,830.45,835.4,1486.0
2026-06-17 09:30:00+05:30,833.0,834.1,830.0,831.5,732.0
2026-06-17 09:35:00+05:30,833.7,833.9,824.1,827.85,1898.0
2026-06-17 09:40:00+05:30,825.0,828.05,820.6,822.9,986.0
2026-06-17 09:45:00+05:30,822.9,825.0,820.0,820.6,3050.0
2026-06-17 09:50:00+05:30,820.6,823.3,817.1,817.4,743.0
2026-06-17 09:55:00+05:30,817.5,818.7,815.6,817.95,949.0
2026-06-17 10:00:00+05:30,817.45,817.45,815.0,815.0,1888.0
2026-06-17 10:05:00+05:30,815.0,819.0,813.0,815.4,1109.0
2026-06-17 10:10:00+05:30,819.7,819.7,815.6,815.75,839.0
2026-06-17 10:15:00+05:30,815.75,818.2,815.0,816.0,642.0
2026-06-17 10:20:00+05:30,816.4,816.85,811.8,815.1,2169.0
2026-06-17 10:25:00+05:30,815.3,816.9,813.05,815.05,1012.0
2026-06-17 10:30:00+05:30,815.1,818.4,815.1,816.05,624.0
2026-06-17 10:35:00+05:30,816.05,818.95,815.0,815.9,720.0
2026-06-17 10:40:00+05:30,815.8,817.0,815.0,815.05,473.0
2026-06-17 10:45:00+05:30,814.8,821.2,814.8,815.2,1769.0
2026-06-17 10:50:00+05:30,815.35,820.35,815.2,818.05,719.0
2026-06-17 10:55:00+05:30,818.05,821.0,816.0,819.0,1283.0
2026-06-17 11:00:00+05:30,820.0,820.0,817.2,818.0,696.0
2026-06-17 11:05:00+05:30,819.3,819.3,816.65,818.0,433.0
2026-06-17 11:10:00+05:30,818.0,819.15,818.0,818.0,275.0
2026-06-17 11:15:00+05:30,818.0,821.2,818.0,818.0,1801.0
2026-06-17 11:20:00+05:30,818.0,819.5,816.1,816.5,337.0
2026-06-17 11:25:00+05:30,816.5,817.95,816.15,816.15,480.0
2026-06-17 11:30:00+05:30,816.15,819.4,816.0,818.0,488.0
2026-06-17 11:35:00+05:30,818.0,819.0,818.0,818.0,828.0
2026-06-17 11:40:00+05:30,818.0,818.9,818.0,818.0,372.0
2026-06-17 11:45:00+05:30,818.0,818.35,818.0,818.0,271.0
2026-06-17 11:50:00+05:30,818.0,819.95,818.0,818.5,475.0
2026-06-17 11:55:00+05:30,818.5,819.55,818.0,818.1,276.0
2026-06-17 12:00:00+05:30,818.2,818.2,813.25,814.0,1633.0
2026-06-17 12:05:00+05:30,814.0,817.3,813.5,816.7,733.0
2026-06-17 12:10:00+05:30,816.7,818.9,816.6,818.0,294.0
2026-06-17 12:15:00+05:30,818.0,819.5,816.5,818.0,398.0
2026-06-17 12:20:00+05:30,818.0,819.1,816.15,818.0,868.0
2026-06-17 12:25:00+05:30,818.0,818.0,816.15,816.6,301.0
2026-06-17 12:30:00+05:30,817.0,818.15,814.1,814.35,433.0
2026-06-17 12:35:00+05:30,814.35,819.2,814.0,816.35,774.0
2026-06-17 12:40:00+05:30,816.95,819.25,816.85,817.0,375.0
2026-06-17 12:45:00+05:30,817.0,818.9,815.3,817.35,704.0
2026-06-17 12:50:00+05:30,817.35,821.75,817.0,818.1,2223.0
2026-06-17 12:55:00+05:30,818.1,820.2,818.0,818.05,823.0
2026-06-17 13:00:00+05:30,818.05,819.6,817.8,817.8,131.0
2026-06-17 13:05:00+05:30,817.8,821.5,817.8,818.2,674.0
2026-06-17 13:10:00+05:30,819.45,819.75,818.0,819.75,401.0
2026-06-17 13:15:00+05:30,819.75,821.8,819.7,819.9,194.0
2026-06-17 13:20:00+05:30,819.9,820.1,819.7,819.7,303.0
2026-06-17 13:25:00+05:30,819.7,819.7,818.05,818.15,470.0
2026-06-17 13:30:00+05:30,818.3,822.1,818.2,820.95,651.0
2026-06-17 13:35:00+05:30,820.95,825.0,820.05,822.85,935.0
2026-06-17 13:40:00+05:30,821.8,823.75,820.35,820.95,369.0
2026-06-17 13:45:00+05:30,820.95,822.25,820.8,820.95,114.0
2026-06-17 13:50:00+05:30,820.95,822.4,820.9,821.15,257.0
2026-06-17 13:55:00+05:30,821.25,823.0,820.9,823.0,274.0
2026-06-17 14:00:00+05:30,821.85,822.8,820.9,822.0,446.0
2026-06-17 14:05:00+05:30,822.0,822.35,822.0,822.05,166.0
2026-06-17 14:10:00+05:30,822.4,822.4,820.95,821.2,386.0
2026-06-17 14:15:00+05:30,821.2,821.2,820.95,820.95,133.0
2026-06-17 14:20:00+05:30,820.95,821.35,820.0,820.1,369.0
2026-06-17 14:25:00+05:30,820.0,821.4,819.75,820.15,428.0
2026-06-17 14:30:00+05:30,820.4,825.0,820.4,821.45,4780.0
2026-06-17 14:35:00+05:30,824.1,824.1,822.2,822.9,462.0
2026-06-17 14:40:00+05:30,823.3,825.0,821.45,823.15,433.0
2026-06-17 14:45:00+05:30,823.3,823.75,821.75,821.85,119.0
2026-06-17 14:50:00+05:30,820.9,824.3,820.65,821.5,693.0
2026-06-17 14:55:00+05:30,821.1,824.9,821.1,821.9,307.0
2026-06-17 15:00:00+05:30,821.8,822.4,821.45,822.0,248.0
2026-06-17 15:05:00+05:30,822.0,823.25,822.0,822.1,310.0
2026-06-17 15:10:00+05:30,821.95,823.9,820.85,822.65,244.0
2026-06-17 15:15:00+05:30,822.85,822.85,819.05,821.1,481.0
2026-06-17 15:20:00+05:30,822.0,823.5,820.25,823.5,3682.0
2026-06-17 15:25:00+05:30,823.0,823.0,806.8,811.0,6855.0
2026-06-18 09:15:00+05:30,825.0,826.95,821.2,825.85,446.0
2026-06-18 09:20:00+05:30,822.15,827.95,822.15,824.05,630.0
2026-06-18 09:25:00+05:30,825.85,829.0,825.85,826.55,296.0
2026-06-18 09:30:00+05:30,826.5,829.0,825.1,829.0,392.0
2026-06-18 09:35:00+05:30,825.55,829.0,825.55,826.85,84.0
2026-06-18 09:40:00+05:30,821.0,826.05,821.0,826.05,1152.0
2026-06-18 09:45:00+05:30,824.1,824.9,822.9,822.9,29.0
2026-06-18 09:50:00+05:30,821.55,823.85,821.0,821.0,104.0
2026-06-18 09:55:00+05:30,819.4,823.85,815.1,815.35,1152.0
2026-06-18 10:00:00+05:30,815.35,820.3,813.85,818.15,865.0
2026-06-18 10:05:00+05:30,818.15,820.45,815.0,815.0,483.0
2026-06-18 10:10:00+05:30,815.0,815.95,813.5,813.5,148.0
2026-06-18 10:15:00+05:30,814.95,814.95,812.0,814.0,574.0
2026-06-18 10:20:00+05:30,814.0,814.95,812.3,814.95,254.0
2026-06-18 10:25:00+05:30,814.95,815.75,814.95,815.75,80.0
2026-06-18 10:30:00+05:30,814.95,814.95,813.05,814.95,153.0
2026-06-18 10:35:00+05:30,811.0,813.65,810.15,813.65,1806.0
2026-06-18 10:40:00+05:30,812.5,812.5,812.05,812.05,31.0
2026-06-18 10:45:00+05:30,813.4,813.4,812.15,812.15,31.0
2026-06-18 10:50:00+05:30,812.15,814.25,812.0,812.0,121.0
2026-06-18 10:55:00+05:30,812.0,812.85,812.0,812.5,404.0
2026-06-18 11:00:00+05:30,812.5,813.8,812.5,813.8,77.0
2026-06-18 11:05:00+05:30,812.5,812.95,812.5,812.95,34.0
2026-06-18 11:10:00+05:30,813.3,813.3,810.05,810.05,1090.0
2026-06-18 11:15:00+05:30,810.0,812.0,810.0,812.0,352.0
2026-06-18 11:20:00+05:30,812.0,812.0,810.3,810.6,135.0
2026-06-18 11:25:00+05:30,810.5,811.8,810.5,811.8,15.0
2026-06-18 11:30:00+05:30,811.05,811.55,810.35,810.35,773.0
2026-06-18 11:35:00+05:30,811.55,813.45,811.55,813.15,60.0
2026-06-18 11:40:00+05:30,813.15,814.6,812.95,814.0,898.0
2026-06-18 11:45:00+05:30,814.0,814.0,810.6,810.6,151.0
2026-06-18 11:50:00+05:30,810.6,810.6,810.6,810.6,0.0
2026-06-18 11:55:00+05:30,812.6,812.6,808.0,808.75,1518.0
2026-06-18 12:00:00+05:30,809.7,809.7,807.7,807.95,248.0
2026-06-18 12:05:00+05:30,807.95,809.45,807.95,809.2,66.0
2026-06-18 12:10:00+05:30,809.6,809.6,809.5,809.5,53.0
2026-06-18 12:15:00+05:30,809.7,811.75,809.65,809.65,212.0
2026-06-18 12:20:00+05:30,809.1,809.95,806.85,808.35,1014.0
2026-06-18 12:25:00+05:30,809.35,809.35,807.55,808.0,147.0
2026-06-18 12:30:00+05:30,808.0,808.1,808.0,808.0,269.0
2026-06-18 12:35:00+05:30,808.0,808.85,808.0,808.85,21.0
2026-06-18 12:40:00+05:30,808.95,809.95,808.15,808.15,156.0
2026-06-18 12:45:00+05:30,808.85,810.0,808.05,810.0,1610.0
2026-06-18 12:50:00+05:30,810.0,810.0,810.0,810.0,0.0
2026-06-18 12:55:00+05:30,810.0,810.0,810.0,810.0,0.0
2026-06-18 13:00:00+05:30,810.0,810.0,804.55,805.05,2512.0
2026-06-18 13:05:00+05:30,806.35,807.9,805.75,807.3,251.0
2026-06-18 13:10:00+05:30,807.3,807.3,805.85,805.85,304.0
2026-06-18 13:15:00+05:30,807.2,807.2,804.6,804.85,314.0
2026-06-18 13:20:00+05:30,810.0,810.0,805.55,809.3,1493.0
2026-06-18 13:25:00+05:30,808.0,808.0,808.0,808.0,320.0
2026-06-18 13:30:00+05:30,808.0,808.05,806.8,806.8,125.0
2026-06-18 13:35:00+05:30,806.8,806.8,806.5,806.5,23.0
2026-06-18 13:40:00+05:30,808.15,808.4,805.0,807.45,775.0
2026-06-18 13:45:00+05:30,807.45,808.0,807.45,807.45,83.0
2026-06-18 13:50:00+05:30,807.45,807.45,806.5,807.35,54.0
2026-06-18 13:55:00+05:30,807.35,807.35,807.35,807.35,0.0
2026-06-18 14:00:00+05:30,807.35,807.35,807.35,807.35,17.0
2026-06-18 14:05:00+05:30,806.8,807.25,805.95,806.0,203.0
2026-06-18 14:10:00+05:30,806.5,806.5,805.95,805.95,48.0
2026-06-18 14:15:00+05:30,805.95,807.35,805.95,807.0,254.0
2026-06-18 14:20:00+05:30,806.05,807.25,806.05,807.15,419.0
2026-06-18 14:25:00+05:30,804.4,808.35,804.4,806.65,1012.0
2026-06-18 14:30:00+05:30,806.65,806.65,806.65,806.65,0.0
2026-06-18 14:35:00+05:30,806.65,807.3,805.45,807.3,169.0
2026-06-18 14:40:00+05:30,807.3,807.3,806.0,807.0,50.0
2026-06-18 14:45:00+05:30,807.0,807.2,805.65,806.6,303.0
2026-06-18 14:50:00+05:30,806.65,806.65,805.05,806.45,98.0
2026-06-18 14:55:00+05:30,806.2,806.35,806.2,806.25,127.0
2026-06-18 15:00:00+05:30,805.8,807.0,805.0,806.9,749.0
2026-06-18 15:05:00+05:30,807.0,810.0,807.0,810.0,1524.0
2026-06-18 15:10:00+05:30,809.2,809.2,808.0,808.0,1178.0
2026-06-18 15:15:00+05:30,807.05,807.9,806.0,806.75,718.0
2026-06-18 15:20:00+05:30,806.5,808.8,805.2,808.8,1179.0
2026-06-18 15:25:00+05:30,808.0,810.0,805.45,809.75,1455.0
2026-06-19 09:15:00+05:30,807.65,818.8,803.05,805.55,551.0
2026-06-19 09:20:00+05:30,806.0,810.9,806.0,810.9,387.0
2026-06-19 09:25:00+05:30,809.75,811.0,809.15,809.15,130.0
2026-06-19 09:30:00+05:30,809.0,809.0,807.55,807.55,94.0
2026-06-19 09:35:00+05:30,808.75,809.05,808.15,809.05,59.0
2026-06-19 09:40:00+05:30,809.95,813.9,809.5,812.0,316.0
2026-06-19 09:45:00+05:30,813.2,813.3,810.05,810.05,1185.0
2026-06-19 09:50:00+05:30,811.8,817.0,810.15,817.0,1588.0
2026-06-19 09:55:00+05:30,815.6,817.0,814.0,817.0,2532.0
2026-06-19 10:00:00+05:30,818.0,818.0,812.1,817.7,1483.0
2026-06-19 10:05:00+05:30,817.55,820.75,816.3,819.05,475.0
2026-06-19 10:10:00+05:30,819.7,819.7,813.55,817.45,901.0
2026-06-19 10:15:00+05:30,817.45,820.75,817.45,820.75,638.0
2026-06-19 10:20:00+05:30,820.75,820.75,816.05,818.0,303.0
2026-06-19 10:25:00+05:30,818.65,825.45,818.65,825.0,2439.0
2026-06-19 10:30:00+05:30,826.0,829.5,823.0,824.95,1918.0
2026-06-19 10:35:00+05:30,823.0,823.0,820.35,822.45,138.0
2026-06-19 10:40:00+05:30,821.05,830.0,821.05,829.0,2220.0
2026-06-19 10:45:00+05:30,829.0,829.3,826.15,826.15,130.0
2026-06-19 10:50:00+05:30,825.75,826.25,823.15,823.55,417.0
2026-06-19 10:55:00+05:30,825.2,825.2,823.65,825.2,119.0
2026-06-19 11:00:00+05:30,825.35,825.35,820.05,822.15,277.0
2026-06-19 11:05:00+05:30,822.15,822.15,820.35,821.85,106.0
2026-06-19 11:10:00+05:30,821.85,822.4,821.0,822.4,72.0
2026-06-19 11:15:00+05:30,822.4,822.4,821.0,821.0,75.0
2026-06-19 11:20:00+05:30,821.0,821.4,820.6,820.6,8.0
2026-06-19 11:25:00+05:30,820.6,820.6,820.45,820.45,2.0
2026-06-19 11:30:00+05:30,820.45,823.8,820.45,823.45,242.0
2026-06-19 11:35:00+05:30,823.45,824.85,823.45,824.85,27.0
2026-06-19 11:40:00+05:30,823.95,824.25,821.75,821.75,125.0
2026-06-19 11:45:00+05:30,821.75,821.75,820.6,820.6,1.0
2026-06-19 11:50:00+05:30,820.55,820.55,820.05,820.05,111.0
2026-06-19 11:55:00+05:30,820.05,821.9,820.05,821.9,5.0
2026-06-19 12:00:00+05:30,821.9,825.0,821.9,825.0,435.0
2026-06-19 12:05:00+05:30,825.0,825.0,821.6,821.6,100.0
2026-06-19 12:10:00+05:30,821.15,821.15,820.3,820.45,114.0
2026-06-19 12:15:00+05:30,820.45,822.1,820.45,821.0,24.0
2026-06-19 12:20:00+05:30,821.0,823.6,820.5,821.2,629.0
2026-06-19 12:25:00+05:30,821.2,821.2,821.2,821.2,0.0
2026-06-19 12:30:00+05:30,821.2,821.2,820.1,821.2,53.0
2026-06-19 12:35:00+05:30,821.2,821.45,819.15,819.15,268.0
2026-06-19 12:40:00+05:30,819.15,820.05,818.25,820.0,43.0
2026-06-19 12:45:00+05:30,820.0,820.0,820.0,820.0,55.0
2026-06-19 12:50:00+05:30,820.0,820.0,820.0,820.0,0.0
2026-06-19 12:55:00+05:30,820.05,821.95,820.0,820.6,443.0
2026-06-19 13:00:00+05:30,820.6,820.6,820.6,820.6,0.0
2026-06-19 13:05:00+05:30,820.0,820.05,820.0,820.0,179.0
2026-06-19 13:10:00+05:30,820.05,820.95,819.0,820.95,158.0
2026-06-19 13:15:00+05:30,820.95,820.95,819.0,819.0,90.0
2026-06-19 13:20:00+05:30,818.2,818.2,818.2,818.2,60.0
2026-06-19 13:25:00+05:30,817.7,817.7,817.4,817.4,231.0
2026-06-19 13:30:00+05:30,817.4,819.6,817.0,818.2,122.0
2026-06-19 13:35:00+05:30,817.65,817.65,817.35,817.35,18.0
2026-06-19 13:40:00+05:30,817.35,819.2,817.35,819.2,26.0
2026-06-19 13:45:00+05:30,819.2,828.7,819.2,822.7,1816.0
2026-06-19 13:50:00+05:30,822.3,823.0,820.6,822.7,296.0
2026-06-19 13:55:00+05:30,820.6,822.7,820.1,820.1,226.0
2026-06-19 14:00:00+05:30,820.1,820.1,818.05,818.05,70.0
2026-06-19 14:05:00+05:30,817.05,817.05,817.05,817.05,150.0
2026-06-19 14:10:00+05:30,817.05,820.0,817.05,817.75,91.0
2026-06-19 14:15:00+05:30,819.4,819.4,814.95,815.6,1126.0
2026-06-19 14:20:00+05:30,816.55,816.55,815.05,815.3,407.0
2026-06-19 14:25:00+05:30,817.25,817.3,815.0,815.65,1191.0
2026-06-19 14:30:00+05:30,815.65,816.45,815.05,816.45,104.0
2026-06-19 14:35:00+05:30,816.45,816.45,815.1,815.8,31.0
2026-06-19 14:40:00+05:30,815.4,816.0,815.25,816.0,7.0
2026-06-19 14:45:00+05:30,816.0,817.3,816.0,817.3,2164.0
2026-06-19 14:50:00+05:30,817.3,817.3,813.0,814.0,244.0
2026-06-19 14:55:00+05:30,815.45,816.0,814.25,816.0,702.0
2026-06-19 15:00:00+05:30,816.0,817.0,814.55,814.55,1072.0
2026-06-19 15:05:00+05:30,814.55,818.45,812.4,817.25,1296.0
2026-06-19 15:10:00+05:30,816.95,817.0,816.0,816.0,2662.0
2026-06-19 15:15:00+05:30,815.95,816.0,811.3,816.0,3968.0
2026-06-19 15:20:00+05:30,815.9,816.0,815.9,815.9,1399.0
2026-06-19 15:25:00+05:30,815.9,816.0,815.0,816.0,3456.0
2026-06-22 09:15:00+05:30,816.0,823.7,814.95,821.3,733.0
2026-06-22 09:20:00+05:30,817.55,822.8,817.55,819.55,149.0
2026-06-22 09:25:00+05:30,818.3,819.15,817.05,819.0,443.0
2026-06-22 09:30:00+05:30,820.8,820.8,816.25,816.25,186.0
2026-06-22 09:35:00+05:30,817.5,820.0,817.5,820.0,353.0
2026-06-22 09:40:00+05:30,820.05,823.75,819.0,823.75,686.0
2026-06-22 09:45:00+05:30,824.55,824.55,821.25,821.55,376.0
2026-06-22 09:50:00+05:30,821.75,824.0,821.75,824.0,687.0
2026-06-22 09:55:00+05:30,824.9,824.9,822.05,823.9,101.0
2026-06-22 10:00:00+05:30,823.9,823.9,822.5,823.9,36.0
2026-06-22 10:05:00+05:30,822.6,822.6,821.1,821.9,74.0
2026-06-22 10:10:00+05:30,823.4,830.0,821.9,830.0,1864.0
2026-06-22 10:15:00+05:30,826.95,829.4,825.0,825.0,527.0
2026-06-22 10:20:00+05:30,825.0,829.45,825.0,828.95,744.0
2026-06-22 10:25:00+05:30,828.0,829.5,826.2,826.2,835.0
2026-06-22 10:30:00+05:30,826.2,837.0,826.2,836.95,4002.0
2026-06-22 10:35:00+05:30,836.95,837.0,835.2,835.2,215.0
2026-06-22 10:40:00+05:30,834.8,836.45,832.0,832.45,795.0
2026-06-22 10:45:00+05:30,834.45,834.45,828.55,828.55,283.0
2026-06-22 10:50:00+05:30,828.55,828.6,828.55,828.6,55.0
2026-06-22 10:55:00+05:30,830.25,832.2,829.2,832.15,722.0
2026-06-22 11:00:00+05:30,832.15,832.55,830.05,831.45,312.0
2026-06-22 11:05:00+05:30,830.35,831.2,830.2,830.2,169.0
2026-06-22 11:10:00+05:30,830.05,831.8,829.7,831.8,204.0
2026-06-22 11:15:00+05:30,832.0,832.0,830.0,831.05,587.0
2026-06-22 11:20:00+05:30,831.05,832.05,831.05,832.05,106.0
2026-06-22 11:25:00+05:30,833.45,833.45,830.6,832.05,285.0
2026-06-22 11:30:00+05:30,832.2,832.2,827.6,829.75,2899.0
2026-06-22 11:35:00+05:30,829.75,829.9,829.75,829.9,422.0
2026-06-22 11:40:00+05:30,829.25,830.45,828.9,830.45,128.0
2026-06-22 11:45:00+05:30,830.45,830.45,829.55,830.35,29.0
2026-06-22 11:50:00+05:30,830.35,830.35,829.05,829.7,48.0
2026-06-22 11:55:00+05:30,829.7,830.45,829.7,830.45,21.0
2026-06-22 12:00:00+05:30,830.4,830.4,830.35,830.35,14.0
2026-06-22 12:05:00+05:30,829.65,829.65,828.05,828.3,156.0
2026-06-22 12:10:00+05:30,828.3,828.3,827.5,827.9,121.0
2026-06-22 12:15:00+05:30,827.9,831.95,827.9,829.6,870.0
2026-06-22 12:20:00+05:30,829.6,831.5,829.6,829.6,260.0
2026-06-22 12:25:00+05:30,829.6,831.1,829.6,831.1,12.0
2026-06-22 12:30:00+05:30,831.1,831.1,830.15,831.05,48.0
2026-06-22 12:35:00+05:30,830.4,830.4,829.0,829.0,177.0
2026-06-22 12:40:00+05:30,829.0,847.9,829.0,846.0,13938.0
2026-06-22 12:45:00+05:30,843.6,845.85,841.55,841.8,1448.0
2026-06-22 12:50:00+05:30,843.45,845.0,842.95,844.0,685.0
2026-06-22 12:55:00+05:30,843.55,843.55,841.05,842.95,617.0
2026-06-22 13:00:00+05:30,842.0,844.8,842.0,843.05,970.0
2026-06-22 13:05:00+05:30,843.05,843.05,840.0,842.35,1140.0
2026-06-22 13:10:00+05:30,842.7,842.7,839.15,842.35,540.0
2026-06-22 13:15:00+05:30,841.25,841.25,840.6,840.6,168.0
2026-06-22 13:20:00+05:30,841.75,844.95,841.3,844.25,572.0
2026-06-22 13:25:00+05:30,842.6,844.05,842.6,843.2,173.0
2026-06-22 13:30:00+05:30,843.0,843.0,841.8,842.35,148.0
2026-06-22 13:35:00+05:30,842.35,842.35,840.7,840.7,92.0
2026-06-22 13:40:00+05:30,840.7,847.95,840.7,844.05,1223.0
2026-06-22 13:45:00+05:30,844.05,846.0,843.05,844.6,359.0
2026-06-22 13:50:00+05:30,844.6,844.6,844.05,844.3,272.0
2026-06-22 13:55:00+05:30,845.65,845.65,844.75,845.65,83.0
2026-06-22 14:00:00+05:30,845.0,845.0,844.05,844.05,232.0
2026-06-22 14:05:00+05:30,844.05,844.05,842.8,842.8,16.0
2026-06-22 14:10:00+05:30,843.05,843.05,842.0,842.75,44.0
2026-06-22 14:15:00+05:30,842.75,843.9,842.5,843.9,95.0
2026-06-22 14:20:00+05:30,843.9,844.85,841.9,843.9,459.0
2026-06-22 14:25:00+05:30,843.8,843.8,843.45,843.75,75.0
2026-06-22 14:30:00+05:30,845.0,849.0,844.55,847.7,1070.0
2026-06-22 14:35:00+05:30,847.7,850.0,846.3,848.3,973.0
2026-06-22 14:40:00+05:30,848.9,850.0,847.65,849.9,2185.0
2026-06-22 14:45:00+05:30,849.0,850.0,847.65,847.65,516.0
2026-06-22 14:50:00+05:30,848.4,848.4,846.9,846.95,170.0
2026-06-22 14:55:00+05:30,846.9,854.7,846.9,854.55,6747.0
2026-06-22 15:00:00+05:30,854.6,855.0,852.85,853.5,862.0
2026-06-22 15:05:00+05:30,855.0,857.95,853.3,854.5,3044.0
2026-06-22 15:10:00+05:30,853.55,857.55,853.55,857.2,1266.0
2026-06-22 15:15:00+05:30,857.05,860.0,855.9,855.9,3716.0
2026-06-22 15:20:00+05:30,855.05,861.0,855.0,856.95,4856.0
2026-06-22 15:25:00+05:30,856.95,861.0,851.0,851.0,4973.0
2026-06-23 09:15:00+05:30,858.0,868.7,858.0,860.3,1687.0
2026-06-23 09:20:00+05:30,860.3,873.8,859.85,862.65,5579.0
2026-06-23 09:25:00+05:30,862.55,863.95,861.85,861.85,373.0
2026-06-23 09:30:00+05:30,861.05,866.95,861.0,866.95,1069.0
2026-06-23 09:35:00+05:30,865.05,867.0,860.15,861.1,2125.0
2026-06-23 09:40:00+05:30,863.9,866.35,861.95,863.8,461.0
2026-06-23 09:45:00+05:30,865.0,865.7,863.7,864.45,128.0
2026-06-23 09:50:00+05:30,864.85,864.85,860.75,860.75,66.0
2026-06-23 09:55:00+05:30,861.1,865.9,861.1,865.9,1205.0
2026-06-23 10:00:00+05:30,865.9,873.5,864.35,870.75,1050.0
2026-06-23 10:05:00+05:30,870.75,874.0,870.75,871.1,963.0
2026-06-23 10:10:00+05:30,872.7,875.0,867.8,868.75,1961.0
2026-06-23 10:15:00+05:30,870.35,871.8,865.1,866.9,554.0
2026-06-23 10:20:00+05:30,866.1,866.9,866.1,866.55,343.0
2026-06-23 10:25:00+05:30,866.55,867.9,865.0,866.6,341.0
2026-06-23 10:30:00+05:30,870.0,877.95,869.8,877.3,3271.0
2026-06-23 10:35:00+05:30,874.9,876.0,872.65,872.65,255.0
2026-06-23 10:40:00+05:30,875.8,876.0,873.85,874.0,224.0
2026-06-23 10:45:00+05:30,873.45,875.2,873.35,875.2,80.0
2026-06-23 10:50:00+05:30,875.25,875.25,872.3,872.6,192.0
2026-06-23 10:55:00+05:30,875.0,877.3,872.55,875.45,4928.0
2026-06-23 11:00:00+05:30,874.7,876.65,873.6,875.4,99.0
2026-06-23 11:05:00+05:30,876.65,878.95,875.5,876.95,1672.0
2026-06-23 11:10:00+05:30,876.95,878.85,875.0,875.0,477.0
2026-06-23 11:15:00+05:30,874.9,876.5,874.5,876.5,648.0
2026-06-23 11:20:00+05:30,876.45,876.45,872.15,872.15,1175.0
2026-06-23 11:25:00+05:30,872.15,873.6,871.5,871.5,235.0
2026-06-23 11:30:00+05:30,871.5,873.65,871.2,872.1,392.0
2026-06-23 11:35:00+05:30,871.4,871.95,871.2,871.95,67.0
2026-06-23 11:40:00+05:30,871.2,871.2,869.65,869.9,160.0
2026-06-23 11:45:00+05:30,870.0,871.95,869.7,870.25,324.0
2026-06-23 11:50:00+05:30,870.15,872.05,870.05,870.6,164.0
2026-06-23 11:55:00+05:30,870.6,872.95,869.95,871.65,548.0
2026-06-23 12:00:00+05:30,870.05,871.0,869.05,870.0,800.0
2026-06-23 12:05:00+05:30,869.05,870.7,869.05,869.75,96.0
2026-06-23 12:10:00+05:30,869.7,871.0,869.5,870.0,102.0
2026-06-23 12:15:00+05:30,870.0,872.3,869.85,870.15,273.0
2026-06-23 12:20:00+05:30,870.25,870.8,868.0,870.7,886.0
2026-06-23 12:25:00+05:30,869.55,871.95,869.5,869.65,402.0
2026-06-23 12:30:00+05:30,869.75,871.85,869.05,870.05,257.0
2026-06-23 12:35:00+05:30,870.0,870.3,860.6,863.3,14568.0
2026-06-23 12:40:00+05:30,863.3,863.3,857.55,857.55,1175.0
2026-06-23 12:45:00+05:30,857.65,860.0,857.2,857.85,1157.0
2026-06-23 12:50:00+05:30,857.85,857.85,855.1,857.35,311.0
2026-06-23 12:55:00+05:30,857.4,857.85,856.0,856.0,264.0
2026-06-23 13:00:00+05:30,857.0,857.0,855.95,856.1,75.0
2026-06-23 13:05:00+05:30,857.3,857.85,855.0,857.35,368.0
2026-06-23 13:10:00+05:30,857.35,857.35,855.0,855.0,791.0
2026-06-23 13:15:00+05:30,852.05,853.0,852.0,852.0,138.0
2026-06-23 13:20:00+05:30,852.0,854.3,850.05,853.05,1141.0
2026-06-23 13:25:00+05:30,853.05,854.35,853.05,853.2,3.0
2026-06-23 13:30:00+05:30,853.3,854.95,853.2,853.2,117.0
2026-06-23 13:35:00+05:30,853.2,857.55,853.2,857.55,658.0
2026-06-23 13:40:00+05:30,858.0,858.0,858.0,858.0,6.0
2026-06-23 13:45:00+05:30,858.0,858.0,853.1,853.15,333.0
2026-06-23 13:50:00+05:30,853.05,854.65,853.05,853.5,167.0
2026-06-23 13:55:00+05:30,854.95,854.95,853.05,854.95,87.0
2026-06-23 14:00:00+05:30,854.95,854.95,852.0,852.0,79.0
2026-06-23 14:05:00+05:30,850.75,852.6,850.55,852.6,146.0
2026-06-23 14:10:00+05:30,852.6,853.1,852.6,853.05,726.0
2026-06-23 14:15:00+05:30,853.05,858.6,853.05,857.05,503.0
2026-06-23 14:20:00+05:30,857.05,857.05,855.3,855.45,176.0
2026-06-23 14:25:00+05:30,855.45,855.45,852.2,852.2,545.0
2026-06-23 14:30:00+05:30,851.05,851.95,850.0,851.8,285.0
2026-06-23 14:35:00+05:30,851.8,855.4,851.8,855.4,523.0
2026-06-23 14:40:00+05:30,855.4,856.05,855.4,856.05,60.0
2026-06-23 14:45:00+05:30,856.05,856.5,855.0,856.5,103.0
2026-06-23 14:50:00+05:30,856.5,856.5,854.0,856.05,503.0
2026-06-23 14:55:00+05:30,856.8,859.95,856.8,859.8,196.0
2026-06-23 15:00:00+05:30,858.0,858.0,852.7,854.0,662.0
2026-06-23 15:05:00+05:30,854.0,857.65,853.8,855.0,1182.0
2026-06-23 15:10:00+05:30,855.0,857.0,855.0,857.0,7.0
2026-06-23 15:15:00+05:30,855.9,856.05,855.25,855.55,463.0
2026-06-23 15:20:00+05:30,855.5,857.0,855.1,856.2,268.0
2026-06-23 15:25:00+05:30,855.65,857.9,855.0,855.05,1203.0
2026-06-24 09:15:00+05:30,874.75,874.75,860.05,867.3,1466.0
2026-06-24 09:20:00+05:30,866.35,870.0,862.55,868.0,1697.0
2026-06-24 09:25:00+05:30,868.0,868.0,862.6,863.9,196.0
2026-06-24 09:30:00+05:30,862.35,863.55,861.1,861.8,143.0
2026-06-24 09:35:00+05:30,862.85,864.4,862.8,862.95,102.0
2026-06-24 09:40:00+05:30,861.65,863.6,861.65,863.3,268.0
2026-06-24 09:45:00+05:30,861.0,867.6,855.35,855.35,4089.0
2026-06-24 09:50:00+05:30,855.35,861.4,855.35,861.4,950.0
2026-06-24 09:55:00+05:30,858.8,864.2,858.2,859.6,604.0
2026-06-24 10:00:00+05:30,860.8,864.8,859.5,861.0,230.0
2026-06-24 10:05:00+05:30,859.7,860.1,856.55,857.85,177.0
2026-06-24 10:10:00+05:30,857.85,857.85,855.85,855.85,44.0
2026-06-24 10:15:00+05:30,859.45,859.45,855.15,856.7,383.0
2026-06-24 10:20:00+05:30,856.1,856.1,855.75,855.75,80.0
2026-06-24 10:25:00+05:30,855.75,857.5,855.75,857.5,66.0
2026-06-24 10:30:00+05:30,857.0,857.0,856.25,856.9,502.0
2026-06-24 10:35:00+05:30,856.9,857.0,856.9,857.0,17.0
2026-06-24 10:40:00+05:30,857.5,860.85,857.5,857.95,235.0
2026-06-24 10:45:00+05:30,857.35,857.35,856.6,856.65,91.0
2026-06-24 10:50:00+05:30,856.65,859.45,856.65,858.0,86.0
2026-06-24 10:55:00+05:30,858.0,858.0,858.0,858.0,2.0
2026-06-24 11:00:00+05:30,857.95,859.0,856.85,856.85,111.0
2026-06-24 11:05:00+05:30,858.5,859.05,858.35,858.35,190.0
2026-06-24 11:10:00+05:30,858.35,858.35,856.6,856.6,95.0
2026-06-24 11:15:00+05:30,856.6,858.0,856.6,856.65,10.0
2026-06-24 11:20:00+05:30,856.65,857.3,855.3,855.3,106.0
2026-06-24 11:25:00+05:30,856.5,856.5,852.45,854.4,239.0
2026-06-24 11:30:00+05:30,854.4,854.4,854.4,854.4,0.0
2026-06-24 11:35:00+05:30,854.4,854.4,854.4,854.4,0.0
2026-06-24 11:40:00+05:30,854.4,860.0,854.4,857.1,3248.0
2026-06-24 11:45:00+05:30,857.1,859.45,857.1,859.45,36.0
2026-06-24 11:50:00+05:30,857.8,859.45,857.8,859.45,102.0
2026-06-24 11:55:00+05:30,859.45,859.45,857.9,857.9,22.0
2026-06-24 12:00:00+05:30,857.9,857.9,857.9,857.9,0.0
2026-06-24 12:05:00+05:30,857.9,858.55,857.1,857.1,42.0
2026-06-24 12:10:00+05:30,857.1,857.1,857.1,857.1,0.0
2026-06-24 12:15:00+05:30,857.1,858.15,856.8,858.15,634.0
2026-06-24 12:20:00+05:30,858.15,860.0,858.15,858.9,76.0
2026-06-24 12:25:00+05:30,858.9,858.9,858.4,858.4,665.0
2026-06-24 12:30:00+05:30,857.5,858.45,857.0,857.1,73.0
2026-06-24 12:35:00+05:30,857.5,859.5,855.7,859.5,1486.0
2026-06-24 12:40:00+05:30,859.5,862.5,859.5,862.5,698.0
2026-06-24 12:45:00+05:30,861.6,870.0,861.6,869.1,1329.0
2026-06-24 12:50:00+05:30,866.6,868.5,866.6,867.0,342.0
2026-06-24 12:55:00+05:30,867.05,868.0,867.05,868.0,3.0
2026-06-24 13:00:00+05:30,866.95,866.95,863.0,863.25,709.0
2026-06-24 13:05:00+05:30,863.25,865.15,863.25,865.15,30.0
2026-06-24 13:10:00+05:30,865.05,865.05,863.3,863.3,63.0
2026-06-24 13:15:00+05:30,863.3,865.65,863.3,865.65,28.0
2026-06-24 13:20:00+05:30,865.65,866.2,865.65,866.2,100.0
2026-06-24 13:25:00+05:30,867.0,867.0,866.0,866.0,16.0
2026-06-24 13:30:00+05:30,868.0,868.0,866.3,866.3,100.0
2026-06-24 13:35:00+05:30,866.3,867.95,866.3,867.95,2.0
2026-06-24 13:40:00+05:30,868.75,868.75,866.3,866.3,155.0
2026-06-24 13:45:00+05:30,865.45,870.0,865.0,869.9,637.0
2026-06-24 13:50:00+05:30,868.1,868.7,866.4,868.45,177.0
2026-06-24 13:55:00+05:30,868.45,868.45,867.0,867.15,90.0
2026-06-24 14:00:00+05:30,867.15,867.6,867.0,867.0,119.0
2026-06-24 14:05:00+05:30,867.0,869.25,866.95,867.0,613.0
2026-06-24 14:10:00+05:30,867.0,868.7,867.0,867.95,65.0
2026-06-24 14:15:00+05:30,868.3,869.15,868.3,869.15,80.0
2026-06-24 14:20:00+05:30,868.4,868.4,867.95,867.95,189.0
2026-06-24 14:25:00+05:30,868.5,868.5,865.1,866.3,514.0
2026-06-24 14:30:00+05:30,866.3,866.55,865.0,865.0,321.0
2026-06-24 14:35:00+05:30,864.8,865.2,864.5,864.5,475.0
2026-06-24 14:40:00+05:30,864.5,866.0,864.15,864.15,217.0
2026-06-24 14:45:00+05:30,864.15,864.5,863.25,864.1,378.0
2026-06-24 14:50:00+05:30,863.0,863.0,862.0,862.5,444.0
2026-06-24 14:55:00+05:30,862.4,862.45,862.4,862.45,12.0
2026-06-24 15:00:00+05:30,861.65,862.8,860.0,862.65,174.0
2026-06-24 15:05:00+05:30,863.9,865.0,862.6,864.0,255.0
2026-06-24 15:10:00+05:30,865.0,866.45,864.3,864.3,397.0
2026-06-24 15:15:00+05:30,865.0,867.25,861.45,861.45,600.0
2026-06-24 15:20:00+05:30,861.4,863.4,861.4,862.55,323.0
2026-06-24 15:25:00+05:30,863.4,866.0,862.55,866.0,751.0
2026-06-25 09:15:00+05:30,866.4,872.7,859.0,862.85,680.0
2026-06-25 09:20:00+05:30,862.05,866.45,861.55,862.65,542.0
2026-06-25 09:25:00+05:30,862.35,866.15,861.25,865.45,827.0
2026-06-25 09:30:00+05:30,864.45,864.95,862.45,863.1,164.0
2026-06-25 09:35:00+05:30,864.75,866.95,864.75,866.2,689.0
2026-06-25 09:40:00+05:30,866.2,873.8,863.7,871.45,1048.0
2026-06-25 09:45:00+05:30,871.45,871.45,864.95,866.15,301.0
2026-06-25 09:50:00+05:30,865.05,866.6,861.1,866.6,798.0
2026-06-25 09:55:00+05:30,866.6,867.7,864.05,867.35,2163.0
2026-06-25 10:00:00+05:30,867.7,868.0,863.1,865.5,466.0
2026-06-25 10:05:00+05:30,865.5,866.1,864.3,866.1,14.0
2026-06-25 10:10:00+05:30,866.1,868.9,863.05,865.05,1740.0
2026-06-25 10:15:00+05:30,865.95,865.95,860.05,863.0,604.0
2026-06-25 10:20:00+05:30,860.6,863.4,860.6,863.4,194.0
2026-06-25 10:25:00+05:30,861.55,867.0,861.55,865.0,503.0
2026-06-25 10:30:00+05:30,864.95,870.25,864.95,869.0,1143.0
2026-06-25 10:35:00+05:30,869.9,869.9,866.95,866.95,97.0
2026-06-25 10:40:00+05:30,868.95,870.9,866.4,870.9,336.0
2026-06-25 10:45:00+05:30,868.65,870.0,868.05,868.9,39.0
2026-06-25 10:50:00+05:30,868.9,874.0,868.9,871.15,1629.0
2026-06-25 10:55:00+05:30,871.15,872.15,869.95,870.3,33.0
2026-06-25 11:00:00+05:30,870.2,870.25,868.0,868.0,36.0
2026-06-25 11:05:00+05:30,868.0,869.65,868.0,868.8,37.0
2026-06-25 11:10:00+05:30,869.8,870.95,868.55,870.95,162.0
2026-06-25 11:15:00+05:30,870.95,870.95,870.95,870.95,0.0
2026-06-25 11:20:00+05:30,871.1,871.15,866.45,867.55,147.0
2026-06-25 11:25:00+05:30,867.45,868.9,867.45,867.85,52.0
2026-06-25 11:30:00+05:30,867.9,868.9,865.95,865.95,441.0
2026-06-25 11:35:00+05:30,868.0,868.0,865.2,867.15,157.0
2026-06-25 11:40:00+05:30,865.55,867.1,865.15,867.0,146.0
2026-06-25 11:45:00+05:30,865.05,866.55,865.05,866.55,26.0
2026-06-25 11:50:00+05:30,865.3,866.95,865.3,866.95,63.0
2026-06-25 11:55:00+05:30,866.95,866.95,865.6,865.6,1.0
2026-06-25 12:00:00+05:30,865.6,865.6,865.05,865.05,52.0
2026-06-25 12:05:00+05:30,865.65,865.9,865.6,865.6,131.0
2026-06-25 12:10:00+05:30,865.6,866.25,865.6,866.25,9.0
2026-06-25 12:15:00+05:30,864.75,864.75,864.05,864.05,44.0
2026-06-25 12:20:00+05:30,864.05,864.15,855.6,860.15,1467.0
2026-06-25 12:25:00+05:30,860.55,860.55,858.05,858.05,140.0
2026-06-25 12:30:00+05:30,858.05,859.3,858.05,859.3,25.0
2026-06-25 12:35:00+05:30,859.3,864.65,859.3,864.65,576.0
2026-06-25 12:40:00+05:30,864.65,864.65,862.4,863.25,56.0
2026-06-25 12:45:00+05:30,863.05,864.95,861.55,861.6,171.0
2026-06-25 12:50:00+05:30,862.5,863.95,861.05,861.05,292.0
2026-06-25 12:55:00+05:30,861.05,862.8,861.05,862.8,26.0
2026-06-25 13:00:00+05:30,861.55,862.55,861.5,862.55,122.0
2026-06-25 13:05:00+05:30,860.6,862.75,860.6,862.3,181.0
2026-06-25 13:10:00+05:30,862.3,862.3,860.6,861.4,73.0
2026-06-25 13:15:00+05:30,861.4,861.55,859.8,861.55,20.0
2026-06-25 13:20:00+05:30,861.55,861.9,861.55,861.9,23.0
2026-06-25 13:25:00+05:30,861.9,862.0,860.9,860.9,6.0
2026-06-25 13:30:00+05:30,860.9,862.0,860.9,861.0,95.0
2026-06-25 13:35:00+05:30,861.0,861.0,859.25,859.7,22.0
2026-06-25 13:40:00+05:30,861.0,863.55,860.85,862.15,501.0
2026-06-25 13:45:00+05:30,863.3,863.3,862.45,862.5,14.0
2026-06-25 13:50:00+05:30,865.2,865.2,861.3,861.55,239.0
2026-06-25 13:55:00+05:30,861.55,863.95,861.2,861.2,99.0
2026-06-25 14:00:00+05:30,861.2,861.2,861.2,861.2,0.0
2026-06-25 14:05:00+05:30,861.2,862.0,860.65,862.0,45.0
2026-06-25 14:10:00+05:30,860.2,862.0,860.2,862.0,113.0
2026-06-25 14:15:00+05:30,860.05,861.85,860.05,861.85,45.0
2026-06-25 14:20:00+05:30,861.85,862.95,861.05,861.05,264.0
2026-06-25 14:25:00+05:30,861.85,861.85,858.75,861.85,348.0
2026-06-25 14:30:00+05:30,861.85,861.85,860.1,860.55,5.0
2026-06-25 14:35:00+05:30,861.2,861.2,859.55,860.95,107.0
2026-06-25 14:40:00+05:30,860.95,861.0,860.85,860.85,65.0
2026-06-25 14:45:00+05:30,860.85,860.85,858.9,858.95,105.0
2026-06-25 14:50:00+05:30,858.95,859.7,858.65,859.7,240.0
2026-06-25 14:55:00+05:30,859.7,859.7,859.2,859.2,36.0
2026-06-25 15:00:00+05:30,860.0,860.4,859.1,859.1,186.0
2026-06-25 15:05:00+05:30,859.1,864.85,859.1,859.55,597.0
2026-06-25 15:10:00+05:30,858.7,860.45,858.7,859.0,140.0
2026-06-25 15:15:00+05:30,858.9,859.55,858.0,858.0,425.0
2026-06-25 15:20:00+05:30,858.0,858.6,856.4,858.0,699.0
2026-06-25 15:25:00+05:30,857.0,863.0,854.0,863.0,923.0
2026-06-29 09:15:00+05:30,863.75,869.45,855.0,862.8,1726.0
2026-06-29 09:20:00+05:30,862.4,863.8,860.3,861.85,429.0
2026-06-29 09:25:00+05:30,863.6,866.4,860.4,860.4,173.0
2026-06-29 09:30:00+05:30,862.4,868.4,862.4,866.0,421.0
2026-06-29 09:35:00+05:30,866.0,868.95,864.55,868.95,719.0
2026-06-29 09:40:00+05:30,870.0,870.0,866.65,869.0,1067.0
2026-06-29 09:45:00+05:30,868.05,868.05,866.55,866.75,44.0
2026-06-29 09:50:00+05:30,866.25,870.0,865.05,867.65,2228.0
2026-06-29 09:55:00+05:30,867.65,868.0,865.2,868.0,952.0
2026-06-29 10:00:00+05:30,866.7,870.45,865.0,867.9,529.0
2026-06-29 10:05:00+05:30,870.9,878.0,870.9,878.0,3417.0
2026-06-29 10:10:00+05:30,879.0,895.8,877.25,884.6,10025.0
2026-06-29 10:15:00+05:30,884.95,895.65,884.95,886.75,7794.0
2026-06-29 10:20:00+05:30,883.1,893.15,881.6,893.15,1825.0
2026-06-29 10:25:00+05:30,890.85,890.85,883.9,884.6,1899.0
2026-06-29 10:30:00+05:30,884.1,886.65,882.65,884.8,203.0
2026-06-29 10:35:00+05:30,886.85,886.85,882.95,883.05,310.0
2026-06-29 10:40:00+05:30,883.25,890.0,877.2,882.55,3616.0
2026-06-29 10:45:00+05:30,883.1,883.1,876.5,876.75,665.0
2026-06-29 10:50:00+05:30,876.5,876.5,867.1,874.0,2621.0
2026-06-29 10:55:00+05:30,874.0,875.45,874.0,874.0,382.0
2026-06-29 11:00:00+05:30,874.0,876.0,874.0,875.0,4087.0
2026-06-29 11:05:00+05:30,875.0,880.0,873.35,875.0,1991.0
2026-06-29 11:10:00+05:30,875.0,876.1,875.0,875.0,9919.0
2026-06-29 11:15:00+05:30,873.6,873.6,873.6,873.6,55.0
2026-06-29 11:20:00+05:30,873.6,874.05,872.0,872.0,69.0
2026-06-29 11:25:00+05:30,873.9,873.9,872.05,872.05,334.0
2026-06-29 11:30:00+05:30,873.7,873.7,870.0,870.0,426.0
2026-06-29 11:35:00+05:30,870.0,871.55,869.1,871.25,93.0
2026-06-29 11:40:00+05:30,871.25,874.45,869.0,871.0,472.0
2026-06-29 11:45:00+05:30,871.0,872.45,871.0,872.45,17.0
2026-06-29 11:50:00+05:30,871.0,872.1,870.0,872.05,78.0
2026-06-29 11:55:00+05:30,868.6,868.6,866.5,867.8,369.0
2026-06-29 12:00:00+05:30,867.8,867.8,867.0,867.0,21.0
2026-06-29 12:05:00+05:30,867.0,867.0,865.1,865.1,313.0
2026-06-29 12:10:00+05:30,865.5,865.95,865.1,865.95,75.0
2026-06-29 12:15:00+05:30,865.1,867.0,865.1,865.1,548.0
2026-06-29 12:20:00+05:30,865.1,865.1,865.1,865.1,0.0
2026-06-29 12:25:00+05:30,865.1,868.1,865.1,865.55,630.0
2026-06-29 12:30:00+05:30,866.0,867.5,866.0,866.1,333.0
2026-06-29 12:35:00+05:30,866.1,866.1,866.1,866.1,110.0
2026-06-29 12:40:00+05:30,866.1,866.1,866.1,866.1,7.0
2026-06-29 12:45:00+05:30,866.1,866.1,866.0,866.0,74.0
2026-06-29 12:50:00+05:30,866.0,867.0,866.0,867.0,58.0
2026-06-29 12:55:00+05:30,868.05,868.05,868.05,868.05,27.0
2026-06-29 13:00:00+05:30,866.4,866.4,866.4,866.4,100.0
2026-06-29 13:05:00+05:30,866.4,867.4,866.3,866.3,98.0
2026-06-29 13:10:00+05:30,866.3,869.8,865.35,869.8,185.0
2026-06-29 13:15:00+05:30,869.8,869.8,868.35,869.4,111.0
2026-06-29 13:20:00+05:30,869.4,869.4,850.0,860.1,5585.0
2026-06-29 13:25:00+05:30,861.1,864.25,859.4,863.05,297.0
2026-06-29 13:30:00+05:30,863.05,863.7,862.0,863.7,59.0
2026-06-29 13:35:00+05:30,863.7,863.7,862.05,862.05,24.0
2026-06-29 13:40:00+05:30,862.05,863.85,858.05,863.85,589.0
2026-06-29 13:45:00+05:30,860.8,860.85,860.8,860.85,66.0
2026-06-29 13:50:00+05:30,860.85,860.85,860.85,860.85,0.0
2026-06-29 13:55:00+05:30,860.85,861.95,860.85,861.95,30.0
2026-06-29 14:00:00+05:30,862.2,862.8,862.2,862.8,32.0
2026-06-29 14:05:00+05:30,862.8,862.8,861.2,861.2,1.0
2026-06-29 14:10:00+05:30,861.2,862.8,860.85,862.8,80.0
2026-06-29 14:15:00+05:30,862.8,862.8,860.9,860.9,1.0
2026-06-29 14:20:00+05:30,860.9,863.4,860.85,863.4,1202.0
2026-06-29 14:25:00+05:30,863.4,863.4,860.65,860.65,35.0
2026-06-29 14:30:00+05:30,865.0,866.3,865.0,865.4,854.0
2026-06-29 14:35:00+05:30,865.4,865.4,863.85,863.85,2983.0
2026-06-29 14:40:00+05:30,863.85,864.05,862.8,864.05,112.0
2026-06-29 14:45:00+05:30,864.05,864.05,862.2,864.05,44.0
2026-06-29 14:50:00+05:30,864.0,864.05,862.2,862.25,21.0
2026-06-29 14:55:00+05:30,862.25,862.25,862.25,862.25,0.0
2026-06-29 15:00:00+05:30,862.25,862.25,856.5,857.7,933.0
2026-06-29 15:05:00+05:30,859.1,864.75,858.5,861.0,1523.0
2026-06-29 15:10:00+05:30,861.0,861.0,855.95,858.8,1399.0
2026-06-29 15:15:00+05:30,857.4,859.3,855.9,856.0,553.0
2026-06-29 15:20:00+05:30,857.35,858.9,855.0,858.1,1672.0
2026-06-29 15:25:00+05:30,857.35,863.0,857.35,861.0,3036.0
2026-06-30 09:15:00+05:30,859.05,862.6,858.9,858.9,74.0
2026-06-30 09:20:00+05:30,860.0,862.75,858.0,858.55,544.0
2026-06-30 09:25:00+05:30,859.55,866.0,859.55,865.5,1661.0
2026-06-30 09:30:00+05:30,864.4,864.4,862.65,863.5,106.0
2026-06-30 09:35:00+05:30,863.5,863.55,861.0,861.4,839.0
2026-06-30 09:40:00+05:30,861.4,862.95,861.4,862.6,47.0
2026-06-30 09:45:00+05:30,862.6,864.6,860.75,861.9,304.0
2026-06-30 09:50:00+05:30,861.85,861.85,860.6,860.6,11.0
2026-06-30 09:55:00+05:30,860.6,861.7,860.15,861.45,80.0
2026-06-30 10:00:00+05:30,861.3,864.55,861.3,863.8,272.0
2026-06-30 10:05:00+05:30,863.8,864.25,861.8,861.8,160.0
2026-06-30 10:10:00+05:30,863.7,864.95,861.75,864.3,534.0
2026-06-30 10:15:00+05:30,862.7,865.0,862.7,863.1,883.0
2026-06-30 10:20:00+05:30,863.1,863.1,862.15,863.1,84.0
2026-06-30 10:25:00+05:30,863.1,863.1,863.1,863.1,0.0
2026-06-30 10:30:00+05:30,863.1,864.35,863.1,864.35,31.0
2026-06-30 10:35:00+05:30,864.6,864.6,863.15,863.15,15.0
2026-06-30 10:40:00+05:30,863.15,865.0,863.15,864.95,743.0
2026-06-30 10:45:00+05:30,862.35,862.35,861.15,861.15,286.0
2026-06-30 10:50:00+05:30,864.85,864.9,864.65,864.9,125.0
2026-06-30 10:55:00+05:30,864.9,864.9,862.05,863.8,70.0
2026-06-30 11:00:00+05:30,863.8,869.0,863.8,869.0,7157.0
2026-06-30 11:05:00+05:30,869.0,873.95,867.25,867.25,2141.0
2026-06-30 11:10:00+05:30,867.25,868.6,867.25,868.6,20.0
2026-06-30 11:15:00+05:30,868.6,870.3,868.6,869.75,93.0
2026-06-30 11:20:00+05:30,869.75,871.75,868.05,871.55,111.0
2026-06-30 11:25:00+05:30,871.55,871.55,869.05,869.75,68.0
2026-06-30 11:30:00+05:30,868.0,870.0,865.4,869.75,205.0
2026-06-30 11:35:00+05:30,869.6,877.5,869.6,877.5,1499.0
2026-06-30 11:40:00+05:30,877.5,877.5,875.0,877.15,206.0
2026-06-30 11:45:00+05:30,875.65,876.8,874.95,874.95,869.0
2026-06-30 11:50:00+05:30,876.75,876.75,875.1,876.75,34.0
2026-06-30 11:55:00+05:30,874.05,876.7,874.05,876.7,387.0
2026-06-30 12:00:00+05:30,876.4,876.7,867.6,867.6,3846.0
2026-06-30 12:05:00+05:30,867.6,869.65,867.6,869.65,136.0
2026-06-30 12:10:00+05:30,869.65,869.65,869.65,869.65,0.0
2026-06-30 12:15:00+05:30,869.65,871.45,869.65,870.05,146.0
2026-06-30 12:20:00+05:30,870.05,870.05,868.05,868.05,33.0
2026-06-30 12:25:00+05:30,870.05,871.25,868.4,870.65,457.0
2026-06-30 12:30:00+05:30,870.65,870.65,869.0,869.0,19.0
2026-06-30 12:35:00+05:30,869.0,869.75,869.0,869.6,28.0
2026-06-30 12:40:00+05:30,869.6,872.9,869.6,870.65,226.0
2026-06-30 12:45:00+05:30,872.25,872.6,872.0,872.6,95.0
2026-06-30 12:50:00+05:30,872.6,872.6,872.6,872.6,0.0
2026-06-30 12:55:00+05:30,871.95,871.95,870.9,870.9,26.0
2026-06-30 13:00:00+05:30,870.0,871.5,870.0,871.5,500.0
2026-06-30 13:05:00+05:30,871.0,871.8,866.0,871.8,6377.0
2026-06-30 13:10:00+05:30,870.5,871.75,869.4,871.45,151.0
2026-06-30 13:15:00+05:30,871.45,871.45,867.7,867.7,1625.0
2026-06-30 13:20:00+05:30,867.7,869.45,867.25,869.45,353.0
2026-06-30 13:25:00+05:30,869.1,869.4,869.1,869.4,11.0
2026-06-30 13:30:00+05:30,869.4,869.4,869.4,869.4,0.0
2026-06-30 13:35:00+05:30,869.65,869.65,868.45,868.45,165.0
2026-06-30 13:40:00+05:30,868.45,869.45,868.45,869.45,49.0
2026-06-30 13:45:00+05:30,869.45,869.45,869.45,869.45,0.0
2026-06-30 13:50:00+05:30,869.15,869.9,864.5,864.5,747.0
2026-06-30 13:55:00+05:30,865.0,865.0,864.5,864.5,253.0
2026-06-30 14:00:00+05:30,864.5,865.0,864.3,864.8,128.0
2026-06-30 14:05:00+05:30,864.8,864.8,864.8,864.8,0.0
2026-06-30 14:10:00+05:30,864.8,864.8,864.8,864.8,0.0
2026-06-30 14:15:00+05:30,864.8,865.0,864.5,865.0,628.0
2026-06-30 14:20:00+05:30,865.0,870.5,865.0,870.5,4745.0
2026-06-30 14:25:00+05:30,871.2,871.8,867.3,868.6,667.0
2026-06-30 14:30:00+05:30,868.35,868.35,868.35,868.35,58.0
2026-06-30 14:35:00+05:30,868.35,868.35,867.55,867.55,33.0
2026-06-30 14:40:00+05:30,865.45,869.35,865.45,869.35,252.0
2026-06-30 14:45:00+05:30,869.35,869.35,867.9,868.1,30.0
2026-06-30 14:50:00+05:30,868.1,868.1,865.75,865.75,249.0
2026-06-30 14:55:00+05:30,865.0,865.0,864.0,864.6,616.0
2026-06-30 15:00:00+05:30,864.55,864.55,860.0,864.0,955.0
2026-06-30 15:05:00+05:30,863.95,864.9,860.0,864.45,1748.0
2026-06-30 15:10:00+05:30,859.2,863.95,859.0,860.7,1081.0
2026-06-30 15:15:00+05:30,859.0,862.0,859.0,860.0,1477.0
2026-06-30 15:20:00+05:30,860.9,860.9,859.55,860.55,673.0
2026-06-30 15:25:00+05:30,860.55,862.0,851.1,858.7,4154.0
2026-07-01 09:15:00+05:30,859.3,864.5,856.65,864.5,457.0
2026-07-01 09:20:00+05:30,864.45,864.5,859.95,864.5,442.0
2026-07-01 09:25:00+05:30,862.4,862.4,859.3,860.35,249.0
2026-07-01 09:30:00+05:30,862.2,864.5,860.4,864.5,190.0
2026-07-01 09:35:00+05:30,864.5,865.45,862.4,863.8,409.0
2026-07-01 09:40:00+05:30,864.9,864.9,861.8,862.4,1176.0
2026-07-01 09:45:00+05:30,862.4,862.4,858.2,859.1,319.0
2026-07-01 09:50:00+05:30,858.15,861.35,858.15,861.0,211.0
2026-07-01 09:55:00+05:30,860.0,860.0,859.0,859.0,252.0
2026-07-01 10:00:00+05:30,859.0,860.0,856.05,859.85,188.0
2026-07-01 10:05:00+05:30,859.85,859.85,857.45,859.0,160.0
2026-07-01 10:10:00+05:30,861.0,861.0,857.05,860.5,742.0
2026-07-01 10:15:00+05:30,862.5,862.6,861.0,861.1,572.0
2026-07-01 10:20:00+05:30,861.1,861.25,861.0,861.25,91.0
2026-07-01 10:25:00+05:30,862.0,862.0,861.0,861.0,713.0
2026-07-01 10:30:00+05:30,861.75,862.35,860.0,861.8,142.0
2026-07-01 10:35:00+05:30,861.8,861.9,860.2,861.85,16.0
2026-07-01 10:40:00+05:30,861.85,861.85,858.0,859.0,160.0
2026-07-01 10:45:00+05:30,859.0,861.95,859.0,861.95,560.0
2026-07-01 10:50:00+05:30,861.95,861.95,861.95,861.95,5.0
2026-07-01 10:55:00+05:30,862.0,862.05,862.0,862.05,2.0
2026-07-01 11:00:00+05:30,862.05,862.05,860.05,861.65,87.0
2026-07-01 11:05:00+05:30,860.1,861.85,858.0,858.65,269.0
2026-07-01 11:10:00+05:30,858.65,860.75,858.65,859.65,18.0
2026-07-01 11:15:00+05:30,859.65,866.7,859.65,866.7,1247.0
2026-07-01 11:20:00+05:30,865.25,865.25,865.0,865.2,29.0
2026-07-01 11:25:00+05:30,865.2,865.2,863.6,865.15,21.0
2026-07-01 11:30:00+05:30,865.1,865.2,865.1,865.2,32.0
2026-07-01 11:35:00+05:30,863.6,863.6,860.1,860.1,112.0
2026-07-01 11:40:00+05:30,860.1,862.7,860.1,862.7,32.0
2026-07-01 11:45:00+05:30,862.7,862.7,862.7,862.7,0.0
2026-07-01 11:50:00+05:30,862.65,863.9,861.2,863.3,104.0
2026-07-01 11:55:00+05:30,863.3,863.3,860.0,863.1,224.0
2026-07-01 12:00:00+05:30,863.1,863.1,863.1,863.1,79.0
2026-07-01 12:05:00+05:30,864.0,866.7,864.0,865.0,702.0
2026-07-01 12:10:00+05:30,865.0,865.0,865.0,865.0,0.0
2026-07-01 12:15:00+05:30,864.85,866.0,862.5,862.5,446.0
2026-07-01 12:20:00+05:30,862.5,862.5,860.45,862.1,26.0
2026-07-01 12:25:00+05:30,862.4,862.4,860.0,861.85,447.0
2026-07-01 12:30:00+05:30,861.85,861.95,860.1,861.95,40.0
2026-07-01 12:35:00+05:30,861.95,865.95,860.6,863.65,805.0
2026-07-01 12:40:00+05:30,863.65,863.65,859.8,862.2,535.0
2026-07-01 12:45:00+05:30,862.2,862.2,860.4,860.55,43.0
2026-07-01 12:50:00+05:30,860.55,862.3,860.55,862.0,58.0
2026-07-01 12:55:00+05:30,862.0,862.0,860.4,862.0,24.0
2026-07-01 13:00:00+05:30,862.0,862.0,860.5,861.55,12.0
2026-07-01 13:05:00+05:30,861.55,861.55,861.55,861.55,0.0
2026-07-01 13:10:00+05:30,861.55,862.0,861.55,861.6,12.0
2026-07-01 13:15:00+05:30,861.55,862.2,861.0,862.15,45.0
2026-07-01 13:20:00+05:30,862.15,862.5,862.15,862.3,144.0
2026-07-01 13:25:00+05:30,862.3,862.4,860.9,861.05,54.0
2026-07-01 13:30:00+05:30,864.95,864.95,862.5,862.7,531.0
2026-07-01 13:35:00+05:30,862.7,862.75,862.7,862.75,4.0
2026-07-01 13:40:00+05:30,862.75,862.75,860.2,861.9,164.0
2026-07-01 13:45:00+05:30,861.9,861.9,860.4,861.85,113.0
2026-07-01 13:50:00+05:30,861.9,861.95,861.9,861.95,28.0
2026-07-01 13:55:00+05:30,862.8,863.2,862.3,863.2,63.0
2026-07-01 14:00:00+05:30,863.2,863.2,861.15,862.6,242.0
2026-07-01 14:05:00+05:30,862.6,862.6,862.6,862.6,4.0
2026-07-01 14:10:00+05:30,862.6,862.6,861.65,861.65,53.0
2026-07-01 14:15:00+05:30,861.65,862.55,861.65,861.65,21.0
2026-07-01 14:20:00+05:30,861.1,862.5,861.1,862.5,41.0
2026-07-01 14:25:00+05:30,861.55,861.55,861.55,861.55,31.0
2026-07-01 14:30:00+05:30,861.0,862.25,861.0,862.15,518.0
2026-07-01 14:35:00+05:30,862.15,862.2,862.15,862.2,15.0
2026-07-01 14:40:00+05:30,861.05,862.5,861.05,862.5,195.0
2026-07-01 14:45:00+05:30,861.45,862.25,861.15,861.45,118.0
2026-07-01 14:50:00+05:30,861.45,861.45,861.45,861.45,13.0
2026-07-01 14:55:00+05:30,862.35,864.2,861.15,862.7,264.0
2026-07-01 15:00:00+05:30,862.85,862.85,860.0,860.0,172.0
2026-07-01 15:05:00+05:30,861.0,861.0,859.9,861.0,36.0
2026-07-01 15:10:00+05:30,861.0,861.9,859.2,861.9,156.0
2026-07-01 15:15:00+05:30,861.2,861.2,859.5,860.75,319.0
2026-07-01 15:20:00+05:30,860.75,862.65,859.6,861.15,341.0
2026-07-01 15:25:00+05:30,859.4,866.0,858.9,858.9,985.0
2026-07-02 09:16:00+05:30,863.95,864.25,859.6,859.6,126.0
2026-07-02 09:20:00+05:30,859.2,863.45,859.2,863.25,465.0
2026-07-02 09:25:00+05:30,863.75,863.75,860.65,862.25,174.0
2026-07-02 09:30:00+05:30,862.25,862.25,860.05,862.0,509.0
2026-07-02 09:35:00+05:30,862.0,862.0,860.0,862.0,741.0
2026-07-02 09:40:00+05:30,863.4,863.85,862.9,862.9,40.0
2026-07-02 09:45:00+05:30,862.75,863.05,861.4,863.05,49.0
2026-07-02 09:50:00+05:30,863.05,863.05,860.55,861.05,95.0
2026-07-02 09:55:00+05:30,862.9,865.7,860.55,862.05,2266.0
2026-07-02 10:00:00+05:30,861.15,861.15,841.15,857.1,6207.0
2026-07-02 10:05:00+05:30,859.3,859.7,858.55,858.6,93.0
2026-07-02 10:10:00+05:30,858.6,858.6,856.9,856.9,667.0
2026-07-02 10:15:00+05:30,855.0,857.1,853.15,857.1,166.0
2026-07-02 10:20:00+05:30,857.1,859.05,854.55,857.0,529.0
2026-07-02 10:25:00+05:30,857.0,859.3,857.0,859.3,116.0
2026-07-02 10:30:00+05:30,859.3,859.55,858.6,858.6,63.0
2026-07-02 10:35:00+05:30,858.6,858.6,856.35,856.35,73.0
2026-07-02 10:40:00+05:30,857.75,857.75,855.55,855.55,35.0
2026-07-02 10:45:00+05:30,856.0,856.9,855.0,856.55,119.0
2026-07-02 10:50:00+05:30,856.55,856.55,856.2,856.2,20.0
2026-07-02 10:55:00+05:30,856.2,856.55,855.0,855.25,301.0
2026-07-02 11:00:00+05:30,855.25,856.55,854.55,854.55,416.0
2026-07-02 11:05:00+05:30,855.75,855.75,854.35,854.35,20.0
2026-07-02 11:10:00+05:30,854.35,855.3,851.25,851.25,367.0
2026-07-02 11:15:00+05:30,850.25,851.8,845.6,849.2,1710.0
2026-07-02 11:20:00+05:30,849.4,851.95,849.4,851.05,133.0
2026-07-02 11:25:00+05:30,851.05,851.2,851.05,851.2,26.0
2026-07-02 11:30:00+05:30,852.45,853.45,851.15,853.45,184.0
2026-07-02 11:35:00+05:30,852.15,854.55,852.15,854.55,106.0
2026-07-02 11:40:00+05:30,852.2,853.95,852.2,852.3,137.0
2026-07-02 11:45:00+05:30,852.3,853.55,852.3,853.55,12.0
2026-07-02 11:50:00+05:30,853.55,853.55,853.55,853.55,0.0
2026-07-02 11:55:00+05:30,850.0,850.0,847.25,849.3,434.0
2026-07-02 12:00:00+05:30,849.3,849.45,849.3,849.4,63.0
2026-07-02 12:05:00+05:30,850.35,850.35,849.0,849.0,50.0
2026-07-02 12:10:00+05:30,849.0,849.0,847.85,848.8,723.0
2026-07-02 12:15:00+05:30,850.35,850.35,850.2,850.2,153.0
2026-07-02 12:20:00+05:30,850.2,850.2,850.2,850.2,0.0
2026-07-02 12:25:00+05:30,850.15,850.3,849.0,849.95,212.0
2026-07-02 12:30:00+05:30,850.15,850.15,848.55,848.55,96.0
2026-07-02 12:35:00+05:30,848.55,849.6,848.0,848.95,53.0
2026-07-02 12:40:00+05:30,848.95,850.4,848.95,850.4,47.0
2026-07-02 12:45:00+05:30,850.4,850.4,850.4,850.4,0.0
2026-07-02 12:50:00+05:30,850.4,850.4,847.65,849.25,86.0
2026-07-02 12:55:00+05:30,849.25,849.25,847.6,848.35,208.0
2026-07-02 13:00:00+05:30,847.0,847.0,846.25,846.25,97.0
2026-07-02 13:05:00+05:30,847.0,847.0,846.3,846.3,76.0
2026-07-02 13:10:00+05:30,846.3,847.35,846.3,847.35,82.0
2026-07-02 13:15:00+05:30,846.45,851.0,846.45,851.0,894.0
2026-07-02 13:20:00+05:30,851.0,851.25,846.0,850.95,1760.0
2026-07-02 13:25:00+05:30,850.95,851.5,850.45,851.0,3159.0
2026-07-02 13:30:00+05:30,851.0,851.0,850.95,850.95,1027.0
2026-07-02 13:35:00+05:30,851.0,851.0,849.0,851.0,1343.0
2026-07-02 13:40:00+05:30,851.0,851.8,849.95,851.0,3166.0
2026-07-02 13:45:00+05:30,851.0,858.4,849.9,854.0,1585.0
2026-07-02 13:50:00+05:30,854.85,861.95,853.5,860.35,1565.0
2026-07-02 13:55:00+05:30,860.0,862.5,859.4,860.5,599.0
2026-07-02 14:00:00+05:30,860.35,860.35,859.2,860.0,332.0
2026-07-02 14:05:00+05:30,860.05,861.4,859.65,860.25,264.0
2026-07-02 14:10:00+05:30,860.25,861.0,859.35,859.35,98.0
2026-07-02 14:15:00+05:30,859.45,862.05,855.0,861.0,1425.0
2026-07-02 14:20:00+05:30,861.0,863.0,860.0,863.0,731.0
2026-07-02 14:25:00+05:30,863.0,864.1,862.7,864.1,561.0
2026-07-02 14:30:00+05:30,865.0,865.0,862.45,864.3,8923.0
2026-07-02 14:35:00+05:30,864.4,865.0,862.45,862.95,5420.0
2026-07-02 14:40:00+05:30,862.65,863.5,858.15,858.15,2329.0
2026-07-02 14:45:00+05:30,858.15,862.9,857.2,862.9,806.0
2026-07-02 14:50:00+05:30,860.55,861.85,860.1,860.1,107.0
2026-07-02 14:55:00+05:30,860.0,861.95,859.05,861.95,1609.0
2026-07-02 15:00:00+05:30,861.95,863.5,861.05,861.05,2466.0
2026-07-02 15:05:00+05:30,861.05,862.85,861.05,861.3,21.0
2026-07-02 15:10:00+05:30,861.3,862.85,861.1,862.7,122.0
2026-07-02 15:15:00+05:30,861.65,861.65,858.0,859.65,2300.0
2026-07-02 15:20:00+05:30,858.75,860.05,857.45,860.05,1129.0
2026-07-02 15:25:00+05:30,861.5,861.9,857.45,857.45,1397.0
2026-07-03 09:15:00+05:30,872.6,872.6,860.55,864.7,1171.0
2026-07-03 09:20:00+05:30,863.35,884.0,860.15,883.0,4701.0
2026-07-03 09:25:00+05:30,884.0,891.1,881.1,881.2,2765.0
2026-07-03 09:30:00+05:30,884.7,884.85,879.25,884.75,2229.0
2026-07-03 09:35:00+05:30,885.0,890.0,882.45,886.2,5515.0
2026-07-03 09:40:00+05:30,888.3,888.3,875.0,875.0,3083.0
2026-07-03 09:45:00+05:30,874.95,874.95,872.5,873.5,621.0
2026-07-03 09:50:00+05:30,871.05,872.95,870.0,872.3,1175.0
2026-07-03 09:55:00+05:30,872.3,873.0,870.7,871.1,677.0
2026-07-03 10:00:00+05:30,871.1,871.1,870.55,871.1,705.0
2026-07-03 10:05:00+05:30,871.1,871.1,870.55,871.1,600.0
2026-07-03 10:10:00+05:30,871.1,872.0,870.75,871.1,830.0
2026-07-03 10:15:00+05:30,870.75,872.95,870.0,872.95,2820.0
2026-07-03 10:20:00+05:30,873.0,874.8,873.0,874.8,123.0
2026-07-03 10:25:00+05:30,874.6,875.5,873.8,875.0,395.0
2026-07-03 10:30:00+05:30,875.0,875.0,873.8,875.0,353.0
2026-07-03 10:35:00+05:30,875.0,875.0,873.35,873.35,1.0
2026-07-03 10:40:00+05:30,874.3,874.3,870.0,873.4,617.0
2026-07-03 10:45:00+05:30,873.4,874.35,872.8,872.8,14.0
2026-07-03 10:50:00+05:30,872.9,873.4,872.9,873.3,121.0
2026-07-03 10:55:00+05:30,873.0,875.0,871.45,875.0,2461.0
2026-07-03 11:00:00+05:30,876.0,876.0,872.9,875.0,2338.0
2026-07-03 11:05:00+05:30,875.15,875.7,875.15,875.7,67.0
2026-07-03 11:10:00+05:30,875.7,875.7,873.7,873.7,17.0
2026-07-03 11:15:00+05:30,874.85,875.75,874.85,875.6,84.0
2026-07-03 11:20:00+05:30,875.6,876.0,874.85,874.85,207.0
2026-07-03 11:25:00+05:30,874.85,874.85,874.85,874.85,0.0
2026-07-03 11:30:00+05:30,874.85,874.9,874.85,874.9,2.0
2026-07-03 11:35:00+05:30,874.9,875.0,873.95,875.0,22.0
2026-07-03 11:40:00+05:30,875.0,875.9,873.8,873.8,1025.0
2026-07-03 11:45:00+05:30,873.8,876.25,873.8,875.6,885.0
2026-07-03 11:50:00+05:30,875.6,875.8,874.6,875.0,192.0
2026-07-03 11:55:00+05:30,874.95,874.95,874.95,874.95,202.0
2026-07-03 12:00:00+05:30,874.95,876.0,874.0,875.9,145.0
2026-07-03 12:05:00+05:30,874.95,875.0,874.95,874.95,37.0
2026-07-03 12:10:00+05:30,875.55,875.95,874.0,874.85,565.0
2026-07-03 12:15:00+05:30,874.85,874.85,873.0,873.05,325.0
2026-07-03 12:20:00+05:30,872.95,874.2,872.95,873.0,176.0
2026-07-03 12:25:00+05:30,872.9,874.4,872.85,872.85,850.0
2026-07-03 12:30:00+05:30,872.1,872.35,870.05,872.35,259.0
2026-07-03 12:35:00+05:30,870.8,873.1,870.55,873.1,314.0
2026-07-03 12:40:00+05:30,873.1,874.95,871.25,871.35,518.0
2026-07-03 12:45:00+05:30,873.25,873.25,873.0,873.0,71.0
2026-07-03 12:50:00+05:30,873.0,873.9,870.8,870.8,1569.0
2026-07-03 12:55:00+05:30,871.85,872.25,871.85,872.25,2.0
2026-07-03 13:00:00+05:30,872.25,872.25,871.7,871.7,51.0
2026-07-03 13:05:00+05:30,872.2,872.25,872.2,872.2,23.0
2026-07-03 13:10:00+05:30,871.7,872.0,871.0,871.0,79.0
2026-07-03 13:15:00+05:30,872.0,872.0,871.2,871.2,35.0
2026-07-03 13:20:00+05:30,871.2,872.0,871.2,872.0,27.0
2026-07-03 13:25:00+05:30,872.0,872.0,871.4,871.4,66.0
2026-07-03 13:30:00+05:30,872.1,872.15,871.7,871.7,153.0
2026-07-03 13:35:00+05:30,871.55,872.0,871.55,872.0,119.0
2026-07-03 13:40:00+05:30,871.95,871.95,870.0,870.0,293.0
2026-07-03 13:45:00+05:30,870.0,871.95,870.0,870.0,492.0
2026-07-03 13:50:00+05:30,870.0,870.0,870.0,870.0,43.0
2026-07-03 13:55:00+05:30,870.0,871.15,870.0,871.0,175.0
2026-07-03 14:00:00+05:30,871.0,871.0,870.0,871.0,147.0
2026-07-03 14:05:00+05:30,871.0,871.0,869.95,869.95,1252.0
2026-07-03 14:10:00+05:30,869.95,869.95,869.25,869.25,26.0
2026-07-03 14:15:00+05:30,869.8,869.8,868.5,869.2,101.0
2026-07-03 14:20:00+05:30,869.2,869.25,869.2,869.25,26.0
2026-07-03 14:25:00+05:30,869.25,869.3,868.1,868.1,78.0
2026-07-03 14:30:00+05:30,868.1,869.6,868.1,869.6,12.0
2026-07-03 14:35:00+05:30,869.6,869.6,867.6,867.6,329.0
2026-07-03 14:40:00+05:30,867.6,868.85,867.6,868.1,368.0
2026-07-03 14:45:00+05:30,868.1,869.7,866.95,867.0,899.0
2026-07-03 14:50:00+05:30,867.35,868.9,867.35,867.5,126.0
2026-07-03 14:55:00+05:30,867.5,868.75,867.5,868.4,86.0
2026-07-03 15:00:00+05:30,868.4,869.1,868.2,868.2,225.0
2026-07-03 15:05:00+05:30,869.9,870.25,868.65,870.0,996.0
2026-07-03 15:10:00+05:30,870.6,871.0,868.0,869.95,1134.0
2026-07-03 15:15:00+05:30,869.9,874.3,869.7,872.0,6348.0
2026-07-03 15:20:00+05:30,872.0,874.05,868.8,870.95,2338.0
2026-07-03 15:25:00+05:30,871.0,875.0,867.0,867.0,5106.0
2026-07-06 09:15:00+05:30,872.3,878.95,870.55,873.65,1885.0
2026-07-06 09:20:00+05:30,873.9,876.9,873.1,876.9,772.0
2026-07-06 09:25:00+05:30,879.45,881.4,874.1,876.0,1984.0
2026-07-06 09:30:00+05:30,876.0,878.7,875.6,875.6,402.0
2026-07-06 09:35:00+05:30,877.35,877.35,874.05,874.8,300.0
2026-07-06 09:40:00+05:30,875.0,875.95,874.75,874.95,337.0
2026-07-06 09:45:00+05:30,874.9,875.95,874.8,875.5,712.0
2026-07-06 09:50:00+05:30,875.5,875.5,873.6,873.6,236.0
2026-07-06 09:55:00+05:30,873.6,875.0,873.6,874.75,18.0
2026-07-06 10:00:00+05:30,873.6,873.6,871.6,873.45,1327.0
2026-07-06 10:05:00+05:30,873.95,874.45,870.55,872.5,359.0
2026-07-06 10:10:00+05:30,872.5,874.2,870.55,874.2,599.0
2026-07-06 10:15:00+05:30,872.35,873.45,870.05,870.2,453.0
2026-07-06 10:20:00+05:30,871.0,872.95,870.0,871.1,765.0
2026-07-06 10:25:00+05:30,871.05,872.15,871.05,871.95,87.0
2026-07-06 10:30:00+05:30,866.5,867.45,865.05,866.2,1497.0
2026-07-06 10:35:00+05:30,866.2,867.45,864.4,865.0,3018.0
2026-07-06 10:40:00+05:30,865.0,865.5,864.05,865.5,170.0
2026-07-06 10:45:00+05:30,864.25,864.25,862.0,862.1,524.0
2026-07-06 10:50:00+05:30,862.3,863.15,862.3,863.15,114.0
2026-07-06 10:55:00+05:30,863.15,866.95,863.1,864.5,1485.0
2026-07-06 11:00:00+05:30,864.5,864.5,863.5,863.5,21.0
2026-07-06 11:05:00+05:30,863.5,863.5,860.0,863.3,1079.0
2026-07-06 11:10:00+05:30,863.9,864.95,863.9,864.3,178.0
2026-07-06 11:15:00+05:30,864.3,864.3,863.35,863.35,10.0
2026-07-06 11:20:00+05:30,864.6,865.4,861.6,861.6,304.0
2026-07-06 11:25:00+05:30,862.85,862.9,861.55,861.55,121.0
2026-07-06 11:30:00+05:30,862.35,862.95,862.0,862.95,174.0
2026-07-06 11:35:00+05:30,862.55,865.4,862.55,864.9,222.0
2026-07-06 11:40:00+05:30,865.95,866.25,860.0,865.35,2456.0
2026-07-06 11:45:00+05:30,864.8,866.25,864.55,864.55,61.0
2026-07-06 11:50:00+05:30,864.55,864.55,861.05,862.05,158.0
2026-07-06 11:55:00+05:30,862.05,863.95,862.05,863.4,56.0
2026-07-06 12:00:00+05:30,863.4,863.4,862.6,862.75,554.0
2026-07-06 12:05:00+05:30,861.8,864.35,860.55,863.45,344.0
2026-07-06 12:10:00+05:30,862.45,862.45,860.85,861.1,10.0
2026-07-06 12:15:00+05:30,861.1,862.2,860.9,862.2,145.0
2026-07-06 12:20:00+05:30,863.35,863.45,861.7,862.85,184.0
2026-07-06 12:25:00+05:30,862.1,862.1,860.5,860.5,1403.0
2026-07-06 12:30:00+05:30,860.5,860.5,860.5,860.5,0.0
2026-07-06 12:35:00+05:30,860.5,861.75,860.4,860.4,1138.0
2026-07-06 12:40:00+05:30,859.55,859.65,858.25,858.25,1192.0
2026-07-06 12:45:00+05:30,858.25,859.95,858.25,859.5,205.0
2026-07-06 12:50:00+05:30,859.5,860.0,859.45,860.0,96.0
2026-07-06 12:55:00+05:30,860.0,860.0,858.55,858.55,100.0
2026-07-06 13:00:00+05:30,858.55,860.0,858.55,860.0,20.0
2026-07-06 13:05:00+05:30,860.0,860.45,859.0,860.45,238.0
2026-07-06 13:10:00+05:30,859.95,861.35,859.55,861.35,80.0
2026-07-06 13:15:00+05:30,861.35,861.35,860.65,860.65,351.0
2026-07-06 13:20:00+05:30,860.65,861.85,860.65,861.85,145.0
2026-07-06 13:25:00+05:30,860.25,861.9,860.0,860.0,165.0
2026-07-06 13:30:00+05:30,859.5,861.95,858.55,860.35,681.0
2026-07-06 13:35:00+05:30,860.35,862.7,860.35,862.45,231.0
2026-07-06 13:40:00+05:30,862.45,862.45,861.8,861.85,120.0
2026-07-06 13:45:00+05:30,861.85,862.0,861.85,862.0,80.0
2026-07-06 13:50:00+05:30,862.0,862.0,856.75,859.15,906.0
2026-07-06 13:55:00+05:30,859.15,860.3,859.15,860.3,121.0
2026-07-06 14:00:00+05:30,860.3,862.15,860.3,860.85,64.0
2026-07-06 14:05:00+05:30,860.85,861.9,860.65,860.65,177.0
2026-07-06 14:10:00+05:30,860.65,860.65,859.0,859.0,362.0
2026-07-06 14:15:00+05:30,859.0,861.9,859.0,861.5,218.0
2026-07-06 14:20:00+05:30,861.5,863.4,861.15,862.95,368.0
2026-07-06 14:25:00+05:30,860.85,860.85,858.65,858.65,292.0
2026-07-06 14:30:00+05:30,858.65,859.6,858.65,859.6,50.0
2026-07-06 14:35:00+05:30,859.6,859.6,859.5,859.5,3.0
2026-07-06 14:40:00+05:30,859.5,861.0,859.0,861.0,588.0
2026-07-06 14:45:00+05:30,861.0,861.0,859.45,860.45,89.0
2026-07-06 14:50:00+05:30,859.0,860.4,859.0,859.25,34.0
2026-07-06 14:55:00+05:30,860.35,860.35,860.0,860.0,19.0
2026-07-06 15:00:00+05:30,860.0,861.0,860.0,860.45,1208.0
2026-07-06 15:05:00+05:30,860.5,861.0,860.4,860.45,674.0
2026-07-06 15:10:00+05:30,860.45,860.7,857.95,858.0,4638.0
2026-07-06 15:15:00+05:30,860.0,860.0,857.9,859.6,3437.0
2026-07-06 15:20:00+05:30,859.85,859.85,858.05,858.05,371.0
2026-07-06 15:25:00+05:30,858.0,860.0,850.0,859.75,3085.0
2026-07-07 09:15:00+05:30,859.3,879.75,858.05,859.8,1607.0
2026-07-07 09:20:00+05:30,859.85,865.0,858.85,865.0,1314.0
2026-07-07 09:25:00+05:30,864.55,869.0,856.2,857.45,1333.0
2026-07-07 09:30:00+05:30,857.45,864.35,857.45,862.4,1368.0
2026-07-07 09:35:00+05:30,861.15,862.4,859.7,861.75,1617.0
2026-07-07 09:40:00+05:30,861.75,861.75,860.4,861.0,56.0
2026-07-07 09:45:00+05:30,860.95,862.95,859.15,859.6,582.0
2026-07-07 09:50:00+05:30,858.2,859.85,858.0,858.0,321.0
2026-07-07 09:55:00+05:30,858.0,859.25,858.0,859.25,541.0
2026-07-07 10:00:00+05:30,859.0,860.0,858.2,859.6,631.0
2026-07-07 10:05:00+05:30,860.0,860.0,859.6,859.95,524.0
2026-07-07 10:10:00+05:30,860.0,860.0,858.2,859.0,209.0
2026-07-07 10:15:00+05:30,858.2,859.0,857.0,857.85,1322.0
2026-07-07 10:20:00+05:30,856.2,858.15,856.0,858.15,381.0
2026-07-07 10:25:00+05:30,858.05,858.35,856.05,857.0,101.0
2026-07-07 10:30:00+05:30,857.15,857.45,856.0,857.45,1686.0
2026-07-07 10:35:00+05:30,857.45,857.45,856.7,857.15,96.0
2026-07-07 10:40:00+05:30,856.8,858.15,856.8,857.5,354.0
2026-07-07 10:45:00+05:30,857.5,858.15,857.5,858.05,285.0
2026-07-07 10:50:00+05:30,857.6,858.05,857.6,857.7,51.0
2026-07-07 10:55:00+05:30,857.6,857.6,856.8,856.8,186.0
2026-07-07 11:00:00+05:30,856.8,857.0,856.8,857.0,14.0
2026-07-07 11:05:00+05:30,857.9,858.0,856.8,856.8,97.0
2026-07-07 11:10:00+05:30,856.8,856.8,856.8,856.8,15.0
2026-07-07 11:15:00+05:30,856.8,858.05,856.8,858.05,303.0
2026-07-07 11:20:00+05:30,857.95,857.95,857.95,857.95,21.0
2026-07-07 11:25:00+05:30,858.05,858.05,858.05,858.05,9.0
2026-07-07 11:30:00+05:30,858.15,860.0,858.15,859.05,1096.0
2026-07-07 11:35:00+05:30,859.0,859.0,858.9,859.0,76.0
2026-07-07 11:40:00+05:30,859.95,860.0,858.2,858.2,153.0
2026-07-07 11:45:00+05:30,857.1,858.85,857.1,858.85,211.0
2026-07-07 11:50:00+05:30,858.85,858.85,858.85,858.85,0.0
2026-07-07 11:55:00+05:30,857.7,858.9,857.7,858.9,41.0
2026-07-07 12:00:00+05:30,858.7,858.75,858.7,858.75,85.0
2026-07-07 12:05:00+05:30,859.75,860.0,859.0,859.0,358.0
2026-07-07 12:10:00+05:30,859.0,859.85,859.0,859.85,4.0
2026-07-07 12:15:00+05:30,859.85,859.9,859.15,859.15,67.0
2026-07-07 12:20:00+05:30,860.0,861.0,860.0,861.0,2189.0
2026-07-07 12:25:00+05:30,861.0,861.25,860.9,861.0,244.0
2026-07-07 12:30:00+05:30,860.0,861.85,860.0,860.0,320.0
2026-07-07 12:35:00+05:30,860.45,860.45,858.05,858.05,96.0
2026-07-07 12:40:00+05:30,858.05,858.05,858.05,858.05,0.0
2026-07-07 12:45:00+05:30,858.05,858.4,857.2,857.45,107.0
2026-07-07 12:50:00+05:30,857.45,858.4,857.45,857.55,151.0
2026-07-07 12:55:00+05:30,856.8,856.8,851.6,853.4,2173.0
2026-07-07 13:00:00+05:30,853.4,854.95,853.4,854.95,411.0
2026-07-07 13:05:00+05:30,854.15,854.95,854.0,854.0,71.0
2026-07-07 13:10:00+05:30,853.7,853.7,851.7,851.7,774.0
2026-07-07 13:15:00+05:30,851.7,852.8,851.7,852.65,42.0
2026-07-07 13:20:00+05:30,852.65,852.75,852.65,852.7,9.0
2026-07-07 13:25:00+05:30,852.8,854.6,852.65,853.95,121.0
2026-07-07 13:30:00+05:30,853.3,854.1,853.3,854.1,8.0
2026-07-07 13:35:00+05:30,854.1,854.1,852.65,852.65,41.0
2026-07-07 13:40:00+05:30,852.65,852.75,852.65,852.7,4.0
2026-07-07 13:45:00+05:30,852.7,853.75,852.7,853.3,82.0
2026-07-07 13:50:00+05:30,853.35,855.45,853.35,853.9,51.0
2026-07-07 13:55:00+05:30,853.9,854.0,853.9,853.95,11.0
2026-07-07 14:00:00+05:30,853.95,853.95,853.6,853.6,31.0
2026-07-07 14:05:00+05:30,853.6,854.75,853.6,854.75,3.0
2026-07-07 14:10:00+05:30,854.75,854.75,853.6,854.0,55.0
2026-07-07 14:15:00+05:30,854.0,854.0,852.4,852.4,27.0
2026-07-07 14:20:00+05:30,852.4,853.65,851.8,851.8,121.0
2026-07-07 14:25:00+05:30,854.45,854.45,854.45,854.45,200.0
2026-07-07 14:30:00+05:30,854.55,854.7,854.55,854.7,53.0
2026-07-07 14:35:00+05:30,854.7,854.7,852.55,852.55,200.0
2026-07-07 14:40:00+05:30,852.55,852.55,852.55,852.55,0.0
2026-07-07 14:45:00+05:30,852.75,853.8,852.75,853.8,31.0
2026-07-07 14:50:00+05:30,853.8,853.8,852.55,853.65,40.0
2026-07-07 14:55:00+05:30,853.65,853.65,853.65,853.65,30.0
2026-07-07 15:00:00+05:30,853.65,854.65,853.65,853.7,129.0
2026-07-07 15:05:00+05:30,853.7,856.3,853.7,854.7,1798.0
2026-07-07 15:10:00+05:30,856.3,856.3,852.65,854.65,477.0
2026-07-07 15:15:00+05:30,854.1,854.35,853.8,853.9,77.0
2026-07-07 15:20:00+05:30,853.9,853.9,850.0,851.2,1212.0
2026-07-07 15:25:00+05:30,851.25,857.0,851.25,857.0,556.0
2026-07-08 09:15:00+05:30,853.95,860.6,848.05,860.6,2546.0
2026-07-08 09:20:00+05:30,857.15,859.9,856.05,856.85,346.0
2026-07-08 09:25:00+05:30,855.05,860.35,855.05,860.35,424.0
2026-07-08 09:30:00+05:30,859.5,860.3,857.05,859.45,444.0
2026-07-08 09:35:00+05:30,859.45,859.45,856.05,856.05,201.0
2026-07-08 09:40:00+05:30,857.3,857.45,856.0,856.6,329.0
2026-07-08 09:45:00+05:30,855.0,857.0,855.0,855.35,242.0
2026-07-08 09:50:00+05:30,857.0,857.0,854.1,854.5,264.0
2026-07-08 09:55:00+05:30,854.6,855.0,853.1,853.1,101.0
2026-07-08 10:00:00+05:30,852.95,854.05,851.7,854.05,185.0
2026-07-08 10:05:00+05:30,854.05,857.95,854.05,857.95,336.0
2026-07-08 10:10:00+05:30,856.7,857.05,848.8,850.0,1352.0
2026-07-08 10:15:00+05:30,850.0,852.0,850.0,851.4,443.0
2026-07-08 10:20:00+05:30,850.0,852.0,850.0,851.65,721.0
2026-07-08 10:25:00+05:30,851.65,853.85,849.75,849.75,2869.0
2026-07-08 10:30:00+05:30,850.0,850.0,846.8,847.95,492.0
2026-07-08 10:35:00+05:30,848.7,850.4,848.7,849.9,339.0
2026-07-08 10:40:00+05:30,849.9,850.0,849.8,850.0,741.0
2026-07-08 10:45:00+05:30,851.85,855.3,851.85,853.9,1960.0
2026-07-08 10:50:00+05:30,853.65,853.65,849.9,851.0,805.0
2026-07-08 10:55:00+05:30,851.0,851.95,850.6,850.6,66.0
2026-07-08 11:00:00+05:30,850.6,852.4,850.35,850.5,83.0
2026-07-08 11:05:00+05:30,850.5,850.7,850.5,850.7,30.0
2026-07-08 11:10:00+05:30,851.8,852.95,851.8,852.95,22.0
2026-07-08 11:15:00+05:30,851.3,852.4,850.5,850.5,58.0
2026-07-08 11:20:00+05:30,850.5,850.5,850.5,850.5,0.0
2026-07-08 11:25:00+05:30,852.1,852.75,851.6,852.75,134.0
2026-07-08 11:30:00+05:30,851.15,852.45,851.15,851.5,133.0
2026-07-08 11:35:00+05:30,851.5,852.25,850.15,850.15,124.0
2026-07-08 11:40:00+05:30,850.15,850.15,849.8,850.0,483.0
2026-07-08 11:45:00+05:30,850.0,850.0,850.0,850.0,749.0
2026-07-08 11:50:00+05:30,850.0,851.15,849.3,849.3,1349.0
2026-07-08 11:55:00+05:30,848.4,848.4,846.65,846.65,254.0
2026-07-08 12:00:00+05:30,846.65,848.0,846.65,847.2,81.0
2026-07-08 12:05:00+05:30,848.35,849.6,848.35,848.9,70.0
2026-07-08 12:10:00+05:30,849.0,849.4,846.65,846.65,505.0
2026-07-08 12:15:00+05:30,846.8,848.3,844.0,845.0,3749.0
2026-07-08 12:20:00+05:30,845.0,848.35,845.0,848.3,1698.0
2026-07-08 12:25:00+05:30,847.0,848.2,843.4,847.0,1990.0
2026-07-08 12:30:00+05:30,847.0,847.0,845.0,845.0,141.0
2026-07-08 12:35:00+05:30,845.0,845.75,844.35,845.45,58.0
2026-07-08 12:40:00+05:30,845.45,845.6,844.35,844.35,89.0
2026-07-08 12:45:00+05:30,844.35,845.8,843.9,845.0,171.0
2026-07-08 12:50:00+05:30,845.0,845.25,843.0,845.25,421.0
2026-07-08 12:55:00+05:30,845.2,845.2,845.2,845.2,8.0
2026-07-08 13:00:00+05:30,845.2,845.65,842.05,842.05,250.0
2026-07-08 13:05:00+05:30,841.15,843.35,841.1,843.35,851.0
2026-07-08 13:10:00+05:30,845.2,845.2,845.2,845.2,64.0
2026-07-08 13:15:00+05:30,845.2,845.2,843.5,843.5,192.0
2026-07-08 13:20:00+05:30,843.4,845.8,842.65,845.8,240.0
2026-07-08 13:25:00+05:30,845.8,845.8,844.1,844.1,52.0
2026-07-08 13:30:00+05:30,844.1,844.1,844.1,844.1,0.0
2026-07-08 13:35:00+05:30,844.1,845.3,842.1,842.1,663.0
2026-07-08 13:40:00+05:30,844.35,844.6,842.6,842.6,109.0
2026-07-08 13:45:00+05:30,842.6,842.85,842.1,842.85,1176.0
2026-07-08 13:50:00+05:30,842.1,842.1,839.0,839.0,1822.0
2026-07-08 13:55:00+05:30,839.0,839.95,837.9,839.95,753.0
2026-07-08 14:00:00+05:30,838.0,838.0,835.0,835.0,540.0
2026-07-08 14:05:00+05:30,833.05,834.35,831.65,832.8,1160.0
2026-07-08 14:10:00+05:30,831.65,833.95,831.0,831.3,788.0
2026-07-08 14:15:00+05:30,831.05,833.2,828.8,831.0,1170.0
2026-07-08 14:20:00+05:30,831.0,832.3,830.05,831.05,172.0
2026-07-08 14:25:00+05:30,831.5,832.9,825.6,827.75,2021.0
2026-07-08 14:30:00+05:30,827.75,832.3,827.75,828.65,518.0
2026-07-08 14:35:00+05:30,829.85,831.25,827.7,829.8,329.0
2026-07-08 14:40:00+05:30,829.8,830.0,825.55,829.45,1029.0
2026-07-08 14:45:00+05:30,827.0,828.7,825.05,827.75,820.0
2026-07-08 14:50:00+05:30,827.1,828.8,825.05,826.15,428.0
2026-07-08 14:55:00+05:30,826.15,827.0,822.3,826.0,781.0
2026-07-08 15:00:00+05:30,826.85,829.45,825.05,827.0,613.0
2026-07-08 15:05:00+05:30,825.55,828.95,820.0,828.95,1510.0
2026-07-08 15:10:00+05:30,827.0,827.85,825.95,827.85,395.0
2026-07-08 15:15:00+05:30,827.55,828.45,826.05,826.9,1913.0
2026-07-08 15:20:00+05:30,827.25,830.2,824.7,830.2,5778.0
2026-07-08 15:25:00+05:30,830.2,841.0,829.7,830.0,2628.0
2026-07-09 09:15:00+05:30,831.0,842.4,831.0,839.45,151.0
2026-07-09 09:20:00+05:30,837.2,840.0,837.2,840.0,74.0
2026-07-09 09:25:00+05:30,840.0,841.65,834.6,834.6,2854.0
2026-07-09 09:30:00+05:30,834.65,835.0,830.2,834.9,5964.0
2026-07-09 09:35:00+05:30,832.5,835.2,832.5,835.2,7765.0
2026-07-09 09:40:00+05:30,836.0,836.4,835.6,836.4,225.0
2026-07-09 09:45:00+05:30,836.85,836.9,832.8,835.25,502.0
2026-07-09 09:50:00+05:30,835.25,836.2,831.6,834.35,825.0
2026-07-09 09:55:00+05:30,834.65,834.65,831.0,831.0,131.0
2026-07-09 10:00:00+05:30,831.0,834.05,831.0,833.8,13.0
2026-07-09 10:05:00+05:30,834.2,834.2,832.6,832.6,672.0
2026-07-09 10:10:00+05:30,830.6,833.9,830.6,833.9,358.0
2026-07-09 10:15:00+05:30,834.2,835.85,833.65,833.65,355.0
2026-07-09 10:20:00+05:30,832.2,834.45,832.0,833.9,423.0
2026-07-09 10:25:00+05:30,833.9,834.15,832.0,832.0,190.0
2026-07-09 10:30:00+05:30,832.0,834.2,832.0,834.15,143.0
2026-07-09 10:35:00+05:30,834.15,834.15,831.8,831.8,132.0
2026-07-09 10:40:00+05:30,831.8,831.9,830.0,831.9,326.0
2026-07-09 10:45:00+05:30,830.95,832.8,830.7,831.6,190.0
2026-07-09 10:50:00+05:30,832.0,832.85,831.0,831.05,253.0
2026-07-09 10:55:00+05:30,831.05,832.65,827.6,828.0,615.0
2026-07-09 11:00:00+05:30,828.7,829.3,828.0,829.3,105.0
2026-07-09 11:05:00+05:30,828.0,830.0,828.0,828.45,687.0
2026-07-09 11:10:00+05:30,828.6,830.25,828.6,829.8,117.0
2026-07-09 11:15:00+05:30,828.5,830.65,826.8,826.8,335.0
2026-07-09 11:20:00+05:30,828.9,829.0,826.75,828.15,196.0
2026-07-09 11:25:00+05:30,827.0,829.95,827.0,829.0,431.0
2026-07-09 11:30:00+05:30,830.05,833.15,830.05,831.0,498.0
2026-07-09 11:35:00+05:30,831.5,831.5,829.0,830.4,350.0
2026-07-09 11:40:00+05:30,831.45,831.45,829.7,829.7,247.0
2026-07-09 11:45:00+05:30,830.3,832.35,829.25,830.15,136.0
2026-07-09 11:50:00+05:30,830.15,834.4,830.05,834.4,674.0
2026-07-09 11:55:00+05:30,832.0,832.3,830.2,830.85,667.0
2026-07-09 12:00:00+05:30,830.85,834.0,830.85,834.0,296.0
2026-07-09 12:05:00+05:30,834.25,834.9,832.25,832.95,659.0
2026-07-09 12:10:00+05:30,833.35,833.35,831.0,831.0,529.0
2026-07-09 12:15:00+05:30,832.05,832.05,830.45,831.65,56.0
2026-07-09 12:20:00+05:30,830.5,831.75,830.1,831.35,65.0
2026-07-09 12:25:00+05:30,831.0,831.2,829.95,829.95,67.0
2026-07-09 12:30:00+05:30,831.05,831.05,829.35,829.35,183.0
2026-07-09 12:35:00+05:30,830.4,830.4,826.7,826.7,957.0
2026-07-09 12:40:00+05:30,827.0,828.45,827.0,827.1,150.0
2026-07-09 12:45:00+05:30,827.1,828.6,827.1,828.6,351.0
2026-07-09 12:50:00+05:30,827.0,827.0,827.0,827.0,232.0
2026-07-09 12:55:00+05:30,827.0,827.0,826.0,827.0,278.0
2026-07-09 13:00:00+05:30,828.1,828.95,827.15,827.55,220.0
2026-07-09 13:05:00+05:30,827.55,828.55,827.55,827.65,46.0
2026-07-09 13:10:00+05:30,828.55,828.85,827.5,827.5,251.0
2026-07-09 13:15:00+05:30,828.05,828.1,827.5,827.5,51.0
2026-07-09 13:20:00+05:30,828.1,828.1,827.6,827.6,54.0
2026-07-09 13:25:00+05:30,827.6,827.8,827.6,827.65,103.0
2026-07-09 13:30:00+05:30,827.5,831.4,827.5,829.3,1005.0
2026-07-09 13:35:00+05:30,829.3,829.3,827.5,827.5,1293.0
2026-07-09 13:40:00+05:30,827.5,829.45,827.5,828.9,253.0
2026-07-09 13:45:00+05:30,828.9,828.9,823.8,825.9,3397.0
2026-07-09 13:50:00+05:30,825.9,826.85,825.9,826.85,2.0
2026-07-09 13:55:00+05:30,826.85,826.85,825.0,825.75,195.0
2026-07-09 14:00:00+05:30,825.75,827.65,825.75,826.75,74.0
2026-07-09 14:05:00+05:30,827.95,827.95,826.0,827.1,237.0
2026-07-09 14:10:00+05:30,827.1,827.1,823.5,823.5,1013.0
2026-07-09 14:15:00+05:30,823.5,825.45,823.5,825.15,213.0
2026-07-09 14:20:00+05:30,825.15,826.9,825.1,825.95,498.0
2026-07-09 14:25:00+05:30,825.95,827.2,823.6,826.4,409.0
2026-07-09 14:30:00+05:30,826.4,827.0,826.4,827.0,130.0
2026-07-09 14:35:00+05:30,827.0,827.0,824.65,826.2,223.0
2026-07-09 14:40:00+05:30,826.6,826.6,824.95,826.15,133.0
2026-07-09 14:45:00+05:30,825.5,827.05,824.75,827.05,501.0
2026-07-09 14:50:00+05:30,827.0,827.0,824.55,827.0,357.0
2026-07-09 14:55:00+05:30,826.0,826.95,826.0,826.0,405.0
2026-07-09 15:00:00+05:30,826.0,827.0,823.0,825.6,1982.0
2026-07-09 15:05:00+05:30,825.6,826.95,825.25,826.95,91.0
2026-07-09 15:10:00+05:30,825.85,826.0,825.2,825.2,111.0
2026-07-09 15:15:00+05:30,824.8,827.35,824.05,827.35,1944.0
2026-07-09 15:20:00+05:30,826.4,826.9,824.9,826.85,500.0
2026-07-09 15:25:00+05:30,826.65,829.4,826.0,828.0,1572.0
2026-07-10 09:15:00+05:30,839.0,839.0,827.3,832.15,237.0
2026-07-10 09:20:00+05:30,832.15,836.9,832.15,834.0,99.0
2026-07-10 09:25:00+05:30,835.35,837.25,834.45,837.25,175.0
2026-07-10 09:30:00+05:30,837.05,847.8,837.05,845.35,703.0
2026-07-10 09:35:00+05:30,843.3,843.95,841.1,843.7,325.0
2026-07-10 09:40:00+05:30,843.7,845.0,842.4,845.0,687.0
2026-07-10 09:45:00+05:30,845.0,845.15,836.1,837.75,1200.0
2026-07-10 09:50:00+05:30,837.75,839.9,836.65,836.65,433.0
2026-07-10 09:55:00+05:30,836.6,836.6,834.1,834.8,40.0
2026-07-10 10:00:00+05:30,835.05,836.45,834.0,834.0,389.0
2026-07-10 10:05:00+05:30,834.0,834.0,833.95,834.0,734.0
2026-07-10 10:10:00+05:30,834.0,836.0,834.0,836.0,564.0
2026-07-10 10:15:00+05:30,836.0,836.0,835.5,836.0,453.0
2026-07-10 10:20:00+05:30,836.0,836.0,834.35,836.0,475.0
2026-07-10 10:25:00+05:30,833.2,835.5,833.2,834.75,73.0
2026-07-10 10:30:00+05:30,835.65,836.0,834.95,836.0,296.0
2026-07-10 10:35:00+05:30,836.0,836.0,834.8,834.8,456.0
2026-07-10 10:40:00+05:30,835.95,835.95,834.1,835.9,1418.0
2026-07-10 10:45:00+05:30,833.95,835.85,833.95,835.85,1346.0
2026-07-10 10:50:00+05:30,835.85,836.0,834.4,835.8,302.0
2026-07-10 10:55:00+05:30,835.8,836.0,835.8,835.95,37.0
2026-07-10 11:00:00+05:30,836.0,836.0,835.1,836.0,735.0
2026-07-10 11:05:00+05:30,836.0,837.65,835.3,836.0,2495.0
2026-07-10 11:10:00+05:30,836.0,836.0,836.0,836.0,78.0
2026-07-10 11:15:00+05:30,836.0,836.0,836.0,836.0,911.0
2026-07-10 11:20:00+05:30,836.0,836.0,835.9,836.0,145.0
2026-07-10 11:25:00+05:30,836.0,836.0,835.8,835.95,376.0
2026-07-10 11:30:00+05:30,835.95,836.0,835.0,836.0,131.0
2026-07-10 11:35:00+05:30,836.0,836.0,834.15,835.3,260.0
2026-07-10 11:40:00+05:30,835.6,835.9,834.3,834.6,261.0
2026-07-10 11:45:00+05:30,834.0,836.0,833.0,834.65,1044.0
2026-07-10 11:50:00+05:30,834.65,834.65,834.45,834.45,4.0
2026-07-10 11:55:00+05:30,832.3,836.4,832.3,834.75,861.0
2026-07-10 12:00:00+05:30,834.75,836.0,834.75,835.15,152.0
2026-07-10 12:05:00+05:30,835.95,836.0,834.55,834.8,306.0
2026-07-10 12:10:00+05:30,834.8,835.1,834.8,835.1,104.0
2026-07-10 12:15:00+05:30,835.1,835.45,834.45,834.45,92.0
2026-07-10 12:20:00+05:30,834.45,834.75,834.45,834.75,60.0
2026-07-10 12:25:00+05:30,835.45,836.0,834.1,836.0,312.0
2026-07-10 12:30:00+05:30,834.1,835.95,834.1,835.95,178.0
2026-07-10 12:35:00+05:30,835.95,835.95,834.15,834.15,52.0
2026-07-10 12:40:00+05:30,835.45,835.6,834.6,835.1,148.0
2026-07-10 12:45:00+05:30,835.1,836.0,835.1,835.35,257.0
2026-07-10 12:50:00+05:30,835.35,836.0,835.35,836.0,3.0
2026-07-10 12:55:00+05:30,836.0,836.0,836.0,836.0,0.0
2026-07-10 13:00:00+05:30,835.0,836.0,834.1,834.55,521.0
2026-07-10 13:05:00+05:30,834.55,834.55,834.1,834.1,81.0
2026-07-10 13:10:00+05:30,835.0,835.0,834.0,834.0,448.0
2026-07-10 13:15:00+05:30,834.0,834.2,832.0,834.2,696.0
2026-07-10 13:20:00+05:30,834.2,834.5,832.6,832.6,55.0
2026-07-10 13:25:00+05:30,833.65,833.65,831.0,833.25,1131.0
2026-07-10 13:30:00+05:30,833.25,833.25,833.25,833.25,1.0
2026-07-10 13:35:00+05:30,833.25,834.0,833.1,833.1,218.0
2026-07-10 13:40:00+05:30,833.1,833.25,833.1,833.25,10.0
2026-07-10 13:45:00+05:30,833.25,834.0,833.25,834.0,101.0
2026-07-10 13:50:00+05:30,834.0,836.25,832.85,832.85,2389.0
2026-07-10 13:55:00+05:30,833.0,833.0,833.0,833.0,25.0
2026-07-10 14:00:00+05:30,833.0,833.0,833.0,833.0,50.0
2026-07-10 14:05:00+05:30,833.0,833.0,833.0,833.0,566.0
2026-07-10 14:10:00+05:30,833.0,833.0,832.95,832.95,171.0
2026-07-10 14:15:00+05:30,832.95,833.0,832.95,833.0,43.0
2026-07-10 14:20:00+05:30,833.0,833.0,833.0,833.0,47.0
2026-07-10 14:25:00+05:30,833.0,833.0,833.0,833.0,271.0
2026-07-10 14:30:00+05:30,832.45,833.0,832.45,833.0,203.0
2026-07-10 14:35:00+05:30,833.0,833.0,832.75,832.75,355.0
2026-07-10 14:40:00+05:30,832.8,833.0,832.75,832.85,1430.0
2026-07-10 14:45:00+05:30,833.0,833.0,832.0,832.75,1032.0
2026-07-10 14:50:00+05:30,832.75,833.0,832.05,833.0,162.0
2026-07-10 14:55:00+05:30,833.0,833.0,829.9,830.0,2050.0
2026-07-10 15:00:00+05:30,830.0,830.0,829.9,830.0,1322.0
2026-07-10 15:05:00+05:30,830.0,830.0,829.9,829.9,81.0
2026-07-10 15:10:00+05:30,829.9,833.4,828.9,830.0,554.0
2026-07-10 15:15:00+05:30,830.0,830.0,828.9,829.05,831.0
2026-07-10 15:20:00+05:30,829.05,830.25,828.9,830.0,804.0
2026-07-10 15:25:00+05:30,830.0,830.5,829.95,830.0,1295.0
2026-07-13 09:15:00+05:30,828.0,836.6,826.0,834.7,1723.0
2026-07-13 09:20:00+05:30,836.4,839.8,836.4,836.6,469.0
2026-07-13 09:25:00+05:30,837.25,837.55,835.0,837.25,1087.0
2026-07-13 09:30:00+05:30,837.55,837.55,836.7,837.55,532.0
2026-07-13 09:35:00+05:30,837.55,837.55,833.1,835.6,872.0
2026-07-13 09:40:00+05:30,835.6,843.5,830.55,843.5,2074.0
2026-07-13 09:45:00+05:30,843.9,850.95,843.9,848.95,3165.0
2026-07-13 09:50:00+05:30,849.9,849.9,845.35,846.5,1411.0
2026-07-13 09:55:00+05:30,847.25,848.0,845.0,846.0,435.0
2026-07-13 10:00:00+05:30,846.7,847.95,846.7,847.0,624.0
2026-07-13 10:05:00+05:30,847.95,848.0,845.55,846.95,815.0
2026-07-13 10:10:00+05:30,846.95,847.0,845.25,846.5,103.0
2026-07-13 10:15:00+05:30,846.4,846.95,846.4,846.95,25.0
2026-07-13 10:20:00+05:30,846.95,847.0,845.15,846.0,89.0
2026-07-13 10:25:00+05:30,846.9,846.95,845.5,845.5,195.0
2026-07-13 10:30:00+05:30,845.5,849.9,845.5,849.9,750.0
2026-07-13 10:35:00+05:30,848.65,849.0,848.05,849.0,856.0
2026-07-13 10:40:00+05:30,848.2,851.0,848.2,849.75,959.0
2026-07-13 10:45:00+05:30,852.0,852.0,849.4,849.4,1022.0
2026-07-13 10:50:00+05:30,849.4,849.4,846.1,846.15,734.0
2026-07-13 10:55:00+05:30,846.15,847.6,845.0,846.45,1612.0
2026-07-13 11:00:00+05:30,846.45,846.45,845.0,845.05,215.0
2026-07-13 11:05:00+05:30,845.05,846.9,845.05,846.0,63.0
2026-07-13 11:10:00+05:30,846.0,848.75,846.0,848.75,136.0
2026-07-13 11:15:00+05:30,848.0,848.0,846.0,847.15,42.0
2026-07-13 11:20:00+05:30,847.15,847.35,847.15,847.35,235.0
2026-07-13 11:25:00+05:30,847.25,847.25,847.2,847.2,24.0
2026-07-13 11:30:00+05:30,847.2,847.9,847.2,847.9,45.0
2026-07-13 11:35:00+05:30,847.9,849.65,847.4,849.45,1257.0
2026-07-13 11:40:00+05:30,849.0,851.95,849.0,849.5,3876.0
2026-07-13 11:45:00+05:30,849.6,849.9,849.6,849.8,122.0
2026-07-13 11:50:00+05:30,848.35,848.35,845.9,847.0,150.0
2026-07-13 11:55:00+05:30,847.0,847.0,846.0,846.0,70.0
2026-07-13 12:00:00+05:30,847.45,847.7,846.0,847.5,96.0
2026-07-13 12:05:00+05:30,847.5,847.6,846.05,847.6,91.0
2026-07-13 12:10:00+05:30,847.6,848.45,847.6,848.45,63.0
2026-07-13 12:15:00+05:30,848.45,848.45,846.85,846.85,4.0
2026-07-13 12:20:00+05:30,847.7,848.0,846.8,847.25,159.0
2026-07-13 12:25:00+05:30,847.25,848.5,847.25,848.5,89.0
2026-07-13 12:30:00+05:30,848.5,848.5,847.6,847.6,137.0
2026-07-13 12:35:00+05:30,846.95,847.7,846.35,847.4,1734.0
2026-07-13 12:40:00+05:30,847.4,850.8,847.4,850.8,4300.0
2026-07-13 12:45:00+05:30,850.8,850.8,849.4,849.85,126.0
2026-07-13 12:50:00+05:30,849.85,850.35,849.85,850.25,38.0
2026-07-13 12:55:00+05:30,849.5,849.5,845.55,847.2,608.0
2026-07-13 13:00:00+05:30,847.2,850.05,847.2,848.9,85.0
2026-07-13 13:05:00+05:30,848.9,849.6,848.45,848.45,119.0
2026-07-13 13:10:00+05:30,848.45,849.35,847.05,847.05,177.0
2026-07-13 13:15:00+05:30,847.05,848.5,847.05,848.5,77.0
2026-07-13 13:20:00+05:30,848.5,849.45,847.35,847.9,246.0
2026-07-13 13:25:00+05:30,847.9,848.9,847.5,848.4,209.0
2026-07-13 13:30:00+05:30,848.4,848.85,848.4,848.85,25.0
2026-07-13 13:35:00+05:30,845.0,848.1,845.0,847.7,685.0
2026-07-13 13:40:00+05:30,847.7,849.5,847.7,849.5,70.0
2026-07-13 13:45:00+05:30,849.5,851.0,849.1,851.0,638.0
2026-07-13 13:50:00+05:30,851.0,851.0,850.8,850.8,1.0
2026-07-13 13:55:00+05:30,850.8,850.8,849.6,849.6,33.0
2026-07-13 14:00:00+05:30,849.6,849.95,849.45,849.45,82.0
2026-07-13 14:05:00+05:30,849.8,849.8,849.8,849.8,11.0
2026-07-13 14:10:00+05:30,850.0,850.0,849.6,850.0,24.0
2026-07-13 14:15:00+05:30,850.0,850.0,849.65,849.65,1276.0
2026-07-13 14:20:00+05:30,849.65,850.0,849.65,850.0,299.0
2026-07-13 14:25:00+05:30,850.0,850.0,849.65,849.65,70.0
2026-07-13 14:30:00+05:30,849.65,850.0,849.65,850.0,12.0
2026-07-13 14:35:00+05:30,850.0,850.0,849.6,850.0,650.0
2026-07-13 14:40:00+05:30,849.45,850.0,848.0,848.2,767.0
2026-07-13 14:45:00+05:30,849.4,849.9,848.2,848.2,45.0
2026-07-13 14:50:00+05:30,848.2,849.65,848.2,849.65,58.0
2026-07-13 14:55:00+05:30,849.65,850.2,849.65,850.2,4595.0
2026-07-13 15:00:00+05:30,850.2,853.0,850.2,851.45,525.0
2026-07-13 15:05:00+05:30,851.55,851.55,851.0,851.0,228.0
2026-07-13 15:10:00+05:30,851.35,853.05,851.35,853.05,360.0
2026-07-13 15:15:00+05:30,853.05,853.4,852.05,852.5,776.0
2026-07-13 15:20:00+05:30,852.1,852.5,851.95,852.4,853.0
2026-07-13 15:25:00+05:30,852.4,853.45,851.5,853.45,1757.0
2026-07-14 09:15:00+05:30,857.85,865.0,851.0,865.0,3940.0
2026-07-14 09:20:00+05:30,864.9,869.45,863.0,864.15,2816.0
2026-07-14 09:25:00+05:30,863.9,863.9,858.7,861.9,1721.0
2026-07-14 09:30:00+05:30,869.0,869.0,860.75,863.4,2707.0
2026-07-14 09:35:00+05:30,863.9,869.95,863.9,869.95,433.0
2026-07-14 09:40:00+05:30,870.0,870.0,861.2,861.2,1249.0
2026-07-14 09:45:00+05:30,861.2,861.2,857.75,857.75,2685.0
2026-07-14 09:50:00+05:30,857.75,859.3,857.1,858.75,323.0
2026-07-14 09:55:00+05:30,858.85,858.9,857.0,858.0,4278.0
2026-07-14 10:00:00+05:30,858.0,861.65,858.0,861.65,190.0
2026-07-14 10:05:00+05:30,861.6,861.6,860.0,861.6,53.0
2026-07-14 10:10:00+05:30,861.6,861.6,856.75,858.05,501.0
2026-07-14 10:15:00+05:30,858.05,858.05,855.0,855.0,747.0
2026-07-14 10:20:00+05:30,855.0,855.3,854.05,854.95,565.0
2026-07-14 10:25:00+05:30,854.95,855.05,853.1,853.1,228.0
2026-07-14 10:30:00+05:30,853.05,853.05,853.05,853.05,50.0
2026-07-14 10:35:00+05:30,854.85,856.45,854.85,855.0,361.0
2026-07-14 10:40:00+05:30,855.0,855.1,855.0,855.1,117.0
2026-07-14 10:45:00+05:30,855.1,855.1,853.3,854.9,29.0
2026-07-14 10:50:00+05:30,854.9,858.0,854.9,858.0,825.0
2026-07-14 10:55:00+05:30,858.0,858.55,856.2,858.55,102.0
2026-07-14 11:00:00+05:30,857.35,857.5,856.7,856.7,111.0
2026-07-14 11:05:00+05:30,856.7,856.7,856.7,856.7,0.0
2026-07-14 11:10:00+05:30,856.7,856.7,853.3,853.3,132.0
2026-07-14 11:15:00+05:30,853.3,854.55,853.3,854.55,7.0
2026-07-14 11:20:00+05:30,854.5,855.9,854.15,855.9,198.0
2026-07-14 11:25:00+05:30,855.9,857.2,854.05,855.05,306.0
2026-07-14 11:30:00+05:30,856.8,857.2,855.05,856.25,278.0
2026-07-14 11:35:00+05:30,856.25,857.6,856.2,856.2,126.0
2026-07-14 11:40:00+05:30,856.2,856.2,855.8,855.8,4.0
2026-07-14 11:45:00+05:30,855.8,857.45,855.1,855.1,687.0
2026-07-14 11:50:00+05:30,855.1,855.1,855.0,855.0,229.0
2026-07-14 11:55:00+05:30,854.0,855.0,853.4,853.4,168.0
2026-07-14 12:00:00+05:30,853.4,855.0,852.05,852.15,1187.0
2026-07-14 12:05:00+05:30,855.0,858.0,853.65,855.0,609.0
2026-07-14 12:10:00+05:30,855.0,855.0,855.0,855.0,3.0
2026-07-14 12:15:00+05:30,853.05,853.05,853.05,853.05,200.0
2026-07-14 12:20:00+05:30,853.0,853.0,851.55,852.45,925.0
2026-07-14 12:25:00+05:30,852.45,852.45,849.05,850.0,889.0
2026-07-14 12:30:00+05:30,850.0,850.8,850.0,850.8,61.0
2026-07-14 12:35:00+05:30,850.8,854.9,850.8,852.2,699.0
2026-07-14 12:40:00+05:30,852.65,853.65,851.65,852.8,48.0
2026-07-14 12:45:00+05:30,852.8,853.55,852.8,853.55,1.0
2026-07-14 12:50:00+05:30,853.55,853.55,851.2,851.85,122.0
2026-07-14 12:55:00+05:30,851.85,853.7,851.85,852.35,71.0
2026-07-14 13:00:00+05:30,852.35,852.35,852.35,852.35,0.0
2026-07-14 13:05:00+05:30,852.05,852.4,852.0,852.0,179.0
2026-07-14 13:10:00+05:30,852.0,854.0,852.0,852.1,216.0
2026-07-14 13:15:00+05:30,852.1,852.9,852.1,852.9,9.0
2026-07-14 13:20:00+05:30,852.9,853.2,852.9,853.2,25.0
2026-07-14 13:25:00+05:30,853.5,853.5,853.0,853.1,552.0
2026-07-14 13:30:00+05:30,853.1,853.15,852.2,852.2,6.0
2026-07-14 13:35:00+05:30,852.2,852.2,852.0,852.0,348.0
2026-07-14 13:40:00+05:30,850.75,850.85,850.0,850.0,105.0
2026-07-14 13:45:00+05:30,849.55,849.55,849.05,849.05,121.0
2026-07-14 13:50:00+05:30,849.05,849.05,849.05,849.05,0.0
2026-07-14 13:55:00+05:30,849.05,854.0,849.05,854.0,715.0
2026-07-14 14:00:00+05:30,854.0,854.0,850.0,850.95,915.0
2026-07-14 14:05:00+05:30,850.95,852.1,850.55,850.55,101.0
2026-07-14 14:10:00+05:30,850.55,850.55,850.0,850.0,1.0
2026-07-14 14:15:00+05:30,850.0,851.05,850.0,851.05,12.0
2026-07-14 14:20:00+05:30,852.3,852.3,852.3,852.3,500.0
2026-07-14 14:25:00+05:30,852.45,858.0,852.45,856.0,1247.0
2026-07-14 14:30:00+05:30,857.6,857.6,856.95,856.95,11.0
2026-07-14 14:35:00+05:30,856.95,856.95,854.55,854.55,30.0
2026-07-14 14:40:00+05:30,855.95,858.0,854.2,854.2,690.0
2026-07-14 14:45:00+05:30,854.0,856.2,853.15,856.2,1064.0
2026-07-14 14:50:00+05:30,854.1,858.0,854.1,857.9,510.0
2026-07-14 14:55:00+05:30,856.95,856.95,854.65,855.1,95.0
2026-07-14 15:00:00+05:30,857.0,857.85,853.1,856.4,1115.0
2026-07-14 15:05:00+05:30,855.85,858.35,854.35,855.85,885.0
2026-07-14 15:10:00+05:30,856.0,857.15,853.8,854.95,258.0
2026-07-14 15:15:00+05:30,854.75,855.95,849.7,849.9,2999.0
2026-07-14 15:20:00+05:30,849.9,850.0,849.9,850.0,1066.0
2026-07-14 15:25:00+05:30,849.05,849.6,844.2,849.4,2826.0
2026-07-15 09:15:00+05:30,852.0,859.5,846.2,853.0,1621.0
2026-07-15 09:20:00+05:30,851.9,854.65,847.1,848.35,235.0
2026-07-15 09:25:00+05:30,849.45,849.45,847.6,848.65,230.0
2026-07-15 09:30:00+05:30,849.8,850.7,849.5,850.0,175.0
2026-07-15 09:35:00+05:30,850.2,850.9,850.2,850.55,82.0
2026-07-15 09:40:00+05:30,850.8,851.0,849.0,849.0,110.0
2026-07-15 09:45:00+05:30,849.8,849.8,847.6,847.6,996.0
2026-07-15 09:50:00+05:30,847.6,847.8,846.1,847.8,1175.0
2026-07-15 09:55:00+05:30,848.0,850.9,848.0,848.0,471.0
2026-07-15 10:00:00+05:30,848.0,848.25,847.3,848.15,236.0
2026-07-15 10:05:00+05:30,848.1,848.1,847.0,847.35,186.0
2026-07-15 10:10:00+05:30,847.35,848.9,847.35,848.9,204.0
2026-07-15 10:15:00+05:30,848.9,848.9,846.1,846.1,498.0
2026-07-15 10:20:00+05:30,846.25,846.25,846.25,846.25,25.0
2026-07-15 10:25:00+05:30,846.25,847.45,846.25,847.45,66.0
2026-07-15 10:30:00+05:30,847.45,847.95,843.1,843.5,1880.0
2026-07-15 10:35:00+05:30,843.5,846.25,843.5,845.85,325.0
2026-07-15 10:40:00+05:30,846.0,849.45,846.0,849.0,2089.0
2026-07-15 10:45:00+05:30,849.0,849.45,845.6,846.4,517.0
2026-07-15 10:50:00+05:30,845.9,847.8,843.5,844.45,904.0
2026-07-15 10:55:00+05:30,844.2,847.7,844.2,846.4,637.0
2026-07-15 11:00:00+05:30,845.45,847.2,844.75,845.85,301.0
2026-07-15 11:05:00+05:30,844.8,845.6,844.75,844.8,74.0
2026-07-15 11:10:00+05:30,844.75,847.45,844.75,845.3,676.0
2026-07-15 11:15:00+05:30,845.05,846.95,844.85,846.8,489.0
2026-07-15 11:20:00+05:30,845.5,846.4,845.35,845.4,416.0
2026-07-15 11:25:00+05:30,845.35,845.35,844.35,844.35,132.0
2026-07-15 11:30:00+05:30,844.1,845.5,844.0,844.0,97.0
2026-07-15 11:35:00+05:30,843.75,845.4,843.75,845.4,81.0
2026-07-15 11:40:00+05:30,843.9,846.0,843.85,843.85,206.0
2026-07-15 11:45:00+05:30,843.8,844.8,843.55,844.8,106.0
2026-07-15 11:50:00+05:30,843.6,844.55,843.6,843.6,68.0
2026-07-15 11:55:00+05:30,843.6,843.6,841.0,841.1,970.0
2026-07-15 12:00:00+05:30,841.05,842.7,837.9,838.85,1940.0
2026-07-15 12:05:00+05:30,838.8,840.7,838.8,840.65,231.0
2026-07-15 12:10:00+05:30,840.65,840.9,838.1,839.75,742.0
2026-07-15 12:15:00+05:30,839.9,841.1,839.75,839.75,215.0
2026-07-15 12:20:00+05:30,839.75,840.5,839.6,839.6,247.0
2026-07-15 12:25:00+05:30,839.35,840.6,839.35,839.75,93.0
2026-07-15 12:30:00+05:30,840.0,840.0,840.0,840.0,63.0
2026-07-15 12:35:00+05:30,840.0,840.6,839.0,839.0,697.0
2026-07-15 12:40:00+05:30,839.0,839.0,838.05,838.95,1068.0
2026-07-15 12:45:00+05:30,838.7,840.0,838.5,838.5,82.0
2026-07-15 12:50:00+05:30,838.5,839.2,836.55,836.95,655.0
2026-07-15 12:55:00+05:30,837.0,838.2,831.4,835.0,2386.0
2026-07-15 13:00:00+05:30,835.35,838.0,835.1,837.95,759.0
2026-07-15 13:05:00+05:30,838.95,838.95,835.0,835.6,870.0
2026-07-15 13:10:00+05:30,835.7,835.9,835.0,835.0,776.0
2026-07-15 13:15:00+05:30,835.0,836.3,835.0,836.3,234.0
2026-07-15 13:20:00+05:30,836.05,837.95,835.0,837.95,419.0
2026-07-15 13:25:00+05:30,836.25,840.6,835.25,840.6,40918.0
2026-07-15 13:30:00+05:30,839.2,839.2,837.6,837.85,64.0
2026-07-15 13:35:00+05:30,837.75,839.45,836.45,838.25,663.0
2026-07-15 13:40:00+05:30,837.05,839.35,836.75,839.35,550.0
2026-07-15 13:45:00+05:30,838.4,839.45,838.15,838.9,766.0
2026-07-15 13:50:00+05:30,838.4,841.05,837.3,840.45,822.0
2026-07-15 13:55:00+05:30,840.2,840.35,839.85,840.0,1619.0
2026-07-15 14:00:00+05:30,840.05,840.1,840.0,840.1,1860.0
2026-07-15 14:05:00+05:30,840.15,841.5,840.05,841.5,338.0
2026-07-15 14:10:00+05:30,840.05,841.15,840.05,840.15,91.0
2026-07-15 14:15:00+05:30,840.5,843.4,840.5,842.15,244.0
2026-07-15 14:20:00+05:30,841.9,843.0,841.65,843.0,255.0
2026-07-15 14:25:00+05:30,843.0,843.55,841.7,843.4,587.0
2026-07-15 14:30:00+05:30,842.3,843.2,842.3,843.0,231.0
2026-07-15 14:35:00+05:30,843.0,844.15,843.0,843.65,555.0
2026-07-15 14:40:00+05:30,843.55,845.2,843.55,843.55,177.0
2026-07-15 14:45:00+05:30,843.6,844.95,843.0,843.2,241.0
2026-07-15 14:50:00+05:30,843.6,844.0,839.35,840.2,1154.0
2026-07-15 14:55:00+05:30,840.25,842.1,840.0,840.0,663.0
2026-07-15 15:00:00+05:30,840.0,841.4,840.0,840.0,317.0
2026-07-15 15:05:00+05:30,840.0,840.15,840.0,840.1,65.0
2026-07-15 15:10:00+05:30,840.0,841.15,840.0,840.95,175.0
2026-07-15 15:15:00+05:30,841.0,842.4,840.0,841.45,1580.0
2026-07-15 15:20:00+05:30,841.6,842.0,838.6,838.6,1666.0
2026-07-15 15:25:00+05:30,838.25,839.35,836.1,838.45,1609.0
2026-07-16 09:15:00+05:30,838.3,844.35,834.5,835.05,2010.0
2026-07-16 09:20:00+05:30,837.4,837.4,831.05,833.8,1098.0
2026-07-16 09:25:00+05:30,833.0,835.85,833.0,834.5,1503.0
2026-07-16 09:30:00+05:30,833.0,833.0,831.1,833.0,939.0
2026-07-16 09:35:00+05:30,833.0,833.1,832.0,832.65,375.0
2026-07-16 09:40:00+05:30,835.0,839.0,835.0,839.0,2065.0
2026-07-16 09:45:00+05:30,840.0,842.55,839.2,839.35,637.0
2026-07-16 09:50:00+05:30,839.35,839.35,837.6,837.85,484.0
2026-07-16 09:55:00+05:30,837.85,837.85,836.55,836.55,112.0
2026-07-16 10:00:00+05:30,837.45,847.95,836.9,845.8,2272.0
2026-07-16 10:05:00+05:30,845.3,845.3,840.95,841.55,1143.0
2026-07-16 10:10:00+05:30,841.6,843.1,841.45,841.45,86.0
2026-07-16 10:15:00+05:30,843.05,843.9,840.95,843.9,481.0
2026-07-16 10:20:00+05:30,843.9,843.9,842.15,842.15,49.0
2026-07-16 10:25:00+05:30,842.15,843.1,842.15,842.95,12.0
2026-07-16 10:30:00+05:30,842.8,845.0,842.8,845.0,380.0
2026-07-16 10:35:00+05:30,845.9,848.35,845.0,847.25,716.0
2026-07-16 10:40:00+05:30,846.6,848.0,846.6,848.0,543.0
2026-07-16 10:45:00+05:30,848.0,848.45,846.15,847.4,1244.0
2026-07-16 10:50:00+05:30,847.95,848.5,847.0,847.85,1222.0
2026-07-16 10:55:00+05:30,848.55,850.0,847.65,849.0,2037.0
2026-07-16 11:00:00+05:30,849.0,850.95,849.0,850.55,1970.0
2026-07-16 11:05:00+05:30,850.55,850.55,849.1,849.65,250.0
2026-07-16 11:10:00+05:30,849.0,849.2,845.6,846.35,1119.0
2026-07-16 11:15:00+05:30,846.35,846.35,845.5,845.5,176.0
2026-07-16 11:20:00+05:30,848.45,848.6,847.4,848.6,1176.0
2026-07-16 11:25:00+05:30,848.6,848.6,847.15,847.15,57.0
2026-07-16 11:30:00+05:30,846.65,850.0,845.65,848.05,1200.0
2026-07-16 11:35:00+05:30,847.95,850.0,847.35,847.35,925.0
2026-07-16 11:40:00+05:30,847.35,847.35,847.1,847.35,74.0
2026-07-16 11:45:00+05:30,847.0,848.25,847.0,848.25,38.0
2026-07-16 11:50:00+05:30,848.25,849.4,848.25,848.5,227.0
2026-07-16 11:55:00+05:30,848.2,849.45,844.95,846.45,454.0
2026-07-16 12:00:00+05:30,847.4,847.4,845.95,847.0,227.0
2026-07-16 12:05:00+05:30,847.3,847.9,847.3,847.9,111.0
2026-07-16 12:10:00+05:30,847.9,848.35,847.55,848.35,84.0
2026-07-16 12:15:00+05:30,847.75,847.75,847.75,847.75,134.0
2026-07-16 12:20:00+05:30,849.5,851.9,849.5,850.55,1741.0
2026-07-16 12:25:00+05:30,850.55,851.0,850.55,851.0,100.0
2026-07-16 12:30:00+05:30,848.85,849.6,847.0,849.6,2244.0
2026-07-16 12:35:00+05:30,841.3,847.5,841.3,847.0,2804.0
2026-07-16 12:40:00+05:30,847.5,848.6,847.5,848.6,68.0
2026-07-16 12:45:00+05:30,849.0,849.0,848.65,848.65,60.0
2026-07-16 12:50:00+05:30,848.65,849.25,847.8,847.8,185.0
2026-07-16 12:55:00+05:30,849.5,849.5,846.7,846.85,319.0
2026-07-16 13:00:00+05:30,846.5,847.0,846.15,847.0,63.0
2026-07-16 13:05:00+05:30,847.0,848.9,847.0,848.9,166.0
2026-07-16 13:10:00+05:30,848.9,848.9,848.9,848.9,0.0
2026-07-16 13:15:00+05:30,847.0,847.5,846.95,847.4,2742.0
2026-07-16 13:20:00+05:30,847.4,847.4,847.4,847.4,14.0
2026-07-16 13:25:00+05:30,847.4,847.4,847.4,847.4,0.0
2026-07-16 13:30:00+05:30,846.6,847.0,846.6,847.0,404.0
2026-07-16 13:35:00+05:30,848.2,848.2,846.15,847.35,800.0
2026-07-16 13:40:00+05:30,847.35,848.05,847.0,847.0,221.0
2026-07-16 13:45:00+05:30,847.0,847.0,847.0,847.0,5.0
2026-07-16 13:50:00+05:30,847.0,853.85,847.0,852.95,4271.0
2026-07-16 13:55:00+05:30,852.5,858.0,849.15,857.5,6733.0
2026-07-16 14:00:00+05:30,856.2,861.05,852.3,860.0,5001.0
2026-07-16 14:05:00+05:30,860.0,869.0,858.45,863.45,6723.0
2026-07-16 14:10:00+05:30,863.45,863.45,857.25,861.45,1883.0
2026-07-16 14:15:00+05:30,861.45,869.95,860.0,868.45,2283.0
2026-07-16 14:20:00+05:30,866.65,868.45,857.55,865.9,4415.0
2026-07-16 14:25:00+05:30,866.4,866.4,861.0,863.45,222.0
2026-07-16 14:30:00+05:30,863.8,865.2,856.7,861.3,9843.0
2026-07-16 14:35:00+05:30,861.0,861.0,857.25,857.65,843.0
2026-07-16 14:40:00+05:30,858.35,858.35,845.3,849.0,6194.0
2026-07-16 14:45:00+05:30,849.6,852.45,848.8,849.85,616.0
2026-07-16 14:50:00+05:30,849.85,849.85,845.0,845.05,1560.0
2026-07-16 14:55:00+05:30,845.0,845.1,841.3,844.15,1525.0
2026-07-16 15:00:00+05:30,844.0,851.0,843.95,850.75,2254.0
2026-07-16 15:05:00+05:30,850.65,852.95,850.65,852.0,1268.0
2026-07-16 15:10:00+05:30,853.45,853.9,850.9,850.9,613.0
2026-07-16 15:15:00+05:30,851.15,852.05,850.2,850.2,296.0
2026-07-16 15:20:00+05:30,850.2,852.8,850.2,851.5,1537.0
2026-07-16 15:25:00+05:30,851.5,852.0,848.9,849.5,7183.0
2026-07-17 09:15:00+05:30,850.25,854.75,846.5,847.85,198.0
2026-07-17 09:20:00+05:30,847.3,849.45,846.45,846.45,450.0
2026-07-17 09:25:00+05:30,846.45,846.45,843.0,843.9,446.0
2026-07-17 09:30:00+05:30,843.85,843.85,842.0,843.25,71.0
2026-07-17 09:35:00+05:30,844.0,846.75,842.5,844.65,1031.0
2026-07-17 09:40:00+05:30,843.2,843.3,842.25,842.25,219.0
2026-07-17 09:45:00+05:30,843.9,843.9,840.15,840.3,433.0
2026-07-17 09:50:00+05:30,843.45,843.45,841.0,842.25,238.0
2026-07-17 09:55:00+05:30,842.25,842.45,834.9,836.05,1309.0
2026-07-17 10:00:00+05:30,838.5,838.5,836.1,836.1,782.0
2026-07-17 10:05:00+05:30,837.8,839.4,837.3,837.3,180.0
2026-07-17 10:10:00+05:30,839.05,841.9,839.05,840.5,201.0
2026-07-17 10:15:00+05:30,841.2,841.2,839.0,841.2,128.0
2026-07-17 10:20:00+05:30,842.95,842.95,842.45,842.45,49.0
2026-07-17 10:25:00+05:30,843.05,843.05,835.2,839.35,2097.0
2026-07-17 10:30:00+05:30,838.3,840.45,837.55,839.5,244.0
2026-07-17 10:35:00+05:30,839.5,839.5,836.6,836.6,115.0
2026-07-17 10:40:00+05:30,838.95,840.05,838.9,840.05,236.0
2026-07-17 10:45:00+05:30,840.05,843.95,839.6,843.9,215.0
2026-07-17 10:50:00+05:30,843.9,844.1,842.25,842.25,153.0
2026-07-17 10:55:00+05:30,840.9,844.9,840.9,844.9,154.0
2026-07-17 11:00:00+05:30,844.9,846.95,843.8,845.8,373.0
2026-07-17 11:05:00+05:30,845.85,846.35,845.7,846.35,114.0
2026-07-17 11:10:00+05:30,846.35,846.6,842.75,842.75,155.0
2026-07-17 11:15:00+05:30,842.2,845.35,842.2,845.35,181.0
2026-07-17 11:20:00+05:30,845.35,846.15,844.3,844.8,113.0
2026-07-17 11:25:00+05:30,844.65,844.65,842.35,844.5,231.0
2026-07-17 11:30:00+05:30,844.5,844.9,839.2,839.6,487.0
2026-07-17 11:35:00+05:30,840.0,841.95,837.15,840.8,829.0
2026-07-17 11:40:00+05:30,840.85,842.35,833.25,838.2,3535.0
2026-07-17 11:45:00+05:30,839.05,841.15,838.6,841.15,358.0
2026-07-17 11:50:00+05:30,839.95,846.9,839.9,846.85,1427.0
2026-07-17 11:55:00+05:30,846.85,847.6,846.55,846.85,122.0
2026-07-17 12:00:00+05:30,846.55,847.15,840.1,842.8,2777.0
2026-07-17 12:05:00+05:30,842.7,842.7,840.15,841.95,92.0
2026-07-17 12:10:00+05:30,841.95,842.7,839.6,840.3,234.0
2026-07-17 12:15:00+05:30,840.15,841.9,840.15,841.7,90.0
2026-07-17 12:20:00+05:30,841.85,843.6,840.8,843.6,206.0
2026-07-17 12:25:00+05:30,843.55,844.25,842.05,842.9,235.0
2026-07-17 12:30:00+05:30,842.9,843.45,842.9,843.45,91.0
2026-07-17 12:35:00+05:30,843.5,844.15,842.4,843.6,142.0
2026-07-17 12:40:00+05:30,843.85,844.75,841.55,843.55,287.0
2026-07-17 12:45:00+05:30,843.2,844.85,843.2,844.55,165.0
2026-07-17 12:50:00+05:30,844.85,845.95,844.05,844.55,169.0
2026-07-17 12:55:00+05:30,844.2,845.45,844.0,844.05,98.0
2026-07-17 13:00:00+05:30,845.4,845.4,841.55,843.45,240.0
2026-07-17 13:05:00+05:30,843.45,843.45,842.55,843.45,112.0
2026-07-17 13:10:00+05:30,843.45,843.45,843.45,843.45,116.0
2026-07-17 13:15:00+05:30,843.45,847.85,840.45,842.65,4544.0
2026-07-17 13:20:00+05:30,842.8,844.2,842.7,843.3,286.0
2026-07-17 13:25:00+05:30,843.05,844.0,841.35,842.1,300.0
2026-07-17 13:30:00+05:30,842.15,845.6,842.15,845.5,291.0
2026-07-17 13:35:00+05:30,845.5,846.1,839.75,846.1,3811.0
2026-07-17 13:40:00+05:30,846.1,846.95,846.1,846.8,270.0
2026-07-17 13:45:00+05:30,846.95,848.7,846.2,848.7,614.0
2026-07-17 13:50:00+05:30,848.75,848.95,847.25,847.9,149.0
2026-07-17 13:55:00+05:30,847.7,852.3,845.9,849.95,4993.0
2026-07-17 14:00:00+05:30,849.95,850.45,848.25,848.5,289.0
2026-07-17 14:05:00+05:30,848.65,849.45,846.15,847.8,199.0
2026-07-17 14:10:00+05:30,847.65,850.0,847.05,850.0,442.0
2026-07-17 14:15:00+05:30,850.0,852.2,849.4,849.4,574.0
2026-07-17 14:20:00+05:30,849.4,850.0,849.4,850.0,60.0
2026-07-17 14:25:00+05:30,850.3,850.3,847.95,849.85,468.0
2026-07-17 14:30:00+05:30,849.85,850.0,846.0,849.1,246.0
2026-07-17 14:35:00+05:30,849.0,849.55,846.5,848.65,324.0
2026-07-17 14:40:00+05:30,848.9,849.65,848.75,849.65,111.0
2026-07-17 14:45:00+05:30,849.5,849.95,846.5,848.55,255.0
2026-07-17 14:50:00+05:30,849.15,849.45,846.55,848.0,266.0
2026-07-17 14:55:00+05:30,848.25,849.95,846.5,848.6,252.0
2026-07-17 15:00:00+05:30,846.85,847.4,845.0,846.3,515.0
2026-07-17 15:05:00+05:30,847.4,847.95,844.35,845.55,709.0
2026-07-17 15:10:00+05:30,845.5,846.45,841.95,844.25,1421.0
2026-07-17 15:15:00+05:30,844.1,845.2,843.45,844.55,860.0
2026-07-17 15:20:00+05:30,844.5,846.35,843.45,846.35,2372.0
2026-07-17 15:25:00+05:30,844.6,846.4,841.7,842.1,2411.0
2026-07-20 09:15:00+05:30,840.0,852.35,840.0,849.4,2846.0
2026-07-20 09:20:00+05:30,849.4,857.1,849.4,854.75,651.0
2026-07-20 09:25:00+05:30,854.75,855.95,849.0,849.0,437.0
2026-07-20 09:30:00+05:30,850.95,853.1,850.95,853.0,162.0
2026-07-20 09:35:00+05:30,854.9,854.95,852.85,854.95,381.0
2026-07-20 09:40:00+05:30,854.95,854.95,852.85,852.85,5.0
2026-07-20 09:45:00+05:30,852.25,854.15,852.25,854.15,80.0
2026-07-20 09:50:00+05:30,851.55,851.65,847.55,851.65,815.0
2026-07-20 09:55:00+05:30,851.65,860.0,851.65,856.2,2649.0
2026-07-20 10:00:00+05:30,856.0,856.0,853.5,853.5,134.0
2026-07-20 10:05:00+05:30,853.5,856.0,850.0,850.0,1251.0
2026-07-20 10:10:00+05:30,850.0,853.8,850.0,853.0,299.0
2026-07-20 10:15:00+05:30,853.0,853.0,850.2,852.95,502.0
2026-07-20 10:20:00+05:30,852.95,852.95,850.55,852.95,110.0
2026-07-20 10:25:00+05:30,852.95,852.95,850.65,850.65,138.0
2026-07-20 10:30:00+05:30,850.85,853.05,850.7,853.05,70.0
2026-07-20 10:35:00+05:30,853.05,853.05,851.05,852.8,48.0
2026-07-20 10:40:00+05:30,851.6,855.45,851.15,855.45,329.0
2026-07-20 10:45:00+05:30,854.4,865.0,853.85,857.15,3096.0
2026-07-20 10:50:00+05:30,857.15,865.0,857.15,860.7,656.0
2026-07-20 10:55:00+05:30,860.7,864.7,858.1,858.1,312.0
2026-07-20 11:00:00+05:30,858.1,859.3,858.0,858.0,12.0
2026-07-20 11:05:00+05:30,858.0,860.0,858.0,858.0,92.0
2026-07-20 11:10:00+05:30,858.0,859.75,857.9,859.6,127.0
2026-07-20 11:15:00+05:30,859.6,859.6,859.6,859.6,0.0
2026-07-20 11:20:00+05:30,859.6,859.6,857.9,857.9,16.0
2026-07-20 11:25:00+05:30,857.7,858.6,857.7,857.9,17.0
2026-07-20 11:30:00+05:30,857.9,867.0,857.25,867.0,1354.0
2026-07-20 11:35:00+05:30,864.05,867.0,863.7,864.5,477.0
2026-07-20 11:40:00+05:30,864.5,864.5,863.0,863.55,208.0
2026-07-20 11:45:00+05:30,866.0,869.9,865.15,867.7,1488.0
2026-07-20 11:50:00+05:30,867.7,867.7,863.85,865.0,419.0
2026-07-20 11:55:00+05:30,865.0,865.0,863.6,863.9,153.0
2026-07-20 12:00:00+05:30,863.9,865.0,863.6,863.6,39.0
2026-07-20 12:05:00+05:30,862.55,864.4,862.45,864.4,31.0
2026-07-20 12:10:00+05:30,864.4,870.0,864.4,867.4,3279.0
2026-07-20 12:15:00+05:30,867.4,872.1,865.0,872.1,2452.0
2026-07-20 12:20:00+05:30,873.1,876.4,872.55,873.5,3489.0
2026-07-20 12:25:00+05:30,873.5,873.5,869.5,871.3,4175.0
2026-07-20 12:30:00+05:30,871.75,873.3,871.55,873.3,141.0
2026-07-20 12:35:00+05:30,871.7,876.0,871.7,875.25,1709.0
2026-07-20 12:40:00+05:30,875.2,876.1,874.6,874.6,628.0
2026-07-20 12:45:00+05:30,874.6,876.05,874.6,875.1,459.0
2026-07-20 12:50:00+05:30,875.1,876.4,874.2,874.35,448.0
2026-07-20 12:55:00+05:30,874.35,875.0,873.05,873.8,156.0
2026-07-20 13:00:00+05:30,874.95,875.35,874.95,875.35,94.0
2026-07-20 13:05:00+05:30,873.55,873.55,873.55,873.55,100.0
2026-07-20 13:10:00+05:30,874.3,875.35,873.75,874.0,398.0
2026-07-20 13:15:00+05:30,875.0,876.4,875.0,875.0,197.0
2026-07-20 13:20:00+05:30,874.2,876.3,874.2,876.15,515.0
2026-07-20 13:25:00+05:30,874.7,876.15,874.7,876.15,34.0
2026-07-20 13:30:00+05:30,875.2,875.2,872.85,873.9,294.0
2026-07-20 13:35:00+05:30,873.9,874.75,873.9,874.75,60.0
2026-07-20 13:40:00+05:30,874.75,875.15,874.2,874.25,244.0
2026-07-20 13:45:00+05:30,874.25,874.25,870.75,872.4,604.0
2026-07-20 13:50:00+05:30,872.4,872.4,869.5,870.3,604.0
2026-07-20 13:55:00+05:30,871.0,871.0,871.0,871.0,182.0
2026-07-20 14:00:00+05:30,871.0,871.0,869.75,869.75,116.0
2026-07-20 14:05:00+05:30,870.5,871.0,869.5,869.5,277.0
2026-07-20 14:10:00+05:30,871.0,871.0,871.0,871.0,621.0
2026-07-20 14:15:00+05:30,871.0,871.0,870.8,870.9,65.0
2026-07-20 14:20:00+05:30,870.9,872.0,869.0,871.4,1166.0
2026-07-20 14:25:00+05:30,871.4,871.4,871.0,871.0,27.0
2026-07-20 14:30:00+05:30,871.0,871.95,871.0,871.05,207.0
2026-07-20 14:35:00+05:30,871.05,871.05,871.0,871.0,21.0
2026-07-20 14:40:00+05:30,871.0,872.3,871.0,872.3,56.0
2026-07-20 14:45:00+05:30,872.3,872.4,871.15,871.3,310.0
2026-07-20 14:50:00+05:30,872.0,872.4,871.45,871.45,52.0
2026-07-20 14:55:00+05:30,871.45,872.4,871.45,872.4,65.0
2026-07-20 15:00:00+05:30,871.6,872.4,868.8,870.2,2168.0
2026-07-20 15:05:00+05:30,871.0,873.1,870.9,871.6,1393.0
2026-07-20 15:10:00+05:30,871.8,872.4,870.0,871.0,277.0
2026-07-20 15:15:00+05:30,870.35,871.75,869.9,871.45,1522.0
2026-07-20 15:20:00+05:30,871.45,873.4,870.6,873.4,1325.0
2026-07-20 15:25:00+05:30,872.2,874.0,869.5,873.0,2774.0
2026-07-21 09:15:00+05:30,871.0,879.3,861.05,861.65,1591.0
2026-07-21 09:20:00+05:30,864.55,864.6,862.05,863.55,398.0
2026-07-21 09:25:00+05:30,864.1,865.15,862.55,862.55,213.0
2026-07-21 09:30:00+05:30,863.45,866.65,863.45,866.65,170.0
2026-07-21 09:35:00+05:30,866.6,867.6,864.3,867.45,232.0
2026-07-21 09:40:00+05:30,866.4,870.0,865.0,869.1,1781.0
2026-07-21 09:45:00+05:30,869.1,871.4,869.1,869.9,265.0
2026-07-21 09:50:00+05:30,872.0,875.55,870.55,872.35,833.0
2026-07-21 09:55:00+05:30,872.95,872.95,870.05,870.05,64.0
2026-07-21 10:00:00+05:30,870.05,870.05,865.2,865.2,55.0
2026-07-21 10:05:00+05:30,865.75,865.75,865.2,865.2,23.0
2026-07-21 10:10:00+05:30,865.2,866.4,865.2,866.2,37.0
2026-07-21 10:15:00+05:30,866.2,867.9,865.2,866.0,269.0
2026-07-21 10:20:00+05:30,867.85,867.85,866.0,866.0,90.0
2026-07-21 10:25:00+05:30,867.7,867.7,866.0,867.2,56.0
2026-07-21 10:30:00+05:30,867.2,867.2,867.0,867.0,1.0
2026-07-21 10:35:00+05:30,867.0,867.0,867.0,867.0,0.0
2026-07-21 10:40:00+05:30,867.0,867.0,867.0,867.0,0.0
2026-07-21 10:45:00+05:30,867.0,867.15,867.0,867.15,28.0
2026-07-21 10:50:00+05:30,867.0,867.1,867.0,867.1,59.0
2026-07-21 10:55:00+05:30,867.0,867.0,867.0,867.0,50.0
2026-07-21 11:00:00+05:30,864.05,867.4,864.05,866.2,530.0
2026-07-21 11:05:00+05:30,867.05,868.45,866.95,867.05,312.0
2026-07-21 11:10:00+05:30,867.05,869.0,867.05,867.8,309.0
2026-07-21 11:15:00+05:30,867.7,868.85,866.55,868.85,43.0
2026-07-21 11:20:00+05:30,867.3,867.3,867.3,867.3,4.0
2026-07-21 11:25:00+05:30,867.3,869.3,867.3,867.35,109.0
2026-07-21 11:30:00+05:30,867.35,867.35,867.35,867.35,0.0
2026-07-21 11:35:00+05:30,868.5,869.45,868.5,869.45,142.0
2026-07-21 11:40:00+05:30,869.45,869.85,868.6,868.6,3.0
2026-07-21 11:45:00+05:30,868.2,869.45,868.1,868.1,113.0
2026-07-21 11:50:00+05:30,866.85,868.95,866.85,868.05,80.0
2026-07-21 11:55:00+05:30,869.9,871.85,869.0,869.75,255.0
2026-07-21 12:00:00+05:30,869.75,869.75,869.75,869.75,53.0
2026-07-21 12:05:00+05:30,869.75,870.95,868.7,869.6,72.0
2026-07-21 12:10:00+05:30,871.45,871.95,869.85,870.05,158.0
2026-07-21 12:15:00+05:30,870.05,875.55,870.05,873.55,1009.0
2026-07-21 12:20:00+05:30,873.25,873.25,873.25,873.25,63.0
2026-07-21 12:25:00+05:30,874.0,874.0,874.0,874.0,32.0
2026-07-21 12:30:00+05:30,874.0,874.0,874.0,874.0,60.0
2026-07-21 12:35:00+05:30,874.0,874.0,874.0,874.0,0.0
2026-07-21 12:40:00+05:30,874.0,875.0,873.0,875.0,276.0
2026-07-21 12:45:00+05:30,873.55,873.6,873.35,873.35,35.0
2026-07-21 12:50:00+05:30,873.45,876.0,872.45,876.0,336.0
2026-07-21 12:55:00+05:30,876.0,876.95,874.45,874.45,126.0
2026-07-21 13:00:00+05:30,877.35,877.35,874.2,874.2,130.0
2026-07-21 13:05:00+05:30,874.2,874.2,874.0,874.05,2.0
2026-07-21 13:10:00+05:30,874.05,874.25,873.6,873.6,103.0
2026-07-21 13:15:00+05:30,875.0,875.45,873.05,875.45,286.0
2026-07-21 13:20:00+05:30,875.45,875.45,875.45,875.45,0.0
2026-07-21 13:25:00+05:30,877.0,877.3,875.4,875.45,315.0
2026-07-21 13:30:00+05:30,875.45,876.9,873.05,873.05,597.0
2026-07-21 13:35:00+05:30,873.05,876.55,873.05,875.45,291.0
2026-07-21 13:40:00+05:30,877.8,878.0,874.55,876.05,483.0
2026-07-21 13:45:00+05:30,876.05,878.0,876.05,878.0,137.0
2026-07-21 13:50:00+05:30,878.0,879.0,877.0,879.0,976.0
2026-07-21 13:55:00+05:30,879.0,880.9,877.15,880.0,2980.0
2026-07-21 14:00:00+05:30,880.0,889.0,880.0,887.5,1057.0
2026-07-21 14:05:00+05:30,889.5,890.0,885.05,886.0,1699.0
2026-07-21 14:10:00+05:30,886.45,886.55,885.0,885.0,190.0
2026-07-21 14:15:00+05:30,885.0,886.8,885.0,886.0,135.0
2026-07-21 14:20:00+05:30,885.35,885.35,885.0,885.0,292.0
2026-07-21 14:25:00+05:30,885.0,885.05,882.05,883.0,322.0
2026-07-21 14:30:00+05:30,883.0,884.45,882.05,882.05,109.0
2026-07-21 14:35:00+05:30,882.05,887.0,882.05,885.05,535.0
2026-07-21 14:40:00+05:30,886.7,886.7,883.55,885.75,337.0
2026-07-21 14:45:00+05:30,884.2,886.0,883.2,885.6,209.0
2026-07-21 14:50:00+05:30,886.0,886.0,881.65,881.65,537.0
2026-07-21 14:55:00+05:30,880.8,883.45,879.95,881.95,649.0
2026-07-21 15:00:00+05:30,882.6,884.35,881.7,884.35,185.0
2026-07-21 15:05:00+05:30,884.2,884.2,879.6,882.0,926.0
2026-07-21 15:10:00+05:30,881.5,881.5,876.3,881.15,4985.0
2026-07-21 15:15:00+05:30,881.9,882.55,881.45,881.75,339.0
2026-07-21 15:20:00+05:30,882.55,883.0,881.65,882.6,510.0
2026-07-21 15:25:00+05:30,882.65,884.2,880.0,880.25,2176.0
2026-07-22 09:15:00+05:30,880.5,894.0,878.0,883.1,3442.0
2026-07-22 09:20:00+05:30,883.1,890.45,880.1,880.1,1761.0
2026-07-22 09:25:00+05:30,877.8,879.75,872.0,872.0,1746.0
2026-07-22 09:30:00+05:30,873.3,877.45,872.0,872.05,861.0
2026-07-22 09:35:00+05:30,871.9,874.25,870.5,872.0,702.0
2026-07-22 09:40:00+05:30,870.8,870.8,867.8,867.8,951.0
2026-07-22 09:45:00+05:30,868.4,871.05,867.75,868.0,842.0
2026-07-22 09:50:00+05:30,867.0,873.2,865.65,873.2,1508.0
2026-07-22 09:55:00+05:30,870.7,873.25,870.0,871.75,211.0
2026-07-22 10:00:00+05:30,868.75,870.95,868.75,869.35,503.0
2026-07-22 10:05:00+05:30,869.35,869.35,869.05,869.05,72.0
2026-07-22 10:10:00+05:30,868.55,870.6,868.5,869.25,354.0
2026-07-22 10:15:00+05:30,869.25,869.25,866.4,866.4,35.0
2026-07-22 10:20:00+05:30,866.4,868.3,866.35,867.95,30.0
2026-07-22 10:25:00+05:30,867.0,867.0,862.35,863.45,722.0
2026-07-22 10:30:00+05:30,865.1,865.45,864.0,865.45,43.0
2026-07-22 10:35:00+05:30,865.45,865.45,863.8,863.8,53.0
2026-07-22 10:40:00+05:30,864.05,866.3,864.05,866.2,371.0
2026-07-22 10:45:00+05:30,866.2,867.45,866.2,867.45,16.0
2026-07-22 10:50:00+05:30,865.8,867.15,865.7,867.15,66.0
2026-07-22 10:55:00+05:30,867.3,868.3,864.1,868.3,446.0
2026-07-22 11:00:00+05:30,868.3,869.0,868.3,869.0,101.0
2026-07-22 11:05:00+05:30,868.9,868.9,866.1,866.1,21.0
2026-07-22 11:10:00+05:30,866.8,868.95,866.8,868.95,95.0
2026-07-22 11:15:00+05:30,868.2,868.2,868.2,868.2,7.0
2026-07-22 11:20:00+05:30,868.2,868.2,867.65,867.65,58.0
2026-07-22 11:25:00+05:30,868.85,868.85,868.8,868.8,6.0
2026-07-22 11:30:00+05:30,869.45,869.45,868.8,868.8,142.0
2026-07-22 11:35:00+05:30,868.8,868.8,867.0,868.1,81.0
2026-07-22 11:40:00+05:30,868.1,868.1,861.1,862.6,1660.0
2026-07-22 11:45:00+05:30,862.6,862.6,858.1,861.25,1356.0
2026-07-22 11:50:00+05:30,861.25,861.25,860.4,860.4,18.0
2026-07-22 11:55:00+05:30,859.95,860.45,859.95,860.45,65.0
2026-07-22 12:00:00+05:30,860.45,860.45,860.45,860.45,0.0
2026-07-22 12:05:00+05:30,860.45,860.45,858.45,858.45,150.0
2026-07-22 12:10:00+05:30,858.45,863.4,858.45,860.4,518.0
2026-07-22 12:15:00+05:30,860.4,865.0,860.4,862.7,571.0
2026-07-22 12:20:00+05:30,862.7,862.7,860.15,860.3,26.0
2026-07-22 12:25:00+05:30,860.65,864.45,860.65,864.45,208.0
2026-07-22 12:30:00+05:30,864.45,864.45,861.1,861.1,74.0
2026-07-22 12:35:00+05:30,861.1,866.65,861.1,866.65,488.0
2026-07-22 12:40:00+05:30,866.65,867.5,866.0,867.5,883.0
2026-07-22 12:45:00+05:30,867.7,868.0,867.0,867.0,632.0
2026-07-22 12:50:00+05:30,865.5,865.5,864.5,864.5,810.0
2026-07-22 12:55:00+05:30,864.9,865.0,862.55,862.55,355.0
2026-07-22 13:00:00+05:30,862.55,867.55,862.55,867.55,472.0
2026-07-22 13:05:00+05:30,867.9,867.9,866.6,867.8,55.0
2026-07-22 13:10:00+05:30,867.8,867.8,862.15,862.15,121.0
2026-07-22 13:15:00+05:30,862.15,862.15,862.15,862.15,0.0
2026-07-22 13:20:00+05:30,862.15,862.15,862.15,862.15,0.0
2026-07-22 13:25:00+05:30,862.15,863.2,862.15,863.2,100.0
2026-07-22 13:30:00+05:30,863.2,863.2,863.2,863.2,0.0
2026-07-22 13:35:00+05:30,865.0,866.4,864.05,866.4,130.0
2026-07-22 13:40:00+05:30,866.4,866.4,865.65,865.65,5.0
2026-07-22 13:45:00+05:30,865.65,865.65,863.0,865.1,251.0
2026-07-22 13:50:00+05:30,865.0,865.45,865.0,865.45,241.0
2026-07-22 13:55:00+05:30,865.45,865.45,864.7,864.7,71.0
2026-07-22 14:00:00+05:30,863.6,863.6,863.0,863.0,56.0
2026-07-22 14:05:00+05:30,864.75,865.25,863.0,863.0,107.0
2026-07-22 14:10:00+05:30,863.0,863.2,863.0,863.2,25.0
2026-07-22 14:15:00+05:30,863.2,876.4,863.2,874.4,3116.0
2026-07-22 14:20:00+05:30,874.3,879.45,874.3,874.95,371.0
2026-07-22 14:25:00+05:30,876.05,876.05,875.5,876.0,387.0
2026-07-22 14:30:00+05:30,876.0,879.9,875.65,877.65,299.0
2026-07-22 14:35:00+05:30,878.05,878.05,876.0,877.45,133.0
2026-07-22 14:40:00+05:30,876.1,876.1,875.8,875.85,56.0
2026-07-22 14:45:00+05:30,876.0,877.15,876.0,877.15,63.0
2026-07-22 14:50:00+05:30,874.0,874.0,870.05,872.45,3919.0
2026-07-22 14:55:00+05:30,872.45,872.45,868.55,868.55,38.0
2026-07-22 15:00:00+05:30,870.0,871.0,870.0,871.0,75.0
2026-07-22 15:05:00+05:30,871.0,871.0,869.35,871.0,495.0
2026-07-22 15:10:00+05:30,871.0,871.0,870.0,871.0,473.0
2026-07-22 15:15:00+05:30,871.1,874.55,866.6,871.0,539.0
2026-07-22 15:20:00+05:30,870.6,870.6,867.0,869.4,375.0
2026-07-22 15:25:00+05:30,869.4,870.95,868.2,870.0,610.0
2026-07-23 09:15:00+05:30,864.5,867.4,861.0,867.4,191.0
2026-07-23 09:20:00+05:30,867.5,868.9,865.05,867.75,275.0
2026-07-23 09:25:00+05:30,868.45,869.3,865.65,866.15,213.0
2026-07-23 09:30:00+05:30,867.0,868.05,866.15,866.65,41.0
2026-07-23 09:35:00+05:30,866.2,866.75,865.0,865.9,159.0
2026-07-23 09:40:00+05:30,863.05,863.05,862.15,862.2,112.0
2026-07-23 09:45:00+05:30,858.0,859.2,854.8,859.2,2853.0
2026-07-23 09:50:00+05:30,858.0,860.45,858.0,860.45,261.0
2026-07-23 09:55:00+05:30,860.45,860.45,851.05,858.0,1428.0
2026-07-23 10:00:00+05:30,859.45,863.85,858.25,863.4,142.0
2026-07-23 10:05:00+05:30,863.0,864.3,862.55,862.55,180.0
2026-07-23 10:10:00+05:30,862.0,864.4,859.7,859.7,841.0
2026-07-23 10:15:00+05:30,859.7,862.45,859.7,862.45,100.0
2026-07-23 10:20:00+05:30,860.55,862.95,858.6,861.45,326.0
2026-07-23 10:25:00+05:30,861.0,861.75,861.0,861.75,64.0
2026-07-23 10:30:00+05:30,861.75,862.5,861.75,862.5,2.0
2026-07-23 10:35:00+05:30,862.5,865.0,861.15,865.0,461.0
2026-07-23 10:40:00+05:30,868.0,870.0,868.0,870.0,1162.0
2026-07-23 10:45:00+05:30,871.7,871.7,868.95,869.75,67.0
2026-07-23 10:50:00+05:30,869.75,870.85,869.5,869.5,14.0
2026-07-23 10:55:00+05:30,870.85,870.85,870.8,870.8,6.0
2026-07-23 11:00:00+05:30,870.0,870.25,869.5,870.0,138.0
2026-07-23 11:05:00+05:30,870.0,870.0,868.55,868.55,46.0
2026-07-23 11:10:00+05:30,868.55,871.0,868.55,871.0,11.0
2026-07-23 11:15:00+05:30,871.0,872.0,871.0,872.0,201.0
2026-07-23 11:20:00+05:30,872.0,872.0,872.0,872.0,70.0
2026-07-23 11:25:00+05:30,869.95,870.0,869.7,870.0,18.0
2026-07-23 11:30:00+05:30,869.4,869.9,868.2,869.35,52.0
2026-07-23 11:35:00+05:30,869.35,869.35,867.15,868.55,136.0
2026-07-23 11:40:00+05:30,868.55,868.55,868.55,868.55,0.0
2026-07-23 11:45:00+05:30,868.55,869.05,866.4,866.4,65.0
2026-07-23 11:50:00+05:30,866.4,866.4,860.0,864.8,1974.0
2026-07-23 11:55:00+05:30,864.8,864.8,863.0,863.75,23.0
2026-07-23 12:00:00+05:30,863.75,865.25,863.75,865.25,5.0
2026-07-23 12:05:00+05:30,865.25,865.25,862.85,864.4,12.0
2026-07-23 12:10:00+05:30,864.4,865.9,863.0,865.0,404.0
2026-07-23 12:15:00+05:30,864.0,865.9,863.3,863.65,373.0
2026-07-23 12:20:00+05:30,863.65,863.75,863.55,863.55,7.0
2026-07-23 12:25:00+05:30,863.55,863.55,863.55,863.55,0.0
2026-07-23 12:30:00+05:30,863.55,864.15,863.25,864.15,295.0
2026-07-23 12:35:00+05:30,864.15,864.15,860.05,860.05,481.0
2026-07-23 12:40:00+05:30,858.2,861.15,857.65,857.65,500.0
2026-07-23 12:45:00+05:30,859.35,862.9,859.15,862.7,801.0
2026-07-23 12:50:00+05:30,862.7,862.7,862.7,862.7,0.0
2026-07-23 12:55:00+05:30,862.7,862.7,860.7,862.15,4.0
2026-07-23 13:00:00+05:30,862.15,863.0,860.45,862.2,26.0
2026-07-23 13:05:00+05:30,862.2,862.2,860.05,861.5,38.0
2026-07-23 13:10:00+05:30,860.0,861.65,860.0,860.5,151.0
2026-07-23 13:15:00+05:30,860.0,861.7,860.0,861.35,276.0
2026-07-23 13:20:00+05:30,860.0,861.1,860.0,860.95,6.0
2026-07-23 13:25:00+05:30,860.95,861.1,860.95,861.1,2.0
2026-07-23 13:30:00+05:30,861.1,861.1,861.1,861.1,1.0
2026-07-23 13:35:00+05:30,861.1,862.15,861.1,862.05,251.0
2026-07-23 13:40:00+05:30,862.05,862.95,862.05,862.05,252.0
2026-07-23 13:45:00+05:30,862.05,862.05,862.05,862.05,1.0
2026-07-23 13:50:00+05:30,862.0,862.95,862.0,862.95,25.0
2026-07-23 13:55:00+05:30,862.95,862.95,862.95,862.95,0.0
2026-07-23 14:00:00+05:30,862.95,862.95,862.95,862.95,37.0
2026-07-23 14:05:00+05:30,862.95,862.95,862.85,862.85,1.0
2026-07-23 14:10:00+05:30,862.85,862.95,862.85,862.85,10.0
2026-07-23 14:15:00+05:30,862.75,862.75,860.75,862.3,31.0
2026-07-23 14:20:00+05:30,862.1,862.3,860.05,862.3,123.0
2026-07-23 14:25:00+05:30,862.2,862.2,861.95,861.95,14.0
2026-07-23 14:30:00+05:30,862.2,862.75,861.05,862.65,72.0
2026-07-23 14:35:00+05:30,862.65,864.95,860.7,864.6,1559.0
2026-07-23 14:40:00+05:30,863.0,863.0,861.25,862.6,18.0
2026-07-23 14:45:00+05:30,862.6,863.0,860.0,862.95,250.0
2026-07-23 14:50:00+05:30,862.95,862.95,862.7,862.7,3.0
2026-07-23 14:55:00+05:30,862.7,862.7,862.7,862.7,0.0
2026-07-23 15:00:00+05:30,861.5,862.7,860.4,862.35,113.0
2026-07-23 15:05:00+05:30,862.2,863.55,862.05,862.8,315.0
2026-07-23 15:10:00+05:30,862.75,863.0,862.0,862.75,163.0
2026-07-23 15:15:00+05:30,862.95,863.65,861.4,863.0,190.0
2026-07-23 15:20:00+05:30,863.0,863.75,861.0,863.75,449.0
2026-07-23 15:25:00+05:30,863.75,863.8,852.2,859.95,1539.0
2026-07-24 09:15:00+05:30,861.45,861.45,851.1,851.15,573.0
2026-07-24 09:20:00+05:30,855.4,856.65,852.6,853.95,155.0
2026-07-24 09:25:00+05:30,852.05,852.15,844.1,850.0,1446.0
2026-07-24 09:30:00+05:30,847.5,852.95,847.5,851.35,433.0
2026-07-24 09:35:00+05:30,850.1,852.25,849.9,849.9,171.0
2026-07-24 09:40:00+05:30,848.15,851.65,847.55,850.0,263.0
2026-07-24 09:45:00+05:30,850.35,850.35,848.9,849.1,285.0
2026-07-24 09:50:00+05:30,848.75,849.9,846.45,849.9,151.0
2026-07-24 09:55:00+05:30,849.9,849.9,848.6,848.6,58.0
2026-07-24 10:00:00+05:30,847.85,848.7,847.85,848.0,52.0
2026-07-24 10:05:00+05:30,846.75,846.75,845.15,845.15,131.0
2026-07-24 10:10:00+05:30,846.6,846.6,838.6,839.95,1835.0
2026-07-24 10:15:00+05:30,840.0,841.85,838.65,840.0,1753.0
2026-07-24 10:20:00+05:30,840.0,840.25,838.6,838.6,541.0
2026-07-24 10:25:00+05:30,838.0,839.15,835.55,839.15,319.0
2026-07-24 10:30:00+05:30,838.75,838.75,836.4,837.6,153.0
2026-07-24 10:35:00+05:30,837.6,839.15,836.0,839.15,136.0
2026-07-24 10:40:00+05:30,839.95,841.0,838.7,838.7,451.0
2026-07-24 10:45:00+05:30,838.7,842.95,838.7,841.05,233.0
2026-07-24 10:50:00+05:30,842.0,844.35,840.0,840.0,2144.0
2026-07-24 10:55:00+05:30,841.45,841.45,839.8,840.0,172.0
2026-07-24 11:00:00+05:30,840.0,840.0,839.9,839.9,131.0
2026-07-24 11:05:00+05:30,839.9,839.9,838.5,838.5,41.0
2026-07-24 11:10:00+05:30,838.5,839.9,838.15,839.9,47.0
2026-07-24 11:15:00+05:30,839.9,840.0,839.9,840.0,215.0
2026-07-24 11:20:00+05:30,840.0,841.75,840.0,841.75,51.0
2026-07-24 11:25:00+05:30,841.75,841.85,840.0,840.0,85.0
2026-07-24 11:30:00+05:30,840.0,841.0,839.0,840.0,364.0
2026-07-24 11:35:00+05:30,840.0,840.75,840.0,840.75,12.0
2026-07-24 11:40:00+05:30,840.75,845.6,840.75,843.75,1180.0
2026-07-24 11:45:00+05:30,842.6,844.9,841.8,843.05,136.0
2026-07-24 11:50:00+05:30,843.05,844.9,840.7,842.8,589.0
2026-07-24 11:55:00+05:30,842.8,850.0,841.55,849.5,2084.0
2026-07-24 12:00:00+05:30,849.5,852.8,849.5,852.8,318.0
2026-07-24 12:05:00+05:30,851.45,852.6,851.15,852.6,129.0
2026-07-24 12:10:00+05:30,852.6,853.55,852.0,853.55,123.0
2026-07-24 12:15:00+05:30,853.55,854.8,852.65,854.8,141.0
2026-07-24 12:20:00+05:30,854.8,854.8,852.65,853.25,61.0
2026-07-24 12:25:00+05:30,853.25,855.05,853.25,855.0,233.0
2026-07-24 12:30:00+05:30,855.0,857.0,855.0,857.0,146.0
2026-07-24 12:35:00+05:30,857.0,857.0,854.65,854.65,50.0
2026-07-24 12:40:00+05:30,852.0,855.0,851.4,852.1,981.0
2026-07-24 12:45:00+05:30,852.1,852.1,851.05,851.05,309.0
2026-07-24 12:50:00+05:30,851.05,851.05,848.0,848.0,243.0
2026-07-24 12:55:00+05:30,848.0,848.0,848.0,848.0,0.0
2026-07-24 13:00:00+05:30,847.05,849.9,847.05,848.35,369.0
2026-07-24 13:05:00+05:30,846.55,846.55,845.55,845.9,74.0
2026-07-24 13:10:00+05:30,845.9,848.35,845.9,848.35,12.0
2026-07-24 13:15:00+05:30,848.35,848.7,848.35,848.7,121.0
2026-07-24 13:20:00+05:30,848.7,848.7,846.0,848.05,141.0
2026-07-24 13:25:00+05:30,848.05,852.45,847.7,852.45,1285.0
2026-07-24 13:30:00+05:30,852.45,852.9,852.45,852.9,141.0
2026-07-24 13:35:00+05:30,852.9,855.0,852.65,854.35,605.0
2026-07-24 13:40:00+05:30,854.35,854.35,851.5,852.9,29.0
2026-07-24 13:45:00+05:30,851.0,852.45,850.0,851.15,125.0
2026-07-24 13:50:00+05:30,850.9,855.0,850.9,855.0,421.0
2026-07-24 13:55:00+05:30,855.7,856.0,853.95,854.45,469.0
2026-07-24 14:00:00+05:30,854.45,854.45,854.45,854.45,0.0
2026-07-24 14:05:00+05:30,855.45,857.0,855.05,855.05,460.0
2026-07-24 14:10:00+05:30,855.05,855.05,855.05,855.05,0.0
2026-07-24 14:15:00+05:30,855.05,856.8,855.05,855.2,56.0
2026-07-24 14:20:00+05:30,856.5,856.5,854.05,854.05,43.0
2026-07-24 14:25:00+05:30,854.55,856.4,854.55,856.4,477.0
2026-07-24 14:30:00+05:30,856.4,856.4,854.55,856.0,145.0
2026-07-24 14:35:00+05:30,856.0,856.0,856.0,856.0,0.0
2026-07-24 14:40:00+05:30,857.25,857.45,855.05,855.05,312.0
2026-07-24 14:45:00+05:30,855.05,858.9,855.05,858.9,212.0
2026-07-24 14:50:00+05:30,858.1,862.0,858.1,859.7,331.0
2026-07-24 14:55:00+05:30,859.7,863.0,859.7,860.5,755.0
2026-07-24 15:00:00+05:30,860.9,860.9,858.0,859.4,421.0
2026-07-24 15:05:00+05:30,859.25,860.0,859.1,860.0,55.0
2026-07-24 15:10:00+05:30,860.0,863.95,859.0,860.2,723.0
2026-07-24 15:15:00+05:30,862.7,863.9,860.25,862.25,199.0
2026-07-24 15:20:00+05:30,862.0,862.65,861.0,862.0,364.0
2026-07-24 15:25:00+05:30,862.0,862.7,852.0,852.0,4193.0
2026-07-27 09:15:00+05:30,871.0,871.0,861.55,863.3,765.0
2026-07-27 09:20:00+05:30,863.0,874.0,863.0,870.3,3410.0
2026-07-27 09:25:00+05:30,870.15,872.95,868.05,869.6,2198.0
2026-07-27 09:30:00+05:30,872.0,872.0,866.6,866.85,284.0
2026-07-27 09:35:00+05:30,865.15,869.9,865.15,869.9,233.0
2026-07-27 09:40:00+05:30,869.9,869.9,866.0,866.0,215.0
2026-07-27 09:45:00+05:30,867.95,869.6,866.2,866.25,100.0
2026-07-27 09:50:00+05:30,865.0,866.15,863.6,865.0,219.0
2026-07-27 09:55:00+05:30,864.8,864.85,862.9,864.85,179.0
2026-07-27 10:00:00+05:30,865.0,868.95,864.85,867.0,415.0
2026-07-27 10:05:00+05:30,867.0,867.0,864.05,864.05,60.0
2026-07-27 10:10:00+05:30,865.6,865.6,864.1,864.1,127.0
2026-07-27 10:15:00+05:30,864.05,864.05,860.6,860.6,358.0
2026-07-27 10:20:00+05:30,862.8,863.45,862.8,863.0,95.0
2026-07-27 10:25:00+05:30,863.0,864.9,863.0,863.2,50.0
2026-07-27 10:30:00+05:30,863.2,864.25,861.15,861.15,40.0
2026-07-27 10:35:00+05:30,861.6,863.2,860.55,860.55,114.0
2026-07-27 10:40:00+05:30,860.55,862.95,860.0,861.3,334.0
2026-07-27 10:45:00+05:30,861.25,862.0,860.0,860.15,98.0
2026-07-27 10:50:00+05:30,860.0,861.9,860.0,860.0,122.0
2026-07-27 10:55:00+05:30,860.05,861.9,860.0,861.9,58.0
2026-07-27 11:00:00+05:30,860.3,861.45,859.05,859.95,129.0
2026-07-27 11:05:00+05:30,859.7,859.95,858.4,858.4,103.0
2026-07-27 11:10:00+05:30,858.45,858.5,858.4,858.4,156.0
2026-07-27 11:15:00+05:30,858.4,861.45,858.2,858.2,381.0
2026-07-27 11:20:00+05:30,858.4,860.1,857.45,859.15,122.0
2026-07-27 11:25:00+05:30,859.05,860.45,858.75,858.75,55.0
2026-07-27 11:30:00+05:30,858.7,860.05,858.3,858.55,62.0
2026-07-27 11:35:00+05:30,858.35,859.95,858.3,858.5,61.0
2026-07-27 11:40:00+05:30,858.35,859.95,858.3,858.55,47.0
2026-07-27 11:45:00+05:30,858.55,860.95,858.3,859.3,102.0
2026-07-27 11:50:00+05:30,859.1,859.1,857.6,858.05,68.0
2026-07-27 11:55:00+05:30,858.1,858.1,857.45,857.65,92.0
2026-07-27 12:00:00+05:30,857.65,859.3,857.15,857.2,48.0
2026-07-27 12:05:00+05:30,857.2,858.6,857.2,857.3,63.0
2026-07-27 12:10:00+05:30,857.2,858.95,857.2,857.45,69.0
2026-07-27 12:15:00+05:30,857.3,857.45,856.8,857.0,111.0
2026-07-27 12:20:00+05:30,857.0,858.35,856.8,856.8,50.0
2026-07-27 12:25:00+05:30,856.7,856.85,856.6,856.6,39.0
2026-07-27 12:30:00+05:30,856.6,858.0,853.75,854.6,508.0
2026-07-27 12:35:00+05:30,855.0,856.2,854.85,855.0,101.0
2026-07-27 12:40:00+05:30,855.0,856.1,854.0,854.6,260.0
2026-07-27 12:45:00+05:30,854.5,857.4,854.0,855.0,257.0
2026-07-27 12:50:00+05:30,855.0,857.85,855.0,856.1,179.0
2026-07-27 12:55:00+05:30,856.15,857.35,855.85,855.9,51.0
2026-07-27 13:00:00+05:30,857.35,857.35,855.55,856.0,50.0
2026-07-27 13:05:00+05:30,857.15,857.2,855.05,855.4,62.0
2026-07-27 13:10:00+05:30,855.3,857.65,855.2,855.85,104.0
2026-07-27 13:15:00+05:30,855.85,857.8,855.6,857.8,62.0
2026-07-27 13:20:00+05:30,855.75,857.4,855.4,855.45,49.0
2026-07-27 13:25:00+05:30,855.4,857.2,855.05,857.1,73.0
2026-07-27 13:30:00+05:30,855.25,857.35,855.05,855.1,60.0
2026-07-27 13:35:00+05:30,855.05,863.15,855.05,863.0,1078.0
2026-07-27 13:40:00+05:30,863.15,863.15,859.85,860.9,125.0
2026-07-27 13:45:00+05:30,861.2,862.8,856.05,856.05,2102.0
2026-07-27 13:50:00+05:30,855.5,857.4,855.05,856.2,78.0
2026-07-27 13:55:00+05:30,856.15,858.4,856.15,857.05,147.0
2026-07-27 14:00:00+05:30,857.0,857.05,857.0,857.0,84.0
2026-07-27 14:05:00+05:30,857.0,857.05,857.0,857.05,65.0
2026-07-27 14:10:00+05:30,857.0,857.05,857.0,857.0,39.0
2026-07-27 14:15:00+05:30,857.0,858.35,856.0,856.3,75.0
2026-07-27 14:20:00+05:30,856.45,856.9,856.3,856.3,93.0
2026-07-27 14:25:00+05:30,856.3,858.0,855.05,856.1,804.0
2026-07-27 14:30:00+05:30,855.95,859.2,855.85,859.2,164.0
2026-07-27 14:35:00+05:30,857.1,858.4,855.6,855.6,104.0
2026-07-27 14:40:00+05:30,855.6,857.35,855.1,855.55,153.0
2026-07-27 14:45:00+05:30,855.6,857.4,855.6,855.65,92.0
2026-07-27 14:50:00+05:30,855.65,857.3,855.65,856.1,153.0
2026-07-27 14:55:00+05:30,856.1,859.05,856.1,857.45,101.0
2026-07-27 15:00:00+05:30,857.45,858.8,857.45,857.5,65.0
2026-07-27 15:05:00+05:30,858.5,862.2,855.0,856.0,2211.0
2026-07-27 15:10:00+05:30,856.0,860.0,856.0,858.9,318.0
2026-07-27 15:15:00+05:30,858.9,858.9,857.2,857.85,209.0
2026-07-27 15:20:00+05:30,856.7,861.0,855.0,861.0,967.0
2026-07-27 15:25:00+05:30,857.5,863.2,853.0,853.0,1103.0
2026-07-28 09:15:00+05:30,854.0,860.9,854.0,855.6,187.0
2026-07-28 09:20:00+05:30,855.6,856.0,853.15,856.0,719.0
2026-07-28 09:25:00+05:30,856.0,857.0,854.0,857.0,82.0
2026-07-28 09:30:00+05:30,856.9,859.65,856.9,859.65,201.0
2026-07-28 09:35:00+05:30,860.0,862.4,859.3,859.9,191.0
2026-07-28 09:40:00+05:30,859.5,859.5,859.5,859.5,1534.0
2026-07-28 09:45:00+05:30,857.4,859.85,854.15,858.0,646.0
2026-07-28 09:50:00+05:30,858.0,858.0,857.45,858.0,291.0
2026-07-28 09:55:00+05:30,858.0,859.1,858.0,858.0,146.0
2026-07-28 10:00:00+05:30,858.0,858.9,856.05,856.05,49.0
2026-07-28 10:05:00+05:30,855.9,856.05,851.05,854.9,423.0
2026-07-28 10:10:00+05:30,854.9,855.95,854.9,855.95,9.0
2026-07-28 10:15:00+05:30,855.95,858.45,855.95,857.8,531.0
2026-07-28 10:20:00+05:30,857.8,857.8,855.4,855.4,99.0
2026-07-28 10:25:00+05:30,855.4,857.45,855.4,857.0,83.0
2026-07-28 10:30:00+05:30,857.0,857.0,855.3,855.3,44.0
2026-07-28 10:35:00+05:30,855.3,856.85,855.3,856.85,9.0
2026-07-28 10:40:00+05:30,855.6,855.6,850.05,851.6,472.0
2026-07-28 10:45:00+05:30,851.6,853.95,851.6,853.95,32.0
2026-07-28 10:50:00+05:30,854.05,854.5,852.0,854.5,91.0
2026-07-28 10:55:00+05:30,854.45,854.45,852.0,852.05,131.0
2026-07-28 11:00:00+05:30,852.05,854.8,852.05,854.5,127.0
2026-07-28 11:05:00+05:30,854.5,854.85,852.05,854.45,244.0
2026-07-28 11:10:00+05:30,854.45,854.45,853.3,853.85,257.0
2026-07-28 11:15:00+05:30,853.85,853.85,853.85,853.85,0.0
2026-07-28 11:20:00+05:30,853.85,853.85,852.25,852.25,10.0
2026-07-28 11:25:00+05:30,852.25,852.25,852.0,852.0,57.0
2026-07-28 11:30:00+05:30,852.0,853.9,852.0,853.3,17.0
2026-07-28 11:35:00+05:30,853.3,853.3,852.0,852.0,98.0
2026-07-28 11:40:00+05:30,852.0,853.95,852.0,853.95,75.0
2026-07-28 11:45:00+05:30,853.95,853.95,853.95,853.95,0.0
2026-07-28 11:50:00+05:30,852.05,853.95,852.05,853.95,47.0
2026-07-28 11:55:00+05:30,853.95,853.95,852.0,852.0,158.0
2026-07-28 12:00:00+05:30,852.0,852.0,850.1,850.1,200.0
2026-07-28 12:05:00+05:30,850.1,850.1,850.0,850.0,150.0
2026-07-28 12:10:00+05:30,850.0,850.0,850.0,850.0,0.0
2026-07-28 12:15:00+05:30,850.0,850.0,850.0,850.0,169.0
2026-07-28 12:20:00+05:30,850.0,852.4,850.0,852.4,66.0
2026-07-28 12:25:00+05:30,852.0,853.95,850.95,853.15,331.0
2026-07-28 12:30:00+05:30,853.15,853.15,853.15,853.15,0.0
2026-07-28 12:35:00+05:30,853.95,856.75,853.95,854.4,373.0
2026-07-28 12:40:00+05:30,854.4,854.4,853.2,853.2,78.0
2026-07-28 12:45:00+05:30,853.2,853.2,852.55,852.55,15.0
2026-07-28 12:50:00+05:30,852.55,852.85,850.8,852.85,61.0
2026-07-28 12:55:00+05:30,852.85,852.85,852.75,852.75,3.0
2026-07-28 13:00:00+05:30,853.2,853.2,853.2,853.2,59.0
2026-07-28 13:05:00+05:30,853.05,853.45,853.05,853.45,31.0
2026-07-28 13:10:00+05:30,853.45,853.45,853.0,853.0,11.0
2026-07-28 13:15:00+05:30,853.0,853.45,851.85,853.45,24.0
2026-07-28 13:20:00+05:30,853.45,853.45,851.15,851.15,10.0
2026-07-28 13:25:00+05:30,851.15,851.15,851.15,851.15,0.0
2026-07-28 13:30:00+05:30,851.15,851.15,851.15,851.15,0.0
2026-07-28 13:35:00+05:30,853.2,853.2,851.3,851.3,3.0
2026-07-28 13:40:00+05:30,851.3,851.3,851.3,851.3,16.0
2026-07-28 13:45:00+05:30,851.3,851.3,851.3,851.3,0.0
2026-07-28 13:50:00+05:30,851.3,853.0,851.3,851.5,22.0
2026-07-28 13:55:00+05:30,851.5,853.25,851.5,853.25,204.0
2026-07-28 14:00:00+05:30,853.25,853.25,853.25,853.25,30.0
2026-07-28 14:05:00+05:30,848.3,852.15,848.3,852.15,438.0
2026-07-28 14:10:00+05:30,852.15,852.2,851.85,851.85,12.0
2026-07-28 14:15:00+05:30,851.6,851.6,851.5,851.5,111.0
2026-07-28 14:20:00+05:30,851.5,855.0,851.5,855.0,600.0
2026-07-28 14:25:00+05:30,855.0,855.0,855.0,855.0,0.0
2026-07-28 14:30:00+05:30,854.9,854.9,852.0,852.0,91.0
2026-07-28 14:35:00+05:30,850.5,850.5,849.95,850.0,803.0
2026-07-28 14:40:00+05:30,850.0,850.0,850.0,850.0,50.0
2026-07-28 14:45:00+05:30,849.0,850.0,849.0,850.0,303.0
2026-07-28 14:50:00+05:30,849.3,850.8,849.3,849.4,171.0
2026-07-28 14:55:00+05:30,849.4,850.75,849.4,850.75,3.0
2026-07-28 15:00:00+05:30,850.75,850.75,849.1,850.0,54.0
2026-07-28 15:05:00+05:30,850.0,850.0,849.1,849.85,523.0
2026-07-28 15:10:00+05:30,849.85,849.85,849.1,849.1,73.0
2026-07-28 15:15:00+05:30,850.6,850.75,849.5,849.5,143.0
2026-07-28 15:20:00+05:30,849.5,850.6,849.0,849.0,171.0
2026-07-28 15:25:00+05:30,849.0,852.0,848.6,848.6,952.0
2026-07-29 09:15:00+05:30,847.0,857.35,847.0,852.25,64.0
2026-07-29 09:20:00+05:30,849.05,862.95,849.05,854.3,2726.0
2026-07-29 09:25:00+05:30,856.05,859.3,854.15,854.85,635.0
2026-07-29 09:30:00+05:30,854.85,854.85,853.3,853.3,4.0
2026-07-29 09:35:00+05:30,852.9,853.65,851.05,851.15,294.0
2026-07-29 09:40:00+05:30,852.0,855.95,852.0,853.7,261.0
2026-07-29 09:45:00+05:30,848.8,852.3,848.8,852.3,1909.0
2026-07-29 09:50:00+05:30,852.15,853.85,852.0,852.0,12.0
2026-07-29 09:55:00+05:30,851.7,851.7,849.7,849.7,12.0
2026-07-29 10:00:00+05:30,849.35,851.95,848.8,851.6,147.0
2026-07-29 10:05:00+05:30,851.6,851.6,851.6,851.6,0.0
2026-07-29 10:10:00+05:30,851.6,853.1,851.4,851.4,159.0
2026-07-29 10:15:00+05:30,851.4,851.4,850.35,850.35,45.0
2026-07-29 10:20:00+05:30,850.35,852.15,850.1,851.1,28.0
2026-07-29 10:25:00+05:30,851.1,852.15,851.1,851.5,22.0
2026-07-29 10:30:00+05:30,851.1,853.3,851.1,853.3,170.0
2026-07-29 10:35:00+05:30,852.15,852.4,851.1,851.1,31.0
2026-07-29 10:40:00+05:30,851.4,853.05,851.1,851.15,47.0
2026-07-29 10:45:00+05:30,851.0,853.45,851.0,851.25,132.0
2026-07-29 10:50:00+05:30,851.05,853.35,851.05,853.35,55.0
2026-07-29 10:55:00+05:30,853.35,853.35,853.35,853.35,0.0
2026-07-29 11:00:00+05:30,853.35,853.35,851.05,851.05,29.0
2026-07-29 11:05:00+05:30,851.1,851.1,851.1,851.1,11.0
2026-07-29 11:10:00+05:30,851.1,853.0,851.1,853.0,7.0
2026-07-29 11:15:00+05:30,853.0,853.95,849.4,853.95,1083.0
2026-07-29 11:20:00+05:30,853.95,855.8,853.95,854.65,181.0
2026-07-29 11:25:00+05:30,855.85,855.85,850.0,850.0,287.0
2026-07-29 11:30:00+05:30,850.0,850.0,850.0,850.0,0.0
2026-07-29 11:35:00+05:30,850.0,850.0,843.6,843.65,993.0
2026-07-29 11:40:00+05:30,843.65,844.9,843.65,843.65,180.0
2026-07-29 11:45:00+05:30,841.15,846.95,841.15,845.1,609.0
2026-07-29 11:50:00+05:30,845.1,847.5,845.1,847.5,395.0
2026-07-29 11:55:00+05:30,851.95,865.85,851.95,860.05,2091.0
2026-07-29 12:00:00+05:30,860.15,870.0,860.15,864.1,2954.0
2026-07-29 12:05:00+05:30,862.25,864.85,861.6,861.6,376.0
2026-07-29 12:10:00+05:30,861.6,862.8,861.6,862.8,30.0
2026-07-29 12:15:00+05:30,861.9,864.65,861.15,864.65,349.0
2026-07-29 12:20:00+05:30,864.65,864.65,862.45,863.6,22.0
2026-07-29 12:25:00+05:30,864.6,864.6,862.7,862.7,90.0
2026-07-29 12:30:00+05:30,862.7,862.7,861.1,861.1,7.0
2026-07-29 12:35:00+05:30,861.1,864.25,856.05,856.05,598.0
2026-07-29 12:40:00+05:30,856.2,856.85,856.2,856.85,116.0
2026-07-29 12:45:00+05:30,856.85,856.85,856.85,856.85,0.0
2026-07-29 12:50:00+05:30,859.9,859.9,853.1,853.1,4781.0
2026-07-29 12:55:00+05:30,853.1,853.1,853.1,853.1,4.0
2026-07-29 13:00:00+05:30,853.0,855.1,853.0,855.0,117.0
2026-07-29 13:05:00+05:30,855.0,855.0,855.0,855.0,0.0
2026-07-29 13:10:00+05:30,854.05,854.25,854.05,854.05,71.0
2026-07-29 13:15:00+05:30,854.35,857.9,854.35,857.9,227.0
2026-07-29 13:20:00+05:30,857.9,857.9,857.0,857.0,115.0
2026-07-29 13:25:00+05:30,857.0,857.0,856.2,856.2,45.0
2026-07-29 13:30:00+05:30,856.2,857.9,856.2,857.9,30.0
2026-07-29 13:35:00+05:30,857.9,858.2,857.9,858.2,229.0
2026-07-29 13:40:00+05:30,858.2,858.6,858.0,858.6,40.0
2026-07-29 13:45:00+05:30,858.6,858.6,856.9,857.25,21.0
2026-07-29 13:50:00+05:30,857.25,859.0,857.25,858.85,20.0
2026-07-29 13:55:00+05:30,858.85,858.85,856.9,856.9,77.0
2026-07-29 14:00:00+05:30,856.9,858.2,856.9,858.2,38.0
2026-07-29 14:05:00+05:30,858.2,858.2,858.2,858.2,0.0
2026-07-29 14:10:00+05:30,858.2,858.2,857.0,857.0,139.0
2026-07-29 14:15:00+05:30,857.0,859.95,857.0,859.95,100.0
2026-07-29 14:20:00+05:30,859.95,859.95,857.5,857.5,20.0
2026-07-29 14:25:00+05:30,857.5,857.5,857.5,857.5,60.0
2026-07-29 14:30:00+05:30,856.7,856.7,856.7,856.7,20.0
2026-07-29 14:35:00+05:30,856.7,858.15,856.7,858.15,1.0
2026-07-29 14:40:00+05:30,858.15,858.15,857.8,857.8,100.0
2026-07-29 14:45:00+05:30,857.8,857.8,855.1,857.0,110.0
2026-07-29 14:50:00+05:30,857.0,857.0,855.1,855.1,42.0
2026-07-29 14:55:00+05:30,855.1,858.75,855.1,857.55,287.0
2026-07-29 15:00:00+05:30,856.8,858.85,856.2,858.85,85.0
2026-07-29 15:05:00+05:30,858.85,859.0,857.15,859.0,149.0
2026-07-29 15:10:00+05:30,859.0,859.0,858.75,858.75,4.0
2026-07-29 15:15:00+05:30,858.4,858.45,858.25,858.35,170.0
2026-07-29 15:20:00+05:30,858.0,858.6,856.5,857.0,865.0
2026-07-29 15:25:00+05:30,858.0,860.0,856.2,856.55,1423.0
2026-07-30 09:15:00+05:30,862.85,863.95,849.8,860.35,1153.0
2026-07-30 09:20:00+05:30,860.5,861.95,858.05,859.0,1211.0
2026-07-30 09:25:00+05:30,857.1,862.85,857.1,860.15,130.0
2026-07-30 09:30:00+05:30,860.25,861.1,860.25,861.1,134.0
2026-07-30 09:35:00+05:30,862.0,862.0,858.5,859.2,347.0
2026-07-30 09:40:00+05:30,859.0,859.0,857.25,857.25,85.0
2026-07-30 09:45:00+05:30,854.7,857.45,854.7,857.45,2700.0
2026-07-30 09:50:00+05:30,857.5,859.95,857.05,857.05,373.0
2026-07-30 09:55:00+05:30,857.05,858.4,857.05,857.3,37.0
2026-07-30 10:00:00+05:30,857.3,860.3,857.3,858.65,87.0
2026-07-30 10:05:00+05:30,858.65,858.65,857.2,857.2,49.0
2026-07-30 10:10:00+05:30,859.3,860.2,859.3,860.2,384.0
2026-07-30 10:15:00+05:30,858.25,861.3,858.0,861.3,225.0
2026-07-30 10:20:00+05:30,861.3,862.95,861.3,862.9,35.0
2026-07-30 10:25:00+05:30,862.9,862.9,861.05,861.05,2.0
2026-07-30 10:30:00+05:30,861.05,862.4,861.05,862.0,157.0
2026-07-30 10:35:00+05:30,861.0,862.25,861.0,861.0,18.0
2026-07-30 10:40:00+05:30,861.0,871.0,861.0,868.95,1550.0
2026-07-30 10:45:00+05:30,870.3,870.3,867.2,867.2,320.0
2026-07-30 10:50:00+05:30,867.2,869.55,867.2,868.1,103.0
2026-07-30 10:55:00+05:30,868.0,868.0,867.2,867.2,590.0
2026-07-30 11:00:00+05:30,866.95,866.95,864.1,864.5,108.0
2026-07-30 11:05:00+05:30,865.0,865.0,864.0,864.0,619.0
2026-07-30 11:10:00+05:30,864.0,864.0,864.0,864.0,0.0
2026-07-30 11:15:00+05:30,866.85,868.55,866.85,868.55,397.0
2026-07-30 11:20:00+05:30,868.55,868.55,868.2,868.2,214.0
2026-07-30 11:25:00+05:30,868.2,868.2,867.0,868.0,52.0
2026-07-30 11:30:00+05:30,868.0,868.0,866.95,866.95,18.0
2026-07-30 11:35:00+05:30,867.4,868.95,866.55,866.55,159.0
2026-07-30 11:40:00+05:30,865.05,866.75,864.0,864.9,674.0
2026-07-30 11:45:00+05:30,864.95,874.35,864.95,872.0,1792.0
2026-07-30 11:50:00+05:30,871.1,871.65,870.3,870.95,12.0
2026-07-30 11:55:00+05:30,870.0,871.6,870.0,870.15,198.0
2026-07-30 12:00:00+05:30,870.15,871.6,870.15,871.6,431.0
2026-07-30 12:05:00+05:30,871.6,875.0,871.6,875.0,1106.0
2026-07-30 12:10:00+05:30,879.7,879.7,875.4,876.35,1294.0
2026-07-30 12:15:00+05:30,876.3,876.95,870.0,872.05,2360.0
2026-07-30 12:20:00+05:30,872.05,872.05,871.8,871.8,50.0
2026-07-30 12:25:00+05:30,871.8,872.25,871.8,872.25,30.0
2026-07-30 12:30:00+05:30,872.25,879.0,872.25,879.0,696.0
2026-07-30 12:35:00+05:30,876.6,876.6,874.35,874.35,243.0
2026-07-30 12:40:00+05:30,873.35,874.35,873.35,873.4,81.0
2026-07-30 12:45:00+05:30,873.4,873.45,870.4,871.9,291.0
2026-07-30 12:50:00+05:30,871.9,871.9,868.05,869.95,1294.0
2026-07-30 12:55:00+05:30,869.75,870.0,868.7,868.7,334.0
2026-07-30 13:00:00+05:30,869.95,869.95,868.05,868.25,74.0
2026-07-30 13:05:00+05:30,868.25,868.25,867.1,867.1,16.0
2026-07-30 13:10:00+05:30,867.0,867.1,863.0,866.2,1083.0
2026-07-30 13:15:00+05:30,866.25,866.95,865.6,866.95,34.0
2026-07-30 13:20:00+05:30,866.95,866.95,866.95,866.95,0.0
2026-07-30 13:25:00+05:30,865.05,867.55,865.05,867.55,139.0
2026-07-30 13:30:00+05:30,867.6,867.95,867.6,867.95,100.0
2026-07-30 13:35:00+05:30,867.95,868.0,867.95,868.0,18.0
2026-07-30 13:40:00+05:30,868.0,868.0,868.0,868.0,0.0
2026-07-30 13:45:00+05:30,868.0,868.0,865.0,865.0,763.0
2026-07-30 13:50:00+05:30,864.0,867.35,864.0,867.35,144.0
2026-07-30 13:55:00+05:30,867.35,867.35,864.8,864.8,79.0
2026-07-30 14:00:00+05:30,864.8,866.95,864.5,866.95,70.0
2026-07-30 14:05:00+05:30,867.95,867.95,865.9,865.9,103.0
2026-07-30 14:10:00+05:30,865.9,865.9,865.3,865.3,26.0
2026-07-30 14:15:00+05:30,865.3,865.3,863.0,863.0,1842.0
2026-07-30 14:20:00+05:30,862.7,863.4,861.25,863.4,418.0
2026-07-30 14:25:00+05:30,863.4,865.25,863.4,864.3,1087.0
2026-07-30 14:30:00+05:30,864.8,865.3,861.3,861.6,409.0
2026-07-30 14:35:00+05:30,863.0,863.55,863.0,863.55,29.0
2026-07-30 14:40:00+05:30,864.0,864.0,861.95,861.95,225.0
2026-07-30 14:45:00+05:30,861.2,862.6,861.2,862.1,107.0
2026-07-30 14:50:00+05:30,862.1,867.35,861.4,862.65,1270.0
2026-07-30 14:55:00+05:30,862.65,862.65,862.6,862.6,20.0
2026-07-30 15:00:00+05:30,862.5,862.5,861.0,861.1,1651.0
2026-07-30 15:05:00+05:30,863.5,865.55,862.25,865.55,1509.0
2026-07-30 15:10:00+05:30,864.8,864.8,861.1,861.75,139.0
2026-07-30 15:15:00+05:30,862.0,863.95,855.0,855.0,2658.0
2026-07-30 15:20:00+05:30,855.05,858.5,852.05,858.5,1737.0
2026-07-30 15:25:00+05:30,857.0,864.0,851.0,855.0,1155.0
