dt,open,high,low,close,volume
2026-05-29 09:15:00+05:30,1699.0,1714.4,1667.5,1685.9,68341.0
2026-05-29 09:20:00+05:30,1685.8,1688.8,1672.0,1677.5,22203.0
2026-05-29 09:25:00+05:30,1677.5,1690.4,1675.5,1679.4,24006.0
2026-05-29 09:30:00+05:30,1679.4,1680.0,1671.0,1676.4,14709.0
2026-05-29 09:35:00+05:30,1676.5,1681.0,1674.0,1681.0,8340.0
2026-05-29 09:40:00+05:30,1681.0,1681.7,1666.9,1668.5,14266.0
2026-05-29 09:45:00+05:30,1668.7,1673.0,1666.1,1673.0,7722.0
2026-05-29 09:50:00+05:30,1672.9,1674.7,1668.0,1670.1,6843.0
2026-05-29 09:55:00+05:30,1670.0,1670.0,1666.6,1667.1,3952.0
2026-05-29 10:00:00+05:30,1668.2,1673.3,1667.5,1673.0,7451.0
2026-05-29 10:05:00+05:30,1673.0,1679.9,1670.4,1678.6,8800.0
2026-05-29 10:10:00+05:30,1678.6,1679.9,1673.5,1679.9,8674.0
2026-05-29 10:15:00+05:30,1679.0,1679.9,1676.4,1678.2,4031.0
2026-05-29 10:20:00+05:30,1678.2,1683.9,1677.1,1682.0,8670.0
2026-05-29 10:25:00+05:30,1681.4,1682.3,1676.4,1677.6,5543.0
2026-05-29 10:30:00+05:30,1677.5,1688.1,1676.6,1683.7,7082.0
2026-05-29 10:35:00+05:30,1683.6,1684.7,1681.2,1684.7,5920.0
2026-05-29 10:40:00+05:30,1684.7,1687.4,1682.0,1683.6,6224.0
2026-05-29 10:45:00+05:30,1683.6,1685.2,1680.3,1685.0,3214.0
2026-05-29 10:50:00+05:30,1683.4,1684.9,1682.2,1684.6,2932.0
2026-05-29 10:55:00+05:30,1683.3,1687.8,1683.3,1686.3,3331.0
2026-05-29 11:00:00+05:30,1685.2,1690.4,1685.2,1685.4,7974.0
2026-05-29 11:05:00+05:30,1685.0,1691.0,1685.0,1685.3,3354.0
2026-05-29 11:10:00+05:30,1686.0,1688.0,1685.2,1687.3,6003.0
2026-05-29 11:15:00+05:30,1687.0,1693.8,1687.0,1689.5,7291.0
2026-05-29 11:20:00+05:30,1689.8,1691.0,1687.2,1691.0,3411.0
2026-05-29 11:25:00+05:30,1690.6,1691.2,1685.1,1688.6,6938.0
2026-05-29 11:30:00+05:30,1688.6,1689.3,1684.0,1684.0,7299.0
2026-05-29 11:35:00+05:30,1685.0,1685.5,1682.1,1682.6,3581.0
2026-05-29 11:40:00+05:30,1682.6,1683.7,1680.0,1680.8,5535.0
2026-05-29 11:45:00+05:30,1681.0,1684.0,1680.4,1682.2,2253.0
2026-05-29 11:50:00+05:30,1681.7,1685.0,1681.1,1684.0,1879.0
2026-05-29 11:55:00+05:30,1683.2,1684.2,1681.1,1681.2,648.0
2026-05-29 12:00:00+05:30,1682.0,1684.0,1680.0,1683.8,2190.0
2026-05-29 12:05:00+05:30,1683.8,1685.0,1676.6,1676.6,7183.0
2026-05-29 12:10:00+05:30,1676.8,1676.8,1672.2,1675.0,5696.0
2026-05-29 12:15:00+05:30,1675.0,1676.6,1673.0,1674.0,2857.0
2026-05-29 12:20:00+05:30,1674.0,1677.0,1673.3,1675.1,5064.0
2026-05-29 12:25:00+05:30,1674.7,1676.8,1673.0,1674.0,3391.0
2026-05-29 12:30:00+05:30,1674.8,1677.7,1674.0,1675.4,2271.0
2026-05-29 12:35:00+05:30,1674.4,1679.0,1674.0,1678.9,1414.0
2026-05-29 12:40:00+05:30,1676.8,1678.3,1675.7,1676.6,1657.0
2026-05-29 12:45:00+05:30,1676.0,1677.6,1675.3,1676.1,694.0
2026-05-29 12:50:00+05:30,1675.5,1677.1,1675.3,1675.3,828.0
2026-05-29 12:55:00+05:30,1675.1,1678.0,1674.0,1674.5,2908.0
2026-05-29 13:00:00+05:30,1675.5,1675.8,1674.1,1674.1,1236.0
2026-05-29 13:05:00+05:30,1675.0,1678.9,1674.3,1678.0,6260.0
2026-05-29 13:10:00+05:30,1677.2,1678.0,1676.0,1676.0,4351.0
2026-05-29 13:15:00+05:30,1676.9,1678.7,1676.0,1677.5,1962.0
2026-05-29 13:20:00+05:30,1677.1,1677.5,1676.0,1676.3,1185.0
2026-05-29 13:25:00+05:30,1676.3,1677.1,1673.7,1674.8,6883.0
2026-05-29 13:30:00+05:30,1675.4,1677.1,1673.8,1674.5,1910.0
2026-05-29 13:35:00+05:30,1674.5,1675.0,1672.2,1672.5,1615.0
2026-05-29 13:40:00+05:30,1672.6,1674.5,1672.2,1674.1,2197.0
2026-05-29 13:45:00+05:30,1673.5,1674.9,1668.1,1669.2,6018.0
2026-05-29 13:50:00+05:30,1668.8,1668.8,1666.0,1666.1,7820.0
2026-05-29 13:55:00+05:30,1667.0,1667.0,1662.5,1666.8,8286.0
2026-05-29 14:00:00+05:30,1666.0,1667.2,1665.0,1665.0,2217.0
2026-05-29 14:05:00+05:30,1665.0,1665.3,1662.5,1663.5,3315.0
2026-05-29 14:10:00+05:30,1662.6,1665.3,1662.0,1664.7,3066.0
2026-05-29 14:15:00+05:30,1664.0,1665.3,1663.0,1663.0,4468.0
2026-05-29 14:20:00+05:30,1663.0,1665.0,1662.5,1663.8,1637.0
2026-05-29 14:25:00+05:30,1662.8,1664.6,1662.6,1664.0,3337.0
2026-05-29 14:30:00+05:30,1666.0,1668.0,1664.2,1667.0,17948.0
2026-05-29 14:35:00+05:30,1667.1,1667.1,1663.1,1665.0,7341.0
2026-05-29 14:40:00+05:30,1663.6,1666.0,1663.0,1663.0,6369.0
2026-05-29 14:45:00+05:30,1664.0,1664.7,1661.0,1662.1,9139.0
2026-05-29 14:50:00+05:30,1662.1,1679.0,1661.0,1679.0,46926.0
2026-05-29 14:55:00+05:30,1678.0,1687.4,1677.2,1687.4,19338.0
2026-05-29 15:00:00+05:30,1685.2,1685.2,1660.0,1662.7,39743.0
2026-05-29 15:05:00+05:30,1661.8,1662.3,1652.3,1653.8,26799.0
2026-05-29 15:10:00+05:30,1654.4,1668.9,1651.5,1664.6,26957.0
2026-05-29 15:15:00+05:30,1664.5,1675.0,1661.3,1674.8,29050.0
2026-05-29 15:20:00+05:30,1673.8,1680.0,1667.3,1672.7,31583.0
2026-05-29 15:25:00+05:30,1672.7,1672.7,1651.0,1657.0,17887.0
2026-06-01 09:15:00+05:30,1676.9,1676.9,1644.1,1661.7,28045.0
2026-06-01 09:20:00+05:30,1662.6,1662.9,1649.2,1651.4,20004.0
2026-06-01 09:25:00+05:30,1650.0,1656.2,1644.2,1656.2,15913.0
2026-06-01 09:30:00+05:30,1656.1,1660.9,1651.5,1653.9,5942.0
2026-06-01 09:35:00+05:30,1651.5,1653.5,1643.0,1647.0,7417.0
2026-06-01 09:40:00+05:30,1648.2,1649.7,1638.0,1638.6,14427.0
2026-06-01 09:45:00+05:30,1640.6,1645.3,1639.1,1642.2,6036.0
2026-06-01 09:50:00+05:30,1642.2,1646.9,1640.6,1642.5,15416.0
2026-06-01 09:55:00+05:30,1643.6,1643.6,1634.1,1637.2,3963.0
2026-06-01 10:00:00+05:30,1637.0,1637.9,1630.1,1630.8,5603.0
2026-06-01 10:05:00+05:30,1630.9,1634.3,1630.0,1632.1,4083.0
2026-06-01 10:10:00+05:30,1630.8,1634.0,1630.6,1631.0,2906.0
2026-06-01 10:15:00+05:30,1631.3,1631.3,1625.3,1627.5,5758.0
2026-06-01 10:20:00+05:30,1625.9,1629.6,1624.0,1628.7,5929.0
2026-06-01 10:25:00+05:30,1629.9,1632.3,1628.1,1630.2,2751.0
2026-06-01 10:30:00+05:30,1631.1,1633.7,1629.4,1630.1,4422.0
2026-06-01 10:35:00+05:30,1630.0,1636.2,1629.4,1634.1,2869.0
2026-06-01 10:40:00+05:30,1633.8,1643.7,1632.7,1643.7,5853.0
2026-06-01 10:45:00+05:30,1644.0,1655.5,1643.3,1648.0,12404.0
2026-06-01 10:50:00+05:30,1647.0,1655.0,1646.5,1655.0,9231.0
2026-06-01 10:55:00+05:30,1655.0,1656.4,1648.3,1649.5,6799.0
2026-06-01 11:00:00+05:30,1649.6,1653.8,1647.7,1652.9,2743.0
2026-06-01 11:05:00+05:30,1653.3,1654.0,1650.4,1651.4,3280.0
2026-06-01 11:10:00+05:30,1652.4,1652.7,1647.4,1648.2,832.0
2026-06-01 11:15:00+05:30,1649.0,1652.5,1648.5,1648.5,3261.0
2026-06-01 11:20:00+05:30,1650.2,1650.2,1645.0,1645.0,2468.0
2026-06-01 11:25:00+05:30,1645.0,1646.5,1642.0,1642.0,853.0
2026-06-01 11:30:00+05:30,1642.9,1642.9,1638.5,1640.5,2723.0
2026-06-01 11:35:00+05:30,1641.7,1643.5,1640.9,1641.2,660.0
2026-06-01 11:40:00+05:30,1642.3,1643.0,1639.0,1639.1,2135.0
2026-06-01 11:45:00+05:30,1639.0,1641.4,1638.1,1639.7,987.0
2026-06-01 11:50:00+05:30,1639.7,1641.2,1639.3,1641.2,1994.0
2026-06-01 11:55:00+05:30,1641.1,1642.6,1638.2,1639.2,11549.0
2026-06-01 12:00:00+05:30,1640.7,1645.0,1638.5,1641.1,1313.0
2026-06-01 12:05:00+05:30,1643.0,1648.3,1641.7,1646.8,3899.0
2026-06-01 12:10:00+05:30,1646.7,1647.2,1643.5,1645.5,1307.0
2026-06-01 12:15:00+05:30,1645.3,1647.0,1640.5,1640.5,3503.0
2026-06-01 12:20:00+05:30,1640.8,1642.4,1638.4,1640.1,1474.0
2026-06-01 12:25:00+05:30,1640.4,1643.7,1640.2,1642.3,504.0
2026-06-01 12:30:00+05:30,1642.1,1643.7,1632.0,1635.9,3409.0
2026-06-01 12:35:00+05:30,1636.5,1643.4,1635.5,1640.7,1099.0
2026-06-01 12:40:00+05:30,1639.5,1642.8,1639.3,1641.6,674.0
2026-06-01 12:45:00+05:30,1641.7,1642.7,1640.0,1641.2,425.0
2026-06-01 12:50:00+05:30,1641.0,1642.0,1640.0,1640.2,1197.0
2026-06-01 12:55:00+05:30,1642.0,1643.1,1641.0,1642.1,1298.0
2026-06-01 13:00:00+05:30,1642.9,1643.1,1641.0,1641.0,254.0
2026-06-01 13:05:00+05:30,1639.6,1639.6,1635.6,1636.6,2262.0
2026-06-01 13:10:00+05:30,1637.4,1637.4,1632.0,1635.8,2112.0
2026-06-01 13:15:00+05:30,1633.8,1636.4,1633.5,1635.0,1260.0
2026-06-01 13:20:00+05:30,1635.8,1636.5,1635.0,1636.2,955.0
2026-06-01 13:25:00+05:30,1636.2,1636.8,1634.0,1636.5,1700.0
2026-06-01 13:30:00+05:30,1637.0,1637.5,1635.0,1636.7,984.0
2026-06-01 13:35:00+05:30,1636.0,1636.8,1635.1,1636.8,528.0
2026-06-01 13:40:00+05:30,1636.8,1636.8,1633.1,1636.3,2009.0
2026-06-01 13:45:00+05:30,1634.5,1635.3,1633.0,1634.5,3116.0
2026-06-01 13:50:00+05:30,1633.0,1634.5,1632.3,1633.2,1999.0
2026-06-01 13:55:00+05:30,1632.3,1633.1,1630.3,1632.0,2064.0
2026-06-01 14:00:00+05:30,1632.0,1633.5,1629.2,1631.6,15964.0
2026-06-01 14:05:00+05:30,1632.0,1633.3,1630.6,1631.9,2615.0
2026-06-01 14:10:00+05:30,1630.9,1631.9,1627.0,1627.0,4169.0
2026-06-01 14:15:00+05:30,1627.9,1629.3,1626.0,1629.3,5827.0
2026-06-01 14:20:00+05:30,1629.0,1629.2,1626.1,1627.1,2425.0
2026-06-01 14:25:00+05:30,1628.2,1629.7,1628.0,1628.9,699.0
2026-06-01 14:30:00+05:30,1629.7,1633.0,1628.8,1630.5,2241.0
2026-06-01 14:35:00+05:30,1631.7,1634.8,1631.0,1633.2,1607.0
2026-06-01 14:40:00+05:30,1633.1,1636.9,1633.1,1635.6,4359.0
2026-06-01 14:45:00+05:30,1635.4,1638.6,1635.4,1636.7,7548.0
2026-06-01 14:50:00+05:30,1635.7,1637.8,1630.6,1632.1,8907.0
2026-06-01 14:55:00+05:30,1633.0,1633.7,1628.3,1630.0,4665.0
2026-06-01 15:00:00+05:30,1629.8,1631.3,1627.0,1629.0,6785.0
2026-06-01 15:05:00+05:30,1630.0,1631.2,1620.0,1621.4,16851.0
2026-06-01 15:10:00+05:30,1621.6,1623.4,1614.0,1620.7,10066.0
2026-06-01 15:15:00+05:30,1620.8,1623.4,1619.0,1620.0,7258.0
2026-06-01 15:20:00+05:30,1616.9,1619.9,1610.2,1613.7,22037.0
2026-06-01 15:25:00+05:30,1613.6,1616.0,1607.1,1616.0,12984.0
2026-06-02 09:15:00+05:30,1610.0,1614.2,1582.3,1614.2,17922.0
2026-06-02 09:20:00+05:30,1614.8,1621.8,1610.4,1616.5,11506.0
2026-06-02 09:25:00+05:30,1616.0,1623.5,1614.5,1616.1,4637.0
2026-06-02 09:30:00+05:30,1616.4,1617.5,1607.8,1612.2,11805.0
2026-06-02 09:35:00+05:30,1612.2,1622.1,1608.6,1620.0,9818.0
2026-06-02 09:40:00+05:30,1620.0,1628.0,1620.0,1620.0,9644.0
2026-06-02 09:45:00+05:30,1621.0,1622.0,1617.3,1619.1,2387.0
2026-06-02 09:50:00+05:30,1617.1,1621.9,1616.7,1621.9,1735.0
2026-06-02 09:55:00+05:30,1622.0,1622.0,1618.1,1619.9,1186.0
2026-06-02 10:00:00+05:30,1619.6,1622.9,1619.6,1622.4,1648.0
2026-06-02 10:05:00+05:30,1622.4,1622.4,1610.0,1614.7,6872.0
2026-06-02 10:10:00+05:30,1613.5,1632.9,1613.0,1628.9,12320.0
2026-06-02 10:15:00+05:30,1627.5,1627.9,1622.4,1624.3,2219.0
2026-06-02 10:20:00+05:30,1625.4,1633.0,1624.1,1632.9,6866.0
2026-06-02 10:25:00+05:30,1631.9,1636.0,1631.0,1636.0,4401.0
2026-06-02 10:30:00+05:30,1635.3,1638.0,1628.7,1629.0,7799.0
2026-06-02 10:35:00+05:30,1629.0,1636.2,1626.2,1636.2,4673.0
2026-06-02 10:40:00+05:30,1636.2,1638.0,1634.2,1636.4,2938.0
2026-06-02 10:45:00+05:30,1634.5,1639.5,1632.4,1639.5,6416.0
2026-06-02 10:50:00+05:30,1639.5,1643.7,1635.0,1635.0,7077.0
2026-06-02 10:55:00+05:30,1634.2,1637.5,1633.1,1635.3,2631.0
2026-06-02 11:00:00+05:30,1636.8,1637.4,1634.5,1635.0,1893.0
2026-06-02 11:05:00+05:30,1635.4,1636.4,1633.5,1633.9,1380.0
2026-06-02 11:10:00+05:30,1633.9,1635.0,1633.2,1633.5,2031.0
2026-06-02 11:15:00+05:30,1633.5,1634.9,1633.1,1633.6,761.0
2026-06-02 11:20:00+05:30,1634.2,1639.2,1634.0,1639.2,5141.0
2026-06-02 11:25:00+05:30,1637.3,1638.6,1634.5,1636.0,1171.0
2026-06-02 11:30:00+05:30,1636.8,1637.8,1635.0,1635.0,1322.0
2026-06-02 11:35:00+05:30,1635.9,1637.6,1633.4,1637.5,2814.0
2026-06-02 11:40:00+05:30,1637.9,1640.0,1634.4,1634.4,3232.0
2026-06-02 11:45:00+05:30,1634.4,1635.6,1633.1,1633.1,910.0
2026-06-02 11:50:00+05:30,1634.6,1634.6,1632.6,1632.6,10090.0
2026-06-02 11:55:00+05:30,1631.1,1633.1,1627.2,1629.0,4074.0
2026-06-02 12:00:00+05:30,1627.6,1641.9,1626.9,1640.4,7389.0
2026-06-02 12:05:00+05:30,1638.8,1642.7,1637.1,1642.0,3658.0
2026-06-02 12:10:00+05:30,1642.0,1642.7,1638.1,1639.0,1957.0
2026-06-02 12:15:00+05:30,1637.1,1645.9,1637.1,1641.0,7062.0
2026-06-02 12:20:00+05:30,1642.5,1643.9,1638.0,1642.1,2999.0
2026-06-02 12:25:00+05:30,1643.0,1648.0,1642.2,1645.7,3346.0
2026-06-02 12:30:00+05:30,1646.8,1647.4,1645.7,1646.0,2444.0
2026-06-02 12:35:00+05:30,1646.9,1648.9,1645.9,1645.9,2130.0
2026-06-02 12:40:00+05:30,1646.1,1648.7,1646.0,1647.4,2546.0
2026-06-02 12:45:00+05:30,1648.0,1650.8,1647.2,1649.5,3957.0
2026-06-02 12:50:00+05:30,1650.6,1650.6,1646.3,1646.8,881.0
2026-06-02 12:55:00+05:30,1646.8,1649.3,1645.1,1647.9,4921.0
2026-06-02 13:00:00+05:30,1647.9,1647.9,1646.1,1646.1,397.0
2026-06-02 13:05:00+05:30,1646.0,1651.8,1646.0,1650.0,3189.0
2026-06-02 13:10:00+05:30,1650.0,1651.8,1647.4,1647.4,1430.0
2026-06-02 13:15:00+05:30,1648.0,1651.7,1647.5,1651.5,2710.0
2026-06-02 13:20:00+05:30,1651.3,1651.8,1649.3,1651.2,1309.0
2026-06-02 13:25:00+05:30,1650.8,1653.0,1650.0,1652.6,1584.0
2026-06-02 13:30:00+05:30,1652.7,1654.9,1651.2,1654.9,2362.0
2026-06-02 13:35:00+05:30,1653.8,1658.8,1653.7,1657.8,4189.0
2026-06-02 13:40:00+05:30,1658.0,1658.6,1655.1,1656.2,1958.0
2026-06-02 13:45:00+05:30,1656.2,1657.5,1655.6,1656.1,1193.0
2026-06-02 13:50:00+05:30,1656.1,1658.7,1655.8,1658.4,2952.0
2026-06-02 13:55:00+05:30,1658.7,1659.0,1657.3,1659.0,3277.0
2026-06-02 14:00:00+05:30,1659.0,1667.6,1658.1,1666.1,10288.0
2026-06-02 14:05:00+05:30,1667.6,1667.6,1661.5,1664.0,6027.0
2026-06-02 14:10:00+05:30,1664.8,1664.8,1660.8,1662.0,2068.0
2026-06-02 14:15:00+05:30,1662.3,1673.8,1662.3,1670.9,11998.0
2026-06-02 14:20:00+05:30,1671.9,1674.0,1665.8,1665.8,8311.0
2026-06-02 14:25:00+05:30,1666.9,1667.3,1664.2,1666.1,1476.0
2026-06-02 14:30:00+05:30,1666.5,1672.0,1666.5,1671.9,6768.0
2026-06-02 14:35:00+05:30,1670.8,1670.8,1662.0,1663.8,13255.0
2026-06-02 14:40:00+05:30,1663.5,1663.8,1657.0,1659.1,6697.0
2026-06-02 14:45:00+05:30,1660.0,1662.2,1655.0,1660.9,5956.0
2026-06-02 14:50:00+05:30,1661.9,1669.9,1660.7,1669.2,9582.0
2026-06-02 14:55:00+05:30,1670.0,1670.0,1665.1,1666.0,4682.0
2026-06-02 15:00:00+05:30,1666.5,1669.0,1663.0,1668.8,5837.0
2026-06-02 15:05:00+05:30,1668.0,1671.8,1668.0,1669.7,6102.0
2026-06-02 15:10:00+05:30,1670.0,1674.0,1668.9,1672.0,10011.0
2026-06-02 15:15:00+05:30,1672.5,1674.0,1669.9,1674.0,13722.0
2026-06-02 15:20:00+05:30,1673.3,1674.9,1671.2,1673.7,10893.0
2026-06-02 15:25:00+05:30,1673.1,1679.0,1672.0,1678.8,19141.0
2026-06-03 09:15:00+05:30,1678.0,1708.0,1677.9,1688.5,51969.0
2026-06-03 09:20:00+05:30,1689.7,1696.2,1678.1,1693.1,20389.0
2026-06-03 09:25:00+05:30,1692.1,1701.5,1690.4,1696.8,18567.0
2026-06-03 09:30:00+05:30,1695.4,1696.4,1691.2,1696.0,26437.0
2026-06-03 09:35:00+05:30,1694.6,1710.0,1694.6,1708.6,36553.0
2026-06-03 09:40:00+05:30,1708.1,1710.0,1703.0,1706.9,19426.0
2026-06-03 09:45:00+05:30,1706.0,1708.0,1703.7,1706.6,16174.0
2026-06-03 09:50:00+05:30,1705.7,1706.6,1700.0,1701.6,11597.0
2026-06-03 09:55:00+05:30,1700.2,1703.1,1684.0,1687.6,41314.0
2026-06-03 10:00:00+05:30,1689.6,1690.2,1673.1,1679.5,23758.0
2026-06-03 10:05:00+05:30,1679.4,1682.7,1669.9,1677.0,19833.0
2026-06-03 10:10:00+05:30,1678.0,1687.0,1673.0,1673.0,18901.0
2026-06-03 10:15:00+05:30,1673.0,1677.2,1672.3,1676.8,7365.0
2026-06-03 10:20:00+05:30,1677.0,1678.0,1674.9,1676.8,5452.0
2026-06-03 10:25:00+05:30,1676.5,1684.8,1676.5,1681.2,8816.0
2026-06-03 10:30:00+05:30,1681.9,1681.9,1670.0,1671.0,9078.0
2026-06-03 10:35:00+05:30,1672.0,1677.6,1671.2,1675.7,1808.0
2026-06-03 10:40:00+05:30,1677.0,1679.9,1676.3,1679.9,2857.0
2026-06-03 10:45:00+05:30,1679.0,1679.5,1673.6,1675.8,2351.0
2026-06-03 10:50:00+05:30,1674.7,1688.9,1673.2,1683.1,10264.0
2026-06-03 10:55:00+05:30,1683.9,1689.3,1681.5,1685.0,9291.0
2026-06-03 11:00:00+05:30,1685.0,1687.9,1683.4,1685.0,2867.0
2026-06-03 11:05:00+05:30,1684.9,1684.9,1680.3,1681.8,1363.0
2026-06-03 11:10:00+05:30,1682.0,1684.0,1679.5,1680.5,1776.0
2026-06-03 11:15:00+05:30,1680.5,1684.0,1679.4,1684.0,1684.0
2026-06-03 11:20:00+05:30,1681.0,1683.8,1681.0,1682.8,2978.0
2026-06-03 11:25:00+05:30,1682.6,1683.1,1680.9,1682.9,1275.0
2026-06-03 11:30:00+05:30,1682.9,1684.0,1682.0,1682.2,2030.0
2026-06-03 11:35:00+05:30,1683.6,1683.6,1679.1,1681.9,3959.0
2026-06-03 11:40:00+05:30,1681.4,1682.0,1680.2,1680.2,1133.0
2026-06-03 11:45:00+05:30,1680.2,1681.8,1677.4,1679.0,8490.0
2026-06-03 11:50:00+05:30,1679.0,1679.9,1676.4,1676.4,1170.0
2026-06-03 11:55:00+05:30,1677.6,1677.8,1672.4,1673.9,2643.0
2026-06-03 12:00:00+05:30,1673.8,1678.8,1672.5,1676.7,10947.0
2026-06-03 12:05:00+05:30,1676.1,1676.7,1674.0,1675.4,3006.0
2026-06-03 12:10:00+05:30,1674.9,1675.9,1674.0,1674.4,3112.0
2026-06-03 12:15:00+05:30,1675.0,1676.9,1674.1,1676.7,1485.0
2026-06-03 12:20:00+05:30,1675.8,1677.9,1674.1,1676.9,1172.0
2026-06-03 12:25:00+05:30,1675.3,1679.2,1675.3,1678.9,1298.0
2026-06-03 12:30:00+05:30,1677.8,1684.9,1677.8,1684.5,9567.0
2026-06-03 12:35:00+05:30,1683.2,1689.0,1683.2,1688.9,5199.0
2026-06-03 12:40:00+05:30,1688.5,1693.9,1688.5,1693.0,6346.0
2026-06-03 12:45:00+05:30,1693.0,1693.0,1686.7,1687.9,7990.0
2026-06-03 12:50:00+05:30,1688.8,1688.8,1685.5,1686.4,1749.0
2026-06-03 12:55:00+05:30,1688.0,1688.7,1686.5,1687.2,1157.0
2026-06-03 13:00:00+05:30,1686.9,1687.0,1685.0,1685.6,2381.0
2026-06-03 13:05:00+05:30,1686.0,1686.0,1680.2,1681.6,4469.0
2026-06-03 13:10:00+05:30,1681.2,1682.0,1680.4,1680.9,1356.0
2026-06-03 13:15:00+05:30,1681.9,1685.3,1681.7,1683.0,4841.0
2026-06-03 13:20:00+05:30,1683.0,1686.4,1683.0,1685.0,2039.0
2026-06-03 13:25:00+05:30,1685.1,1688.8,1684.0,1688.8,2537.0
2026-06-03 13:30:00+05:30,1688.0,1688.9,1685.3,1688.3,1888.0
2026-06-03 13:35:00+05:30,1686.7,1688.0,1684.3,1688.0,1985.0
2026-06-03 13:40:00+05:30,1686.7,1689.0,1684.4,1686.5,2899.0
2026-06-03 13:45:00+05:30,1687.5,1692.7,1685.8,1690.5,3780.0
2026-06-03 13:50:00+05:30,1690.0,1691.5,1686.0,1687.9,2859.0
2026-06-03 13:55:00+05:30,1688.6,1689.0,1685.3,1688.5,3685.0
2026-06-03 14:00:00+05:30,1688.7,1690.9,1687.3,1690.9,2461.0
2026-06-03 14:05:00+05:30,1690.9,1691.0,1689.0,1689.8,1389.0
2026-06-03 14:10:00+05:30,1688.4,1690.3,1688.0,1688.6,1859.0
2026-06-03 14:15:00+05:30,1688.2,1690.6,1688.0,1690.0,1782.0
2026-06-03 14:20:00+05:30,1690.0,1690.0,1687.7,1689.5,2403.0
2026-06-03 14:25:00+05:30,1689.6,1689.9,1687.8,1689.9,2266.0
2026-06-03 14:30:00+05:30,1689.9,1690.8,1686.6,1686.6,5541.0
2026-06-03 14:35:00+05:30,1687.7,1688.1,1683.8,1686.9,3570.0
2026-06-03 14:40:00+05:30,1687.7,1689.3,1685.9,1688.0,1240.0
2026-06-03 14:45:00+05:30,1688.0,1689.0,1685.0,1687.8,2450.0
2026-06-03 14:50:00+05:30,1687.8,1687.8,1685.1,1687.1,2253.0
2026-06-03 14:55:00+05:30,1685.4,1687.0,1683.0,1683.5,2459.0
2026-06-03 15:00:00+05:30,1685.0,1685.0,1678.0,1678.9,8143.0
2026-06-03 15:05:00+05:30,1679.8,1682.5,1677.4,1679.2,4020.0
2026-06-03 15:10:00+05:30,1679.0,1699.0,1677.5,1692.0,42330.0
2026-06-03 15:15:00+05:30,1693.8,1694.0,1680.8,1686.4,18021.0
2026-06-03 15:20:00+05:30,1687.0,1690.0,1684.0,1687.8,12702.0
2026-06-03 15:25:00+05:30,1688.0,1689.0,1681.0,1686.0,15775.0
2026-06-04 09:15:00+05:30,1692.0,1746.0,1691.0,1736.6,139947.0
2026-06-04 09:20:00+05:30,1736.0,1739.6,1731.0,1738.4,63150.0
2026-06-04 09:25:00+05:30,1741.0,1755.0,1735.0,1744.6,95812.0
2026-06-04 09:30:00+05:30,1741.3,1765.6,1741.3,1759.0,107892.0
2026-06-04 09:35:00+05:30,1757.5,1798.0,1753.3,1796.2,191503.0
2026-06-04 09:40:00+05:30,1796.1,1798.0,1783.5,1791.0,133558.0
2026-06-04 09:45:00+05:30,1791.7,1794.9,1783.0,1785.0,93387.0
2026-06-04 09:50:00+05:30,1785.2,1787.1,1773.8,1777.3,72976.0
2026-06-04 09:55:00+05:30,1777.0,1797.6,1775.6,1796.0,89380.0
2026-06-04 10:00:00+05:30,1797.3,1829.0,1796.0,1824.0,328182.0
2026-06-04 10:05:00+05:30,1824.9,1826.0,1807.7,1813.2,168682.0
2026-06-04 10:10:00+05:30,1812.9,1813.0,1797.4,1802.0,103735.0
2026-06-04 10:15:00+05:30,1802.0,1804.3,1799.0,1803.9,48045.0
2026-06-04 10:20:00+05:30,1803.0,1804.0,1797.7,1799.6,37632.0
2026-06-04 10:25:00+05:30,1799.0,1815.0,1798.4,1814.1,57880.0
2026-06-04 10:30:00+05:30,1813.9,1815.0,1797.0,1797.0,63673.0
2026-06-04 10:35:00+05:30,1797.4,1804.0,1792.5,1799.2,56485.0
2026-06-04 10:40:00+05:30,1799.1,1804.0,1797.2,1802.0,28832.0
2026-06-04 10:45:00+05:30,1802.0,1802.0,1788.0,1790.0,50107.0
2026-06-04 10:50:00+05:30,1790.7,1791.0,1778.1,1779.0,72860.0
2026-06-04 10:55:00+05:30,1779.9,1799.0,1778.0,1799.0,45946.0
2026-06-04 11:00:00+05:30,1797.9,1808.6,1792.0,1801.0,55503.0
2026-06-04 11:05:00+05:30,1801.0,1818.8,1800.0,1815.7,54443.0
2026-06-04 11:10:00+05:30,1815.8,1834.2,1813.8,1831.7,174855.0
2026-06-04 11:15:00+05:30,1832.3,1845.0,1832.3,1843.0,155465.0
2026-06-04 11:20:00+05:30,1847.0,1865.0,1845.0,1847.0,233121.0
2026-06-04 11:25:00+05:30,1845.9,1878.1,1845.9,1876.1,222627.0
2026-06-04 11:30:00+05:30,1875.6,1882.0,1867.1,1878.3,217848.0
2026-06-04 11:35:00+05:30,1878.7,1878.7,1866.0,1868.5,122813.0
2026-06-04 11:40:00+05:30,1868.5,1876.6,1862.5,1874.3,111768.0
2026-06-04 11:45:00+05:30,1874.3,1885.0,1865.7,1870.1,207110.0
2026-06-04 11:50:00+05:30,1870.4,1871.5,1862.2,1867.4,99126.0
2026-06-04 11:55:00+05:30,1867.3,1875.0,1866.1,1871.0,61727.0
2026-06-04 12:00:00+05:30,1870.4,1884.5,1868.0,1868.0,131866.0
2026-06-04 12:05:00+05:30,1868.0,1871.9,1861.5,1865.2,106285.0
2026-06-04 12:10:00+05:30,1866.3,1866.3,1857.1,1861.0,90843.0
2026-06-04 12:15:00+05:30,1861.5,1862.8,1834.0,1838.1,217025.0
2026-06-04 12:20:00+05:30,1838.1,1838.2,1827.0,1832.0,108072.0
2026-06-04 12:25:00+05:30,1832.0,1834.8,1826.3,1832.5,71427.0
2026-06-04 12:30:00+05:30,1831.6,1841.1,1825.0,1825.0,73704.0
2026-06-04 12:35:00+05:30,1824.0,1826.0,1814.4,1825.0,119002.0
2026-06-04 12:40:00+05:30,1825.7,1828.0,1823.2,1825.1,32354.0
2026-06-04 12:45:00+05:30,1825.0,1833.8,1825.0,1830.0,57325.0
2026-06-04 12:50:00+05:30,1830.0,1834.9,1826.4,1832.0,46655.0
2026-06-04 12:55:00+05:30,1831.3,1835.0,1830.1,1832.9,30137.0
2026-06-04 13:00:00+05:30,1832.0,1839.3,1832.0,1835.4,29856.0
2026-06-04 13:05:00+05:30,1834.5,1841.4,1829.0,1841.2,57356.0
2026-06-04 13:10:00+05:30,1842.6,1844.2,1833.5,1833.5,42631.0
2026-06-04 13:15:00+05:30,1833.2,1838.9,1831.8,1836.9,27625.0
2026-06-04 13:20:00+05:30,1837.7,1840.1,1832.0,1832.4,25629.0
2026-06-04 13:25:00+05:30,1833.0,1835.6,1832.0,1834.2,15598.0
2026-06-04 13:30:00+05:30,1835.1,1835.1,1824.3,1826.3,39344.0
2026-06-04 13:35:00+05:30,1826.1,1828.8,1815.8,1823.7,54997.0
2026-06-04 13:40:00+05:30,1822.3,1823.8,1811.9,1817.3,57907.0
2026-06-04 13:45:00+05:30,1817.3,1824.9,1816.3,1823.8,27203.0
2026-06-04 13:50:00+05:30,1824.0,1825.1,1820.0,1822.0,17130.0
2026-06-04 13:55:00+05:30,1822.0,1824.6,1820.4,1821.0,9527.0
2026-06-04 14:00:00+05:30,1822.0,1824.0,1817.5,1819.0,16943.0
2026-06-04 14:05:00+05:30,1820.0,1821.0,1816.0,1817.0,14992.0
2026-06-04 14:10:00+05:30,1816.4,1819.6,1816.1,1816.7,16335.0
2026-06-04 14:15:00+05:30,1816.1,1820.9,1816.0,1817.2,10891.0
2026-06-04 14:20:00+05:30,1818.1,1824.1,1816.1,1817.0,38771.0
2026-06-04 14:25:00+05:30,1817.0,1821.8,1815.1,1817.1,26245.0
2026-06-04 14:30:00+05:30,1817.3,1822.0,1817.3,1821.9,10998.0
2026-06-04 14:35:00+05:30,1821.4,1822.0,1818.0,1820.8,15332.0
2026-06-04 14:40:00+05:30,1820.7,1821.0,1811.0,1815.0,45123.0
2026-06-04 14:45:00+05:30,1815.1,1815.3,1802.6,1808.0,81483.0
2026-06-04 14:50:00+05:30,1809.5,1809.9,1804.0,1806.0,16137.0
2026-06-04 14:55:00+05:30,1806.0,1808.8,1805.4,1807.0,17777.0
2026-06-04 15:00:00+05:30,1808.1,1818.9,1802.1,1807.6,53513.0
2026-06-04 15:05:00+05:30,1808.0,1811.1,1805.0,1810.2,26170.0
2026-06-04 15:10:00+05:30,1811.0,1818.0,1810.2,1813.0,36407.0
2026-06-04 15:15:00+05:30,1813.6,1813.6,1810.0,1810.4,77266.0
2026-06-04 15:20:00+05:30,1809.0,1811.9,1802.9,1809.0,95916.0
2026-06-04 15:25:00+05:30,1808.9,1810.5,1805.0,1809.5,62840.0
2026-06-05 09:15:00+05:30,1823.0,1840.5,1815.0,1836.2,120394.0
2026-06-05 09:20:00+05:30,1836.4,1848.0,1821.9,1830.0,101440.0
2026-06-05 09:25:00+05:30,1829.0,1835.0,1822.6,1829.0,47186.0
2026-06-05 09:30:00+05:30,1827.4,1839.9,1818.0,1837.0,58253.0
2026-06-05 09:35:00+05:30,1838.6,1868.9,1837.2,1859.0,159855.0
2026-06-05 09:40:00+05:30,1859.0,1864.7,1848.8,1854.9,86274.0
2026-06-05 09:45:00+05:30,1853.3,1862.7,1853.3,1857.4,49149.0
2026-06-05 09:50:00+05:30,1857.4,1861.7,1853.2,1861.6,33217.0
2026-06-05 09:55:00+05:30,1862.0,1862.0,1846.0,1850.6,45800.0
2026-06-05 10:00:00+05:30,1850.1,1852.0,1836.8,1845.5,52599.0
2026-06-05 10:05:00+05:30,1843.7,1854.0,1838.1,1843.5,33832.0
2026-06-05 10:10:00+05:30,1842.4,1848.1,1838.0,1843.2,32771.0
2026-06-05 10:15:00+05:30,1842.0,1848.0,1841.4,1846.0,25555.0
2026-06-05 10:20:00+05:30,1846.0,1846.9,1840.8,1842.3,10483.0
2026-06-05 10:25:00+05:30,1840.4,1841.9,1825.0,1832.9,41492.0
2026-06-05 10:30:00+05:30,1832.9,1835.0,1831.5,1832.6,12519.0
2026-06-05 10:35:00+05:30,1839.7,1839.7,1830.0,1831.0,25564.0
2026-06-05 10:40:00+05:30,1831.0,1836.0,1828.0,1830.2,22654.0
2026-06-05 10:45:00+05:30,1830.2,1839.9,1828.1,1836.7,12746.0
2026-06-05 10:50:00+05:30,1836.6,1836.9,1830.7,1834.4,18848.0
2026-06-05 10:55:00+05:30,1833.3,1838.6,1831.0,1833.0,31760.0
2026-06-05 11:00:00+05:30,1832.9,1849.0,1831.2,1838.4,41873.0
2026-06-05 11:05:00+05:30,1836.9,1838.8,1836.0,1837.7,4350.0
2026-06-05 11:10:00+05:30,1836.6,1837.7,1832.5,1836.2,8516.0
2026-06-05 11:15:00+05:30,1835.0,1835.8,1831.3,1833.0,6245.0
2026-06-05 11:20:00+05:30,1833.0,1833.7,1830.1,1833.0,8432.0
2026-06-05 11:25:00+05:30,1833.0,1838.0,1833.0,1836.9,11084.0
2026-06-05 11:30:00+05:30,1835.3,1838.7,1833.3,1833.5,7191.0
2026-06-05 11:35:00+05:30,1833.3,1834.5,1830.2,1833.5,5733.0
2026-06-05 11:40:00+05:30,1833.5,1836.0,1832.7,1834.6,4403.0
2026-06-05 11:45:00+05:30,1833.3,1836.3,1831.2,1833.0,5626.0
2026-06-05 11:50:00+05:30,1835.0,1835.8,1832.6,1832.9,2676.0
2026-06-05 11:55:00+05:30,1832.9,1834.3,1831.7,1833.1,2331.0
2026-06-05 12:00:00+05:30,1833.1,1834.5,1832.1,1832.1,2321.0
2026-06-05 12:05:00+05:30,1832.1,1837.2,1832.1,1833.5,5327.0
2026-06-05 12:10:00+05:30,1833.6,1834.7,1832.1,1834.7,2456.0
2026-06-05 12:15:00+05:30,1834.7,1834.7,1831.0,1831.8,3475.0
2026-06-05 12:20:00+05:30,1831.8,1831.8,1830.0,1830.1,3203.0
2026-06-05 12:25:00+05:30,1830.1,1830.8,1815.2,1818.8,21430.0
2026-06-05 12:30:00+05:30,1819.2,1823.6,1819.2,1821.0,7984.0
2026-06-05 12:35:00+05:30,1821.0,1825.2,1820.2,1823.0,7839.0
2026-06-05 12:40:00+05:30,1823.0,1824.8,1821.4,1822.0,3133.0
2026-06-05 12:45:00+05:30,1821.5,1829.8,1811.2,1826.5,26422.0
2026-06-05 12:50:00+05:30,1826.8,1828.7,1826.1,1826.5,2858.0
2026-06-05 12:55:00+05:30,1826.5,1828.0,1824.8,1825.4,3438.0
2026-06-05 13:00:00+05:30,1824.7,1827.0,1823.1,1825.0,2579.0
2026-06-05 13:05:00+05:30,1825.0,1825.2,1820.0,1821.0,4821.0
2026-06-05 13:10:00+05:30,1821.0,1821.1,1813.5,1814.5,19106.0
2026-06-05 13:15:00+05:30,1816.1,1819.7,1814.6,1815.5,4118.0
2026-06-05 13:20:00+05:30,1815.5,1822.0,1813.1,1813.5,5821.0
2026-06-05 13:25:00+05:30,1814.5,1814.6,1811.6,1813.0,3890.0
2026-06-05 13:30:00+05:30,1812.9,1818.0,1812.0,1815.6,3315.0
2026-06-05 13:35:00+05:30,1816.0,1818.8,1815.2,1818.8,3750.0
2026-06-05 13:40:00+05:30,1817.6,1817.6,1802.1,1803.9,17256.0
2026-06-05 13:45:00+05:30,1804.8,1812.0,1803.2,1812.0,15844.0
2026-06-05 13:50:00+05:30,1812.5,1813.1,1810.2,1812.9,2641.0
2026-06-05 13:55:00+05:30,1812.9,1812.9,1807.0,1812.0,6225.0
2026-06-05 14:00:00+05:30,1813.5,1814.9,1811.5,1812.2,4773.0
2026-06-05 14:05:00+05:30,1812.2,1817.2,1810.5,1814.3,7227.0
2026-06-05 14:10:00+05:30,1814.4,1814.4,1805.1,1807.9,9647.0
2026-06-05 14:15:00+05:30,1803.9,1807.0,1801.0,1803.2,10985.0
2026-06-05 14:20:00+05:30,1803.9,1803.9,1797.3,1799.5,20075.0
2026-06-05 14:25:00+05:30,1800.0,1805.0,1799.7,1802.7,9544.0
2026-06-05 14:30:00+05:30,1802.7,1805.3,1801.1,1804.0,6417.0
2026-06-05 14:35:00+05:30,1804.5,1811.0,1801.0,1806.7,11986.0
2026-06-05 14:40:00+05:30,1806.5,1817.0,1803.0,1816.1,15412.0
2026-06-05 14:45:00+05:30,1817.0,1821.0,1810.3,1810.9,19603.0
2026-06-05 14:50:00+05:30,1813.9,1820.0,1813.7,1820.0,14165.0
2026-06-05 14:55:00+05:30,1820.0,1821.8,1812.0,1813.4,15914.0
2026-06-05 15:00:00+05:30,1814.2,1814.2,1809.2,1810.0,14366.0
2026-06-05 15:05:00+05:30,1810.7,1811.2,1806.5,1809.1,16721.0
2026-06-05 15:10:00+05:30,1809.1,1812.7,1808.0,1808.3,12698.0
2026-06-05 15:15:00+05:30,1809.0,1822.1,1808.0,1821.9,32723.0
2026-06-05 15:20:00+05:30,1823.1,1824.1,1815.0,1816.0,23723.0
2026-06-05 15:25:00+05:30,1816.0,1820.8,1815.2,1819.0,29744.0
2026-06-08 09:15:00+05:30,1786.0,1814.4,1756.5,1808.1,96228.0
2026-06-08 09:20:00+05:30,1810.5,1812.0,1802.0,1804.1,26901.0
2026-06-08 09:25:00+05:30,1804.4,1812.5,1799.0,1802.0,21683.0
2026-06-08 09:30:00+05:30,1800.2,1807.4,1798.0,1804.7,10281.0
2026-06-08 09:35:00+05:30,1804.6,1806.8,1793.4,1797.1,16298.0
2026-06-08 09:40:00+05:30,1798.2,1802.2,1792.1,1794.7,11959.0
2026-06-08 09:45:00+05:30,1796.6,1818.9,1796.0,1804.3,22360.0
2026-06-08 09:50:00+05:30,1805.0,1806.8,1798.1,1803.1,12623.0
2026-06-08 09:55:00+05:30,1803.1,1813.9,1800.2,1811.1,13247.0
2026-06-08 10:00:00+05:30,1811.8,1838.0,1807.2,1830.6,42041.0
2026-06-08 10:05:00+05:30,1829.5,1833.9,1811.6,1825.4,43690.0
2026-06-08 10:10:00+05:30,1825.9,1833.9,1821.2,1827.0,33064.0
2026-06-08 10:15:00+05:30,1825.3,1831.5,1808.3,1822.5,30485.0
2026-06-08 10:20:00+05:30,1821.1,1828.0,1818.1,1818.2,13330.0
2026-06-08 10:25:00+05:30,1818.1,1818.7,1809.0,1814.4,8887.0
2026-06-08 10:30:00+05:30,1813.6,1827.0,1812.6,1826.3,11517.0
2026-06-08 10:35:00+05:30,1826.9,1827.0,1821.3,1824.0,4504.0
2026-06-08 10:40:00+05:30,1823.1,1836.0,1821.2,1832.2,14132.0
2026-06-08 10:45:00+05:30,1831.7,1832.6,1825.9,1826.9,4901.0
2026-06-08 10:50:00+05:30,1826.9,1828.5,1823.9,1825.2,4467.0
2026-06-08 10:55:00+05:30,1823.7,1835.0,1822.8,1832.0,10078.0
2026-06-08 11:00:00+05:30,1833.0,1835.0,1832.0,1834.9,6175.0
2026-06-08 11:05:00+05:30,1834.6,1840.9,1815.1,1819.9,40144.0
2026-06-08 11:10:00+05:30,1819.4,1820.7,1805.9,1807.0,30574.0
2026-06-08 11:15:00+05:30,1808.0,1809.4,1801.0,1803.1,17051.0
2026-06-08 11:20:00+05:30,1801.8,1807.8,1801.1,1803.0,11485.0
2026-06-08 11:25:00+05:30,1802.7,1804.6,1800.0,1800.8,10752.0
2026-06-08 11:30:00+05:30,1801.5,1809.8,1800.1,1808.6,5632.0
2026-06-08 11:35:00+05:30,1807.4,1817.0,1807.1,1811.5,10135.0
2026-06-08 11:40:00+05:30,1810.3,1813.2,1808.6,1810.0,3738.0
2026-06-08 11:45:00+05:30,1809.9,1817.9,1807.0,1814.1,12049.0
2026-06-08 11:50:00+05:30,1814.4,1816.3,1809.0,1811.0,7338.0
2026-06-08 11:55:00+05:30,1810.7,1812.0,1808.8,1809.5,2058.0
2026-06-08 12:00:00+05:30,1811.1,1812.1,1805.1,1805.4,3645.0
2026-06-08 12:05:00+05:30,1805.3,1807.6,1797.0,1798.0,10754.0
2026-06-08 12:10:00+05:30,1799.6,1800.9,1787.4,1789.7,28942.0
2026-06-08 12:15:00+05:30,1789.9,1790.6,1785.5,1788.3,6014.0
2026-06-08 12:20:00+05:30,1790.0,1793.2,1790.0,1790.4,12429.0
2026-06-08 12:25:00+05:30,1791.3,1791.7,1788.0,1790.0,3373.0
2026-06-08 12:30:00+05:30,1789.7,1790.0,1783.3,1783.7,8072.0
2026-06-08 12:35:00+05:30,1784.1,1785.6,1780.3,1783.1,8050.0
2026-06-08 12:40:00+05:30,1783.1,1786.1,1783.1,1783.9,4358.0
2026-06-08 12:45:00+05:30,1783.9,1788.0,1781.0,1786.5,7271.0
2026-06-08 12:50:00+05:30,1788.0,1790.1,1786.2,1787.3,7596.0
2026-06-08 12:55:00+05:30,1789.0,1789.7,1785.3,1785.3,3523.0
2026-06-08 13:00:00+05:30,1785.3,1786.9,1780.0,1780.0,6760.0
2026-06-08 13:05:00+05:30,1780.8,1782.4,1776.6,1778.0,10071.0
2026-06-08 13:10:00+05:30,1777.7,1778.0,1774.9,1775.8,5566.0
2026-06-08 13:15:00+05:30,1777.3,1778.8,1774.2,1774.2,6796.0
2026-06-08 13:20:00+05:30,1776.0,1777.8,1773.0,1776.0,5259.0
2026-06-08 13:25:00+05:30,1776.1,1777.0,1771.0,1772.2,5444.0
2026-06-08 13:30:00+05:30,1773.0,1775.9,1770.2,1773.7,6553.0
2026-06-08 13:35:00+05:30,1775.0,1776.0,1771.1,1773.3,2903.0
2026-06-08 13:40:00+05:30,1771.9,1772.8,1766.1,1766.4,7887.0
2026-06-08 13:45:00+05:30,1766.5,1769.2,1765.5,1768.5,4528.0
2026-06-08 13:50:00+05:30,1767.4,1769.4,1762.0,1763.1,6480.0
2026-06-08 13:55:00+05:30,1763.1,1764.1,1760.0,1761.0,5423.0
2026-06-08 14:00:00+05:30,1762.9,1767.0,1761.4,1765.0,7137.0
2026-06-08 14:05:00+05:30,1765.0,1767.1,1761.7,1761.9,5348.0
2026-06-08 14:10:00+05:30,1763.0,1764.3,1760.3,1761.0,3523.0
2026-06-08 14:15:00+05:30,1761.0,1764.8,1760.0,1764.4,5036.0
2026-06-08 14:20:00+05:30,1764.3,1764.4,1755.1,1759.5,23037.0
2026-06-08 14:25:00+05:30,1759.3,1765.5,1758.4,1761.4,7423.0
2026-06-08 14:30:00+05:30,1763.0,1764.3,1758.6,1759.4,5873.0
2026-06-08 14:35:00+05:30,1760.8,1762.5,1757.6,1759.0,8868.0
2026-06-08 14:40:00+05:30,1759.9,1761.3,1757.5,1759.5,4526.0
2026-06-08 14:45:00+05:30,1760.1,1770.0,1759.0,1767.3,19533.0
2026-06-08 14:50:00+05:30,1766.6,1767.9,1757.0,1757.1,5976.0
2026-06-08 14:55:00+05:30,1758.3,1759.2,1751.2,1754.3,19140.0
2026-06-08 15:00:00+05:30,1754.6,1767.3,1751.5,1752.7,21097.0
2026-06-08 15:05:00+05:30,1752.7,1761.8,1752.0,1761.6,13544.0
2026-06-08 15:10:00+05:30,1761.6,1761.6,1756.0,1757.4,15588.0
2026-06-08 15:15:00+05:30,1757.4,1759.9,1751.0,1754.5,32866.0
2026-06-08 15:20:00+05:30,1755.0,1756.1,1746.0,1749.2,25442.0
2026-06-08 15:25:00+05:30,1747.7,1751.0,1732.6,1750.0,32981.0
2026-06-09 09:15:00+05:30,1760.9,1783.8,1746.5,1783.6,48199.0
2026-06-09 09:20:00+05:30,1783.7,1784.8,1770.1,1779.8,38156.0
2026-06-09 09:25:00+05:30,1778.5,1784.0,1766.3,1772.5,27917.0
2026-06-09 09:30:00+05:30,1773.6,1783.2,1770.4,1781.0,9783.0
2026-06-09 09:35:00+05:30,1781.0,1796.6,1781.0,1796.6,37298.0
2026-06-09 09:40:00+05:30,1796.6,1805.6,1788.5,1795.9,41880.0
2026-06-09 09:45:00+05:30,1795.6,1799.4,1792.5,1794.5,15220.0
2026-06-09 09:50:00+05:30,1795.6,1804.4,1788.4,1802.0,17868.0
2026-06-09 09:55:00+05:30,1802.0,1808.0,1787.6,1804.0,29481.0
2026-06-09 10:00:00+05:30,1803.4,1816.0,1801.8,1802.1,49639.0
2026-06-09 10:05:00+05:30,1802.5,1813.9,1798.1,1804.5,32250.0
2026-06-09 10:10:00+05:30,1805.0,1805.0,1791.7,1795.8,14896.0
2026-06-09 10:15:00+05:30,1795.8,1808.4,1794.1,1807.0,23446.0
2026-06-09 10:20:00+05:30,1808.2,1811.5,1801.3,1803.8,20170.0
2026-06-09 10:25:00+05:30,1803.5,1803.9,1796.8,1799.8,8079.0
2026-06-09 10:30:00+05:30,1799.2,1800.0,1793.7,1796.9,9367.0
2026-06-09 10:35:00+05:30,1796.8,1797.9,1788.1,1793.4,8734.0
2026-06-09 10:40:00+05:30,1791.0,1796.0,1790.0,1795.7,5424.0
2026-06-09 10:45:00+05:30,1795.4,1796.0,1791.9,1791.9,3208.0
2026-06-09 10:50:00+05:30,1790.5,1792.5,1783.8,1788.0,10573.0
2026-06-09 10:55:00+05:30,1788.0,1789.0,1784.4,1784.4,4136.0
2026-06-09 11:00:00+05:30,1785.4,1788.4,1784.0,1787.9,2566.0
2026-06-09 11:05:00+05:30,1787.9,1792.9,1786.0,1789.2,6656.0
2026-06-09 11:10:00+05:30,1791.4,1791.5,1787.5,1788.0,3302.0
2026-06-09 11:15:00+05:30,1788.0,1798.0,1788.0,1797.5,5685.0
2026-06-09 11:20:00+05:30,1798.0,1798.5,1790.0,1790.0,3034.0
2026-06-09 11:25:00+05:30,1790.0,1798.0,1789.6,1798.0,3425.0
2026-06-09 11:30:00+05:30,1797.2,1797.9,1793.7,1796.1,3905.0
2026-06-09 11:35:00+05:30,1795.2,1798.0,1795.0,1797.7,1811.0
2026-06-09 11:40:00+05:30,1797.7,1804.6,1793.5,1804.0,11776.0
2026-06-09 11:45:00+05:30,1802.7,1804.9,1798.6,1800.0,4304.0
2026-06-09 11:50:00+05:30,1800.0,1808.5,1798.1,1801.6,8326.0
2026-06-09 11:55:00+05:30,1801.6,1802.6,1800.0,1801.0,3671.0
2026-06-09 12:00:00+05:30,1802.5,1802.7,1797.2,1797.3,3050.0
2026-06-09 12:05:00+05:30,1798.6,1800.2,1796.0,1796.0,1971.0
2026-06-09 12:10:00+05:30,1796.9,1799.8,1795.3,1799.8,4551.0
2026-06-09 12:15:00+05:30,1799.8,1800.9,1798.4,1799.8,2109.0
2026-06-09 12:20:00+05:30,1799.9,1801.0,1789.1,1790.7,8565.0
2026-06-09 12:25:00+05:30,1791.5,1792.6,1788.9,1791.5,4735.0
2026-06-09 12:30:00+05:30,1791.6,1794.9,1791.5,1793.0,2856.0
2026-06-09 12:35:00+05:30,1793.9,1794.5,1789.3,1790.2,2586.0
2026-06-09 12:40:00+05:30,1791.7,1793.0,1788.1,1792.5,5744.0
2026-06-09 12:45:00+05:30,1793.5,1793.8,1790.0,1792.1,5468.0
2026-06-09 12:50:00+05:30,1791.2,1793.0,1790.0,1791.1,2932.0
2026-06-09 12:55:00+05:30,1791.1,1792.0,1789.0,1791.7,3390.0
2026-06-09 13:00:00+05:30,1792.0,1792.0,1787.1,1788.8,6031.0
2026-06-09 13:05:00+05:30,1788.7,1792.0,1788.0,1790.8,3680.0
2026-06-09 13:10:00+05:30,1790.8,1790.8,1783.5,1786.3,5598.0
2026-06-09 13:15:00+05:30,1786.3,1788.1,1780.0,1780.0,6083.0
2026-06-09 13:20:00+05:30,1781.6,1783.6,1780.1,1782.0,3779.0
2026-06-09 13:25:00+05:30,1782.0,1782.9,1777.7,1778.7,6878.0
2026-06-09 13:30:00+05:30,1779.4,1779.4,1775.0,1778.8,13767.0
2026-06-09 13:35:00+05:30,1778.8,1781.6,1777.7,1779.9,3628.0
2026-06-09 13:40:00+05:30,1779.8,1781.5,1779.6,1779.9,1989.0
2026-06-09 13:45:00+05:30,1779.9,1780.0,1777.2,1780.0,1741.0
2026-06-09 13:50:00+05:30,1779.3,1780.9,1778.5,1780.4,1142.0
2026-06-09 13:55:00+05:30,1780.4,1780.5,1778.0,1779.9,1857.0
2026-06-09 14:00:00+05:30,1779.9,1780.5,1778.0,1780.0,2938.0
2026-06-09 14:05:00+05:30,1780.0,1783.2,1779.0,1781.9,2713.0
2026-06-09 14:10:00+05:30,1782.0,1782.0,1778.1,1781.0,4335.0
2026-06-09 14:15:00+05:30,1781.1,1782.6,1780.6,1781.9,9702.0
2026-06-09 14:20:00+05:30,1781.9,1782.3,1779.0,1780.8,9850.0
2026-06-09 14:25:00+05:30,1780.0,1781.9,1779.4,1781.9,855.0
2026-06-09 14:30:00+05:30,1781.9,1782.0,1780.2,1780.2,3534.0
2026-06-09 14:35:00+05:30,1780.0,1782.0,1778.0,1781.8,2006.0
2026-06-09 14:40:00+05:30,1781.9,1784.9,1780.5,1781.1,6543.0
2026-06-09 14:45:00+05:30,1782.0,1783.1,1780.4,1780.4,3069.0
2026-06-09 14:50:00+05:30,1782.3,1783.1,1780.9,1782.0,11532.0
2026-06-09 14:55:00+05:30,1782.0,1783.9,1780.0,1780.9,22342.0
2026-06-09 15:00:00+05:30,1780.8,1782.0,1775.1,1781.8,10478.0
2026-06-09 15:05:00+05:30,1782.0,1783.8,1780.0,1780.9,20616.0
2026-06-09 15:10:00+05:30,1780.9,1782.4,1780.1,1781.9,20322.0
2026-06-09 15:15:00+05:30,1781.3,1783.1,1778.4,1779.5,20189.0
2026-06-09 15:20:00+05:30,1779.3,1782.8,1776.1,1782.0,17696.0
2026-06-09 15:25:00+05:30,1782.0,1800.0,1779.4,1794.9,27186.0
2026-06-10 09:15:00+05:30,1790.1,1810.0,1783.0,1785.7,52109.0
2026-06-10 09:20:00+05:30,1784.9,1785.9,1767.1,1771.1,29519.0
2026-06-10 09:25:00+05:30,1772.0,1781.8,1756.1,1761.3,25823.0
2026-06-10 09:30:00+05:30,1760.9,1770.5,1758.4,1766.4,17516.0
2026-06-10 09:35:00+05:30,1768.0,1769.0,1761.4,1763.0,7881.0
2026-06-10 09:40:00+05:30,1762.9,1764.8,1760.2,1762.4,6706.0
2026-06-10 09:45:00+05:30,1762.3,1771.0,1759.5,1770.8,7752.0
2026-06-10 09:50:00+05:30,1769.0,1774.8,1768.1,1770.4,8119.0
2026-06-10 09:55:00+05:30,1771.0,1772.2,1762.3,1765.4,5845.0
2026-06-10 10:00:00+05:30,1763.5,1767.1,1763.1,1764.9,2587.0
2026-06-10 10:05:00+05:30,1765.0,1766.2,1760.9,1762.4,2895.0
2026-06-10 10:10:00+05:30,1764.1,1765.8,1757.0,1757.0,7732.0
2026-06-10 10:15:00+05:30,1757.2,1762.8,1754.6,1761.9,7461.0
2026-06-10 10:20:00+05:30,1761.6,1777.1,1761.6,1771.9,10940.0
2026-06-10 10:25:00+05:30,1771.9,1774.9,1770.0,1774.9,5491.0
2026-06-10 10:30:00+05:30,1773.7,1777.0,1771.0,1776.9,3089.0
2026-06-10 10:35:00+05:30,1776.9,1777.6,1770.1,1770.4,3784.0
2026-06-10 10:40:00+05:30,1770.6,1773.0,1770.6,1772.0,1550.0
2026-06-10 10:45:00+05:30,1772.0,1773.3,1770.7,1772.5,2769.0
2026-06-10 10:50:00+05:30,1772.7,1773.3,1770.7,1771.9,967.0
2026-06-10 10:55:00+05:30,1770.2,1771.8,1767.5,1769.3,2885.0
2026-06-10 11:00:00+05:30,1769.3,1769.9,1767.1,1769.2,1857.0
2026-06-10 11:05:00+05:30,1769.7,1779.9,1768.0,1779.9,6976.0
2026-06-10 11:10:00+05:30,1779.0,1779.8,1775.0,1775.0,1727.0
2026-06-10 11:15:00+05:30,1776.4,1779.8,1772.4,1778.5,9364.0
2026-06-10 11:20:00+05:30,1776.7,1781.9,1776.6,1780.7,3733.0
2026-06-10 11:25:00+05:30,1780.8,1789.5,1780.6,1787.1,11479.0
2026-06-10 11:30:00+05:30,1788.0,1789.0,1783.8,1784.9,7256.0
2026-06-10 11:35:00+05:30,1784.0,1785.6,1782.8,1784.3,2245.0
2026-06-10 11:40:00+05:30,1784.4,1786.0,1782.5,1782.7,1758.0
2026-06-10 11:45:00+05:30,1782.4,1783.0,1777.0,1780.0,4280.0
2026-06-10 11:50:00+05:30,1781.5,1784.7,1780.0,1784.6,1921.0
2026-06-10 11:55:00+05:30,1783.0,1783.0,1780.3,1781.8,1645.0
2026-06-10 12:00:00+05:30,1782.0,1782.0,1780.6,1781.1,442.0
2026-06-10 12:05:00+05:30,1781.9,1782.0,1779.0,1779.8,1420.0
2026-06-10 12:10:00+05:30,1779.8,1781.8,1777.9,1780.1,1713.0
2026-06-10 12:15:00+05:30,1781.1,1782.9,1778.1,1782.0,1530.0
2026-06-10 12:20:00+05:30,1782.0,1787.3,1781.7,1784.8,8153.0
2026-06-10 12:25:00+05:30,1784.7,1792.9,1783.0,1791.3,8611.0
2026-06-10 12:30:00+05:30,1790.8,1793.2,1786.0,1791.0,8937.0
2026-06-10 12:35:00+05:30,1791.0,1791.1,1786.6,1786.6,1703.0
2026-06-10 12:40:00+05:30,1787.8,1788.1,1786.0,1786.0,8013.0
2026-06-10 12:45:00+05:30,1786.9,1789.3,1784.0,1784.0,4660.0
2026-06-10 12:50:00+05:30,1785.5,1792.0,1782.0,1791.7,4932.0
2026-06-10 12:55:00+05:30,1790.1,1792.0,1788.0,1791.9,3026.0
2026-06-10 13:00:00+05:30,1791.1,1805.0,1791.0,1799.0,22516.0
2026-06-10 13:05:00+05:30,1797.7,1804.5,1795.1,1803.0,8305.0
2026-06-10 13:10:00+05:30,1803.0,1808.0,1801.3,1802.8,13085.0
2026-06-10 13:15:00+05:30,1802.8,1802.9,1798.0,1801.9,5963.0
2026-06-10 13:20:00+05:30,1800.4,1801.8,1792.0,1792.2,6106.0
2026-06-10 13:25:00+05:30,1792.8,1795.6,1791.0,1795.6,2297.0
2026-06-10 13:30:00+05:30,1797.0,1797.0,1791.0,1791.8,3763.0
2026-06-10 13:35:00+05:30,1792.8,1793.7,1790.8,1791.0,2327.0
2026-06-10 13:40:00+05:30,1792.1,1803.7,1791.0,1795.0,7861.0
2026-06-10 13:45:00+05:30,1794.1,1796.2,1792.5,1793.6,2253.0
2026-06-10 13:50:00+05:30,1794.5,1794.9,1792.7,1793.0,1993.0
2026-06-10 13:55:00+05:30,1794.0,1803.7,1790.5,1796.1,10393.0
2026-06-10 14:00:00+05:30,1796.1,1802.7,1796.1,1799.9,6963.0
2026-06-10 14:05:00+05:30,1798.0,1802.0,1796.3,1798.4,4562.0
2026-06-10 14:10:00+05:30,1798.3,1798.4,1787.4,1788.9,10305.0
2026-06-10 14:15:00+05:30,1789.7,1789.7,1785.1,1786.5,2964.0
2026-06-10 14:20:00+05:30,1787.0,1789.9,1785.0,1789.5,8903.0
2026-06-10 14:25:00+05:30,1789.5,1795.0,1787.1,1792.8,11459.0
2026-06-10 14:30:00+05:30,1794.0,1794.8,1789.0,1793.5,2561.0
2026-06-10 14:35:00+05:30,1794.0,1797.3,1790.1,1794.5,6863.0
2026-06-10 14:40:00+05:30,1795.1,1796.4,1786.1,1788.3,15919.0
2026-06-10 14:45:00+05:30,1788.3,1789.4,1780.5,1780.5,10755.0
2026-06-10 14:50:00+05:30,1781.5,1781.7,1775.9,1778.0,10645.0
2026-06-10 14:55:00+05:30,1778.0,1781.7,1773.3,1775.0,17917.0
2026-06-10 15:00:00+05:30,1775.5,1775.8,1772.0,1773.0,6339.0
2026-06-10 15:05:00+05:30,1772.9,1773.4,1766.3,1773.3,7776.0
2026-06-10 15:10:00+05:30,1773.1,1774.4,1765.0,1765.0,6121.0
2026-06-10 15:15:00+05:30,1766.6,1767.4,1756.5,1761.4,22756.0
2026-06-10 15:20:00+05:30,1761.9,1762.0,1755.4,1761.0,12827.0
2026-06-10 15:25:00+05:30,1761.0,1761.8,1754.0,1760.0,23243.0
2026-06-11 09:15:00+05:30,1752.1,1752.7,1720.2,1752.0,69644.0
2026-06-11 09:20:00+05:30,1754.5,1764.4,1751.0,1761.7,24422.0
2026-06-11 09:25:00+05:30,1761.5,1773.8,1756.7,1769.4,19365.0
2026-06-11 09:30:00+05:30,1769.4,1769.4,1753.0,1754.9,12359.0
2026-06-11 09:35:00+05:30,1754.7,1771.9,1752.2,1768.3,11638.0
2026-06-11 09:40:00+05:30,1768.8,1769.3,1761.7,1765.6,5177.0
2026-06-11 09:45:00+05:30,1765.9,1779.3,1762.0,1766.7,33497.0
2026-06-11 09:50:00+05:30,1765.6,1768.8,1763.0,1765.1,4774.0
2026-06-11 09:55:00+05:30,1772.0,1775.0,1766.1,1768.9,19606.0
2026-06-11 10:00:00+05:30,1767.5,1772.0,1765.1,1768.5,5197.0
2026-06-11 10:05:00+05:30,1768.0,1780.8,1766.1,1780.8,15382.0
2026-06-11 10:10:00+05:30,1780.8,1789.0,1778.5,1782.4,27152.0
2026-06-11 10:15:00+05:30,1781.3,1784.9,1778.4,1783.6,7199.0
2026-06-11 10:20:00+05:30,1784.8,1785.7,1780.9,1784.0,5468.0
2026-06-11 10:25:00+05:30,1782.2,1784.7,1777.0,1777.0,8037.0
2026-06-11 10:30:00+05:30,1777.0,1780.0,1777.0,1779.9,3518.0
2026-06-11 10:35:00+05:30,1779.9,1783.2,1776.1,1776.1,3408.0
2026-06-11 10:40:00+05:30,1776.8,1776.9,1770.0,1770.0,8074.0
2026-06-11 10:45:00+05:30,1771.1,1772.1,1765.2,1766.0,3882.0
2026-06-11 10:50:00+05:30,1766.0,1767.2,1760.0,1760.6,17801.0
2026-06-11 10:55:00+05:30,1761.8,1761.8,1751.4,1753.2,5668.0
2026-06-11 11:00:00+05:30,1752.8,1757.2,1751.0,1755.3,4344.0
2026-06-11 11:05:00+05:30,1754.9,1759.8,1754.9,1756.8,3811.0
2026-06-11 11:10:00+05:30,1756.9,1757.0,1752.5,1753.8,1850.0
2026-06-11 11:15:00+05:30,1752.8,1764.3,1752.5,1762.5,11343.0
2026-06-11 11:20:00+05:30,1761.2,1770.1,1759.4,1769.4,6707.0
2026-06-11 11:25:00+05:30,1769.9,1769.9,1762.0,1763.4,8173.0
2026-06-11 11:30:00+05:30,1762.7,1763.6,1758.1,1759.6,2282.0
2026-06-11 11:35:00+05:30,1760.9,1761.4,1755.1,1755.2,1297.0
2026-06-11 11:40:00+05:30,1756.0,1758.5,1755.2,1758.5,875.0
2026-06-11 11:45:00+05:30,1758.1,1760.0,1757.4,1758.2,1394.0
2026-06-11 11:50:00+05:30,1758.1,1762.6,1757.9,1759.3,2337.0
2026-06-11 11:55:00+05:30,1757.8,1759.5,1753.3,1756.1,4742.0
2026-06-11 12:00:00+05:30,1756.3,1758.0,1754.1,1754.2,5045.0
2026-06-11 12:05:00+05:30,1754.7,1755.2,1751.0,1752.4,3547.0
2026-06-11 12:10:00+05:30,1751.2,1754.7,1748.0,1753.7,9838.0
2026-06-11 12:15:00+05:30,1753.0,1754.3,1750.3,1750.8,2559.0
2026-06-11 12:20:00+05:30,1752.1,1752.5,1748.0,1749.0,1821.0
2026-06-11 12:25:00+05:30,1749.0,1749.0,1747.0,1748.0,2125.0
2026-06-11 12:30:00+05:30,1748.0,1749.0,1746.4,1749.0,2865.0
2026-06-11 12:35:00+05:30,1749.0,1749.0,1742.0,1744.0,6361.0
2026-06-11 12:40:00+05:30,1743.8,1744.4,1740.1,1741.0,7161.0
2026-06-11 12:45:00+05:30,1741.2,1742.9,1735.2,1736.2,3384.0
2026-06-11 12:50:00+05:30,1736.2,1742.3,1735.1,1736.6,4321.0
2026-06-11 12:55:00+05:30,1735.0,1742.0,1732.7,1740.1,8388.0
2026-06-11 13:00:00+05:30,1741.4,1743.1,1734.9,1738.5,10118.0
2026-06-11 13:05:00+05:30,1738.3,1738.8,1734.6,1736.5,3011.0
2026-06-11 13:10:00+05:30,1734.8,1737.5,1733.7,1736.1,1213.0
2026-06-11 13:15:00+05:30,1736.1,1736.1,1732.1,1732.5,2117.0
2026-06-11 13:20:00+05:30,1733.7,1736.0,1732.0,1732.0,3183.0
2026-06-11 13:25:00+05:30,1732.0,1732.0,1727.2,1730.7,5232.0
2026-06-11 13:30:00+05:30,1730.0,1734.9,1725.0,1725.8,10885.0
2026-06-11 13:35:00+05:30,1726.5,1730.0,1721.2,1721.2,7475.0
2026-06-11 13:40:00+05:30,1722.6,1726.4,1721.2,1724.8,4256.0
2026-06-11 13:45:00+05:30,1724.4,1730.4,1723.5,1728.0,2818.0
2026-06-11 13:50:00+05:30,1728.0,1728.0,1716.0,1724.5,17128.0
2026-06-11 13:55:00+05:30,1724.5,1729.8,1722.4,1725.2,4123.0
2026-06-11 14:00:00+05:30,1726.0,1727.6,1724.4,1725.0,1230.0
2026-06-11 14:05:00+05:30,1725.0,1728.0,1720.1,1721.2,3007.0
2026-06-11 14:10:00+05:30,1721.2,1723.9,1719.2,1722.4,2375.0
2026-06-11 14:15:00+05:30,1720.1,1722.6,1719.0,1719.2,2922.0
2026-06-11 14:20:00+05:30,1719.2,1722.0,1718.0,1719.5,6244.0
2026-06-11 14:25:00+05:30,1720.6,1735.0,1719.5,1730.7,7164.0
2026-06-11 14:30:00+05:30,1731.9,1734.0,1730.1,1731.1,1737.0
2026-06-11 14:35:00+05:30,1731.5,1733.0,1725.1,1728.8,2251.0
2026-06-11 14:40:00+05:30,1728.5,1728.7,1722.1,1725.0,3054.0
2026-06-11 14:45:00+05:30,1725.3,1727.0,1721.1,1723.9,3900.0
2026-06-11 14:50:00+05:30,1723.4,1723.4,1720.1,1721.0,2272.0
2026-06-11 14:55:00+05:30,1719.4,1720.0,1715.1,1718.5,6587.0
2026-06-11 15:00:00+05:30,1717.9,1718.4,1714.0,1714.6,8814.0
2026-06-11 15:05:00+05:30,1714.6,1718.0,1714.1,1716.0,9235.0
2026-06-11 15:10:00+05:30,1716.6,1719.8,1714.5,1719.8,7747.0
2026-06-11 15:15:00+05:30,1719.3,1724.3,1719.0,1719.9,16648.0
2026-06-11 15:20:00+05:30,1721.7,1721.7,1706.7,1714.1,28648.0
2026-06-11 15:25:00+05:30,1713.9,1718.9,1710.0,1716.0,12924.0
2026-06-12 09:15:00+05:30,1743.0,1781.5,1740.2,1778.6,59758.0
2026-06-12 09:20:00+05:30,1776.4,1776.4,1763.0,1766.0,19583.0
2026-06-12 09:25:00+05:30,1766.0,1766.8,1752.1,1752.1,10114.0
2026-06-12 09:30:00+05:30,1752.0,1761.4,1750.6,1761.4,12290.0
2026-06-12 09:35:00+05:30,1762.7,1764.1,1758.1,1759.8,8110.0
2026-06-12 09:40:00+05:30,1759.7,1765.2,1754.0,1756.2,8834.0
2026-06-12 09:45:00+05:30,1757.9,1757.9,1750.4,1752.0,10314.0
2026-06-12 09:50:00+05:30,1752.0,1754.6,1743.2,1743.3,8357.0
2026-06-12 09:55:00+05:30,1745.1,1748.8,1743.4,1748.1,4314.0
2026-06-12 10:00:00+05:30,1747.1,1748.1,1737.3,1741.3,8092.0
2026-06-12 10:05:00+05:30,1741.9,1743.2,1739.2,1741.0,3749.0
2026-06-12 10:10:00+05:30,1741.0,1748.4,1739.0,1745.4,4970.0
2026-06-12 10:15:00+05:30,1745.3,1750.0,1745.2,1747.7,2339.0
2026-06-12 10:20:00+05:30,1747.6,1757.4,1746.4,1755.7,4622.0
2026-06-12 10:25:00+05:30,1755.7,1761.0,1751.5,1756.0,4249.0
2026-06-12 10:30:00+05:30,1756.0,1758.3,1754.2,1756.7,1914.0
2026-06-12 10:35:00+05:30,1756.2,1763.5,1756.0,1760.0,4027.0
2026-06-12 10:40:00+05:30,1759.8,1773.6,1759.3,1762.1,11864.0
2026-06-12 10:45:00+05:30,1762.0,1762.0,1754.0,1757.3,6116.0
2026-06-12 10:50:00+05:30,1757.4,1757.6,1754.1,1755.7,2005.0
2026-06-12 10:55:00+05:30,1755.7,1756.0,1753.3,1754.7,3485.0
2026-06-12 11:00:00+05:30,1754.9,1760.0,1754.9,1760.0,2279.0
2026-06-12 11:05:00+05:30,1760.0,1760.4,1753.5,1757.8,3031.0
2026-06-12 11:10:00+05:30,1758.0,1766.0,1757.8,1765.4,7061.0
2026-06-12 11:15:00+05:30,1764.4,1817.0,1763.0,1797.0,121872.0
2026-06-12 11:20:00+05:30,1796.9,1796.9,1790.4,1793.8,14972.0
2026-06-12 11:25:00+05:30,1791.6,1805.1,1791.1,1802.5,23950.0
2026-06-12 11:30:00+05:30,1803.8,1810.0,1799.6,1805.0,30223.0
2026-06-12 11:35:00+05:30,1805.3,1810.0,1800.5,1800.8,11887.0
2026-06-12 11:40:00+05:30,1800.6,1802.7,1798.5,1801.4,10950.0
2026-06-12 11:45:00+05:30,1801.5,1802.7,1799.2,1802.5,5831.0
2026-06-12 11:50:00+05:30,1804.0,1810.0,1802.9,1806.5,14902.0
2026-06-12 11:55:00+05:30,1806.0,1807.9,1796.0,1797.2,15249.0
2026-06-12 12:00:00+05:30,1797.2,1801.2,1793.2,1796.0,12717.0
2026-06-12 12:05:00+05:30,1796.0,1796.5,1782.6,1784.0,14033.0
2026-06-12 12:10:00+05:30,1784.0,1786.9,1780.0,1782.5,17049.0
2026-06-12 12:15:00+05:30,1782.2,1784.9,1780.7,1781.5,4537.0
2026-06-12 12:20:00+05:30,1781.5,1784.5,1780.7,1784.0,2537.0
2026-06-12 12:25:00+05:30,1784.5,1791.9,1784.3,1791.3,13595.0
2026-06-12 12:30:00+05:30,1791.5,1791.5,1786.5,1786.5,3125.0
2026-06-12 12:35:00+05:30,1790.0,1792.9,1786.5,1788.9,8830.0
2026-06-12 12:40:00+05:30,1787.5,1789.5,1781.6,1784.6,6176.0
2026-06-12 12:45:00+05:30,1785.3,1785.3,1770.0,1772.0,15419.0
2026-06-12 12:50:00+05:30,1773.9,1773.9,1767.0,1767.8,18697.0
2026-06-12 12:55:00+05:30,1766.5,1766.5,1752.6,1763.7,39313.0
2026-06-12 13:00:00+05:30,1764.0,1767.0,1763.0,1766.1,5048.0
2026-06-12 13:05:00+05:30,1765.2,1771.2,1765.2,1771.2,4765.0
2026-06-12 13:10:00+05:30,1771.0,1774.5,1769.2,1771.1,5130.0
2026-06-12 13:15:00+05:30,1769.8,1772.8,1769.7,1772.0,2872.0
2026-06-12 13:20:00+05:30,1772.8,1773.0,1769.0,1770.3,1535.0
2026-06-12 13:25:00+05:30,1771.1,1772.0,1765.6,1771.8,6443.0
2026-06-12 13:30:00+05:30,1772.0,1776.1,1772.0,1774.0,9633.0
2026-06-12 13:35:00+05:30,1774.0,1775.5,1770.4,1775.2,7169.0
2026-06-12 13:40:00+05:30,1775.5,1776.8,1772.1,1775.2,4440.0
2026-06-12 13:45:00+05:30,1775.8,1776.0,1771.8,1776.0,3363.0
2026-06-12 13:50:00+05:30,1776.0,1777.3,1772.8,1775.6,2626.0
2026-06-12 13:55:00+05:30,1776.8,1779.6,1775.1,1779.0,12044.0
2026-06-12 14:00:00+05:30,1780.0,1781.7,1775.1,1779.6,4260.0
2026-06-12 14:05:00+05:30,1777.4,1785.0,1776.2,1780.0,8156.0
2026-06-12 14:10:00+05:30,1780.9,1788.0,1778.0,1786.5,6530.0
2026-06-12 14:15:00+05:30,1787.8,1790.4,1785.7,1790.2,7355.0
2026-06-12 14:20:00+05:30,1791.0,1792.9,1787.2,1790.9,5954.0
2026-06-12 14:25:00+05:30,1791.4,1791.9,1787.3,1790.0,3333.0
2026-06-12 14:30:00+05:30,1790.0,1791.1,1788.2,1790.9,5533.0
2026-06-12 14:35:00+05:30,1790.1,1795.0,1789.9,1792.0,9711.0
2026-06-12 14:40:00+05:30,1792.0,1803.0,1790.9,1798.0,31065.0
2026-06-12 14:45:00+05:30,1799.1,1800.0,1795.6,1798.6,9017.0
2026-06-12 14:50:00+05:30,1798.6,1799.5,1795.1,1796.0,6547.0
2026-06-12 14:55:00+05:30,1796.0,1797.6,1792.0,1797.2,12075.0
2026-06-12 15:00:00+05:30,1793.7,1797.5,1792.5,1796.0,12613.0
2026-06-12 15:05:00+05:30,1796.0,1801.0,1793.4,1798.1,22679.0
2026-06-12 15:10:00+05:30,1798.4,1798.4,1791.3,1794.1,8861.0
2026-06-12 15:15:00+05:30,1794.9,1797.2,1792.2,1796.0,11756.0
2026-06-12 15:20:00+05:30,1794.8,1794.8,1786.5,1791.3,25578.0
2026-06-12 15:25:00+05:30,1791.3,1799.0,1782.6,1797.4,24294.0
2026-06-15 09:15:00+05:30,1828.0,1835.0,1797.7,1800.4,64024.0
2026-06-15 09:20:00+05:30,1799.5,1800.9,1782.3,1785.4,35679.0
2026-06-15 09:25:00+05:30,1786.0,1789.7,1777.3,1780.8,17819.0
2026-06-15 09:30:00+05:30,1780.1,1781.5,1766.1,1773.4,33017.0
2026-06-15 09:35:00+05:30,1772.0,1804.2,1770.6,1786.0,45046.0
2026-06-15 09:40:00+05:30,1785.9,1797.3,1784.8,1794.5,10541.0
2026-06-15 09:45:00+05:30,1795.4,1814.0,1794.4,1808.6,37802.0
2026-06-15 09:50:00+05:30,1808.5,1812.0,1803.9,1811.5,19322.0
2026-06-15 09:55:00+05:30,1811.9,1823.3,1809.0,1815.7,35603.0
2026-06-15 10:00:00+05:30,1815.8,1817.0,1807.4,1811.5,19605.0
2026-06-15 10:05:00+05:30,1812.8,1818.9,1809.3,1817.2,7919.0
2026-06-15 10:10:00+05:30,1817.5,1817.8,1810.3,1813.1,8434.0
2026-06-15 10:15:00+05:30,1811.0,1815.0,1810.0,1813.8,4840.0
2026-06-15 10:20:00+05:30,1813.6,1819.5,1813.5,1816.9,7592.0
2026-06-15 10:25:00+05:30,1815.9,1816.9,1813.0,1813.4,2603.0
2026-06-15 10:30:00+05:30,1813.4,1814.4,1807.0,1807.3,5694.0
2026-06-15 10:35:00+05:30,1808.7,1815.0,1807.8,1811.8,5433.0
2026-06-15 10:40:00+05:30,1813.9,1814.6,1808.9,1811.1,4099.0
2026-06-15 10:45:00+05:30,1810.1,1810.1,1807.2,1810.0,3672.0
2026-06-15 10:50:00+05:30,1809.2,1813.9,1808.1,1813.9,2926.0
2026-06-15 10:55:00+05:30,1811.5,1813.3,1810.5,1811.4,2159.0
2026-06-15 11:00:00+05:30,1812.0,1812.0,1807.0,1809.1,1732.0
2026-06-15 11:05:00+05:30,1808.9,1809.9,1805.2,1808.0,2423.0
2026-06-15 11:10:00+05:30,1809.0,1810.0,1807.0,1808.9,1250.0
2026-06-15 11:15:00+05:30,1809.1,1810.0,1807.2,1810.0,1709.0
2026-06-15 11:20:00+05:30,1810.0,1812.0,1808.0,1811.0,1742.0
2026-06-15 11:25:00+05:30,1811.0,1823.6,1811.0,1821.0,36612.0
2026-06-15 11:30:00+05:30,1822.0,1822.8,1820.0,1822.8,5469.0
2026-06-15 11:35:00+05:30,1822.9,1823.6,1819.8,1819.8,4189.0
2026-06-15 11:40:00+05:30,1819.9,1824.9,1818.8,1823.3,10254.0
2026-06-15 11:45:00+05:30,1824.8,1825.0,1820.0,1821.9,4829.0
2026-06-15 11:50:00+05:30,1821.9,1822.0,1819.0,1819.7,3218.0
2026-06-15 11:55:00+05:30,1819.6,1822.5,1815.0,1821.3,7411.0
2026-06-15 12:00:00+05:30,1823.6,1832.2,1823.2,1831.6,19782.0
2026-06-15 12:05:00+05:30,1830.9,1838.0,1830.1,1835.0,31019.0
2026-06-15 12:10:00+05:30,1834.8,1844.0,1834.0,1840.8,35453.0
2026-06-15 12:15:00+05:30,1842.0,1843.9,1823.5,1826.0,38321.0
2026-06-15 12:20:00+05:30,1826.0,1827.9,1818.1,1818.1,16966.0
2026-06-15 12:25:00+05:30,1818.0,1829.9,1818.0,1821.6,13357.0
2026-06-15 12:30:00+05:30,1821.6,1822.7,1815.2,1816.8,8778.0
2026-06-15 12:35:00+05:30,1817.9,1819.8,1814.0,1815.0,6242.0
2026-06-15 12:40:00+05:30,1815.2,1815.9,1811.0,1811.1,10161.0
2026-06-15 12:45:00+05:30,1811.0,1817.0,1810.0,1816.3,5854.0
2026-06-15 12:50:00+05:30,1817.3,1821.5,1815.4,1816.6,5796.0
2026-06-15 12:55:00+05:30,1816.0,1821.0,1816.0,1818.3,4944.0
2026-06-15 13:00:00+05:30,1818.1,1830.9,1812.5,1817.4,14177.0
2026-06-15 13:05:00+05:30,1817.4,1818.5,1808.0,1814.5,10428.0
2026-06-15 13:10:00+05:30,1815.0,1815.0,1808.0,1808.1,7669.0
2026-06-15 13:15:00+05:30,1808.0,1809.1,1803.1,1807.0,11836.0
2026-06-15 13:20:00+05:30,1807.0,1809.6,1804.0,1805.0,5970.0
2026-06-15 13:25:00+05:30,1805.0,1806.2,1801.6,1802.5,4678.0
2026-06-15 13:30:00+05:30,1802.5,1802.9,1801.0,1801.0,3560.0
2026-06-15 13:35:00+05:30,1802.0,1805.6,1800.2,1801.7,4984.0
2026-06-15 13:40:00+05:30,1801.2,1805.6,1801.0,1802.4,4335.0
2026-06-15 13:45:00+05:30,1803.8,1803.8,1796.0,1797.0,11457.0
2026-06-15 13:50:00+05:30,1798.2,1799.4,1796.0,1798.2,4188.0
2026-06-15 13:55:00+05:30,1798.0,1798.7,1794.6,1796.0,6837.0
2026-06-15 14:00:00+05:30,1795.4,1798.8,1795.0,1798.4,4106.0
2026-06-15 14:05:00+05:30,1798.5,1798.5,1794.7,1795.2,3566.0
2026-06-15 14:10:00+05:30,1795.0,1795.0,1793.1,1793.5,4814.0
2026-06-15 14:15:00+05:30,1794.8,1795.0,1791.6,1793.1,5709.0
2026-06-15 14:20:00+05:30,1793.1,1795.9,1793.0,1793.9,4116.0
2026-06-15 14:25:00+05:30,1793.8,1795.2,1793.3,1794.3,4100.0
2026-06-15 14:30:00+05:30,1795.0,1797.0,1794.0,1796.0,4925.0
2026-06-15 14:35:00+05:30,1796.9,1800.1,1795.6,1798.5,6257.0
2026-06-15 14:40:00+05:30,1798.1,1798.1,1794.0,1794.9,7070.0
2026-06-15 14:45:00+05:30,1794.8,1795.4,1792.0,1794.0,4618.0
2026-06-15 14:50:00+05:30,1793.3,1794.9,1792.0,1793.4,4742.0
2026-06-15 14:55:00+05:30,1793.4,1801.8,1792.9,1798.8,11630.0
2026-06-15 15:00:00+05:30,1800.3,1801.7,1791.6,1792.8,7851.0
2026-06-15 15:05:00+05:30,1792.8,1794.0,1785.1,1787.3,17182.0
2026-06-15 15:10:00+05:30,1787.3,1788.9,1784.2,1786.3,18633.0
2026-06-15 15:15:00+05:30,1787.6,1794.5,1787.5,1791.0,15244.0
2026-06-15 15:20:00+05:30,1790.5,1792.0,1785.8,1785.8,16506.0
2026-06-15 15:25:00+05:30,1786.9,1795.8,1782.9,1793.0,16500.0
2026-06-16 09:15:00+05:30,1796.0,1805.9,1780.0,1791.5,47626.0
2026-06-16 09:20:00+05:30,1791.5,1792.0,1782.0,1783.9,18058.0
2026-06-16 09:25:00+05:30,1783.6,1792.0,1782.5,1792.0,8722.0
2026-06-16 09:30:00+05:30,1794.0,1801.9,1788.9,1790.1,26033.0
2026-06-16 09:35:00+05:30,1791.1,1793.7,1786.1,1790.0,10588.0
2026-06-16 09:40:00+05:30,1790.3,1794.8,1787.7,1791.4,5240.0
2026-06-16 09:45:00+05:30,1792.1,1792.7,1785.4,1786.8,5248.0
2026-06-16 09:50:00+05:30,1788.9,1789.6,1784.0,1787.2,5205.0
2026-06-16 09:55:00+05:30,1783.5,1786.5,1782.0,1783.3,5232.0
2026-06-16 10:00:00+05:30,1785.0,1788.0,1781.9,1785.0,3395.0
2026-06-16 10:05:00+05:30,1784.1,1787.2,1782.7,1785.0,2624.0
2026-06-16 10:10:00+05:30,1785.0,1786.4,1783.0,1785.9,2776.0
2026-06-16 10:15:00+05:30,1785.9,1786.9,1781.1,1782.0,3021.0
2026-06-16 10:20:00+05:30,1781.9,1794.4,1781.9,1792.0,6560.0
2026-06-16 10:25:00+05:30,1790.5,1791.0,1788.4,1789.0,1023.0
2026-06-16 10:30:00+05:30,1789.0,1793.7,1787.5,1792.5,7227.0
2026-06-16 10:35:00+05:30,1792.9,1799.4,1791.3,1794.5,7510.0
2026-06-16 10:40:00+05:30,1795.8,1800.0,1794.6,1800.0,8016.0
2026-06-16 10:45:00+05:30,1800.0,1808.9,1800.0,1804.0,21217.0
2026-06-16 10:50:00+05:30,1803.0,1805.0,1797.5,1804.0,7149.0
2026-06-16 10:55:00+05:30,1804.7,1804.7,1798.1,1802.8,3044.0
2026-06-16 11:00:00+05:30,1801.6,1803.2,1799.5,1800.5,1843.0
2026-06-16 11:05:00+05:30,1800.3,1802.2,1797.0,1797.0,4042.0
2026-06-16 11:10:00+05:30,1797.0,1801.9,1794.4,1799.9,5011.0
2026-06-16 11:15:00+05:30,1801.0,1802.0,1799.0,1801.1,1262.0
2026-06-16 11:20:00+05:30,1798.4,1808.0,1798.4,1808.0,9214.0
2026-06-16 11:25:00+05:30,1806.7,1808.5,1803.0,1804.1,4261.0
2026-06-16 11:30:00+05:30,1804.4,1805.6,1800.0,1802.8,4284.0
2026-06-16 11:35:00+05:30,1803.8,1813.9,1801.4,1801.9,10667.0
2026-06-16 11:40:00+05:30,1802.0,1803.2,1798.3,1799.8,3095.0
2026-06-16 11:45:00+05:30,1800.0,1804.0,1798.2,1804.0,3436.0
2026-06-16 11:50:00+05:30,1804.0,1809.0,1804.0,1808.3,6455.0
2026-06-16 11:55:00+05:30,1807.8,1815.0,1805.0,1809.2,15194.0
2026-06-16 12:00:00+05:30,1808.6,1808.6,1801.7,1801.7,2240.0
2026-06-16 12:05:00+05:30,1801.2,1804.4,1801.1,1803.3,3837.0
2026-06-16 12:10:00+05:30,1802.2,1804.9,1801.1,1803.5,2130.0
2026-06-16 12:15:00+05:30,1802.7,1803.6,1801.0,1801.0,3845.0
2026-06-16 12:20:00+05:30,1801.0,1802.7,1798.2,1802.7,2825.0
2026-06-16 12:25:00+05:30,1802.1,1804.9,1802.0,1803.4,1703.0
2026-06-16 12:30:00+05:30,1802.4,1803.4,1799.2,1800.0,1824.0
2026-06-16 12:35:00+05:30,1798.0,1802.7,1798.0,1801.3,1835.0
2026-06-16 12:40:00+05:30,1800.4,1803.2,1800.1,1803.2,1541.0
2026-06-16 12:45:00+05:30,1802.2,1803.7,1802.1,1802.1,632.0
2026-06-16 12:50:00+05:30,1802.9,1803.4,1801.1,1801.1,1578.0
2026-06-16 12:55:00+05:30,1801.5,1802.5,1801.0,1801.4,855.0
2026-06-16 13:00:00+05:30,1801.3,1803.5,1801.0,1803.2,677.0
2026-06-16 13:05:00+05:30,1803.0,1824.4,1798.0,1822.9,23650.0
2026-06-16 13:10:00+05:30,1824.1,1829.8,1819.4,1828.6,47383.0
2026-06-16 13:15:00+05:30,1829.8,1838.6,1824.0,1830.9,61785.0
2026-06-16 13:20:00+05:30,1829.1,1844.4,1829.1,1843.1,39641.0
2026-06-16 13:25:00+05:30,1843.1,1848.9,1840.9,1842.0,55160.0
2026-06-16 13:30:00+05:30,1842.0,1844.6,1833.8,1839.8,25049.0
2026-06-16 13:35:00+05:30,1839.8,1844.8,1837.0,1840.0,21150.0
2026-06-16 13:40:00+05:30,1839.6,1840.9,1831.2,1831.2,16966.0
2026-06-16 13:45:00+05:30,1832.0,1842.0,1831.2,1841.9,19344.0
2026-06-16 13:50:00+05:30,1840.8,1845.0,1839.5,1841.9,22593.0
2026-06-16 13:55:00+05:30,1842.0,1844.5,1839.3,1842.4,9926.0
2026-06-16 14:00:00+05:30,1842.2,1860.2,1842.0,1853.6,84139.0
2026-06-16 14:05:00+05:30,1854.2,1854.2,1842.4,1845.7,27150.0
2026-06-16 14:10:00+05:30,1845.0,1848.0,1840.0,1842.2,22349.0
2026-06-16 14:15:00+05:30,1841.1,1849.0,1841.0,1848.7,15164.0
2026-06-16 14:20:00+05:30,1847.7,1848.7,1846.0,1847.5,12480.0
2026-06-16 14:25:00+05:30,1847.5,1847.9,1845.2,1846.9,7544.0
2026-06-16 14:30:00+05:30,1846.9,1847.0,1842.1,1845.5,9651.0
2026-06-16 14:35:00+05:30,1845.2,1847.0,1841.2,1845.0,13064.0
2026-06-16 14:40:00+05:30,1844.7,1845.5,1840.0,1841.3,10185.0
2026-06-16 14:45:00+05:30,1840.1,1842.8,1840.1,1842.8,6625.0
2026-06-16 14:50:00+05:30,1842.5,1846.9,1841.5,1846.0,9603.0
2026-06-16 14:55:00+05:30,1845.9,1849.2,1841.1,1843.2,17291.0
2026-06-16 15:00:00+05:30,1844.0,1844.7,1839.2,1840.4,10608.0
2026-06-16 15:05:00+05:30,1840.0,1844.0,1840.0,1843.0,6593.0
2026-06-16 15:10:00+05:30,1843.9,1850.8,1843.9,1848.5,28089.0
2026-06-16 15:15:00+05:30,1848.5,1857.0,1847.7,1856.0,57320.0
2026-06-16 15:20:00+05:30,1855.2,1859.9,1853.5,1857.9,43550.0
2026-06-16 15:25:00+05:30,1857.8,1865.2,1855.3,1860.0,67846.0
2026-06-17 09:15:00+05:30,1869.0,1880.0,1860.0,1863.0,98455.0
2026-06-17 09:20:00+05:30,1863.0,1863.2,1840.4,1845.1,47116.0
2026-06-17 09:25:00+05:30,1846.5,1849.0,1835.0,1846.3,39786.0
2026-06-17 09:30:00+05:30,1845.1,1851.8,1839.2,1843.5,23910.0
2026-06-17 09:35:00+05:30,1843.7,1851.0,1840.5,1850.0,14315.0
2026-06-17 09:40:00+05:30,1850.9,1858.0,1849.1,1851.5,11564.0
2026-06-17 09:45:00+05:30,1853.4,1863.0,1851.5,1860.0,12622.0
2026-06-17 09:50:00+05:30,1859.3,1860.0,1853.3,1855.6,8650.0
2026-06-17 09:55:00+05:30,1856.7,1857.0,1848.0,1848.8,8189.0
2026-06-17 10:00:00+05:30,1848.6,1852.9,1847.2,1850.8,7846.0
2026-06-17 10:05:00+05:30,1850.8,1857.6,1850.8,1857.4,4349.0
2026-06-17 10:10:00+05:30,1858.8,1865.0,1856.3,1858.3,20798.0
2026-06-17 10:15:00+05:30,1858.0,1868.0,1857.0,1868.0,9207.0
2026-06-17 10:20:00+05:30,1867.1,1868.0,1850.3,1852.0,13585.0
2026-06-17 10:25:00+05:30,1852.0,1853.0,1850.2,1851.3,5179.0
2026-06-17 10:30:00+05:30,1849.6,1851.2,1845.3,1850.0,8977.0
2026-06-17 10:35:00+05:30,1850.9,1851.6,1847.9,1850.0,13397.0
2026-06-17 10:40:00+05:30,1853.1,1853.1,1848.5,1849.0,7408.0
2026-06-17 10:45:00+05:30,1849.9,1853.9,1849.0,1849.0,12543.0
2026-06-17 10:50:00+05:30,1849.0,1850.6,1847.5,1848.8,4690.0
2026-06-17 10:55:00+05:30,1848.8,1894.8,1848.8,1864.1,127840.0
2026-06-17 11:00:00+05:30,1865.9,1873.8,1864.2,1868.3,32889.0
2026-06-17 11:05:00+05:30,1869.0,1871.6,1866.0,1869.7,16046.0
2026-06-17 11:10:00+05:30,1868.0,1869.5,1865.0,1865.1,5389.0
2026-06-17 11:15:00+05:30,1867.2,1873.7,1865.8,1869.2,15453.0
2026-06-17 11:20:00+05:30,1868.4,1869.9,1865.8,1868.0,7509.0
2026-06-17 11:25:00+05:30,1868.1,1871.2,1866.4,1868.9,10447.0
2026-06-17 11:30:00+05:30,1868.6,1869.1,1866.0,1868.5,3433.0
2026-06-17 11:35:00+05:30,1868.4,1870.6,1867.9,1869.9,4584.0
2026-06-17 11:40:00+05:30,1869.6,1885.4,1860.1,1862.1,52019.0
2026-06-17 11:45:00+05:30,1863.0,1866.9,1855.0,1855.9,20463.0
2026-06-17 11:50:00+05:30,1856.7,1863.0,1856.4,1862.1,9015.0
2026-06-17 11:55:00+05:30,1860.7,1867.1,1860.1,1864.4,5231.0
2026-06-17 12:00:00+05:30,1864.2,1870.0,1862.5,1868.6,10839.0
2026-06-17 12:05:00+05:30,1868.1,1873.0,1866.0,1871.3,26173.0
2026-06-17 12:10:00+05:30,1869.9,1885.0,1863.4,1867.5,48737.0
2026-06-17 12:15:00+05:30,1866.2,1869.6,1863.2,1869.6,9536.0
2026-06-17 12:20:00+05:30,1869.6,1873.3,1868.2,1869.1,13599.0
2026-06-17 12:25:00+05:30,1869.7,1870.4,1865.0,1868.3,7013.0
2026-06-17 12:30:00+05:30,1868.4,1869.0,1860.4,1862.1,8655.0
2026-06-17 12:35:00+05:30,1862.2,1869.0,1858.8,1861.0,17121.0
2026-06-17 12:40:00+05:30,1861.3,1866.7,1861.0,1864.5,9335.0
2026-06-17 12:45:00+05:30,1865.5,1865.7,1862.5,1863.3,3690.0
2026-06-17 12:50:00+05:30,1863.3,1867.2,1862.1,1863.1,9949.0
2026-06-17 12:55:00+05:30,1863.6,1864.4,1861.5,1861.7,5706.0
2026-06-17 13:00:00+05:30,1862.5,1862.8,1859.4,1860.7,11684.0
2026-06-17 13:05:00+05:30,1861.0,1863.8,1859.0,1860.5,7736.0
2026-06-17 13:10:00+05:30,1860.7,1866.0,1859.0,1865.1,11344.0
2026-06-17 13:15:00+05:30,1864.3,1879.1,1862.8,1874.1,15110.0
2026-06-17 13:20:00+05:30,1876.1,1878.7,1864.4,1867.6,19948.0
2026-06-17 13:25:00+05:30,1869.3,1872.9,1867.0,1869.5,14393.0
2026-06-17 13:30:00+05:30,1870.5,1885.0,1869.1,1870.1,57348.0
2026-06-17 13:35:00+05:30,1870.0,1872.7,1865.0,1866.7,6830.0
2026-06-17 13:40:00+05:30,1867.0,1868.4,1863.0,1863.3,10196.0
2026-06-17 13:45:00+05:30,1863.3,1865.6,1861.0,1861.5,5588.0
2026-06-17 13:50:00+05:30,1862.3,1866.5,1861.1,1863.2,8543.0
2026-06-17 13:55:00+05:30,1863.1,1868.4,1860.1,1868.2,6350.0
2026-06-17 14:00:00+05:30,1868.2,1872.0,1866.0,1869.1,6956.0
2026-06-17 14:05:00+05:30,1869.1,1870.3,1866.0,1866.2,4116.0
2026-06-17 14:10:00+05:30,1867.8,1869.6,1863.9,1869.6,9379.0
2026-06-17 14:15:00+05:30,1868.5,1868.9,1863.2,1865.8,8526.0
2026-06-17 14:20:00+05:30,1864.6,1875.0,1864.6,1874.3,13104.0
2026-06-17 14:25:00+05:30,1874.5,1877.0,1870.2,1875.0,14715.0
2026-06-17 14:30:00+05:30,1875.5,1875.5,1867.8,1869.3,8787.0
2026-06-17 14:35:00+05:30,1869.3,1877.5,1868.4,1877.4,8439.0
2026-06-17 14:40:00+05:30,1877.5,1881.0,1872.7,1874.5,23567.0
2026-06-17 14:45:00+05:30,1873.5,1879.4,1873.5,1875.1,8568.0
2026-06-17 14:50:00+05:30,1875.5,1878.2,1871.8,1874.0,11572.0
2026-06-17 14:55:00+05:30,1874.4,1882.5,1872.8,1881.0,30096.0
2026-06-17 15:00:00+05:30,1880.0,1882.0,1877.3,1878.8,22302.0
2026-06-17 15:05:00+05:30,1878.9,1892.1,1878.9,1892.1,54497.0
2026-06-17 15:10:00+05:30,1892.1,1897.0,1888.6,1893.8,58650.0
2026-06-17 15:15:00+05:30,1893.9,1893.9,1881.4,1885.0,28896.0
2026-06-17 15:20:00+05:30,1884.2,1885.1,1878.4,1884.4,33766.0
2026-06-17 15:25:00+05:30,1884.4,1896.0,1875.6,1876.2,55071.0
2026-06-18 09:15:00+05:30,1899.0,1931.9,1891.3,1912.2,127088.0
2026-06-18 09:20:00+05:30,1909.6,1918.0,1903.4,1912.1,38048.0
2026-06-18 09:25:00+05:30,1911.6,1926.0,1910.0,1920.0,55042.0
2026-06-18 09:30:00+05:30,1920.0,1941.0,1916.1,1922.2,93902.0
2026-06-18 09:35:00+05:30,1923.4,1937.4,1915.0,1934.7,54926.0
2026-06-18 09:40:00+05:30,1934.7,1962.0,1934.7,1959.1,94749.0
2026-06-18 09:45:00+05:30,1959.0,1972.0,1950.1,1970.0,99277.0
2026-06-18 09:50:00+05:30,1969.8,1981.7,1964.0,1976.6,139861.0
2026-06-18 09:55:00+05:30,1976.8,1983.0,1944.8,1947.1,149320.0
2026-06-18 10:00:00+05:30,1947.7,1954.2,1941.5,1948.2,51491.0
2026-06-18 10:05:00+05:30,1949.2,1952.0,1940.5,1946.0,29550.0
2026-06-18 10:10:00+05:30,1946.0,1952.9,1944.0,1948.0,18576.0
2026-06-18 10:15:00+05:30,1949.0,1955.0,1945.2,1946.0,20217.0
2026-06-18 10:20:00+05:30,1948.2,1952.0,1942.9,1944.0,14506.0
2026-06-18 10:25:00+05:30,1945.0,1945.0,1935.9,1940.0,40911.0
2026-06-18 10:30:00+05:30,1939.8,1953.9,1937.0,1951.2,40656.0
2026-06-18 10:35:00+05:30,1952.0,1952.0,1940.2,1942.0,15523.0
2026-06-18 10:40:00+05:30,1941.1,1946.2,1940.0,1944.0,11862.0
2026-06-18 10:45:00+05:30,1943.0,1947.6,1941.0,1942.1,10881.0
2026-06-18 10:50:00+05:30,1941.0,1944.4,1940.0,1941.0,6461.0
2026-06-18 10:55:00+05:30,1940.7,1945.5,1940.0,1944.1,12799.0
2026-06-18 11:00:00+05:30,1944.1,1945.5,1943.0,1944.5,5064.0
2026-06-18 11:05:00+05:30,1944.5,1945.2,1941.0,1944.0,9906.0
2026-06-18 11:10:00+05:30,1943.4,1950.0,1943.4,1949.7,14304.0
2026-06-18 11:15:00+05:30,1950.0,1950.0,1945.0,1945.1,9617.0
2026-06-18 11:20:00+05:30,1945.0,1947.6,1943.8,1947.0,7206.0
2026-06-18 11:25:00+05:30,1947.0,1949.0,1945.1,1948.5,13592.0
2026-06-18 11:30:00+05:30,1948.3,1950.1,1945.0,1949.0,11198.0
2026-06-18 11:35:00+05:30,1949.0,1950.0,1943.0,1946.6,19395.0
2026-06-18 11:40:00+05:30,1946.3,1950.9,1944.5,1950.0,9475.0
2026-06-18 11:45:00+05:30,1949.6,1959.5,1949.6,1957.0,41706.0
2026-06-18 11:50:00+05:30,1957.0,1965.0,1951.7,1965.0,31056.0
2026-06-18 11:55:00+05:30,1965.0,1966.0,1959.1,1961.1,23911.0
2026-06-18 12:00:00+05:30,1960.7,1965.0,1960.0,1962.0,17867.0
2026-06-18 12:05:00+05:30,1961.8,1962.0,1958.0,1960.0,30126.0
2026-06-18 12:10:00+05:30,1960.0,1966.0,1959.2,1964.8,26259.0
2026-06-18 12:15:00+05:30,1964.8,1968.0,1962.5,1965.0,13113.0
2026-06-18 12:20:00+05:30,1964.9,1965.0,1959.6,1961.8,27149.0
2026-06-18 12:25:00+05:30,1963.2,1965.0,1960.4,1964.7,9435.0
2026-06-18 12:30:00+05:30,1964.7,1965.0,1960.2,1961.9,5972.0
2026-06-18 12:35:00+05:30,1962.0,1962.7,1944.0,1957.0,36219.0
2026-06-18 12:40:00+05:30,1957.0,1962.5,1951.1,1962.4,13569.0
2026-06-18 12:45:00+05:30,1962.5,1963.1,1960.3,1960.6,6312.0
2026-06-18 12:50:00+05:30,1961.0,1963.0,1960.2,1962.0,7035.0
2026-06-18 12:55:00+05:30,1963.0,1965.1,1960.5,1964.2,10435.0
2026-06-18 13:00:00+05:30,1965.0,1968.0,1962.5,1964.8,10944.0
2026-06-18 13:05:00+05:30,1964.8,1967.7,1961.7,1962.6,13164.0
2026-06-18 13:10:00+05:30,1963.1,1967.0,1963.1,1964.1,8166.0
2026-06-18 13:15:00+05:30,1964.8,1964.9,1963.3,1964.9,8136.0
2026-06-18 13:20:00+05:30,1964.7,1966.1,1963.7,1964.9,7241.0
2026-06-18 13:25:00+05:30,1964.3,1964.5,1961.0,1962.7,10077.0
2026-06-18 13:30:00+05:30,1962.7,1970.9,1960.7,1969.9,31292.0
2026-06-18 13:35:00+05:30,1969.2,1969.2,1963.9,1963.9,7375.0
2026-06-18 13:40:00+05:30,1963.3,1964.1,1955.0,1955.3,18569.0
2026-06-18 13:45:00+05:30,1956.8,1959.0,1952.6,1953.8,7179.0
2026-06-18 13:50:00+05:30,1954.8,1964.0,1953.2,1963.8,8095.0
2026-06-18 13:55:00+05:30,1963.4,1963.6,1960.1,1962.4,6912.0
2026-06-18 14:00:00+05:30,1963.0,1965.0,1954.8,1955.0,23300.0
2026-06-18 14:05:00+05:30,1956.8,1958.5,1952.8,1956.2,16993.0
2026-06-18 14:10:00+05:30,1956.3,1958.2,1954.0,1956.6,8577.0
2026-06-18 14:15:00+05:30,1957.0,1958.2,1954.7,1957.1,8652.0
2026-06-18 14:20:00+05:30,1957.1,1959.0,1931.7,1941.8,66495.0
2026-06-18 14:25:00+05:30,1940.7,1941.8,1933.5,1933.5,16214.0
2026-06-18 14:30:00+05:30,1935.0,1935.5,1927.3,1934.4,28693.0
2026-06-18 14:35:00+05:30,1934.9,1941.0,1933.0,1938.6,16361.0
2026-06-18 14:40:00+05:30,1937.4,1939.6,1933.4,1937.4,7433.0
2026-06-18 14:45:00+05:30,1935.6,1938.3,1928.0,1929.0,12918.0
2026-06-18 14:50:00+05:30,1929.0,1932.0,1925.1,1925.8,16210.0
2026-06-18 14:55:00+05:30,1924.7,1930.0,1922.1,1929.6,21205.0
2026-06-18 15:00:00+05:30,1928.6,1934.5,1928.6,1930.7,19962.0
2026-06-18 15:05:00+05:30,1930.3,1935.2,1929.4,1935.2,12523.0
2026-06-18 15:10:00+05:30,1935.5,1936.0,1928.8,1928.8,13335.0
2026-06-18 15:15:00+05:30,1928.8,1932.0,1924.7,1925.5,26072.0
2026-06-18 15:20:00+05:30,1925.2,1929.0,1923.8,1925.9,25069.0
2026-06-18 15:25:00+05:30,1925.9,1933.9,1921.6,1933.0,26996.0
2026-06-19 09:15:00+05:30,1932.0,1975.0,1926.0,1965.5,72543.0
2026-06-19 09:20:00+05:30,1965.0,1974.0,1963.9,1973.5,39385.0
2026-06-19 09:25:00+05:30,1972.1,1990.0,1972.0,1989.0,71141.0
2026-06-19 09:30:00+05:30,1989.0,1999.0,1984.0,1993.3,87255.0
2026-06-19 09:35:00+05:30,1994.6,2013.5,1987.3,1988.3,177661.0
2026-06-19 09:40:00+05:30,1989.2,1994.1,1978.5,1980.9,70844.0
2026-06-19 09:45:00+05:30,1980.9,1985.6,1972.9,1973.2,66316.0
2026-06-19 09:50:00+05:30,1973.6,1980.6,1970.9,1979.8,35663.0
2026-06-19 09:55:00+05:30,1979.8,1988.0,1977.0,1980.0,36959.0
2026-06-19 10:00:00+05:30,1980.0,1981.3,1970.1,1980.8,22627.0
2026-06-19 10:05:00+05:30,1980.1,1981.5,1975.2,1976.7,10101.0
2026-06-19 10:10:00+05:30,1978.0,1982.0,1976.9,1981.7,33429.0
2026-06-19 10:15:00+05:30,1980.3,1985.0,1970.3,1978.0,32182.0
2026-06-19 10:20:00+05:30,1977.0,1979.7,1969.8,1971.0,14994.0
2026-06-19 10:25:00+05:30,1968.1,1970.9,1967.3,1969.9,12928.0
2026-06-19 10:30:00+05:30,1969.3,1987.0,1969.3,1986.0,22483.0
2026-06-19 10:35:00+05:30,1984.0,1988.0,1980.0,1988.0,11328.0
2026-06-19 10:40:00+05:30,1988.0,1989.9,1985.0,1987.3,11504.0
2026-06-19 10:45:00+05:30,1987.8,1999.9,1987.2,1998.1,44403.0
2026-06-19 10:50:00+05:30,1997.0,2001.5,1993.6,1999.9,65171.0
2026-06-19 10:55:00+05:30,2000.0,2001.8,1990.8,1992.4,26901.0
2026-06-19 11:00:00+05:30,1991.9,1994.9,1985.8,1986.1,12829.0
2026-06-19 11:05:00+05:30,1986.8,1989.0,1982.0,1986.4,17141.0
2026-06-19 11:10:00+05:30,1985.9,1992.6,1983.1,1986.2,12786.0
2026-06-19 11:15:00+05:30,1987.0,1990.9,1982.6,1987.6,12296.0
2026-06-19 11:20:00+05:30,1988.4,1988.5,1983.0,1985.9,9278.0
2026-06-19 11:25:00+05:30,1984.5,1989.5,1983.6,1986.4,8944.0
2026-06-19 11:30:00+05:30,1986.3,1987.3,1984.0,1987.3,6134.0
2026-06-19 11:35:00+05:30,1987.9,1989.0,1982.5,1986.0,8118.0
2026-06-19 11:40:00+05:30,1986.0,1986.0,1978.4,1982.3,10890.0
2026-06-19 11:45:00+05:30,1982.0,1982.7,1979.1,1981.8,5110.0
2026-06-19 11:50:00+05:30,1982.7,1984.5,1981.5,1981.9,4769.0
2026-06-19 11:55:00+05:30,1981.8,1983.0,1979.2,1981.6,7225.0
2026-06-19 12:00:00+05:30,1981.5,1982.0,1978.5,1979.4,5593.0
2026-06-19 12:05:00+05:30,1979.9,1981.9,1978.2,1981.2,4277.0
2026-06-19 12:10:00+05:30,1981.1,1985.0,1981.1,1983.7,9899.0
2026-06-19 12:15:00+05:30,1984.5,1988.0,1980.9,1981.6,15766.0
2026-06-19 12:20:00+05:30,1981.6,1983.5,1980.2,1981.0,4836.0
2026-06-19 12:25:00+05:30,1982.2,1984.0,1981.4,1983.4,3804.0
2026-06-19 12:30:00+05:30,1983.4,1985.0,1982.5,1984.4,4178.0
2026-06-19 12:35:00+05:30,1984.4,1984.9,1982.3,1984.9,6352.0
2026-06-19 12:40:00+05:30,1984.9,1985.4,1983.0,1985.0,4574.0
2026-06-19 12:45:00+05:30,1985.0,1986.0,1984.4,1986.0,6957.0
2026-06-19 12:50:00+05:30,1986.0,1988.2,1983.5,1985.6,25218.0
2026-06-19 12:55:00+05:30,1985.7,1986.4,1978.7,1983.3,8487.0
2026-06-19 13:00:00+05:30,1982.9,1983.3,1979.0,1980.3,7798.0
2026-06-19 13:05:00+05:30,1979.2,1980.6,1963.3,1964.6,26613.0
2026-06-19 13:10:00+05:30,1965.5,1969.0,1961.2,1967.3,19347.0
2026-06-19 13:15:00+05:30,1969.0,1975.0,1968.9,1969.4,9765.0
2026-06-19 13:20:00+05:30,1970.3,1978.5,1970.0,1977.5,8880.0
2026-06-19 13:25:00+05:30,1977.5,1984.2,1975.3,1982.3,9601.0
2026-06-19 13:30:00+05:30,1982.7,1985.0,1981.0,1982.8,5149.0
2026-06-19 13:35:00+05:30,1983.0,1985.0,1980.9,1982.6,7200.0
2026-06-19 13:40:00+05:30,1983.9,1984.0,1980.1,1981.2,4385.0
2026-06-19 13:45:00+05:30,1982.6,1991.0,1980.6,1990.3,22399.0
2026-06-19 13:50:00+05:30,1989.3,1991.3,1986.1,1990.9,13818.0
2026-06-19 13:55:00+05:30,1991.0,1991.9,1989.7,1991.0,9411.0
2026-06-19 14:00:00+05:30,1991.0,1991.9,1988.8,1990.9,7720.0
2026-06-19 14:05:00+05:30,1990.9,1991.9,1989.9,1990.4,5362.0
2026-06-19 14:10:00+05:30,1990.2,1992.0,1990.0,1990.7,6605.0
2026-06-19 14:15:00+05:30,1990.0,1991.1,1987.9,1990.5,7276.0
2026-06-19 14:20:00+05:30,1991.1,1991.1,1987.9,1990.5,13793.0
2026-06-19 14:25:00+05:30,1990.0,1991.9,1986.0,1991.9,16074.0
2026-06-19 14:30:00+05:30,1991.4,1992.0,1990.0,1992.0,4583.0
2026-06-19 14:35:00+05:30,1992.0,1992.0,1989.0,1989.9,4835.0
2026-06-19 14:40:00+05:30,1988.0,1988.4,1983.4,1986.9,5796.0
2026-06-19 14:45:00+05:30,1985.4,1987.0,1980.5,1986.0,16842.0
2026-06-19 14:50:00+05:30,1986.6,1990.0,1982.0,1989.0,24098.0
2026-06-19 14:55:00+05:30,1988.0,1989.5,1985.0,1987.1,10380.0
2026-06-19 15:00:00+05:30,1985.5,1991.0,1985.1,1989.1,25590.0
2026-06-19 15:05:00+05:30,1989.1,1999.9,1989.1,1997.4,32129.0
2026-06-19 15:10:00+05:30,1997.1,2001.5,1995.0,1995.9,45324.0
2026-06-19 15:15:00+05:30,1996.2,2001.0,1994.0,1999.0,35989.0
2026-06-19 15:20:00+05:30,1998.4,1999.9,1996.5,1998.9,26837.0
2026-06-19 15:25:00+05:30,1999.0,2000.0,1991.3,1993.0,42407.0
2026-06-22 09:15:00+05:30,2009.0,2024.0,1968.2,1980.0,93162.0
2026-06-22 09:20:00+05:30,1981.2,1981.2,1967.4,1974.7,33533.0
2026-06-22 09:25:00+05:30,1977.8,1988.4,1975.4,1982.9,21972.0
2026-06-22 09:30:00+05:30,1982.5,1985.0,1976.6,1980.1,16390.0
2026-06-22 09:35:00+05:30,1981.5,1992.0,1976.2,1981.1,20533.0
2026-06-22 09:40:00+05:30,1981.1,1982.7,1974.1,1977.9,20042.0
2026-06-22 09:45:00+05:30,1976.3,1977.6,1972.0,1972.0,8085.0
2026-06-22 09:50:00+05:30,1972.9,1975.0,1963.6,1965.4,24856.0
2026-06-22 09:55:00+05:30,1965.0,1967.6,1964.0,1967.0,7897.0
2026-06-22 10:00:00+05:30,1966.0,1970.0,1966.0,1966.9,6457.0
2026-06-22 10:05:00+05:30,1967.0,1969.9,1965.6,1969.0,5452.0
2026-06-22 10:10:00+05:30,1969.4,1973.5,1967.1,1968.8,5672.0
2026-06-22 10:15:00+05:30,1967.8,1969.5,1966.2,1967.0,6512.0
2026-06-22 10:20:00+05:30,1967.0,1968.2,1964.0,1965.3,9558.0
2026-06-22 10:25:00+05:30,1965.2,1965.3,1960.7,1962.0,7239.0
2026-06-22 10:30:00+05:30,1962.0,1962.4,1956.5,1958.4,20660.0
2026-06-22 10:35:00+05:30,1958.4,1961.9,1956.0,1961.9,10007.0
2026-06-22 10:40:00+05:30,1959.9,1959.9,1955.0,1956.7,7284.0
2026-06-22 10:45:00+05:30,1956.2,1957.8,1951.8,1954.1,6982.0
2026-06-22 10:50:00+05:30,1954.0,1959.0,1952.4,1958.1,7271.0
2026-06-22 10:55:00+05:30,1958.2,1961.5,1952.0,1956.8,14589.0
2026-06-22 11:00:00+05:30,1956.6,1957.1,1952.3,1956.0,11879.0
2026-06-22 11:05:00+05:30,1955.9,1958.7,1952.8,1953.6,4536.0
2026-06-22 11:10:00+05:30,1952.6,1953.2,1944.2,1948.0,24318.0
2026-06-22 11:15:00+05:30,1948.0,1949.2,1945.3,1947.0,3937.0
2026-06-22 11:20:00+05:30,1947.0,1953.9,1946.0,1952.1,5950.0
2026-06-22 11:25:00+05:30,1953.1,1961.5,1951.7,1960.3,12692.0
2026-06-22 11:30:00+05:30,1960.3,1963.2,1955.8,1958.9,8256.0
2026-06-22 11:35:00+05:30,1959.2,1960.4,1956.6,1958.0,5428.0
2026-06-22 11:40:00+05:30,1959.5,1959.6,1955.3,1958.0,2823.0
2026-06-22 11:45:00+05:30,1957.1,1959.9,1957.0,1957.0,1803.0
2026-06-22 11:50:00+05:30,1956.3,1957.9,1955.0,1957.0,2575.0
2026-06-22 11:55:00+05:30,1956.8,1956.8,1951.6,1952.8,6588.0
2026-06-22 12:00:00+05:30,1952.7,1954.1,1950.6,1950.6,3096.0
2026-06-22 12:05:00+05:30,1950.6,1953.0,1948.5,1951.0,5754.0
2026-06-22 12:10:00+05:30,1949.7,1953.4,1948.2,1953.4,3158.0
2026-06-22 12:15:00+05:30,1951.9,1954.2,1951.5,1953.0,2002.0
2026-06-22 12:20:00+05:30,1953.0,1959.6,1952.4,1957.6,9124.0
2026-06-22 12:25:00+05:30,1957.6,1963.0,1957.3,1962.4,8207.0
2026-06-22 12:30:00+05:30,1963.4,1973.2,1961.1,1968.6,15148.0
2026-06-22 12:35:00+05:30,1969.5,1975.0,1968.7,1970.9,8010.0
2026-06-22 12:40:00+05:30,1970.6,1970.6,1967.1,1968.7,6792.0
2026-06-22 12:45:00+05:30,1968.0,1970.0,1967.1,1967.9,1286.0
2026-06-22 12:50:00+05:30,1967.9,1967.9,1963.3,1964.2,8938.0
2026-06-22 12:55:00+05:30,1964.2,1967.1,1963.8,1964.0,1920.0
2026-06-22 13:00:00+05:30,1963.6,1964.1,1959.6,1959.6,4682.0
2026-06-22 13:05:00+05:30,1960.0,1962.0,1959.7,1960.1,1566.0
2026-06-22 13:10:00+05:30,1960.2,1961.7,1955.9,1955.9,5471.0
2026-06-22 13:15:00+05:30,1957.4,1959.1,1956.1,1958.0,2456.0
2026-06-22 13:20:00+05:30,1958.0,1961.9,1957.5,1961.7,9302.0
2026-06-22 13:25:00+05:30,1961.7,1961.7,1959.2,1960.0,1146.0
2026-06-22 13:30:00+05:30,1960.4,1963.1,1960.0,1960.9,1275.0
2026-06-22 13:35:00+05:30,1963.1,1964.0,1961.1,1961.6,788.0
2026-06-22 13:40:00+05:30,1962.3,1962.3,1959.2,1961.5,858.0
2026-06-22 13:45:00+05:30,1962.8,1963.0,1960.8,1960.8,1157.0
2026-06-22 13:50:00+05:30,1961.6,1963.4,1961.4,1962.3,1309.0
2026-06-22 13:55:00+05:30,1962.1,1967.5,1959.2,1959.9,17873.0
2026-06-22 14:00:00+05:30,1959.9,1963.1,1958.1,1959.0,3397.0
2026-06-22 14:05:00+05:30,1959.0,1960.0,1953.1,1953.1,11106.0
2026-06-22 14:10:00+05:30,1954.0,1958.3,1954.0,1956.0,1638.0
2026-06-22 14:15:00+05:30,1956.5,1957.5,1955.3,1957.3,952.0
2026-06-22 14:20:00+05:30,1957.3,1958.0,1956.0,1956.1,1876.0
2026-06-22 14:25:00+05:30,1956.5,1959.0,1955.7,1958.2,945.0
2026-06-22 14:30:00+05:30,1959.0,1959.0,1955.5,1956.7,1995.0
2026-06-22 14:35:00+05:30,1958.2,1963.8,1956.7,1962.7,3180.0
2026-06-22 14:40:00+05:30,1963.7,1966.0,1961.0,1962.7,5268.0
2026-06-22 14:45:00+05:30,1963.6,1963.6,1959.1,1959.2,3906.0
2026-06-22 14:50:00+05:30,1959.2,1977.9,1956.1,1964.2,27030.0
2026-06-22 14:55:00+05:30,1962.1,1971.4,1961.2,1967.8,11192.0
2026-06-22 15:00:00+05:30,1968.9,1970.0,1962.7,1964.0,9134.0
2026-06-22 15:05:00+05:30,1964.3,1967.0,1962.1,1966.0,12024.0
2026-06-22 15:10:00+05:30,1964.2,1967.9,1962.4,1965.0,15941.0
2026-06-22 15:15:00+05:30,1965.0,1965.6,1960.1,1962.5,14408.0
2026-06-22 15:20:00+05:30,1962.0,1963.3,1956.0,1957.0,21514.0
2026-06-22 15:25:00+05:30,1957.0,1959.3,1951.5,1954.5,17037.0
2026-06-23 09:15:00+05:30,1967.9,1982.0,1941.5,1976.4,50470.0
2026-06-23 09:20:00+05:30,1975.2,1978.2,1950.2,1950.7,20544.0
2026-06-23 09:25:00+05:30,1950.6,1957.6,1943.8,1957.6,28031.0
2026-06-23 09:30:00+05:30,1958.3,1958.8,1950.0,1952.2,9849.0
2026-06-23 09:35:00+05:30,1952.3,1967.5,1951.4,1966.3,15983.0
2026-06-23 09:40:00+05:30,1968.7,1972.8,1962.2,1969.1,9858.0
2026-06-23 09:45:00+05:30,1969.9,1973.8,1962.0,1963.4,24666.0
2026-06-23 09:50:00+05:30,1961.8,1964.8,1958.4,1960.6,3982.0
2026-06-23 09:55:00+05:30,1961.0,1963.0,1958.2,1963.0,2091.0
2026-06-23 10:00:00+05:30,1962.3,1967.4,1958.3,1966.6,2949.0
2026-06-23 10:05:00+05:30,1964.9,1989.9,1963.4,1985.9,27001.0
2026-06-23 10:10:00+05:30,1986.6,1989.9,1971.7,1977.1,21216.0
2026-06-23 10:15:00+05:30,1977.4,1978.0,1970.0,1970.0,5607.0
2026-06-23 10:20:00+05:30,1969.6,1969.7,1963.4,1964.8,9807.0
2026-06-23 10:25:00+05:30,1964.8,1966.0,1957.2,1960.0,3956.0
2026-06-23 10:30:00+05:30,1958.1,1963.5,1958.0,1959.9,3903.0
2026-06-23 10:35:00+05:30,1959.4,1961.8,1955.5,1957.5,3387.0
2026-06-23 10:40:00+05:30,1955.7,1958.7,1953.1,1956.1,6140.0
2026-06-23 10:45:00+05:30,1956.1,1956.2,1951.4,1952.1,2739.0
2026-06-23 10:50:00+05:30,1952.0,1954.3,1950.3,1951.9,3653.0
2026-06-23 10:55:00+05:30,1951.1,1952.1,1946.0,1949.3,9686.0
2026-06-23 11:00:00+05:30,1948.9,1948.9,1945.0,1946.7,3077.0
2026-06-23 11:05:00+05:30,1946.5,1946.7,1943.1,1944.0,5083.0
2026-06-23 11:10:00+05:30,1944.3,1946.2,1935.0,1937.2,14003.0
2026-06-23 11:15:00+05:30,1936.7,1942.7,1936.7,1942.7,4272.0
2026-06-23 11:20:00+05:30,1943.1,1943.4,1931.0,1933.0,11083.0
2026-06-23 11:25:00+05:30,1934.0,1939.0,1931.4,1935.0,5532.0
2026-06-23 11:30:00+05:30,1935.9,1949.5,1933.1,1938.4,19676.0
2026-06-23 11:35:00+05:30,1937.2,1940.3,1936.0,1937.0,4542.0
2026-06-23 11:40:00+05:30,1936.7,1938.5,1926.0,1930.9,16773.0
2026-06-23 11:45:00+05:30,1931.2,1937.9,1926.0,1931.2,12195.0
2026-06-23 11:50:00+05:30,1930.6,1934.2,1928.0,1929.2,3202.0
2026-06-23 11:55:00+05:30,1929.9,1933.1,1918.9,1923.9,15338.0
2026-06-23 12:00:00+05:30,1923.7,1928.0,1921.0,1924.0,8101.0
2026-06-23 12:05:00+05:30,1922.8,1925.6,1916.8,1920.0,8753.0
2026-06-23 12:10:00+05:30,1920.0,1927.5,1918.0,1926.9,5716.0
2026-06-23 12:15:00+05:30,1926.4,1926.9,1922.4,1923.8,2006.0
2026-06-23 12:20:00+05:30,1925.0,1925.0,1918.1,1920.0,5528.0
2026-06-23 12:25:00+05:30,1920.0,1933.5,1920.0,1933.5,8463.0
2026-06-23 12:30:00+05:30,1931.1,1935.2,1930.0,1932.2,7026.0
2026-06-23 12:35:00+05:30,1932.2,1933.2,1931.2,1931.2,1257.0
2026-06-23 12:40:00+05:30,1931.2,1932.2,1926.8,1928.3,4151.0
2026-06-23 12:45:00+05:30,1928.4,1929.5,1926.8,1927.7,2089.0
2026-06-23 12:50:00+05:30,1927.7,1928.5,1926.0,1926.0,2511.0
2026-06-23 12:55:00+05:30,1925.1,1927.0,1925.0,1925.0,1701.0
2026-06-23 13:00:00+05:30,1925.0,1925.0,1920.6,1924.1,4809.0
2026-06-23 13:05:00+05:30,1924.1,1929.6,1924.1,1928.0,1449.0
2026-06-23 13:10:00+05:30,1928.0,1929.0,1925.0,1925.9,1882.0
2026-06-23 13:15:00+05:30,1925.9,1925.9,1922.2,1922.8,1485.0
2026-06-23 13:20:00+05:30,1923.3,1927.4,1922.2,1924.6,1979.0
2026-06-23 13:25:00+05:30,1925.3,1925.3,1919.4,1921.4,6971.0
2026-06-23 13:30:00+05:30,1921.4,1921.4,1918.3,1918.3,4149.0
2026-06-23 13:35:00+05:30,1918.3,1919.2,1910.0,1915.8,15007.0
2026-06-23 13:40:00+05:30,1915.5,1922.3,1915.5,1922.3,4396.0
2026-06-23 13:45:00+05:30,1921.9,1922.2,1914.0,1916.5,5293.0
2026-06-23 13:50:00+05:30,1915.0,1917.0,1912.7,1917.0,3914.0
2026-06-23 13:55:00+05:30,1916.3,1919.6,1915.0,1917.7,3619.0
2026-06-23 14:00:00+05:30,1917.7,1922.0,1915.9,1921.9,1885.0
2026-06-23 14:05:00+05:30,1920.2,1921.9,1919.0,1920.8,1640.0
2026-06-23 14:10:00+05:30,1919.7,1924.2,1919.7,1922.2,2984.0
2026-06-23 14:15:00+05:30,1923.2,1924.3,1920.2,1921.5,2339.0
2026-06-23 14:20:00+05:30,1921.6,1926.8,1921.5,1926.8,4686.0
2026-06-23 14:25:00+05:30,1927.0,1932.9,1926.6,1931.8,8680.0
2026-06-23 14:30:00+05:30,1931.1,1933.9,1930.0,1930.0,3705.0
2026-06-23 14:35:00+05:30,1930.0,1930.0,1926.0,1927.0,1724.0
2026-06-23 14:40:00+05:30,1927.0,1928.9,1924.7,1927.6,2301.0
2026-06-23 14:45:00+05:30,1928.7,1928.7,1926.5,1927.0,1815.0
2026-06-23 14:50:00+05:30,1926.3,1928.0,1925.0,1927.9,2036.0
2026-06-23 14:55:00+05:30,1927.0,1928.9,1925.0,1927.8,3448.0
2026-06-23 15:00:00+05:30,1927.9,1929.3,1915.0,1919.0,15884.0
2026-06-23 15:05:00+05:30,1919.7,1928.9,1919.7,1928.2,14249.0
2026-06-23 15:10:00+05:30,1928.2,1928.6,1923.0,1923.0,6583.0
2026-06-23 15:15:00+05:30,1923.1,1929.9,1923.0,1923.0,17020.0
2026-06-23 15:20:00+05:30,1923.8,1927.9,1922.3,1924.5,16536.0
2026-06-23 15:25:00+05:30,1924.5,1930.4,1911.0,1920.0,38064.0
2026-06-24 09:15:00+05:30,1914.0,1926.6,1912.2,1916.9,17862.0
2026-06-24 09:20:00+05:30,1916.9,1925.9,1916.0,1919.0,11783.0
2026-06-24 09:25:00+05:30,1919.4,1920.3,1905.0,1917.9,11729.0
2026-06-24 09:30:00+05:30,1915.9,1916.9,1906.0,1907.9,4736.0
2026-06-24 09:35:00+05:30,1909.0,1909.8,1902.1,1906.0,5203.0
2026-06-24 09:40:00+05:30,1904.6,1908.7,1895.0,1895.7,16750.0
2026-06-24 09:45:00+05:30,1897.3,1898.8,1883.0,1885.2,17054.0
2026-06-24 09:50:00+05:30,1885.0,1892.3,1882.2,1891.5,14298.0
2026-06-24 09:55:00+05:30,1891.5,1900.9,1891.5,1898.9,9117.0
2026-06-24 10:00:00+05:30,1900.1,1908.0,1899.0,1904.2,8767.0
2026-06-24 10:05:00+05:30,1904.2,1910.9,1902.4,1907.9,5098.0
2026-06-24 10:10:00+05:30,1907.8,1907.8,1895.7,1900.0,5220.0
2026-06-24 10:15:00+05:30,1900.2,1902.5,1894.0,1897.4,5027.0
2026-06-24 10:20:00+05:30,1896.1,1897.9,1892.0,1894.0,6482.0
2026-06-24 10:25:00+05:30,1894.9,1896.4,1885.0,1885.5,12454.0
2026-06-24 10:30:00+05:30,1885.5,1889.9,1884.4,1887.3,8728.0
2026-06-24 10:35:00+05:30,1888.2,1888.5,1884.1,1887.2,3653.0
2026-06-24 10:40:00+05:30,1886.0,1888.8,1884.5,1884.5,3642.0
2026-06-24 10:45:00+05:30,1884.3,1887.3,1884.0,1885.6,3118.0
2026-06-24 10:50:00+05:30,1886.1,1887.0,1883.1,1884.4,4715.0
2026-06-24 10:55:00+05:30,1885.8,1885.9,1878.0,1881.8,11233.0
2026-06-24 11:00:00+05:30,1882.1,1885.0,1880.4,1883.0,3323.0
2026-06-24 11:05:00+05:30,1883.0,1887.5,1883.0,1886.1,2949.0
2026-06-24 11:10:00+05:30,1887.8,1905.2,1885.7,1890.9,19194.0
2026-06-24 11:15:00+05:30,1890.9,1890.9,1885.8,1887.7,3092.0
2026-06-24 11:20:00+05:30,1887.0,1888.2,1885.0,1886.0,3212.0
2026-06-24 11:25:00+05:30,1884.0,1884.4,1880.0,1883.8,5849.0
2026-06-24 11:30:00+05:30,1882.8,1885.0,1880.9,1883.7,3272.0
2026-06-24 11:35:00+05:30,1884.8,1886.0,1883.6,1885.0,1993.0
2026-06-24 11:40:00+05:30,1885.0,1886.7,1883.5,1885.7,1373.0
2026-06-24 11:45:00+05:30,1885.2,1886.4,1880.7,1882.2,3174.0
2026-06-24 11:50:00+05:30,1883.6,1887.3,1883.1,1885.9,3196.0
2026-06-24 11:55:00+05:30,1885.9,1889.0,1885.9,1886.9,2468.0
2026-06-24 12:00:00+05:30,1887.0,1888.8,1885.4,1887.1,1838.0
2026-06-24 12:05:00+05:30,1886.4,1887.0,1883.0,1883.9,764.0
2026-06-24 12:10:00+05:30,1883.0,1884.2,1872.1,1877.4,7982.0
2026-06-24 12:15:00+05:30,1876.1,1877.5,1873.1,1874.4,4312.0
2026-06-24 12:20:00+05:30,1873.4,1882.7,1873.3,1875.8,4522.0
2026-06-24 12:25:00+05:30,1875.5,1875.8,1869.1,1871.7,11910.0
2026-06-24 12:30:00+05:30,1872.0,1874.8,1871.1,1874.8,3735.0
2026-06-24 12:35:00+05:30,1874.7,1878.0,1872.5,1877.2,5991.0
2026-06-24 12:40:00+05:30,1877.2,1877.6,1875.5,1877.0,837.0
2026-06-24 12:45:00+05:30,1877.4,1878.5,1871.8,1873.4,7598.0
2026-06-24 12:50:00+05:30,1873.3,1875.0,1872.4,1873.0,3126.0
2026-06-24 12:55:00+05:30,1873.0,1878.2,1873.0,1876.7,2224.0
2026-06-24 13:00:00+05:30,1876.7,1879.1,1874.0,1878.8,2192.0
2026-06-24 13:05:00+05:30,1878.8,1879.8,1876.1,1879.8,1485.0
2026-06-24 13:10:00+05:30,1880.0,1880.0,1877.6,1878.6,1389.0
2026-06-24 13:15:00+05:30,1879.8,1880.0,1875.8,1875.9,2190.0
2026-06-24 13:20:00+05:30,1877.0,1879.5,1877.0,1878.1,947.0
2026-06-24 13:25:00+05:30,1878.1,1879.3,1876.5,1876.8,2304.0
2026-06-24 13:30:00+05:30,1876.6,1876.8,1874.7,1876.0,2274.0
2026-06-24 13:35:00+05:30,1875.0,1876.8,1872.3,1874.5,3441.0
2026-06-24 13:40:00+05:30,1873.7,1877.8,1872.0,1875.1,3844.0
2026-06-24 13:45:00+05:30,1875.2,1878.0,1875.2,1875.5,656.0
2026-06-24 13:50:00+05:30,1875.5,1879.8,1875.5,1877.0,3729.0
2026-06-24 13:55:00+05:30,1877.0,1879.6,1876.4,1878.2,2257.0
2026-06-24 14:00:00+05:30,1877.9,1878.2,1873.1,1874.4,3347.0
2026-06-24 14:05:00+05:30,1875.6,1877.3,1874.0,1876.6,990.0
2026-06-24 14:10:00+05:30,1876.0,1878.3,1875.0,1877.4,2533.0
2026-06-24 14:15:00+05:30,1876.3,1877.6,1874.0,1876.5,1584.0
2026-06-24 14:20:00+05:30,1876.4,1877.0,1873.4,1873.8,2171.0
2026-06-24 14:25:00+05:30,1874.0,1876.9,1872.2,1875.5,2815.0
2026-06-24 14:30:00+05:30,1875.1,1876.9,1875.1,1876.5,2953.0
2026-06-24 14:35:00+05:30,1876.0,1876.9,1874.0,1874.0,2873.0
2026-06-24 14:40:00+05:30,1875.0,1876.9,1873.3,1875.7,1853.0
2026-06-24 14:45:00+05:30,1875.7,1875.7,1860.0,1862.2,32297.0
2026-06-24 14:50:00+05:30,1862.2,1863.4,1852.2,1858.0,13302.0
2026-06-24 14:55:00+05:30,1856.3,1861.7,1856.3,1860.4,7461.0
2026-06-24 15:00:00+05:30,1860.3,1866.9,1856.8,1863.6,6963.0
2026-06-24 15:05:00+05:30,1863.2,1866.5,1860.2,1862.3,11676.0
2026-06-24 15:10:00+05:30,1863.1,1866.9,1852.0,1864.2,19108.0
2026-06-24 15:15:00+05:30,1863.0,1865.0,1845.5,1851.0,40625.0
2026-06-24 15:20:00+05:30,1851.4,1853.6,1791.6,1842.8,119049.0
2026-06-24 15:25:00+05:30,1844.7,1855.0,1840.0,1853.0,30959.0
2026-06-25 09:15:00+05:30,1852.0,1861.1,1821.6,1838.0,40221.0
2026-06-25 09:20:00+05:30,1836.7,1845.8,1820.2,1823.8,26408.0
2026-06-25 09:25:00+05:30,1823.8,1825.9,1803.0,1810.9,38866.0
2026-06-25 09:30:00+05:30,1809.8,1810.0,1802.1,1805.0,15148.0
2026-06-25 09:35:00+05:30,1805.2,1811.2,1797.9,1811.2,27643.0
2026-06-25 09:40:00+05:30,1809.1,1813.4,1803.6,1805.0,11768.0
2026-06-25 09:45:00+05:30,1804.0,1807.3,1800.4,1804.2,13385.0
2026-06-25 09:50:00+05:30,1805.0,1807.5,1802.5,1805.7,18525.0
2026-06-25 09:55:00+05:30,1807.2,1807.9,1800.1,1807.0,8491.0
2026-06-25 10:00:00+05:30,1807.0,1810.0,1801.3,1806.4,5848.0
2026-06-25 10:05:00+05:30,1808.9,1810.6,1802.6,1806.0,6047.0
2026-06-25 10:10:00+05:30,1806.9,1806.9,1801.1,1802.2,7203.0
2026-06-25 10:15:00+05:30,1803.4,1808.9,1801.2,1808.9,5687.0
2026-06-25 10:20:00+05:30,1807.3,1811.0,1806.3,1807.2,6754.0
2026-06-25 10:25:00+05:30,1806.7,1808.5,1802.0,1802.7,5258.0
2026-06-25 10:30:00+05:30,1802.7,1807.3,1798.1,1806.1,14598.0
2026-06-25 10:35:00+05:30,1807.5,1811.5,1805.5,1811.5,8871.0
2026-06-25 10:40:00+05:30,1810.6,1813.6,1808.1,1809.8,7464.0
2026-06-25 10:45:00+05:30,1809.8,1809.8,1803.2,1806.3,3392.0
2026-06-25 10:50:00+05:30,1806.1,1807.4,1802.1,1804.5,3404.0
2026-06-25 10:55:00+05:30,1805.0,1807.3,1802.1,1807.3,4902.0
2026-06-25 11:00:00+05:30,1807.5,1817.8,1804.8,1815.0,19864.0
2026-06-25 11:05:00+05:30,1815.0,1816.2,1811.5,1814.2,4308.0
2026-06-25 11:10:00+05:30,1813.2,1814.0,1811.0,1811.0,1713.0
2026-06-25 11:15:00+05:30,1811.0,1812.5,1809.1,1810.8,2847.0
2026-06-25 11:20:00+05:30,1812.0,1813.9,1810.0,1811.0,2808.0
2026-06-25 11:25:00+05:30,1811.0,1811.0,1806.6,1806.6,2430.0
2026-06-25 11:30:00+05:30,1808.1,1810.5,1806.0,1809.6,2426.0
2026-06-25 11:35:00+05:30,1809.7,1811.4,1807.3,1809.4,1451.0
2026-06-25 11:40:00+05:30,1809.4,1810.0,1807.9,1808.2,897.0
2026-06-25 11:45:00+05:30,1808.0,1810.0,1805.1,1805.4,2802.0
2026-06-25 11:50:00+05:30,1805.1,1807.8,1799.0,1804.1,11879.0
2026-06-25 11:55:00+05:30,1804.0,1806.1,1801.5,1806.0,1972.0
2026-06-25 12:00:00+05:30,1806.5,1808.2,1802.4,1806.0,1920.0
2026-06-25 12:05:00+05:30,1806.2,1807.0,1803.2,1805.3,716.0
2026-06-25 12:10:00+05:30,1805.3,1806.7,1802.4,1804.4,1792.0
2026-06-25 12:15:00+05:30,1803.0,1804.7,1799.7,1800.0,7717.0
2026-06-25 12:20:00+05:30,1800.2,1800.2,1796.5,1797.2,3664.0
2026-06-25 12:25:00+05:30,1797.2,1801.0,1796.0,1801.0,14281.0
2026-06-25 12:30:00+05:30,1802.3,1803.5,1798.5,1800.3,3699.0
2026-06-25 12:35:00+05:30,1801.2,1801.2,1796.5,1797.1,13934.0
2026-06-25 12:40:00+05:30,1797.0,1797.1,1790.1,1792.3,20991.0
2026-06-25 12:45:00+05:30,1794.0,1794.9,1791.5,1792.8,5265.0
2026-06-25 12:50:00+05:30,1791.0,1795.0,1791.0,1795.0,3958.0
2026-06-25 12:55:00+05:30,1795.0,1795.2,1790.6,1792.0,15391.0
2026-06-25 13:00:00+05:30,1790.8,1790.8,1783.3,1786.6,14579.0
2026-06-25 13:05:00+05:30,1786.6,1794.7,1785.0,1792.0,12305.0
2026-06-25 13:10:00+05:30,1790.7,1792.0,1786.9,1788.5,2034.0
2026-06-25 13:15:00+05:30,1788.7,1789.8,1785.6,1789.6,4922.0
2026-06-25 13:20:00+05:30,1788.2,1793.0,1786.6,1792.0,6813.0
2026-06-25 13:25:00+05:30,1793.5,1793.5,1790.5,1790.5,1056.0
2026-06-25 13:30:00+05:30,1790.4,1791.4,1785.6,1786.5,3408.0
2026-06-25 13:35:00+05:30,1786.5,1789.0,1785.1,1789.0,2244.0
2026-06-25 13:40:00+05:30,1789.9,1791.3,1786.4,1789.0,3048.0
2026-06-25 13:45:00+05:30,1789.0,1789.0,1785.9,1786.2,1597.0
2026-06-25 13:50:00+05:30,1787.5,1788.6,1785.1,1786.0,3298.0
2026-06-25 13:55:00+05:30,1785.1,1786.0,1783.4,1784.9,3412.0
2026-06-25 14:00:00+05:30,1785.0,1786.5,1782.8,1785.1,4668.0
2026-06-25 14:05:00+05:30,1785.1,1787.0,1782.5,1785.0,4257.0
2026-06-25 14:10:00+05:30,1785.0,1785.0,1777.1,1779.6,15880.0
2026-06-25 14:15:00+05:30,1781.3,1785.0,1780.3,1782.2,3765.0
2026-06-25 14:20:00+05:30,1782.0,1783.3,1778.1,1783.0,10559.0
2026-06-25 14:25:00+05:30,1783.0,1783.0,1777.0,1779.2,6689.0
2026-06-25 14:30:00+05:30,1779.1,1782.7,1779.1,1782.4,4057.0
2026-06-25 14:35:00+05:30,1782.0,1806.7,1782.0,1796.2,87231.0
2026-06-25 14:40:00+05:30,1796.1,1796.2,1779.5,1779.7,13143.0
2026-06-25 14:45:00+05:30,1778.8,1782.0,1775.1,1776.0,9064.0
2026-06-25 14:50:00+05:30,1776.0,1777.4,1772.6,1776.6,9491.0
2026-06-25 14:55:00+05:30,1776.4,1777.2,1774.0,1777.2,5257.0
2026-06-25 15:00:00+05:30,1777.5,1778.7,1772.3,1775.3,11242.0
2026-06-25 15:05:00+05:30,1775.0,1777.9,1773.5,1775.4,7609.0
2026-06-25 15:10:00+05:30,1775.4,1775.5,1770.1,1771.4,17888.0
2026-06-25 15:15:00+05:30,1770.9,1772.5,1765.2,1769.7,30048.0
2026-06-25 15:20:00+05:30,1770.0,1772.4,1768.0,1770.0,17698.0
2026-06-25 15:25:00+05:30,1769.7,1778.0,1765.4,1773.9,18039.0
2026-06-29 09:15:00+05:30,1769.8,1808.0,1761.9,1764.5,47037.0
2026-06-29 09:20:00+05:30,1762.1,1762.9,1743.0,1750.3,26111.0
2026-06-29 09:25:00+05:30,1750.3,1755.0,1744.2,1751.9,14865.0
2026-06-29 09:30:00+05:30,1750.7,1753.6,1741.2,1745.6,13010.0
2026-06-29 09:35:00+05:30,1743.7,1752.9,1740.9,1748.7,9097.0
2026-06-29 09:40:00+05:30,1748.7,1749.8,1742.0,1748.0,8236.0
2026-06-29 09:45:00+05:30,1748.8,1752.0,1741.1,1743.2,8324.0
2026-06-29 09:50:00+05:30,1742.8,1759.0,1742.8,1749.4,12313.0
2026-06-29 09:55:00+05:30,1749.4,1753.9,1746.2,1747.6,4603.0
2026-06-29 10:00:00+05:30,1747.1,1748.9,1745.6,1747.9,2913.0
2026-06-29 10:05:00+05:30,1747.9,1757.0,1747.6,1755.0,3877.0
2026-06-29 10:10:00+05:30,1754.5,1754.5,1748.5,1749.6,3390.0
2026-06-29 10:15:00+05:30,1749.5,1759.1,1748.4,1751.7,7984.0
2026-06-29 10:20:00+05:30,1751.5,1751.6,1745.1,1750.7,5355.0
2026-06-29 10:25:00+05:30,1749.3,1755.0,1749.3,1753.0,2322.0
2026-06-29 10:30:00+05:30,1754.2,1754.2,1750.0,1752.0,2518.0
2026-06-29 10:35:00+05:30,1752.0,1752.7,1746.7,1748.5,1625.0
2026-06-29 10:40:00+05:30,1748.5,1752.8,1747.3,1751.1,3341.0
2026-06-29 10:45:00+05:30,1751.9,1752.3,1747.4,1749.0,4865.0
2026-06-29 10:50:00+05:30,1749.9,1750.0,1745.7,1747.0,6247.0
2026-06-29 10:55:00+05:30,1748.0,1748.0,1741.4,1744.6,4471.0
2026-06-29 11:00:00+05:30,1745.4,1749.4,1744.3,1745.8,2113.0
2026-06-29 11:05:00+05:30,1745.9,1745.9,1738.0,1740.0,4840.0
2026-06-29 11:10:00+05:30,1737.9,1740.0,1736.0,1737.9,5196.0
2026-06-29 11:15:00+05:30,1737.9,1743.2,1736.3,1742.6,3049.0
2026-06-29 11:20:00+05:30,1741.8,1745.0,1740.8,1742.3,1899.0
2026-06-29 11:25:00+05:30,1742.0,1742.2,1738.7,1738.8,2752.0
2026-06-29 11:30:00+05:30,1739.4,1743.8,1738.2,1742.8,3726.0
2026-06-29 11:35:00+05:30,1740.6,1747.3,1740.3,1742.6,3414.0
2026-06-29 11:40:00+05:30,1742.5,1743.5,1739.0,1739.9,1284.0
2026-06-29 11:45:00+05:30,1739.9,1741.2,1737.1,1738.2,1981.0
2026-06-29 11:50:00+05:30,1737.6,1742.2,1737.0,1740.9,3321.0
2026-06-29 11:55:00+05:30,1740.9,1742.9,1739.0,1741.8,1379.0
2026-06-29 12:00:00+05:30,1741.6,1742.0,1738.0,1740.8,4731.0
2026-06-29 12:05:00+05:30,1740.8,1741.0,1736.8,1737.6,1913.0
2026-06-29 12:10:00+05:30,1737.5,1740.0,1734.1,1739.2,2740.0
2026-06-29 12:15:00+05:30,1739.1,1740.0,1735.2,1735.2,4148.0
2026-06-29 12:20:00+05:30,1735.1,1738.6,1735.0,1735.9,1494.0
2026-06-29 12:25:00+05:30,1736.1,1736.1,1731.6,1733.4,3914.0
2026-06-29 12:30:00+05:30,1732.8,1735.8,1728.0,1733.0,11993.0
2026-06-29 12:35:00+05:30,1732.5,1734.9,1724.0,1730.7,7802.0
2026-06-29 12:40:00+05:30,1730.7,1734.3,1730.0,1733.0,4247.0
2026-06-29 12:45:00+05:30,1733.0,1734.9,1732.3,1733.9,4240.0
2026-06-29 12:50:00+05:30,1733.9,1737.2,1731.1,1737.2,10869.0
2026-06-29 12:55:00+05:30,1736.3,1743.4,1736.3,1742.0,4864.0
2026-06-29 13:00:00+05:30,1743.0,1745.0,1742.5,1744.6,2370.0
2026-06-29 13:05:00+05:30,1742.6,1745.0,1741.0,1744.7,1819.0
2026-06-29 13:10:00+05:30,1743.7,1746.5,1743.1,1746.5,2738.0
2026-06-29 13:15:00+05:30,1746.0,1748.0,1742.2,1744.7,2927.0
2026-06-29 13:20:00+05:30,1744.7,1749.0,1744.7,1748.1,2407.0
2026-06-29 13:25:00+05:30,1749.0,1755.0,1749.0,1752.1,5330.0
2026-06-29 13:30:00+05:30,1751.4,1753.0,1746.4,1747.0,3135.0
2026-06-29 13:35:00+05:30,1747.0,1755.1,1747.0,1751.7,7806.0
2026-06-29 13:40:00+05:30,1751.7,1751.7,1748.0,1748.5,904.0
2026-06-29 13:45:00+05:30,1749.6,1752.0,1745.0,1746.0,4777.0
2026-06-29 13:50:00+05:30,1747.1,1751.2,1746.1,1750.2,3059.0
2026-06-29 13:55:00+05:30,1749.8,1750.4,1747.0,1750.4,1109.0
2026-06-29 14:00:00+05:30,1751.0,1754.4,1749.0,1749.9,2039.0
2026-06-29 14:05:00+05:30,1749.9,1750.4,1748.0,1748.0,725.0
2026-06-29 14:10:00+05:30,1748.0,1748.9,1747.2,1748.9,875.0
2026-06-29 14:15:00+05:30,1749.5,1752.0,1748.1,1752.0,1801.0
2026-06-29 14:20:00+05:30,1752.0,1754.4,1750.9,1751.1,3599.0
2026-06-29 14:25:00+05:30,1752.0,1752.0,1749.0,1751.2,1131.0
2026-06-29 14:30:00+05:30,1751.4,1753.0,1749.1,1750.5,1896.0
2026-06-29 14:35:00+05:30,1750.5,1750.5,1744.8,1746.5,5420.0
2026-06-29 14:40:00+05:30,1746.5,1748.8,1745.5,1746.1,3046.0
2026-06-29 14:45:00+05:30,1746.7,1746.7,1741.0,1745.0,2516.0
2026-06-29 14:50:00+05:30,1744.4,1770.0,1744.4,1765.0,24688.0
2026-06-29 14:55:00+05:30,1765.5,1770.2,1763.7,1765.1,15114.0
2026-06-29 15:00:00+05:30,1765.1,1765.1,1731.8,1741.7,52260.0
2026-06-29 15:05:00+05:30,1742.0,1747.7,1738.0,1747.5,37953.0
2026-06-29 15:10:00+05:30,1746.9,1746.9,1738.0,1742.2,34556.0
2026-06-29 15:15:00+05:30,1741.4,1744.7,1738.1,1741.9,35805.0
2026-06-29 15:20:00+05:30,1741.5,1747.7,1739.7,1747.0,38539.0
2026-06-29 15:25:00+05:30,1744.7,1758.8,1741.4,1755.0,25843.0
2026-06-30 09:15:00+05:30,1751.9,1755.7,1720.8,1739.0,26092.0
2026-06-30 09:20:00+05:30,1736.5,1741.8,1725.2,1726.6,17663.0
2026-06-30 09:25:00+05:30,1728.1,1745.0,1726.3,1742.7,18837.0
2026-06-30 09:30:00+05:30,1743.9,1747.7,1735.0,1744.7,17206.0
2026-06-30 09:35:00+05:30,1744.8,1747.9,1737.0,1740.5,11145.0
2026-06-30 09:40:00+05:30,1740.4,1748.0,1737.9,1745.4,17156.0
2026-06-30 09:45:00+05:30,1748.1,1752.0,1745.1,1749.0,10533.0
2026-06-30 09:50:00+05:30,1749.6,1750.1,1740.0,1743.8,19535.0
2026-06-30 09:55:00+05:30,1743.0,1752.8,1741.7,1752.0,6778.0
2026-06-30 10:00:00+05:30,1751.4,1761.7,1750.4,1761.7,18325.0
2026-06-30 10:05:00+05:30,1761.9,1763.0,1754.0,1755.2,16672.0
2026-06-30 10:10:00+05:30,1754.2,1759.5,1752.5,1755.8,5575.0
2026-06-30 10:15:00+05:30,1755.6,1755.6,1751.1,1753.9,5983.0
2026-06-30 10:20:00+05:30,1754.8,1765.7,1751.3,1762.6,7262.0
2026-06-30 10:25:00+05:30,1762.8,1765.7,1756.2,1760.0,18168.0
2026-06-30 10:30:00+05:30,1760.0,1762.0,1751.8,1758.4,8283.0
2026-06-30 10:35:00+05:30,1758.4,1758.4,1745.0,1745.0,8554.0
2026-06-30 10:40:00+05:30,1745.1,1746.9,1740.1,1742.2,7025.0
2026-06-30 10:45:00+05:30,1743.5,1748.4,1740.0,1748.4,9629.0
2026-06-30 10:50:00+05:30,1748.9,1752.0,1748.3,1750.3,4079.0
2026-06-30 10:55:00+05:30,1749.3,1749.3,1743.1,1744.7,1989.0
2026-06-30 11:00:00+05:30,1744.5,1748.7,1742.1,1745.7,2402.0
2026-06-30 11:05:00+05:30,1745.0,1745.0,1741.3,1741.6,2935.0
2026-06-30 11:10:00+05:30,1741.7,1745.0,1741.1,1745.0,1294.0
2026-06-30 11:15:00+05:30,1745.0,1747.7,1743.7,1745.2,1948.0
2026-06-30 11:20:00+05:30,1745.1,1752.0,1742.5,1752.0,3089.0
2026-06-30 11:25:00+05:30,1751.6,1758.6,1750.9,1755.6,11395.0
2026-06-30 11:30:00+05:30,1757.4,1757.4,1754.9,1755.6,2241.0
2026-06-30 11:35:00+05:30,1756.0,1757.0,1751.4,1755.7,5450.0
2026-06-30 11:40:00+05:30,1756.9,1777.5,1755.8,1763.7,27934.0
2026-06-30 11:45:00+05:30,1763.7,1767.9,1762.0,1762.6,14955.0
2026-06-30 11:50:00+05:30,1764.3,1764.3,1757.0,1757.0,4659.0
2026-06-30 11:55:00+05:30,1757.0,1763.6,1757.0,1760.1,2808.0
2026-06-30 12:00:00+05:30,1761.6,1766.2,1756.5,1764.1,7647.0
2026-06-30 12:05:00+05:30,1762.1,1768.5,1762.1,1767.0,5706.0
2026-06-30 12:10:00+05:30,1768.8,1782.4,1763.9,1776.0,36898.0
2026-06-30 12:15:00+05:30,1775.2,1778.1,1771.5,1772.8,17195.0
2026-06-30 12:20:00+05:30,1773.2,1787.9,1771.0,1779.1,23080.0
2026-06-30 12:25:00+05:30,1781.0,1781.6,1776.0,1776.9,9324.0
2026-06-30 12:30:00+05:30,1777.0,1778.0,1772.8,1773.0,6345.0
2026-06-30 12:35:00+05:30,1771.4,1777.0,1771.4,1776.2,3624.0
2026-06-30 12:40:00+05:30,1776.2,1777.0,1772.3,1776.7,4591.0
2026-06-30 12:45:00+05:30,1776.0,1779.9,1774.1,1778.0,7013.0
2026-06-30 12:50:00+05:30,1778.0,1784.1,1776.5,1783.6,9114.0
2026-06-30 12:55:00+05:30,1783.2,1787.8,1781.9,1785.5,7789.0
2026-06-30 13:00:00+05:30,1784.0,1789.4,1780.7,1783.1,10092.0
2026-06-30 13:05:00+05:30,1782.1,1784.7,1780.4,1784.7,3765.0
2026-06-30 13:10:00+05:30,1784.5,1786.5,1783.0,1785.6,5838.0
2026-06-30 13:15:00+05:30,1785.6,1785.6,1778.5,1779.4,3802.0
2026-06-30 13:20:00+05:30,1780.1,1781.0,1775.8,1780.1,3061.0
2026-06-30 13:25:00+05:30,1780.7,1781.4,1775.7,1778.1,5486.0
2026-06-30 13:30:00+05:30,1777.1,1777.1,1774.4,1774.5,3411.0
2026-06-30 13:35:00+05:30,1774.7,1776.4,1768.0,1768.9,8566.0
2026-06-30 13:40:00+05:30,1768.9,1776.7,1768.9,1775.8,16148.0
2026-06-30 13:45:00+05:30,1774.9,1775.0,1770.5,1770.5,1750.0
2026-06-30 13:50:00+05:30,1771.1,1772.9,1768.5,1770.7,3043.0
2026-06-30 13:55:00+05:30,1770.0,1770.7,1765.1,1765.1,3761.0
2026-06-30 14:00:00+05:30,1765.3,1766.8,1760.1,1760.5,3061.0
2026-06-30 14:05:00+05:30,1761.1,1762.5,1758.0,1761.7,4230.0
2026-06-30 14:10:00+05:30,1762.8,1764.4,1759.5,1759.5,2690.0
2026-06-30 14:15:00+05:30,1762.0,1768.9,1761.9,1767.2,4263.0
2026-06-30 14:20:00+05:30,1768.4,1771.2,1763.0,1771.1,3057.0
2026-06-30 14:25:00+05:30,1771.9,1776.8,1770.2,1772.1,8186.0
2026-06-30 14:30:00+05:30,1772.7,1774.7,1770.0,1770.0,2975.0
2026-06-30 14:35:00+05:30,1771.2,1778.0,1770.1,1777.2,4212.0
2026-06-30 14:40:00+05:30,1778.0,1778.0,1772.1,1772.6,7807.0
2026-06-30 14:45:00+05:30,1774.3,1775.8,1771.9,1775.8,2333.0
2026-06-30 14:50:00+05:30,1775.6,1779.8,1773.3,1779.2,6433.0
2026-06-30 14:55:00+05:30,1779.2,1781.2,1772.8,1777.3,12809.0
2026-06-30 15:00:00+05:30,1777.6,1777.6,1764.1,1768.1,14572.0
2026-06-30 15:05:00+05:30,1769.2,1775.8,1766.7,1774.8,5685.0
2026-06-30 15:10:00+05:30,1773.0,1777.0,1773.0,1775.5,12085.0
2026-06-30 15:15:00+05:30,1774.4,1775.5,1765.0,1766.8,14160.0
2026-06-30 15:20:00+05:30,1766.7,1776.7,1766.1,1775.0,16890.0
2026-06-30 15:25:00+05:30,1774.1,1784.0,1772.4,1772.4,28006.0
2026-07-01 09:15:00+05:30,1788.0,1796.0,1762.4,1767.9,38452.0
2026-07-01 09:20:00+05:30,1767.9,1779.4,1764.6,1776.6,33311.0
2026-07-01 09:25:00+05:30,1774.6,1786.0,1774.3,1779.0,14501.0
2026-07-01 09:30:00+05:30,1779.6,1783.7,1774.0,1783.7,5699.0
2026-07-01 09:35:00+05:30,1783.7,1792.0,1781.0,1785.6,11537.0
2026-07-01 09:40:00+05:30,1785.7,1785.7,1775.1,1777.0,8441.0
2026-07-01 09:45:00+05:30,1775.3,1777.0,1770.1,1770.1,8352.0
2026-07-01 09:50:00+05:30,1771.0,1773.9,1770.4,1771.8,3913.0
2026-07-01 09:55:00+05:30,1771.1,1772.1,1765.6,1767.0,9460.0
2026-07-01 10:00:00+05:30,1767.0,1773.2,1763.7,1771.5,11136.0
2026-07-01 10:05:00+05:30,1772.4,1773.9,1767.6,1772.1,9627.0
2026-07-01 10:10:00+05:30,1772.1,1772.1,1761.0,1764.3,7354.0
2026-07-01 10:15:00+05:30,1764.1,1764.3,1761.0,1763.0,2266.0
2026-07-01 10:20:00+05:30,1762.4,1766.9,1762.3,1763.1,2705.0
2026-07-01 10:25:00+05:30,1764.0,1767.2,1762.1,1763.8,2522.0
2026-07-01 10:30:00+05:30,1763.8,1768.0,1763.0,1765.6,2109.0
2026-07-01 10:35:00+05:30,1765.0,1765.6,1762.1,1763.2,2001.0
2026-07-01 10:40:00+05:30,1763.2,1765.2,1762.0,1762.7,1808.0
2026-07-01 10:45:00+05:30,1763.0,1767.6,1762.3,1766.0,2344.0
2026-07-01 10:50:00+05:30,1767.9,1779.0,1767.9,1776.2,8006.0
2026-07-01 10:55:00+05:30,1776.1,1778.1,1773.0,1776.7,5545.0
2026-07-01 11:00:00+05:30,1775.6,1782.0,1775.6,1779.3,6060.0
2026-07-01 11:05:00+05:30,1778.1,1780.2,1774.6,1774.8,2116.0
2026-07-01 11:10:00+05:30,1775.0,1776.7,1773.1,1773.1,2091.0
2026-07-01 11:15:00+05:30,1776.9,1776.9,1770.6,1772.0,2896.0
2026-07-01 11:20:00+05:30,1772.0,1775.6,1770.2,1774.6,2007.0
2026-07-01 11:25:00+05:30,1775.3,1775.8,1773.0,1773.2,1366.0
2026-07-01 11:30:00+05:30,1772.6,1773.8,1769.0,1769.8,992.0
2026-07-01 11:35:00+05:30,1769.8,1773.9,1768.5,1770.5,1968.0
2026-07-01 11:40:00+05:30,1771.6,1773.5,1770.0,1772.5,1753.0
2026-07-01 11:45:00+05:30,1772.5,1774.9,1772.4,1773.7,1585.0
2026-07-01 11:50:00+05:30,1772.8,1778.0,1771.0,1777.9,5479.0
2026-07-01 11:55:00+05:30,1777.9,1779.5,1774.8,1777.1,2082.0
2026-07-01 12:00:00+05:30,1778.0,1780.0,1774.7,1778.4,4307.0
2026-07-01 12:05:00+05:30,1779.8,1779.8,1775.4,1776.4,672.0
2026-07-01 12:10:00+05:30,1776.4,1778.8,1774.6,1778.8,1478.0
2026-07-01 12:15:00+05:30,1779.9,1779.9,1774.9,1775.7,2504.0
2026-07-01 12:20:00+05:30,1774.4,1781.5,1774.4,1779.2,5879.0
2026-07-01 12:25:00+05:30,1778.0,1778.4,1775.4,1775.4,512.0
2026-07-01 12:30:00+05:30,1776.0,1779.3,1776.0,1778.0,1642.0
2026-07-01 12:35:00+05:30,1777.3,1777.9,1776.4,1776.4,530.0
2026-07-01 12:40:00+05:30,1776.8,1776.8,1773.8,1774.0,1263.0
2026-07-01 12:45:00+05:30,1773.9,1773.9,1773.0,1773.6,502.0
2026-07-01 12:50:00+05:30,1773.0,1774.4,1772.0,1774.4,814.0
2026-07-01 12:55:00+05:30,1774.3,1774.3,1772.6,1773.9,605.0
2026-07-01 13:00:00+05:30,1773.9,1774.4,1772.0,1772.4,3201.0
2026-07-01 13:05:00+05:30,1771.7,1772.8,1771.1,1771.6,947.0
2026-07-01 13:10:00+05:30,1772.3,1773.6,1771.6,1771.7,1083.0
2026-07-01 13:15:00+05:30,1772.9,1773.9,1772.0,1773.1,954.0
2026-07-01 13:20:00+05:30,1773.8,1773.8,1771.7,1772.1,597.0
2026-07-01 13:25:00+05:30,1772.9,1773.4,1767.9,1769.2,3126.0
2026-07-01 13:30:00+05:30,1770.4,1770.9,1766.1,1768.0,1475.0
2026-07-01 13:35:00+05:30,1768.9,1769.2,1767.5,1769.1,676.0
2026-07-01 13:40:00+05:30,1769.1,1771.8,1768.8,1771.8,1318.0
2026-07-01 13:45:00+05:30,1770.9,1773.5,1770.5,1770.6,878.0
2026-07-01 13:50:00+05:30,1771.3,1772.5,1770.6,1771.3,926.0
2026-07-01 13:55:00+05:30,1771.3,1771.6,1769.2,1769.2,765.0
2026-07-01 14:00:00+05:30,1767.9,1769.9,1767.9,1769.0,827.0
2026-07-01 14:05:00+05:30,1768.4,1771.7,1768.4,1771.6,1404.0
2026-07-01 14:10:00+05:30,1770.0,1771.3,1770.0,1770.9,892.0
2026-07-01 14:15:00+05:30,1770.0,1770.6,1768.5,1769.3,542.0
2026-07-01 14:20:00+05:30,1767.6,1771.0,1767.6,1770.9,3559.0
2026-07-01 14:25:00+05:30,1770.9,1771.6,1768.0,1768.0,1023.0
2026-07-01 14:30:00+05:30,1768.0,1768.8,1767.5,1767.5,1234.0
2026-07-01 14:35:00+05:30,1767.0,1770.2,1767.0,1767.0,1847.0
2026-07-01 14:40:00+05:30,1766.7,1769.9,1765.0,1769.4,5112.0
2026-07-01 14:45:00+05:30,1770.0,1770.0,1763.4,1764.5,2958.0
2026-07-01 14:50:00+05:30,1763.6,1769.3,1763.6,1768.4,2732.0
2026-07-01 14:55:00+05:30,1768.4,1768.6,1763.0,1763.6,2850.0
2026-07-01 15:00:00+05:30,1763.7,1765.7,1754.0,1765.7,9557.0
2026-07-01 15:05:00+05:30,1765.1,1767.7,1761.9,1762.5,6263.0
2026-07-01 15:10:00+05:30,1763.4,1766.0,1761.3,1764.8,6045.0
2026-07-01 15:15:00+05:30,1762.8,1767.0,1762.5,1766.0,7999.0
2026-07-01 15:20:00+05:30,1765.0,1766.4,1761.0,1763.9,12768.0
2026-07-01 15:25:00+05:30,1764.3,1766.7,1752.0,1760.8,15485.0
2026-07-02 09:15:00+05:30,1772.7,1815.0,1769.6,1813.8,83515.0
2026-07-02 09:20:00+05:30,1811.2,1814.0,1781.9,1787.7,33834.0
2026-07-02 09:25:00+05:30,1787.6,1792.5,1777.5,1788.0,21050.0
2026-07-02 09:30:00+05:30,1788.0,1789.9,1776.5,1780.5,8813.0
2026-07-02 09:35:00+05:30,1781.1,1788.0,1781.1,1785.0,8794.0
2026-07-02 09:40:00+05:30,1784.5,1786.5,1773.3,1775.3,21239.0
2026-07-02 09:45:00+05:30,1773.9,1779.5,1773.7,1777.2,11093.0
2026-07-02 09:50:00+05:30,1777.8,1779.8,1773.7,1779.0,6925.0
2026-07-02 09:55:00+05:30,1779.0,1788.2,1779.0,1781.4,15286.0
2026-07-02 10:00:00+05:30,1781.3,1789.0,1780.1,1788.0,7165.0
2026-07-02 10:05:00+05:30,1787.9,1789.8,1783.1,1788.2,9077.0
2026-07-02 10:10:00+05:30,1788.2,1789.5,1784.0,1785.7,3504.0
2026-07-02 10:15:00+05:30,1786.6,1789.3,1785.1,1786.7,4609.0
2026-07-02 10:20:00+05:30,1786.0,1787.2,1779.9,1785.3,5462.0
2026-07-02 10:25:00+05:30,1785.5,1787.7,1783.0,1785.0,2702.0
2026-07-02 10:30:00+05:30,1785.0,1788.9,1784.2,1788.9,3813.0
2026-07-02 10:35:00+05:30,1788.9,1792.0,1787.1,1792.0,5092.0
2026-07-02 10:40:00+05:30,1792.0,1792.0,1788.1,1790.0,3452.0
2026-07-02 10:45:00+05:30,1789.0,1791.9,1788.3,1789.8,3356.0
2026-07-02 10:50:00+05:30,1787.6,1788.6,1786.0,1788.0,2910.0
2026-07-02 10:55:00+05:30,1787.5,1794.4,1787.5,1793.9,6928.0
2026-07-02 11:00:00+05:30,1793.8,1793.9,1788.6,1792.7,10140.0
2026-07-02 11:05:00+05:30,1793.7,1796.0,1791.5,1795.7,5452.0
2026-07-02 11:10:00+05:30,1795.0,1795.0,1792.3,1793.9,3112.0
2026-07-02 11:15:00+05:30,1794.0,1796.0,1792.5,1795.6,3701.0
2026-07-02 11:20:00+05:30,1794.5,1795.7,1792.6,1795.0,3753.0
2026-07-02 11:25:00+05:30,1794.3,1796.6,1789.4,1793.9,10886.0
2026-07-02 11:30:00+05:30,1792.9,1796.0,1792.1,1795.7,4650.0
2026-07-02 11:35:00+05:30,1796.5,1801.5,1793.1,1801.5,10203.0
2026-07-02 11:40:00+05:30,1799.6,1803.4,1799.6,1803.2,7091.0
2026-07-02 11:45:00+05:30,1803.5,1804.0,1801.1,1802.0,3675.0
2026-07-02 11:50:00+05:30,1801.5,1803.0,1796.3,1799.5,3753.0
2026-07-02 11:55:00+05:30,1798.6,1800.0,1798.0,1798.0,2016.0
2026-07-02 12:00:00+05:30,1796.6,1802.9,1796.6,1802.5,8152.0
2026-07-02 12:05:00+05:30,1801.8,1803.7,1798.7,1800.8,4036.0
2026-07-02 12:10:00+05:30,1800.8,1803.6,1798.0,1798.7,4221.0
2026-07-02 12:15:00+05:30,1799.5,1803.0,1799.4,1803.0,2267.0
2026-07-02 12:20:00+05:30,1803.0,1803.6,1800.2,1803.1,4623.0
2026-07-02 12:25:00+05:30,1803.2,1803.9,1801.0,1803.5,2289.0
2026-07-02 12:30:00+05:30,1802.5,1805.8,1802.2,1802.2,6696.0
2026-07-02 12:35:00+05:30,1802.9,1804.6,1800.0,1801.0,2473.0
2026-07-02 12:40:00+05:30,1802.4,1803.8,1796.0,1796.9,4283.0
2026-07-02 12:45:00+05:30,1796.9,1798.5,1793.1,1794.2,3805.0
2026-07-02 12:50:00+05:30,1793.3,1794.9,1785.7,1788.8,8600.0
2026-07-02 12:55:00+05:30,1788.8,1790.0,1787.0,1787.0,2986.0
2026-07-02 13:00:00+05:30,1787.0,1790.4,1787.0,1787.7,1959.0
2026-07-02 13:05:00+05:30,1787.5,1790.9,1784.0,1786.1,9918.0
2026-07-02 13:10:00+05:30,1786.4,1787.7,1783.1,1785.7,4605.0
2026-07-02 13:15:00+05:30,1785.7,1785.7,1783.0,1783.0,3023.0
2026-07-02 13:20:00+05:30,1784.0,1786.1,1783.1,1783.7,4169.0
2026-07-02 13:25:00+05:30,1783.7,1785.0,1782.2,1785.0,1709.0
2026-07-02 13:30:00+05:30,1783.0,1785.0,1782.4,1785.0,2379.0
2026-07-02 13:35:00+05:30,1785.0,1786.7,1780.1,1785.1,7758.0
2026-07-02 13:40:00+05:30,1783.7,1785.1,1782.9,1784.5,3174.0
2026-07-02 13:45:00+05:30,1784.6,1785.0,1782.7,1782.9,1289.0
2026-07-02 13:50:00+05:30,1782.9,1787.4,1782.9,1784.6,1972.0
2026-07-02 13:55:00+05:30,1784.7,1785.6,1782.6,1784.7,1306.0
2026-07-02 14:00:00+05:30,1784.6,1786.1,1782.6,1785.0,9392.0
2026-07-02 14:05:00+05:30,1785.0,1785.9,1782.9,1785.0,1173.0
2026-07-02 14:10:00+05:30,1783.3,1785.1,1780.6,1783.3,2089.0
2026-07-02 14:15:00+05:30,1784.7,1784.7,1780.0,1780.2,2468.0
2026-07-02 14:20:00+05:30,1781.0,1783.3,1769.4,1771.9,11087.0
2026-07-02 14:25:00+05:30,1771.5,1771.5,1762.2,1764.7,13471.0
2026-07-02 14:30:00+05:30,1764.8,1766.7,1762.2,1765.7,8622.0
2026-07-02 14:35:00+05:30,1766.0,1770.0,1765.0,1766.6,8231.0
2026-07-02 14:40:00+05:30,1765.5,1766.9,1764.0,1765.5,4551.0
2026-07-02 14:45:00+05:30,1766.0,1768.0,1760.2,1765.5,8748.0
2026-07-02 14:50:00+05:30,1765.5,1766.0,1761.7,1766.0,7942.0
2026-07-02 14:55:00+05:30,1766.0,1766.1,1764.2,1766.0,3763.0
2026-07-02 15:00:00+05:30,1766.5,1775.0,1765.9,1772.3,15131.0
2026-07-02 15:05:00+05:30,1773.4,1776.0,1772.1,1775.0,7168.0
2026-07-02 15:10:00+05:30,1775.3,1777.5,1774.1,1776.5,12096.0
2026-07-02 15:15:00+05:30,1776.5,1776.8,1772.4,1773.5,10657.0
2026-07-02 15:20:00+05:30,1772.8,1775.0,1771.5,1773.5,10426.0
2026-07-02 15:25:00+05:30,1773.4,1774.0,1767.0,1767.1,15362.0
2026-07-03 09:15:00+05:30,1784.0,1793.6,1776.3,1779.4,40924.0
2026-07-03 09:20:00+05:30,1779.3,1781.7,1768.2,1771.2,20017.0
2026-07-03 09:25:00+05:30,1771.0,1772.6,1761.0,1765.8,15843.0
2026-07-03 09:30:00+05:30,1765.6,1768.2,1762.0,1765.1,10536.0
2026-07-03 09:35:00+05:30,1764.1,1771.0,1763.0,1763.9,7233.0
2026-07-03 09:40:00+05:30,1763.9,1767.3,1761.4,1765.7,5128.0
2026-07-03 09:45:00+05:30,1765.7,1767.3,1761.0,1763.1,7087.0
2026-07-03 09:50:00+05:30,1763.1,1779.6,1762.3,1777.7,8812.0
2026-07-03 09:55:00+05:30,1777.3,1794.6,1777.3,1793.0,24427.0
2026-07-03 10:00:00+05:30,1793.7,1797.0,1788.1,1795.3,16826.0
2026-07-03 10:05:00+05:30,1797.0,1806.6,1796.0,1800.4,18830.0
2026-07-03 10:10:00+05:30,1800.5,1803.2,1790.0,1800.8,17338.0
2026-07-03 10:15:00+05:30,1801.7,1804.4,1792.2,1793.5,8856.0
2026-07-03 10:20:00+05:30,1792.2,1793.5,1780.5,1780.5,11100.0
2026-07-03 10:25:00+05:30,1780.0,1786.0,1778.2,1783.6,7207.0
2026-07-03 10:30:00+05:30,1784.5,1790.3,1783.5,1789.0,2333.0
2026-07-03 10:35:00+05:30,1789.0,1793.1,1788.8,1791.3,5706.0
2026-07-03 10:40:00+05:30,1792.6,1796.0,1791.6,1794.1,1685.0
2026-07-03 10:45:00+05:30,1794.3,1795.0,1792.0,1795.0,1935.0
2026-07-03 10:50:00+05:30,1793.6,1795.0,1791.0,1795.0,1967.0
2026-07-03 10:55:00+05:30,1793.5,1795.0,1780.7,1780.7,5791.0
2026-07-03 11:00:00+05:30,1781.7,1784.7,1776.0,1778.0,4246.0
2026-07-03 11:05:00+05:30,1778.0,1780.2,1775.1,1777.3,3315.0
2026-07-03 11:10:00+05:30,1777.0,1777.1,1771.8,1773.9,4848.0
2026-07-03 11:15:00+05:30,1773.0,1777.5,1773.0,1775.2,4102.0
2026-07-03 11:20:00+05:30,1775.0,1776.0,1766.6,1768.7,10640.0
2026-07-03 11:25:00+05:30,1768.7,1770.1,1763.1,1763.1,5195.0
2026-07-03 11:30:00+05:30,1763.2,1766.3,1763.0,1764.0,5747.0
2026-07-03 11:35:00+05:30,1764.0,1765.0,1761.5,1762.1,5485.0
2026-07-03 11:40:00+05:30,1762.3,1764.1,1761.1,1763.2,3783.0
2026-07-03 11:45:00+05:30,1762.2,1763.1,1757.3,1758.5,9920.0
2026-07-03 11:50:00+05:30,1758.5,1763.0,1758.0,1760.8,3132.0
2026-07-03 11:55:00+05:30,1760.9,1763.1,1760.6,1761.9,2337.0
2026-07-03 12:00:00+05:30,1761.0,1766.8,1761.0,1766.8,4095.0
2026-07-03 12:05:00+05:30,1766.0,1767.7,1765.0,1765.1,2961.0
2026-07-03 12:10:00+05:30,1765.1,1768.0,1762.0,1762.0,5098.0
2026-07-03 12:15:00+05:30,1762.0,1765.4,1761.0,1764.0,2132.0
2026-07-03 12:20:00+05:30,1764.0,1766.4,1763.0,1766.3,3001.0
2026-07-03 12:25:00+05:30,1764.4,1766.2,1764.0,1764.0,1633.0
2026-07-03 12:30:00+05:30,1764.1,1766.0,1763.2,1763.2,1443.0
2026-07-03 12:35:00+05:30,1763.2,1764.6,1758.0,1759.0,3828.0
2026-07-03 12:40:00+05:30,1759.0,1759.0,1753.0,1755.0,7084.0
2026-07-03 12:45:00+05:30,1754.2,1758.0,1754.2,1755.5,2642.0
2026-07-03 12:50:00+05:30,1756.8,1758.0,1755.1,1756.5,2280.0
2026-07-03 12:55:00+05:30,1756.5,1757.7,1754.8,1757.0,1117.0
2026-07-03 13:00:00+05:30,1756.0,1756.9,1753.0,1755.0,2873.0
2026-07-03 13:05:00+05:30,1754.3,1755.9,1753.3,1753.5,1619.0
2026-07-03 13:10:00+05:30,1754.4,1757.5,1753.6,1757.5,1187.0
2026-07-03 13:15:00+05:30,1757.4,1757.6,1754.2,1756.0,4059.0
2026-07-03 13:20:00+05:30,1756.4,1757.3,1755.1,1756.9,1184.0
2026-07-03 13:25:00+05:30,1756.4,1756.6,1754.0,1756.6,1078.0
2026-07-03 13:30:00+05:30,1756.6,1756.6,1746.3,1746.3,7735.0
2026-07-03 13:35:00+05:30,1746.4,1747.4,1741.9,1743.0,8115.0
2026-07-03 13:40:00+05:30,1744.0,1746.8,1741.5,1741.5,4943.0
2026-07-03 13:45:00+05:30,1743.2,1746.7,1741.5,1743.0,8682.0
2026-07-03 13:50:00+05:30,1744.0,1745.3,1742.0,1742.1,4912.0
2026-07-03 13:55:00+05:30,1742.1,1743.8,1740.1,1741.0,3735.0
2026-07-03 14:00:00+05:30,1741.0,1754.5,1741.0,1752.0,3882.0
2026-07-03 14:05:00+05:30,1750.8,1752.2,1750.3,1751.1,1077.0
2026-07-03 14:10:00+05:30,1751.1,1754.4,1750.7,1752.9,569.0
2026-07-03 14:15:00+05:30,1753.1,1755.0,1752.5,1753.8,861.0
2026-07-03 14:20:00+05:30,1752.4,1757.7,1752.4,1757.7,3905.0
2026-07-03 14:25:00+05:30,1757.0,1757.0,1753.1,1753.3,3009.0
2026-07-03 14:30:00+05:30,1753.3,1756.0,1753.2,1755.8,1415.0
2026-07-03 14:35:00+05:30,1754.8,1756.0,1753.6,1753.6,1345.0
2026-07-03 14:40:00+05:30,1754.9,1757.5,1753.5,1756.0,2482.0
2026-07-03 14:45:00+05:30,1758.0,1758.8,1755.8,1756.5,4806.0
2026-07-03 14:50:00+05:30,1756.0,1757.0,1751.4,1752.4,4167.0
2026-07-03 14:55:00+05:30,1751.0,1753.3,1751.0,1752.2,1988.0
2026-07-03 15:00:00+05:30,1752.3,1755.0,1751.0,1753.9,3438.0
2026-07-03 15:05:00+05:30,1753.9,1759.5,1753.9,1757.2,8772.0
2026-07-03 15:10:00+05:30,1757.3,1757.3,1744.5,1748.1,14521.0
2026-07-03 15:15:00+05:30,1748.1,1749.3,1741.0,1746.1,19074.0
2026-07-03 15:20:00+05:30,1746.5,1748.0,1741.9,1745.4,9731.0
2026-07-03 15:25:00+05:30,1745.3,1746.0,1741.0,1744.0,14763.0
2026-07-06 09:15:00+05:30,1758.3,1804.8,1758.3,1799.6,64075.0
2026-07-06 09:20:00+05:30,1798.7,1820.3,1798.7,1812.1,99196.0
2026-07-06 09:25:00+05:30,1810.8,1827.0,1810.0,1826.0,83828.0
2026-07-06 09:30:00+05:30,1825.1,1849.0,1818.1,1846.1,116401.0
2026-07-06 09:35:00+05:30,1846.0,1847.3,1835.4,1835.5,112881.0
2026-07-06 09:40:00+05:30,1837.8,1859.0,1837.8,1854.3,150613.0
2026-07-06 09:45:00+05:30,1855.4,1855.9,1838.0,1851.0,87934.0
2026-07-06 09:50:00+05:30,1850.3,1852.0,1836.0,1848.1,69747.0
2026-07-06 09:55:00+05:30,1849.3,1851.8,1838.9,1843.7,47393.0
2026-07-06 10:00:00+05:30,1842.9,1844.0,1836.0,1839.6,32674.0
2026-07-06 10:05:00+05:30,1839.6,1848.9,1832.8,1841.6,53754.0
2026-07-06 10:10:00+05:30,1841.6,1847.0,1828.8,1833.5,54454.0
2026-07-06 10:15:00+05:30,1834.2,1845.5,1832.8,1843.2,30828.0
2026-07-06 10:20:00+05:30,1841.5,1850.5,1839.7,1842.2,44279.0
2026-07-06 10:25:00+05:30,1843.1,1854.6,1840.1,1853.0,39066.0
2026-07-06 10:30:00+05:30,1853.0,1858.0,1836.0,1839.0,79109.0
2026-07-06 10:35:00+05:30,1839.1,1840.0,1833.5,1836.6,28443.0
2026-07-06 10:40:00+05:30,1836.0,1838.5,1829.1,1835.5,50255.0
2026-07-06 10:45:00+05:30,1835.5,1837.0,1833.4,1836.5,8085.0
2026-07-06 10:50:00+05:30,1837.0,1841.5,1836.0,1836.5,25761.0
2026-07-06 10:55:00+05:30,1837.4,1838.0,1822.6,1826.0,41801.0
2026-07-06 11:00:00+05:30,1825.3,1836.9,1823.6,1834.5,26446.0
2026-07-06 11:05:00+05:30,1834.2,1840.9,1831.0,1834.3,43048.0
2026-07-06 11:10:00+05:30,1835.0,1838.0,1833.1,1833.8,14224.0
2026-07-06 11:15:00+05:30,1835.3,1835.3,1827.6,1831.5,13583.0
2026-07-06 11:20:00+05:30,1832.7,1833.8,1830.7,1832.0,4231.0
2026-07-06 11:25:00+05:30,1831.7,1832.6,1828.6,1830.8,12429.0
2026-07-06 11:30:00+05:30,1831.0,1839.6,1830.6,1833.8,20875.0
2026-07-06 11:35:00+05:30,1833.8,1838.0,1831.6,1835.7,9855.0
2026-07-06 11:40:00+05:30,1835.1,1837.6,1833.1,1835.0,8899.0
2026-07-06 11:45:00+05:30,1835.0,1837.1,1833.5,1835.8,6301.0
2026-07-06 11:50:00+05:30,1836.3,1872.2,1834.0,1858.5,168787.0
2026-07-06 11:55:00+05:30,1860.4,1863.0,1838.1,1839.1,76819.0
2026-07-06 12:00:00+05:30,1839.0,1841.0,1830.2,1835.0,36351.0
2026-07-06 12:05:00+05:30,1833.6,1835.0,1829.1,1832.0,25640.0
2026-07-06 12:10:00+05:30,1832.0,1832.7,1826.9,1829.5,19277.0
2026-07-06 12:15:00+05:30,1829.5,1829.9,1826.7,1827.6,10005.0
2026-07-06 12:20:00+05:30,1828.4,1828.9,1826.0,1827.9,14322.0
2026-07-06 12:25:00+05:30,1827.9,1829.0,1824.1,1825.6,13260.0
2026-07-06 12:30:00+05:30,1825.4,1832.8,1825.0,1830.8,16088.0
2026-07-06 12:35:00+05:30,1832.0,1832.5,1828.5,1832.4,4187.0
2026-07-06 12:40:00+05:30,1832.4,1834.0,1828.1,1828.7,14216.0
2026-07-06 12:45:00+05:30,1828.9,1831.9,1828.6,1830.6,4269.0
2026-07-06 12:50:00+05:30,1829.5,1830.0,1825.9,1828.0,4574.0
2026-07-06 12:55:00+05:30,1827.5,1830.2,1826.5,1827.4,5148.0
2026-07-06 13:00:00+05:30,1827.4,1828.8,1825.0,1828.8,5955.0
2026-07-06 13:05:00+05:30,1827.5,1829.0,1826.0,1826.8,2387.0
2026-07-06 13:10:00+05:30,1826.0,1828.0,1825.0,1827.7,2867.0
2026-07-06 13:15:00+05:30,1826.5,1829.9,1826.3,1828.0,3960.0
2026-07-06 13:20:00+05:30,1827.9,1828.6,1825.2,1827.0,2499.0
2026-07-06 13:25:00+05:30,1827.0,1828.6,1825.9,1826.7,1976.0
2026-07-06 13:30:00+05:30,1826.7,1826.7,1820.1,1821.0,16600.0
2026-07-06 13:35:00+05:30,1821.8,1821.8,1816.4,1818.5,25341.0
2026-07-06 13:40:00+05:30,1819.0,1819.6,1817.1,1819.0,6631.0
2026-07-06 13:45:00+05:30,1818.5,1819.5,1815.9,1816.6,7711.0
2026-07-06 13:50:00+05:30,1816.7,1818.4,1814.1,1816.6,9069.0
2026-07-06 13:55:00+05:30,1816.6,1820.4,1815.2,1820.2,10085.0
2026-07-06 14:00:00+05:30,1820.4,1827.0,1819.2,1822.6,9960.0
2026-07-06 14:05:00+05:30,1823.4,1823.9,1818.9,1822.1,3174.0
2026-07-06 14:10:00+05:30,1822.1,1824.0,1820.2,1821.2,3968.0
2026-07-06 14:15:00+05:30,1822.0,1824.0,1820.1,1822.3,3066.0
2026-07-06 14:20:00+05:30,1821.6,1824.4,1821.6,1823.0,4651.0
2026-07-06 14:25:00+05:30,1823.9,1827.9,1822.5,1827.3,8253.0
2026-07-06 14:30:00+05:30,1827.3,1843.0,1826.3,1840.8,43359.0
2026-07-06 14:35:00+05:30,1840.6,1848.9,1839.0,1839.0,53259.0
2026-07-06 14:40:00+05:30,1839.3,1854.8,1839.3,1844.7,57875.0
2026-07-06 14:45:00+05:30,1844.9,1844.9,1839.1,1842.0,14588.0
2026-07-06 14:50:00+05:30,1841.6,1841.8,1837.2,1840.1,10705.0
2026-07-06 14:55:00+05:30,1841.1,1842.1,1839.0,1841.5,9786.0
2026-07-06 15:00:00+05:30,1841.5,1846.0,1840.4,1844.9,13578.0
2026-07-06 15:05:00+05:30,1844.6,1849.5,1844.4,1848.8,25505.0
2026-07-06 15:10:00+05:30,1844.6,1849.5,1844.6,1846.8,24646.0
2026-07-06 15:15:00+05:30,1847.0,1856.0,1846.5,1854.3,58683.0
2026-07-06 15:20:00+05:30,1854.3,1856.8,1848.9,1856.8,51807.0
2026-07-06 15:25:00+05:30,1855.4,1863.0,1855.0,1863.0,51029.0
2026-07-07 09:15:00+05:30,1874.7,1898.0,1873.1,1889.0,174829.0
2026-07-07 09:20:00+05:30,1889.3,1889.3,1862.0,1863.1,83309.0
2026-07-07 09:25:00+05:30,1862.1,1871.5,1861.0,1861.8,47971.0
2026-07-07 09:30:00+05:30,1861.5,1885.0,1861.5,1879.6,54689.0
2026-07-07 09:35:00+05:30,1878.4,1885.8,1875.6,1881.8,37458.0
2026-07-07 09:40:00+05:30,1882.1,1882.1,1870.0,1872.0,25616.0
2026-07-07 09:45:00+05:30,1871.8,1872.0,1852.8,1854.1,43134.0
2026-07-07 09:50:00+05:30,1853.7,1856.9,1849.8,1849.9,19841.0
2026-07-07 09:55:00+05:30,1848.4,1861.9,1848.3,1857.9,21324.0
2026-07-07 10:00:00+05:30,1858.0,1867.4,1856.4,1859.0,15642.0
2026-07-07 10:05:00+05:30,1858.5,1863.9,1855.6,1862.0,6967.0
2026-07-07 10:10:00+05:30,1861.5,1862.4,1855.3,1855.7,7354.0
2026-07-07 10:15:00+05:30,1855.0,1857.9,1853.1,1857.4,6134.0
2026-07-07 10:20:00+05:30,1856.9,1857.4,1852.4,1855.1,6243.0
2026-07-07 10:25:00+05:30,1855.1,1855.1,1850.1,1850.1,8286.0
2026-07-07 10:30:00+05:30,1851.8,1854.8,1850.0,1854.0,4718.0
2026-07-07 10:35:00+05:30,1854.3,1862.9,1852.1,1855.5,14908.0
2026-07-07 10:40:00+05:30,1856.6,1856.6,1852.3,1853.4,4226.0
2026-07-07 10:45:00+05:30,1852.1,1854.9,1851.3,1854.8,4011.0
2026-07-07 10:50:00+05:30,1853.7,1854.7,1841.9,1846.8,22452.0
2026-07-07 10:55:00+05:30,1846.0,1846.5,1837.6,1841.3,19963.0
2026-07-07 11:00:00+05:30,1841.3,1844.9,1840.0,1842.2,4492.0
2026-07-07 11:05:00+05:30,1842.0,1844.8,1832.0,1839.0,11368.0
2026-07-07 11:10:00+05:30,1839.0,1853.0,1837.1,1851.3,7033.0
2026-07-07 11:15:00+05:30,1851.9,1857.9,1850.0,1857.9,6481.0
2026-07-07 11:20:00+05:30,1857.3,1861.7,1855.0,1861.4,11195.0
2026-07-07 11:25:00+05:30,1861.4,1861.4,1851.3,1855.1,9236.0
2026-07-07 11:30:00+05:30,1855.1,1857.5,1854.2,1856.0,5196.0
2026-07-07 11:35:00+05:30,1855.9,1856.7,1852.6,1854.0,2114.0
2026-07-07 11:40:00+05:30,1853.8,1879.5,1852.3,1863.9,62713.0
2026-07-07 11:45:00+05:30,1864.1,1865.0,1862.5,1863.7,7601.0
2026-07-07 11:50:00+05:30,1863.7,1865.0,1862.0,1865.0,3507.0
2026-07-07 11:55:00+05:30,1864.9,1865.0,1863.1,1863.1,1881.0
2026-07-07 12:00:00+05:30,1859.0,1863.4,1859.0,1860.5,6036.0
2026-07-07 12:05:00+05:30,1861.0,1862.0,1858.2,1858.9,1463.0
2026-07-07 12:10:00+05:30,1859.9,1861.9,1854.1,1854.1,6093.0
2026-07-07 12:15:00+05:30,1854.1,1858.0,1854.1,1857.3,1645.0
2026-07-07 12:20:00+05:30,1857.0,1857.8,1855.2,1856.7,1461.0
2026-07-07 12:25:00+05:30,1857.5,1858.0,1855.9,1857.7,1450.0
2026-07-07 12:30:00+05:30,1857.5,1857.6,1855.1,1856.6,1458.0
2026-07-07 12:35:00+05:30,1855.0,1856.0,1854.0,1855.0,1493.0
2026-07-07 12:40:00+05:30,1855.6,1862.4,1853.2,1861.3,6183.0
2026-07-07 12:45:00+05:30,1859.9,1862.5,1855.3,1857.0,3396.0
2026-07-07 12:50:00+05:30,1857.0,1857.0,1854.0,1854.3,6868.0
2026-07-07 12:55:00+05:30,1854.3,1855.7,1853.0,1854.4,3408.0
2026-07-07 13:00:00+05:30,1854.0,1854.0,1850.0,1850.3,5079.0
2026-07-07 13:05:00+05:30,1851.7,1852.0,1847.8,1848.1,5056.0
2026-07-07 13:10:00+05:30,1848.1,1849.2,1845.4,1846.8,5713.0
2026-07-07 13:15:00+05:30,1848.0,1849.2,1845.1,1848.0,5723.0
2026-07-07 13:20:00+05:30,1847.1,1852.8,1846.9,1850.2,2148.0
2026-07-07 13:25:00+05:30,1850.2,1854.2,1850.0,1852.6,2104.0
2026-07-07 13:30:00+05:30,1852.2,1852.7,1851.2,1852.6,949.0
2026-07-07 13:35:00+05:30,1852.5,1853.4,1851.6,1851.7,910.0
2026-07-07 13:40:00+05:30,1851.7,1852.9,1849.6,1851.7,3443.0
2026-07-07 13:45:00+05:30,1851.7,1852.0,1848.3,1850.3,4657.0
2026-07-07 13:50:00+05:30,1850.3,1850.9,1848.8,1850.4,1205.0
2026-07-07 13:55:00+05:30,1849.0,1851.0,1849.0,1850.9,2014.0
2026-07-07 14:00:00+05:30,1850.9,1853.7,1850.0,1853.5,2124.0
2026-07-07 14:05:00+05:30,1853.4,1853.7,1852.5,1853.7,1106.0
2026-07-07 14:10:00+05:30,1853.7,1858.0,1852.0,1852.7,7340.0
2026-07-07 14:15:00+05:30,1854.2,1854.7,1851.3,1852.3,3389.0
2026-07-07 14:20:00+05:30,1852.9,1853.1,1850.4,1852.0,5300.0
2026-07-07 14:25:00+05:30,1851.9,1854.0,1851.8,1853.0,1293.0
2026-07-07 14:30:00+05:30,1853.1,1853.4,1851.0,1853.1,1337.0
2026-07-07 14:35:00+05:30,1853.6,1854.5,1850.3,1850.4,3766.0
2026-07-07 14:40:00+05:30,1850.3,1851.9,1848.6,1851.1,3719.0
2026-07-07 14:45:00+05:30,1852.6,1856.0,1851.4,1854.9,3686.0
2026-07-07 14:50:00+05:30,1854.9,1864.9,1854.9,1862.3,13577.0
2026-07-07 14:55:00+05:30,1863.0,1868.0,1862.0,1866.0,21230.0
2026-07-07 15:00:00+05:30,1867.0,1867.0,1860.0,1864.0,8545.0
2026-07-07 15:05:00+05:30,1864.0,1865.0,1859.2,1862.0,10055.0
2026-07-07 15:10:00+05:30,1862.3,1865.0,1860.8,1861.8,9014.0
2026-07-07 15:15:00+05:30,1862.2,1868.0,1861.2,1866.7,31483.0
2026-07-07 15:20:00+05:30,1867.0,1867.0,1858.5,1861.7,24420.0
2026-07-07 15:25:00+05:30,1862.0,1870.0,1856.6,1861.0,36187.0
2026-07-08 09:15:00+05:30,1849.0,1899.0,1840.0,1897.0,100906.0
2026-07-08 09:20:00+05:30,1897.0,1904.0,1884.0,1886.4,61684.0
2026-07-08 09:25:00+05:30,1887.2,1899.8,1884.0,1894.9,40470.0
2026-07-08 09:30:00+05:30,1894.8,1894.8,1887.0,1893.2,25238.0
2026-07-08 09:35:00+05:30,1893.8,1895.7,1890.6,1890.7,15852.0
2026-07-08 09:40:00+05:30,1892.1,1893.9,1876.2,1883.0,27124.0
2026-07-08 09:45:00+05:30,1883.0,1884.5,1877.8,1879.7,15348.0
2026-07-08 09:50:00+05:30,1879.1,1882.0,1876.0,1880.5,12135.0
2026-07-08 09:55:00+05:30,1881.0,1884.5,1876.6,1880.8,12192.0
2026-07-08 10:00:00+05:30,1881.9,1883.9,1876.0,1879.3,10495.0
2026-07-08 10:05:00+05:30,1879.3,1879.6,1876.0,1877.1,5405.0
2026-07-08 10:10:00+05:30,1877.1,1879.6,1872.8,1878.6,10334.0
2026-07-08 10:15:00+05:30,1878.5,1881.7,1877.0,1879.1,8145.0
2026-07-08 10:20:00+05:30,1879.3,1884.0,1878.0,1884.0,6794.0
2026-07-08 10:25:00+05:30,1883.6,1886.8,1883.3,1883.8,6372.0
2026-07-08 10:30:00+05:30,1883.7,1883.7,1877.1,1878.0,8103.0
2026-07-08 10:35:00+05:30,1877.9,1881.9,1874.7,1881.9,7322.0
2026-07-08 10:40:00+05:30,1881.0,1885.0,1880.4,1882.5,4677.0
2026-07-08 10:45:00+05:30,1882.3,1885.9,1880.4,1884.4,4610.0
2026-07-08 10:50:00+05:30,1884.5,1893.2,1883.8,1891.2,8982.0
2026-07-08 10:55:00+05:30,1891.2,1893.3,1888.3,1889.0,8449.0
2026-07-08 11:00:00+05:30,1889.0,1892.8,1889.0,1890.7,6189.0
2026-07-08 11:05:00+05:30,1890.7,1892.0,1889.7,1891.2,5475.0
2026-07-08 11:10:00+05:30,1892.0,1892.5,1890.0,1890.4,7387.0
2026-07-08 11:15:00+05:30,1890.4,1891.3,1888.2,1888.5,3171.0
2026-07-08 11:20:00+05:30,1888.3,1891.0,1886.1,1890.6,5471.0
2026-07-08 11:25:00+05:30,1890.0,1894.9,1889.7,1893.0,8077.0
2026-07-08 11:30:00+05:30,1892.0,1894.0,1888.6,1891.4,2820.0
2026-07-08 11:35:00+05:30,1891.5,1893.8,1889.8,1891.8,3910.0
2026-07-08 11:40:00+05:30,1891.8,1893.0,1888.0,1888.0,3829.0
2026-07-08 11:45:00+05:30,1889.5,1892.5,1889.5,1892.0,2301.0
2026-07-08 11:50:00+05:30,1892.0,1900.0,1889.2,1897.2,37913.0
2026-07-08 11:55:00+05:30,1897.2,1897.2,1893.0,1894.0,4166.0
2026-07-08 12:00:00+05:30,1894.0,1894.0,1890.5,1891.1,4971.0
2026-07-08 12:05:00+05:30,1891.1,1893.2,1889.7,1893.2,3823.0
2026-07-08 12:10:00+05:30,1892.8,1893.1,1887.0,1888.2,6226.0
2026-07-08 12:15:00+05:30,1888.3,1889.8,1885.5,1888.1,4282.0
2026-07-08 12:20:00+05:30,1888.1,1889.3,1887.5,1889.0,2044.0
2026-07-08 12:25:00+05:30,1888.6,1889.7,1885.1,1889.1,4459.0
2026-07-08 12:30:00+05:30,1889.2,1889.2,1884.5,1885.8,4498.0
2026-07-08 12:35:00+05:30,1886.2,1888.0,1886.2,1887.4,1625.0
2026-07-08 12:40:00+05:30,1887.0,1889.0,1886.5,1888.6,2566.0
2026-07-08 12:45:00+05:30,1888.8,1889.8,1887.9,1888.0,1854.0
2026-07-08 12:50:00+05:30,1887.8,1888.0,1883.4,1884.7,4163.0
2026-07-08 12:55:00+05:30,1885.0,1887.0,1884.2,1885.8,2235.0
2026-07-08 13:00:00+05:30,1885.7,1887.5,1885.2,1885.5,1280.0
2026-07-08 13:05:00+05:30,1886.0,1886.1,1883.4,1884.1,2374.0
2026-07-08 13:10:00+05:30,1884.7,1884.7,1882.1,1882.8,2451.0
2026-07-08 13:15:00+05:30,1884.4,1885.5,1883.1,1884.3,1720.0
2026-07-08 13:20:00+05:30,1884.1,1885.2,1883.0,1884.6,3345.0
2026-07-08 13:25:00+05:30,1884.6,1885.5,1883.8,1885.5,1069.0
2026-07-08 13:30:00+05:30,1885.0,1887.0,1884.6,1885.1,1865.0
2026-07-08 13:35:00+05:30,1885.9,1886.8,1883.1,1884.8,7265.0
2026-07-08 13:40:00+05:30,1884.3,1886.0,1884.0,1884.9,1631.0
2026-07-08 13:45:00+05:30,1884.9,1892.0,1884.1,1885.3,8534.0
2026-07-08 13:50:00+05:30,1883.0,1884.1,1870.3,1872.1,21853.0
2026-07-08 13:55:00+05:30,1873.0,1874.3,1864.0,1864.0,19682.0
2026-07-08 14:00:00+05:30,1864.4,1866.1,1855.1,1857.6,29292.0
2026-07-08 14:05:00+05:30,1857.2,1857.2,1845.1,1845.5,21089.0
2026-07-08 14:10:00+05:30,1847.0,1847.0,1831.1,1838.7,47721.0
2026-07-08 14:15:00+05:30,1839.0,1851.8,1835.6,1842.8,20608.0
2026-07-08 14:20:00+05:30,1842.7,1849.3,1839.1,1845.5,15851.0
2026-07-08 14:25:00+05:30,1845.5,1849.0,1839.6,1840.0,13549.0
2026-07-08 14:30:00+05:30,1841.9,1847.9,1837.5,1839.9,20602.0
2026-07-08 14:35:00+05:30,1838.8,1841.0,1831.0,1834.5,13647.0
2026-07-08 14:40:00+05:30,1833.5,1838.4,1831.4,1835.9,9675.0
2026-07-08 14:45:00+05:30,1836.5,1837.6,1825.2,1831.9,18376.0
2026-07-08 14:50:00+05:30,1832.6,1836.2,1824.4,1827.7,51238.0
2026-07-08 14:55:00+05:30,1827.0,1829.7,1820.7,1824.1,16697.0
2026-07-08 15:00:00+05:30,1824.3,1831.7,1821.5,1822.6,14682.0
2026-07-08 15:05:00+05:30,1823.2,1824.0,1814.6,1817.1,18359.0
2026-07-08 15:10:00+05:30,1817.1,1818.2,1803.9,1817.0,25835.0
2026-07-08 15:15:00+05:30,1816.0,1823.6,1813.6,1820.1,35024.0
2026-07-08 15:20:00+05:30,1819.1,1824.8,1818.0,1823.0,18825.0
2026-07-08 15:25:00+05:30,1824.4,1825.0,1800.1,1804.0,30702.0
2026-07-09 09:15:00+05:30,1819.2,1824.9,1801.6,1824.8,34330.0
2026-07-09 09:20:00+05:30,1824.8,1834.0,1822.0,1830.1,32570.0
2026-07-09 09:25:00+05:30,1829.0,1831.5,1820.1,1822.0,8934.0
2026-07-09 09:30:00+05:30,1823.0,1825.0,1815.0,1819.7,10281.0
2026-07-09 09:35:00+05:30,1818.5,1829.2,1817.1,1824.6,8382.0
2026-07-09 09:40:00+05:30,1825.0,1830.8,1824.0,1827.1,9691.0
2026-07-09 09:45:00+05:30,1826.0,1833.9,1824.0,1830.1,10943.0
2026-07-09 09:50:00+05:30,1832.2,1832.4,1826.0,1826.0,3564.0
2026-07-09 09:55:00+05:30,1828.5,1828.5,1823.2,1827.3,4666.0
2026-07-09 10:00:00+05:30,1827.4,1831.6,1825.1,1828.9,7797.0
2026-07-09 10:05:00+05:30,1827.0,1831.4,1827.0,1830.0,3614.0
2026-07-09 10:10:00+05:30,1829.1,1838.9,1829.0,1833.6,12611.0
2026-07-09 10:15:00+05:30,1832.1,1832.8,1827.8,1829.8,2973.0
2026-07-09 10:20:00+05:30,1830.3,1833.0,1829.0,1831.5,3550.0
2026-07-09 10:25:00+05:30,1832.0,1832.5,1819.4,1824.0,14077.0
2026-07-09 10:30:00+05:30,1824.0,1824.0,1820.4,1822.0,3967.0
2026-07-09 10:35:00+05:30,1822.0,1822.0,1811.7,1813.6,8524.0
2026-07-09 10:40:00+05:30,1813.6,1816.5,1812.5,1813.8,5543.0
2026-07-09 10:45:00+05:30,1814.1,1814.8,1809.0,1809.7,10830.0
2026-07-09 10:50:00+05:30,1809.0,1813.0,1809.0,1812.1,4203.0
2026-07-09 10:55:00+05:30,1812.0,1813.0,1804.1,1806.0,9903.0
2026-07-09 11:00:00+05:30,1805.4,1808.1,1804.1,1807.2,6966.0
2026-07-09 11:05:00+05:30,1805.8,1807.4,1800.3,1803.8,7873.0
2026-07-09 11:10:00+05:30,1803.6,1806.5,1801.1,1802.2,3866.0
2026-07-09 11:15:00+05:30,1802.2,1803.3,1800.6,1803.3,2959.0
2026-07-09 11:20:00+05:30,1802.8,1803.0,1785.0,1790.1,33677.0
2026-07-09 11:25:00+05:30,1790.7,1801.4,1788.0,1801.0,15490.0
2026-07-09 11:30:00+05:30,1801.0,1806.9,1801.0,1804.6,8242.0
2026-07-09 11:35:00+05:30,1804.3,1808.8,1803.8,1807.5,4879.0
2026-07-09 11:40:00+05:30,1806.6,1807.5,1802.2,1803.1,2577.0
2026-07-09 11:45:00+05:30,1803.0,1805.8,1801.1,1804.4,1837.0
2026-07-09 11:50:00+05:30,1804.5,1805.8,1801.9,1803.0,1117.0
2026-07-09 11:55:00+05:30,1802.7,1806.6,1802.7,1805.1,2218.0
2026-07-09 12:00:00+05:30,1805.7,1809.6,1805.0,1809.1,4039.0
2026-07-09 12:05:00+05:30,1808.2,1809.9,1807.1,1807.2,1074.0
2026-07-09 12:10:00+05:30,1807.1,1814.9,1807.0,1814.9,12622.0
2026-07-09 12:15:00+05:30,1812.7,1814.0,1810.3,1810.3,2051.0
2026-07-09 12:20:00+05:30,1810.3,1812.0,1807.1,1809.1,3184.0
2026-07-09 12:25:00+05:30,1810.2,1810.5,1808.6,1810.5,716.0
2026-07-09 12:30:00+05:30,1809.4,1812.0,1808.9,1809.0,3351.0
2026-07-09 12:35:00+05:30,1809.5,1811.4,1808.0,1808.0,2636.0
2026-07-09 12:40:00+05:30,1808.0,1820.9,1808.0,1820.1,17485.0
2026-07-09 12:45:00+05:30,1820.1,1829.1,1812.9,1812.9,41840.0
2026-07-09 12:50:00+05:30,1813.0,1823.3,1812.4,1819.3,4707.0
2026-07-09 12:55:00+05:30,1820.7,1829.1,1817.0,1825.6,6490.0
2026-07-09 13:00:00+05:30,1825.5,1825.5,1820.1,1823.7,2963.0
2026-07-09 13:05:00+05:30,1822.5,1824.0,1820.1,1820.8,1103.0
2026-07-09 13:10:00+05:30,1820.8,1824.2,1820.5,1822.6,1860.0
2026-07-09 13:15:00+05:30,1822.7,1825.0,1822.3,1822.4,1886.0
2026-07-09 13:20:00+05:30,1822.4,1823.8,1822.0,1822.0,1142.0
2026-07-09 13:25:00+05:30,1822.1,1822.7,1820.1,1820.1,1808.0
2026-07-09 13:30:00+05:30,1821.5,1822.1,1817.1,1820.4,2673.0
2026-07-09 13:35:00+05:30,1820.4,1821.9,1819.1,1820.2,2501.0
2026-07-09 13:40:00+05:30,1820.4,1821.6,1819.1,1820.0,978.0
2026-07-09 13:45:00+05:30,1820.0,1821.3,1819.3,1819.7,684.0
2026-07-09 13:50:00+05:30,1819.7,1821.2,1819.1,1820.5,996.0
2026-07-09 13:55:00+05:30,1820.6,1821.3,1818.0,1818.0,2925.0
2026-07-09 14:00:00+05:30,1818.2,1823.8,1818.2,1822.0,3079.0
2026-07-09 14:05:00+05:30,1821.0,1822.5,1820.8,1820.8,652.0
2026-07-09 14:10:00+05:30,1821.1,1821.1,1817.9,1821.0,1090.0
2026-07-09 14:15:00+05:30,1821.0,1822.6,1818.6,1818.6,1202.0
2026-07-09 14:20:00+05:30,1819.6,1821.0,1813.6,1815.2,2391.0
2026-07-09 14:25:00+05:30,1816.6,1817.6,1813.0,1814.5,4004.0
2026-07-09 14:30:00+05:30,1815.0,1819.0,1814.0,1818.0,3462.0
2026-07-09 14:35:00+05:30,1818.0,1819.8,1815.1,1819.8,7178.0
2026-07-09 14:40:00+05:30,1818.1,1823.7,1815.5,1820.9,4429.0
2026-07-09 14:45:00+05:30,1821.0,1821.4,1818.1,1819.9,2397.0
2026-07-09 14:50:00+05:30,1818.7,1820.0,1818.0,1819.0,2187.0
2026-07-09 14:55:00+05:30,1819.8,1820.0,1818.2,1818.3,1613.0
2026-07-09 15:00:00+05:30,1818.9,1818.9,1811.1,1814.1,8278.0
2026-07-09 15:05:00+05:30,1814.0,1814.0,1808.0,1810.5,4384.0
2026-07-09 15:10:00+05:30,1809.8,1809.8,1807.2,1808.9,4113.0
2026-07-09 15:15:00+05:30,1808.2,1813.0,1807.0,1811.6,8177.0
2026-07-09 15:20:00+05:30,1811.6,1818.9,1810.8,1814.0,12213.0
2026-07-09 15:25:00+05:30,1814.0,1817.7,1812.1,1816.0,13152.0
2026-07-10 09:15:00+05:30,1829.0,1829.0,1813.4,1822.9,22246.0
2026-07-10 09:20:00+05:30,1823.9,1835.4,1817.0,1819.3,25971.0
2026-07-10 09:25:00+05:30,1818.0,1825.1,1817.0,1823.5,8175.0
2026-07-10 09:30:00+05:30,1822.1,1830.0,1820.6,1828.7,9290.0
2026-07-10 09:35:00+05:30,1827.4,1832.0,1820.0,1830.7,12022.0
2026-07-10 09:40:00+05:30,1832.0,1847.0,1831.1,1847.0,19784.0
2026-07-10 09:45:00+05:30,1847.0,1854.0,1843.5,1852.4,23794.0
2026-07-10 09:50:00+05:30,1851.1,1863.8,1844.8,1858.6,19595.0
2026-07-10 09:55:00+05:30,1858.4,1862.3,1853.0,1855.0,15997.0
2026-07-10 10:00:00+05:30,1855.4,1862.8,1852.3,1862.8,10715.0
2026-07-10 10:05:00+05:30,1861.4,1864.7,1858.0,1864.3,8812.0
2026-07-10 10:10:00+05:30,1864.6,1868.2,1864.3,1866.8,13977.0
2026-07-10 10:15:00+05:30,1865.5,1873.0,1864.0,1866.6,15754.0
2026-07-10 10:20:00+05:30,1866.8,1871.9,1866.0,1870.8,7630.0
2026-07-10 10:25:00+05:30,1870.6,1876.6,1867.0,1874.6,12746.0
2026-07-10 10:30:00+05:30,1876.6,1876.9,1868.2,1869.0,10228.0
2026-07-10 10:35:00+05:30,1869.8,1871.9,1865.0,1865.9,6940.0
2026-07-10 10:40:00+05:30,1865.0,1875.9,1864.5,1874.7,13674.0
2026-07-10 10:45:00+05:30,1874.6,1874.7,1870.1,1873.1,5944.0
2026-07-10 10:50:00+05:30,1874.0,1874.0,1865.7,1867.2,6239.0
2026-07-10 10:55:00+05:30,1868.4,1872.0,1868.4,1871.2,5277.0
2026-07-10 11:00:00+05:30,1871.2,1871.5,1865.9,1867.3,3430.0
2026-07-10 11:05:00+05:30,1867.5,1868.7,1866.1,1868.0,2020.0
2026-07-10 11:10:00+05:30,1866.6,1872.7,1866.0,1870.6,9196.0
2026-07-10 11:15:00+05:30,1870.6,1873.0,1868.6,1870.4,3025.0
2026-07-10 11:20:00+05:30,1870.6,1873.0,1866.9,1868.0,2938.0
2026-07-10 11:25:00+05:30,1867.0,1869.0,1866.0,1866.0,4458.0
2026-07-10 11:30:00+05:30,1866.0,1868.8,1861.7,1863.0,6814.0
2026-07-10 11:35:00+05:30,1863.1,1867.4,1862.8,1864.9,6622.0
2026-07-10 11:40:00+05:30,1865.0,1865.4,1861.2,1861.2,2907.0
2026-07-10 11:45:00+05:30,1861.2,1864.9,1860.3,1863.4,3317.0
2026-07-10 11:50:00+05:30,1864.2,1865.0,1862.0,1864.9,1668.0
2026-07-10 11:55:00+05:30,1863.3,1865.7,1863.3,1864.1,4092.0
2026-07-10 12:00:00+05:30,1864.0,1864.9,1861.3,1863.4,2512.0
2026-07-10 12:05:00+05:30,1862.1,1865.3,1861.6,1863.0,1596.0
2026-07-10 12:10:00+05:30,1864.0,1869.0,1863.2,1866.0,7065.0
2026-07-10 12:15:00+05:30,1866.0,1870.0,1866.0,1867.9,4958.0
2026-07-10 12:20:00+05:30,1867.0,1868.0,1866.0,1867.0,1133.0
2026-07-10 12:25:00+05:30,1866.0,1866.5,1863.0,1865.6,2526.0
2026-07-10 12:30:00+05:30,1865.6,1866.8,1863.9,1865.1,1059.0
2026-07-10 12:35:00+05:30,1866.0,1867.0,1864.4,1865.1,1133.0
2026-07-10 12:40:00+05:30,1865.1,1865.1,1863.6,1864.3,1360.0
2026-07-10 12:45:00+05:30,1864.2,1872.0,1864.2,1870.3,5294.0
2026-07-10 12:50:00+05:30,1870.3,1872.9,1866.7,1868.4,6870.0
2026-07-10 12:55:00+05:30,1868.5,1869.4,1866.4,1868.4,2106.0
2026-07-10 13:00:00+05:30,1867.5,1870.7,1867.3,1868.1,2013.0
2026-07-10 13:05:00+05:30,1869.3,1869.3,1867.1,1867.1,1471.0
2026-07-10 13:10:00+05:30,1867.8,1870.0,1867.1,1868.1,2193.0
2026-07-10 13:15:00+05:30,1869.8,1869.8,1866.2,1866.2,1239.0
2026-07-10 13:20:00+05:30,1866.7,1867.8,1865.2,1865.5,1006.0
2026-07-10 13:25:00+05:30,1866.0,1869.9,1865.2,1869.4,3170.0
2026-07-10 13:30:00+05:30,1869.9,1870.0,1867.9,1869.0,1551.0
2026-07-10 13:35:00+05:30,1870.2,1872.0,1869.0,1871.1,6961.0
2026-07-10 13:40:00+05:30,1871.0,1871.7,1870.0,1870.2,1195.0
2026-07-10 13:45:00+05:30,1870.1,1870.7,1867.3,1867.3,3916.0
2026-07-10 13:50:00+05:30,1866.9,1868.7,1866.8,1867.4,1093.0
2026-07-10 13:55:00+05:30,1867.4,1868.9,1866.8,1868.1,789.0
2026-07-10 14:00:00+05:30,1867.5,1867.9,1866.3,1866.3,292.0
2026-07-10 14:05:00+05:30,1866.1,1867.0,1865.0,1866.0,2081.0
2026-07-10 14:10:00+05:30,1865.9,1867.7,1865.4,1867.6,1396.0
2026-07-10 14:15:00+05:30,1867.6,1867.6,1866.0,1866.2,921.0
2026-07-10 14:20:00+05:30,1866.2,1868.3,1865.5,1867.1,1506.0
2026-07-10 14:25:00+05:30,1867.3,1868.0,1866.0,1867.0,720.0
2026-07-10 14:30:00+05:30,1868.0,1876.5,1866.6,1873.9,18221.0
2026-07-10 14:35:00+05:30,1872.7,1875.4,1871.3,1875.4,3607.0
2026-07-10 14:40:00+05:30,1875.4,1887.9,1875.4,1883.7,31711.0
2026-07-10 14:45:00+05:30,1885.6,1895.0,1883.8,1890.0,33982.0
2026-07-10 14:50:00+05:30,1889.2,1890.0,1885.2,1886.0,9151.0
2026-07-10 14:55:00+05:30,1885.5,1885.5,1882.8,1883.7,6173.0
2026-07-10 15:00:00+05:30,1883.8,1885.7,1875.6,1875.6,6698.0
2026-07-10 15:05:00+05:30,1876.9,1879.9,1875.0,1878.5,14768.0
2026-07-10 15:10:00+05:30,1878.5,1880.0,1875.1,1879.6,7063.0
2026-07-10 15:15:00+05:30,1879.7,1882.3,1877.2,1882.3,14862.0
2026-07-10 15:20:00+05:30,1882.4,1884.8,1879.4,1882.5,22914.0
2026-07-10 15:25:00+05:30,1882.5,1888.0,1875.0,1878.0,31122.0
2026-07-13 09:15:00+05:30,1870.0,1870.9,1841.6,1849.0,29139.0
2026-07-13 09:20:00+05:30,1849.6,1857.4,1846.1,1851.0,10738.0
2026-07-13 09:25:00+05:30,1851.4,1857.0,1847.2,1848.9,8739.0
2026-07-13 09:30:00+05:30,1847.2,1849.9,1828.3,1829.9,27202.0
2026-07-13 09:35:00+05:30,1830.0,1836.9,1826.0,1830.2,22098.0
2026-07-13 09:40:00+05:30,1830.0,1836.0,1829.0,1836.0,10823.0
2026-07-13 09:45:00+05:30,1834.3,1837.6,1831.5,1833.4,13690.0
2026-07-13 09:50:00+05:30,1835.0,1837.9,1833.1,1836.9,6325.0
2026-07-13 09:55:00+05:30,1835.5,1839.0,1835.1,1837.5,8983.0
2026-07-13 10:00:00+05:30,1837.1,1841.0,1835.0,1837.2,13250.0
2026-07-13 10:05:00+05:30,1837.2,1840.3,1835.4,1838.7,4833.0
2026-07-13 10:10:00+05:30,1838.5,1841.8,1837.0,1837.6,7538.0
2026-07-13 10:15:00+05:30,1837.7,1840.0,1836.6,1837.2,5269.0
2026-07-13 10:20:00+05:30,1837.0,1840.2,1835.1,1837.8,10051.0
2026-07-13 10:25:00+05:30,1836.7,1840.0,1835.1,1838.3,2309.0
2026-07-13 10:30:00+05:30,1839.8,1840.3,1836.9,1837.3,4673.0
2026-07-13 10:35:00+05:30,1837.3,1841.0,1836.9,1837.9,4407.0
2026-07-13 10:40:00+05:30,1839.0,1847.8,1838.1,1846.2,5021.0
2026-07-13 10:45:00+05:30,1847.7,1847.7,1842.9,1843.4,5530.0
2026-07-13 10:50:00+05:30,1844.8,1846.4,1840.6,1840.6,3310.0
2026-07-13 10:55:00+05:30,1843.3,1843.3,1838.1,1838.2,2556.0
2026-07-13 11:00:00+05:30,1838.2,1839.0,1838.0,1839.0,1052.0
2026-07-13 11:05:00+05:30,1839.0,1839.0,1836.5,1836.7,2160.0
2026-07-13 11:10:00+05:30,1836.7,1837.5,1836.7,1836.7,1428.0
2026-07-13 11:15:00+05:30,1836.7,1838.8,1836.0,1836.3,3717.0
2026-07-13 11:20:00+05:30,1836.3,1838.0,1836.0,1837.5,1082.0
2026-07-13 11:25:00+05:30,1836.6,1839.6,1836.4,1837.2,3320.0
2026-07-13 11:30:00+05:30,1838.1,1838.3,1833.1,1833.2,6743.0
2026-07-13 11:35:00+05:30,1834.3,1835.0,1833.0,1834.0,1951.0
2026-07-13 11:40:00+05:30,1834.0,1835.0,1833.0,1834.1,1588.0
2026-07-13 11:45:00+05:30,1834.9,1835.0,1833.5,1833.7,1266.0
2026-07-13 11:50:00+05:30,1833.7,1835.0,1831.0,1832.9,2160.0
2026-07-13 11:55:00+05:30,1832.0,1833.8,1831.5,1832.3,1660.0
2026-07-13 12:00:00+05:30,1832.4,1838.0,1832.4,1836.0,2661.0
2026-07-13 12:05:00+05:30,1836.0,1837.1,1834.0,1834.0,842.0
2026-07-13 12:10:00+05:30,1834.0,1836.3,1832.2,1834.7,1664.0
2026-07-13 12:15:00+05:30,1834.8,1837.0,1833.7,1835.5,2060.0
2026-07-13 12:20:00+05:30,1835.5,1836.0,1833.8,1835.9,1250.0
2026-07-13 12:25:00+05:30,1835.0,1836.3,1833.7,1835.0,1555.0
2026-07-13 12:30:00+05:30,1835.0,1836.0,1820.0,1826.7,23595.0
2026-07-13 12:35:00+05:30,1827.2,1827.9,1823.0,1824.9,6741.0
2026-07-13 12:40:00+05:30,1825.9,1828.8,1824.3,1827.8,3169.0
2026-07-13 12:45:00+05:30,1828.7,1829.3,1827.2,1827.9,1744.0
2026-07-13 12:50:00+05:30,1827.2,1827.9,1824.0,1826.8,4208.0
2026-07-13 12:55:00+05:30,1826.8,1827.4,1825.0,1825.1,2404.0
2026-07-13 13:00:00+05:30,1825.9,1826.9,1822.8,1823.9,5359.0
2026-07-13 13:05:00+05:30,1823.0,1826.0,1821.0,1824.0,5618.0
2026-07-13 13:10:00+05:30,1825.0,1826.1,1824.0,1824.2,618.0
2026-07-13 13:15:00+05:30,1824.2,1825.4,1824.0,1824.0,2138.0
2026-07-13 13:20:00+05:30,1824.0,1825.0,1821.0,1821.9,3947.0
2026-07-13 13:25:00+05:30,1821.0,1824.7,1821.0,1824.7,3537.0
2026-07-13 13:30:00+05:30,1823.4,1826.7,1823.4,1825.7,2074.0
2026-07-13 13:35:00+05:30,1825.6,1828.8,1825.6,1826.6,2215.0
2026-07-13 13:40:00+05:30,1827.4,1829.7,1825.0,1828.1,4048.0
2026-07-13 13:45:00+05:30,1828.1,1830.1,1827.0,1827.3,8437.0
2026-07-13 13:50:00+05:30,1828.5,1829.1,1825.7,1827.0,1647.0
2026-07-13 13:55:00+05:30,1827.3,1828.5,1826.5,1826.9,433.0
2026-07-13 14:00:00+05:30,1828.4,1829.7,1827.7,1829.6,1261.0
2026-07-13 14:05:00+05:30,1829.6,1832.3,1829.0,1831.6,1448.0
2026-07-13 14:10:00+05:30,1829.9,1830.0,1827.8,1829.6,1579.0
2026-07-13 14:15:00+05:30,1828.8,1830.0,1827.0,1828.0,2448.0
2026-07-13 14:20:00+05:30,1827.0,1828.7,1826.6,1826.6,800.0
2026-07-13 14:25:00+05:30,1826.6,1828.9,1826.6,1828.0,418.0
2026-07-13 14:30:00+05:30,1828.0,1829.4,1827.1,1828.0,844.0
2026-07-13 14:35:00+05:30,1828.4,1828.4,1826.3,1826.4,2873.0
2026-07-13 14:40:00+05:30,1826.4,1827.1,1825.8,1827.0,783.0
2026-07-13 14:45:00+05:30,1827.0,1829.5,1826.0,1828.0,6265.0
2026-07-13 14:50:00+05:30,1829.4,1835.0,1826.4,1831.8,19821.0
2026-07-13 14:55:00+05:30,1831.8,1836.5,1829.5,1835.7,7778.0
2026-07-13 15:00:00+05:30,1837.0,1839.7,1833.7,1836.0,12719.0
2026-07-13 15:05:00+05:30,1835.1,1836.4,1833.5,1836.4,5218.0
2026-07-13 15:10:00+05:30,1836.4,1836.4,1828.0,1829.7,7009.0
2026-07-13 15:15:00+05:30,1829.6,1831.8,1824.4,1827.1,12472.0
2026-07-13 15:20:00+05:30,1827.2,1831.8,1825.0,1831.1,8410.0
2026-07-13 15:25:00+05:30,1831.1,1831.5,1825.3,1827.9,9641.0
2026-07-14 09:15:00+05:30,1824.0,1827.5,1788.7,1793.7,42102.0
2026-07-14 09:20:00+05:30,1793.0,1800.0,1788.0,1794.0,15944.0
2026-07-14 09:25:00+05:30,1795.2,1801.5,1794.0,1799.2,7687.0
2026-07-14 09:30:00+05:30,1800.0,1803.9,1797.9,1803.2,6388.0
2026-07-14 09:35:00+05:30,1803.2,1803.2,1798.0,1800.6,6977.0
2026-07-14 09:40:00+05:30,1799.3,1807.9,1798.0,1804.0,4345.0
2026-07-14 09:45:00+05:30,1802.1,1803.4,1799.9,1801.3,4418.0
2026-07-14 09:50:00+05:30,1802.0,1802.0,1794.0,1797.0,4725.0
2026-07-14 09:55:00+05:30,1797.0,1809.8,1797.0,1808.9,5242.0
2026-07-14 10:00:00+05:30,1808.7,1812.8,1803.8,1810.2,9619.0
2026-07-14 10:05:00+05:30,1810.2,1812.0,1799.1,1800.2,5088.0
2026-07-14 10:10:00+05:30,1800.0,1800.8,1798.1,1800.5,2428.0
2026-07-14 10:15:00+05:30,1800.0,1800.5,1798.0,1800.1,3542.0
2026-07-14 10:20:00+05:30,1799.9,1802.3,1798.1,1800.0,1129.0
2026-07-14 10:25:00+05:30,1800.0,1800.0,1788.6,1792.7,29313.0
2026-07-14 10:30:00+05:30,1792.7,1795.3,1792.5,1793.4,2581.0
2026-07-14 10:35:00+05:30,1793.4,1795.0,1791.0,1793.6,2612.0
2026-07-14 10:40:00+05:30,1793.6,1794.0,1790.5,1793.7,1652.0
2026-07-14 10:45:00+05:30,1793.6,1796.8,1792.5,1794.0,1129.0
2026-07-14 10:50:00+05:30,1794.1,1799.0,1794.0,1797.9,7349.0
2026-07-14 10:55:00+05:30,1797.8,1798.5,1795.1,1795.1,1861.0
2026-07-14 11:00:00+05:30,1797.8,1799.1,1796.5,1797.7,1344.0
2026-07-14 11:05:00+05:30,1798.4,1798.4,1796.5,1796.7,711.0
2026-07-14 11:10:00+05:30,1797.0,1798.3,1796.7,1797.3,2860.0
2026-07-14 11:15:00+05:30,1797.1,1799.3,1797.0,1799.3,1705.0
2026-07-14 11:20:00+05:30,1799.2,1799.3,1797.5,1798.0,783.0
2026-07-14 11:25:00+05:30,1797.0,1801.7,1796.9,1798.0,4448.0
2026-07-14 11:30:00+05:30,1799.0,1799.8,1797.5,1798.9,1174.0
2026-07-14 11:35:00+05:30,1797.7,1798.9,1795.1,1795.1,1655.0
2026-07-14 11:40:00+05:30,1796.4,1796.4,1793.2,1794.7,788.0
2026-07-14 11:45:00+05:30,1795.9,1797.0,1794.4,1796.3,835.0
2026-07-14 11:50:00+05:30,1797.5,1797.5,1792.3,1793.0,8394.0
2026-07-14 11:55:00+05:30,1792.1,1794.9,1792.1,1793.0,1571.0
2026-07-14 12:00:00+05:30,1793.8,1795.1,1793.0,1793.8,1060.0
2026-07-14 12:05:00+05:30,1793.8,1795.3,1793.8,1793.9,662.0
2026-07-14 12:10:00+05:30,1793.9,1794.5,1793.0,1793.1,1026.0
2026-07-14 12:15:00+05:30,1793.0,1794.6,1793.0,1793.0,516.0
2026-07-14 12:20:00+05:30,1793.0,1798.9,1793.0,1795.4,1075.0
2026-07-14 12:25:00+05:30,1795.4,1796.8,1794.0,1794.1,2837.0
2026-07-14 12:30:00+05:30,1793.2,1795.3,1793.0,1793.5,424.0
2026-07-14 12:35:00+05:30,1794.6,1796.5,1794.0,1796.5,333.0
2026-07-14 12:40:00+05:30,1796.0,1796.3,1794.6,1796.3,721.0
2026-07-14 12:45:00+05:30,1795.0,1797.5,1795.0,1797.1,744.0
2026-07-14 12:50:00+05:30,1797.1,1797.9,1795.8,1796.9,283.0
2026-07-14 12:55:00+05:30,1796.9,1796.9,1794.9,1794.9,826.0
2026-07-14 13:00:00+05:30,1794.9,1796.5,1794.9,1795.0,254.0
2026-07-14 13:05:00+05:30,1796.2,1796.2,1794.7,1794.7,188.0
2026-07-14 13:10:00+05:30,1795.9,1795.9,1794.5,1795.7,201.0
2026-07-14 13:15:00+05:30,1794.5,1795.7,1794.3,1794.5,163.0
2026-07-14 13:20:00+05:30,1794.5,1794.9,1794.3,1794.9,79.0
2026-07-14 13:25:00+05:30,1794.6,1796.4,1794.6,1795.5,552.0
2026-07-14 13:30:00+05:30,1796.8,1796.8,1795.4,1796.7,1871.0
2026-07-14 13:35:00+05:30,1796.7,1796.7,1795.0,1795.0,380.0
2026-07-14 13:40:00+05:30,1795.0,1796.7,1795.0,1796.7,416.0
2026-07-14 13:45:00+05:30,1796.0,1798.3,1796.0,1796.8,1611.0
2026-07-14 13:50:00+05:30,1796.7,1797.6,1796.5,1796.5,326.0
2026-07-14 13:55:00+05:30,1796.5,1798.3,1796.5,1797.1,817.0
2026-07-14 14:00:00+05:30,1797.1,1798.3,1797.1,1798.0,2174.0
2026-07-14 14:05:00+05:30,1797.5,1798.2,1797.2,1797.2,919.0
2026-07-14 14:10:00+05:30,1798.0,1799.8,1797.5,1799.6,744.0
2026-07-14 14:15:00+05:30,1799.1,1803.6,1799.1,1800.8,2962.0
2026-07-14 14:20:00+05:30,1800.8,1802.0,1800.0,1801.6,740.0
2026-07-14 14:25:00+05:30,1801.6,1802.3,1800.0,1801.0,853.0
2026-07-14 14:30:00+05:30,1801.4,1801.9,1800.0,1800.2,959.0
2026-07-14 14:35:00+05:30,1800.8,1801.5,1799.8,1800.2,662.0
2026-07-14 14:40:00+05:30,1800.1,1801.5,1800.1,1801.2,551.0
2026-07-14 14:45:00+05:30,1801.2,1802.9,1798.7,1802.0,4943.0
2026-07-14 14:50:00+05:30,1802.0,1802.9,1799.0,1801.5,2409.0
2026-07-14 14:55:00+05:30,1802.0,1803.7,1801.2,1801.7,3927.0
2026-07-14 15:00:00+05:30,1801.8,1804.3,1801.1,1803.0,4040.0
2026-07-14 15:05:00+05:30,1802.6,1804.0,1802.0,1803.8,7292.0
2026-07-14 15:10:00+05:30,1803.5,1804.0,1800.1,1801.4,7750.0
2026-07-14 15:15:00+05:30,1801.5,1803.6,1800.3,1803.0,4020.0
2026-07-14 15:20:00+05:30,1803.9,1803.9,1800.3,1802.3,7573.0
2026-07-14 15:25:00+05:30,1802.3,1804.0,1795.0,1795.0,9833.0
2026-07-15 09:15:00+05:30,1806.0,1825.6,1806.0,1818.8,17631.0
2026-07-15 09:20:00+05:30,1818.8,1825.0,1816.0,1818.8,14982.0
2026-07-15 09:25:00+05:30,1816.5,1819.6,1815.0,1818.8,7465.0
2026-07-15 09:30:00+05:30,1818.8,1830.0,1817.7,1827.4,18904.0
2026-07-15 09:35:00+05:30,1827.5,1829.0,1825.0,1829.0,5419.0
2026-07-15 09:40:00+05:30,1828.0,1833.0,1825.2,1832.0,9035.0
2026-07-15 09:45:00+05:30,1830.7,1837.5,1830.0,1835.4,5937.0
2026-07-15 09:50:00+05:30,1835.0,1835.0,1828.2,1830.1,3718.0
2026-07-15 09:55:00+05:30,1832.3,1834.3,1830.0,1831.1,2579.0
2026-07-15 10:00:00+05:30,1832.0,1832.6,1828.0,1829.0,5641.0
2026-07-15 10:05:00+05:30,1829.8,1831.0,1828.4,1829.6,2194.0
2026-07-15 10:10:00+05:30,1829.8,1829.8,1828.0,1828.5,3748.0
2026-07-15 10:15:00+05:30,1828.5,1830.0,1826.6,1827.9,938.0
2026-07-15 10:20:00+05:30,1826.0,1833.1,1826.0,1832.0,2965.0
2026-07-15 10:25:00+05:30,1830.2,1831.8,1828.2,1830.1,1371.0
2026-07-15 10:30:00+05:30,1831.4,1839.6,1830.0,1834.1,10425.0
2026-07-15 10:35:00+05:30,1834.1,1835.1,1834.0,1834.7,1173.0
2026-07-15 10:40:00+05:30,1835.0,1835.9,1834.0,1834.0,1443.0
2026-07-15 10:45:00+05:30,1834.0,1834.0,1832.0,1832.1,1115.0
2026-07-15 10:50:00+05:30,1832.0,1843.0,1831.9,1839.2,18990.0
2026-07-15 10:55:00+05:30,1837.8,1838.9,1835.5,1837.4,2712.0
2026-07-15 11:00:00+05:30,1837.2,1838.0,1835.2,1836.0,1994.0
2026-07-15 11:05:00+05:30,1835.5,1837.3,1835.2,1836.0,1039.0
2026-07-15 11:10:00+05:30,1836.0,1837.1,1833.4,1834.6,1293.0
2026-07-15 11:15:00+05:30,1833.5,1834.9,1832.1,1832.1,943.0
2026-07-15 11:20:00+05:30,1832.0,1832.5,1830.1,1832.2,1128.0
2026-07-15 11:25:00+05:30,1830.8,1833.0,1828.0,1830.0,2008.0
2026-07-15 11:30:00+05:30,1829.0,1830.1,1828.1,1829.7,355.0
2026-07-15 11:35:00+05:30,1829.9,1830.1,1828.0,1828.3,495.0
2026-07-15 11:40:00+05:30,1829.0,1830.1,1829.0,1829.2,223.0
2026-07-15 11:45:00+05:30,1829.3,1829.3,1826.9,1828.0,361.0
2026-07-15 11:50:00+05:30,1827.8,1829.0,1826.6,1828.2,770.0
2026-07-15 11:55:00+05:30,1827.5,1829.0,1826.0,1826.0,2842.0
2026-07-15 12:00:00+05:30,1827.0,1827.8,1825.3,1825.8,706.0
2026-07-15 12:05:00+05:30,1825.8,1827.2,1825.0,1825.0,1351.0
2026-07-15 12:10:00+05:30,1826.4,1827.0,1825.0,1827.0,1224.0
2026-07-15 12:15:00+05:30,1825.8,1827.0,1825.2,1825.4,337.0
2026-07-15 12:20:00+05:30,1825.6,1827.0,1825.6,1826.9,525.0
2026-07-15 12:25:00+05:30,1826.9,1826.9,1825.8,1825.8,181.0
2026-07-15 12:30:00+05:30,1826.1,1826.9,1826.1,1826.9,213.0
2026-07-15 12:35:00+05:30,1826.9,1826.9,1825.2,1826.5,504.0
2026-07-15 12:40:00+05:30,1826.5,1826.5,1825.2,1826.1,603.0
2026-07-15 12:45:00+05:30,1825.2,1826.0,1824.2,1824.2,897.0
2026-07-15 12:50:00+05:30,1823.4,1825.5,1823.0,1824.0,897.0
2026-07-15 12:55:00+05:30,1824.0,1824.0,1818.0,1820.0,2716.0
2026-07-15 13:00:00+05:30,1820.0,1822.9,1818.6,1821.0,1909.0
2026-07-15 13:05:00+05:30,1820.1,1821.0,1820.0,1820.5,936.0
2026-07-15 13:10:00+05:30,1820.5,1823.0,1820.0,1823.0,1333.0
2026-07-15 13:15:00+05:30,1820.0,1823.7,1820.0,1821.5,1470.0
2026-07-15 13:20:00+05:30,1821.5,1822.9,1820.0,1821.3,1626.0
2026-07-15 13:25:00+05:30,1821.0,1821.3,1819.1,1819.3,437.0
2026-07-15 13:30:00+05:30,1818.5,1825.3,1818.5,1824.4,8126.0
2026-07-15 13:35:00+05:30,1824.8,1826.0,1821.6,1823.6,2523.0
2026-07-15 13:40:00+05:30,1821.8,1823.6,1821.3,1821.3,552.0
2026-07-15 13:45:00+05:30,1822.8,1823.5,1821.2,1822.1,228.0
2026-07-15 13:50:00+05:30,1823.1,1823.1,1821.2,1822.5,367.0
2026-07-15 13:55:00+05:30,1822.4,1825.0,1822.0,1825.0,500.0
2026-07-15 14:00:00+05:30,1825.0,1825.0,1823.0,1824.5,1910.0
2026-07-15 14:05:00+05:30,1823.0,1824.2,1822.7,1824.0,689.0
2026-07-15 14:10:00+05:30,1822.0,1823.6,1821.2,1822.1,960.0
2026-07-15 14:15:00+05:30,1821.2,1822.1,1820.6,1821.9,811.0
2026-07-15 14:20:00+05:30,1821.0,1823.8,1821.0,1823.8,599.0
2026-07-15 14:25:00+05:30,1823.8,1824.0,1820.6,1821.3,455.0
2026-07-15 14:30:00+05:30,1822.0,1823.6,1821.0,1821.2,949.0
2026-07-15 14:35:00+05:30,1822.7,1822.7,1819.3,1819.3,1560.0
2026-07-15 14:40:00+05:30,1820.0,1822.7,1818.6,1822.3,2061.0
2026-07-15 14:45:00+05:30,1822.3,1827.2,1821.1,1825.0,3284.0
2026-07-15 14:50:00+05:30,1825.0,1825.0,1821.8,1823.0,3146.0
2026-07-15 14:55:00+05:30,1822.9,1824.9,1821.2,1823.6,2791.0
2026-07-15 15:00:00+05:30,1822.9,1823.7,1819.8,1822.3,3265.0
2026-07-15 15:05:00+05:30,1823.1,1824.6,1820.5,1820.7,7739.0
2026-07-15 15:10:00+05:30,1820.7,1823.0,1820.7,1823.0,2473.0
2026-07-15 15:15:00+05:30,1822.5,1823.0,1821.7,1822.8,4172.0
2026-07-15 15:20:00+05:30,1822.4,1827.8,1821.5,1826.7,7467.0
2026-07-15 15:25:00+05:30,1826.7,1827.9,1820.5,1823.0,7243.0
2026-07-16 09:15:00+05:30,1829.0,1841.3,1815.0,1816.2,19255.0
2026-07-16 09:20:00+05:30,1815.0,1822.5,1815.0,1820.7,4741.0
2026-07-16 09:25:00+05:30,1820.7,1822.3,1815.0,1815.1,4531.0
2026-07-16 09:30:00+05:30,1815.1,1815.1,1810.9,1812.0,7229.0
2026-07-16 09:35:00+05:30,1812.2,1813.6,1810.1,1812.6,2348.0
2026-07-16 09:40:00+05:30,1812.6,1812.8,1809.1,1810.7,3490.0
2026-07-16 09:45:00+05:30,1810.0,1813.4,1809.1,1809.1,1727.0
2026-07-16 09:50:00+05:30,1809.9,1812.9,1807.1,1810.1,2685.0
2026-07-16 09:55:00+05:30,1811.6,1815.0,1810.4,1815.0,801.0
2026-07-16 10:00:00+05:30,1814.8,1814.8,1811.0,1812.0,1905.0
2026-07-16 10:05:00+05:30,1811.0,1813.6,1810.8,1813.3,672.0
2026-07-16 10:10:00+05:30,1813.6,1814.3,1811.1,1812.5,1228.0
2026-07-16 10:15:00+05:30,1811.1,1812.4,1809.5,1809.5,698.0
2026-07-16 10:20:00+05:30,1811.6,1811.6,1809.8,1811.6,1077.0
2026-07-16 10:25:00+05:30,1811.6,1813.1,1809.5,1811.7,2017.0
2026-07-16 10:30:00+05:30,1812.5,1812.7,1811.1,1812.0,348.0
2026-07-16 10:35:00+05:30,1812.7,1813.4,1812.0,1812.3,893.0
2026-07-16 10:40:00+05:30,1812.3,1818.3,1812.3,1817.0,1873.0
2026-07-16 10:45:00+05:30,1818.0,1822.0,1815.8,1815.8,2993.0
2026-07-16 10:50:00+05:30,1816.2,1816.5,1812.5,1815.9,1943.0
2026-07-16 10:55:00+05:30,1815.9,1815.9,1812.3,1813.4,674.0
2026-07-16 11:00:00+05:30,1813.4,1814.8,1812.0,1813.5,330.0
2026-07-16 11:05:00+05:30,1814.7,1814.7,1812.3,1813.9,461.0
2026-07-16 11:10:00+05:30,1813.4,1814.0,1808.7,1811.5,7585.0
2026-07-16 11:15:00+05:30,1811.0,1811.6,1810.2,1811.0,1854.0
2026-07-16 11:20:00+05:30,1810.2,1811.0,1809.0,1810.4,2618.0
2026-07-16 11:25:00+05:30,1810.4,1811.0,1799.7,1800.9,23256.0
2026-07-16 11:30:00+05:30,1803.1,1804.9,1800.9,1803.1,2094.0
2026-07-16 11:35:00+05:30,1804.0,1805.5,1803.1,1805.0,1689.0
2026-07-16 11:40:00+05:30,1805.0,1807.0,1804.7,1804.7,1598.0
2026-07-16 11:45:00+05:30,1806.2,1807.7,1804.2,1806.1,2372.0
2026-07-16 11:50:00+05:30,1806.5,1806.5,1804.2,1804.8,998.0
2026-07-16 11:55:00+05:30,1804.8,1804.8,1801.2,1803.5,2417.0
2026-07-16 12:00:00+05:30,1802.2,1805.3,1802.2,1805.3,934.0
2026-07-16 12:05:00+05:30,1805.3,1805.3,1804.1,1804.1,380.0
2026-07-16 12:10:00+05:30,1804.1,1806.6,1804.1,1804.8,441.0
2026-07-16 12:15:00+05:30,1804.4,1806.3,1803.1,1804.0,1864.0
2026-07-16 12:20:00+05:30,1805.7,1805.9,1803.9,1804.1,248.0
2026-07-16 12:25:00+05:30,1804.3,1805.7,1804.3,1804.9,1081.0
2026-07-16 12:30:00+05:30,1804.7,1805.7,1803.7,1805.7,372.0
2026-07-16 12:35:00+05:30,1805.7,1807.8,1805.0,1807.1,1142.0
2026-07-16 12:40:00+05:30,1807.1,1807.1,1805.0,1805.0,990.0
2026-07-16 12:45:00+05:30,1805.0,1806.0,1804.7,1804.7,328.0
2026-07-16 12:50:00+05:30,1805.8,1805.8,1804.7,1805.8,379.0
2026-07-16 12:55:00+05:30,1805.0,1805.0,1803.0,1804.0,2179.0
2026-07-16 13:00:00+05:30,1804.0,1804.4,1803.0,1804.3,674.0
2026-07-16 13:05:00+05:30,1804.3,1804.5,1803.0,1804.2,571.0
2026-07-16 13:10:00+05:30,1804.2,1804.2,1803.0,1803.0,2453.0
2026-07-16 13:15:00+05:30,1803.4,1804.5,1803.1,1804.4,1011.0
2026-07-16 13:20:00+05:30,1804.4,1804.8,1803.1,1804.8,957.0
2026-07-16 13:25:00+05:30,1805.2,1805.2,1803.5,1804.7,223.0
2026-07-16 13:30:00+05:30,1804.0,1804.0,1801.0,1803.1,7609.0
2026-07-16 13:35:00+05:30,1803.1,1803.1,1798.0,1798.4,2921.0
2026-07-16 13:40:00+05:30,1798.4,1798.4,1796.1,1798.0,2763.0
2026-07-16 13:45:00+05:30,1798.0,1799.3,1797.5,1797.8,3546.0
2026-07-16 13:50:00+05:30,1797.9,1798.4,1796.5,1797.2,1066.0
2026-07-16 13:55:00+05:30,1798.2,1799.0,1796.5,1798.0,1511.0
2026-07-16 14:00:00+05:30,1798.0,1799.3,1797.0,1798.1,739.0
2026-07-16 14:05:00+05:30,1798.7,1799.4,1798.0,1799.3,292.0
2026-07-16 14:10:00+05:30,1799.3,1799.8,1799.3,1799.7,236.0
2026-07-16 14:15:00+05:30,1799.6,1801.3,1799.5,1801.0,474.0
2026-07-16 14:20:00+05:30,1801.1,1801.2,1799.8,1799.8,535.0
2026-07-16 14:25:00+05:30,1799.7,1799.9,1798.1,1798.1,1085.0
2026-07-16 14:30:00+05:30,1798.1,1799.5,1796.0,1796.9,2418.0
2026-07-16 14:35:00+05:30,1796.9,1797.8,1791.3,1792.4,5725.0
2026-07-16 14:40:00+05:30,1792.4,1799.4,1792.4,1798.3,3176.0
2026-07-16 14:45:00+05:30,1798.3,1801.3,1797.0,1801.2,2160.0
2026-07-16 14:50:00+05:30,1801.2,1803.8,1800.3,1802.5,2371.0
2026-07-16 14:55:00+05:30,1802.4,1804.4,1800.6,1802.8,2208.0
2026-07-16 15:00:00+05:30,1805.0,1815.0,1805.0,1807.0,20323.0
2026-07-16 15:05:00+05:30,1806.9,1809.6,1805.0,1809.6,8176.0
2026-07-16 15:10:00+05:30,1809.4,1809.4,1805.1,1807.6,5229.0
2026-07-16 15:15:00+05:30,1808.7,1809.0,1805.8,1806.9,7225.0
2026-07-16 15:20:00+05:30,1807.6,1815.0,1805.0,1814.1,12206.0
2026-07-16 15:25:00+05:30,1814.7,1819.0,1812.0,1812.0,11136.0
2026-07-17 09:15:00+05:30,1807.1,1807.1,1790.6,1796.9,8957.0
2026-07-17 09:20:00+05:30,1797.0,1801.8,1788.6,1794.7,16376.0
2026-07-17 09:25:00+05:30,1793.1,1796.0,1791.0,1793.4,4528.0
2026-07-17 09:30:00+05:30,1793.5,1797.9,1790.5,1796.6,4974.0
2026-07-17 09:35:00+05:30,1798.0,1799.0,1773.9,1777.0,25958.0
2026-07-17 09:40:00+05:30,1775.0,1778.7,1768.0,1768.0,18034.0
2026-07-17 09:45:00+05:30,1768.5,1771.0,1765.3,1766.0,8786.0
2026-07-17 09:50:00+05:30,1766.1,1771.9,1766.0,1771.9,8862.0
2026-07-17 09:55:00+05:30,1770.7,1775.0,1770.0,1773.9,5987.0
2026-07-17 10:00:00+05:30,1773.9,1773.9,1766.0,1767.6,4405.0
2026-07-17 10:05:00+05:30,1767.6,1770.6,1765.2,1768.0,5104.0
2026-07-17 10:10:00+05:30,1769.3,1772.0,1767.0,1771.8,7076.0
2026-07-17 10:15:00+05:30,1772.0,1776.4,1770.5,1776.0,4989.0
2026-07-17 10:20:00+05:30,1776.4,1776.4,1773.7,1775.8,1023.0
2026-07-17 10:25:00+05:30,1774.1,1778.6,1774.1,1777.9,3165.0
2026-07-17 10:30:00+05:30,1777.9,1778.6,1775.0,1775.6,1922.0
2026-07-17 10:35:00+05:30,1776.8,1776.8,1774.1,1775.5,2468.0
2026-07-17 10:40:00+05:30,1775.0,1778.4,1774.9,1776.5,2486.0
2026-07-17 10:45:00+05:30,1775.4,1776.6,1774.2,1774.2,487.0
2026-07-17 10:50:00+05:30,1774.2,1775.0,1772.0,1772.0,1834.0
2026-07-17 10:55:00+05:30,1772.0,1776.5,1771.0,1775.3,2324.0
2026-07-17 11:00:00+05:30,1775.2,1776.5,1772.7,1773.5,1948.0
2026-07-17 11:05:00+05:30,1774.7,1775.8,1773.7,1774.2,590.0
2026-07-17 11:10:00+05:30,1775.5,1775.5,1771.1,1771.1,1106.0
2026-07-17 11:15:00+05:30,1771.1,1772.2,1770.3,1770.3,1739.0
2026-07-17 11:20:00+05:30,1771.2,1771.2,1764.8,1769.2,13794.0
2026-07-17 11:25:00+05:30,1769.4,1775.3,1768.0,1768.4,5033.0
2026-07-17 11:30:00+05:30,1770.0,1771.4,1767.3,1767.5,2810.0
2026-07-17 11:35:00+05:30,1767.5,1769.8,1767.5,1768.2,1078.0
2026-07-17 11:40:00+05:30,1769.4,1770.2,1768.1,1770.0,1439.0
2026-07-17 11:45:00+05:30,1770.0,1770.1,1768.6,1769.8,362.0
2026-07-17 11:50:00+05:30,1768.3,1770.3,1768.3,1770.1,403.0
2026-07-17 11:55:00+05:30,1770.1,1770.4,1767.5,1768.0,420.0
2026-07-17 12:00:00+05:30,1768.0,1770.0,1767.0,1769.0,4773.0
2026-07-17 12:05:00+05:30,1769.1,1769.9,1767.5,1769.9,1205.0
2026-07-17 12:10:00+05:30,1770.8,1770.8,1768.5,1769.6,627.0
2026-07-17 12:15:00+05:30,1768.5,1769.6,1764.7,1767.8,3861.0
2026-07-17 12:20:00+05:30,1767.8,1769.2,1766.7,1768.4,822.0
2026-07-17 12:25:00+05:30,1768.7,1769.2,1767.4,1767.8,606.0
2026-07-17 12:30:00+05:30,1767.8,1769.1,1767.4,1768.0,302.0
2026-07-17 12:35:00+05:30,1769.0,1769.5,1768.0,1768.1,508.0
2026-07-17 12:40:00+05:30,1769.3,1770.0,1768.0,1769.9,607.0
2026-07-17 12:45:00+05:30,1769.9,1770.0,1768.6,1769.8,397.0
2026-07-17 12:50:00+05:30,1768.6,1769.8,1767.1,1767.1,1205.0
2026-07-17 12:55:00+05:30,1768.4,1768.9,1767.0,1767.7,588.0
2026-07-17 13:00:00+05:30,1768.8,1768.8,1767.5,1767.6,351.0
2026-07-17 13:05:00+05:30,1768.8,1768.8,1767.6,1768.8,240.0
2026-07-17 13:10:00+05:30,1768.7,1770.0,1767.9,1770.0,4262.0
2026-07-17 13:15:00+05:30,1771.0,1771.0,1767.5,1767.5,1157.0
2026-07-17 13:20:00+05:30,1768.5,1768.5,1766.0,1767.9,1338.0
2026-07-17 13:25:00+05:30,1767.6,1768.4,1766.7,1767.8,1754.0
2026-07-17 13:30:00+05:30,1766.7,1768.4,1765.3,1767.6,1765.0
2026-07-17 13:35:00+05:30,1767.4,1769.5,1767.0,1769.4,1141.0
2026-07-17 13:40:00+05:30,1769.0,1769.5,1766.0,1766.0,2133.0
2026-07-17 13:45:00+05:30,1765.0,1767.1,1765.0,1767.0,1116.0
2026-07-17 13:50:00+05:30,1767.0,1768.7,1765.0,1767.3,1001.0
2026-07-17 13:55:00+05:30,1767.2,1768.6,1767.2,1768.5,878.0
2026-07-17 14:00:00+05:30,1768.5,1769.3,1767.2,1768.6,1126.0
2026-07-17 14:05:00+05:30,1768.8,1769.0,1767.2,1768.6,484.0
2026-07-17 14:10:00+05:30,1768.6,1769.7,1767.5,1769.6,559.0
2026-07-17 14:15:00+05:30,1769.6,1776.6,1768.7,1771.5,4831.0
2026-07-17 14:20:00+05:30,1772.6,1772.6,1770.0,1771.3,1435.0
2026-07-17 14:25:00+05:30,1771.5,1772.9,1770.3,1771.2,954.0
2026-07-17 14:30:00+05:30,1770.5,1772.8,1770.5,1772.8,713.0
2026-07-17 14:35:00+05:30,1772.3,1773.4,1770.8,1773.0,1275.0
2026-07-17 14:40:00+05:30,1773.0,1773.4,1771.7,1772.8,1086.0
2026-07-17 14:45:00+05:30,1772.8,1775.0,1771.9,1775.0,1391.0
2026-07-17 14:50:00+05:30,1775.0,1775.9,1773.6,1774.2,2858.0
2026-07-17 14:55:00+05:30,1775.0,1777.0,1774.9,1776.0,2863.0
2026-07-17 15:00:00+05:30,1776.4,1776.4,1773.0,1775.0,4284.0
2026-07-17 15:05:00+05:30,1775.5,1779.0,1774.2,1777.0,8971.0
2026-07-17 15:10:00+05:30,1777.5,1777.5,1771.1,1772.9,3857.0
2026-07-17 15:15:00+05:30,1772.1,1772.1,1766.0,1766.7,10010.0
2026-07-17 15:20:00+05:30,1767.9,1767.9,1763.8,1766.7,8856.0
2026-07-17 15:25:00+05:30,1766.6,1770.0,1763.0,1766.9,11487.0
2026-07-20 09:15:00+05:30,1767.0,1779.0,1763.5,1779.0,11050.0
2026-07-20 09:20:00+05:30,1779.0,1784.0,1769.2,1770.6,9619.0
2026-07-20 09:25:00+05:30,1769.0,1771.2,1753.7,1753.8,9958.0
2026-07-20 09:30:00+05:30,1754.8,1761.3,1745.4,1749.6,16285.0
2026-07-20 09:35:00+05:30,1749.6,1753.8,1745.1,1753.0,4973.0
2026-07-20 09:40:00+05:30,1753.8,1757.1,1752.0,1752.4,3248.0
2026-07-20 09:45:00+05:30,1751.8,1757.3,1750.2,1752.7,1855.0
2026-07-20 09:50:00+05:30,1751.5,1753.4,1750.1,1750.1,1350.0
2026-07-20 09:55:00+05:30,1750.1,1753.3,1748.0,1751.9,2685.0
2026-07-20 10:00:00+05:30,1751.0,1754.0,1750.5,1751.0,3398.0
2026-07-20 10:05:00+05:30,1750.5,1755.0,1750.5,1753.1,1965.0
2026-07-20 10:10:00+05:30,1752.2,1756.1,1750.9,1753.6,3374.0
2026-07-20 10:15:00+05:30,1752.4,1760.8,1752.3,1759.6,2195.0
2026-07-20 10:20:00+05:30,1758.0,1760.7,1755.9,1758.3,1568.0
2026-07-20 10:25:00+05:30,1759.0,1759.4,1757.0,1759.3,1072.0
2026-07-20 10:30:00+05:30,1758.9,1759.8,1757.0,1757.0,759.0
2026-07-20 10:35:00+05:30,1758.4,1759.2,1755.2,1756.0,1001.0
2026-07-20 10:40:00+05:30,1756.8,1757.9,1754.0,1755.9,2587.0
2026-07-20 10:45:00+05:30,1757.5,1757.5,1754.2,1754.5,1442.0
2026-07-20 10:50:00+05:30,1755.6,1755.6,1751.6,1753.0,3455.0
2026-07-20 10:55:00+05:30,1753.0,1754.9,1753.0,1753.2,887.0
2026-07-20 11:00:00+05:30,1754.2,1754.6,1751.6,1752.9,1580.0
2026-07-20 11:05:00+05:30,1752.1,1752.9,1750.0,1750.0,2440.0
2026-07-20 11:10:00+05:30,1750.1,1751.2,1750.0,1751.0,819.0
2026-07-20 11:15:00+05:30,1750.5,1752.3,1750.1,1751.0,1079.0
2026-07-20 11:20:00+05:30,1752.0,1752.5,1750.5,1750.5,234.0
2026-07-20 11:25:00+05:30,1751.8,1752.6,1749.3,1750.4,2057.0
2026-07-20 11:30:00+05:30,1750.0,1750.8,1749.0,1750.1,623.0
2026-07-20 11:35:00+05:30,1749.1,1749.6,1748.0,1749.0,1338.0
2026-07-20 11:40:00+05:30,1748.2,1749.0,1747.1,1747.9,1279.0
2026-07-20 11:45:00+05:30,1747.9,1748.7,1740.2,1744.5,6759.0
2026-07-20 11:50:00+05:30,1745.0,1746.3,1730.0,1736.0,24879.0
2026-07-20 11:55:00+05:30,1736.0,1737.2,1733.7,1737.2,2479.0
2026-07-20 12:00:00+05:30,1737.1,1737.1,1732.5,1732.6,1938.0
2026-07-20 12:05:00+05:30,1732.6,1737.1,1732.6,1737.1,3774.0
2026-07-20 12:10:00+05:30,1736.2,1738.0,1735.0,1736.8,2188.0
2026-07-20 12:15:00+05:30,1736.8,1738.4,1736.0,1738.4,1648.0
2026-07-20 12:20:00+05:30,1738.4,1738.6,1735.0,1736.0,2507.0
2026-07-20 12:25:00+05:30,1736.0,1737.5,1735.0,1737.5,789.0
2026-07-20 12:30:00+05:30,1737.3,1738.8,1735.0,1736.4,684.0
2026-07-20 12:35:00+05:30,1735.2,1736.6,1735.0,1736.4,1165.0
2026-07-20 12:40:00+05:30,1735.0,1737.1,1734.1,1734.1,3989.0
2026-07-20 12:45:00+05:30,1735.4,1736.2,1730.0,1732.4,3943.0
2026-07-20 12:50:00+05:30,1732.3,1734.1,1731.7,1734.0,1044.0
2026-07-20 12:55:00+05:30,1733.8,1735.6,1732.9,1735.6,723.0
2026-07-20 13:00:00+05:30,1734.7,1737.2,1734.7,1737.1,611.0
2026-07-20 13:05:00+05:30,1737.2,1738.0,1735.3,1736.5,1142.0
2026-07-20 13:10:00+05:30,1735.4,1741.9,1735.3,1741.2,2217.0
2026-07-20 13:15:00+05:30,1741.0,1742.8,1738.6,1740.6,1155.0
2026-07-20 13:20:00+05:30,1741.6,1742.7,1740.0,1741.0,1543.0
2026-07-20 13:25:00+05:30,1741.2,1742.2,1740.0,1742.0,1439.0
2026-07-20 13:30:00+05:30,1742.0,1742.0,1740.0,1741.9,805.0
2026-07-20 13:35:00+05:30,1741.9,1741.9,1740.1,1740.1,649.0
2026-07-20 13:40:00+05:30,1740.2,1743.1,1740.0,1742.9,2063.0
2026-07-20 13:45:00+05:30,1742.5,1743.8,1740.4,1740.9,1938.0
2026-07-20 13:50:00+05:30,1742.8,1742.8,1740.6,1740.6,1005.0
2026-07-20 13:55:00+05:30,1741.8,1742.0,1740.6,1742.0,842.0
2026-07-20 14:00:00+05:30,1742.0,1744.3,1741.1,1744.3,1573.0
2026-07-20 14:05:00+05:30,1743.1,1744.3,1742.7,1744.3,626.0
2026-07-20 14:10:00+05:30,1744.3,1744.3,1742.6,1743.9,542.0
2026-07-20 14:15:00+05:30,1743.9,1744.2,1741.1,1743.0,1471.0
2026-07-20 14:20:00+05:30,1743.0,1745.4,1743.0,1744.3,1708.0
2026-07-20 14:25:00+05:30,1744.0,1744.8,1742.6,1744.5,871.0
2026-07-20 14:30:00+05:30,1744.6,1744.8,1741.0,1742.3,432.0
2026-07-20 14:35:00+05:30,1741.2,1742.0,1740.0,1742.0,1397.0
2026-07-20 14:40:00+05:30,1740.8,1743.4,1739.0,1739.6,3104.0
2026-07-20 14:45:00+05:30,1740.8,1745.8,1739.7,1745.3,5774.0
2026-07-20 14:50:00+05:30,1746.6,1750.9,1744.0,1750.9,5655.0
2026-07-20 14:55:00+05:30,1749.3,1752.0,1748.9,1750.7,4764.0
2026-07-20 15:00:00+05:30,1750.7,1755.9,1750.7,1753.9,8774.0
2026-07-20 15:05:00+05:30,1753.8,1754.0,1746.9,1749.6,4462.0
2026-07-20 15:10:00+05:30,1749.8,1750.0,1744.9,1745.9,5228.0
2026-07-20 15:15:00+05:30,1745.8,1750.6,1745.8,1747.6,6023.0
2026-07-20 15:20:00+05:30,1748.8,1752.0,1745.6,1751.5,11730.0
2026-07-20 15:25:00+05:30,1751.5,1752.0,1748.8,1751.0,5352.0
2026-07-21 09:15:00+05:30,1751.0,1759.0,1742.3,1745.4,12274.0
2026-07-21 09:20:00+05:30,1745.7,1749.8,1744.2,1749.7,3555.0
2026-07-21 09:25:00+05:30,1749.6,1754.7,1746.3,1754.7,5594.0
2026-07-21 09:30:00+05:30,1753.5,1754.9,1748.1,1752.1,4163.0
2026-07-21 09:35:00+05:30,1752.7,1756.0,1751.1,1756.0,3927.0
2026-07-21 09:40:00+05:30,1757.4,1757.4,1751.5,1752.7,2699.0
2026-07-21 09:45:00+05:30,1754.8,1755.9,1752.0,1753.0,546.0
2026-07-21 09:50:00+05:30,1753.0,1753.0,1748.5,1748.6,1226.0
2026-07-21 09:55:00+05:30,1748.4,1751.6,1748.4,1750.9,1539.0
2026-07-21 10:00:00+05:30,1749.2,1750.9,1748.0,1750.4,1284.0
2026-07-21 10:05:00+05:30,1750.3,1752.0,1749.0,1749.0,1832.0
2026-07-21 10:10:00+05:30,1749.7,1751.3,1747.2,1750.4,979.0
2026-07-21 10:15:00+05:30,1750.7,1751.3,1748.0,1749.5,1388.0
2026-07-21 10:20:00+05:30,1749.7,1750.0,1747.2,1749.0,628.0
2026-07-21 10:25:00+05:30,1750.0,1751.2,1748.1,1750.1,967.0
2026-07-21 10:30:00+05:30,1750.9,1750.9,1747.6,1747.6,1719.0
2026-07-21 10:35:00+05:30,1749.2,1749.6,1747.0,1747.0,401.0
2026-07-21 10:40:00+05:30,1747.9,1750.0,1747.0,1750.0,809.0
2026-07-21 10:45:00+05:30,1750.3,1757.7,1749.0,1757.7,4459.0
2026-07-21 10:50:00+05:30,1752.1,1755.1,1748.1,1749.5,3601.0
2026-07-21 10:55:00+05:30,1748.1,1749.8,1747.5,1747.9,1327.0
2026-07-21 11:00:00+05:30,1748.2,1748.6,1746.1,1746.1,805.0
2026-07-21 11:05:00+05:30,1746.4,1748.3,1746.2,1747.5,386.0
2026-07-21 11:10:00+05:30,1747.5,1749.0,1747.4,1747.4,101.0
2026-07-21 11:15:00+05:30,1747.3,1748.0,1745.1,1747.0,2534.0
2026-07-21 11:20:00+05:30,1748.2,1749.5,1747.2,1749.5,484.0
2026-07-21 11:25:00+05:30,1748.7,1756.0,1748.5,1753.6,4062.0
2026-07-21 11:30:00+05:30,1753.7,1778.0,1753.7,1765.6,17215.0
2026-07-21 11:35:00+05:30,1764.6,1767.5,1760.1,1760.6,5661.0
2026-07-21 11:40:00+05:30,1761.1,1761.7,1757.0,1758.4,2619.0
2026-07-21 11:45:00+05:30,1759.0,1759.5,1757.1,1757.4,986.0
2026-07-21 11:50:00+05:30,1758.0,1760.0,1757.1,1760.0,1071.0
2026-07-21 11:55:00+05:30,1761.5,1768.0,1760.3,1763.8,3245.0
2026-07-21 12:00:00+05:30,1765.2,1765.8,1764.9,1765.7,681.0
2026-07-21 12:05:00+05:30,1764.6,1765.4,1762.5,1762.5,1084.0
2026-07-21 12:10:00+05:30,1761.8,1772.2,1761.8,1770.0,5599.0
2026-07-21 12:15:00+05:30,1769.4,1771.8,1766.9,1767.0,3128.0
2026-07-21 12:20:00+05:30,1767.0,1768.2,1765.4,1768.0,934.0
2026-07-21 12:25:00+05:30,1768.0,1771.8,1766.6,1770.3,2181.0
2026-07-21 12:30:00+05:30,1770.3,1770.3,1766.7,1768.2,1485.0
2026-07-21 12:35:00+05:30,1769.9,1769.9,1766.1,1767.4,1599.0
2026-07-21 12:40:00+05:30,1767.5,1771.1,1767.5,1769.1,1095.0
2026-07-21 12:45:00+05:30,1768.8,1770.0,1768.0,1768.0,551.0
2026-07-21 12:50:00+05:30,1768.0,1768.2,1766.7,1767.8,385.0
2026-07-21 12:55:00+05:30,1767.8,1767.8,1766.2,1767.6,242.0
2026-07-21 13:00:00+05:30,1767.6,1767.6,1759.9,1761.9,5423.0
2026-07-21 13:05:00+05:30,1761.9,1763.9,1761.6,1763.0,137.0
2026-07-21 13:10:00+05:30,1762.0,1764.0,1761.2,1764.0,215.0
2026-07-21 13:15:00+05:30,1764.0,1764.8,1763.5,1763.9,458.0
2026-07-21 13:20:00+05:30,1763.9,1766.0,1763.9,1764.8,485.0
2026-07-21 13:25:00+05:30,1764.8,1765.3,1763.5,1765.1,483.0
2026-07-21 13:30:00+05:30,1766.0,1766.4,1765.1,1766.4,171.0
2026-07-21 13:35:00+05:30,1765.1,1767.6,1765.1,1767.5,993.0
2026-07-21 13:40:00+05:30,1767.5,1769.3,1766.6,1769.0,658.0
2026-07-21 13:45:00+05:30,1768.6,1769.7,1766.9,1769.7,1150.0
2026-07-21 13:50:00+05:30,1769.5,1770.4,1768.0,1769.9,1202.0
2026-07-21 13:55:00+05:30,1770.0,1770.0,1767.0,1768.0,579.0
2026-07-21 14:00:00+05:30,1766.1,1771.4,1766.1,1770.7,1573.0
2026-07-21 14:05:00+05:30,1769.9,1771.9,1767.8,1767.8,1237.0
2026-07-21 14:10:00+05:30,1767.3,1769.0,1767.3,1768.0,1176.0
2026-07-21 14:15:00+05:30,1769.8,1770.0,1766.4,1766.7,718.0
2026-07-21 14:20:00+05:30,1767.8,1770.0,1767.8,1768.5,919.0
2026-07-21 14:25:00+05:30,1769.0,1769.8,1767.8,1769.0,362.0
2026-07-21 14:30:00+05:30,1769.0,1807.8,1768.0,1802.6,53244.0
2026-07-21 14:35:00+05:30,1802.5,1817.7,1792.2,1799.2,130964.0
2026-07-21 14:40:00+05:30,1799.4,1808.9,1795.1,1808.2,32244.0
2026-07-21 14:45:00+05:30,1808.9,1810.0,1802.1,1805.5,20730.0
2026-07-21 14:50:00+05:30,1805.9,1813.9,1804.3,1809.2,24063.0
2026-07-21 14:55:00+05:30,1809.1,1813.0,1807.8,1809.6,18073.0
2026-07-21 15:00:00+05:30,1807.4,1809.9,1802.4,1804.0,11587.0
2026-07-21 15:05:00+05:30,1804.0,1814.0,1804.0,1812.0,14467.0
2026-07-21 15:10:00+05:30,1812.8,1819.9,1812.0,1816.8,29414.0
2026-07-21 15:15:00+05:30,1817.8,1824.7,1816.0,1822.9,24174.0
2026-07-21 15:20:00+05:30,1822.0,1827.0,1820.0,1827.0,20547.0
2026-07-21 15:25:00+05:30,1827.0,1830.0,1823.5,1829.0,21797.0
2026-07-22 09:15:00+05:30,1828.0,1844.2,1806.1,1809.3,29321.0
2026-07-22 09:20:00+05:30,1808.7,1819.8,1806.1,1812.6,9310.0
2026-07-22 09:25:00+05:30,1812.2,1817.0,1805.0,1806.6,8686.0
2026-07-22 09:30:00+05:30,1806.0,1809.1,1805.0,1806.3,7007.0
2026-07-22 09:35:00+05:30,1806.3,1807.2,1801.6,1801.6,5803.0
2026-07-22 09:40:00+05:30,1802.4,1805.0,1795.4,1797.0,8441.0
2026-07-22 09:45:00+05:30,1797.6,1802.2,1796.0,1796.0,4883.0
2026-07-22 09:50:00+05:30,1797.5,1799.9,1796.0,1797.4,2011.0
2026-07-22 09:55:00+05:30,1797.4,1799.5,1796.9,1798.1,1250.0
2026-07-22 10:00:00+05:30,1798.1,1801.9,1797.3,1801.9,1594.0
2026-07-22 10:05:00+05:30,1802.2,1809.9,1802.0,1809.0,5907.0
2026-07-22 10:10:00+05:30,1809.0,1823.5,1809.0,1811.2,11128.0
2026-07-22 10:15:00+05:30,1811.2,1811.7,1805.1,1805.5,3994.0
2026-07-22 10:20:00+05:30,1806.0,1807.4,1802.1,1803.0,2061.0
2026-07-22 10:25:00+05:30,1803.0,1803.0,1798.2,1800.9,2499.0
2026-07-22 10:30:00+05:30,1800.9,1803.9,1800.0,1803.9,1937.0
2026-07-22 10:35:00+05:30,1803.9,1803.9,1801.4,1801.8,1490.0
2026-07-22 10:40:00+05:30,1801.9,1801.9,1799.6,1800.1,1841.0
2026-07-22 10:45:00+05:30,1801.0,1809.0,1800.0,1808.0,4329.0
2026-07-22 10:50:00+05:30,1808.1,1816.0,1808.0,1813.0,3121.0
2026-07-22 10:55:00+05:30,1812.5,1812.5,1808.0,1808.1,1176.0
2026-07-22 11:00:00+05:30,1808.4,1809.5,1805.1,1805.6,2463.0
2026-07-22 11:05:00+05:30,1803.8,1805.8,1802.2,1805.0,1367.0
2026-07-22 11:10:00+05:30,1808.7,1809.3,1807.4,1807.6,2085.0
2026-07-22 11:15:00+05:30,1807.6,1814.0,1807.4,1814.0,3194.0
2026-07-22 11:20:00+05:30,1814.0,1814.6,1811.9,1813.0,2131.0
2026-07-22 11:25:00+05:30,1813.0,1813.9,1811.8,1811.8,1231.0
2026-07-22 11:30:00+05:30,1810.6,1813.3,1810.6,1811.6,1209.0
2026-07-22 11:35:00+05:30,1811.6,1812.7,1807.8,1807.8,1987.0
2026-07-22 11:40:00+05:30,1807.8,1813.0,1807.8,1811.5,1038.0
2026-07-22 11:45:00+05:30,1811.5,1812.3,1807.0,1809.6,1431.0
2026-07-22 11:50:00+05:30,1809.6,1809.6,1805.0,1805.3,1116.0
2026-07-22 11:55:00+05:30,1805.0,1808.7,1805.0,1806.2,1359.0
2026-07-22 12:00:00+05:30,1806.2,1806.2,1802.1,1805.0,841.0
2026-07-22 12:05:00+05:30,1804.9,1804.9,1803.3,1804.9,480.0
2026-07-22 12:10:00+05:30,1804.9,1805.4,1803.7,1803.9,409.0
2026-07-22 12:15:00+05:30,1805.0,1805.0,1803.9,1804.1,255.0
2026-07-22 12:20:00+05:30,1804.1,1807.9,1803.9,1807.0,1828.0
2026-07-22 12:25:00+05:30,1805.5,1807.9,1805.5,1806.3,556.0
2026-07-22 12:30:00+05:30,1807.7,1807.7,1802.6,1803.6,1834.0
2026-07-22 12:35:00+05:30,1804.7,1805.4,1802.4,1805.4,2115.0
2026-07-22 12:40:00+05:30,1803.9,1803.9,1801.4,1803.5,1464.0
2026-07-22 12:45:00+05:30,1803.5,1805.4,1803.4,1804.9,896.0
2026-07-22 12:50:00+05:30,1806.4,1809.8,1806.3,1809.3,2330.0
2026-07-22 12:55:00+05:30,1809.5,1811.6,1808.5,1810.1,1222.0
2026-07-22 13:00:00+05:30,1810.8,1811.3,1808.0,1809.9,1160.0
2026-07-22 13:05:00+05:30,1808.5,1809.6,1806.7,1806.7,442.0
2026-07-22 13:10:00+05:30,1808.2,1808.2,1806.0,1806.0,122.0
2026-07-22 13:15:00+05:30,1807.4,1807.9,1805.0,1805.0,323.0
2026-07-22 13:20:00+05:30,1805.0,1812.0,1805.0,1810.0,3889.0
2026-07-22 13:25:00+05:30,1808.5,1809.5,1806.2,1809.5,1204.0
2026-07-22 13:30:00+05:30,1809.4,1809.6,1806.2,1808.2,861.0
2026-07-22 13:35:00+05:30,1808.3,1810.4,1807.7,1807.8,639.0
2026-07-22 13:40:00+05:30,1809.0,1811.5,1808.2,1809.0,457.0
2026-07-22 13:45:00+05:30,1810.1,1810.9,1806.1,1806.1,1586.0
2026-07-22 13:50:00+05:30,1806.3,1807.8,1805.2,1807.1,589.0
2026-07-22 13:55:00+05:30,1807.0,1809.7,1806.5,1809.0,451.0
2026-07-22 14:00:00+05:30,1808.0,1809.7,1806.5,1809.0,3410.0
2026-07-22 14:05:00+05:30,1809.1,1810.0,1807.5,1809.0,1030.0
2026-07-22 14:10:00+05:30,1808.0,1808.0,1805.6,1806.6,2520.0
2026-07-22 14:15:00+05:30,1806.6,1809.9,1806.3,1809.9,963.0
2026-07-22 14:20:00+05:30,1808.5,1810.2,1807.8,1809.0,537.0
2026-07-22 14:25:00+05:30,1809.0,1809.0,1806.0,1806.0,602.0
2026-07-22 14:30:00+05:30,1806.0,1807.9,1805.7,1807.9,1131.0
2026-07-22 14:35:00+05:30,1806.4,1808.9,1806.4,1808.9,646.0
2026-07-22 14:40:00+05:30,1808.1,1808.9,1807.1,1807.5,947.0
2026-07-22 14:45:00+05:30,1808.8,1808.9,1805.8,1808.1,1067.0
2026-07-22 14:50:00+05:30,1806.7,1818.7,1806.4,1816.7,7808.0
2026-07-22 14:55:00+05:30,1816.7,1818.0,1814.8,1815.4,7108.0
2026-07-22 15:00:00+05:30,1816.7,1816.7,1813.3,1813.7,3061.0
2026-07-22 15:05:00+05:30,1815.0,1820.9,1814.1,1814.9,7717.0
2026-07-22 15:10:00+05:30,1817.0,1817.9,1812.9,1814.6,4586.0
2026-07-22 15:15:00+05:30,1816.8,1819.0,1812.0,1815.1,12373.0
2026-07-22 15:20:00+05:30,1812.7,1818.9,1812.7,1816.0,7220.0
2026-07-22 15:25:00+05:30,1817.0,1817.0,1805.7,1807.0,9822.0
2026-07-23 09:15:00+05:30,1802.0,1824.7,1795.0,1797.0,20238.0
2026-07-23 09:20:00+05:30,1796.4,1807.0,1796.4,1802.7,8042.0
2026-07-23 09:25:00+05:30,1803.9,1805.0,1800.5,1802.0,2712.0
2026-07-23 09:30:00+05:30,1802.7,1804.0,1798.3,1798.5,2633.0
2026-07-23 09:35:00+05:30,1798.5,1799.3,1792.5,1792.5,2881.0
2026-07-23 09:40:00+05:30,1792.5,1795.0,1786.1,1786.2,8241.0
2026-07-23 09:45:00+05:30,1787.1,1787.8,1782.6,1783.5,8406.0
2026-07-23 09:50:00+05:30,1784.1,1787.0,1781.2,1786.0,3488.0
2026-07-23 09:55:00+05:30,1786.6,1789.8,1785.5,1787.9,1012.0
2026-07-23 10:00:00+05:30,1787.9,1795.3,1786.6,1794.8,6250.0
2026-07-23 10:05:00+05:30,1796.0,1798.1,1791.2,1791.6,6224.0
2026-07-23 10:10:00+05:30,1793.0,1795.0,1790.6,1790.7,2022.0
2026-07-23 10:15:00+05:30,1790.9,1793.7,1790.9,1792.1,1118.0
2026-07-23 10:20:00+05:30,1791.1,1792.1,1788.0,1788.0,1567.0
2026-07-23 10:25:00+05:30,1788.0,1788.9,1786.9,1788.8,1202.0
2026-07-23 10:30:00+05:30,1788.9,1788.9,1786.3,1786.3,633.0
2026-07-23 10:35:00+05:30,1786.8,1787.9,1785.5,1787.9,510.0
2026-07-23 10:40:00+05:30,1787.9,1789.4,1785.0,1785.1,3239.0
2026-07-23 10:45:00+05:30,1786.4,1788.5,1785.2,1788.5,1092.0
2026-07-23 10:50:00+05:30,1788.5,1793.0,1788.3,1790.0,2536.0
2026-07-23 10:55:00+05:30,1791.6,1793.2,1789.5,1793.2,642.0
2026-07-23 11:00:00+05:30,1793.0,1793.8,1791.4,1792.5,587.0
2026-07-23 11:05:00+05:30,1793.8,1793.8,1790.0,1791.0,394.0
2026-07-23 11:10:00+05:30,1790.0,1791.9,1790.0,1790.2,945.0
2026-07-23 11:15:00+05:30,1790.0,1790.5,1788.0,1788.0,1394.0
2026-07-23 11:20:00+05:30,1787.7,1789.1,1787.0,1788.5,468.0
2026-07-23 11:25:00+05:30,1787.1,1788.0,1785.1,1786.0,675.0
2026-07-23 11:30:00+05:30,1786.0,1786.0,1784.9,1785.0,1742.0
2026-07-23 11:35:00+05:30,1785.9,1788.4,1785.0,1786.2,524.0
2026-07-23 11:40:00+05:30,1785.9,1786.0,1783.8,1786.0,3041.0
2026-07-23 11:45:00+05:30,1785.0,1786.0,1785.0,1785.0,599.0
2026-07-23 11:50:00+05:30,1785.1,1786.0,1783.2,1783.2,368.0
2026-07-23 11:55:00+05:30,1783.6,1785.9,1782.5,1785.9,892.0
2026-07-23 12:00:00+05:30,1786.0,1788.0,1783.7,1784.0,600.0
2026-07-23 12:05:00+05:30,1785.1,1786.1,1784.9,1784.9,1329.0
2026-07-23 12:10:00+05:30,1784.9,1786.0,1778.3,1779.0,5252.0
2026-07-23 12:15:00+05:30,1780.1,1780.8,1776.6,1778.3,1709.0
2026-07-23 12:20:00+05:30,1778.3,1780.0,1777.0,1779.3,561.0
2026-07-23 12:25:00+05:30,1779.3,1781.0,1778.1,1780.9,209.0
2026-07-23 12:30:00+05:30,1779.4,1784.2,1778.4,1781.0,2436.0
2026-07-23 12:35:00+05:30,1781.0,1781.0,1778.4,1780.0,1391.0
2026-07-23 12:40:00+05:30,1780.6,1780.6,1776.2,1777.0,6004.0
2026-07-23 12:45:00+05:30,1777.0,1777.0,1772.0,1775.6,3922.0
2026-07-23 12:50:00+05:30,1775.5,1775.6,1772.3,1775.6,1555.0
2026-07-23 12:55:00+05:30,1775.6,1775.6,1772.6,1775.0,1100.0
2026-07-23 13:00:00+05:30,1775.0,1775.0,1772.2,1773.7,966.0
2026-07-23 13:05:00+05:30,1773.7,1774.9,1772.5,1773.6,837.0
2026-07-23 13:10:00+05:30,1774.6,1776.0,1773.6,1775.3,815.0
2026-07-23 13:15:00+05:30,1776.0,1776.0,1772.6,1775.3,2622.0
2026-07-23 13:20:00+05:30,1775.3,1778.0,1773.2,1778.0,1854.0
2026-07-23 13:25:00+05:30,1777.1,1778.1,1775.1,1776.7,744.0
2026-07-23 13:30:00+05:30,1776.0,1777.1,1776.0,1776.5,935.0
2026-07-23 13:35:00+05:30,1776.5,1782.0,1776.5,1780.5,1416.0
2026-07-23 13:40:00+05:30,1780.5,1781.1,1779.0,1779.7,562.0
2026-07-23 13:45:00+05:30,1779.3,1781.9,1779.3,1780.1,1255.0
2026-07-23 13:50:00+05:30,1780.0,1781.3,1780.0,1781.3,417.0
2026-07-23 13:55:00+05:30,1781.7,1782.0,1780.5,1781.7,873.0
2026-07-23 14:00:00+05:30,1781.5,1783.8,1780.2,1782.0,1135.0
2026-07-23 14:05:00+05:30,1783.5,1783.5,1782.0,1782.0,683.0
2026-07-23 14:10:00+05:30,1782.0,1782.5,1781.1,1781.1,907.0
2026-07-23 14:15:00+05:30,1781.4,1783.4,1781.4,1782.5,1535.0
2026-07-23 14:20:00+05:30,1782.4,1782.4,1778.7,1781.0,969.0
2026-07-23 14:25:00+05:30,1781.0,1784.0,1780.3,1781.7,1664.0
2026-07-23 14:30:00+05:30,1781.3,1782.6,1779.3,1782.6,462.0
2026-07-23 14:35:00+05:30,1782.6,1783.8,1779.9,1782.1,1346.0
2026-07-23 14:40:00+05:30,1782.1,1782.4,1777.1,1777.1,1860.0
2026-07-23 14:45:00+05:30,1777.1,1782.0,1777.1,1782.0,2333.0
2026-07-23 14:50:00+05:30,1782.4,1782.4,1773.0,1777.1,7099.0
2026-07-23 14:55:00+05:30,1777.5,1778.7,1774.1,1778.7,1426.0
2026-07-23 15:00:00+05:30,1778.8,1798.9,1775.9,1797.2,29475.0
2026-07-23 15:05:00+05:30,1797.2,1812.0,1794.4,1811.3,37677.0
2026-07-23 15:10:00+05:30,1810.3,1810.7,1805.1,1809.6,12017.0
2026-07-23 15:15:00+05:30,1809.7,1810.9,1807.0,1809.0,9986.0
2026-07-23 15:20:00+05:30,1810.0,1810.0,1804.2,1807.6,8911.0
2026-07-23 15:25:00+05:30,1807.0,1808.9,1801.1,1807.0,7336.0
2026-07-24 09:15:00+05:30,1783.0,1792.0,1778.0,1782.0,7283.0
2026-07-24 09:20:00+05:30,1780.6,1784.5,1765.7,1767.5,18149.0
2026-07-24 09:25:00+05:30,1766.5,1770.0,1764.5,1766.2,7299.0
2026-07-24 09:30:00+05:30,1766.1,1770.5,1757.1,1759.2,13015.0
2026-07-24 09:35:00+05:30,1759.7,1762.0,1757.3,1761.0,5003.0
2026-07-24 09:40:00+05:30,1761.0,1761.0,1758.5,1758.5,4912.0
2026-07-24 09:45:00+05:30,1758.6,1759.3,1753.1,1756.4,5197.0
2026-07-24 09:50:00+05:30,1756.5,1758.2,1755.0,1756.3,1811.0
2026-07-24 09:55:00+05:30,1756.2,1759.9,1753.0,1758.0,6317.0
2026-07-24 10:00:00+05:30,1758.0,1759.9,1746.0,1753.8,11105.0
2026-07-24 10:05:00+05:30,1754.7,1754.9,1752.6,1754.1,2985.0
2026-07-24 10:10:00+05:30,1755.6,1757.0,1755.0,1755.1,1446.0
2026-07-24 10:15:00+05:30,1755.1,1758.0,1755.1,1756.4,2486.0
2026-07-24 10:20:00+05:30,1756.4,1756.4,1754.0,1754.0,1494.0
2026-07-24 10:25:00+05:30,1754.2,1755.7,1754.0,1754.1,1160.0
2026-07-24 10:30:00+05:30,1755.8,1755.8,1754.2,1755.1,894.0
2026-07-24 10:35:00+05:30,1755.8,1760.0,1754.1,1760.0,563.0
2026-07-24 10:40:00+05:30,1760.0,1761.7,1759.0,1760.0,2502.0
2026-07-24 10:45:00+05:30,1761.3,1762.0,1759.3,1760.3,2003.0
2026-07-24 10:50:00+05:30,1760.5,1761.9,1757.1,1759.3,1969.0
2026-07-24 10:55:00+05:30,1759.2,1759.2,1755.2,1756.6,681.0
2026-07-24 11:00:00+05:30,1756.0,1760.0,1755.0,1756.9,5430.0
2026-07-24 11:05:00+05:30,1756.0,1758.2,1756.0,1757.0,412.0
2026-07-24 11:10:00+05:30,1760.4,1762.0,1758.0,1759.2,5904.0
2026-07-24 11:15:00+05:30,1759.2,1761.0,1758.3,1761.0,379.0
2026-07-24 11:20:00+05:30,1760.7,1761.9,1760.4,1761.8,2711.0
2026-07-24 11:25:00+05:30,1761.8,1762.0,1761.0,1761.8,1077.0
2026-07-24 11:30:00+05:30,1761.9,1763.0,1760.4,1763.0,1421.0
2026-07-24 11:35:00+05:30,1763.0,1765.0,1763.0,1764.7,1781.0
2026-07-24 11:40:00+05:30,1764.5,1767.2,1764.5,1765.0,2764.0
2026-07-24 11:45:00+05:30,1765.0,1769.1,1765.0,1766.0,3095.0
2026-07-24 11:50:00+05:30,1766.0,1768.0,1765.1,1766.8,1248.0
2026-07-24 11:55:00+05:30,1766.8,1767.5,1765.2,1766.0,1215.0
2026-07-24 12:00:00+05:30,1765.8,1766.6,1765.0,1765.0,583.0
2026-07-24 12:05:00+05:30,1765.1,1766.4,1765.0,1765.1,750.0
2026-07-24 12:10:00+05:30,1765.0,1766.4,1765.0,1765.0,1066.0
2026-07-24 12:15:00+05:30,1765.0,1767.0,1765.0,1765.8,803.0
2026-07-24 12:20:00+05:30,1767.0,1769.0,1764.7,1769.0,1389.0
2026-07-24 12:25:00+05:30,1767.8,1771.0,1765.9,1765.9,5455.0
2026-07-24 12:30:00+05:30,1768.0,1768.3,1765.0,1765.9,1903.0
2026-07-24 12:35:00+05:30,1765.0,1766.3,1763.3,1764.7,2121.0
2026-07-24 12:40:00+05:30,1764.7,1769.9,1764.7,1769.9,1755.0
2026-07-24 12:45:00+05:30,1769.0,1769.4,1765.9,1766.7,1526.0
2026-07-24 12:50:00+05:30,1769.9,1770.4,1768.4,1769.9,1901.0
2026-07-24 12:55:00+05:30,1768.9,1769.9,1765.8,1766.0,2895.0
2026-07-24 13:00:00+05:30,1766.1,1767.7,1764.0,1764.0,2266.0
2026-07-24 13:05:00+05:30,1764.1,1765.7,1763.2,1765.0,1636.0
2026-07-24 13:10:00+05:30,1765.0,1765.3,1763.1,1765.0,1234.0
2026-07-24 13:15:00+05:30,1765.0,1765.7,1763.9,1765.0,390.0
2026-07-24 13:20:00+05:30,1765.0,1767.3,1764.4,1766.7,1254.0
2026-07-24 13:25:00+05:30,1767.1,1769.8,1764.9,1765.0,783.0
2026-07-24 13:30:00+05:30,1766.0,1767.4,1764.4,1765.0,1375.0
2026-07-24 13:35:00+05:30,1765.0,1765.6,1764.0,1764.5,894.0
2026-07-24 13:40:00+05:30,1765.0,1765.0,1763.1,1764.0,253.0
2026-07-24 13:45:00+05:30,1763.1,1764.5,1763.1,1764.0,213.0
2026-07-24 13:50:00+05:30,1764.0,1766.1,1763.0,1766.1,1475.0
2026-07-24 13:55:00+05:30,1765.1,1766.3,1764.7,1765.0,771.0
2026-07-24 14:00:00+05:30,1765.7,1770.9,1764.7,1767.0,6458.0
2026-07-24 14:05:00+05:30,1768.4,1771.8,1768.4,1769.5,3438.0
2026-07-24 14:10:00+05:30,1771.1,1774.8,1770.2,1773.5,2279.0
2026-07-24 14:15:00+05:30,1773.0,1774.7,1772.2,1773.8,2072.0
2026-07-24 14:20:00+05:30,1773.0,1773.1,1770.6,1771.2,757.0
2026-07-24 14:25:00+05:30,1771.2,1773.7,1769.1,1773.7,2167.0
2026-07-24 14:30:00+05:30,1773.7,1773.7,1769.8,1769.8,1182.0
2026-07-24 14:35:00+05:30,1769.8,1772.5,1768.4,1772.5,3281.0
2026-07-24 14:40:00+05:30,1773.5,1773.6,1771.5,1773.0,955.0
2026-07-24 14:45:00+05:30,1771.8,1773.0,1771.0,1772.0,1331.0
2026-07-24 14:50:00+05:30,1772.0,1773.0,1770.0,1772.8,2180.0
2026-07-24 14:55:00+05:30,1773.8,1774.4,1772.0,1772.0,1220.0
2026-07-24 15:00:00+05:30,1773.2,1773.2,1768.8,1771.0,3476.0
2026-07-24 15:05:00+05:30,1770.9,1771.7,1766.6,1770.5,8066.0
2026-07-24 15:10:00+05:30,1770.1,1771.0,1767.0,1770.8,5577.0
2026-07-24 15:15:00+05:30,1770.6,1771.0,1766.7,1769.0,7620.0
2026-07-24 15:20:00+05:30,1769.5,1770.0,1767.0,1768.5,5292.0
2026-07-24 15:25:00+05:30,1768.4,1771.2,1765.0,1771.0,9887.0
2026-07-27 09:15:00+05:30,1613.6,1663.5,1613.6,1647.3,212845.0
2026-07-27 09:20:00+05:30,1647.2,1688.0,1644.4,1676.6,150797.0
2026-07-27 09:25:00+05:30,1677.8,1679.5,1670.0,1677.7,62115.0
2026-07-27 09:30:00+05:30,1679.0,1694.0,1675.9,1688.3,66841.0
2026-07-27 09:35:00+05:30,1688.4,1699.1,1684.0,1698.5,59141.0
2026-07-27 09:40:00+05:30,1701.0,1703.0,1684.3,1690.0,64467.0
2026-07-27 09:45:00+05:30,1690.0,1693.8,1679.0,1682.0,46467.0
2026-07-27 09:50:00+05:30,1681.4,1687.9,1675.6,1678.1,35626.0
2026-07-27 09:55:00+05:30,1678.0,1681.5,1675.0,1676.1,16147.0
2026-07-27 10:00:00+05:30,1676.9,1679.5,1670.8,1672.3,25746.0
2026-07-27 10:05:00+05:30,1673.1,1675.8,1670.0,1672.8,24050.0
2026-07-27 10:10:00+05:30,1672.9,1676.2,1670.0,1674.0,14570.0
2026-07-27 10:15:00+05:30,1674.8,1681.6,1672.2,1677.8,18515.0
2026-07-27 10:20:00+05:30,1679.2,1679.5,1666.5,1671.5,26477.0
2026-07-27 10:25:00+05:30,1672.0,1674.0,1668.0,1671.0,7985.0
2026-07-27 10:30:00+05:30,1671.0,1681.2,1668.3,1681.2,35143.0
2026-07-27 10:35:00+05:30,1680.6,1681.0,1676.0,1676.0,4909.0
2026-07-27 10:40:00+05:30,1676.0,1681.9,1675.7,1680.3,6983.0
2026-07-27 10:45:00+05:30,1681.6,1693.0,1680.3,1693.0,34668.0
2026-07-27 10:50:00+05:30,1693.0,1693.0,1681.6,1681.6,13113.0
2026-07-27 10:55:00+05:30,1681.6,1682.1,1678.2,1679.9,10595.0
2026-07-27 11:00:00+05:30,1679.9,1687.0,1676.0,1687.0,16548.0
2026-07-27 11:05:00+05:30,1685.9,1686.0,1680.9,1682.4,8557.0
2026-07-27 11:10:00+05:30,1681.9,1705.0,1680.6,1703.6,28281.0
2026-07-27 11:15:00+05:30,1703.8,1714.9,1699.0,1700.0,63739.0
2026-07-27 11:20:00+05:30,1699.0,1703.1,1695.0,1700.5,22227.0
2026-07-27 11:25:00+05:30,1701.5,1701.8,1698.0,1701.8,9641.0
2026-07-27 11:30:00+05:30,1701.8,1703.0,1698.0,1698.6,9105.0
2026-07-27 11:35:00+05:30,1699.4,1702.4,1698.6,1699.7,9351.0
2026-07-27 11:40:00+05:30,1699.7,1700.9,1696.6,1699.9,11222.0
2026-07-27 11:45:00+05:30,1700.0,1700.9,1697.2,1697.5,4598.0
2026-07-27 11:50:00+05:30,1698.2,1701.5,1695.0,1695.5,13508.0
2026-07-27 11:55:00+05:30,1695.0,1700.0,1694.0,1699.1,4024.0
2026-07-27 12:00:00+05:30,1699.0,1699.7,1697.1,1699.1,3709.0
2026-07-27 12:05:00+05:30,1699.5,1705.4,1698.6,1701.9,10913.0
2026-07-27 12:10:00+05:30,1702.0,1702.0,1698.1,1699.2,3604.0
2026-07-27 12:15:00+05:30,1700.0,1709.5,1697.0,1706.0,21268.0
2026-07-27 12:20:00+05:30,1705.4,1717.5,1705.4,1712.3,34644.0
2026-07-27 12:25:00+05:30,1712.0,1713.0,1707.2,1707.5,10418.0
2026-07-27 12:30:00+05:30,1708.0,1709.0,1704.0,1704.1,9977.0
2026-07-27 12:35:00+05:30,1704.1,1705.5,1702.7,1705.4,4805.0
2026-07-27 12:40:00+05:30,1704.7,1705.0,1701.5,1702.8,5101.0
2026-07-27 12:45:00+05:30,1702.2,1703.0,1698.0,1698.6,9999.0
2026-07-27 12:50:00+05:30,1699.9,1701.0,1698.6,1699.9,4914.0
2026-07-27 12:55:00+05:30,1699.7,1703.0,1699.0,1699.9,4249.0
2026-07-27 13:00:00+05:30,1700.7,1702.0,1699.0,1701.5,2114.0
2026-07-27 13:05:00+05:30,1700.2,1701.8,1700.0,1700.1,673.0
2026-07-27 13:10:00+05:30,1700.0,1702.0,1699.8,1700.0,5902.0
2026-07-27 13:15:00+05:30,1700.0,1704.3,1699.0,1703.2,5576.0
2026-07-27 13:20:00+05:30,1703.0,1703.0,1700.1,1701.9,2692.0
2026-07-27 13:25:00+05:30,1701.9,1702.0,1699.1,1701.8,2916.0
2026-07-27 13:30:00+05:30,1701.8,1701.8,1699.2,1699.2,2180.0
2026-07-27 13:35:00+05:30,1699.2,1699.2,1686.7,1689.0,33158.0
2026-07-27 13:40:00+05:30,1689.0,1690.8,1684.5,1686.1,8875.0
2026-07-27 13:45:00+05:30,1686.2,1688.9,1684.6,1685.7,11084.0
2026-07-27 13:50:00+05:30,1685.9,1689.3,1684.0,1687.9,8815.0
2026-07-27 13:55:00+05:30,1688.8,1689.9,1687.0,1688.8,3391.0
2026-07-27 14:00:00+05:30,1688.4,1689.2,1687.2,1688.9,2221.0
2026-07-27 14:05:00+05:30,1689.0,1691.7,1688.0,1690.0,2931.0
2026-07-27 14:10:00+05:30,1690.0,1693.1,1689.3,1693.1,3607.0
2026-07-27 14:15:00+05:30,1692.5,1693.3,1688.1,1690.4,6009.0
2026-07-27 14:20:00+05:30,1690.4,1690.4,1688.0,1688.2,3041.0
2026-07-27 14:25:00+05:30,1688.0,1689.4,1685.0,1685.5,8719.0
2026-07-27 14:30:00+05:30,1686.3,1687.0,1682.7,1683.8,9047.0
2026-07-27 14:35:00+05:30,1683.8,1691.5,1683.8,1688.8,9763.0
2026-07-27 14:40:00+05:30,1688.8,1694.0,1688.8,1690.0,10314.0
2026-07-27 14:45:00+05:30,1690.2,1691.9,1688.3,1689.3,8719.0
2026-07-27 14:50:00+05:30,1689.3,1691.0,1689.0,1689.9,3453.0
2026-07-27 14:55:00+05:30,1689.3,1699.0,1688.0,1696.1,17958.0
2026-07-27 15:00:00+05:30,1696.6,1697.0,1694.2,1697.0,12603.0
2026-07-27 15:05:00+05:30,1697.0,1699.0,1696.1,1696.9,14757.0
2026-07-27 15:10:00+05:30,1696.9,1696.9,1688.0,1689.4,24592.0
2026-07-27 15:15:00+05:30,1689.8,1689.8,1684.0,1685.0,27141.0
2026-07-27 15:20:00+05:30,1684.5,1687.5,1682.0,1683.8,32441.0
2026-07-27 15:25:00+05:30,1683.8,1686.7,1680.0,1680.2,25810.0
2026-07-28 09:15:00+05:30,1688.1,1688.1,1635.2,1646.6,74071.0
2026-07-28 09:20:00+05:30,1646.7,1649.4,1642.1,1642.1,39114.0
2026-07-28 09:25:00+05:30,1642.2,1643.0,1635.8,1637.2,31502.0
2026-07-28 09:30:00+05:30,1637.2,1640.0,1634.0,1639.2,20014.0
2026-07-28 09:35:00+05:30,1639.2,1643.9,1638.9,1643.2,17606.0
2026-07-28 09:40:00+05:30,1641.3,1643.0,1638.8,1641.9,9059.0
2026-07-28 09:45:00+05:30,1641.0,1642.4,1636.0,1638.0,8656.0
2026-07-28 09:50:00+05:30,1637.3,1640.0,1637.0,1640.0,3785.0
2026-07-28 09:55:00+05:30,1639.9,1642.8,1638.2,1640.1,6064.0
2026-07-28 10:00:00+05:30,1640.0,1640.0,1636.0,1636.5,9441.0
2026-07-28 10:05:00+05:30,1636.6,1637.8,1635.1,1636.6,5086.0
2026-07-28 10:10:00+05:30,1636.6,1640.0,1636.6,1640.0,4302.0
2026-07-28 10:15:00+05:30,1640.0,1641.8,1636.8,1638.3,4804.0
2026-07-28 10:20:00+05:30,1638.3,1640.0,1637.2,1638.8,2545.0
2026-07-28 10:25:00+05:30,1638.7,1644.2,1638.6,1643.0,6812.0
2026-07-28 10:30:00+05:30,1643.1,1645.0,1640.9,1645.0,6224.0
2026-07-28 10:35:00+05:30,1644.9,1648.5,1644.9,1648.2,5966.0
2026-07-28 10:40:00+05:30,1648.5,1648.5,1642.3,1644.0,6237.0
2026-07-28 10:45:00+05:30,1644.0,1646.0,1643.1,1644.2,3822.0
2026-07-28 10:50:00+05:30,1644.8,1645.1,1641.5,1642.0,2368.0
2026-07-28 10:55:00+05:30,1642.8,1646.5,1642.2,1646.4,2363.0
2026-07-28 11:00:00+05:30,1646.5,1646.5,1643.7,1645.0,2220.0
2026-07-28 11:05:00+05:30,1645.1,1646.7,1644.9,1646.0,1058.0
2026-07-28 11:10:00+05:30,1646.0,1647.0,1645.1,1646.0,996.0
2026-07-28 11:15:00+05:30,1646.0,1646.6,1644.6,1645.0,1622.0
2026-07-28 11:20:00+05:30,1644.0,1645.8,1642.5,1644.4,3701.0
2026-07-28 11:25:00+05:30,1644.6,1644.6,1642.5,1643.5,1494.0
2026-07-28 11:30:00+05:30,1643.0,1643.1,1639.8,1641.4,6071.0
2026-07-28 11:35:00+05:30,1642.6,1643.2,1641.1,1641.1,916.0
2026-07-28 11:40:00+05:30,1642.2,1644.6,1641.1,1644.0,2823.0
2026-07-28 11:45:00+05:30,1644.0,1645.0,1643.5,1644.0,1115.0
2026-07-28 11:50:00+05:30,1644.0,1644.0,1641.1,1641.4,474.0
2026-07-28 11:55:00+05:30,1641.4,1645.4,1641.0,1643.9,1181.0
2026-07-28 12:00:00+05:30,1644.6,1647.6,1642.0,1642.2,4805.0
2026-07-28 12:05:00+05:30,1642.5,1646.2,1642.5,1645.2,1910.0
2026-07-28 12:10:00+05:30,1645.2,1650.8,1644.2,1649.0,11095.0
2026-07-28 12:15:00+05:30,1649.8,1650.2,1647.6,1648.7,2857.0
2026-07-28 12:20:00+05:30,1649.2,1649.9,1648.0,1649.0,3020.0
2026-07-28 12:25:00+05:30,1648.6,1652.1,1642.5,1643.0,21805.0
2026-07-28 12:30:00+05:30,1643.0,1643.2,1631.2,1637.9,31102.0
2026-07-28 12:35:00+05:30,1637.9,1638.3,1632.3,1635.0,9549.0
2026-07-28 12:40:00+05:30,1636.3,1637.2,1634.0,1636.9,5535.0
2026-07-28 12:45:00+05:30,1636.9,1637.6,1633.0,1634.8,5549.0
2026-07-28 12:50:00+05:30,1634.8,1637.1,1633.8,1637.1,3545.0
2026-07-28 12:55:00+05:30,1636.3,1639.1,1635.7,1637.8,3737.0
2026-07-28 13:00:00+05:30,1636.4,1639.2,1636.3,1638.4,1668.0
2026-07-28 13:05:00+05:30,1637.9,1638.7,1636.5,1637.0,1857.0
2026-07-28 13:10:00+05:30,1637.9,1638.3,1635.5,1636.8,2349.0
2026-07-28 13:15:00+05:30,1636.8,1637.6,1636.0,1637.6,1812.0
2026-07-28 13:20:00+05:30,1637.5,1639.8,1636.0,1639.5,1917.0
2026-07-28 13:25:00+05:30,1639.9,1639.9,1638.0,1639.9,2623.0
2026-07-28 13:30:00+05:30,1639.9,1639.9,1637.5,1637.6,1891.0
2026-07-28 13:35:00+05:30,1638.0,1638.9,1636.0,1636.9,579.0
2026-07-28 13:40:00+05:30,1636.7,1638.7,1635.9,1636.0,450.0
2026-07-28 13:45:00+05:30,1636.8,1638.8,1636.0,1637.2,717.0
2026-07-28 13:50:00+05:30,1636.3,1638.0,1635.9,1637.6,1807.0
2026-07-28 13:55:00+05:30,1636.6,1639.8,1636.6,1639.4,5960.0
2026-07-28 14:00:00+05:30,1639.4,1639.4,1637.0,1637.9,1461.0
2026-07-28 14:05:00+05:30,1637.9,1638.6,1635.1,1635.5,4939.0
2026-07-28 14:10:00+05:30,1636.0,1636.3,1626.0,1626.5,23876.0
2026-07-28 14:15:00+05:30,1628.4,1629.2,1625.5,1628.5,9668.0
2026-07-28 14:20:00+05:30,1626.9,1631.0,1626.9,1630.8,4717.0
2026-07-28 14:25:00+05:30,1630.5,1634.0,1629.5,1630.5,6904.0
2026-07-28 14:30:00+05:30,1629.9,1631.4,1626.8,1630.0,6183.0
2026-07-28 14:35:00+05:30,1630.8,1632.2,1628.9,1630.0,5471.0
2026-07-28 14:40:00+05:30,1630.9,1631.3,1627.4,1629.0,2975.0
2026-07-28 14:45:00+05:30,1629.2,1631.9,1628.0,1628.2,10793.0
2026-07-28 14:50:00+05:30,1628.2,1630.9,1627.9,1630.6,1638.0
2026-07-28 14:55:00+05:30,1631.4,1643.9,1630.1,1638.2,17111.0
2026-07-28 15:00:00+05:30,1638.2,1641.8,1634.0,1639.7,9758.0
2026-07-28 15:05:00+05:30,1639.8,1643.9,1637.6,1643.9,21649.0
2026-07-28 15:10:00+05:30,1643.3,1643.9,1639.7,1641.1,10311.0
2026-07-28 15:15:00+05:30,1641.1,1643.5,1640.0,1641.9,10942.0
2026-07-28 15:20:00+05:30,1641.9,1643.1,1640.0,1641.5,11428.0
2026-07-28 15:25:00+05:30,1641.4,1643.0,1638.0,1640.0,15358.0
2026-07-29 09:15:00+05:30,1655.0,1658.4,1636.2,1650.3,24210.0
2026-07-29 09:20:00+05:30,1650.0,1651.3,1639.0,1641.7,7425.0
2026-07-29 09:25:00+05:30,1642.0,1648.8,1638.7,1640.4,11032.0
2026-07-29 09:30:00+05:30,1641.2,1646.7,1639.5,1645.0,7729.0
2026-07-29 09:35:00+05:30,1645.2,1646.7,1640.1,1644.5,3116.0
2026-07-29 09:40:00+05:30,1642.2,1646.0,1642.1,1645.0,2303.0
2026-07-29 09:45:00+05:30,1645.0,1650.0,1645.0,1648.6,4371.0
2026-07-29 09:50:00+05:30,1648.8,1649.8,1645.9,1647.9,5943.0
2026-07-29 09:55:00+05:30,1648.0,1649.2,1646.0,1647.1,2994.0
2026-07-29 10:00:00+05:30,1647.1,1653.3,1645.7,1652.5,6977.0
2026-07-29 10:05:00+05:30,1654.3,1654.4,1650.0,1652.0,2135.0
2026-07-29 10:10:00+05:30,1650.8,1652.7,1650.0,1652.4,1380.0
2026-07-29 10:15:00+05:30,1651.3,1652.3,1650.0,1652.0,2459.0
2026-07-29 10:20:00+05:30,1651.0,1654.7,1650.6,1653.3,2634.0
2026-07-29 10:25:00+05:30,1654.0,1654.5,1651.7,1651.8,1288.0
2026-07-29 10:30:00+05:30,1651.7,1653.4,1650.9,1653.3,1503.0
2026-07-29 10:35:00+05:30,1653.4,1654.9,1650.4,1651.6,3226.0
2026-07-29 10:40:00+05:30,1651.6,1653.5,1650.0,1653.0,5116.0
2026-07-29 10:45:00+05:30,1653.1,1653.9,1648.1,1648.1,1576.0
2026-07-29 10:50:00+05:30,1649.3,1651.7,1648.4,1650.5,2190.0
2026-07-29 10:55:00+05:30,1649.5,1650.5,1647.0,1647.9,1912.0
2026-07-29 11:00:00+05:30,1647.9,1649.0,1646.4,1647.7,507.0
2026-07-29 11:05:00+05:30,1646.1,1648.5,1646.1,1648.0,911.0
2026-07-29 11:10:00+05:30,1648.0,1649.0,1647.0,1647.0,956.0
2026-07-29 11:15:00+05:30,1647.2,1648.2,1646.0,1647.2,544.0
2026-07-29 11:20:00+05:30,1647.2,1648.5,1646.7,1646.7,677.0
2026-07-29 11:25:00+05:30,1648.0,1649.2,1647.5,1648.1,1108.0
2026-07-29 11:30:00+05:30,1648.1,1651.4,1647.0,1650.1,3080.0
2026-07-29 11:35:00+05:30,1650.6,1650.6,1648.0,1648.0,925.0
2026-07-29 11:40:00+05:30,1648.8,1649.5,1648.0,1649.5,638.0
2026-07-29 11:45:00+05:30,1649.0,1649.4,1648.0,1648.9,928.0
2026-07-29 11:50:00+05:30,1649.0,1649.5,1648.0,1648.1,769.0
2026-07-29 11:55:00+05:30,1647.9,1648.0,1646.0,1646.0,570.0
2026-07-29 12:00:00+05:30,1646.9,1648.6,1646.0,1648.6,1047.0
2026-07-29 12:05:00+05:30,1648.3,1649.4,1646.6,1647.9,1155.0
2026-07-29 12:10:00+05:30,1647.9,1649.4,1646.1,1647.4,2739.0
2026-07-29 12:15:00+05:30,1647.4,1647.9,1647.0,1647.0,315.0
2026-07-29 12:20:00+05:30,1647.0,1649.0,1647.0,1648.1,853.0
2026-07-29 12:25:00+05:30,1648.1,1649.0,1647.7,1648.0,1037.0
2026-07-29 12:30:00+05:30,1648.1,1648.9,1647.0,1647.5,1474.0
2026-07-29 12:35:00+05:30,1647.4,1647.4,1646.1,1647.0,375.0
2026-07-29 12:40:00+05:30,1646.5,1648.2,1646.1,1648.0,1459.0
2026-07-29 12:45:00+05:30,1646.6,1648.0,1642.0,1643.7,5794.0
2026-07-29 12:50:00+05:30,1644.9,1645.7,1643.3,1644.6,1053.0
2026-07-29 12:55:00+05:30,1644.6,1644.6,1642.4,1643.0,1688.0
2026-07-29 13:00:00+05:30,1642.4,1647.0,1642.4,1645.7,985.0
2026-07-29 13:05:00+05:30,1644.2,1646.3,1644.0,1644.8,992.0
2026-07-29 13:10:00+05:30,1645.0,1646.8,1643.5,1645.3,1406.0
2026-07-29 13:15:00+05:30,1645.0,1645.0,1643.2,1643.8,635.0
2026-07-29 13:20:00+05:30,1643.2,1644.0,1642.1,1642.8,3002.0
2026-07-29 13:25:00+05:30,1642.8,1645.0,1642.8,1644.9,403.0
2026-07-29 13:30:00+05:30,1644.7,1645.0,1643.7,1643.8,597.0
2026-07-29 13:35:00+05:30,1643.9,1644.3,1642.2,1642.9,1663.0
2026-07-29 13:40:00+05:30,1643.0,1645.0,1642.3,1644.6,1959.0
2026-07-29 13:45:00+05:30,1643.2,1644.6,1640.3,1644.5,1358.0
2026-07-29 13:50:00+05:30,1644.5,1649.0,1644.0,1645.2,2793.0
2026-07-29 13:55:00+05:30,1644.0,1645.0,1642.4,1642.5,493.0
2026-07-29 14:00:00+05:30,1643.5,1644.9,1642.4,1644.8,175.0
2026-07-29 14:05:00+05:30,1644.8,1646.6,1643.3,1646.0,629.0
2026-07-29 14:10:00+05:30,1646.0,1646.5,1643.9,1644.7,470.0
2026-07-29 14:15:00+05:30,1644.7,1644.7,1643.0,1644.6,470.0
2026-07-29 14:20:00+05:30,1644.6,1645.0,1642.9,1644.9,711.0
2026-07-29 14:25:00+05:30,1645.0,1650.1,1644.0,1650.0,4595.0
2026-07-29 14:30:00+05:30,1648.6,1648.6,1645.0,1646.0,493.0
2026-07-29 14:35:00+05:30,1644.7,1646.0,1644.4,1646.0,897.0
2026-07-29 14:40:00+05:30,1647.0,1651.9,1645.0,1648.5,5240.0
2026-07-29 14:45:00+05:30,1648.5,1651.3,1647.2,1651.0,4860.0
2026-07-29 14:50:00+05:30,1651.3,1651.3,1646.1,1648.0,2293.0
2026-07-29 14:55:00+05:30,1648.1,1648.8,1646.0,1648.6,1235.0
2026-07-29 15:00:00+05:30,1648.6,1650.5,1646.0,1650.0,6337.0
2026-07-29 15:05:00+05:30,1650.0,1651.1,1647.1,1648.2,4705.0
2026-07-29 15:10:00+05:30,1648.2,1649.0,1644.5,1648.0,5560.0
2026-07-29 15:15:00+05:30,1647.5,1648.0,1642.5,1644.4,8337.0
2026-07-29 15:20:00+05:30,1645.8,1646.7,1643.0,1644.0,4819.0
2026-07-29 15:25:00+05:30,1643.3,1654.0,1640.0,1654.0,15203.0
2026-07-30 09:15:00+05:30,1660.0,1660.0,1636.6,1640.4,14482.0
2026-07-30 09:20:00+05:30,1641.6,1646.9,1637.4,1639.6,11254.0
2026-07-30 09:25:00+05:30,1638.2,1643.0,1638.2,1640.2,2715.0
2026-07-30 09:30:00+05:30,1640.0,1641.5,1637.0,1637.0,2953.0
2026-07-30 09:35:00+05:30,1638.3,1638.7,1635.1,1637.4,3654.0
2026-07-30 09:40:00+05:30,1637.3,1637.5,1634.0,1634.0,3897.0
2026-07-30 09:45:00+05:30,1634.0,1638.1,1634.0,1634.8,4992.0
2026-07-30 09:50:00+05:30,1634.0,1637.9,1634.0,1635.3,898.0
2026-07-30 09:55:00+05:30,1635.3,1639.5,1634.8,1638.6,1937.0
2026-07-30 10:00:00+05:30,1638.5,1638.5,1634.8,1636.6,3378.0
2026-07-30 10:05:00+05:30,1636.6,1637.1,1633.1,1633.8,2287.0
2026-07-30 10:10:00+05:30,1633.8,1634.0,1630.1,1631.0,4994.0
2026-07-30 10:15:00+05:30,1632.0,1632.3,1630.2,1632.0,1720.0
2026-07-30 10:20:00+05:30,1631.6,1631.6,1622.0,1624.0,9756.0
2026-07-30 10:25:00+05:30,1624.0,1624.5,1621.0,1624.3,7702.0
2026-07-30 10:30:00+05:30,1622.8,1624.1,1621.1,1621.2,3139.0
2026-07-30 10:35:00+05:30,1622.3,1625.0,1622.2,1624.6,1862.0
2026-07-30 10:40:00+05:30,1624.6,1626.9,1623.1,1626.0,1185.0
2026-07-30 10:45:00+05:30,1626.0,1626.9,1623.0,1624.2,3278.0
2026-07-30 10:50:00+05:30,1624.1,1626.7,1624.1,1625.1,942.0
2026-07-30 10:55:00+05:30,1626.7,1629.6,1625.8,1627.0,2390.0
2026-07-30 11:00:00+05:30,1627.0,1629.8,1626.0,1629.5,1310.0
2026-07-30 11:05:00+05:30,1628.5,1629.9,1620.1,1621.8,10576.0
2026-07-30 11:10:00+05:30,1621.8,1626.4,1616.3,1617.5,26641.0
2026-07-30 11:15:00+05:30,1617.0,1617.2,1612.5,1614.0,6851.0
2026-07-30 11:20:00+05:30,1614.0,1619.4,1613.2,1618.6,3768.0
2026-07-30 11:25:00+05:30,1618.5,1622.0,1618.5,1619.2,2900.0
2026-07-30 11:30:00+05:30,1620.9,1621.8,1619.2,1621.8,2576.0
2026-07-30 11:35:00+05:30,1623.0,1623.7,1621.0,1621.8,1354.0
2026-07-30 11:40:00+05:30,1621.8,1621.9,1621.0,1621.0,613.0
2026-07-30 11:45:00+05:30,1621.8,1622.0,1618.1,1619.4,1634.0
2026-07-30 11:50:00+05:30,1619.4,1620.9,1619.1,1620.7,660.0
2026-07-30 11:55:00+05:30,1620.0,1623.0,1620.0,1623.0,810.0
2026-07-30 12:00:00+05:30,1623.0,1623.5,1621.0,1622.1,1309.0
2026-07-30 12:05:00+05:30,1622.0,1623.6,1622.0,1623.1,520.0
2026-07-30 12:10:00+05:30,1623.1,1623.1,1621.4,1622.8,461.0
2026-07-30 12:15:00+05:30,1622.8,1623.0,1621.2,1622.8,857.0
2026-07-30 12:20:00+05:30,1622.0,1625.6,1622.0,1625.1,1815.0
2026-07-30 12:25:00+05:30,1625.0,1625.5,1622.1,1625.2,1749.0
2026-07-30 12:30:00+05:30,1625.1,1629.7,1624.8,1627.0,4389.0
2026-07-30 12:35:00+05:30,1626.5,1627.6,1625.4,1625.4,532.0
2026-07-30 12:40:00+05:30,1627.2,1628.3,1624.8,1628.0,897.0
2026-07-30 12:45:00+05:30,1628.0,1629.0,1626.1,1627.5,533.0
2026-07-30 12:50:00+05:30,1627.3,1628.3,1625.0,1626.7,1596.0
2026-07-30 12:55:00+05:30,1625.7,1628.3,1625.5,1628.0,880.0
2026-07-30 13:00:00+05:30,1628.7,1628.9,1626.0,1628.2,1972.0
2026-07-30 13:05:00+05:30,1627.1,1629.0,1627.0,1628.4,418.0
2026-07-30 13:10:00+05:30,1628.1,1629.0,1627.0,1628.5,5250.0
2026-07-30 13:15:00+05:30,1627.3,1628.7,1627.0,1627.0,2852.0
2026-07-30 13:20:00+05:30,1627.9,1628.1,1627.0,1627.0,591.0
2026-07-30 13:25:00+05:30,1627.9,1628.0,1627.0,1627.4,3403.0
2026-07-30 13:30:00+05:30,1627.4,1627.7,1625.0,1625.0,3526.0
2026-07-30 13:35:00+05:30,1624.1,1625.2,1617.0,1620.0,5598.0
2026-07-30 13:40:00+05:30,1620.0,1623.0,1618.1,1621.0,1677.0
2026-07-30 13:45:00+05:30,1620.0,1620.0,1617.0,1617.6,4282.0
2026-07-30 13:50:00+05:30,1617.6,1619.0,1616.9,1618.0,3253.0
2026-07-30 13:55:00+05:30,1618.0,1618.5,1616.0,1617.0,1109.0
2026-07-30 14:00:00+05:30,1617.0,1618.5,1615.1,1617.6,4180.0
2026-07-30 14:05:00+05:30,1616.4,1617.6,1614.0,1617.6,2850.0
2026-07-30 14:10:00+05:30,1616.7,1617.4,1615.0,1615.7,963.0
2026-07-30 14:15:00+05:30,1615.7,1616.0,1615.0,1616.0,725.0
2026-07-30 14:20:00+05:30,1616.0,1618.5,1612.8,1614.5,4694.0
2026-07-30 14:25:00+05:30,1614.9,1615.5,1611.1,1612.3,3322.0
2026-07-30 14:30:00+05:30,1611.1,1617.0,1610.0,1617.0,6451.0
2026-07-30 14:35:00+05:30,1615.8,1617.1,1614.9,1616.0,845.0
2026-07-30 14:40:00+05:30,1616.2,1618.4,1614.7,1618.3,1430.0
2026-07-30 14:45:00+05:30,1617.0,1618.0,1615.6,1616.4,813.0
2026-07-30 14:50:00+05:30,1618.0,1620.3,1616.8,1619.1,2011.0
2026-07-30 14:55:00+05:30,1619.0,1624.0,1618.0,1623.0,6582.0
2026-07-30 15:00:00+05:30,1623.7,1629.0,1621.0,1625.3,21486.0
2026-07-30 15:05:00+05:30,1625.3,1627.3,1625.0,1625.1,10200.0
2026-07-30 15:10:00+05:30,1625.0,1625.9,1622.0,1622.5,9907.0
2026-07-30 15:15:00+05:30,1622.2,1624.0,1614.0,1614.9,12065.0
2026-07-30 15:20:00+05:30,1614.9,1616.5,1600.0,1605.5,35457.0
2026-07-30 15:25:00+05:30,1605.3,1608.0,1602.0,1605.0,13675.0
