dt,open,high,low,close,volume
2026-05-29 09:15:00+05:30,481.45,490.0,480.3,487.45,17431.0
2026-05-29 09:20:00+05:30,487.6,492.0,487.0,489.65,18044.0
2026-05-29 09:25:00+05:30,489.65,491.15,489.0,489.2,6383.0
2026-05-29 09:30:00+05:30,489.0,490.8,488.2,489.85,4303.0
2026-05-29 09:35:00+05:30,489.8,493.3,489.8,493.0,9393.0
2026-05-29 09:40:00+05:30,492.65,495.0,491.8,492.0,12526.0
2026-05-29 09:45:00+05:30,492.3,494.15,491.25,493.85,8227.0
2026-05-29 09:50:00+05:30,493.85,493.85,492.65,492.85,2414.0
2026-05-29 09:55:00+05:30,492.85,494.6,492.05,494.55,10470.0
2026-05-29 10:00:00+05:30,494.25,497.45,493.9,497.15,41218.0
2026-05-29 10:05:00+05:30,497.15,498.5,495.65,497.5,14825.0
2026-05-29 10:10:00+05:30,498.0,503.0,497.55,502.6,33245.0
2026-05-29 10:15:00+05:30,502.85,503.95,500.3,503.25,33359.0
2026-05-29 10:20:00+05:30,503.5,506.65,503.4,506.0,34564.0
2026-05-29 10:25:00+05:30,506.0,506.3,504.4,505.8,18296.0
2026-05-29 10:30:00+05:30,505.7,505.75,503.55,504.15,20257.0
2026-05-29 10:35:00+05:30,504.45,505.0,503.7,504.05,8504.0
2026-05-29 10:40:00+05:30,504.3,504.55,503.4,504.35,8179.0
2026-05-29 10:45:00+05:30,504.0,504.4,503.4,503.95,2728.0
2026-05-29 10:50:00+05:30,503.9,503.9,503.0,503.8,4451.0
2026-05-29 10:55:00+05:30,503.75,503.75,503.1,503.55,2860.0
2026-05-29 11:00:00+05:30,503.65,504.0,503.3,503.55,3865.0
2026-05-29 11:05:00+05:30,503.75,503.8,502.0,502.9,10302.0
2026-05-29 11:10:00+05:30,502.9,502.9,501.8,502.6,4490.0
2026-05-29 11:15:00+05:30,502.8,503.35,502.55,502.95,1783.0
2026-05-29 11:20:00+05:30,503.2,503.3,502.15,502.55,2150.0
2026-05-29 11:25:00+05:30,502.2,502.9,502.2,502.8,700.0
2026-05-29 11:30:00+05:30,502.85,505.55,502.4,504.85,16400.0
2026-05-29 11:35:00+05:30,505.05,505.1,504.1,504.4,2059.0
2026-05-29 11:40:00+05:30,504.0,505.35,504.0,505.25,6576.0
2026-05-29 11:45:00+05:30,505.25,505.35,504.55,504.9,1873.0
2026-05-29 11:50:00+05:30,505.0,505.1,504.15,504.4,692.0
2026-05-29 11:55:00+05:30,504.4,504.4,503.45,503.55,2675.0
2026-05-29 12:00:00+05:30,503.8,503.8,503.45,503.75,681.0
2026-05-29 12:05:00+05:30,503.75,506.0,503.3,505.5,12129.0
2026-05-29 12:10:00+05:30,505.85,505.85,504.25,504.9,3154.0
2026-05-29 12:15:00+05:30,504.95,505.2,503.75,504.65,2172.0
2026-05-29 12:20:00+05:30,505.0,505.85,504.1,505.5,3003.0
2026-05-29 12:25:00+05:30,505.5,505.7,505.0,505.45,757.0
2026-05-29 12:30:00+05:30,505.45,505.75,505.1,505.5,803.0
2026-05-29 12:35:00+05:30,505.25,507.0,505.05,506.8,14705.0
2026-05-29 12:40:00+05:30,506.25,506.7,504.7,505.05,9984.0
2026-05-29 12:45:00+05:30,505.0,505.2,500.5,501.85,22368.0
2026-05-29 12:50:00+05:30,501.5,501.95,500.05,500.7,11456.0
2026-05-29 12:55:00+05:30,500.65,500.9,500.0,500.35,6745.0
2026-05-29 13:00:00+05:30,500.7,501.7,500.3,500.4,5872.0
2026-05-29 13:05:00+05:30,500.75,501.25,500.25,501.05,3436.0
2026-05-29 13:10:00+05:30,501.3,502.45,500.35,501.7,5974.0
2026-05-29 13:15:00+05:30,501.7,501.7,500.0,500.35,3647.0
2026-05-29 13:20:00+05:30,500.65,501.2,500.25,500.25,3484.0
2026-05-29 13:25:00+05:30,500.65,500.85,500.0,500.3,3453.0
2026-05-29 13:30:00+05:30,500.6,500.95,500.25,500.55,3212.0
2026-05-29 13:35:00+05:30,500.5,501.4,500.25,501.25,3399.0
2026-05-29 13:40:00+05:30,501.0,501.7,500.65,501.15,5522.0
2026-05-29 13:45:00+05:30,501.3,501.3,500.65,500.7,2308.0
2026-05-29 13:50:00+05:30,500.7,500.85,499.5,500.0,17723.0
2026-05-29 13:55:00+05:30,500.35,500.55,500.0,500.45,2579.0
2026-05-29 14:00:00+05:30,500.65,500.65,500.0,500.6,3099.0
2026-05-29 14:05:00+05:30,500.35,500.55,500.1,500.15,2433.0
2026-05-29 14:10:00+05:30,500.45,500.7,499.35,499.75,16504.0
2026-05-29 14:15:00+05:30,499.75,500.7,499.5,499.5,3513.0
2026-05-29 14:20:00+05:30,499.75,499.8,498.8,499.4,1734.0
2026-05-29 14:25:00+05:30,499.15,500.25,498.45,500.25,4093.0
2026-05-29 14:30:00+05:30,500.0,500.95,499.9,500.65,9250.0
2026-05-29 14:35:00+05:30,500.65,501.7,500.0,500.0,9419.0
2026-05-29 14:40:00+05:30,500.0,500.25,499.5,500.0,5222.0
2026-05-29 14:45:00+05:30,500.0,500.3,499.75,500.0,1715.0
2026-05-29 14:50:00+05:30,500.0,500.4,499.95,500.0,2660.0
2026-05-29 14:55:00+05:30,499.95,500.9,499.55,500.9,7517.0
2026-05-29 15:00:00+05:30,500.45,503.0,500.45,502.4,26659.0
2026-05-29 15:05:00+05:30,502.1,506.6,502.0,505.7,44317.0
2026-05-29 15:10:00+05:30,505.7,507.25,504.65,506.75,47374.0
2026-05-29 15:15:00+05:30,506.75,509.75,506.55,509.4,56526.0
2026-05-29 15:20:00+05:30,509.4,512.0,509.0,511.75,51088.0
2026-05-29 15:25:00+05:30,511.45,512.0,494.1,504.7,70640.0
2026-06-01 09:15:00+05:30,507.0,511.4,501.5,508.55,13824.0
2026-06-01 09:20:00+05:30,507.9,507.9,502.2,502.8,10375.0
2026-06-01 09:25:00+05:30,502.8,503.9,500.55,501.35,4860.0
2026-06-01 09:30:00+05:30,501.35,503.2,500.45,502.8,8363.0
2026-06-01 09:35:00+05:30,502.75,502.95,500.3,502.2,3667.0
2026-06-01 09:40:00+05:30,502.7,502.75,496.95,498.5,10569.0
2026-06-01 09:45:00+05:30,498.95,499.4,497.55,497.65,2068.0
2026-06-01 09:50:00+05:30,497.9,499.5,496.2,496.95,8499.0
2026-06-01 09:55:00+05:30,496.95,497.3,494.7,496.35,8392.0
2026-06-01 10:00:00+05:30,496.4,496.65,495.0,495.4,3782.0
2026-06-01 10:05:00+05:30,495.1,496.2,495.0,495.55,1692.0
2026-06-01 10:10:00+05:30,495.8,496.65,495.15,496.1,1977.0
2026-06-01 10:15:00+05:30,496.35,497.25,495.9,496.65,1271.0
2026-06-01 10:20:00+05:30,496.25,496.8,495.5,496.35,2739.0
2026-06-01 10:25:00+05:30,496.35,497.2,495.85,496.1,1748.0
2026-06-01 10:30:00+05:30,495.55,496.15,495.05,495.1,3422.0
2026-06-01 10:35:00+05:30,495.2,495.75,493.0,494.65,5900.0
2026-06-01 10:40:00+05:30,495.25,495.25,494.2,494.85,911.0
2026-06-01 10:45:00+05:30,495.3,496.3,495.3,496.3,1879.0
2026-06-01 10:50:00+05:30,496.15,497.9,496.15,497.85,1475.0
2026-06-01 10:55:00+05:30,498.0,500.0,497.6,499.15,6731.0
2026-06-01 11:00:00+05:30,499.45,500.0,499.0,499.25,2193.0
2026-06-01 11:05:00+05:30,499.45,499.5,498.5,498.5,964.0
2026-06-01 11:10:00+05:30,498.75,499.0,497.4,497.4,1204.0
2026-06-01 11:15:00+05:30,497.75,499.1,497.4,497.8,2792.0
2026-06-01 11:20:00+05:30,497.8,497.8,496.7,497.1,2512.0
2026-06-01 11:25:00+05:30,497.0,497.1,496.3,496.6,268.0
2026-06-01 11:30:00+05:30,496.3,496.55,495.4,496.4,1932.0
2026-06-01 11:35:00+05:30,495.85,496.7,495.85,496.2,403.0
2026-06-01 11:40:00+05:30,496.2,498.0,496.0,497.15,5274.0
2026-06-01 11:45:00+05:30,497.15,497.15,496.55,496.85,129.0
2026-06-01 11:50:00+05:30,496.8,497.8,496.75,497.15,1781.0
2026-06-01 11:55:00+05:30,496.95,497.15,496.0,496.1,710.0
2026-06-01 12:00:00+05:30,495.75,497.0,495.7,496.9,1449.0
2026-06-01 12:05:00+05:30,496.9,496.95,496.5,496.5,271.0
2026-06-01 12:10:00+05:30,496.5,496.5,495.75,496.25,223.0
2026-06-01 12:15:00+05:30,496.5,496.5,496.05,496.2,203.0
2026-06-01 12:20:00+05:30,496.1,496.65,495.85,496.65,813.0
2026-06-01 12:25:00+05:30,496.3,497.6,496.0,497.2,956.0
2026-06-01 12:30:00+05:30,497.1,497.55,496.9,497.2,2280.0
2026-06-01 12:35:00+05:30,497.3,497.3,496.25,496.7,394.0
2026-06-01 12:40:00+05:30,496.15,496.45,496.05,496.45,71.0
2026-06-01 12:45:00+05:30,496.15,496.5,496.05,496.5,207.0
2026-06-01 12:50:00+05:30,496.5,497.15,496.45,496.85,341.0
2026-06-01 12:55:00+05:30,496.85,497.6,496.85,497.2,468.0
2026-06-01 13:00:00+05:30,497.25,498.0,496.95,497.7,336.0
2026-06-01 13:05:00+05:30,497.7,498.1,497.55,497.55,309.0
2026-06-01 13:10:00+05:30,497.55,497.85,496.5,496.6,5592.0
2026-06-01 13:15:00+05:30,496.6,496.6,496.45,496.5,103.0
2026-06-01 13:20:00+05:30,496.5,496.5,494.75,495.25,4670.0
2026-06-01 13:25:00+05:30,495.25,495.3,494.75,495.1,226.0
2026-06-01 13:30:00+05:30,495.1,495.1,494.3,494.3,1391.0
2026-06-01 13:35:00+05:30,494.5,495.0,494.3,494.3,361.0
2026-06-01 13:40:00+05:30,494.05,494.7,494.0,494.0,1278.0
2026-06-01 13:45:00+05:30,494.0,494.35,493.7,493.85,1801.0
2026-06-01 13:50:00+05:30,493.85,494.5,493.55,493.85,2202.0
2026-06-01 13:55:00+05:30,494.1,494.5,493.9,494.0,1045.0
2026-06-01 14:00:00+05:30,494.25,494.3,493.8,494.05,764.0
2026-06-01 14:05:00+05:30,494.0,494.35,492.85,493.25,6935.0
2026-06-01 14:10:00+05:30,493.35,493.35,492.0,492.15,1775.0
2026-06-01 14:15:00+05:30,492.15,492.3,491.0,492.3,2013.0
2026-06-01 14:20:00+05:30,491.5,492.2,491.25,491.85,2777.0
2026-06-01 14:25:00+05:30,491.6,492.3,491.6,492.25,1138.0
2026-06-01 14:30:00+05:30,491.85,492.0,490.7,491.8,2782.0
2026-06-01 14:35:00+05:30,491.35,492.5,491.05,492.5,1359.0
2026-06-01 14:40:00+05:30,492.6,494.0,492.35,494.0,2811.0
2026-06-01 14:45:00+05:30,494.3,500.55,493.8,499.5,10405.0
2026-06-01 14:50:00+05:30,499.6,499.6,497.65,499.15,4179.0
2026-06-01 14:55:00+05:30,499.2,499.55,498.3,498.7,3647.0
2026-06-01 15:00:00+05:30,498.55,498.85,496.15,498.55,4856.0
2026-06-01 15:05:00+05:30,498.55,498.8,497.2,497.7,2309.0
2026-06-01 15:10:00+05:30,497.9,497.9,494.6,495.5,9698.0
2026-06-01 15:15:00+05:30,495.5,496.1,491.9,493.5,15020.0
2026-06-01 15:20:00+05:30,493.5,493.75,492.0,492.0,1988.0
2026-06-01 15:25:00+05:30,492.1,498.0,490.55,498.0,8367.0
2026-06-02 09:15:00+05:30,496.0,509.3,492.5,508.15,22288.0
2026-06-02 09:20:00+05:30,508.7,511.65,506.4,507.85,26204.0
2026-06-02 09:25:00+05:30,507.9,507.95,504.15,504.6,15942.0
2026-06-02 09:30:00+05:30,504.6,504.6,501.45,502.05,8383.0
2026-06-02 09:35:00+05:30,502.1,505.0,501.15,503.75,6081.0
2026-06-02 09:40:00+05:30,503.6,504.75,502.2,502.4,3566.0
2026-06-02 09:45:00+05:30,502.15,502.55,500.95,501.9,6912.0
2026-06-02 09:50:00+05:30,502.0,503.1,500.6,502.65,7427.0
2026-06-02 09:55:00+05:30,502.8,504.0,502.1,502.7,7697.0
2026-06-02 10:00:00+05:30,502.35,505.15,502.35,504.7,7115.0
2026-06-02 10:05:00+05:30,504.9,505.0,503.7,504.5,1758.0
2026-06-02 10:10:00+05:30,504.3,505.85,504.05,505.3,6982.0
2026-06-02 10:15:00+05:30,505.3,505.3,503.6,504.7,3302.0
2026-06-02 10:20:00+05:30,504.75,505.8,504.6,504.65,4604.0
2026-06-02 10:25:00+05:30,504.75,506.0,503.9,505.7,3052.0
2026-06-02 10:30:00+05:30,505.7,505.95,504.35,504.8,1715.0
2026-06-02 10:35:00+05:30,505.05,505.95,504.15,505.95,2488.0
2026-06-02 10:40:00+05:30,506.0,507.0,505.5,505.5,1578.0
2026-06-02 10:45:00+05:30,505.25,506.0,504.65,504.8,1714.0
2026-06-02 10:50:00+05:30,505.4,505.4,504.1,504.55,1830.0
2026-06-02 10:55:00+05:30,504.1,505.15,503.55,504.3,2518.0
2026-06-02 11:00:00+05:30,504.6,505.15,503.6,503.6,1621.0
2026-06-02 11:05:00+05:30,504.05,504.05,502.4,502.8,3493.0
2026-06-02 11:10:00+05:30,503.15,503.8,502.8,503.4,939.0
2026-06-02 11:15:00+05:30,503.3,503.7,501.85,502.15,2708.0
2026-06-02 11:20:00+05:30,502.0,502.0,500.3,500.85,4681.0
2026-06-02 11:25:00+05:30,501.25,501.25,500.35,500.7,596.0
2026-06-02 11:30:00+05:30,500.65,501.0,500.15,500.4,1101.0
2026-06-02 11:35:00+05:30,500.1,500.85,500.05,500.15,976.0
2026-06-02 11:40:00+05:30,500.2,501.05,500.2,500.9,753.0
2026-06-02 11:45:00+05:30,500.9,500.9,499.05,499.3,5198.0
2026-06-02 11:50:00+05:30,499.7,500.0,499.1,499.5,974.0
2026-06-02 11:55:00+05:30,499.5,499.5,498.2,498.5,7319.0
2026-06-02 12:00:00+05:30,498.8,499.9,498.15,498.45,1104.0
2026-06-02 12:05:00+05:30,498.35,499.45,498.3,498.3,739.0
2026-06-02 12:10:00+05:30,498.0,499.0,498.0,498.35,1479.0
2026-06-02 12:15:00+05:30,498.15,498.8,498.15,498.2,1248.0
2026-06-02 12:20:00+05:30,498.6,499.0,498.0,498.05,977.0
2026-06-02 12:25:00+05:30,498.35,498.35,497.0,497.0,2588.0
2026-06-02 12:30:00+05:30,497.0,501.75,496.65,501.65,2441.0
2026-06-02 12:35:00+05:30,501.05,501.05,498.85,498.85,2798.0
2026-06-02 12:40:00+05:30,498.4,500.1,498.35,499.55,741.0
2026-06-02 12:45:00+05:30,499.8,500.1,499.05,500.05,839.0
2026-06-02 12:50:00+05:30,500.05,500.9,499.75,500.6,1319.0
2026-06-02 12:55:00+05:30,500.25,500.85,499.4,500.55,694.0
2026-06-02 13:00:00+05:30,500.5,500.85,500.05,500.05,537.0
2026-06-02 13:05:00+05:30,500.15,501.75,500.15,501.0,2688.0
2026-06-02 13:10:00+05:30,501.4,502.45,501.1,501.95,2554.0
2026-06-02 13:15:00+05:30,501.85,502.5,500.75,502.35,1522.0
2026-06-02 13:20:00+05:30,502.65,503.3,502.05,502.05,1482.0
2026-06-02 13:25:00+05:30,502.55,503.7,502.1,503.0,1387.0
2026-06-02 13:30:00+05:30,503.5,503.5,502.25,502.4,3138.0
2026-06-02 13:35:00+05:30,502.8,502.8,500.4,500.95,1114.0
2026-06-02 13:40:00+05:30,501.0,501.45,500.2,500.8,1615.0
2026-06-02 13:45:00+05:30,500.45,501.0,500.35,500.35,598.0
2026-06-02 13:50:00+05:30,500.7,501.75,500.35,501.75,1234.0
2026-06-02 13:55:00+05:30,501.3,502.7,501.25,502.2,1299.0
2026-06-02 14:00:00+05:30,502.4,503.3,502.0,503.3,388.0
2026-06-02 14:05:00+05:30,503.3,503.3,502.5,503.15,675.0
2026-06-02 14:10:00+05:30,502.75,503.45,502.5,503.25,3528.0
2026-06-02 14:15:00+05:30,502.9,503.2,501.85,501.85,986.0
2026-06-02 14:20:00+05:30,502.1,503.0,501.9,502.6,1059.0
2026-06-02 14:25:00+05:30,502.6,502.7,501.6,502.0,1233.0
2026-06-02 14:30:00+05:30,502.0,503.55,502.0,503.2,1376.0
2026-06-02 14:35:00+05:30,503.0,504.45,502.15,502.45,1860.0
2026-06-02 14:40:00+05:30,502.45,502.7,501.8,502.35,1109.0
2026-06-02 14:45:00+05:30,502.4,503.9,502.3,503.5,2417.0
2026-06-02 14:50:00+05:30,503.5,505.1,503.0,504.3,12732.0
2026-06-02 14:55:00+05:30,504.0,504.15,503.0,503.15,2873.0
2026-06-02 15:00:00+05:30,503.05,503.05,497.75,499.3,12396.0
2026-06-02 15:05:00+05:30,499.3,499.95,498.25,499.75,10314.0
2026-06-02 15:10:00+05:30,500.0,500.0,499.0,499.0,1665.0
2026-06-02 15:15:00+05:30,499.0,499.05,498.0,498.3,5943.0
2026-06-02 15:20:00+05:30,498.3,498.3,494.25,496.7,23487.0
2026-06-02 15:25:00+05:30,496.55,499.95,495.5,495.9,9892.0
2026-06-03 09:15:00+05:30,498.95,501.5,496.0,498.65,5411.0
2026-06-03 09:20:00+05:30,498.95,501.0,498.7,500.25,3125.0
2026-06-03 09:25:00+05:30,499.9,501.0,499.4,499.6,3660.0
2026-06-03 09:30:00+05:30,499.85,501.15,499.15,500.45,5974.0
2026-06-03 09:35:00+05:30,500.75,500.75,499.1,499.9,3975.0
2026-06-03 09:40:00+05:30,499.9,500.5,499.05,499.95,2591.0
2026-06-03 09:45:00+05:30,500.35,500.45,499.45,500.1,2339.0
2026-06-03 09:50:00+05:30,499.6,500.5,499.0,499.4,1796.0
2026-06-03 09:55:00+05:30,499.05,499.75,498.05,498.35,1222.0
2026-06-03 10:00:00+05:30,498.45,498.45,497.1,497.8,763.0
2026-06-03 10:05:00+05:30,497.6,499.05,497.5,498.5,1283.0
2026-06-03 10:10:00+05:30,498.5,498.85,497.45,498.75,1577.0
2026-06-03 10:15:00+05:30,498.7,498.9,497.6,498.1,817.0
2026-06-03 10:20:00+05:30,498.35,500.2,498.05,499.6,1895.0
2026-06-03 10:25:00+05:30,499.4,499.95,498.35,498.9,769.0
2026-06-03 10:30:00+05:30,499.2,499.55,497.2,498.35,2562.0
2026-06-03 10:35:00+05:30,498.0,498.95,497.7,498.4,641.0
2026-06-03 10:40:00+05:30,498.6,499.7,498.1,498.65,666.0
2026-06-03 10:45:00+05:30,498.85,499.65,498.5,499.6,1089.0
2026-06-03 10:50:00+05:30,499.35,499.75,498.8,499.15,1352.0
2026-06-03 10:55:00+05:30,498.8,499.75,498.6,498.95,492.0
2026-06-03 11:00:00+05:30,499.3,499.3,498.45,498.6,429.0
2026-06-03 11:05:00+05:30,498.1,498.5,497.55,497.7,2697.0
2026-06-03 11:10:00+05:30,497.55,498.05,497.05,497.55,571.0
2026-06-03 11:15:00+05:30,497.7,497.7,496.1,496.1,1857.0
2026-06-03 11:20:00+05:30,496.0,496.45,494.85,495.45,2045.0
2026-06-03 11:25:00+05:30,495.35,496.1,495.05,496.1,1368.0
2026-06-03 11:30:00+05:30,495.75,495.8,491.8,494.75,6689.0
2026-06-03 11:35:00+05:30,494.0,494.65,493.7,494.3,533.0
2026-06-03 11:40:00+05:30,494.65,494.95,493.65,493.8,482.0
2026-06-03 11:45:00+05:30,493.3,494.0,493.2,493.75,437.0
2026-06-03 11:50:00+05:30,494.2,494.2,493.15,493.2,835.0
2026-06-03 11:55:00+05:30,493.75,493.75,492.0,492.85,1911.0
2026-06-03 12:00:00+05:30,492.8,492.8,491.3,491.9,1329.0
2026-06-03 12:05:00+05:30,492.1,492.65,491.05,491.55,1587.0
2026-06-03 12:10:00+05:30,491.65,491.7,489.9,490.8,4555.0
2026-06-03 12:15:00+05:30,490.2,490.95,490.1,490.1,1007.0
2026-06-03 12:20:00+05:30,490.15,490.5,489.7,489.85,1043.0
2026-06-03 12:25:00+05:30,490.3,490.8,489.5,490.8,489.0
2026-06-03 12:30:00+05:30,490.95,492.0,490.3,491.3,1879.0
2026-06-03 12:35:00+05:30,491.7,492.85,491.35,492.8,954.0
2026-06-03 12:40:00+05:30,492.4,493.7,492.4,493.3,721.0
2026-06-03 12:45:00+05:30,493.5,493.6,491.45,491.85,4490.0
2026-06-03 12:50:00+05:30,491.45,491.95,490.75,491.05,1203.0
2026-06-03 12:55:00+05:30,490.85,491.15,490.35,490.85,864.0
2026-06-03 13:00:00+05:30,491.1,491.5,490.8,490.8,576.0
2026-06-03 13:05:00+05:30,491.25,491.25,490.5,490.55,284.0
2026-06-03 13:10:00+05:30,491.0,491.0,489.4,490.6,1741.0
2026-06-03 13:15:00+05:30,490.65,490.9,490.3,490.8,259.0
2026-06-03 13:20:00+05:30,490.85,491.0,490.1,490.55,283.0
2026-06-03 13:25:00+05:30,491.2,491.85,490.8,491.35,1950.0
2026-06-03 13:30:00+05:30,491.35,491.8,491.0,491.35,390.0
2026-06-03 13:35:00+05:30,491.35,491.45,491.1,491.1,152.0
2026-06-03 13:40:00+05:30,491.1,491.1,490.75,490.9,948.0
2026-06-03 13:45:00+05:30,491.1,492.85,491.1,492.5,3042.0
2026-06-03 13:50:00+05:30,492.45,492.85,491.65,491.65,259.0
2026-06-03 13:55:00+05:30,492.0,492.35,491.5,492.35,278.0
2026-06-03 14:00:00+05:30,492.15,493.1,492.0,493.1,293.0
2026-06-03 14:05:00+05:30,493.15,494.85,492.4,494.4,6955.0
2026-06-03 14:10:00+05:30,494.45,494.5,493.5,494.0,570.0
2026-06-03 14:15:00+05:30,494.0,494.55,493.95,494.55,500.0
2026-06-03 14:20:00+05:30,494.3,495.25,494.0,494.85,2016.0
2026-06-03 14:25:00+05:30,494.65,501.0,493.9,500.3,11233.0
2026-06-03 14:30:00+05:30,500.25,501.2,500.1,500.6,4385.0
2026-06-03 14:35:00+05:30,500.15,500.9,499.75,500.35,2809.0
2026-06-03 14:40:00+05:30,501.1,502.2,500.5,501.45,3958.0
2026-06-03 14:45:00+05:30,501.45,501.95,501.05,501.6,655.0
2026-06-03 14:50:00+05:30,501.4,501.8,500.8,501.45,3073.0
2026-06-03 14:55:00+05:30,501.1,501.65,500.8,501.2,1047.0
2026-06-03 15:00:00+05:30,501.15,501.15,499.05,499.5,3983.0
2026-06-03 15:05:00+05:30,499.7,501.1,499.7,500.15,3301.0
2026-06-03 15:10:00+05:30,500.0,500.65,499.0,500.05,3047.0
2026-06-03 15:15:00+05:30,500.55,501.2,499.55,500.75,5361.0
2026-06-03 15:20:00+05:30,500.6,503.0,499.55,503.0,11181.0
2026-06-03 15:25:00+05:30,503.25,505.8,502.5,505.45,27405.0
2026-06-04 09:15:00+05:30,502.65,508.0,500.15,506.6,6812.0
2026-06-04 09:20:00+05:30,506.1,507.1,505.0,506.0,3961.0
2026-06-04 09:25:00+05:30,505.05,506.0,502.0,502.0,11867.0
2026-06-04 09:30:00+05:30,502.0,504.35,500.15,503.4,10634.0
2026-06-04 09:35:00+05:30,503.7,504.2,501.8,502.55,730.0
2026-06-04 09:40:00+05:30,502.75,504.5,501.85,503.15,2574.0
2026-06-04 09:45:00+05:30,503.5,504.45,503.35,503.35,892.0
2026-06-04 09:50:00+05:30,503.95,504.0,502.15,504.0,2429.0
2026-06-04 09:55:00+05:30,504.05,504.35,503.25,503.6,913.0
2026-06-04 10:00:00+05:30,503.8,504.35,503.0,503.0,1202.0
2026-06-04 10:05:00+05:30,503.0,504.25,502.85,503.55,3951.0
2026-06-04 10:10:00+05:30,503.45,503.95,503.35,503.7,795.0
2026-06-04 10:15:00+05:30,503.9,503.9,503.0,503.85,2723.0
2026-06-04 10:20:00+05:30,504.15,504.35,503.0,504.35,1094.0
2026-06-04 10:25:00+05:30,504.35,504.35,502.6,503.7,868.0
2026-06-04 10:30:00+05:30,503.7,503.7,502.8,503.0,964.0
2026-06-04 10:35:00+05:30,503.35,504.2,502.8,503.55,1681.0
2026-06-04 10:40:00+05:30,502.6,502.8,502.6,502.6,674.0
2026-06-04 10:45:00+05:30,502.65,502.8,501.6,502.8,1226.0
2026-06-04 10:50:00+05:30,502.25,509.95,502.25,508.75,16417.0
2026-06-04 10:55:00+05:30,509.0,509.0,507.5,507.85,3627.0
2026-06-04 11:00:00+05:30,508.1,508.45,506.0,506.0,3715.0
2026-06-04 11:05:00+05:30,506.35,507.1,505.05,506.0,2064.0
2026-06-04 11:10:00+05:30,506.1,506.2,504.25,504.25,2405.0
2026-06-04 11:15:00+05:30,504.85,505.0,504.55,504.85,625.0
2026-06-04 11:20:00+05:30,504.3,505.0,504.15,504.4,698.0
2026-06-04 11:25:00+05:30,504.45,504.95,504.3,504.3,967.0
2026-06-04 11:30:00+05:30,504.0,504.0,503.15,503.55,1776.0
2026-06-04 11:35:00+05:30,504.0,504.4,503.35,503.7,1571.0
2026-06-04 11:40:00+05:30,503.45,504.0,503.45,503.75,569.0
2026-06-04 11:45:00+05:30,504.0,504.05,502.35,503.0,1519.0
2026-06-04 11:50:00+05:30,502.7,502.9,502.15,502.55,71.0
2026-06-04 11:55:00+05:30,502.15,503.0,502.15,503.0,515.0
2026-06-04 12:00:00+05:30,503.0,503.0,502.5,503.0,360.0
2026-06-04 12:05:00+05:30,502.35,503.05,502.0,502.5,892.0
2026-06-04 12:10:00+05:30,502.15,502.9,502.15,502.6,2220.0
2026-06-04 12:15:00+05:30,502.6,502.85,502.0,502.7,1783.0
2026-06-04 12:20:00+05:30,502.85,502.85,501.85,501.85,742.0
2026-06-04 12:25:00+05:30,501.85,502.6,501.85,502.3,1476.0
2026-06-04 12:30:00+05:30,502.5,502.5,501.1,501.15,1521.0
2026-06-04 12:35:00+05:30,501.15,501.2,500.8,501.2,687.0
2026-06-04 12:40:00+05:30,501.2,501.2,500.6,501.1,186.0
2026-06-04 12:45:00+05:30,501.1,501.35,500.7,501.35,597.0
2026-06-04 12:50:00+05:30,501.5,501.5,500.55,500.75,657.0
2026-06-04 12:55:00+05:30,500.75,501.0,500.7,500.7,50.0
2026-06-04 13:00:00+05:30,500.7,501.0,500.0,500.95,1416.0
2026-06-04 13:05:00+05:30,501.0,501.0,500.45,500.85,1556.0
2026-06-04 13:10:00+05:30,500.85,500.85,500.0,500.0,701.0
2026-06-04 13:15:00+05:30,500.3,500.75,499.75,500.55,3078.0
2026-06-04 13:20:00+05:30,500.95,501.0,500.6,500.85,228.0
2026-06-04 13:25:00+05:30,501.4,502.0,500.95,501.35,571.0
2026-06-04 13:30:00+05:30,501.75,502.0,501.75,501.95,505.0
2026-06-04 13:35:00+05:30,502.45,502.6,501.85,502.0,276.0
2026-06-04 13:40:00+05:30,502.15,502.15,500.75,501.35,1755.0
2026-06-04 13:45:00+05:30,501.55,501.55,500.55,500.55,532.0
2026-06-04 13:50:00+05:30,500.55,501.45,500.55,501.3,1255.0
2026-06-04 13:55:00+05:30,501.15,501.4,501.15,501.4,330.0
2026-06-04 14:00:00+05:30,501.35,502.15,501.0,501.05,924.0
2026-06-04 14:05:00+05:30,501.15,501.55,500.9,500.9,311.0
2026-06-04 14:10:00+05:30,501.15,501.55,500.3,500.8,264.0
2026-06-04 14:15:00+05:30,500.85,501.25,500.4,500.95,258.0
2026-06-04 14:20:00+05:30,500.75,501.05,500.4,500.45,2105.0
2026-06-04 14:25:00+05:30,500.45,500.8,500.4,500.75,283.0
2026-06-04 14:30:00+05:30,500.9,501.45,500.35,501.2,542.0
2026-06-04 14:35:00+05:30,501.0,501.55,500.35,500.35,911.0
2026-06-04 14:40:00+05:30,500.85,501.05,500.0,500.45,766.0
2026-06-04 14:45:00+05:30,500.05,500.8,500.0,500.1,2232.0
2026-06-04 14:50:00+05:30,500.6,500.6,500.05,500.05,177.0
2026-06-04 14:55:00+05:30,500.05,500.75,500.05,500.4,895.0
2026-06-04 15:00:00+05:30,500.35,500.6,500.0,500.2,2489.0
2026-06-04 15:05:00+05:30,500.45,502.0,500.0,500.85,5615.0
2026-06-04 15:10:00+05:30,501.05,502.85,500.75,502.85,3249.0
2026-06-04 15:15:00+05:30,502.5,502.6,501.0,501.4,3029.0
2026-06-04 15:20:00+05:30,501.55,503.0,501.0,502.15,4946.0
2026-06-04 15:25:00+05:30,501.5,502.9,500.2,502.65,6042.0
2026-06-05 09:15:00+05:30,502.45,506.6,502.0,504.05,6737.0
2026-06-05 09:20:00+05:30,504.05,504.5,499.9,501.9,15161.0
2026-06-05 09:25:00+05:30,501.9,502.0,499.05,499.6,4155.0
2026-06-05 09:30:00+05:30,500.0,500.6,498.15,499.65,2261.0
2026-06-05 09:35:00+05:30,499.95,500.75,499.05,499.85,3036.0
2026-06-05 09:40:00+05:30,500.0,501.0,499.3,501.0,1780.0
2026-06-05 09:45:00+05:30,501.55,501.55,499.35,499.8,3193.0
2026-06-05 09:50:00+05:30,501.2,501.2,499.55,499.55,2772.0
2026-06-05 09:55:00+05:30,499.7,500.25,499.35,500.25,703.0
2026-06-05 10:00:00+05:30,499.65,500.35,499.05,499.75,843.0
2026-06-05 10:05:00+05:30,500.05,501.25,499.2,500.8,530.0
2026-06-05 10:10:00+05:30,500.8,501.5,500.5,501.15,625.0
2026-06-05 10:15:00+05:30,500.75,501.4,500.45,500.65,2784.0
2026-06-05 10:20:00+05:30,499.15,499.6,497.75,498.25,6689.0
2026-06-05 10:25:00+05:30,498.15,498.75,496.6,497.1,2698.0
2026-06-05 10:30:00+05:30,497.0,497.4,496.5,496.5,1547.0
2026-06-05 10:35:00+05:30,496.5,496.5,495.15,495.45,5028.0
2026-06-05 10:40:00+05:30,495.3,495.9,495.0,495.15,2382.0
2026-06-05 10:45:00+05:30,495.0,495.0,494.15,494.95,1103.0
2026-06-05 10:50:00+05:30,494.75,495.55,494.75,495.25,765.0
2026-06-05 10:55:00+05:30,494.85,495.6,494.85,495.6,699.0
2026-06-05 11:00:00+05:30,496.1,496.1,495.3,495.9,382.0
2026-06-05 11:05:00+05:30,495.85,495.95,495.25,495.55,308.0
2026-06-05 11:10:00+05:30,495.4,495.7,494.5,494.5,1143.0
2026-06-05 11:15:00+05:30,494.35,495.2,494.35,494.8,1074.0
2026-06-05 11:20:00+05:30,494.9,495.2,494.35,495.2,595.0
2026-06-05 11:25:00+05:30,495.05,495.3,494.6,495.1,1265.0
2026-06-05 11:30:00+05:30,495.35,496.2,495.35,495.7,809.0
2026-06-05 11:35:00+05:30,495.35,495.85,495.35,495.6,311.0
2026-06-05 11:40:00+05:30,495.8,496.65,495.6,495.85,1600.0
2026-06-05 11:45:00+05:30,495.65,496.2,495.65,496.2,184.0
2026-06-05 11:50:00+05:30,496.2,496.2,495.7,495.85,249.0
2026-06-05 11:55:00+05:30,495.7,495.85,494.9,495.0,4286.0
2026-06-05 12:00:00+05:30,495.0,496.0,495.0,495.45,2573.0
2026-06-05 12:05:00+05:30,495.65,495.8,495.15,495.2,926.0
2026-06-05 12:10:00+05:30,495.2,495.45,495.0,495.45,3345.0
2026-06-05 12:15:00+05:30,495.1,495.95,495.1,495.55,313.0
2026-06-05 12:20:00+05:30,495.55,495.9,494.25,494.25,1622.0
2026-06-05 12:25:00+05:30,494.5,494.8,493.85,494.0,4033.0
2026-06-05 12:30:00+05:30,494.4,494.5,492.6,493.4,4468.0
2026-06-05 12:35:00+05:30,493.75,495.25,493.75,495.25,2619.0
2026-06-05 12:40:00+05:30,495.3,495.65,494.4,494.5,1005.0
2026-06-05 12:45:00+05:30,495.2,496.3,495.2,496.1,2088.0
2026-06-05 12:50:00+05:30,496.1,497.9,495.95,497.7,3277.0
2026-06-05 12:55:00+05:30,497.9,499.8,497.85,499.0,1606.0
2026-06-05 13:00:00+05:30,499.15,500.2,498.55,499.85,3663.0
2026-06-05 13:05:00+05:30,500.0,500.2,499.35,499.55,1274.0
2026-06-05 13:10:00+05:30,499.45,500.0,499.15,499.15,1947.0
2026-06-05 13:15:00+05:30,499.15,499.4,498.7,499.4,665.0
2026-06-05 13:20:00+05:30,499.5,499.65,499.0,499.1,315.0
2026-06-05 13:25:00+05:30,498.85,500.0,498.5,499.85,3398.0
2026-06-05 13:30:00+05:30,499.45,499.45,498.35,499.05,651.0
2026-06-05 13:35:00+05:30,498.8,499.8,498.8,499.7,1135.0
2026-06-05 13:40:00+05:30,499.7,499.7,498.6,499.05,317.0
2026-06-05 13:45:00+05:30,499.0,499.5,498.6,499.3,773.0
2026-06-05 13:50:00+05:30,498.8,499.25,498.4,499.1,331.0
2026-06-05 13:55:00+05:30,499.1,499.1,498.45,499.1,1377.0
2026-06-05 14:00:00+05:30,498.75,500.25,498.75,500.0,7950.0
2026-06-05 14:05:00+05:30,500.0,500.25,499.7,500.05,704.0
2026-06-05 14:10:00+05:30,500.05,500.05,499.8,500.0,299.0
2026-06-05 14:15:00+05:30,500.0,500.4,499.2,499.9,1377.0
2026-06-05 14:20:00+05:30,500.25,500.3,499.85,500.25,2195.0
2026-06-05 14:25:00+05:30,500.0,500.0,499.8,500.0,1549.0
2026-06-05 14:30:00+05:30,500.0,500.3,499.3,499.75,791.0
2026-06-05 14:35:00+05:30,499.9,500.45,499.8,500.15,876.0
2026-06-05 14:40:00+05:30,500.15,501.1,499.55,500.1,2716.0
2026-06-05 14:45:00+05:30,500.25,500.35,499.55,500.0,568.0
2026-06-05 14:50:00+05:30,500.4,500.75,499.3,499.75,1619.0
2026-06-05 14:55:00+05:30,500.3,500.3,498.9,499.25,739.0
2026-06-05 15:00:00+05:30,498.9,500.45,498.65,499.8,3328.0
2026-06-05 15:05:00+05:30,500.1,500.9,499.5,500.9,6566.0
2026-06-05 15:10:00+05:30,500.9,500.9,500.2,500.5,1394.0
2026-06-05 15:15:00+05:30,498.4,500.5,498.4,500.0,7891.0
2026-06-05 15:20:00+05:30,500.5,501.95,500.0,500.55,9251.0
2026-06-05 15:25:00+05:30,501.2,511.0,499.95,503.0,73480.0
2026-06-08 09:15:00+05:30,503.0,503.0,495.8,501.25,9863.0
2026-06-08 09:20:00+05:30,501.25,501.85,499.2,499.9,2214.0
2026-06-08 09:25:00+05:30,499.9,503.55,499.25,503.55,3198.0
2026-06-08 09:30:00+05:30,503.55,508.5,503.55,507.2,19455.0
2026-06-08 09:35:00+05:30,507.0,521.0,506.0,518.25,65768.0
2026-06-08 09:40:00+05:30,518.9,526.75,518.9,523.55,138098.0
2026-06-08 09:45:00+05:30,523.5,523.5,516.3,517.6,112741.0
2026-06-08 09:50:00+05:30,517.6,519.8,515.4,518.25,51972.0
2026-06-08 09:55:00+05:30,518.6,519.5,515.8,515.85,18247.0
2026-06-08 10:00:00+05:30,516.2,517.7,515.25,515.65,22445.0
2026-06-08 10:05:00+05:30,515.8,516.05,514.5,514.5,11125.0
2026-06-08 10:10:00+05:30,514.8,516.0,514.5,515.15,12883.0
2026-06-08 10:15:00+05:30,515.15,515.85,515.0,515.1,11366.0
2026-06-08 10:20:00+05:30,515.15,515.7,513.6,514.25,8142.0
2026-06-08 10:25:00+05:30,514.1,514.85,514.1,514.4,2189.0
2026-06-08 10:30:00+05:30,514.6,515.65,514.15,515.2,6118.0
2026-06-08 10:35:00+05:30,514.8,515.55,514.65,514.8,6132.0
2026-06-08 10:40:00+05:30,514.8,516.5,514.75,514.75,13546.0
2026-06-08 10:45:00+05:30,514.55,514.55,513.0,513.4,12908.0
2026-06-08 10:50:00+05:30,513.85,513.9,512.0,512.0,14083.0
2026-06-08 10:55:00+05:30,512.1,512.35,511.1,511.5,11280.0
2026-06-08 11:00:00+05:30,511.5,511.95,511.0,511.0,7434.0
2026-06-08 11:05:00+05:30,511.35,511.6,510.8,511.15,4678.0
2026-06-08 11:10:00+05:30,511.15,511.5,511.0,511.2,3332.0
2026-06-08 11:15:00+05:30,511.5,512.5,511.45,511.8,2960.0
2026-06-08 11:20:00+05:30,511.85,513.9,511.5,513.1,11946.0
2026-06-08 11:25:00+05:30,513.15,513.7,510.85,510.85,5763.0
2026-06-08 11:30:00+05:30,510.85,511.0,509.9,510.5,11265.0
2026-06-08 11:35:00+05:30,510.5,511.5,510.1,511.05,2934.0
2026-06-08 11:40:00+05:30,510.95,511.3,510.35,511.1,1694.0
2026-06-08 11:45:00+05:30,510.65,511.5,510.65,511.4,995.0
2026-06-08 11:50:00+05:30,511.4,511.4,510.2,510.7,2641.0
2026-06-08 11:55:00+05:30,510.4,510.9,510.25,510.25,823.0
2026-06-08 12:00:00+05:30,510.25,511.1,510.2,510.2,706.0
2026-06-08 12:05:00+05:30,510.25,510.25,509.15,509.75,6917.0
2026-06-08 12:10:00+05:30,509.45,511.0,509.3,511.0,2036.0
2026-06-08 12:15:00+05:30,510.95,511.3,510.05,510.45,2606.0
2026-06-08 12:20:00+05:30,510.45,511.0,510.1,510.65,943.0
2026-06-08 12:25:00+05:30,510.4,511.0,509.3,509.3,3486.0
2026-06-08 12:30:00+05:30,509.2,509.2,507.55,507.8,6250.0
2026-06-08 12:35:00+05:30,508.05,508.05,507.6,508.0,971.0
2026-06-08 12:40:00+05:30,507.6,508.45,504.1,507.95,27236.0
2026-06-08 12:45:00+05:30,507.1,511.0,507.1,510.15,10473.0
2026-06-08 12:50:00+05:30,510.2,511.45,510.2,510.95,1665.0
2026-06-08 12:55:00+05:30,510.8,511.95,510.0,511.95,4120.0
2026-06-08 13:00:00+05:30,511.1,511.3,510.6,510.85,1684.0
2026-06-08 13:05:00+05:30,510.3,511.3,510.3,510.8,1281.0
2026-06-08 13:10:00+05:30,511.0,511.85,510.35,511.15,2747.0
2026-06-08 13:15:00+05:30,510.65,511.6,510.4,510.4,1178.0
2026-06-08 13:20:00+05:30,510.5,510.75,510.15,510.4,1797.0
2026-06-08 13:25:00+05:30,510.9,511.5,510.25,511.0,848.0
2026-06-08 13:30:00+05:30,511.2,511.3,509.8,510.25,2690.0
2026-06-08 13:35:00+05:30,509.8,510.3,509.8,510.25,507.0
2026-06-08 13:40:00+05:30,510.25,513.9,508.05,508.35,26079.0
2026-06-08 13:45:00+05:30,508.45,509.5,508.15,509.45,3715.0
2026-06-08 13:50:00+05:30,509.2,509.2,508.1,508.45,3224.0
2026-06-08 13:55:00+05:30,508.7,508.95,507.75,508.45,1616.0
2026-06-08 14:00:00+05:30,508.75,509.5,506.2,509.05,6252.0
2026-06-08 14:05:00+05:30,509.5,510.75,509.2,509.85,2767.0
2026-06-08 14:10:00+05:30,509.3,509.95,509.1,509.45,868.0
2026-06-08 14:15:00+05:30,509.45,510.15,509.2,509.85,822.0
2026-06-08 14:20:00+05:30,509.35,510.0,508.2,509.2,4461.0
2026-06-08 14:25:00+05:30,509.2,515.4,509.0,515.1,21518.0
2026-06-08 14:30:00+05:30,515.0,517.0,514.45,516.75,27734.0
2026-06-08 14:35:00+05:30,516.2,519.65,515.75,517.35,23514.0
2026-06-08 14:40:00+05:30,517.65,519.2,509.75,517.1,111264.0
2026-06-08 14:45:00+05:30,516.65,516.85,515.15,515.8,9537.0
2026-06-08 14:50:00+05:30,516.1,518.0,515.8,517.65,7040.0
2026-06-08 14:55:00+05:30,517.7,521.5,517.6,520.6,34203.0
2026-06-08 15:00:00+05:30,520.6,521.0,518.9,520.0,49480.0
2026-06-08 15:05:00+05:30,520.0,520.65,519.85,520.45,27930.0
2026-06-08 15:10:00+05:30,520.5,520.6,518.5,520.5,20687.0
2026-06-08 15:15:00+05:30,520.5,522.0,520.0,522.0,49918.0
2026-06-08 15:20:00+05:30,521.9,526.9,519.9,525.0,113999.0
2026-06-08 15:25:00+05:30,525.4,529.9,525.0,528.0,82057.0
2026-06-09 09:15:00+05:30,531.0,535.45,523.5,525.0,88002.0
2026-06-09 09:20:00+05:30,522.45,523.2,514.15,514.15,48063.0
2026-06-09 09:25:00+05:30,514.15,516.65,512.0,512.15,20984.0
2026-06-09 09:30:00+05:30,512.15,513.65,508.4,508.8,45469.0
2026-06-09 09:35:00+05:30,508.35,511.5,507.65,509.2,33701.0
2026-06-09 09:40:00+05:30,509.4,514.5,508.2,512.75,31702.0
2026-06-09 09:45:00+05:30,512.05,512.8,511.0,511.7,15263.0
2026-06-09 09:50:00+05:30,511.3,512.55,511.05,512.0,4766.0
2026-06-09 09:55:00+05:30,511.65,512.0,511.0,512.0,3046.0
2026-06-09 10:00:00+05:30,511.8,519.5,511.8,517.95,15526.0
2026-06-09 10:05:00+05:30,517.4,520.05,517.3,519.0,15912.0
2026-06-09 10:10:00+05:30,519.2,520.3,517.7,518.15,9898.0
2026-06-09 10:15:00+05:30,518.5,519.25,515.1,515.4,6763.0
2026-06-09 10:20:00+05:30,515.85,515.95,514.5,515.25,6434.0
2026-06-09 10:25:00+05:30,515.35,516.05,515.2,515.4,1913.0
2026-06-09 10:30:00+05:30,515.2,523.75,515.15,521.9,37080.0
2026-06-09 10:35:00+05:30,521.7,523.0,519.25,521.25,13128.0
2026-06-09 10:40:00+05:30,521.2,522.7,521.05,521.9,4204.0
2026-06-09 10:45:00+05:30,522.35,523.3,521.5,522.5,13478.0
2026-06-09 10:50:00+05:30,522.3,523.05,520.45,521.45,12789.0
2026-06-09 10:55:00+05:30,521.45,521.95,517.0,517.35,8657.0
2026-06-09 11:00:00+05:30,517.2,518.5,516.0,517.85,6328.0
2026-06-09 11:05:00+05:30,517.85,518.45,516.9,516.9,1850.0
2026-06-09 11:10:00+05:30,517.25,518.4,516.05,518.4,6539.0
2026-06-09 11:15:00+05:30,518.85,520.8,515.4,515.85,7175.0
2026-06-09 11:20:00+05:30,515.65,516.25,514.0,514.25,4773.0
2026-06-09 11:25:00+05:30,514.1,514.6,513.5,513.95,3389.0
2026-06-09 11:30:00+05:30,514.15,514.55,513.4,514.3,1772.0
2026-06-09 11:35:00+05:30,514.2,516.7,514.0,515.55,10406.0
2026-06-09 11:40:00+05:30,515.55,515.9,514.25,514.75,2017.0
2026-06-09 11:45:00+05:30,514.65,516.35,514.4,515.8,1438.0
2026-06-09 11:50:00+05:30,515.6,516.3,514.2,514.5,4477.0
2026-06-09 11:55:00+05:30,514.5,514.85,514.0,514.2,1806.0
2026-06-09 12:00:00+05:30,514.5,514.7,513.2,513.4,2385.0
2026-06-09 12:05:00+05:30,513.3,514.25,513.1,513.55,2594.0
2026-06-09 12:10:00+05:30,513.7,513.7,513.1,513.2,2498.0
2026-06-09 12:15:00+05:30,513.1,514.4,513.05,513.9,1959.0
2026-06-09 12:20:00+05:30,513.9,514.85,513.9,514.5,2672.0
2026-06-09 12:25:00+05:30,514.5,514.7,513.9,513.95,1677.0
2026-06-09 12:30:00+05:30,513.9,514.15,513.2,513.5,1591.0
2026-06-09 12:35:00+05:30,513.35,514.05,513.0,513.0,26463.0
2026-06-09 12:40:00+05:30,513.0,513.85,509.3,509.6,38506.0
2026-06-09 12:45:00+05:30,509.6,510.2,508.55,508.9,8082.0
2026-06-09 12:50:00+05:30,508.85,509.65,508.5,509.25,4797.0
2026-06-09 12:55:00+05:30,509.2,510.85,509.2,510.5,4333.0
2026-06-09 13:00:00+05:30,510.5,511.1,510.5,510.75,1958.0
2026-06-09 13:05:00+05:30,510.75,511.5,510.75,510.85,2772.0
2026-06-09 13:10:00+05:30,510.85,511.2,510.35,510.35,3504.0
2026-06-09 13:15:00+05:30,510.4,510.85,508.75,509.0,4763.0
2026-06-09 13:20:00+05:30,508.9,509.8,508.0,508.95,8206.0
2026-06-09 13:25:00+05:30,508.95,509.8,508.5,508.5,2180.0
2026-06-09 13:30:00+05:30,508.5,509.2,508.05,508.25,2459.0
2026-06-09 13:35:00+05:30,508.25,508.95,508.0,508.35,6229.0
2026-06-09 13:40:00+05:30,508.4,508.65,508.0,508.05,1655.0
2026-06-09 13:45:00+05:30,508.4,509.45,508.0,508.05,7171.0
2026-06-09 13:50:00+05:30,508.05,508.5,507.85,508.0,4683.0
2026-06-09 13:55:00+05:30,508.0,508.2,508.0,508.0,1356.0
2026-06-09 14:00:00+05:30,508.0,508.5,507.95,508.0,2577.0
2026-06-09 14:05:00+05:30,508.0,508.85,508.0,508.45,1567.0
2026-06-09 14:10:00+05:30,508.4,509.75,508.3,509.75,4501.0
2026-06-09 14:15:00+05:30,509.05,510.35,509.0,509.45,4250.0
2026-06-09 14:20:00+05:30,509.4,509.65,508.45,508.75,2417.0
2026-06-09 14:25:00+05:30,508.9,508.9,508.05,508.4,3005.0
2026-06-09 14:30:00+05:30,508.45,509.75,508.25,509.0,3387.0
2026-06-09 14:35:00+05:30,509.1,509.75,508.7,509.6,6056.0
2026-06-09 14:40:00+05:30,509.35,511.6,509.35,511.4,4394.0
2026-06-09 14:45:00+05:30,511.4,512.6,511.15,512.35,4626.0
2026-06-09 14:50:00+05:30,512.5,512.6,511.6,512.45,2836.0
2026-06-09 14:55:00+05:30,511.35,511.95,510.6,511.8,7902.0
2026-06-09 15:00:00+05:30,511.65,511.65,509.1,509.85,5611.0
2026-06-09 15:05:00+05:30,509.8,510.85,509.3,509.75,5940.0
2026-06-09 15:10:00+05:30,509.95,512.0,509.5,511.55,14567.0
2026-06-09 15:15:00+05:30,511.55,511.55,509.0,509.95,10128.0
2026-06-09 15:20:00+05:30,509.45,509.95,506.6,508.35,21704.0
2026-06-09 15:25:00+05:30,508.35,509.0,506.3,508.0,21340.0
2026-06-10 09:15:00+05:30,509.65,514.8,508.4,509.1,28544.0
2026-06-10 09:20:00+05:30,508.9,509.95,507.25,509.65,12237.0
2026-06-10 09:25:00+05:30,509.45,509.45,507.35,508.25,3654.0
2026-06-10 09:30:00+05:30,508.7,508.95,507.25,508.4,3883.0
2026-06-10 09:35:00+05:30,509.0,509.65,507.5,507.65,5858.0
2026-06-10 09:40:00+05:30,508.2,508.9,507.5,508.85,3368.0
2026-06-10 09:45:00+05:30,508.8,511.9,508.3,510.85,10881.0
2026-06-10 09:50:00+05:30,510.95,510.95,509.7,510.65,7395.0
2026-06-10 09:55:00+05:30,510.25,510.7,508.85,509.45,1186.0
2026-06-10 10:00:00+05:30,509.45,509.7,508.2,508.2,1213.0
2026-06-10 10:05:00+05:30,508.6,509.35,508.0,509.35,3274.0
2026-06-10 10:10:00+05:30,509.35,509.35,508.15,508.15,2815.0
2026-06-10 10:15:00+05:30,508.15,509.6,508.0,509.6,833.0
2026-06-10 10:20:00+05:30,509.95,509.95,509.05,509.2,1370.0
2026-06-10 10:25:00+05:30,509.0,509.9,509.0,509.9,1104.0
2026-06-10 10:30:00+05:30,509.9,510.7,509.35,510.0,2016.0
2026-06-10 10:35:00+05:30,510.35,514.0,510.3,512.15,10250.0
2026-06-10 10:40:00+05:30,511.85,513.2,511.7,511.95,4188.0
2026-06-10 10:45:00+05:30,511.7,512.2,511.5,511.5,323.0
2026-06-10 10:50:00+05:30,510.85,511.5,510.85,511.5,1264.0
2026-06-10 10:55:00+05:30,511.0,511.2,510.4,511.2,1764.0
2026-06-10 11:00:00+05:30,510.75,510.9,510.4,510.75,263.0
2026-06-10 11:05:00+05:30,510.75,511.2,510.05,510.25,2798.0
2026-06-10 11:10:00+05:30,510.25,510.75,510.05,510.5,238.0
2026-06-10 11:15:00+05:30,510.15,510.9,509.85,510.25,2065.0
2026-06-10 11:20:00+05:30,510.05,510.25,509.1,510.25,1403.0
2026-06-10 11:25:00+05:30,509.4,510.0,509.2,510.0,634.0
2026-06-10 11:30:00+05:30,510.0,510.0,508.85,509.5,606.0
2026-06-10 11:35:00+05:30,508.95,509.25,507.4,507.4,3100.0
2026-06-10 11:40:00+05:30,507.4,507.45,505.6,506.35,12482.0
2026-06-10 11:45:00+05:30,506.8,509.2,506.4,509.2,13875.0
2026-06-10 11:50:00+05:30,508.9,509.25,508.45,509.25,436.0
2026-06-10 11:55:00+05:30,509.45,509.5,507.6,507.6,4965.0
2026-06-10 12:00:00+05:30,508.65,508.65,507.7,507.7,518.0
2026-06-10 12:05:00+05:30,507.7,508.35,507.3,508.0,335.0
2026-06-10 12:10:00+05:30,508.0,508.6,507.9,507.9,411.0
2026-06-10 12:15:00+05:30,508.45,508.65,508.0,508.0,125.0
2026-06-10 12:20:00+05:30,508.4,508.4,508.0,508.0,52.0
2026-06-10 12:25:00+05:30,507.65,507.85,507.0,507.85,549.0
2026-06-10 12:30:00+05:30,507.65,507.65,506.65,507.45,619.0
2026-06-10 12:35:00+05:30,507.45,507.45,506.6,506.6,339.0
2026-06-10 12:40:00+05:30,506.35,507.25,506.35,506.55,199.0
2026-06-10 12:45:00+05:30,506.55,507.25,506.55,507.25,245.0
2026-06-10 12:50:00+05:30,507.05,507.65,507.05,507.25,227.0
2026-06-10 12:55:00+05:30,507.25,507.25,507.25,507.25,151.0
2026-06-10 13:00:00+05:30,507.25,507.8,507.25,507.55,232.0
2026-06-10 13:05:00+05:30,507.35,507.85,507.35,507.8,177.0
2026-06-10 13:10:00+05:30,507.85,507.9,507.3,507.9,200.0
2026-06-10 13:15:00+05:30,507.85,507.95,506.7,506.7,525.0
2026-06-10 13:20:00+05:30,507.2,508.0,506.55,507.55,1713.0
2026-06-10 13:25:00+05:30,507.0,507.75,507.0,507.75,2201.0
2026-06-10 13:30:00+05:30,507.65,507.85,507.1,507.1,45.0
2026-06-10 13:35:00+05:30,506.8,507.15,506.55,506.55,262.0
2026-06-10 13:40:00+05:30,506.55,506.55,505.0,505.0,4509.0
2026-06-10 13:45:00+05:30,505.0,505.45,505.0,505.0,438.0
2026-06-10 13:50:00+05:30,505.3,505.75,504.55,504.65,1166.0
2026-06-10 13:55:00+05:30,504.7,505.15,503.15,505.0,3233.0
2026-06-10 14:00:00+05:30,505.0,505.05,504.0,504.0,3145.0
2026-06-10 14:05:00+05:30,504.65,504.65,502.1,502.5,5540.0
2026-06-10 14:10:00+05:30,502.5,503.05,501.4,503.05,3097.0
2026-06-10 14:15:00+05:30,502.75,503.7,501.95,502.85,4610.0
2026-06-10 14:20:00+05:30,502.85,502.85,502.1,502.55,551.0
2026-06-10 14:25:00+05:30,502.5,503.85,502.5,503.4,4390.0
2026-06-10 14:30:00+05:30,503.35,503.35,501.2,502.6,4731.0
2026-06-10 14:35:00+05:30,501.8,502.5,500.05,500.1,3735.0
2026-06-10 14:40:00+05:30,500.1,501.45,499.35,500.45,7452.0
2026-06-10 14:45:00+05:30,500.05,500.05,499.0,499.0,1372.0
2026-06-10 14:50:00+05:30,498.55,499.5,498.1,498.95,2317.0
2026-06-10 14:55:00+05:30,499.25,499.5,498.55,499.5,2970.0
2026-06-10 15:00:00+05:30,499.45,499.45,497.05,497.35,3753.0
2026-06-10 15:05:00+05:30,497.2,498.2,496.45,497.7,10260.0
2026-06-10 15:10:00+05:30,497.7,497.85,496.0,496.05,3261.0
2026-06-10 15:15:00+05:30,496.5,496.85,495.1,496.25,10786.0
2026-06-10 15:20:00+05:30,496.0,496.9,495.1,496.9,6027.0
2026-06-10 15:25:00+05:30,496.7,500.05,495.9,499.0,9492.0
2026-06-11 09:15:00+05:30,490.1,494.35,490.0,493.65,10248.0
2026-06-11 09:20:00+05:30,493.1,495.8,493.1,493.85,6122.0
2026-06-11 09:25:00+05:30,493.45,497.15,493.15,494.85,5479.0
2026-06-11 09:30:00+05:30,495.0,496.7,494.15,495.15,3172.0
2026-06-11 09:35:00+05:30,495.15,495.15,494.2,494.55,1364.0
2026-06-11 09:40:00+05:30,494.95,494.95,493.65,493.75,724.0
2026-06-11 09:45:00+05:30,494.0,494.35,493.8,494.1,203.0
2026-06-11 09:50:00+05:30,494.2,494.2,492.4,492.4,2020.0
2026-06-11 09:55:00+05:30,492.0,492.25,491.15,491.15,1881.0
2026-06-11 10:00:00+05:30,491.55,492.95,491.55,492.6,2705.0
2026-06-11 10:05:00+05:30,492.15,493.0,491.85,493.0,1609.0
2026-06-11 10:10:00+05:30,492.95,493.3,492.0,492.0,845.0
2026-06-11 10:15:00+05:30,492.4,493.05,492.2,493.0,703.0
2026-06-11 10:20:00+05:30,493.0,493.55,492.65,493.25,527.0
2026-06-11 10:25:00+05:30,493.05,493.05,492.25,492.7,579.0
2026-06-11 10:30:00+05:30,492.7,493.5,492.7,493.5,655.0
2026-06-11 10:35:00+05:30,493.5,493.75,492.7,493.15,1286.0
2026-06-11 10:40:00+05:30,493.15,493.15,492.35,492.85,1733.0
2026-06-11 10:45:00+05:30,493.0,495.45,492.4,493.15,8020.0
2026-06-11 10:50:00+05:30,493.05,493.05,490.05,491.45,8182.0
2026-06-11 10:55:00+05:30,491.0,491.5,490.35,490.95,1335.0
2026-06-11 11:00:00+05:30,491.05,491.95,490.2,491.55,2295.0
2026-06-11 11:05:00+05:30,491.55,493.2,491.55,492.3,1403.0
2026-06-11 11:10:00+05:30,492.1,492.3,490.7,491.0,1256.0
2026-06-11 11:15:00+05:30,491.3,491.3,490.65,491.3,431.0
2026-06-11 11:20:00+05:30,491.15,492.1,490.75,491.45,1063.0
2026-06-11 11:25:00+05:30,491.55,492.15,491.1,491.6,1617.0
2026-06-11 11:30:00+05:30,492.05,492.05,491.0,491.35,250.0
2026-06-11 11:35:00+05:30,492.0,492.0,491.45,491.45,93.0
2026-06-11 11:40:00+05:30,491.7,491.7,491.0,491.2,1139.0
2026-06-11 11:45:00+05:30,490.9,491.6,490.3,491.6,1963.0
2026-06-11 11:50:00+05:30,491.5,491.95,491.45,491.8,136.0
2026-06-11 11:55:00+05:30,491.5,492.35,491.05,492.35,1895.0
2026-06-11 12:00:00+05:30,492.1,492.1,491.3,491.85,173.0
2026-06-11 12:05:00+05:30,491.0,491.2,490.5,491.2,2008.0
2026-06-11 12:10:00+05:30,490.85,491.25,490.0,490.05,1418.0
2026-06-11 12:15:00+05:30,490.1,490.85,490.1,490.75,219.0
2026-06-11 12:20:00+05:30,490.25,490.9,490.0,490.9,1446.0
2026-06-11 12:25:00+05:30,490.6,490.95,490.1,490.95,781.0
2026-06-11 12:30:00+05:30,490.95,491.2,490.8,491.0,774.0
2026-06-11 12:35:00+05:30,491.0,491.0,490.5,490.5,2633.0
2026-06-11 12:40:00+05:30,490.85,490.85,490.5,490.55,93.0
2026-06-11 12:45:00+05:30,490.55,490.6,488.9,489.0,3922.0
2026-06-11 12:50:00+05:30,489.0,489.4,488.9,488.95,1092.0
2026-06-11 12:55:00+05:30,488.95,489.75,488.95,489.45,263.0
2026-06-11 13:00:00+05:30,489.45,490.0,489.45,490.0,355.0
2026-06-11 13:05:00+05:30,489.85,489.85,489.1,489.1,293.0
2026-06-11 13:10:00+05:30,489.4,489.6,489.0,489.0,935.0
2026-06-11 13:15:00+05:30,489.05,489.5,489.0,489.5,95.0
2026-06-11 13:20:00+05:30,489.15,489.5,487.3,487.55,6987.0
2026-06-11 13:25:00+05:30,487.65,487.65,486.05,487.3,2480.0
2026-06-11 13:30:00+05:30,488.55,489.0,487.3,487.3,1877.0
2026-06-11 13:35:00+05:30,487.7,487.7,486.55,487.1,996.0
2026-06-11 13:40:00+05:30,487.0,487.15,487.0,487.15,1010.0
2026-06-11 13:45:00+05:30,487.2,487.6,486.6,486.6,916.0
2026-06-11 13:50:00+05:30,487.15,487.4,486.55,487.4,583.0
2026-06-11 13:55:00+05:30,487.7,492.0,487.55,492.0,3146.0
2026-06-11 14:00:00+05:30,492.0,493.5,490.35,492.8,11926.0
2026-06-11 14:05:00+05:30,492.55,493.4,492.5,493.15,1925.0
2026-06-11 14:10:00+05:30,493.15,493.15,492.1,492.3,723.0
2026-06-11 14:15:00+05:30,492.15,492.35,492.15,492.15,158.0
2026-06-11 14:20:00+05:30,492.5,492.5,491.6,491.6,576.0
2026-06-11 14:25:00+05:30,492.1,492.7,492.0,492.7,1104.0
2026-06-11 14:30:00+05:30,493.3,494.15,492.95,493.5,2215.0
2026-06-11 14:35:00+05:30,493.3,493.8,492.0,492.25,734.0
2026-06-11 14:40:00+05:30,492.2,492.6,492.2,492.55,155.0
2026-06-11 14:45:00+05:30,492.55,497.0,492.05,495.9,11946.0
2026-06-11 14:50:00+05:30,495.05,501.2,495.05,501.0,15187.0
2026-06-11 14:55:00+05:30,501.05,502.65,499.8,500.75,6261.0
2026-06-11 15:00:00+05:30,500.75,500.95,500.0,500.15,5426.0
2026-06-11 15:05:00+05:30,500.3,500.65,500.0,500.65,3161.0
2026-06-11 15:10:00+05:30,500.7,500.8,500.0,500.35,3215.0
2026-06-11 15:15:00+05:30,500.35,500.65,499.3,500.25,11822.0
2026-06-11 15:20:00+05:30,500.35,500.65,499.45,500.65,6864.0
2026-06-11 15:25:00+05:30,500.65,506.0,499.55,502.9,10432.0
2026-06-12 09:15:00+05:30,505.0,508.15,502.15,502.15,4934.0
2026-06-12 09:20:00+05:30,502.6,504.35,502.1,504.25,3500.0
2026-06-12 09:25:00+05:30,504.35,504.35,501.45,501.7,3467.0
2026-06-12 09:30:00+05:30,502.05,504.7,501.7,504.2,6300.0
2026-06-12 09:35:00+05:30,504.55,504.55,503.55,504.25,1011.0
2026-06-12 09:40:00+05:30,503.8,504.1,502.75,503.15,2432.0
2026-06-12 09:45:00+05:30,503.15,503.15,501.95,502.35,800.0
2026-06-12 09:50:00+05:30,502.1,502.3,501.6,502.0,1341.0
2026-06-12 09:55:00+05:30,501.45,502.8,500.25,502.8,4913.0
2026-06-12 10:00:00+05:30,502.8,502.95,501.05,501.75,586.0
2026-06-12 10:05:00+05:30,501.75,502.7,501.75,502.55,1533.0
2026-06-12 10:10:00+05:30,502.2,503.55,502.2,502.7,609.0
2026-06-12 10:15:00+05:30,503.6,503.6,503.05,503.2,271.0
2026-06-12 10:20:00+05:30,503.6,505.0,503.6,504.3,3158.0
2026-06-12 10:25:00+05:30,503.45,503.45,502.05,502.4,1583.0
2026-06-12 10:30:00+05:30,502.5,502.9,500.9,502.9,3546.0
2026-06-12 10:35:00+05:30,503.15,504.2,502.35,504.2,808.0
2026-06-12 10:40:00+05:30,503.55,504.85,503.55,504.5,2779.0
2026-06-12 10:45:00+05:30,504.95,505.0,503.7,504.7,3092.0
2026-06-12 10:50:00+05:30,504.65,504.65,503.8,504.35,288.0
2026-06-12 10:55:00+05:30,504.3,504.85,503.75,504.85,1386.0
2026-06-12 11:00:00+05:30,504.85,504.85,504.4,504.4,72.0
2026-06-12 11:05:00+05:30,504.35,504.35,503.75,503.95,424.0
2026-06-12 11:10:00+05:30,504.35,506.15,504.15,505.45,9919.0
2026-06-12 11:15:00+05:30,505.85,505.85,504.65,505.0,1778.0
2026-06-12 11:20:00+05:30,505.0,505.0,504.45,504.95,25.0
2026-06-12 11:25:00+05:30,504.95,504.95,504.2,504.4,250.0
2026-06-12 11:30:00+05:30,504.55,505.4,504.15,505.4,1853.0
2026-06-12 11:35:00+05:30,505.65,505.65,504.75,505.1,1382.0
2026-06-12 11:40:00+05:30,505.0,505.8,505.0,505.7,464.0
2026-06-12 11:45:00+05:30,505.7,505.9,505.5,505.9,302.0
2026-06-12 11:50:00+05:30,506.35,506.35,505.15,505.75,1206.0
2026-06-12 11:55:00+05:30,505.5,505.8,505.2,505.8,1131.0
2026-06-12 12:00:00+05:30,505.85,506.85,505.7,506.5,2721.0
2026-06-12 12:05:00+05:30,506.5,506.85,505.1,506.65,2716.0
2026-06-12 12:10:00+05:30,506.3,506.95,506.25,506.45,2368.0
2026-06-12 12:15:00+05:30,506.45,506.45,505.35,505.8,310.0
2026-06-12 12:20:00+05:30,505.8,506.3,505.8,506.3,282.0
2026-06-12 12:25:00+05:30,506.15,506.95,506.0,506.0,1593.0
2026-06-12 12:30:00+05:30,506.65,506.65,505.75,505.75,1240.0
2026-06-12 12:35:00+05:30,505.95,508.0,505.85,507.0,3981.0
2026-06-12 12:40:00+05:30,507.0,507.0,505.9,506.5,1187.0
2026-06-12 12:45:00+05:30,506.55,506.95,505.25,505.25,785.0
2026-06-12 12:50:00+05:30,505.3,505.65,505.1,505.6,234.0
2026-06-12 12:55:00+05:30,505.65,505.85,504.9,504.9,3135.0
2026-06-12 13:00:00+05:30,504.9,504.95,504.0,504.2,2800.0
2026-06-12 13:05:00+05:30,504.25,504.85,504.2,504.3,175.0
2026-06-12 13:10:00+05:30,504.7,504.7,504.0,504.35,1968.0
2026-06-12 13:15:00+05:30,504.35,504.35,500.85,501.9,3351.0
2026-06-12 13:20:00+05:30,501.9,503.1,501.65,503.1,1064.0
2026-06-12 13:25:00+05:30,502.55,504.25,502.55,504.1,1016.0
2026-06-12 13:30:00+05:30,504.2,505.65,504.15,505.65,347.0
2026-06-12 13:35:00+05:30,505.2,505.6,505.0,505.5,690.0
2026-06-12 13:40:00+05:30,505.5,505.75,505.15,505.6,226.0
2026-06-12 13:45:00+05:30,505.6,506.2,505.55,505.55,367.0
2026-06-12 13:50:00+05:30,505.55,506.1,505.05,505.05,709.0
2026-06-12 13:55:00+05:30,505.0,505.5,504.85,505.45,1314.0
2026-06-12 14:00:00+05:30,505.35,505.55,504.7,505.55,162.0
2026-06-12 14:05:00+05:30,505.3,506.0,505.3,506.0,841.0
2026-06-12 14:10:00+05:30,505.85,507.2,505.3,507.2,1676.0
2026-06-12 14:15:00+05:30,507.6,507.6,506.5,507.2,957.0
2026-06-12 14:20:00+05:30,507.65,507.65,505.8,506.1,2256.0
2026-06-12 14:25:00+05:30,506.45,506.45,505.35,506.0,906.0
2026-06-12 14:30:00+05:30,505.95,507.5,505.95,507.0,936.0
2026-06-12 14:35:00+05:30,507.15,507.55,506.0,506.2,218.0
2026-06-12 14:40:00+05:30,506.2,507.5,506.2,506.95,1230.0
2026-06-12 14:45:00+05:30,506.95,507.3,506.4,506.55,499.0
2026-06-12 14:50:00+05:30,506.65,507.2,506.35,507.2,650.0
2026-06-12 14:55:00+05:30,506.5,507.45,506.5,507.4,1362.0
2026-06-12 15:00:00+05:30,507.15,507.25,506.15,506.9,3153.0
2026-06-12 15:05:00+05:30,507.2,507.25,505.35,506.1,5305.0
2026-06-12 15:10:00+05:30,506.35,506.7,505.15,505.55,2694.0
2026-06-12 15:15:00+05:30,505.75,506.35,505.5,505.55,1328.0
2026-06-12 15:20:00+05:30,505.45,506.45,505.0,505.95,4418.0
2026-06-12 15:25:00+05:30,505.6,508.0,504.3,507.0,8962.0
2026-06-15 09:15:00+05:30,510.0,516.2,509.0,512.75,10131.0
2026-06-15 09:20:00+05:30,512.3,513.35,508.15,508.2,7249.0
2026-06-15 09:25:00+05:30,510.0,510.55,506.65,509.7,38726.0
2026-06-15 09:30:00+05:30,509.6,509.85,507.8,509.6,6908.0
2026-06-15 09:35:00+05:30,510.0,510.05,508.4,508.95,7295.0
2026-06-15 09:40:00+05:30,509.0,509.55,508.65,509.55,1914.0
2026-06-15 09:45:00+05:30,509.95,510.55,509.3,509.3,2599.0
2026-06-15 09:50:00+05:30,509.7,509.95,508.8,509.35,958.0
2026-06-15 09:55:00+05:30,509.35,510.4,509.35,510.25,2575.0
2026-06-15 10:00:00+05:30,510.7,510.8,509.8,509.8,1538.0
2026-06-15 10:05:00+05:30,509.75,509.85,509.15,509.55,259.0
2026-06-15 10:10:00+05:30,509.6,509.7,508.4,508.95,530.0
2026-06-15 10:15:00+05:30,509.1,509.1,507.25,507.75,937.0
2026-06-15 10:20:00+05:30,507.2,507.8,507.15,507.2,911.0
2026-06-15 10:25:00+05:30,507.2,507.7,506.6,507.05,1274.0
2026-06-15 10:30:00+05:30,507.1,507.1,506.1,506.75,758.0
2026-06-15 10:35:00+05:30,506.85,507.5,506.85,507.45,809.0
2026-06-15 10:40:00+05:30,508.1,508.25,507.5,508.0,1108.0
2026-06-15 10:45:00+05:30,508.25,508.55,507.15,507.95,1589.0
2026-06-15 10:50:00+05:30,507.8,508.45,507.8,507.8,675.0
2026-06-15 10:55:00+05:30,507.8,507.85,507.25,507.25,411.0
2026-06-15 11:00:00+05:30,507.3,507.3,506.3,506.65,1435.0
2026-06-15 11:05:00+05:30,507.15,507.2,506.6,506.75,163.0
2026-06-15 11:10:00+05:30,506.3,507.1,506.15,506.6,627.0
2026-06-15 11:15:00+05:30,506.6,506.8,506.15,506.7,330.0
2026-06-15 11:20:00+05:30,505.85,506.95,505.15,505.7,4198.0
2026-06-15 11:25:00+05:30,505.7,506.0,505.35,506.0,461.0
2026-06-15 11:30:00+05:30,506.0,506.2,505.4,505.75,2383.0
2026-06-15 11:35:00+05:30,505.9,508.4,505.35,506.65,4404.0
2026-06-15 11:40:00+05:30,507.4,507.4,506.4,506.8,506.0
2026-06-15 11:45:00+05:30,506.8,506.8,505.5,505.5,403.0
2026-06-15 11:50:00+05:30,505.9,505.9,505.45,505.9,1104.0
2026-06-15 11:55:00+05:30,507.0,507.6,506.2,506.85,1019.0
2026-06-15 12:00:00+05:30,506.9,506.9,506.0,506.75,1027.0
2026-06-15 12:05:00+05:30,507.0,507.0,505.1,505.1,1642.0
2026-06-15 12:10:00+05:30,505.65,505.65,505.15,505.15,180.0
2026-06-15 12:15:00+05:30,505.65,505.75,504.1,505.3,4476.0
2026-06-15 12:20:00+05:30,505.0,505.7,504.6,505.45,3725.0
2026-06-15 12:25:00+05:30,505.15,505.4,504.5,504.5,450.0
2026-06-15 12:30:00+05:30,504.8,505.05,502.05,502.95,5874.0
2026-06-15 12:35:00+05:30,502.95,503.85,502.35,503.4,542.0
2026-06-15 12:40:00+05:30,503.4,504.3,503.3,503.6,1606.0
2026-06-15 12:45:00+05:30,503.0,504.0,502.5,503.1,5468.0
2026-06-15 12:50:00+05:30,503.15,503.75,502.5,503.65,2813.0
2026-06-15 12:55:00+05:30,503.25,503.85,503.0,503.6,1044.0
2026-06-15 13:00:00+05:30,503.75,503.85,503.4,503.85,902.0
2026-06-15 13:05:00+05:30,503.8,503.8,503.0,503.0,413.0
2026-06-15 13:10:00+05:30,503.0,503.15,502.5,502.5,1299.0
2026-06-15 13:15:00+05:30,502.8,503.45,502.55,503.15,193.0
2026-06-15 13:20:00+05:30,502.65,503.65,502.65,502.8,977.0
2026-06-15 13:25:00+05:30,502.8,503.45,502.8,503.15,641.0
2026-06-15 13:30:00+05:30,502.75,503.35,502.6,503.0,912.0
2026-06-15 13:35:00+05:30,503.8,503.8,503.05,503.05,1468.0
2026-06-15 13:40:00+05:30,502.9,503.05,502.5,502.5,859.0
2026-06-15 13:45:00+05:30,503.0,503.0,502.5,502.7,1323.0
2026-06-15 13:50:00+05:30,502.7,502.9,502.5,502.55,444.0
2026-06-15 13:55:00+05:30,502.95,502.95,502.2,502.2,1119.0
2026-06-15 14:00:00+05:30,502.15,503.45,502.1,503.35,1620.0
2026-06-15 14:05:00+05:30,503.35,503.5,502.85,503.15,981.0
2026-06-15 14:10:00+05:30,502.5,502.8,502.45,502.5,3205.0
2026-06-15 14:15:00+05:30,502.5,503.1,502.5,502.9,673.0
2026-06-15 14:20:00+05:30,502.85,503.2,502.15,502.9,1109.0
2026-06-15 14:25:00+05:30,503.15,503.3,502.2,502.8,628.0
2026-06-15 14:30:00+05:30,502.8,502.95,502.45,502.75,277.0
2026-06-15 14:35:00+05:30,502.05,502.6,502.05,502.05,1139.0
2026-06-15 14:40:00+05:30,502.5,502.65,501.5,502.55,3192.0
2026-06-15 14:45:00+05:30,502.3,503.0,502.3,502.3,910.0
2026-06-15 14:50:00+05:30,502.3,502.3,501.1,501.1,2173.0
2026-06-15 14:55:00+05:30,501.05,502.3,500.85,501.5,3913.0
2026-06-15 15:00:00+05:30,501.75,501.75,499.15,500.0,5355.0
2026-06-15 15:05:00+05:30,499.85,500.6,499.75,500.3,2822.0
2026-06-15 15:10:00+05:30,500.25,500.3,499.5,499.65,981.0
2026-06-15 15:15:00+05:30,500.15,500.15,497.25,499.0,9465.0
2026-06-15 15:20:00+05:30,499.0,499.9,498.25,499.85,3505.0
2026-06-15 15:25:00+05:30,499.85,500.2,496.5,498.05,13700.0
2026-06-16 09:15:00+05:30,499.8,504.1,499.8,502.8,6983.0
2026-06-16 09:20:00+05:30,502.2,504.3,498.8,500.2,12639.0
2026-06-16 09:25:00+05:30,499.95,500.8,498.0,498.0,8428.0
2026-06-16 09:30:00+05:30,498.15,499.4,497.8,497.8,928.0
2026-06-16 09:35:00+05:30,498.15,498.2,496.55,497.0,2052.0
2026-06-16 09:40:00+05:30,497.2,498.0,496.7,497.0,2174.0
2026-06-16 09:45:00+05:30,497.7,497.95,497.15,497.8,294.0
2026-06-16 09:50:00+05:30,497.9,499.0,497.35,498.25,1471.0
2026-06-16 09:55:00+05:30,498.0,498.9,497.8,498.9,231.0
2026-06-16 10:00:00+05:30,498.7,499.25,498.25,498.25,413.0
2026-06-16 10:05:00+05:30,498.25,498.75,497.8,498.6,952.0
2026-06-16 10:10:00+05:30,498.8,499.15,498.5,499.0,402.0
2026-06-16 10:15:00+05:30,498.95,499.2,498.4,498.4,690.0
2026-06-16 10:20:00+05:30,498.4,498.4,497.6,498.0,3315.0
2026-06-16 10:25:00+05:30,497.85,498.15,497.85,498.0,287.0
2026-06-16 10:30:00+05:30,497.95,498.0,497.9,498.0,319.0
2026-06-16 10:35:00+05:30,498.0,498.5,497.4,498.5,2696.0
2026-06-16 10:40:00+05:30,498.15,498.25,497.25,497.9,364.0
2026-06-16 10:45:00+05:30,498.1,498.85,497.6,498.15,555.0
2026-06-16 10:50:00+05:30,498.3,498.7,498.15,498.45,236.0
2026-06-16 10:55:00+05:30,498.0,498.5,498.0,498.1,1051.0
2026-06-16 11:00:00+05:30,498.1,498.1,497.45,497.45,381.0
2026-06-16 11:05:00+05:30,497.4,501.1,497.4,501.1,5437.0
2026-06-16 11:10:00+05:30,500.85,502.15,500.85,501.7,2045.0
2026-06-16 11:15:00+05:30,501.65,502.6,499.45,499.6,4561.0
2026-06-16 11:20:00+05:30,499.6,501.0,499.3,501.0,2067.0
2026-06-16 11:25:00+05:30,500.8,500.8,499.8,500.5,717.0
2026-06-16 11:30:00+05:30,499.9,500.5,499.85,500.5,312.0
2026-06-16 11:35:00+05:30,500.2,502.1,500.2,501.85,658.0
2026-06-16 11:40:00+05:30,501.85,502.4,500.45,500.6,1838.0
2026-06-16 11:45:00+05:30,500.45,501.0,500.45,500.75,1372.0
2026-06-16 11:50:00+05:30,501.0,501.2,500.4,501.1,528.0
2026-06-16 11:55:00+05:30,500.55,501.55,500.55,501.45,1453.0
2026-06-16 12:00:00+05:30,501.45,502.25,501.05,501.8,2195.0
2026-06-16 12:05:00+05:30,501.25,501.95,501.25,501.45,367.0
2026-06-16 12:10:00+05:30,501.9,502.25,501.9,502.05,838.0
2026-06-16 12:15:00+05:30,502.0,502.85,501.35,502.45,3337.0
2026-06-16 12:20:00+05:30,502.55,502.55,501.3,501.75,290.0
2026-06-16 12:25:00+05:30,501.75,501.75,501.05,501.45,388.0
2026-06-16 12:30:00+05:30,501.45,501.45,500.95,501.4,388.0
2026-06-16 12:35:00+05:30,501.4,501.4,500.75,501.3,574.0
2026-06-16 12:40:00+05:30,501.3,501.95,501.3,501.8,1369.0
2026-06-16 12:45:00+05:30,502.0,502.1,498.45,498.65,5526.0
2026-06-16 12:50:00+05:30,498.65,500.9,498.65,500.65,803.0
2026-06-16 12:55:00+05:30,500.75,501.05,500.3,500.65,340.0
2026-06-16 13:00:00+05:30,500.15,500.75,499.45,500.0,220.0
2026-06-16 13:05:00+05:30,500.1,501.1,499.55,501.0,1322.0
2026-06-16 13:10:00+05:30,500.9,504.0,500.5,504.0,4384.0
2026-06-16 13:15:00+05:30,503.6,504.6,503.15,504.1,4310.0
2026-06-16 13:20:00+05:30,504.1,504.4,503.85,504.1,1510.0
2026-06-16 13:25:00+05:30,503.45,504.65,503.45,504.35,1695.0
2026-06-16 13:30:00+05:30,504.4,504.65,503.95,504.65,911.0
2026-06-16 13:35:00+05:30,504.65,507.4,503.7,507.2,4858.0
2026-06-16 13:40:00+05:30,506.9,507.2,502.4,505.3,7426.0
2026-06-16 13:45:00+05:30,505.25,506.95,505.0,506.9,2150.0
2026-06-16 13:50:00+05:30,506.95,506.95,505.0,505.7,2422.0
2026-06-16 13:55:00+05:30,505.3,505.9,503.95,504.8,989.0
2026-06-16 14:00:00+05:30,504.5,505.8,504.05,505.2,1085.0
2026-06-16 14:05:00+05:30,506.0,506.85,506.0,506.3,1158.0
2026-06-16 14:10:00+05:30,507.0,507.15,506.4,506.95,734.0
2026-06-16 14:15:00+05:30,506.95,507.0,506.5,507.0,252.0
2026-06-16 14:20:00+05:30,507.0,509.0,506.5,508.4,9673.0
2026-06-16 14:25:00+05:30,507.8,508.4,507.0,507.75,3827.0
2026-06-16 14:30:00+05:30,507.2,508.5,507.2,508.5,3074.0
2026-06-16 14:35:00+05:30,507.3,508.35,507.15,508.35,3721.0
2026-06-16 14:40:00+05:30,507.95,509.0,507.75,508.35,2497.0
2026-06-16 14:45:00+05:30,508.35,508.35,507.7,508.0,1511.0
2026-06-16 14:50:00+05:30,508.25,508.5,507.5,507.5,2951.0
2026-06-16 14:55:00+05:30,507.45,507.7,507.0,507.3,3387.0
2026-06-16 15:00:00+05:30,507.7,512.25,507.4,511.45,31167.0
2026-06-16 15:05:00+05:30,511.0,512.5,510.15,511.75,16670.0
2026-06-16 15:10:00+05:30,511.75,511.9,510.4,510.5,10330.0
2026-06-16 15:15:00+05:30,510.95,511.65,509.95,510.6,14285.0
2026-06-16 15:20:00+05:30,510.6,511.6,510.05,511.15,11147.0
2026-06-16 15:25:00+05:30,511.25,511.8,506.15,508.0,22189.0
2026-06-17 09:15:00+05:30,510.15,512.7,507.95,510.15,6050.0
2026-06-17 09:20:00+05:30,510.15,510.7,508.3,509.85,4711.0
2026-06-17 09:25:00+05:30,509.3,511.0,509.15,509.75,6528.0
2026-06-17 09:30:00+05:30,509.75,509.75,507.55,508.5,4333.0
2026-06-17 09:35:00+05:30,508.35,509.4,507.8,508.75,2385.0
2026-06-17 09:40:00+05:30,509.3,510.0,508.55,509.6,2014.0
2026-06-17 09:45:00+05:30,508.75,509.35,508.4,508.8,562.0
2026-06-17 09:50:00+05:30,508.8,508.8,508.1,508.2,340.0
2026-06-17 09:55:00+05:30,508.5,508.7,508.1,508.55,1763.0
2026-06-17 10:00:00+05:30,508.75,508.75,506.5,507.3,1787.0
2026-06-17 10:05:00+05:30,507.75,507.75,505.8,507.1,1683.0
2026-06-17 10:10:00+05:30,507.15,507.85,506.7,506.95,1197.0
2026-06-17 10:15:00+05:30,506.95,506.95,505.9,505.9,1417.0
2026-06-17 10:20:00+05:30,506.45,507.4,506.35,506.75,3619.0
2026-06-17 10:25:00+05:30,506.7,506.85,506.35,506.8,594.0
2026-06-17 10:30:00+05:30,506.65,506.7,503.1,504.8,3944.0
2026-06-17 10:35:00+05:30,504.9,505.0,504.0,504.25,1671.0
2026-06-17 10:40:00+05:30,503.55,505.0,503.55,504.3,867.0
2026-06-17 10:45:00+05:30,504.3,505.0,504.15,504.45,4334.0
2026-06-17 10:50:00+05:30,504.65,505.75,504.45,505.3,932.0
2026-06-17 10:55:00+05:30,505.3,505.85,504.45,504.45,783.0
2026-06-17 11:00:00+05:30,504.6,506.9,504.0,504.4,4721.0
2026-06-17 11:05:00+05:30,504.5,505.45,504.2,504.2,1324.0
2026-06-17 11:10:00+05:30,504.7,505.15,503.95,503.95,1417.0
2026-06-17 11:15:00+05:30,503.95,505.3,503.95,505.3,2217.0
2026-06-17 11:20:00+05:30,505.1,505.65,504.8,505.4,771.0
2026-06-17 11:25:00+05:30,505.65,505.65,504.2,504.2,522.0
2026-06-17 11:30:00+05:30,504.8,505.65,504.8,505.0,200.0
2026-06-17 11:35:00+05:30,505.4,505.4,504.4,505.0,635.0
2026-06-17 11:40:00+05:30,504.4,504.85,502.5,502.75,4310.0
2026-06-17 11:45:00+05:30,503.45,503.45,502.6,503.0,1938.0
2026-06-17 11:50:00+05:30,503.75,506.15,503.6,505.9,3228.0
2026-06-17 11:55:00+05:30,506.15,506.65,505.5,506.05,1486.0
2026-06-17 12:00:00+05:30,505.75,506.5,505.0,506.35,1727.0
2026-06-17 12:05:00+05:30,505.8,506.5,505.8,505.95,383.0
2026-06-17 12:10:00+05:30,505.95,506.75,505.95,506.7,496.0
2026-06-17 12:15:00+05:30,506.9,507.0,505.95,506.5,555.0
2026-06-17 12:20:00+05:30,505.85,506.5,505.55,506.5,1105.0
2026-06-17 12:25:00+05:30,506.8,507.7,506.15,506.8,1719.0
2026-06-17 12:30:00+05:30,506.3,506.5,505.6,505.65,310.0
2026-06-17 12:35:00+05:30,506.05,506.15,505.0,505.0,811.0
2026-06-17 12:40:00+05:30,505.0,506.25,505.0,505.85,652.0
2026-06-17 12:45:00+05:30,505.9,506.2,505.55,505.55,122.0
2026-06-17 12:50:00+05:30,506.2,506.45,505.4,505.55,897.0
2026-06-17 12:55:00+05:30,505.55,505.85,505.05,505.7,729.0
2026-06-17 13:00:00+05:30,505.15,511.25,504.9,511.2,6882.0
2026-06-17 13:05:00+05:30,511.15,511.15,508.95,509.05,1444.0
2026-06-17 13:10:00+05:30,508.15,509.0,508.15,508.6,1427.0
2026-06-17 13:15:00+05:30,508.6,508.9,508.0,508.9,1574.0
2026-06-17 13:20:00+05:30,508.85,508.9,508.25,508.55,730.0
2026-06-17 13:25:00+05:30,508.55,508.85,507.8,508.55,3598.0
2026-06-17 13:30:00+05:30,508.35,508.6,507.75,508.45,775.0
2026-06-17 13:35:00+05:30,508.4,508.65,507.05,507.4,1654.0
2026-06-17 13:40:00+05:30,507.75,507.9,507.25,507.8,1123.0
2026-06-17 13:45:00+05:30,507.7,507.75,506.75,507.0,1765.0
2026-06-17 13:50:00+05:30,506.85,507.0,506.0,506.65,667.0
2026-06-17 13:55:00+05:30,506.6,506.75,506.5,506.55,445.0
2026-06-17 14:00:00+05:30,506.5,506.95,506.2,506.35,1408.0
2026-06-17 14:05:00+05:30,506.3,506.95,506.3,506.65,985.0
2026-06-17 14:10:00+05:30,506.65,506.75,506.15,506.6,585.0
2026-06-17 14:15:00+05:30,506.6,506.8,505.75,506.6,1041.0
2026-06-17 14:20:00+05:30,506.55,506.55,506.1,506.2,567.0
2026-06-17 14:25:00+05:30,505.65,506.05,505.5,506.05,940.0
2026-06-17 14:30:00+05:30,505.85,505.85,505.0,505.6,1468.0
2026-06-17 14:35:00+05:30,505.6,506.85,505.0,506.35,2137.0
2026-06-17 14:40:00+05:30,506.75,506.95,505.35,505.35,1322.0
2026-06-17 14:45:00+05:30,505.1,505.95,505.0,505.95,1219.0
2026-06-17 14:50:00+05:30,505.5,505.95,505.1,505.95,3009.0
2026-06-17 14:55:00+05:30,505.5,506.1,505.4,506.1,895.0
2026-06-17 15:00:00+05:30,505.2,506.1,505.0,505.15,725.0
2026-06-17 15:05:00+05:30,504.8,506.65,504.75,506.1,9544.0
2026-06-17 15:10:00+05:30,505.55,506.2,505.15,505.55,5534.0
2026-06-17 15:15:00+05:30,505.8,506.75,505.3,506.05,3145.0
2026-06-17 15:20:00+05:30,506.0,507.75,505.85,507.0,4056.0
2026-06-17 15:25:00+05:30,506.4,508.0,505.45,505.55,5633.0
2026-06-18 09:15:00+05:30,506.2,509.2,505.1,505.5,1475.0
2026-06-18 09:20:00+05:30,505.65,507.45,505.65,507.45,2612.0
2026-06-18 09:25:00+05:30,507.25,507.25,505.35,505.9,4091.0
2026-06-18 09:30:00+05:30,505.95,511.15,505.8,509.75,12448.0
2026-06-18 09:35:00+05:30,509.2,510.85,507.75,510.2,4202.0
2026-06-18 09:40:00+05:30,510.55,514.15,509.5,511.3,16349.0
2026-06-18 09:45:00+05:30,511.6,512.0,510.55,510.55,2726.0
2026-06-18 09:50:00+05:30,510.55,511.35,509.5,511.35,5253.0
2026-06-18 09:55:00+05:30,511.0,511.05,509.85,510.45,1197.0
2026-06-18 10:00:00+05:30,510.2,510.85,509.0,510.3,5430.0
2026-06-18 10:05:00+05:30,512.0,513.0,512.0,512.1,4866.0
2026-06-18 10:10:00+05:30,512.0,512.45,510.05,510.8,4789.0
2026-06-18 10:15:00+05:30,510.6,511.4,509.6,509.6,2833.0
2026-06-18 10:20:00+05:30,510.15,510.25,509.45,510.2,1280.0
2026-06-18 10:25:00+05:30,510.3,511.0,510.0,510.2,3381.0
2026-06-18 10:30:00+05:30,509.85,510.8,509.65,510.25,1774.0
2026-06-18 10:35:00+05:30,510.05,510.65,509.75,510.2,568.0
2026-06-18 10:40:00+05:30,509.0,510.05,508.9,509.6,1775.0
2026-06-18 10:45:00+05:30,509.3,509.95,509.3,509.95,488.0
2026-06-18 10:50:00+05:30,510.15,510.65,510.0,510.0,492.0
2026-06-18 10:55:00+05:30,510.0,510.0,509.85,510.0,83.0
2026-06-18 11:00:00+05:30,510.0,511.0,510.0,510.15,2215.0
2026-06-18 11:05:00+05:30,510.15,510.15,509.05,509.05,224.0
2026-06-18 11:10:00+05:30,509.0,509.0,508.45,508.7,5805.0
2026-06-18 11:15:00+05:30,508.95,508.95,508.5,508.7,454.0
2026-06-18 11:20:00+05:30,509.0,509.0,508.05,508.85,2720.0
2026-06-18 11:25:00+05:30,508.85,508.85,507.65,508.3,925.0
2026-06-18 11:30:00+05:30,508.75,508.9,507.8,508.3,1121.0
2026-06-18 11:35:00+05:30,508.3,508.7,508.0,508.05,1353.0
2026-06-18 11:40:00+05:30,508.45,508.65,508.45,508.5,750.0
2026-06-18 11:45:00+05:30,508.5,508.5,507.6,507.75,419.0
2026-06-18 11:50:00+05:30,507.75,507.95,507.05,507.75,766.0
2026-06-18 11:55:00+05:30,507.4,507.4,507.0,507.4,1204.0
2026-06-18 12:00:00+05:30,507.35,508.1,507.35,508.1,236.0
2026-06-18 12:05:00+05:30,508.35,508.35,507.1,507.85,540.0
2026-06-18 12:10:00+05:30,508.0,508.0,507.3,507.3,841.0
2026-06-18 12:15:00+05:30,507.0,508.15,507.0,507.55,1754.0
2026-06-18 12:20:00+05:30,507.5,507.5,507.4,507.4,78.0
2026-06-18 12:25:00+05:30,507.4,507.85,507.0,507.7,661.0
2026-06-18 12:30:00+05:30,508.0,508.75,508.0,508.75,236.0
2026-06-18 12:35:00+05:30,508.75,508.95,508.0,508.0,1896.0
2026-06-18 12:40:00+05:30,508.35,508.5,508.0,508.0,527.0
2026-06-18 12:45:00+05:30,508.2,508.4,507.75,507.9,122.0
2026-06-18 12:50:00+05:30,507.95,508.2,507.3,508.2,1476.0
2026-06-18 12:55:00+05:30,508.15,508.3,506.95,506.95,876.0
2026-06-18 13:00:00+05:30,507.5,507.5,506.8,506.8,274.0
2026-06-18 13:05:00+05:30,506.8,507.8,506.8,507.2,2318.0
2026-06-18 13:10:00+05:30,507.2,507.9,507.2,507.8,363.0
2026-06-18 13:15:00+05:30,507.35,507.85,506.65,507.05,2351.0
2026-06-18 13:20:00+05:30,507.05,507.05,506.8,506.8,14.0
2026-06-18 13:25:00+05:30,506.8,507.2,506.55,507.2,588.0
2026-06-18 13:30:00+05:30,507.2,507.9,507.15,507.9,179.0
2026-06-18 13:35:00+05:30,507.7,508.9,507.2,508.9,1004.0
2026-06-18 13:40:00+05:30,508.9,509.6,508.5,508.5,1031.0
2026-06-18 13:45:00+05:30,508.25,508.25,507.45,507.7,1970.0
2026-06-18 13:50:00+05:30,507.7,508.2,507.65,508.2,176.0
2026-06-18 13:55:00+05:30,507.5,507.95,507.05,507.05,802.0
2026-06-18 14:00:00+05:30,507.0,507.45,506.75,507.45,619.0
2026-06-18 14:05:00+05:30,507.4,507.4,507.4,507.4,1.0
2026-06-18 14:10:00+05:30,507.2,507.2,506.7,506.7,2108.0
2026-06-18 14:15:00+05:30,506.55,506.7,506.55,506.7,202.0
2026-06-18 14:20:00+05:30,506.85,506.85,506.1,506.55,428.0
2026-06-18 14:25:00+05:30,506.55,506.55,506.1,506.1,277.0
2026-06-18 14:30:00+05:30,506.1,506.55,505.1,505.8,4344.0
2026-06-18 14:35:00+05:30,505.65,506.2,505.3,505.8,3263.0
2026-06-18 14:40:00+05:30,505.8,506.15,505.5,506.15,742.0
2026-06-18 14:45:00+05:30,505.35,506.1,505.35,505.55,508.0
2026-06-18 14:50:00+05:30,505.35,507.45,505.35,506.8,5987.0
2026-06-18 14:55:00+05:30,507.45,507.45,505.1,505.1,5895.0
2026-06-18 15:00:00+05:30,505.6,505.85,503.15,505.7,3274.0
2026-06-18 15:05:00+05:30,505.7,506.35,505.45,505.7,4018.0
2026-06-18 15:10:00+05:30,505.65,506.0,504.0,504.0,4734.0
2026-06-18 15:15:00+05:30,505.35,505.75,503.3,503.3,4556.0
2026-06-18 15:20:00+05:30,504.5,505.55,503.5,503.5,7647.0
2026-06-18 15:25:00+05:30,503.5,505.45,503.5,504.0,5838.0
2026-06-19 09:15:00+05:30,508.3,508.3,503.3,505.35,10584.0
2026-06-19 09:20:00+05:30,504.6,506.25,504.2,504.2,3612.0
2026-06-19 09:25:00+05:30,504.15,506.2,504.15,505.45,2510.0
2026-06-19 09:30:00+05:30,505.45,505.95,504.7,505.8,1003.0
2026-06-19 09:35:00+05:30,505.8,507.65,505.8,506.5,3307.0
2026-06-19 09:40:00+05:30,506.9,507.15,506.45,506.95,383.0
2026-06-19 09:45:00+05:30,506.95,507.2,505.95,506.45,1423.0
2026-06-19 09:50:00+05:30,506.4,507.5,505.55,507.5,879.0
2026-06-19 09:55:00+05:30,507.5,509.0,507.5,508.95,2638.0
2026-06-19 10:00:00+05:30,508.85,509.5,508.5,509.4,2046.0
2026-06-19 10:05:00+05:30,509.4,509.4,508.55,509.0,2271.0
2026-06-19 10:10:00+05:30,509.0,510.0,508.5,509.85,2748.0
2026-06-19 10:15:00+05:30,509.85,509.85,508.95,509.15,877.0
2026-06-19 10:20:00+05:30,509.6,509.7,508.5,508.5,1483.0
2026-06-19 10:25:00+05:30,508.85,509.05,508.45,508.8,540.0
2026-06-19 10:30:00+05:30,508.8,509.4,508.55,509.3,798.0
2026-06-19 10:35:00+05:30,509.25,509.65,508.3,509.6,2866.0
2026-06-19 10:40:00+05:30,509.65,509.85,509.0,509.75,1885.0
2026-06-19 10:45:00+05:30,509.75,509.75,508.75,509.45,1489.0
2026-06-19 10:50:00+05:30,509.4,509.4,507.15,507.9,5654.0
2026-06-19 10:55:00+05:30,507.8,507.8,507.15,507.15,169.0
2026-06-19 11:00:00+05:30,507.5,508.0,507.45,507.5,241.0
2026-06-19 11:05:00+05:30,507.3,507.85,507.2,507.5,666.0
2026-06-19 11:10:00+05:30,508.0,508.45,507.35,508.45,565.0
2026-06-19 11:15:00+05:30,508.85,510.45,508.85,509.15,5819.0
2026-06-19 11:20:00+05:30,509.05,509.35,507.95,507.95,763.0
2026-06-19 11:25:00+05:30,507.9,508.7,507.85,508.65,1040.0
2026-06-19 11:30:00+05:30,509.4,509.8,508.3,509.45,2821.0
2026-06-19 11:35:00+05:30,510.0,510.15,508.85,508.85,302.0
2026-06-19 11:40:00+05:30,508.8,509.7,508.45,509.7,1780.0
2026-06-19 11:45:00+05:30,509.85,509.85,508.3,508.75,797.0
2026-06-19 11:50:00+05:30,508.75,508.95,508.0,508.75,829.0
2026-06-19 11:55:00+05:30,508.25,508.95,507.5,508.2,1775.0
2026-06-19 12:00:00+05:30,507.9,508.7,507.8,507.8,622.0
2026-06-19 12:05:00+05:30,508.3,508.3,506.9,507.15,2848.0
2026-06-19 12:10:00+05:30,507.55,508.25,507.1,507.45,2211.0
2026-06-19 12:15:00+05:30,507.75,508.15,507.25,507.7,1716.0
2026-06-19 12:20:00+05:30,507.2,507.75,506.7,507.1,2424.0
2026-06-19 12:25:00+05:30,507.1,507.65,507.1,507.2,577.0
2026-06-19 12:30:00+05:30,507.7,507.7,506.95,507.2,989.0
2026-06-19 12:35:00+05:30,507.2,508.0,506.4,507.3,1607.0
2026-06-19 12:40:00+05:30,507.0,507.65,507.0,507.65,25.0
2026-06-19 12:45:00+05:30,507.85,508.1,507.05,507.4,675.0
2026-06-19 12:50:00+05:30,507.4,508.2,507.35,508.0,397.0
2026-06-19 12:55:00+05:30,507.45,508.15,507.45,507.5,743.0
2026-06-19 13:00:00+05:30,507.45,507.75,507.05,507.05,1362.0
2026-06-19 13:05:00+05:30,507.0,507.0,506.25,506.25,1498.0
2026-06-19 13:10:00+05:30,506.85,506.85,506.0,506.45,400.0
2026-06-19 13:15:00+05:30,506.5,506.5,506.35,506.35,104.0
2026-06-19 13:20:00+05:30,506.35,506.8,506.35,506.35,6.0
2026-06-19 13:25:00+05:30,506.8,506.8,506.35,506.35,28.0
2026-06-19 13:30:00+05:30,506.35,506.9,506.35,506.9,350.0
2026-06-19 13:35:00+05:30,506.85,507.0,506.5,507.0,73.0
2026-06-19 13:40:00+05:30,506.4,507.1,506.4,507.1,463.0
2026-06-19 13:45:00+05:30,507.05,508.1,507.05,507.55,1130.0
2026-06-19 13:50:00+05:30,507.85,507.85,506.35,506.95,2289.0
2026-06-19 13:55:00+05:30,506.95,507.1,506.55,506.55,153.0
2026-06-19 14:00:00+05:30,506.55,509.45,506.45,508.05,4435.0
2026-06-19 14:05:00+05:30,507.8,508.2,507.25,507.25,625.0
2026-06-19 14:10:00+05:30,506.95,507.75,506.8,507.6,2986.0
2026-06-19 14:15:00+05:30,507.85,507.85,507.05,507.65,816.0
2026-06-19 14:20:00+05:30,507.45,507.5,507.25,507.5,309.0
2026-06-19 14:25:00+05:30,507.05,507.55,506.75,506.85,751.0
2026-06-19 14:30:00+05:30,506.85,507.0,506.15,506.3,462.0
2026-06-19 14:35:00+05:30,506.75,507.0,506.75,507.0,479.0
2026-06-19 14:40:00+05:30,507.0,507.45,506.95,507.0,553.0
2026-06-19 14:45:00+05:30,506.85,507.7,506.85,507.55,540.0
2026-06-19 14:50:00+05:30,508.0,508.0,507.05,507.15,826.0
2026-06-19 14:55:00+05:30,507.15,507.4,507.0,507.15,603.0
2026-06-19 15:00:00+05:30,507.55,511.9,507.05,510.8,17900.0
2026-06-19 15:05:00+05:30,510.45,512.75,510.15,512.35,10847.0
2026-06-19 15:10:00+05:30,512.3,512.8,511.1,511.65,9335.0
2026-06-19 15:15:00+05:30,511.4,512.8,511.0,512.15,14185.0
2026-06-19 15:20:00+05:30,511.55,514.9,511.55,514.15,13274.0
2026-06-19 15:25:00+05:30,514.15,515.0,512.05,515.0,19929.0
2026-06-22 09:15:00+05:30,515.0,519.8,514.05,515.45,16050.0
2026-06-22 09:20:00+05:30,515.4,517.65,514.0,516.6,16027.0
2026-06-22 09:25:00+05:30,516.4,518.0,516.35,516.95,6231.0
2026-06-22 09:30:00+05:30,517.55,518.0,516.2,516.25,3603.0
2026-06-22 09:35:00+05:30,516.25,516.25,514.1,514.75,7112.0
2026-06-22 09:40:00+05:30,515.0,515.0,510.7,512.5,9352.0
2026-06-22 09:45:00+05:30,512.55,513.05,512.05,512.4,3098.0
2026-06-22 09:50:00+05:30,512.4,512.9,510.0,510.1,3090.0
2026-06-22 09:55:00+05:30,510.5,510.9,510.0,510.8,1187.0
2026-06-22 10:00:00+05:30,511.0,511.45,510.6,511.0,789.0
2026-06-22 10:05:00+05:30,511.0,511.15,510.85,511.15,384.0
2026-06-22 10:10:00+05:30,511.15,512.0,511.1,511.85,1908.0
2026-06-22 10:15:00+05:30,512.0,512.0,511.7,512.0,2321.0
2026-06-22 10:20:00+05:30,511.7,512.0,511.3,511.3,8711.0
2026-06-22 10:25:00+05:30,511.2,512.0,511.2,511.9,2101.0
2026-06-22 10:30:00+05:30,511.9,512.0,511.0,511.6,3844.0
2026-06-22 10:35:00+05:30,511.5,511.95,511.05,511.85,782.0
2026-06-22 10:40:00+05:30,511.85,511.85,511.05,511.6,1219.0
2026-06-22 10:45:00+05:30,511.25,512.0,511.25,511.95,758.0
2026-06-22 10:50:00+05:30,511.85,512.0,511.55,511.8,11715.0
2026-06-22 10:55:00+05:30,511.5,513.0,511.5,513.0,12891.0
2026-06-22 11:00:00+05:30,513.1,513.65,512.05,512.05,1649.0
2026-06-22 11:05:00+05:30,512.35,513.0,512.35,512.65,691.0
2026-06-22 11:10:00+05:30,513.15,513.25,512.4,512.5,1073.0
2026-06-22 11:15:00+05:30,512.5,513.15,512.5,512.95,134.0
2026-06-22 11:20:00+05:30,511.5,511.5,511.0,511.3,8100.0
2026-06-22 11:25:00+05:30,511.05,511.8,510.7,511.3,748.0
2026-06-22 11:30:00+05:30,511.3,511.3,510.6,510.85,824.0
2026-06-22 11:35:00+05:30,510.8,510.8,508.35,509.95,8216.0
2026-06-22 11:40:00+05:30,509.7,509.95,508.6,509.0,3263.0
2026-06-22 11:45:00+05:30,509.45,510.9,509.45,510.3,2818.0
2026-06-22 11:50:00+05:30,510.7,510.7,508.1,509.4,2818.0
2026-06-22 11:55:00+05:30,509.4,509.9,507.1,508.5,8123.0
2026-06-22 12:00:00+05:30,508.85,510.75,508.15,510.35,3652.0
2026-06-22 12:05:00+05:30,509.8,511.55,509.8,511.1,3963.0
2026-06-22 12:10:00+05:30,511.45,512.4,510.95,512.35,1412.0
2026-06-22 12:15:00+05:30,511.85,511.95,511.25,511.8,962.0
2026-06-22 12:20:00+05:30,511.4,511.8,511.4,511.4,111.0
2026-06-22 12:25:00+05:30,511.4,511.9,511.4,511.75,491.0
2026-06-22 12:30:00+05:30,511.85,511.9,510.35,511.75,4323.0
2026-06-22 12:35:00+05:30,511.85,511.85,511.15,511.15,436.0
2026-06-22 12:40:00+05:30,511.55,511.6,510.0,510.5,780.0
2026-06-22 12:45:00+05:30,510.65,511.0,510.35,510.35,1138.0
2026-06-22 12:50:00+05:30,510.55,510.7,510.0,510.0,2014.0
2026-06-22 12:55:00+05:30,510.6,511.0,509.55,510.6,2899.0
2026-06-22 13:00:00+05:30,510.25,511.3,510.25,511.3,502.0
2026-06-22 13:05:00+05:30,510.4,511.0,510.05,510.05,709.0
2026-06-22 13:10:00+05:30,510.15,511.5,510.15,511.5,1547.0
2026-06-22 13:15:00+05:30,511.5,511.9,511.1,511.9,1004.0
2026-06-22 13:20:00+05:30,511.5,511.5,510.7,511.15,1704.0
2026-06-22 13:25:00+05:30,511.15,511.15,510.95,510.95,128.0
2026-06-22 13:30:00+05:30,510.55,510.55,510.35,510.55,165.0
2026-06-22 13:35:00+05:30,510.0,510.5,509.6,509.6,1258.0
2026-06-22 13:40:00+05:30,509.6,510.0,509.0,509.9,1848.0
2026-06-22 13:45:00+05:30,509.95,513.45,509.95,513.45,6529.0
2026-06-22 13:50:00+05:30,513.45,515.45,513.45,514.5,22274.0
2026-06-22 13:55:00+05:30,514.2,515.0,513.6,514.1,9003.0
2026-06-22 14:00:00+05:30,514.35,515.35,513.8,515.35,19484.0
2026-06-22 14:05:00+05:30,515.35,521.9,515.35,521.9,22273.0
2026-06-22 14:10:00+05:30,521.45,531.6,521.15,530.1,132985.0
2026-06-22 14:15:00+05:30,530.25,532.45,526.05,526.75,98249.0
2026-06-22 14:20:00+05:30,526.75,529.25,523.9,528.15,69509.0
2026-06-22 14:25:00+05:30,528.3,528.75,526.9,527.2,15016.0
2026-06-22 14:30:00+05:30,527.2,534.2,526.15,532.5,105081.0
2026-06-22 14:35:00+05:30,532.25,533.0,529.1,529.95,37676.0
2026-06-22 14:40:00+05:30,529.0,534.0,528.8,532.5,36809.0
2026-06-22 14:45:00+05:30,532.9,533.0,529.8,530.15,16004.0
2026-06-22 14:50:00+05:30,530.8,533.0,529.3,532.7,29289.0
2026-06-22 14:55:00+05:30,532.7,532.7,530.1,530.75,24548.0
2026-06-22 15:00:00+05:30,530.55,531.8,527.25,531.7,50026.0
2026-06-22 15:05:00+05:30,531.65,536.95,531.65,536.65,148520.0
2026-06-22 15:10:00+05:30,536.45,539.9,535.45,536.35,113567.0
2026-06-22 15:15:00+05:30,536.75,537.95,535.05,537.5,49079.0
2026-06-22 15:20:00+05:30,537.5,540.85,537.4,540.85,90591.0
2026-06-22 15:25:00+05:30,540.65,541.0,538.0,540.0,83559.0
2026-06-23 09:15:00+05:30,540.1,542.0,537.3,540.0,67889.0
2026-06-23 09:20:00+05:30,539.95,545.0,537.35,538.95,100783.0
2026-06-23 09:25:00+05:30,538.85,539.95,538.5,539.65,12059.0
2026-06-23 09:30:00+05:30,539.5,543.15,538.15,542.55,28998.0
2026-06-23 09:35:00+05:30,543.9,544.65,540.1,540.5,46679.0
2026-06-23 09:40:00+05:30,541.0,542.0,533.3,535.3,64614.0
2026-06-23 09:45:00+05:30,535.45,536.9,533.45,536.0,14583.0
2026-06-23 09:50:00+05:30,536.3,536.3,533.5,534.55,18670.0
2026-06-23 09:55:00+05:30,534.3,534.95,533.5,534.65,5804.0
2026-06-23 10:00:00+05:30,534.8,534.9,533.8,534.15,3747.0
2026-06-23 10:05:00+05:30,534.2,535.9,534.15,535.35,3837.0
2026-06-23 10:10:00+05:30,535.5,535.5,534.2,534.5,1938.0
2026-06-23 10:15:00+05:30,533.95,535.5,533.5,535.45,6313.0
2026-06-23 10:20:00+05:30,535.45,536.7,535.4,536.7,5538.0
2026-06-23 10:25:00+05:30,536.5,536.55,535.05,536.1,5362.0
2026-06-23 10:30:00+05:30,536.0,536.4,533.35,533.6,16506.0
2026-06-23 10:35:00+05:30,534.15,534.25,530.85,532.3,18680.0
2026-06-23 10:40:00+05:30,532.25,533.9,531.05,531.55,11196.0
2026-06-23 10:45:00+05:30,530.95,531.45,528.25,531.0,17190.0
2026-06-23 10:50:00+05:30,530.9,531.25,529.6,530.85,7491.0
2026-06-23 10:55:00+05:30,530.8,531.7,530.1,530.6,2054.0
2026-06-23 11:00:00+05:30,530.15,531.5,530.15,530.8,3528.0
2026-06-23 11:05:00+05:30,530.8,531.4,530.4,531.0,1615.0
2026-06-23 11:10:00+05:30,531.0,531.9,531.0,531.8,2082.0
2026-06-23 11:15:00+05:30,531.8,531.8,530.2,531.05,4968.0
2026-06-23 11:20:00+05:30,531.25,534.1,531.25,534.1,11353.0
2026-06-23 11:25:00+05:30,533.55,534.95,532.75,534.5,6221.0
2026-06-23 11:30:00+05:30,534.15,534.75,533.65,533.9,7257.0
2026-06-23 11:35:00+05:30,533.9,534.25,532.55,532.55,9431.0
2026-06-23 11:40:00+05:30,532.65,532.65,531.55,531.55,4494.0
2026-06-23 11:45:00+05:30,531.55,531.8,529.45,529.75,13111.0
2026-06-23 11:50:00+05:30,529.7,530.0,528.55,529.55,3375.0
2026-06-23 11:55:00+05:30,529.5,529.8,527.35,528.8,11923.0
2026-06-23 12:00:00+05:30,528.7,529.6,528.15,528.8,5966.0
2026-06-23 12:05:00+05:30,528.7,531.0,528.6,530.7,13181.0
2026-06-23 12:10:00+05:30,529.8,530.65,529.55,530.6,2715.0
2026-06-23 12:15:00+05:30,530.6,531.0,530.15,530.75,1854.0
2026-06-23 12:20:00+05:30,530.35,530.45,528.0,529.9,5775.0
2026-06-23 12:25:00+05:30,529.05,530.6,529.05,530.2,4747.0
2026-06-23 12:30:00+05:30,530.5,530.85,529.5,530.6,3775.0
2026-06-23 12:35:00+05:30,530.65,530.65,529.45,530.05,706.0
2026-06-23 12:40:00+05:30,529.3,530.05,529.05,529.95,3031.0
2026-06-23 12:45:00+05:30,529.45,530.05,529.35,529.8,1034.0
2026-06-23 12:50:00+05:30,529.75,530.1,529.15,530.1,1825.0
2026-06-23 12:55:00+05:30,530.1,531.0,529.25,530.75,1584.0
2026-06-23 13:00:00+05:30,530.8,531.35,530.05,531.35,2069.0
2026-06-23 13:05:00+05:30,530.7,531.0,529.15,529.9,1302.0
2026-06-23 13:10:00+05:30,530.0,530.0,529.45,529.6,856.0
2026-06-23 13:15:00+05:30,529.5,529.75,528.65,529.0,1530.0
2026-06-23 13:20:00+05:30,530.25,531.5,529.45,530.6,8594.0
2026-06-23 13:25:00+05:30,530.6,530.85,528.25,528.6,7309.0
2026-06-23 13:30:00+05:30,528.15,528.5,526.05,527.65,9194.0
2026-06-23 13:35:00+05:30,527.0,527.6,526.1,526.7,5750.0
2026-06-23 13:40:00+05:30,527.0,528.2,526.1,528.2,1505.0
2026-06-23 13:45:00+05:30,528.6,528.75,527.25,527.6,4263.0
2026-06-23 13:50:00+05:30,527.2,527.9,526.85,526.95,2167.0
2026-06-23 13:55:00+05:30,527.5,528.0,527.4,528.0,731.0
2026-06-23 14:00:00+05:30,527.85,527.9,526.95,527.85,2583.0
2026-06-23 14:05:00+05:30,527.4,528.75,527.3,527.65,3550.0
2026-06-23 14:10:00+05:30,527.65,528.75,527.65,528.75,1696.0
2026-06-23 14:15:00+05:30,528.4,531.0,528.2,530.65,6966.0
2026-06-23 14:20:00+05:30,530.5,534.0,529.85,533.3,26498.0
2026-06-23 14:25:00+05:30,533.4,534.6,532.6,533.1,11433.0
2026-06-23 14:30:00+05:30,532.75,533.0,532.4,532.95,2641.0
2026-06-23 14:35:00+05:30,533.0,533.45,532.15,533.15,5154.0
2026-06-23 14:40:00+05:30,533.15,534.8,532.75,534.35,2073.0
2026-06-23 14:45:00+05:30,534.55,535.0,533.05,533.55,9227.0
2026-06-23 14:50:00+05:30,532.9,533.95,532.75,533.65,2389.0
2026-06-23 14:55:00+05:30,533.4,534.5,532.55,532.9,6009.0
2026-06-23 15:00:00+05:30,532.8,533.0,529.1,529.5,5703.0
2026-06-23 15:05:00+05:30,529.9,533.15,529.9,533.15,7081.0
2026-06-23 15:10:00+05:30,534.5,534.5,530.85,531.0,6378.0
2026-06-23 15:15:00+05:30,530.65,531.3,528.0,530.6,20992.0
2026-06-23 15:20:00+05:30,530.0,530.55,527.7,527.75,4491.0
2026-06-23 15:25:00+05:30,528.0,530.9,526.15,530.9,10634.0
2026-06-24 09:15:00+05:30,531.15,532.35,527.5,527.5,12268.0
2026-06-24 09:20:00+05:30,527.5,530.5,526.4,529.8,6142.0
2026-06-24 09:25:00+05:30,529.8,530.35,527.3,528.65,5013.0
2026-06-24 09:30:00+05:30,528.2,530.0,527.25,528.85,6277.0
2026-06-24 09:35:00+05:30,528.7,529.65,527.2,527.65,984.0
2026-06-24 09:40:00+05:30,528.0,529.4,526.3,526.3,6928.0
2026-06-24 09:45:00+05:30,526.45,527.0,518.75,519.5,41476.0
2026-06-24 09:50:00+05:30,519.9,522.25,519.35,522.25,8215.0
2026-06-24 09:55:00+05:30,521.8,522.3,519.95,520.5,2205.0
2026-06-24 10:00:00+05:30,520.25,522.6,520.25,521.8,4570.0
2026-06-24 10:05:00+05:30,522.0,522.9,521.65,522.35,2286.0
2026-06-24 10:10:00+05:30,522.0,524.55,521.05,523.35,5460.0
2026-06-24 10:15:00+05:30,523.35,525.0,523.2,524.0,4100.0
2026-06-24 10:20:00+05:30,523.5,525.0,523.2,524.9,2851.0
2026-06-24 10:25:00+05:30,524.05,525.5,524.05,524.35,2128.0
2026-06-24 10:30:00+05:30,524.3,527.45,524.3,525.5,3929.0
2026-06-24 10:35:00+05:30,525.85,525.85,525.25,525.5,1256.0
2026-06-24 10:40:00+05:30,525.8,526.35,522.1,522.2,21630.0
2026-06-24 10:45:00+05:30,522.15,524.55,521.35,524.55,11733.0
2026-06-24 10:50:00+05:30,524.75,524.75,523.8,524.3,346.0
2026-06-24 10:55:00+05:30,524.6,525.95,524.15,525.2,6687.0
2026-06-24 11:00:00+05:30,525.6,525.6,525.0,525.2,1502.0
2026-06-24 11:05:00+05:30,525.2,525.6,524.0,524.0,5768.0
2026-06-24 11:10:00+05:30,524.0,524.0,522.95,523.2,1987.0
2026-06-24 11:15:00+05:30,523.45,523.9,523.0,523.45,979.0
2026-06-24 11:20:00+05:30,523.4,523.6,523.05,523.05,340.0
2026-06-24 11:25:00+05:30,523.35,523.75,523.05,523.5,421.0
2026-06-24 11:30:00+05:30,523.5,523.7,522.95,523.35,1128.0
2026-06-24 11:35:00+05:30,523.3,523.95,522.65,523.5,1076.0
2026-06-24 11:40:00+05:30,523.8,524.0,523.0,523.0,1615.0
2026-06-24 11:45:00+05:30,523.0,523.0,522.9,522.9,648.0
2026-06-24 11:50:00+05:30,522.95,522.95,521.5,522.7,5150.0
2026-06-24 11:55:00+05:30,522.45,523.3,522.05,523.3,747.0
2026-06-24 12:00:00+05:30,523.2,523.7,522.4,523.0,6235.0
2026-06-24 12:05:00+05:30,523.5,523.5,522.95,523.45,2246.0
2026-06-24 12:10:00+05:30,523.45,523.5,522.7,522.7,1154.0
2026-06-24 12:15:00+05:30,523.3,523.3,521.15,522.0,10177.0
2026-06-24 12:20:00+05:30,523.5,523.95,522.7,523.0,1287.0
2026-06-24 12:25:00+05:30,523.0,523.0,521.55,521.75,512.0
2026-06-24 12:30:00+05:30,521.75,522.15,521.45,521.55,2379.0
2026-06-24 12:35:00+05:30,522.1,523.55,521.55,522.35,2391.0
2026-06-24 12:40:00+05:30,522.35,523.4,522.35,523.15,525.0
2026-06-24 12:45:00+05:30,522.85,529.8,522.85,529.25,5117.0
2026-06-24 12:50:00+05:30,529.15,530.5,528.45,529.3,8511.0
2026-06-24 12:55:00+05:30,529.3,530.8,529.0,530.1,7809.0
2026-06-24 13:00:00+05:30,530.35,530.9,529.3,529.8,4787.0
2026-06-24 13:05:00+05:30,530.1,530.2,529.6,529.6,1214.0
2026-06-24 13:10:00+05:30,529.65,530.9,529.65,530.8,1692.0
2026-06-24 13:15:00+05:30,530.1,530.35,529.5,529.5,1536.0
2026-06-24 13:20:00+05:30,529.85,529.85,529.5,529.5,87.0
2026-06-24 13:25:00+05:30,529.5,529.8,528.85,529.0,4227.0
2026-06-24 13:30:00+05:30,529.4,530.1,529.2,530.1,2739.0
2026-06-24 13:35:00+05:30,530.05,530.1,529.0,529.0,1749.0
2026-06-24 13:40:00+05:30,529.0,529.55,528.95,529.3,1225.0
2026-06-24 13:45:00+05:30,529.65,529.95,529.65,529.65,417.0
2026-06-24 13:50:00+05:30,528.95,531.85,528.95,530.55,8732.0
2026-06-24 13:55:00+05:30,530.35,531.7,529.0,530.8,5214.0
2026-06-24 14:00:00+05:30,530.85,531.15,529.05,529.6,2848.0
2026-06-24 14:05:00+05:30,529.15,529.6,528.3,528.45,2082.0
2026-06-24 14:10:00+05:30,528.7,529.5,528.25,528.25,1732.0
2026-06-24 14:15:00+05:30,528.75,528.9,528.0,528.0,2410.0
2026-06-24 14:20:00+05:30,528.0,528.4,526.6,527.75,3262.0
2026-06-24 14:25:00+05:30,527.75,528.05,527.25,527.55,1556.0
2026-06-24 14:30:00+05:30,527.6,528.1,524.85,525.7,66017.0
2026-06-24 14:35:00+05:30,524.0,526.1,524.0,526.1,6149.0
2026-06-24 14:40:00+05:30,526.45,527.75,523.0,523.25,20807.0
2026-06-24 14:45:00+05:30,523.45,524.2,522.45,523.05,4819.0
2026-06-24 14:50:00+05:30,522.8,524.3,522.8,523.5,2502.0
2026-06-24 14:55:00+05:30,523.85,524.55,523.55,524.25,1314.0
2026-06-24 15:00:00+05:30,524.25,525.25,523.2,523.2,5203.0
2026-06-24 15:05:00+05:30,523.65,526.6,523.65,525.85,8330.0
2026-06-24 15:10:00+05:30,526.05,526.3,524.7,525.3,6418.0
2026-06-24 15:15:00+05:30,524.7,525.95,523.85,525.0,9930.0
2026-06-24 15:20:00+05:30,524.95,525.15,523.75,524.6,8259.0
2026-06-24 15:25:00+05:30,524.3,539.95,523.0,525.0,10586.0
2026-06-25 09:15:00+05:30,532.9,533.0,521.2,522.0,12326.0
2026-06-25 09:20:00+05:30,522.25,522.45,519.45,520.4,11143.0
2026-06-25 09:25:00+05:30,520.15,521.7,519.35,521.25,6767.0
2026-06-25 09:30:00+05:30,521.7,521.9,520.35,521.2,1089.0
2026-06-25 09:35:00+05:30,521.25,521.45,511.05,512.0,57487.0
2026-06-25 09:40:00+05:30,511.95,516.35,511.35,515.5,11869.0
2026-06-25 09:45:00+05:30,515.7,517.65,514.9,517.45,8257.0
2026-06-25 09:50:00+05:30,517.1,519.1,516.75,518.85,4815.0
2026-06-25 09:55:00+05:30,518.8,519.7,518.15,518.9,2173.0
2026-06-25 10:00:00+05:30,519.25,519.5,518.25,519.2,2176.0
2026-06-25 10:05:00+05:30,519.2,519.45,518.25,518.55,1698.0
2026-06-25 10:10:00+05:30,518.4,518.95,518.2,518.5,664.0
2026-06-25 10:15:00+05:30,518.5,518.85,517.55,518.2,3841.0
2026-06-25 10:20:00+05:30,518.2,518.2,516.55,516.85,6757.0
2026-06-25 10:25:00+05:30,517.05,517.15,516.15,516.15,10750.0
2026-06-25 10:30:00+05:30,516.5,517.6,516.5,517.55,1362.0
2026-06-25 10:35:00+05:30,517.6,518.05,517.35,518.0,650.0
2026-06-25 10:40:00+05:30,517.4,517.95,517.4,517.7,392.0
2026-06-25 10:45:00+05:30,517.35,517.9,517.0,517.65,705.0
2026-06-25 10:50:00+05:30,517.7,517.7,516.5,516.55,1280.0
2026-06-25 10:55:00+05:30,516.45,516.6,516.0,516.0,370.0
2026-06-25 11:00:00+05:30,515.85,516.25,515.3,515.65,850.0
2026-06-25 11:05:00+05:30,515.65,516.85,515.65,516.75,2858.0
2026-06-25 11:10:00+05:30,516.85,517.6,516.3,516.8,1274.0
2026-06-25 11:15:00+05:30,516.6,516.6,514.05,514.5,4519.0
2026-06-25 11:20:00+05:30,514.5,515.15,514.1,515.15,9813.0
2026-06-25 11:25:00+05:30,515.15,515.15,513.85,514.45,4247.0
2026-06-25 11:30:00+05:30,513.75,514.3,513.05,513.15,1629.0
2026-06-25 11:35:00+05:30,513.2,513.9,513.2,513.55,523.0
2026-06-25 11:40:00+05:30,513.3,514.0,513.3,513.75,1174.0
2026-06-25 11:45:00+05:30,513.75,514.25,513.3,514.25,897.0
2026-06-25 11:50:00+05:30,514.0,514.05,513.0,513.5,5775.0
2026-06-25 11:55:00+05:30,513.5,513.65,513.05,513.2,105.0
2026-06-25 12:00:00+05:30,513.45,513.95,513.2,513.5,3282.0
2026-06-25 12:05:00+05:30,513.05,513.9,512.5,512.5,4083.0
2026-06-25 12:10:00+05:30,512.8,513.0,512.2,512.2,649.0
2026-06-25 12:15:00+05:30,512.2,512.65,512.05,512.05,2556.0
2026-06-25 12:20:00+05:30,512.4,512.7,512.2,512.55,2508.0
2026-06-25 12:25:00+05:30,512.15,512.6,511.55,512.15,2715.0
2026-06-25 12:30:00+05:30,512.05,512.15,510.15,510.15,8023.0
2026-06-25 12:35:00+05:30,510.9,511.0,510.15,510.75,2973.0
2026-06-25 12:40:00+05:30,511.0,511.0,508.3,509.45,11386.0
2026-06-25 12:45:00+05:30,509.45,509.45,502.85,507.25,48711.0
2026-06-25 12:50:00+05:30,507.5,507.55,506.35,506.6,4017.0
2026-06-25 12:55:00+05:30,506.9,507.15,506.15,506.5,1897.0
2026-06-25 13:00:00+05:30,506.5,506.65,505.3,505.8,6030.0
2026-06-25 13:05:00+05:30,505.6,505.8,505.0,505.25,2544.0
2026-06-25 13:10:00+05:30,505.75,506.05,504.85,506.0,7956.0
2026-06-25 13:15:00+05:30,505.35,507.0,505.35,506.55,1329.0
2026-06-25 13:20:00+05:30,507.0,507.4,506.65,506.85,2436.0
2026-06-25 13:25:00+05:30,507.2,507.2,506.5,506.85,4326.0
2026-06-25 13:30:00+05:30,507.0,507.7,506.6,507.1,1061.0
2026-06-25 13:35:00+05:30,507.2,507.75,507.05,507.65,1370.0
2026-06-25 13:40:00+05:30,507.8,508.2,507.05,507.55,4436.0
2026-06-25 13:45:00+05:30,507.55,507.95,507.0,507.0,905.0
2026-06-25 13:50:00+05:30,507.0,510.85,506.35,510.4,8319.0
2026-06-25 13:55:00+05:30,510.4,513.4,510.3,512.4,14086.0
2026-06-25 14:00:00+05:30,512.95,513.5,512.6,512.85,4609.0
2026-06-25 14:05:00+05:30,512.0,512.85,510.65,510.65,3917.0
2026-06-25 14:10:00+05:30,511.0,512.65,510.85,512.3,4010.0
2026-06-25 14:15:00+05:30,512.0,514.3,511.4,513.8,10296.0
2026-06-25 14:20:00+05:30,514.75,514.75,513.25,514.0,5335.0
2026-06-25 14:25:00+05:30,514.0,514.65,513.5,514.1,1895.0
2026-06-25 14:30:00+05:30,514.5,514.5,514.0,514.0,1871.0
2026-06-25 14:35:00+05:30,514.0,514.5,513.15,513.5,3273.0
2026-06-25 14:40:00+05:30,513.3,513.8,511.85,513.8,5409.0
2026-06-25 14:45:00+05:30,513.25,514.35,513.25,513.9,3725.0
2026-06-25 14:50:00+05:30,513.85,514.3,513.5,514.3,3624.0
2026-06-25 14:55:00+05:30,514.0,516.45,513.85,516.0,26964.0
2026-06-25 15:00:00+05:30,515.85,516.0,511.6,515.0,12774.0
2026-06-25 15:05:00+05:30,515.15,516.0,515.0,515.15,2429.0
2026-06-25 15:10:00+05:30,515.15,515.15,514.5,515.0,16049.0
2026-06-25 15:15:00+05:30,513.95,516.65,513.45,516.0,17991.0
2026-06-25 15:20:00+05:30,516.15,518.0,516.05,517.0,8380.0
2026-06-25 15:25:00+05:30,517.05,525.5,517.05,525.0,51938.0
2026-06-29 09:15:00+05:30,522.0,529.85,518.15,528.0,27115.0
2026-06-29 09:20:00+05:30,528.55,536.05,528.4,531.65,89527.0
2026-06-29 09:25:00+05:30,531.45,542.8,531.45,540.9,249177.0
2026-06-29 09:30:00+05:30,541.95,543.85,537.6,537.9,294011.0
2026-06-29 09:35:00+05:30,538.7,540.7,537.05,538.1,163968.0
2026-06-29 09:40:00+05:30,538.35,543.35,538.3,539.3,122751.0
2026-06-29 09:45:00+05:30,539.15,541.95,537.75,539.1,71572.0
2026-06-29 09:50:00+05:30,539.45,540.85,534.75,536.35,103163.0
2026-06-29 09:55:00+05:30,536.0,539.8,536.0,538.1,54624.0
2026-06-29 10:00:00+05:30,538.35,539.4,536.85,538.55,30020.0
2026-06-29 10:05:00+05:30,538.55,545.0,538.25,542.25,154294.0
2026-06-29 10:10:00+05:30,542.6,544.6,540.0,543.6,173487.0
2026-06-29 10:15:00+05:30,544.0,544.85,543.25,544.25,170872.0
2026-06-29 10:20:00+05:30,544.3,545.0,542.0,544.55,131170.0
2026-06-29 10:25:00+05:30,544.6,548.0,544.55,546.0,274794.0
2026-06-29 10:30:00+05:30,546.0,549.5,544.55,545.45,147372.0
2026-06-29 10:35:00+05:30,545.45,545.45,543.1,545.15,96210.0
2026-06-29 10:40:00+05:30,545.3,548.95,545.2,548.5,92944.0
2026-06-29 10:45:00+05:30,548.75,548.8,545.9,548.0,82142.0
2026-06-29 10:50:00+05:30,549.15,550.0,547.95,548.75,186203.0
2026-06-29 10:55:00+05:30,549.0,549.65,547.2,548.35,84385.0
2026-06-29 11:00:00+05:30,548.5,549.05,547.0,547.3,60945.0
2026-06-29 11:05:00+05:30,547.3,553.8,546.9,552.0,352215.0
2026-06-29 11:10:00+05:30,551.9,552.9,550.2,550.55,150973.0
2026-06-29 11:15:00+05:30,550.15,554.8,548.0,554.1,233405.0
2026-06-29 11:20:00+05:30,554.35,558.35,553.05,555.75,537248.0
2026-06-29 11:25:00+05:30,555.4,558.65,555.0,556.0,248729.0
2026-06-29 11:30:00+05:30,556.1,565.3,553.2,564.5,521255.0
2026-06-29 11:35:00+05:30,564.1,565.5,554.0,556.8,656923.0
2026-06-29 11:40:00+05:30,556.5,556.9,551.05,552.95,388463.0
2026-06-29 11:45:00+05:30,552.75,555.55,552.75,554.0,163183.0
2026-06-29 11:50:00+05:30,553.95,556.0,552.3,555.25,174404.0
2026-06-29 11:55:00+05:30,555.05,557.3,555.0,556.4,131610.0
2026-06-29 12:00:00+05:30,556.4,557.5,555.25,557.0,96219.0
2026-06-29 12:05:00+05:30,557.0,558.6,555.65,556.75,124111.0
2026-06-29 12:10:00+05:30,556.45,557.6,556.0,557.3,66517.0
2026-06-29 12:15:00+05:30,557.5,557.75,554.0,555.9,115870.0
2026-06-29 12:20:00+05:30,555.9,559.4,554.8,558.45,148156.0
2026-06-29 12:25:00+05:30,558.55,560.0,558.0,559.7,162805.0
2026-06-29 12:30:00+05:30,559.7,561.0,557.75,559.3,156180.0
2026-06-29 12:35:00+05:30,559.6,562.7,559.1,561.35,184059.0
2026-06-29 12:40:00+05:30,561.05,563.4,560.1,561.6,182252.0
2026-06-29 12:45:00+05:30,561.8,561.85,560.15,561.6,91101.0
2026-06-29 12:50:00+05:30,561.15,562.5,560.1,561.5,102715.0
2026-06-29 12:55:00+05:30,562.15,562.8,560.5,561.0,83796.0
2026-06-29 13:00:00+05:30,561.35,561.7,560.45,560.5,74608.0
2026-06-29 13:05:00+05:30,560.6,562.3,560.3,561.8,86949.0
2026-06-29 13:10:00+05:30,561.75,561.75,560.4,560.7,57874.0
2026-06-29 13:15:00+05:30,561.15,562.9,560.15,562.85,111074.0
2026-06-29 13:20:00+05:30,562.8,563.85,562.05,563.75,171311.0
2026-06-29 13:25:00+05:30,563.45,563.75,561.05,561.4,89557.0
2026-06-29 13:30:00+05:30,561.4,564.0,560.75,563.55,104216.0
2026-06-29 13:35:00+05:30,563.5,565.0,560.25,562.4,257593.0
2026-06-29 13:40:00+05:30,562.4,562.65,561.3,562.45,108334.0
2026-06-29 13:45:00+05:30,561.9,563.5,561.9,563.2,52332.0
2026-06-29 13:50:00+05:30,563.1,563.65,562.1,562.45,51661.0
2026-06-29 13:55:00+05:30,562.5,562.9,561.8,562.0,47611.0
2026-06-29 14:00:00+05:30,562.3,563.8,561.0,563.7,96691.0
2026-06-29 14:05:00+05:30,563.6,566.5,563.35,566.05,267080.0
2026-06-29 14:10:00+05:30,566.05,566.95,562.75,564.65,194558.0
2026-06-29 14:15:00+05:30,564.65,564.75,562.6,563.05,103948.0
2026-06-29 14:20:00+05:30,563.45,565.75,562.6,565.25,87686.0
2026-06-29 14:25:00+05:30,565.15,568.3,564.5,568.25,227528.0
2026-06-29 14:30:00+05:30,568.25,570.0,566.2,567.8,468557.0
2026-06-29 14:35:00+05:30,568.15,570.75,566.85,569.0,362102.0
2026-06-29 14:40:00+05:30,569.0,572.0,568.55,570.5,430145.0
2026-06-29 14:45:00+05:30,570.5,573.25,569.05,572.0,456881.0
2026-06-29 14:50:00+05:30,571.95,575.0,571.0,574.45,567235.0
2026-06-29 14:55:00+05:30,574.45,577.5,573.05,573.15,663860.0
2026-06-29 15:00:00+05:30,573.05,575.9,571.15,574.25,409650.0
2026-06-29 15:05:00+05:30,574.0,575.8,566.8,569.45,611521.0
2026-06-29 15:10:00+05:30,568.85,569.95,566.0,568.9,492474.0
2026-06-29 15:15:00+05:30,568.9,570.0,564.05,565.65,577851.0
2026-06-29 15:20:00+05:30,566.7,569.8,566.3,569.45,355031.0
2026-06-29 15:25:00+05:30,569.25,570.0,563.85,564.0,210118.0
2026-06-30 09:15:00+05:30,567.9,572.9,560.15,561.25,207988.0
2026-06-30 09:20:00+05:30,561.4,562.95,558.9,562.9,83127.0
2026-06-30 09:25:00+05:30,562.5,565.5,562.0,565.0,60648.0
2026-06-30 09:30:00+05:30,564.95,567.7,563.05,567.7,70492.0
2026-06-30 09:35:00+05:30,567.5,567.5,565.3,565.75,34147.0
2026-06-30 09:40:00+05:30,566.1,566.85,564.05,565.2,32808.0
2026-06-30 09:45:00+05:30,565.45,572.05,565.0,568.25,63484.0
2026-06-30 09:50:00+05:30,568.25,569.8,567.5,568.35,23946.0
2026-06-30 09:55:00+05:30,568.55,569.8,567.65,569.2,18062.0
2026-06-30 10:00:00+05:30,569.05,573.45,569.05,570.85,99724.0
2026-06-30 10:05:00+05:30,570.85,573.8,570.35,573.15,41998.0
2026-06-30 10:10:00+05:30,573.75,580.0,573.0,578.45,220884.0
2026-06-30 10:15:00+05:30,577.75,578.45,571.3,573.05,144314.0
2026-06-30 10:20:00+05:30,573.4,575.9,573.0,575.75,65216.0
2026-06-30 10:25:00+05:30,575.0,575.5,572.0,573.4,40766.0
2026-06-30 10:30:00+05:30,572.95,576.65,572.5,576.5,35985.0
2026-06-30 10:35:00+05:30,576.3,577.75,574.0,574.05,51742.0
2026-06-30 10:40:00+05:30,573.8,576.0,573.05,575.25,44784.0
2026-06-30 10:45:00+05:30,575.1,575.9,573.3,574.3,16236.0
2026-06-30 10:50:00+05:30,574.25,574.9,573.8,574.4,16634.0
2026-06-30 10:55:00+05:30,574.0,575.15,573.8,574.2,24085.0
2026-06-30 11:00:00+05:30,574.15,575.7,573.2,573.2,19972.0
2026-06-30 11:05:00+05:30,573.2,574.0,573.05,573.5,15903.0
2026-06-30 11:10:00+05:30,573.85,574.6,573.55,574.15,7712.0
2026-06-30 11:15:00+05:30,574.75,574.9,574.2,574.75,8364.0
2026-06-30 11:20:00+05:30,574.65,576.85,574.65,576.0,29595.0
2026-06-30 11:25:00+05:30,576.4,576.4,574.65,574.65,23106.0
2026-06-30 11:30:00+05:30,574.85,574.85,573.55,574.2,17106.0
2026-06-30 11:35:00+05:30,574.2,574.6,573.15,574.6,10923.0
2026-06-30 11:40:00+05:30,574.6,575.45,574.0,574.85,14116.0
2026-06-30 11:45:00+05:30,574.55,574.75,573.9,574.5,6719.0
2026-06-30 11:50:00+05:30,574.7,574.7,574.0,574.05,3625.0
2026-06-30 11:55:00+05:30,574.35,574.4,573.15,573.5,20210.0
2026-06-30 12:00:00+05:30,573.55,574.3,573.5,573.8,8411.0
2026-06-30 12:05:00+05:30,574.5,576.15,574.25,575.0,37078.0
2026-06-30 12:10:00+05:30,575.0,576.35,574.95,576.0,11173.0
2026-06-30 12:15:00+05:30,576.05,576.4,574.55,574.9,6740.0
2026-06-30 12:20:00+05:30,574.9,576.0,574.55,576.0,15907.0
2026-06-30 12:25:00+05:30,575.6,576.0,575.55,575.6,4400.0
2026-06-30 12:30:00+05:30,576.05,576.2,575.2,576.0,6878.0
2026-06-30 12:35:00+05:30,576.0,576.0,575.0,575.75,4674.0
2026-06-30 12:40:00+05:30,575.4,575.95,574.95,575.8,6807.0
2026-06-30 12:45:00+05:30,575.25,576.05,575.0,575.0,6894.0
2026-06-30 12:50:00+05:30,575.7,576.25,575.0,575.55,6007.0
2026-06-30 12:55:00+05:30,575.55,576.5,575.55,576.45,15075.0
2026-06-30 13:00:00+05:30,576.4,576.4,574.9,575.7,9175.0
2026-06-30 13:05:00+05:30,575.45,576.0,574.8,575.15,2381.0
2026-06-30 13:10:00+05:30,575.2,575.5,574.5,574.55,4404.0
2026-06-30 13:15:00+05:30,574.8,574.8,572.6,573.65,27952.0
2026-06-30 13:20:00+05:30,573.6,573.95,572.8,573.6,8288.0
2026-06-30 13:25:00+05:30,573.6,574.5,573.5,574.5,7507.0
2026-06-30 13:30:00+05:30,574.1,574.5,573.55,574.25,3271.0
2026-06-30 13:35:00+05:30,574.15,574.5,573.8,574.45,2859.0
2026-06-30 13:40:00+05:30,574.25,574.85,574.05,574.5,2647.0
2026-06-30 13:45:00+05:30,574.05,574.65,573.5,574.35,6886.0
2026-06-30 13:50:00+05:30,573.95,574.65,573.7,574.0,8024.0
2026-06-30 13:55:00+05:30,573.95,574.45,573.65,574.4,5276.0
2026-06-30 14:00:00+05:30,574.05,574.8,573.95,574.3,8283.0
2026-06-30 14:05:00+05:30,574.1,574.7,573.65,573.85,7591.0
2026-06-30 14:10:00+05:30,573.95,574.25,573.65,573.65,3215.0
2026-06-30 14:15:00+05:30,573.65,574.0,572.45,573.1,8149.0
2026-06-30 14:20:00+05:30,572.85,573.4,570.55,572.15,33897.0
2026-06-30 14:25:00+05:30,572.1,573.15,571.3,571.95,10238.0
2026-06-30 14:30:00+05:30,571.95,572.5,571.25,571.5,11577.0
2026-06-30 14:35:00+05:30,571.9,572.3,571.3,572.2,11326.0
2026-06-30 14:40:00+05:30,571.75,573.8,570.05,573.8,32572.0
2026-06-30 14:45:00+05:30,573.45,574.85,572.05,572.55,16898.0
2026-06-30 14:50:00+05:30,572.75,573.9,572.05,573.9,19769.0
2026-06-30 14:55:00+05:30,573.7,575.15,573.1,573.4,31768.0
2026-06-30 15:00:00+05:30,574.15,574.65,573.0,574.0,19653.0
2026-06-30 15:05:00+05:30,573.8,575.4,573.65,575.4,17327.0
2026-06-30 15:10:00+05:30,575.15,575.45,574.0,575.35,42110.0
2026-06-30 15:15:00+05:30,575.0,577.9,574.1,575.45,66673.0
2026-06-30 15:20:00+05:30,574.9,576.85,573.7,576.5,40144.0
2026-06-30 15:25:00+05:30,576.5,577.0,574.0,576.3,33284.0
2026-07-01 09:15:00+05:30,570.0,573.9,567.0,569.25,38609.0
2026-07-01 09:20:00+05:30,569.9,569.9,564.75,566.75,31039.0
2026-07-01 09:25:00+05:30,566.5,567.1,564.0,566.0,35431.0
2026-07-01 09:30:00+05:30,565.15,567.45,565.15,566.55,10983.0
2026-07-01 09:35:00+05:30,566.5,567.1,566.05,566.3,3876.0
2026-07-01 09:40:00+05:30,566.3,566.3,563.2,563.9,25301.0
2026-07-01 09:45:00+05:30,564.05,564.7,562.9,563.4,14144.0
2026-07-01 09:50:00+05:30,563.0,566.0,562.75,565.35,7515.0
2026-07-01 09:55:00+05:30,564.85,565.85,564.55,565.5,4734.0
2026-07-01 10:00:00+05:30,565.55,569.5,565.0,567.05,14439.0
2026-07-01 10:05:00+05:30,566.85,567.25,564.35,564.5,11562.0
2026-07-01 10:10:00+05:30,564.5,565.0,563.05,563.7,5382.0
2026-07-01 10:15:00+05:30,563.4,564.7,562.1,564.6,12125.0
2026-07-01 10:20:00+05:30,564.15,564.15,563.2,563.5,3566.0
2026-07-01 10:25:00+05:30,562.9,563.25,562.35,562.55,5932.0
2026-07-01 10:30:00+05:30,562.8,562.95,562.1,562.65,3135.0
2026-07-01 10:35:00+05:30,562.75,563.4,562.0,562.8,8423.0
2026-07-01 10:40:00+05:30,562.8,563.0,562.1,562.55,2483.0
2026-07-01 10:45:00+05:30,563.0,563.9,562.5,563.05,2684.0
2026-07-01 10:50:00+05:30,563.65,563.7,562.5,563.7,2944.0
2026-07-01 10:55:00+05:30,562.85,563.5,560.2,560.9,17222.0
2026-07-01 11:00:00+05:30,560.5,560.55,557.0,557.9,29184.0
2026-07-01 11:05:00+05:30,557.6,558.3,557.25,557.8,9693.0
2026-07-01 11:10:00+05:30,557.85,557.9,556.0,556.3,15263.0
2026-07-01 11:15:00+05:30,556.3,556.95,556.0,556.7,9613.0
2026-07-01 11:20:00+05:30,556.7,558.0,556.5,558.0,12367.0
2026-07-01 11:25:00+05:30,557.5,558.3,557.0,557.1,10421.0
2026-07-01 11:30:00+05:30,557.5,558.45,555.15,558.45,11966.0
2026-07-01 11:35:00+05:30,558.45,560.0,558.45,559.45,7944.0
2026-07-01 11:40:00+05:30,559.45,560.3,558.6,558.8,8748.0
2026-07-01 11:45:00+05:30,559.1,560.05,559.0,559.85,3137.0
2026-07-01 11:50:00+05:30,559.1,559.75,558.35,558.5,5096.0
2026-07-01 11:55:00+05:30,558.75,560.85,558.6,560.85,10705.0
2026-07-01 12:00:00+05:30,560.45,564.4,560.35,563.8,17156.0
2026-07-01 12:05:00+05:30,563.8,567.35,563.6,567.35,40106.0
2026-07-01 12:10:00+05:30,567.45,567.45,566.0,566.0,6078.0
2026-07-01 12:15:00+05:30,566.6,567.0,565.15,566.5,11727.0
2026-07-01 12:20:00+05:30,566.0,566.4,565.5,565.6,1515.0
2026-07-01 12:25:00+05:30,565.0,566.15,565.0,565.7,3422.0
2026-07-01 12:30:00+05:30,565.85,566.55,565.6,566.5,12338.0
2026-07-01 12:35:00+05:30,566.5,567.0,566.2,566.2,2485.0
2026-07-01 12:40:00+05:30,566.1,566.25,565.2,565.7,467.0
2026-07-01 12:45:00+05:30,565.25,566.0,565.0,565.3,4486.0
2026-07-01 12:50:00+05:30,565.3,566.0,565.25,566.0,2426.0
2026-07-01 12:55:00+05:30,566.0,566.35,565.05,565.1,2619.0
2026-07-01 13:00:00+05:30,565.55,565.75,565.1,565.75,1499.0
2026-07-01 13:05:00+05:30,565.45,566.35,565.1,565.45,4486.0
2026-07-01 13:10:00+05:30,565.15,565.6,565.0,565.2,1914.0
2026-07-01 13:15:00+05:30,565.1,566.0,565.0,565.4,1789.0
2026-07-01 13:20:00+05:30,565.8,566.4,565.4,565.45,2036.0
2026-07-01 13:25:00+05:30,565.85,565.85,565.1,565.45,1757.0
2026-07-01 13:30:00+05:30,565.45,566.1,565.15,565.7,1117.0
2026-07-01 13:35:00+05:30,566.0,566.55,565.75,565.8,2659.0
2026-07-01 13:40:00+05:30,566.2,568.0,565.75,567.95,4859.0
2026-07-01 13:45:00+05:30,568.0,568.5,567.6,568.15,4798.0
2026-07-01 13:50:00+05:30,568.35,568.6,566.65,567.0,6280.0
2026-07-01 13:55:00+05:30,567.85,567.9,567.0,567.4,1727.0
2026-07-01 14:00:00+05:30,567.0,567.65,565.75,566.25,7024.0
2026-07-01 14:05:00+05:30,566.5,567.25,565.25,566.4,5062.0
2026-07-01 14:10:00+05:30,566.3,566.65,564.0,564.0,13222.0
2026-07-01 14:15:00+05:30,564.05,565.25,563.05,564.0,16081.0
2026-07-01 14:20:00+05:30,563.6,567.35,562.95,566.9,25921.0
2026-07-01 14:25:00+05:30,567.0,567.3,566.45,566.85,5883.0
2026-07-01 14:30:00+05:30,567.0,567.45,566.65,567.0,3203.0
2026-07-01 14:35:00+05:30,567.0,567.25,566.65,566.75,3552.0
2026-07-01 14:40:00+05:30,566.95,567.35,566.6,566.85,2957.0
2026-07-01 14:45:00+05:30,566.65,567.3,566.45,567.2,7273.0
2026-07-01 14:50:00+05:30,567.0,567.3,566.4,567.0,5923.0
2026-07-01 14:55:00+05:30,567.0,567.35,566.55,567.25,5390.0
2026-07-01 15:00:00+05:30,566.9,567.25,566.5,567.0,6065.0
2026-07-01 15:05:00+05:30,566.6,567.1,566.5,567.0,11314.0
2026-07-01 15:10:00+05:30,567.15,567.35,564.65,567.05,26721.0
2026-07-01 15:15:00+05:30,567.45,570.25,567.0,570.25,25435.0
2026-07-01 15:20:00+05:30,569.65,573.3,569.35,570.75,25596.0
2026-07-01 15:25:00+05:30,570.4,571.0,570.0,570.0,16446.0
2026-07-02 09:15:00+05:30,568.5,583.45,568.45,576.05,64806.0
2026-07-02 09:20:00+05:30,576.25,578.45,574.95,575.6,28069.0
2026-07-02 09:25:00+05:30,575.6,578.4,574.55,577.1,31019.0
2026-07-02 09:30:00+05:30,577.1,578.0,568.05,571.8,96357.0
2026-07-02 09:35:00+05:30,572.0,573.0,570.0,572.05,13062.0
2026-07-02 09:40:00+05:30,572.6,574.95,572.15,574.0,16755.0
2026-07-02 09:45:00+05:30,574.35,574.65,562.8,562.8,26166.0
2026-07-02 09:50:00+05:30,563.55,564.5,562.15,562.15,20849.0
2026-07-02 09:55:00+05:30,562.45,566.9,561.95,562.7,12128.0
2026-07-02 10:00:00+05:30,562.6,564.4,562.0,563.5,6966.0
2026-07-02 10:05:00+05:30,563.05,563.4,562.0,562.15,8444.0
2026-07-02 10:10:00+05:30,562.55,562.7,560.85,561.55,7308.0
2026-07-02 10:15:00+05:30,561.0,562.7,561.0,562.65,5119.0
2026-07-02 10:20:00+05:30,562.95,564.95,562.55,563.7,10270.0
2026-07-02 10:25:00+05:30,563.65,564.0,563.1,564.0,1405.0
2026-07-02 10:30:00+05:30,564.0,564.0,562.5,562.5,2710.0
2026-07-02 10:35:00+05:30,562.95,563.2,561.5,562.05,3166.0
2026-07-02 10:40:00+05:30,561.6,562.6,561.25,561.75,1498.0
2026-07-02 10:45:00+05:30,561.75,562.55,561.75,561.8,2255.0
2026-07-02 10:50:00+05:30,562.4,572.95,561.95,571.7,21651.0
2026-07-02 10:55:00+05:30,571.5,574.8,570.85,573.25,49070.0
2026-07-02 11:00:00+05:30,573.3,576.65,573.15,574.85,20722.0
2026-07-02 11:05:00+05:30,575.2,575.85,572.65,573.35,20079.0
2026-07-02 11:10:00+05:30,574.0,574.15,571.75,572.05,5601.0
2026-07-02 11:15:00+05:30,571.1,573.85,570.55,573.0,12441.0
2026-07-02 11:20:00+05:30,572.6,577.85,572.05,577.85,26129.0
2026-07-02 11:25:00+05:30,577.3,579.3,576.55,577.05,10819.0
2026-07-02 11:30:00+05:30,577.0,577.45,575.65,575.65,4077.0
2026-07-02 11:35:00+05:30,575.85,579.75,575.0,579.35,8601.0
2026-07-02 11:40:00+05:30,579.35,579.75,578.1,579.0,12546.0
2026-07-02 11:45:00+05:30,578.65,579.0,578.0,578.45,3607.0
2026-07-02 11:50:00+05:30,578.05,582.0,577.7,581.45,48603.0
2026-07-02 11:55:00+05:30,581.45,583.85,580.35,583.3,63022.0
2026-07-02 12:00:00+05:30,583.05,583.1,582.0,582.15,7893.0
2026-07-02 12:05:00+05:30,582.0,583.45,581.45,582.5,9149.0
2026-07-02 12:10:00+05:30,582.5,583.1,581.75,582.0,32104.0
2026-07-02 12:15:00+05:30,582.0,583.5,582.0,582.25,10277.0
2026-07-02 12:20:00+05:30,582.15,586.0,582.0,585.65,97084.0
2026-07-02 12:25:00+05:30,585.9,586.0,584.05,585.0,42711.0
2026-07-02 12:30:00+05:30,585.5,586.5,585.1,585.7,17814.0
2026-07-02 12:35:00+05:30,585.75,589.9,585.25,589.15,78541.0
2026-07-02 12:40:00+05:30,589.15,589.5,585.15,585.7,42260.0
2026-07-02 12:45:00+05:30,585.6,586.5,585.15,586.25,27421.0
2026-07-02 12:50:00+05:30,586.0,586.0,585.0,586.0,24563.0
2026-07-02 12:55:00+05:30,586.0,586.0,582.05,584.2,68758.0
2026-07-02 13:00:00+05:30,584.45,584.45,580.45,581.0,24764.0
2026-07-02 13:05:00+05:30,580.95,585.7,580.65,585.05,39845.0
2026-07-02 13:10:00+05:30,585.5,586.0,583.6,585.65,19750.0
2026-07-02 13:15:00+05:30,585.85,586.0,583.9,584.35,6893.0
2026-07-02 13:20:00+05:30,584.25,586.55,583.3,585.7,11871.0
2026-07-02 13:25:00+05:30,586.0,586.5,585.15,586.5,7764.0
2026-07-02 13:30:00+05:30,586.15,588.0,586.0,586.8,10281.0
2026-07-02 13:35:00+05:30,586.85,587.85,586.8,587.7,6597.0
2026-07-02 13:40:00+05:30,587.2,588.0,587.0,587.3,6924.0
2026-07-02 13:45:00+05:30,587.1,589.8,587.1,589.2,39483.0
2026-07-02 13:50:00+05:30,589.85,591.0,587.1,587.1,63600.0
2026-07-02 13:55:00+05:30,587.55,588.85,587.0,588.15,12854.0
2026-07-02 14:00:00+05:30,588.2,588.3,587.1,587.8,7645.0
2026-07-02 14:05:00+05:30,587.75,588.15,587.0,587.6,7170.0
2026-07-02 14:10:00+05:30,587.9,588.7,587.25,587.45,7325.0
2026-07-02 14:15:00+05:30,587.85,588.0,587.15,587.7,7287.0
2026-07-02 14:20:00+05:30,588.0,588.35,587.15,588.0,6890.0
2026-07-02 14:25:00+05:30,588.0,590.5,587.3,590.45,20368.0
2026-07-02 14:30:00+05:30,590.45,592.0,589.9,591.35,37349.0
2026-07-02 14:35:00+05:30,591.45,591.5,587.55,590.5,39958.0
2026-07-02 14:40:00+05:30,590.45,590.5,589.5,589.95,9951.0
2026-07-02 14:45:00+05:30,589.9,591.85,589.9,591.7,20271.0
2026-07-02 14:50:00+05:30,591.35,592.0,591.1,591.6,17321.0
2026-07-02 14:55:00+05:30,591.55,591.65,590.0,590.25,33535.0
2026-07-02 15:00:00+05:30,590.75,592.5,590.3,592.5,33909.0
2026-07-02 15:05:00+05:30,592.5,592.5,591.7,592.05,24604.0
2026-07-02 15:10:00+05:30,592.05,594.0,591.65,593.7,83759.0
2026-07-02 15:15:00+05:30,593.6,594.95,592.0,594.25,78624.0
2026-07-02 15:20:00+05:30,594.25,595.15,592.1,593.65,114116.0
2026-07-02 15:25:00+05:30,593.65,598.5,593.35,598.5,213133.0
2026-07-03 09:15:00+05:30,598.4,599.85,593.5,595.3,100301.0
2026-07-03 09:20:00+05:30,596.1,596.1,586.1,588.1,70752.0
2026-07-03 09:25:00+05:30,588.8,590.4,586.9,589.7,20627.0
2026-07-03 09:30:00+05:30,589.15,591.4,589.15,591.4,17000.0
2026-07-03 09:35:00+05:30,591.4,592.95,591.1,592.0,11318.0
2026-07-03 09:40:00+05:30,592.0,592.75,590.5,591.05,14977.0
2026-07-03 09:45:00+05:30,591.2,592.9,590.0,590.0,8634.0
2026-07-03 09:50:00+05:30,590.15,590.45,588.3,588.3,9038.0
2026-07-03 09:55:00+05:30,588.6,590.4,588.15,590.4,5048.0
2026-07-03 10:00:00+05:30,590.0,593.35,590.0,592.2,23922.0
2026-07-03 10:05:00+05:30,592.05,593.35,591.4,592.65,4160.0
2026-07-03 10:10:00+05:30,592.75,594.0,591.9,593.15,11320.0
2026-07-03 10:15:00+05:30,593.5,593.75,589.4,591.8,13692.0
2026-07-03 10:20:00+05:30,591.75,592.7,590.5,591.95,4638.0
2026-07-03 10:25:00+05:30,591.65,592.0,590.9,591.05,3727.0
2026-07-03 10:30:00+05:30,591.5,596.5,591.05,595.5,17967.0
2026-07-03 10:35:00+05:30,595.2,595.8,594.1,594.7,8343.0
2026-07-03 10:40:00+05:30,594.8,594.8,593.9,594.1,3359.0
2026-07-03 10:45:00+05:30,594.75,595.0,593.5,594.0,6217.0
2026-07-03 10:50:00+05:30,593.55,594.0,590.5,590.75,9231.0
2026-07-03 10:55:00+05:30,590.75,591.9,590.5,591.8,3532.0
2026-07-03 11:00:00+05:30,591.15,592.0,589.45,590.25,4543.0
2026-07-03 11:05:00+05:30,590.25,590.25,588.55,589.75,4547.0
2026-07-03 11:10:00+05:30,589.35,591.45,589.0,591.45,3456.0
2026-07-03 11:15:00+05:30,591.45,592.0,590.85,590.95,1593.0
2026-07-03 11:20:00+05:30,591.3,591.3,589.4,589.5,5610.0
2026-07-03 11:25:00+05:30,589.8,590.7,589.6,590.7,1330.0
2026-07-03 11:30:00+05:30,590.6,592.55,590.15,591.6,4815.0
2026-07-03 11:35:00+05:30,592.05,592.05,591.0,591.15,2321.0
2026-07-03 11:40:00+05:30,591.8,591.8,590.0,590.8,2434.0
2026-07-03 11:45:00+05:30,590.8,590.95,589.0,589.55,6063.0
2026-07-03 11:50:00+05:30,589.55,590.7,589.1,590.7,1633.0
2026-07-03 11:55:00+05:30,590.25,590.7,589.3,589.3,4512.0
2026-07-03 12:00:00+05:30,589.85,590.8,589.45,590.8,1444.0
2026-07-03 12:05:00+05:30,590.3,591.4,590.3,590.35,1090.0
2026-07-03 12:10:00+05:30,590.35,591.85,590.1,591.1,4646.0
2026-07-03 12:15:00+05:30,591.6,591.6,590.3,591.3,3495.0
2026-07-03 12:20:00+05:30,591.0,591.4,591.0,591.1,433.0
2026-07-03 12:25:00+05:30,590.7,591.35,590.25,590.65,1524.0
2026-07-03 12:30:00+05:30,591.05,591.1,590.5,590.85,881.0
2026-07-03 12:35:00+05:30,590.85,590.85,588.25,588.45,13885.0
2026-07-03 12:40:00+05:30,588.25,588.25,587.7,587.75,2860.0
2026-07-03 12:45:00+05:30,588.3,588.7,587.55,588.35,3092.0
2026-07-03 12:50:00+05:30,588.8,588.8,587.55,588.4,2084.0
2026-07-03 12:55:00+05:30,588.05,588.5,588.05,588.5,1385.0
2026-07-03 13:00:00+05:30,588.35,589.5,588.3,589.05,1130.0
2026-07-03 13:05:00+05:30,589.45,589.55,588.35,589.3,2653.0
2026-07-03 13:10:00+05:30,589.05,589.75,589.05,589.3,666.0
2026-07-03 13:15:00+05:30,589.25,589.55,587.2,587.2,11787.0
2026-07-03 13:20:00+05:30,587.05,588.0,586.8,587.35,2768.0
2026-07-03 13:25:00+05:30,587.35,587.75,586.65,587.75,2875.0
2026-07-03 13:30:00+05:30,588.0,588.5,587.6,588.5,2893.0
2026-07-03 13:35:00+05:30,588.0,589.1,587.55,588.85,2920.0
2026-07-03 13:40:00+05:30,588.25,589.05,588.05,588.25,594.0
2026-07-03 13:45:00+05:30,588.15,588.85,587.6,588.85,1902.0
2026-07-03 13:50:00+05:30,589.2,589.2,588.3,588.9,6777.0
2026-07-03 13:55:00+05:30,589.1,589.1,588.1,588.55,1215.0
2026-07-03 14:00:00+05:30,588.25,588.35,587.25,587.65,1175.0
2026-07-03 14:05:00+05:30,587.25,587.8,587.2,587.5,1251.0
2026-07-03 14:10:00+05:30,587.8,587.95,587.0,587.85,1174.0
2026-07-03 14:15:00+05:30,587.8,587.9,587.0,587.8,1754.0
2026-07-03 14:20:00+05:30,587.9,588.85,587.8,588.4,3083.0
2026-07-03 14:25:00+05:30,588.6,588.8,588.1,588.7,1643.0
2026-07-03 14:30:00+05:30,588.75,589.0,588.35,588.6,923.0
2026-07-03 14:35:00+05:30,588.6,589.1,588.1,588.1,749.0
2026-07-03 14:40:00+05:30,588.2,589.45,588.05,589.45,1994.0
2026-07-03 14:45:00+05:30,589.65,593.95,588.7,593.65,17587.0
2026-07-03 14:50:00+05:30,592.9,593.8,592.5,593.65,9981.0
2026-07-03 14:55:00+05:30,593.4,596.85,593.0,596.6,18595.0
2026-07-03 15:00:00+05:30,596.15,599.15,596.15,598.2,32941.0
2026-07-03 15:05:00+05:30,598.2,599.0,598.2,598.75,14237.0
2026-07-03 15:10:00+05:30,599.0,599.0,598.0,598.2,14952.0
2026-07-03 15:15:00+05:30,598.5,598.5,595.55,597.95,21116.0
2026-07-03 15:20:00+05:30,597.95,598.95,597.1,598.95,25311.0
2026-07-03 15:25:00+05:30,598.95,599.9,595.1,599.0,40953.0
2026-07-06 09:15:00+05:30,599.9,600.9,588.55,593.45,97628.0
2026-07-06 09:20:00+05:30,594.05,599.25,591.1,598.7,29706.0
2026-07-06 09:25:00+05:30,598.85,599.95,598.25,598.75,26065.0
2026-07-06 09:30:00+05:30,599.55,599.55,597.85,598.6,13834.0
2026-07-06 09:35:00+05:30,598.6,600.0,597.0,597.9,31840.0
2026-07-06 09:40:00+05:30,597.95,599.4,596.1,599.4,10875.0
2026-07-06 09:45:00+05:30,599.4,601.25,599.0,599.8,28322.0
2026-07-06 09:50:00+05:30,599.8,605.0,599.8,604.75,69488.0
2026-07-06 09:55:00+05:30,604.15,606.95,603.5,606.45,31558.0
2026-07-06 10:00:00+05:30,606.5,606.9,599.95,601.95,84809.0
2026-07-06 10:05:00+05:30,601.95,604.4,599.9,602.5,23582.0
2026-07-06 10:10:00+05:30,602.7,602.7,599.0,599.95,20075.0
2026-07-06 10:15:00+05:30,600.0,600.5,598.4,598.75,9291.0
2026-07-06 10:20:00+05:30,599.0,599.0,596.3,598.3,18407.0
2026-07-06 10:25:00+05:30,598.0,599.9,598.0,599.9,8256.0
2026-07-06 10:30:00+05:30,599.9,600.5,599.0,600.5,5396.0
2026-07-06 10:35:00+05:30,600.75,601.2,599.7,601.2,7280.0
2026-07-06 10:40:00+05:30,601.2,601.2,599.15,600.5,11487.0
2026-07-06 10:45:00+05:30,600.45,601.15,599.45,600.8,4586.0
2026-07-06 10:50:00+05:30,600.8,601.2,600.2,601.05,5574.0
2026-07-06 10:55:00+05:30,600.85,601.2,598.75,599.3,7173.0
2026-07-06 11:00:00+05:30,598.95,600.0,598.75,599.95,5325.0
2026-07-06 11:05:00+05:30,599.35,600.0,598.0,598.6,8289.0
2026-07-06 11:10:00+05:30,598.3,598.85,597.3,597.8,4160.0
2026-07-06 11:15:00+05:30,597.95,598.95,596.25,598.45,7475.0
2026-07-06 11:20:00+05:30,597.5,599.1,597.5,598.65,5935.0
2026-07-06 11:25:00+05:30,598.55,599.0,598.0,598.2,2363.0
2026-07-06 11:30:00+05:30,598.2,598.2,594.75,595.45,13229.0
2026-07-06 11:35:00+05:30,595.25,596.6,595.2,596.0,4413.0
2026-07-06 11:40:00+05:30,596.25,597.75,595.7,596.85,3556.0
2026-07-06 11:45:00+05:30,597.25,597.6,596.2,597.6,1882.0
2026-07-06 11:50:00+05:30,596.85,597.95,596.05,597.25,3265.0
2026-07-06 11:55:00+05:30,596.55,598.2,596.55,597.3,5572.0
2026-07-06 12:00:00+05:30,597.85,597.85,594.15,595.5,28521.0
2026-07-06 12:05:00+05:30,595.5,595.7,594.25,594.4,3067.0
2026-07-06 12:10:00+05:30,594.75,595.95,594.35,595.5,7274.0
2026-07-06 12:15:00+05:30,594.9,594.9,581.55,583.1,54256.0
2026-07-06 12:20:00+05:30,583.05,585.5,582.5,585.2,28597.0
2026-07-06 12:25:00+05:30,585.3,587.2,585.3,586.7,8695.0
2026-07-06 12:30:00+05:30,586.7,586.9,585.15,586.35,7903.0
2026-07-06 12:35:00+05:30,586.55,586.75,583.6,584.5,9293.0
2026-07-06 12:40:00+05:30,584.0,584.0,583.0,584.0,2856.0
2026-07-06 12:45:00+05:30,584.0,584.75,582.55,584.25,5522.0
2026-07-06 12:50:00+05:30,584.7,584.85,583.0,583.15,3837.0
2026-07-06 12:55:00+05:30,583.15,584.0,582.2,583.0,5005.0
2026-07-06 13:00:00+05:30,583.0,584.3,582.45,583.85,6387.0
2026-07-06 13:05:00+05:30,584.2,584.65,583.0,583.65,6657.0
2026-07-06 13:10:00+05:30,584.05,584.5,583.0,584.1,2583.0
2026-07-06 13:15:00+05:30,584.4,585.6,584.2,585.6,2236.0
2026-07-06 13:20:00+05:30,585.05,585.3,578.45,581.05,19443.0
2026-07-06 13:25:00+05:30,581.85,582.0,576.3,579.85,19390.0
2026-07-06 13:30:00+05:30,579.65,579.65,577.65,578.6,4839.0
2026-07-06 13:35:00+05:30,578.3,579.5,577.0,579.25,7156.0
2026-07-06 13:40:00+05:30,579.2,580.0,578.75,579.55,4191.0
2026-07-06 13:45:00+05:30,579.7,580.0,579.5,579.55,2576.0
2026-07-06 13:50:00+05:30,579.5,580.0,578.6,579.0,3712.0
2026-07-06 13:55:00+05:30,579.1,579.75,578.0,579.05,4726.0
2026-07-06 14:00:00+05:30,578.55,579.95,578.55,579.4,3157.0
2026-07-06 14:05:00+05:30,579.05,579.45,578.6,578.8,3030.0
2026-07-06 14:10:00+05:30,578.8,579.8,578.05,579.0,3341.0
2026-07-06 14:15:00+05:30,579.05,580.85,579.0,580.0,8034.0
2026-07-06 14:20:00+05:30,580.2,580.75,579.05,580.0,3862.0
2026-07-06 14:25:00+05:30,580.0,582.0,579.35,580.6,4026.0
2026-07-06 14:30:00+05:30,580.05,585.4,580.0,584.25,8948.0
2026-07-06 14:35:00+05:30,583.55,584.0,581.7,582.25,3317.0
2026-07-06 14:40:00+05:30,581.8,583.5,581.5,582.4,3805.0
2026-07-06 14:45:00+05:30,582.4,584.0,580.55,583.3,6678.0
2026-07-06 14:50:00+05:30,583.9,584.45,582.45,583.25,5727.0
2026-07-06 14:55:00+05:30,583.4,584.15,581.3,582.7,6522.0
2026-07-06 15:00:00+05:30,582.8,584.0,582.1,583.0,5478.0
2026-07-06 15:05:00+05:30,583.15,583.95,582.8,583.95,18583.0
2026-07-06 15:10:00+05:30,583.4,583.7,581.55,582.45,9140.0
2026-07-06 15:15:00+05:30,582.45,582.5,580.35,582.0,15564.0
2026-07-06 15:20:00+05:30,582.0,583.4,581.1,582.3,13500.0
2026-07-06 15:25:00+05:30,582.7,583.4,580.45,581.5,17384.0
2026-07-07 09:15:00+05:30,583.45,586.9,578.5,579.7,12798.0
2026-07-07 09:20:00+05:30,579.05,580.4,578.0,579.75,4312.0
2026-07-07 09:25:00+05:30,579.75,579.75,577.85,577.85,6146.0
2026-07-07 09:30:00+05:30,577.6,578.85,576.6,577.85,4686.0
2026-07-07 09:35:00+05:30,577.85,578.9,576.1,577.0,4936.0
2026-07-07 09:40:00+05:30,577.0,579.65,576.2,578.9,3920.0
2026-07-07 09:45:00+05:30,578.85,580.65,578.45,579.25,2995.0
2026-07-07 09:50:00+05:30,579.55,581.55,579.5,579.6,6035.0
2026-07-07 09:55:00+05:30,579.55,582.4,579.3,581.45,3553.0
2026-07-07 10:00:00+05:30,582.05,582.65,578.1,578.1,4540.0
2026-07-07 10:05:00+05:30,578.65,579.9,578.2,578.85,1484.0
2026-07-07 10:10:00+05:30,578.85,578.85,577.2,578.05,2378.0
2026-07-07 10:15:00+05:30,578.05,583.4,577.2,583.4,5600.0
2026-07-07 10:20:00+05:30,583.4,589.8,583.05,589.35,17676.0
2026-07-07 10:25:00+05:30,588.65,589.8,587.15,589.0,14465.0
2026-07-07 10:30:00+05:30,589.45,589.9,588.0,588.5,11003.0
2026-07-07 10:35:00+05:30,588.5,588.75,587.65,588.45,2874.0
2026-07-07 10:40:00+05:30,588.25,588.25,587.05,587.05,4212.0
2026-07-07 10:45:00+05:30,587.4,588.8,587.4,588.45,2048.0
2026-07-07 10:50:00+05:30,588.95,588.95,588.0,588.5,5035.0
2026-07-07 10:55:00+05:30,588.45,588.45,586.85,588.0,3357.0
2026-07-07 11:00:00+05:30,588.2,588.65,587.3,588.65,2204.0
2026-07-07 11:05:00+05:30,588.35,592.6,588.25,590.45,19124.0
2026-07-07 11:10:00+05:30,590.45,591.0,589.15,589.35,3717.0
2026-07-07 11:15:00+05:30,589.0,591.2,588.3,590.55,7707.0
2026-07-07 11:20:00+05:30,590.05,590.6,588.65,589.5,2312.0
2026-07-07 11:25:00+05:30,589.25,590.0,588.15,588.15,5781.0
2026-07-07 11:30:00+05:30,588.35,589.2,588.15,588.85,1199.0
2026-07-07 11:35:00+05:30,588.4,589.05,586.45,588.55,4525.0
2026-07-07 11:40:00+05:30,588.0,588.55,586.55,587.35,5314.0
2026-07-07 11:45:00+05:30,586.9,587.9,586.5,587.85,1714.0
2026-07-07 11:50:00+05:30,588.0,588.0,587.3,587.85,632.0
2026-07-07 11:55:00+05:30,587.55,587.9,587.0,587.15,2231.0
2026-07-07 12:00:00+05:30,587.15,587.75,586.25,587.75,3675.0
2026-07-07 12:05:00+05:30,587.0,592.5,587.0,592.0,7624.0
2026-07-07 12:10:00+05:30,592.75,593.2,591.4,592.35,4342.0
2026-07-07 12:15:00+05:30,592.25,593.6,591.8,592.55,10554.0
2026-07-07 12:20:00+05:30,593.8,595.0,591.75,592.85,9750.0
2026-07-07 12:25:00+05:30,592.55,593.0,592.2,592.2,2004.0
2026-07-07 12:30:00+05:30,592.6,592.6,591.1,592.25,2753.0
2026-07-07 12:35:00+05:30,592.35,594.3,591.9,593.4,9099.0
2026-07-07 12:40:00+05:30,591.95,592.95,591.0,591.35,5007.0
2026-07-07 12:45:00+05:30,591.15,593.5,591.1,592.1,4856.0
2026-07-07 12:50:00+05:30,591.05,592.4,591.05,591.9,1817.0
2026-07-07 12:55:00+05:30,591.3,592.8,591.0,592.4,2233.0
2026-07-07 13:00:00+05:30,592.4,592.4,591.0,591.95,2201.0
2026-07-07 13:05:00+05:30,592.1,592.1,591.1,591.15,828.0
2026-07-07 13:10:00+05:30,591.15,592.25,590.8,591.4,4057.0
2026-07-07 13:15:00+05:30,591.5,592.2,590.85,591.65,3316.0
2026-07-07 13:20:00+05:30,591.25,591.65,590.5,591.65,5419.0
2026-07-07 13:25:00+05:30,591.05,591.7,590.95,590.95,1033.0
2026-07-07 13:30:00+05:30,591.6,593.25,591.6,592.4,4269.0
2026-07-07 13:35:00+05:30,592.0,592.5,591.75,592.15,996.0
2026-07-07 13:40:00+05:30,592.2,592.45,591.6,592.0,1823.0
2026-07-07 13:45:00+05:30,592.0,592.0,591.25,591.3,1106.0
2026-07-07 13:50:00+05:30,591.15,592.1,590.35,591.05,9779.0
2026-07-07 13:55:00+05:30,588.0,588.25,586.1,586.75,7845.0
2026-07-07 14:00:00+05:30,586.25,586.8,585.0,585.4,3546.0
2026-07-07 14:05:00+05:30,585.15,585.7,583.15,584.5,3715.0
2026-07-07 14:10:00+05:30,584.5,585.0,584.0,585.0,2919.0
2026-07-07 14:15:00+05:30,585.0,585.0,583.7,583.85,1263.0
2026-07-07 14:20:00+05:30,583.2,584.5,582.45,582.8,15126.0
2026-07-07 14:25:00+05:30,582.9,583.55,578.35,579.6,17666.0
2026-07-07 14:30:00+05:30,579.15,579.55,578.05,578.05,1887.0
2026-07-07 14:35:00+05:30,578.6,579.0,578.05,578.45,2461.0
2026-07-07 14:40:00+05:30,578.0,578.5,577.2,578.5,3364.0
2026-07-07 14:45:00+05:30,578.5,579.3,577.8,578.8,4736.0
2026-07-07 14:50:00+05:30,579.0,579.35,576.85,578.4,3820.0
2026-07-07 14:55:00+05:30,577.6,578.35,577.0,578.3,2979.0
2026-07-07 15:00:00+05:30,577.8,577.8,575.55,577.25,7577.0
2026-07-07 15:05:00+05:30,577.25,578.65,576.65,578.0,5330.0
2026-07-07 15:10:00+05:30,578.1,578.1,576.4,576.8,3255.0
2026-07-07 15:15:00+05:30,576.35,577.15,573.85,574.85,16197.0
2026-07-07 15:20:00+05:30,574.65,576.2,573.65,575.1,15889.0
2026-07-07 15:25:00+05:30,574.8,576.9,574.7,576.9,6312.0
2026-07-08 09:15:00+05:30,575.85,576.45,566.85,573.3,19851.0
2026-07-08 09:20:00+05:30,572.5,575.7,571.35,575.1,7669.0
2026-07-08 09:25:00+05:30,575.65,579.7,575.0,579.4,9078.0
2026-07-08 09:30:00+05:30,578.65,583.1,577.8,582.35,16725.0
2026-07-08 09:35:00+05:30,581.85,587.0,581.2,583.85,19902.0
2026-07-08 09:40:00+05:30,583.95,583.95,581.2,581.55,6383.0
2026-07-08 09:45:00+05:30,582.0,582.0,580.35,580.95,3702.0
2026-07-08 09:50:00+05:30,580.7,580.7,575.85,579.0,7885.0
2026-07-08 09:55:00+05:30,579.85,579.85,575.6,576.25,8060.0
2026-07-08 10:00:00+05:30,576.55,576.55,575.3,575.95,2339.0
2026-07-08 10:05:00+05:30,575.55,576.45,575.2,576.45,1285.0
2026-07-08 10:10:00+05:30,576.5,576.9,575.0,575.55,4515.0
2026-07-08 10:15:00+05:30,576.0,577.8,575.55,575.55,1794.0
2026-07-08 10:20:00+05:30,575.85,577.9,575.05,577.35,1624.0
2026-07-08 10:25:00+05:30,577.1,578.0,576.0,576.4,2432.0
2026-07-08 10:30:00+05:30,576.0,576.6,575.1,575.15,2171.0
2026-07-08 10:35:00+05:30,575.15,575.35,574.05,574.15,3257.0
2026-07-08 10:40:00+05:30,573.75,575.65,573.75,575.65,2207.0
2026-07-08 10:45:00+05:30,576.35,578.55,576.35,577.45,7275.0
2026-07-08 10:50:00+05:30,577.5,578.4,576.9,577.1,2682.0
2026-07-08 10:55:00+05:30,576.9,578.6,576.55,577.85,2844.0
2026-07-08 11:00:00+05:30,577.85,579.0,577.25,579.0,3762.0
2026-07-08 11:05:00+05:30,579.25,579.8,577.95,579.8,2590.0
2026-07-08 11:10:00+05:30,579.8,579.95,579.0,579.0,1358.0
2026-07-08 11:15:00+05:30,579.25,579.85,578.9,579.7,824.0
2026-07-08 11:20:00+05:30,579.7,580.0,579.05,579.1,1696.0
2026-07-08 11:25:00+05:30,579.95,582.0,579.95,581.95,4458.0
2026-07-08 11:30:00+05:30,581.95,582.65,581.6,582.65,1015.0
2026-07-08 11:35:00+05:30,582.65,583.25,582.0,582.8,2200.0
2026-07-08 11:40:00+05:30,584.0,584.5,583.35,584.15,5178.0
2026-07-08 11:45:00+05:30,584.15,584.95,584.1,584.8,1164.0
2026-07-08 11:50:00+05:30,584.6,584.8,583.55,584.3,2389.0
2026-07-08 11:55:00+05:30,584.65,585.4,583.9,584.95,5463.0
2026-07-08 12:00:00+05:30,585.25,585.25,582.75,583.25,2183.0
2026-07-08 12:05:00+05:30,583.75,583.9,583.05,583.5,1156.0
2026-07-08 12:10:00+05:30,582.75,584.2,582.55,583.05,2317.0
2026-07-08 12:15:00+05:30,583.85,584.05,583.2,583.6,1419.0
2026-07-08 12:20:00+05:30,584.0,584.25,582.2,583.05,3172.0
2026-07-08 12:25:00+05:30,582.95,583.65,582.0,582.3,2188.0
2026-07-08 12:30:00+05:30,581.55,582.5,581.35,581.85,2267.0
2026-07-08 12:35:00+05:30,581.95,582.25,581.85,582.15,816.0
2026-07-08 12:40:00+05:30,581.6,582.0,581.05,582.0,1140.0
2026-07-08 12:45:00+05:30,582.0,582.65,581.65,582.0,2273.0
2026-07-08 12:50:00+05:30,582.25,583.6,582.05,582.5,2805.0
2026-07-08 12:55:00+05:30,582.05,583.15,581.45,581.45,5901.0
2026-07-08 13:00:00+05:30,582.4,582.5,581.45,581.6,866.0
2026-07-08 13:05:00+05:30,582.2,582.2,581.3,581.3,699.0
2026-07-08 13:10:00+05:30,581.3,581.65,581.15,581.35,934.0
2026-07-08 13:15:00+05:30,581.5,583.2,580.85,582.8,3765.0
2026-07-08 13:20:00+05:30,582.8,583.4,582.3,582.4,2286.0
2026-07-08 13:25:00+05:30,582.45,583.8,581.5,583.5,4166.0
2026-07-08 13:30:00+05:30,583.95,583.95,583.05,583.6,673.0
2026-07-08 13:35:00+05:30,583.5,584.15,583.4,583.75,2291.0
2026-07-08 13:40:00+05:30,584.15,585.8,584.15,585.75,4607.0
2026-07-08 13:45:00+05:30,585.95,586.9,585.0,585.25,5254.0
2026-07-08 13:50:00+05:30,579.15,579.15,575.85,576.2,18849.0
2026-07-08 13:55:00+05:30,575.9,575.9,571.65,572.35,13604.0
2026-07-08 14:00:00+05:30,572.65,572.65,568.75,568.9,7425.0
2026-07-08 14:05:00+05:30,569.0,569.3,567.0,567.0,8940.0
2026-07-08 14:10:00+05:30,567.0,567.3,562.9,564.85,15722.0
2026-07-08 14:15:00+05:30,564.5,567.45,562.05,565.45,13292.0
2026-07-08 14:20:00+05:30,565.25,566.25,564.5,564.95,9574.0
2026-07-08 14:25:00+05:30,565.25,565.25,563.75,564.6,3572.0
2026-07-08 14:30:00+05:30,563.15,564.55,560.3,563.05,13093.0
2026-07-08 14:35:00+05:30,563.35,570.0,562.45,567.2,17108.0
2026-07-08 14:40:00+05:30,565.85,566.05,563.6,564.85,5384.0
2026-07-08 14:45:00+05:30,564.85,564.95,562.45,562.7,3198.0
2026-07-08 14:50:00+05:30,563.2,563.2,558.55,559.95,18281.0
2026-07-08 14:55:00+05:30,559.7,562.05,557.9,561.45,309761.0
2026-07-08 15:00:00+05:30,561.35,564.3,558.45,559.5,32925.0
2026-07-08 15:05:00+05:30,559.45,559.75,558.1,559.1,9380.0
2026-07-08 15:10:00+05:30,558.85,560.3,557.85,559.65,11210.0
2026-07-08 15:15:00+05:30,559.65,560.45,559.5,560.0,24231.0
2026-07-08 15:20:00+05:30,560.0,560.5,559.55,560.0,20112.0
2026-07-08 15:25:00+05:30,560.0,560.45,553.0,555.0,25963.0
2026-07-09 09:15:00+05:30,560.0,566.8,559.0,562.15,18095.0
2026-07-09 09:20:00+05:30,562.1,563.95,560.7,563.5,9401.0
2026-07-09 09:25:00+05:30,564.6,565.45,563.95,564.95,6674.0
2026-07-09 09:30:00+05:30,564.95,568.95,564.95,568.85,11737.0
2026-07-09 09:35:00+05:30,568.35,570.0,566.35,567.55,15260.0
2026-07-09 09:40:00+05:30,567.25,571.55,567.25,569.6,9765.0
2026-07-09 09:45:00+05:30,569.55,570.8,568.85,569.8,10059.0
2026-07-09 09:50:00+05:30,570.0,570.0,568.75,569.15,3443.0
2026-07-09 09:55:00+05:30,569.9,571.5,569.9,570.75,4302.0
2026-07-09 10:00:00+05:30,571.05,571.05,569.0,569.6,6524.0
2026-07-09 10:05:00+05:30,569.7,570.8,568.9,569.85,2542.0
2026-07-09 10:10:00+05:30,569.5,569.9,568.0,568.45,5704.0
2026-07-09 10:15:00+05:30,568.85,569.0,568.0,568.85,527.0
2026-07-09 10:20:00+05:30,568.5,569.95,567.15,569.55,3654.0
2026-07-09 10:25:00+05:30,569.75,569.75,568.2,568.2,763.0
2026-07-09 10:30:00+05:30,568.2,569.9,567.8,569.9,967.0
2026-07-09 10:35:00+05:30,569.1,569.15,568.5,568.65,1088.0
2026-07-09 10:40:00+05:30,568.8,569.85,568.65,569.15,4486.0
2026-07-09 10:45:00+05:30,568.75,569.45,568.2,568.5,3852.0
2026-07-09 10:50:00+05:30,568.5,570.0,568.0,569.4,3514.0
2026-07-09 10:55:00+05:30,569.35,569.35,568.0,568.15,1870.0
2026-07-09 11:00:00+05:30,568.2,568.45,566.85,567.5,1730.0
2026-07-09 11:05:00+05:30,566.7,566.8,565.75,566.45,3213.0
2026-07-09 11:10:00+05:30,566.4,566.65,565.85,566.3,807.0
2026-07-09 11:15:00+05:30,566.15,566.2,564.0,564.5,3542.0
2026-07-09 11:20:00+05:30,564.5,564.85,563.75,564.5,6325.0
2026-07-09 11:25:00+05:30,564.85,565.05,564.15,564.15,1162.0
2026-07-09 11:30:00+05:30,563.95,565.7,563.7,565.2,1938.0
2026-07-09 11:35:00+05:30,565.15,565.2,564.05,564.25,2385.0
2026-07-09 11:40:00+05:30,564.45,564.7,563.8,564.45,797.0
2026-07-09 11:45:00+05:30,564.65,564.65,563.45,563.95,819.0
2026-07-09 11:50:00+05:30,564.0,564.8,563.8,564.45,1491.0
2026-07-09 11:55:00+05:30,564.05,565.05,564.0,565.05,2143.0
2026-07-09 12:00:00+05:30,564.9,565.0,564.5,565.0,642.0
2026-07-09 12:05:00+05:30,565.2,566.45,565.15,565.5,2246.0
2026-07-09 12:10:00+05:30,566.1,567.05,566.0,566.75,2240.0
2026-07-09 12:15:00+05:30,566.85,567.3,566.3,566.65,536.0
2026-07-09 12:20:00+05:30,566.65,567.4,566.5,566.85,923.0
2026-07-09 12:25:00+05:30,567.1,567.1,566.1,566.2,567.0
2026-07-09 12:30:00+05:30,566.6,567.45,566.05,566.05,3290.0
2026-07-09 12:35:00+05:30,566.05,566.55,565.55,565.85,939.0
2026-07-09 12:40:00+05:30,566.0,566.35,564.35,564.85,1063.0
2026-07-09 12:45:00+05:30,565.0,565.25,564.1,564.75,3436.0
2026-07-09 12:50:00+05:30,564.5,564.75,564.25,564.75,498.0
2026-07-09 12:55:00+05:30,564.45,564.9,563.75,564.25,2202.0
2026-07-09 13:00:00+05:30,564.85,565.3,564.65,565.15,198.0
2026-07-09 13:05:00+05:30,564.8,568.25,564.8,566.0,8905.0
2026-07-09 13:10:00+05:30,565.65,566.0,564.25,564.45,1094.0
2026-07-09 13:15:00+05:30,564.5,565.0,564.1,564.1,1375.0
2026-07-09 13:20:00+05:30,564.8,564.85,564.0,564.35,316.0
2026-07-09 13:25:00+05:30,564.05,567.95,564.05,567.0,17217.0
2026-07-09 13:30:00+05:30,567.0,567.65,566.5,567.0,15241.0
2026-07-09 13:35:00+05:30,567.0,567.2,566.75,567.2,5475.0
2026-07-09 13:40:00+05:30,567.1,567.8,565.3,566.25,10161.0
2026-07-09 13:45:00+05:30,566.75,567.05,566.35,567.0,4786.0
2026-07-09 13:50:00+05:30,567.0,567.35,566.6,567.2,3577.0
2026-07-09 13:55:00+05:30,566.55,567.0,566.4,566.55,1798.0
2026-07-09 14:00:00+05:30,566.95,567.05,566.5,567.05,5682.0
2026-07-09 14:05:00+05:30,567.05,567.05,566.7,567.0,7941.0
2026-07-09 14:10:00+05:30,566.5,567.75,566.5,567.0,60688.0
2026-07-09 14:15:00+05:30,567.05,573.6,567.0,573.2,15815.0
2026-07-09 14:20:00+05:30,573.0,573.4,572.1,573.2,7603.0
2026-07-09 14:25:00+05:30,572.75,574.45,572.75,573.95,3016.0
2026-07-09 14:30:00+05:30,574.0,574.0,573.05,574.0,3017.0
2026-07-09 14:35:00+05:30,573.7,574.5,573.15,574.5,5722.0
2026-07-09 14:40:00+05:30,574.15,574.45,573.1,573.7,2339.0
2026-07-09 14:45:00+05:30,573.25,573.7,573.0,573.4,2546.0
2026-07-09 14:50:00+05:30,572.8,573.75,572.8,573.75,3554.0
2026-07-09 14:55:00+05:30,573.6,574.7,573.55,574.2,1770.0
2026-07-09 15:00:00+05:30,573.7,573.7,570.1,571.0,6361.0
2026-07-09 15:05:00+05:30,570.95,572.1,569.2,570.4,8209.0
2026-07-09 15:10:00+05:30,570.55,571.35,570.0,571.35,2964.0
2026-07-09 15:15:00+05:30,570.75,572.65,570.75,571.2,5699.0
2026-07-09 15:20:00+05:30,571.75,572.55,571.05,572.05,7950.0
2026-07-09 15:25:00+05:30,572.5,574.5,571.4,574.0,6403.0
2026-07-10 09:15:00+05:30,576.4,579.5,574.25,575.9,22232.0
2026-07-10 09:20:00+05:30,576.45,576.6,573.4,573.6,4259.0
2026-07-10 09:25:00+05:30,574.25,576.35,573.5,576.35,4693.0
2026-07-10 09:30:00+05:30,575.5,577.95,574.4,577.95,4739.0
2026-07-10 09:35:00+05:30,578.0,578.5,577.05,578.05,3955.0
2026-07-10 09:40:00+05:30,578.1,579.0,575.85,576.15,8718.0
2026-07-10 09:45:00+05:30,576.2,576.35,574.85,575.6,3528.0
2026-07-10 09:50:00+05:30,575.6,575.6,574.05,574.25,1857.0
2026-07-10 09:55:00+05:30,574.75,575.45,574.3,574.8,1818.0
2026-07-10 10:00:00+05:30,575.55,575.55,573.5,573.8,2569.0
2026-07-10 10:05:00+05:30,573.8,575.05,573.55,575.05,2026.0
2026-07-10 10:10:00+05:30,575.45,580.0,575.45,579.1,3737.0
2026-07-10 10:15:00+05:30,579.85,579.9,578.0,578.4,1627.0
2026-07-10 10:20:00+05:30,578.1,578.35,577.3,577.35,926.0
2026-07-10 10:25:00+05:30,577.15,583.15,576.05,582.45,13868.0
2026-07-10 10:30:00+05:30,582.4,583.8,582.4,583.5,4188.0
2026-07-10 10:35:00+05:30,583.8,584.1,582.2,582.2,5995.0
2026-07-10 10:40:00+05:30,582.45,583.0,582.1,582.1,1938.0
2026-07-10 10:45:00+05:30,582.1,582.8,582.0,582.7,1340.0
2026-07-10 10:50:00+05:30,582.05,582.7,580.4,580.5,2037.0
2026-07-10 10:55:00+05:30,580.5,583.25,580.45,582.15,4312.0
2026-07-10 11:00:00+05:30,582.6,584.8,582.3,583.8,3778.0
2026-07-10 11:05:00+05:30,583.7,587.75,583.1,586.05,12672.0
2026-07-10 11:10:00+05:30,585.65,587.15,585.15,585.7,5495.0
2026-07-10 11:15:00+05:30,585.55,586.0,585.15,586.0,1849.0
2026-07-10 11:20:00+05:30,586.4,586.4,584.2,585.0,5967.0
2026-07-10 11:25:00+05:30,585.0,586.5,584.5,585.6,4047.0
2026-07-10 11:30:00+05:30,586.0,592.95,585.4,591.25,29290.0
2026-07-10 11:35:00+05:30,591.0,591.0,588.95,589.0,3856.0
2026-07-10 11:40:00+05:30,590.0,596.4,590.0,594.25,34160.0
2026-07-10 11:45:00+05:30,593.7,600.0,590.4,593.0,78286.0
2026-07-10 11:50:00+05:30,593.3,593.3,588.65,589.1,19345.0
2026-07-10 11:55:00+05:30,589.6,589.85,586.6,587.2,9352.0
2026-07-10 12:00:00+05:30,587.2,588.25,586.6,587.05,6792.0
2026-07-10 12:05:00+05:30,587.05,588.8,586.5,586.5,4830.0
2026-07-10 12:10:00+05:30,586.65,589.75,586.0,589.6,7569.0
2026-07-10 12:15:00+05:30,589.35,591.8,588.7,589.6,12903.0
2026-07-10 12:20:00+05:30,589.2,590.0,588.25,588.8,2987.0
2026-07-10 12:25:00+05:30,588.95,589.0,588.15,589.0,2357.0
2026-07-10 12:30:00+05:30,589.2,589.5,588.0,589.5,5049.0
2026-07-10 12:35:00+05:30,589.0,590.2,588.9,589.0,1434.0
2026-07-10 12:40:00+05:30,588.5,590.0,588.5,589.7,2560.0
2026-07-10 12:45:00+05:30,589.15,590.0,587.0,587.0,5790.0
2026-07-10 12:50:00+05:30,585.75,589.1,585.75,588.3,5842.0
2026-07-10 12:55:00+05:30,591.7,591.75,590.25,591.25,6370.0
2026-07-10 13:00:00+05:30,591.0,591.5,590.75,591.35,1388.0
2026-07-10 13:05:00+05:30,590.95,592.0,590.0,592.0,4863.0
2026-07-10 13:10:00+05:30,592.05,593.1,592.0,592.85,5048.0
2026-07-10 13:15:00+05:30,592.45,594.4,592.15,593.7,4494.0
2026-07-10 13:20:00+05:30,594.0,594.9,593.05,593.05,6651.0
2026-07-10 13:25:00+05:30,593.5,593.95,592.8,593.95,4558.0
2026-07-10 13:30:00+05:30,593.85,594.55,593.0,593.45,3519.0
2026-07-10 13:35:00+05:30,593.45,594.35,593.15,593.8,2102.0
2026-07-10 13:40:00+05:30,593.15,593.95,593.0,593.5,1293.0
2026-07-10 13:45:00+05:30,593.0,593.45,591.6,593.45,11089.0
2026-07-10 13:50:00+05:30,593.0,593.5,591.8,592.35,1778.0
2026-07-10 13:55:00+05:30,592.0,593.4,591.05,593.2,5260.0
2026-07-10 14:00:00+05:30,593.15,593.45,592.2,593.45,4870.0
2026-07-10 14:05:00+05:30,593.45,593.45,592.5,593.0,2939.0
2026-07-10 14:10:00+05:30,594.45,595.85,593.4,594.1,21359.0
2026-07-10 14:15:00+05:30,594.05,594.4,593.4,593.5,1415.0
2026-07-10 14:20:00+05:30,593.5,593.9,592.75,592.75,1864.0
2026-07-10 14:25:00+05:30,593.35,594.1,593.05,593.85,3055.0
2026-07-10 14:30:00+05:30,594.35,594.35,591.7,592.35,2598.0
2026-07-10 14:35:00+05:30,592.35,592.75,592.0,592.65,2875.0
2026-07-10 14:40:00+05:30,592.3,595.0,592.2,595.0,1702.0
2026-07-10 14:45:00+05:30,595.0,595.0,593.55,594.25,1521.0
2026-07-10 14:50:00+05:30,594.8,595.15,593.0,594.75,4089.0
2026-07-10 14:55:00+05:30,595.1,595.1,593.3,593.4,3607.0
2026-07-10 15:00:00+05:30,593.2,595.5,593.05,593.85,16580.0
2026-07-10 15:05:00+05:30,593.75,593.75,592.5,592.7,4248.0
2026-07-10 15:10:00+05:30,592.95,593.5,590.35,591.4,16433.0
2026-07-10 15:15:00+05:30,591.6,593.15,591.0,591.5,13469.0
2026-07-10 15:20:00+05:30,591.25,593.1,591.0,592.85,12581.0
2026-07-10 15:25:00+05:30,592.0,593.0,591.05,592.0,16435.0
2026-07-13 09:15:00+05:30,590.0,593.5,582.8,593.1,18047.0
2026-07-13 09:20:00+05:30,593.1,593.8,589.6,592.75,11524.0
2026-07-13 09:25:00+05:30,593.25,593.85,590.25,591.95,4729.0
2026-07-13 09:30:00+05:30,591.9,592.0,590.0,590.5,2828.0
2026-07-13 09:35:00+05:30,591.05,591.05,588.8,589.6,3495.0
2026-07-13 09:40:00+05:30,589.5,592.5,589.35,590.85,3764.0
2026-07-13 09:45:00+05:30,591.15,591.9,590.1,590.35,1333.0
2026-07-13 09:50:00+05:30,590.3,591.2,590.0,590.75,2333.0
2026-07-13 09:55:00+05:30,590.75,591.65,590.0,590.6,1491.0
2026-07-13 10:00:00+05:30,589.75,589.85,588.8,589.25,4094.0
2026-07-13 10:05:00+05:30,589.1,589.7,588.65,589.35,1326.0
2026-07-13 10:10:00+05:30,588.7,589.7,588.4,589.05,1243.0
2026-07-13 10:15:00+05:30,590.15,592.0,589.35,589.4,2207.0
2026-07-13 10:20:00+05:30,589.8,590.9,589.4,589.95,2962.0
2026-07-13 10:25:00+05:30,589.35,590.0,588.3,588.3,794.0
2026-07-13 10:30:00+05:30,588.0,589.45,587.85,588.55,4163.0
2026-07-13 10:35:00+05:30,588.2,588.8,587.2,587.2,2011.0
2026-07-13 10:40:00+05:30,587.85,588.65,587.5,588.0,1491.0
2026-07-13 10:45:00+05:30,588.0,589.2,588.0,588.2,2922.0
2026-07-13 10:50:00+05:30,588.6,589.8,588.1,589.5,3162.0
2026-07-13 10:55:00+05:30,589.3,589.7,588.45,588.95,1380.0
2026-07-13 11:00:00+05:30,588.85,589.6,588.8,589.3,829.0
2026-07-13 11:05:00+05:30,588.8,589.25,588.6,588.9,227.0
2026-07-13 11:10:00+05:30,588.85,589.8,587.25,588.2,4570.0
2026-07-13 11:15:00+05:30,588.0,588.45,587.15,587.15,1874.0
2026-07-13 11:20:00+05:30,587.0,587.75,586.8,586.95,1174.0
2026-07-13 11:25:00+05:30,587.0,587.0,586.6,586.65,206.0
2026-07-13 11:30:00+05:30,586.5,586.95,585.3,586.7,1855.0
2026-07-13 11:35:00+05:30,587.0,588.5,586.0,588.5,3766.0
2026-07-13 11:40:00+05:30,588.65,588.65,587.7,588.0,773.0
2026-07-13 11:45:00+05:30,588.0,588.4,587.35,587.7,531.0
2026-07-13 11:50:00+05:30,587.05,587.55,587.0,587.4,840.0
2026-07-13 11:55:00+05:30,587.15,587.8,587.15,587.8,3797.0
2026-07-13 12:00:00+05:30,588.4,588.5,588.0,588.3,558.0
2026-07-13 12:05:00+05:30,587.55,588.35,587.5,587.95,689.0
2026-07-13 12:10:00+05:30,587.3,587.85,587.05,587.65,761.0
2026-07-13 12:15:00+05:30,588.15,588.6,587.15,588.6,6522.0
2026-07-13 12:20:00+05:30,588.1,588.85,588.1,588.75,650.0
2026-07-13 12:25:00+05:30,588.4,588.8,587.8,588.15,812.0
2026-07-13 12:30:00+05:30,587.85,587.95,587.25,587.95,215.0
2026-07-13 12:35:00+05:30,588.1,588.95,587.0,588.45,3863.0
2026-07-13 12:40:00+05:30,588.3,588.75,587.95,588.0,409.0
2026-07-13 12:45:00+05:30,588.25,600.95,588.25,597.75,53260.0
2026-07-13 12:50:00+05:30,597.1,597.8,595.9,596.35,12993.0
2026-07-13 12:55:00+05:30,596.8,597.6,596.35,596.95,3544.0
2026-07-13 13:00:00+05:30,596.9,597.6,596.4,596.8,3805.0
2026-07-13 13:05:00+05:30,596.85,597.05,594.4,597.0,7500.0
2026-07-13 13:10:00+05:30,597.2,597.25,596.05,596.85,3256.0
2026-07-13 13:15:00+05:30,596.9,597.25,596.2,596.5,4301.0
2026-07-13 13:20:00+05:30,596.4,597.5,596.0,596.8,7934.0
2026-07-13 13:25:00+05:30,596.85,599.5,595.4,599.05,24564.0
2026-07-13 13:30:00+05:30,599.5,599.5,598.0,598.5,2573.0
2026-07-13 13:35:00+05:30,598.8,599.4,598.25,599.4,2112.0
2026-07-13 13:40:00+05:30,598.9,599.5,598.15,598.7,12173.0
2026-07-13 13:45:00+05:30,598.05,599.85,598.05,599.0,6862.0
2026-07-13 13:50:00+05:30,598.95,599.0,598.05,599.0,1080.0
2026-07-13 13:55:00+05:30,598.85,598.85,597.85,598.0,2785.0
2026-07-13 14:00:00+05:30,598.0,598.15,596.05,597.0,8827.0
2026-07-13 14:05:00+05:30,597.0,598.1,597.0,597.65,2991.0
2026-07-13 14:10:00+05:30,597.2,597.65,596.85,596.95,943.0
2026-07-13 14:15:00+05:30,595.6,598.9,594.4,598.85,24049.0
2026-07-13 14:20:00+05:30,598.0,598.0,595.0,595.15,8952.0
2026-07-13 14:25:00+05:30,594.95,595.9,593.2,593.8,8375.0
2026-07-13 14:30:00+05:30,594.25,594.4,593.8,593.85,640.0
2026-07-13 14:35:00+05:30,593.8,594.2,593.0,593.95,2681.0
2026-07-13 14:40:00+05:30,593.45,593.75,593.0,593.55,2392.0
2026-07-13 14:45:00+05:30,593.5,594.1,592.0,592.95,6490.0
2026-07-13 14:50:00+05:30,592.95,593.9,592.7,593.7,503.0
2026-07-13 14:55:00+05:30,593.3,594.6,593.0,593.15,8981.0
2026-07-13 15:00:00+05:30,592.3,593.6,592.1,592.85,6563.0
2026-07-13 15:05:00+05:30,593.2,593.2,591.85,592.45,2624.0
2026-07-13 15:10:00+05:30,592.45,592.8,591.3,592.65,5619.0
2026-07-13 15:15:00+05:30,592.55,593.2,591.95,592.7,19048.0
2026-07-13 15:20:00+05:30,592.7,593.8,592.0,592.4,9658.0
2026-07-13 15:25:00+05:30,592.3,593.0,592.0,592.5,12051.0
2026-07-14 09:15:00+05:30,592.0,592.0,587.15,587.6,3779.0
2026-07-14 09:20:00+05:30,587.65,590.35,587.05,588.75,11247.0
2026-07-14 09:25:00+05:30,588.45,588.45,585.95,586.35,4953.0
2026-07-14 09:30:00+05:30,586.35,588.1,586.2,587.1,2530.0
2026-07-14 09:35:00+05:30,586.7,586.95,584.65,585.7,2357.0
2026-07-14 09:40:00+05:30,585.7,585.7,584.0,585.4,2783.0
2026-07-14 09:45:00+05:30,585.45,585.45,585.1,585.15,816.0
2026-07-14 09:50:00+05:30,585.1,586.45,585.1,585.95,2428.0
2026-07-14 09:55:00+05:30,585.95,585.95,584.75,584.75,1429.0
2026-07-14 10:00:00+05:30,584.9,585.5,584.35,585.5,1963.0
2026-07-14 10:05:00+05:30,585.5,585.75,584.8,584.8,1356.0
2026-07-14 10:10:00+05:30,585.4,585.65,584.95,585.4,333.0
2026-07-14 10:15:00+05:30,585.45,585.8,584.8,584.9,1456.0
2026-07-14 10:20:00+05:30,585.0,585.35,584.0,584.15,4760.0
2026-07-14 10:25:00+05:30,584.75,584.75,583.6,583.9,2583.0
2026-07-14 10:30:00+05:30,583.9,584.3,583.55,584.0,418.0
2026-07-14 10:35:00+05:30,583.6,584.0,583.15,583.5,455.0
2026-07-14 10:40:00+05:30,583.8,583.8,582.05,582.25,3322.0
2026-07-14 10:45:00+05:30,583.0,583.9,582.4,583.85,1333.0
2026-07-14 10:50:00+05:30,583.85,583.9,582.8,582.8,900.0
2026-07-14 10:55:00+05:30,582.55,583.85,582.55,583.85,1080.0
2026-07-14 11:00:00+05:30,583.85,584.2,583.0,583.0,1981.0
2026-07-14 11:05:00+05:30,583.0,583.8,582.5,583.0,859.0
2026-07-14 11:10:00+05:30,582.6,584.15,582.5,583.95,570.0
2026-07-14 11:15:00+05:30,583.95,584.25,583.6,584.25,247.0
2026-07-14 11:20:00+05:30,583.85,584.65,583.85,584.05,938.0
2026-07-14 11:25:00+05:30,584.0,584.95,584.0,584.95,1018.0
2026-07-14 11:30:00+05:30,585.0,585.0,585.0,585.0,1661.0
2026-07-14 11:35:00+05:30,584.55,584.95,584.1,584.5,1217.0
2026-07-14 11:40:00+05:30,584.5,584.6,583.65,584.4,598.0
2026-07-14 11:45:00+05:30,584.0,584.5,583.05,584.3,2075.0
2026-07-14 11:50:00+05:30,584.3,584.6,583.7,584.2,1559.0
2026-07-14 11:55:00+05:30,584.45,584.45,584.05,584.35,539.0
2026-07-14 12:00:00+05:30,584.35,584.35,584.0,584.25,165.0
2026-07-14 12:05:00+05:30,584.3,584.3,583.8,584.3,103.0
2026-07-14 12:10:00+05:30,583.7,584.25,583.35,583.45,875.0
2026-07-14 12:15:00+05:30,583.0,583.95,583.0,583.0,1015.0
2026-07-14 12:20:00+05:30,583.05,584.05,583.0,583.5,1336.0
2026-07-14 12:25:00+05:30,583.35,583.7,583.0,583.0,776.0
2026-07-14 12:30:00+05:30,583.0,583.0,582.5,582.5,807.0
2026-07-14 12:35:00+05:30,582.5,582.85,580.0,580.0,6277.0
2026-07-14 12:40:00+05:30,580.0,581.1,580.0,580.25,2131.0
2026-07-14 12:45:00+05:30,580.3,581.5,580.3,580.55,1682.0
2026-07-14 12:50:00+05:30,580.5,581.2,578.9,579.55,6153.0
2026-07-14 12:55:00+05:30,579.55,580.0,578.8,578.8,2250.0
2026-07-14 13:00:00+05:30,579.0,580.7,578.4,580.7,4554.0
2026-07-14 13:05:00+05:30,580.2,580.75,580.05,580.1,337.0
2026-07-14 13:10:00+05:30,580.4,581.5,578.1,579.2,11406.0
2026-07-14 13:15:00+05:30,579.1,580.45,578.85,580.45,738.0
2026-07-14 13:20:00+05:30,580.45,580.45,579.7,579.95,515.0
2026-07-14 13:25:00+05:30,579.2,579.95,578.85,579.0,5109.0
2026-07-14 13:30:00+05:30,578.55,579.15,578.4,579.15,1406.0
2026-07-14 13:35:00+05:30,579.0,579.2,578.3,578.8,1449.0
2026-07-14 13:40:00+05:30,579.35,579.55,578.95,579.55,81.0
2026-07-14 13:45:00+05:30,579.15,579.85,579.15,579.8,364.0
2026-07-14 13:50:00+05:30,579.8,579.8,578.3,578.85,2645.0
2026-07-14 13:55:00+05:30,579.0,579.65,578.4,578.6,1085.0
2026-07-14 14:00:00+05:30,578.6,579.3,578.6,578.7,152.0
2026-07-14 14:05:00+05:30,579.35,579.95,578.75,579.95,1616.0
2026-07-14 14:10:00+05:30,579.3,580.9,579.3,580.9,3362.0
2026-07-14 14:15:00+05:30,580.9,581.0,580.1,580.25,563.0
2026-07-14 14:20:00+05:30,580.25,581.0,580.05,580.35,317.0
2026-07-14 14:25:00+05:30,580.8,580.85,579.3,580.5,1378.0
2026-07-14 14:30:00+05:30,580.5,580.5,579.3,579.95,1562.0
2026-07-14 14:35:00+05:30,580.0,580.85,580.0,580.7,443.0
2026-07-14 14:40:00+05:30,580.7,580.95,580.1,580.35,997.0
2026-07-14 14:45:00+05:30,580.3,580.95,578.8,578.8,3080.0
2026-07-14 14:50:00+05:30,578.6,579.25,578.35,578.55,313.0
2026-07-14 14:55:00+05:30,577.95,577.95,575.65,576.25,4592.0
2026-07-14 15:00:00+05:30,575.6,577.0,575.6,576.9,1226.0
2026-07-14 15:05:00+05:30,576.95,577.0,575.15,575.65,3232.0
2026-07-14 15:10:00+05:30,575.8,576.5,575.1,575.65,10174.0
2026-07-14 15:15:00+05:30,575.8,576.4,574.75,575.05,13610.0
2026-07-14 15:20:00+05:30,575.5,578.65,575.0,575.5,6831.0
2026-07-14 15:25:00+05:30,576.7,578.75,575.4,578.0,5708.0
2026-07-15 09:15:00+05:30,578.0,584.1,578.0,581.55,9229.0
2026-07-15 09:20:00+05:30,581.0,581.75,578.65,579.95,3334.0
2026-07-15 09:25:00+05:30,580.6,581.6,580.6,581.35,4640.0
2026-07-15 09:30:00+05:30,581.35,582.7,581.0,582.5,1358.0
2026-07-15 09:35:00+05:30,582.7,582.9,580.25,582.9,1784.0
2026-07-15 09:40:00+05:30,582.8,583.5,581.1,581.4,2466.0
2026-07-15 09:45:00+05:30,581.8,583.2,581.55,581.85,2536.0
2026-07-15 09:50:00+05:30,581.5,584.0,581.5,584.0,2469.0
2026-07-15 09:55:00+05:30,583.6,585.0,583.6,585.0,1409.0
2026-07-15 10:00:00+05:30,583.85,585.95,583.85,585.5,3069.0
2026-07-15 10:05:00+05:30,585.45,585.7,584.4,585.0,2055.0
2026-07-15 10:10:00+05:30,585.05,585.4,584.55,585.15,1869.0
2026-07-15 10:15:00+05:30,585.25,585.45,584.6,585.15,1722.0
2026-07-15 10:20:00+05:30,585.45,585.45,584.45,584.5,954.0
2026-07-15 10:25:00+05:30,584.55,585.1,584.1,584.65,986.0
2026-07-15 10:30:00+05:30,584.65,584.75,582.8,584.0,4675.0
2026-07-15 10:35:00+05:30,584.0,584.5,583.55,583.6,1190.0
2026-07-15 10:40:00+05:30,584.25,587.0,584.15,586.2,3747.0
2026-07-15 10:45:00+05:30,586.75,586.85,585.95,586.35,1410.0
2026-07-15 10:50:00+05:30,586.4,586.9,585.35,585.35,3271.0
2026-07-15 10:55:00+05:30,585.65,585.65,585.0,585.15,636.0
2026-07-15 11:00:00+05:30,585.15,585.45,584.4,585.45,1756.0
2026-07-15 11:05:00+05:30,585.45,585.45,584.15,585.45,924.0
2026-07-15 11:10:00+05:30,585.45,585.45,584.2,584.35,478.0
2026-07-15 11:15:00+05:30,584.85,585.0,584.35,584.55,354.0
2026-07-15 11:20:00+05:30,584.85,585.0,584.5,584.5,255.0
2026-07-15 11:25:00+05:30,584.5,584.95,584.5,584.9,344.0
2026-07-15 11:30:00+05:30,584.5,585.0,584.35,584.6,517.0
2026-07-15 11:35:00+05:30,585.0,585.0,582.75,583.35,4350.0
2026-07-15 11:40:00+05:30,583.1,584.25,583.1,583.25,510.0
2026-07-15 11:45:00+05:30,583.65,583.8,582.85,582.85,418.0
2026-07-15 11:50:00+05:30,582.8,583.95,582.8,583.3,704.0
2026-07-15 11:55:00+05:30,583.1,583.2,581.4,582.45,1066.0
2026-07-15 12:00:00+05:30,582.45,582.45,581.75,581.75,74.0
2026-07-15 12:05:00+05:30,582.4,582.4,581.25,581.4,466.0
2026-07-15 12:10:00+05:30,581.35,582.35,579.1,579.15,5136.0
2026-07-15 12:15:00+05:30,579.6,580.3,578.75,579.3,726.0
2026-07-15 12:20:00+05:30,579.05,579.85,578.8,579.45,659.0
2026-07-15 12:25:00+05:30,579.55,579.55,579.1,579.5,131.0
2026-07-15 12:30:00+05:30,579.45,579.5,579.1,579.45,260.0
2026-07-15 12:35:00+05:30,579.45,580.0,579.15,579.45,3037.0
2026-07-15 12:40:00+05:30,579.75,580.1,579.45,580.1,557.0
2026-07-15 12:45:00+05:30,580.05,580.9,580.05,580.4,161.0
2026-07-15 12:50:00+05:30,580.95,580.95,580.15,580.15,346.0
2026-07-15 12:55:00+05:30,580.15,580.15,578.6,578.85,1019.0
2026-07-15 13:00:00+05:30,578.85,579.45,578.85,579.15,90.0
2026-07-15 13:05:00+05:30,579.8,579.8,578.15,578.15,440.0
2026-07-15 13:10:00+05:30,578.1,581.0,578.1,581.0,4208.0
2026-07-15 13:15:00+05:30,580.55,581.4,580.55,581.4,239.0
2026-07-15 13:20:00+05:30,581.2,581.2,579.45,580.1,730.0
2026-07-15 13:25:00+05:30,580.45,580.65,580.2,580.35,248.0
2026-07-15 13:30:00+05:30,580.35,580.35,580.35,580.35,0.0
2026-07-15 13:35:00+05:30,580.9,580.9,580.0,580.0,523.0
2026-07-15 13:40:00+05:30,579.7,580.3,579.35,579.35,318.0
2026-07-15 13:45:00+05:30,579.65,580.2,579.65,580.05,218.0
2026-07-15 13:50:00+05:30,580.05,580.05,579.25,579.85,320.0
2026-07-15 13:55:00+05:30,579.3,580.8,579.3,579.8,1310.0
2026-07-15 14:00:00+05:30,579.8,580.5,578.6,578.6,1714.0
2026-07-15 14:05:00+05:30,579.1,579.2,578.4,578.6,259.0
2026-07-15 14:10:00+05:30,578.7,579.0,578.1,578.25,394.0
2026-07-15 14:15:00+05:30,578.25,578.75,578.0,578.75,709.0
2026-07-15 14:20:00+05:30,578.75,578.85,578.0,578.85,197.0
2026-07-15 14:25:00+05:30,578.1,578.3,577.5,577.7,1650.0
2026-07-15 14:30:00+05:30,577.5,578.45,577.45,578.45,282.0
2026-07-15 14:35:00+05:30,579.1,579.45,578.25,578.25,2209.0
2026-07-15 14:40:00+05:30,578.5,580.0,578.5,579.25,3131.0
2026-07-15 14:45:00+05:30,579.85,580.1,579.15,579.15,529.0
2026-07-15 14:50:00+05:30,579.5,579.5,578.55,578.55,2123.0
2026-07-15 14:55:00+05:30,579.05,579.05,577.5,577.5,815.0
2026-07-15 15:00:00+05:30,577.8,578.35,576.75,577.0,1982.0
2026-07-15 15:05:00+05:30,577.0,579.25,576.65,578.65,1938.0
2026-07-15 15:10:00+05:30,578.2,578.6,577.55,578.4,988.0
2026-07-15 15:15:00+05:30,577.65,578.4,576.9,578.15,2182.0
2026-07-15 15:20:00+05:30,578.15,578.35,575.25,575.95,5962.0
2026-07-15 15:25:00+05:30,575.95,576.4,573.25,576.2,10631.0
2026-07-16 09:15:00+05:30,576.65,579.35,575.05,576.2,5295.0
2026-07-16 09:20:00+05:30,576.0,584.9,575.15,584.35,15319.0
2026-07-16 09:25:00+05:30,584.75,585.0,583.25,584.25,3589.0
2026-07-16 09:30:00+05:30,584.25,588.65,583.55,587.05,12344.0
2026-07-16 09:35:00+05:30,587.0,588.8,581.1,581.5,17955.0
2026-07-16 09:40:00+05:30,581.65,588.45,580.15,584.05,19478.0
2026-07-16 09:45:00+05:30,583.95,590.95,583.75,585.8,13289.0
2026-07-16 09:50:00+05:30,586.65,590.4,585.5,587.3,11329.0
2026-07-16 09:55:00+05:30,587.8,588.25,584.55,585.85,6461.0
2026-07-16 10:00:00+05:30,585.2,585.2,583.3,585.1,3497.0
2026-07-16 10:05:00+05:30,585.8,586.15,583.3,583.3,3092.0
2026-07-16 10:10:00+05:30,586.0,588.9,584.9,586.8,10390.0
2026-07-16 10:15:00+05:30,586.8,586.8,585.8,586.0,373.0
2026-07-16 10:20:00+05:30,586.0,588.15,586.0,588.15,8438.0
2026-07-16 10:25:00+05:30,588.0,589.95,587.25,589.95,4598.0
2026-07-16 10:30:00+05:30,589.6,591.95,589.25,591.6,8293.0
2026-07-16 10:35:00+05:30,591.55,593.8,590.0,593.05,19512.0
2026-07-16 10:40:00+05:30,592.35,593.55,590.25,591.35,4461.0
2026-07-16 10:45:00+05:30,591.9,593.6,591.9,592.35,4461.0
2026-07-16 10:50:00+05:30,592.0,592.4,590.85,591.9,1831.0
2026-07-16 10:55:00+05:30,591.9,591.9,590.6,591.0,496.0
2026-07-16 11:00:00+05:30,590.5,591.75,589.95,591.75,1975.0
2026-07-16 11:05:00+05:30,591.25,591.5,590.05,591.0,1159.0
2026-07-16 11:10:00+05:30,591.15,593.05,591.15,591.4,4760.0
2026-07-16 11:15:00+05:30,591.5,593.15,591.25,592.05,1706.0
2026-07-16 11:20:00+05:30,592.05,592.8,591.55,591.8,3584.0
2026-07-16 11:25:00+05:30,592.0,592.9,591.45,592.5,1493.0
2026-07-16 11:30:00+05:30,592.5,592.5,591.05,591.95,1607.0
2026-07-16 11:35:00+05:30,591.2,598.85,591.2,597.55,31450.0
2026-07-16 11:40:00+05:30,598.0,598.0,596.05,596.15,9876.0
2026-07-16 11:45:00+05:30,596.0,597.1,596.0,596.5,7521.0
2026-07-16 11:50:00+05:30,596.15,596.8,595.4,596.5,5242.0
2026-07-16 11:55:00+05:30,596.4,596.95,595.95,596.75,5474.0
2026-07-16 12:00:00+05:30,595.9,596.75,595.05,595.2,3591.0
2026-07-16 12:05:00+05:30,595.5,596.95,595.4,596.3,4087.0
2026-07-16 12:10:00+05:30,596.0,596.1,594.2,594.8,3781.0
2026-07-16 12:15:00+05:30,594.8,595.35,593.45,593.8,5923.0
2026-07-16 12:20:00+05:30,593.8,594.95,593.15,594.35,2044.0
2026-07-16 12:25:00+05:30,594.55,594.95,586.85,590.55,21893.0
2026-07-16 12:30:00+05:30,590.85,592.65,590.45,591.5,10015.0
2026-07-16 12:35:00+05:30,591.05,592.7,591.05,591.6,2161.0
2026-07-16 12:40:00+05:30,591.6,593.75,591.05,593.5,9312.0
2026-07-16 12:45:00+05:30,593.5,593.65,592.4,593.4,1724.0
2026-07-16 12:50:00+05:30,593.1,593.1,590.85,591.15,9869.0
2026-07-16 12:55:00+05:30,591.6,591.7,590.75,590.75,651.0
2026-07-16 13:00:00+05:30,590.65,590.65,589.7,590.35,1924.0
2026-07-16 13:05:00+05:30,590.1,591.25,590.1,591.2,2999.0
2026-07-16 13:10:00+05:30,590.9,591.5,590.85,591.25,597.0
2026-07-16 13:15:00+05:30,591.25,591.75,590.85,591.0,1251.0
2026-07-16 13:20:00+05:30,591.05,591.4,590.55,591.15,452.0
2026-07-16 13:25:00+05:30,591.2,591.25,590.55,590.8,289.0
2026-07-16 13:30:00+05:30,590.8,595.0,589.5,594.25,11947.0
2026-07-16 13:35:00+05:30,595.0,595.7,593.5,593.75,6824.0
2026-07-16 13:40:00+05:30,593.45,593.7,591.4,592.6,3104.0
2026-07-16 13:45:00+05:30,592.05,592.7,592.0,592.55,672.0
2026-07-16 13:50:00+05:30,592.55,592.9,591.9,592.85,1277.0
2026-07-16 13:55:00+05:30,592.35,593.15,592.0,593.05,1426.0
2026-07-16 14:00:00+05:30,593.1,593.1,592.0,592.5,318.0
2026-07-16 14:05:00+05:30,593.0,593.75,593.0,593.7,2900.0
2026-07-16 14:10:00+05:30,593.7,594.5,593.3,594.2,2654.0
2026-07-16 14:15:00+05:30,594.45,595.95,593.8,595.15,10669.0
2026-07-16 14:20:00+05:30,595.55,595.65,594.1,594.85,2617.0
2026-07-16 14:25:00+05:30,594.75,595.0,594.35,595.0,1183.0
2026-07-16 14:30:00+05:30,594.4,597.0,594.4,596.7,8001.0
2026-07-16 14:35:00+05:30,596.1,596.55,594.6,595.45,2500.0
2026-07-16 14:40:00+05:30,595.3,596.7,595.0,595.15,3377.0
2026-07-16 14:45:00+05:30,595.2,595.9,595.1,595.15,1345.0
2026-07-16 14:50:00+05:30,594.4,594.65,591.35,593.8,11665.0
2026-07-16 14:55:00+05:30,593.55,594.25,593.55,594.25,2672.0
2026-07-16 15:00:00+05:30,596.25,600.2,596.25,599.85,68888.0
2026-07-16 15:05:00+05:30,599.95,600.25,599.0,599.2,36409.0
2026-07-16 15:10:00+05:30,599.25,600.0,598.25,599.6,39189.0
2026-07-16 15:15:00+05:30,599.65,602.6,599.15,602.45,38250.0
2026-07-16 15:20:00+05:30,602.1,607.8,602.05,606.85,60786.0
2026-07-16 15:25:00+05:30,607.7,608.0,603.45,607.0,50350.0
2026-07-17 09:15:00+05:30,600.7,605.0,597.0,601.9,38762.0
2026-07-17 09:20:00+05:30,602.0,602.0,598.15,598.15,18338.0
2026-07-17 09:25:00+05:30,599.4,599.45,593.55,596.0,11501.0
2026-07-17 09:30:00+05:30,596.4,597.0,594.7,595.6,4319.0
2026-07-17 09:35:00+05:30,595.75,596.1,593.0,594.25,5296.0
2026-07-17 09:40:00+05:30,594.2,594.6,592.15,592.7,6819.0
2026-07-17 09:45:00+05:30,592.95,593.3,591.75,592.0,3902.0
2026-07-17 09:50:00+05:30,592.05,595.5,590.75,592.05,10214.0
2026-07-17 09:55:00+05:30,592.05,593.15,591.1,592.2,3084.0
2026-07-17 10:00:00+05:30,592.5,592.5,590.8,591.4,2848.0
2026-07-17 10:05:00+05:30,591.3,592.4,590.0,592.0,5826.0
2026-07-17 10:10:00+05:30,592.7,593.25,591.75,592.5,2365.0
2026-07-17 10:15:00+05:30,592.5,592.95,591.2,592.95,3391.0
2026-07-17 10:20:00+05:30,592.5,594.3,592.25,594.3,1347.0
2026-07-17 10:25:00+05:30,593.65,594.05,593.15,593.5,2533.0
2026-07-17 10:30:00+05:30,592.9,593.7,592.2,592.9,3347.0
2026-07-17 10:35:00+05:30,592.8,593.65,591.4,592.2,6845.0
2026-07-17 10:40:00+05:30,591.7,592.7,591.7,592.55,434.0
2026-07-17 10:45:00+05:30,592.0,592.2,591.4,591.45,412.0
2026-07-17 10:50:00+05:30,591.85,592.05,591.25,591.55,820.0
2026-07-17 10:55:00+05:30,592.0,592.7,591.65,592.4,635.0
2026-07-17 11:00:00+05:30,592.6,592.8,591.65,592.8,1571.0
2026-07-17 11:05:00+05:30,592.25,592.4,591.8,592.2,209.0
2026-07-17 11:10:00+05:30,592.6,592.6,591.25,591.25,800.0
2026-07-17 11:15:00+05:30,591.25,591.35,588.65,588.9,9131.0
2026-07-17 11:20:00+05:30,589.55,590.95,589.0,590.95,6188.0
2026-07-17 11:25:00+05:30,591.25,591.25,589.15,589.15,1255.0
2026-07-17 11:30:00+05:30,589.1,589.85,586.0,587.3,13259.0
2026-07-17 11:35:00+05:30,587.35,587.6,586.65,586.65,1560.0
2026-07-17 11:40:00+05:30,587.1,587.1,585.35,585.55,2822.0
2026-07-17 11:45:00+05:30,585.7,586.55,585.1,586.4,6442.0
2026-07-17 11:50:00+05:30,586.0,586.5,585.7,586.2,813.0
2026-07-17 11:55:00+05:30,586.5,586.8,585.75,586.1,2908.0
2026-07-17 12:00:00+05:30,586.1,586.2,585.45,585.9,3813.0
2026-07-17 12:05:00+05:30,585.7,585.95,585.25,585.95,239.0
2026-07-17 12:10:00+05:30,585.5,586.7,585.4,586.2,1746.0
2026-07-17 12:15:00+05:30,586.2,586.9,586.2,586.5,160.0
2026-07-17 12:20:00+05:30,586.5,587.95,586.45,587.95,597.0
2026-07-17 12:25:00+05:30,588.0,588.0,587.05,587.05,909.0
2026-07-17 12:30:00+05:30,587.75,587.85,587.05,587.85,421.0
2026-07-17 12:35:00+05:30,587.5,588.15,587.25,587.25,779.0
2026-07-17 12:40:00+05:30,587.25,588.25,587.25,588.25,689.0
2026-07-17 12:45:00+05:30,588.2,589.3,587.85,589.0,1706.0
2026-07-17 12:50:00+05:30,589.0,589.0,588.2,588.95,300.0
2026-07-17 12:55:00+05:30,588.85,590.05,588.85,589.75,2954.0
2026-07-17 13:00:00+05:30,590.1,591.3,590.1,590.85,767.0
2026-07-17 13:05:00+05:30,590.85,591.55,590.1,591.2,1265.0
2026-07-17 13:10:00+05:30,591.45,591.9,591.1,591.9,925.0
2026-07-17 13:15:00+05:30,591.5,592.1,590.5,590.6,1059.0
2026-07-17 13:20:00+05:30,590.6,590.6,589.4,589.6,2403.0
2026-07-17 13:25:00+05:30,589.85,590.8,589.55,590.8,759.0
2026-07-17 13:30:00+05:30,590.8,590.8,589.3,589.3,947.0
2026-07-17 13:35:00+05:30,590.3,590.8,590.3,590.8,235.0
2026-07-17 13:40:00+05:30,591.0,591.2,588.55,588.55,11491.0
2026-07-17 13:45:00+05:30,587.1,589.7,587.1,589.0,1223.0
2026-07-17 13:50:00+05:30,589.0,589.0,587.15,587.2,652.0
2026-07-17 13:55:00+05:30,587.2,587.85,587.1,587.1,637.0
2026-07-17 14:00:00+05:30,587.4,588.05,587.25,587.95,376.0
2026-07-17 14:05:00+05:30,587.45,588.25,587.25,588.25,877.0
2026-07-17 14:10:00+05:30,588.25,588.8,588.25,588.75,572.0
2026-07-17 14:15:00+05:30,589.2,591.0,589.05,589.2,1138.0
2026-07-17 14:20:00+05:30,589.2,589.6,588.3,588.85,1622.0
2026-07-17 14:25:00+05:30,588.8,589.85,588.75,589.0,387.0
2026-07-17 14:30:00+05:30,589.0,589.6,587.75,587.8,1071.0
2026-07-17 14:35:00+05:30,587.8,588.4,587.5,588.0,860.0
2026-07-17 14:40:00+05:30,587.95,588.75,587.1,588.05,1385.0
2026-07-17 14:45:00+05:30,588.55,589.15,587.75,588.75,756.0
2026-07-17 14:50:00+05:30,589.15,590.0,588.7,589.0,1427.0
2026-07-17 14:55:00+05:30,589.6,590.6,589.25,589.25,1114.0
2026-07-17 15:00:00+05:30,589.75,590.5,587.85,587.85,3503.0
2026-07-17 15:05:00+05:30,588.15,588.25,586.6,586.6,7814.0
2026-07-17 15:10:00+05:30,586.55,586.9,584.7,584.7,3587.0
2026-07-17 15:15:00+05:30,584.9,586.0,583.85,585.85,4665.0
2026-07-17 15:20:00+05:30,585.85,585.85,584.1,585.5,5493.0
2026-07-17 15:25:00+05:30,585.55,587.6,585.4,586.0,8842.0
2026-07-20 09:15:00+05:30,595.0,611.85,592.3,608.55,218638.0
2026-07-20 09:20:00+05:30,608.05,608.55,600.0,603.0,157286.0
2026-07-20 09:25:00+05:30,602.25,603.0,597.0,599.0,67214.0
2026-07-20 09:30:00+05:30,598.65,599.0,593.5,596.25,44144.0
2026-07-20 09:35:00+05:30,596.5,599.95,595.4,598.9,38222.0
2026-07-20 09:40:00+05:30,598.45,602.0,597.4,601.3,23482.0
2026-07-20 09:45:00+05:30,601.5,604.8,601.3,603.4,39408.0
2026-07-20 09:50:00+05:30,603.55,605.0,602.1,603.6,25671.0
2026-07-20 09:55:00+05:30,603.85,604.0,601.25,602.55,12453.0
2026-07-20 10:00:00+05:30,602.1,602.6,597.55,600.4,23496.0
2026-07-20 10:05:00+05:30,600.4,602.1,600.05,601.3,4975.0
2026-07-20 10:10:00+05:30,601.75,602.75,601.3,601.35,7909.0
2026-07-20 10:15:00+05:30,601.5,601.7,598.8,599.6,9656.0
2026-07-20 10:20:00+05:30,599.5,601.55,598.5,601.5,5021.0
2026-07-20 10:25:00+05:30,601.75,602.85,599.8,601.3,8402.0
2026-07-20 10:30:00+05:30,600.6,600.85,599.15,600.35,4802.0
2026-07-20 10:35:00+05:30,600.05,600.85,599.55,599.95,3596.0
2026-07-20 10:40:00+05:30,599.9,600.6,599.75,600.0,2674.0
2026-07-20 10:45:00+05:30,600.0,600.4,598.5,599.55,6250.0
2026-07-20 10:50:00+05:30,599.8,600.5,599.05,599.15,4014.0
2026-07-20 10:55:00+05:30,599.6,600.5,598.25,599.05,6233.0
2026-07-20 11:00:00+05:30,599.7,599.7,597.85,599.15,7165.0
2026-07-20 11:05:00+05:30,599.85,601.0,599.15,599.6,5444.0
2026-07-20 11:10:00+05:30,599.7,599.7,595.85,598.0,12501.0
2026-07-20 11:15:00+05:30,598.25,600.05,598.1,599.5,7313.0
2026-07-20 11:20:00+05:30,599.8,599.8,598.35,599.25,2852.0
2026-07-20 11:25:00+05:30,599.8,600.5,599.8,600.05,4262.0
2026-07-20 11:30:00+05:30,600.25,600.5,599.05,599.8,5991.0
2026-07-20 11:35:00+05:30,599.15,600.0,597.75,598.75,5408.0
2026-07-20 11:40:00+05:30,598.3,599.05,597.25,598.8,4310.0
2026-07-20 11:45:00+05:30,598.45,599.0,595.4,596.8,15827.0
2026-07-20 11:50:00+05:30,596.25,596.9,595.6,596.0,2374.0
2026-07-20 11:55:00+05:30,595.95,596.15,594.15,595.85,12252.0
2026-07-20 12:00:00+05:30,595.8,596.35,595.0,595.35,1983.0
2026-07-20 12:05:00+05:30,595.55,595.9,594.75,595.55,1397.0
2026-07-20 12:10:00+05:30,595.6,596.5,595.2,595.2,1388.0
2026-07-20 12:15:00+05:30,595.15,597.05,595.15,596.2,3940.0
2026-07-20 12:20:00+05:30,595.3,595.55,594.1,594.95,8300.0
2026-07-20 12:25:00+05:30,594.95,595.35,593.75,594.65,3510.0
2026-07-20 12:30:00+05:30,594.1,594.35,593.0,593.35,9010.0
2026-07-20 12:35:00+05:30,593.5,593.65,591.0,591.05,9588.0
2026-07-20 12:40:00+05:30,591.5,591.5,590.25,590.35,8537.0
2026-07-20 12:45:00+05:30,590.35,591.3,589.45,591.3,8192.0
2026-07-20 12:50:00+05:30,591.3,592.75,591.0,591.75,11637.0
2026-07-20 12:55:00+05:30,591.9,592.5,591.5,592.0,2316.0
2026-07-20 13:00:00+05:30,592.4,593.6,592.4,593.0,3305.0
2026-07-20 13:05:00+05:30,593.35,593.85,592.7,593.85,1978.0
2026-07-20 13:10:00+05:30,593.85,594.55,593.2,594.55,2194.0
2026-07-20 13:15:00+05:30,594.05,594.6,593.15,594.0,1815.0
2026-07-20 13:20:00+05:30,594.0,594.9,594.0,594.85,1922.0
2026-07-20 13:25:00+05:30,594.75,595.65,594.2,595.65,1933.0
2026-07-20 13:30:00+05:30,595.75,597.8,595.1,596.85,6651.0
2026-07-20 13:35:00+05:30,596.1,597.05,595.05,595.5,4485.0
2026-07-20 13:40:00+05:30,594.85,596.8,594.85,596.8,1905.0
2026-07-20 13:45:00+05:30,597.0,597.95,595.8,595.8,7329.0
2026-07-20 13:50:00+05:30,595.9,598.7,595.9,598.3,6331.0
2026-07-20 13:55:00+05:30,598.2,598.2,596.0,596.15,5231.0
2026-07-20 14:00:00+05:30,596.5,596.5,594.85,594.85,5817.0
2026-07-20 14:05:00+05:30,595.0,595.2,593.5,594.55,3339.0
2026-07-20 14:10:00+05:30,593.75,594.45,593.1,594.4,3278.0
2026-07-20 14:15:00+05:30,594.4,594.4,593.2,593.5,2676.0
2026-07-20 14:20:00+05:30,593.1,594.05,593.0,593.5,2901.0
2026-07-20 14:25:00+05:30,592.75,593.35,592.25,593.05,1801.0
2026-07-20 14:30:00+05:30,593.5,595.0,593.25,593.75,6431.0
2026-07-20 14:35:00+05:30,593.75,594.15,592.6,593.3,1958.0
2026-07-20 14:40:00+05:30,593.8,595.05,593.35,595.05,4042.0
2026-07-20 14:45:00+05:30,595.7,597.15,594.85,596.5,4767.0
2026-07-20 14:50:00+05:30,596.5,597.2,594.7,597.0,5175.0
2026-07-20 14:55:00+05:30,597.35,601.3,596.95,601.0,31564.0
2026-07-20 15:00:00+05:30,601.5,605.95,600.4,601.05,25971.0
2026-07-20 15:05:00+05:30,601.05,603.25,598.55,602.9,14431.0
2026-07-20 15:10:00+05:30,603.3,603.3,601.75,602.05,9919.0
2026-07-20 15:15:00+05:30,602.05,603.0,601.0,601.75,34341.0
2026-07-20 15:20:00+05:30,602.0,605.0,601.75,604.95,19943.0
2026-07-20 15:25:00+05:30,604.95,605.0,600.2,601.5,15991.0
2026-07-21 09:15:00+05:30,605.45,609.5,599.2,601.6,7886.0
2026-07-21 09:20:00+05:30,601.6,604.0,601.5,602.5,7921.0
2026-07-21 09:25:00+05:30,602.5,603.05,598.45,599.05,3993.0
2026-07-21 09:30:00+05:30,599.3,601.2,599.3,600.15,1466.0
2026-07-21 09:35:00+05:30,600.6,600.65,599.3,600.65,2132.0
2026-07-21 09:40:00+05:30,600.4,602.35,600.05,602.35,1770.0
2026-07-21 09:45:00+05:30,602.35,602.35,600.35,602.35,5031.0
2026-07-21 09:50:00+05:30,602.0,602.15,601.1,601.35,1414.0
2026-07-21 09:55:00+05:30,601.35,602.0,600.2,600.6,2171.0
2026-07-21 10:00:00+05:30,600.5,600.85,599.1,599.1,1741.0
2026-07-21 10:05:00+05:30,599.3,600.8,599.25,600.05,608.0
2026-07-21 10:10:00+05:30,600.4,600.5,599.05,599.05,1415.0
2026-07-21 10:15:00+05:30,599.3,599.35,597.5,597.75,6531.0
2026-07-21 10:20:00+05:30,597.9,598.35,597.4,597.6,669.0
2026-07-21 10:25:00+05:30,597.55,598.0,596.65,597.35,5696.0
2026-07-21 10:30:00+05:30,597.8,597.85,597.2,597.7,752.0
2026-07-21 10:35:00+05:30,597.7,600.0,597.25,597.65,4836.0
2026-07-21 10:40:00+05:30,597.65,598.45,597.35,598.1,423.0
2026-07-21 10:45:00+05:30,598.2,598.25,597.05,597.6,1409.0
2026-07-21 10:50:00+05:30,597.25,598.05,597.1,597.5,773.0
2026-07-21 10:55:00+05:30,597.3,598.8,597.2,598.3,1234.0
2026-07-21 11:00:00+05:30,597.85,598.65,597.75,598.35,1075.0
2026-07-21 11:05:00+05:30,598.05,598.35,597.65,598.25,393.0
2026-07-21 11:10:00+05:30,598.1,598.7,598.05,598.3,916.0
2026-07-21 11:15:00+05:30,598.35,598.35,597.5,597.5,1339.0
2026-07-21 11:20:00+05:30,597.9,598.45,597.55,598.45,1296.0
2026-07-21 11:25:00+05:30,598.05,598.45,597.5,598.1,693.0
2026-07-21 11:30:00+05:30,598.1,601.5,598.0,600.45,8408.0
2026-07-21 11:35:00+05:30,600.25,601.85,600.25,601.3,842.0
2026-07-21 11:40:00+05:30,601.8,602.1,600.6,601.2,3062.0
2026-07-21 11:45:00+05:30,601.35,601.8,601.05,601.45,392.0
2026-07-21 11:50:00+05:30,601.65,601.65,597.75,598.65,2263.0
2026-07-21 11:55:00+05:30,598.6,601.0,598.45,601.0,1244.0
2026-07-21 12:00:00+05:30,600.8,601.0,598.85,600.25,3790.0
2026-07-21 12:05:00+05:30,600.0,600.75,599.55,599.55,213.0
2026-07-21 12:10:00+05:30,600.05,600.3,600.05,600.3,187.0
2026-07-21 12:15:00+05:30,600.0,600.0,599.45,599.7,152.0
2026-07-21 12:20:00+05:30,600.3,600.3,599.15,599.25,917.0
2026-07-21 12:25:00+05:30,599.75,600.4,599.7,600.0,1092.0
2026-07-21 12:30:00+05:30,600.05,601.0,600.0,600.6,358.0
2026-07-21 12:35:00+05:30,600.55,600.9,600.05,600.9,664.0
2026-07-21 12:40:00+05:30,600.9,601.55,600.6,601.15,570.0
2026-07-21 12:45:00+05:30,601.2,601.45,600.55,601.0,340.0
2026-07-21 12:50:00+05:30,601.0,601.0,600.0,600.4,798.0
2026-07-21 12:55:00+05:30,599.8,600.0,598.65,598.65,332.0
2026-07-21 13:00:00+05:30,598.65,599.6,598.65,599.5,252.0
2026-07-21 13:05:00+05:30,599.5,599.95,599.15,599.95,450.0
2026-07-21 13:10:00+05:30,599.3,599.9,598.0,599.0,1096.0
2026-07-21 13:15:00+05:30,599.75,599.95,599.2,599.95,530.0
2026-07-21 13:20:00+05:30,599.95,599.95,598.85,599.75,425.0
2026-07-21 13:25:00+05:30,599.8,599.8,596.55,597.25,6977.0
2026-07-21 13:30:00+05:30,596.65,597.5,596.65,597.45,503.0
2026-07-21 13:35:00+05:30,596.9,598.5,596.65,598.5,1425.0
2026-07-21 13:40:00+05:30,598.35,598.65,597.8,598.65,1840.0
2026-07-21 13:45:00+05:30,599.0,599.2,597.6,598.3,1028.0
2026-07-21 13:50:00+05:30,598.85,599.05,598.15,598.15,231.0
2026-07-21 13:55:00+05:30,598.0,598.1,597.1,597.15,4249.0
2026-07-21 14:00:00+05:30,597.25,597.8,596.75,597.75,663.0
2026-07-21 14:05:00+05:30,597.85,597.9,597.0,597.6,2938.0
2026-07-21 14:10:00+05:30,596.8,597.35,596.1,597.35,1117.0
2026-07-21 14:15:00+05:30,597.3,597.3,596.05,596.55,434.0
2026-07-21 14:20:00+05:30,596.1,597.0,595.5,595.85,1610.0
2026-07-21 14:25:00+05:30,595.9,596.8,595.4,595.5,3968.0
2026-07-21 14:30:00+05:30,595.5,596.15,593.45,594.4,2436.0
2026-07-21 14:35:00+05:30,594.25,595.2,594.0,595.0,1692.0
2026-07-21 14:40:00+05:30,595.0,595.0,594.25,594.7,1599.0
2026-07-21 14:45:00+05:30,594.8,595.65,594.55,595.65,862.0
2026-07-21 14:50:00+05:30,595.65,595.7,595.2,595.3,259.0
2026-07-21 14:55:00+05:30,595.3,595.85,594.75,594.8,1135.0
2026-07-21 15:00:00+05:30,594.6,594.65,592.15,593.45,5576.0
2026-07-21 15:05:00+05:30,593.05,593.55,591.0,591.75,8324.0
2026-07-21 15:10:00+05:30,592.05,592.3,591.25,591.55,3033.0
2026-07-21 15:15:00+05:30,591.55,592.05,590.8,591.75,4382.0
2026-07-21 15:20:00+05:30,591.7,593.5,591.05,593.0,11053.0
2026-07-21 15:25:00+05:30,592.05,595.55,591.1,592.5,7453.0
2026-07-22 09:15:00+05:30,590.0,592.25,581.1,587.5,7050.0
2026-07-22 09:20:00+05:30,586.75,587.5,586.3,586.9,2230.0
2026-07-22 09:25:00+05:30,586.6,586.6,581.85,582.0,8226.0
2026-07-22 09:30:00+05:30,582.25,582.25,580.15,580.75,6363.0
2026-07-22 09:35:00+05:30,580.7,581.25,579.1,580.4,12648.0
2026-07-22 09:40:00+05:30,580.4,581.05,579.6,580.4,3901.0
2026-07-22 09:45:00+05:30,580.45,581.3,579.55,579.9,4504.0
2026-07-22 09:50:00+05:30,580.15,580.2,579.5,580.0,1789.0
2026-07-22 09:55:00+05:30,579.75,580.2,578.1,578.1,5399.0
2026-07-22 10:00:00+05:30,578.45,580.0,578.1,579.6,4039.0
2026-07-22 10:05:00+05:30,579.6,581.95,579.6,580.8,6773.0
2026-07-22 10:10:00+05:30,580.75,582.05,579.6,580.15,4571.0
2026-07-22 10:15:00+05:30,579.65,580.1,577.15,577.45,2931.0
2026-07-22 10:20:00+05:30,577.8,577.8,576.25,577.05,3216.0
2026-07-22 10:25:00+05:30,576.7,577.2,576.0,576.5,3576.0
2026-07-22 10:30:00+05:30,576.5,577.15,575.25,575.25,3982.0
2026-07-22 10:35:00+05:30,576.1,576.1,575.0,575.05,4668.0
2026-07-22 10:40:00+05:30,575.0,575.85,574.0,575.55,3865.0
2026-07-22 10:45:00+05:30,575.15,575.8,575.15,575.2,1743.0
2026-07-22 10:50:00+05:30,575.25,576.35,575.1,576.25,891.0
2026-07-22 10:55:00+05:30,576.2,576.5,575.5,575.8,1258.0
2026-07-22 11:00:00+05:30,576.45,577.9,576.0,577.5,3202.0
2026-07-22 11:05:00+05:30,577.5,578.25,577.2,578.25,1940.0
2026-07-22 11:10:00+05:30,578.1,579.55,578.1,579.55,2542.0
2026-07-22 11:15:00+05:30,579.1,580.75,579.05,579.35,5209.0
2026-07-22 11:20:00+05:30,579.75,580.6,579.75,580.55,969.0
2026-07-22 11:25:00+05:30,580.55,581.55,580.05,581.25,1093.0
2026-07-22 11:30:00+05:30,581.15,581.65,580.45,580.5,921.0
2026-07-22 11:35:00+05:30,580.9,581.1,579.75,580.0,964.0
2026-07-22 11:40:00+05:30,579.65,582.25,579.05,581.35,3066.0
2026-07-22 11:45:00+05:30,580.9,581.1,580.35,580.7,1318.0
2026-07-22 11:50:00+05:30,580.7,580.9,579.15,579.35,1131.0
2026-07-22 11:55:00+05:30,579.75,580.0,579.0,579.0,3071.0
2026-07-22 12:00:00+05:30,578.25,578.75,577.0,577.1,1185.0
2026-07-22 12:05:00+05:30,577.85,578.25,577.3,577.55,1323.0
2026-07-22 12:10:00+05:30,577.5,578.0,577.0,578.0,2285.0
2026-07-22 12:15:00+05:30,577.75,578.9,577.2,577.75,1326.0
2026-07-22 12:20:00+05:30,578.05,578.05,577.2,577.8,200.0
2026-07-22 12:25:00+05:30,577.05,578.45,577.05,577.55,1192.0
2026-07-22 12:30:00+05:30,578.0,578.0,576.55,577.7,1816.0
2026-07-22 12:35:00+05:30,577.25,577.7,577.05,577.7,95.0
2026-07-22 12:40:00+05:30,577.0,577.55,576.4,577.55,423.0
2026-07-22 12:45:00+05:30,577.55,577.95,576.65,577.9,798.0
2026-07-22 12:50:00+05:30,578.35,578.8,578.0,578.0,411.0
2026-07-22 12:55:00+05:30,577.85,578.4,577.8,578.35,261.0
2026-07-22 13:00:00+05:30,578.3,578.3,576.55,576.55,487.0
2026-07-22 13:05:00+05:30,577.0,577.0,576.05,576.85,1388.0
2026-07-22 13:10:00+05:30,576.6,576.6,575.5,575.95,1135.0
2026-07-22 13:15:00+05:30,575.35,575.75,575.0,575.45,2092.0
2026-07-22 13:20:00+05:30,575.8,576.3,575.5,575.7,388.0
2026-07-22 13:25:00+05:30,576.3,576.3,575.0,575.25,693.0
2026-07-22 13:30:00+05:30,575.15,576.55,575.15,575.75,545.0
2026-07-22 13:35:00+05:30,576.25,576.85,575.8,576.8,1098.0
2026-07-22 13:40:00+05:30,576.3,576.8,576.3,576.3,186.0
2026-07-22 13:45:00+05:30,576.6,576.6,575.5,576.25,1498.0
2026-07-22 13:50:00+05:30,576.25,576.6,575.6,576.6,509.0
2026-07-22 13:55:00+05:30,576.6,576.6,574.95,576.2,3113.0
2026-07-22 14:00:00+05:30,576.2,576.2,575.0,575.55,1194.0
2026-07-22 14:05:00+05:30,575.55,575.75,574.9,575.35,1117.0
2026-07-22 14:10:00+05:30,575.5,575.5,574.45,574.85,776.0
2026-07-22 14:15:00+05:30,574.45,575.6,574.0,575.6,888.0
2026-07-22 14:20:00+05:30,575.8,575.8,574.35,574.85,561.0
2026-07-22 14:25:00+05:30,575.0,575.55,574.05,574.2,2388.0
2026-07-22 14:30:00+05:30,574.2,574.8,574.0,574.45,1320.0
2026-07-22 14:35:00+05:30,574.5,574.65,574.0,574.65,1037.0
2026-07-22 14:40:00+05:30,574.65,575.4,574.6,575.0,6324.0
2026-07-22 14:45:00+05:30,575.65,576.0,575.25,575.5,448.0
2026-07-22 14:50:00+05:30,575.25,575.75,574.65,575.25,1300.0
2026-07-22 14:55:00+05:30,575.25,575.6,574.35,574.8,1751.0
2026-07-22 15:00:00+05:30,574.8,575.25,574.1,575.05,3119.0
2026-07-22 15:05:00+05:30,575.05,575.95,574.35,574.8,3891.0
2026-07-22 15:10:00+05:30,574.8,574.8,573.5,573.6,6187.0
2026-07-22 15:15:00+05:30,573.3,573.7,570.0,571.55,19481.0
2026-07-22 15:20:00+05:30,572.65,573.9,571.65,573.7,7147.0
2026-07-22 15:25:00+05:30,573.25,573.7,565.8,573.0,23413.0
2026-07-23 09:15:00+05:30,567.25,570.7,560.0,560.4,16501.0
2026-07-23 09:20:00+05:30,559.05,563.6,559.05,560.05,12511.0
2026-07-23 09:25:00+05:30,560.3,561.5,559.2,559.6,7758.0
2026-07-23 09:30:00+05:30,559.65,561.9,557.15,557.85,9004.0
2026-07-23 09:35:00+05:30,557.8,558.5,556.05,556.35,6803.0
2026-07-23 09:40:00+05:30,557.45,558.0,556.25,557.1,4478.0
2026-07-23 09:45:00+05:30,557.55,558.0,555.25,556.15,7531.0
2026-07-23 09:50:00+05:30,555.55,560.75,555.55,559.25,7359.0
2026-07-23 09:55:00+05:30,559.25,560.05,558.2,558.2,1250.0
2026-07-23 10:00:00+05:30,558.35,564.15,558.35,564.0,7594.0
2026-07-23 10:05:00+05:30,564.1,564.45,562.65,563.45,5191.0
2026-07-23 10:10:00+05:30,563.6,564.0,561.9,562.2,1104.0
2026-07-23 10:15:00+05:30,561.55,562.5,560.7,560.9,3666.0
2026-07-23 10:20:00+05:30,561.3,561.5,560.05,561.3,1381.0
2026-07-23 10:25:00+05:30,561.4,561.55,560.1,560.4,1308.0
2026-07-23 10:30:00+05:30,560.75,560.95,560.1,560.95,1727.0
2026-07-23 10:35:00+05:30,560.95,560.95,560.3,560.75,801.0
2026-07-23 10:40:00+05:30,560.85,561.55,560.3,561.5,1990.0
2026-07-23 10:45:00+05:30,562.95,563.85,562.55,563.75,2886.0
2026-07-23 10:50:00+05:30,563.85,564.5,562.95,562.95,6318.0
2026-07-23 10:55:00+05:30,563.4,564.5,562.7,564.3,1132.0
2026-07-23 11:00:00+05:30,564.35,564.55,563.4,564.15,1260.0
2026-07-23 11:05:00+05:30,564.05,564.55,563.0,563.1,580.0
2026-07-23 11:10:00+05:30,563.5,564.75,563.05,564.3,2744.0
2026-07-23 11:15:00+05:30,564.5,564.5,563.5,564.0,637.0
2026-07-23 11:20:00+05:30,564.1,564.3,563.15,563.15,663.0
2026-07-23 11:25:00+05:30,563.4,563.45,561.55,563.2,955.0
2026-07-23 11:30:00+05:30,563.2,563.45,562.25,562.4,352.0
2026-07-23 11:35:00+05:30,562.4,563.2,562.0,563.05,832.0
2026-07-23 11:40:00+05:30,562.45,563.05,562.2,562.95,765.0
2026-07-23 11:45:00+05:30,562.85,563.0,562.4,563.0,360.0
2026-07-23 11:50:00+05:30,562.55,564.95,562.15,564.75,8837.0
2026-07-23 11:55:00+05:30,564.5,565.6,564.4,564.85,1496.0
2026-07-23 12:00:00+05:30,564.85,565.4,564.05,564.85,1379.0
2026-07-23 12:05:00+05:30,564.95,565.0,564.2,564.7,948.0
2026-07-23 12:10:00+05:30,564.3,566.95,564.3,566.85,2661.0
2026-07-23 12:15:00+05:30,567.0,567.0,565.5,566.15,2385.0
2026-07-23 12:20:00+05:30,566.15,566.55,561.1,561.55,5215.0
2026-07-23 12:25:00+05:30,561.25,561.75,559.3,559.9,4650.0
2026-07-23 12:30:00+05:30,559.55,559.95,558.2,559.25,5561.0
2026-07-23 12:35:00+05:30,558.8,559.15,558.1,558.65,923.0
2026-07-23 12:40:00+05:30,558.65,559.35,557.55,558.4,2982.0
2026-07-23 12:45:00+05:30,558.05,558.5,557.6,558.25,1928.0
2026-07-23 12:50:00+05:30,558.15,558.4,557.6,557.8,708.0
2026-07-23 12:55:00+05:30,558.0,558.6,557.75,558.6,1006.0
2026-07-23 13:00:00+05:30,558.55,558.55,557.2,557.45,1872.0
2026-07-23 13:05:00+05:30,557.35,557.65,557.0,557.45,1670.0
2026-07-23 13:10:00+05:30,557.15,557.45,557.0,557.35,506.0
2026-07-23 13:15:00+05:30,557.0,557.2,555.3,555.8,4062.0
2026-07-23 13:20:00+05:30,555.85,556.45,555.5,555.85,2885.0
2026-07-23 13:25:00+05:30,555.9,556.9,555.8,555.8,995.0
2026-07-23 13:30:00+05:30,555.85,555.95,555.5,555.8,604.0
2026-07-23 13:35:00+05:30,555.6,556.25,554.25,556.2,5628.0
2026-07-23 13:40:00+05:30,556.2,556.75,555.95,555.95,523.0
2026-07-23 13:45:00+05:30,556.3,556.35,556.0,556.35,198.0
2026-07-23 13:50:00+05:30,556.35,557.0,556.0,556.85,894.0
2026-07-23 13:55:00+05:30,556.45,557.4,556.45,557.4,1324.0
2026-07-23 14:00:00+05:30,557.0,557.4,556.8,557.0,546.0
2026-07-23 14:05:00+05:30,557.1,557.1,556.0,556.0,1923.0
2026-07-23 14:10:00+05:30,556.55,556.55,555.0,555.0,1991.0
2026-07-23 14:15:00+05:30,555.0,555.15,553.35,554.8,8563.0
2026-07-23 14:20:00+05:30,554.8,555.0,554.4,555.0,817.0
2026-07-23 14:25:00+05:30,555.0,555.0,554.1,554.55,786.0
2026-07-23 14:30:00+05:30,554.7,555.2,554.55,555.2,797.0
2026-07-23 14:35:00+05:30,555.25,555.85,554.0,554.25,1331.0
2026-07-23 14:40:00+05:30,554.65,554.65,552.85,553.45,3274.0
2026-07-23 14:45:00+05:30,553.15,554.7,553.1,554.5,9852.0
2026-07-23 14:50:00+05:30,554.6,554.6,553.65,554.05,724.0
2026-07-23 14:55:00+05:30,554.45,555.0,554.0,554.4,1028.0
2026-07-23 15:00:00+05:30,554.7,554.7,548.2,549.85,27980.0
2026-07-23 15:05:00+05:30,549.55,551.2,549.05,550.7,17503.0
2026-07-23 15:10:00+05:30,550.3,551.5,549.0,551.25,8706.0
2026-07-23 15:15:00+05:30,551.25,551.5,549.55,551.1,15170.0
2026-07-23 15:20:00+05:30,551.4,552.7,550.45,551.95,9908.0
2026-07-23 15:25:00+05:30,551.9,554.0,550.6,554.0,10385.0
2026-07-24 09:15:00+05:30,554.0,556.95,545.0,550.75,14339.0
2026-07-24 09:20:00+05:30,550.75,552.2,550.2,551.5,2742.0
2026-07-24 09:25:00+05:30,551.5,551.5,548.0,548.85,2340.0
2026-07-24 09:30:00+05:30,548.9,551.4,548.9,550.9,2158.0
2026-07-24 09:35:00+05:30,550.15,550.95,549.2,549.2,3772.0
2026-07-24 09:40:00+05:30,549.2,549.55,547.05,548.0,6795.0
2026-07-24 09:45:00+05:30,548.0,548.2,545.05,545.35,2886.0
2026-07-24 09:50:00+05:30,545.85,547.95,545.1,547.8,7252.0
2026-07-24 09:55:00+05:30,547.3,547.8,546.5,546.9,1210.0
2026-07-24 10:00:00+05:30,546.75,547.25,544.85,545.55,1661.0
2026-07-24 10:05:00+05:30,545.55,547.35,544.55,545.9,4037.0
2026-07-24 10:10:00+05:30,546.55,546.85,545.5,545.55,719.0
2026-07-24 10:15:00+05:30,545.7,546.3,545.55,545.75,1123.0
2026-07-24 10:20:00+05:30,546.0,546.05,544.05,546.05,1211.0
2026-07-24 10:25:00+05:30,546.1,546.55,545.25,546.1,2138.0
2026-07-24 10:30:00+05:30,545.65,546.2,545.1,545.45,774.0
2026-07-24 10:35:00+05:30,545.65,548.65,545.45,548.65,576.0
2026-07-24 10:40:00+05:30,548.45,550.85,548.2,550.05,3432.0
2026-07-24 10:45:00+05:30,550.15,550.45,548.85,549.25,733.0
2026-07-24 10:50:00+05:30,548.7,550.45,548.7,549.75,2251.0
2026-07-24 10:55:00+05:30,549.45,549.85,548.5,548.65,453.0
2026-07-24 11:00:00+05:30,548.1,548.8,548.1,548.4,541.0
2026-07-24 11:05:00+05:30,548.8,548.8,548.1,548.75,652.0
2026-07-24 11:10:00+05:30,548.8,548.8,548.3,548.65,222.0
2026-07-24 11:15:00+05:30,548.3,548.6,545.35,548.3,2815.0
2026-07-24 11:20:00+05:30,548.35,549.8,546.05,546.8,3960.0
2026-07-24 11:25:00+05:30,546.9,546.95,546.15,546.6,249.0
2026-07-24 11:30:00+05:30,546.2,548.65,545.6,548.6,6426.0
2026-07-24 11:35:00+05:30,548.6,549.25,548.25,548.25,866.0
2026-07-24 11:40:00+05:30,548.85,551.5,548.6,551.5,5038.0
2026-07-24 11:45:00+05:30,551.5,552.75,551.0,552.1,2446.0
2026-07-24 11:50:00+05:30,552.1,552.45,550.65,551.9,3580.0
2026-07-24 11:55:00+05:30,552.4,552.6,551.35,552.4,1941.0
2026-07-24 12:00:00+05:30,552.6,552.6,550.75,551.2,3029.0
2026-07-24 12:05:00+05:30,550.9,552.25,550.9,552.0,2979.0
2026-07-24 12:10:00+05:30,551.65,552.35,551.65,552.15,1470.0
2026-07-24 12:15:00+05:30,552.15,552.65,552.05,552.65,440.0
2026-07-24 12:20:00+05:30,552.85,553.1,552.25,553.1,2032.0
2026-07-24 12:25:00+05:30,553.0,555.35,553.0,553.85,4950.0
2026-07-24 12:30:00+05:30,553.85,554.35,553.0,553.0,485.0
2026-07-24 12:35:00+05:30,553.0,554.4,553.0,554.2,1232.0
2026-07-24 12:40:00+05:30,554.65,554.65,553.85,554.5,539.0
2026-07-24 12:45:00+05:30,554.5,554.7,553.6,553.75,370.0
2026-07-24 12:50:00+05:30,553.75,554.85,553.75,554.25,557.0
2026-07-24 12:55:00+05:30,554.45,555.0,554.45,554.55,256.0
2026-07-24 13:00:00+05:30,554.5,555.0,554.25,554.45,1481.0
2026-07-24 13:05:00+05:30,554.45,554.45,553.3,553.95,261.0
2026-07-24 13:10:00+05:30,553.4,555.15,553.05,555.15,5162.0
2026-07-24 13:15:00+05:30,554.7,554.95,554.5,554.5,1454.0
2026-07-24 13:20:00+05:30,554.65,555.85,554.15,555.55,4769.0
2026-07-24 13:25:00+05:30,555.75,560.9,555.1,560.65,4416.0
2026-07-24 13:30:00+05:30,560.85,560.85,558.65,558.9,1603.0
2026-07-24 13:35:00+05:30,558.35,559.95,556.95,559.55,2460.0
2026-07-24 13:40:00+05:30,559.5,561.5,558.65,561.5,2193.0
2026-07-24 13:45:00+05:30,562.0,562.5,559.9,560.5,5837.0
2026-07-24 13:50:00+05:30,560.5,561.5,560.15,561.2,1016.0
2026-07-24 13:55:00+05:30,560.95,561.7,560.2,560.75,1392.0
2026-07-24 14:00:00+05:30,561.65,563.0,561.2,562.85,2046.0
2026-07-24 14:05:00+05:30,562.6,563.15,562.25,563.15,1108.0
2026-07-24 14:10:00+05:30,563.15,564.65,562.55,563.5,5070.0
2026-07-24 14:15:00+05:30,563.4,564.15,563.0,563.0,1915.0
2026-07-24 14:20:00+05:30,563.0,564.6,562.0,563.1,4507.0
2026-07-24 14:25:00+05:30,563.1,563.2,563.0,563.0,378.0
2026-07-24 14:30:00+05:30,563.0,563.6,562.75,562.75,1633.0
2026-07-24 14:35:00+05:30,562.45,562.45,559.05,559.95,7705.0
2026-07-24 14:40:00+05:30,559.4,560.95,559.4,560.85,1290.0
2026-07-24 14:45:00+05:30,560.95,561.95,560.95,561.75,679.0
2026-07-24 14:50:00+05:30,561.6,562.5,560.5,561.75,1214.0
2026-07-24 14:55:00+05:30,562.0,563.25,560.8,563.1,3178.0
2026-07-24 15:00:00+05:30,562.5,563.1,560.5,560.55,1978.0
2026-07-24 15:05:00+05:30,560.6,561.25,559.65,560.35,1375.0
2026-07-24 15:10:00+05:30,560.35,562.3,559.65,561.85,4173.0
2026-07-24 15:15:00+05:30,562.3,563.35,560.0,563.1,13004.0
2026-07-24 15:20:00+05:30,563.05,565.4,562.1,565.1,10457.0
2026-07-24 15:25:00+05:30,565.1,567.95,564.0,565.0,8436.0
2026-07-27 09:15:00+05:30,568.65,573.85,566.0,566.8,8348.0
2026-07-27 09:20:00+05:30,566.8,566.85,562.75,564.35,3076.0
2026-07-27 09:25:00+05:30,564.4,565.2,562.05,564.2,6833.0
2026-07-27 09:30:00+05:30,564.75,564.75,562.8,564.3,2328.0
2026-07-27 09:35:00+05:30,564.25,566.85,564.25,565.15,4946.0
2026-07-27 09:40:00+05:30,565.3,565.35,563.0,563.95,1179.0
2026-07-27 09:45:00+05:30,563.95,564.6,561.0,562.7,4537.0
2026-07-27 09:50:00+05:30,562.75,562.85,561.55,562.25,1206.0
2026-07-27 09:55:00+05:30,561.7,563.9,561.35,562.65,2143.0
2026-07-27 10:00:00+05:30,562.7,563.5,561.1,561.6,2990.0
2026-07-27 10:05:00+05:30,561.65,562.15,559.0,560.1,4014.0
2026-07-27 10:10:00+05:30,559.8,561.35,559.35,560.45,3975.0
2026-07-27 10:15:00+05:30,560.1,560.9,557.9,559.95,2501.0
2026-07-27 10:20:00+05:30,559.95,560.6,558.25,558.25,1466.0
2026-07-27 10:25:00+05:30,558.25,559.85,558.15,558.55,1036.0
2026-07-27 10:30:00+05:30,558.9,558.95,557.25,558.8,1990.0
2026-07-27 10:35:00+05:30,558.8,558.8,556.95,556.95,469.0
2026-07-27 10:40:00+05:30,556.85,558.9,556.8,557.6,1450.0
2026-07-27 10:45:00+05:30,557.25,558.55,557.25,558.0,1183.0
2026-07-27 10:50:00+05:30,558.4,559.25,558.25,559.1,434.0
2026-07-27 10:55:00+05:30,559.1,559.5,558.6,559.5,440.0
2026-07-27 11:00:00+05:30,559.6,559.6,558.55,558.75,674.0
2026-07-27 11:05:00+05:30,558.45,558.45,557.05,558.1,1519.0
2026-07-27 11:10:00+05:30,558.35,558.35,557.7,558.2,279.0
2026-07-27 11:15:00+05:30,558.2,558.55,557.95,558.55,324.0
2026-07-27 11:20:00+05:30,558.55,558.55,557.8,557.8,413.0
2026-07-27 11:25:00+05:30,557.8,558.45,552.9,555.1,9816.0
2026-07-27 11:30:00+05:30,555.85,557.85,555.85,557.85,910.0
2026-07-27 11:35:00+05:30,558.05,558.7,557.1,557.85,1124.0
2026-07-27 11:40:00+05:30,557.8,558.15,556.95,557.2,2435.0
2026-07-27 11:45:00+05:30,557.4,558.7,556.9,558.1,1500.0
2026-07-27 11:50:00+05:30,557.6,558.3,556.9,556.9,1299.0
2026-07-27 11:55:00+05:30,557.4,557.9,555.8,556.15,1033.0
2026-07-27 12:00:00+05:30,556.85,556.85,555.55,555.8,2684.0
2026-07-27 12:05:00+05:30,555.85,558.35,555.75,557.65,7665.0
2026-07-27 12:10:00+05:30,557.65,557.85,556.9,557.8,101.0
2026-07-27 12:15:00+05:30,558.1,558.15,556.6,557.35,886.0
2026-07-27 12:20:00+05:30,557.4,557.4,555.85,556.55,836.0
2026-07-27 12:25:00+05:30,556.6,556.95,555.2,555.55,1335.0
2026-07-27 12:30:00+05:30,555.4,555.85,555.2,555.35,757.0
2026-07-27 12:35:00+05:30,555.3,555.7,555.1,555.1,308.0
2026-07-27 12:40:00+05:30,555.4,555.4,553.75,554.45,1708.0
2026-07-27 12:45:00+05:30,554.85,555.55,554.85,555.35,1483.0
2026-07-27 12:50:00+05:30,555.35,555.8,554.9,555.0,2187.0
2026-07-27 12:55:00+05:30,554.85,555.0,554.5,554.55,479.0
2026-07-27 13:00:00+05:30,555.0,555.05,554.55,555.05,730.0
2026-07-27 13:05:00+05:30,555.05,555.9,554.7,555.0,879.0
2026-07-27 13:10:00+05:30,554.5,555.5,554.5,554.9,625.0
2026-07-27 13:15:00+05:30,554.8,555.55,554.35,554.9,1367.0
2026-07-27 13:20:00+05:30,555.35,555.35,554.05,554.05,559.0
2026-07-27 13:25:00+05:30,554.55,555.05,554.05,554.5,691.0
2026-07-27 13:30:00+05:30,554.15,555.4,554.1,554.95,1880.0
2026-07-27 13:35:00+05:30,554.6,554.85,554.5,554.85,177.0
2026-07-27 13:40:00+05:30,554.85,554.85,553.3,554.2,704.0
2026-07-27 13:45:00+05:30,553.95,554.45,553.3,553.7,1726.0
2026-07-27 13:50:00+05:30,553.7,554.0,553.25,553.8,1409.0
2026-07-27 13:55:00+05:30,553.75,553.75,553.0,553.5,692.0
2026-07-27 14:00:00+05:30,553.1,553.65,553.1,553.6,52.0
2026-07-27 14:05:00+05:30,553.5,553.5,549.5,552.7,13681.0
2026-07-27 14:10:00+05:30,552.15,553.8,552.15,553.05,2760.0
2026-07-27 14:15:00+05:30,552.8,552.8,552.2,552.25,880.0
2026-07-27 14:20:00+05:30,552.7,559.1,552.0,559.1,10343.0
2026-07-27 14:25:00+05:30,559.9,560.0,559.0,559.85,3278.0
2026-07-27 14:30:00+05:30,560.0,560.85,558.5,558.5,2507.0
2026-07-27 14:35:00+05:30,558.5,559.35,558.5,559.35,508.0
2026-07-27 14:40:00+05:30,559.25,559.75,558.0,559.75,2273.0
2026-07-27 14:45:00+05:30,559.35,560.2,559.0,559.5,1196.0
2026-07-27 14:50:00+05:30,559.5,559.85,559.35,559.35,344.0
2026-07-27 14:55:00+05:30,559.05,559.5,558.25,558.35,1396.0
2026-07-27 15:00:00+05:30,558.75,559.5,557.75,558.95,3055.0
2026-07-27 15:05:00+05:30,559.25,559.8,558.85,559.05,1608.0
2026-07-27 15:10:00+05:30,559.3,559.7,558.25,558.9,3156.0
2026-07-27 15:15:00+05:30,557.9,561.0,557.9,561.0,13131.0
2026-07-27 15:20:00+05:30,560.1,560.7,559.4,560.0,2124.0
2026-07-27 15:25:00+05:30,560.05,562.65,558.0,561.0,10211.0
2026-07-28 09:15:00+05:30,558.0,562.2,555.0,560.35,4690.0
2026-07-28 09:20:00+05:30,559.8,562.25,558.65,560.45,3879.0
2026-07-28 09:25:00+05:30,561.1,562.6,560.3,562.05,4554.0
2026-07-28 09:30:00+05:30,561.65,563.75,561.4,561.85,2772.0
2026-07-28 09:35:00+05:30,561.85,562.25,561.85,562.0,1390.0
2026-07-28 09:40:00+05:30,562.2,562.6,561.2,562.3,1093.0
2026-07-28 09:45:00+05:30,561.95,562.35,557.4,558.0,1363.0
2026-07-28 09:50:00+05:30,557.9,559.15,557.45,558.85,2581.0
2026-07-28 09:55:00+05:30,559.45,560.45,558.5,558.85,896.0
2026-07-28 10:00:00+05:30,558.85,559.05,557.0,557.6,1557.0
2026-07-28 10:05:00+05:30,557.05,557.2,556.3,556.85,1273.0
2026-07-28 10:10:00+05:30,556.85,557.15,556.45,557.15,192.0
2026-07-28 10:15:00+05:30,557.15,558.0,556.9,557.35,449.0
2026-07-28 10:20:00+05:30,557.35,557.35,555.7,556.25,723.0
2026-07-28 10:25:00+05:30,556.25,556.6,555.8,556.6,272.0
2026-07-28 10:30:00+05:30,556.6,556.6,555.6,556.6,1377.0
2026-07-28 10:35:00+05:30,556.4,556.4,555.1,555.4,3196.0
2026-07-28 10:40:00+05:30,554.85,555.55,553.55,555.0,1616.0
2026-07-28 10:45:00+05:30,555.0,555.0,554.05,554.55,103.0
2026-07-28 10:50:00+05:30,554.3,554.85,554.3,554.65,479.0
2026-07-28 10:55:00+05:30,555.0,555.25,554.1,554.1,1090.0
2026-07-28 11:00:00+05:30,554.05,554.9,554.0,554.1,619.0
2026-07-28 11:05:00+05:30,553.65,554.25,552.5,552.5,983.0
2026-07-28 11:10:00+05:30,552.85,552.95,552.25,552.4,339.0
2026-07-28 11:15:00+05:30,552.15,553.3,551.9,553.3,2626.0
2026-07-28 11:20:00+05:30,553.3,555.0,553.3,554.35,3711.0
2026-07-28 11:25:00+05:30,554.5,554.75,553.35,553.6,526.0
2026-07-28 11:30:00+05:30,553.75,553.75,552.3,553.1,831.0
2026-07-28 11:35:00+05:30,553.25,553.25,552.45,552.95,508.0
2026-07-28 11:40:00+05:30,553.05,553.7,552.95,553.05,1874.0
2026-07-28 11:45:00+05:30,553.05,553.6,552.85,553.3,449.0
2026-07-28 11:50:00+05:30,552.85,553.2,551.4,551.4,1881.0
2026-07-28 11:55:00+05:30,551.4,553.8,551.4,553.45,2882.0
2026-07-28 12:00:00+05:30,552.45,554.8,551.95,552.5,1834.0
2026-07-28 12:05:00+05:30,552.8,553.6,552.8,553.15,3325.0
2026-07-28 12:10:00+05:30,553.55,553.6,552.6,553.35,559.0
2026-07-28 12:15:00+05:30,553.15,554.4,553.15,553.95,662.0
2026-07-28 12:20:00+05:30,553.75,553.75,553.0,553.0,178.0
2026-07-28 12:25:00+05:30,553.0,553.65,553.0,553.15,82.0
2026-07-28 12:30:00+05:30,553.25,553.25,552.4,552.55,368.0
2026-07-28 12:35:00+05:30,552.65,553.1,552.5,552.5,398.0
2026-07-28 12:40:00+05:30,552.1,553.7,552.1,553.15,571.0
2026-07-28 12:45:00+05:30,553.15,553.15,552.2,552.75,702.0
2026-07-28 12:50:00+05:30,552.3,552.9,550.25,550.9,1937.0
2026-07-28 12:55:00+05:30,550.9,550.9,550.5,550.55,250.0
2026-07-28 13:00:00+05:30,550.5,552.8,550.3,552.8,1041.0
2026-07-28 13:05:00+05:30,552.8,552.85,551.75,552.25,401.0
2026-07-28 13:10:00+05:30,552.25,552.25,551.25,551.5,344.0
2026-07-28 13:15:00+05:30,551.5,551.5,549.45,550.45,3190.0
2026-07-28 13:20:00+05:30,550.45,552.5,550.45,551.3,1793.0
2026-07-28 13:25:00+05:30,551.3,551.85,550.05,550.15,463.0
2026-07-28 13:30:00+05:30,550.45,551.2,550.05,551.2,364.0
2026-07-28 13:35:00+05:30,551.25,551.25,550.35,550.35,251.0
2026-07-28 13:40:00+05:30,550.75,550.8,550.25,550.7,235.0
2026-07-28 13:45:00+05:30,550.45,551.0,550.3,550.7,842.0
2026-07-28 13:50:00+05:30,550.7,550.85,550.05,550.7,869.0
2026-07-28 13:55:00+05:30,550.7,551.95,550.55,550.6,971.0
2026-07-28 14:00:00+05:30,551.2,551.2,550.25,551.2,136.0
2026-07-28 14:05:00+05:30,551.15,551.15,550.0,550.65,629.0
2026-07-28 14:10:00+05:30,550.65,550.85,550.0,550.85,521.0
2026-07-28 14:15:00+05:30,550.85,551.0,550.5,550.5,209.0
2026-07-28 14:20:00+05:30,550.85,551.0,550.05,550.55,187.0
2026-07-28 14:25:00+05:30,550.55,551.05,550.0,551.05,1051.0
2026-07-28 14:30:00+05:30,550.9,551.15,550.05,550.55,893.0
2026-07-28 14:35:00+05:30,550.7,550.85,550.15,550.8,358.0
2026-07-28 14:40:00+05:30,550.65,550.85,548.0,548.05,3091.0
2026-07-28 14:45:00+05:30,548.35,550.7,547.45,550.1,3953.0
2026-07-28 14:50:00+05:30,550.05,550.05,548.55,549.85,1184.0
2026-07-28 14:55:00+05:30,549.9,549.9,548.6,549.3,330.0
2026-07-28 15:00:00+05:30,549.15,550.4,547.85,550.15,3154.0
2026-07-28 15:05:00+05:30,550.15,550.5,547.8,548.95,8654.0
2026-07-28 15:10:00+05:30,549.5,550.6,548.15,549.15,12589.0
2026-07-28 15:15:00+05:30,549.15,551.25,547.55,550.35,9639.0
2026-07-28 15:20:00+05:30,550.35,552.0,549.65,551.85,2595.0
2026-07-28 15:25:00+05:30,551.85,552.1,548.1,548.5,3159.0
2026-07-29 09:15:00+05:30,552.75,555.1,550.0,554.6,5230.0
2026-07-29 09:20:00+05:30,555.1,558.75,554.0,556.2,10108.0
2026-07-29 09:25:00+05:30,556.95,557.5,554.55,555.7,4084.0
2026-07-29 09:30:00+05:30,555.7,557.45,555.4,556.15,3901.0
2026-07-29 09:35:00+05:30,556.95,556.95,555.05,556.45,885.0
2026-07-29 09:40:00+05:30,556.3,557.35,556.3,557.1,977.0
2026-07-29 09:45:00+05:30,557.4,559.2,557.35,558.35,3052.0
2026-07-29 09:50:00+05:30,558.45,558.6,557.5,558.35,2556.0
2026-07-29 09:55:00+05:30,558.9,559.05,556.3,556.75,3032.0
2026-07-29 10:00:00+05:30,556.7,558.4,556.7,557.8,1881.0
2026-07-29 10:05:00+05:30,557.15,558.75,555.7,558.3,1707.0
2026-07-29 10:10:00+05:30,558.8,559.0,557.35,557.7,1492.0
2026-07-29 10:15:00+05:30,558.4,558.9,558.0,558.3,1353.0
2026-07-29 10:20:00+05:30,558.3,558.4,556.75,558.1,1119.0
2026-07-29 10:25:00+05:30,558.2,558.55,557.65,558.0,639.0
2026-07-29 10:30:00+05:30,557.65,558.3,557.65,558.25,263.0
2026-07-29 10:35:00+05:30,557.95,558.25,557.95,557.95,818.0
2026-07-29 10:40:00+05:30,557.85,557.85,557.65,557.65,533.0
2026-07-29 10:45:00+05:30,557.65,557.75,556.0,557.25,1448.0
2026-07-29 10:50:00+05:30,556.85,558.9,556.85,557.9,836.0
2026-07-29 10:55:00+05:30,557.9,557.9,555.75,555.9,968.0
2026-07-29 11:00:00+05:30,555.85,556.3,555.75,555.8,553.0
2026-07-29 11:05:00+05:30,555.8,556.25,555.75,556.25,339.0
2026-07-29 11:10:00+05:30,555.75,556.0,554.5,555.85,1886.0
2026-07-29 11:15:00+05:30,555.85,555.9,554.85,555.15,866.0
2026-07-29 11:20:00+05:30,555.6,556.8,555.05,556.0,2058.0
2026-07-29 11:25:00+05:30,556.0,556.0,555.5,555.5,317.0
2026-07-29 11:30:00+05:30,555.5,555.7,555.05,555.65,741.0
2026-07-29 11:35:00+05:30,555.65,555.65,555.4,555.4,154.0
2026-07-29 11:40:00+05:30,555.45,557.0,555.2,555.2,2793.0
2026-07-29 11:45:00+05:30,555.2,556.7,555.2,556.35,691.0
2026-07-29 11:50:00+05:30,556.95,557.0,556.4,556.65,729.0
2026-07-29 11:55:00+05:30,556.7,556.95,556.25,556.4,854.0
2026-07-29 12:00:00+05:30,556.4,557.5,556.4,557.0,379.0
2026-07-29 12:05:00+05:30,557.5,557.75,557.3,557.4,680.0
2026-07-29 12:10:00+05:30,557.35,557.95,557.35,557.4,395.0
2026-07-29 12:15:00+05:30,557.15,557.5,556.05,556.25,1065.0
2026-07-29 12:20:00+05:30,556.4,556.9,555.95,556.6,321.0
2026-07-29 12:25:00+05:30,556.9,556.95,554.85,555.1,7310.0
2026-07-29 12:30:00+05:30,554.75,556.05,554.75,555.65,641.0
2026-07-29 12:35:00+05:30,555.65,555.65,555.0,555.65,370.0
2026-07-29 12:40:00+05:30,555.35,555.65,554.25,554.25,1419.0
2026-07-29 12:45:00+05:30,555.2,555.25,554.05,554.15,553.0
2026-07-29 12:50:00+05:30,554.6,555.5,553.5,553.7,2340.0
2026-07-29 12:55:00+05:30,553.7,554.35,553.45,554.0,110.0
2026-07-29 13:00:00+05:30,554.0,555.25,554.0,555.0,665.0
2026-07-29 13:05:00+05:30,556.75,558.3,555.55,557.4,9090.0
2026-07-29 13:10:00+05:30,557.8,557.8,556.35,556.9,429.0
2026-07-29 13:15:00+05:30,556.9,556.9,556.15,556.15,378.0
2026-07-29 13:20:00+05:30,556.15,556.5,555.6,555.6,378.0
2026-07-29 13:25:00+05:30,555.6,556.0,555.4,556.0,346.0
2026-07-29 13:30:00+05:30,556.0,558.0,556.0,557.75,4001.0
2026-07-29 13:35:00+05:30,558.0,571.85,557.65,571.85,41629.0
2026-07-29 13:40:00+05:30,572.0,578.8,566.25,574.45,76966.0
2026-07-29 13:45:00+05:30,574.45,574.85,571.5,574.25,21685.0
2026-07-29 13:50:00+05:30,574.0,576.5,568.3,574.4,52264.0
2026-07-29 13:55:00+05:30,574.4,574.4,571.3,571.3,15659.0
2026-07-29 14:00:00+05:30,571.05,578.8,570.4,577.0,20758.0
2026-07-29 14:05:00+05:30,576.85,582.65,576.4,581.0,43372.0
2026-07-29 14:10:00+05:30,581.5,582.0,577.2,582.0,22122.0
2026-07-29 14:15:00+05:30,582.25,582.8,580.0,581.0,17075.0
2026-07-29 14:20:00+05:30,580.9,582.9,580.3,581.0,11317.0
2026-07-29 14:25:00+05:30,580.45,582.0,579.5,581.5,9594.0
2026-07-29 14:30:00+05:30,581.5,581.75,580.05,580.7,3660.0
2026-07-29 14:35:00+05:30,580.2,583.0,580.2,581.0,9212.0
2026-07-29 14:40:00+05:30,580.25,582.15,580.0,581.9,6083.0
2026-07-29 14:45:00+05:30,581.45,582.3,580.05,580.35,3658.0
2026-07-29 14:50:00+05:30,580.2,581.0,576.65,577.95,9878.0
2026-07-29 14:55:00+05:30,578.05,579.35,577.65,578.0,10179.0
2026-07-29 15:00:00+05:30,578.45,578.95,577.6,578.0,3144.0
2026-07-29 15:05:00+05:30,578.0,579.4,577.7,578.8,8087.0
2026-07-29 15:10:00+05:30,578.95,581.5,578.5,581.5,14956.0
2026-07-29 15:15:00+05:30,581.0,581.55,579.45,581.0,15247.0
2026-07-29 15:20:00+05:30,581.0,582.4,579.6,580.5,17342.0
2026-07-29 15:25:00+05:30,579.75,583.5,572.1,573.15,24637.0
2026-07-30 09:15:00+05:30,573.15,574.2,567.35,570.25,11223.0
2026-07-30 09:20:00+05:30,570.2,572.8,569.05,570.9,4795.0
2026-07-30 09:25:00+05:30,570.3,573.65,569.4,572.45,5774.0
2026-07-30 09:30:00+05:30,572.4,574.45,572.2,573.55,1959.0
2026-07-30 09:35:00+05:30,573.5,577.0,573.25,574.05,3932.0
2026-07-30 09:40:00+05:30,574.45,575.0,572.0,573.25,1649.0
2026-07-30 09:45:00+05:30,573.2,575.25,573.2,574.9,1775.0
2026-07-30 09:50:00+05:30,574.9,575.0,574.15,574.8,337.0
2026-07-30 09:55:00+05:30,574.45,576.0,574.0,575.1,2132.0
2026-07-30 10:00:00+05:30,575.0,578.0,575.0,575.75,4522.0
2026-07-30 10:05:00+05:30,575.85,576.1,575.15,575.25,1458.0
2026-07-30 10:10:00+05:30,575.3,575.3,573.4,573.9,1246.0
2026-07-30 10:15:00+05:30,574.15,574.65,573.35,573.95,676.0
2026-07-30 10:20:00+05:30,573.85,574.2,573.6,573.85,503.0
2026-07-30 10:25:00+05:30,573.6,573.9,573.05,573.6,418.0
2026-07-30 10:30:00+05:30,573.5,573.5,572.0,573.1,2619.0
2026-07-30 10:35:00+05:30,573.1,573.35,571.9,572.7,1787.0
2026-07-30 10:40:00+05:30,572.7,572.9,572.35,572.85,400.0
2026-07-30 10:45:00+05:30,573.2,573.8,573.2,573.8,332.0
2026-07-30 10:50:00+05:30,573.5,573.8,573.5,573.8,54.0
2026-07-30 10:55:00+05:30,573.4,573.55,573.2,573.2,67.0
2026-07-30 11:00:00+05:30,573.15,573.8,573.15,573.8,371.0
2026-07-30 11:05:00+05:30,573.8,573.8,572.4,572.5,730.0
2026-07-30 11:10:00+05:30,572.1,572.9,572.1,572.8,236.0
2026-07-30 11:15:00+05:30,572.75,573.05,572.45,573.0,125.0
2026-07-30 11:20:00+05:30,573.0,573.65,573.0,573.0,548.0
2026-07-30 11:25:00+05:30,572.95,573.55,572.6,573.2,350.0
2026-07-30 11:30:00+05:30,573.0,573.75,573.0,573.25,662.0
2026-07-30 11:35:00+05:30,573.7,573.7,572.25,572.9,1039.0
2026-07-30 11:40:00+05:30,573.05,573.05,572.1,572.35,190.0
2026-07-30 11:45:00+05:30,572.35,572.85,572.3,572.85,236.0
2026-07-30 11:50:00+05:30,572.0,572.0,571.55,571.9,301.0
2026-07-30 11:55:00+05:30,572.1,572.1,570.0,570.95,1212.0
2026-07-30 12:00:00+05:30,571.4,571.65,570.7,570.7,202.0
2026-07-30 12:05:00+05:30,571.05,571.8,570.25,571.5,514.0
2026-07-30 12:10:00+05:30,571.15,571.35,570.0,571.3,866.0
2026-07-30 12:15:00+05:30,571.25,572.35,570.95,571.7,611.0
2026-07-30 12:20:00+05:30,572.15,572.15,571.55,571.75,114.0
2026-07-30 12:25:00+05:30,571.25,572.85,571.25,572.85,560.0
2026-07-30 12:30:00+05:30,572.85,574.4,572.8,574.4,489.0
2026-07-30 12:35:00+05:30,573.9,573.9,572.8,573.1,1929.0
2026-07-30 12:40:00+05:30,573.1,573.6,573.0,573.0,544.0
2026-07-30 12:45:00+05:30,572.55,573.45,572.55,572.8,849.0
2026-07-30 12:50:00+05:30,572.75,573.3,572.65,573.0,315.0
2026-07-30 12:55:00+05:30,573.0,573.8,572.65,572.65,462.0
2026-07-30 13:00:00+05:30,572.65,573.05,572.65,572.7,147.0
2026-07-30 13:05:00+05:30,573.05,573.05,572.7,572.8,358.0
2026-07-30 13:10:00+05:30,572.75,572.75,571.0,571.7,1611.0
2026-07-30 13:15:00+05:30,571.7,572.2,570.15,570.6,1308.0
2026-07-30 13:20:00+05:30,570.3,571.05,570.3,571.05,346.0
2026-07-30 13:25:00+05:30,571.35,571.35,570.25,570.4,603.0
2026-07-30 13:30:00+05:30,570.25,570.95,570.25,570.3,293.0
2026-07-30 13:35:00+05:30,570.35,570.8,570.35,570.35,237.0
2026-07-30 13:40:00+05:30,570.35,571.95,570.35,571.25,2338.0
2026-07-30 13:45:00+05:30,571.25,571.4,568.65,568.65,2131.0
2026-07-30 13:50:00+05:30,569.3,570.05,568.25,569.55,6439.0
2026-07-30 13:55:00+05:30,569.0,569.65,569.0,569.0,329.0
2026-07-30 14:00:00+05:30,569.0,569.0,569.0,569.0,99.0
2026-07-30 14:05:00+05:30,569.0,569.0,568.15,568.7,425.0
2026-07-30 14:10:00+05:30,568.7,568.7,567.55,567.55,736.0
2026-07-30 14:15:00+05:30,567.6,568.9,567.45,568.7,607.0
2026-07-30 14:20:00+05:30,568.7,568.85,567.55,567.9,879.0
2026-07-30 14:25:00+05:30,567.55,567.85,566.85,567.5,490.0
2026-07-30 14:30:00+05:30,567.1,568.0,565.85,567.1,4280.0
2026-07-30 14:35:00+05:30,566.65,568.45,565.7,568.15,1052.0
2026-07-30 14:40:00+05:30,568.75,568.95,567.95,567.95,366.0
2026-07-30 14:45:00+05:30,567.8,568.25,567.05,567.9,413.0
2026-07-30 14:50:00+05:30,567.9,570.25,567.7,568.15,4081.0
2026-07-30 14:55:00+05:30,568.1,568.9,567.6,567.65,1411.0
2026-07-30 15:00:00+05:30,567.8,568.25,566.0,566.4,3964.0
2026-07-30 15:05:00+05:30,566.8,568.55,566.55,566.8,1962.0
2026-07-30 15:10:00+05:30,566.7,567.75,566.0,566.5,4175.0
2026-07-30 15:15:00+05:30,567.0,567.55,565.2,565.95,10482.0
2026-07-30 15:20:00+05:30,565.85,567.2,565.7,566.85,2451.0
2026-07-30 15:25:00+05:30,566.55,567.25,563.0,565.3,20436.0
