day,model,sym,side,sig,code,time,min,entry,rank,cls,taken,ghost,skip_why,breadth,daypct,sec,sec_bullq,sec_bearq,sec_pb,sec_pw,held,tilt,regime,cf_net_s,cf_net_p,cf_r_s,cf_r_p,cf_exit_s,cf_net,cf_r,cf_exit,mfe_r,mae_r,mfe30_r,mfe60_r,eod_pct,bear_close,day_regime
2026-09-28,M10,ASTRAL,SELL,SELL-EX12,212,09:30,570,1375.0,,BREAKOUT,1,0,,0.895,-1.716,BUILDMAT,,,,,,,,281.0,,0.43,,OPEN,120,0.25,OPEN,0.62,0.21,0.24,0.42,0.33,0.89,TREND-DOWN
2026-09-28,M10,FORTIS,SELL,SELL-EX12,212,09:30,570,825.1,,BREAKOUT,1,0,,0.895,-1.522,HOSPITALS,,,,,,,,-630.0,,-0.7,,OPEN,-381,-0.38,OPEN,0.51,0.71,0.31,0.51,-0.68,0.89,TREND-DOWN
2026-09-28,M10,GLENMARK,SELL,SELL-EX19,219,10:15,615,2341.6,,PULLBACK,1,0,,0.895,-1.613,PHA,,,,,,,,299.0,,1.14,,100% trail 15:10,213,1.06,100% trail 15:10,2.05,0.8,0.89,0.89,0.68,0.89,TREND-DOWN
2026-09-28,M10,HDFCBANK,SELL,SELL-EX12,212,09:35,575,724.4,,BREAKOUT,1,0,,0.895,-1.523,BANK,,,,,,,,373.0,,0.64,,OPEN,327,0.63,OPEN,0.72,0.07,0.33,0.33,0.74,0.89,TREND-DOWN
2026-09-28,M10,HINDALCO,SELL,SELL-EX12,212,09:30,570,953.4,,BREAKOUT,1,0,,0.895,-2.416,MET,,,,,,,,-291.0,,-0.42,,OPEN,-172,-0.19,OPEN,0.16,0.89,0.16,0.16,-0.26,0.89,TREND-DOWN
2026-09-28,M10,IOC,SELL,SELL-EX12,212,09:35,575,133.84,,BREAKOUT,1,0,,0.895,-1.371,OIL,,,,,,,,295.0,,0.51,,OPEN,152,0.34,OPEN,0.52,0.41,0.08,0.12,0.39,0.89,TREND-DOWN
2026-09-28,M10,KEI,SELL,SELL-EX12,212,09:35,575,4594.0,,BREAKOUT,1,0,,0.895,-1.701,CAPGOODS,,,,,,,,760.0,,1.25,,OPEN,741,1.28,OPEN,1.33,0.37,0.06,0.12,1.7,0.89,TREND-DOWN
2026-09-28,M10,MUTHOOTFIN,SELL,SELL-EX12,212,09:30,570,2776.6,,BREAKOUT,1,0,,0.895,-2.06,FIN,,,,,,,,101.0,,0.19,,OPEN,257,0.56,OPEN,0.65,0.82,0.23,0.23,0.6,0.89,TREND-DOWN
2026-09-28,M10,NUVAMA,SELL,SELL-EX12,212,09:35,575,1612.4,,BREAKOUT,1,0,,0.895,-4.104,CAPMKTS,,,,,,,,-421.0,,-0.48,,100% EOD 15:20,-459,-0.48,100% EOD 15:20,0.13,0.77,0.1,0.13,-0.98,0.89,TREND-DOWN
2026-09-28,M10,POWERGRID,SELL,SELL-EX12,212,09:35,575,266.35,,BREAKOUT,1,0,,0.895,-1.169,ENE,,,,,,,,757.0,,1.37,,OPEN,799,1.52,OPEN,1.53,0.08,0.24,0.54,1.69,0.89,TREND-DOWN
2026-09-28,M10,PREMIERENE,SELL,SELL-EX12,212,09:30,570,884.6,,BREAKOUT,1,0,,0.895,-1.316,GREEN,,,,,,,,-790.0,,-1.02,,100% SL 11:30,-878,-1.02,100% SL 11:30,0.12,2.01,0.12,0.12,-2.42,0.89,TREND-DOWN
2026-09-28,M10,360ONE,SELL,ENTRY SELL,290,09:25,565,1055.1,,,0,0,scanner-table preview (90/290) — no chart label,0.895,-1.668,CAPMKTS,,,,,,,,,,,,,414,0.51,OPEN,0.6,0.31,0.21,0.21,0.96,0.89,TREND-DOWN
2026-09-28,M10,ABB,SELL,ENTRY SELL,290,09:20,560,6949.0,,,0,0,scanner-table preview (90/290) — no chart label,0.895,-1.468,CAPGOODS,,,,,,,,,,,,,-205,-0.3,OPEN,0.48,0.58,0.48,0.48,-0.34,0.89,TREND-DOWN
2026-09-28,M10,ABCAPITAL,SELL,ENTRY SELL,290,09:20,560,382.8,,,0,0,scanner-table preview (90/290) — no chart label,0.895,-1.846,FIN,,,,,,,,,,,,,-29,0.02,OPEN,0.33,0.28,0.33,0.33,0.03,0.89,TREND-DOWN
2026-09-28,M10,ADANIENSOL,SELL,ENTRY SELL,290,09:20,560,1319.2,,,0,0,scanner-table preview (90/290) — no chart label,0.895,-1.442,ENE,,,,,,,,,,,,,260,0.63,100% trail 12:10,2.4,0.36,0.22,0.52,2.37,0.89,TREND-DOWN
2026-09-28,M10,ADANIGREEN,SELL,ENTRY SELL,290,09:20,560,1282.0,,,0,0,scanner-table preview (90/290) — no chart label,0.895,-1.126,GREEN,,,,,,,,,,,,,1654,5.34,100% trail 14:45,6.71,0.31,0.57,3.23,3.67,0.89,TREND-DOWN
2026-09-28,M10,ADANIPORTS,SELL,ENTRY SELL,290,09:20,560,1777.0,,,0,0,scanner-table preview (90/290) — no chart label,0.895,-0.615,LOGISTICS,,,,,,,,,,,,,908,2.35,100% trail 13:35,2.65,0.05,0.74,1.01,1.87,0.89,TREND-DOWN
2026-09-28,M10,ADANIPOWER,SELL,ENTRY SELL,290,09:20,560,201.36,,,0,0,scanner-table preview (90/290) — no chart label,0.895,-0.686,ENE,,,,,,,,,,,,,1253,2.4,OPEN,2.76,0.16,0.53,1.09,2.59,0.89,TREND-DOWN
2026-09-28,M10,AMBUJACEM,SELL,ENTRY SELL,290,09:20,560,380.4,,,0,0,scanner-table preview (90/290) — no chart label,0.895,-0.886,CEMENT,,,,,,,,,,,,,552,1.4,100% trail 13:30,1.84,0.1,0.98,0.98,1.59,0.89,TREND-DOWN
2026-09-28,M10,ANGELONE,SELL,ENTRY SELL,290,09:20,560,279.45,,,0,0,scanner-table preview (90/290) — no chart label,0.895,-2.969,CAPMKTS,,,,,,,,,,,,,3,0.05,OPEN,0.25,0.5,0.22,0.22,0.09,0.89,TREND-DOWN
2026-09-28,M10,APLAPOLLO,SELL,ENTRY SELL,290,09:20,560,2196.7,,,0,0,scanner-table preview (90/290) — no chart label,0.895,-0.813,MET,,,,,,,,,,,,,95,0.6,100% trail 10:50,1.58,0.46,0.62,0.82,-0.01,0.89,TREND-DOWN
2026-09-28,M10,APOLLOHOSP,SELL,ENTRY SELL,290,09:20,560,8814.0,,,0,0,scanner-table preview (90/290) — no chart label,0.895,-0.844,HOSPITALS,,,,,,,,,,,,,-482,-1.0,100% SL 10:00,0.12,1.1,0.12,0.12,-0.52,0.89,TREND-DOWN
2026-09-28,M10,ASHOKLEY,SELL,ENTRY SELL,290,09:20,560,156.5,,,0,0,scanner-table preview (90/290) — no chart label,0.895,-1.622,AUTO,,,,,,,,,,,,,366,0.53,OPEN,0.73,0.34,0.08,0.08,0.82,0.89,TREND-DOWN
2026-09-28,M10,ASTRAL,SELL,ENTRY SELL,290,09:20,560,1381.7,,,0,0,scanner-table preview (90/290) — no chart label,0.895,-1.237,BUILDMAT,,,,,,,,,,,,,216,0.73,100% trail 11:25,1.57,0.26,0.97,0.97,0.81,0.89,TREND-DOWN
2026-09-28,M10,AUBANK,SELL,ENTRY SELL,290,09:20,560,1004.9,,,0,0,scanner-table preview (90/290) — no chart label,0.895,-1.287,BANK,,,,,,,,,,,,,183,0.71,100% trail 13:30,1.25,0.21,0.87,0.87,0.96,0.89,TREND-DOWN
2026-09-28,M10,AUROPHARMA,SELL,ENTRY SELL,290,09:20,560,1698.4,,,0,0,scanner-table preview (90/290) — no chart label,0.895,-0.794,PHA,,,,,,,,,,,,,-15,0.07,OPEN,0.85,0.48,0.33,0.8,0.05,0.89,TREND-DOWN
2026-09-28,M10,BAJAJ-AUTO,SELL,ENTRY SELL,290,09:20,560,11180.0,,,0,0,scanner-table preview (90/290) — no chart label,0.895,-0.895,AUTO,,,,,,,,,,,,,96,0.57,100% trail 10:45,2.94,0.35,0.49,0.98,1.4,0.89,TREND-DOWN
2026-09-28,M10,BAJAJHLDNG,SELL,ENTRY SELL,290,09:25,565,10800.0,,,0,0,scanner-table preview (90/290) — no chart label,0.895,-1.28,FIN,,,,,,,,,,,,,-36,0.0,OPEN,0.06,0.83,0.06,0.06,-0.0,0.89,TREND-DOWN
2026-09-28,M10,BAJFINANCE,SELL,ENTRY SELL,290,09:20,560,979.7,,,0,0,scanner-table preview (90/290) — no chart label,0.895,-1.725,FIN,,,,,,,,,,,,,-312,-0.42,OPEN,0.41,0.42,0.23,0.23,-0.54,0.89,TREND-DOWN
2026-09-28,M10,BANKBARODA,SELL,ENTRY SELL,290,09:20,560,232.44,,,0,0,scanner-table preview (90/290) — no chart label,0.895,-1.199,PSUBK,,,,,,,,,,,,,608,1.27,100% trail 13:40,1.94,0.18,0.39,0.68,2.13,0.89,TREND-DOWN
2026-09-28,M10,BANKINDIA,SELL,ENTRY SELL,290,09:20,560,135.29,,,0,0,scanner-table preview (90/290) — no chart label,0.895,-1.921,PSUBK,,,,,,,,,,,,,1914,2.67,OPEN,2.93,0.2,0.8,1.08,3.92,0.89,TREND-DOWN
2026-09-28,M10,BDL,SELL,ENTRY SELL,290,09:20,560,1130.7,,,0,0,scanner-table preview (90/290) — no chart label,0.895,-0.816,DEF,,,,,,,,,,,,,327,1.12,100% trail 09:40,2.28,0.08,1.38,1.38,1.39,0.89,TREND-DOWN
2026-09-28,M10,BEL,SELL,ENTRY SELL,290,09:20,560,388.2,,,0,0,scanner-table preview (90/290) — no chart label,0.895,-1.359,DEF,,,,,,,,,,,,,304,0.54,OPEN,0.81,0.03,0.22,0.22,0.7,0.89,TREND-DOWN
2026-09-28,M10,BHARATFORG,SELL,ENTRY SELL,290,09:20,560,1984.1,,,0,0,scanner-table preview (90/290) — no chart label,0.895,-1.19,AUTO,,,,,,,,,,,,,193,1.07,100% trail 13:10,3.11,0.6,0.3,0.4,1.37,0.89,TREND-DOWN
2026-09-28,M10,BIOCON,SELL,ENTRY SELL,290,09:20,560,377.25,,,0,0,scanner-table preview (90/290) — no chart label,0.895,-1.282,PHA,,,,,,,,,,,,,268,0.6,OPEN,0.76,0.61,0.55,0.55,0.62,0.89,TREND-DOWN
2026-09-28,M10,BPCL,SELL,ENTRY SELL,290,09:20,560,305.25,,,0,0,scanner-table preview (90/290) — no chart label,0.895,-1.053,OIL,,,,,,,,,,,,,213,0.7,100% trail 13:35,1.63,0.5,0.79,0.79,0.98,0.89,TREND-DOWN
2026-09-28,M10,CANBK,SELL,ENTRY SELL,290,09:20,560,123.28,,,0,0,scanner-table preview (90/290) — no chart label,0.895,-1.368,PSUBK,,,,,,,,,,,,,523,1.43,100% trail 11:30,2.87,0.05,0.93,1.44,2.13,0.89,TREND-DOWN
2026-09-28,M10,CDSL,SELL,ENTRY SELL,290,09:25,565,1305.0,,,0,0,scanner-table preview (90/290) — no chart label,0.895,-0.986,CAPMKTS,,,,,,,,,,,,,566,1.3,OPEN,1.5,0.41,0.87,0.87,1.23,0.89,TREND-DOWN
2026-09-28,M10,CGPOWER,SELL,ENTRY SELL,290,09:20,560,873.25,,,0,0,scanner-table preview (90/290) — no chart label,0.895,-1.439,CAPGOODS,,,,,,,,,,,,,428,0.85,OPEN,0.98,0.55,0.38,0.38,0.94,0.89,TREND-DOWN
2026-09-28,M10,CHOLAFIN,SELL,ENTRY SELL,290,09:20,560,1637.6,,,0,0,scanner-table preview (90/290) — no chart label,0.895,-1.51,FIN,,,,,,,,,,,,,61,0.15,OPEN,0.72,0.64,0.72,0.72,0.21,0.89,TREND-DOWN
2026-09-28,M10,COLPAL,SELL,ENTRY SELL,290,09:20,560,1839.4,,,0,0,scanner-table preview (90/290) — no chart label,0.895,-0.884,FMCG,,,,,,,,,,,,,-438,-1.0,100% SL 12:00,0.96,1.43,0.35,0.35,-0.35,0.89,TREND-DOWN
2026-09-28,M10,CONCOR,SELL,ENTRY SELL,290,09:20,560,456.3,,,0,0,scanner-table preview (90/290) — no chart label,0.895,-1.127,LOGISTICS,,,,,,,,,,,,,170,0.56,100% trail 12:25,1.62,0.2,0.62,0.62,1.38,0.89,TREND-DOWN
2026-09-28,M10,CROMPTON,SELL,ENTRY SELL,290,09:20,560,216.36,,,0,0,scanner-table preview (90/290) — no chart label,0.895,-1.025,CDUR,,,,,,,,,,,,,-697,-1.0,100% SL 11:40,0.7,1.87,0.7,0.7,-1.13,0.89,TREND-DOWN
2026-09-28,M10,CUMMINSIND,SELL,ENTRY SELL,290,09:20,560,4872.0,,,0,0,scanner-table preview (90/290) — no chart label,0.895,-1.476,CAPGOODS,,,,,,,,,,,,,254,0.69,100% trail 15:10,1.05,0.37,0.09,0.14,0.35,0.89,TREND-DOWN
2026-09-28,M10,DELHIVERY,SELL,ENTRY SELL,290,09:20,560,415.9,,,0,0,scanner-table preview (90/290) — no chart label,0.895,-1.609,LOGISTICS,,,,,,,,,,,,,893,1.59,100% trail 15:05,2.11,0.19,0.91,1.33,2.02,0.89,TREND-DOWN
2026-09-28,M10,DIVISLAB,SELL,ENTRY SELL,290,09:20,560,9581.5,,,0,0,scanner-table preview (90/290) — no chart label,0.895,-0.395,PHA,,,,,,,,,,,,,51,0.42,100% trail 13:35,1.12,0.79,0.35,0.35,0.33,0.89,TREND-DOWN
2026-09-28,M10,DLF,SELL,ENTRY SELL,290,09:20,560,671.0,,,0,0,scanner-table preview (90/290) — no chart label,0.895,-1.757,REALTY,,,,,,,,,,,,,62,0.43,100% trail 11:35,1.57,0.22,1.26,1.34,1.11,0.89,TREND-DOWN
2026-09-28,M10,EICHERMOT,SELL,ENTRY SELL,290,09:20,560,7293.0,,,0,0,scanner-table preview (90/290) — no chart label,0.895,-0.91,AUTO,,,,,,,,,,,,,238,2.11,100% trail 12:50,4.17,0.52,0.88,1.64,1.09,0.89,TREND-DOWN
2026-09-28,M10,EXIDEIND,SELL,ENTRY SELL,290,09:20,560,419.75,,,0,0,scanner-table preview (90/290) — no chart label,0.895,-0.921,AUTO,,,,,,,,,,,,,402,1.4,100% trail 11:35,2.99,0.36,1.14,1.14,1.99,0.89,TREND-DOWN
2026-09-28,M10,FORCEMOT,SELL,ENTRY SELL,290,09:20,560,17147.0,,,0,0,scanner-table preview (90/290) — no chart label,0.895,-1.386,AUTO,,,,,,,,,,,,,-278,-1.0,100% SL 10:00,0.94,1.9,0.25,0.25,0.27,0.89,TREND-DOWN
2026-09-28,M10,FORTIS,SELL,ENTRY SELL,290,09:20,560,828.85,,,0,0,scanner-table preview (90/290) — no chart label,0.895,-1.074,HOSPITALS,,,,,,,,,,,,,58,0.22,100% trail 11:30,1.02,0.61,0.75,1.02,-0.23,0.89,TREND-DOWN
2026-09-28,M10,GAIL,BUY,ENTRY BUY,90,09:20,560,174.27,,,0,0,scanner-table preview (90/290) — no chart label,0.895,0.909,OIL,,,,,,,,,,,,,-860,-1.0,100% SL 10:20,0.11,1.19,0.11,0.11,-1.04,0.89,TREND-DOWN
2026-09-28,M10,GMRAIRPORT,SELL,ENTRY SELL,290,09:20,560,96.74,,,0,0,scanner-table preview (90/290) — no chart label,0.895,-1.235,INFRA,,,,,,,,,,,,,1090,3.87,100% trail 14:55,4.54,0.2,1.19,1.19,2.06,0.89,TREND-DOWN
2026-09-28,M10,GODREJCP,SELL,ENTRY SELL,290,09:20,560,864.55,,,0,0,scanner-table preview (90/290) — no chart label,0.895,-1.756,FMCG,,,,,,,,,,,,,-238,-0.31,OPEN,0.43,0.53,0.32,0.37,-0.4,0.89,TREND-DOWN
2026-09-28,M10,GVT&D,SELL,ENTRY SELL,290,09:25,565,4232.1,,,0,0,scanner-table preview (90/290) — no chart label,0.895,-1.119,CAPGOODS,,,,,,,,,,,,,393,0.87,100% trail 13:25,1.12,0.34,0.28,0.28,0.69,0.89,TREND-DOWN
2026-09-28,M10,HAL,SELL,ENTRY SELL,290,09:20,560,4739.1,,,0,0,scanner-table preview (90/290) — no chart label,0.895,-1.269,DEF,,,,,,,,,,,,,-406,-1.0,100% SL 10:00,0.57,1.22,0.54,0.54,0.02,0.89,TREND-DOWN
2026-09-28,M10,HAVELLS,SELL,ENTRY SELL,290,09:20,560,1085.0,,,0,0,scanner-table preview (90/290) — no chart label,0.895,-1.049,CDUR,,,,,,,,,,,,,-42,0.0,OPEN,0.97,0.27,0.36,0.36,-0.0,0.89,TREND-DOWN
2026-09-28,M10,HDFCBANK,SELL,ENTRY SELL,290,09:20,560,725.5,,,0,0,scanner-table preview (90/290) — no chart label,0.895,-1.373,BANK,,,,,,,,,,,,,397,0.88,OPEN,0.98,0.16,0.52,0.53,0.89,0.89,TREND-DOWN
2026-09-28,M10,HINDALCO,SELL,ENTRY SELL,290,09:20,560,955.0,,,0,0,scanner-table preview (90/290) — no chart label,0.895,-2.252,MET,,,,,,,,,,,,,-89,-0.08,OPEN,0.32,0.87,0.32,0.32,-0.09,0.89,TREND-DOWN
2026-09-28,M10,HINDPETRO,SELL,ENTRY SELL,290,09:20,560,347.0,,,0,0,scanner-table preview (90/290) — no chart label,0.895,-1.14,OIL,,,,,,,,,,,,,613,3.45,OPEN,4.62,0.34,1.97,1.97,1.31,0.89,TREND-DOWN
2026-09-28,M10,HINDUNILVR,SELL,ENTRY SELL,290,09:20,560,1915.8,,,0,0,scanner-table preview (90/290) — no chart label,0.895,-1.395,FMCG,,,,,,,,,,,,,379,1.01,100% trail 15:10,1.24,0.1,0.45,0.45,1.03,0.89,TREND-DOWN
2026-09-28,M10,HYUNDAI,SELL,ENTRY SELL,290,09:20,560,2095.0,,,0,0,scanner-table preview (90/290) — no chart label,0.895,-0.946,AUTO,,,,,,,,,,,,,856,2.33,100% trail 14:05,3.1,0.29,0.91,1.2,2.11,0.89,TREND-DOWN
2026-09-28,M10,ICICIBANK,SELL,ENTRY SELL,290,09:25,565,1312.5,,,0,0,scanner-table preview (90/290) — no chart label,0.895,-1.078,BANK,,,,,,,,,,,,,153,0.65,100% trail 11:30,1.27,0.22,0.92,1.18,0.8,0.89,TREND-DOWN
2026-09-28,M10,IDEA,SELL,ENTRY SELL,290,09:20,560,13.93,,,0,0,scanner-table preview (90/290) — no chart label,0.895,-2.314,TELECOM,,,,,,,,,,,,,1198,1.41,100% trail 14:45,1.67,0.37,0.27,0.27,3.3,0.89,TREND-DOWN
2026-09-28,M10,IDFCFIRSTB,SELL,ENTRY SELL,290,09:25,565,82.05,,,0,0,scanner-table preview (90/290) — no chart label,0.895,-2.088,BANK,,,,,,,,,,,,,871,1.02,OPEN,1.07,0.06,0.34,0.37,1.83,0.89,TREND-DOWN
2026-09-28,M10,IEX,SELL,ENTRY SELL,290,09:20,560,111.77,,,0,0,scanner-table preview (90/290) — no chart label,0.895,-0.825,CAPMKTS,,,,,,,,,,,,,146,0.44,OPEN,0.86,0.87,0.33,0.33,0.38,0.89,TREND-DOWN
2026-09-28,M10,INDHOTEL,SELL,ENTRY SELL,290,09:20,560,716.35,,,0,0,scanner-table preview (90/290) — no chart label,0.895,-1.438,TRAVEL,,,,,,,,,,,,,-221,-0.45,100% trail 11:50,1.41,0.85,1.12,1.12,0.75,0.89,TREND-DOWN
2026-09-28,M10,INDIANB,SELL,ENTRY SELL,290,09:20,560,826.2,,,0,0,scanner-table preview (90/290) — no chart label,0.895,-0.697,PSUBK,,,,,,,,,,,,,1383,3.98,OPEN,4.09,0.37,0.73,1.11,2.87,0.89,TREND-DOWN
2026-09-28,M10,INDIGO,SELL,ENTRY SELL,290,09:20,560,4889.0,,,0,0,scanner-table preview (90/290) — no chart label,0.895,-1.032,TRAVEL,,,,,,,,,,,,,189,1.72,100% trail 11:30,2.72,1.06,0.44,1.0,0.3,0.89,TREND-DOWN
2026-09-28,M10,INDUSTOWER,SELL,ENTRY SELL,290,09:20,560,368.15,,,0,0,scanner-table preview (90/290) — no chart label,0.895,-1.735,TELECOM,,,,,,,,,,,,,909,1.56,100% trail 15:05,2.66,0.46,0.34,0.34,2.21,0.89,TREND-DOWN
2026-09-28,M10,INOXWIND,SELL,ENTRY SELL,290,09:20,560,73.88,,,0,0,scanner-table preview (90/290) — no chart label,0.895,-1.164,GREEN,,,,,,,,,,,,,179,0.55,100% trail 12:30,2.61,0.5,0.64,0.64,2.54,0.89,TREND-DOWN
2026-09-28,M10,IOC,SELL,ENTRY SELL,290,09:20,560,134.47,,,0,0,scanner-table preview (90/290) — no chart label,0.895,-0.906,OIL,,,,,,,,,,,,,165,0.75,100% trail 12:30,1.55,0.27,0.83,0.83,0.86,0.89,TREND-DOWN
2026-09-28,M10,IREDA,SELL,ENTRY SELL,290,09:20,560,112.0,,,0,0,scanner-table preview (90/290) — no chart label,0.895,-1.078,FIN,,,,,,,,,,,,,-661,-1.0,100% SL 10:00,0.11,4.21,0.11,0.11,-2.52,0.89,TREND-DOWN
2026-09-28,M10,IRFC,SELL,ENTRY SELL,290,09:20,560,78.85,,,0,0,scanner-table preview (90/290) — no chart label,0.895,-1.376,RAILWAYS,,,,,,,,,,,,,148,0.27,OPEN,0.41,0.98,0.28,0.28,0.38,0.89,TREND-DOWN
2026-09-28,M10,ITC,SELL,ENTRY SELL,290,09:20,560,267.3,,,0,0,scanner-table preview (90/290) — no chart label,0.895,-0.632,FMCG,,,,,,,,,,,,,351,1.02,OPEN,1.02,0.27,0.37,0.9,0.79,0.89,TREND-DOWN
2026-09-28,M10,JINDALSTEL,SELL,ENTRY SELL,290,09:25,565,1149.6,,,0,0,scanner-table preview (90/290) — no chart label,0.895,-1.305,MET,,,,,,,,,,,,,388,1.13,OPEN,1.76,0.85,0.31,0.31,0.87,0.89,TREND-DOWN
2026-09-28,M10,JIOFIN,SELL,ENTRY SELL,290,09:20,560,224.89,,,0,0,scanner-table preview (90/290) — no chart label,0.895,-0.93,FIN,,,,,,,,,,,,,186,0.63,100% trail 11:45,2.95,0.12,1.17,1.17,1.95,0.89,TREND-DOWN
2026-09-28,M10,JSWENERGY,SELL,ENTRY SELL,290,09:20,560,502.0,,,0,0,scanner-table preview (90/290) — no chart label,0.895,-0.898,ENE,,,,,,,,,,,,,299,1.53,100% trail 11:25,3.0,1.18,1.33,2.25,1.39,0.89,TREND-DOWN
2026-09-28,M10,JSWSTEEL,SELL,ENTRY SELL,290,09:25,565,1265.8,,,0,0,scanner-table preview (90/290) — no chart label,0.895,-0.877,MET,,,,,,,,,,,,,94,0.42,100% trail 15:15,1.06,0.72,0.39,0.39,0.13,0.89,TREND-DOWN
2026-09-28,M10,JUBLFOOD,SELL,ENTRY SELL,290,09:20,560,482.75,,,0,0,scanner-table preview (90/290) — no chart label,0.895,-0.371,CONSUMPTION,,,,,,,,,,,,,375,1.37,OPEN,2.12,0.78,0.88,0.88,0.84,0.89,TREND-DOWN
2026-09-28,M10,KALYANKJIL,SELL,ENTRY SELL,290,09:20,560,563.1,,,0,0,scanner-table preview (90/290) — no chart label,0.895,-1.728,CDUR,,,,,,,,,,,,,-114,-0.08,OPEN,0.33,0.45,0.33,0.33,-0.16,0.89,TREND-DOWN
2026-09-28,M10,KEI,SELL,ENTRY SELL,290,09:20,560,4616.5,,,0,0,scanner-table preview (90/290) — no chart label,0.895,-1.22,CAPGOODS,,,,,,,,,,,,,340,1.1,100% trail 12:05,2.69,0.48,0.68,0.69,2.18,0.89,TREND-DOWN
2026-09-28,M10,KOTAKBANK,SELL,ENTRY SELL,290,09:20,560,398.05,,,0,0,scanner-table preview (90/290) — no chart label,0.895,-1.473,BANK,,,,,,,,,,,,,-592,-1.0,100% SL 14:00,0.51,1.39,0.51,0.51,-0.88,0.89,TREND-DOWN
2026-09-28,M10,KPITTECH,SELL,ENTRY SELL,290,09:20,560,514.4,,,0,0,scanner-table preview (90/290) — no chart label,0.895,-0.963,IT,,,,,,,,,,,,,140,0.61,100% trail 12:10,2.18,0.3,0.94,0.94,1.05,0.89,TREND-DOWN
2026-09-28,M10,LAURUSLABS,SELL,ENTRY SELL,290,09:25,565,1986.6,,,0,0,scanner-table preview (90/290) — no chart label,0.895,-1.016,PHA,,,,,,,,,,,,,-591,-1.0,100% SL 09:50,0.05,1.28,0.05,0.05,-1.21,0.89,TREND-DOWN
2026-09-28,M10,LODHA,SELL,ENTRY SELL,290,09:20,560,1144.1,,,0,0,scanner-table preview (90/290) — no chart label,0.895,-1.794,REALTY,,,,,,,,,,,,,1120,1.4,OPEN,1.49,0.37,0.5,0.75,2.36,0.89,TREND-DOWN
2026-09-28,M10,LT,SELL,ENTRY SELL,290,09:20,560,3837.6,,,0,0,scanner-table preview (90/290) — no chart label,0.895,-0.996,INFRA,,,,,,,,,,,,,884,3.73,OPEN,3.73,0.5,0.7,0.92,1.86,0.89,TREND-DOWN
2026-09-28,M10,LTF,SELL,ENTRY SELL,290,09:20,560,280.3,,,0,0,scanner-table preview (90/290) — no chart label,0.895,-1.303,FIN,,,,,,,,,,,,,-579,-1.0,100% SL 11:50,0.83,1.14,0.83,0.83,-0.2,0.89,TREND-DOWN
2026-09-28,M10,LTM,SELL,ENTRY SELL,290,09:20,560,4047.2,,,0,0,scanner-table preview (90/290) — no chart label,0.895,-0.877,IT,,,,,,,,,,,,,-525,-1.0,100% SL 11:00,0.74,2.33,0.74,0.74,-1.09,0.89,TREND-DOWN
2026-09-28,M10,M&M,SELL,ENTRY SELL,290,09:20,560,2998.0,,,0,0,scanner-table preview (90/290) — no chart label,0.895,-1.219,AUTO,,,,,,,,,,,,,8,0.13,OPEN,0.9,0.34,0.52,0.52,0.1,0.89,TREND-DOWN
2026-09-28,M10,MANKIND,SELL,ENTRY SELL,290,09:25,565,2473.7,,,0,0,scanner-table preview (90/290) — no chart label,0.895,-0.048,PHA,,,,,,,,,,,,,421,2.0,100% trail 11:55,3.0,1.09,0.57,1.09,1.54,0.89,TREND-DOWN
2026-09-28,M10,MAXHEALTH,SELL,ENTRY SELL,290,09:20,560,993.4,,,0,0,scanner-table preview (90/290) — no chart label,0.895,-2.032,HOSPITALS,,,,,,,,,,,,,-377,-0.38,OPEN,0.22,0.9,0.22,0.22,-0.67,0.89,TREND-DOWN
2026-09-28,M10,MAZDOCK,SELL,ENTRY SELL,290,09:20,560,2168.5,,,0,0,scanner-table preview (90/290) — no chart label,0.895,-1.414,DEF,,,,,,,,,,,,,660,1.26,OPEN,1.55,0.25,0.56,0.56,1.41,0.89,TREND-DOWN
2026-09-28,M10,MCX,SELL,ENTRY SELL,290,09:25,565,3279.1,,,0,0,scanner-table preview (90/290) — no chart label,0.895,-1.377,CAPMKTS,,,,,,,,,,,,,-545,-1.0,100% SL 10:10,0.9,1.37,0.32,0.32,0.48,0.89,TREND-DOWN
2026-09-28,M10,MOTHERSON,SELL,ENTRY SELL,290,09:20,560,163.45,,,0,0,scanner-table preview (90/290) — no chart label,0.895,-1.364,AUTO,,,,,,,,,,,,,287,0.52,OPEN,0.95,0.61,0.38,0.38,0.66,0.89,TREND-DOWN
2026-09-28,M10,MOTILALOFS,SELL,ENTRY SELL,290,09:20,560,1008.8,,,0,0,scanner-table preview (90/290) — no chart label,0.895,-1.963,CAPMKTS,,,,,,,,,,,,,-175,-0.15,OPEN,0.48,0.53,0.48,0.48,-0.28,0.89,TREND-DOWN
2026-09-28,M10,MUTHOOTFIN,SELL,ENTRY SELL,290,09:25,565,2779.9,,,0,0,scanner-table preview (90/290) — no chart label,0.895,-1.944,FIN,,,,,,,,,,,,,298,0.76,OPEN,0.86,0.8,0.39,0.39,0.72,0.89,TREND-DOWN
2026-09-28,M10,NAM-INDIA,SELL,ENTRY SELL,290,09:20,560,1120.0,,,0,0,scanner-table preview (90/290) — no chart label,0.895,-3.198,CAPMKTS,,,,,,,,,,,,,654,0.77,OPEN,0.84,0.21,0.08,0.08,2.33,0.89,TREND-DOWN
2026-09-28,M10,NATIONALUM,SELL,ENTRY SELL,290,09:20,560,346.3,,,0,0,scanner-table preview (90/290) — no chart label,0.895,-3.457,MET,,,,,,,,,,,,,-320,-0.32,OPEN,0.23,0.44,0.2,0.2,-0.78,0.89,TREND-DOWN
2026-09-28,M10,NBCC,SELL,ENTRY SELL,290,09:20,560,81.69,,,0,0,scanner-table preview (90/290) — no chart label,0.895,-1.412,PSE,,,,,,,,,,,,,337,1.11,100% trail 13:25,2.67,0.43,1.25,1.25,1.81,0.89,TREND-DOWN
2026-09-28,M10,NESTLEIND,SELL,ENTRY SELL,290,09:20,560,1346.7,,,0,0,scanner-table preview (90/290) — no chart label,0.895,-1.167,FMCG,,,,,,,,,,,,,-205,-1.0,100% SL 09:40,0.79,3.15,0.38,0.38,0.05,0.89,TREND-DOWN
2026-09-28,M10,NHPC,SELL,ENTRY SELL,290,09:20,560,75.28,,,0,0,scanner-table preview (90/290) — no chart label,0.895,-0.947,ENE,,,,,,,,,,,,,420,1.33,100% trail 14:55,1.66,0.33,0.26,0.28,1.04,0.89,TREND-DOWN
2026-09-28,M10,NMDC,SELL,ENTRY SELL,290,09:25,565,79.46,,,0,0,scanner-table preview (90/290) — no chart label,0.895,-0.551,MET,,,,,,,,,,,,,1235,1.5,OPEN,1.49,0.39,0.38,0.38,2.55,0.89,TREND-DOWN
2026-09-28,M10,NTPC,SELL,ENTRY SELL,290,09:20,560,324.25,,,0,0,scanner-table preview (90/290) — no chart label,0.895,-0.72,ENE,,,,,,,,,,,,,87,0.51,100% trail 11:35,1.82,0.29,0.56,1.22,0.97,0.89,TREND-DOWN
2026-09-28,M10,OBEROIRLTY,SELL,ENTRY SELL,290,09:25,565,1839.9,,,0,0,scanner-table preview (90/290) — no chart label,0.895,-1.001,REALTY,,,,,,,,,,,,,-98,-0.04,100% trail 10:40,1.7,1.44,1.4,1.4,0.54,0.89,TREND-DOWN
2026-09-28,M10,OIL,SELL,ENTRY SELL,290,09:20,560,468.0,,,0,0,scanner-table preview (90/290) — no chart label,0.895,-1.505,OIL,,,,,,,,,,,,,-42,0.0,OPEN,0.67,0.41,0.07,0.07,-0.0,0.89,TREND-DOWN
2026-09-28,M10,ONGC,SELL,ENTRY SELL,290,09:20,560,233.4,,,0,0,scanner-table preview (90/290) — no chart label,0.895,-1.043,OIL,,,,,,,,,,,,,193,0.61,100% trail 13:00,1.65,0.58,0.08,0.08,1.46,0.89,TREND-DOWN
2026-09-28,M10,PATANJALI,SELL,ENTRY SELL,290,09:20,560,396.2,,,0,0,scanner-table preview (90/290) — no chart label,0.895,-1.919,FMCG,,,,,,,,,,,,,638,0.95,OPEN,1.87,0.51,0.02,0.02,1.36,0.89,TREND-DOWN
2026-09-28,M10,PAYTM,SELL,ENTRY SELL,290,09:25,565,1641.2,,,0,0,scanner-table preview (90/290) — no chart label,0.895,-1.959,NEWAGE,,,,,,,,,,,,,-863,-1.0,100% SL 12:40,0.55,1.37,0.17,0.17,0.33,0.89,TREND-DOWN
2026-09-28,M10,PERSISTENT,SELL,ENTRY SELL,290,09:20,560,5322.0,,,0,0,scanner-table preview (90/290) — no chart label,0.895,-0.931,IT,,,,,,,,,,,,,-98,-0.12,OPEN,0.64,0.82,0.64,0.64,-0.12,0.89,TREND-DOWN
2026-09-28,M10,PFC,SELL,ENTRY SELL,290,09:20,560,334.95,,,0,0,scanner-table preview (90/290) — no chart label,0.895,-0.902,FIN,,,,,,,,,,,,,327,0.91,100% trail 11:30,1.91,0.08,1.14,1.6,1.48,0.89,TREND-DOWN
2026-09-28,M10,PHOENIXLTD,SELL,ENTRY SELL,290,09:25,565,1953.8,,,0,0,scanner-table preview (90/290) — no chart label,0.895,-1.243,REALTY,,,,,,,,,,,,,-1,0.1,OPEN,0.83,0.57,0.62,0.62,0.08,0.89,TREND-DOWN
2026-09-28,M10,PNB,SELL,ENTRY SELL,290,09:20,560,115.07,,,0,0,scanner-table preview (90/290) — no chart label,0.895,-1.312,PSUBK,,,,,,,,,,,,,572,1.13,100% trail 13:10,1.96,0.09,0.57,1.0,2.15,0.89,TREND-DOWN
2026-09-28,M10,PNBHOUSING,SELL,ENTRY SELL,290,09:20,560,1073.9,,,0,0,scanner-table preview (90/290) — no chart label,0.895,-1.918,FIN,,,,,,,,,,,,,-655,-1.0,100% SL 10:45,0.69,1.96,0.69,0.69,-1.03,0.89,TREND-DOWN
2026-09-28,M10,POLYCAB,SELL,ENTRY SELL,290,09:20,560,8337.0,,,0,0,scanner-table preview (90/290) — no chart label,0.895,-0.85,CAPGOODS,,,,,,,,,,,,,509,2.13,100% trail 11:45,2.87,0.5,1.13,1.92,1.75,0.89,TREND-DOWN
2026-09-28,M10,POWERGRID,SELL,ENTRY SELL,290,09:20,560,266.55,,,0,0,scanner-table preview (90/290) — no chart label,0.895,-1.095,ENE,,,,,,,,,,,,,837,1.71,OPEN,1.71,0.27,0.29,0.53,1.76,0.89,TREND-DOWN
2026-09-28,M10,PREMIERENE,SELL,ENTRY SELL,290,09:20,560,887.4,,,0,0,scanner-table preview (90/290) — no chart label,0.895,-1.004,GREEN,,,,,,,,,,,,,-721,-1.03,100% SL 11:30,0.4,2.27,0.4,0.4,-2.1,0.89,TREND-DOWN
2026-09-28,M10,PRESTIGE,SELL,ENTRY SELL,290,09:20,560,1449.5,,,0,0,scanner-table preview (90/290) — no chart label,0.895,-1.915,REALTY,,,,,,,,,,,,,-417,-1.0,100% trail 10:35,1.25,2.2,1.25,1.25,-1.47,0.89,TREND-DOWN
2026-09-28,M10,RBLBANK,SELL,ENTRY SELL,290,09:25,565,408.4,,,0,0,scanner-table preview (90/290) — no chart label,0.895,-1.602,BANK,,,,,,,,,,,,,129,0.27,OPEN,0.75,0.62,0.75,0.75,0.34,0.89,TREND-DOWN
2026-09-28,M10,RECLTD,SELL,ENTRY SELL,290,09:20,560,308.7,,,0,0,scanner-table preview (90/290) — no chart label,0.895,-1.358,FIN,,,,,,,,,,,,,72,0.44,100% trail 11:25,2.41,0.49,1.11,1.79,1.77,0.89,TREND-DOWN
2026-09-28,M10,RELIANCE,SELL,ENTRY SELL,290,09:20,560,1214.0,,,0,0,scanner-table preview (90/290) — no chart label,0.895,-0.979,ENE,,,,,,,,,,,,,630,2.76,OPEN,2.79,0.29,0.96,0.96,1.35,0.89,TREND-DOWN
2026-09-28,M10,RVNL,SELL,ENTRY SELL,290,09:20,560,204.52,,,0,0,scanner-table preview (90/290) — no chart label,0.895,-1.198,RAILWAYS,,,,,,,,,,,,,212,0.77,100% trail 14:45,1.39,0.75,0.91,0.91,0.87,0.89,TREND-DOWN
2026-09-28,M10,SAIL,SELL,ENTRY SELL,290,09:25,565,183.59,,,0,0,scanner-table preview (90/290) — no chart label,0.895,-0.762,MET,,,,,,,,,,,,,-719,-1.0,100% SL 14:05,0.36,1.94,0.36,0.36,-0.33,0.89,TREND-DOWN
2026-09-28,M10,SBIN,SELL,ENTRY SELL,290,09:20,560,974.1,,,0,0,scanner-table preview (90/290) — no chart label,0.895,-0.905,PSUBK,,,,,,,,,,,,,326,1.14,100% trail 10:45,2.54,0.14,1.11,1.44,1.24,0.89,TREND-DOWN
2026-09-28,M10,SHRIRAMFIN,SELL,ENTRY SELL,290,09:25,565,978.9,,,0,0,scanner-table preview (90/290) — no chart label,0.895,-1.529,FIN,,,,,,,,,,,,,91,0.21,OPEN,0.7,0.46,0.27,0.27,0.27,0.89,TREND-DOWN
2026-09-28,M10,SIEMENS,SELL,ENTRY SELL,290,09:20,560,3814.4,,,0,0,scanner-table preview (90/290) — no chart label,0.895,-1.615,CAPGOODS,,,,,,,,,,,,,334,0.59,OPEN,0.87,0.32,0.46,0.46,0.76,0.89,TREND-DOWN
2026-09-28,M10,SONACOMS,SELL,ENTRY SELL,290,09:20,560,811.1,,,0,0,scanner-table preview (90/290) — no chart label,0.895,-1.625,AUTO,,,,,,,,,,,,,-891,-1.0,100% SL 11:45,0.35,1.23,0.26,0.26,0.39,0.89,TREND-DOWN
2026-09-28,M10,TATAELXSI,SELL,ENTRY SELL,290,09:20,560,3182.7,,,0,0,scanner-table preview (90/290) — no chart label,0.895,-0.132,IT,,,,,,,,,,,,,216,1.04,100% trail 09:45,1.09,1.55,1.09,1.09,-0.26,0.89,TREND-DOWN
2026-09-28,M10,TATAPOWER,SELL,ENTRY SELL,290,09:20,560,363.25,,,0,0,scanner-table preview (90/290) — no chart label,0.895,-1.156,ENE,,,,,,,,,,,,,143,0.48,OPEN,1.12,0.43,0.59,0.59,0.37,0.89,TREND-DOWN
2026-09-28,M10,TATASTEEL,SELL,ENTRY SELL,290,09:20,560,186.8,,,0,0,scanner-table preview (90/290) — no chart label,0.895,-0.622,MET,,,,,,,,,,,,,91,0.28,OPEN,0.81,0.93,0.55,0.55,0.27,0.89,TREND-DOWN
2026-09-28,M10,TECHM,SELL,ENTRY SELL,290,09:25,565,1543.5,,,0,0,scanner-table preview (90/290) — no chart label,0.895,-0.291,IT,,,,,,,,,,,,,153,0.54,100% trail 11:30,1.21,0.62,0.59,1.12,0.08,0.89,TREND-DOWN
2026-09-28,M10,TIINDIA,SELL,ENTRY SELL,290,09:20,560,2492.8,,,0,0,scanner-table preview (90/290) — no chart label,0.895,-0.729,AUTO,,,,,,,,,,,,,-464,-1.0,100% SL 09:55,2.6,1.38,0.11,0.11,1.36,0.89,TREND-DOWN
2026-09-28,M10,TITAN,SELL,ENTRY SELL,290,09:25,565,4827.0,,,0,0,scanner-table preview (90/290) — no chart label,0.895,-1.167,CDUR,,,,,,,,,,,,,34,0.14,OPEN,0.32,0.24,0.23,0.23,0.16,0.89,TREND-DOWN
2026-09-28,M10,TMPV,SELL,ENTRY SELL,290,09:20,560,288.3,,,0,0,scanner-table preview (90/290) — no chart label,0.895,-0.74,AUTO,,,,,,,,,,,,,405,1.03,100% trail 10:55,2.83,0.25,0.83,1.38,2.27,0.89,TREND-DOWN
2026-09-28,M10,TORNTPHARM,SELL,ENTRY SELL,290,09:20,560,4938.0,,,0,0,scanner-table preview (90/290) — no chart label,0.895,-1.012,PHA,,,,,,,,,,,,,328,0.85,100% trail 14:10,1.7,0.18,0.49,0.84,1.4,0.89,TREND-DOWN
2026-09-28,M10,UNIONBANK,SELL,ENTRY SELL,290,09:20,560,177.15,,,0,0,scanner-table preview (90/290) — no chart label,0.895,-1.693,PSUBK,,,,,,,,,,,,,625,1.8,100% trail 11:20,3.87,0.08,1.6,2.22,3.05,0.89,TREND-DOWN
2026-09-28,M10,UNITDSPR,SELL,ENTRY SELL,290,09:20,560,1409.7,,,0,0,scanner-table preview (90/290) — no chart label,0.895,-0.99,FMCG,,,,,,,,,,,,,-321,-1.0,100% SL 10:15,0.55,1.54,0.55,0.55,-0.4,0.89,TREND-DOWN
2026-09-28,M10,VBL,SELL,ENTRY SELL,290,09:20,560,427.8,,,0,0,scanner-table preview (90/290) — no chart label,0.895,-1.61,FMCG,,,,,,,,,,,,,-297,-0.44,OPEN,0.31,0.63,0.31,0.31,-0.51,0.89,TREND-DOWN
2026-09-28,M10,VEDL,SELL,ENTRY SELL,290,09:20,560,259.5,,,0,0,scanner-table preview (90/290) — no chart label,0.895,-2.572,MET,,,,,,,,,,,,,54,0.11,OPEN,0.27,0.64,0.27,0.27,0.19,0.89,TREND-DOWN
2026-09-28,M10,VMM,SELL,ENTRY SELL,290,09:20,560,102.95,,,0,0,scanner-table preview (90/290) — no chart label,0.895,-0.531,CONSUMPTION,,,,,,,,,,,,,996,2.58,OPEN,2.95,0.18,0.66,0.66,2.08,0.89,TREND-DOWN
2026-09-28,M10,WAAREEENER,SELL,ENTRY SELL,290,09:20,560,2484.6,,,0,0,scanner-table preview (90/290) — no chart label,0.895,-0.417,GREEN,,,,,,,,,,,,,133,0.57,100% trail 10:10,2.36,0.44,1.07,1.07,1.19,0.89,TREND-DOWN
2026-09-28,M10,WIPRO,SELL,ENTRY SELL,290,09:20,560,163.15,,,0,0,scanner-table preview (90/290) — no chart label,0.895,-0.53,IT,,,,,,,,,,,,,334,1.1,100% trail 11:35,1.72,0.49,1.19,1.43,0.97,0.89,TREND-DOWN
2026-09-28,M10,YESBANK,SELL,ENTRY SELL,290,09:20,560,21.74,,,0,0,scanner-table preview (90/290) — no chart label,0.895,-3.378,BANK,,,,,,,,,,,,,834,0.96,OPEN,1.07,0.12,0.33,0.33,2.58,0.89,TREND-DOWN
2026-09-28,M10,360ONE,SELL,SELL-EX3,203,09:30,570,1051.9,,,0,0,not a whitelisted SELL setup — Coach-v2 (w1: EX1/EX2/EX3/EX15/NORMAL −R),0.895,-1.966,CAPMKTS,,,,,,,,,,,,,234,0.3,OPEN,0.37,0.4,0.04,0.04,0.66,0.89,TREND-DOWN
2026-09-28,M10,ABB,SELL,SELL-EX5,205,09:30,570,6933.0,,,0,0,not a whitelisted SELL setup — Coach-v2 (w1: EX1/EX2/EX3/EX15/NORMAL −R),0.895,-1.694,CAPGOODS,,,,,,,,,,,,,-317,-0.41,OPEN,0.23,0.65,0.23,0.23,-0.57,0.89,TREND-DOWN
2026-09-28,M10,ABCAPITAL,SELL,SELL-EX3,203,09:30,570,381.7,,,0,0,not a whitelisted SELL setup — Coach-v2 (w1: EX1/EX2/EX3/EX15/NORMAL −R),0.895,-2.128,FIN,,,,,,,,,,,,,-168,-0.14,OPEN,0.13,0.39,0.13,0.13,-0.26,0.89,TREND-DOWN
2026-09-28,M10,ADANIENSOL,SELL,SELL-EX1,201,10:20,620,1311.5,,,0,0,not a whitelisted SELL setup — Coach-v2 (w1: EX1/EX2/EX3/EX15/NORMAL −R),0.895,-2.017,ENE,,,,,,,,,,,,,855,2.1,OPEN,2.47,0.49,0.48,0.76,1.8,0.89,TREND-DOWN
2026-09-28,M10,ADANIENT,SELL,SELL-EX1,201,10:20,620,2846.6,,,0,0,not a whitelisted SELL setup — Coach-v2 (w1: EX1/EX2/EX3/EX15/NORMAL −R),0.895,-2.397,INFRA,,,,,,,,,,,,,222,0.5,OPEN,1.13,0.52,0.2,0.41,0.54,0.89,TREND-DOWN
2026-09-28,M10,ADANIGREEN,SELL,SELL-EX1,201,10:05,605,1276.7,,,0,0,not a whitelisted SELL setup — Coach-v2 (w1: EX1/EX2/EX3/EX15/NORMAL −R),0.895,-1.535,GREEN,,,,,,,,,,,,,1449,2.88,100% trail 14:45,3.72,0.33,2.17,2.42,3.27,0.89,TREND-DOWN
2026-09-28,M10,ADANIPORTS,SELL,SELL-EX3,203,09:30,570,1770.0,,,0,0,not a whitelisted SELL setup — Coach-v2 (w1: EX1/EX2/EX3/EX15/NORMAL −R),0.895,-1.007,LOGISTICS,,,,,,,,,,,,,712,1.29,100% trail 13:35,1.5,0.23,0.19,0.51,1.49,0.89,TREND-DOWN
2026-09-28,M10,ADANIPOWER,SELL,SELL-EX1,201,10:05,605,200.15,,,0,0,not a whitelisted SELL setup — Coach-v2 (w1: EX1/EX2/EX3/EX15/NORMAL −R),0.895,-1.282,ENE,,,,,,,,,,,,,956,1.19,OPEN,1.41,0.15,0.54,0.58,2.0,0.89,TREND-DOWN
2026-09-28,M10,ALKEM,SELL,SELL-EX5,205,10:05,605,5219.0,,,0,0,not a whitelisted SELL setup — Coach-v2 (w1: EX1/EX2/EX3/EX15/NORMAL −R),0.895,-1.043,PHA,,,,,,,,,,,,,356,1.16,OPEN,2.16,0.68,0.96,0.96,0.84,0.89,TREND-DOWN
2026-09-28,M10,AMBER,SELL,NORMAL SELL,280,10:25,625,6896.0,,,0,0,not a whitelisted SELL setup — Coach-v2 (w1: EX1/EX2/EX3/EX15/NORMAL −R),0.895,-0.92,CDUR,,,,,,,,,,,,,-501,-1.0,100% SL 11:00,0.25,2.4,0.25,0.25,-1.36,0.89,TREND-DOWN
2026-09-28,M10,AMBUJACEM,SELL,SELL-EX3,203,09:30,570,378.7,,,0,0,not a whitelisted SELL setup — Coach-v2 (w1: EX1/EX2/EX3/EX15/NORMAL −R),0.895,-1.329,CEMENT,,,,,,,,,,,,,532,0.84,OPEN,0.91,0.35,0.33,0.33,1.15,0.89,TREND-DOWN
2026-09-28,M10,ANGELONE,SELL,SELL-EX3,203,09:30,570,278.4,,,0,0,not a whitelisted SELL setup — Coach-v2 (w1: EX1/EX2/EX3/EX15/NORMAL −R),0.895,-3.333,CAPMKTS,,,,,,,,,,,,,-142,-0.12,OPEN,0.05,0.51,0.02,0.02,-0.29,0.89,TREND-DOWN
2026-09-28,M10,APLAPOLLO,SELL,SELL-EX8,208,09:40,580,2188.3,,,0,0,not a whitelisted SELL setup — Coach-v2 (w1: EX1/EX2/EX3/EX15/NORMAL −R),0.895,-1.192,MET,,,,,,,,,,,,,-232,-0.4,OPEN,0.59,0.53,-0.0,0.29,-0.4,0.89,TREND-DOWN
2026-09-28,M10,APOLLOHOSP,BUY,BUY-EX6,105,10:00,600,8898.0,,,0,0,BEAR tape (adv ≤45%) — BUY side blocked (v2.1 alignment),0.895,0.101,HOSPITALS,,,,,,,,,,,,,-218,-0.4,OPEN,0.05,0.65,0.05,0.05,-0.43,0.89,TREND-DOWN
2026-09-28,M10,ASIANPAINT,SELL,SELL-EX1,201,09:35,575,2417.0,,,0,0,not a whitelisted SELL setup — Coach-v2 (w1: EX1/EX2/EX3/EX15/NORMAL −R),0.895,-1.105,CHEMICALS,,,,,,,,,,,,,-101,-0.15,OPEN,0.13,0.71,0.04,0.04,-0.12,0.89,TREND-DOWN
2026-09-28,M10,AUBANK,SELL,SELL-EX8,208,09:30,570,1002.4,,,0,0,not a whitelisted SELL setup — Coach-v2 (w1: EX1/EX2/EX3/EX15/NORMAL −R),0.895,-1.532,BANK,,,,,,,,,,,,,307,0.7,OPEN,0.7,0.09,0.41,0.47,0.71,0.89,TREND-DOWN
2026-09-28,M10,AUROPHARMA,SELL,NORMAL SELL,280,10:05,605,1694.0,,,0,0,not a whitelisted SELL setup — Coach-v2 (w1: EX1/EX2/EX3/EX15/NORMAL −R),0.895,-1.051,PHA,,,,,,,,,,,,,-143,-0.31,OPEN,0.62,0.89,0.62,0.62,-0.21,0.89,TREND-DOWN
2026-09-28,M10,AXISBANK,SELL,ENTRY SELL,290,09:35,575,1210.1,,,0,0,scanner-table preview (90/290) — no chart label,0.895,-1.006,BANK,,,,,,,,,,,,,-34,0.03,OPEN,0.67,0.54,0.26,0.26,0.02,0.89,TREND-DOWN
2026-09-28,M10,BAJAJ-AUTO,SELL,SELL-EX3,203,09:35,575,11145.0,,,0,0,not a whitelisted SELL setup — Coach-v2 (w1: EX1/EX2/EX3/EX15/NORMAL −R),0.895,-1.206,AUTO,,,,,,,,,,,,,253,0.74,100% trail 13:30,1.7,0.27,0.29,0.4,1.09,0.89,TREND-DOWN
2026-09-28,M10,BAJAJFINSV,SELL,SELL-EX3,203,09:30,570,1743.0,,,0,0,not a whitelisted SELL setup — Coach-v2 (w1: EX1/EX2/EX3/EX15/NORMAL −R),0.895,-1.581,FIN,,,,,,,,,,,,,-293,-0.34,OPEN,0.13,0.65,0.13,0.13,-0.52,0.89,TREND-DOWN
2026-09-28,M10,BAJAJFINSV,SELL,ENTRY SELL,290,09:35,575,1741.0,,,0,0,scanner-table preview (90/290) — no chart label,0.895,-1.694,FIN,,,,,,,,,,,,,-349,-0.39,OPEN,0.05,0.67,0.05,0.05,-0.63,0.89,TREND-DOWN
2026-09-28,M10,BANDHANBNK,SELL,SELL-EX1,201,09:35,575,184.24,,,0,0,not a whitelisted SELL setup — Coach-v2 (w1: EX1/EX2/EX3/EX15/NORMAL −R),0.895,-1.843,BANK,,,,,,,,,,,,,836,1.27,OPEN,1.43,0.68,0.07,0.15,1.76,0.89,TREND-DOWN
2026-09-28,M10,BANKBARODA,SELL,SELL-EX3,203,09:30,570,232.03,,,0,0,not a whitelisted SELL setup — Coach-v2 (w1: EX1/EX2/EX3/EX15/NORMAL −R),0.895,-1.373,PSUBK,,,,,,,,,,,,,520,0.96,100% trail 13:40,1.53,0.12,0.2,0.45,1.95,0.89,TREND-DOWN
2026-09-28,M10,BANKINDIA,SELL,SELL-EX3,203,09:30,570,134.63,,,0,0,not a whitelisted SELL setup — Coach-v2 (w1: EX1/EX2/EX3/EX15/NORMAL −R),0.895,-2.4,PSUBK,,,,,,,,,,,,,1535,1.75,OPEN,1.95,0.21,0.35,0.67,3.45,0.89,TREND-DOWN
2026-09-28,M10,BDL,SELL,SELL-EX3,203,09:35,575,1121.6,,,0,0,not a whitelisted SELL setup — Coach-v2 (w1: EX1/EX2/EX3/EX15/NORMAL −R),0.895,-1.614,DEF,,,,,,,,,,,,,248,0.38,OPEN,0.58,0.47,0.14,0.14,0.59,0.89,TREND-DOWN
2026-09-28,M10,BEL,SELL,SELL-EX1,201,10:25,625,386.8,,,0,0,not a whitelisted SELL setup — Coach-v2 (w1: EX1/EX2/EX3/EX15/NORMAL −R),0.895,-1.715,DEF,,,,,,,,,,,,,126,0.2,OPEN,0.42,0.2,0.22,0.38,0.34,0.89,TREND-DOWN
2026-09-28,M10,BHARATFORG,SELL,SELL-EX1,201,10:15,615,1980.9,,,0,0,not a whitelisted SELL setup — Coach-v2 (w1: EX1/EX2/EX3/EX15/NORMAL −R),0.895,-1.35,AUTO,,,,,,,,,,,,,113,0.81,100% trail 13:10,2.98,0.36,0.17,0.8,1.21,0.89,TREND-DOWN
2026-09-28,M10,BHARTIARTL,SELL,ENTRY SELL,290,09:35,575,1765.4,,,0,0,scanner-table preview (90/290) — no chart label,0.895,-1.12,TELECOM,,,,,,,,,,,,,-369,-1.0,100% SL 11:10,0.17,1.88,0.17,0.17,-0.34,0.89,TREND-DOWN
2026-09-28,M10,BIOCON,SELL,SELL-EX5,205,09:30,570,376.15,,,0,0,not a whitelisted SELL setup — Coach-v2 (w1: EX1/EX2/EX3/EX15/NORMAL −R),0.895,-1.57,PHA,,,,,,,,,,,,,123,0.25,OPEN,0.38,0.7,0.21,0.21,0.33,0.89,TREND-DOWN
2026-09-28,M10,BOSCHLTD,SELL,SELL-EX1,201,10:15,615,47440.0,,,0,0,not a whitelisted SELL setup — Coach-v2 (w1: EX1/EX2/EX3/EX15/NORMAL −R),0.895,-1.679,AUTO,,,,,,,,,,,,,380,0.74,OPEN,0.93,0.28,0.3,0.4,0.89,0.89,TREND-DOWN
2026-09-28,M10,BPCL,SELL,SELL-EX3,203,09:30,570,304.35,,,0,0,not a whitelisted SELL setup — Coach-v2 (w1: EX1/EX2/EX3/EX15/NORMAL −R),0.895,-1.345,OIL,,,,,,,,,,,,,302,0.6,OPEN,0.95,0.63,0.33,0.33,0.69,0.89,TREND-DOWN
2026-09-28,M10,BRITANNIA,SELL,ENTRY SELL,290,09:35,575,4880.5,,,0,0,scanner-table preview (90/290) — no chart label,0.895,-1.154,FMCG,,,,,,,,,,,,,-386,-0.7,OPEN,0.23,0.7,0.06,0.11,-0.71,0.89,TREND-DOWN
2026-09-28,M10,BSE,SELL,SELL-EX1,201,09:30,570,3121.5,,,0,0,not a whitelisted SELL setup — Coach-v2 (w1: EX1/EX2/EX3/EX15/NORMAL −R),0.895,-2.193,CAPMKTS,,,,,,,,,,,,,321,0.42,OPEN,0.8,0.91,0.17,0.17,0.77,0.89,TREND-DOWN
2026-09-28,M10,CAMS,SELL,SELL-EX6,206,09:35,575,700.05,,,0,0,not a whitelisted SELL setup — Coach-v2 (w1: EX1/EX2/EX3/EX15/NORMAL −R),0.895,-1.032,CAPMKTS,,,,,,,,,,,,,562,1.16,OPEN,1.31,0.44,0.41,0.41,1.21,0.89,TREND-DOWN
2026-09-28,M10,CANBK,SELL,SELL-EX3,203,09:30,570,122.68,,,0,0,not a whitelisted SELL setup — Coach-v2 (w1: EX1/EX2/EX3/EX15/NORMAL −R),0.895,-1.848,PSUBK,,,,,,,,,,,,,784,1.23,OPEN,1.46,0.2,0.23,0.65,1.65,0.89,TREND-DOWN
2026-09-28,M10,CDSL,SELL,SELL-EX3,203,09:30,570,1301.9,,,0,0,not a whitelisted SELL setup — Coach-v2 (w1: EX1/EX2/EX3/EX15/NORMAL −R),0.895,-1.222,CAPMKTS,,,,,,,,,,,,,448,0.84,OPEN,1.0,0.44,0.49,0.49,0.99,0.89,TREND-DOWN
2026-09-28,M10,CGPOWER,SELL,SELL-EX3,203,09:30,570,870.2,,,0,0,not a whitelisted SELL setup — Coach-v2 (w1: EX1/EX2/EX3/EX15/NORMAL −R),0.895,-1.783,CAPGOODS,,,,,,,,,,,,,254,0.41,OPEN,0.5,0.66,0.05,0.05,0.6,0.89,TREND-DOWN
2026-09-28,M10,CHOLAFIN,SELL,SELL-EX3,203,09:30,570,1623.6,,,0,0,not a whitelisted SELL setup — Coach-v2 (w1: EX1/EX2/EX3/EX15/NORMAL −R),0.895,-2.352,FIN,,,,,,,,,,,,,-287,-0.29,OPEN,0.07,0.52,0.07,0.07,-0.65,0.89,TREND-DOWN
2026-09-28,M10,CIPLA,SELL,NORMAL SELL,280,09:45,585,1391.0,,,0,0,not a whitelisted SELL setup — Coach-v2 (w1: EX1/EX2/EX3/EX15/NORMAL −R),0.895,-0.622,PHA,,,,,,,,,,,,,215,0.81,OPEN,0.89,0.4,0.56,0.77,0.52,0.89,TREND-DOWN
2026-09-28,M10,COCHINSHIP,SELL,ENTRY SELL,290,09:30,570,1354.3,,,0,0,scanner-table preview (90/290) — no chart label,0.895,-1.649,DEF,,,,,,,,,,,,,870,1.46,OPEN,1.55,0.26,0.18,0.23,1.87,0.89,TREND-DOWN
2026-09-28,M10,COCHINSHIP,SELL,NORMAL SELL,280,10:25,625,1351.3,,,0,0,not a whitelisted SELL setup — Coach-v2 (w1: EX1/EX2/EX3/EX15/NORMAL −R),0.895,-1.866,DEF,,,,,,,,,,,,,783,2.83,OPEN,3.05,0.64,0.15,0.42,1.65,0.89,TREND-DOWN
2026-09-28,M10,COLPAL,SELL,SELL-EX8,208,09:30,570,1836.6,,,0,0,not a whitelisted SELL setup — Coach-v2 (w1: EX1/EX2/EX3/EX15/NORMAL −R),0.895,-1.035,FMCG,,,,,,,,,,,,,-514,-1.0,100% SL 12:00,0.61,1.35,0.11,0.11,-0.51,0.89,TREND-DOWN
2026-09-28,M10,CONCOR,SELL,SELL-EX5,205,09:30,570,456.0,,,0,0,not a whitelisted SELL setup — Coach-v2 (w1: EX1/EX2/EX3/EX15/NORMAL −R),0.895,-1.192,LOGISTICS,,,,,,,,,,,,,137,0.46,100% trail 12:25,1.45,0.2,0.51,0.51,1.32,0.89,TREND-DOWN
2026-09-28,M10,CROMPTON,SELL,SELL-EX3,203,09:30,570,214.99,,,0,0,not a whitelisted SELL setup — Coach-v2 (w1: EX1/EX2/EX3/EX15/NORMAL −R),0.895,-1.651,CDUR,,,,,,,,,,,,,-983,-1.0,100% SL 11:40,0.12,1.57,0.12,0.12,-1.77,0.89,TREND-DOWN
2026-09-28,M10,CUMMINSIND,SELL,SELL-EX1,201,10:15,615,4868.0,,,0,0,not a whitelisted SELL setup — Coach-v2 (w1: EX1/EX2/EX3/EX15/NORMAL −R),0.895,-1.557,CAPGOODS,,,,,,,,,,,,,214,1.31,100% trail 15:10,2.07,0.76,0.57,0.57,0.27,0.89,TREND-DOWN
2026-09-28,M10,DABUR,SELL,SELL-EX1,201,09:35,575,382.55,,,0,0,not a whitelisted SELL setup — Coach-v2 (w1: EX1/EX2/EX3/EX15/NORMAL −R),0.895,-0.791,FMCG,,,,,,,,,,,,,-325,-1.0,100% SL 09:45,0.3,2.02,0.3,0.3,-0.84,0.89,TREND-DOWN
2026-09-28,M10,DALBHARAT,SELL,SELL-EX5,205,09:35,575,1679.1,,,0,0,not a whitelisted SELL setup — Coach-v2 (w1: EX1/EX2/EX3/EX15/NORMAL −R),0.895,-0.645,CEMENT,,,,,,,,,,,,,261,0.61,100% trail 13:15,1.47,0.69,0.0,1.32,1.37,0.89,TREND-DOWN
2026-09-28,M10,DELHIVERY,SELL,SELL-EX3,203,09:30,570,414.05,,,0,0,not a whitelisted SELL setup — Coach-v2 (w1: EX1/EX2/EX3/EX15/NORMAL −R),0.895,-2.046,LOGISTICS,,,,,,,,,,,,,671,0.9,100% trail 15:05,1.28,0.27,0.5,0.71,1.58,0.89,TREND-DOWN
2026-09-28,M10,DIXON,SELL,ENTRY SELL,290,09:30,570,13251.0,,,0,0,scanner-table preview (90/290) — no chart label,0.895,-1.038,CDUR,,,,,,,,,,,,,-336,-1.0,100% SL 09:50,0.15,5.81,0.15,0.15,-2.94,0.89,TREND-DOWN
2026-09-28,M10,DLF,SELL,SELL-EX3,203,09:30,570,666.55,,,0,0,not a whitelisted SELL setup — Coach-v2 (w1: EX1/EX2/EX3/EX15/NORMAL −R),0.895,-2.408,REALTY,,,,,,,,,,,,,183,0.33,OPEN,0.33,0.59,0.21,0.21,0.45,0.89,TREND-DOWN
2026-09-28,M10,DRREDDY,BUY,BUY-EX,101,09:50,590,1218.8,,,0,0,BEAR tape (adv ≤45%) — BUY side blocked (v2.1 alignment),0.895,1.482,PHA,,,,,,,,,,,,,59,0.16,OPEN,0.78,0.48,0.14,0.14,0.18,0.89,TREND-DOWN
2026-09-28,M10,EICHERMOT,SELL,SELL-EX3,203,09:30,570,7279.5,,,0,0,not a whitelisted SELL setup — Coach-v2 (w1: EX1/EX2/EX3/EX15/NORMAL −R),0.895,-1.094,AUTO,,,,,,,,,,,,,157,1.02,100% trail 12:50,2.35,0.31,0.29,1.0,0.91,0.89,TREND-DOWN
2026-09-28,M10,ETERNAL,SELL,ENTRY SELL,290,09:35,575,331.15,,,0,0,scanner-table preview (90/290) — no chart label,0.895,-1.149,NEWAGE,,,,,,,,,,,,,-12,0.05,OPEN,0.6,0.43,0.15,0.15,0.06,0.89,TREND-DOWN
2026-09-28,M10,EXIDEIND,SELL,SELL-EX3,203,09:35,575,417.0,,,0,0,not a whitelisted SELL setup — Coach-v2 (w1: EX1/EX2/EX3/EX15/NORMAL −R),0.895,-1.57,AUTO,,,,,,,,,,,,,571,0.95,100% EOD 15:20,1.06,0.56,0.11,0.11,1.34,0.89,TREND-DOWN
2026-09-28,M10,FORCEMOT,BUY,BUY-EX6,105,10:00,600,17327.0,,,0,0,BEAR tape (adv ≤45%) — BUY side blocked (v2.1 alignment),0.895,-0.351,AUTO,,,,,,,,,,,,,-482,-1.0,100% SL 11:10,0.12,1.34,0.12,0.12,-1.31,0.89,TREND-DOWN
2026-09-28,M10,FORTIS,SELL,SELL-EX1,201,10:15,615,819.65,,,0,0,open position already on stock (1-open-trade rule),0.895,-2.172,HOSPITALS,,,,,,,,,,,,,-642,-1.0,100% SL 13:15,0.24,1.76,0.24,0.24,-1.35,0.89,TREND-DOWN
2026-09-28,M10,GAIL,SELL,SELL-EX2,202,10:20,620,171.56,,,0,0,not a whitelisted SELL setup — Coach-v2 (w1: EX1/EX2/EX3/EX15/NORMAL −R),0.895,-0.66,OIL,,,,,,,,,,,,,-301,-0.29,OPEN,0.17,0.39,0.17,0.17,-0.52,0.89,TREND-DOWN
2026-09-28,M10,GMRAIRPORT,SELL,SELL-EX3,203,09:30,570,96.19,,,0,0,not a whitelisted SELL setup — Coach-v2 (w1: EX1/EX2/EX3/EX15/NORMAL −R),0.895,-1.797,INFRA,,,,,,,,,,,,,811,1.52,100% trail 14:55,1.87,0.46,0.13,0.13,1.5,0.89,TREND-DOWN
2026-09-28,M10,GODREJCP,SELL,SELL-EX3,203,09:30,570,862.65,,,0,0,not a whitelisted SELL setup — Coach-v2 (w1: EX1/EX2/EX3/EX15/NORMAL −R),0.895,-1.972,FMCG,,,,,,,,,,,,,-346,-0.41,OPEN,0.23,0.6,0.13,0.17,-0.62,0.89,TREND-DOWN
2026-09-28,M10,GODREJPROP,SELL,SELL-EX1,201,09:30,570,1679.2,,,0,0,not a whitelisted SELL setup — Coach-v2 (w1: EX1/EX2/EX3/EX15/NORMAL −R),0.895,-1.229,REALTY,,,,,,,,,,,,,232,0.45,OPEN,0.59,0.51,0.14,0.28,0.56,0.89,TREND-DOWN
2026-09-28,M10,GRASIM,SELL,SELL-EX1,201,10:20,620,3147.1,,,0,0,not a whitelisted SELL setup — Coach-v2 (w1: EX1/EX2/EX3/EX15/NORMAL −R),0.895,-1.376,CEMENT,,,,,,,,,,,,,-84,-0.2,OPEN,0.63,0.71,0.49,0.49,-0.09,0.89,TREND-DOWN
2026-09-28,M10,GVT&D,SELL,SELL-EX3,203,09:35,575,4220.7,,,0,0,not a whitelisted SELL setup — Coach-v2 (w1: EX1/EX2/EX3/EX15/NORMAL −R),0.895,-1.386,CAPGOODS,,,,,,,,,,,,,156,0.29,OPEN,0.72,0.46,0.04,0.04,0.42,0.89,TREND-DOWN
2026-09-28,M10,HAL,SELL,SELL-EX3,203,09:30,570,4725.0,,,0,0,not a whitelisted SELL setup — Coach-v2 (w1: EX1/EX2/EX3/EX15/NORMAL −R),0.895,-1.562,DEF,,,,,,,,,,,,,-547,-1.0,100% SL 10:00,0.09,1.15,0.07,0.07,-0.28,0.89,TREND-DOWN
2026-09-28,M10,HAVELLS,SELL,SELL-EX3,203,09:30,570,1082.7,,,0,0,not a whitelisted SELL setup — Coach-v2 (w1: EX1/EX2/EX3/EX15/NORMAL −R),0.895,-1.259,CDUR,,,,,,,,,,,,,-148,-0.18,OPEN,0.63,0.4,0.12,0.34,-0.21,0.89,TREND-DOWN
2026-09-28,M10,HCLTECH,SELL,ENTRY SELL,290,09:40,580,1251.6,,,0,0,scanner-table preview (90/290) — no chart label,0.895,-0.509,IT,,,,,,,,,,,,,-521,-1.0,100% SL 14:05,0.88,1.36,0.28,0.28,-0.08,0.89,TREND-DOWN
2026-09-28,M10,HDFCAMC,SELL,SELL-EX1,201,10:15,615,2322.1,,,0,0,not a whitelisted SELL setup — Coach-v2 (w1: EX1/EX2/EX3/EX15/NORMAL −R),0.895,-2.351,CAPMKTS,,,,,,,,,,,,,375,0.85,OPEN,0.92,0.3,0.37,0.41,0.85,0.89,TREND-DOWN
2026-09-28,M10,HDFCLIFE,SELL,ENTRY SELL,290,09:30,570,530.05,,,0,0,scanner-table preview (90/290) — no chart label,0.895,-0.179,INSURANCE,,,,,,,,,,,,,60,0.57,100% trail 10:45,1.47,1.61,0.58,0.96,-0.29,0.89,TREND-DOWN
2026-09-28,M10,HINDPETRO,SELL,SELL-EX3,203,09:30,570,345.95,,,0,0,not a whitelisted SELL setup — Coach-v2 (w1: EX1/EX2/EX3/EX15/NORMAL −R),0.895,-1.439,OIL,,,,,,,,,,,,,462,1.48,OPEN,2.13,0.57,0.65,0.65,1.01,0.89,TREND-DOWN
2026-09-28,M10,HINDUNILVR,SELL,SELL-EX3,203,09:30,570,1910.1,,,0,0,not a whitelisted SELL setup — Coach-v2 (w1: EX1/EX2/EX3/EX15/NORMAL −R),0.895,-1.688,FMCG,,,,,,,,,,,,,325,0.6,OPEN,0.69,0.28,0.1,0.1,0.74,0.89,TREND-DOWN
2026-09-28,M10,HYUNDAI,SELL,SELL-EX8,208,09:30,570,2083.2,,,0,0,not a whitelisted SELL setup — Coach-v2 (w1: EX1/EX2/EX3/EX15/NORMAL −R),0.895,-1.504,AUTO,,,,,,,,,,,,,611,0.99,100% trail 14:05,1.45,0.33,0.14,0.38,1.56,0.89,TREND-DOWN
2026-09-28,M10,ICICIBANK,SELL,SELL-EX3,203,09:30,570,1309.8,,,0,0,not a whitelisted SELL setup — Coach-v2 (w1: EX1/EX2/EX3/EX15/NORMAL −R),0.895,-1.281,BANK,,,,,,,,,,,,,254,0.63,OPEN,0.78,0.22,0.69,0.71,0.6,0.89,TREND-DOWN
2026-09-28,M10,ICICIGI,SELL,SELL-EX5,205,09:30,570,1535.5,,,0,0,not a whitelisted SELL setup — Coach-v2 (w1: EX1/EX2/EX3/EX15/NORMAL −R),0.895,-1.171,INSURANCE,,,,,,,,,,,,,-507,-1.0,100% SL 12:50,0.71,1.78,0.41,0.71,-0.29,0.89,TREND-DOWN
2026-09-28,M10,ICICIGI,SELL,ENTRY SELL,290,09:35,575,1533.8,,,0,0,scanner-table preview (90/290) — no chart label,0.895,-1.281,INSURANCE,,,,,,,,,,,,,-561,-1.0,100% SL 12:50,0.51,1.69,0.51,0.51,-0.4,0.89,TREND-DOWN
2026-09-28,M10,IDEA,SELL,SELL-EX5,205,09:30,570,13.88,,,0,0,not a whitelisted SELL setup — Coach-v2 (w1: EX1/EX2/EX3/EX15/NORMAL −R),0.895,-2.665,TELECOM,,,,,,,,,,,,,900,1.07,100% trail 14:45,1.29,0.46,0.09,0.09,2.95,0.89,TREND-DOWN
2026-09-28,M10,IDFCFIRSTB,SELL,SELL-EX3,203,09:30,570,81.74,,,0,0,not a whitelisted SELL setup — Coach-v2 (w1: EX1/EX2/EX3/EX15/NORMAL −R),0.895,-2.458,BANK,,,,,,,,,,,,,567,0.67,OPEN,0.71,0.17,0.11,0.14,1.46,0.89,TREND-DOWN
2026-09-28,M10,INDHOTEL,SELL,SELL-EX3,203,09:30,570,712.25,,,0,0,not a whitelisted SELL setup — Coach-v2 (w1: EX1/EX2/EX3/EX15/NORMAL −R),0.895,-2.002,TRAVEL,,,,,,,,,,,,,46,0.15,OPEN,0.23,0.92,0.08,0.08,0.18,0.89,TREND-DOWN
2026-09-28,M10,INDIANB,SELL,SELL-EX3,203,09:35,575,823.1,,,0,0,not a whitelisted SELL setup — Coach-v2 (w1: EX1/EX2/EX3/EX15/NORMAL −R),0.895,-1.07,PSUBK,,,,,,,,,,,,,1197,2.28,OPEN,2.35,0.37,0.23,0.44,2.51,0.89,TREND-DOWN
2026-09-28,M10,INDIGO,SELL,NORMAL SELL,280,10:15,615,4880.0,,,0,0,not a whitelisted SELL setup — Coach-v2 (w1: EX1/EX2/EX3/EX15/NORMAL −R),0.895,-1.215,TRAVEL,,,,,,,,,,,,,-76,0.05,100% trail 11:40,1.82,1.37,0.47,1.69,0.11,0.89,TREND-DOWN
2026-09-28,M10,INDUSINDBK,SELL,SELL-EX1,201,09:35,575,897.4,,,0,0,not a whitelisted SELL setup — Coach-v2 (w1: EX1/EX2/EX3/EX15/NORMAL −R),0.895,-1.622,BANK,,,,,,,,,,,,,-653,-1.0,100% SL 13:25,0.75,1.35,0.07,0.27,-1.37,0.89,TREND-DOWN
2026-09-28,M10,INFY,SELL,SELL-EX1,201,09:40,580,990.8,,,0,0,not a whitelisted SELL setup — Coach-v2 (w1: EX1/EX2/EX3/EX15/NORMAL −R),0.895,-0.94,IT,,,,,,,,,,,,,-758,-1.0,100% SL 13:15,0.31,1.4,0.07,0.31,-1.25,0.89,TREND-DOWN
2026-09-28,M10,INOXWIND,SELL,SELL-EX8,208,09:30,570,73.47,,,0,0,not a whitelisted SELL setup — Coach-v2 (w1: EX1/EX2/EX3/EX15/NORMAL −R),0.895,-1.712,GREEN,,,,,,,,,,,,,958,1.3,OPEN,1.3,0.45,0.04,0.07,2.0,0.89,TREND-DOWN
2026-09-28,M10,IREDA,BUY,BUY-EX6,105,10:00,600,113.87,,,0,0,BEAR tape (adv ≤45%) — BUY side blocked (v2.1 alignment),0.895,0.574,FIN,,,,,,,,,,,,,318,0.46,100% trail 13:10,1.73,0.64,0.23,0.23,0.83,0.89,TREND-DOWN
2026-09-28,M10,IRFC,SELL,SELL-EX3,203,09:30,570,78.6,,,0,0,not a whitelisted SELL setup — Coach-v2 (w1: EX1/EX2/EX3/EX15/NORMAL −R),0.895,-1.689,RAILWAYS,,,,,,,,,,,,,-10,0.04,OPEN,0.15,0.99,0.04,0.04,0.06,0.89,TREND-DOWN
2026-09-28,M10,ITC,SELL,SELL-EX8,208,09:30,570,267.0,,,0,0,not a whitelisted SELL setup — Coach-v2 (w1: EX1/EX2/EX3/EX15/NORMAL −R),0.895,-0.743,FMCG,,,,,,,,,,,,,295,0.76,OPEN,0.77,0.15,0.19,0.72,0.67,0.89,TREND-DOWN
2026-09-28,M10,JINDALSTEL,SELL,SELL-EX3,203,09:35,575,1147.9,,,0,0,not a whitelisted SELL setup — Coach-v2 (w1: EX1/EX2/EX3/EX15/NORMAL −R),0.895,-1.451,MET,,,,,,,,,,,,,315,0.79,OPEN,1.31,0.87,0.09,0.09,0.72,0.89,TREND-DOWN
2026-09-28,M10,JIOFIN,SELL,SELL-EX3,203,09:30,570,223.85,,,0,0,not a whitelisted SELL setup — Coach-v2 (w1: EX1/EX2/EX3/EX15/NORMAL −R),0.895,-1.388,FIN,,,,,,,,,,,,,673,1.14,100% trail 15:15,1.58,0.15,0.42,0.42,1.5,0.89,TREND-DOWN
2026-09-28,M10,JSWENERGY,SELL,SELL-EX3,203,09:30,570,499.5,,,0,0,not a whitelisted SELL setup — Coach-v2 (w1: EX1/EX2/EX3/EX15/NORMAL −R),0.895,-1.392,ENE,,,,,,,,,,,,,-594,-1.0,100% SL 12:30,1.02,1.09,0.18,0.69,0.9,0.89,TREND-DOWN
2026-09-28,M10,JSWSTEEL,SELL,SELL-EX3,203,09:30,570,1265.3,,,0,0,not a whitelisted SELL setup — Coach-v2 (w1: EX1/EX2/EX3/EX15/NORMAL −R),0.895,-0.916,MET,,,,,,,,,,,,,5,0.1,OPEN,0.97,0.74,0.33,0.33,0.09,0.89,TREND-DOWN
2026-09-28,M10,KAYNES,SELL,SELL-EX1,201,10:05,605,3592.0,,,0,0,not a whitelisted SELL setup — Coach-v2 (w1: EX1/EX2/EX3/EX15/NORMAL −R),0.895,-1.589,CAPGOODS,,,,,,,,,,,,,-542,-1.0,100% SL 11:35,0.06,2.91,0.06,0.06,-1.84,0.89,TREND-DOWN
2026-09-28,M10,KFINTECH,SELL,ENTRY SELL,290,09:35,575,876.05,,,0,0,scanner-table preview (90/290) — no chart label,0.895,-1.435,CAPMKTS,,,,,,,,,,,,,-498,-0.62,OPEN,0.14,0.88,0.14,0.14,-0.91,0.89,TREND-DOWN
2026-09-28,M10,KOTAKBANK,SELL,SELL-EX3,203,09:35,575,396.4,,,0,0,not a whitelisted SELL setup — Coach-v2 (w1: EX1/EX2/EX3/EX15/NORMAL −R),0.895,-1.881,BANK,,,,,,,,,,,,,-805,-1.0,100% SL 14:00,0.07,1.28,0.07,0.07,-1.3,0.89,TREND-DOWN
2026-09-28,M10,KPITTECH,SELL,SELL-EX8,208,09:40,580,510.9,,,0,0,not a whitelisted SELL setup — Coach-v2 (w1: EX1/EX2/EX3/EX15/NORMAL −R),0.895,-1.637,IT,,,,,,,,,,,,,142,0.26,OPEN,0.67,0.4,0.01,0.07,0.37,0.89,TREND-DOWN
2026-09-28,M10,LAURUSLABS,BUY,BUY-EX9,108,09:50,590,2006.0,,,0,0,BEAR tape (adv ≤45%) — BUY side blocked (v2.1 alignment),0.895,-0.05,PHA,,,,,,,,,,,,,83,0.22,OPEN,0.3,0.59,0.29,0.29,0.23,0.89,TREND-DOWN
2026-09-28,M10,LICHSGFIN,BUY,BUY-EX,101,09:55,595,571.25,,,0,0,BEAR tape (adv ≤45%) — BUY side blocked (v2.1 alignment),0.895,0.928,FIN,,,,,,,,,,,,,-680,-1.0,100% SL 15:05,0.51,1.17,0.26,0.26,-1.24,0.89,TREND-DOWN
2026-09-28,M10,LICI,SELL,SELL-EX1,201,09:30,570,403.5,,,0,0,not a whitelisted SELL setup — Coach-v2 (w1: EX1/EX2/EX3/EX15/NORMAL −R),0.895,-1.357,INSURANCE,,,,,,,,,,,,,309,0.62,OPEN,0.64,0.56,0.23,0.26,0.71,0.89,TREND-DOWN
2026-09-28,M10,LODHA,SELL,SELL-EX3,203,09:35,575,1135.2,,,0,0,not a whitelisted SELL setup — Coach-v2 (w1: EX1/EX2/EX3/EX15/NORMAL −R),0.895,-2.558,REALTY,,,,,,,,,,,,,531,0.64,OPEN,0.7,0.24,0.11,0.2,1.59,0.89,TREND-DOWN
2026-09-28,M10,LT,SELL,SELL-EX3,203,09:30,570,3828.6,,,0,0,not a whitelisted SELL setup — Coach-v2 (w1: EX1/EX2/EX3/EX15/NORMAL −R),0.895,-1.228,INFRA,,,,,,,,,,,,,767,2.22,OPEN,2.22,0.45,0.15,0.31,1.62,0.89,TREND-DOWN
2026-09-28,M10,LTF,SELL,SELL-EX3,203,09:30,570,278.4,,,0,0,not a whitelisted SELL setup — Coach-v2 (w1: EX1/EX2/EX3/EX15/NORMAL −R),0.895,-1.972,FIN,,,,,,,,,,,,,-923,-1.0,100% SL 11:50,0.09,1.08,0.09,0.09,-0.88,0.89,TREND-DOWN
2026-09-28,M10,LTM,SELL,SELL-EX8,208,09:40,580,4023.1,,,0,0,not a whitelisted SELL setup — Coach-v2 (w1: EX1/EX2/EX3/EX15/NORMAL −R),0.895,-1.467,IT,,,,,,,,,,,,,-815,-1.0,100% SL 11:00,0.05,1.8,0.05,0.05,-1.7,0.89,TREND-DOWN
2026-09-28,M10,LUPIN,SELL,SELL-EX1,201,09:35,575,2078.6,,,0,0,not a whitelisted SELL setup — Coach-v2 (w1: EX1/EX2/EX3/EX15/NORMAL −R),0.895,-0.641,PHA,,,,,,,,,,,,,185,0.64,100% trail 12:25,1.27,0.29,0.63,0.76,0.8,0.89,TREND-DOWN
2026-09-28,M10,M&M,SELL,SELL-EX8,208,09:30,570,2990.7,,,0,0,not a whitelisted SELL setup — Coach-v2 (w1: EX1/EX2/EX3/EX15/NORMAL −R),0.895,-1.46,AUTO,,,,,,,,,,,,,-109,-0.15,OPEN,0.43,0.5,0.15,0.15,-0.14,0.89,TREND-DOWN
2026-09-28,M10,MANAPPURAM,SELL,SELL-EX8,208,09:30,570,326.2,,,0,0,not a whitelisted SELL setup — Coach-v2 (w1: EX1/EX2/EX3/EX15/NORMAL −R),0.895,-2.335,FIN,,,,,,,,,,,,,1978,4.24,OPEN,4.5,0.51,1.11,1.86,4.05,0.89,TREND-DOWN
2026-09-28,M10,MANKIND,SELL,SELL-EX8,208,10:15,615,2464.0,,,0,0,not a whitelisted SELL setup — Coach-v2 (w1: EX1/EX2/EX3/EX15/NORMAL −R),0.895,-0.44,PHA,,,,,,,,,,,,,175,1.01,100% trail 12:25,2.18,0.52,0.79,1.46,1.15,0.89,TREND-DOWN
2026-09-28,M10,MARICO,SELL,SELL-EX1,201,09:55,595,807.7,,,0,0,not a whitelisted SELL setup — Coach-v2 (w1: EX1/EX2/EX3/EX15/NORMAL −R),0.895,-1.38,FMCG,,,,,,,,,,,,,-380,-0.8,OPEN,0.46,0.8,0.1,0.38,-0.69,0.89,TREND-DOWN
2026-09-28,M10,MARUTI,SELL,SELL-EX8,208,09:35,575,11985.0,,,0,0,not a whitelisted SELL setup — Coach-v2 (w1: EX1/EX2/EX3/EX15/NORMAL −R),0.895,-0.663,AUTO,,,,,,,,,,,,,-132,-0.17,OPEN,0.3,0.7,0.03,0.03,-0.19,0.89,TREND-DOWN
2026-09-28,M10,MAZDOCK,SELL,SELL-EX3,203,09:30,570,2155.7,,,0,0,not a whitelisted SELL setup — Coach-v2 (w1: EX1/EX2/EX3/EX15/NORMAL −R),0.895,-1.996,DEF,,,,,,,,,,,,,365,0.48,OPEN,0.66,0.46,0.02,0.02,0.82,0.89,TREND-DOWN
2026-09-28,M10,MCX,SELL,SELL-EX3,203,09:30,570,3274.0,,,0,0,not a whitelisted SELL setup — Coach-v2 (w1: EX1/EX2/EX3/EX15/NORMAL −R),0.895,-1.531,CAPMKTS,,,,,,,,,,,,,-622,-1.0,100% SL 10:10,0.63,1.32,0.13,0.13,0.32,0.89,TREND-DOWN
2026-09-28,M10,MFSL,SELL,SELL-EX1,201,10:15,615,1443.8,,,0,0,not a whitelisted SELL setup — Coach-v2 (w1: EX1/EX2/EX3/EX15/NORMAL −R),0.895,-0.974,INSURANCE,,,,,,,,,,,,,-48,-0.02,OPEN,0.95,0.93,0.24,0.72,-0.01,0.89,TREND-DOWN
2026-09-28,M10,MOTILALOFS,SELL,SELL-EX3,203,09:30,570,1002.6,,,0,0,not a whitelisted SELL setup — Coach-v2 (w1: EX1/EX2/EX3/EX15/NORMAL −R),0.895,-2.566,CAPMKTS,,,,,,,,,,,,,-354,-0.37,OPEN,0.11,0.65,0.11,0.11,-0.9,0.89,TREND-DOWN
2026-09-28,M10,MPHASIS,SELL,SELL-EX2,202,09:40,580,2218.2,,,0,0,not a whitelisted SELL setup — Coach-v2 (w1: EX1/EX2/EX3/EX15/NORMAL −R),0.895,-0.707,IT,,,,,,,,,,,,,-466,-0.7,OPEN,0.39,0.82,0.11,0.39,-0.87,0.89,TREND-DOWN
2026-09-28,M10,NAM-INDIA,SELL,NORMAL SELL,280,10:25,625,1116.0,,,0,0,not a whitelisted SELL setup — Coach-v2 (w1: EX1/EX2/EX3/EX15/NORMAL −R),0.895,-3.544,CAPMKTS,,,,,,,,,,,,,327,0.84,100% trail 13:20,2.2,0.27,0.29,0.46,1.98,0.89,TREND-DOWN
2026-09-28,M10,NAUKRI,BUY,BUY-EX,101,09:50,590,1257.1,,,0,0,BEAR tape (adv ≤45%) — BUY side blocked (v2.1 alignment),0.895,0.183,NEWAGE,,,,,,,,,,,,,-155,-0.16,OPEN,0.3,0.94,0.3,0.3,-0.25,0.89,TREND-DOWN
2026-09-28,M10,NBCC,SELL,SELL-EX3,203,09:30,570,81.26,,,0,0,not a whitelisted SELL setup — Coach-v2 (w1: EX1/EX2/EX3/EX15/NORMAL −R),0.895,-1.931,PSE,,,,,,,,,,,,,604,0.99,OPEN,1.18,0.38,0.34,0.34,1.29,0.89,TREND-DOWN
2026-09-28,M10,NHPC,SELL,SELL-EX3,203,09:35,575,75.14,,,0,0,not a whitelisted SELL setup — Coach-v2 (w1: EX1/EX2/EX3/EX15/NORMAL −R),0.895,-1.132,ENE,,,,,,,,,,,,,328,0.87,100% trail 14:55,1.14,0.35,0.01,0.11,0.85,0.89,TREND-DOWN
2026-09-28,M10,NMDC,SELL,SELL-EX3,203,09:30,570,79.29,,,0,0,not a whitelisted SELL setup — Coach-v2 (w1: EX1/EX2/EX3/EX15/NORMAL −R),0.895,-0.763,MET,,,,,,,,,,,,,1057,1.22,OPEN,1.22,0.3,0.22,0.23,2.35,0.89,TREND-DOWN
2026-09-28,M10,NTPC,SELL,SELL-EX3,203,09:35,575,323.1,,,0,0,not a whitelisted SELL setup — Coach-v2 (w1: EX1/EX2/EX3/EX15/NORMAL −R),0.895,-1.072,ENE,,,,,,,,,,,,,266,0.59,OPEN,0.86,0.34,0.22,0.46,0.62,0.89,TREND-DOWN
2026-09-28,M10,OBEROIRLTY,SELL,SELL-EX3,203,09:30,570,1835.9,,,0,0,not a whitelisted SELL setup — Coach-v2 (w1: EX1/EX2/EX3/EX15/NORMAL −R),0.895,-1.216,REALTY,,,,,,,,,,,,,-479,-1.0,100% SL 13:25,0.95,1.32,0.74,0.74,0.32,0.89,TREND-DOWN
2026-09-28,M10,OFSS,SELL,SELL-EX1,201,09:40,580,10601.0,,,0,0,not a whitelisted SELL setup — Coach-v2 (w1: EX1/EX2/EX3/EX15/NORMAL −R),0.895,-1.569,IT,,,,,,,,,,,,,-949,-1.0,100% SL 11:55,0.0,1.39,0.0,0.0,-1.88,0.89,TREND-DOWN
2026-09-28,M10,OIL,SELL,SELL-EX1,201,10:25,625,467.2,,,0,0,not a whitelisted SELL setup — Coach-v2 (w1: EX1/EX2/EX3/EX15/NORMAL −R),0.895,-1.673,OIL,,,,,,,,,,,,,89,0.51,100% trail 13:30,1.17,0.51,0.34,0.59,-0.17,0.89,TREND-DOWN
2026-09-28,M10,ONGC,SELL,NORMAL SELL,280,10:25,625,233.18,,,0,0,not a whitelisted SELL setup — Coach-v2 (w1: EX1/EX2/EX3/EX15/NORMAL −R),0.895,-1.136,OIL,,,,,,,,,,,,,146,0.73,100% trail 13:00,2.2,0.17,0.31,0.89,1.36,0.89,TREND-DOWN
2026-09-28,M10,PAGEIND,SELL,ENTRY SELL,290,09:35,575,37375.0,,,0,0,scanner-table preview (90/290) — no chart label,0.895,-0.849,CONSUMPTION,,,,,,,,,,,,,-156,-0.4,OPEN,0.27,0.8,0.27,0.27,-0.33,0.89,TREND-DOWN
2026-09-28,M10,PERSISTENT,SELL,SELL-EX8,208,09:40,580,5289.5,,,0,0,not a whitelisted SELL setup — Coach-v2 (w1: EX1/EX2/EX3/EX15/NORMAL −R),0.895,-1.536,IT,,,,,,,,,,,,,-391,-0.45,OPEN,0.02,0.89,0.02,0.02,-0.74,0.89,TREND-DOWN
2026-09-28,M10,PETRONET,BUY,BUY-EX,101,09:55,595,288.0,,,0,0,BEAR tape (adv ≤45%) — BUY side blocked (v2.1 alignment),0.895,0.524,OIL,,,,,,,,,,,,,395,1.58,100% trail 12:10,2.87,1.22,1.34,1.85,0.64,0.89,TREND-DOWN
2026-09-28,M10,PFC,SELL,SELL-EX3,203,09:30,570,332.55,,,0,0,not a whitelisted SELL setup — Coach-v2 (w1: EX1/EX2/EX3/EX15/NORMAL −R),0.895,-1.612,FIN,,,,,,,,,,,,,341,0.47,OPEN,0.63,0.29,0.2,0.46,0.77,0.89,TREND-DOWN
2026-09-28,M10,PGEL,SELL,SELL-EX5,205,09:30,570,513.2,,,0,0,not a whitelisted SELL setup — Coach-v2 (w1: EX1/EX2/EX3/EX15/NORMAL −R),0.895,-1.022,CDUR,,,,,,,,,,,,,559,0.78,OPEN,1.03,0.42,0.12,0.12,1.21,0.89,TREND-DOWN
2026-09-28,M10,PHOENIXLTD,SELL,SELL-EX8,208,09:30,570,1948.0,,,0,0,not a whitelisted SELL setup — Coach-v2 (w1: EX1/EX2/EX3/EX15/NORMAL −R),0.895,-1.537,REALTY,,,,,,,,,,,,,-146,-0.19,OPEN,0.35,0.68,0.2,0.2,-0.22,0.89,TREND-DOWN
2026-09-28,M10,PIDILITIND,SELL,SELL-EX1,201,09:35,575,1490.5,,,0,0,not a whitelisted SELL setup — Coach-v2 (w1: EX1/EX2/EX3/EX15/NORMAL −R),0.895,-1.76,CHEMICALS,,,,,,,,,,,,,-595,-1.0,100% SL 12:40,0.22,1.12,0.09,0.09,-0.84,0.89,TREND-DOWN
2026-09-28,M10,PIIND,SELL,SELL-EX5,205,09:30,570,2361.0,,,0,0,not a whitelisted SELL setup — Coach-v2 (w1: EX1/EX2/EX3/EX15/NORMAL −R),0.895,-1.625,CHEMICALS,,,,,,,,,,,,,210,0.32,OPEN,0.84,0.26,0.1,0.22,0.51,0.89,TREND-DOWN
2026-09-28,M10,PIIND,SELL,ENTRY SELL,290,09:35,575,2359.9,,,0,0,scanner-table preview (90/290) — no chart label,0.895,-1.671,CHEMICALS,,,,,,,,,,,,,187,0.29,OPEN,0.78,0.28,0.07,0.19,0.46,0.89,TREND-DOWN
2026-09-28,M10,PNB,SELL,SELL-EX3,203,09:30,570,114.71,,,0,0,not a whitelisted SELL setup — Coach-v2 (w1: EX1/EX2/EX3/EX15/NORMAL −R),0.895,-1.621,PSUBK,,,,,,,,,,,,,876,1.24,OPEN,1.34,0.18,0.24,0.58,1.84,0.89,TREND-DOWN
2026-09-28,M10,PNBHOUSING,SELL,SELL-EX3,203,09:30,570,1068.6,,,0,0,not a whitelisted SELL setup — Coach-v2 (w1: EX1/EX2/EX3/EX15/NORMAL −R),0.895,-2.402,FIN,,,,,,,,,,,,,-897,-1.0,100% SL 10:45,0.18,1.67,0.18,0.18,-1.53,0.89,TREND-DOWN
2026-09-28,M10,POLYCAB,SELL,SELL-EX3,203,09:30,570,8309.5,,,0,0,not a whitelisted SELL setup — Coach-v2 (w1: EX1/EX2/EX3/EX15/NORMAL −R),0.895,-1.177,CAPGOODS,,,,,,,,,,,,,446,1.08,100% trail 11:45,1.58,0.19,0.42,0.96,1.43,0.89,TREND-DOWN
2026-09-28,M10,POWERINDIA,SELL,ENTRY SELL,290,09:35,575,30420.0,,,0,0,scanner-table preview (90/290) — no chart label,0.895,-1.982,CAPGOODS,,,,,,,,,,,,,134,0.48,OPEN,1.25,0.39,0.12,0.12,0.53,0.89,TREND-DOWN
2026-09-28,M10,PRESTIGE,SELL,SELL-EX3,203,09:30,570,1444.2,,,0,0,not a whitelisted SELL setup — Coach-v2 (w1: EX1/EX2/EX3/EX15/NORMAL −R),0.895,-2.274,REALTY,,,,,,,,,,,,,-597,-1.0,100% SL 10:35,0.45,1.77,0.45,0.45,-1.84,0.89,TREND-DOWN
2026-09-28,M10,RBLBANK,SELL,SELL-EX3,203,09:30,570,405.5,,,0,0,not a whitelisted SELL setup — Coach-v2 (w1: EX1/EX2/EX3/EX15/NORMAL −R),0.895,-2.301,BANK,,,,,,,,,,,,,-204,-0.19,OPEN,0.12,0.75,0.12,0.12,-0.37,0.89,TREND-DOWN
2026-09-28,M10,RECLTD,SELL,SELL-EX3,203,09:30,570,307.05,,,0,0,not a whitelisted SELL setup — Coach-v2 (w1: EX1/EX2/EX3/EX15/NORMAL −R),0.895,-1.885,FIN,,,,,,,,,,,,,574,0.97,OPEN,0.97,0.41,0.27,0.68,1.24,0.89,TREND-DOWN
2026-09-28,M10,RELIANCE,SELL,SELL-EX8,208,09:35,575,1209.2,,,0,0,not a whitelisted SELL setup — Coach-v2 (w1: EX1/EX2/EX3/EX15/NORMAL −R),0.895,-1.37,ENE,,,,,,,,,,,,,434,1.08,OPEN,1.1,0.52,0.08,0.17,0.96,0.89,TREND-DOWN
2026-09-28,M10,RVNL,SELL,SELL-EX3,203,09:30,570,203.52,,,0,0,not a whitelisted SELL setup — Coach-v2 (w1: EX1/EX2/EX3/EX15/NORMAL −R),0.895,-1.681,RAILWAYS,,,,,,,,,,,,,147,0.3,OPEN,0.47,0.85,0.18,0.18,0.38,0.89,TREND-DOWN
2026-09-28,M10,SAIL,SELL,SELL-EX8,208,09:30,570,183.29,,,0,0,not a whitelisted SELL setup — Coach-v2 (w1: EX1/EX2/EX3/EX15/NORMAL −R),0.895,-0.924,MET,,,,,,,,,,,,,-801,-1.0,100% SL 14:05,0.2,1.84,0.2,0.2,-0.5,0.89,TREND-DOWN
2026-09-28,M10,SBICARD,SELL,SELL-EX1,201,09:30,570,600.35,,,0,0,not a whitelisted SELL setup — Coach-v2 (w1: EX1/EX2/EX3/EX15/NORMAL −R),0.895,-1.775,FIN,,,,,,,,,,,,,492,0.83,100% trail 14:25,1.16,0.21,0.42,0.64,1.56,0.89,TREND-DOWN
2026-09-28,M10,SBILIFE,SELL,SELL-EX1,201,09:55,595,1737.2,,,0,0,not a whitelisted SELL setup — Coach-v2 (w1: EX1/EX2/EX3/EX15/NORMAL −R),0.895,-0.276,INSURANCE,,,,,,,,,,,,,214,0.59,OPEN,0.78,0.57,0.77,0.77,0.52,0.89,TREND-DOWN
2026-09-28,M10,SBIN,SELL,SELL-EX3,203,09:30,570,970.5,,,0,0,not a whitelisted SELL setup — Coach-v2 (w1: EX1/EX2/EX3/EX15/NORMAL −R),0.895,-1.272,PSUBK,,,,,,,,,,,,,392,0.79,OPEN,1.35,0.21,0.47,0.62,0.88,0.89,TREND-DOWN
2026-09-28,M10,SHRIRAMFIN,SELL,SELL-EX3,203,09:30,570,976.7,,,0,0,not a whitelisted SELL setup — Coach-v2 (w1: EX1/EX2/EX3/EX15/NORMAL −R),0.895,-1.75,FIN,,,,,,,,,,,,,-22,0.03,OPEN,0.45,0.54,0.08,0.08,0.04,0.89,TREND-DOWN
2026-09-28,M10,SIEMENS,SELL,SELL-EX3,203,09:30,570,3807.6,,,0,0,not a whitelisted SELL setup — Coach-v2 (w1: EX1/EX2/EX3/EX15/NORMAL −R),0.895,-1.79,CAPGOODS,,,,,,,,,,,,,245,0.4,OPEN,0.64,0.4,0.28,0.28,0.58,0.89,TREND-DOWN
2026-09-28,M10,SOLARINDS,SELL,ENTRY SELL,290,09:30,570,19470.0,,,0,0,scanner-table preview (90/290) — no chart label,0.895,-1.393,DEF,,,,,,,,,,,,,607,1.29,OPEN,1.99,0.46,0.08,0.08,1.64,0.89,TREND-DOWN
2026-09-28,M10,SRF,SELL,SELL-EX1,201,09:30,570,2500.9,,,0,0,not a whitelisted SELL setup — Coach-v2 (w1: EX1/EX2/EX3/EX15/NORMAL −R),0.895,-1.539,CHEMICALS,,,,,,,,,,,,,139,0.37,OPEN,0.47,0.56,0.45,0.45,0.38,0.89,TREND-DOWN
2026-09-28,M10,SUNPHARMA,SELL,SELL-EX1,201,09:35,575,1844.1,,,0,0,not a whitelisted SELL setup — Coach-v2 (w1: EX1/EX2/EX3/EX15/NORMAL −R),0.895,-0.437,PHA,,,,,,,,,,,,,-392,-1.0,100% SL 14:05,0.54,1.1,0.1,0.42,0.33,0.89,TREND-DOWN
2026-09-28,M10,SUZLON,SELL,SELL-EX5,205,09:30,570,40.19,,,0,0,not a whitelisted SELL setup — Coach-v2 (w1: EX1/EX2/EX3/EX15/NORMAL −R),0.895,-1.495,GREEN,,,,,,,,,,,,,617,0.76,OPEN,0.94,0.29,0.26,0.39,1.32,0.89,TREND-DOWN
2026-09-28,M10,SWIGGY,SELL,SELL-EX1,201,09:35,575,262.0,,,0,0,not a whitelisted SELL setup — Coach-v2 (w1: EX1/EX2/EX3/EX15/NORMAL −R),0.895,-1.076,NEWAGE,,,,,,,,,,,,,663,0.97,100% trail 14:00,1.67,0.27,0.12,0.95,2.29,0.89,TREND-DOWN
2026-09-28,M10,TATACONSUM,SELL,SELL-EX1,201,09:30,570,969.3,,,0,0,not a whitelisted SELL setup — Coach-v2 (w1: EX1/EX2/EX3/EX15/NORMAL −R),0.895,-1.092,FMCG,,,,,,,,,,,,,439,0.89,100% trail 15:15,1.18,0.28,0.63,0.67,0.96,0.89,TREND-DOWN
2026-09-28,M10,TATAELXSI,SELL,SELL-EX8,208,09:35,575,3171.0,,,0,0,not a whitelisted SELL setup — Coach-v2 (w1: EX1/EX2/EX3/EX15/NORMAL −R),0.895,-0.499,IT,,,,,,,,,,,,,-548,-1.0,100% SL 13:00,0.3,1.34,0.3,0.3,-0.63,0.89,TREND-DOWN
2026-09-28,M10,TATAPOWER,SELL,SELL-EX3,203,09:30,570,362.0,,,0,0,not a whitelisted SELL setup — Coach-v2 (w1: EX1/EX2/EX3/EX15/NORMAL −R),0.895,-1.497,ENE,,,,,,,,,,,,,-28,0.02,OPEN,0.47,0.59,0.1,0.1,0.03,0.89,TREND-DOWN
2026-09-28,M10,TATASTEEL,SELL,SELL-EX3,203,09:30,570,186.2,,,0,0,not a whitelisted SELL setup — Coach-v2 (w1: EX1/EX2/EX3/EX15/NORMAL −R),0.895,-0.942,MET,,,,,,,,,,,,,-69,-0.04,OPEN,0.36,0.95,0.17,0.17,-0.05,0.89,TREND-DOWN
2026-09-28,M10,TCS,SELL,SELL-EX2,202,09:40,580,2063.6,,,0,0,not a whitelisted SELL setup — Coach-v2 (w1: EX1/EX2/EX3/EX15/NORMAL −R),0.895,-0.884,IT,,,,,,,,,,,,,-212,-0.2,OPEN,0.35,0.79,0.2,0.35,-0.34,0.89,TREND-DOWN
2026-09-28,M10,TECHM,SELL,SELL-EX8,208,09:40,580,1536.7,,,0,0,not a whitelisted SELL setup — Coach-v2 (w1: EX1/EX2/EX3/EX15/NORMAL −R),0.895,-0.73,IT,,,,,,,,,,,,,-217,-0.27,OPEN,0.48,0.74,0.08,0.48,-0.36,0.89,TREND-DOWN
2026-09-28,M10,TITAN,SELL,SELL-EX3,203,09:30,570,4817.5,,,0,0,not a whitelisted SELL setup — Coach-v2 (w1: EX1/EX2/EX3/EX15/NORMAL −R),0.895,-1.362,CDUR,,,,,,,,,,,,,-61,-0.03,OPEN,0.12,0.35,0.04,0.04,-0.04,0.89,TREND-DOWN
2026-09-28,M10,TMPV,SELL,SELL-EX3,203,09:30,570,286.6,,,0,0,not a whitelisted SELL setup — Coach-v2 (w1: EX1/EX2/EX3/EX15/NORMAL −R),0.895,-1.326,AUTO,,,,,,,,,,,,,802,1.09,OPEN,1.37,0.16,0.13,0.47,1.69,0.89,TREND-DOWN
2026-09-28,M10,TORNTPHARM,SELL,SELL-EX8,208,09:30,570,4921.0,,,0,0,not a whitelisted SELL setup — Coach-v2 (w1: EX1/EX2/EX3/EX15/NORMAL −R),0.895,-1.353,PHA,,,,,,,,,,,,,479,0.79,OPEN,1.01,0.21,0.11,0.36,1.06,0.89,TREND-DOWN
2026-09-28,M10,TRENT,SELL,SELL-EX2,202,09:35,575,2627.7,,,0,0,not a whitelisted SELL setup — Coach-v2 (w1: EX1/EX2/EX3/EX15/NORMAL −R),0.895,-1.558,CONSUMPTION,,,,,,,,,,,,,-10,0.06,OPEN,0.41,0.67,0.25,0.35,0.06,0.89,TREND-DOWN
2026-09-28,M10,ULTRACEMCO,SELL,SELL-EX1,201,10:15,615,11030.0,,,0,0,not a whitelisted SELL setup — Coach-v2 (w1: EX1/EX2/EX3/EX15/NORMAL −R),0.895,-1.121,CEMENT,,,,,,,,,,,,,-17,0.11,OPEN,1.08,0.62,0.97,0.97,0.05,0.89,TREND-DOWN
2026-09-28,M10,UNIONBANK,SELL,SELL-EX3,203,09:30,570,175.99,,,0,0,not a whitelisted SELL setup — Coach-v2 (w1: EX1/EX2/EX3/EX15/NORMAL −R),0.895,-2.336,PSUBK,,,,,,,,,,,,,1162,1.65,OPEN,1.67,0.25,0.42,0.77,2.41,0.89,TREND-DOWN
2026-09-28,M10,UNOMINDA,SELL,ENTRY SELL,290,09:40,580,1205.8,,,0,0,scanner-table preview (90/290) — no chart label,0.895,-1.002,AUTO,,,,,,,,,,,,,-327,-1.0,100% SL 09:50,6.3,1.39,0.65,0.65,2.72,0.89,TREND-DOWN
2026-09-28,M10,UPL,SELL,SELL-EX1,201,09:30,570,544.75,,,0,0,not a whitelisted SELL setup — Coach-v2 (w1: EX1/EX2/EX3/EX15/NORMAL −R),0.895,-0.955,CHEMICALS,,,,,,,,,,,,,-585,-1.0,100% SL 13:15,0.3,1.26,0.3,0.3,-0.87,0.89,TREND-DOWN
2026-09-28,M10,VBL,SELL,SELL-EX3,203,09:30,570,427.2,,,0,0,not a whitelisted SELL setup — Coach-v2 (w1: EX1/EX2/EX3/EX15/NORMAL −R),0.895,-1.748,FMCG,,,,,,,,,,,,,-370,-0.5,OPEN,0.17,0.66,0.17,0.17,-0.66,0.89,TREND-DOWN
2026-09-28,M10,VMM,SELL,SELL-EX3,203,09:35,575,102.51,,,0,0,not a whitelisted SELL setup — Coach-v2 (w1: EX1/EX2/EX3/EX15/NORMAL −R),0.895,-0.957,CONSUMPTION,,,,,,,,,,,,,786,1.34,OPEN,1.58,0.28,0.09,0.24,1.66,0.89,TREND-DOWN
2026-09-28,M10,WAAREEENER,SELL,SELL-EX3,203,09:30,570,2469.1,,,0,0,not a whitelisted SELL setup — Coach-v2 (w1: EX1/EX2/EX3/EX15/NORMAL −R),0.895,-1.038,GREEN,,,,,,,,,,,,,240,0.41,OPEN,0.86,0.69,0.15,0.15,0.57,0.89,TREND-DOWN
2026-09-28,M10,WIPRO,SELL,SELL-EX8,208,09:40,580,162.16,,,0,0,not a whitelisted SELL setup — Coach-v2 (w1: EX1/EX2/EX3/EX15/NORMAL −R),0.895,-1.134,IT,,,,,,,,,,,,,143,0.27,OPEN,0.52,0.58,0.26,0.43,0.37,0.89,TREND-DOWN
2026-09-28,M10,ZYDUSLIFE,BUY,BUY-EX,101,09:40,580,1218.6,,,0,0,BEAR tape (adv ≤45%) — BUY side blocked (v2.1 alignment),0.895,1.221,PHA,,,,,,,,,,,,,-179,-0.2,OPEN,0.56,0.62,0.4,0.56,-0.3,0.89,TREND-DOWN
2026-09-28,M10,ASHOKLEY,SELL,SELL-EX5,205,11:20,680,156.25,,,0,0,not a whitelisted SELL setup — Coach-v2 (w1: EX1/EX2/EX3/EX15/NORMAL −R),0.895,-1.779,AUTO,,,,,,,,,,,,,288,1.61,OPEN,2.33,0.47,0.2,0.23,0.66,0.89,TREND-DOWN
2026-09-28,M10,AXISBANK,SELL,SELL-EX15,215,10:40,640,1209.0,,,0,0,not a whitelisted SELL setup — Coach-v2 (w1: EX1/EX2/EX3/EX15/NORMAL −R),0.895,-1.096,BANK,,,,,,,,,,,,,-97,-0.07,100% trail 15:10,1.16,0.99,0.61,0.61,-0.07,0.89,TREND-DOWN
2026-09-28,M10,BAJFINANCE,SELL,SELL-EX1,201,10:35,635,976.1,,,0,0,not a whitelisted SELL setup — Coach-v2 (w1: EX1/EX2/EX3/EX15/NORMAL −R),0.895,-2.086,FIN,,,,,,,,,,,,,-496,-0.55,OPEN,0.09,0.55,0.09,0.09,-0.91,0.89,TREND-DOWN
2026-09-28,M10,BHARTIARTL,BUY,BUY-EX9,108,11:10,670,1775.9,,,0,0,BEAR tape (adv ≤45%) — BUY side blocked (v2.1 alignment),0.895,-0.532,TELECOM,,,,,,,,,,,,,-157,-0.66,OPEN,1.23,0.77,0.45,0.45,-0.25,0.89,TREND-DOWN
2026-09-28,M10,BRITANNIA,SELL,NORMAL SELL,280,10:35,635,4875.5,,,0,0,not a whitelisted SELL setup — Coach-v2 (w1: EX1/EX2/EX3/EX15/NORMAL −R),0.895,-1.256,FMCG,,,,,,,,,,,,,-366,-1.0,100% SL 13:55,0.23,1.41,0.23,0.23,-0.81,0.89,TREND-DOWN
2026-09-28,M10,COALINDIA,BUY,BUY-EX,101,10:30,630,428.55,,,0,0,BEAR tape (adv ≤45%) — BUY side blocked (v2.1 alignment),0.895,0.575,ENE,,,,,,,,,,,,,-323,-1.0,100% SL 11:15,0.37,3.6,0.37,0.37,-1.41,0.89,TREND-DOWN
2026-09-28,M10,ETERNAL,SELL,SELL-EX1,201,10:45,645,330.55,,,0,0,not a whitelisted SELL setup — Coach-v2 (w1: EX1/EX2/EX3/EX15/NORMAL −R),0.895,-1.328,NEWAGE,,,,,,,,,,,,,-102,-0.17,OPEN,0.76,0.53,0.15,0.15,-0.12,0.89,TREND-DOWN
2026-09-28,M10,FORCEMOT,SELL,SELL-EX2,202,11:10,670,17103.0,,,0,0,not a whitelisted SELL setup — Coach-v2 (w1: EX1/EX2/EX3/EX15/NORMAL −R),0.895,-1.639,AUTO,,,,,,,,,,,,,-23,0.02,OPEN,0.38,0.94,0.25,0.25,0.02,0.89,TREND-DOWN
2026-09-28,M10,HCLTECH,SELL,NORMAL SELL,280,11:10,670,1242.8,,,0,0,not a whitelisted SELL setup — Coach-v2 (w1: EX1/EX2/EX3/EX15/NORMAL −R),0.895,-1.208,IT,,,,,,,,,,,,,-446,-1.0,100% SL 13:05,0.11,2.68,0.11,0.11,-0.79,0.89,TREND-DOWN
2026-09-28,M10,HEROMOTOCO,SELL,NORMAL SELL,280,11:00,660,5317.5,,,0,0,not a whitelisted SELL setup — Coach-v2 (w1: EX1/EX2/EX3/EX15/NORMAL −R),0.895,-0.793,AUTO,,,,,,,,,,,,,-365,-1.0,100% SL 12:10,0.35,2.33,0.35,0.35,-1.36,0.89,TREND-DOWN
2026-09-28,M10,HINDALCO,BUY,BUY-EX9,108,11:15,675,964.2,,,0,0,open position already on stock (1-open-trade rule),0.895,-1.31,MET,,,,,,,,,,,,,-240,-1.0,100% SL 11:55,0.37,3.04,0.37,0.37,-0.86,0.89,TREND-DOWN
2026-09-28,M10,IEX,SELL,SELL-EX1,201,10:30,630,111.32,,,0,0,not a whitelisted SELL setup — Coach-v2 (w1: EX1/EX2/EX3/EX15/NORMAL −R),0.895,-1.224,CAPMKTS,,,,,,,,,,,,,-55,-0.02,OPEN,0.28,0.65,0.28,0.28,-0.03,0.89,TREND-DOWN
2026-09-28,M10,LTM,BUY,BUY-EX,101,11:00,660,4085.6,,,0,0,BEAR tape (adv ≤45%) — BUY side blocked (v2.1 alignment),0.895,0.064,IT,,,,,,,,,,,,,40,0.12,OPEN,0.96,0.42,0.25,0.42,0.14,0.89,TREND-DOWN
2026-09-28,M10,MOTHERSON,SELL,SELL-EX15,215,11:15,675,162.75,,,0,0,not a whitelisted SELL setup — Coach-v2 (w1: EX1/EX2/EX3/EX15/NORMAL −R),0.895,-1.786,AUTO,,,,,,,,,,,,,75,0.24,OPEN,0.78,0.37,0.15,0.16,0.23,0.89,TREND-DOWN
2026-09-28,M10,NESTLEIND,BUY,BUY-EX9,108,11:15,675,1351.2,,,0,0,BEAR tape (adv ≤45%) — BUY side blocked (v2.1 alignment),0.895,-0.837,FMCG,,,,,,,,,,,,,9,0.74,100% trail 12:45,1.54,1.46,1.18,1.54,-0.38,0.89,TREND-DOWN
2026-09-28,M10,NUVAMA,BUY,BUY-EX9,108,11:05,665,1636.9,,,0,0,open position already on stock (1-open-trade rule),0.895,-2.647,CAPMKTS,,,,,,,,,,,,,-17,0.06,100% EOD 15:20,0.56,0.48,0.41,0.54,-0.53,0.89,TREND-DOWN
2026-09-28,M10,NYKAA,SELL,SELL-EX5,205,10:40,640,327.7,,,0,0,not a whitelisted SELL setup — Coach-v2 (w1: EX1/EX2/EX3/EX15/NORMAL −R),0.895,-1.798,NEWAGE,,,,,,,,,,,,,214,0.62,100% trail 13:10,1.15,0.36,0.42,0.92,0.67,0.89,TREND-DOWN
2026-09-28,M10,PATANJALI,SELL,SELL-EX5,205,10:35,635,395.95,,,0,0,not a whitelisted SELL setup — Coach-v2 (w1: EX1/EX2/EX3/EX15/NORMAL −R),0.895,-1.98,FMCG,,,,,,,,,,,,,607,1.59,OPEN,3.2,0.87,0.12,0.54,1.3,0.89,TREND-DOWN
2026-09-28,M10,SOLARINDS,SELL,NORMAL SELL,280,11:05,665,19430.0,,,0,0,not a whitelisted SELL setup — Coach-v2 (w1: EX1/EX2/EX3/EX15/NORMAL −R),0.895,-1.595,DEF,,,,,,,,,,,,,527,1.76,OPEN,2.86,0.31,0.79,1.04,1.44,0.89,TREND-DOWN
2026-09-28,M10,SUPREMEIND,SELL,SELL-EX2,202,10:30,630,3503.7,,,0,0,not a whitelisted SELL setup — Coach-v2 (w1: EX1/EX2/EX3/EX15/NORMAL −R),0.895,-1.304,BUILDMAT,,,,,,,,,,,,,-576,-1.0,100% SL 13:30,1.05,1.03,0.21,0.27,0.11,0.89,TREND-DOWN
2026-09-28,M10,TIINDIA,SELL,SELL-EX1,201,11:05,665,2485.5,,,0,0,not a whitelisted SELL setup — Coach-v2 (w1: EX1/EX2/EX3/EX15/NORMAL −R),0.895,-1.019,AUTO,,,,,,,,,,,,,488,0.78,OPEN,1.23,0.22,0.48,0.78,1.07,0.89,TREND-DOWN
2026-09-28,M10,TVSMOTOR,SELL,SELL-EX1,201,11:05,665,4119.0,,,0,0,not a whitelisted SELL setup — Coach-v2 (w1: EX1/EX2/EX3/EX15/NORMAL −R),0.895,-0.921,AUTO,,,,,,,,,,,,,288,0.94,100% trail 15:00,1.85,0.28,0.79,0.86,0.58,0.89,TREND-DOWN
2026-09-28,M10,UNOMINDA,SELL,SELL-EX1,201,10:45,645,1200.5,,,0,0,not a whitelisted SELL setup — Coach-v2 (w1: EX1/EX2/EX3/EX15/NORMAL −R),0.895,-1.437,AUTO,,,,,,,,,,,,,286,0.66,100% trail 13:40,2.31,0.31,0.67,1.06,2.29,0.89,TREND-DOWN
2026-09-28,M10,ANGELONE,SELL,SELL-EX15,215,11:40,700,279.5,,,0,0,not a whitelisted SELL setup — Coach-v2 (w1: EX1/EX2/EX3/EX15/NORMAL −R),0.895,-2.951,CAPMKTS,,,,,,,,,,,,,-267,-1.0,100% trail 12:25,1.39,1.68,1.39,1.39,0.11,0.89,TREND-DOWN
2026-09-28,M10,APOLLOHOSP,SELL,SELL-EX1,201,11:50,710,8852.5,,,0,0,not a whitelisted SELL setup — Coach-v2 (w1: EX1/EX2/EX3/EX15/NORMAL −R),0.895,-0.411,HOSPITALS,,,,,,,,,,,,,-207,-1.0,100% SL 13:05,0.64,1.86,0.31,0.31,-0.08,0.89,TREND-DOWN
2026-09-28,M10,COALINDIA,SELL,SELL-EX6,206,11:50,710,425.0,,,0,0,not a whitelisted SELL setup — Coach-v2 (w1: EX1/EX2/EX3/EX15/NORMAL −R),0.895,-0.258,ENE,,,,,,,,,,,,,250,0.57,OPEN,0.87,0.38,0.05,0.05,0.59,0.89,TREND-DOWN
2026-09-28,M10,DIVISLAB,SELL,SELL-EX1,201,11:35,695,9573.0,,,0,0,not a whitelisted SELL setup — Coach-v2 (w1: EX1/EX2/EX3/EX15/NORMAL −R),0.895,-0.483,PHA,,,,,,,,,,,,,9,0.5,100% trail 13:35,1.71,0.45,0.77,1.34,0.24,0.89,TREND-DOWN
2026-09-28,M10,NAUKRI,SELL,SELL-EX15,215,11:45,705,1245.4,,,0,0,not a whitelisted SELL setup — Coach-v2 (w1: EX1/EX2/EX3/EX15/NORMAL −R),0.895,-0.749,NEWAGE,,,,,,,,,,,,,-382,-0.57,OPEN,0.44,0.62,0.32,0.36,-0.68,0.89,TREND-DOWN
2026-09-28,M10,POWERINDIA,SELL,NORMAL SELL,280,11:30,690,30350.0,,,0,0,not a whitelisted SELL setup — Coach-v2 (w1: EX1/EX2/EX3/EX15/NORMAL −R),0.895,-2.207,CAPGOODS,,,,,,,,,,,,,-180,-1.0,100% SL 11:40,2.78,1.27,0.28,0.28,0.3,0.89,TREND-DOWN
2026-09-28,M11,ADANIENSOL,SELL,SELL-EX1,201,10:20,620,1311.5,,S1,1,0,,0.895,-2.017,ENE,,,,,,,,657.0,,1.54,,OPEN,855,2.1,OPEN,2.47,0.49,0.48,0.76,1.8,0.89,TREND-DOWN
2026-09-28,M11,ADANIENT,SELL,SELL-EX1,201,10:20,620,2846.6,,S1+S4,1,0,,0.895,-2.397,INFRA,,,,,,,,452.0,,0.86,,OPEN,222,0.5,OPEN,1.13,0.52,0.2,0.41,0.54,0.89,TREND-DOWN
2026-09-28,M11,ADANIGREEN,SELL,SELL-EX1,201,10:05,605,1276.7,,S1,1,0,,0.895,-1.535,GREEN,,,,,,,,1535.0,,2.88,,100% trail 14:45,1449,2.88,100% trail 14:45,3.72,0.33,2.17,2.42,3.27,0.89,TREND-DOWN
2026-09-28,M11,ADANIPOWER,SELL,SELL-EX1,201,10:05,605,200.15,,S1,1,0,,0.895,-1.282,ENE,,,,,,,,934.0,,1.11,,OPEN,956,1.19,OPEN,1.41,0.15,0.54,0.58,2.0,0.89,TREND-DOWN
2026-09-28,M11,AMBER,SELL,NORMAL SELL,280,10:25,625,6896.0,,S1,1,0,,0.895,-0.92,CDUR,,,,,,,,-416.0,,-1.0,,100% SL 11:00,-501,-1.0,100% SL 11:00,0.25,2.4,0.25,0.25,-1.36,0.89,TREND-DOWN
2026-09-28,M11,AUROPHARMA,SELL,NORMAL SELL,280,10:05,605,1694.0,,S1,1,0,,0.895,-1.051,PHA,,,,,,,,-61.0,,-0.19,,OPEN,-143,-0.31,OPEN,0.62,0.89,0.62,0.62,-0.21,0.89,TREND-DOWN
2026-09-28,M11,BEL,SELL,SELL-EX1,201,10:25,625,386.8,,S1,1,0,,0.895,-1.715,DEF,,,,,,,,103.0,,0.13,,OPEN,126,0.2,OPEN,0.42,0.2,0.22,0.38,0.34,0.89,TREND-DOWN
2026-09-28,M11,BHARATFORG,SELL,SELL-EX1,201,10:15,615,1980.9,,S1,1,0,,0.895,-1.35,AUTO,,,,,,,,200.0,,0.81,,100% trail 13:10,113,0.81,100% trail 13:10,2.98,0.36,0.17,0.8,1.21,0.89,TREND-DOWN
2026-09-28,M11,BOSCHLTD,SELL,SELL-EX1,201,10:15,615,47440.0,,S1,1,0,,0.895,-1.679,AUTO,,,,,,,,440.0,,0.77,,OPEN,380,0.74,OPEN,0.93,0.28,0.3,0.4,0.89,0.89,TREND-DOWN
2026-09-28,M11,CIPLA,SELL,NORMAL SELL,280,09:45,585,1391.0,,S1,1,0,,0.895,-0.622,PHA,,,,,,,,280.0,,0.89,,OPEN,215,0.81,OPEN,0.89,0.4,0.56,0.77,0.52,0.89,TREND-DOWN
2026-09-28,M11,COCHINSHIP,SELL,NORMAL SELL,280,10:25,625,1351.3,,S1,1,0,,0.895,-1.866,DEF,,,,,,,,832.0,,2.86,,OPEN,783,2.83,OPEN,3.05,0.64,0.15,0.42,1.65,0.89,TREND-DOWN
2026-09-28,M11,CUMMINSIND,SELL,SELL-EX1,201,10:15,615,4868.0,,S1,1,0,,0.895,-1.557,CAPGOODS,,,,,,,,365.0,,1.59,,OPEN,214,1.31,100% trail 15:10,2.07,0.76,0.57,0.57,0.27,0.89,TREND-DOWN
2026-09-28,M11,FORTIS,SELL,SELL-EX1,201,10:15,615,819.65,,S1,1,0,,0.895,-2.172,HOSPITALS,,,,,,,,-553.0,,-1.0,,100% SL 13:15,-642,-1.0,100% SL 13:15,0.24,1.76,0.24,0.24,-1.35,0.89,TREND-DOWN
2026-09-28,M11,GAIL,SELL,SELL-EX2,202,10:20,620,171.56,,S1+S3,1,0,,0.895,-0.66,OIL,,,,,,,,35.0,,0.04,,OPEN,-301,-0.29,OPEN,0.17,0.39,0.17,0.17,-0.52,0.89,TREND-DOWN
2026-09-28,M11,GRASIM,SELL,SELL-EX1,201,10:20,620,3147.1,,S1,1,0,,0.895,-1.376,CEMENT,,,,,,,,-14.0,,-0.06,,OPEN,-84,-0.2,OPEN,0.63,0.71,0.49,0.49,-0.09,0.89,TREND-DOWN
2026-09-28,M11,HDFCAMC,SELL,SELL-EX1,201,10:15,615,2322.1,,S1,1,0,,0.895,-2.351,CAPMKTS,,,,,,,,212.0,,0.43,,OPEN,375,0.85,OPEN,0.92,0.3,0.37,0.41,0.85,0.89,TREND-DOWN
2026-09-28,M11,INDIGO,SELL,NORMAL SELL,280,10:15,615,4880.0,,S1,1,0,,0.895,-1.215,TRAVEL,,,,,,,,10.0,,0.05,,100% trail 11:40,-76,0.05,100% trail 11:40,1.82,1.37,0.47,1.69,0.11,0.89,TREND-DOWN
2026-09-28,M11,KAYNES,SELL,SELL-EX1,201,10:05,605,3592.0,,S1,1,0,,0.895,-1.589,CAPGOODS,,,,,,,,-459.0,,-1.0,,100% SL 11:35,-542,-1.0,100% SL 11:35,0.06,2.91,0.06,0.06,-1.84,0.89,TREND-DOWN
2026-09-28,M11,LAURUSLABS,BUY,BUY-EX9,108,09:50,590,2006.0,,S1,1,0,,0.895,-0.05,PHA,,,,,,,,53.0,,0.11,,OPEN,83,0.22,OPEN,0.3,0.59,0.29,0.29,0.23,0.89,TREND-DOWN
2026-09-28,M11,LICHSGFIN,BUY,BUY-EX,101,09:55,595,571.25,,S1+S2,1,0,,0.895,0.928,FIN,,,,,,,,-593.0,,-1.0,,100% SL 15:05,-680,-1.0,100% SL 15:05,0.51,1.17,0.26,0.26,-1.24,0.89,TREND-DOWN
2026-09-28,M11,MARICO,SELL,SELL-EX1,201,09:55,595,807.7,,S1,1,0,,0.895,-1.38,FMCG,,,,,,,,-18.0,,-0.04,,OPEN,-380,-0.8,OPEN,0.46,0.8,0.1,0.38,-0.69,0.89,TREND-DOWN
2026-09-28,M11,MFSL,SELL,SELL-EX1,201,10:15,615,1443.8,,S1+S2,1,0,,0.895,-0.974,INSURANCE,,,,,,,,-41.0,,-0.1,,OPEN,-48,-0.02,OPEN,0.95,0.93,0.24,0.72,-0.01,0.89,TREND-DOWN
2026-09-28,M11,NAM-INDIA,SELL,NORMAL SELL,280,10:25,625,1116.0,,S1+S3,1,0,,0.895,-3.544,CAPMKTS,,,,,,,,413.0,,0.84,,100% trail 13:20,327,0.84,100% trail 13:20,2.2,0.27,0.29,0.46,1.98,0.89,TREND-DOWN
2026-09-28,M11,OIL,SELL,SELL-EX1,201,10:25,625,467.2,,S1,1,0,,0.895,-1.673,OIL,,,,,,,,177.0,,0.51,,100% trail 13:30,89,0.51,100% trail 13:30,1.17,0.51,0.34,0.59,-0.17,0.89,TREND-DOWN
2026-09-28,M11,ONGC,SELL,NORMAL SELL,280,10:25,625,233.18,,S1,1,0,,0.895,-1.136,OIL,,,,,,,,234.0,,0.73,,100% trail 13:00,146,0.73,100% trail 13:00,2.2,0.17,0.31,0.89,1.36,0.89,TREND-DOWN
2026-09-28,M11,SBILIFE,SELL,SELL-EX1,201,09:55,595,1737.2,,S1+S2,1,0,,0.895,-0.276,INSURANCE,,,,,,,,190.0,,0.44,,OPEN,214,0.59,OPEN,0.78,0.57,0.77,0.77,0.52,0.89,TREND-DOWN
2026-09-28,M11,ULTRACEMCO,SELL,SELL-EX1,201,10:15,615,11030.0,,S1,1,0,,0.895,-1.121,CEMENT,,,,,,,,40.0,,0.22,,OPEN,-17,0.11,OPEN,1.08,0.62,0.97,0.97,0.05,0.89,TREND-DOWN
2026-09-28,M11,BAJFINANCE,SELL,SELL-EX1,201,10:35,635,976.1,,S1+S4,1,0,,0.895,-2.086,FIN,,,,,,,,-352.0,,-0.43,,OPEN,-496,-0.55,OPEN,0.09,0.55,0.09,0.09,-0.91,0.89,TREND-DOWN
2026-09-28,M11,BHARTIARTL,BUY,BUY-EX9,108,11:10,670,1775.9,,S1,1,0,,0.895,-0.532,TELECOM,,,,,,,,-53.0,,-0.28,,OPEN,-157,-0.66,OPEN,1.23,0.77,0.45,0.45,-0.25,0.89,TREND-DOWN
2026-09-28,M11,BRITANNIA,SELL,NORMAL SELL,280,10:35,635,4875.5,,S1,1,0,,0.895,-1.256,FMCG,,,,,,,,-280.0,,-1.0,,100% SL 13:55,-366,-1.0,100% SL 13:55,0.23,1.41,0.23,0.23,-0.81,0.89,TREND-DOWN
2026-09-28,M11,ETERNAL,SELL,SELL-EX1,201,10:45,645,330.55,,S1,1,0,,0.895,-1.328,NEWAGE,,,,,,,,8.0,,0.02,,OPEN,-102,-0.17,OPEN,0.76,0.53,0.15,0.15,-0.12,0.89,TREND-DOWN
2026-09-28,M11,HCLTECH,SELL,NORMAL SELL,280,11:10,670,1242.8,,S1,1,0,,0.895,-1.208,IT,,,,,,,,-358.0,,-1.0,,100% SL 13:05,-446,-1.0,100% SL 13:05,0.11,2.68,0.11,0.11,-0.79,0.89,TREND-DOWN
2026-09-28,M11,HEROMOTOCO,SELL,NORMAL SELL,280,11:00,660,5317.5,,S1,1,0,,0.895,-0.793,AUTO,,,,,,,,-280.0,,-1.0,,100% SL 12:10,-365,-1.0,100% SL 12:10,0.35,2.33,0.35,0.35,-1.36,0.89,TREND-DOWN
2026-09-28,M11,HINDALCO,BUY,BUY-EX9,108,11:15,675,964.2,,S1,1,0,,0.895,-1.31,MET,,,,,,,,-153.0,,-1.0,,100% SL 11:55,-240,-1.0,100% SL 11:55,0.37,3.04,0.37,0.37,-0.86,0.89,TREND-DOWN
2026-09-28,M11,IEX,SELL,SELL-EX1,201,10:30,630,111.32,,S1+S2,1,0,,0.895,-1.224,CAPMKTS,,,,,,,,58.0,,0.1,,OPEN,-55,-0.02,OPEN,0.28,0.65,0.28,0.28,-0.03,0.89,TREND-DOWN
2026-09-28,M11,NUVAMA,BUY,BUY-EX9,108,11:05,665,1636.9,,S3,1,0,,0.895,-2.647,CAPMKTS,,,,,,,,50.0,,0.06,,100% EOD 15:20,-17,0.06,100% EOD 15:20,0.56,0.48,0.41,0.54,-0.53,0.89,TREND-DOWN
2026-09-28,M11,PATANJALI,SELL,SELL-EX5,205,10:35,635,395.95,,S1+S4,1,0,,0.895,-1.98,FMCG,,,,,,,,756.0,,1.86,,OPEN,607,1.59,OPEN,3.2,0.87,0.12,0.54,1.3,0.89,TREND-DOWN
2026-09-28,M11,SOLARINDS,SELL,NORMAL SELL,280,11:05,665,19430.0,,S1,1,0,,0.895,-1.595,DEF,,,,,,,,730.0,,2.3,,OPEN,527,1.76,OPEN,2.86,0.31,0.79,1.04,1.44,0.89,TREND-DOWN
2026-09-28,M11,TIINDIA,SELL,SELL-EX1,201,11:05,665,2485.5,,S3,1,0,,0.895,-1.019,AUTO,,,,,,,,510.0,,0.75,,OPEN,488,0.78,OPEN,1.23,0.22,0.48,0.78,1.07,0.89,TREND-DOWN
2026-09-28,M11,TVSMOTOR,SELL,SELL-EX1,201,11:05,665,4119.0,,S2,1,0,,0.895,-0.921,AUTO,,,,,,,,375.0,,0.94,,100% trail 15:00,288,0.94,100% trail 15:00,1.85,0.28,0.79,0.86,0.58,0.89,TREND-DOWN
2026-09-28,M11,UNOMINDA,SELL,SELL-EX1,201,10:45,645,1200.5,,S3,1,0,,0.895,-1.437,AUTO,,,,,,,,372.0,,0.66,,100% trail 13:40,286,0.66,100% trail 13:40,2.31,0.31,0.67,1.06,2.29,0.89,TREND-DOWN
2026-09-28,M11,DIVISLAB,SELL,SELL-EX1,201,11:35,695,9573.0,,S1+S2,1,0,,0.895,-0.483,PHA,,,,,,,,93.0,,0.5,,100% trail 13:35,9,0.5,100% trail 13:35,1.71,0.45,0.77,1.34,0.24,0.89,TREND-DOWN
2026-09-28,M11,POWERINDIA,SELL,NORMAL SELL,280,11:30,690,30350.0,,S1,1,0,,0.895,-2.207,CAPGOODS,,,,,,,,-126.0,,-1.0,,100% SL 11:40,-180,-1.0,100% SL 11:40,2.78,1.27,0.28,0.28,0.3,0.89,TREND-DOWN
2026-09-28,M11,360ONE,SELL,ENTRY SELL,290,09:25,565,1055.1,,,0,0,scanner-table preview (90/290) — no chart label,0.895,-1.668,CAPMKTS,,,,,,,,,,,,,414,0.51,OPEN,0.6,0.31,0.21,0.21,0.96,0.89,TREND-DOWN
2026-09-28,M11,ABB,SELL,ENTRY SELL,290,09:20,560,6949.0,,,0,0,scanner-table preview (90/290) — no chart label,0.895,-1.468,CAPGOODS,,,,,,,,,,,,,-205,-0.3,OPEN,0.48,0.58,0.48,0.48,-0.34,0.89,TREND-DOWN
2026-09-28,M11,ABCAPITAL,SELL,ENTRY SELL,290,09:20,560,382.8,,,0,0,scanner-table preview (90/290) — no chart label,0.895,-1.846,FIN,,,,,,,,,,,,,-29,0.02,OPEN,0.33,0.28,0.33,0.33,0.03,0.89,TREND-DOWN
2026-09-28,M11,ADANIENSOL,SELL,ENTRY SELL,290,09:20,560,1319.2,,,0,0,scanner-table preview (90/290) — no chart label,0.895,-1.442,ENE,,,,,,,,,,,,,260,0.63,100% trail 12:10,2.4,0.36,0.22,0.52,2.37,0.89,TREND-DOWN
2026-09-28,M11,ADANIGREEN,SELL,ENTRY SELL,290,09:20,560,1282.0,,,0,0,scanner-table preview (90/290) — no chart label,0.895,-1.126,GREEN,,,,,,,,,,,,,1654,5.34,100% trail 14:45,6.71,0.31,0.57,3.23,3.67,0.89,TREND-DOWN
2026-09-28,M11,ADANIPORTS,SELL,ENTRY SELL,290,09:20,560,1777.0,,,0,0,scanner-table preview (90/290) — no chart label,0.895,-0.615,LOGISTICS,,,,,,,,,,,,,908,2.35,100% trail 13:35,2.65,0.05,0.74,1.01,1.87,0.89,TREND-DOWN
2026-09-28,M11,ADANIPOWER,SELL,ENTRY SELL,290,09:20,560,201.36,,,0,0,scanner-table preview (90/290) — no chart label,0.895,-0.686,ENE,,,,,,,,,,,,,1253,2.4,OPEN,2.76,0.16,0.53,1.09,2.59,0.89,TREND-DOWN
2026-09-28,M11,AMBUJACEM,SELL,ENTRY SELL,290,09:20,560,380.4,,,0,0,scanner-table preview (90/290) — no chart label,0.895,-0.886,CEMENT,,,,,,,,,,,,,552,1.4,100% trail 13:30,1.84,0.1,0.98,0.98,1.59,0.89,TREND-DOWN
2026-09-28,M11,ANGELONE,SELL,ENTRY SELL,290,09:20,560,279.45,,,0,0,scanner-table preview (90/290) — no chart label,0.895,-2.969,CAPMKTS,,,,,,,,,,,,,3,0.05,OPEN,0.25,0.5,0.22,0.22,0.09,0.89,TREND-DOWN
2026-09-28,M11,APLAPOLLO,SELL,ENTRY SELL,290,09:20,560,2196.7,,,0,0,scanner-table preview (90/290) — no chart label,0.895,-0.813,MET,,,,,,,,,,,,,95,0.6,100% trail 10:50,1.58,0.46,0.62,0.82,-0.01,0.89,TREND-DOWN
2026-09-28,M11,APOLLOHOSP,SELL,ENTRY SELL,290,09:20,560,8814.0,,,0,0,scanner-table preview (90/290) — no chart label,0.895,-0.844,HOSPITALS,,,,,,,,,,,,,-482,-1.0,100% SL 10:00,0.12,1.1,0.12,0.12,-0.52,0.89,TREND-DOWN
2026-09-28,M11,ASHOKLEY,SELL,ENTRY SELL,290,09:20,560,156.5,,,0,0,scanner-table preview (90/290) — no chart label,0.895,-1.622,AUTO,,,,,,,,,,,,,366,0.53,OPEN,0.73,0.34,0.08,0.08,0.82,0.89,TREND-DOWN
2026-09-28,M11,ASTRAL,SELL,ENTRY SELL,290,09:20,560,1381.7,,,0,0,scanner-table preview (90/290) — no chart label,0.895,-1.237,BUILDMAT,,,,,,,,,,,,,216,0.73,100% trail 11:25,1.57,0.26,0.97,0.97,0.81,0.89,TREND-DOWN
2026-09-28,M11,AUBANK,SELL,ENTRY SELL,290,09:20,560,1004.9,,,0,0,scanner-table preview (90/290) — no chart label,0.895,-1.287,BANK,,,,,,,,,,,,,183,0.71,100% trail 13:30,1.25,0.21,0.87,0.87,0.96,0.89,TREND-DOWN
2026-09-28,M11,AUROPHARMA,SELL,ENTRY SELL,290,09:20,560,1698.4,,,0,0,scanner-table preview (90/290) — no chart label,0.895,-0.794,PHA,,,,,,,,,,,,,-15,0.07,OPEN,0.85,0.48,0.33,0.8,0.05,0.89,TREND-DOWN
2026-09-28,M11,BAJAJ-AUTO,SELL,ENTRY SELL,290,09:20,560,11180.0,,,0,0,scanner-table preview (90/290) — no chart label,0.895,-0.895,AUTO,,,,,,,,,,,,,96,0.57,100% trail 10:45,2.94,0.35,0.49,0.98,1.4,0.89,TREND-DOWN
2026-09-28,M11,BAJAJHLDNG,SELL,ENTRY SELL,290,09:25,565,10800.0,,,0,0,scanner-table preview (90/290) — no chart label,0.895,-1.28,FIN,,,,,,,,,,,,,-36,0.0,OPEN,0.06,0.83,0.06,0.06,-0.0,0.89,TREND-DOWN
2026-09-28,M11,BAJFINANCE,SELL,ENTRY SELL,290,09:20,560,979.7,,,0,0,scanner-table preview (90/290) — no chart label,0.895,-1.725,FIN,,,,,,,,,,,,,-312,-0.42,OPEN,0.41,0.42,0.23,0.23,-0.54,0.89,TREND-DOWN
2026-09-28,M11,BANKBARODA,SELL,ENTRY SELL,290,09:20,560,232.44,,,0,0,scanner-table preview (90/290) — no chart label,0.895,-1.199,PSUBK,,,,,,,,,,,,,608,1.27,100% trail 13:40,1.94,0.18,0.39,0.68,2.13,0.89,TREND-DOWN
2026-09-28,M11,BANKINDIA,SELL,ENTRY SELL,290,09:20,560,135.29,,,0,0,scanner-table preview (90/290) — no chart label,0.895,-1.921,PSUBK,,,,,,,,,,,,,1914,2.67,OPEN,2.93,0.2,0.8,1.08,3.92,0.89,TREND-DOWN
2026-09-28,M11,BDL,SELL,ENTRY SELL,290,09:20,560,1130.7,,,0,0,scanner-table preview (90/290) — no chart label,0.895,-0.816,DEF,,,,,,,,,,,,,327,1.12,100% trail 09:40,2.28,0.08,1.38,1.38,1.39,0.89,TREND-DOWN
2026-09-28,M11,BEL,SELL,ENTRY SELL,290,09:20,560,388.2,,,0,0,scanner-table preview (90/290) — no chart label,0.895,-1.359,DEF,,,,,,,,,,,,,304,0.54,OPEN,0.81,0.03,0.22,0.22,0.7,0.89,TREND-DOWN
2026-09-28,M11,BHARATFORG,SELL,ENTRY SELL,290,09:20,560,1984.1,,,0,0,scanner-table preview (90/290) — no chart label,0.895,-1.19,AUTO,,,,,,,,,,,,,193,1.07,100% trail 13:10,3.11,0.6,0.3,0.4,1.37,0.89,TREND-DOWN
2026-09-28,M11,BIOCON,SELL,ENTRY SELL,290,09:20,560,377.25,,,0,0,scanner-table preview (90/290) — no chart label,0.895,-1.282,PHA,,,,,,,,,,,,,268,0.6,OPEN,0.76,0.61,0.55,0.55,0.62,0.89,TREND-DOWN
2026-09-28,M11,BPCL,SELL,ENTRY SELL,290,09:20,560,305.25,,,0,0,scanner-table preview (90/290) — no chart label,0.895,-1.053,OIL,,,,,,,,,,,,,213,0.7,100% trail 13:35,1.63,0.5,0.79,0.79,0.98,0.89,TREND-DOWN
2026-09-28,M11,CANBK,SELL,ENTRY SELL,290,09:20,560,123.28,,,0,0,scanner-table preview (90/290) — no chart label,0.895,-1.368,PSUBK,,,,,,,,,,,,,523,1.43,100% trail 11:30,2.87,0.05,0.93,1.44,2.13,0.89,TREND-DOWN
2026-09-28,M11,CDSL,SELL,ENTRY SELL,290,09:25,565,1305.0,,,0,0,scanner-table preview (90/290) — no chart label,0.895,-0.986,CAPMKTS,,,,,,,,,,,,,566,1.3,OPEN,1.5,0.41,0.87,0.87,1.23,0.89,TREND-DOWN
2026-09-28,M11,CGPOWER,SELL,ENTRY SELL,290,09:20,560,873.25,,,0,0,scanner-table preview (90/290) — no chart label,0.895,-1.439,CAPGOODS,,,,,,,,,,,,,428,0.85,OPEN,0.98,0.55,0.38,0.38,0.94,0.89,TREND-DOWN
2026-09-28,M11,CHOLAFIN,SELL,ENTRY SELL,290,09:20,560,1637.6,,,0,0,scanner-table preview (90/290) — no chart label,0.895,-1.51,FIN,,,,,,,,,,,,,61,0.15,OPEN,0.72,0.64,0.72,0.72,0.21,0.89,TREND-DOWN
2026-09-28,M11,COLPAL,SELL,ENTRY SELL,290,09:20,560,1839.4,,,0,0,scanner-table preview (90/290) — no chart label,0.895,-0.884,FMCG,,,,,,,,,,,,,-438,-1.0,100% SL 12:00,0.96,1.43,0.35,0.35,-0.35,0.89,TREND-DOWN
2026-09-28,M11,CONCOR,SELL,ENTRY SELL,290,09:20,560,456.3,,,0,0,scanner-table preview (90/290) — no chart label,0.895,-1.127,LOGISTICS,,,,,,,,,,,,,170,0.56,100% trail 12:25,1.62,0.2,0.62,0.62,1.38,0.89,TREND-DOWN
2026-09-28,M11,CROMPTON,SELL,ENTRY SELL,290,09:20,560,216.36,,,0,0,scanner-table preview (90/290) — no chart label,0.895,-1.025,CDUR,,,,,,,,,,,,,-697,-1.0,100% SL 11:40,0.7,1.87,0.7,0.7,-1.13,0.89,TREND-DOWN
2026-09-28,M11,CUMMINSIND,SELL,ENTRY SELL,290,09:20,560,4872.0,,,0,0,scanner-table preview (90/290) — no chart label,0.895,-1.476,CAPGOODS,,,,,,,,,,,,,254,0.69,100% trail 15:10,1.05,0.37,0.09,0.14,0.35,0.89,TREND-DOWN
2026-09-28,M11,DELHIVERY,SELL,ENTRY SELL,290,09:20,560,415.9,,,0,0,scanner-table preview (90/290) — no chart label,0.895,-1.609,LOGISTICS,,,,,,,,,,,,,893,1.59,100% trail 15:05,2.11,0.19,0.91,1.33,2.02,0.89,TREND-DOWN
2026-09-28,M11,DIVISLAB,SELL,ENTRY SELL,290,09:20,560,9581.5,,,0,0,scanner-table preview (90/290) — no chart label,0.895,-0.395,PHA,,,,,,,,,,,,,51,0.42,100% trail 13:35,1.12,0.79,0.35,0.35,0.33,0.89,TREND-DOWN
2026-09-28,M11,DLF,SELL,ENTRY SELL,290,09:20,560,671.0,,,0,0,scanner-table preview (90/290) — no chart label,0.895,-1.757,REALTY,,,,,,,,,,,,,62,0.43,100% trail 11:35,1.57,0.22,1.26,1.34,1.11,0.89,TREND-DOWN
2026-09-28,M11,EICHERMOT,SELL,ENTRY SELL,290,09:20,560,7293.0,,,0,0,scanner-table preview (90/290) — no chart label,0.895,-0.91,AUTO,,,,,,,,,,,,,238,2.11,100% trail 12:50,4.17,0.52,0.88,1.64,1.09,0.89,TREND-DOWN
2026-09-28,M11,EXIDEIND,SELL,ENTRY SELL,290,09:20,560,419.75,,,0,0,scanner-table preview (90/290) — no chart label,0.895,-0.921,AUTO,,,,,,,,,,,,,402,1.4,100% trail 11:35,2.99,0.36,1.14,1.14,1.99,0.89,TREND-DOWN
2026-09-28,M11,FORCEMOT,SELL,ENTRY SELL,290,09:20,560,17147.0,,,0,0,scanner-table preview (90/290) — no chart label,0.895,-1.386,AUTO,,,,,,,,,,,,,-278,-1.0,100% SL 10:00,0.94,1.9,0.25,0.25,0.27,0.89,TREND-DOWN
2026-09-28,M11,FORTIS,SELL,ENTRY SELL,290,09:20,560,828.85,,,0,0,scanner-table preview (90/290) — no chart label,0.895,-1.074,HOSPITALS,,,,,,,,,,,,,58,0.22,100% trail 11:30,1.02,0.61,0.75,1.02,-0.23,0.89,TREND-DOWN
2026-09-28,M11,GAIL,BUY,ENTRY BUY,90,09:20,560,174.27,,,0,0,scanner-table preview (90/290) — no chart label,0.895,0.909,OIL,,,,,,,,,,,,,-860,-1.0,100% SL 10:20,0.11,1.19,0.11,0.11,-1.04,0.89,TREND-DOWN
2026-09-28,M11,GMRAIRPORT,SELL,ENTRY SELL,290,09:20,560,96.74,,,0,0,scanner-table preview (90/290) — no chart label,0.895,-1.235,INFRA,,,,,,,,,,,,,1090,3.87,100% trail 14:55,4.54,0.2,1.19,1.19,2.06,0.89,TREND-DOWN
2026-09-28,M11,GODREJCP,SELL,ENTRY SELL,290,09:20,560,864.55,,,0,0,scanner-table preview (90/290) — no chart label,0.895,-1.756,FMCG,,,,,,,,,,,,,-238,-0.31,OPEN,0.43,0.53,0.32,0.37,-0.4,0.89,TREND-DOWN
2026-09-28,M11,GVT&D,SELL,ENTRY SELL,290,09:25,565,4232.1,,,0,0,scanner-table preview (90/290) — no chart label,0.895,-1.119,CAPGOODS,,,,,,,,,,,,,393,0.87,100% trail 13:25,1.12,0.34,0.28,0.28,0.69,0.89,TREND-DOWN
2026-09-28,M11,HAL,SELL,ENTRY SELL,290,09:20,560,4739.1,,,0,0,scanner-table preview (90/290) — no chart label,0.895,-1.269,DEF,,,,,,,,,,,,,-406,-1.0,100% SL 10:00,0.57,1.22,0.54,0.54,0.02,0.89,TREND-DOWN
2026-09-28,M11,HAVELLS,SELL,ENTRY SELL,290,09:20,560,1085.0,,,0,0,scanner-table preview (90/290) — no chart label,0.895,-1.049,CDUR,,,,,,,,,,,,,-42,0.0,OPEN,0.97,0.27,0.36,0.36,-0.0,0.89,TREND-DOWN
2026-09-28,M11,HDFCBANK,SELL,ENTRY SELL,290,09:20,560,725.5,,,0,0,scanner-table preview (90/290) — no chart label,0.895,-1.373,BANK,,,,,,,,,,,,,397,0.88,OPEN,0.98,0.16,0.52,0.53,0.89,0.89,TREND-DOWN
2026-09-28,M11,HINDALCO,SELL,ENTRY SELL,290,09:20,560,955.0,,,0,0,scanner-table preview (90/290) — no chart label,0.895,-2.252,MET,,,,,,,,,,,,,-89,-0.08,OPEN,0.32,0.87,0.32,0.32,-0.09,0.89,TREND-DOWN
2026-09-28,M11,HINDPETRO,SELL,ENTRY SELL,290,09:20,560,347.0,,,0,0,scanner-table preview (90/290) — no chart label,0.895,-1.14,OIL,,,,,,,,,,,,,613,3.45,OPEN,4.62,0.34,1.97,1.97,1.31,0.89,TREND-DOWN
2026-09-28,M11,HINDUNILVR,SELL,ENTRY SELL,290,09:20,560,1915.8,,,0,0,scanner-table preview (90/290) — no chart label,0.895,-1.395,FMCG,,,,,,,,,,,,,379,1.01,100% trail 15:10,1.24,0.1,0.45,0.45,1.03,0.89,TREND-DOWN
2026-09-28,M11,HYUNDAI,SELL,ENTRY SELL,290,09:20,560,2095.0,,,0,0,scanner-table preview (90/290) — no chart label,0.895,-0.946,AUTO,,,,,,,,,,,,,856,2.33,100% trail 14:05,3.1,0.29,0.91,1.2,2.11,0.89,TREND-DOWN
2026-09-28,M11,ICICIBANK,SELL,ENTRY SELL,290,09:25,565,1312.5,,,0,0,scanner-table preview (90/290) — no chart label,0.895,-1.078,BANK,,,,,,,,,,,,,153,0.65,100% trail 11:30,1.27,0.22,0.92,1.18,0.8,0.89,TREND-DOWN
2026-09-28,M11,IDEA,SELL,ENTRY SELL,290,09:20,560,13.93,,,0,0,scanner-table preview (90/290) — no chart label,0.895,-2.314,TELECOM,,,,,,,,,,,,,1198,1.41,100% trail 14:45,1.67,0.37,0.27,0.27,3.3,0.89,TREND-DOWN
2026-09-28,M11,IDFCFIRSTB,SELL,ENTRY SELL,290,09:25,565,82.05,,,0,0,scanner-table preview (90/290) — no chart label,0.895,-2.088,BANK,,,,,,,,,,,,,871,1.02,OPEN,1.07,0.06,0.34,0.37,1.83,0.89,TREND-DOWN
2026-09-28,M11,IEX,SELL,ENTRY SELL,290,09:20,560,111.77,,,0,0,scanner-table preview (90/290) — no chart label,0.895,-0.825,CAPMKTS,,,,,,,,,,,,,146,0.44,OPEN,0.86,0.87,0.33,0.33,0.38,0.89,TREND-DOWN
2026-09-28,M11,INDHOTEL,SELL,ENTRY SELL,290,09:20,560,716.35,,,0,0,scanner-table preview (90/290) — no chart label,0.895,-1.438,TRAVEL,,,,,,,,,,,,,-221,-0.45,100% trail 11:50,1.41,0.85,1.12,1.12,0.75,0.89,TREND-DOWN
2026-09-28,M11,INDIANB,SELL,ENTRY SELL,290,09:20,560,826.2,,,0,0,scanner-table preview (90/290) — no chart label,0.895,-0.697,PSUBK,,,,,,,,,,,,,1383,3.98,OPEN,4.09,0.37,0.73,1.11,2.87,0.89,TREND-DOWN
2026-09-28,M11,INDIGO,SELL,ENTRY SELL,290,09:20,560,4889.0,,,0,0,scanner-table preview (90/290) — no chart label,0.895,-1.032,TRAVEL,,,,,,,,,,,,,189,1.72,100% trail 11:30,2.72,1.06,0.44,1.0,0.3,0.89,TREND-DOWN
2026-09-28,M11,INDUSTOWER,SELL,ENTRY SELL,290,09:20,560,368.15,,,0,0,scanner-table preview (90/290) — no chart label,0.895,-1.735,TELECOM,,,,,,,,,,,,,909,1.56,100% trail 15:05,2.66,0.46,0.34,0.34,2.21,0.89,TREND-DOWN
2026-09-28,M11,INOXWIND,SELL,ENTRY SELL,290,09:20,560,73.88,,,0,0,scanner-table preview (90/290) — no chart label,0.895,-1.164,GREEN,,,,,,,,,,,,,179,0.55,100% trail 12:30,2.61,0.5,0.64,0.64,2.54,0.89,TREND-DOWN
2026-09-28,M11,IOC,SELL,ENTRY SELL,290,09:20,560,134.47,,,0,0,scanner-table preview (90/290) — no chart label,0.895,-0.906,OIL,,,,,,,,,,,,,165,0.75,100% trail 12:30,1.55,0.27,0.83,0.83,0.86,0.89,TREND-DOWN
2026-09-28,M11,IREDA,SELL,ENTRY SELL,290,09:20,560,112.0,,,0,0,scanner-table preview (90/290) — no chart label,0.895,-1.078,FIN,,,,,,,,,,,,,-661,-1.0,100% SL 10:00,0.11,4.21,0.11,0.11,-2.52,0.89,TREND-DOWN
2026-09-28,M11,IRFC,SELL,ENTRY SELL,290,09:20,560,78.85,,,0,0,scanner-table preview (90/290) — no chart label,0.895,-1.376,RAILWAYS,,,,,,,,,,,,,148,0.27,OPEN,0.41,0.98,0.28,0.28,0.38,0.89,TREND-DOWN
2026-09-28,M11,ITC,SELL,ENTRY SELL,290,09:20,560,267.3,,,0,0,scanner-table preview (90/290) — no chart label,0.895,-0.632,FMCG,,,,,,,,,,,,,351,1.02,OPEN,1.02,0.27,0.37,0.9,0.79,0.89,TREND-DOWN
2026-09-28,M11,JINDALSTEL,SELL,ENTRY SELL,290,09:25,565,1149.6,,,0,0,scanner-table preview (90/290) — no chart label,0.895,-1.305,MET,,,,,,,,,,,,,388,1.13,OPEN,1.76,0.85,0.31,0.31,0.87,0.89,TREND-DOWN
2026-09-28,M11,JIOFIN,SELL,ENTRY SELL,290,09:20,560,224.89,,,0,0,scanner-table preview (90/290) — no chart label,0.895,-0.93,FIN,,,,,,,,,,,,,186,0.63,100% trail 11:45,2.95,0.12,1.17,1.17,1.95,0.89,TREND-DOWN
2026-09-28,M11,JSWENERGY,SELL,ENTRY SELL,290,09:20,560,502.0,,,0,0,scanner-table preview (90/290) — no chart label,0.895,-0.898,ENE,,,,,,,,,,,,,299,1.53,100% trail 11:25,3.0,1.18,1.33,2.25,1.39,0.89,TREND-DOWN
2026-09-28,M11,JSWSTEEL,SELL,ENTRY SELL,290,09:25,565,1265.8,,,0,0,scanner-table preview (90/290) — no chart label,0.895,-0.877,MET,,,,,,,,,,,,,94,0.42,100% trail 15:15,1.06,0.72,0.39,0.39,0.13,0.89,TREND-DOWN
2026-09-28,M11,JUBLFOOD,SELL,ENTRY SELL,290,09:20,560,482.75,,,0,0,scanner-table preview (90/290) — no chart label,0.895,-0.371,CONSUMPTION,,,,,,,,,,,,,375,1.37,OPEN,2.12,0.78,0.88,0.88,0.84,0.89,TREND-DOWN
2026-09-28,M11,KALYANKJIL,SELL,ENTRY SELL,290,09:20,560,563.1,,,0,0,scanner-table preview (90/290) — no chart label,0.895,-1.728,CDUR,,,,,,,,,,,,,-114,-0.08,OPEN,0.33,0.45,0.33,0.33,-0.16,0.89,TREND-DOWN
2026-09-28,M11,KEI,SELL,ENTRY SELL,290,09:20,560,4616.5,,,0,0,scanner-table preview (90/290) — no chart label,0.895,-1.22,CAPGOODS,,,,,,,,,,,,,340,1.1,100% trail 12:05,2.69,0.48,0.68,0.69,2.18,0.89,TREND-DOWN
2026-09-28,M11,KOTAKBANK,SELL,ENTRY SELL,290,09:20,560,398.05,,,0,0,scanner-table preview (90/290) — no chart label,0.895,-1.473,BANK,,,,,,,,,,,,,-592,-1.0,100% SL 14:00,0.51,1.39,0.51,0.51,-0.88,0.89,TREND-DOWN
2026-09-28,M11,KPITTECH,SELL,ENTRY SELL,290,09:20,560,514.4,,,0,0,scanner-table preview (90/290) — no chart label,0.895,-0.963,IT,,,,,,,,,,,,,140,0.61,100% trail 12:10,2.18,0.3,0.94,0.94,1.05,0.89,TREND-DOWN
2026-09-28,M11,LAURUSLABS,SELL,ENTRY SELL,290,09:25,565,1986.6,,,0,0,scanner-table preview (90/290) — no chart label,0.895,-1.016,PHA,,,,,,,,,,,,,-591,-1.0,100% SL 09:50,0.05,1.28,0.05,0.05,-1.21,0.89,TREND-DOWN
2026-09-28,M11,LODHA,SELL,ENTRY SELL,290,09:20,560,1144.1,,,0,0,scanner-table preview (90/290) — no chart label,0.895,-1.794,REALTY,,,,,,,,,,,,,1120,1.4,OPEN,1.49,0.37,0.5,0.75,2.36,0.89,TREND-DOWN
2026-09-28,M11,LT,SELL,ENTRY SELL,290,09:20,560,3837.6,,,0,0,scanner-table preview (90/290) — no chart label,0.895,-0.996,INFRA,,,,,,,,,,,,,884,3.73,OPEN,3.73,0.5,0.7,0.92,1.86,0.89,TREND-DOWN
2026-09-28,M11,LTF,SELL,ENTRY SELL,290,09:20,560,280.3,,,0,0,scanner-table preview (90/290) — no chart label,0.895,-1.303,FIN,,,,,,,,,,,,,-579,-1.0,100% SL 11:50,0.83,1.14,0.83,0.83,-0.2,0.89,TREND-DOWN
2026-09-28,M11,LTM,SELL,ENTRY SELL,290,09:20,560,4047.2,,,0,0,scanner-table preview (90/290) — no chart label,0.895,-0.877,IT,,,,,,,,,,,,,-525,-1.0,100% SL 11:00,0.74,2.33,0.74,0.74,-1.09,0.89,TREND-DOWN
2026-09-28,M11,M&M,SELL,ENTRY SELL,290,09:20,560,2998.0,,,0,0,scanner-table preview (90/290) — no chart label,0.895,-1.219,AUTO,,,,,,,,,,,,,8,0.13,OPEN,0.9,0.34,0.52,0.52,0.1,0.89,TREND-DOWN
2026-09-28,M11,MANKIND,SELL,ENTRY SELL,290,09:25,565,2473.7,,,0,0,scanner-table preview (90/290) — no chart label,0.895,-0.048,PHA,,,,,,,,,,,,,421,2.0,100% trail 11:55,3.0,1.09,0.57,1.09,1.54,0.89,TREND-DOWN
2026-09-28,M11,MAXHEALTH,SELL,ENTRY SELL,290,09:20,560,993.4,,,0,0,scanner-table preview (90/290) — no chart label,0.895,-2.032,HOSPITALS,,,,,,,,,,,,,-377,-0.38,OPEN,0.22,0.9,0.22,0.22,-0.67,0.89,TREND-DOWN
2026-09-28,M11,MAZDOCK,SELL,ENTRY SELL,290,09:20,560,2168.5,,,0,0,scanner-table preview (90/290) — no chart label,0.895,-1.414,DEF,,,,,,,,,,,,,660,1.26,OPEN,1.55,0.25,0.56,0.56,1.41,0.89,TREND-DOWN
2026-09-28,M11,MCX,SELL,ENTRY SELL,290,09:25,565,3279.1,,,0,0,scanner-table preview (90/290) — no chart label,0.895,-1.377,CAPMKTS,,,,,,,,,,,,,-545,-1.0,100% SL 10:10,0.9,1.37,0.32,0.32,0.48,0.89,TREND-DOWN
2026-09-28,M11,MOTHERSON,SELL,ENTRY SELL,290,09:20,560,163.45,,,0,0,scanner-table preview (90/290) — no chart label,0.895,-1.364,AUTO,,,,,,,,,,,,,287,0.52,OPEN,0.95,0.61,0.38,0.38,0.66,0.89,TREND-DOWN
2026-09-28,M11,MOTILALOFS,SELL,ENTRY SELL,290,09:20,560,1008.8,,,0,0,scanner-table preview (90/290) — no chart label,0.895,-1.963,CAPMKTS,,,,,,,,,,,,,-175,-0.15,OPEN,0.48,0.53,0.48,0.48,-0.28,0.89,TREND-DOWN
2026-09-28,M11,MUTHOOTFIN,SELL,ENTRY SELL,290,09:25,565,2779.9,,,0,0,scanner-table preview (90/290) — no chart label,0.895,-1.944,FIN,,,,,,,,,,,,,298,0.76,OPEN,0.86,0.8,0.39,0.39,0.72,0.89,TREND-DOWN
2026-09-28,M11,NAM-INDIA,SELL,ENTRY SELL,290,09:20,560,1120.0,,,0,0,scanner-table preview (90/290) — no chart label,0.895,-3.198,CAPMKTS,,,,,,,,,,,,,654,0.77,OPEN,0.84,0.21,0.08,0.08,2.33,0.89,TREND-DOWN
2026-09-28,M11,NATIONALUM,SELL,ENTRY SELL,290,09:20,560,346.3,,,0,0,scanner-table preview (90/290) — no chart label,0.895,-3.457,MET,,,,,,,,,,,,,-320,-0.32,OPEN,0.23,0.44,0.2,0.2,-0.78,0.89,TREND-DOWN
2026-09-28,M11,NBCC,SELL,ENTRY SELL,290,09:20,560,81.69,,,0,0,scanner-table preview (90/290) — no chart label,0.895,-1.412,PSE,,,,,,,,,,,,,337,1.11,100% trail 13:25,2.67,0.43,1.25,1.25,1.81,0.89,TREND-DOWN
2026-09-28,M11,NESTLEIND,SELL,ENTRY SELL,290,09:20,560,1346.7,,,0,0,scanner-table preview (90/290) — no chart label,0.895,-1.167,FMCG,,,,,,,,,,,,,-205,-1.0,100% SL 09:40,0.79,3.15,0.38,0.38,0.05,0.89,TREND-DOWN
2026-09-28,M11,NHPC,SELL,ENTRY SELL,290,09:20,560,75.28,,,0,0,scanner-table preview (90/290) — no chart label,0.895,-0.947,ENE,,,,,,,,,,,,,420,1.33,100% trail 14:55,1.66,0.33,0.26,0.28,1.04,0.89,TREND-DOWN
2026-09-28,M11,NMDC,SELL,ENTRY SELL,290,09:25,565,79.46,,,0,0,scanner-table preview (90/290) — no chart label,0.895,-0.551,MET,,,,,,,,,,,,,1235,1.5,OPEN,1.49,0.39,0.38,0.38,2.55,0.89,TREND-DOWN
2026-09-28,M11,NTPC,SELL,ENTRY SELL,290,09:20,560,324.25,,,0,0,scanner-table preview (90/290) — no chart label,0.895,-0.72,ENE,,,,,,,,,,,,,87,0.51,100% trail 11:35,1.82,0.29,0.56,1.22,0.97,0.89,TREND-DOWN
2026-09-28,M11,OBEROIRLTY,SELL,ENTRY SELL,290,09:25,565,1839.9,,,0,0,scanner-table preview (90/290) — no chart label,0.895,-1.001,REALTY,,,,,,,,,,,,,-98,-0.04,100% trail 10:40,1.7,1.44,1.4,1.4,0.54,0.89,TREND-DOWN
2026-09-28,M11,OIL,SELL,ENTRY SELL,290,09:20,560,468.0,,,0,0,scanner-table preview (90/290) — no chart label,0.895,-1.505,OIL,,,,,,,,,,,,,-42,0.0,OPEN,0.67,0.41,0.07,0.07,-0.0,0.89,TREND-DOWN
2026-09-28,M11,ONGC,SELL,ENTRY SELL,290,09:20,560,233.4,,,0,0,scanner-table preview (90/290) — no chart label,0.895,-1.043,OIL,,,,,,,,,,,,,193,0.61,100% trail 13:00,1.65,0.58,0.08,0.08,1.46,0.89,TREND-DOWN
2026-09-28,M11,PATANJALI,SELL,ENTRY SELL,290,09:20,560,396.2,,,0,0,scanner-table preview (90/290) — no chart label,0.895,-1.919,FMCG,,,,,,,,,,,,,638,0.95,OPEN,1.87,0.51,0.02,0.02,1.36,0.89,TREND-DOWN
2026-09-28,M11,PAYTM,SELL,ENTRY SELL,290,09:25,565,1641.2,,,0,0,scanner-table preview (90/290) — no chart label,0.895,-1.959,NEWAGE,,,,,,,,,,,,,-863,-1.0,100% SL 12:40,0.55,1.37,0.17,0.17,0.33,0.89,TREND-DOWN
2026-09-28,M11,PERSISTENT,SELL,ENTRY SELL,290,09:20,560,5322.0,,,0,0,scanner-table preview (90/290) — no chart label,0.895,-0.931,IT,,,,,,,,,,,,,-98,-0.12,OPEN,0.64,0.82,0.64,0.64,-0.12,0.89,TREND-DOWN
2026-09-28,M11,PFC,SELL,ENTRY SELL,290,09:20,560,334.95,,,0,0,scanner-table preview (90/290) — no chart label,0.895,-0.902,FIN,,,,,,,,,,,,,327,0.91,100% trail 11:30,1.91,0.08,1.14,1.6,1.48,0.89,TREND-DOWN
2026-09-28,M11,PHOENIXLTD,SELL,ENTRY SELL,290,09:25,565,1953.8,,,0,0,scanner-table preview (90/290) — no chart label,0.895,-1.243,REALTY,,,,,,,,,,,,,-1,0.1,OPEN,0.83,0.57,0.62,0.62,0.08,0.89,TREND-DOWN
2026-09-28,M11,PNB,SELL,ENTRY SELL,290,09:20,560,115.07,,,0,0,scanner-table preview (90/290) — no chart label,0.895,-1.312,PSUBK,,,,,,,,,,,,,572,1.13,100% trail 13:10,1.96,0.09,0.57,1.0,2.15,0.89,TREND-DOWN
2026-09-28,M11,PNBHOUSING,SELL,ENTRY SELL,290,09:20,560,1073.9,,,0,0,scanner-table preview (90/290) — no chart label,0.895,-1.918,FIN,,,,,,,,,,,,,-655,-1.0,100% SL 10:45,0.69,1.96,0.69,0.69,-1.03,0.89,TREND-DOWN
2026-09-28,M11,POLYCAB,SELL,ENTRY SELL,290,09:20,560,8337.0,,,0,0,scanner-table preview (90/290) — no chart label,0.895,-0.85,CAPGOODS,,,,,,,,,,,,,509,2.13,100% trail 11:45,2.87,0.5,1.13,1.92,1.75,0.89,TREND-DOWN
2026-09-28,M11,POWERGRID,SELL,ENTRY SELL,290,09:20,560,266.55,,,0,0,scanner-table preview (90/290) — no chart label,0.895,-1.095,ENE,,,,,,,,,,,,,837,1.71,OPEN,1.71,0.27,0.29,0.53,1.76,0.89,TREND-DOWN
2026-09-28,M11,PREMIERENE,SELL,ENTRY SELL,290,09:20,560,887.4,,,0,0,scanner-table preview (90/290) — no chart label,0.895,-1.004,GREEN,,,,,,,,,,,,,-721,-1.03,100% SL 11:30,0.4,2.27,0.4,0.4,-2.1,0.89,TREND-DOWN
2026-09-28,M11,PRESTIGE,SELL,ENTRY SELL,290,09:20,560,1449.5,,,0,0,scanner-table preview (90/290) — no chart label,0.895,-1.915,REALTY,,,,,,,,,,,,,-417,-1.0,100% trail 10:35,1.25,2.2,1.25,1.25,-1.47,0.89,TREND-DOWN
2026-09-28,M11,RBLBANK,SELL,ENTRY SELL,290,09:25,565,408.4,,,0,0,scanner-table preview (90/290) — no chart label,0.895,-1.602,BANK,,,,,,,,,,,,,129,0.27,OPEN,0.75,0.62,0.75,0.75,0.34,0.89,TREND-DOWN
2026-09-28,M11,RECLTD,SELL,ENTRY SELL,290,09:20,560,308.7,,,0,0,scanner-table preview (90/290) — no chart label,0.895,-1.358,FIN,,,,,,,,,,,,,72,0.44,100% trail 11:25,2.41,0.49,1.11,1.79,1.77,0.89,TREND-DOWN
2026-09-28,M11,RELIANCE,SELL,ENTRY SELL,290,09:20,560,1214.0,,,0,0,scanner-table preview (90/290) — no chart label,0.895,-0.979,ENE,,,,,,,,,,,,,630,2.76,OPEN,2.79,0.29,0.96,0.96,1.35,0.89,TREND-DOWN
2026-09-28,M11,RVNL,SELL,ENTRY SELL,290,09:20,560,204.52,,,0,0,scanner-table preview (90/290) — no chart label,0.895,-1.198,RAILWAYS,,,,,,,,,,,,,212,0.77,100% trail 14:45,1.39,0.75,0.91,0.91,0.87,0.89,TREND-DOWN
2026-09-28,M11,SAIL,SELL,ENTRY SELL,290,09:25,565,183.59,,,0,0,scanner-table preview (90/290) — no chart label,0.895,-0.762,MET,,,,,,,,,,,,,-719,-1.0,100% SL 14:05,0.36,1.94,0.36,0.36,-0.33,0.89,TREND-DOWN
2026-09-28,M11,SBIN,SELL,ENTRY SELL,290,09:20,560,974.1,,,0,0,scanner-table preview (90/290) — no chart label,0.895,-0.905,PSUBK,,,,,,,,,,,,,326,1.14,100% trail 10:45,2.54,0.14,1.11,1.44,1.24,0.89,TREND-DOWN
2026-09-28,M11,SHRIRAMFIN,SELL,ENTRY SELL,290,09:25,565,978.9,,,0,0,scanner-table preview (90/290) — no chart label,0.895,-1.529,FIN,,,,,,,,,,,,,91,0.21,OPEN,0.7,0.46,0.27,0.27,0.27,0.89,TREND-DOWN
2026-09-28,M11,SIEMENS,SELL,ENTRY SELL,290,09:20,560,3814.4,,,0,0,scanner-table preview (90/290) — no chart label,0.895,-1.615,CAPGOODS,,,,,,,,,,,,,334,0.59,OPEN,0.87,0.32,0.46,0.46,0.76,0.89,TREND-DOWN
2026-09-28,M11,SONACOMS,SELL,ENTRY SELL,290,09:20,560,811.1,,,0,0,scanner-table preview (90/290) — no chart label,0.895,-1.625,AUTO,,,,,,,,,,,,,-891,-1.0,100% SL 11:45,0.35,1.23,0.26,0.26,0.39,0.89,TREND-DOWN
2026-09-28,M11,TATAELXSI,SELL,ENTRY SELL,290,09:20,560,3182.7,,,0,0,scanner-table preview (90/290) — no chart label,0.895,-0.132,IT,,,,,,,,,,,,,216,1.04,100% trail 09:45,1.09,1.55,1.09,1.09,-0.26,0.89,TREND-DOWN
2026-09-28,M11,TATAPOWER,SELL,ENTRY SELL,290,09:20,560,363.25,,,0,0,scanner-table preview (90/290) — no chart label,0.895,-1.156,ENE,,,,,,,,,,,,,143,0.48,OPEN,1.12,0.43,0.59,0.59,0.37,0.89,TREND-DOWN
2026-09-28,M11,TATASTEEL,SELL,ENTRY SELL,290,09:20,560,186.8,,,0,0,scanner-table preview (90/290) — no chart label,0.895,-0.622,MET,,,,,,,,,,,,,91,0.28,OPEN,0.81,0.93,0.55,0.55,0.27,0.89,TREND-DOWN
2026-09-28,M11,TECHM,SELL,ENTRY SELL,290,09:25,565,1543.5,,,0,0,scanner-table preview (90/290) — no chart label,0.895,-0.291,IT,,,,,,,,,,,,,153,0.54,100% trail 11:30,1.21,0.62,0.59,1.12,0.08,0.89,TREND-DOWN
2026-09-28,M11,TIINDIA,SELL,ENTRY SELL,290,09:20,560,2492.8,,,0,0,scanner-table preview (90/290) — no chart label,0.895,-0.729,AUTO,,,,,,,,,,,,,-464,-1.0,100% SL 09:55,2.6,1.38,0.11,0.11,1.36,0.89,TREND-DOWN
2026-09-28,M11,TITAN,SELL,ENTRY SELL,290,09:25,565,4827.0,,,0,0,scanner-table preview (90/290) — no chart label,0.895,-1.167,CDUR,,,,,,,,,,,,,34,0.14,OPEN,0.32,0.24,0.23,0.23,0.16,0.89,TREND-DOWN
2026-09-28,M11,TMPV,SELL,ENTRY SELL,290,09:20,560,288.3,,,0,0,scanner-table preview (90/290) — no chart label,0.895,-0.74,AUTO,,,,,,,,,,,,,405,1.03,100% trail 10:55,2.83,0.25,0.83,1.38,2.27,0.89,TREND-DOWN
2026-09-28,M11,TORNTPHARM,SELL,ENTRY SELL,290,09:20,560,4938.0,,,0,0,scanner-table preview (90/290) — no chart label,0.895,-1.012,PHA,,,,,,,,,,,,,328,0.85,100% trail 14:10,1.7,0.18,0.49,0.84,1.4,0.89,TREND-DOWN
2026-09-28,M11,UNIONBANK,SELL,ENTRY SELL,290,09:20,560,177.15,,,0,0,scanner-table preview (90/290) — no chart label,0.895,-1.693,PSUBK,,,,,,,,,,,,,625,1.8,100% trail 11:20,3.87,0.08,1.6,2.22,3.05,0.89,TREND-DOWN
2026-09-28,M11,UNITDSPR,SELL,ENTRY SELL,290,09:20,560,1409.7,,,0,0,scanner-table preview (90/290) — no chart label,0.895,-0.99,FMCG,,,,,,,,,,,,,-321,-1.0,100% SL 10:15,0.55,1.54,0.55,0.55,-0.4,0.89,TREND-DOWN
2026-09-28,M11,VBL,SELL,ENTRY SELL,290,09:20,560,427.8,,,0,0,scanner-table preview (90/290) — no chart label,0.895,-1.61,FMCG,,,,,,,,,,,,,-297,-0.44,OPEN,0.31,0.63,0.31,0.31,-0.51,0.89,TREND-DOWN
2026-09-28,M11,VEDL,SELL,ENTRY SELL,290,09:20,560,259.5,,,0,0,scanner-table preview (90/290) — no chart label,0.895,-2.572,MET,,,,,,,,,,,,,54,0.11,OPEN,0.27,0.64,0.27,0.27,0.19,0.89,TREND-DOWN
2026-09-28,M11,VMM,SELL,ENTRY SELL,290,09:20,560,102.95,,,0,0,scanner-table preview (90/290) — no chart label,0.895,-0.531,CONSUMPTION,,,,,,,,,,,,,996,2.58,OPEN,2.95,0.18,0.66,0.66,2.08,0.89,TREND-DOWN
2026-09-28,M11,WAAREEENER,SELL,ENTRY SELL,290,09:20,560,2484.6,,,0,0,scanner-table preview (90/290) — no chart label,0.895,-0.417,GREEN,,,,,,,,,,,,,133,0.57,100% trail 10:10,2.36,0.44,1.07,1.07,1.19,0.89,TREND-DOWN
2026-09-28,M11,WIPRO,SELL,ENTRY SELL,290,09:20,560,163.15,,,0,0,scanner-table preview (90/290) — no chart label,0.895,-0.53,IT,,,,,,,,,,,,,334,1.1,100% trail 11:35,1.72,0.49,1.19,1.43,0.97,0.89,TREND-DOWN
2026-09-28,M11,YESBANK,SELL,ENTRY SELL,290,09:20,560,21.74,,,0,0,scanner-table preview (90/290) — no chart label,0.895,-3.378,BANK,,,,,,,,,,,,,834,0.96,OPEN,1.07,0.12,0.33,0.33,2.58,0.89,TREND-DOWN
2026-09-28,M11,360ONE,SELL,SELL-EX3,203,09:30,570,1051.9,,,0,0,before 09:45 — morning base not verified yet (video pre-condition),0.895,-1.966,CAPMKTS,,,,,,,,,,,,,234,0.3,OPEN,0.37,0.4,0.04,0.04,0.66,0.89,TREND-DOWN
2026-09-28,M11,ABB,SELL,SELL-EX5,205,09:30,570,6933.0,,,0,0,before 09:45 — morning base not verified yet (video pre-condition),0.895,-1.694,CAPGOODS,,,,,,,,,,,,,-317,-0.41,OPEN,0.23,0.65,0.23,0.23,-0.57,0.89,TREND-DOWN
2026-09-28,M11,ABCAPITAL,SELL,SELL-EX3,203,09:30,570,381.7,,,0,0,before 09:45 — morning base not verified yet (video pre-condition),0.895,-2.128,FIN,,,,,,,,,,,,,-168,-0.14,OPEN,0.13,0.39,0.13,0.13,-0.26,0.89,TREND-DOWN
2026-09-28,M11,ADANIPORTS,SELL,SELL-EX3,203,09:30,570,1770.0,,,0,0,before 09:45 — morning base not verified yet (video pre-condition),0.895,-1.007,LOGISTICS,,,,,,,,,,,,,712,1.29,100% trail 13:35,1.5,0.23,0.19,0.51,1.49,0.89,TREND-DOWN
2026-09-28,M11,ALKEM,SELL,SELL-EX5,205,10:05,605,5219.0,,,0,0,winner's-club gate: SELL-EX5 is mixed — needs ≥2 setups (has 1: S1),0.895,-1.043,PHA,,,,,,,,,,,,,356,1.16,OPEN,2.16,0.68,0.96,0.96,0.84,0.89,TREND-DOWN
2026-09-28,M11,AMBUJACEM,SELL,SELL-EX3,203,09:30,570,378.7,,,0,0,before 09:45 — morning base not verified yet (video pre-condition),0.895,-1.329,CEMENT,,,,,,,,,,,,,532,0.84,OPEN,0.91,0.35,0.33,0.33,1.15,0.89,TREND-DOWN
2026-09-28,M11,ANGELONE,SELL,SELL-EX3,203,09:30,570,278.4,,,0,0,before 09:45 — morning base not verified yet (video pre-condition),0.895,-3.333,CAPMKTS,,,,,,,,,,,,,-142,-0.12,OPEN,0.05,0.51,0.02,0.02,-0.29,0.89,TREND-DOWN
2026-09-28,M11,APLAPOLLO,SELL,SELL-EX8,208,09:40,580,2188.3,,,0,0,before 09:45 — morning base not verified yet (video pre-condition),0.895,-1.192,MET,,,,,,,,,,,,,-232,-0.4,OPEN,0.59,0.53,-0.0,0.29,-0.4,0.89,TREND-DOWN
2026-09-28,M11,APOLLOHOSP,BUY,BUY-EX6,105,10:00,600,8898.0,,,0,0,winner's-club gate: BUY-EX6 dead variant blocked (0 big-winners day-1),0.895,0.101,HOSPITALS,,,,,,,,,,,,,-218,-0.4,OPEN,0.05,0.65,0.05,0.05,-0.43,0.89,TREND-DOWN
2026-09-28,M11,ASIANPAINT,SELL,SELL-EX1,201,09:35,575,2417.0,,,0,0,before 09:45 — morning base not verified yet (video pre-condition),0.895,-1.105,CHEMICALS,,,,,,,,,,,,,-101,-0.15,OPEN,0.13,0.71,0.04,0.04,-0.12,0.89,TREND-DOWN
2026-09-28,M11,ASTRAL,SELL,SELL-EX12,212,09:30,570,1375.0,,,0,0,before 09:45 — morning base not verified yet (video pre-condition),0.895,-1.716,BUILDMAT,,,,,,,,,,,,,120,0.25,OPEN,0.62,0.21,0.24,0.42,0.33,0.89,TREND-DOWN
2026-09-28,M11,AUBANK,SELL,SELL-EX8,208,09:30,570,1002.4,,,0,0,before 09:45 — morning base not verified yet (video pre-condition),0.895,-1.532,BANK,,,,,,,,,,,,,307,0.7,OPEN,0.7,0.09,0.41,0.47,0.71,0.89,TREND-DOWN
2026-09-28,M11,AXISBANK,SELL,ENTRY SELL,290,09:35,575,1210.1,,,0,0,scanner-table preview (90/290) — no chart label,0.895,-1.006,BANK,,,,,,,,,,,,,-34,0.03,OPEN,0.67,0.54,0.26,0.26,0.02,0.89,TREND-DOWN
2026-09-28,M11,BAJAJ-AUTO,SELL,SELL-EX3,203,09:35,575,11145.0,,,0,0,before 09:45 — morning base not verified yet (video pre-condition),0.895,-1.206,AUTO,,,,,,,,,,,,,253,0.74,100% trail 13:30,1.7,0.27,0.29,0.4,1.09,0.89,TREND-DOWN
2026-09-28,M11,BAJAJFINSV,SELL,SELL-EX3,203,09:30,570,1743.0,,,0,0,before 09:45 — morning base not verified yet (video pre-condition),0.895,-1.581,FIN,,,,,,,,,,,,,-293,-0.34,OPEN,0.13,0.65,0.13,0.13,-0.52,0.89,TREND-DOWN
2026-09-28,M11,BAJAJFINSV,SELL,ENTRY SELL,290,09:35,575,1741.0,,,0,0,scanner-table preview (90/290) — no chart label,0.895,-1.694,FIN,,,,,,,,,,,,,-349,-0.39,OPEN,0.05,0.67,0.05,0.05,-0.63,0.89,TREND-DOWN
2026-09-28,M11,BANDHANBNK,SELL,SELL-EX1,201,09:35,575,184.24,,,0,0,before 09:45 — morning base not verified yet (video pre-condition),0.895,-1.843,BANK,,,,,,,,,,,,,836,1.27,OPEN,1.43,0.68,0.07,0.15,1.76,0.89,TREND-DOWN
2026-09-28,M11,BANKBARODA,SELL,SELL-EX3,203,09:30,570,232.03,,,0,0,before 09:45 — morning base not verified yet (video pre-condition),0.895,-1.373,PSUBK,,,,,,,,,,,,,520,0.96,100% trail 13:40,1.53,0.12,0.2,0.45,1.95,0.89,TREND-DOWN
2026-09-28,M11,BANKINDIA,SELL,SELL-EX3,203,09:30,570,134.63,,,0,0,before 09:45 — morning base not verified yet (video pre-condition),0.895,-2.4,PSUBK,,,,,,,,,,,,,1535,1.75,OPEN,1.95,0.21,0.35,0.67,3.45,0.89,TREND-DOWN
2026-09-28,M11,BDL,SELL,SELL-EX3,203,09:35,575,1121.6,,,0,0,before 09:45 — morning base not verified yet (video pre-condition),0.895,-1.614,DEF,,,,,,,,,,,,,248,0.38,OPEN,0.58,0.47,0.14,0.14,0.59,0.89,TREND-DOWN
2026-09-28,M11,BHARTIARTL,SELL,ENTRY SELL,290,09:35,575,1765.4,,,0,0,scanner-table preview (90/290) — no chart label,0.895,-1.12,TELECOM,,,,,,,,,,,,,-369,-1.0,100% SL 11:10,0.17,1.88,0.17,0.17,-0.34,0.89,TREND-DOWN
2026-09-28,M11,BIOCON,SELL,SELL-EX5,205,09:30,570,376.15,,,0,0,before 09:45 — morning base not verified yet (video pre-condition),0.895,-1.57,PHA,,,,,,,,,,,,,123,0.25,OPEN,0.38,0.7,0.21,0.21,0.33,0.89,TREND-DOWN
2026-09-28,M11,BPCL,SELL,SELL-EX3,203,09:30,570,304.35,,,0,0,before 09:45 — morning base not verified yet (video pre-condition),0.895,-1.345,OIL,,,,,,,,,,,,,302,0.6,OPEN,0.95,0.63,0.33,0.33,0.69,0.89,TREND-DOWN
2026-09-28,M11,BRITANNIA,SELL,ENTRY SELL,290,09:35,575,4880.5,,,0,0,scanner-table preview (90/290) — no chart label,0.895,-1.154,FMCG,,,,,,,,,,,,,-386,-0.7,OPEN,0.23,0.7,0.06,0.11,-0.71,0.89,TREND-DOWN
2026-09-28,M11,BSE,SELL,SELL-EX1,201,09:30,570,3121.5,,,0,0,before 09:45 — morning base not verified yet (video pre-condition),0.895,-2.193,CAPMKTS,,,,,,,,,,,,,321,0.42,OPEN,0.8,0.91,0.17,0.17,0.77,0.89,TREND-DOWN
2026-09-28,M11,CAMS,SELL,SELL-EX6,206,09:35,575,700.05,,,0,0,before 09:45 — morning base not verified yet (video pre-condition),0.895,-1.032,CAPMKTS,,,,,,,,,,,,,562,1.16,OPEN,1.31,0.44,0.41,0.41,1.21,0.89,TREND-DOWN
2026-09-28,M11,CANBK,SELL,SELL-EX3,203,09:30,570,122.68,,,0,0,before 09:45 — morning base not verified yet (video pre-condition),0.895,-1.848,PSUBK,,,,,,,,,,,,,784,1.23,OPEN,1.46,0.2,0.23,0.65,1.65,0.89,TREND-DOWN
2026-09-28,M11,CDSL,SELL,SELL-EX3,203,09:30,570,1301.9,,,0,0,before 09:45 — morning base not verified yet (video pre-condition),0.895,-1.222,CAPMKTS,,,,,,,,,,,,,448,0.84,OPEN,1.0,0.44,0.49,0.49,0.99,0.89,TREND-DOWN
2026-09-28,M11,CGPOWER,SELL,SELL-EX3,203,09:30,570,870.2,,,0,0,before 09:45 — morning base not verified yet (video pre-condition),0.895,-1.783,CAPGOODS,,,,,,,,,,,,,254,0.41,OPEN,0.5,0.66,0.05,0.05,0.6,0.89,TREND-DOWN
2026-09-28,M11,CHOLAFIN,SELL,SELL-EX3,203,09:30,570,1623.6,,,0,0,before 09:45 — morning base not verified yet (video pre-condition),0.895,-2.352,FIN,,,,,,,,,,,,,-287,-0.29,OPEN,0.07,0.52,0.07,0.07,-0.65,0.89,TREND-DOWN
2026-09-28,M11,COCHINSHIP,SELL,ENTRY SELL,290,09:30,570,1354.3,,,0,0,scanner-table preview (90/290) — no chart label,0.895,-1.649,DEF,,,,,,,,,,,,,870,1.46,OPEN,1.55,0.26,0.18,0.23,1.87,0.89,TREND-DOWN
2026-09-28,M11,COLPAL,SELL,SELL-EX8,208,09:30,570,1836.6,,,0,0,before 09:45 — morning base not verified yet (video pre-condition),0.895,-1.035,FMCG,,,,,,,,,,,,,-514,-1.0,100% SL 12:00,0.61,1.35,0.11,0.11,-0.51,0.89,TREND-DOWN
2026-09-28,M11,CONCOR,SELL,SELL-EX5,205,09:30,570,456.0,,,0,0,before 09:45 — morning base not verified yet (video pre-condition),0.895,-1.192,LOGISTICS,,,,,,,,,,,,,137,0.46,100% trail 12:25,1.45,0.2,0.51,0.51,1.32,0.89,TREND-DOWN
2026-09-28,M11,CROMPTON,SELL,SELL-EX3,203,09:30,570,214.99,,,0,0,before 09:45 — morning base not verified yet (video pre-condition),0.895,-1.651,CDUR,,,,,,,,,,,,,-983,-1.0,100% SL 11:40,0.12,1.57,0.12,0.12,-1.77,0.89,TREND-DOWN
2026-09-28,M11,DABUR,SELL,SELL-EX1,201,09:35,575,382.55,,,0,0,before 09:45 — morning base not verified yet (video pre-condition),0.895,-0.791,FMCG,,,,,,,,,,,,,-325,-1.0,100% SL 09:45,0.3,2.02,0.3,0.3,-0.84,0.89,TREND-DOWN
2026-09-28,M11,DALBHARAT,SELL,SELL-EX5,205,09:35,575,1679.1,,,0,0,before 09:45 — morning base not verified yet (video pre-condition),0.895,-0.645,CEMENT,,,,,,,,,,,,,261,0.61,100% trail 13:15,1.47,0.69,0.0,1.32,1.37,0.89,TREND-DOWN
2026-09-28,M11,DELHIVERY,SELL,SELL-EX3,203,09:30,570,414.05,,,0,0,before 09:45 — morning base not verified yet (video pre-condition),0.895,-2.046,LOGISTICS,,,,,,,,,,,,,671,0.9,100% trail 15:05,1.28,0.27,0.5,0.71,1.58,0.89,TREND-DOWN
2026-09-28,M11,DIXON,SELL,ENTRY SELL,290,09:30,570,13251.0,,,0,0,scanner-table preview (90/290) — no chart label,0.895,-1.038,CDUR,,,,,,,,,,,,,-336,-1.0,100% SL 09:50,0.15,5.81,0.15,0.15,-2.94,0.89,TREND-DOWN
2026-09-28,M11,DLF,SELL,SELL-EX3,203,09:30,570,666.55,,,0,0,before 09:45 — morning base not verified yet (video pre-condition),0.895,-2.408,REALTY,,,,,,,,,,,,,183,0.33,OPEN,0.33,0.59,0.21,0.21,0.45,0.89,TREND-DOWN
2026-09-28,M11,DRREDDY,BUY,BUY-EX,101,09:50,590,1218.8,,,0,0,winner's-club gate: BUY-EX is mixed — needs ≥2 setups (has 1: S1),0.895,1.482,PHA,,,,,,,,,,,,,59,0.16,OPEN,0.78,0.48,0.14,0.14,0.18,0.89,TREND-DOWN
2026-09-28,M11,EICHERMOT,SELL,SELL-EX3,203,09:30,570,7279.5,,,0,0,before 09:45 — morning base not verified yet (video pre-condition),0.895,-1.094,AUTO,,,,,,,,,,,,,157,1.02,100% trail 12:50,2.35,0.31,0.29,1.0,0.91,0.89,TREND-DOWN
2026-09-28,M11,ETERNAL,SELL,ENTRY SELL,290,09:35,575,331.15,,,0,0,scanner-table preview (90/290) — no chart label,0.895,-1.149,NEWAGE,,,,,,,,,,,,,-12,0.05,OPEN,0.6,0.43,0.15,0.15,0.06,0.89,TREND-DOWN
2026-09-28,M11,EXIDEIND,SELL,SELL-EX3,203,09:35,575,417.0,,,0,0,before 09:45 — morning base not verified yet (video pre-condition),0.895,-1.57,AUTO,,,,,,,,,,,,,571,0.95,100% EOD 15:20,1.06,0.56,0.11,0.11,1.34,0.89,TREND-DOWN
2026-09-28,M11,FORCEMOT,BUY,BUY-EX6,105,10:00,600,17327.0,,,0,0,winner's-club gate: BUY-EX6 dead variant blocked (0 big-winners day-1),0.895,-0.351,AUTO,,,,,,,,,,,,,-482,-1.0,100% SL 11:10,0.12,1.34,0.12,0.12,-1.31,0.89,TREND-DOWN
2026-09-28,M11,FORTIS,SELL,SELL-EX12,212,09:30,570,825.1,,,0,0,before 09:45 — morning base not verified yet (video pre-condition),0.895,-1.522,HOSPITALS,,,,,,,,,,,,,-381,-0.38,OPEN,0.51,0.71,0.31,0.51,-0.68,0.89,TREND-DOWN
2026-09-28,M11,GLENMARK,SELL,SELL-EX19,219,10:15,615,2341.6,,,0,0,winner's-club gate: SELL-EX19 is mixed — needs ≥2 setups (has 1: S1),0.895,-1.613,PHA,,,,,,,,,,,,,213,1.06,100% trail 15:10,2.05,0.8,0.89,0.89,0.68,0.89,TREND-DOWN
2026-09-28,M11,GMRAIRPORT,SELL,SELL-EX3,203,09:30,570,96.19,,,0,0,before 09:45 — morning base not verified yet (video pre-condition),0.895,-1.797,INFRA,,,,,,,,,,,,,811,1.52,100% trail 14:55,1.87,0.46,0.13,0.13,1.5,0.89,TREND-DOWN
2026-09-28,M11,GODREJCP,SELL,SELL-EX3,203,09:30,570,862.65,,,0,0,before 09:45 — morning base not verified yet (video pre-condition),0.895,-1.972,FMCG,,,,,,,,,,,,,-346,-0.41,OPEN,0.23,0.6,0.13,0.17,-0.62,0.89,TREND-DOWN
2026-09-28,M11,GODREJPROP,SELL,SELL-EX1,201,09:30,570,1679.2,,,0,0,before 09:45 — morning base not verified yet (video pre-condition),0.895,-1.229,REALTY,,,,,,,,,,,,,232,0.45,OPEN,0.59,0.51,0.14,0.28,0.56,0.89,TREND-DOWN
2026-09-28,M11,GVT&D,SELL,SELL-EX3,203,09:35,575,4220.7,,,0,0,before 09:45 — morning base not verified yet (video pre-condition),0.895,-1.386,CAPGOODS,,,,,,,,,,,,,156,0.29,OPEN,0.72,0.46,0.04,0.04,0.42,0.89,TREND-DOWN
2026-09-28,M11,HAL,SELL,SELL-EX3,203,09:30,570,4725.0,,,0,0,before 09:45 — morning base not verified yet (video pre-condition),0.895,-1.562,DEF,,,,,,,,,,,,,-547,-1.0,100% SL 10:00,0.09,1.15,0.07,0.07,-0.28,0.89,TREND-DOWN
2026-09-28,M11,HAVELLS,SELL,SELL-EX3,203,09:30,570,1082.7,,,0,0,before 09:45 — morning base not verified yet (video pre-condition),0.895,-1.259,CDUR,,,,,,,,,,,,,-148,-0.18,OPEN,0.63,0.4,0.12,0.34,-0.21,0.89,TREND-DOWN
2026-09-28,M11,HCLTECH,SELL,ENTRY SELL,290,09:40,580,1251.6,,,0,0,scanner-table preview (90/290) — no chart label,0.895,-0.509,IT,,,,,,,,,,,,,-521,-1.0,100% SL 14:05,0.88,1.36,0.28,0.28,-0.08,0.89,TREND-DOWN
2026-09-28,M11,HDFCBANK,SELL,SELL-EX12,212,09:35,575,724.4,,,0,0,before 09:45 — morning base not verified yet (video pre-condition),0.895,-1.523,BANK,,,,,,,,,,,,,327,0.63,OPEN,0.72,0.07,0.33,0.33,0.74,0.89,TREND-DOWN
2026-09-28,M11,HDFCLIFE,SELL,ENTRY SELL,290,09:30,570,530.05,,,0,0,scanner-table preview (90/290) — no chart label,0.895,-0.179,INSURANCE,,,,,,,,,,,,,60,0.57,100% trail 10:45,1.47,1.61,0.58,0.96,-0.29,0.89,TREND-DOWN
2026-09-28,M11,HINDALCO,SELL,SELL-EX12,212,09:30,570,953.4,,,0,0,before 09:45 — morning base not verified yet (video pre-condition),0.895,-2.416,MET,,,,,,,,,,,,,-172,-0.19,OPEN,0.16,0.89,0.16,0.16,-0.26,0.89,TREND-DOWN
2026-09-28,M11,HINDPETRO,SELL,SELL-EX3,203,09:30,570,345.95,,,0,0,before 09:45 — morning base not verified yet (video pre-condition),0.895,-1.439,OIL,,,,,,,,,,,,,462,1.48,OPEN,2.13,0.57,0.65,0.65,1.01,0.89,TREND-DOWN
2026-09-28,M11,HINDUNILVR,SELL,SELL-EX3,203,09:30,570,1910.1,,,0,0,before 09:45 — morning base not verified yet (video pre-condition),0.895,-1.688,FMCG,,,,,,,,,,,,,325,0.6,OPEN,0.69,0.28,0.1,0.1,0.74,0.89,TREND-DOWN
2026-09-28,M11,HYUNDAI,SELL,SELL-EX8,208,09:30,570,2083.2,,,0,0,before 09:45 — morning base not verified yet (video pre-condition),0.895,-1.504,AUTO,,,,,,,,,,,,,611,0.99,100% trail 14:05,1.45,0.33,0.14,0.38,1.56,0.89,TREND-DOWN
2026-09-28,M11,ICICIBANK,SELL,SELL-EX3,203,09:30,570,1309.8,,,0,0,before 09:45 — morning base not verified yet (video pre-condition),0.895,-1.281,BANK,,,,,,,,,,,,,254,0.63,OPEN,0.78,0.22,0.69,0.71,0.6,0.89,TREND-DOWN
2026-09-28,M11,ICICIGI,SELL,SELL-EX5,205,09:30,570,1535.5,,,0,0,before 09:45 — morning base not verified yet (video pre-condition),0.895,-1.171,INSURANCE,,,,,,,,,,,,,-507,-1.0,100% SL 12:50,0.71,1.78,0.41,0.71,-0.29,0.89,TREND-DOWN
2026-09-28,M11,ICICIGI,SELL,ENTRY SELL,290,09:35,575,1533.8,,,0,0,scanner-table preview (90/290) — no chart label,0.895,-1.281,INSURANCE,,,,,,,,,,,,,-561,-1.0,100% SL 12:50,0.51,1.69,0.51,0.51,-0.4,0.89,TREND-DOWN
2026-09-28,M11,IDEA,SELL,SELL-EX5,205,09:30,570,13.88,,,0,0,before 09:45 — morning base not verified yet (video pre-condition),0.895,-2.665,TELECOM,,,,,,,,,,,,,900,1.07,100% trail 14:45,1.29,0.46,0.09,0.09,2.95,0.89,TREND-DOWN
2026-09-28,M11,IDFCFIRSTB,SELL,SELL-EX3,203,09:30,570,81.74,,,0,0,before 09:45 — morning base not verified yet (video pre-condition),0.895,-2.458,BANK,,,,,,,,,,,,,567,0.67,OPEN,0.71,0.17,0.11,0.14,1.46,0.89,TREND-DOWN
2026-09-28,M11,INDHOTEL,SELL,SELL-EX3,203,09:30,570,712.25,,,0,0,before 09:45 — morning base not verified yet (video pre-condition),0.895,-2.002,TRAVEL,,,,,,,,,,,,,46,0.15,OPEN,0.23,0.92,0.08,0.08,0.18,0.89,TREND-DOWN
2026-09-28,M11,INDIANB,SELL,SELL-EX3,203,09:35,575,823.1,,,0,0,before 09:45 — morning base not verified yet (video pre-condition),0.895,-1.07,PSUBK,,,,,,,,,,,,,1197,2.28,OPEN,2.35,0.37,0.23,0.44,2.51,0.89,TREND-DOWN
2026-09-28,M11,INDUSINDBK,SELL,SELL-EX1,201,09:35,575,897.4,,,0,0,before 09:45 — morning base not verified yet (video pre-condition),0.895,-1.622,BANK,,,,,,,,,,,,,-653,-1.0,100% SL 13:25,0.75,1.35,0.07,0.27,-1.37,0.89,TREND-DOWN
2026-09-28,M11,INFY,SELL,SELL-EX1,201,09:40,580,990.8,,,0,0,before 09:45 — morning base not verified yet (video pre-condition),0.895,-0.94,IT,,,,,,,,,,,,,-758,-1.0,100% SL 13:15,0.31,1.4,0.07,0.31,-1.25,0.89,TREND-DOWN
2026-09-28,M11,INOXWIND,SELL,SELL-EX8,208,09:30,570,73.47,,,0,0,before 09:45 — morning base not verified yet (video pre-condition),0.895,-1.712,GREEN,,,,,,,,,,,,,958,1.3,OPEN,1.3,0.45,0.04,0.07,2.0,0.89,TREND-DOWN
2026-09-28,M11,IOC,SELL,SELL-EX12,212,09:35,575,133.84,,,0,0,before 09:45 — morning base not verified yet (video pre-condition),0.895,-1.371,OIL,,,,,,,,,,,,,152,0.34,OPEN,0.52,0.41,0.08,0.12,0.39,0.89,TREND-DOWN
2026-09-28,M11,IREDA,BUY,BUY-EX6,105,10:00,600,113.87,,,0,0,winner's-club gate: BUY-EX6 dead variant blocked (0 big-winners day-1),0.895,0.574,FIN,,,,,,,,,,,,,318,0.46,100% trail 13:10,1.73,0.64,0.23,0.23,0.83,0.89,TREND-DOWN
2026-09-28,M11,IRFC,SELL,SELL-EX3,203,09:30,570,78.6,,,0,0,before 09:45 — morning base not verified yet (video pre-condition),0.895,-1.689,RAILWAYS,,,,,,,,,,,,,-10,0.04,OPEN,0.15,0.99,0.04,0.04,0.06,0.89,TREND-DOWN
2026-09-28,M11,ITC,SELL,SELL-EX8,208,09:30,570,267.0,,,0,0,before 09:45 — morning base not verified yet (video pre-condition),0.895,-0.743,FMCG,,,,,,,,,,,,,295,0.76,OPEN,0.77,0.15,0.19,0.72,0.67,0.89,TREND-DOWN
2026-09-28,M11,JINDALSTEL,SELL,SELL-EX3,203,09:35,575,1147.9,,,0,0,before 09:45 — morning base not verified yet (video pre-condition),0.895,-1.451,MET,,,,,,,,,,,,,315,0.79,OPEN,1.31,0.87,0.09,0.09,0.72,0.89,TREND-DOWN
2026-09-28,M11,JIOFIN,SELL,SELL-EX3,203,09:30,570,223.85,,,0,0,before 09:45 — morning base not verified yet (video pre-condition),0.895,-1.388,FIN,,,,,,,,,,,,,673,1.14,100% trail 15:15,1.58,0.15,0.42,0.42,1.5,0.89,TREND-DOWN
2026-09-28,M11,JSWENERGY,SELL,SELL-EX3,203,09:30,570,499.5,,,0,0,before 09:45 — morning base not verified yet (video pre-condition),0.895,-1.392,ENE,,,,,,,,,,,,,-594,-1.0,100% SL 12:30,1.02,1.09,0.18,0.69,0.9,0.89,TREND-DOWN
2026-09-28,M11,JSWSTEEL,SELL,SELL-EX3,203,09:30,570,1265.3,,,0,0,before 09:45 — morning base not verified yet (video pre-condition),0.895,-0.916,MET,,,,,,,,,,,,,5,0.1,OPEN,0.97,0.74,0.33,0.33,0.09,0.89,TREND-DOWN
2026-09-28,M11,KEI,SELL,SELL-EX12,212,09:35,575,4594.0,,,0,0,before 09:45 — morning base not verified yet (video pre-condition),0.895,-1.701,CAPGOODS,,,,,,,,,,,,,741,1.28,OPEN,1.33,0.37,0.06,0.12,1.7,0.89,TREND-DOWN
2026-09-28,M11,KFINTECH,SELL,ENTRY SELL,290,09:35,575,876.05,,,0,0,scanner-table preview (90/290) — no chart label,0.895,-1.435,CAPMKTS,,,,,,,,,,,,,-498,-0.62,OPEN,0.14,0.88,0.14,0.14,-0.91,0.89,TREND-DOWN
2026-09-28,M11,KOTAKBANK,SELL,SELL-EX3,203,09:35,575,396.4,,,0,0,before 09:45 — morning base not verified yet (video pre-condition),0.895,-1.881,BANK,,,,,,,,,,,,,-805,-1.0,100% SL 14:00,0.07,1.28,0.07,0.07,-1.3,0.89,TREND-DOWN
2026-09-28,M11,KPITTECH,SELL,SELL-EX8,208,09:40,580,510.9,,,0,0,before 09:45 — morning base not verified yet (video pre-condition),0.895,-1.637,IT,,,,,,,,,,,,,142,0.26,OPEN,0.67,0.4,0.01,0.07,0.37,0.89,TREND-DOWN
2026-09-28,M11,LICI,SELL,SELL-EX1,201,09:30,570,403.5,,,0,0,before 09:45 — morning base not verified yet (video pre-condition),0.895,-1.357,INSURANCE,,,,,,,,,,,,,309,0.62,OPEN,0.64,0.56,0.23,0.26,0.71,0.89,TREND-DOWN
2026-09-28,M11,LODHA,SELL,SELL-EX3,203,09:35,575,1135.2,,,0,0,before 09:45 — morning base not verified yet (video pre-condition),0.895,-2.558,REALTY,,,,,,,,,,,,,531,0.64,OPEN,0.7,0.24,0.11,0.2,1.59,0.89,TREND-DOWN
2026-09-28,M11,LT,SELL,SELL-EX3,203,09:30,570,3828.6,,,0,0,before 09:45 — morning base not verified yet (video pre-condition),0.895,-1.228,INFRA,,,,,,,,,,,,,767,2.22,OPEN,2.22,0.45,0.15,0.31,1.62,0.89,TREND-DOWN
2026-09-28,M11,LTF,SELL,SELL-EX3,203,09:30,570,278.4,,,0,0,before 09:45 — morning base not verified yet (video pre-condition),0.895,-1.972,FIN,,,,,,,,,,,,,-923,-1.0,100% SL 11:50,0.09,1.08,0.09,0.09,-0.88,0.89,TREND-DOWN
2026-09-28,M11,LTM,SELL,SELL-EX8,208,09:40,580,4023.1,,,0,0,before 09:45 — morning base not verified yet (video pre-condition),0.895,-1.467,IT,,,,,,,,,,,,,-815,-1.0,100% SL 11:00,0.05,1.8,0.05,0.05,-1.7,0.89,TREND-DOWN
2026-09-28,M11,LUPIN,SELL,SELL-EX1,201,09:35,575,2078.6,,,0,0,before 09:45 — morning base not verified yet (video pre-condition),0.895,-0.641,PHA,,,,,,,,,,,,,185,0.64,100% trail 12:25,1.27,0.29,0.63,0.76,0.8,0.89,TREND-DOWN
2026-09-28,M11,M&M,SELL,SELL-EX8,208,09:30,570,2990.7,,,0,0,before 09:45 — morning base not verified yet (video pre-condition),0.895,-1.46,AUTO,,,,,,,,,,,,,-109,-0.15,OPEN,0.43,0.5,0.15,0.15,-0.14,0.89,TREND-DOWN
2026-09-28,M11,MANAPPURAM,SELL,SELL-EX8,208,09:30,570,326.2,,,0,0,before 09:45 — morning base not verified yet (video pre-condition),0.895,-2.335,FIN,,,,,,,,,,,,,1978,4.24,OPEN,4.5,0.51,1.11,1.86,4.05,0.89,TREND-DOWN
2026-09-28,M11,MANKIND,SELL,SELL-EX8,208,10:15,615,2464.0,,,0,0,winner's-club gate: SELL-EX8 is mixed — needs ≥2 setups (has 1: S1),0.895,-0.44,PHA,,,,,,,,,,,,,175,1.01,100% trail 12:25,2.18,0.52,0.79,1.46,1.15,0.89,TREND-DOWN
2026-09-28,M11,MARUTI,SELL,SELL-EX8,208,09:35,575,11985.0,,,0,0,before 09:45 — morning base not verified yet (video pre-condition),0.895,-0.663,AUTO,,,,,,,,,,,,,-132,-0.17,OPEN,0.3,0.7,0.03,0.03,-0.19,0.89,TREND-DOWN
2026-09-28,M11,MAZDOCK,SELL,SELL-EX3,203,09:30,570,2155.7,,,0,0,before 09:45 — morning base not verified yet (video pre-condition),0.895,-1.996,DEF,,,,,,,,,,,,,365,0.48,OPEN,0.66,0.46,0.02,0.02,0.82,0.89,TREND-DOWN
2026-09-28,M11,MCX,SELL,SELL-EX3,203,09:30,570,3274.0,,,0,0,before 09:45 — morning base not verified yet (video pre-condition),0.895,-1.531,CAPMKTS,,,,,,,,,,,,,-622,-1.0,100% SL 10:10,0.63,1.32,0.13,0.13,0.32,0.89,TREND-DOWN
2026-09-28,M11,MOTILALOFS,SELL,SELL-EX3,203,09:30,570,1002.6,,,0,0,before 09:45 — morning base not verified yet (video pre-condition),0.895,-2.566,CAPMKTS,,,,,,,,,,,,,-354,-0.37,OPEN,0.11,0.65,0.11,0.11,-0.9,0.89,TREND-DOWN
2026-09-28,M11,MPHASIS,SELL,SELL-EX2,202,09:40,580,2218.2,,,0,0,before 09:45 — morning base not verified yet (video pre-condition),0.895,-0.707,IT,,,,,,,,,,,,,-466,-0.7,OPEN,0.39,0.82,0.11,0.39,-0.87,0.89,TREND-DOWN
2026-09-28,M11,MUTHOOTFIN,SELL,SELL-EX12,212,09:30,570,2776.6,,,0,0,before 09:45 — morning base not verified yet (video pre-condition),0.895,-2.06,FIN,,,,,,,,,,,,,257,0.56,OPEN,0.65,0.82,0.23,0.23,0.6,0.89,TREND-DOWN
2026-09-28,M11,NAUKRI,BUY,BUY-EX,101,09:50,590,1257.1,,,0,0,winner's-club gate: BUY-EX is mixed — needs ≥2 setups (has 1: S1),0.895,0.183,NEWAGE,,,,,,,,,,,,,-155,-0.16,OPEN,0.3,0.94,0.3,0.3,-0.25,0.89,TREND-DOWN
2026-09-28,M11,NBCC,SELL,SELL-EX3,203,09:30,570,81.26,,,0,0,before 09:45 — morning base not verified yet (video pre-condition),0.895,-1.931,PSE,,,,,,,,,,,,,604,0.99,OPEN,1.18,0.38,0.34,0.34,1.29,0.89,TREND-DOWN
2026-09-28,M11,NHPC,SELL,SELL-EX3,203,09:35,575,75.14,,,0,0,before 09:45 — morning base not verified yet (video pre-condition),0.895,-1.132,ENE,,,,,,,,,,,,,328,0.87,100% trail 14:55,1.14,0.35,0.01,0.11,0.85,0.89,TREND-DOWN
2026-09-28,M11,NMDC,SELL,SELL-EX3,203,09:30,570,79.29,,,0,0,before 09:45 — morning base not verified yet (video pre-condition),0.895,-0.763,MET,,,,,,,,,,,,,1057,1.22,OPEN,1.22,0.3,0.22,0.23,2.35,0.89,TREND-DOWN
2026-09-28,M11,NTPC,SELL,SELL-EX3,203,09:35,575,323.1,,,0,0,before 09:45 — morning base not verified yet (video pre-condition),0.895,-1.072,ENE,,,,,,,,,,,,,266,0.59,OPEN,0.86,0.34,0.22,0.46,0.62,0.89,TREND-DOWN
2026-09-28,M11,NUVAMA,SELL,SELL-EX12,212,09:35,575,1612.4,,,0,0,before 09:45 — morning base not verified yet (video pre-condition),0.895,-4.104,CAPMKTS,,,,,,,,,,,,,-459,-0.48,100% EOD 15:20,0.13,0.77,0.1,0.13,-0.98,0.89,TREND-DOWN
2026-09-28,M11,OBEROIRLTY,SELL,SELL-EX3,203,09:30,570,1835.9,,,0,0,before 09:45 — morning base not verified yet (video pre-condition),0.895,-1.216,REALTY,,,,,,,,,,,,,-479,-1.0,100% SL 13:25,0.95,1.32,0.74,0.74,0.32,0.89,TREND-DOWN
2026-09-28,M11,OFSS,SELL,SELL-EX1,201,09:40,580,10601.0,,,0,0,before 09:45 — morning base not verified yet (video pre-condition),0.895,-1.569,IT,,,,,,,,,,,,,-949,-1.0,100% SL 11:55,0.0,1.39,0.0,0.0,-1.88,0.89,TREND-DOWN
2026-09-28,M11,PAGEIND,SELL,ENTRY SELL,290,09:35,575,37375.0,,,0,0,scanner-table preview (90/290) — no chart label,0.895,-0.849,CONSUMPTION,,,,,,,,,,,,,-156,-0.4,OPEN,0.27,0.8,0.27,0.27,-0.33,0.89,TREND-DOWN
2026-09-28,M11,PERSISTENT,SELL,SELL-EX8,208,09:40,580,5289.5,,,0,0,before 09:45 — morning base not verified yet (video pre-condition),0.895,-1.536,IT,,,,,,,,,,,,,-391,-0.45,OPEN,0.02,0.89,0.02,0.02,-0.74,0.89,TREND-DOWN
2026-09-28,M11,PETRONET,BUY,BUY-EX,101,09:55,595,288.0,,,0,0,no video setup aligned at signal bar (S1/S2/S3/S4 all false),0.895,0.524,OIL,,,,,,,,,,,,,395,1.58,100% trail 12:10,2.87,1.22,1.34,1.85,0.64,0.89,TREND-DOWN
2026-09-28,M11,PFC,SELL,SELL-EX3,203,09:30,570,332.55,,,0,0,before 09:45 — morning base not verified yet (video pre-condition),0.895,-1.612,FIN,,,,,,,,,,,,,341,0.47,OPEN,0.63,0.29,0.2,0.46,0.77,0.89,TREND-DOWN
2026-09-28,M11,PGEL,SELL,SELL-EX5,205,09:30,570,513.2,,,0,0,before 09:45 — morning base not verified yet (video pre-condition),0.895,-1.022,CDUR,,,,,,,,,,,,,559,0.78,OPEN,1.03,0.42,0.12,0.12,1.21,0.89,TREND-DOWN
2026-09-28,M11,PHOENIXLTD,SELL,SELL-EX8,208,09:30,570,1948.0,,,0,0,before 09:45 — morning base not verified yet (video pre-condition),0.895,-1.537,REALTY,,,,,,,,,,,,,-146,-0.19,OPEN,0.35,0.68,0.2,0.2,-0.22,0.89,TREND-DOWN
2026-09-28,M11,PIDILITIND,SELL,SELL-EX1,201,09:35,575,1490.5,,,0,0,before 09:45 — morning base not verified yet (video pre-condition),0.895,-1.76,CHEMICALS,,,,,,,,,,,,,-595,-1.0,100% SL 12:40,0.22,1.12,0.09,0.09,-0.84,0.89,TREND-DOWN
2026-09-28,M11,PIIND,SELL,SELL-EX5,205,09:30,570,2361.0,,,0,0,before 09:45 — morning base not verified yet (video pre-condition),0.895,-1.625,CHEMICALS,,,,,,,,,,,,,210,0.32,OPEN,0.84,0.26,0.1,0.22,0.51,0.89,TREND-DOWN
2026-09-28,M11,PIIND,SELL,ENTRY SELL,290,09:35,575,2359.9,,,0,0,scanner-table preview (90/290) — no chart label,0.895,-1.671,CHEMICALS,,,,,,,,,,,,,187,0.29,OPEN,0.78,0.28,0.07,0.19,0.46,0.89,TREND-DOWN
2026-09-28,M11,PNB,SELL,SELL-EX3,203,09:30,570,114.71,,,0,0,before 09:45 — morning base not verified yet (video pre-condition),0.895,-1.621,PSUBK,,,,,,,,,,,,,876,1.24,OPEN,1.34,0.18,0.24,0.58,1.84,0.89,TREND-DOWN
2026-09-28,M11,PNBHOUSING,SELL,SELL-EX3,203,09:30,570,1068.6,,,0,0,before 09:45 — morning base not verified yet (video pre-condition),0.895,-2.402,FIN,,,,,,,,,,,,,-897,-1.0,100% SL 10:45,0.18,1.67,0.18,0.18,-1.53,0.89,TREND-DOWN
2026-09-28,M11,POLYCAB,SELL,SELL-EX3,203,09:30,570,8309.5,,,0,0,before 09:45 — morning base not verified yet (video pre-condition),0.895,-1.177,CAPGOODS,,,,,,,,,,,,,446,1.08,100% trail 11:45,1.58,0.19,0.42,0.96,1.43,0.89,TREND-DOWN
2026-09-28,M11,POWERGRID,SELL,SELL-EX12,212,09:35,575,266.35,,,0,0,before 09:45 — morning base not verified yet (video pre-condition),0.895,-1.169,ENE,,,,,,,,,,,,,799,1.52,OPEN,1.53,0.08,0.24,0.54,1.69,0.89,TREND-DOWN
2026-09-28,M11,POWERINDIA,SELL,ENTRY SELL,290,09:35,575,30420.0,,,0,0,scanner-table preview (90/290) — no chart label,0.895,-1.982,CAPGOODS,,,,,,,,,,,,,134,0.48,OPEN,1.25,0.39,0.12,0.12,0.53,0.89,TREND-DOWN
2026-09-28,M11,PREMIERENE,SELL,SELL-EX12,212,09:30,570,884.6,,,0,0,before 09:45 — morning base not verified yet (video pre-condition),0.895,-1.316,GREEN,,,,,,,,,,,,,-878,-1.02,100% SL 11:30,0.12,2.01,0.12,0.12,-2.42,0.89,TREND-DOWN
2026-09-28,M11,PRESTIGE,SELL,SELL-EX3,203,09:30,570,1444.2,,,0,0,before 09:45 — morning base not verified yet (video pre-condition),0.895,-2.274,REALTY,,,,,,,,,,,,,-597,-1.0,100% SL 10:35,0.45,1.77,0.45,0.45,-1.84,0.89,TREND-DOWN
2026-09-28,M11,RBLBANK,SELL,SELL-EX3,203,09:30,570,405.5,,,0,0,before 09:45 — morning base not verified yet (video pre-condition),0.895,-2.301,BANK,,,,,,,,,,,,,-204,-0.19,OPEN,0.12,0.75,0.12,0.12,-0.37,0.89,TREND-DOWN
2026-09-28,M11,RECLTD,SELL,SELL-EX3,203,09:30,570,307.05,,,0,0,before 09:45 — morning base not verified yet (video pre-condition),0.895,-1.885,FIN,,,,,,,,,,,,,574,0.97,OPEN,0.97,0.41,0.27,0.68,1.24,0.89,TREND-DOWN
2026-09-28,M11,RELIANCE,SELL,SELL-EX8,208,09:35,575,1209.2,,,0,0,before 09:45 — morning base not verified yet (video pre-condition),0.895,-1.37,ENE,,,,,,,,,,,,,434,1.08,OPEN,1.1,0.52,0.08,0.17,0.96,0.89,TREND-DOWN
2026-09-28,M11,RVNL,SELL,SELL-EX3,203,09:30,570,203.52,,,0,0,before 09:45 — morning base not verified yet (video pre-condition),0.895,-1.681,RAILWAYS,,,,,,,,,,,,,147,0.3,OPEN,0.47,0.85,0.18,0.18,0.38,0.89,TREND-DOWN
2026-09-28,M11,SAIL,SELL,SELL-EX8,208,09:30,570,183.29,,,0,0,before 09:45 — morning base not verified yet (video pre-condition),0.895,-0.924,MET,,,,,,,,,,,,,-801,-1.0,100% SL 14:05,0.2,1.84,0.2,0.2,-0.5,0.89,TREND-DOWN
2026-09-28,M11,SBICARD,SELL,SELL-EX1,201,09:30,570,600.35,,,0,0,before 09:45 — morning base not verified yet (video pre-condition),0.895,-1.775,FIN,,,,,,,,,,,,,492,0.83,100% trail 14:25,1.16,0.21,0.42,0.64,1.56,0.89,TREND-DOWN
2026-09-28,M11,SBIN,SELL,SELL-EX3,203,09:30,570,970.5,,,0,0,before 09:45 — morning base not verified yet (video pre-condition),0.895,-1.272,PSUBK,,,,,,,,,,,,,392,0.79,OPEN,1.35,0.21,0.47,0.62,0.88,0.89,TREND-DOWN
2026-09-28,M11,SHRIRAMFIN,SELL,SELL-EX3,203,09:30,570,976.7,,,0,0,before 09:45 — morning base not verified yet (video pre-condition),0.895,-1.75,FIN,,,,,,,,,,,,,-22,0.03,OPEN,0.45,0.54,0.08,0.08,0.04,0.89,TREND-DOWN
2026-09-28,M11,SIEMENS,SELL,SELL-EX3,203,09:30,570,3807.6,,,0,0,before 09:45 — morning base not verified yet (video pre-condition),0.895,-1.79,CAPGOODS,,,,,,,,,,,,,245,0.4,OPEN,0.64,0.4,0.28,0.28,0.58,0.89,TREND-DOWN
2026-09-28,M11,SOLARINDS,SELL,ENTRY SELL,290,09:30,570,19470.0,,,0,0,scanner-table preview (90/290) — no chart label,0.895,-1.393,DEF,,,,,,,,,,,,,607,1.29,OPEN,1.99,0.46,0.08,0.08,1.64,0.89,TREND-DOWN
2026-09-28,M11,SRF,SELL,SELL-EX1,201,09:30,570,2500.9,,,0,0,before 09:45 — morning base not verified yet (video pre-condition),0.895,-1.539,CHEMICALS,,,,,,,,,,,,,139,0.37,OPEN,0.47,0.56,0.45,0.45,0.38,0.89,TREND-DOWN
2026-09-28,M11,SUNPHARMA,SELL,SELL-EX1,201,09:35,575,1844.1,,,0,0,before 09:45 — morning base not verified yet (video pre-condition),0.895,-0.437,PHA,,,,,,,,,,,,,-392,-1.0,100% SL 14:05,0.54,1.1,0.1,0.42,0.33,0.89,TREND-DOWN
2026-09-28,M11,SUZLON,SELL,SELL-EX5,205,09:30,570,40.19,,,0,0,before 09:45 — morning base not verified yet (video pre-condition),0.895,-1.495,GREEN,,,,,,,,,,,,,617,0.76,OPEN,0.94,0.29,0.26,0.39,1.32,0.89,TREND-DOWN
2026-09-28,M11,SWIGGY,SELL,SELL-EX1,201,09:35,575,262.0,,,0,0,before 09:45 — morning base not verified yet (video pre-condition),0.895,-1.076,NEWAGE,,,,,,,,,,,,,663,0.97,100% trail 14:00,1.67,0.27,0.12,0.95,2.29,0.89,TREND-DOWN
2026-09-28,M11,TATACONSUM,SELL,SELL-EX1,201,09:30,570,969.3,,,0,0,before 09:45 — morning base not verified yet (video pre-condition),0.895,-1.092,FMCG,,,,,,,,,,,,,439,0.89,100% trail 15:15,1.18,0.28,0.63,0.67,0.96,0.89,TREND-DOWN
2026-09-28,M11,TATAELXSI,SELL,SELL-EX8,208,09:35,575,3171.0,,,0,0,before 09:45 — morning base not verified yet (video pre-condition),0.895,-0.499,IT,,,,,,,,,,,,,-548,-1.0,100% SL 13:00,0.3,1.34,0.3,0.3,-0.63,0.89,TREND-DOWN
2026-09-28,M11,TATAPOWER,SELL,SELL-EX3,203,09:30,570,362.0,,,0,0,before 09:45 — morning base not verified yet (video pre-condition),0.895,-1.497,ENE,,,,,,,,,,,,,-28,0.02,OPEN,0.47,0.59,0.1,0.1,0.03,0.89,TREND-DOWN
2026-09-28,M11,TATASTEEL,SELL,SELL-EX3,203,09:30,570,186.2,,,0,0,before 09:45 — morning base not verified yet (video pre-condition),0.895,-0.942,MET,,,,,,,,,,,,,-69,-0.04,OPEN,0.36,0.95,0.17,0.17,-0.05,0.89,TREND-DOWN
2026-09-28,M11,TCS,SELL,SELL-EX2,202,09:40,580,2063.6,,,0,0,before 09:45 — morning base not verified yet (video pre-condition),0.895,-0.884,IT,,,,,,,,,,,,,-212,-0.2,OPEN,0.35,0.79,0.2,0.35,-0.34,0.89,TREND-DOWN
2026-09-28,M11,TECHM,SELL,SELL-EX8,208,09:40,580,1536.7,,,0,0,before 09:45 — morning base not verified yet (video pre-condition),0.895,-0.73,IT,,,,,,,,,,,,,-217,-0.27,OPEN,0.48,0.74,0.08,0.48,-0.36,0.89,TREND-DOWN
2026-09-28,M11,TITAN,SELL,SELL-EX3,203,09:30,570,4817.5,,,0,0,before 09:45 — morning base not verified yet (video pre-condition),0.895,-1.362,CDUR,,,,,,,,,,,,,-61,-0.03,OPEN,0.12,0.35,0.04,0.04,-0.04,0.89,TREND-DOWN
2026-09-28,M11,TMPV,SELL,SELL-EX3,203,09:30,570,286.6,,,0,0,before 09:45 — morning base not verified yet (video pre-condition),0.895,-1.326,AUTO,,,,,,,,,,,,,802,1.09,OPEN,1.37,0.16,0.13,0.47,1.69,0.89,TREND-DOWN
2026-09-28,M11,TORNTPHARM,SELL,SELL-EX8,208,09:30,570,4921.0,,,0,0,before 09:45 — morning base not verified yet (video pre-condition),0.895,-1.353,PHA,,,,,,,,,,,,,479,0.79,OPEN,1.01,0.21,0.11,0.36,1.06,0.89,TREND-DOWN
2026-09-28,M11,TRENT,SELL,SELL-EX2,202,09:35,575,2627.7,,,0,0,before 09:45 — morning base not verified yet (video pre-condition),0.895,-1.558,CONSUMPTION,,,,,,,,,,,,,-10,0.06,OPEN,0.41,0.67,0.25,0.35,0.06,0.89,TREND-DOWN
2026-09-28,M11,UNIONBANK,SELL,SELL-EX3,203,09:30,570,175.99,,,0,0,before 09:45 — morning base not verified yet (video pre-condition),0.895,-2.336,PSUBK,,,,,,,,,,,,,1162,1.65,OPEN,1.67,0.25,0.42,0.77,2.41,0.89,TREND-DOWN
2026-09-28,M11,UNOMINDA,SELL,ENTRY SELL,290,09:40,580,1205.8,,,0,0,scanner-table preview (90/290) — no chart label,0.895,-1.002,AUTO,,,,,,,,,,,,,-327,-1.0,100% SL 09:50,6.3,1.39,0.65,0.65,2.72,0.89,TREND-DOWN
2026-09-28,M11,UPL,SELL,SELL-EX1,201,09:30,570,544.75,,,0,0,before 09:45 — morning base not verified yet (video pre-condition),0.895,-0.955,CHEMICALS,,,,,,,,,,,,,-585,-1.0,100% SL 13:15,0.3,1.26,0.3,0.3,-0.87,0.89,TREND-DOWN
2026-09-28,M11,VBL,SELL,SELL-EX3,203,09:30,570,427.2,,,0,0,before 09:45 — morning base not verified yet (video pre-condition),0.895,-1.748,FMCG,,,,,,,,,,,,,-370,-0.5,OPEN,0.17,0.66,0.17,0.17,-0.66,0.89,TREND-DOWN
2026-09-28,M11,VMM,SELL,SELL-EX3,203,09:35,575,102.51,,,0,0,before 09:45 — morning base not verified yet (video pre-condition),0.895,-0.957,CONSUMPTION,,,,,,,,,,,,,786,1.34,OPEN,1.58,0.28,0.09,0.24,1.66,0.89,TREND-DOWN
2026-09-28,M11,WAAREEENER,SELL,SELL-EX3,203,09:30,570,2469.1,,,0,0,before 09:45 — morning base not verified yet (video pre-condition),0.895,-1.038,GREEN,,,,,,,,,,,,,240,0.41,OPEN,0.86,0.69,0.15,0.15,0.57,0.89,TREND-DOWN
2026-09-28,M11,WIPRO,SELL,SELL-EX8,208,09:40,580,162.16,,,0,0,before 09:45 — morning base not verified yet (video pre-condition),0.895,-1.134,IT,,,,,,,,,,,,,143,0.27,OPEN,0.52,0.58,0.26,0.43,0.37,0.89,TREND-DOWN
2026-09-28,M11,ZYDUSLIFE,BUY,BUY-EX,101,09:40,580,1218.6,,,0,0,before 09:45 — morning base not verified yet (video pre-condition),0.895,1.221,PHA,,,,,,,,,,,,,-179,-0.2,OPEN,0.56,0.62,0.4,0.56,-0.3,0.89,TREND-DOWN
2026-09-28,M11,ASHOKLEY,SELL,SELL-EX5,205,11:20,680,156.25,,,0,0,winner's-club gate: SELL-EX5 is mixed — needs ≥2 setups (has 1: S1),0.895,-1.779,AUTO,,,,,,,,,,,,,288,1.61,OPEN,2.33,0.47,0.2,0.23,0.66,0.89,TREND-DOWN
2026-09-28,M11,AXISBANK,SELL,SELL-EX15,215,10:40,640,1209.0,,,0,0,winner's-club gate: SELL-EX15 is mixed — needs ≥2 setups (has 1: S1),0.895,-1.096,BANK,,,,,,,,,,,,,-97,-0.07,100% trail 15:10,1.16,0.99,0.61,0.61,-0.07,0.89,TREND-DOWN
2026-09-28,M11,COALINDIA,BUY,BUY-EX,101,10:30,630,428.55,,,0,0,winner's-club gate: BUY-EX is mixed — needs ≥2 setups (has 1: S1),0.895,0.575,ENE,,,,,,,,,,,,,-323,-1.0,100% SL 11:15,0.37,3.6,0.37,0.37,-1.41,0.89,TREND-DOWN
2026-09-28,M11,FORCEMOT,SELL,SELL-EX2,202,11:10,670,17103.0,,,0,0,no video setup aligned at signal bar (S1/S2/S3/S4 all false),0.895,-1.639,AUTO,,,,,,,,,,,,,-23,0.02,OPEN,0.38,0.94,0.25,0.25,0.02,0.89,TREND-DOWN
2026-09-28,M11,LTM,BUY,BUY-EX,101,11:00,660,4085.6,,,0,0,winner's-club gate: BUY-EX is mixed — needs ≥2 setups (has 1: S1),0.895,0.064,IT,,,,,,,,,,,,,40,0.12,OPEN,0.96,0.42,0.25,0.42,0.14,0.89,TREND-DOWN
2026-09-28,M11,MOTHERSON,SELL,SELL-EX15,215,11:15,675,162.75,,,0,0,winner's-club gate: SELL-EX15 is mixed — needs ≥2 setups (has 1: S1),0.895,-1.786,AUTO,,,,,,,,,,,,,75,0.24,OPEN,0.78,0.37,0.15,0.16,0.23,0.89,TREND-DOWN
2026-09-28,M11,NESTLEIND,BUY,BUY-EX9,108,11:15,675,1351.2,,,0,0,no video setup aligned at signal bar (S1/S2/S3/S4 all false),0.895,-0.837,FMCG,,,,,,,,,,,,,9,0.74,100% trail 12:45,1.54,1.46,1.18,1.54,-0.38,0.89,TREND-DOWN
2026-09-28,M11,NYKAA,SELL,SELL-EX5,205,10:40,640,327.7,,,0,0,winner's-club gate: SELL-EX5 is mixed — needs ≥2 setups (has 1: S1),0.895,-1.798,NEWAGE,,,,,,,,,,,,,214,0.62,100% trail 13:10,1.15,0.36,0.42,0.92,0.67,0.89,TREND-DOWN
2026-09-28,M11,SUPREMEIND,SELL,SELL-EX2,202,10:30,630,3503.7,,,0,0,no video setup aligned at signal bar (S1/S2/S3/S4 all false),0.895,-1.304,BUILDMAT,,,,,,,,,,,,,-576,-1.0,100% SL 13:30,1.05,1.03,0.21,0.27,0.11,0.89,TREND-DOWN
2026-09-28,M11,ANGELONE,SELL,SELL-EX15,215,11:40,700,279.5,,,0,0,winner's-club gate: SELL-EX15 is mixed — needs ≥2 setups (has 1: S1),0.895,-2.951,CAPMKTS,,,,,,,,,,,,,-267,-1.0,100% trail 12:25,1.39,1.68,1.39,1.39,0.11,0.89,TREND-DOWN
2026-09-28,M11,APOLLOHOSP,SELL,SELL-EX1,201,11:50,710,8852.5,,,0,0,no video setup aligned at signal bar (S1/S2/S3/S4 all false),0.895,-0.411,HOSPITALS,,,,,,,,,,,,,-207,-1.0,100% SL 13:05,0.64,1.86,0.31,0.31,-0.08,0.89,TREND-DOWN
2026-09-28,M11,COALINDIA,SELL,SELL-EX6,206,11:50,710,425.0,,,0,0,no video setup aligned at signal bar (S1/S2/S3/S4 all false),0.895,-0.258,ENE,,,,,,,,,,,,,250,0.57,OPEN,0.87,0.38,0.05,0.05,0.59,0.89,TREND-DOWN
2026-09-28,M11,NAUKRI,SELL,SELL-EX15,215,11:45,705,1245.4,,,0,0,winner's-club gate: SELL-EX15 is mixed — needs ≥2 setups (has 1: S2),0.895,-0.749,NEWAGE,,,,,,,,,,,,,-382,-0.57,OPEN,0.44,0.62,0.32,0.36,-0.68,0.89,TREND-DOWN
2026-09-28,M14,360ONE,SELL,SELL-EX3,203,09:30,570,1051.9,,M14-A+,1,0,,0.895,-1.966,CAPMKTS,,,,,,,,218.0,,0.25,,OPEN 15:10 @ ₹1046.30,234,0.3,OPEN,0.37,0.4,0.04,0.04,0.66,0.89,TREND-DOWN
2026-09-28,M1,ABCAPITAL,SELL,SELL-EX3,203,09:30,570,381.7,6.0,BREAKOUT,1,0,,0.895,-2.128,FIN,,,,,,,,-311.0,,-0.35,,OPEN,-168,-0.14,OPEN,0.13,0.39,0.13,0.13,-0.26,0.89,TREND-DOWN
2026-09-28,M1,CROMPTON,SELL,SELL-EX3,203,09:30,570,214.99,9.0,BREAKOUT,1,0,,0.895,-1.651,CDUR,,,,,,,,-897.0,,-1.0,,100% SL 11:40,-983,-1.0,100% SL 11:40,0.12,1.57,0.12,0.12,-1.77,0.89,TREND-DOWN
2026-09-28,M1,CUMMINSIND,SELL,SELL-EX1,201,10:15,615,4868.0,8.0,BREAKOUT,1,0,,0.895,-1.557,CAPGOODS,,,,,,,,365.0,,1.59,,OPEN,214,1.31,100% trail 15:10,2.07,0.76,0.57,0.57,0.27,0.89,TREND-DOWN
2026-09-28,M1,DELHIVERY,SELL,SELL-EX3,203,09:30,570,414.05,28.0,BREAKOUT,1,0,,0.895,-2.046,LOGISTICS,,,,,,,,758.0,,0.9,,100% trail 15:05,671,0.9,100% trail 15:05,1.28,0.27,0.5,0.71,1.58,0.89,TREND-DOWN
2026-09-28,M1,DRREDDY,BUY,BUY-EX,101,09:50,590,1218.8,21.0,BREAKOUT,1,0,,0.895,1.482,PHA,,,,,,,,90.0,,0.16,,OPEN,59,0.16,OPEN,0.78,0.48,0.14,0.14,0.18,0.89,TREND-DOWN
2026-09-28,M1,FORTIS,SELL,SELL-EX1,201,10:15,615,819.65,15.0,BREAKOUT,1,0,,0.895,-2.172,HOSPITALS,,,,,,,,-553.0,,-1.0,,100% SL 13:15,-642,-1.0,100% SL 13:15,0.24,1.76,0.24,0.24,-1.35,0.89,TREND-DOWN
2026-09-28,M1,HINDUNILVR,SELL,SELL-EX3,203,09:30,570,1910.1,30.0,BREAKOUT,1,0,,0.895,-1.688,FMCG,,,,,,,,250.0,,0.41,,OPEN,325,0.6,OPEN,0.69,0.28,0.1,0.1,0.74,0.89,TREND-DOWN
2026-09-28,M1,ICICIBANK,SELL,SELL-EX3,203,09:30,570,1309.8,19.0,BREAKOUT,1,0,,0.895,-1.281,BANK,,,,,,,,338.0,,0.71,,OPEN,254,0.63,OPEN,0.78,0.22,0.69,0.71,0.6,0.89,TREND-DOWN
2026-09-28,M1,INDHOTEL,SELL,SELL-EX3,203,09:30,570,712.25,23.0,BREAKOUT,1,0,,0.895,-2.002,TRAVEL,,,,,,,,70.0,,0.12,,OPEN,46,0.15,OPEN,0.23,0.92,0.08,0.08,0.18,0.89,TREND-DOWN
2026-09-28,M1,JSWENERGY,SELL,SELL-EX3,203,09:30,570,499.5,4.0,BREAKOUT,1,0,,0.895,-1.392,ENE,,,,,,,,-505.0,,-1.0,,100% SL 12:30,-594,-1.0,100% SL 12:30,1.02,1.09,0.18,0.69,0.9,0.89,TREND-DOWN
2026-09-28,M1,LT,SELL,SELL-EX3,203,09:30,570,3828.6,26.0,BREAKOUT,1,0,,0.895,-1.228,INFRA,,,,,,,,749.0,,2.05,,OPEN,767,2.22,OPEN,2.22,0.45,0.15,0.31,1.62,0.89,TREND-DOWN
2026-09-28,M1,NAUKRI,BUY,BUY-EX,101,09:50,590,1257.1,27.0,BREAKOUT,1,0,,0.895,0.183,NEWAGE,,,,,,,,-589.0,,-0.78,,OPEN,-155,-0.16,OPEN,0.3,0.94,0.3,0.3,-0.25,0.89,TREND-DOWN
2026-09-28,M1,SAIL,SELL,SELL-EX8,208,09:30,570,183.29,25.0,BREAKOUT,1,0,,0.895,-0.924,MET,,,,,,,,-712.0,,-1.0,,100% SL 14:05,-801,-1.0,100% SL 14:05,0.2,1.84,0.2,0.2,-0.5,0.89,TREND-DOWN
2026-09-28,M1,VMM,SELL,SELL-EX3,203,09:35,575,102.51,18.0,BREAKOUT,1,0,,0.895,-0.957,CONSUMPTION,,,,,,,,950.0,,1.53,,OPEN,786,1.34,OPEN,1.58,0.28,0.09,0.24,1.66,0.89,TREND-DOWN
2026-09-28,M1,COALINDIA,BUY,BUY-EX,101,10:30,630,428.55,12.0,BREAKOUT,1,0,,0.895,0.575,ENE,,,,,,,,-236.0,,-1.0,,100% SL 11:15,-323,-1.0,100% SL 11:15,0.37,3.6,0.37,0.37,-1.41,0.89,TREND-DOWN
2026-09-28,M1,TIINDIA,SELL,SELL-EX1,201,11:05,665,2485.5,8.0,BREAKOUT,1,0,,0.895,-1.019,AUTO,,,,,,,,510.0,,0.75,,OPEN,488,0.78,OPEN,1.23,0.22,0.48,0.78,1.07,0.89,TREND-DOWN
2026-09-28,M1,COALINDIA,SELL,SELL-EX6,206,11:50,710,425.0,16.0,BREAKOUT,1,0,,0.895,-0.258,ENE,,,,,,,,445.0,,0.87,,OPEN,250,0.57,OPEN,0.87,0.38,0.05,0.05,0.59,0.89,TREND-DOWN
2026-09-28,M1,360ONE,SELL,ENTRY SELL,290,09:25,565,1055.1,196.0,,0,0,"scanner-table preview signal (90/290) — no TradingView chart label, blocked",0.895,-1.668,CAPMKTS,,,,,,,,,,,,,414,0.51,OPEN,0.6,0.31,0.21,0.21,0.96,0.89,TREND-DOWN
2026-09-28,M1,ABB,SELL,ENTRY SELL,290,09:20,560,6949.0,18.0,,0,0,"scanner-table preview signal (90/290) — no TradingView chart label, blocked",0.895,-1.468,CAPGOODS,,,,,,,,,,,,,-205,-0.3,OPEN,0.48,0.58,0.48,0.48,-0.34,0.89,TREND-DOWN
2026-09-28,M1,ABCAPITAL,SELL,ENTRY SELL,290,09:20,560,382.8,37.0,,0,0,"scanner-table preview signal (90/290) — no TradingView chart label, blocked",0.895,-1.846,FIN,,,,,,,,,,,,,-29,0.02,OPEN,0.33,0.28,0.33,0.33,0.03,0.89,TREND-DOWN
2026-09-28,M1,ADANIENSOL,SELL,ENTRY SELL,290,09:20,560,1319.2,128.0,,0,0,"scanner-table preview signal (90/290) — no TradingView chart label, blocked",0.895,-1.442,ENE,,,,,,,,,,,,,260,0.63,100% trail 12:10,2.4,0.36,0.22,0.52,2.37,0.89,TREND-DOWN
2026-09-28,M1,ADANIGREEN,SELL,ENTRY SELL,290,09:20,560,1282.0,130.0,,0,0,"scanner-table preview signal (90/290) — no TradingView chart label, blocked",0.895,-1.126,GREEN,,,,,,,,,,,,,1654,5.34,100% trail 14:45,6.71,0.31,0.57,3.23,3.67,0.89,TREND-DOWN
2026-09-28,M1,ADANIPORTS,SELL,ENTRY SELL,290,09:20,560,1777.0,48.0,,0,0,"scanner-table preview signal (90/290) — no TradingView chart label, blocked",0.895,-0.615,LOGISTICS,,,,,,,,,,,,,908,2.35,100% trail 13:35,2.65,0.05,0.74,1.01,1.87,0.89,TREND-DOWN
2026-09-28,M1,ADANIPOWER,SELL,ENTRY SELL,290,09:20,560,201.36,109.0,,0,0,"scanner-table preview signal (90/290) — no TradingView chart label, blocked",0.895,-0.686,ENE,,,,,,,,,,,,,1253,2.4,OPEN,2.76,0.16,0.53,1.09,2.59,0.89,TREND-DOWN
2026-09-28,M1,AMBUJACEM,SELL,ENTRY SELL,290,09:20,560,380.4,117.0,,0,0,"scanner-table preview signal (90/290) — no TradingView chart label, blocked",0.895,-0.886,CEMENT,,,,,,,,,,,,,552,1.4,100% trail 13:30,1.84,0.1,0.98,0.98,1.59,0.89,TREND-DOWN
2026-09-28,M1,ANGELONE,SELL,ENTRY SELL,290,09:20,560,279.45,10.0,,0,0,"scanner-table preview signal (90/290) — no TradingView chart label, blocked",0.895,-2.969,CAPMKTS,,,,,,,,,,,,,3,0.05,OPEN,0.25,0.5,0.22,0.22,0.09,0.89,TREND-DOWN
2026-09-28,M1,APLAPOLLO,SELL,ENTRY SELL,290,09:20,560,2196.7,112.0,,0,0,"scanner-table preview signal (90/290) — no TradingView chart label, blocked",0.895,-0.813,MET,,,,,,,,,,,,,95,0.6,100% trail 10:50,1.58,0.46,0.62,0.82,-0.01,0.89,TREND-DOWN
2026-09-28,M1,APOLLOHOSP,SELL,ENTRY SELL,290,09:20,560,8814.0,184.0,,0,0,"scanner-table preview signal (90/290) — no TradingView chart label, blocked",0.895,-0.844,HOSPITALS,,,,,,,,,,,,,-482,-1.0,100% SL 10:00,0.12,1.1,0.12,0.12,-0.52,0.89,TREND-DOWN
2026-09-28,M1,ASHOKLEY,SELL,ENTRY SELL,290,09:20,560,156.5,36.0,,0,0,"scanner-table preview signal (90/290) — no TradingView chart label, blocked",0.895,-1.622,AUTO,,,,,,,,,,,,,366,0.53,OPEN,0.73,0.34,0.08,0.08,0.82,0.89,TREND-DOWN
2026-09-28,M1,ASTRAL,SELL,ENTRY SELL,290,09:20,560,1381.7,105.0,,0,0,"scanner-table preview signal (90/290) — no TradingView chart label, blocked",0.895,-1.237,BUILDMAT,,,,,,,,,,,,,216,0.73,100% trail 11:25,1.57,0.26,0.97,0.97,0.81,0.89,TREND-DOWN
2026-09-28,M1,AUBANK,SELL,ENTRY SELL,290,09:20,560,1004.9,144.0,,0,0,"scanner-table preview signal (90/290) — no TradingView chart label, blocked",0.895,-1.287,BANK,,,,,,,,,,,,,183,0.71,100% trail 13:30,1.25,0.21,0.87,0.87,0.96,0.89,TREND-DOWN
2026-09-28,M1,AUROPHARMA,SELL,ENTRY SELL,290,09:20,560,1698.4,140.0,,0,0,"scanner-table preview signal (90/290) — no TradingView chart label, blocked",0.895,-0.794,PHA,,,,,,,,,,,,,-15,0.07,OPEN,0.85,0.48,0.33,0.8,0.05,0.89,TREND-DOWN
2026-09-28,M1,BAJAJ-AUTO,SELL,ENTRY SELL,290,09:20,560,11180.0,122.0,,0,0,"scanner-table preview signal (90/290) — no TradingView chart label, blocked",0.895,-0.895,AUTO,,,,,,,,,,,,,96,0.57,100% trail 10:45,2.94,0.35,0.49,0.98,1.4,0.89,TREND-DOWN
2026-09-28,M1,BAJAJHLDNG,SELL,ENTRY SELL,290,09:25,565,10800.0,28.0,,0,0,"scanner-table preview signal (90/290) — no TradingView chart label, blocked",0.895,-1.28,FIN,,,,,,,,,,,,,-36,0.0,OPEN,0.06,0.83,0.06,0.06,-0.0,0.89,TREND-DOWN
2026-09-28,M1,BAJFINANCE,SELL,ENTRY SELL,290,09:20,560,979.7,138.0,,0,0,"scanner-table preview signal (90/290) — no TradingView chart label, blocked",0.895,-1.725,FIN,,,,,,,,,,,,,-312,-0.42,OPEN,0.41,0.42,0.23,0.23,-0.54,0.89,TREND-DOWN
2026-09-28,M1,BANKBARODA,SELL,ENTRY SELL,290,09:20,560,232.44,88.0,,0,0,"scanner-table preview signal (90/290) — no TradingView chart label, blocked",0.895,-1.199,PSUBK,,,,,,,,,,,,,608,1.27,100% trail 13:40,1.94,0.18,0.39,0.68,2.13,0.89,TREND-DOWN
2026-09-28,M1,BANKINDIA,SELL,ENTRY SELL,290,09:20,560,135.29,111.0,,0,0,"scanner-table preview signal (90/290) — no TradingView chart label, blocked",0.895,-1.921,PSUBK,,,,,,,,,,,,,1914,2.67,OPEN,2.93,0.2,0.8,1.08,3.92,0.89,TREND-DOWN
2026-09-28,M1,BDL,SELL,ENTRY SELL,290,09:20,560,1130.7,155.0,,0,0,"scanner-table preview signal (90/290) — no TradingView chart label, blocked",0.895,-0.816,DEF,,,,,,,,,,,,,327,1.12,100% trail 09:40,2.28,0.08,1.38,1.38,1.39,0.89,TREND-DOWN
2026-09-28,M1,BEL,SELL,ENTRY SELL,290,09:20,560,388.2,84.0,,0,0,"scanner-table preview signal (90/290) — no TradingView chart label, blocked",0.895,-1.359,DEF,,,,,,,,,,,,,304,0.54,OPEN,0.81,0.03,0.22,0.22,0.7,0.89,TREND-DOWN
2026-09-28,M1,BHARATFORG,SELL,ENTRY SELL,290,09:20,560,1984.1,78.0,,0,0,"scanner-table preview signal (90/290) — no TradingView chart label, blocked",0.895,-1.19,AUTO,,,,,,,,,,,,,193,1.07,100% trail 13:10,3.11,0.6,0.3,0.4,1.37,0.89,TREND-DOWN
2026-09-28,M1,BIOCON,SELL,ENTRY SELL,290,09:20,560,377.25,76.0,,0,0,"scanner-table preview signal (90/290) — no TradingView chart label, blocked",0.895,-1.282,PHA,,,,,,,,,,,,,268,0.6,OPEN,0.76,0.61,0.55,0.55,0.62,0.89,TREND-DOWN
2026-09-28,M1,BPCL,SELL,ENTRY SELL,290,09:20,560,305.25,143.0,,0,0,"scanner-table preview signal (90/290) — no TradingView chart label, blocked",0.895,-1.053,OIL,,,,,,,,,,,,,213,0.7,100% trail 13:35,1.63,0.5,0.79,0.79,0.98,0.89,TREND-DOWN
2026-09-28,M1,CANBK,SELL,ENTRY SELL,290,09:20,560,123.28,71.0,,0,0,"scanner-table preview signal (90/290) — no TradingView chart label, blocked",0.895,-1.368,PSUBK,,,,,,,,,,,,,523,1.43,100% trail 11:30,2.87,0.05,0.93,1.44,2.13,0.89,TREND-DOWN
2026-09-28,M1,CDSL,SELL,ENTRY SELL,290,09:25,565,1305.0,77.0,,0,0,"scanner-table preview signal (90/290) — no TradingView chart label, blocked",0.895,-0.986,CAPMKTS,,,,,,,,,,,,,566,1.3,OPEN,1.5,0.41,0.87,0.87,1.23,0.89,TREND-DOWN
2026-09-28,M1,CGPOWER,SELL,ENTRY SELL,290,09:20,560,873.25,169.0,,0,0,"scanner-table preview signal (90/290) — no TradingView chart label, blocked",0.895,-1.439,CAPGOODS,,,,,,,,,,,,,428,0.85,OPEN,0.98,0.55,0.38,0.38,0.94,0.89,TREND-DOWN
2026-09-28,M1,CHOLAFIN,SELL,ENTRY SELL,290,09:20,560,1637.6,131.0,,0,0,"scanner-table preview signal (90/290) — no TradingView chart label, blocked",0.895,-1.51,FIN,,,,,,,,,,,,,61,0.15,OPEN,0.72,0.64,0.72,0.72,0.21,0.89,TREND-DOWN
2026-09-28,M1,COLPAL,SELL,ENTRY SELL,290,09:20,560,1839.4,120.0,,0,0,"scanner-table preview signal (90/290) — no TradingView chart label, blocked",0.895,-0.884,FMCG,,,,,,,,,,,,,-438,-1.0,100% SL 12:00,0.96,1.43,0.35,0.35,-0.35,0.89,TREND-DOWN
2026-09-28,M1,CONCOR,SELL,ENTRY SELL,290,09:20,560,456.3,104.0,,0,0,"scanner-table preview signal (90/290) — no TradingView chart label, blocked",0.895,-1.127,LOGISTICS,,,,,,,,,,,,,170,0.56,100% trail 12:25,1.62,0.2,0.62,0.62,1.38,0.89,TREND-DOWN
2026-09-28,M1,CROMPTON,SELL,ENTRY SELL,290,09:20,560,216.36,59.0,,0,0,"scanner-table preview signal (90/290) — no TradingView chart label, blocked",0.895,-1.025,CDUR,,,,,,,,,,,,,-697,-1.0,100% SL 11:40,0.7,1.87,0.7,0.7,-1.13,0.89,TREND-DOWN
2026-09-28,M1,CUMMINSIND,SELL,ENTRY SELL,290,09:20,560,4872.0,13.0,,0,0,"scanner-table preview signal (90/290) — no TradingView chart label, blocked",0.895,-1.476,CAPGOODS,,,,,,,,,,,,,254,0.69,100% trail 15:10,1.05,0.37,0.09,0.14,0.35,0.89,TREND-DOWN
2026-09-28,M1,DELHIVERY,SELL,ENTRY SELL,290,09:20,560,415.9,73.0,,0,0,"scanner-table preview signal (90/290) — no TradingView chart label, blocked",0.895,-1.609,LOGISTICS,,,,,,,,,,,,,893,1.59,100% trail 15:05,2.11,0.19,0.91,1.33,2.02,0.89,TREND-DOWN
2026-09-28,M1,DIVISLAB,SELL,ENTRY SELL,290,09:20,560,9581.5,30.0,,0,0,"scanner-table preview signal (90/290) — no TradingView chart label, blocked",0.895,-0.395,PHA,,,,,,,,,,,,,51,0.42,100% trail 13:35,1.12,0.79,0.35,0.35,0.33,0.89,TREND-DOWN
2026-09-28,M1,DLF,SELL,ENTRY SELL,290,09:20,560,671.0,176.0,,0,0,"scanner-table preview signal (90/290) — no TradingView chart label, blocked",0.895,-1.757,REALTY,,,,,,,,,,,,,62,0.43,100% trail 11:35,1.57,0.22,1.26,1.34,1.11,0.89,TREND-DOWN
2026-09-28,M1,EICHERMOT,SELL,ENTRY SELL,290,09:20,560,7293.0,69.0,,0,0,"scanner-table preview signal (90/290) — no TradingView chart label, blocked",0.895,-0.91,AUTO,,,,,,,,,,,,,238,2.11,100% trail 12:50,4.17,0.52,0.88,1.64,1.09,0.89,TREND-DOWN
2026-09-28,M1,EXIDEIND,SELL,ENTRY SELL,290,09:20,560,419.75,,,0,0,"scanner-table preview signal (90/290) — no TradingView chart label, blocked",0.895,-0.921,AUTO,,,,,,,,,,,,,402,1.4,100% trail 11:35,2.99,0.36,1.14,1.14,1.99,0.89,TREND-DOWN
2026-09-28,M1,FORCEMOT,SELL,ENTRY SELL,290,09:20,560,17147.0,135.0,,0,0,"scanner-table preview signal (90/290) — no TradingView chart label, blocked",0.895,-1.386,AUTO,,,,,,,,,,,,,-278,-1.0,100% SL 10:00,0.94,1.9,0.25,0.25,0.27,0.89,TREND-DOWN
2026-09-28,M1,FORTIS,SELL,ENTRY SELL,290,09:20,560,828.85,19.0,,0,0,"scanner-table preview signal (90/290) — no TradingView chart label, blocked",0.895,-1.074,HOSPITALS,,,,,,,,,,,,,58,0.22,100% trail 11:30,1.02,0.61,0.75,1.02,-0.23,0.89,TREND-DOWN
2026-09-28,M1,GAIL,BUY,ENTRY BUY,90,09:20,560,174.27,22.0,,0,0,"scanner-table preview signal (90/290) — no TradingView chart label, blocked",0.895,0.909,OIL,,,,,,,,,,,,,-860,-1.0,100% SL 10:20,0.11,1.19,0.11,0.11,-1.04,0.89,TREND-DOWN
2026-09-28,M1,GMRAIRPORT,SELL,ENTRY SELL,290,09:20,560,96.74,180.0,,0,0,"scanner-table preview signal (90/290) — no TradingView chart label, blocked",0.895,-1.235,INFRA,,,,,,,,,,,,,1090,3.87,100% trail 14:55,4.54,0.2,1.19,1.19,2.06,0.89,TREND-DOWN
2026-09-28,M1,GODREJCP,SELL,ENTRY SELL,290,09:20,560,864.55,172.0,,0,0,"scanner-table preview signal (90/290) — no TradingView chart label, blocked",0.895,-1.756,FMCG,,,,,,,,,,,,,-238,-0.31,OPEN,0.43,0.53,0.32,0.37,-0.4,0.89,TREND-DOWN
2026-09-28,M1,GVT&D,SELL,ENTRY SELL,290,09:25,565,4232.1,174.0,,0,0,"scanner-table preview signal (90/290) — no TradingView chart label, blocked",0.895,-1.119,CAPGOODS,,,,,,,,,,,,,393,0.87,100% trail 13:25,1.12,0.34,0.28,0.28,0.69,0.89,TREND-DOWN
2026-09-28,M1,HAL,SELL,ENTRY SELL,290,09:20,560,4739.1,181.0,,0,0,"scanner-table preview signal (90/290) — no TradingView chart label, blocked",0.895,-1.269,DEF,,,,,,,,,,,,,-406,-1.0,100% SL 10:00,0.57,1.22,0.54,0.54,0.02,0.89,TREND-DOWN
2026-09-28,M1,HAVELLS,SELL,ENTRY SELL,290,09:20,560,1085.0,139.0,,0,0,"scanner-table preview signal (90/290) — no TradingView chart label, blocked",0.895,-1.049,CDUR,,,,,,,,,,,,,-42,0.0,OPEN,0.97,0.27,0.36,0.36,-0.0,0.89,TREND-DOWN
2026-09-28,M1,HDFCBANK,SELL,ENTRY SELL,290,09:20,560,725.5,64.0,,0,0,"scanner-table preview signal (90/290) — no TradingView chart label, blocked",0.895,-1.373,BANK,,,,,,,,,,,,,397,0.88,OPEN,0.98,0.16,0.52,0.53,0.89,0.89,TREND-DOWN
2026-09-28,M1,HINDALCO,SELL,ENTRY SELL,290,09:20,560,955.0,42.0,,0,0,"scanner-table preview signal (90/290) — no TradingView chart label, blocked",0.895,-2.252,MET,,,,,,,,,,,,,-89,-0.08,OPEN,0.32,0.87,0.32,0.32,-0.09,0.89,TREND-DOWN
2026-09-28,M1,HINDPETRO,SELL,ENTRY SELL,290,09:20,560,347.0,191.0,,0,0,"scanner-table preview signal (90/290) — no TradingView chart label, blocked",0.895,-1.14,OIL,,,,,,,,,,,,,613,3.45,OPEN,4.62,0.34,1.97,1.97,1.31,0.89,TREND-DOWN
2026-09-28,M1,HINDUNILVR,SELL,ENTRY SELL,290,09:20,560,1915.8,24.0,,0,0,"scanner-table preview signal (90/290) — no TradingView chart label, blocked",0.895,-1.395,FMCG,,,,,,,,,,,,,379,1.01,100% trail 15:10,1.24,0.1,0.45,0.45,1.03,0.89,TREND-DOWN
2026-09-28,M1,HYUNDAI,SELL,ENTRY SELL,290,09:20,560,2095.0,187.0,,0,0,"scanner-table preview signal (90/290) — no TradingView chart label, blocked",0.895,-0.946,AUTO,,,,,,,,,,,,,856,2.33,100% trail 14:05,3.1,0.29,0.91,1.2,2.11,0.89,TREND-DOWN
2026-09-28,M1,ICICIBANK,SELL,ENTRY SELL,290,09:25,565,1312.5,33.0,,0,0,"scanner-table preview signal (90/290) — no TradingView chart label, blocked",0.895,-1.078,BANK,,,,,,,,,,,,,153,0.65,100% trail 11:30,1.27,0.22,0.92,1.18,0.8,0.89,TREND-DOWN
2026-09-28,M1,IDEA,SELL,ENTRY SELL,290,09:20,560,13.93,9.0,,0,0,"scanner-table preview signal (90/290) — no TradingView chart label, blocked",0.895,-2.314,TELECOM,,,,,,,,,,,,,1198,1.41,100% trail 14:45,1.67,0.37,0.27,0.27,3.3,0.89,TREND-DOWN
2026-09-28,M1,IDFCFIRSTB,SELL,ENTRY SELL,290,09:25,565,82.05,26.0,,0,0,"scanner-table preview signal (90/290) — no TradingView chart label, blocked",0.895,-2.088,BANK,,,,,,,,,,,,,871,1.02,OPEN,1.07,0.06,0.34,0.37,1.83,0.89,TREND-DOWN
2026-09-28,M1,IEX,SELL,ENTRY SELL,290,09:20,560,111.77,162.0,,0,0,"scanner-table preview signal (90/290) — no TradingView chart label, blocked",0.895,-0.825,CAPMKTS,,,,,,,,,,,,,146,0.44,OPEN,0.86,0.87,0.33,0.33,0.38,0.89,TREND-DOWN
2026-09-28,M1,INDHOTEL,SELL,ENTRY SELL,290,09:20,560,716.35,39.0,,0,0,"scanner-table preview signal (90/290) — no TradingView chart label, blocked",0.895,-1.438,TRAVEL,,,,,,,,,,,,,-221,-0.45,100% trail 11:50,1.41,0.85,1.12,1.12,0.75,0.89,TREND-DOWN
2026-09-28,M1,INDIANB,SELL,ENTRY SELL,290,09:20,560,826.2,171.0,,0,0,"scanner-table preview signal (90/290) — no TradingView chart label, blocked",0.895,-0.697,PSUBK,,,,,,,,,,,,,1383,3.98,OPEN,4.09,0.37,0.73,1.11,2.87,0.89,TREND-DOWN
2026-09-28,M1,INDIGO,SELL,ENTRY SELL,290,09:20,560,4889.0,92.0,,0,0,"scanner-table preview signal (90/290) — no TradingView chart label, blocked",0.895,-1.032,TRAVEL,,,,,,,,,,,,,189,1.72,100% trail 11:30,2.72,1.06,0.44,1.0,0.3,0.89,TREND-DOWN
2026-09-28,M1,INDUSTOWER,SELL,ENTRY SELL,290,09:20,560,368.15,29.0,,0,0,"scanner-table preview signal (90/290) — no TradingView chart label, blocked",0.895,-1.735,TELECOM,,,,,,,,,,,,,909,1.56,100% trail 15:05,2.66,0.46,0.34,0.34,2.21,0.89,TREND-DOWN
2026-09-28,M1,INOXWIND,SELL,ENTRY SELL,290,09:20,560,73.88,183.0,,0,0,"scanner-table preview signal (90/290) — no TradingView chart label, blocked",0.895,-1.164,GREEN,,,,,,,,,,,,,179,0.55,100% trail 12:30,2.61,0.5,0.64,0.64,2.54,0.89,TREND-DOWN
2026-09-28,M1,IOC,SELL,ENTRY SELL,290,09:20,560,134.47,185.0,,0,0,"scanner-table preview signal (90/290) — no TradingView chart label, blocked",0.895,-0.906,OIL,,,,,,,,,,,,,165,0.75,100% trail 12:30,1.55,0.27,0.83,0.83,0.86,0.89,TREND-DOWN
2026-09-28,M1,IREDA,SELL,ENTRY SELL,290,09:20,560,112.0,161.0,,0,0,"scanner-table preview signal (90/290) — no TradingView chart label, blocked",0.895,-1.078,FIN,,,,,,,,,,,,,-661,-1.0,100% SL 10:00,0.11,4.21,0.11,0.11,-2.52,0.89,TREND-DOWN
2026-09-28,M1,IRFC,SELL,ENTRY SELL,290,09:20,560,78.85,170.0,,0,0,"scanner-table preview signal (90/290) — no TradingView chart label, blocked",0.895,-1.376,RAILWAYS,,,,,,,,,,,,,148,0.27,OPEN,0.41,0.98,0.28,0.28,0.38,0.89,TREND-DOWN
2026-09-28,M1,ITC,SELL,ENTRY SELL,290,09:20,560,267.3,152.0,,0,0,"scanner-table preview signal (90/290) — no TradingView chart label, blocked",0.895,-0.632,FMCG,,,,,,,,,,,,,351,1.02,OPEN,1.02,0.27,0.37,0.9,0.79,0.89,TREND-DOWN
2026-09-28,M1,JINDALSTEL,SELL,ENTRY SELL,290,09:25,565,1149.6,82.0,,0,0,"scanner-table preview signal (90/290) — no TradingView chart label, blocked",0.895,-1.305,MET,,,,,,,,,,,,,388,1.13,OPEN,1.76,0.85,0.31,0.31,0.87,0.89,TREND-DOWN
2026-09-28,M1,JIOFIN,SELL,ENTRY SELL,290,09:20,560,224.89,85.0,,0,0,"scanner-table preview signal (90/290) — no TradingView chart label, blocked",0.895,-0.93,FIN,,,,,,,,,,,,,186,0.63,100% trail 11:45,2.95,0.12,1.17,1.17,1.95,0.89,TREND-DOWN
2026-09-28,M1,JSWENERGY,SELL,ENTRY SELL,290,09:20,560,502.0,158.0,,0,0,"scanner-table preview signal (90/290) — no TradingView chart label, blocked",0.895,-0.898,ENE,,,,,,,,,,,,,299,1.53,100% trail 11:25,3.0,1.18,1.33,2.25,1.39,0.89,TREND-DOWN
2026-09-28,M1,JSWSTEEL,SELL,ENTRY SELL,290,09:25,565,1265.8,97.0,,0,0,"scanner-table preview signal (90/290) — no TradingView chart label, blocked",0.895,-0.877,MET,,,,,,,,,,,,,94,0.42,100% trail 15:15,1.06,0.72,0.39,0.39,0.13,0.89,TREND-DOWN
2026-09-28,M1,JUBLFOOD,SELL,ENTRY SELL,290,09:20,560,482.75,118.0,,0,0,"scanner-table preview signal (90/290) — no TradingView chart label, blocked",0.895,-0.371,CONSUMPTION,,,,,,,,,,,,,375,1.37,OPEN,2.12,0.78,0.88,0.88,0.84,0.89,TREND-DOWN
2026-09-28,M1,KALYANKJIL,SELL,ENTRY SELL,290,09:20,560,563.1,75.0,,0,0,"scanner-table preview signal (90/290) — no TradingView chart label, blocked",0.895,-1.728,CDUR,,,,,,,,,,,,,-114,-0.08,OPEN,0.33,0.45,0.33,0.33,-0.16,0.89,TREND-DOWN
2026-09-28,M1,KEI,SELL,ENTRY SELL,290,09:20,560,4616.5,192.0,,0,0,"scanner-table preview signal (90/290) — no TradingView chart label, blocked",0.895,-1.22,CAPGOODS,,,,,,,,,,,,,340,1.1,100% trail 12:05,2.69,0.48,0.68,0.69,2.18,0.89,TREND-DOWN
2026-09-28,M1,KOTAKBANK,SELL,ENTRY SELL,290,09:20,560,398.05,83.0,,0,0,"scanner-table preview signal (90/290) — no TradingView chart label, blocked",0.895,-1.473,BANK,,,,,,,,,,,,,-592,-1.0,100% SL 14:00,0.51,1.39,0.51,0.51,-0.88,0.89,TREND-DOWN
2026-09-28,M1,KPITTECH,SELL,ENTRY SELL,290,09:20,560,514.4,156.0,,0,0,"scanner-table preview signal (90/290) — no TradingView chart label, blocked",0.895,-0.963,IT,,,,,,,,,,,,,140,0.61,100% trail 12:10,2.18,0.3,0.94,0.94,1.05,0.89,TREND-DOWN
2026-09-28,M1,LAURUSLABS,SELL,ENTRY SELL,290,09:25,565,1986.6,108.0,,0,0,"scanner-table preview signal (90/290) — no TradingView chart label, blocked",0.895,-1.016,PHA,,,,,,,,,,,,,-591,-1.0,100% SL 09:50,0.05,1.28,0.05,0.05,-1.21,0.89,TREND-DOWN
2026-09-28,M1,LODHA,SELL,ENTRY SELL,290,09:20,560,1144.1,53.0,,0,0,"scanner-table preview signal (90/290) — no TradingView chart label, blocked",0.895,-1.794,REALTY,,,,,,,,,,,,,1120,1.4,OPEN,1.49,0.37,0.5,0.75,2.36,0.89,TREND-DOWN
2026-09-28,M1,LT,SELL,ENTRY SELL,290,09:20,560,3837.6,46.0,,0,0,"scanner-table preview signal (90/290) — no TradingView chart label, blocked",0.895,-0.996,INFRA,,,,,,,,,,,,,884,3.73,OPEN,3.73,0.5,0.7,0.92,1.86,0.89,TREND-DOWN
2026-09-28,M1,LTF,SELL,ENTRY SELL,290,09:20,560,280.3,49.0,,0,0,"scanner-table preview signal (90/290) — no TradingView chart label, blocked",0.895,-1.303,FIN,,,,,,,,,,,,,-579,-1.0,100% SL 11:50,0.83,1.14,0.83,0.83,-0.2,0.89,TREND-DOWN
2026-09-28,M1,LTM,SELL,ENTRY SELL,290,09:20,560,4047.2,132.0,,0,0,"scanner-table preview signal (90/290) — no TradingView chart label, blocked",0.895,-0.877,IT,,,,,,,,,,,,,-525,-1.0,100% SL 11:00,0.74,2.33,0.74,0.74,-1.09,0.89,TREND-DOWN
2026-09-28,M1,M&M,SELL,ENTRY SELL,290,09:20,560,2998.0,67.0,,0,0,"scanner-table preview signal (90/290) — no TradingView chart label, blocked",0.895,-1.219,AUTO,,,,,,,,,,,,,8,0.13,OPEN,0.9,0.34,0.52,0.52,0.1,0.89,TREND-DOWN
2026-09-28,M1,MANKIND,SELL,ENTRY SELL,290,09:25,565,2473.7,34.0,,0,0,"scanner-table preview signal (90/290) — no TradingView chart label, blocked",0.895,-0.048,PHA,,,,,,,,,,,,,421,2.0,100% trail 11:55,3.0,1.09,0.57,1.09,1.54,0.89,TREND-DOWN
2026-09-28,M1,MAXHEALTH,SELL,ENTRY SELL,290,09:20,560,993.4,65.0,,0,0,"scanner-table preview signal (90/290) — no TradingView chart label, blocked",0.895,-2.032,HOSPITALS,,,,,,,,,,,,,-377,-0.38,OPEN,0.22,0.9,0.22,0.22,-0.67,0.89,TREND-DOWN
2026-09-28,M1,MAZDOCK,SELL,ENTRY SELL,290,09:20,560,2168.5,206.0,,0,0,"scanner-table preview signal (90/290) — no TradingView chart label, blocked",0.895,-1.414,DEF,,,,,,,,,,,,,660,1.26,OPEN,1.55,0.25,0.56,0.56,1.41,0.89,TREND-DOWN
2026-09-28,M1,MCX,SELL,ENTRY SELL,290,09:25,565,3279.1,157.0,,0,0,"scanner-table preview signal (90/290) — no TradingView chart label, blocked",0.895,-1.377,CAPMKTS,,,,,,,,,,,,,-545,-1.0,100% SL 10:10,0.9,1.37,0.32,0.32,0.48,0.89,TREND-DOWN
2026-09-28,M1,MOTHERSON,SELL,ENTRY SELL,290,09:20,560,163.45,50.0,,0,0,"scanner-table preview signal (90/290) — no TradingView chart label, blocked",0.895,-1.364,AUTO,,,,,,,,,,,,,287,0.52,OPEN,0.95,0.61,0.38,0.38,0.66,0.89,TREND-DOWN
2026-09-28,M1,MOTILALOFS,SELL,ENTRY SELL,290,09:20,560,1008.8,195.0,,0,0,"scanner-table preview signal (90/290) — no TradingView chart label, blocked",0.895,-1.963,CAPMKTS,,,,,,,,,,,,,-175,-0.15,OPEN,0.48,0.53,0.48,0.48,-0.28,0.89,TREND-DOWN
2026-09-28,M1,MUTHOOTFIN,SELL,ENTRY SELL,290,09:25,565,2779.9,12.0,,0,0,"scanner-table preview signal (90/290) — no TradingView chart label, blocked",0.895,-1.944,FIN,,,,,,,,,,,,,298,0.76,OPEN,0.86,0.8,0.39,0.39,0.72,0.89,TREND-DOWN
2026-09-28,M1,NAM-INDIA,SELL,ENTRY SELL,290,09:20,560,1120.0,14.0,,0,0,"scanner-table preview signal (90/290) — no TradingView chart label, blocked",0.895,-3.198,CAPMKTS,,,,,,,,,,,,,654,0.77,OPEN,0.84,0.21,0.08,0.08,2.33,0.89,TREND-DOWN
2026-09-28,M1,NATIONALUM,SELL,ENTRY SELL,290,09:20,560,346.3,6.0,,0,0,"scanner-table preview signal (90/290) — no TradingView chart label, blocked",0.895,-3.457,MET,,,,,,,,,,,,,-320,-0.32,OPEN,0.23,0.44,0.2,0.2,-0.78,0.89,TREND-DOWN
2026-09-28,M1,NBCC,SELL,ENTRY SELL,290,09:20,560,81.69,79.0,,0,0,"scanner-table preview signal (90/290) — no TradingView chart label, blocked",0.895,-1.412,PSE,,,,,,,,,,,,,337,1.11,100% trail 13:25,2.67,0.43,1.25,1.25,1.81,0.89,TREND-DOWN
2026-09-28,M1,NESTLEIND,SELL,ENTRY SELL,290,09:20,560,1346.7,60.0,,0,0,"scanner-table preview signal (90/290) — no TradingView chart label, blocked",0.895,-1.167,FMCG,,,,,,,,,,,,,-205,-1.0,100% SL 09:40,0.79,3.15,0.38,0.38,0.05,0.89,TREND-DOWN
2026-09-28,M1,NHPC,SELL,ENTRY SELL,290,09:20,560,75.28,166.0,,0,0,"scanner-table preview signal (90/290) — no TradingView chart label, blocked",0.895,-0.947,ENE,,,,,,,,,,,,,420,1.33,100% trail 14:55,1.66,0.33,0.26,0.28,1.04,0.89,TREND-DOWN
2026-09-28,M1,NMDC,SELL,ENTRY SELL,290,09:25,565,79.46,41.0,,0,0,"scanner-table preview signal (90/290) — no TradingView chart label, blocked",0.895,-0.551,MET,,,,,,,,,,,,,1235,1.5,OPEN,1.49,0.39,0.38,0.38,2.55,0.89,TREND-DOWN
2026-09-28,M1,NTPC,SELL,ENTRY SELL,290,09:20,560,324.25,127.0,,0,0,"scanner-table preview signal (90/290) — no TradingView chart label, blocked",0.895,-0.72,ENE,,,,,,,,,,,,,87,0.51,100% trail 11:35,1.82,0.29,0.56,1.22,0.97,0.89,TREND-DOWN
2026-09-28,M1,OBEROIRLTY,SELL,ENTRY SELL,290,09:25,565,1839.9,205.0,,0,0,"scanner-table preview signal (90/290) — no TradingView chart label, blocked",0.895,-1.001,REALTY,,,,,,,,,,,,,-98,-0.04,100% trail 10:40,1.7,1.44,1.4,1.4,0.54,0.89,TREND-DOWN
2026-09-28,M1,OIL,SELL,ENTRY SELL,290,09:20,560,468.0,165.0,,0,0,"scanner-table preview signal (90/290) — no TradingView chart label, blocked",0.895,-1.505,OIL,,,,,,,,,,,,,-42,0.0,OPEN,0.67,0.41,0.07,0.07,-0.0,0.89,TREND-DOWN
2026-09-28,M1,ONGC,SELL,ENTRY SELL,290,09:20,560,233.4,189.0,,0,0,"scanner-table preview signal (90/290) — no TradingView chart label, blocked",0.895,-1.043,OIL,,,,,,,,,,,,,193,0.61,100% trail 13:00,1.65,0.58,0.08,0.08,1.46,0.89,TREND-DOWN
2026-09-28,M1,PATANJALI,SELL,ENTRY SELL,290,09:20,560,396.2,200.0,,0,0,"scanner-table preview signal (90/290) — no TradingView chart label, blocked",0.895,-1.919,FMCG,,,,,,,,,,,,,638,0.95,OPEN,1.87,0.51,0.02,0.02,1.36,0.89,TREND-DOWN
2026-09-28,M1,PAYTM,SELL,ENTRY SELL,290,09:25,565,1641.2,179.0,,0,0,"scanner-table preview signal (90/290) — no TradingView chart label, blocked",0.895,-1.959,NEWAGE,,,,,,,,,,,,,-863,-1.0,100% SL 12:40,0.55,1.37,0.17,0.17,0.33,0.89,TREND-DOWN
2026-09-28,M1,PERSISTENT,SELL,ENTRY SELL,290,09:20,560,5322.0,90.0,,0,0,"scanner-table preview signal (90/290) — no TradingView chart label, blocked",0.895,-0.931,IT,,,,,,,,,,,,,-98,-0.12,OPEN,0.64,0.82,0.64,0.64,-0.12,0.89,TREND-DOWN
2026-09-28,M1,PFC,SELL,ENTRY SELL,290,09:20,560,334.95,74.0,,0,0,"scanner-table preview signal (90/290) — no TradingView chart label, blocked",0.895,-0.902,FIN,,,,,,,,,,,,,327,0.91,100% trail 11:30,1.91,0.08,1.14,1.6,1.48,0.89,TREND-DOWN
2026-09-28,M1,PHOENIXLTD,SELL,ENTRY SELL,290,09:25,565,1953.8,47.0,,0,0,"scanner-table preview signal (90/290) — no TradingView chart label, blocked",0.895,-1.243,REALTY,,,,,,,,,,,,,-1,0.1,OPEN,0.83,0.57,0.62,0.62,0.08,0.89,TREND-DOWN
2026-09-28,M1,PNB,SELL,ENTRY SELL,290,09:20,560,115.07,141.0,,0,0,"scanner-table preview signal (90/290) — no TradingView chart label, blocked",0.895,-1.312,PSUBK,,,,,,,,,,,,,572,1.13,100% trail 13:10,1.96,0.09,0.57,1.0,2.15,0.89,TREND-DOWN
2026-09-28,M1,PNBHOUSING,SELL,ENTRY SELL,290,09:20,560,1073.9,54.0,,0,0,"scanner-table preview signal (90/290) — no TradingView chart label, blocked",0.895,-1.918,FIN,,,,,,,,,,,,,-655,-1.0,100% SL 10:45,0.69,1.96,0.69,0.69,-1.03,0.89,TREND-DOWN
2026-09-28,M1,POLYCAB,SELL,ENTRY SELL,290,09:20,560,8337.0,194.0,,0,0,"scanner-table preview signal (90/290) — no TradingView chart label, blocked",0.895,-0.85,CAPGOODS,,,,,,,,,,,,,509,2.13,100% trail 11:45,2.87,0.5,1.13,1.92,1.75,0.89,TREND-DOWN
2026-09-28,M1,POWERGRID,SELL,ENTRY SELL,290,09:20,560,266.55,68.0,,0,0,"scanner-table preview signal (90/290) — no TradingView chart label, blocked",0.895,-1.095,ENE,,,,,,,,,,,,,837,1.71,OPEN,1.71,0.27,0.29,0.53,1.76,0.89,TREND-DOWN
2026-09-28,M1,PREMIERENE,SELL,ENTRY SELL,290,09:20,560,887.4,149.0,,0,0,"scanner-table preview signal (90/290) — no TradingView chart label, blocked",0.895,-1.004,GREEN,,,,,,,,,,,,,-721,-1.03,100% SL 11:30,0.4,2.27,0.4,0.4,-2.1,0.89,TREND-DOWN
2026-09-28,M1,PRESTIGE,SELL,ENTRY SELL,290,09:20,560,1449.5,173.0,,0,0,"scanner-table preview signal (90/290) — no TradingView chart label, blocked",0.895,-1.915,REALTY,,,,,,,,,,,,,-417,-1.0,100% trail 10:35,1.25,2.2,1.25,1.25,-1.47,0.89,TREND-DOWN
2026-09-28,M1,RBLBANK,SELL,ENTRY SELL,290,09:25,565,408.4,147.0,,0,0,"scanner-table preview signal (90/290) — no TradingView chart label, blocked",0.895,-1.602,BANK,,,,,,,,,,,,,129,0.27,OPEN,0.75,0.62,0.75,0.75,0.34,0.89,TREND-DOWN
2026-09-28,M1,RECLTD,SELL,ENTRY SELL,290,09:20,560,308.7,137.0,,0,0,"scanner-table preview signal (90/290) — no TradingView chart label, blocked",0.895,-1.358,FIN,,,,,,,,,,,,,72,0.44,100% trail 11:25,2.41,0.49,1.11,1.79,1.77,0.89,TREND-DOWN
2026-09-28,M1,RELIANCE,SELL,ENTRY SELL,290,09:20,560,1214.0,15.0,,0,0,"scanner-table preview signal (90/290) — no TradingView chart label, blocked",0.895,-0.979,ENE,,,,,,,,,,,,,630,2.76,OPEN,2.79,0.29,0.96,0.96,1.35,0.89,TREND-DOWN
2026-09-28,M1,RVNL,SELL,ENTRY SELL,290,09:20,560,204.52,204.0,,0,0,"scanner-table preview signal (90/290) — no TradingView chart label, blocked",0.895,-1.198,RAILWAYS,,,,,,,,,,,,,212,0.77,100% trail 14:45,1.39,0.75,0.91,0.91,0.87,0.89,TREND-DOWN
2026-09-28,M1,SAIL,SELL,ENTRY SELL,290,09:25,565,183.59,95.0,,0,0,"scanner-table preview signal (90/290) — no TradingView chart label, blocked",0.895,-0.762,MET,,,,,,,,,,,,,-719,-1.0,100% SL 14:05,0.36,1.94,0.36,0.36,-0.33,0.89,TREND-DOWN
2026-09-28,M1,SBIN,SELL,ENTRY SELL,290,09:20,560,974.1,129.0,,0,0,"scanner-table preview signal (90/290) — no TradingView chart label, blocked",0.895,-0.905,PSUBK,,,,,,,,,,,,,326,1.14,100% trail 10:45,2.54,0.14,1.11,1.44,1.24,0.89,TREND-DOWN
2026-09-28,M1,SHRIRAMFIN,SELL,ENTRY SELL,290,09:25,565,978.9,51.0,,0,0,"scanner-table preview signal (90/290) — no TradingView chart label, blocked",0.895,-1.529,FIN,,,,,,,,,,,,,91,0.21,OPEN,0.7,0.46,0.27,0.27,0.27,0.89,TREND-DOWN
2026-09-28,M1,SIEMENS,SELL,ENTRY SELL,290,09:20,560,3814.4,89.0,,0,0,"scanner-table preview signal (90/290) — no TradingView chart label, blocked",0.895,-1.615,CAPGOODS,,,,,,,,,,,,,334,0.59,OPEN,0.87,0.32,0.46,0.46,0.76,0.89,TREND-DOWN
2026-09-28,M1,SONACOMS,SELL,ENTRY SELL,290,09:20,560,811.1,23.0,,0,0,"scanner-table preview signal (90/290) — no TradingView chart label, blocked",0.895,-1.625,AUTO,,,,,,,,,,,,,-891,-1.0,100% SL 11:45,0.35,1.23,0.26,0.26,0.39,0.89,TREND-DOWN
2026-09-28,M1,TATAELXSI,SELL,ENTRY SELL,290,09:20,560,3182.7,124.0,,0,0,"scanner-table preview signal (90/290) — no TradingView chart label, blocked",0.895,-0.132,IT,,,,,,,,,,,,,216,1.04,100% trail 09:45,1.09,1.55,1.09,1.09,-0.26,0.89,TREND-DOWN
2026-09-28,M1,TATAPOWER,SELL,ENTRY SELL,290,09:20,560,363.25,146.0,,0,0,"scanner-table preview signal (90/290) — no TradingView chart label, blocked",0.895,-1.156,ENE,,,,,,,,,,,,,143,0.48,OPEN,1.12,0.43,0.59,0.59,0.37,0.89,TREND-DOWN
2026-09-28,M1,TATASTEEL,SELL,ENTRY SELL,290,09:20,560,186.8,56.0,,0,0,"scanner-table preview signal (90/290) — no TradingView chart label, blocked",0.895,-0.622,MET,,,,,,,,,,,,,91,0.28,OPEN,0.81,0.93,0.55,0.55,0.27,0.89,TREND-DOWN
2026-09-28,M1,TECHM,SELL,ENTRY SELL,290,09:25,565,1543.5,52.0,,0,0,"scanner-table preview signal (90/290) — no TradingView chart label, blocked",0.895,-0.291,IT,,,,,,,,,,,,,153,0.54,100% trail 11:30,1.21,0.62,0.59,1.12,0.08,0.89,TREND-DOWN
2026-09-28,M1,TIINDIA,SELL,ENTRY SELL,290,09:20,560,2492.8,178.0,,0,0,"scanner-table preview signal (90/290) — no TradingView chart label, blocked",0.895,-0.729,AUTO,,,,,,,,,,,,,-464,-1.0,100% SL 09:55,2.6,1.38,0.11,0.11,1.36,0.89,TREND-DOWN
2026-09-28,M1,TITAN,SELL,ENTRY SELL,290,09:25,565,4827.0,31.0,,0,0,"scanner-table preview signal (90/290) — no TradingView chart label, blocked",0.895,-1.167,CDUR,,,,,,,,,,,,,34,0.14,OPEN,0.32,0.24,0.23,0.23,0.16,0.89,TREND-DOWN
2026-09-28,M1,TMPV,SELL,ENTRY SELL,290,09:20,560,288.3,40.0,,0,0,"scanner-table preview signal (90/290) — no TradingView chart label, blocked",0.895,-0.74,AUTO,,,,,,,,,,,,,405,1.03,100% trail 10:55,2.83,0.25,0.83,1.38,2.27,0.89,TREND-DOWN
2026-09-28,M1,TORNTPHARM,SELL,ENTRY SELL,290,09:20,560,4938.0,96.0,,0,0,"scanner-table preview signal (90/290) — no TradingView chart label, blocked",0.895,-1.012,PHA,,,,,,,,,,,,,328,0.85,100% trail 14:10,1.7,0.18,0.49,0.84,1.4,0.89,TREND-DOWN
2026-09-28,M1,UNIONBANK,SELL,ENTRY SELL,290,09:20,560,177.15,133.0,,0,0,"scanner-table preview signal (90/290) — no TradingView chart label, blocked",0.895,-1.693,PSUBK,,,,,,,,,,,,,625,1.8,100% trail 11:20,3.87,0.08,1.6,2.22,3.05,0.89,TREND-DOWN
2026-09-28,M1,UNITDSPR,SELL,ENTRY SELL,290,09:20,560,1409.7,188.0,,0,0,"scanner-table preview signal (90/290) — no TradingView chart label, blocked",0.895,-0.99,FMCG,,,,,,,,,,,,,-321,-1.0,100% SL 10:15,0.55,1.54,0.55,0.55,-0.4,0.89,TREND-DOWN
2026-09-28,M1,VBL,SELL,ENTRY SELL,290,09:20,560,427.8,106.0,,0,0,"scanner-table preview signal (90/290) — no TradingView chart label, blocked",0.895,-1.61,FMCG,,,,,,,,,,,,,-297,-0.44,OPEN,0.31,0.63,0.31,0.31,-0.51,0.89,TREND-DOWN
2026-09-28,M1,VEDL,SELL,ENTRY SELL,290,09:20,560,259.5,57.0,,0,0,"scanner-table preview signal (90/290) — no TradingView chart label, blocked",0.895,-2.572,MET,,,,,,,,,,,,,54,0.11,OPEN,0.27,0.64,0.27,0.27,0.19,0.89,TREND-DOWN
2026-09-28,M1,VMM,SELL,ENTRY SELL,290,09:20,560,102.95,7.0,,0,0,"scanner-table preview signal (90/290) — no TradingView chart label, blocked",0.895,-0.531,CONSUMPTION,,,,,,,,,,,,,996,2.58,OPEN,2.95,0.18,0.66,0.66,2.08,0.89,TREND-DOWN
2026-09-28,M1,WAAREEENER,SELL,ENTRY SELL,290,09:20,560,2484.6,86.0,,0,0,"scanner-table preview signal (90/290) — no TradingView chart label, blocked",0.895,-0.417,GREEN,,,,,,,,,,,,,133,0.57,100% trail 10:10,2.36,0.44,1.07,1.07,1.19,0.89,TREND-DOWN
2026-09-28,M1,WIPRO,SELL,ENTRY SELL,290,09:20,560,163.15,80.0,,0,0,"scanner-table preview signal (90/290) — no TradingView chart label, blocked",0.895,-0.53,IT,,,,,,,,,,,,,334,1.1,100% trail 11:35,1.72,0.49,1.19,1.43,0.97,0.89,TREND-DOWN
2026-09-28,M1,YESBANK,SELL,ENTRY SELL,290,09:20,560,21.74,16.0,,0,0,"scanner-table preview signal (90/290) — no TradingView chart label, blocked",0.895,-3.378,BANK,,,,,,,,,,,,,834,0.96,OPEN,1.07,0.12,0.33,0.33,2.58,0.89,TREND-DOWN
2026-09-28,M1,ASIANPAINT,SELL,SELL-EX1,201,09:35,575,2417.0,153.0,,0,0,EX1/EX2 before 09:45 blocked — razor-edge class (B2),0.895,-1.105,CHEMICALS,,,,,,,,,,,,,-101,-0.15,OPEN,0.13,0.71,0.04,0.04,-0.12,0.89,TREND-DOWN
2026-09-28,M1,ASTRAL,SELL,SELL-EX12,212,09:30,570,1375.0,13.0,,0,0,weak EX variant (EX9+) blocked — B2 quality filter,0.895,-1.716,BUILDMAT,,,,,,,,,,,,,120,0.25,OPEN,0.62,0.21,0.24,0.42,0.33,0.89,TREND-DOWN
2026-09-28,M1,AXISBANK,SELL,ENTRY SELL,290,09:35,575,1210.1,11.0,,0,0,"scanner-table preview signal (90/290) — no TradingView chart label, blocked",0.895,-1.006,BANK,,,,,,,,,,,,,-34,0.03,OPEN,0.67,0.54,0.26,0.26,0.02,0.89,TREND-DOWN
2026-09-28,M1,BAJAJFINSV,SELL,ENTRY SELL,290,09:35,575,1741.0,195.0,,0,0,"scanner-table preview signal (90/290) — no TradingView chart label, blocked",0.895,-1.694,FIN,,,,,,,,,,,,,-349,-0.39,OPEN,0.05,0.67,0.05,0.05,-0.63,0.89,TREND-DOWN
2026-09-28,M1,BANDHANBNK,SELL,SELL-EX1,201,09:35,575,184.24,120.0,,0,0,EX1/EX2 before 09:45 blocked — razor-edge class (B2),0.895,-1.843,BANK,,,,,,,,,,,,,836,1.27,OPEN,1.43,0.68,0.07,0.15,1.76,0.89,TREND-DOWN
2026-09-28,M1,BHARTIARTL,SELL,ENTRY SELL,290,09:35,575,1765.4,32.0,,0,0,"scanner-table preview signal (90/290) — no TradingView chart label, blocked",0.895,-1.12,TELECOM,,,,,,,,,,,,,-369,-1.0,100% SL 11:10,0.17,1.88,0.17,0.17,-0.34,0.89,TREND-DOWN
2026-09-28,M1,BRITANNIA,SELL,ENTRY SELL,290,09:35,575,4880.5,92.0,,0,0,"scanner-table preview signal (90/290) — no TradingView chart label, blocked",0.895,-1.154,FMCG,,,,,,,,,,,,,-386,-0.7,OPEN,0.23,0.7,0.06,0.11,-0.71,0.89,TREND-DOWN
2026-09-28,M1,BSE,SELL,SELL-EX1,201,09:30,570,3121.5,189.0,,0,0,EX1/EX2 before 09:45 blocked — razor-edge class (B2),0.895,-2.193,CAPMKTS,,,,,,,,,,,,,321,0.42,OPEN,0.8,0.91,0.17,0.17,0.77,0.89,TREND-DOWN
2026-09-28,M1,COCHINSHIP,SELL,ENTRY SELL,290,09:30,570,1354.3,205.0,,0,0,"scanner-table preview signal (90/290) — no TradingView chart label, blocked",0.895,-1.649,DEF,,,,,,,,,,,,,870,1.46,OPEN,1.55,0.26,0.18,0.23,1.87,0.89,TREND-DOWN
2026-09-28,M1,DABUR,SELL,SELL-EX1,201,09:35,575,382.55,118.0,,0,0,EX1/EX2 before 09:45 blocked — razor-edge class (B2),0.895,-0.791,FMCG,,,,,,,,,,,,,-325,-1.0,100% SL 09:45,0.3,2.02,0.3,0.3,-0.84,0.89,TREND-DOWN
2026-09-28,M1,DIXON,SELL,ENTRY SELL,290,09:30,570,13251.0,169.0,,0,0,"scanner-table preview signal (90/290) — no TradingView chart label, blocked",0.895,-1.038,CDUR,,,,,,,,,,,,,-336,-1.0,100% SL 09:50,0.15,5.81,0.15,0.15,-2.94,0.89,TREND-DOWN
2026-09-28,M1,ETERNAL,SELL,ENTRY SELL,290,09:35,575,331.15,119.0,,0,0,"scanner-table preview signal (90/290) — no TradingView chart label, blocked",0.895,-1.149,NEWAGE,,,,,,,,,,,,,-12,0.05,OPEN,0.6,0.43,0.15,0.15,0.06,0.89,TREND-DOWN
2026-09-28,M1,FORTIS,SELL,SELL-EX12,212,09:30,570,825.1,15.0,,0,0,weak EX variant (EX9+) blocked — B2 quality filter,0.895,-1.522,HOSPITALS,,,,,,,,,,,,,-381,-0.38,OPEN,0.51,0.71,0.31,0.51,-0.68,0.89,TREND-DOWN
2026-09-28,M1,GLENMARK,SELL,SELL-EX19,219,10:15,615,2341.6,33.0,,0,0,weak EX variant (EX9+) blocked — B2 quality filter,0.895,-1.613,PHA,,,,,,,,,,,,,213,1.06,100% trail 15:10,2.05,0.8,0.89,0.89,0.68,0.89,TREND-DOWN
2026-09-28,M1,GODREJPROP,SELL,SELL-EX1,201,09:30,570,1679.2,48.0,,0,0,EX1/EX2 before 09:45 blocked — razor-edge class (B2),0.895,-1.229,REALTY,,,,,,,,,,,,,232,0.45,OPEN,0.59,0.51,0.14,0.28,0.56,0.89,TREND-DOWN
2026-09-28,M1,HCLTECH,SELL,ENTRY SELL,290,09:40,580,1251.6,135.0,,0,0,"scanner-table preview signal (90/290) — no TradingView chart label, blocked",0.895,-0.509,IT,,,,,,,,,,,,,-521,-1.0,100% SL 14:05,0.88,1.36,0.28,0.28,-0.08,0.89,TREND-DOWN
2026-09-28,M1,HDFCBANK,SELL,SELL-EX12,212,09:35,575,724.4,84.0,,0,0,weak EX variant (EX9+) blocked — B2 quality filter,0.895,-1.523,BANK,,,,,,,,,,,,,327,0.63,OPEN,0.72,0.07,0.33,0.33,0.74,0.89,TREND-DOWN
2026-09-28,M1,HDFCLIFE,SELL,ENTRY SELL,290,09:30,570,530.05,106.0,,0,0,"scanner-table preview signal (90/290) — no TradingView chart label, blocked",0.895,-0.179,INSURANCE,,,,,,,,,,,,,60,0.57,100% trail 10:45,1.47,1.61,0.58,0.96,-0.29,0.89,TREND-DOWN
2026-09-28,M1,HINDALCO,SELL,SELL-EX12,212,09:30,570,953.4,77.0,,0,0,weak EX variant (EX9+) blocked — B2 quality filter,0.895,-2.416,MET,,,,,,,,,,,,,-172,-0.19,OPEN,0.16,0.89,0.16,0.16,-0.26,0.89,TREND-DOWN
2026-09-28,M1,ICICIGI,SELL,ENTRY SELL,290,09:35,575,1533.8,206.0,,0,0,"scanner-table preview signal (90/290) — no TradingView chart label, blocked",0.895,-1.281,INSURANCE,,,,,,,,,,,,,-561,-1.0,100% SL 12:50,0.51,1.69,0.51,0.51,-0.4,0.89,TREND-DOWN
2026-09-28,M1,INDUSINDBK,SELL,SELL-EX1,201,09:35,575,897.4,54.0,,0,0,EX1/EX2 before 09:45 blocked — razor-edge class (B2),0.895,-1.622,BANK,,,,,,,,,,,,,-653,-1.0,100% SL 13:25,0.75,1.35,0.07,0.27,-1.37,0.89,TREND-DOWN
2026-09-28,M1,INFY,SELL,SELL-EX1,201,09:40,580,990.8,80.0,,0,0,EX1/EX2 before 09:45 blocked — razor-edge class (B2),0.895,-0.94,IT,,,,,,,,,,,,,-758,-1.0,100% SL 13:15,0.31,1.4,0.07,0.31,-1.25,0.89,TREND-DOWN
2026-09-28,M1,IOC,SELL,SELL-EX12,212,09:35,575,133.84,161.0,,0,0,weak EX variant (EX9+) blocked — B2 quality filter,0.895,-1.371,OIL,,,,,,,,,,,,,152,0.34,OPEN,0.52,0.41,0.08,0.12,0.39,0.89,TREND-DOWN
2026-09-28,M1,KEI,SELL,SELL-EX12,212,09:35,575,4594.0,162.0,,0,0,weak EX variant (EX9+) blocked — B2 quality filter,0.895,-1.701,CAPGOODS,,,,,,,,,,,,,741,1.28,OPEN,1.33,0.37,0.06,0.12,1.7,0.89,TREND-DOWN
2026-09-28,M1,KFINTECH,SELL,ENTRY SELL,290,09:35,575,876.05,203.0,,0,0,"scanner-table preview signal (90/290) — no TradingView chart label, blocked",0.895,-1.435,CAPMKTS,,,,,,,,,,,,,-498,-0.62,OPEN,0.14,0.88,0.14,0.14,-0.91,0.89,TREND-DOWN
2026-09-28,M1,LAURUSLABS,BUY,BUY-EX9,108,09:50,590,2006.0,126.0,,0,0,weak EX variant (EX9+) blocked — B2 quality filter,0.895,-0.05,PHA,,,,,,,,,,,,,83,0.22,OPEN,0.3,0.59,0.29,0.29,0.23,0.89,TREND-DOWN
2026-09-28,M1,LICI,SELL,SELL-EX1,201,09:30,570,403.5,167.0,,0,0,EX1/EX2 before 09:45 blocked — razor-edge class (B2),0.895,-1.357,INSURANCE,,,,,,,,,,,,,309,0.62,OPEN,0.64,0.56,0.23,0.26,0.71,0.89,TREND-DOWN
2026-09-28,M1,LUPIN,SELL,SELL-EX1,201,09:35,575,2078.6,149.0,,0,0,EX1/EX2 before 09:45 blocked — razor-edge class (B2),0.895,-0.641,PHA,,,,,,,,,,,,,185,0.64,100% trail 12:25,1.27,0.29,0.63,0.76,0.8,0.89,TREND-DOWN
2026-09-28,M1,MPHASIS,SELL,SELL-EX2,202,09:40,580,2218.2,47.0,,0,0,EX1/EX2 before 09:45 blocked — razor-edge class (B2),0.895,-0.707,IT,,,,,,,,,,,,,-466,-0.7,OPEN,0.39,0.82,0.11,0.39,-0.87,0.89,TREND-DOWN
2026-09-28,M1,MUTHOOTFIN,SELL,SELL-EX12,212,09:30,570,2776.6,81.0,,0,0,weak EX variant (EX9+) blocked — B2 quality filter,0.895,-2.06,FIN,,,,,,,,,,,,,257,0.56,OPEN,0.65,0.82,0.23,0.23,0.6,0.89,TREND-DOWN
2026-09-28,M1,NUVAMA,SELL,SELL-EX12,212,09:35,575,1612.4,,,0,0,weak EX variant (EX9+) blocked — B2 quality filter,0.895,-4.104,CAPMKTS,,,,,,,,,,,,,-459,-0.48,100% EOD 15:20,0.13,0.77,0.1,0.13,-0.98,0.89,TREND-DOWN
2026-09-28,M1,OFSS,SELL,SELL-EX1,201,09:40,580,10601.0,157.0,,0,0,EX1/EX2 before 09:45 blocked — razor-edge class (B2),0.895,-1.569,IT,,,,,,,,,,,,,-949,-1.0,100% SL 11:55,0.0,1.39,0.0,0.0,-1.88,0.89,TREND-DOWN
2026-09-28,M1,PAGEIND,SELL,ENTRY SELL,290,09:35,575,37375.0,89.0,,0,0,"scanner-table preview signal (90/290) — no TradingView chart label, blocked",0.895,-0.849,CONSUMPTION,,,,,,,,,,,,,-156,-0.4,OPEN,0.27,0.8,0.27,0.27,-0.33,0.89,TREND-DOWN
2026-09-28,M1,PIDILITIND,SELL,SELL-EX1,201,09:35,575,1490.5,171.0,,0,0,EX1/EX2 before 09:45 blocked — razor-edge class (B2),0.895,-1.76,CHEMICALS,,,,,,,,,,,,,-595,-1.0,100% SL 12:40,0.22,1.12,0.09,0.09,-0.84,0.89,TREND-DOWN
2026-09-28,M1,PIIND,SELL,ENTRY SELL,290,09:35,575,2359.9,177.0,,0,0,"scanner-table preview signal (90/290) — no TradingView chart label, blocked",0.895,-1.671,CHEMICALS,,,,,,,,,,,,,187,0.29,OPEN,0.78,0.28,0.07,0.19,0.46,0.89,TREND-DOWN
2026-09-28,M1,POWERGRID,SELL,SELL-EX12,212,09:35,575,266.35,68.0,,0,0,weak EX variant (EX9+) blocked — B2 quality filter,0.895,-1.169,ENE,,,,,,,,,,,,,799,1.52,OPEN,1.53,0.08,0.24,0.54,1.69,0.89,TREND-DOWN
2026-09-28,M1,POWERINDIA,SELL,ENTRY SELL,290,09:35,575,30420.0,113.0,,0,0,"scanner-table preview signal (90/290) — no TradingView chart label, blocked",0.895,-1.982,CAPGOODS,,,,,,,,,,,,,134,0.48,OPEN,1.25,0.39,0.12,0.12,0.53,0.89,TREND-DOWN
2026-09-28,M1,PREMIERENE,SELL,SELL-EX12,212,09:30,570,884.6,185.0,,0,0,weak EX variant (EX9+) blocked — B2 quality filter,0.895,-1.316,GREEN,,,,,,,,,,,,,-878,-1.02,100% SL 11:30,0.12,2.01,0.12,0.12,-2.42,0.89,TREND-DOWN
2026-09-28,M1,SBICARD,SELL,SELL-EX1,201,09:30,570,600.35,29.0,,0,0,EX1/EX2 before 09:45 blocked — razor-edge class (B2),0.895,-1.775,FIN,,,,,,,,,,,,,492,0.83,100% trail 14:25,1.16,0.21,0.42,0.64,1.56,0.89,TREND-DOWN
2026-09-28,M1,SOLARINDS,SELL,ENTRY SELL,290,09:30,570,19470.0,207.0,,0,0,"scanner-table preview signal (90/290) — no TradingView chart label, blocked",0.895,-1.393,DEF,,,,,,,,,,,,,607,1.29,OPEN,1.99,0.46,0.08,0.08,1.64,0.89,TREND-DOWN
2026-09-28,M1,SRF,SELL,SELL-EX1,201,09:30,570,2500.9,36.0,,0,0,EX1/EX2 before 09:45 blocked — razor-edge class (B2),0.895,-1.539,CHEMICALS,,,,,,,,,,,,,139,0.37,OPEN,0.47,0.56,0.45,0.45,0.38,0.89,TREND-DOWN
2026-09-28,M1,SUNPHARMA,SELL,SELL-EX1,201,09:35,575,1844.1,16.0,,0,0,EX1/EX2 before 09:45 blocked — razor-edge class (B2),0.895,-0.437,PHA,,,,,,,,,,,,,-392,-1.0,100% SL 14:05,0.54,1.1,0.1,0.42,0.33,0.89,TREND-DOWN
2026-09-28,M1,SWIGGY,SELL,SELL-EX1,201,09:35,575,262.0,14.0,,0,0,EX1/EX2 before 09:45 blocked — razor-edge class (B2),0.895,-1.076,NEWAGE,,,,,,,,,,,,,663,0.97,100% trail 14:00,1.67,0.27,0.12,0.95,2.29,0.89,TREND-DOWN
2026-09-28,M1,TATACONSUM,SELL,SELL-EX1,201,09:30,570,969.3,17.0,,0,0,EX1/EX2 before 09:45 blocked — razor-edge class (B2),0.895,-1.092,FMCG,,,,,,,,,,,,,439,0.89,100% trail 15:15,1.18,0.28,0.63,0.67,0.96,0.89,TREND-DOWN
2026-09-28,M1,TCS,SELL,SELL-EX2,202,09:40,580,2063.6,110.0,,0,0,EX1/EX2 before 09:45 blocked — razor-edge class (B2),0.895,-0.884,IT,,,,,,,,,,,,,-212,-0.2,OPEN,0.35,0.79,0.2,0.35,-0.34,0.89,TREND-DOWN
2026-09-28,M1,TRENT,SELL,SELL-EX2,202,09:35,575,2627.7,74.0,,0,0,EX1/EX2 before 09:45 blocked — razor-edge class (B2),0.895,-1.558,CONSUMPTION,,,,,,,,,,,,,-10,0.06,OPEN,0.41,0.67,0.25,0.35,0.06,0.89,TREND-DOWN
2026-09-28,M1,UNOMINDA,SELL,ENTRY SELL,290,09:40,580,1205.8,163.0,,0,0,"scanner-table preview signal (90/290) — no TradingView chart label, blocked",0.895,-1.002,AUTO,,,,,,,,,,,,,-327,-1.0,100% SL 09:50,6.3,1.39,0.65,0.65,2.72,0.89,TREND-DOWN
2026-09-28,M1,UPL,SELL,SELL-EX1,201,09:30,570,544.75,151.0,,0,0,EX1/EX2 before 09:45 blocked — razor-edge class (B2),0.895,-0.955,CHEMICALS,,,,,,,,,,,,,-585,-1.0,100% SL 13:15,0.3,1.26,0.3,0.3,-0.87,0.89,TREND-DOWN
2026-09-28,M1,ZYDUSLIFE,BUY,BUY-EX,101,09:40,580,1218.6,1.0,,0,0,EX1/EX2 before 09:45 blocked — razor-edge class (B2),0.895,1.221,PHA,,,,,,,,,,,,,-179,-0.2,OPEN,0.56,0.62,0.4,0.56,-0.3,0.89,TREND-DOWN
2026-09-28,M1,AXISBANK,SELL,SELL-EX15,215,10:40,640,1209.0,20.0,,0,0,weak EX variant (EX9+) blocked — B2 quality filter,0.895,-1.096,BANK,,,,,,,,,,,,,-97,-0.07,100% trail 15:10,1.16,0.99,0.61,0.61,-0.07,0.89,TREND-DOWN
2026-09-28,M1,BHARTIARTL,BUY,BUY-EX9,108,11:10,670,1775.9,26.0,,0,0,weak EX variant (EX9+) blocked — B2 quality filter,0.895,-0.532,TELECOM,,,,,,,,,,,,,-157,-0.66,OPEN,1.23,0.77,0.45,0.45,-0.25,0.89,TREND-DOWN
2026-09-28,M1,HINDALCO,BUY,BUY-EX9,108,11:15,675,964.2,85.0,,0,0,weak EX variant (EX9+) blocked — B2 quality filter,0.895,-1.31,MET,,,,,,,,,,,,,-240,-1.0,100% SL 11:55,0.37,3.04,0.37,0.37,-0.86,0.89,TREND-DOWN
2026-09-28,M1,MOTHERSON,SELL,SELL-EX15,215,11:15,675,162.75,82.0,,0,0,weak EX variant (EX9+) blocked — B2 quality filter,0.895,-1.786,AUTO,,,,,,,,,,,,,75,0.24,OPEN,0.78,0.37,0.15,0.16,0.23,0.89,TREND-DOWN
2026-09-28,M1,NESTLEIND,BUY,BUY-EX9,108,11:15,675,1351.2,160.0,,0,0,weak EX variant (EX9+) blocked — B2 quality filter,0.895,-0.837,FMCG,,,,,,,,,,,,,9,0.74,100% trail 12:45,1.54,1.46,1.18,1.54,-0.38,0.89,TREND-DOWN
2026-09-28,M1,NUVAMA,BUY,BUY-EX9,108,11:05,665,1636.9,,,0,0,weak EX variant (EX9+) blocked — B2 quality filter,0.895,-2.647,CAPMKTS,,,,,,,,,,,,,-17,0.06,100% EOD 15:20,0.56,0.48,0.41,0.54,-0.53,0.89,TREND-DOWN
2026-09-28,M1,ANGELONE,SELL,SELL-EX15,215,11:40,700,279.5,147.0,,0,0,weak EX variant (EX9+) blocked — B2 quality filter,0.895,-2.951,CAPMKTS,,,,,,,,,,,,,-267,-1.0,100% trail 12:25,1.39,1.68,1.39,1.39,0.11,0.89,TREND-DOWN
2026-09-28,M1,NAUKRI,SELL,SELL-EX15,215,11:45,705,1245.4,13.0,,0,0,weak EX variant (EX9+) blocked — B2 quality filter,0.895,-0.749,NEWAGE,,,,,,,,,,,,,-382,-0.57,OPEN,0.44,0.62,0.32,0.36,-0.68,0.89,TREND-DOWN
2026-09-28,M1,ASTRAL,SELL,SELL-EX12,213,09:30,570,1375.0,13.0,,0,1,,0.895,-1.716,BUILDMAT,,,,,,,,239.35,-25.2,0.43,0.35,OPEN,120,0.25,OPEN,0.62,0.21,0.24,0.42,0.33,0.89,TREND-DOWN
2026-09-28,M1,FORTIS,SELL,SELL-EX12,213,09:30,570,825.1,15.0,,0,1,,0.895,-1.522,HOSPITALS,,,,,,,,-671.65,-304.47,-0.7,-1.0,OPEN,-381,-0.38,OPEN,0.51,0.71,0.31,0.51,-0.68,0.89,TREND-DOWN
2026-09-28,M1,GLENMARK,SELL,SELL-EX19,220,10:15,615,2341.6,33.0,,0,1,,0.895,-1.613,PHA,,,,,,,,212.59,212.59,1.14,1.14,100% trail 15:10,213,1.06,100% trail 15:10,2.05,0.8,0.89,0.89,0.68,0.89,TREND-DOWN
2026-09-28,M1,HDFCBANK,SELL,SELL-EX12,213,09:35,575,724.4,84.0,,0,1,,0.895,-1.523,BANK,,,,,,,,330.94,-12.04,0.64,0.62,OPEN,327,0.63,OPEN,0.72,0.07,0.33,0.33,0.74,0.89,TREND-DOWN
2026-09-28,M1,HINDALCO,SELL,SELL-EX12,213,09:30,570,953.4,77.0,,0,1,,0.895,-2.416,MET,,,,,,,,-332.71,-253.55,-0.42,-1.0,OPEN,-172,-0.19,OPEN,0.16,0.89,0.16,0.16,-0.26,0.89,TREND-DOWN
2026-09-28,M1,IOC,SELL,SELL-EX12,213,09:35,575,133.84,161.0,,0,1,,0.895,-1.371,OIL,,,,,,,,253.0,-277.18,0.51,-1.0,OPEN,152,0.34,OPEN,0.52,0.41,0.08,0.12,0.39,0.89,TREND-DOWN
2026-09-28,M1,KEI,SELL,SELL-EX12,213,09:35,575,4594.0,162.0,,0,1,,0.895,-1.701,CAPGOODS,,,,,,,,721.35,-250.14,1.25,-1.0,OPEN,741,1.28,OPEN,1.33,0.37,0.06,0.12,1.7,0.89,TREND-DOWN
2026-09-28,M1,LAURUSLABS,BUY,BUY-EX9,108,09:50,590,2006.0,126.0,,0,1,,0.895,-0.05,PHA,,,,,,,,23.08,-317.6,0.11,-1.0,OPEN,83,0.22,OPEN,0.3,0.59,0.29,0.29,0.23,0.89,TREND-DOWN
2026-09-28,M1,MUTHOOTFIN,SELL,SELL-EX12,213,09:30,570,2776.6,81.0,,0,1,,0.895,-2.06,FIN,,,,,,,,58.95,-228.23,0.19,-1.0,OPEN,257,0.56,OPEN,0.65,0.82,0.23,0.23,0.6,0.89,TREND-DOWN
2026-09-28,M1,NUVAMA,SELL,SELL-EX12,213,09:35,575,1612.4,,,0,1,,0.895,-4.104,CAPMKTS,,,,,,,,-459.0,-597.58,-0.48,-1.0,100% EOD 15:20,-459,-0.48,100% EOD 15:20,0.13,0.77,0.1,0.13,-0.98,0.89,TREND-DOWN
2026-09-28,M1,POWERGRID,SELL,SELL-EX12,213,09:35,575,266.35,68.0,,0,1,,0.895,-1.169,ENE,,,,,,,,715.09,-31.75,1.37,0.54,OPEN,799,1.52,OPEN,1.53,0.08,0.24,0.54,1.69,0.89,TREND-DOWN
2026-09-28,M1,PREMIERENE,SELL,SELL-EX12,213,09:30,570,884.6,185.0,,0,1,,0.895,-1.316,GREEN,,,,,,,,-878.05,-304.53,-1.02,-1.0,100% SL 11:30,-878,-1.02,100% SL 11:30,0.12,2.01,0.12,0.12,-2.42,0.89,TREND-DOWN
2026-09-28,M1,AXISBANK,SELL,SELL-EX15,216,10:40,640,1209.0,20.0,,0,1,,0.895,-1.096,BANK,,,,,,,,-97.39,-97.39,-0.07,-0.07,100% trail 15:10,-97,-0.07,100% trail 15:10,1.16,0.99,0.61,0.61,-0.07,0.89,TREND-DOWN
2026-09-28,M1,BHARTIARTL,BUY,BUY-EX9,108,11:10,670,1775.9,26.0,,0,1,,0.895,-0.532,TELECOM,,,,,,,,-83.9,-234.49,-0.28,-1.0,OPEN,-157,-0.66,OPEN,1.23,0.77,0.45,0.45,-0.25,0.89,TREND-DOWN
2026-09-28,M1,HINDALCO,BUY,BUY-EX9,108,11:15,675,964.2,85.0,,0,1,,0.895,-1.31,MET,,,,,,,,-239.51,-203.55,-1.0,-1.0,100% SL 11:55,-240,-1.0,100% SL 11:55,0.37,3.04,0.37,0.37,-0.86,0.89,TREND-DOWN
2026-09-28,M1,MOTHERSON,SELL,SELL-EX15,216,11:15,675,162.75,82.0,,0,1,,0.895,-1.786,AUTO,,,,,,,,341.96,-236.21,0.78,-1.0,OPEN,75,0.24,OPEN,0.78,0.37,0.15,0.16,0.23,0.89,TREND-DOWN
2026-09-28,M1,NESTLEIND,BUY,BUY-EX9,108,11:15,675,1351.2,160.0,,0,1,,0.895,-0.837,FMCG,,,,,,,,8.76,8.76,0.72,0.58,100% trail 12:45,9,0.74,100% trail 12:45,1.54,1.46,1.18,1.54,-0.38,0.89,TREND-DOWN
2026-09-28,M1,NUVAMA,BUY,BUY-EX9,108,11:05,665,1636.9,,,0,1,,0.895,-2.647,CAPMKTS,,,,,,,,-17.09,146.17,0.06,0.57,100% EOD 15:20,-17,0.06,100% EOD 15:20,0.56,0.48,0.41,0.54,-0.53,0.89,TREND-DOWN
2026-09-28,M1,ANGELONE,SELL,SELL-EX15,216,11:40,700,279.5,147.0,,0,1,,0.895,-2.951,CAPMKTS,,,,,,,,-266.87,-239.84,-1.0,-1.0,100% trail 12:25,-267,-1.0,100% trail 12:25,1.39,1.68,1.39,1.39,0.11,0.89,TREND-DOWN
2026-09-28,M1,NAUKRI,SELL,SELL-EX15,216,11:45,705,1245.4,13.0,,0,1,,0.895,-0.749,NEWAGE,,,,,,,,94.08,-314.02,0.23,-1.0,OPEN,-382,-0.57,OPEN,0.44,0.62,0.32,0.36,-0.68,0.89,TREND-DOWN
2026-09-28,M2,ADANIGREEN,SELL,SELL-EX1,201,10:05,605,1276.7,,BREAKOUT,1,0,,0.895,-1.535,GREEN,,,,,,,,1535.0,,2.88,,100% trail 14:45,1449,2.88,100% trail 14:45,3.72,0.33,2.17,2.42,3.27,0.89,TREND-DOWN
2026-09-28,M2,ANGELONE,SELL,SELL-EX3,203,09:30,570,278.4,,BREAKOUT,1,0,,0.895,-3.333,CAPMKTS,,,,,,,,-110.0,,-0.12,,OPEN,-142,-0.12,OPEN,0.05,0.51,0.02,0.02,-0.29,0.89,TREND-DOWN
2026-09-28,M2,APOLLOHOSP,BUY,BUY-EX6,105,10:00,600,8898.0,,BREAKOUT,1,0,,0.895,0.101,HOSPITALS,,,,,,,,-228.0,,-0.48,,OPEN,-218,-0.4,OPEN,0.05,0.65,0.05,0.05,-0.43,0.89,TREND-DOWN
2026-09-28,M2,BANKINDIA,SELL,SELL-EX3,203,09:30,570,134.63,,BREAKOUT,1,0,,0.895,-2.4,PSUBK,,,,,,,,1573.0,,1.75,,OPEN,1535,1.75,OPEN,1.95,0.21,0.35,0.67,3.45,0.89,TREND-DOWN
2026-09-28,M2,CANBK,SELL,SELL-EX3,203,09:30,570,122.68,,BREAKOUT,1,0,,0.895,-1.848,PSUBK,,,,,,,,826.0,,1.23,,OPEN,784,1.23,OPEN,1.46,0.2,0.23,0.65,1.65,0.89,TREND-DOWN
2026-09-28,M2,CROMPTON,SELL,SELL-EX3,203,09:30,570,214.99,,BREAKOUT,1,0,,0.895,-1.651,CDUR,,,,,,,,-897.0,,-1.0,,100% SL 11:40,-983,-1.0,100% SL 11:40,0.12,1.57,0.12,0.12,-1.77,0.89,TREND-DOWN
2026-09-28,M2,DELHIVERY,SELL,SELL-EX3,203,09:30,570,414.05,,BREAKOUT,1,0,,0.895,-2.046,LOGISTICS,,,,,,,,758.0,,0.9,,100% trail 15:05,671,0.9,100% trail 15:05,1.28,0.27,0.5,0.71,1.58,0.89,TREND-DOWN
2026-09-28,M2,DRREDDY,BUY,BUY-EX,101,09:50,590,1218.8,,BREAKOUT,1,0,,0.895,1.482,PHA,,,,,,,,90.0,,0.16,,OPEN,59,0.16,OPEN,0.78,0.48,0.14,0.14,0.18,0.89,TREND-DOWN
2026-09-28,M2,HDFCAMC,SELL,SELL-EX1,201,10:15,615,2322.1,,BREAKOUT,1,0,,0.895,-2.351,CAPMKTS,,,,,,,,212.0,,0.43,,OPEN,375,0.85,OPEN,0.92,0.3,0.37,0.41,0.85,0.89,TREND-DOWN
2026-09-28,M2,IDEA,SELL,SELL-EX5,205,09:30,570,13.88,,BREAKOUT,1,0,,0.895,-2.665,TELECOM,,,,,,,,962.0,,1.07,,100% trail 14:45,900,1.07,100% trail 14:45,1.29,0.46,0.09,0.09,2.95,0.89,TREND-DOWN
2026-09-28,M2,IDFCFIRSTB,SELL,SELL-EX3,203,09:30,570,81.74,,BREAKOUT,1,0,,0.895,-2.458,BANK,,,,,,,,582.0,,0.65,,OPEN,567,0.67,OPEN,0.71,0.17,0.11,0.14,1.46,0.89,TREND-DOWN
2026-09-28,M2,JINDALSTEL,SELL,SELL-EX3,203,09:35,575,1147.9,,BREAKOUT,1,0,,0.895,-1.451,MET,,,,,,,,525.0,,1.16,,OPEN,315,0.79,OPEN,1.31,0.87,0.09,0.09,0.72,0.89,TREND-DOWN
2026-09-28,M2,LICHSGFIN,BUY,BUY-EX,101,09:55,595,571.25,,BREAKOUT,1,0,,0.895,0.928,FIN,,,,,,,,-593.0,,-1.0,,100% SL 15:05,-680,-1.0,100% SL 15:05,0.51,1.17,0.26,0.26,-1.24,0.89,TREND-DOWN
2026-09-28,M2,MANAPPURAM,SELL,SELL-EX8,208,09:30,570,326.2,,BREAKOUT,1,0,,0.895,-2.335,FIN,,,,,,,,1759.0,,3.69,,OPEN,1978,4.24,OPEN,4.5,0.51,1.11,1.86,4.05,0.89,TREND-DOWN
2026-09-28,M2,MCX,SELL,SELL-EX3,203,09:30,570,3274.0,,BREAKOUT,1,0,,0.895,-1.531,CAPMKTS,,,,,,,,-535.0,,-1.0,,100% SL 10:10,-622,-1.0,100% SL 10:10,0.63,1.32,0.13,0.13,0.32,0.89,TREND-DOWN
2026-09-28,M2,NAM-INDIA,SELL,NORMAL SELL,280,10:25,625,1116.0,,BREAKOUT,1,0,,0.895,-3.544,CAPMKTS,,,,,,,,413.0,,0.84,,100% trail 13:20,327,0.84,100% trail 13:20,2.2,0.27,0.29,0.46,1.98,0.89,TREND-DOWN
2026-09-28,M2,NAUKRI,BUY,BUY-EX,101,09:50,590,1257.1,,BREAKOUT,1,0,,0.895,0.183,NEWAGE,,,,,,,,-589.0,,-0.78,,OPEN,-155,-0.16,OPEN,0.3,0.94,0.3,0.3,-0.25,0.89,TREND-DOWN
2026-09-28,M2,PETRONET,BUY,BUY-EX,101,09:55,595,288.0,,PULLBACK,1,0,,0.895,0.524,OIL,,,,,,,,483.0,,2.34,,100% trail 12:10,395,1.58,100% trail 12:10,2.87,1.22,1.34,1.85,0.64,0.89,TREND-DOWN
2026-09-28,M2,PFC,SELL,SELL-EX3,203,09:30,570,332.55,,BREAKOUT,1,0,,0.895,-1.612,FIN,,,,,,,,352.0,,0.43,,OPEN,341,0.47,OPEN,0.63,0.29,0.2,0.46,0.77,0.89,TREND-DOWN
2026-09-28,M2,PNB,SELL,SELL-EX3,203,09:30,570,114.71,,BREAKOUT,1,0,,0.895,-1.621,PSUBK,,,,,,,,961.0,,1.3,,OPEN,876,1.24,OPEN,1.34,0.18,0.24,0.58,1.84,0.89,TREND-DOWN
2026-09-28,M2,RECLTD,SELL,SELL-EX3,203,09:30,570,307.05,,BREAKOUT,1,0,,0.895,-1.885,FIN,,,,,,,,559.0,,0.88,,OPEN,574,0.97,OPEN,0.97,0.41,0.27,0.68,1.24,0.89,TREND-DOWN
2026-09-28,M2,TATAELXSI,SELL,SELL-EX8,208,09:35,575,3171.0,,BREAKOUT,1,0,,0.895,-0.499,IT,,,,,,,,-464.0,,-1.0,,100% SL 13:00,-548,-1.0,100% SL 13:00,0.3,1.34,0.3,0.3,-0.63,0.89,TREND-DOWN
2026-09-28,M2,UNIONBANK,SELL,SELL-EX3,203,09:30,570,175.99,,BREAKOUT,1,0,,0.895,-2.336,PSUBK,,,,,,,,1025.0,,1.41,,OPEN,1162,1.65,OPEN,1.67,0.25,0.42,0.77,2.41,0.89,TREND-DOWN
2026-09-28,M2,COALINDIA,BUY,BUY-EX,101,10:30,630,428.55,,BREAKOUT,1,0,,0.895,0.575,ENE,,,,,,,,-236.0,,-1.0,,100% SL 11:15,-323,-1.0,100% SL 11:15,0.37,3.6,0.37,0.37,-1.41,0.89,TREND-DOWN
2026-09-28,M2,LTM,BUY,BUY-EX,101,11:00,660,4085.6,,BREAKOUT,1,0,,0.895,0.064,IT,,,,,,,,125.0,,0.21,,OPEN,40,0.12,OPEN,0.96,0.42,0.25,0.42,0.14,0.89,TREND-DOWN
2026-09-28,M2,COALINDIA,SELL,SELL-EX6,206,11:50,710,425.0,,BREAKOUT,1,0,,0.895,-0.258,ENE,,,,,,,,445.0,,0.87,,OPEN,250,0.57,OPEN,0.87,0.38,0.05,0.05,0.59,0.89,TREND-DOWN
2026-09-28,M2,360ONE,SELL,ENTRY SELL,290,09:25,565,1055.1,196,,0,0,"scanner-table preview signal (90/290) — no TradingView chart label, blocked",0.895,-1.668,CAPMKTS,,,,,,,,,,,,,414,0.51,OPEN,0.6,0.31,0.21,0.21,0.96,0.89,TREND-DOWN
2026-09-28,M2,ABB,SELL,ENTRY SELL,290,09:20,560,6949.0,18,,0,0,"scanner-table preview signal (90/290) — no TradingView chart label, blocked",0.895,-1.468,CAPGOODS,,,,,,,,,,,,,-205,-0.3,OPEN,0.48,0.58,0.48,0.48,-0.34,0.89,TREND-DOWN
2026-09-28,M2,ABCAPITAL,SELL,ENTRY SELL,290,09:20,560,382.8,37,,0,0,"scanner-table preview signal (90/290) — no TradingView chart label, blocked",0.895,-1.846,FIN,,,,,,,,,,,,,-29,0.02,OPEN,0.33,0.28,0.33,0.33,0.03,0.89,TREND-DOWN
2026-09-28,M2,ADANIENSOL,SELL,ENTRY SELL,290,09:20,560,1319.2,128,,0,0,"scanner-table preview signal (90/290) — no TradingView chart label, blocked",0.895,-1.442,ENE,,,,,,,,,,,,,260,0.63,100% trail 12:10,2.4,0.36,0.22,0.52,2.37,0.89,TREND-DOWN
2026-09-28,M2,ADANIGREEN,SELL,ENTRY SELL,290,09:20,560,1282.0,130,,0,0,"scanner-table preview signal (90/290) — no TradingView chart label, blocked",0.895,-1.126,GREEN,,,,,,,,,,,,,1654,5.34,100% trail 14:45,6.71,0.31,0.57,3.23,3.67,0.89,TREND-DOWN
2026-09-28,M2,ADANIPORTS,SELL,ENTRY SELL,290,09:20,560,1777.0,48,,0,0,"scanner-table preview signal (90/290) — no TradingView chart label, blocked",0.895,-0.615,LOGISTICS,,,,,,,,,,,,,908,2.35,100% trail 13:35,2.65,0.05,0.74,1.01,1.87,0.89,TREND-DOWN
2026-09-28,M2,ADANIPOWER,SELL,ENTRY SELL,290,09:20,560,201.36,109,,0,0,"scanner-table preview signal (90/290) — no TradingView chart label, blocked",0.895,-0.686,ENE,,,,,,,,,,,,,1253,2.4,OPEN,2.76,0.16,0.53,1.09,2.59,0.89,TREND-DOWN
2026-09-28,M2,AMBUJACEM,SELL,ENTRY SELL,290,09:20,560,380.4,117,,0,0,"scanner-table preview signal (90/290) — no TradingView chart label, blocked",0.895,-0.886,CEMENT,,,,,,,,,,,,,552,1.4,100% trail 13:30,1.84,0.1,0.98,0.98,1.59,0.89,TREND-DOWN
2026-09-28,M2,ANGELONE,SELL,ENTRY SELL,290,09:20,560,279.45,10,,0,0,"scanner-table preview signal (90/290) — no TradingView chart label, blocked",0.895,-2.969,CAPMKTS,,,,,,,,,,,,,3,0.05,OPEN,0.25,0.5,0.22,0.22,0.09,0.89,TREND-DOWN
2026-09-28,M2,APLAPOLLO,SELL,ENTRY SELL,290,09:20,560,2196.7,112,,0,0,"scanner-table preview signal (90/290) — no TradingView chart label, blocked",0.895,-0.813,MET,,,,,,,,,,,,,95,0.6,100% trail 10:50,1.58,0.46,0.62,0.82,-0.01,0.89,TREND-DOWN
2026-09-28,M2,APOLLOHOSP,SELL,ENTRY SELL,290,09:20,560,8814.0,184,,0,0,"scanner-table preview signal (90/290) — no TradingView chart label, blocked",0.895,-0.844,HOSPITALS,,,,,,,,,,,,,-482,-1.0,100% SL 10:00,0.12,1.1,0.12,0.12,-0.52,0.89,TREND-DOWN
2026-09-28,M2,ASHOKLEY,SELL,ENTRY SELL,290,09:20,560,156.5,36,,0,0,"scanner-table preview signal (90/290) — no TradingView chart label, blocked",0.895,-1.622,AUTO,,,,,,,,,,,,,366,0.53,OPEN,0.73,0.34,0.08,0.08,0.82,0.89,TREND-DOWN
2026-09-28,M2,ASTRAL,SELL,ENTRY SELL,290,09:20,560,1381.7,105,,0,0,"scanner-table preview signal (90/290) — no TradingView chart label, blocked",0.895,-1.237,BUILDMAT,,,,,,,,,,,,,216,0.73,100% trail 11:25,1.57,0.26,0.97,0.97,0.81,0.89,TREND-DOWN
2026-09-28,M2,AUBANK,SELL,ENTRY SELL,290,09:20,560,1004.9,144,,0,0,"scanner-table preview signal (90/290) — no TradingView chart label, blocked",0.895,-1.287,BANK,,,,,,,,,,,,,183,0.71,100% trail 13:30,1.25,0.21,0.87,0.87,0.96,0.89,TREND-DOWN
2026-09-28,M2,AUROPHARMA,SELL,ENTRY SELL,290,09:20,560,1698.4,140,,0,0,"scanner-table preview signal (90/290) — no TradingView chart label, blocked",0.895,-0.794,PHA,,,,,,,,,,,,,-15,0.07,OPEN,0.85,0.48,0.33,0.8,0.05,0.89,TREND-DOWN
2026-09-28,M2,BAJAJ-AUTO,SELL,ENTRY SELL,290,09:20,560,11180.0,122,,0,0,"scanner-table preview signal (90/290) — no TradingView chart label, blocked",0.895,-0.895,AUTO,,,,,,,,,,,,,96,0.57,100% trail 10:45,2.94,0.35,0.49,0.98,1.4,0.89,TREND-DOWN
2026-09-28,M2,BAJAJHLDNG,SELL,ENTRY SELL,290,09:25,565,10800.0,28,,0,0,"scanner-table preview signal (90/290) — no TradingView chart label, blocked",0.895,-1.28,FIN,,,,,,,,,,,,,-36,0.0,OPEN,0.06,0.83,0.06,0.06,-0.0,0.89,TREND-DOWN
2026-09-28,M2,BAJFINANCE,SELL,ENTRY SELL,290,09:20,560,979.7,138,,0,0,"scanner-table preview signal (90/290) — no TradingView chart label, blocked",0.895,-1.725,FIN,,,,,,,,,,,,,-312,-0.42,OPEN,0.41,0.42,0.23,0.23,-0.54,0.89,TREND-DOWN
2026-09-28,M2,BANKBARODA,SELL,ENTRY SELL,290,09:20,560,232.44,88,,0,0,"scanner-table preview signal (90/290) — no TradingView chart label, blocked",0.895,-1.199,PSUBK,,,,,,,,,,,,,608,1.27,100% trail 13:40,1.94,0.18,0.39,0.68,2.13,0.89,TREND-DOWN
2026-09-28,M2,BANKINDIA,SELL,ENTRY SELL,290,09:20,560,135.29,111,,0,0,"scanner-table preview signal (90/290) — no TradingView chart label, blocked",0.895,-1.921,PSUBK,,,,,,,,,,,,,1914,2.67,OPEN,2.93,0.2,0.8,1.08,3.92,0.89,TREND-DOWN
2026-09-28,M2,BDL,SELL,ENTRY SELL,290,09:20,560,1130.7,155,,0,0,"scanner-table preview signal (90/290) — no TradingView chart label, blocked",0.895,-0.816,DEF,,,,,,,,,,,,,327,1.12,100% trail 09:40,2.28,0.08,1.38,1.38,1.39,0.89,TREND-DOWN
2026-09-28,M2,BEL,SELL,ENTRY SELL,290,09:20,560,388.2,84,,0,0,"scanner-table preview signal (90/290) — no TradingView chart label, blocked",0.895,-1.359,DEF,,,,,,,,,,,,,304,0.54,OPEN,0.81,0.03,0.22,0.22,0.7,0.89,TREND-DOWN
2026-09-28,M2,BHARATFORG,SELL,ENTRY SELL,290,09:20,560,1984.1,78,,0,0,"scanner-table preview signal (90/290) — no TradingView chart label, blocked",0.895,-1.19,AUTO,,,,,,,,,,,,,193,1.07,100% trail 13:10,3.11,0.6,0.3,0.4,1.37,0.89,TREND-DOWN
2026-09-28,M2,BIOCON,SELL,ENTRY SELL,290,09:20,560,377.25,76,,0,0,"scanner-table preview signal (90/290) — no TradingView chart label, blocked",0.895,-1.282,PHA,,,,,,,,,,,,,268,0.6,OPEN,0.76,0.61,0.55,0.55,0.62,0.89,TREND-DOWN
2026-09-28,M2,BPCL,SELL,ENTRY SELL,290,09:20,560,305.25,143,,0,0,"scanner-table preview signal (90/290) — no TradingView chart label, blocked",0.895,-1.053,OIL,,,,,,,,,,,,,213,0.7,100% trail 13:35,1.63,0.5,0.79,0.79,0.98,0.89,TREND-DOWN
2026-09-28,M2,CANBK,SELL,ENTRY SELL,290,09:20,560,123.28,71,,0,0,"scanner-table preview signal (90/290) — no TradingView chart label, blocked",0.895,-1.368,PSUBK,,,,,,,,,,,,,523,1.43,100% trail 11:30,2.87,0.05,0.93,1.44,2.13,0.89,TREND-DOWN
2026-09-28,M2,CDSL,SELL,ENTRY SELL,290,09:25,565,1305.0,77,,0,0,"scanner-table preview signal (90/290) — no TradingView chart label, blocked",0.895,-0.986,CAPMKTS,,,,,,,,,,,,,566,1.3,OPEN,1.5,0.41,0.87,0.87,1.23,0.89,TREND-DOWN
2026-09-28,M2,CGPOWER,SELL,ENTRY SELL,290,09:20,560,873.25,169,,0,0,"scanner-table preview signal (90/290) — no TradingView chart label, blocked",0.895,-1.439,CAPGOODS,,,,,,,,,,,,,428,0.85,OPEN,0.98,0.55,0.38,0.38,0.94,0.89,TREND-DOWN
2026-09-28,M2,CHOLAFIN,SELL,ENTRY SELL,290,09:20,560,1637.6,131,,0,0,"scanner-table preview signal (90/290) — no TradingView chart label, blocked",0.895,-1.51,FIN,,,,,,,,,,,,,61,0.15,OPEN,0.72,0.64,0.72,0.72,0.21,0.89,TREND-DOWN
2026-09-28,M2,COLPAL,SELL,ENTRY SELL,290,09:20,560,1839.4,120,,0,0,"scanner-table preview signal (90/290) — no TradingView chart label, blocked",0.895,-0.884,FMCG,,,,,,,,,,,,,-438,-1.0,100% SL 12:00,0.96,1.43,0.35,0.35,-0.35,0.89,TREND-DOWN
2026-09-28,M2,CONCOR,SELL,ENTRY SELL,290,09:20,560,456.3,104,,0,0,"scanner-table preview signal (90/290) — no TradingView chart label, blocked",0.895,-1.127,LOGISTICS,,,,,,,,,,,,,170,0.56,100% trail 12:25,1.62,0.2,0.62,0.62,1.38,0.89,TREND-DOWN
2026-09-28,M2,CROMPTON,SELL,ENTRY SELL,290,09:20,560,216.36,59,,0,0,"scanner-table preview signal (90/290) — no TradingView chart label, blocked",0.895,-1.025,CDUR,,,,,,,,,,,,,-697,-1.0,100% SL 11:40,0.7,1.87,0.7,0.7,-1.13,0.89,TREND-DOWN
2026-09-28,M2,CUMMINSIND,SELL,ENTRY SELL,290,09:20,560,4872.0,13,,0,0,"scanner-table preview signal (90/290) — no TradingView chart label, blocked",0.895,-1.476,CAPGOODS,,,,,,,,,,,,,254,0.69,100% trail 15:10,1.05,0.37,0.09,0.14,0.35,0.89,TREND-DOWN
2026-09-28,M2,DELHIVERY,SELL,ENTRY SELL,290,09:20,560,415.9,73,,0,0,"scanner-table preview signal (90/290) — no TradingView chart label, blocked",0.895,-1.609,LOGISTICS,,,,,,,,,,,,,893,1.59,100% trail 15:05,2.11,0.19,0.91,1.33,2.02,0.89,TREND-DOWN
2026-09-28,M2,DIVISLAB,SELL,ENTRY SELL,290,09:20,560,9581.5,30,,0,0,"scanner-table preview signal (90/290) — no TradingView chart label, blocked",0.895,-0.395,PHA,,,,,,,,,,,,,51,0.42,100% trail 13:35,1.12,0.79,0.35,0.35,0.33,0.89,TREND-DOWN
2026-09-28,M2,DLF,SELL,ENTRY SELL,290,09:20,560,671.0,176,,0,0,"scanner-table preview signal (90/290) — no TradingView chart label, blocked",0.895,-1.757,REALTY,,,,,,,,,,,,,62,0.43,100% trail 11:35,1.57,0.22,1.26,1.34,1.11,0.89,TREND-DOWN
2026-09-28,M2,EICHERMOT,SELL,ENTRY SELL,290,09:20,560,7293.0,69,,0,0,"scanner-table preview signal (90/290) — no TradingView chart label, blocked",0.895,-0.91,AUTO,,,,,,,,,,,,,238,2.11,100% trail 12:50,4.17,0.52,0.88,1.64,1.09,0.89,TREND-DOWN
2026-09-28,M2,EXIDEIND,SELL,ENTRY SELL,290,09:20,560,419.75,,,0,0,"scanner-table preview signal (90/290) — no TradingView chart label, blocked",0.895,-0.921,AUTO,,,,,,,,,,,,,402,1.4,100% trail 11:35,2.99,0.36,1.14,1.14,1.99,0.89,TREND-DOWN
2026-09-28,M2,FORCEMOT,SELL,ENTRY SELL,290,09:20,560,17147.0,135,,0,0,"scanner-table preview signal (90/290) — no TradingView chart label, blocked",0.895,-1.386,AUTO,,,,,,,,,,,,,-278,-1.0,100% SL 10:00,0.94,1.9,0.25,0.25,0.27,0.89,TREND-DOWN
2026-09-28,M2,FORTIS,SELL,ENTRY SELL,290,09:20,560,828.85,19,,0,0,"scanner-table preview signal (90/290) — no TradingView chart label, blocked",0.895,-1.074,HOSPITALS,,,,,,,,,,,,,58,0.22,100% trail 11:30,1.02,0.61,0.75,1.02,-0.23,0.89,TREND-DOWN
2026-09-28,M2,GAIL,BUY,ENTRY BUY,90,09:20,560,174.27,22,,0,0,"scanner-table preview signal (90/290) — no TradingView chart label, blocked",0.895,0.909,OIL,,,,,,,,,,,,,-860,-1.0,100% SL 10:20,0.11,1.19,0.11,0.11,-1.04,0.89,TREND-DOWN
2026-09-28,M2,GMRAIRPORT,SELL,ENTRY SELL,290,09:20,560,96.74,180,,0,0,"scanner-table preview signal (90/290) — no TradingView chart label, blocked",0.895,-1.235,INFRA,,,,,,,,,,,,,1090,3.87,100% trail 14:55,4.54,0.2,1.19,1.19,2.06,0.89,TREND-DOWN
2026-09-28,M2,GODREJCP,SELL,ENTRY SELL,290,09:20,560,864.55,172,,0,0,"scanner-table preview signal (90/290) — no TradingView chart label, blocked",0.895,-1.756,FMCG,,,,,,,,,,,,,-238,-0.31,OPEN,0.43,0.53,0.32,0.37,-0.4,0.89,TREND-DOWN
2026-09-28,M2,GVT&D,SELL,ENTRY SELL,290,09:25,565,4232.1,174,,0,0,"scanner-table preview signal (90/290) — no TradingView chart label, blocked",0.895,-1.119,CAPGOODS,,,,,,,,,,,,,393,0.87,100% trail 13:25,1.12,0.34,0.28,0.28,0.69,0.89,TREND-DOWN
2026-09-28,M2,HAL,SELL,ENTRY SELL,290,09:20,560,4739.1,181,,0,0,"scanner-table preview signal (90/290) — no TradingView chart label, blocked",0.895,-1.269,DEF,,,,,,,,,,,,,-406,-1.0,100% SL 10:00,0.57,1.22,0.54,0.54,0.02,0.89,TREND-DOWN
2026-09-28,M2,HAVELLS,SELL,ENTRY SELL,290,09:20,560,1085.0,139,,0,0,"scanner-table preview signal (90/290) — no TradingView chart label, blocked",0.895,-1.049,CDUR,,,,,,,,,,,,,-42,0.0,OPEN,0.97,0.27,0.36,0.36,-0.0,0.89,TREND-DOWN
2026-09-28,M2,HDFCBANK,SELL,ENTRY SELL,290,09:20,560,725.5,64,,0,0,"scanner-table preview signal (90/290) — no TradingView chart label, blocked",0.895,-1.373,BANK,,,,,,,,,,,,,397,0.88,OPEN,0.98,0.16,0.52,0.53,0.89,0.89,TREND-DOWN
2026-09-28,M2,HINDALCO,SELL,ENTRY SELL,290,09:20,560,955.0,42,,0,0,"scanner-table preview signal (90/290) — no TradingView chart label, blocked",0.895,-2.252,MET,,,,,,,,,,,,,-89,-0.08,OPEN,0.32,0.87,0.32,0.32,-0.09,0.89,TREND-DOWN
2026-09-28,M2,HINDPETRO,SELL,ENTRY SELL,290,09:20,560,347.0,191,,0,0,"scanner-table preview signal (90/290) — no TradingView chart label, blocked",0.895,-1.14,OIL,,,,,,,,,,,,,613,3.45,OPEN,4.62,0.34,1.97,1.97,1.31,0.89,TREND-DOWN
2026-09-28,M2,HINDUNILVR,SELL,ENTRY SELL,290,09:20,560,1915.8,24,,0,0,"scanner-table preview signal (90/290) — no TradingView chart label, blocked",0.895,-1.395,FMCG,,,,,,,,,,,,,379,1.01,100% trail 15:10,1.24,0.1,0.45,0.45,1.03,0.89,TREND-DOWN
2026-09-28,M2,HYUNDAI,SELL,ENTRY SELL,290,09:20,560,2095.0,187,,0,0,"scanner-table preview signal (90/290) — no TradingView chart label, blocked",0.895,-0.946,AUTO,,,,,,,,,,,,,856,2.33,100% trail 14:05,3.1,0.29,0.91,1.2,2.11,0.89,TREND-DOWN
2026-09-28,M2,ICICIBANK,SELL,ENTRY SELL,290,09:25,565,1312.5,33,,0,0,"scanner-table preview signal (90/290) — no TradingView chart label, blocked",0.895,-1.078,BANK,,,,,,,,,,,,,153,0.65,100% trail 11:30,1.27,0.22,0.92,1.18,0.8,0.89,TREND-DOWN
2026-09-28,M2,IDEA,SELL,ENTRY SELL,290,09:20,560,13.93,9,,0,0,"scanner-table preview signal (90/290) — no TradingView chart label, blocked",0.895,-2.314,TELECOM,,,,,,,,,,,,,1198,1.41,100% trail 14:45,1.67,0.37,0.27,0.27,3.3,0.89,TREND-DOWN
2026-09-28,M2,IDFCFIRSTB,SELL,ENTRY SELL,290,09:25,565,82.05,26,,0,0,"scanner-table preview signal (90/290) — no TradingView chart label, blocked",0.895,-2.088,BANK,,,,,,,,,,,,,871,1.02,OPEN,1.07,0.06,0.34,0.37,1.83,0.89,TREND-DOWN
2026-09-28,M2,IEX,SELL,ENTRY SELL,290,09:20,560,111.77,162,,0,0,"scanner-table preview signal (90/290) — no TradingView chart label, blocked",0.895,-0.825,CAPMKTS,,,,,,,,,,,,,146,0.44,OPEN,0.86,0.87,0.33,0.33,0.38,0.89,TREND-DOWN
2026-09-28,M2,INDHOTEL,SELL,ENTRY SELL,290,09:20,560,716.35,39,,0,0,"scanner-table preview signal (90/290) — no TradingView chart label, blocked",0.895,-1.438,TRAVEL,,,,,,,,,,,,,-221,-0.45,100% trail 11:50,1.41,0.85,1.12,1.12,0.75,0.89,TREND-DOWN
2026-09-28,M2,INDIANB,SELL,ENTRY SELL,290,09:20,560,826.2,171,,0,0,"scanner-table preview signal (90/290) — no TradingView chart label, blocked",0.895,-0.697,PSUBK,,,,,,,,,,,,,1383,3.98,OPEN,4.09,0.37,0.73,1.11,2.87,0.89,TREND-DOWN
2026-09-28,M2,INDIGO,SELL,ENTRY SELL,290,09:20,560,4889.0,92,,0,0,"scanner-table preview signal (90/290) — no TradingView chart label, blocked",0.895,-1.032,TRAVEL,,,,,,,,,,,,,189,1.72,100% trail 11:30,2.72,1.06,0.44,1.0,0.3,0.89,TREND-DOWN
2026-09-28,M2,INDUSTOWER,SELL,ENTRY SELL,290,09:20,560,368.15,29,,0,0,"scanner-table preview signal (90/290) — no TradingView chart label, blocked",0.895,-1.735,TELECOM,,,,,,,,,,,,,909,1.56,100% trail 15:05,2.66,0.46,0.34,0.34,2.21,0.89,TREND-DOWN
2026-09-28,M2,INOXWIND,SELL,ENTRY SELL,290,09:20,560,73.88,183,,0,0,"scanner-table preview signal (90/290) — no TradingView chart label, blocked",0.895,-1.164,GREEN,,,,,,,,,,,,,179,0.55,100% trail 12:30,2.61,0.5,0.64,0.64,2.54,0.89,TREND-DOWN
2026-09-28,M2,IOC,SELL,ENTRY SELL,290,09:20,560,134.47,185,,0,0,"scanner-table preview signal (90/290) — no TradingView chart label, blocked",0.895,-0.906,OIL,,,,,,,,,,,,,165,0.75,100% trail 12:30,1.55,0.27,0.83,0.83,0.86,0.89,TREND-DOWN
2026-09-28,M2,IREDA,SELL,ENTRY SELL,290,09:20,560,112.0,161,,0,0,"scanner-table preview signal (90/290) — no TradingView chart label, blocked",0.895,-1.078,FIN,,,,,,,,,,,,,-661,-1.0,100% SL 10:00,0.11,4.21,0.11,0.11,-2.52,0.89,TREND-DOWN
2026-09-28,M2,IRFC,SELL,ENTRY SELL,290,09:20,560,78.85,170,,0,0,"scanner-table preview signal (90/290) — no TradingView chart label, blocked",0.895,-1.376,RAILWAYS,,,,,,,,,,,,,148,0.27,OPEN,0.41,0.98,0.28,0.28,0.38,0.89,TREND-DOWN
2026-09-28,M2,ITC,SELL,ENTRY SELL,290,09:20,560,267.3,152,,0,0,"scanner-table preview signal (90/290) — no TradingView chart label, blocked",0.895,-0.632,FMCG,,,,,,,,,,,,,351,1.02,OPEN,1.02,0.27,0.37,0.9,0.79,0.89,TREND-DOWN
2026-09-28,M2,JINDALSTEL,SELL,ENTRY SELL,290,09:25,565,1149.6,82,,0,0,"scanner-table preview signal (90/290) — no TradingView chart label, blocked",0.895,-1.305,MET,,,,,,,,,,,,,388,1.13,OPEN,1.76,0.85,0.31,0.31,0.87,0.89,TREND-DOWN
2026-09-28,M2,JIOFIN,SELL,ENTRY SELL,290,09:20,560,224.89,85,,0,0,"scanner-table preview signal (90/290) — no TradingView chart label, blocked",0.895,-0.93,FIN,,,,,,,,,,,,,186,0.63,100% trail 11:45,2.95,0.12,1.17,1.17,1.95,0.89,TREND-DOWN
2026-09-28,M2,JSWENERGY,SELL,ENTRY SELL,290,09:20,560,502.0,158,,0,0,"scanner-table preview signal (90/290) — no TradingView chart label, blocked",0.895,-0.898,ENE,,,,,,,,,,,,,299,1.53,100% trail 11:25,3.0,1.18,1.33,2.25,1.39,0.89,TREND-DOWN
2026-09-28,M2,JSWSTEEL,SELL,ENTRY SELL,290,09:25,565,1265.8,97,,0,0,"scanner-table preview signal (90/290) — no TradingView chart label, blocked",0.895,-0.877,MET,,,,,,,,,,,,,94,0.42,100% trail 15:15,1.06,0.72,0.39,0.39,0.13,0.89,TREND-DOWN
2026-09-28,M2,JUBLFOOD,SELL,ENTRY SELL,290,09:20,560,482.75,118,,0,0,"scanner-table preview signal (90/290) — no TradingView chart label, blocked",0.895,-0.371,CONSUMPTION,,,,,,,,,,,,,375,1.37,OPEN,2.12,0.78,0.88,0.88,0.84,0.89,TREND-DOWN
2026-09-28,M2,KALYANKJIL,SELL,ENTRY SELL,290,09:20,560,563.1,75,,0,0,"scanner-table preview signal (90/290) — no TradingView chart label, blocked",0.895,-1.728,CDUR,,,,,,,,,,,,,-114,-0.08,OPEN,0.33,0.45,0.33,0.33,-0.16,0.89,TREND-DOWN
2026-09-28,M2,KEI,SELL,ENTRY SELL,290,09:20,560,4616.5,192,,0,0,"scanner-table preview signal (90/290) — no TradingView chart label, blocked",0.895,-1.22,CAPGOODS,,,,,,,,,,,,,340,1.1,100% trail 12:05,2.69,0.48,0.68,0.69,2.18,0.89,TREND-DOWN
2026-09-28,M2,KOTAKBANK,SELL,ENTRY SELL,290,09:20,560,398.05,83,,0,0,"scanner-table preview signal (90/290) — no TradingView chart label, blocked",0.895,-1.473,BANK,,,,,,,,,,,,,-592,-1.0,100% SL 14:00,0.51,1.39,0.51,0.51,-0.88,0.89,TREND-DOWN
2026-09-28,M2,KPITTECH,SELL,ENTRY SELL,290,09:20,560,514.4,156,,0,0,"scanner-table preview signal (90/290) — no TradingView chart label, blocked",0.895,-0.963,IT,,,,,,,,,,,,,140,0.61,100% trail 12:10,2.18,0.3,0.94,0.94,1.05,0.89,TREND-DOWN
2026-09-28,M2,LAURUSLABS,SELL,ENTRY SELL,290,09:25,565,1986.6,108,,0,0,"scanner-table preview signal (90/290) — no TradingView chart label, blocked",0.895,-1.016,PHA,,,,,,,,,,,,,-591,-1.0,100% SL 09:50,0.05,1.28,0.05,0.05,-1.21,0.89,TREND-DOWN
2026-09-28,M2,LODHA,SELL,ENTRY SELL,290,09:20,560,1144.1,53,,0,0,"scanner-table preview signal (90/290) — no TradingView chart label, blocked",0.895,-1.794,REALTY,,,,,,,,,,,,,1120,1.4,OPEN,1.49,0.37,0.5,0.75,2.36,0.89,TREND-DOWN
2026-09-28,M2,LT,SELL,ENTRY SELL,290,09:20,560,3837.6,46,,0,0,"scanner-table preview signal (90/290) — no TradingView chart label, blocked",0.895,-0.996,INFRA,,,,,,,,,,,,,884,3.73,OPEN,3.73,0.5,0.7,0.92,1.86,0.89,TREND-DOWN
2026-09-28,M2,LTF,SELL,ENTRY SELL,290,09:20,560,280.3,49,,0,0,"scanner-table preview signal (90/290) — no TradingView chart label, blocked",0.895,-1.303,FIN,,,,,,,,,,,,,-579,-1.0,100% SL 11:50,0.83,1.14,0.83,0.83,-0.2,0.89,TREND-DOWN
2026-09-28,M2,LTM,SELL,ENTRY SELL,290,09:20,560,4047.2,132,,0,0,"scanner-table preview signal (90/290) — no TradingView chart label, blocked",0.895,-0.877,IT,,,,,,,,,,,,,-525,-1.0,100% SL 11:00,0.74,2.33,0.74,0.74,-1.09,0.89,TREND-DOWN
2026-09-28,M2,M&M,SELL,ENTRY SELL,290,09:20,560,2998.0,67,,0,0,"scanner-table preview signal (90/290) — no TradingView chart label, blocked",0.895,-1.219,AUTO,,,,,,,,,,,,,8,0.13,OPEN,0.9,0.34,0.52,0.52,0.1,0.89,TREND-DOWN
2026-09-28,M2,MANKIND,SELL,ENTRY SELL,290,09:25,565,2473.7,34,,0,0,"scanner-table preview signal (90/290) — no TradingView chart label, blocked",0.895,-0.048,PHA,,,,,,,,,,,,,421,2.0,100% trail 11:55,3.0,1.09,0.57,1.09,1.54,0.89,TREND-DOWN
2026-09-28,M2,MAXHEALTH,SELL,ENTRY SELL,290,09:20,560,993.4,65,,0,0,"scanner-table preview signal (90/290) — no TradingView chart label, blocked",0.895,-2.032,HOSPITALS,,,,,,,,,,,,,-377,-0.38,OPEN,0.22,0.9,0.22,0.22,-0.67,0.89,TREND-DOWN
2026-09-28,M2,MAZDOCK,SELL,ENTRY SELL,290,09:20,560,2168.5,206,,0,0,"scanner-table preview signal (90/290) — no TradingView chart label, blocked",0.895,-1.414,DEF,,,,,,,,,,,,,660,1.26,OPEN,1.55,0.25,0.56,0.56,1.41,0.89,TREND-DOWN
2026-09-28,M2,MCX,SELL,ENTRY SELL,290,09:25,565,3279.1,157,,0,0,"scanner-table preview signal (90/290) — no TradingView chart label, blocked",0.895,-1.377,CAPMKTS,,,,,,,,,,,,,-545,-1.0,100% SL 10:10,0.9,1.37,0.32,0.32,0.48,0.89,TREND-DOWN
2026-09-28,M2,MOTHERSON,SELL,ENTRY SELL,290,09:20,560,163.45,50,,0,0,"scanner-table preview signal (90/290) — no TradingView chart label, blocked",0.895,-1.364,AUTO,,,,,,,,,,,,,287,0.52,OPEN,0.95,0.61,0.38,0.38,0.66,0.89,TREND-DOWN
2026-09-28,M2,MOTILALOFS,SELL,ENTRY SELL,290,09:20,560,1008.8,195,,0,0,"scanner-table preview signal (90/290) — no TradingView chart label, blocked",0.895,-1.963,CAPMKTS,,,,,,,,,,,,,-175,-0.15,OPEN,0.48,0.53,0.48,0.48,-0.28,0.89,TREND-DOWN
2026-09-28,M2,MUTHOOTFIN,SELL,ENTRY SELL,290,09:25,565,2779.9,12,,0,0,"scanner-table preview signal (90/290) — no TradingView chart label, blocked",0.895,-1.944,FIN,,,,,,,,,,,,,298,0.76,OPEN,0.86,0.8,0.39,0.39,0.72,0.89,TREND-DOWN
2026-09-28,M2,NAM-INDIA,SELL,ENTRY SELL,290,09:20,560,1120.0,14,,0,0,"scanner-table preview signal (90/290) — no TradingView chart label, blocked",0.895,-3.198,CAPMKTS,,,,,,,,,,,,,654,0.77,OPEN,0.84,0.21,0.08,0.08,2.33,0.89,TREND-DOWN
2026-09-28,M2,NATIONALUM,SELL,ENTRY SELL,290,09:20,560,346.3,6,,0,0,"scanner-table preview signal (90/290) — no TradingView chart label, blocked",0.895,-3.457,MET,,,,,,,,,,,,,-320,-0.32,OPEN,0.23,0.44,0.2,0.2,-0.78,0.89,TREND-DOWN
2026-09-28,M2,NBCC,SELL,ENTRY SELL,290,09:20,560,81.69,79,,0,0,"scanner-table preview signal (90/290) — no TradingView chart label, blocked",0.895,-1.412,PSE,,,,,,,,,,,,,337,1.11,100% trail 13:25,2.67,0.43,1.25,1.25,1.81,0.89,TREND-DOWN
2026-09-28,M2,NESTLEIND,SELL,ENTRY SELL,290,09:20,560,1346.7,60,,0,0,"scanner-table preview signal (90/290) — no TradingView chart label, blocked",0.895,-1.167,FMCG,,,,,,,,,,,,,-205,-1.0,100% SL 09:40,0.79,3.15,0.38,0.38,0.05,0.89,TREND-DOWN
2026-09-28,M2,NHPC,SELL,ENTRY SELL,290,09:20,560,75.28,166,,0,0,"scanner-table preview signal (90/290) — no TradingView chart label, blocked",0.895,-0.947,ENE,,,,,,,,,,,,,420,1.33,100% trail 14:55,1.66,0.33,0.26,0.28,1.04,0.89,TREND-DOWN
2026-09-28,M2,NMDC,SELL,ENTRY SELL,290,09:25,565,79.46,41,,0,0,"scanner-table preview signal (90/290) — no TradingView chart label, blocked",0.895,-0.551,MET,,,,,,,,,,,,,1235,1.5,OPEN,1.49,0.39,0.38,0.38,2.55,0.89,TREND-DOWN
2026-09-28,M2,NTPC,SELL,ENTRY SELL,290,09:20,560,324.25,127,,0,0,"scanner-table preview signal (90/290) — no TradingView chart label, blocked",0.895,-0.72,ENE,,,,,,,,,,,,,87,0.51,100% trail 11:35,1.82,0.29,0.56,1.22,0.97,0.89,TREND-DOWN
2026-09-28,M2,OBEROIRLTY,SELL,ENTRY SELL,290,09:25,565,1839.9,205,,0,0,"scanner-table preview signal (90/290) — no TradingView chart label, blocked",0.895,-1.001,REALTY,,,,,,,,,,,,,-98,-0.04,100% trail 10:40,1.7,1.44,1.4,1.4,0.54,0.89,TREND-DOWN
2026-09-28,M2,OIL,SELL,ENTRY SELL,290,09:20,560,468.0,165,,0,0,"scanner-table preview signal (90/290) — no TradingView chart label, blocked",0.895,-1.505,OIL,,,,,,,,,,,,,-42,0.0,OPEN,0.67,0.41,0.07,0.07,-0.0,0.89,TREND-DOWN
2026-09-28,M2,ONGC,SELL,ENTRY SELL,290,09:20,560,233.4,189,,0,0,"scanner-table preview signal (90/290) — no TradingView chart label, blocked",0.895,-1.043,OIL,,,,,,,,,,,,,193,0.61,100% trail 13:00,1.65,0.58,0.08,0.08,1.46,0.89,TREND-DOWN
2026-09-28,M2,PATANJALI,SELL,ENTRY SELL,290,09:20,560,396.2,200,,0,0,"scanner-table preview signal (90/290) — no TradingView chart label, blocked",0.895,-1.919,FMCG,,,,,,,,,,,,,638,0.95,OPEN,1.87,0.51,0.02,0.02,1.36,0.89,TREND-DOWN
2026-09-28,M2,PAYTM,SELL,ENTRY SELL,290,09:25,565,1641.2,179,,0,0,"scanner-table preview signal (90/290) — no TradingView chart label, blocked",0.895,-1.959,NEWAGE,,,,,,,,,,,,,-863,-1.0,100% SL 12:40,0.55,1.37,0.17,0.17,0.33,0.89,TREND-DOWN
2026-09-28,M2,PERSISTENT,SELL,ENTRY SELL,290,09:20,560,5322.0,90,,0,0,"scanner-table preview signal (90/290) — no TradingView chart label, blocked",0.895,-0.931,IT,,,,,,,,,,,,,-98,-0.12,OPEN,0.64,0.82,0.64,0.64,-0.12,0.89,TREND-DOWN
2026-09-28,M2,PFC,SELL,ENTRY SELL,290,09:20,560,334.95,74,,0,0,"scanner-table preview signal (90/290) — no TradingView chart label, blocked",0.895,-0.902,FIN,,,,,,,,,,,,,327,0.91,100% trail 11:30,1.91,0.08,1.14,1.6,1.48,0.89,TREND-DOWN
2026-09-28,M2,PHOENIXLTD,SELL,ENTRY SELL,290,09:25,565,1953.8,47,,0,0,"scanner-table preview signal (90/290) — no TradingView chart label, blocked",0.895,-1.243,REALTY,,,,,,,,,,,,,-1,0.1,OPEN,0.83,0.57,0.62,0.62,0.08,0.89,TREND-DOWN
2026-09-28,M2,PNB,SELL,ENTRY SELL,290,09:20,560,115.07,141,,0,0,"scanner-table preview signal (90/290) — no TradingView chart label, blocked",0.895,-1.312,PSUBK,,,,,,,,,,,,,572,1.13,100% trail 13:10,1.96,0.09,0.57,1.0,2.15,0.89,TREND-DOWN
2026-09-28,M2,PNBHOUSING,SELL,ENTRY SELL,290,09:20,560,1073.9,54,,0,0,"scanner-table preview signal (90/290) — no TradingView chart label, blocked",0.895,-1.918,FIN,,,,,,,,,,,,,-655,-1.0,100% SL 10:45,0.69,1.96,0.69,0.69,-1.03,0.89,TREND-DOWN
2026-09-28,M2,POLYCAB,SELL,ENTRY SELL,290,09:20,560,8337.0,194,,0,0,"scanner-table preview signal (90/290) — no TradingView chart label, blocked",0.895,-0.85,CAPGOODS,,,,,,,,,,,,,509,2.13,100% trail 11:45,2.87,0.5,1.13,1.92,1.75,0.89,TREND-DOWN
2026-09-28,M2,POWERGRID,SELL,ENTRY SELL,290,09:20,560,266.55,68,,0,0,"scanner-table preview signal (90/290) — no TradingView chart label, blocked",0.895,-1.095,ENE,,,,,,,,,,,,,837,1.71,OPEN,1.71,0.27,0.29,0.53,1.76,0.89,TREND-DOWN
2026-09-28,M2,PREMIERENE,SELL,ENTRY SELL,290,09:20,560,887.4,149,,0,0,"scanner-table preview signal (90/290) — no TradingView chart label, blocked",0.895,-1.004,GREEN,,,,,,,,,,,,,-721,-1.03,100% SL 11:30,0.4,2.27,0.4,0.4,-2.1,0.89,TREND-DOWN
2026-09-28,M2,PRESTIGE,SELL,ENTRY SELL,290,09:20,560,1449.5,173,,0,0,"scanner-table preview signal (90/290) — no TradingView chart label, blocked",0.895,-1.915,REALTY,,,,,,,,,,,,,-417,-1.0,100% trail 10:35,1.25,2.2,1.25,1.25,-1.47,0.89,TREND-DOWN
2026-09-28,M2,RBLBANK,SELL,ENTRY SELL,290,09:25,565,408.4,147,,0,0,"scanner-table preview signal (90/290) — no TradingView chart label, blocked",0.895,-1.602,BANK,,,,,,,,,,,,,129,0.27,OPEN,0.75,0.62,0.75,0.75,0.34,0.89,TREND-DOWN
2026-09-28,M2,RECLTD,SELL,ENTRY SELL,290,09:20,560,308.7,137,,0,0,"scanner-table preview signal (90/290) — no TradingView chart label, blocked",0.895,-1.358,FIN,,,,,,,,,,,,,72,0.44,100% trail 11:25,2.41,0.49,1.11,1.79,1.77,0.89,TREND-DOWN
2026-09-28,M2,RELIANCE,SELL,ENTRY SELL,290,09:20,560,1214.0,15,,0,0,"scanner-table preview signal (90/290) — no TradingView chart label, blocked",0.895,-0.979,ENE,,,,,,,,,,,,,630,2.76,OPEN,2.79,0.29,0.96,0.96,1.35,0.89,TREND-DOWN
2026-09-28,M2,RVNL,SELL,ENTRY SELL,290,09:20,560,204.52,204,,0,0,"scanner-table preview signal (90/290) — no TradingView chart label, blocked",0.895,-1.198,RAILWAYS,,,,,,,,,,,,,212,0.77,100% trail 14:45,1.39,0.75,0.91,0.91,0.87,0.89,TREND-DOWN
2026-09-28,M2,SAIL,SELL,ENTRY SELL,290,09:25,565,183.59,95,,0,0,"scanner-table preview signal (90/290) — no TradingView chart label, blocked",0.895,-0.762,MET,,,,,,,,,,,,,-719,-1.0,100% SL 14:05,0.36,1.94,0.36,0.36,-0.33,0.89,TREND-DOWN
2026-09-28,M2,SBIN,SELL,ENTRY SELL,290,09:20,560,974.1,129,,0,0,"scanner-table preview signal (90/290) — no TradingView chart label, blocked",0.895,-0.905,PSUBK,,,,,,,,,,,,,326,1.14,100% trail 10:45,2.54,0.14,1.11,1.44,1.24,0.89,TREND-DOWN
2026-09-28,M2,SHRIRAMFIN,SELL,ENTRY SELL,290,09:25,565,978.9,51,,0,0,"scanner-table preview signal (90/290) — no TradingView chart label, blocked",0.895,-1.529,FIN,,,,,,,,,,,,,91,0.21,OPEN,0.7,0.46,0.27,0.27,0.27,0.89,TREND-DOWN
2026-09-28,M2,SIEMENS,SELL,ENTRY SELL,290,09:20,560,3814.4,89,,0,0,"scanner-table preview signal (90/290) — no TradingView chart label, blocked",0.895,-1.615,CAPGOODS,,,,,,,,,,,,,334,0.59,OPEN,0.87,0.32,0.46,0.46,0.76,0.89,TREND-DOWN
2026-09-28,M2,SONACOMS,SELL,ENTRY SELL,290,09:20,560,811.1,23,,0,0,"scanner-table preview signal (90/290) — no TradingView chart label, blocked",0.895,-1.625,AUTO,,,,,,,,,,,,,-891,-1.0,100% SL 11:45,0.35,1.23,0.26,0.26,0.39,0.89,TREND-DOWN
2026-09-28,M2,TATAELXSI,SELL,ENTRY SELL,290,09:20,560,3182.7,124,,0,0,"scanner-table preview signal (90/290) — no TradingView chart label, blocked",0.895,-0.132,IT,,,,,,,,,,,,,216,1.04,100% trail 09:45,1.09,1.55,1.09,1.09,-0.26,0.89,TREND-DOWN
2026-09-28,M2,TATAPOWER,SELL,ENTRY SELL,290,09:20,560,363.25,146,,0,0,"scanner-table preview signal (90/290) — no TradingView chart label, blocked",0.895,-1.156,ENE,,,,,,,,,,,,,143,0.48,OPEN,1.12,0.43,0.59,0.59,0.37,0.89,TREND-DOWN
2026-09-28,M2,TATASTEEL,SELL,ENTRY SELL,290,09:20,560,186.8,56,,0,0,"scanner-table preview signal (90/290) — no TradingView chart label, blocked",0.895,-0.622,MET,,,,,,,,,,,,,91,0.28,OPEN,0.81,0.93,0.55,0.55,0.27,0.89,TREND-DOWN
2026-09-28,M2,TECHM,SELL,ENTRY SELL,290,09:25,565,1543.5,52,,0,0,"scanner-table preview signal (90/290) — no TradingView chart label, blocked",0.895,-0.291,IT,,,,,,,,,,,,,153,0.54,100% trail 11:30,1.21,0.62,0.59,1.12,0.08,0.89,TREND-DOWN
2026-09-28,M2,TIINDIA,SELL,ENTRY SELL,290,09:20,560,2492.8,178,,0,0,"scanner-table preview signal (90/290) — no TradingView chart label, blocked",0.895,-0.729,AUTO,,,,,,,,,,,,,-464,-1.0,100% SL 09:55,2.6,1.38,0.11,0.11,1.36,0.89,TREND-DOWN
2026-09-28,M2,TITAN,SELL,ENTRY SELL,290,09:25,565,4827.0,31,,0,0,"scanner-table preview signal (90/290) — no TradingView chart label, blocked",0.895,-1.167,CDUR,,,,,,,,,,,,,34,0.14,OPEN,0.32,0.24,0.23,0.23,0.16,0.89,TREND-DOWN
2026-09-28,M2,TMPV,SELL,ENTRY SELL,290,09:20,560,288.3,40,,0,0,"scanner-table preview signal (90/290) — no TradingView chart label, blocked",0.895,-0.74,AUTO,,,,,,,,,,,,,405,1.03,100% trail 10:55,2.83,0.25,0.83,1.38,2.27,0.89,TREND-DOWN
2026-09-28,M2,TORNTPHARM,SELL,ENTRY SELL,290,09:20,560,4938.0,96,,0,0,"scanner-table preview signal (90/290) — no TradingView chart label, blocked",0.895,-1.012,PHA,,,,,,,,,,,,,328,0.85,100% trail 14:10,1.7,0.18,0.49,0.84,1.4,0.89,TREND-DOWN
2026-09-28,M2,UNIONBANK,SELL,ENTRY SELL,290,09:20,560,177.15,133,,0,0,"scanner-table preview signal (90/290) — no TradingView chart label, blocked",0.895,-1.693,PSUBK,,,,,,,,,,,,,625,1.8,100% trail 11:20,3.87,0.08,1.6,2.22,3.05,0.89,TREND-DOWN
2026-09-28,M2,UNITDSPR,SELL,ENTRY SELL,290,09:20,560,1409.7,188,,0,0,"scanner-table preview signal (90/290) — no TradingView chart label, blocked",0.895,-0.99,FMCG,,,,,,,,,,,,,-321,-1.0,100% SL 10:15,0.55,1.54,0.55,0.55,-0.4,0.89,TREND-DOWN
2026-09-28,M2,VBL,SELL,ENTRY SELL,290,09:20,560,427.8,106,,0,0,"scanner-table preview signal (90/290) — no TradingView chart label, blocked",0.895,-1.61,FMCG,,,,,,,,,,,,,-297,-0.44,OPEN,0.31,0.63,0.31,0.31,-0.51,0.89,TREND-DOWN
2026-09-28,M2,VEDL,SELL,ENTRY SELL,290,09:20,560,259.5,57,,0,0,"scanner-table preview signal (90/290) — no TradingView chart label, blocked",0.895,-2.572,MET,,,,,,,,,,,,,54,0.11,OPEN,0.27,0.64,0.27,0.27,0.19,0.89,TREND-DOWN
2026-09-28,M2,VMM,SELL,ENTRY SELL,290,09:20,560,102.95,7,,0,0,"scanner-table preview signal (90/290) — no TradingView chart label, blocked",0.895,-0.531,CONSUMPTION,,,,,,,,,,,,,996,2.58,OPEN,2.95,0.18,0.66,0.66,2.08,0.89,TREND-DOWN
2026-09-28,M2,WAAREEENER,SELL,ENTRY SELL,290,09:20,560,2484.6,86,,0,0,"scanner-table preview signal (90/290) — no TradingView chart label, blocked",0.895,-0.417,GREEN,,,,,,,,,,,,,133,0.57,100% trail 10:10,2.36,0.44,1.07,1.07,1.19,0.89,TREND-DOWN
2026-09-28,M2,WIPRO,SELL,ENTRY SELL,290,09:20,560,163.15,80,,0,0,"scanner-table preview signal (90/290) — no TradingView chart label, blocked",0.895,-0.53,IT,,,,,,,,,,,,,334,1.1,100% trail 11:35,1.72,0.49,1.19,1.43,0.97,0.89,TREND-DOWN
2026-09-28,M2,YESBANK,SELL,ENTRY SELL,290,09:20,560,21.74,16,,0,0,"scanner-table preview signal (90/290) — no TradingView chart label, blocked",0.895,-3.378,BANK,,,,,,,,,,,,,834,0.96,OPEN,1.07,0.12,0.33,0.33,2.58,0.89,TREND-DOWN
2026-09-28,M2,ASIANPAINT,SELL,SELL-EX1,201,09:35,575,2417.0,152,,0,0,EX1/EX2 before 09:45 blocked — razor-edge class (B2),0.895,-1.105,CHEMICALS,,,,,,,,,,,,,-101,-0.15,OPEN,0.13,0.71,0.04,0.04,-0.12,0.89,TREND-DOWN
2026-09-28,M2,ASTRAL,SELL,SELL-EX12,212,09:30,570,1375.0,12,,0,0,weak EX variant (EX9+) blocked — B2 quality filter,0.895,-1.716,BUILDMAT,,,,,,,,,,,,,120,0.25,OPEN,0.62,0.21,0.24,0.42,0.33,0.89,TREND-DOWN
2026-09-28,M2,AXISBANK,SELL,ENTRY SELL,290,09:35,575,1210.1,11,,0,0,"scanner-table preview signal (90/290) — no TradingView chart label, blocked",0.895,-1.006,BANK,,,,,,,,,,,,,-34,0.03,OPEN,0.67,0.54,0.26,0.26,0.02,0.89,TREND-DOWN
2026-09-28,M2,BAJAJFINSV,SELL,ENTRY SELL,290,09:35,575,1741.0,195,,0,0,"scanner-table preview signal (90/290) — no TradingView chart label, blocked",0.895,-1.694,FIN,,,,,,,,,,,,,-349,-0.39,OPEN,0.05,0.67,0.05,0.05,-0.63,0.89,TREND-DOWN
2026-09-28,M2,BANDHANBNK,SELL,SELL-EX1,201,09:35,575,184.24,120,,0,0,EX1/EX2 before 09:45 blocked — razor-edge class (B2),0.895,-1.843,BANK,,,,,,,,,,,,,836,1.27,OPEN,1.43,0.68,0.07,0.15,1.76,0.89,TREND-DOWN
2026-09-28,M2,BHARTIARTL,SELL,ENTRY SELL,290,09:35,575,1765.4,32,,0,0,"scanner-table preview signal (90/290) — no TradingView chart label, blocked",0.895,-1.12,TELECOM,,,,,,,,,,,,,-369,-1.0,100% SL 11:10,0.17,1.88,0.17,0.17,-0.34,0.89,TREND-DOWN
2026-09-28,M2,BRITANNIA,SELL,ENTRY SELL,290,09:35,575,4880.5,92,,0,0,"scanner-table preview signal (90/290) — no TradingView chart label, blocked",0.895,-1.154,FMCG,,,,,,,,,,,,,-386,-0.7,OPEN,0.23,0.7,0.06,0.11,-0.71,0.89,TREND-DOWN
2026-09-28,M2,BSE,SELL,SELL-EX1,201,09:30,570,3121.5,190,,0,0,EX1/EX2 before 09:45 blocked — razor-edge class (B2),0.895,-2.193,CAPMKTS,,,,,,,,,,,,,321,0.42,OPEN,0.8,0.91,0.17,0.17,0.77,0.89,TREND-DOWN
2026-09-28,M2,COCHINSHIP,SELL,ENTRY SELL,290,09:30,570,1354.3,205,,0,0,"scanner-table preview signal (90/290) — no TradingView chart label, blocked",0.895,-1.649,DEF,,,,,,,,,,,,,870,1.46,OPEN,1.55,0.26,0.18,0.23,1.87,0.89,TREND-DOWN
2026-09-28,M2,DABUR,SELL,SELL-EX1,201,09:35,575,382.55,118,,0,0,EX1/EX2 before 09:45 blocked — razor-edge class (B2),0.895,-0.791,FMCG,,,,,,,,,,,,,-325,-1.0,100% SL 09:45,0.3,2.02,0.3,0.3,-0.84,0.89,TREND-DOWN
2026-09-28,M2,DIXON,SELL,ENTRY SELL,290,09:30,570,13251.0,169,,0,0,"scanner-table preview signal (90/290) — no TradingView chart label, blocked",0.895,-1.038,CDUR,,,,,,,,,,,,,-336,-1.0,100% SL 09:50,0.15,5.81,0.15,0.15,-2.94,0.89,TREND-DOWN
2026-09-28,M2,ETERNAL,SELL,ENTRY SELL,290,09:35,575,331.15,117,,0,0,"scanner-table preview signal (90/290) — no TradingView chart label, blocked",0.895,-1.149,NEWAGE,,,,,,,,,,,,,-12,0.05,OPEN,0.6,0.43,0.15,0.15,0.06,0.89,TREND-DOWN
2026-09-28,M2,FORTIS,SELL,SELL-EX12,212,09:30,570,825.1,15,,0,0,weak EX variant (EX9+) blocked — B2 quality filter,0.895,-1.522,HOSPITALS,,,,,,,,,,,,,-381,-0.38,OPEN,0.51,0.71,0.31,0.51,-0.68,0.89,TREND-DOWN
2026-09-28,M2,GLENMARK,SELL,SELL-EX19,219,10:15,615,2341.6,34,,0,0,weak EX variant (EX9+) blocked — B2 quality filter,0.895,-1.613,PHA,,,,,,,,,,,,,213,1.06,100% trail 15:10,2.05,0.8,0.89,0.89,0.68,0.89,TREND-DOWN
2026-09-28,M2,GODREJPROP,SELL,SELL-EX1,201,09:30,570,1679.2,44,,0,0,EX1/EX2 before 09:45 blocked — razor-edge class (B2),0.895,-1.229,REALTY,,,,,,,,,,,,,232,0.45,OPEN,0.59,0.51,0.14,0.28,0.56,0.89,TREND-DOWN
2026-09-28,M2,HCLTECH,SELL,ENTRY SELL,290,09:40,580,1251.6,131,,0,0,"scanner-table preview signal (90/290) — no TradingView chart label, blocked",0.895,-0.509,IT,,,,,,,,,,,,,-521,-1.0,100% SL 14:05,0.88,1.36,0.28,0.28,-0.08,0.89,TREND-DOWN
2026-09-28,M2,HDFCBANK,SELL,SELL-EX12,212,09:35,575,724.4,86,,0,0,weak EX variant (EX9+) blocked — B2 quality filter,0.895,-1.523,BANK,,,,,,,,,,,,,327,0.63,OPEN,0.72,0.07,0.33,0.33,0.74,0.89,TREND-DOWN
2026-09-28,M2,HDFCLIFE,SELL,ENTRY SELL,290,09:30,570,530.05,107,,0,0,"scanner-table preview signal (90/290) — no TradingView chart label, blocked",0.895,-0.179,INSURANCE,,,,,,,,,,,,,60,0.57,100% trail 10:45,1.47,1.61,0.58,0.96,-0.29,0.89,TREND-DOWN
2026-09-28,M2,HINDALCO,SELL,SELL-EX12,212,09:30,570,953.4,75,,0,0,weak EX variant (EX9+) blocked — B2 quality filter,0.895,-2.416,MET,,,,,,,,,,,,,-172,-0.19,OPEN,0.16,0.89,0.16,0.16,-0.26,0.89,TREND-DOWN
2026-09-28,M2,ICICIGI,SELL,ENTRY SELL,290,09:35,575,1533.8,206,,0,0,"scanner-table preview signal (90/290) — no TradingView chart label, blocked",0.895,-1.281,INSURANCE,,,,,,,,,,,,,-561,-1.0,100% SL 12:50,0.51,1.69,0.51,0.51,-0.4,0.89,TREND-DOWN
2026-09-28,M2,INDUSINDBK,SELL,SELL-EX1,201,09:35,575,897.4,51,,0,0,EX1/EX2 before 09:45 blocked — razor-edge class (B2),0.895,-1.622,BANK,,,,,,,,,,,,,-653,-1.0,100% SL 13:25,0.75,1.35,0.07,0.27,-1.37,0.89,TREND-DOWN
2026-09-28,M2,INFY,SELL,SELL-EX1,201,09:40,580,990.8,77,,0,0,EX1/EX2 before 09:45 blocked — razor-edge class (B2),0.895,-0.94,IT,,,,,,,,,,,,,-758,-1.0,100% SL 13:15,0.31,1.4,0.07,0.31,-1.25,0.89,TREND-DOWN
2026-09-28,M2,IOC,SELL,SELL-EX12,212,09:35,575,133.84,156,,0,0,weak EX variant (EX9+) blocked — B2 quality filter,0.895,-1.371,OIL,,,,,,,,,,,,,152,0.34,OPEN,0.52,0.41,0.08,0.12,0.39,0.89,TREND-DOWN
2026-09-28,M2,KEI,SELL,SELL-EX12,212,09:35,575,4594.0,160,,0,0,weak EX variant (EX9+) blocked — B2 quality filter,0.895,-1.701,CAPGOODS,,,,,,,,,,,,,741,1.28,OPEN,1.33,0.37,0.06,0.12,1.7,0.89,TREND-DOWN
2026-09-28,M2,KFINTECH,SELL,ENTRY SELL,290,09:35,575,876.05,203,,0,0,"scanner-table preview signal (90/290) — no TradingView chart label, blocked",0.895,-1.435,CAPMKTS,,,,,,,,,,,,,-498,-0.62,OPEN,0.14,0.88,0.14,0.14,-0.91,0.89,TREND-DOWN
2026-09-28,M2,LAURUSLABS,BUY,BUY-EX9,108,09:50,590,2006.0,125,,0,0,weak EX variant (EX9+) blocked — B2 quality filter,0.895,-0.05,PHA,,,,,,,,,,,,,83,0.22,OPEN,0.3,0.59,0.29,0.29,0.23,0.89,TREND-DOWN
2026-09-28,M2,LICI,SELL,SELL-EX1,201,09:30,570,403.5,165,,0,0,EX1/EX2 before 09:45 blocked — razor-edge class (B2),0.895,-1.357,INSURANCE,,,,,,,,,,,,,309,0.62,OPEN,0.64,0.56,0.23,0.26,0.71,0.89,TREND-DOWN
2026-09-28,M2,LUPIN,SELL,SELL-EX1,201,09:35,575,2078.6,148,,0,0,EX1/EX2 before 09:45 blocked — razor-edge class (B2),0.895,-0.641,PHA,,,,,,,,,,,,,185,0.64,100% trail 12:25,1.27,0.29,0.63,0.76,0.8,0.89,TREND-DOWN
2026-09-28,M2,MPHASIS,SELL,SELL-EX2,202,09:40,580,2218.2,48,,0,0,EX1/EX2 before 09:45 blocked — razor-edge class (B2),0.895,-0.707,IT,,,,,,,,,,,,,-466,-0.7,OPEN,0.39,0.82,0.11,0.39,-0.87,0.89,TREND-DOWN
2026-09-28,M2,MUTHOOTFIN,SELL,SELL-EX12,212,09:30,570,2776.6,80,,0,0,weak EX variant (EX9+) blocked — B2 quality filter,0.895,-2.06,FIN,,,,,,,,,,,,,257,0.56,OPEN,0.65,0.82,0.23,0.23,0.6,0.89,TREND-DOWN
2026-09-28,M2,NUVAMA,SELL,SELL-EX12,212,09:35,575,1612.4,,,0,0,weak EX variant (EX9+) blocked — B2 quality filter,0.895,-4.104,CAPMKTS,,,,,,,,,,,,,-459,-0.48,100% EOD 15:20,0.13,0.77,0.1,0.13,-0.98,0.89,TREND-DOWN
2026-09-28,M2,OFSS,SELL,SELL-EX1,201,09:40,580,10601.0,154,,0,0,EX1/EX2 before 09:45 blocked — razor-edge class (B2),0.895,-1.569,IT,,,,,,,,,,,,,-949,-1.0,100% SL 11:55,0.0,1.39,0.0,0.0,-1.88,0.89,TREND-DOWN
2026-09-28,M2,PAGEIND,SELL,ENTRY SELL,290,09:35,575,37375.0,83,,0,0,"scanner-table preview signal (90/290) — no TradingView chart label, blocked",0.895,-0.849,CONSUMPTION,,,,,,,,,,,,,-156,-0.4,OPEN,0.27,0.8,0.27,0.27,-0.33,0.89,TREND-DOWN
2026-09-28,M2,PIDILITIND,SELL,SELL-EX1,201,09:35,575,1490.5,174,,0,0,EX1/EX2 before 09:45 blocked — razor-edge class (B2),0.895,-1.76,CHEMICALS,,,,,,,,,,,,,-595,-1.0,100% SL 12:40,0.22,1.12,0.09,0.09,-0.84,0.89,TREND-DOWN
2026-09-28,M2,PIIND,SELL,ENTRY SELL,290,09:35,575,2359.9,177,,0,0,"scanner-table preview signal (90/290) — no TradingView chart label, blocked",0.895,-1.671,CHEMICALS,,,,,,,,,,,,,187,0.29,OPEN,0.78,0.28,0.07,0.19,0.46,0.89,TREND-DOWN
2026-09-28,M2,POWERGRID,SELL,SELL-EX12,212,09:35,575,266.35,69,,0,0,weak EX variant (EX9+) blocked — B2 quality filter,0.895,-1.169,ENE,,,,,,,,,,,,,799,1.52,OPEN,1.53,0.08,0.24,0.54,1.69,0.89,TREND-DOWN
2026-09-28,M2,POWERINDIA,SELL,ENTRY SELL,290,09:35,575,30420.0,112,,0,0,"scanner-table preview signal (90/290) — no TradingView chart label, blocked",0.895,-1.982,CAPGOODS,,,,,,,,,,,,,134,0.48,OPEN,1.25,0.39,0.12,0.12,0.53,0.89,TREND-DOWN
2026-09-28,M2,PREMIERENE,SELL,SELL-EX12,212,09:30,570,884.6,185,,0,0,weak EX variant (EX9+) blocked — B2 quality filter,0.895,-1.316,GREEN,,,,,,,,,,,,,-878,-1.02,100% SL 11:30,0.12,2.01,0.12,0.12,-2.42,0.89,TREND-DOWN
2026-09-28,M2,SBICARD,SELL,SELL-EX1,201,09:30,570,600.35,30,,0,0,EX1/EX2 before 09:45 blocked — razor-edge class (B2),0.895,-1.775,FIN,,,,,,,,,,,,,492,0.83,100% trail 14:25,1.16,0.21,0.42,0.64,1.56,0.89,TREND-DOWN
2026-09-28,M2,SOLARINDS,SELL,ENTRY SELL,290,09:30,570,19470.0,207,,0,0,"scanner-table preview signal (90/290) — no TradingView chart label, blocked",0.895,-1.393,DEF,,,,,,,,,,,,,607,1.29,OPEN,1.99,0.46,0.08,0.08,1.64,0.89,TREND-DOWN
2026-09-28,M2,SRF,SELL,SELL-EX1,201,09:30,570,2500.9,35,,0,0,EX1/EX2 before 09:45 blocked — razor-edge class (B2),0.895,-1.539,CHEMICALS,,,,,,,,,,,,,139,0.37,OPEN,0.47,0.56,0.45,0.45,0.38,0.89,TREND-DOWN
2026-09-28,M2,SUNPHARMA,SELL,SELL-EX1,201,09:35,575,1844.1,16,,0,0,EX1/EX2 before 09:45 blocked — razor-edge class (B2),0.895,-0.437,PHA,,,,,,,,,,,,,-392,-1.0,100% SL 14:05,0.54,1.1,0.1,0.42,0.33,0.89,TREND-DOWN
2026-09-28,M2,SWIGGY,SELL,SELL-EX1,201,09:35,575,262.0,14,,0,0,EX1/EX2 before 09:45 blocked — razor-edge class (B2),0.895,-1.076,NEWAGE,,,,,,,,,,,,,663,0.97,100% trail 14:00,1.67,0.27,0.12,0.95,2.29,0.89,TREND-DOWN
2026-09-28,M2,TATACONSUM,SELL,SELL-EX1,201,09:30,570,969.3,17,,0,0,EX1/EX2 before 09:45 blocked — razor-edge class (B2),0.895,-1.092,FMCG,,,,,,,,,,,,,439,0.89,100% trail 15:15,1.18,0.28,0.63,0.67,0.96,0.89,TREND-DOWN
2026-09-28,M2,TCS,SELL,SELL-EX2,202,09:40,580,2063.6,108,,0,0,EX1/EX2 before 09:45 blocked — razor-edge class (B2),0.895,-0.884,IT,,,,,,,,,,,,,-212,-0.2,OPEN,0.35,0.79,0.2,0.35,-0.34,0.89,TREND-DOWN
2026-09-28,M2,TRENT,SELL,SELL-EX2,202,09:35,575,2627.7,74,,0,0,EX1/EX2 before 09:45 blocked — razor-edge class (B2),0.895,-1.558,CONSUMPTION,,,,,,,,,,,,,-10,0.06,OPEN,0.41,0.67,0.25,0.35,0.06,0.89,TREND-DOWN
2026-09-28,M2,UNOMINDA,SELL,ENTRY SELL,290,09:40,580,1205.8,155,,0,0,"scanner-table preview signal (90/290) — no TradingView chart label, blocked",0.895,-1.002,AUTO,,,,,,,,,,,,,-327,-1.0,100% SL 09:50,6.3,1.39,0.65,0.65,2.72,0.89,TREND-DOWN
2026-09-28,M2,UPL,SELL,SELL-EX1,201,09:30,570,544.75,146,,0,0,EX1/EX2 before 09:45 blocked — razor-edge class (B2),0.895,-0.955,CHEMICALS,,,,,,,,,,,,,-585,-1.0,100% SL 13:15,0.3,1.26,0.3,0.3,-0.87,0.89,TREND-DOWN
2026-09-28,M2,ZYDUSLIFE,BUY,BUY-EX,101,09:40,580,1218.6,1,,0,0,EX1/EX2 before 09:45 blocked — razor-edge class (B2),0.895,1.221,PHA,,,,,,,,,,,,,-179,-0.2,OPEN,0.56,0.62,0.4,0.56,-0.3,0.89,TREND-DOWN
2026-09-28,M2,AXISBANK,SELL,SELL-EX15,215,10:40,640,1209.0,20,,0,0,weak EX variant (EX9+) blocked — B2 quality filter,0.895,-1.096,BANK,,,,,,,,,,,,,-97,-0.07,100% trail 15:10,1.16,0.99,0.61,0.61,-0.07,0.89,TREND-DOWN
2026-09-28,M2,BHARTIARTL,BUY,BUY-EX9,108,11:10,670,1775.9,26,,0,0,weak EX variant (EX9+) blocked — B2 quality filter,0.895,-0.532,TELECOM,,,,,,,,,,,,,-157,-0.66,OPEN,1.23,0.77,0.45,0.45,-0.25,0.89,TREND-DOWN
2026-09-28,M2,HINDALCO,BUY,BUY-EX9,108,11:15,675,964.2,85,,0,0,weak EX variant (EX9+) blocked — B2 quality filter,0.895,-1.31,MET,,,,,,,,,,,,,-240,-1.0,100% SL 11:55,0.37,3.04,0.37,0.37,-0.86,0.89,TREND-DOWN
2026-09-28,M2,MOTHERSON,SELL,SELL-EX15,215,11:15,675,162.75,82,,0,0,weak EX variant (EX9+) blocked — B2 quality filter,0.895,-1.786,AUTO,,,,,,,,,,,,,75,0.24,OPEN,0.78,0.37,0.15,0.16,0.23,0.89,TREND-DOWN
2026-09-28,M2,NESTLEIND,BUY,BUY-EX9,108,11:15,675,1351.2,160,,0,0,weak EX variant (EX9+) blocked — B2 quality filter,0.895,-0.837,FMCG,,,,,,,,,,,,,9,0.74,100% trail 12:45,1.54,1.46,1.18,1.54,-0.38,0.89,TREND-DOWN
2026-09-28,M2,NUVAMA,BUY,BUY-EX9,108,11:05,665,1636.9,,,0,0,weak EX variant (EX9+) blocked — B2 quality filter,0.895,-2.647,CAPMKTS,,,,,,,,,,,,,-17,0.06,100% EOD 15:20,0.56,0.48,0.41,0.54,-0.53,0.89,TREND-DOWN
2026-09-28,M2,ANGELONE,SELL,SELL-EX15,215,11:40,700,279.5,147,,0,0,weak EX variant (EX9+) blocked — B2 quality filter,0.895,-2.951,CAPMKTS,,,,,,,,,,,,,-267,-1.0,100% trail 12:25,1.39,1.68,1.39,1.39,0.11,0.89,TREND-DOWN
2026-09-28,M2,NAUKRI,SELL,SELL-EX15,215,11:45,705,1245.4,13,,0,0,weak EX variant (EX9+) blocked — B2 quality filter,0.895,-0.749,NEWAGE,,,,,,,,,,,,,-382,-0.57,OPEN,0.44,0.62,0.32,0.36,-0.68,0.89,TREND-DOWN
2026-09-28,M2,ASTRAL,SELL,SELL-EX12,213,09:30,570,1375.0,12,,0,1,,0.895,-1.716,BUILDMAT,,,,,,,,239.35,-25.2,0.43,0.35,OPEN,120,0.25,OPEN,0.62,0.21,0.24,0.42,0.33,0.89,TREND-DOWN
2026-09-28,M2,FORTIS,SELL,SELL-EX12,213,09:30,570,825.1,15,,0,1,,0.895,-1.522,HOSPITALS,,,,,,,,-671.65,-304.47,-0.7,-1.0,OPEN,-381,-0.38,OPEN,0.51,0.71,0.31,0.51,-0.68,0.89,TREND-DOWN
2026-09-28,M2,GLENMARK,SELL,SELL-EX19,220,10:15,615,2341.6,34,,0,1,,0.895,-1.613,PHA,,,,,,,,212.59,212.59,1.14,1.14,100% trail 15:10,213,1.06,100% trail 15:10,2.05,0.8,0.89,0.89,0.68,0.89,TREND-DOWN
2026-09-28,M2,HDFCBANK,SELL,SELL-EX12,213,09:35,575,724.4,86,,0,1,,0.895,-1.523,BANK,,,,,,,,330.94,-12.04,0.64,0.62,OPEN,327,0.63,OPEN,0.72,0.07,0.33,0.33,0.74,0.89,TREND-DOWN
2026-09-28,M2,HINDALCO,SELL,SELL-EX12,213,09:30,570,953.4,75,,0,1,,0.895,-2.416,MET,,,,,,,,-332.71,-253.55,-0.42,-1.0,OPEN,-172,-0.19,OPEN,0.16,0.89,0.16,0.16,-0.26,0.89,TREND-DOWN
2026-09-28,M2,IOC,SELL,SELL-EX12,213,09:35,575,133.84,156,,0,1,,0.895,-1.371,OIL,,,,,,,,253.0,-277.18,0.51,-1.0,OPEN,152,0.34,OPEN,0.52,0.41,0.08,0.12,0.39,0.89,TREND-DOWN
2026-09-28,M2,KEI,SELL,SELL-EX12,213,09:35,575,4594.0,160,,0,1,,0.895,-1.701,CAPGOODS,,,,,,,,721.35,-250.14,1.25,-1.0,OPEN,741,1.28,OPEN,1.33,0.37,0.06,0.12,1.7,0.89,TREND-DOWN
2026-09-28,M2,LAURUSLABS,BUY,BUY-EX9,108,09:50,590,2006.0,125,,0,1,,0.895,-0.05,PHA,,,,,,,,23.08,-317.6,0.11,-1.0,OPEN,83,0.22,OPEN,0.3,0.59,0.29,0.29,0.23,0.89,TREND-DOWN
2026-09-28,M2,MUTHOOTFIN,SELL,SELL-EX12,213,09:30,570,2776.6,80,,0,1,,0.895,-2.06,FIN,,,,,,,,58.95,-228.23,0.19,-1.0,OPEN,257,0.56,OPEN,0.65,0.82,0.23,0.23,0.6,0.89,TREND-DOWN
2026-09-28,M2,NUVAMA,SELL,SELL-EX12,213,09:35,575,1612.4,,,0,1,,0.895,-4.104,CAPMKTS,,,,,,,,-459.0,-597.58,-0.48,-1.0,100% EOD 15:20,-459,-0.48,100% EOD 15:20,0.13,0.77,0.1,0.13,-0.98,0.89,TREND-DOWN
2026-09-28,M2,POWERGRID,SELL,SELL-EX12,213,09:35,575,266.35,69,,0,1,,0.895,-1.169,ENE,,,,,,,,715.09,-31.75,1.37,0.54,OPEN,799,1.52,OPEN,1.53,0.08,0.24,0.54,1.69,0.89,TREND-DOWN
2026-09-28,M2,PREMIERENE,SELL,SELL-EX12,213,09:30,570,884.6,185,,0,1,,0.895,-1.316,GREEN,,,,,,,,-878.05,-304.53,-1.02,-1.0,100% SL 11:30,-878,-1.02,100% SL 11:30,0.12,2.01,0.12,0.12,-2.42,0.89,TREND-DOWN
2026-09-28,M2,AXISBANK,SELL,SELL-EX15,216,10:40,640,1209.0,20,,0,1,,0.895,-1.096,BANK,,,,,,,,-97.39,-97.39,-0.07,-0.07,100% trail 15:10,-97,-0.07,100% trail 15:10,1.16,0.99,0.61,0.61,-0.07,0.89,TREND-DOWN
2026-09-28,M2,BHARTIARTL,BUY,BUY-EX9,108,11:10,670,1775.9,26,,0,1,,0.895,-0.532,TELECOM,,,,,,,,-83.9,-234.49,-0.28,-1.0,OPEN,-157,-0.66,OPEN,1.23,0.77,0.45,0.45,-0.25,0.89,TREND-DOWN
2026-09-28,M2,HINDALCO,BUY,BUY-EX9,108,11:15,675,964.2,85,,0,1,,0.895,-1.31,MET,,,,,,,,-239.51,-203.55,-1.0,-1.0,100% SL 11:55,-240,-1.0,100% SL 11:55,0.37,3.04,0.37,0.37,-0.86,0.89,TREND-DOWN
2026-09-28,M2,MOTHERSON,SELL,SELL-EX15,216,11:15,675,162.75,82,,0,1,,0.895,-1.786,AUTO,,,,,,,,341.96,-236.21,0.78,-1.0,OPEN,75,0.24,OPEN,0.78,0.37,0.15,0.16,0.23,0.89,TREND-DOWN
2026-09-28,M2,NESTLEIND,BUY,BUY-EX9,108,11:15,675,1351.2,160,,0,1,,0.895,-0.837,FMCG,,,,,,,,8.76,8.76,0.72,0.58,100% trail 12:45,9,0.74,100% trail 12:45,1.54,1.46,1.18,1.54,-0.38,0.89,TREND-DOWN
2026-09-28,M2,NUVAMA,BUY,BUY-EX9,108,11:05,665,1636.9,,,0,1,,0.895,-2.647,CAPMKTS,,,,,,,,-17.09,146.17,0.06,0.57,100% EOD 15:20,-17,0.06,100% EOD 15:20,0.56,0.48,0.41,0.54,-0.53,0.89,TREND-DOWN
2026-09-28,M2,ANGELONE,SELL,SELL-EX15,216,11:40,700,279.5,147,,0,1,,0.895,-2.951,CAPMKTS,,,,,,,,-266.87,-239.84,-1.0,-1.0,100% trail 12:25,-267,-1.0,100% trail 12:25,1.39,1.68,1.39,1.39,0.11,0.89,TREND-DOWN
2026-09-28,M2,NAUKRI,SELL,SELL-EX15,216,11:45,705,1245.4,13,,0,1,,0.895,-0.749,NEWAGE,,,,,,,,94.08,-314.02,0.23,-1.0,OPEN,-382,-0.57,OPEN,0.44,0.62,0.32,0.36,-0.68,0.89,TREND-DOWN
2026-09-28,M5,ADANIGREEN,SELL,SELL-EX1,201,10:05,605,1276.7,,BREAKOUT,1,0,,0.895,-1.535,GREEN,,,,,,,TREND-DOWN day,1535.0,,2.88,,100% trail 14:45,1449,2.88,100% trail 14:45,3.72,0.33,2.17,2.42,3.27,0.89,TREND-DOWN
2026-09-28,M5,ANGELONE,SELL,SELL-EX3,203,09:30,570,278.4,,BREAKOUT,1,0,,0.895,-3.333,CAPMKTS,,,,,,,TREND-DOWN day,-110.0,,-0.12,,OPEN,-142,-0.12,OPEN,0.05,0.51,0.02,0.02,-0.29,0.89,TREND-DOWN
2026-09-28,M5,APOLLOHOSP,BUY,BUY-EX6,105,10:00,600,8898.0,,BREAKOUT,1,0,,0.895,0.101,HOSPITALS,,,,,,,TREND-DOWN day,-228.0,,-0.48,,OPEN,-218,-0.4,OPEN,0.05,0.65,0.05,0.05,-0.43,0.89,TREND-DOWN
2026-09-28,M5,BANKINDIA,SELL,SELL-EX3,203,09:30,570,134.63,,BREAKOUT,1,0,,0.895,-2.4,PSUBK,,,,,,,TREND-DOWN day,1573.0,,1.75,,OPEN,1535,1.75,OPEN,1.95,0.21,0.35,0.67,3.45,0.89,TREND-DOWN
2026-09-28,M5,CANBK,SELL,SELL-EX3,203,09:30,570,122.68,,BREAKOUT,1,0,,0.895,-1.848,PSUBK,,,,,,,TREND-DOWN day,826.0,,1.23,,OPEN,784,1.23,OPEN,1.46,0.2,0.23,0.65,1.65,0.89,TREND-DOWN
2026-09-28,M5,CROMPTON,SELL,SELL-EX3,203,09:30,570,214.99,,BREAKOUT,1,0,,0.895,-1.651,CDUR,,,,,,,TREND-DOWN day,-897.0,,-1.0,,100% SL 11:40,-983,-1.0,100% SL 11:40,0.12,1.57,0.12,0.12,-1.77,0.89,TREND-DOWN
2026-09-28,M5,DELHIVERY,SELL,SELL-EX3,203,09:30,570,414.05,,BREAKOUT,1,0,,0.895,-2.046,LOGISTICS,,,,,,,TREND-DOWN day,758.0,,0.9,,100% trail 15:05,671,0.9,100% trail 15:05,1.28,0.27,0.5,0.71,1.58,0.89,TREND-DOWN
2026-09-28,M5,DRREDDY,BUY,BUY-EX,101,09:50,590,1218.8,,BREAKOUT,1,0,,0.895,1.482,PHA,,,,,,,TREND-DOWN day,90.0,,0.16,,OPEN,59,0.16,OPEN,0.78,0.48,0.14,0.14,0.18,0.89,TREND-DOWN
2026-09-28,M5,HDFCAMC,SELL,SELL-EX1,201,10:15,615,2322.1,,BREAKOUT,1,0,,0.895,-2.351,CAPMKTS,,,,,,,TREND-DOWN day,212.0,,0.43,,OPEN,375,0.85,OPEN,0.92,0.3,0.37,0.41,0.85,0.89,TREND-DOWN
2026-09-28,M5,IDEA,SELL,SELL-EX5,205,09:30,570,13.88,,BREAKOUT,1,0,,0.895,-2.665,TELECOM,,,,,,,TREND-DOWN day,962.0,,1.07,,100% trail 14:45,900,1.07,100% trail 14:45,1.29,0.46,0.09,0.09,2.95,0.89,TREND-DOWN
2026-09-28,M5,IDFCFIRSTB,SELL,SELL-EX3,203,09:30,570,81.74,,BREAKOUT,1,0,,0.895,-2.458,BANK,,,,,,,TREND-DOWN day,582.0,,0.65,,OPEN,567,0.67,OPEN,0.71,0.17,0.11,0.14,1.46,0.89,TREND-DOWN
2026-09-28,M5,JINDALSTEL,SELL,SELL-EX3,203,09:35,575,1147.9,,BREAKOUT,1,0,,0.895,-1.451,MET,,,,,,,TREND-DOWN day,525.0,,1.16,,OPEN,315,0.79,OPEN,1.31,0.87,0.09,0.09,0.72,0.89,TREND-DOWN
2026-09-28,M5,LICHSGFIN,BUY,BUY-EX,101,09:55,595,571.25,,BREAKOUT,1,0,,0.895,0.928,FIN,,,,,,,TREND-DOWN day,-593.0,,-1.0,,100% SL 15:05,-680,-1.0,100% SL 15:05,0.51,1.17,0.26,0.26,-1.24,0.89,TREND-DOWN
2026-09-28,M5,MANAPPURAM,SELL,SELL-EX8,208,09:30,570,326.2,,BREAKOUT,1,0,,0.895,-2.335,FIN,,,,,,,TREND-DOWN day,1759.0,,3.69,,OPEN,1978,4.24,OPEN,4.5,0.51,1.11,1.86,4.05,0.89,TREND-DOWN
2026-09-28,M5,MCX,SELL,SELL-EX3,203,09:30,570,3274.0,,BREAKOUT,1,0,,0.895,-1.531,CAPMKTS,,,,,,,TREND-DOWN day,-535.0,,-1.0,,100% SL 10:10,-622,-1.0,100% SL 10:10,0.63,1.32,0.13,0.13,0.32,0.89,TREND-DOWN
2026-09-28,M5,NAM-INDIA,SELL,NORMAL SELL,280,10:25,625,1116.0,,BREAKOUT,1,0,,0.895,-3.544,CAPMKTS,,,,,,,TREND-DOWN day,413.0,,0.84,,100% trail 13:20,327,0.84,100% trail 13:20,2.2,0.27,0.29,0.46,1.98,0.89,TREND-DOWN
2026-09-28,M5,NAUKRI,BUY,BUY-EX,101,09:50,590,1257.1,,BREAKOUT,1,0,,0.895,0.183,NEWAGE,,,,,,,TREND-DOWN day,-589.0,,-0.78,,OPEN,-155,-0.16,OPEN,0.3,0.94,0.3,0.3,-0.25,0.89,TREND-DOWN
2026-09-28,M5,PFC,SELL,SELL-EX3,203,09:30,570,332.55,,BREAKOUT,1,0,,0.895,-1.612,FIN,,,,,,,TREND-DOWN day,352.0,,0.43,,OPEN,341,0.47,OPEN,0.63,0.29,0.2,0.46,0.77,0.89,TREND-DOWN
2026-09-28,M5,PNB,SELL,SELL-EX3,203,09:30,570,114.71,,BREAKOUT,1,0,,0.895,-1.621,PSUBK,,,,,,,TREND-DOWN day,961.0,,1.3,,OPEN,876,1.24,OPEN,1.34,0.18,0.24,0.58,1.84,0.89,TREND-DOWN
2026-09-28,M5,RECLTD,SELL,SELL-EX3,203,09:30,570,307.05,,BREAKOUT,1,0,,0.895,-1.885,FIN,,,,,,,TREND-DOWN day,559.0,,0.88,,OPEN,574,0.97,OPEN,0.97,0.41,0.27,0.68,1.24,0.89,TREND-DOWN
2026-09-28,M5,TATAELXSI,SELL,SELL-EX8,208,09:35,575,3171.0,,BREAKOUT,1,0,,0.895,-0.499,IT,,,,,,,TREND-DOWN day,-464.0,,-1.0,,100% SL 13:00,-548,-1.0,100% SL 13:00,0.3,1.34,0.3,0.3,-0.63,0.89,TREND-DOWN
2026-09-28,M5,UNIONBANK,SELL,SELL-EX3,203,09:30,570,175.99,,BREAKOUT,1,0,,0.895,-2.336,PSUBK,,,,,,,TREND-DOWN day,1025.0,,1.41,,OPEN,1162,1.65,OPEN,1.67,0.25,0.42,0.77,2.41,0.89,TREND-DOWN
2026-09-28,M5,COALINDIA,BUY,BUY-EX,101,10:30,630,428.55,,BREAKOUT,1,0,,0.895,0.575,ENE,,,,,,,TREND-DOWN day,-236.0,,-1.0,,100% SL 11:15,-323,-1.0,100% SL 11:15,0.37,3.6,0.37,0.37,-1.41,0.89,TREND-DOWN
2026-09-28,M5,LTM,BUY,BUY-EX,101,11:00,660,4085.6,,BREAKOUT,1,0,,0.895,0.064,IT,,,,,,,TREND-DOWN day,125.0,,0.21,,OPEN,40,0.12,OPEN,0.96,0.42,0.25,0.42,0.14,0.89,TREND-DOWN
2026-09-28,M5,COALINDIA,SELL,SELL-EX6,206,11:50,710,425.0,,BREAKOUT,1,0,,0.895,-0.258,ENE,,,,,,,TREND-DOWN day,445.0,,0.87,,OPEN,250,0.57,OPEN,0.87,0.38,0.05,0.05,0.59,0.89,TREND-DOWN
2026-09-28,M5,360ONE,SELL,ENTRY SELL,290,09:25,565,1055.1,196,,0,0,"scanner-table preview (90/290) — no chart label, blocked",0.895,-1.668,CAPMKTS,,,,,,,TREND-DOWN day,,,,,,414,0.51,OPEN,0.6,0.31,0.21,0.21,0.96,0.89,TREND-DOWN
2026-09-28,M5,ABB,SELL,ENTRY SELL,290,09:20,560,6949.0,17,,0,0,"scanner-table preview (90/290) — no chart label, blocked",0.895,-1.468,CAPGOODS,,,,,,,TREND-DOWN day,,,,,,-205,-0.3,OPEN,0.48,0.58,0.48,0.48,-0.34,0.89,TREND-DOWN
2026-09-28,M5,ABCAPITAL,SELL,ENTRY SELL,290,09:20,560,382.8,32,,0,0,"scanner-table preview (90/290) — no chart label, blocked",0.895,-1.846,FIN,,,,,,,TREND-DOWN day,,,,,,-29,0.02,OPEN,0.33,0.28,0.33,0.33,0.03,0.89,TREND-DOWN
2026-09-28,M5,ADANIENSOL,SELL,ENTRY SELL,290,09:20,560,1319.2,110,,0,0,"scanner-table preview (90/290) — no chart label, blocked",0.895,-1.442,ENE,,,,,,,TREND-DOWN day,,,,,,260,0.63,100% trail 12:10,2.4,0.36,0.22,0.52,2.37,0.89,TREND-DOWN
2026-09-28,M5,ADANIGREEN,SELL,ENTRY SELL,290,09:20,560,1282.0,121,,0,0,"scanner-table preview (90/290) — no chart label, blocked",0.895,-1.126,GREEN,,,,,,,TREND-DOWN day,,,,,,1654,5.34,100% trail 14:45,6.71,0.31,0.57,3.23,3.67,0.89,TREND-DOWN
2026-09-28,M5,ADANIPORTS,SELL,ENTRY SELL,290,09:20,560,1777.0,46,,0,0,"scanner-table preview (90/290) — no chart label, blocked",0.895,-0.615,LOGISTICS,,,,,,,TREND-DOWN day,,,,,,908,2.35,100% trail 13:35,2.65,0.05,0.74,1.01,1.87,0.89,TREND-DOWN
2026-09-28,M5,ADANIPOWER,SELL,ENTRY SELL,290,09:20,560,201.36,101,,0,0,"scanner-table preview (90/290) — no chart label, blocked",0.895,-0.686,ENE,,,,,,,TREND-DOWN day,,,,,,1253,2.4,OPEN,2.76,0.16,0.53,1.09,2.59,0.89,TREND-DOWN
2026-09-28,M5,AMBUJACEM,SELL,ENTRY SELL,290,09:20,560,380.4,115,,0,0,"scanner-table preview (90/290) — no chart label, blocked",0.895,-0.886,CEMENT,,,,,,,TREND-DOWN day,,,,,,552,1.4,100% trail 13:30,1.84,0.1,0.98,0.98,1.59,0.89,TREND-DOWN
2026-09-28,M5,ANGELONE,SELL,ENTRY SELL,290,09:20,560,279.45,7,,0,0,"scanner-table preview (90/290) — no chart label, blocked",0.895,-2.969,CAPMKTS,,,,,,,TREND-DOWN day,,,,,,3,0.05,OPEN,0.25,0.5,0.22,0.22,0.09,0.89,TREND-DOWN
2026-09-28,M5,APLAPOLLO,SELL,ENTRY SELL,290,09:20,560,2196.7,105,,0,0,"scanner-table preview (90/290) — no chart label, blocked",0.895,-0.813,MET,,,,,,,TREND-DOWN day,,,,,,95,0.6,100% trail 10:50,1.58,0.46,0.62,0.82,-0.01,0.89,TREND-DOWN
2026-09-28,M5,APOLLOHOSP,SELL,ENTRY SELL,290,09:20,560,8814.0,186,,0,0,"scanner-table preview (90/290) — no chart label, blocked",0.895,-0.844,HOSPITALS,,,,,,,TREND-DOWN day,,,,,,-482,-1.0,100% SL 10:00,0.12,1.1,0.12,0.12,-0.52,0.89,TREND-DOWN
2026-09-28,M5,ASHOKLEY,SELL,ENTRY SELL,290,09:20,560,156.5,99,,0,0,"scanner-table preview (90/290) — no chart label, blocked",0.895,-1.622,AUTO,,,,,,,TREND-DOWN day,,,,,,366,0.53,OPEN,0.73,0.34,0.08,0.08,0.82,0.89,TREND-DOWN
2026-09-28,M5,ASTRAL,SELL,ENTRY SELL,290,09:20,560,1381.7,103,,0,0,"scanner-table preview (90/290) — no chart label, blocked",0.895,-1.237,BUILDMAT,,,,,,,TREND-DOWN day,,,,,,216,0.73,100% trail 11:25,1.57,0.26,0.97,0.97,0.81,0.89,TREND-DOWN
2026-09-28,M5,AUBANK,SELL,ENTRY SELL,290,09:20,560,1004.9,123,,0,0,"scanner-table preview (90/290) — no chart label, blocked",0.895,-1.287,BANK,,,,,,,TREND-DOWN day,,,,,,183,0.71,100% trail 13:30,1.25,0.21,0.87,0.87,0.96,0.89,TREND-DOWN
2026-09-28,M5,AUROPHARMA,SELL,ENTRY SELL,290,09:20,560,1698.4,153,,0,0,"scanner-table preview (90/290) — no chart label, blocked",0.895,-0.794,PHA,,,,,,,TREND-DOWN day,,,,,,-15,0.07,OPEN,0.85,0.48,0.33,0.8,0.05,0.89,TREND-DOWN
2026-09-28,M5,BAJAJ-AUTO,SELL,ENTRY SELL,290,09:20,560,11180.0,109,,0,0,"scanner-table preview (90/290) — no chart label, blocked",0.895,-0.895,AUTO,,,,,,,TREND-DOWN day,,,,,,96,0.57,100% trail 10:45,2.94,0.35,0.49,0.98,1.4,0.89,TREND-DOWN
2026-09-28,M5,BAJAJHLDNG,SELL,ENTRY SELL,290,09:25,565,10800.0,27,,0,0,"scanner-table preview (90/290) — no chart label, blocked",0.895,-1.28,FIN,,,,,,,TREND-DOWN day,,,,,,-36,0.0,OPEN,0.06,0.83,0.06,0.06,-0.0,0.89,TREND-DOWN
2026-09-28,M5,BAJFINANCE,SELL,ENTRY SELL,290,09:20,560,979.7,135,,0,0,"scanner-table preview (90/290) — no chart label, blocked",0.895,-1.725,FIN,,,,,,,TREND-DOWN day,,,,,,-312,-0.42,OPEN,0.41,0.42,0.23,0.23,-0.54,0.89,TREND-DOWN
2026-09-28,M5,BANKBARODA,SELL,ENTRY SELL,290,09:20,560,232.44,82,,0,0,"scanner-table preview (90/290) — no chart label, blocked",0.895,-1.199,PSUBK,,,,,,,TREND-DOWN day,,,,,,608,1.27,100% trail 13:40,1.94,0.18,0.39,0.68,2.13,0.89,TREND-DOWN
2026-09-28,M5,BANKINDIA,SELL,ENTRY SELL,290,09:20,560,135.29,107,,0,0,"scanner-table preview (90/290) — no chart label, blocked",0.895,-1.921,PSUBK,,,,,,,TREND-DOWN day,,,,,,1914,2.67,OPEN,2.93,0.2,0.8,1.08,3.92,0.89,TREND-DOWN
2026-09-28,M5,BDL,SELL,ENTRY SELL,290,09:20,560,1130.7,144,,0,0,"scanner-table preview (90/290) — no chart label, blocked",0.895,-0.816,DEF,,,,,,,TREND-DOWN day,,,,,,327,1.12,100% trail 09:40,2.28,0.08,1.38,1.38,1.39,0.89,TREND-DOWN
2026-09-28,M5,BEL,SELL,ENTRY SELL,290,09:20,560,388.2,95,,0,0,"scanner-table preview (90/290) — no chart label, blocked",0.895,-1.359,DEF,,,,,,,TREND-DOWN day,,,,,,304,0.54,OPEN,0.81,0.03,0.22,0.22,0.7,0.89,TREND-DOWN
2026-09-28,M5,BHARATFORG,SELL,ENTRY SELL,290,09:20,560,1984.1,80,,0,0,"scanner-table preview (90/290) — no chart label, blocked",0.895,-1.19,AUTO,,,,,,,TREND-DOWN day,,,,,,193,1.07,100% trail 13:10,3.11,0.6,0.3,0.4,1.37,0.89,TREND-DOWN
2026-09-28,M5,BIOCON,SELL,ENTRY SELL,290,09:20,560,377.25,78,,0,0,"scanner-table preview (90/290) — no chart label, blocked",0.895,-1.282,PHA,,,,,,,TREND-DOWN day,,,,,,268,0.6,OPEN,0.76,0.61,0.55,0.55,0.62,0.89,TREND-DOWN
2026-09-28,M5,BPCL,SELL,ENTRY SELL,290,09:20,560,305.25,139,,0,0,"scanner-table preview (90/290) — no chart label, blocked",0.895,-1.053,OIL,,,,,,,TREND-DOWN day,,,,,,213,0.7,100% trail 13:35,1.63,0.5,0.79,0.79,0.98,0.89,TREND-DOWN
2026-09-28,M5,CANBK,SELL,ENTRY SELL,290,09:20,560,123.28,74,,0,0,"scanner-table preview (90/290) — no chart label, blocked",0.895,-1.368,PSUBK,,,,,,,TREND-DOWN day,,,,,,523,1.43,100% trail 11:30,2.87,0.05,0.93,1.44,2.13,0.89,TREND-DOWN
2026-09-28,M5,CDSL,SELL,ENTRY SELL,290,09:25,565,1305.0,57,,0,0,"scanner-table preview (90/290) — no chart label, blocked",0.895,-0.986,CAPMKTS,,,,,,,TREND-DOWN day,,,,,,566,1.3,OPEN,1.5,0.41,0.87,0.87,1.23,0.89,TREND-DOWN
2026-09-28,M5,CGPOWER,SELL,ENTRY SELL,290,09:20,560,873.25,172,,0,0,"scanner-table preview (90/290) — no chart label, blocked",0.895,-1.439,CAPGOODS,,,,,,,TREND-DOWN day,,,,,,428,0.85,OPEN,0.98,0.55,0.38,0.38,0.94,0.89,TREND-DOWN
2026-09-28,M5,CHOLAFIN,SELL,ENTRY SELL,290,09:20,560,1637.6,136,,0,0,"scanner-table preview (90/290) — no chart label, blocked",0.895,-1.51,FIN,,,,,,,TREND-DOWN day,,,,,,61,0.15,OPEN,0.72,0.64,0.72,0.72,0.21,0.89,TREND-DOWN
2026-09-28,M5,COLPAL,SELL,ENTRY SELL,290,09:20,560,1839.4,116,,0,0,"scanner-table preview (90/290) — no chart label, blocked",0.895,-0.884,FMCG,,,,,,,TREND-DOWN day,,,,,,-438,-1.0,100% SL 12:00,0.96,1.43,0.35,0.35,-0.35,0.89,TREND-DOWN
2026-09-28,M5,CONCOR,SELL,ENTRY SELL,290,09:20,560,456.3,104,,0,0,"scanner-table preview (90/290) — no chart label, blocked",0.895,-1.127,LOGISTICS,,,,,,,TREND-DOWN day,,,,,,170,0.56,100% trail 12:25,1.62,0.2,0.62,0.62,1.38,0.89,TREND-DOWN
2026-09-28,M5,CROMPTON,SELL,ENTRY SELL,290,09:20,560,216.36,59,,0,0,"scanner-table preview (90/290) — no chart label, blocked",0.895,-1.025,CDUR,,,,,,,TREND-DOWN day,,,,,,-697,-1.0,100% SL 11:40,0.7,1.87,0.7,0.7,-1.13,0.89,TREND-DOWN
2026-09-28,M5,CUMMINSIND,SELL,ENTRY SELL,290,09:20,560,4872.0,12,,0,0,"scanner-table preview (90/290) — no chart label, blocked",0.895,-1.476,CAPGOODS,,,,,,,TREND-DOWN day,,,,,,254,0.69,100% trail 15:10,1.05,0.37,0.09,0.14,0.35,0.89,TREND-DOWN
2026-09-28,M5,DELHIVERY,SELL,ENTRY SELL,290,09:20,560,415.9,72,,0,0,"scanner-table preview (90/290) — no chart label, blocked",0.895,-1.609,LOGISTICS,,,,,,,TREND-DOWN day,,,,,,893,1.59,100% trail 15:05,2.11,0.19,0.91,1.33,2.02,0.89,TREND-DOWN
2026-09-28,M5,DIVISLAB,SELL,ENTRY SELL,290,09:20,560,9581.5,30,,0,0,"scanner-table preview (90/290) — no chart label, blocked",0.895,-0.395,PHA,,,,,,,TREND-DOWN day,,,,,,51,0.42,100% trail 13:35,1.12,0.79,0.35,0.35,0.33,0.89,TREND-DOWN
2026-09-28,M5,DLF,SELL,ENTRY SELL,290,09:20,560,671.0,184,,0,0,"scanner-table preview (90/290) — no chart label, blocked",0.895,-1.757,REALTY,,,,,,,TREND-DOWN day,,,,,,62,0.43,100% trail 11:35,1.57,0.22,1.26,1.34,1.11,0.89,TREND-DOWN
2026-09-28,M5,EICHERMOT,SELL,ENTRY SELL,290,09:20,560,7293.0,71,,0,0,"scanner-table preview (90/290) — no chart label, blocked",0.895,-0.91,AUTO,,,,,,,TREND-DOWN day,,,,,,238,2.11,100% trail 12:50,4.17,0.52,0.88,1.64,1.09,0.89,TREND-DOWN
2026-09-28,M5,EXIDEIND,SELL,ENTRY SELL,290,09:20,560,419.75,,,0,0,"scanner-table preview (90/290) — no chart label, blocked",0.895,-0.921,AUTO,,,,,,,TREND-DOWN day,,,,,,402,1.4,100% trail 11:35,2.99,0.36,1.14,1.14,1.99,0.89,TREND-DOWN
2026-09-28,M5,FORCEMOT,SELL,ENTRY SELL,290,09:20,560,17147.0,131,,0,0,"scanner-table preview (90/290) — no chart label, blocked",0.895,-1.386,AUTO,,,,,,,TREND-DOWN day,,,,,,-278,-1.0,100% SL 10:00,0.94,1.9,0.25,0.25,0.27,0.89,TREND-DOWN
2026-09-28,M5,FORTIS,SELL,ENTRY SELL,290,09:20,560,828.85,23,,0,0,"scanner-table preview (90/290) — no chart label, blocked",0.895,-1.074,HOSPITALS,,,,,,,TREND-DOWN day,,,,,,58,0.22,100% trail 11:30,1.02,0.61,0.75,1.02,-0.23,0.89,TREND-DOWN
2026-09-28,M5,GAIL,BUY,ENTRY BUY,90,09:20,560,174.27,20,,0,0,"scanner-table preview (90/290) — no chart label, blocked",0.895,0.909,OIL,,,,,,,TREND-DOWN day,,,,,,-860,-1.0,100% SL 10:20,0.11,1.19,0.11,0.11,-1.04,0.89,TREND-DOWN
2026-09-28,M5,GMRAIRPORT,SELL,ENTRY SELL,290,09:20,560,96.74,178,,0,0,"scanner-table preview (90/290) — no chart label, blocked",0.895,-1.235,INFRA,,,,,,,TREND-DOWN day,,,,,,1090,3.87,100% trail 14:55,4.54,0.2,1.19,1.19,2.06,0.89,TREND-DOWN
2026-09-28,M5,GODREJCP,SELL,ENTRY SELL,290,09:20,560,864.55,176,,0,0,"scanner-table preview (90/290) — no chart label, blocked",0.895,-1.756,FMCG,,,,,,,TREND-DOWN day,,,,,,-238,-0.31,OPEN,0.43,0.53,0.32,0.37,-0.4,0.89,TREND-DOWN
2026-09-28,M5,GVT&D,SELL,ENTRY SELL,290,09:25,565,4232.1,164,,0,0,"scanner-table preview (90/290) — no chart label, blocked",0.895,-1.119,CAPGOODS,,,,,,,TREND-DOWN day,,,,,,393,0.87,100% trail 13:25,1.12,0.34,0.28,0.28,0.69,0.89,TREND-DOWN
2026-09-28,M5,HAL,SELL,ENTRY SELL,290,09:20,560,4739.1,183,,0,0,"scanner-table preview (90/290) — no chart label, blocked",0.895,-1.269,DEF,,,,,,,TREND-DOWN day,,,,,,-406,-1.0,100% SL 10:00,0.57,1.22,0.54,0.54,0.02,0.89,TREND-DOWN
2026-09-28,M5,HAVELLS,SELL,ENTRY SELL,290,09:20,560,1085.0,140,,0,0,"scanner-table preview (90/290) — no chart label, blocked",0.895,-1.049,CDUR,,,,,,,TREND-DOWN day,,,,,,-42,0.0,OPEN,0.97,0.27,0.36,0.36,-0.0,0.89,TREND-DOWN
2026-09-28,M5,HDFCBANK,SELL,ENTRY SELL,290,09:20,560,725.5,65,,0,0,"scanner-table preview (90/290) — no chart label, blocked",0.895,-1.373,BANK,,,,,,,TREND-DOWN day,,,,,,397,0.88,OPEN,0.98,0.16,0.52,0.53,0.89,0.89,TREND-DOWN
2026-09-28,M5,HINDALCO,SELL,ENTRY SELL,290,09:20,560,955.0,51,,0,0,"scanner-table preview (90/290) — no chart label, blocked",0.895,-2.252,MET,,,,,,,TREND-DOWN day,,,,,,-89,-0.08,OPEN,0.32,0.87,0.32,0.32,-0.09,0.89,TREND-DOWN
2026-09-28,M5,HINDPETRO,SELL,ENTRY SELL,290,09:20,560,347.0,195,,0,0,"scanner-table preview (90/290) — no chart label, blocked",0.895,-1.14,OIL,,,,,,,TREND-DOWN day,,,,,,613,3.45,OPEN,4.62,0.34,1.97,1.97,1.31,0.89,TREND-DOWN
2026-09-28,M5,HINDUNILVR,SELL,ENTRY SELL,290,09:20,560,1915.8,22,,0,0,"scanner-table preview (90/290) — no chart label, blocked",0.895,-1.395,FMCG,,,,,,,TREND-DOWN day,,,,,,379,1.01,100% trail 15:10,1.24,0.1,0.45,0.45,1.03,0.89,TREND-DOWN
2026-09-28,M5,HYUNDAI,SELL,ENTRY SELL,290,09:20,560,2095.0,175,,0,0,"scanner-table preview (90/290) — no chart label, blocked",0.895,-0.946,AUTO,,,,,,,TREND-DOWN day,,,,,,856,2.33,100% trail 14:05,3.1,0.29,0.91,1.2,2.11,0.89,TREND-DOWN
2026-09-28,M5,ICICIBANK,SELL,ENTRY SELL,290,09:25,565,1312.5,39,,0,0,"scanner-table preview (90/290) — no chart label, blocked",0.895,-1.078,BANK,,,,,,,TREND-DOWN day,,,,,,153,0.65,100% trail 11:30,1.27,0.22,0.92,1.18,0.8,0.89,TREND-DOWN
2026-09-28,M5,IDEA,SELL,ENTRY SELL,290,09:20,560,13.93,11,,0,0,"scanner-table preview (90/290) — no chart label, blocked",0.895,-2.314,TELECOM,,,,,,,TREND-DOWN day,,,,,,1198,1.41,100% trail 14:45,1.67,0.37,0.27,0.27,3.3,0.89,TREND-DOWN
2026-09-28,M5,IDFCFIRSTB,SELL,ENTRY SELL,290,09:25,565,82.05,24,,0,0,"scanner-table preview (90/290) — no chart label, blocked",0.895,-2.088,BANK,,,,,,,TREND-DOWN day,,,,,,871,1.02,OPEN,1.07,0.06,0.34,0.37,1.83,0.89,TREND-DOWN
2026-09-28,M5,IEX,SELL,ENTRY SELL,290,09:20,560,111.77,168,,0,0,"scanner-table preview (90/290) — no chart label, blocked",0.895,-0.825,CAPMKTS,,,,,,,TREND-DOWN day,,,,,,146,0.44,OPEN,0.86,0.87,0.33,0.33,0.38,0.89,TREND-DOWN
2026-09-28,M5,INDHOTEL,SELL,ENTRY SELL,290,09:20,560,716.35,35,,0,0,"scanner-table preview (90/290) — no chart label, blocked",0.895,-1.438,TRAVEL,,,,,,,TREND-DOWN day,,,,,,-221,-0.45,100% trail 11:50,1.41,0.85,1.12,1.12,0.75,0.89,TREND-DOWN
2026-09-28,M5,INDIANB,SELL,ENTRY SELL,290,09:20,560,826.2,171,,0,0,"scanner-table preview (90/290) — no chart label, blocked",0.895,-0.697,PSUBK,,,,,,,TREND-DOWN day,,,,,,1383,3.98,OPEN,4.09,0.37,0.73,1.11,2.87,0.89,TREND-DOWN
2026-09-28,M5,INDIGO,SELL,ENTRY SELL,290,09:20,560,4889.0,92,,0,0,"scanner-table preview (90/290) — no chart label, blocked",0.895,-1.032,TRAVEL,,,,,,,TREND-DOWN day,,,,,,189,1.72,100% trail 11:30,2.72,1.06,0.44,1.0,0.3,0.89,TREND-DOWN
2026-09-28,M5,INDUSTOWER,SELL,ENTRY SELL,290,09:20,560,368.15,29,,0,0,"scanner-table preview (90/290) — no chart label, blocked",0.895,-1.735,TELECOM,,,,,,,TREND-DOWN day,,,,,,909,1.56,100% trail 15:05,2.66,0.46,0.34,0.34,2.21,0.89,TREND-DOWN
2026-09-28,M5,INOXWIND,SELL,ENTRY SELL,290,09:20,560,73.88,182,,0,0,"scanner-table preview (90/290) — no chart label, blocked",0.895,-1.164,GREEN,,,,,,,TREND-DOWN day,,,,,,179,0.55,100% trail 12:30,2.61,0.5,0.64,0.64,2.54,0.89,TREND-DOWN
2026-09-28,M5,IOC,SELL,ENTRY SELL,290,09:20,560,134.47,185,,0,0,"scanner-table preview (90/290) — no chart label, blocked",0.895,-0.906,OIL,,,,,,,TREND-DOWN day,,,,,,165,0.75,100% trail 12:30,1.55,0.27,0.83,0.83,0.86,0.89,TREND-DOWN
2026-09-28,M5,IREDA,SELL,ENTRY SELL,290,09:20,560,112.0,156,,0,0,"scanner-table preview (90/290) — no chart label, blocked",0.895,-1.078,FIN,,,,,,,TREND-DOWN day,,,,,,-661,-1.0,100% SL 10:00,0.11,4.21,0.11,0.11,-2.52,0.89,TREND-DOWN
2026-09-28,M5,IRFC,SELL,ENTRY SELL,290,09:20,560,78.85,177,,0,0,"scanner-table preview (90/290) — no chart label, blocked",0.895,-1.376,RAILWAYS,,,,,,,TREND-DOWN day,,,,,,148,0.27,OPEN,0.41,0.98,0.28,0.28,0.38,0.89,TREND-DOWN
2026-09-28,M5,ITC,SELL,ENTRY SELL,290,09:20,560,267.3,149,,0,0,"scanner-table preview (90/290) — no chart label, blocked",0.895,-0.632,FMCG,,,,,,,TREND-DOWN day,,,,,,351,1.02,OPEN,1.02,0.27,0.37,0.9,0.79,0.89,TREND-DOWN
2026-09-28,M5,JINDALSTEL,SELL,ENTRY SELL,290,09:25,565,1149.6,98,,0,0,"scanner-table preview (90/290) — no chart label, blocked",0.895,-1.305,MET,,,,,,,TREND-DOWN day,,,,,,388,1.13,OPEN,1.76,0.85,0.31,0.31,0.87,0.89,TREND-DOWN
2026-09-28,M5,JIOFIN,SELL,ENTRY SELL,290,09:20,560,224.89,114,,0,0,"scanner-table preview (90/290) — no chart label, blocked",0.895,-0.93,FIN,,,,,,,TREND-DOWN day,,,,,,186,0.63,100% trail 11:45,2.95,0.12,1.17,1.17,1.95,0.89,TREND-DOWN
2026-09-28,M5,JSWENERGY,SELL,ENTRY SELL,290,09:20,560,502.0,161,,0,0,"scanner-table preview (90/290) — no chart label, blocked",0.895,-0.898,ENE,,,,,,,TREND-DOWN day,,,,,,299,1.53,100% trail 11:25,3.0,1.18,1.33,2.25,1.39,0.89,TREND-DOWN
2026-09-28,M5,JSWSTEEL,SELL,ENTRY SELL,290,09:25,565,1265.8,96,,0,0,"scanner-table preview (90/290) — no chart label, blocked",0.895,-0.877,MET,,,,,,,TREND-DOWN day,,,,,,94,0.42,100% trail 15:15,1.06,0.72,0.39,0.39,0.13,0.89,TREND-DOWN
2026-09-28,M5,JUBLFOOD,SELL,ENTRY SELL,290,09:20,560,482.75,117,,0,0,"scanner-table preview (90/290) — no chart label, blocked",0.895,-0.371,CONSUMPTION,,,,,,,TREND-DOWN day,,,,,,375,1.37,OPEN,2.12,0.78,0.88,0.88,0.84,0.89,TREND-DOWN
2026-09-28,M5,KALYANKJIL,SELL,ENTRY SELL,290,09:20,560,563.1,81,,0,0,"scanner-table preview (90/290) — no chart label, blocked",0.895,-1.728,CDUR,,,,,,,TREND-DOWN day,,,,,,-114,-0.08,OPEN,0.33,0.45,0.33,0.33,-0.16,0.89,TREND-DOWN
2026-09-28,M5,KEI,SELL,ENTRY SELL,290,09:20,560,4616.5,193,,0,0,"scanner-table preview (90/290) — no chart label, blocked",0.895,-1.22,CAPGOODS,,,,,,,TREND-DOWN day,,,,,,340,1.1,100% trail 12:05,2.69,0.48,0.68,0.69,2.18,0.89,TREND-DOWN
2026-09-28,M5,KOTAKBANK,SELL,ENTRY SELL,290,09:20,560,398.05,91,,0,0,"scanner-table preview (90/290) — no chart label, blocked",0.895,-1.473,BANK,,,,,,,TREND-DOWN day,,,,,,-592,-1.0,100% SL 14:00,0.51,1.39,0.51,0.51,-0.88,0.89,TREND-DOWN
2026-09-28,M5,KPITTECH,SELL,ENTRY SELL,290,09:20,560,514.4,160,,0,0,"scanner-table preview (90/290) — no chart label, blocked",0.895,-0.963,IT,,,,,,,TREND-DOWN day,,,,,,140,0.61,100% trail 12:10,2.18,0.3,0.94,0.94,1.05,0.89,TREND-DOWN
2026-09-28,M5,LAURUSLABS,SELL,ENTRY SELL,290,09:25,565,1986.6,113,,0,0,"scanner-table preview (90/290) — no chart label, blocked",0.895,-1.016,PHA,,,,,,,TREND-DOWN day,,,,,,-591,-1.0,100% SL 09:50,0.05,1.28,0.05,0.05,-1.21,0.89,TREND-DOWN
2026-09-28,M5,LODHA,SELL,ENTRY SELL,290,09:20,560,1144.1,50,,0,0,"scanner-table preview (90/290) — no chart label, blocked",0.895,-1.794,REALTY,,,,,,,TREND-DOWN day,,,,,,1120,1.4,OPEN,1.49,0.37,0.5,0.75,2.36,0.89,TREND-DOWN
2026-09-28,M5,LT,SELL,ENTRY SELL,290,09:20,560,3837.6,48,,0,0,"scanner-table preview (90/290) — no chart label, blocked",0.895,-0.996,INFRA,,,,,,,TREND-DOWN day,,,,,,884,3.73,OPEN,3.73,0.5,0.7,0.92,1.86,0.89,TREND-DOWN
2026-09-28,M5,LTF,SELL,ENTRY SELL,290,09:20,560,280.3,56,,0,0,"scanner-table preview (90/290) — no chart label, blocked",0.895,-1.303,FIN,,,,,,,TREND-DOWN day,,,,,,-579,-1.0,100% SL 11:50,0.83,1.14,0.83,0.83,-0.2,0.89,TREND-DOWN
2026-09-28,M5,LTM,SELL,ENTRY SELL,290,09:20,560,4047.2,145,,0,0,"scanner-table preview (90/290) — no chart label, blocked",0.895,-0.877,IT,,,,,,,TREND-DOWN day,,,,,,-525,-1.0,100% SL 11:00,0.74,2.33,0.74,0.74,-1.09,0.89,TREND-DOWN
2026-09-28,M5,M&M,SELL,ENTRY SELL,290,09:20,560,2998.0,70,,0,0,"scanner-table preview (90/290) — no chart label, blocked",0.895,-1.219,AUTO,,,,,,,TREND-DOWN day,,,,,,8,0.13,OPEN,0.9,0.34,0.52,0.52,0.1,0.89,TREND-DOWN
2026-09-28,M5,MANKIND,SELL,ENTRY SELL,290,09:25,565,2473.7,188,,0,0,"scanner-table preview (90/290) — no chart label, blocked",0.895,-0.048,PHA,,,,,,,TREND-DOWN day,,,,,,421,2.0,100% trail 11:55,3.0,1.09,0.57,1.09,1.54,0.89,TREND-DOWN
2026-09-28,M5,MAXHEALTH,SELL,ENTRY SELL,290,09:20,560,993.4,68,,0,0,"scanner-table preview (90/290) — no chart label, blocked",0.895,-2.032,HOSPITALS,,,,,,,TREND-DOWN day,,,,,,-377,-0.38,OPEN,0.22,0.9,0.22,0.22,-0.67,0.89,TREND-DOWN
2026-09-28,M5,MAZDOCK,SELL,ENTRY SELL,290,09:20,560,2168.5,206,,0,0,"scanner-table preview (90/290) — no chart label, blocked",0.895,-1.414,DEF,,,,,,,TREND-DOWN day,,,,,,660,1.26,OPEN,1.55,0.25,0.56,0.56,1.41,0.89,TREND-DOWN
2026-09-28,M5,MCX,SELL,ENTRY SELL,290,09:25,565,3279.1,165,,0,0,"scanner-table preview (90/290) — no chart label, blocked",0.895,-1.377,CAPMKTS,,,,,,,TREND-DOWN day,,,,,,-545,-1.0,100% SL 10:10,0.9,1.37,0.32,0.32,0.48,0.89,TREND-DOWN
2026-09-28,M5,MOTHERSON,SELL,ENTRY SELL,290,09:20,560,163.45,53,,0,0,"scanner-table preview (90/290) — no chart label, blocked",0.895,-1.364,AUTO,,,,,,,TREND-DOWN day,,,,,,287,0.52,OPEN,0.95,0.61,0.38,0.38,0.66,0.89,TREND-DOWN
2026-09-28,M5,MOTILALOFS,SELL,ENTRY SELL,290,09:20,560,1008.8,198,,0,0,"scanner-table preview (90/290) — no chart label, blocked",0.895,-1.963,CAPMKTS,,,,,,,TREND-DOWN day,,,,,,-175,-0.15,OPEN,0.48,0.53,0.48,0.48,-0.28,0.89,TREND-DOWN
2026-09-28,M5,MUTHOOTFIN,SELL,ENTRY SELL,290,09:25,565,2779.9,8,,0,0,"scanner-table preview (90/290) — no chart label, blocked",0.895,-1.944,FIN,,,,,,,TREND-DOWN day,,,,,,298,0.76,OPEN,0.86,0.8,0.39,0.39,0.72,0.89,TREND-DOWN
2026-09-28,M5,NAM-INDIA,SELL,ENTRY SELL,290,09:20,560,1120.0,13,,0,0,"scanner-table preview (90/290) — no chart label, blocked",0.895,-3.198,CAPMKTS,,,,,,,TREND-DOWN day,,,,,,654,0.77,OPEN,0.84,0.21,0.08,0.08,2.33,0.89,TREND-DOWN
2026-09-28,M5,NATIONALUM,SELL,ENTRY SELL,290,09:20,560,346.3,5,,0,0,"scanner-table preview (90/290) — no chart label, blocked",0.895,-3.457,MET,,,,,,,TREND-DOWN day,,,,,,-320,-0.32,OPEN,0.23,0.44,0.2,0.2,-0.78,0.89,TREND-DOWN
2026-09-28,M5,NBCC,SELL,ENTRY SELL,290,09:20,560,81.69,88,,0,0,"scanner-table preview (90/290) — no chart label, blocked",0.895,-1.412,PSE,,,,,,,TREND-DOWN day,,,,,,337,1.11,100% trail 13:25,2.67,0.43,1.25,1.25,1.81,0.89,TREND-DOWN
2026-09-28,M5,NESTLEIND,SELL,ENTRY SELL,290,09:20,560,1346.7,47,,0,0,"scanner-table preview (90/290) — no chart label, blocked",0.895,-1.167,FMCG,,,,,,,TREND-DOWN day,,,,,,-205,-1.0,100% SL 09:40,0.79,3.15,0.38,0.38,0.05,0.89,TREND-DOWN
2026-09-28,M5,NHPC,SELL,ENTRY SELL,290,09:20,560,75.28,169,,0,0,"scanner-table preview (90/290) — no chart label, blocked",0.895,-0.947,ENE,,,,,,,TREND-DOWN day,,,,,,420,1.33,100% trail 14:55,1.66,0.33,0.26,0.28,1.04,0.89,TREND-DOWN
2026-09-28,M5,NMDC,SELL,ENTRY SELL,290,09:25,565,79.46,36,,0,0,"scanner-table preview (90/290) — no chart label, blocked",0.895,-0.551,MET,,,,,,,TREND-DOWN day,,,,,,1235,1.5,OPEN,1.49,0.39,0.38,0.38,2.55,0.89,TREND-DOWN
2026-09-28,M5,NTPC,SELL,ENTRY SELL,290,09:20,560,324.25,132,,0,0,"scanner-table preview (90/290) — no chart label, blocked",0.895,-0.72,ENE,,,,,,,TREND-DOWN day,,,,,,87,0.51,100% trail 11:35,1.82,0.29,0.56,1.22,0.97,0.89,TREND-DOWN
2026-09-28,M5,OBEROIRLTY,SELL,ENTRY SELL,290,09:25,565,1839.9,202,,0,0,"scanner-table preview (90/290) — no chart label, blocked",0.895,-1.001,REALTY,,,,,,,TREND-DOWN day,,,,,,-98,-0.04,100% trail 10:40,1.7,1.44,1.4,1.4,0.54,0.89,TREND-DOWN
2026-09-28,M5,OIL,SELL,ENTRY SELL,290,09:20,560,468.0,155,,0,0,"scanner-table preview (90/290) — no chart label, blocked",0.895,-1.505,OIL,,,,,,,TREND-DOWN day,,,,,,-42,0.0,OPEN,0.67,0.41,0.07,0.07,-0.0,0.89,TREND-DOWN
2026-09-28,M5,ONGC,SELL,ENTRY SELL,290,09:20,560,233.4,189,,0,0,"scanner-table preview (90/290) — no chart label, blocked",0.895,-1.043,OIL,,,,,,,TREND-DOWN day,,,,,,193,0.61,100% trail 13:00,1.65,0.58,0.08,0.08,1.46,0.89,TREND-DOWN
2026-09-28,M5,PATANJALI,SELL,ENTRY SELL,290,09:20,560,396.2,200,,0,0,"scanner-table preview (90/290) — no chart label, blocked",0.895,-1.919,FMCG,,,,,,,TREND-DOWN day,,,,,,638,0.95,OPEN,1.87,0.51,0.02,0.02,1.36,0.89,TREND-DOWN
2026-09-28,M5,PAYTM,SELL,ENTRY SELL,290,09:25,565,1641.2,180,,0,0,"scanner-table preview (90/290) — no chart label, blocked",0.895,-1.959,NEWAGE,,,,,,,TREND-DOWN day,,,,,,-863,-1.0,100% SL 12:40,0.55,1.37,0.17,0.17,0.33,0.89,TREND-DOWN
2026-09-28,M5,PERSISTENT,SELL,ENTRY SELL,290,09:20,560,5322.0,87,,0,0,"scanner-table preview (90/290) — no chart label, blocked",0.895,-0.931,IT,,,,,,,TREND-DOWN day,,,,,,-98,-0.12,OPEN,0.64,0.82,0.64,0.64,-0.12,0.89,TREND-DOWN
2026-09-28,M5,PFC,SELL,ENTRY SELL,290,09:20,560,334.95,84,,0,0,"scanner-table preview (90/290) — no chart label, blocked",0.895,-0.902,FIN,,,,,,,TREND-DOWN day,,,,,,327,0.91,100% trail 11:30,1.91,0.08,1.14,1.6,1.48,0.89,TREND-DOWN
2026-09-28,M5,PHOENIXLTD,SELL,ENTRY SELL,290,09:25,565,1953.8,37,,0,0,"scanner-table preview (90/290) — no chart label, blocked",0.895,-1.243,REALTY,,,,,,,TREND-DOWN day,,,,,,-1,0.1,OPEN,0.83,0.57,0.62,0.62,0.08,0.89,TREND-DOWN
2026-09-28,M5,PNB,SELL,ENTRY SELL,290,09:20,560,115.07,137,,0,0,"scanner-table preview (90/290) — no chart label, blocked",0.895,-1.312,PSUBK,,,,,,,TREND-DOWN day,,,,,,572,1.13,100% trail 13:10,1.96,0.09,0.57,1.0,2.15,0.89,TREND-DOWN
2026-09-28,M5,PNBHOUSING,SELL,ENTRY SELL,290,09:20,560,1073.9,40,,0,0,"scanner-table preview (90/290) — no chart label, blocked",0.895,-1.918,FIN,,,,,,,TREND-DOWN day,,,,,,-655,-1.0,100% SL 10:45,0.69,1.96,0.69,0.69,-1.03,0.89,TREND-DOWN
2026-09-28,M5,POLYCAB,SELL,ENTRY SELL,290,09:20,560,8337.0,191,,0,0,"scanner-table preview (90/290) — no chart label, blocked",0.895,-0.85,CAPGOODS,,,,,,,TREND-DOWN day,,,,,,509,2.13,100% trail 11:45,2.87,0.5,1.13,1.92,1.75,0.89,TREND-DOWN
2026-09-28,M5,POWERGRID,SELL,ENTRY SELL,290,09:20,560,266.55,76,,0,0,"scanner-table preview (90/290) — no chart label, blocked",0.895,-1.095,ENE,,,,,,,TREND-DOWN day,,,,,,837,1.71,OPEN,1.71,0.27,0.29,0.53,1.76,0.89,TREND-DOWN
2026-09-28,M5,PREMIERENE,SELL,ENTRY SELL,290,09:20,560,887.4,150,,0,0,"scanner-table preview (90/290) — no chart label, blocked",0.895,-1.004,GREEN,,,,,,,TREND-DOWN day,,,,,,-721,-1.03,100% SL 11:30,0.4,2.27,0.4,0.4,-2.1,0.89,TREND-DOWN
2026-09-28,M5,PRESTIGE,SELL,ENTRY SELL,290,09:20,560,1449.5,162,,0,0,"scanner-table preview (90/290) — no chart label, blocked",0.895,-1.915,REALTY,,,,,,,TREND-DOWN day,,,,,,-417,-1.0,100% trail 10:35,1.25,2.2,1.25,1.25,-1.47,0.89,TREND-DOWN
2026-09-28,M5,RBLBANK,SELL,ENTRY SELL,290,09:25,565,408.4,133,,0,0,"scanner-table preview (90/290) — no chart label, blocked",0.895,-1.602,BANK,,,,,,,TREND-DOWN day,,,,,,129,0.27,OPEN,0.75,0.62,0.75,0.75,0.34,0.89,TREND-DOWN
2026-09-28,M5,RECLTD,SELL,ENTRY SELL,290,09:20,560,308.7,148,,0,0,"scanner-table preview (90/290) — no chart label, blocked",0.895,-1.358,FIN,,,,,,,TREND-DOWN day,,,,,,72,0.44,100% trail 11:25,2.41,0.49,1.11,1.79,1.77,0.89,TREND-DOWN
2026-09-28,M5,RELIANCE,SELL,ENTRY SELL,290,09:20,560,1214.0,16,,0,0,"scanner-table preview (90/290) — no chart label, blocked",0.895,-0.979,ENE,,,,,,,TREND-DOWN day,,,,,,630,2.76,OPEN,2.79,0.29,0.96,0.96,1.35,0.89,TREND-DOWN
2026-09-28,M5,RVNL,SELL,ENTRY SELL,290,09:20,560,204.52,205,,0,0,"scanner-table preview (90/290) — no chart label, blocked",0.895,-1.198,RAILWAYS,,,,,,,TREND-DOWN day,,,,,,212,0.77,100% trail 14:45,1.39,0.75,0.91,0.91,0.87,0.89,TREND-DOWN
2026-09-28,M5,SAIL,SELL,ENTRY SELL,290,09:25,565,183.59,100,,0,0,"scanner-table preview (90/290) — no chart label, blocked",0.895,-0.762,MET,,,,,,,TREND-DOWN day,,,,,,-719,-1.0,100% SL 14:05,0.36,1.94,0.36,0.36,-0.33,0.89,TREND-DOWN
2026-09-28,M5,SBIN,SELL,ENTRY SELL,290,09:20,560,974.1,126,,0,0,"scanner-table preview (90/290) — no chart label, blocked",0.895,-0.905,PSUBK,,,,,,,TREND-DOWN day,,,,,,326,1.14,100% trail 10:45,2.54,0.14,1.11,1.44,1.24,0.89,TREND-DOWN
2026-09-28,M5,SHRIRAMFIN,SELL,ENTRY SELL,290,09:25,565,978.9,54,,0,0,"scanner-table preview (90/290) — no chart label, blocked",0.895,-1.529,FIN,,,,,,,TREND-DOWN day,,,,,,91,0.21,OPEN,0.7,0.46,0.27,0.27,0.27,0.89,TREND-DOWN
2026-09-28,M5,SIEMENS,SELL,ENTRY SELL,290,09:20,560,3814.4,75,,0,0,"scanner-table preview (90/290) — no chart label, blocked",0.895,-1.615,CAPGOODS,,,,,,,TREND-DOWN day,,,,,,334,0.59,OPEN,0.87,0.32,0.46,0.46,0.76,0.89,TREND-DOWN
2026-09-28,M5,SONACOMS,SELL,ENTRY SELL,290,09:20,560,811.1,14,,0,0,"scanner-table preview (90/290) — no chart label, blocked",0.895,-1.625,AUTO,,,,,,,TREND-DOWN day,,,,,,-891,-1.0,100% SL 11:45,0.35,1.23,0.26,0.26,0.39,0.89,TREND-DOWN
2026-09-28,M5,TATAELXSI,SELL,ENTRY SELL,290,09:20,560,3182.7,125,,0,0,"scanner-table preview (90/290) — no chart label, blocked",0.895,-0.132,IT,,,,,,,TREND-DOWN day,,,,,,216,1.04,100% trail 09:45,1.09,1.55,1.09,1.09,-0.26,0.89,TREND-DOWN
2026-09-28,M5,TATAPOWER,SELL,ENTRY SELL,290,09:20,560,363.25,130,,0,0,"scanner-table preview (90/290) — no chart label, blocked",0.895,-1.156,ENE,,,,,,,TREND-DOWN day,,,,,,143,0.48,OPEN,1.12,0.43,0.59,0.59,0.37,0.89,TREND-DOWN
2026-09-28,M5,TATASTEEL,SELL,ENTRY SELL,290,09:20,560,186.8,62,,0,0,"scanner-table preview (90/290) — no chart label, blocked",0.895,-0.622,MET,,,,,,,TREND-DOWN day,,,,,,91,0.28,OPEN,0.81,0.93,0.55,0.55,0.27,0.89,TREND-DOWN
2026-09-28,M5,TECHM,SELL,ENTRY SELL,290,09:25,565,1543.5,44,,0,0,"scanner-table preview (90/290) — no chart label, blocked",0.895,-0.291,IT,,,,,,,TREND-DOWN day,,,,,,153,0.54,100% trail 11:30,1.21,0.62,0.59,1.12,0.08,0.89,TREND-DOWN
2026-09-28,M5,TIINDIA,SELL,ENTRY SELL,290,09:20,560,2492.8,179,,0,0,"scanner-table preview (90/290) — no chart label, blocked",0.895,-0.729,AUTO,,,,,,,TREND-DOWN day,,,,,,-464,-1.0,100% SL 09:55,2.6,1.38,0.11,0.11,1.36,0.89,TREND-DOWN
2026-09-28,M5,TITAN,SELL,ENTRY SELL,290,09:25,565,4827.0,33,,0,0,"scanner-table preview (90/290) — no chart label, blocked",0.895,-1.167,CDUR,,,,,,,TREND-DOWN day,,,,,,34,0.14,OPEN,0.32,0.24,0.23,0.23,0.16,0.89,TREND-DOWN
2026-09-28,M5,TMPV,SELL,ENTRY SELL,290,09:20,560,288.3,43,,0,0,"scanner-table preview (90/290) — no chart label, blocked",0.895,-0.74,AUTO,,,,,,,TREND-DOWN day,,,,,,405,1.03,100% trail 10:55,2.83,0.25,0.83,1.38,2.27,0.89,TREND-DOWN
2026-09-28,M5,TORNTPHARM,SELL,ENTRY SELL,290,09:20,560,4938.0,67,,0,0,"scanner-table preview (90/290) — no chart label, blocked",0.895,-1.012,PHA,,,,,,,TREND-DOWN day,,,,,,328,0.85,100% trail 14:10,1.7,0.18,0.49,0.84,1.4,0.89,TREND-DOWN
2026-09-28,M5,UNIONBANK,SELL,ENTRY SELL,290,09:20,560,177.15,124,,0,0,"scanner-table preview (90/290) — no chart label, blocked",0.895,-1.693,PSUBK,,,,,,,TREND-DOWN day,,,,,,625,1.8,100% trail 11:20,3.87,0.08,1.6,2.22,3.05,0.89,TREND-DOWN
2026-09-28,M5,UNITDSPR,SELL,ENTRY SELL,290,09:20,560,1409.7,190,,0,0,"scanner-table preview (90/290) — no chart label, blocked",0.895,-0.99,FMCG,,,,,,,TREND-DOWN day,,,,,,-321,-1.0,100% SL 10:15,0.55,1.54,0.55,0.55,-0.4,0.89,TREND-DOWN
2026-09-28,M5,VBL,SELL,ENTRY SELL,290,09:20,560,427.8,106,,0,0,"scanner-table preview (90/290) — no chart label, blocked",0.895,-1.61,FMCG,,,,,,,TREND-DOWN day,,,,,,-297,-0.44,OPEN,0.31,0.63,0.31,0.31,-0.51,0.89,TREND-DOWN
2026-09-28,M5,VEDL,SELL,ENTRY SELL,290,09:20,560,259.5,60,,0,0,"scanner-table preview (90/290) — no chart label, blocked",0.895,-2.572,MET,,,,,,,TREND-DOWN day,,,,,,54,0.11,OPEN,0.27,0.64,0.27,0.27,0.19,0.89,TREND-DOWN
2026-09-28,M5,VMM,SELL,ENTRY SELL,290,09:20,560,102.95,19,,0,0,"scanner-table preview (90/290) — no chart label, blocked",0.895,-0.531,CONSUMPTION,,,,,,,TREND-DOWN day,,,,,,996,2.58,OPEN,2.95,0.18,0.66,0.66,2.08,0.89,TREND-DOWN
2026-09-28,M5,WAAREEENER,SELL,ENTRY SELL,290,09:20,560,2484.6,83,,0,0,"scanner-table preview (90/290) — no chart label, blocked",0.895,-0.417,GREEN,,,,,,,TREND-DOWN day,,,,,,133,0.57,100% trail 10:10,2.36,0.44,1.07,1.07,1.19,0.89,TREND-DOWN
2026-09-28,M5,WIPRO,SELL,ENTRY SELL,290,09:20,560,163.15,73,,0,0,"scanner-table preview (90/290) — no chart label, blocked",0.895,-0.53,IT,,,,,,,TREND-DOWN day,,,,,,334,1.1,100% trail 11:35,1.72,0.49,1.19,1.43,0.97,0.89,TREND-DOWN
2026-09-28,M5,YESBANK,SELL,ENTRY SELL,290,09:20,560,21.74,18,,0,0,"scanner-table preview (90/290) — no chart label, blocked",0.895,-3.378,BANK,,,,,,,TREND-DOWN day,,,,,,834,0.96,OPEN,1.07,0.12,0.33,0.33,2.58,0.89,TREND-DOWN
2026-09-28,M5,360ONE,SELL,SELL-EX3,203,09:30,570,1051.9,191,,0,0,M5 gate: spurt 191 · movers N — need both,0.895,-1.966,CAPMKTS,,,,,,,TREND-DOWN day,,,,,,234,0.3,OPEN,0.37,0.4,0.04,0.04,0.66,0.89,TREND-DOWN
2026-09-28,M5,ABB,SELL,SELL-EX5,205,09:30,570,6933.0,37,,0,0,M5 gate: spurt 37 · movers N — need both,0.895,-1.694,CAPGOODS,,,,,,,TREND-DOWN day,,,,,,-317,-0.41,OPEN,0.23,0.65,0.23,0.23,-0.57,0.89,TREND-DOWN
2026-09-28,M5,ABCAPITAL,SELL,SELL-EX3,203,09:30,570,381.7,6,,0,0,M5 gate: spurt 6 · movers N — need both,0.895,-2.128,FIN,,,,,,,TREND-DOWN day,,,,,,-168,-0.14,OPEN,0.13,0.39,0.13,0.13,-0.26,0.89,TREND-DOWN
2026-09-28,M5,ADANIENSOL,SELL,SELL-EX1,201,10:20,620,1311.5,94,,0,0,M5 gate: spurt 94 · movers N — need both,0.895,-2.017,ENE,,,,,,,TREND-DOWN day,,,,,,855,2.1,OPEN,2.47,0.49,0.48,0.76,1.8,0.89,TREND-DOWN
2026-09-28,M5,ADANIENT,SELL,SELL-EX1,201,10:20,620,2846.6,47,,0,0,M5 gate: spurt 47 · movers N — need both,0.895,-2.397,INFRA,,,,,,,TREND-DOWN day,,,,,,222,0.5,OPEN,1.13,0.52,0.2,0.41,0.54,0.89,TREND-DOWN
2026-09-28,M5,ADANIPORTS,SELL,SELL-EX3,203,09:30,570,1770.0,161,,0,0,M5 gate: spurt 161 · movers N — need both,0.895,-1.007,LOGISTICS,,,,,,,TREND-DOWN day,,,,,,712,1.29,100% trail 13:35,1.5,0.23,0.19,0.51,1.49,0.89,TREND-DOWN
2026-09-28,M5,ADANIPOWER,SELL,SELL-EX1,201,10:05,605,200.15,64,,0,0,M5 gate: spurt 64 · movers N — need both,0.895,-1.282,ENE,,,,,,,TREND-DOWN day,,,,,,956,1.19,OPEN,1.41,0.15,0.54,0.58,2.0,0.89,TREND-DOWN
2026-09-28,M5,ALKEM,SELL,SELL-EX5,205,10:05,605,5219.0,124,,0,0,M5 gate: spurt 124 · movers N — need both,0.895,-1.043,PHA,,,,,,,TREND-DOWN day,,,,,,356,1.16,OPEN,2.16,0.68,0.96,0.96,0.84,0.89,TREND-DOWN
2026-09-28,M5,AMBER,SELL,NORMAL SELL,280,10:25,625,6896.0,186,,0,0,M5 gate: spurt 186 · movers N — need both,0.895,-0.92,CDUR,,,,,,,TREND-DOWN day,,,,,,-501,-1.0,100% SL 11:00,0.25,2.4,0.25,0.25,-1.36,0.89,TREND-DOWN
2026-09-28,M5,AMBUJACEM,SELL,SELL-EX3,203,09:30,570,378.7,144,,0,0,M5 gate: spurt 144 · movers N — need both,0.895,-1.329,CEMENT,,,,,,,TREND-DOWN day,,,,,,532,0.84,OPEN,0.91,0.35,0.33,0.33,1.15,0.89,TREND-DOWN
2026-09-28,M5,APLAPOLLO,SELL,SELL-EX8,208,09:40,580,2188.3,121,,0,0,M5 gate: spurt 121 · movers N — need both,0.895,-1.192,MET,,,,,,,TREND-DOWN day,,,,,,-232,-0.4,OPEN,0.59,0.53,-0.0,0.29,-0.4,0.89,TREND-DOWN
2026-09-28,M5,ASIANPAINT,SELL,SELL-EX1,201,09:35,575,2417.0,152,,0,0,"EX1/EX2 at open blocked — razor class, allowed from 09:45",0.895,-1.105,CHEMICALS,,,,,,,TREND-DOWN day,,,,,,-101,-0.15,OPEN,0.13,0.71,0.04,0.04,-0.12,0.89,TREND-DOWN
2026-09-28,M5,ASTRAL,SELL,SELL-EX12,212,09:30,570,1375.0,12,,0,0,weak EX variant (EX9+) blocked — B2 (GHOST-shadowed EOD),0.895,-1.716,BUILDMAT,,,,,,,TREND-DOWN day,,,,,,120,0.25,OPEN,0.62,0.21,0.24,0.42,0.33,0.89,TREND-DOWN
2026-09-28,M5,AUBANK,SELL,SELL-EX8,208,09:30,570,1002.4,135,,0,0,M5 gate: spurt 135 · movers N — need both,0.895,-1.532,BANK,,,,,,,TREND-DOWN day,,,,,,307,0.7,OPEN,0.7,0.09,0.41,0.47,0.71,0.89,TREND-DOWN
2026-09-28,M5,AUROPHARMA,SELL,NORMAL SELL,280,10:05,605,1694.0,66,,0,0,M5 gate: spurt 66 · movers N — need both,0.895,-1.051,PHA,,,,,,,TREND-DOWN day,,,,,,-143,-0.31,OPEN,0.62,0.89,0.62,0.62,-0.21,0.89,TREND-DOWN
2026-09-28,M5,AXISBANK,SELL,ENTRY SELL,290,09:35,575,1210.1,11,,0,0,"scanner-table preview (90/290) — no chart label, blocked",0.895,-1.006,BANK,,,,,,,TREND-DOWN day,,,,,,-34,0.03,OPEN,0.67,0.54,0.26,0.26,0.02,0.89,TREND-DOWN
2026-09-28,M5,BAJAJ-AUTO,SELL,SELL-EX3,203,09:35,575,11145.0,79,,0,0,M5 gate: spurt 79 · movers N — need both,0.895,-1.206,AUTO,,,,,,,TREND-DOWN day,,,,,,253,0.74,100% trail 13:30,1.7,0.27,0.29,0.4,1.09,0.89,TREND-DOWN
2026-09-28,M5,BAJAJFINSV,SELL,SELL-EX3,203,09:30,570,1743.0,195,,0,0,M5 gate: spurt 195 · movers N — need both,0.895,-1.581,FIN,,,,,,,TREND-DOWN day,,,,,,-293,-0.34,OPEN,0.13,0.65,0.13,0.13,-0.52,0.89,TREND-DOWN
2026-09-28,M5,BAJAJFINSV,SELL,ENTRY SELL,290,09:35,575,1741.0,195,,0,0,"scanner-table preview (90/290) — no chart label, blocked",0.895,-1.694,FIN,,,,,,,TREND-DOWN day,,,,,,-349,-0.39,OPEN,0.05,0.67,0.05,0.05,-0.63,0.89,TREND-DOWN
2026-09-28,M5,BANDHANBNK,SELL,SELL-EX1,201,09:35,575,184.24,120,,0,0,"EX1/EX2 at open blocked — razor class, allowed from 09:45",0.895,-1.843,BANK,,,,,,,TREND-DOWN day,,,,,,836,1.27,OPEN,1.43,0.68,0.07,0.15,1.76,0.89,TREND-DOWN
2026-09-28,M5,BANKBARODA,SELL,SELL-EX3,203,09:30,570,232.03,38,,0,0,M5 gate: spurt 38 · movers N — need both,0.895,-1.373,PSUBK,,,,,,,TREND-DOWN day,,,,,,520,0.96,100% trail 13:40,1.53,0.12,0.2,0.45,1.95,0.89,TREND-DOWN
2026-09-28,M5,BDL,SELL,SELL-EX3,203,09:35,575,1121.6,139,,0,0,M5 gate: spurt 139 · movers N — need both,0.895,-1.614,DEF,,,,,,,TREND-DOWN day,,,,,,248,0.38,OPEN,0.58,0.47,0.14,0.14,0.59,0.89,TREND-DOWN
2026-09-28,M5,BEL,SELL,SELL-EX1,201,10:25,625,386.8,113,,0,0,M5 gate: spurt 113 · movers N — need both,0.895,-1.715,DEF,,,,,,,TREND-DOWN day,,,,,,126,0.2,OPEN,0.42,0.2,0.22,0.38,0.34,0.89,TREND-DOWN
2026-09-28,M5,BHARATFORG,SELL,SELL-EX1,201,10:15,615,1980.9,126,,0,0,M5 gate: spurt 126 · movers N — need both,0.895,-1.35,AUTO,,,,,,,TREND-DOWN day,,,,,,113,0.81,100% trail 13:10,2.98,0.36,0.17,0.8,1.21,0.89,TREND-DOWN
2026-09-28,M5,BHARTIARTL,SELL,ENTRY SELL,290,09:35,575,1765.4,32,,0,0,"scanner-table preview (90/290) — no chart label, blocked",0.895,-1.12,TELECOM,,,,,,,TREND-DOWN day,,,,,,-369,-1.0,100% SL 11:10,0.17,1.88,0.17,0.17,-0.34,0.89,TREND-DOWN
2026-09-28,M5,BIOCON,SELL,SELL-EX5,205,09:30,570,376.15,85,,0,0,M5 gate: spurt 85 · movers N — need both,0.895,-1.57,PHA,,,,,,,TREND-DOWN day,,,,,,123,0.25,OPEN,0.38,0.7,0.21,0.21,0.33,0.89,TREND-DOWN
2026-09-28,M5,BOSCHLTD,SELL,SELL-EX1,201,10:15,615,47440.0,132,,0,0,M5 gate: spurt 132 · movers N — need both,0.895,-1.679,AUTO,,,,,,,TREND-DOWN day,,,,,,380,0.74,OPEN,0.93,0.28,0.3,0.4,0.89,0.89,TREND-DOWN
2026-09-28,M5,BPCL,SELL,SELL-EX3,203,09:30,570,304.35,158,,0,0,M5 gate: spurt 158 · movers N — need both,0.895,-1.345,OIL,,,,,,,TREND-DOWN day,,,,,,302,0.6,OPEN,0.95,0.63,0.33,0.33,0.69,0.89,TREND-DOWN
2026-09-28,M5,BRITANNIA,SELL,ENTRY SELL,290,09:35,575,4880.5,92,,0,0,"scanner-table preview (90/290) — no chart label, blocked",0.895,-1.154,FMCG,,,,,,,TREND-DOWN day,,,,,,-386,-0.7,OPEN,0.23,0.7,0.06,0.11,-0.71,0.89,TREND-DOWN
2026-09-28,M5,BSE,SELL,SELL-EX1,201,09:30,570,3121.5,190,,0,0,"EX1/EX2 at open blocked — razor class, allowed from 09:45",0.895,-2.193,CAPMKTS,,,,,,,TREND-DOWN day,,,,,,321,0.42,OPEN,0.8,0.91,0.17,0.17,0.77,0.89,TREND-DOWN
2026-09-28,M5,CAMS,SELL,SELL-EX6,206,09:35,575,700.05,193,,0,0,M5 gate: spurt 193 · movers N — need both,0.895,-1.032,CAPMKTS,,,,,,,TREND-DOWN day,,,,,,562,1.16,OPEN,1.31,0.44,0.41,0.41,1.21,0.89,TREND-DOWN
2026-09-28,M5,CDSL,SELL,SELL-EX3,203,09:30,570,1301.9,196,,0,0,M5 gate: spurt 196 · movers N — need both,0.895,-1.222,CAPMKTS,,,,,,,TREND-DOWN day,,,,,,448,0.84,OPEN,1.0,0.44,0.49,0.49,0.99,0.89,TREND-DOWN
2026-09-28,M5,CGPOWER,SELL,SELL-EX3,203,09:30,570,870.2,178,,0,0,M5 gate: spurt 178 · movers N — need both,0.895,-1.783,CAPGOODS,,,,,,,TREND-DOWN day,,,,,,254,0.41,OPEN,0.5,0.66,0.05,0.05,0.6,0.89,TREND-DOWN
2026-09-28,M5,CHOLAFIN,SELL,SELL-EX3,203,09:30,570,1623.6,53,,0,0,M5 gate: spurt 53 · movers N — need both,0.895,-2.352,FIN,,,,,,,TREND-DOWN day,,,,,,-287,-0.29,OPEN,0.07,0.52,0.07,0.07,-0.65,0.89,TREND-DOWN
2026-09-28,M5,CIPLA,SELL,NORMAL SELL,280,09:45,585,1391.0,170,,0,0,M5 gate: spurt 170 · movers N — need both,0.895,-0.622,PHA,,,,,,,TREND-DOWN day,,,,,,215,0.81,OPEN,0.89,0.4,0.56,0.77,0.52,0.89,TREND-DOWN
2026-09-28,M5,COCHINSHIP,SELL,ENTRY SELL,290,09:30,570,1354.3,205,,0,0,"scanner-table preview (90/290) — no chart label, blocked",0.895,-1.649,DEF,,,,,,,TREND-DOWN day,,,,,,870,1.46,OPEN,1.55,0.26,0.18,0.23,1.87,0.89,TREND-DOWN
2026-09-28,M5,COCHINSHIP,SELL,NORMAL SELL,280,10:25,625,1351.3,205,,0,0,M5 gate: spurt 205 · movers N — need both,0.895,-1.866,DEF,,,,,,,TREND-DOWN day,,,,,,783,2.83,OPEN,3.05,0.64,0.15,0.42,1.65,0.89,TREND-DOWN
2026-09-28,M5,COLPAL,SELL,SELL-EX8,208,09:30,570,1836.6,172,,0,0,M5 gate: spurt 172 · movers N — need both,0.895,-1.035,FMCG,,,,,,,TREND-DOWN day,,,,,,-514,-1.0,100% SL 12:00,0.61,1.35,0.11,0.11,-0.51,0.89,TREND-DOWN
2026-09-28,M5,CONCOR,SELL,SELL-EX5,205,09:30,570,456.0,157,,0,0,M5 gate: spurt 157 · movers N — need both,0.895,-1.192,LOGISTICS,,,,,,,TREND-DOWN day,,,,,,137,0.46,100% trail 12:25,1.45,0.2,0.51,0.51,1.32,0.89,TREND-DOWN
2026-09-28,M5,CUMMINSIND,SELL,SELL-EX1,201,10:15,615,4868.0,8,,0,0,M5 gate: spurt 8 · movers N — need both,0.895,-1.557,CAPGOODS,,,,,,,TREND-DOWN day,,,,,,214,1.31,100% trail 15:10,2.07,0.76,0.57,0.57,0.27,0.89,TREND-DOWN
2026-09-28,M5,DABUR,SELL,SELL-EX1,201,09:35,575,382.55,118,,0,0,"EX1/EX2 at open blocked — razor class, allowed from 09:45",0.895,-0.791,FMCG,,,,,,,TREND-DOWN day,,,,,,-325,-1.0,100% SL 09:45,0.3,2.02,0.3,0.3,-0.84,0.89,TREND-DOWN
2026-09-28,M5,DALBHARAT,SELL,SELL-EX5,205,09:35,575,1679.1,,,0,0,M5 gate: spurt - · movers Y — need both,0.895,-0.645,CEMENT,,,,,,,TREND-DOWN day,,,,,,261,0.61,100% trail 13:15,1.47,0.69,0.0,1.32,1.37,0.89,TREND-DOWN
2026-09-28,M5,DIXON,SELL,ENTRY SELL,290,09:30,570,13251.0,169,,0,0,"scanner-table preview (90/290) — no chart label, blocked",0.895,-1.038,CDUR,,,,,,,TREND-DOWN day,,,,,,-336,-1.0,100% SL 09:50,0.15,5.81,0.15,0.15,-2.94,0.89,TREND-DOWN
2026-09-28,M5,DLF,SELL,SELL-EX3,203,09:30,570,666.55,145,,0,0,M5 gate: spurt 145 · movers N — need both,0.895,-2.408,REALTY,,,,,,,TREND-DOWN day,,,,,,183,0.33,OPEN,0.33,0.59,0.21,0.21,0.45,0.89,TREND-DOWN
2026-09-28,M5,EICHERMOT,SELL,SELL-EX3,203,09:30,570,7279.5,41,,0,0,M5 gate: spurt 41 · movers N — need both,0.895,-1.094,AUTO,,,,,,,TREND-DOWN day,,,,,,157,1.02,100% trail 12:50,2.35,0.31,0.29,1.0,0.91,0.89,TREND-DOWN
2026-09-28,M5,ETERNAL,SELL,ENTRY SELL,290,09:35,575,331.15,117,,0,0,"scanner-table preview (90/290) — no chart label, blocked",0.895,-1.149,NEWAGE,,,,,,,TREND-DOWN day,,,,,,-12,0.05,OPEN,0.6,0.43,0.15,0.15,0.06,0.89,TREND-DOWN
2026-09-28,M5,EXIDEIND,SELL,SELL-EX3,203,09:35,575,417.0,,,0,0,M5 gate: spurt - · movers N — need both,0.895,-1.57,AUTO,,,,,,,TREND-DOWN day,,,,,,571,0.95,100% EOD 15:20,1.06,0.56,0.11,0.11,1.34,0.89,TREND-DOWN
2026-09-28,M5,FORCEMOT,BUY,BUY-EX6,105,10:00,600,17327.0,133,,0,0,M5 gate: spurt 133 · movers N — need both,0.895,-0.351,AUTO,,,,,,,TREND-DOWN day,,,,,,-482,-1.0,100% SL 11:10,0.12,1.34,0.12,0.12,-1.31,0.89,TREND-DOWN
2026-09-28,M5,FORTIS,SELL,SELL-EX12,212,09:30,570,825.1,15,,0,0,weak EX variant (EX9+) blocked — B2 (GHOST-shadowed EOD),0.895,-1.522,HOSPITALS,,,,,,,TREND-DOWN day,,,,,,-381,-0.38,OPEN,0.51,0.71,0.31,0.51,-0.68,0.89,TREND-DOWN
2026-09-28,M5,FORTIS,SELL,SELL-EX1,201,10:15,615,819.65,15,,0,0,M5 gate: spurt 15 · movers N — need both,0.895,-2.172,HOSPITALS,,,,,,,TREND-DOWN day,,,,,,-642,-1.0,100% SL 13:15,0.24,1.76,0.24,0.24,-1.35,0.89,TREND-DOWN
2026-09-28,M5,GAIL,SELL,SELL-EX2,202,10:20,620,171.56,54,,0,0,M5 gate: spurt 54 · movers N — need both,0.895,-0.66,OIL,,,,,,,TREND-DOWN day,,,,,,-301,-0.29,OPEN,0.17,0.39,0.17,0.17,-0.52,0.89,TREND-DOWN
2026-09-28,M5,GLENMARK,SELL,SELL-EX19,219,10:15,615,2341.6,34,,0,0,weak EX variant (EX9+) blocked — B2 (GHOST-shadowed EOD),0.895,-1.613,PHA,,,,,,,TREND-DOWN day,,,,,,213,1.06,100% trail 15:10,2.05,0.8,0.89,0.89,0.68,0.89,TREND-DOWN
2026-09-28,M5,GMRAIRPORT,SELL,SELL-EX3,203,09:30,570,96.19,187,,0,0,M5 gate: spurt 187 · movers N — need both,0.895,-1.797,INFRA,,,,,,,TREND-DOWN day,,,,,,811,1.52,100% trail 14:55,1.87,0.46,0.13,0.13,1.5,0.89,TREND-DOWN
2026-09-28,M5,GODREJCP,SELL,SELL-EX3,203,09:30,570,862.65,201,,0,0,M5 gate: spurt 201 · movers N — need both,0.895,-1.972,FMCG,,,,,,,TREND-DOWN day,,,,,,-346,-0.41,OPEN,0.23,0.6,0.13,0.17,-0.62,0.89,TREND-DOWN
2026-09-28,M5,GODREJPROP,SELL,SELL-EX1,201,09:30,570,1679.2,44,,0,0,"EX1/EX2 at open blocked — razor class, allowed from 09:45",0.895,-1.229,REALTY,,,,,,,TREND-DOWN day,,,,,,232,0.45,OPEN,0.59,0.51,0.14,0.28,0.56,0.89,TREND-DOWN
2026-09-28,M5,GRASIM,SELL,SELL-EX1,201,10:20,620,3147.1,150,,0,0,M5 gate: spurt 150 · movers N — need both,0.895,-1.376,CEMENT,,,,,,,TREND-DOWN day,,,,,,-84,-0.2,OPEN,0.63,0.71,0.49,0.49,-0.09,0.89,TREND-DOWN
2026-09-28,M5,GVT&D,SELL,SELL-EX3,203,09:35,575,4220.7,141,,0,0,M5 gate: spurt 141 · movers N — need both,0.895,-1.386,CAPGOODS,,,,,,,TREND-DOWN day,,,,,,156,0.29,OPEN,0.72,0.46,0.04,0.04,0.42,0.89,TREND-DOWN
2026-09-28,M5,HAL,SELL,SELL-EX3,203,09:30,570,4725.0,183,,0,0,M5 gate: spurt 183 · movers N — need both,0.895,-1.562,DEF,,,,,,,TREND-DOWN day,,,,,,-547,-1.0,100% SL 10:00,0.09,1.15,0.07,0.07,-0.28,0.89,TREND-DOWN
2026-09-28,M5,HAVELLS,SELL,SELL-EX3,203,09:30,570,1082.7,88,,0,0,M5 gate: spurt 88 · movers N — need both,0.895,-1.259,CDUR,,,,,,,TREND-DOWN day,,,,,,-148,-0.18,OPEN,0.63,0.4,0.12,0.34,-0.21,0.89,TREND-DOWN
2026-09-28,M5,HCLTECH,SELL,ENTRY SELL,290,09:40,580,1251.6,131,,0,0,"scanner-table preview (90/290) — no chart label, blocked",0.895,-0.509,IT,,,,,,,TREND-DOWN day,,,,,,-521,-1.0,100% SL 14:05,0.88,1.36,0.28,0.28,-0.08,0.89,TREND-DOWN
2026-09-28,M5,HDFCBANK,SELL,SELL-EX12,212,09:35,575,724.4,86,,0,0,weak EX variant (EX9+) blocked — B2 (GHOST-shadowed EOD),0.895,-1.523,BANK,,,,,,,TREND-DOWN day,,,,,,327,0.63,OPEN,0.72,0.07,0.33,0.33,0.74,0.89,TREND-DOWN
2026-09-28,M5,HDFCLIFE,SELL,ENTRY SELL,290,09:30,570,530.05,107,,0,0,"scanner-table preview (90/290) — no chart label, blocked",0.895,-0.179,INSURANCE,,,,,,,TREND-DOWN day,,,,,,60,0.57,100% trail 10:45,1.47,1.61,0.58,0.96,-0.29,0.89,TREND-DOWN
2026-09-28,M5,HINDALCO,SELL,SELL-EX12,212,09:30,570,953.4,75,,0,0,weak EX variant (EX9+) blocked — B2 (GHOST-shadowed EOD),0.895,-2.416,MET,,,,,,,TREND-DOWN day,,,,,,-172,-0.19,OPEN,0.16,0.89,0.16,0.16,-0.26,0.89,TREND-DOWN
2026-09-28,M5,HINDPETRO,SELL,SELL-EX3,203,09:30,570,345.95,101,,0,0,M5 gate: spurt 101 · movers N — need both,0.895,-1.439,OIL,,,,,,,TREND-DOWN day,,,,,,462,1.48,OPEN,2.13,0.57,0.65,0.65,1.01,0.89,TREND-DOWN
2026-09-28,M5,HINDUNILVR,SELL,SELL-EX3,203,09:30,570,1910.1,31,,0,0,M5 gate: spurt 31 · movers N — need both,0.895,-1.688,FMCG,,,,,,,TREND-DOWN day,,,,,,325,0.6,OPEN,0.69,0.28,0.1,0.1,0.74,0.89,TREND-DOWN
2026-09-28,M5,HYUNDAI,SELL,SELL-EX8,208,09:30,570,2083.2,104,,0,0,M5 gate: spurt 104 · movers N — need both,0.895,-1.504,AUTO,,,,,,,TREND-DOWN day,,,,,,611,0.99,100% trail 14:05,1.45,0.33,0.14,0.38,1.56,0.89,TREND-DOWN
2026-09-28,M5,ICICIBANK,SELL,SELL-EX3,203,09:30,570,1309.8,20,,0,0,M5 gate: spurt 20 · movers N — need both,0.895,-1.281,BANK,,,,,,,TREND-DOWN day,,,,,,254,0.63,OPEN,0.78,0.22,0.69,0.71,0.6,0.89,TREND-DOWN
2026-09-28,M5,ICICIGI,SELL,SELL-EX5,205,09:30,570,1535.5,206,,0,0,M5 gate: spurt 206 · movers N — need both,0.895,-1.171,INSURANCE,,,,,,,TREND-DOWN day,,,,,,-507,-1.0,100% SL 12:50,0.71,1.78,0.41,0.71,-0.29,0.89,TREND-DOWN
2026-09-28,M5,ICICIGI,SELL,ENTRY SELL,290,09:35,575,1533.8,206,,0,0,"scanner-table preview (90/290) — no chart label, blocked",0.895,-1.281,INSURANCE,,,,,,,TREND-DOWN day,,,,,,-561,-1.0,100% SL 12:50,0.51,1.69,0.51,0.51,-0.4,0.89,TREND-DOWN
2026-09-28,M5,INDHOTEL,SELL,SELL-EX3,203,09:30,570,712.25,23,,0,0,M5 gate: spurt 23 · movers N — need both,0.895,-2.002,TRAVEL,,,,,,,TREND-DOWN day,,,,,,46,0.15,OPEN,0.23,0.92,0.08,0.08,0.18,0.89,TREND-DOWN
2026-09-28,M5,INDIANB,SELL,SELL-EX3,203,09:35,575,823.1,181,,0,0,M5 gate: spurt 181 · movers N — need both,0.895,-1.07,PSUBK,,,,,,,TREND-DOWN day,,,,,,1197,2.28,OPEN,2.35,0.37,0.23,0.44,2.51,0.89,TREND-DOWN
2026-09-28,M5,INDIGO,SELL,NORMAL SELL,280,10:15,615,4880.0,136,,0,0,M5 gate: spurt 136 · movers N — need both,0.895,-1.215,TRAVEL,,,,,,,TREND-DOWN day,,,,,,-76,0.05,100% trail 11:40,1.82,1.37,0.47,1.69,0.11,0.89,TREND-DOWN
2026-09-28,M5,INDUSINDBK,SELL,SELL-EX1,201,09:35,575,897.4,51,,0,0,"EX1/EX2 at open blocked — razor class, allowed from 09:45",0.895,-1.622,BANK,,,,,,,TREND-DOWN day,,,,,,-653,-1.0,100% SL 13:25,0.75,1.35,0.07,0.27,-1.37,0.89,TREND-DOWN
2026-09-28,M5,INFY,SELL,SELL-EX1,201,09:40,580,990.8,77,,0,0,"EX1/EX2 at open blocked — razor class, allowed from 09:45",0.895,-0.94,IT,,,,,,,TREND-DOWN day,,,,,,-758,-1.0,100% SL 13:15,0.31,1.4,0.07,0.31,-1.25,0.89,TREND-DOWN
2026-09-28,M5,INOXWIND,SELL,SELL-EX8,208,09:30,570,73.47,173,,0,0,M5 gate: spurt 173 · movers N — need both,0.895,-1.712,GREEN,,,,,,,TREND-DOWN day,,,,,,958,1.3,OPEN,1.3,0.45,0.04,0.07,2.0,0.89,TREND-DOWN
2026-09-28,M5,IOC,SELL,SELL-EX12,212,09:35,575,133.84,156,,0,0,weak EX variant (EX9+) blocked — B2 (GHOST-shadowed EOD),0.895,-1.371,OIL,,,,,,,TREND-DOWN day,,,,,,152,0.34,OPEN,0.52,0.41,0.08,0.12,0.39,0.89,TREND-DOWN
2026-09-28,M5,IREDA,BUY,BUY-EX6,105,10:00,600,113.87,159,,0,0,M5 gate: spurt 159 · movers N — need both,0.895,0.574,FIN,,,,,,,TREND-DOWN day,,,,,,318,0.46,100% trail 13:10,1.73,0.64,0.23,0.23,0.83,0.89,TREND-DOWN
2026-09-28,M5,IRFC,SELL,SELL-EX3,203,09:30,570,78.6,162,,0,0,M5 gate: spurt 162 · movers N — need both,0.895,-1.689,RAILWAYS,,,,,,,TREND-DOWN day,,,,,,-10,0.04,OPEN,0.15,0.99,0.04,0.04,0.06,0.89,TREND-DOWN
2026-09-28,M5,ITC,SELL,SELL-EX8,208,09:30,570,267.0,180,,0,0,M5 gate: spurt 180 · movers N — need both,0.895,-0.743,FMCG,,,,,,,TREND-DOWN day,,,,,,295,0.76,OPEN,0.77,0.15,0.19,0.72,0.67,0.89,TREND-DOWN
2026-09-28,M5,JIOFIN,SELL,SELL-EX3,203,09:30,570,223.85,93,,0,0,M5 gate: spurt 93 · movers N — need both,0.895,-1.388,FIN,,,,,,,TREND-DOWN day,,,,,,673,1.14,100% trail 15:15,1.58,0.15,0.42,0.42,1.5,0.89,TREND-DOWN
2026-09-28,M5,JSWENERGY,SELL,SELL-EX3,203,09:30,570,499.5,4,,0,0,M5 gate: spurt 4 · movers N — need both,0.895,-1.392,ENE,,,,,,,TREND-DOWN day,,,,,,-594,-1.0,100% SL 12:30,1.02,1.09,0.18,0.69,0.9,0.89,TREND-DOWN
2026-09-28,M5,JSWSTEEL,SELL,SELL-EX3,203,09:30,570,1265.3,140,,0,0,M5 gate: spurt 140 · movers N — need both,0.895,-0.916,MET,,,,,,,TREND-DOWN day,,,,,,5,0.1,OPEN,0.97,0.74,0.33,0.33,0.09,0.89,TREND-DOWN
2026-09-28,M5,KAYNES,SELL,SELL-EX1,201,10:05,605,3592.0,197,,0,0,M5 gate: spurt 197 · movers N — need both,0.895,-1.589,CAPGOODS,,,,,,,TREND-DOWN day,,,,,,-542,-1.0,100% SL 11:35,0.06,2.91,0.06,0.06,-1.84,0.89,TREND-DOWN
2026-09-28,M5,KEI,SELL,SELL-EX12,212,09:35,575,4594.0,160,,0,0,weak EX variant (EX9+) blocked — B2 (GHOST-shadowed EOD),0.895,-1.701,CAPGOODS,,,,,,,TREND-DOWN day,,,,,,741,1.28,OPEN,1.33,0.37,0.06,0.12,1.7,0.89,TREND-DOWN
2026-09-28,M5,KFINTECH,SELL,ENTRY SELL,290,09:35,575,876.05,203,,0,0,"scanner-table preview (90/290) — no chart label, blocked",0.895,-1.435,CAPMKTS,,,,,,,TREND-DOWN day,,,,,,-498,-0.62,OPEN,0.14,0.88,0.14,0.14,-0.91,0.89,TREND-DOWN
2026-09-28,M5,KOTAKBANK,SELL,SELL-EX3,203,09:35,575,396.4,60,,0,0,M5 gate: spurt 60 · movers N — need both,0.895,-1.881,BANK,,,,,,,TREND-DOWN day,,,,,,-805,-1.0,100% SL 14:00,0.07,1.28,0.07,0.07,-1.3,0.89,TREND-DOWN
2026-09-28,M5,KPITTECH,SELL,SELL-EX8,208,09:40,580,510.9,194,,0,0,M5 gate: spurt 194 · movers N — need both,0.895,-1.637,IT,,,,,,,TREND-DOWN day,,,,,,142,0.26,OPEN,0.67,0.4,0.01,0.07,0.37,0.89,TREND-DOWN
2026-09-28,M5,LAURUSLABS,BUY,BUY-EX9,108,09:50,590,2006.0,125,,0,0,weak EX variant (EX9+) blocked — B2 (GHOST-shadowed EOD),0.895,-0.05,PHA,,,,,,,TREND-DOWN day,,,,,,83,0.22,OPEN,0.3,0.59,0.29,0.29,0.23,0.89,TREND-DOWN
2026-09-28,M5,LICI,SELL,SELL-EX1,201,09:30,570,403.5,165,,0,0,"EX1/EX2 at open blocked — razor class, allowed from 09:45",0.895,-1.357,INSURANCE,,,,,,,TREND-DOWN day,,,,,,309,0.62,OPEN,0.64,0.56,0.23,0.26,0.71,0.89,TREND-DOWN
2026-09-28,M5,LODHA,SELL,SELL-EX3,203,09:35,575,1135.2,102,,0,0,M5 gate: spurt 102 · movers N — need both,0.895,-2.558,REALTY,,,,,,,TREND-DOWN day,,,,,,531,0.64,OPEN,0.7,0.24,0.11,0.2,1.59,0.89,TREND-DOWN
2026-09-28,M5,LT,SELL,SELL-EX3,203,09:30,570,3828.6,26,,0,0,M5 gate: spurt 26 · movers N — need both,0.895,-1.228,INFRA,,,,,,,TREND-DOWN day,,,,,,767,2.22,OPEN,2.22,0.45,0.15,0.31,1.62,0.89,TREND-DOWN
2026-09-28,M5,LTF,SELL,SELL-EX3,203,09:30,570,278.4,110,,0,0,M5 gate: spurt 110 · movers N — need both,0.895,-1.972,FIN,,,,,,,TREND-DOWN day,,,,,,-923,-1.0,100% SL 11:50,0.09,1.08,0.09,0.09,-0.88,0.89,TREND-DOWN
2026-09-28,M5,LTM,SELL,SELL-EX8,208,09:40,580,4023.1,128,,0,0,M5 gate: spurt 128 · movers N — need both,0.895,-1.467,IT,,,,,,,TREND-DOWN day,,,,,,-815,-1.0,100% SL 11:00,0.05,1.8,0.05,0.05,-1.7,0.89,TREND-DOWN
2026-09-28,M5,LUPIN,SELL,SELL-EX1,201,09:35,575,2078.6,148,,0,0,"EX1/EX2 at open blocked — razor class, allowed from 09:45",0.895,-0.641,PHA,,,,,,,TREND-DOWN day,,,,,,185,0.64,100% trail 12:25,1.27,0.29,0.63,0.76,0.8,0.89,TREND-DOWN
2026-09-28,M5,M&M,SELL,SELL-EX8,208,09:30,570,2990.7,87,,0,0,M5 gate: spurt 87 · movers N — need both,0.895,-1.46,AUTO,,,,,,,TREND-DOWN day,,,,,,-109,-0.15,OPEN,0.43,0.5,0.15,0.15,-0.14,0.89,TREND-DOWN
2026-09-28,M5,MANKIND,SELL,SELL-EX8,208,10:15,615,2464.0,99,,0,0,M5 gate: spurt 99 · movers N — need both,0.895,-0.44,PHA,,,,,,,TREND-DOWN day,,,,,,175,1.01,100% trail 12:25,2.18,0.52,0.79,1.46,1.15,0.89,TREND-DOWN
2026-09-28,M5,MARICO,SELL,SELL-EX1,201,09:55,595,807.7,57,,0,0,M5 gate: spurt 57 · movers N — need both,0.895,-1.38,FMCG,,,,,,,TREND-DOWN day,,,,,,-380,-0.8,OPEN,0.46,0.8,0.1,0.38,-0.69,0.89,TREND-DOWN
2026-09-28,M5,MARUTI,SELL,SELL-EX8,208,09:35,575,11985.0,129,,0,0,M5 gate: spurt 129 · movers N — need both,0.895,-0.663,AUTO,,,,,,,TREND-DOWN day,,,,,,-132,-0.17,OPEN,0.3,0.7,0.03,0.03,-0.19,0.89,TREND-DOWN
2026-09-28,M5,MAZDOCK,SELL,SELL-EX3,203,09:30,570,2155.7,198,,0,0,M5 gate: spurt 198 · movers N — need both,0.895,-1.996,DEF,,,,,,,TREND-DOWN day,,,,,,365,0.48,OPEN,0.66,0.46,0.02,0.02,0.82,0.89,TREND-DOWN
2026-09-28,M5,MFSL,SELL,SELL-EX1,201,10:15,615,1443.8,192,,0,0,M5 gate: spurt 192 · movers N — need both,0.895,-0.974,INSURANCE,,,,,,,TREND-DOWN day,,,,,,-48,-0.02,OPEN,0.95,0.93,0.24,0.72,-0.01,0.89,TREND-DOWN
2026-09-28,M5,MOTILALOFS,SELL,SELL-EX3,203,09:30,570,1002.6,199,,0,0,M5 gate: spurt 199 · movers N — need both,0.895,-2.566,CAPMKTS,,,,,,,TREND-DOWN day,,,,,,-354,-0.37,OPEN,0.11,0.65,0.11,0.11,-0.9,0.89,TREND-DOWN
2026-09-28,M5,MPHASIS,SELL,SELL-EX2,202,09:40,580,2218.2,48,,0,0,"EX1/EX2 at open blocked — razor class, allowed from 09:45",0.895,-0.707,IT,,,,,,,TREND-DOWN day,,,,,,-466,-0.7,OPEN,0.39,0.82,0.11,0.39,-0.87,0.89,TREND-DOWN
2026-09-28,M5,MUTHOOTFIN,SELL,SELL-EX12,212,09:30,570,2776.6,80,,0,0,weak EX variant (EX9+) blocked — B2 (GHOST-shadowed EOD),0.895,-2.06,FIN,,,,,,,TREND-DOWN day,,,,,,257,0.56,OPEN,0.65,0.82,0.23,0.23,0.6,0.89,TREND-DOWN
2026-09-28,M5,NBCC,SELL,SELL-EX3,203,09:30,570,81.26,164,,0,0,M5 gate: spurt 164 · movers N — need both,0.895,-1.931,PSE,,,,,,,TREND-DOWN day,,,,,,604,0.99,OPEN,1.18,0.38,0.34,0.34,1.29,0.89,TREND-DOWN
2026-09-28,M5,NHPC,SELL,SELL-EX3,203,09:35,575,75.14,106,,0,0,M5 gate: spurt 106 · movers N — need both,0.895,-1.132,ENE,,,,,,,TREND-DOWN day,,,,,,328,0.87,100% trail 14:55,1.14,0.35,0.01,0.11,0.85,0.89,TREND-DOWN
2026-09-28,M5,NMDC,SELL,SELL-EX3,203,09:30,570,79.29,96,,0,0,M5 gate: spurt 96 · movers N — need both,0.895,-0.763,MET,,,,,,,TREND-DOWN day,,,,,,1057,1.22,OPEN,1.22,0.3,0.22,0.23,2.35,0.89,TREND-DOWN
2026-09-28,M5,NTPC,SELL,SELL-EX3,203,09:35,575,323.1,76,,0,0,M5 gate: spurt 76 · movers N — need both,0.895,-1.072,ENE,,,,,,,TREND-DOWN day,,,,,,266,0.59,OPEN,0.86,0.34,0.22,0.46,0.62,0.89,TREND-DOWN
2026-09-28,M5,NUVAMA,SELL,SELL-EX12,212,09:35,575,1612.4,,,0,0,weak EX variant (EX9+) blocked — B2 (GHOST-shadowed EOD),0.895,-4.104,CAPMKTS,,,,,,,TREND-DOWN day,,,,,,-459,-0.48,100% EOD 15:20,0.13,0.77,0.1,0.13,-0.98,0.89,TREND-DOWN
2026-09-28,M5,OBEROIRLTY,SELL,SELL-EX3,203,09:30,570,1835.9,175,,0,0,M5 gate: spurt 175 · movers N — need both,0.895,-1.216,REALTY,,,,,,,TREND-DOWN day,,,,,,-479,-1.0,100% SL 13:25,0.95,1.32,0.74,0.74,0.32,0.89,TREND-DOWN
2026-09-28,M5,OFSS,SELL,SELL-EX1,201,09:40,580,10601.0,154,,0,0,"EX1/EX2 at open blocked — razor class, allowed from 09:45",0.895,-1.569,IT,,,,,,,TREND-DOWN day,,,,,,-949,-1.0,100% SL 11:55,0.0,1.39,0.0,0.0,-1.88,0.89,TREND-DOWN
2026-09-28,M5,OIL,SELL,SELL-EX1,201,10:25,625,467.2,134,,0,0,M5 gate: spurt 134 · movers N — need both,0.895,-1.673,OIL,,,,,,,TREND-DOWN day,,,,,,89,0.51,100% trail 13:30,1.17,0.51,0.34,0.59,-0.17,0.89,TREND-DOWN
2026-09-28,M5,ONGC,SELL,NORMAL SELL,280,10:25,625,233.18,163,,0,0,M5 gate: spurt 163 · movers N — need both,0.895,-1.136,OIL,,,,,,,TREND-DOWN day,,,,,,146,0.73,100% trail 13:00,2.2,0.17,0.31,0.89,1.36,0.89,TREND-DOWN
2026-09-28,M5,PAGEIND,SELL,ENTRY SELL,290,09:35,575,37375.0,83,,0,0,"scanner-table preview (90/290) — no chart label, blocked",0.895,-0.849,CONSUMPTION,,,,,,,TREND-DOWN day,,,,,,-156,-0.4,OPEN,0.27,0.8,0.27,0.27,-0.33,0.89,TREND-DOWN
2026-09-28,M5,PERSISTENT,SELL,SELL-EX8,208,09:40,580,5289.5,171,,0,0,M5 gate: spurt 171 · movers N — need both,0.895,-1.536,IT,,,,,,,TREND-DOWN day,,,,,,-391,-0.45,OPEN,0.02,0.89,0.02,0.02,-0.74,0.89,TREND-DOWN
2026-09-28,M5,PETRONET,BUY,BUY-EX,101,09:55,595,288.0,151,,0,0,setup filter: M5 takes BREAKOUT momentum only (got PULLBACK),0.895,0.524,OIL,,,,,,,TREND-DOWN day,,,,,,395,1.58,100% trail 12:10,2.87,1.22,1.34,1.85,0.64,0.89,TREND-DOWN
2026-09-28,M5,PGEL,SELL,SELL-EX5,205,09:30,570,513.2,73,,0,0,M5 gate: spurt 73 · movers N — need both,0.895,-1.022,CDUR,,,,,,,TREND-DOWN day,,,,,,559,0.78,OPEN,1.03,0.42,0.12,0.12,1.21,0.89,TREND-DOWN
2026-09-28,M5,PHOENIXLTD,SELL,SELL-EX8,208,09:30,570,1948.0,91,,0,0,M5 gate: spurt 91 · movers N — need both,0.895,-1.537,REALTY,,,,,,,TREND-DOWN day,,,,,,-146,-0.19,OPEN,0.35,0.68,0.2,0.2,-0.22,0.89,TREND-DOWN
2026-09-28,M5,PIDILITIND,SELL,SELL-EX1,201,09:35,575,1490.5,174,,0,0,"EX1/EX2 at open blocked — razor class, allowed from 09:45",0.895,-1.76,CHEMICALS,,,,,,,TREND-DOWN day,,,,,,-595,-1.0,100% SL 12:40,0.22,1.12,0.09,0.09,-0.84,0.89,TREND-DOWN
2026-09-28,M5,PIIND,SELL,SELL-EX5,205,09:30,570,2361.0,177,,0,0,M5 gate: spurt 177 · movers N — need both,0.895,-1.625,CHEMICALS,,,,,,,TREND-DOWN day,,,,,,210,0.32,OPEN,0.84,0.26,0.1,0.22,0.51,0.89,TREND-DOWN
2026-09-28,M5,PIIND,SELL,ENTRY SELL,290,09:35,575,2359.9,177,,0,0,"scanner-table preview (90/290) — no chart label, blocked",0.895,-1.671,CHEMICALS,,,,,,,TREND-DOWN day,,,,,,187,0.29,OPEN,0.78,0.28,0.07,0.19,0.46,0.89,TREND-DOWN
2026-09-28,M5,PNBHOUSING,SELL,SELL-EX3,203,09:30,570,1068.6,67,,0,0,M5 gate: spurt 67 · movers N — need both,0.895,-2.402,FIN,,,,,,,TREND-DOWN day,,,,,,-897,-1.0,100% SL 10:45,0.18,1.67,0.18,0.18,-1.53,0.89,TREND-DOWN
2026-09-28,M5,POLYCAB,SELL,SELL-EX3,203,09:30,570,8309.5,188,,0,0,M5 gate: spurt 188 · movers N — need both,0.895,-1.177,CAPGOODS,,,,,,,TREND-DOWN day,,,,,,446,1.08,100% trail 11:45,1.58,0.19,0.42,0.96,1.43,0.89,TREND-DOWN
2026-09-28,M5,POWERGRID,SELL,SELL-EX12,212,09:35,575,266.35,69,,0,0,weak EX variant (EX9+) blocked — B2 (GHOST-shadowed EOD),0.895,-1.169,ENE,,,,,,,TREND-DOWN day,,,,,,799,1.52,OPEN,1.53,0.08,0.24,0.54,1.69,0.89,TREND-DOWN
2026-09-28,M5,POWERINDIA,SELL,ENTRY SELL,290,09:35,575,30420.0,112,,0,0,"scanner-table preview (90/290) — no chart label, blocked",0.895,-1.982,CAPGOODS,,,,,,,TREND-DOWN day,,,,,,134,0.48,OPEN,1.25,0.39,0.12,0.12,0.53,0.89,TREND-DOWN
2026-09-28,M5,PREMIERENE,SELL,SELL-EX12,212,09:30,570,884.6,185,,0,0,weak EX variant (EX9+) blocked — B2 (GHOST-shadowed EOD),0.895,-1.316,GREEN,,,,,,,TREND-DOWN day,,,,,,-878,-1.02,100% SL 11:30,0.12,2.01,0.12,0.12,-2.42,0.89,TREND-DOWN
2026-09-28,M5,PRESTIGE,SELL,SELL-EX3,203,09:30,570,1444.2,95,,0,0,M5 gate: spurt 95 · movers N — need both,0.895,-2.274,REALTY,,,,,,,TREND-DOWN day,,,,,,-597,-1.0,100% SL 10:35,0.45,1.77,0.45,0.45,-1.84,0.89,TREND-DOWN
2026-09-28,M5,RBLBANK,SELL,SELL-EX3,203,09:30,570,405.5,39,,0,0,M5 gate: spurt 39 · movers N — need both,0.895,-2.301,BANK,,,,,,,TREND-DOWN day,,,,,,-204,-0.19,OPEN,0.12,0.75,0.12,0.12,-0.37,0.89,TREND-DOWN
2026-09-28,M5,RELIANCE,SELL,SELL-EX8,208,09:35,575,1209.2,46,,0,0,M5 gate: spurt 46 · movers N — need both,0.895,-1.37,ENE,,,,,,,TREND-DOWN day,,,,,,434,1.08,OPEN,1.1,0.52,0.08,0.17,0.96,0.89,TREND-DOWN
2026-09-28,M5,RVNL,SELL,SELL-EX3,203,09:30,570,203.52,200,,0,0,M5 gate: spurt 200 · movers N — need both,0.895,-1.681,RAILWAYS,,,,,,,TREND-DOWN day,,,,,,147,0.3,OPEN,0.47,0.85,0.18,0.18,0.38,0.89,TREND-DOWN
2026-09-28,M5,SAIL,SELL,SELL-EX8,208,09:30,570,183.29,25,,0,0,M5 gate: spurt 25 · movers N — need both,0.895,-0.924,MET,,,,,,,TREND-DOWN day,,,,,,-801,-1.0,100% SL 14:05,0.2,1.84,0.2,0.2,-0.5,0.89,TREND-DOWN
2026-09-28,M5,SBICARD,SELL,SELL-EX1,201,09:30,570,600.35,30,,0,0,"EX1/EX2 at open blocked — razor class, allowed from 09:45",0.895,-1.775,FIN,,,,,,,TREND-DOWN day,,,,,,492,0.83,100% trail 14:25,1.16,0.21,0.42,0.64,1.56,0.89,TREND-DOWN
2026-09-28,M5,SBILIFE,SELL,SELL-EX1,201,09:55,595,1737.2,52,,0,0,M5 gate: spurt 52 · movers N — need both,0.895,-0.276,INSURANCE,,,,,,,TREND-DOWN day,,,,,,214,0.59,OPEN,0.78,0.57,0.77,0.77,0.52,0.89,TREND-DOWN
2026-09-28,M5,SBIN,SELL,SELL-EX3,203,09:30,570,970.5,59,,0,0,M5 gate: spurt 59 · movers N — need both,0.895,-1.272,PSUBK,,,,,,,TREND-DOWN day,,,,,,392,0.79,OPEN,1.35,0.21,0.47,0.62,0.88,0.89,TREND-DOWN
2026-09-28,M5,SHRIRAMFIN,SELL,SELL-EX3,203,09:30,570,976.7,78,,0,0,M5 gate: spurt 78 · movers N — need both,0.895,-1.75,FIN,,,,,,,TREND-DOWN day,,,,,,-22,0.03,OPEN,0.45,0.54,0.08,0.08,0.04,0.89,TREND-DOWN
2026-09-28,M5,SIEMENS,SELL,SELL-EX3,203,09:30,570,3807.6,61,,0,0,M5 gate: spurt 61 · movers N — need both,0.895,-1.79,CAPGOODS,,,,,,,TREND-DOWN day,,,,,,245,0.4,OPEN,0.64,0.4,0.28,0.28,0.58,0.89,TREND-DOWN
2026-09-28,M5,SOLARINDS,SELL,ENTRY SELL,290,09:30,570,19470.0,207,,0,0,"scanner-table preview (90/290) — no chart label, blocked",0.895,-1.393,DEF,,,,,,,TREND-DOWN day,,,,,,607,1.29,OPEN,1.99,0.46,0.08,0.08,1.64,0.89,TREND-DOWN
2026-09-28,M5,SRF,SELL,SELL-EX1,201,09:30,570,2500.9,35,,0,0,"EX1/EX2 at open blocked — razor class, allowed from 09:45",0.895,-1.539,CHEMICALS,,,,,,,TREND-DOWN day,,,,,,139,0.37,OPEN,0.47,0.56,0.45,0.45,0.38,0.89,TREND-DOWN
2026-09-28,M5,SUNPHARMA,SELL,SELL-EX1,201,09:35,575,1844.1,16,,0,0,"EX1/EX2 at open blocked — razor class, allowed from 09:45",0.895,-0.437,PHA,,,,,,,TREND-DOWN day,,,,,,-392,-1.0,100% SL 14:05,0.54,1.1,0.1,0.42,0.33,0.89,TREND-DOWN
2026-09-28,M5,SUZLON,SELL,SELL-EX5,205,09:30,570,40.19,153,,0,0,M5 gate: spurt 153 · movers N — need both,0.895,-1.495,GREEN,,,,,,,TREND-DOWN day,,,,,,617,0.76,OPEN,0.94,0.29,0.26,0.39,1.32,0.89,TREND-DOWN
2026-09-28,M5,SWIGGY,SELL,SELL-EX1,201,09:35,575,262.0,14,,0,0,"EX1/EX2 at open blocked — razor class, allowed from 09:45",0.895,-1.076,NEWAGE,,,,,,,TREND-DOWN day,,,,,,663,0.97,100% trail 14:00,1.67,0.27,0.12,0.95,2.29,0.89,TREND-DOWN
2026-09-28,M5,TATACONSUM,SELL,SELL-EX1,201,09:30,570,969.3,17,,0,0,"EX1/EX2 at open blocked — razor class, allowed from 09:45",0.895,-1.092,FMCG,,,,,,,TREND-DOWN day,,,,,,439,0.89,100% trail 15:15,1.18,0.28,0.63,0.67,0.96,0.89,TREND-DOWN
2026-09-28,M5,TATAPOWER,SELL,SELL-EX3,203,09:30,570,362.0,182,,0,0,M5 gate: spurt 182 · movers N — need both,0.895,-1.497,ENE,,,,,,,TREND-DOWN day,,,,,,-28,0.02,OPEN,0.47,0.59,0.1,0.1,0.03,0.89,TREND-DOWN
2026-09-28,M5,TATASTEEL,SELL,SELL-EX3,203,09:30,570,186.2,49,,0,0,M5 gate: spurt 49 · movers N — need both,0.895,-0.942,MET,,,,,,,TREND-DOWN day,,,,,,-69,-0.04,OPEN,0.36,0.95,0.17,0.17,-0.05,0.89,TREND-DOWN
2026-09-28,M5,TCS,SELL,SELL-EX2,202,09:40,580,2063.6,108,,0,0,"EX1/EX2 at open blocked — razor class, allowed from 09:45",0.895,-0.884,IT,,,,,,,TREND-DOWN day,,,,,,-212,-0.2,OPEN,0.35,0.79,0.2,0.35,-0.34,0.89,TREND-DOWN
2026-09-28,M5,TECHM,SELL,SELL-EX8,208,09:40,580,1536.7,98,,0,0,M5 gate: spurt 98 · movers N — need both,0.895,-0.73,IT,,,,,,,TREND-DOWN day,,,,,,-217,-0.27,OPEN,0.48,0.74,0.08,0.48,-0.36,0.89,TREND-DOWN
2026-09-28,M5,TITAN,SELL,SELL-EX3,203,09:30,570,4817.5,103,,0,0,M5 gate: spurt 103 · movers N — need both,0.895,-1.362,CDUR,,,,,,,TREND-DOWN day,,,,,,-61,-0.03,OPEN,0.12,0.35,0.04,0.04,-0.04,0.89,TREND-DOWN
2026-09-28,M5,TMPV,SELL,SELL-EX3,203,09:30,570,286.6,142,,0,0,M5 gate: spurt 142 · movers N — need both,0.895,-1.326,AUTO,,,,,,,TREND-DOWN day,,,,,,802,1.09,OPEN,1.37,0.16,0.13,0.47,1.69,0.89,TREND-DOWN
2026-09-28,M5,TORNTPHARM,SELL,SELL-EX8,208,09:30,570,4921.0,82,,0,0,M5 gate: spurt 82 · movers N — need both,0.895,-1.353,PHA,,,,,,,TREND-DOWN day,,,,,,479,0.79,OPEN,1.01,0.21,0.11,0.36,1.06,0.89,TREND-DOWN
2026-09-28,M5,TRENT,SELL,SELL-EX2,202,09:35,575,2627.7,74,,0,0,"EX1/EX2 at open blocked — razor class, allowed from 09:45",0.895,-1.558,CONSUMPTION,,,,,,,TREND-DOWN day,,,,,,-10,0.06,OPEN,0.41,0.67,0.25,0.35,0.06,0.89,TREND-DOWN
2026-09-28,M5,ULTRACEMCO,SELL,SELL-EX1,201,10:15,615,11030.0,89,,0,0,M5 gate: spurt 89 · movers N — need both,0.895,-1.121,CEMENT,,,,,,,TREND-DOWN day,,,,,,-17,0.11,OPEN,1.08,0.62,0.97,0.97,0.05,0.89,TREND-DOWN
2026-09-28,M5,UNOMINDA,SELL,ENTRY SELL,290,09:40,580,1205.8,155,,0,0,"scanner-table preview (90/290) — no chart label, blocked",0.895,-1.002,AUTO,,,,,,,TREND-DOWN day,,,,,,-327,-1.0,100% SL 09:50,6.3,1.39,0.65,0.65,2.72,0.89,TREND-DOWN
2026-09-28,M5,UPL,SELL,SELL-EX1,201,09:30,570,544.75,146,,0,0,"EX1/EX2 at open blocked — razor class, allowed from 09:45",0.895,-0.955,CHEMICALS,,,,,,,TREND-DOWN day,,,,,,-585,-1.0,100% SL 13:15,0.3,1.26,0.3,0.3,-0.87,0.89,TREND-DOWN
2026-09-28,M5,VBL,SELL,SELL-EX3,203,09:30,570,427.2,63,,0,0,M5 gate: spurt 63 · movers N — need both,0.895,-1.748,FMCG,,,,,,,TREND-DOWN day,,,,,,-370,-0.5,OPEN,0.17,0.66,0.17,0.17,-0.66,0.89,TREND-DOWN
2026-09-28,M5,VMM,SELL,SELL-EX3,203,09:35,575,102.51,18,,0,0,M5 gate: spurt 18 · movers N — need both,0.895,-0.957,CONSUMPTION,,,,,,,TREND-DOWN day,,,,,,786,1.34,OPEN,1.58,0.28,0.09,0.24,1.66,0.89,TREND-DOWN
2026-09-28,M5,WAAREEENER,SELL,SELL-EX3,203,09:30,570,2469.1,184,,0,0,M5 gate: spurt 184 · movers N — need both,0.895,-1.038,GREEN,,,,,,,TREND-DOWN day,,,,,,240,0.41,OPEN,0.86,0.69,0.15,0.15,0.57,0.89,TREND-DOWN
2026-09-28,M5,WIPRO,SELL,SELL-EX8,208,09:40,580,162.16,127,,0,0,M5 gate: spurt 127 · movers N — need both,0.895,-1.134,IT,,,,,,,TREND-DOWN day,,,,,,143,0.27,OPEN,0.52,0.58,0.26,0.43,0.37,0.89,TREND-DOWN
2026-09-28,M5,ZYDUSLIFE,BUY,BUY-EX,101,09:40,580,1218.6,1,,0,0,"EX1/EX2 at open blocked — razor class, allowed from 09:45",0.895,1.221,PHA,,,,,,,TREND-DOWN day,,,,,,-179,-0.2,OPEN,0.56,0.62,0.4,0.56,-0.3,0.89,TREND-DOWN
2026-09-28,M5,ASHOKLEY,SELL,SELL-EX5,205,11:20,680,156.25,63,,0,0,M5 gate: spurt 63 · movers N — need both,0.895,-1.779,AUTO,,,,,,,TREND-DOWN day,,,,,,288,1.61,OPEN,2.33,0.47,0.2,0.23,0.66,0.89,TREND-DOWN
2026-09-28,M5,AXISBANK,SELL,SELL-EX15,215,10:40,640,1209.0,20,,0,0,weak EX variant (EX9+) blocked — B2 (GHOST-shadowed EOD),0.895,-1.096,BANK,,,,,,,TREND-DOWN day,,,,,,-97,-0.07,100% trail 15:10,1.16,0.99,0.61,0.61,-0.07,0.89,TREND-DOWN
2026-09-28,M5,BAJFINANCE,SELL,SELL-EX1,201,10:35,635,976.1,124,,0,0,M5 gate: spurt 124 · movers N — need both,0.895,-2.086,FIN,,,,,,,TREND-DOWN day,,,,,,-496,-0.55,OPEN,0.09,0.55,0.09,0.09,-0.91,0.89,TREND-DOWN
2026-09-28,M5,BHARTIARTL,BUY,BUY-EX9,108,11:10,670,1775.9,26,,0,0,weak EX variant (EX9+) blocked — B2 (GHOST-shadowed EOD),0.895,-0.532,TELECOM,,,,,,,TREND-DOWN day,,,,,,-157,-0.66,OPEN,1.23,0.77,0.45,0.45,-0.25,0.89,TREND-DOWN
2026-09-28,M5,BRITANNIA,SELL,NORMAL SELL,280,10:35,635,4875.5,143,,0,0,M5 gate: spurt 143 · movers N — need both,0.895,-1.256,FMCG,,,,,,,TREND-DOWN day,,,,,,-366,-1.0,100% SL 13:55,0.23,1.41,0.23,0.23,-0.81,0.89,TREND-DOWN
2026-09-28,M5,ETERNAL,SELL,SELL-EX1,201,10:45,645,330.55,121,,0,0,M5 gate: spurt 121 · movers N — need both,0.895,-1.328,NEWAGE,,,,,,,TREND-DOWN day,,,,,,-102,-0.17,OPEN,0.76,0.53,0.15,0.15,-0.12,0.89,TREND-DOWN
2026-09-28,M5,FORCEMOT,SELL,SELL-EX2,202,11:10,670,17103.0,128,,0,0,M5 gate: spurt 128 · movers N — need both,0.895,-1.639,AUTO,,,,,,,TREND-DOWN day,,,,,,-23,0.02,OPEN,0.38,0.94,0.25,0.25,0.02,0.89,TREND-DOWN
2026-09-28,M5,HCLTECH,SELL,NORMAL SELL,280,11:10,670,1242.8,141,,0,0,M5 gate: spurt 141 · movers N — need both,0.895,-1.208,IT,,,,,,,TREND-DOWN day,,,,,,-446,-1.0,100% SL 13:05,0.11,2.68,0.11,0.11,-0.79,0.89,TREND-DOWN
2026-09-28,M5,HEROMOTOCO,SELL,NORMAL SELL,280,11:00,660,5317.5,147,,0,0,M5 gate: spurt 147 · movers N — need both,0.895,-0.793,AUTO,,,,,,,TREND-DOWN day,,,,,,-365,-1.0,100% SL 12:10,0.35,2.33,0.35,0.35,-1.36,0.89,TREND-DOWN
2026-09-28,M5,HINDALCO,BUY,BUY-EX9,108,11:15,675,964.2,85,,0,0,weak EX variant (EX9+) blocked — B2 (GHOST-shadowed EOD),0.895,-1.31,MET,,,,,,,TREND-DOWN day,,,,,,-240,-1.0,100% SL 11:55,0.37,3.04,0.37,0.37,-0.86,0.89,TREND-DOWN
2026-09-28,M5,IEX,SELL,SELL-EX1,201,10:30,630,111.32,188,,0,0,M5 gate: spurt 188 · movers N — need both,0.895,-1.224,CAPMKTS,,,,,,,TREND-DOWN day,,,,,,-55,-0.02,OPEN,0.28,0.65,0.28,0.28,-0.03,0.89,TREND-DOWN
2026-09-28,M5,MOTHERSON,SELL,SELL-EX15,215,11:15,675,162.75,82,,0,0,weak EX variant (EX9+) blocked — B2 (GHOST-shadowed EOD),0.895,-1.786,AUTO,,,,,,,TREND-DOWN day,,,,,,75,0.24,OPEN,0.78,0.37,0.15,0.16,0.23,0.89,TREND-DOWN
2026-09-28,M5,NESTLEIND,BUY,BUY-EX9,108,11:15,675,1351.2,160,,0,0,weak EX variant (EX9+) blocked — B2 (GHOST-shadowed EOD),0.895,-0.837,FMCG,,,,,,,TREND-DOWN day,,,,,,9,0.74,100% trail 12:45,1.54,1.46,1.18,1.54,-0.38,0.89,TREND-DOWN
2026-09-28,M5,NUVAMA,BUY,BUY-EX9,108,11:05,665,1636.9,,,0,0,weak EX variant (EX9+) blocked — B2 (GHOST-shadowed EOD),0.895,-2.647,CAPMKTS,,,,,,,TREND-DOWN day,,,,,,-17,0.06,100% EOD 15:20,0.56,0.48,0.41,0.54,-0.53,0.89,TREND-DOWN
2026-09-28,M5,NYKAA,SELL,SELL-EX5,205,10:40,640,327.7,145,,0,0,M5 gate: spurt 145 · movers N — need both,0.895,-1.798,NEWAGE,,,,,,,TREND-DOWN day,,,,,,214,0.62,100% trail 13:10,1.15,0.36,0.42,0.92,0.67,0.89,TREND-DOWN
2026-09-28,M5,PATANJALI,SELL,SELL-EX5,205,10:35,635,395.95,70,,0,0,M5 gate: spurt 70 · movers N — need both,0.895,-1.98,FMCG,,,,,,,TREND-DOWN day,,,,,,607,1.59,OPEN,3.2,0.87,0.12,0.54,1.3,0.89,TREND-DOWN
2026-09-28,M5,SOLARINDS,SELL,NORMAL SELL,280,11:05,665,19430.0,205,,0,0,M5 gate: spurt 205 · movers N — need both,0.895,-1.595,DEF,,,,,,,TREND-DOWN day,,,,,,527,1.76,OPEN,2.86,0.31,0.79,1.04,1.44,0.89,TREND-DOWN
2026-09-28,M5,SUPREMEIND,SELL,SELL-EX2,202,10:30,630,3503.7,197,,0,0,M5 gate: spurt 197 · movers N — need both,0.895,-1.304,BUILDMAT,,,,,,,TREND-DOWN day,,,,,,-576,-1.0,100% SL 13:30,1.05,1.03,0.21,0.27,0.11,0.89,TREND-DOWN
2026-09-28,M5,TIINDIA,SELL,SELL-EX1,201,11:05,665,2485.5,8,,0,0,M5 gate: spurt 8 · movers N — need both,0.895,-1.019,AUTO,,,,,,,TREND-DOWN day,,,,,,488,0.78,OPEN,1.23,0.22,0.48,0.78,1.07,0.89,TREND-DOWN
2026-09-28,M5,TVSMOTOR,SELL,SELL-EX1,201,11:05,665,4119.0,33,,0,0,M5 gate: spurt 33 · movers N — need both,0.895,-0.921,AUTO,,,,,,,TREND-DOWN day,,,,,,288,0.94,100% trail 15:00,1.85,0.28,0.79,0.86,0.58,0.89,TREND-DOWN
2026-09-28,M5,UNOMINDA,SELL,SELL-EX1,201,10:45,645,1200.5,149,,0,0,M5 gate: spurt 149 · movers N — need both,0.895,-1.437,AUTO,,,,,,,TREND-DOWN day,,,,,,286,0.66,100% trail 13:40,2.31,0.31,0.67,1.06,2.29,0.89,TREND-DOWN
2026-09-28,M5,ANGELONE,SELL,SELL-EX15,215,11:40,700,279.5,147,,0,0,weak EX variant (EX9+) blocked — B2 (GHOST-shadowed EOD),0.895,-2.951,CAPMKTS,,,,,,,TREND-DOWN day,,,,,,-267,-1.0,100% trail 12:25,1.39,1.68,1.39,1.39,0.11,0.89,TREND-DOWN
2026-09-28,M5,APOLLOHOSP,SELL,SELL-EX1,201,11:50,710,8852.5,151,,0,0,M5 gate: spurt 151 · movers N — need both,0.895,-0.411,HOSPITALS,,,,,,,TREND-DOWN day,,,,,,-207,-1.0,100% SL 13:05,0.64,1.86,0.31,0.31,-0.08,0.89,TREND-DOWN
2026-09-28,M5,DIVISLAB,SELL,SELL-EX1,201,11:35,695,9573.0,112,,0,0,M5 gate: spurt 112 · movers N — need both,0.895,-0.483,PHA,,,,,,,TREND-DOWN day,,,,,,9,0.5,100% trail 13:35,1.71,0.45,0.77,1.34,0.24,0.89,TREND-DOWN
2026-09-28,M5,NAUKRI,SELL,SELL-EX15,215,11:45,705,1245.4,13,,0,0,weak EX variant (EX9+) blocked — B2 (GHOST-shadowed EOD),0.895,-0.749,NEWAGE,,,,,,,TREND-DOWN day,,,,,,-382,-0.57,OPEN,0.44,0.62,0.32,0.36,-0.68,0.89,TREND-DOWN
2026-09-28,M5,POWERINDIA,SELL,NORMAL SELL,280,11:30,690,30350.0,93,,0,0,M5 gate: spurt 93 · movers N — need both,0.895,-2.207,CAPGOODS,,,,,,,TREND-DOWN day,,,,,,-180,-1.0,100% SL 11:40,2.78,1.27,0.28,0.28,0.3,0.89,TREND-DOWN
2026-09-28,M5,ASTRAL,SELL,SELL-EX12,213,09:30,570,1375.0,12,,0,1,,0.895,-1.716,BUILDMAT,,,,,,,TREND-DOWN day,239.35,-25.2,0.43,0.35,OPEN,120,0.25,OPEN,0.62,0.21,0.24,0.42,0.33,0.89,TREND-DOWN
2026-09-28,M5,FORTIS,SELL,SELL-EX12,213,09:30,570,825.1,15,,0,1,,0.895,-1.522,HOSPITALS,,,,,,,TREND-DOWN day,-671.65,-304.47,-0.7,-1.0,OPEN,-381,-0.38,OPEN,0.51,0.71,0.31,0.51,-0.68,0.89,TREND-DOWN
2026-09-28,M5,GLENMARK,SELL,SELL-EX19,220,10:15,615,2341.6,34,,0,1,,0.895,-1.613,PHA,,,,,,,TREND-DOWN day,212.59,212.59,1.14,1.14,100% trail 15:10,213,1.06,100% trail 15:10,2.05,0.8,0.89,0.89,0.68,0.89,TREND-DOWN
2026-09-28,M5,HDFCBANK,SELL,SELL-EX12,213,09:35,575,724.4,86,,0,1,,0.895,-1.523,BANK,,,,,,,TREND-DOWN day,330.94,-12.04,0.64,0.62,OPEN,327,0.63,OPEN,0.72,0.07,0.33,0.33,0.74,0.89,TREND-DOWN
2026-09-28,M5,HINDALCO,SELL,SELL-EX12,213,09:30,570,953.4,75,,0,1,,0.895,-2.416,MET,,,,,,,TREND-DOWN day,-332.71,-253.55,-0.42,-1.0,OPEN,-172,-0.19,OPEN,0.16,0.89,0.16,0.16,-0.26,0.89,TREND-DOWN
2026-09-28,M5,IOC,SELL,SELL-EX12,213,09:35,575,133.84,156,,0,1,,0.895,-1.371,OIL,,,,,,,TREND-DOWN day,253.0,-277.18,0.51,-1.0,OPEN,152,0.34,OPEN,0.52,0.41,0.08,0.12,0.39,0.89,TREND-DOWN
2026-09-28,M5,KEI,SELL,SELL-EX12,213,09:35,575,4594.0,160,,0,1,,0.895,-1.701,CAPGOODS,,,,,,,TREND-DOWN day,721.35,-250.14,1.25,-1.0,OPEN,741,1.28,OPEN,1.33,0.37,0.06,0.12,1.7,0.89,TREND-DOWN
2026-09-28,M5,LAURUSLABS,BUY,BUY-EX9,108,09:50,590,2006.0,125,,0,1,,0.895,-0.05,PHA,,,,,,,TREND-DOWN day,23.08,-317.6,0.11,-1.0,OPEN,83,0.22,OPEN,0.3,0.59,0.29,0.29,0.23,0.89,TREND-DOWN
2026-09-28,M5,MUTHOOTFIN,SELL,SELL-EX12,213,09:30,570,2776.6,80,,0,1,,0.895,-2.06,FIN,,,,,,,TREND-DOWN day,58.95,-228.23,0.19,-1.0,OPEN,257,0.56,OPEN,0.65,0.82,0.23,0.23,0.6,0.89,TREND-DOWN
2026-09-28,M5,NUVAMA,SELL,SELL-EX12,213,09:35,575,1612.4,,,0,1,,0.895,-4.104,CAPMKTS,,,,,,,TREND-DOWN day,-459.0,-597.58,-0.48,-1.0,100% EOD 15:20,-459,-0.48,100% EOD 15:20,0.13,0.77,0.1,0.13,-0.98,0.89,TREND-DOWN
2026-09-28,M5,POWERGRID,SELL,SELL-EX12,213,09:35,575,266.35,69,,0,1,,0.895,-1.169,ENE,,,,,,,TREND-DOWN day,715.09,-31.75,1.37,0.54,OPEN,799,1.52,OPEN,1.53,0.08,0.24,0.54,1.69,0.89,TREND-DOWN
2026-09-28,M5,PREMIERENE,SELL,SELL-EX12,213,09:30,570,884.6,185,,0,1,,0.895,-1.316,GREEN,,,,,,,TREND-DOWN day,-878.05,-304.53,-1.02,-1.0,100% SL 11:30,-878,-1.02,100% SL 11:30,0.12,2.01,0.12,0.12,-2.42,0.89,TREND-DOWN
2026-09-28,M5,AXISBANK,SELL,SELL-EX15,216,10:40,640,1209.0,20,,0,1,,0.895,-1.096,BANK,,,,,,,TREND-DOWN day,-97.39,-97.39,-0.07,-0.07,100% trail 15:10,-97,-0.07,100% trail 15:10,1.16,0.99,0.61,0.61,-0.07,0.89,TREND-DOWN
2026-09-28,M5,BHARTIARTL,BUY,BUY-EX9,108,11:10,670,1775.9,26,,0,1,,0.895,-0.532,TELECOM,,,,,,,TREND-DOWN day,-83.9,-234.49,-0.28,-1.0,OPEN,-157,-0.66,OPEN,1.23,0.77,0.45,0.45,-0.25,0.89,TREND-DOWN
2026-09-28,M5,HINDALCO,BUY,BUY-EX9,108,11:15,675,964.2,85,,0,1,,0.895,-1.31,MET,,,,,,,TREND-DOWN day,-239.51,-203.55,-1.0,-1.0,100% SL 11:55,-240,-1.0,100% SL 11:55,0.37,3.04,0.37,0.37,-0.86,0.89,TREND-DOWN
2026-09-28,M5,MOTHERSON,SELL,SELL-EX15,216,11:15,675,162.75,82,,0,1,,0.895,-1.786,AUTO,,,,,,,TREND-DOWN day,341.96,-236.21,0.78,-1.0,OPEN,75,0.24,OPEN,0.78,0.37,0.15,0.16,0.23,0.89,TREND-DOWN
2026-09-28,M5,NESTLEIND,BUY,BUY-EX9,108,11:15,675,1351.2,160,,0,1,,0.895,-0.837,FMCG,,,,,,,TREND-DOWN day,8.76,8.76,0.72,0.58,100% trail 12:45,9,0.74,100% trail 12:45,1.54,1.46,1.18,1.54,-0.38,0.89,TREND-DOWN
2026-09-28,M5,NUVAMA,BUY,BUY-EX9,108,11:05,665,1636.9,,,0,1,,0.895,-2.647,CAPMKTS,,,,,,,TREND-DOWN day,-17.09,146.17,0.06,0.57,100% EOD 15:20,-17,0.06,100% EOD 15:20,0.56,0.48,0.41,0.54,-0.53,0.89,TREND-DOWN
2026-09-28,M5,ANGELONE,SELL,SELL-EX15,216,11:40,700,279.5,147,,0,1,,0.895,-2.951,CAPMKTS,,,,,,,TREND-DOWN day,-266.87,-239.84,-1.0,-1.0,100% trail 12:25,-267,-1.0,100% trail 12:25,1.39,1.68,1.39,1.39,0.11,0.89,TREND-DOWN
2026-09-28,M5,NAUKRI,SELL,SELL-EX15,216,11:45,705,1245.4,13,,0,1,,0.895,-0.749,NEWAGE,,,,,,,TREND-DOWN day,94.08,-314.02,0.23,-1.0,OPEN,-382,-0.57,OPEN,0.44,0.62,0.32,0.36,-0.68,0.89,TREND-DOWN
2026-09-28,M6,UNIONBANK,SELL,SELL-EX3,203,09:30,570,175.99,,BREAKOUT,1,0,,0.895,-2.336,PSUBK,0,0,0,1,1,-60.5,,1025.0,,1.41,,OPEN,1162,1.65,OPEN,1.67,0.25,0.42,0.77,2.41,0.89,TREND-DOWN
2026-09-28,M6,360ONE,SELL,ENTRY SELL,290,09:25,565,1055.1,,,0,0,scanner-table preview (90/290) — no chart label,0.895,-1.668,CAPMKTS,0,1,0,0,1,-60.5,,,,,,,414,0.51,OPEN,0.6,0.31,0.21,0.21,0.96,0.89,TREND-DOWN
2026-09-28,M6,ABB,SELL,ENTRY SELL,290,09:20,560,6949.0,,,0,0,scanner-table preview (90/290) — no chart label,0.895,-1.468,CAPGOODS,0,1,0,0,1,-60.5,,,,,,,-205,-0.3,OPEN,0.48,0.58,0.48,0.48,-0.34,0.89,TREND-DOWN
2026-09-28,M6,ABCAPITAL,SELL,ENTRY SELL,290,09:20,560,382.8,,,0,0,scanner-table preview (90/290) — no chart label,0.895,-1.846,FIN,0,0,0,0,1,-60.5,,,,,,,-29,0.02,OPEN,0.33,0.28,0.33,0.33,0.03,0.89,TREND-DOWN
2026-09-28,M6,ADANIENSOL,SELL,ENTRY SELL,290,09:20,560,1319.2,,,0,0,scanner-table preview (90/290) — no chart label,0.895,-1.442,ENE,0,0,0,0,1,-60.5,,,,,,,260,0.63,100% trail 12:10,2.4,0.36,0.22,0.52,2.37,0.89,TREND-DOWN
2026-09-28,M6,ADANIGREEN,SELL,ENTRY SELL,290,09:20,560,1282.0,,,0,0,scanner-table preview (90/290) — no chart label,0.895,-1.126,GREEN,0,0,0,0,1,-60.5,,,,,,,1654,5.34,100% trail 14:45,6.71,0.31,0.57,3.23,3.67,0.89,TREND-DOWN
2026-09-28,M6,ADANIPORTS,SELL,ENTRY SELL,290,09:20,560,1777.0,,,0,0,scanner-table preview (90/290) — no chart label,0.895,-0.615,LOGISTICS,0,1,0,1,1,-60.5,,,,,,,908,2.35,100% trail 13:35,2.65,0.05,0.74,1.01,1.87,0.89,TREND-DOWN
2026-09-28,M6,ADANIPOWER,SELL,ENTRY SELL,290,09:20,560,201.36,,,0,0,scanner-table preview (90/290) — no chart label,0.895,-0.686,ENE,0,0,0,0,1,-60.5,,,,,,,1253,2.4,OPEN,2.76,0.16,0.53,1.09,2.59,0.89,TREND-DOWN
2026-09-28,M6,AMBUJACEM,SELL,ENTRY SELL,290,09:20,560,380.4,,,0,0,scanner-table preview (90/290) — no chart label,0.895,-0.886,CEMENT,0,0,0,0,1,-60.5,,,,,,,552,1.4,100% trail 13:30,1.84,0.1,0.98,0.98,1.59,0.89,TREND-DOWN
2026-09-28,M6,ANGELONE,SELL,ENTRY SELL,290,09:20,560,279.45,,,0,0,scanner-table preview (90/290) — no chart label,0.895,-2.969,CAPMKTS,0,1,0,0,1,-60.5,,,,,,,3,0.05,OPEN,0.25,0.5,0.22,0.22,0.09,0.89,TREND-DOWN
2026-09-28,M6,APLAPOLLO,SELL,ENTRY SELL,290,09:20,560,2196.7,,,0,0,scanner-table preview (90/290) — no chart label,0.895,-0.813,MET,0,0,0,0,1,-60.5,,,,,,,95,0.6,100% trail 10:50,1.58,0.46,0.62,0.82,-0.01,0.89,TREND-DOWN
2026-09-28,M6,APOLLOHOSP,SELL,ENTRY SELL,290,09:20,560,8814.0,,,0,0,scanner-table preview (90/290) — no chart label,0.895,-0.844,HOSPITALS,0,0,1,0,0,-60.5,,,,,,,-482,-1.0,100% SL 10:00,0.12,1.1,0.12,0.12,-0.52,0.89,TREND-DOWN
2026-09-28,M6,ASHOKLEY,SELL,ENTRY SELL,290,09:20,560,156.5,,,0,0,scanner-table preview (90/290) — no chart label,0.895,-1.622,AUTO,0,0,0,0,1,-60.5,,,,,,,366,0.53,OPEN,0.73,0.34,0.08,0.08,0.82,0.89,TREND-DOWN
2026-09-28,M6,ASTRAL,SELL,ENTRY SELL,290,09:20,560,1381.7,,,0,0,scanner-table preview (90/290) — no chart label,0.895,-1.237,BUILDMAT,0,0,0,0,1,-60.5,,,,,,,216,0.73,100% trail 11:25,1.57,0.26,0.97,0.97,0.81,0.89,TREND-DOWN
2026-09-28,M6,AUBANK,SELL,ENTRY SELL,290,09:20,560,1004.9,,,0,0,scanner-table preview (90/290) — no chart label,0.895,-1.287,BANK,0,0,0,0,1,-60.5,,,,,,,183,0.71,100% trail 13:30,1.25,0.21,0.87,0.87,0.96,0.89,TREND-DOWN
2026-09-28,M6,AUROPHARMA,SELL,ENTRY SELL,290,09:20,560,1698.4,,,0,0,scanner-table preview (90/290) — no chart label,0.895,-0.794,PHA,0,0,0,0,0,-60.5,,,,,,,-15,0.07,OPEN,0.85,0.48,0.33,0.8,0.05,0.89,TREND-DOWN
2026-09-28,M6,BAJAJ-AUTO,SELL,ENTRY SELL,290,09:20,560,11180.0,,,0,0,scanner-table preview (90/290) — no chart label,0.895,-0.895,AUTO,0,0,0,0,1,-60.5,,,,,,,96,0.57,100% trail 10:45,2.94,0.35,0.49,0.98,1.4,0.89,TREND-DOWN
2026-09-28,M6,BAJAJHLDNG,SELL,ENTRY SELL,290,09:25,565,10800.0,,,0,0,scanner-table preview (90/290) — no chart label,0.895,-1.28,FIN,0,0,0,0,1,-60.5,,,,,,,-36,0.0,OPEN,0.06,0.83,0.06,0.06,-0.0,0.89,TREND-DOWN
2026-09-28,M6,BAJFINANCE,SELL,ENTRY SELL,290,09:20,560,979.7,,,0,0,scanner-table preview (90/290) — no chart label,0.895,-1.725,FIN,0,0,0,0,1,-60.5,,,,,,,-312,-0.42,OPEN,0.41,0.42,0.23,0.23,-0.54,0.89,TREND-DOWN
2026-09-28,M6,BANKBARODA,SELL,ENTRY SELL,290,09:20,560,232.44,,,0,0,scanner-table preview (90/290) — no chart label,0.895,-1.199,PSUBK,0,0,0,1,1,-60.5,,,,,,,608,1.27,100% trail 13:40,1.94,0.18,0.39,0.68,2.13,0.89,TREND-DOWN
2026-09-28,M6,BANKINDIA,SELL,ENTRY SELL,290,09:20,560,135.29,,,0,0,scanner-table preview (90/290) — no chart label,0.895,-1.921,PSUBK,0,0,0,1,1,-60.5,,,,,,,1914,2.67,OPEN,2.93,0.2,0.8,1.08,3.92,0.89,TREND-DOWN
2026-09-28,M6,BDL,SELL,ENTRY SELL,290,09:20,560,1130.7,,,0,0,scanner-table preview (90/290) — no chart label,0.895,-0.816,DEF,0,0,0,0,1,-60.5,,,,,,,327,1.12,100% trail 09:40,2.28,0.08,1.38,1.38,1.39,0.89,TREND-DOWN
2026-09-28,M6,BEL,SELL,ENTRY SELL,290,09:20,560,388.2,,,0,0,scanner-table preview (90/290) — no chart label,0.895,-1.359,DEF,0,0,0,0,1,-60.5,,,,,,,304,0.54,OPEN,0.81,0.03,0.22,0.22,0.7,0.89,TREND-DOWN
2026-09-28,M6,BHARATFORG,SELL,ENTRY SELL,290,09:20,560,1984.1,,,0,0,scanner-table preview (90/290) — no chart label,0.895,-1.19,AUTO,0,0,0,0,1,-60.5,,,,,,,193,1.07,100% trail 13:10,3.11,0.6,0.3,0.4,1.37,0.89,TREND-DOWN
2026-09-28,M6,BIOCON,SELL,ENTRY SELL,290,09:20,560,377.25,,,0,0,scanner-table preview (90/290) — no chart label,0.895,-1.282,PHA,0,0,0,0,0,-60.5,,,,,,,268,0.6,OPEN,0.76,0.61,0.55,0.55,0.62,0.89,TREND-DOWN
2026-09-28,M6,BPCL,SELL,ENTRY SELL,290,09:20,560,305.25,,,0,0,scanner-table preview (90/290) — no chart label,0.895,-1.053,OIL,0,0,0,0,1,-60.5,,,,,,,213,0.7,100% trail 13:35,1.63,0.5,0.79,0.79,0.98,0.89,TREND-DOWN
2026-09-28,M6,CANBK,SELL,ENTRY SELL,290,09:20,560,123.28,,,0,0,scanner-table preview (90/290) — no chart label,0.895,-1.368,PSUBK,0,0,0,1,1,-60.5,,,,,,,523,1.43,100% trail 11:30,2.87,0.05,0.93,1.44,2.13,0.89,TREND-DOWN
2026-09-28,M6,CDSL,SELL,ENTRY SELL,290,09:25,565,1305.0,,,0,0,scanner-table preview (90/290) — no chart label,0.895,-0.986,CAPMKTS,0,1,0,0,1,-60.5,,,,,,,566,1.3,OPEN,1.5,0.41,0.87,0.87,1.23,0.89,TREND-DOWN
2026-09-28,M6,CGPOWER,SELL,ENTRY SELL,290,09:20,560,873.25,,,0,0,scanner-table preview (90/290) — no chart label,0.895,-1.439,CAPGOODS,0,1,0,0,1,-60.5,,,,,,,428,0.85,OPEN,0.98,0.55,0.38,0.38,0.94,0.89,TREND-DOWN
2026-09-28,M6,CHOLAFIN,SELL,ENTRY SELL,290,09:20,560,1637.6,,,0,0,scanner-table preview (90/290) — no chart label,0.895,-1.51,FIN,0,0,0,0,1,-60.5,,,,,,,61,0.15,OPEN,0.72,0.64,0.72,0.72,0.21,0.89,TREND-DOWN
2026-09-28,M6,COLPAL,SELL,ENTRY SELL,290,09:20,560,1839.4,,,0,0,scanner-table preview (90/290) — no chart label,0.895,-0.884,FMCG,0,0,0,0,0,-60.5,,,,,,,-438,-1.0,100% SL 12:00,0.96,1.43,0.35,0.35,-0.35,0.89,TREND-DOWN
2026-09-28,M6,CONCOR,SELL,ENTRY SELL,290,09:20,560,456.3,,,0,0,scanner-table preview (90/290) — no chart label,0.895,-1.127,LOGISTICS,0,1,0,1,1,-60.5,,,,,,,170,0.56,100% trail 12:25,1.62,0.2,0.62,0.62,1.38,0.89,TREND-DOWN
2026-09-28,M6,CROMPTON,SELL,ENTRY SELL,290,09:20,560,216.36,,,0,0,scanner-table preview (90/290) — no chart label,0.895,-1.025,CDUR,0,0,1,0,0,-60.5,,,,,,,-697,-1.0,100% SL 11:40,0.7,1.87,0.7,0.7,-1.13,0.89,TREND-DOWN
2026-09-28,M6,CUMMINSIND,SELL,ENTRY SELL,290,09:20,560,4872.0,,,0,0,scanner-table preview (90/290) — no chart label,0.895,-1.476,CAPGOODS,0,1,0,0,1,-60.5,,,,,,,254,0.69,100% trail 15:10,1.05,0.37,0.09,0.14,0.35,0.89,TREND-DOWN
2026-09-28,M6,DELHIVERY,SELL,ENTRY SELL,290,09:20,560,415.9,,,0,0,scanner-table preview (90/290) — no chart label,0.895,-1.609,LOGISTICS,0,1,0,1,1,-60.5,,,,,,,893,1.59,100% trail 15:05,2.11,0.19,0.91,1.33,2.02,0.89,TREND-DOWN
2026-09-28,M6,DIVISLAB,SELL,ENTRY SELL,290,09:20,560,9581.5,,,0,0,scanner-table preview (90/290) — no chart label,0.895,-0.395,PHA,0,0,0,0,0,-60.5,,,,,,,51,0.42,100% trail 13:35,1.12,0.79,0.35,0.35,0.33,0.89,TREND-DOWN
2026-09-28,M6,DLF,SELL,ENTRY SELL,290,09:20,560,671.0,,,0,0,scanner-table preview (90/290) — no chart label,0.895,-1.757,REALTY,0,0,0,0,1,-60.5,,,,,,,62,0.43,100% trail 11:35,1.57,0.22,1.26,1.34,1.11,0.89,TREND-DOWN
2026-09-28,M6,EICHERMOT,SELL,ENTRY SELL,290,09:20,560,7293.0,,,0,0,scanner-table preview (90/290) — no chart label,0.895,-0.91,AUTO,0,0,0,0,1,-60.5,,,,,,,238,2.11,100% trail 12:50,4.17,0.52,0.88,1.64,1.09,0.89,TREND-DOWN
2026-09-28,M6,EXIDEIND,SELL,ENTRY SELL,290,09:20,560,419.75,,,0,0,scanner-table preview (90/290) — no chart label,0.895,-0.921,AUTO,0,0,0,0,1,-60.5,,,,,,,402,1.4,100% trail 11:35,2.99,0.36,1.14,1.14,1.99,0.89,TREND-DOWN
2026-09-28,M6,FORCEMOT,SELL,ENTRY SELL,290,09:20,560,17147.0,,,0,0,scanner-table preview (90/290) — no chart label,0.895,-1.386,AUTO,0,0,0,0,1,-60.5,,,,,,,-278,-1.0,100% SL 10:00,0.94,1.9,0.25,0.25,0.27,0.89,TREND-DOWN
2026-09-28,M6,FORTIS,SELL,ENTRY SELL,290,09:20,560,828.85,,,0,0,scanner-table preview (90/290) — no chart label,0.895,-1.074,HOSPITALS,0,0,1,0,0,-60.5,,,,,,,58,0.22,100% trail 11:30,1.02,0.61,0.75,1.02,-0.23,0.89,TREND-DOWN
2026-09-28,M6,GAIL,BUY,ENTRY BUY,90,09:20,560,174.27,,,0,0,scanner-table preview (90/290) — no chart label,0.895,0.909,OIL,0,0,0,0,1,-60.5,,,,,,,-860,-1.0,100% SL 10:20,0.11,1.19,0.11,0.11,-1.04,0.89,TREND-DOWN
2026-09-28,M6,GMRAIRPORT,SELL,ENTRY SELL,290,09:20,560,96.74,,,0,0,scanner-table preview (90/290) — no chart label,0.895,-1.235,INFRA,0,0,0,0,1,-60.5,,,,,,,1090,3.87,100% trail 14:55,4.54,0.2,1.19,1.19,2.06,0.89,TREND-DOWN
2026-09-28,M6,GODREJCP,SELL,ENTRY SELL,290,09:20,560,864.55,,,0,0,scanner-table preview (90/290) — no chart label,0.895,-1.756,FMCG,0,0,0,0,0,-60.5,,,,,,,-238,-0.31,OPEN,0.43,0.53,0.32,0.37,-0.4,0.89,TREND-DOWN
2026-09-28,M6,GVT&D,SELL,ENTRY SELL,290,09:25,565,4232.1,,,0,0,scanner-table preview (90/290) — no chart label,0.895,-1.119,CAPGOODS,0,1,0,0,1,-60.5,,,,,,,393,0.87,100% trail 13:25,1.12,0.34,0.28,0.28,0.69,0.89,TREND-DOWN
2026-09-28,M6,HAL,SELL,ENTRY SELL,290,09:20,560,4739.1,,,0,0,scanner-table preview (90/290) — no chart label,0.895,-1.269,DEF,0,0,0,0,1,-60.5,,,,,,,-406,-1.0,100% SL 10:00,0.57,1.22,0.54,0.54,0.02,0.89,TREND-DOWN
2026-09-28,M6,HAVELLS,SELL,ENTRY SELL,290,09:20,560,1085.0,,,0,0,scanner-table preview (90/290) — no chart label,0.895,-1.049,CDUR,0,0,1,0,0,-60.5,,,,,,,-42,0.0,OPEN,0.97,0.27,0.36,0.36,-0.0,0.89,TREND-DOWN
2026-09-28,M6,HDFCBANK,SELL,ENTRY SELL,290,09:20,560,725.5,,,0,0,scanner-table preview (90/290) — no chart label,0.895,-1.373,BANK,0,0,0,0,1,-60.5,,,,,,,397,0.88,OPEN,0.98,0.16,0.52,0.53,0.89,0.89,TREND-DOWN
2026-09-28,M6,HINDALCO,SELL,ENTRY SELL,290,09:20,560,955.0,,,0,0,scanner-table preview (90/290) — no chart label,0.895,-2.252,MET,0,0,0,0,1,-60.5,,,,,,,-89,-0.08,OPEN,0.32,0.87,0.32,0.32,-0.09,0.89,TREND-DOWN
2026-09-28,M6,HINDPETRO,SELL,ENTRY SELL,290,09:20,560,347.0,,,0,0,scanner-table preview (90/290) — no chart label,0.895,-1.14,OIL,0,0,0,0,1,-60.5,,,,,,,613,3.45,OPEN,4.62,0.34,1.97,1.97,1.31,0.89,TREND-DOWN
2026-09-28,M6,HINDUNILVR,SELL,ENTRY SELL,290,09:20,560,1915.8,,,0,0,scanner-table preview (90/290) — no chart label,0.895,-1.395,FMCG,0,0,0,0,0,-60.5,,,,,,,379,1.01,100% trail 15:10,1.24,0.1,0.45,0.45,1.03,0.89,TREND-DOWN
2026-09-28,M6,HYUNDAI,SELL,ENTRY SELL,290,09:20,560,2095.0,,,0,0,scanner-table preview (90/290) — no chart label,0.895,-0.946,AUTO,0,0,0,0,1,-60.5,,,,,,,856,2.33,100% trail 14:05,3.1,0.29,0.91,1.2,2.11,0.89,TREND-DOWN
2026-09-28,M6,ICICIBANK,SELL,ENTRY SELL,290,09:25,565,1312.5,,,0,0,scanner-table preview (90/290) — no chart label,0.895,-1.078,BANK,0,0,0,0,1,-60.5,,,,,,,153,0.65,100% trail 11:30,1.27,0.22,0.92,1.18,0.8,0.89,TREND-DOWN
2026-09-28,M6,IDEA,SELL,ENTRY SELL,290,09:20,560,13.93,,,0,0,scanner-table preview (90/290) — no chart label,0.895,-2.314,TELECOM,0,1,0,1,1,-60.5,,,,,,,1198,1.41,100% trail 14:45,1.67,0.37,0.27,0.27,3.3,0.89,TREND-DOWN
2026-09-28,M6,IDFCFIRSTB,SELL,ENTRY SELL,290,09:25,565,82.05,,,0,0,scanner-table preview (90/290) — no chart label,0.895,-2.088,BANK,0,0,0,0,1,-60.5,,,,,,,871,1.02,OPEN,1.07,0.06,0.34,0.37,1.83,0.89,TREND-DOWN
2026-09-28,M6,IEX,SELL,ENTRY SELL,290,09:20,560,111.77,,,0,0,scanner-table preview (90/290) — no chart label,0.895,-0.825,CAPMKTS,0,1,0,0,1,-60.5,,,,,,,146,0.44,OPEN,0.86,0.87,0.33,0.33,0.38,0.89,TREND-DOWN
2026-09-28,M6,INDHOTEL,SELL,ENTRY SELL,290,09:20,560,716.35,,,0,0,scanner-table preview (90/290) — no chart label,0.895,-1.438,TRAVEL,0,0,0,0,0,-60.5,,,,,,,-221,-0.45,100% trail 11:50,1.41,0.85,1.12,1.12,0.75,0.89,TREND-DOWN
2026-09-28,M6,INDIANB,SELL,ENTRY SELL,290,09:20,560,826.2,,,0,0,scanner-table preview (90/290) — no chart label,0.895,-0.697,PSUBK,0,0,0,1,1,-60.5,,,,,,,1383,3.98,OPEN,4.09,0.37,0.73,1.11,2.87,0.89,TREND-DOWN
2026-09-28,M6,INDIGO,SELL,ENTRY SELL,290,09:20,560,4889.0,,,0,0,scanner-table preview (90/290) — no chart label,0.895,-1.032,TRAVEL,0,0,0,0,0,-60.5,,,,,,,189,1.72,100% trail 11:30,2.72,1.06,0.44,1.0,0.3,0.89,TREND-DOWN
2026-09-28,M6,INDUSTOWER,SELL,ENTRY SELL,290,09:20,560,368.15,,,0,0,scanner-table preview (90/290) — no chart label,0.895,-1.735,TELECOM,0,1,0,1,1,-60.5,,,,,,,909,1.56,100% trail 15:05,2.66,0.46,0.34,0.34,2.21,0.89,TREND-DOWN
2026-09-28,M6,INOXWIND,SELL,ENTRY SELL,290,09:20,560,73.88,,,0,0,scanner-table preview (90/290) — no chart label,0.895,-1.164,GREEN,0,0,0,0,1,-60.5,,,,,,,179,0.55,100% trail 12:30,2.61,0.5,0.64,0.64,2.54,0.89,TREND-DOWN
2026-09-28,M6,IOC,SELL,ENTRY SELL,290,09:20,560,134.47,,,0,0,scanner-table preview (90/290) — no chart label,0.895,-0.906,OIL,0,0,0,0,1,-60.5,,,,,,,165,0.75,100% trail 12:30,1.55,0.27,0.83,0.83,0.86,0.89,TREND-DOWN
2026-09-28,M6,IREDA,SELL,ENTRY SELL,290,09:20,560,112.0,,,0,0,scanner-table preview (90/290) — no chart label,0.895,-1.078,FIN,0,0,0,0,1,-60.5,,,,,,,-661,-1.0,100% SL 10:00,0.11,4.21,0.11,0.11,-2.52,0.89,TREND-DOWN
2026-09-28,M6,IRFC,SELL,ENTRY SELL,290,09:20,560,78.85,,,0,0,scanner-table preview (90/290) — no chart label,0.895,-1.376,RAILWAYS,0,1,0,0,1,-60.5,,,,,,,148,0.27,OPEN,0.41,0.98,0.28,0.28,0.38,0.89,TREND-DOWN
2026-09-28,M6,ITC,SELL,ENTRY SELL,290,09:20,560,267.3,,,0,0,scanner-table preview (90/290) — no chart label,0.895,-0.632,FMCG,0,0,0,0,0,-60.5,,,,,,,351,1.02,OPEN,1.02,0.27,0.37,0.9,0.79,0.89,TREND-DOWN
2026-09-28,M6,JINDALSTEL,SELL,ENTRY SELL,290,09:25,565,1149.6,,,0,0,scanner-table preview (90/290) — no chart label,0.895,-1.305,MET,0,0,0,0,1,-60.5,,,,,,,388,1.13,OPEN,1.76,0.85,0.31,0.31,0.87,0.89,TREND-DOWN
2026-09-28,M6,JIOFIN,SELL,ENTRY SELL,290,09:20,560,224.89,,,0,0,scanner-table preview (90/290) — no chart label,0.895,-0.93,FIN,0,0,0,0,1,-60.5,,,,,,,186,0.63,100% trail 11:45,2.95,0.12,1.17,1.17,1.95,0.89,TREND-DOWN
2026-09-28,M6,JSWENERGY,SELL,ENTRY SELL,290,09:20,560,502.0,,,0,0,scanner-table preview (90/290) — no chart label,0.895,-0.898,ENE,0,0,0,0,1,-60.5,,,,,,,299,1.53,100% trail 11:25,3.0,1.18,1.33,2.25,1.39,0.89,TREND-DOWN
2026-09-28,M6,JSWSTEEL,SELL,ENTRY SELL,290,09:25,565,1265.8,,,0,0,scanner-table preview (90/290) — no chart label,0.895,-0.877,MET,0,0,0,0,1,-60.5,,,,,,,94,0.42,100% trail 15:15,1.06,0.72,0.39,0.39,0.13,0.89,TREND-DOWN
2026-09-28,M6,JUBLFOOD,SELL,ENTRY SELL,290,09:20,560,482.75,,,0,0,scanner-table preview (90/290) — no chart label,0.895,-0.371,CONSUMPTION,0,0,0,0,0,-60.5,,,,,,,375,1.37,OPEN,2.12,0.78,0.88,0.88,0.84,0.89,TREND-DOWN
2026-09-28,M6,KALYANKJIL,SELL,ENTRY SELL,290,09:20,560,563.1,,,0,0,scanner-table preview (90/290) — no chart label,0.895,-1.728,CDUR,0,0,1,0,0,-60.5,,,,,,,-114,-0.08,OPEN,0.33,0.45,0.33,0.33,-0.16,0.89,TREND-DOWN
2026-09-28,M6,KEI,SELL,ENTRY SELL,290,09:20,560,4616.5,,,0,0,scanner-table preview (90/290) — no chart label,0.895,-1.22,CAPGOODS,0,1,0,0,1,-60.5,,,,,,,340,1.1,100% trail 12:05,2.69,0.48,0.68,0.69,2.18,0.89,TREND-DOWN
2026-09-28,M6,KOTAKBANK,SELL,ENTRY SELL,290,09:20,560,398.05,,,0,0,scanner-table preview (90/290) — no chart label,0.895,-1.473,BANK,0,0,0,0,1,-60.5,,,,,,,-592,-1.0,100% SL 14:00,0.51,1.39,0.51,0.51,-0.88,0.89,TREND-DOWN
2026-09-28,M6,KPITTECH,SELL,ENTRY SELL,290,09:20,560,514.4,,,0,0,scanner-table preview (90/290) — no chart label,0.895,-0.963,IT,0,0,1,0,0,-60.5,,,,,,,140,0.61,100% trail 12:10,2.18,0.3,0.94,0.94,1.05,0.89,TREND-DOWN
2026-09-28,M6,LAURUSLABS,SELL,ENTRY SELL,290,09:25,565,1986.6,,,0,0,scanner-table preview (90/290) — no chart label,0.895,-1.016,PHA,0,0,0,0,0,-60.5,,,,,,,-591,-1.0,100% SL 09:50,0.05,1.28,0.05,0.05,-1.21,0.89,TREND-DOWN
2026-09-28,M6,LODHA,SELL,ENTRY SELL,290,09:20,560,1144.1,,,0,0,scanner-table preview (90/290) — no chart label,0.895,-1.794,REALTY,0,0,0,0,1,-60.5,,,,,,,1120,1.4,OPEN,1.49,0.37,0.5,0.75,2.36,0.89,TREND-DOWN
2026-09-28,M6,LT,SELL,ENTRY SELL,290,09:20,560,3837.6,,,0,0,scanner-table preview (90/290) — no chart label,0.895,-0.996,INFRA,0,0,0,0,1,-60.5,,,,,,,884,3.73,OPEN,3.73,0.5,0.7,0.92,1.86,0.89,TREND-DOWN
2026-09-28,M6,LTF,SELL,ENTRY SELL,290,09:20,560,280.3,,,0,0,scanner-table preview (90/290) — no chart label,0.895,-1.303,FIN,0,0,0,0,1,-60.5,,,,,,,-579,-1.0,100% SL 11:50,0.83,1.14,0.83,0.83,-0.2,0.89,TREND-DOWN
2026-09-28,M6,LTM,SELL,ENTRY SELL,290,09:20,560,4047.2,,,0,0,scanner-table preview (90/290) — no chart label,0.895,-0.877,IT,0,0,1,0,0,-60.5,,,,,,,-525,-1.0,100% SL 11:00,0.74,2.33,0.74,0.74,-1.09,0.89,TREND-DOWN
2026-09-28,M6,M&M,SELL,ENTRY SELL,290,09:20,560,2998.0,,,0,0,scanner-table preview (90/290) — no chart label,0.895,-1.219,AUTO,0,0,0,0,1,-60.5,,,,,,,8,0.13,OPEN,0.9,0.34,0.52,0.52,0.1,0.89,TREND-DOWN
2026-09-28,M6,MANKIND,SELL,ENTRY SELL,290,09:25,565,2473.7,,,0,0,scanner-table preview (90/290) — no chart label,0.895,-0.048,PHA,0,0,0,0,0,-60.5,,,,,,,421,2.0,100% trail 11:55,3.0,1.09,0.57,1.09,1.54,0.89,TREND-DOWN
2026-09-28,M6,MAXHEALTH,SELL,ENTRY SELL,290,09:20,560,993.4,,,0,0,scanner-table preview (90/290) — no chart label,0.895,-2.032,HOSPITALS,0,0,1,0,0,-60.5,,,,,,,-377,-0.38,OPEN,0.22,0.9,0.22,0.22,-0.67,0.89,TREND-DOWN
2026-09-28,M6,MAZDOCK,SELL,ENTRY SELL,290,09:20,560,2168.5,,,0,0,scanner-table preview (90/290) — no chart label,0.895,-1.414,DEF,0,0,0,0,1,-60.5,,,,,,,660,1.26,OPEN,1.55,0.25,0.56,0.56,1.41,0.89,TREND-DOWN
2026-09-28,M6,MCX,SELL,ENTRY SELL,290,09:25,565,3279.1,,,0,0,scanner-table preview (90/290) — no chart label,0.895,-1.377,CAPMKTS,0,1,0,0,1,-60.5,,,,,,,-545,-1.0,100% SL 10:10,0.9,1.37,0.32,0.32,0.48,0.89,TREND-DOWN
2026-09-28,M6,MOTHERSON,SELL,ENTRY SELL,290,09:20,560,163.45,,,0,0,scanner-table preview (90/290) — no chart label,0.895,-1.364,AUTO,0,0,0,0,1,-60.5,,,,,,,287,0.52,OPEN,0.95,0.61,0.38,0.38,0.66,0.89,TREND-DOWN
2026-09-28,M6,MOTILALOFS,SELL,ENTRY SELL,290,09:20,560,1008.8,,,0,0,scanner-table preview (90/290) — no chart label,0.895,-1.963,CAPMKTS,0,1,0,0,1,-60.5,,,,,,,-175,-0.15,OPEN,0.48,0.53,0.48,0.48,-0.28,0.89,TREND-DOWN
2026-09-28,M6,MUTHOOTFIN,SELL,ENTRY SELL,290,09:25,565,2779.9,,,0,0,scanner-table preview (90/290) — no chart label,0.895,-1.944,FIN,0,0,0,0,1,-60.5,,,,,,,298,0.76,OPEN,0.86,0.8,0.39,0.39,0.72,0.89,TREND-DOWN
2026-09-28,M6,NAM-INDIA,SELL,ENTRY SELL,290,09:20,560,1120.0,,,0,0,scanner-table preview (90/290) — no chart label,0.895,-3.198,CAPMKTS,0,1,0,0,1,-60.5,,,,,,,654,0.77,OPEN,0.84,0.21,0.08,0.08,2.33,0.89,TREND-DOWN
2026-09-28,M6,NATIONALUM,SELL,ENTRY SELL,290,09:20,560,346.3,,,0,0,scanner-table preview (90/290) — no chart label,0.895,-3.457,MET,0,0,0,0,1,-60.5,,,,,,,-320,-0.32,OPEN,0.23,0.44,0.2,0.2,-0.78,0.89,TREND-DOWN
2026-09-28,M6,NBCC,SELL,ENTRY SELL,290,09:20,560,81.69,,,0,0,scanner-table preview (90/290) — no chart label,0.895,-1.412,PSE,0,0,0,0,1,-60.5,,,,,,,337,1.11,100% trail 13:25,2.67,0.43,1.25,1.25,1.81,0.89,TREND-DOWN
2026-09-28,M6,NESTLEIND,SELL,ENTRY SELL,290,09:20,560,1346.7,,,0,0,scanner-table preview (90/290) — no chart label,0.895,-1.167,FMCG,0,0,0,0,0,-60.5,,,,,,,-205,-1.0,100% SL 09:40,0.79,3.15,0.38,0.38,0.05,0.89,TREND-DOWN
2026-09-28,M6,NHPC,SELL,ENTRY SELL,290,09:20,560,75.28,,,0,0,scanner-table preview (90/290) — no chart label,0.895,-0.947,ENE,0,0,0,0,1,-60.5,,,,,,,420,1.33,100% trail 14:55,1.66,0.33,0.26,0.28,1.04,0.89,TREND-DOWN
2026-09-28,M6,NMDC,SELL,ENTRY SELL,290,09:25,565,79.46,,,0,0,scanner-table preview (90/290) — no chart label,0.895,-0.551,MET,0,0,0,0,1,-60.5,,,,,,,1235,1.5,OPEN,1.49,0.39,0.38,0.38,2.55,0.89,TREND-DOWN
2026-09-28,M6,NTPC,SELL,ENTRY SELL,290,09:20,560,324.25,,,0,0,scanner-table preview (90/290) — no chart label,0.895,-0.72,ENE,0,0,0,0,1,-60.5,,,,,,,87,0.51,100% trail 11:35,1.82,0.29,0.56,1.22,0.97,0.89,TREND-DOWN
2026-09-28,M6,OBEROIRLTY,SELL,ENTRY SELL,290,09:25,565,1839.9,,,0,0,scanner-table preview (90/290) — no chart label,0.895,-1.001,REALTY,0,0,0,0,1,-60.5,,,,,,,-98,-0.04,100% trail 10:40,1.7,1.44,1.4,1.4,0.54,0.89,TREND-DOWN
2026-09-28,M6,OIL,SELL,ENTRY SELL,290,09:20,560,468.0,,,0,0,scanner-table preview (90/290) — no chart label,0.895,-1.505,OIL,0,0,0,0,1,-60.5,,,,,,,-42,0.0,OPEN,0.67,0.41,0.07,0.07,-0.0,0.89,TREND-DOWN
2026-09-28,M6,ONGC,SELL,ENTRY SELL,290,09:20,560,233.4,,,0,0,scanner-table preview (90/290) — no chart label,0.895,-1.043,OIL,0,0,0,0,1,-60.5,,,,,,,193,0.61,100% trail 13:00,1.65,0.58,0.08,0.08,1.46,0.89,TREND-DOWN
2026-09-28,M6,PATANJALI,SELL,ENTRY SELL,290,09:20,560,396.2,,,0,0,scanner-table preview (90/290) — no chart label,0.895,-1.919,FMCG,0,0,0,0,0,-60.5,,,,,,,638,0.95,OPEN,1.87,0.51,0.02,0.02,1.36,0.89,TREND-DOWN
2026-09-28,M6,PAYTM,SELL,ENTRY SELL,290,09:25,565,1641.2,,,0,0,scanner-table preview (90/290) — no chart label,0.895,-1.959,NEWAGE,0,0,0,0,1,-60.5,,,,,,,-863,-1.0,100% SL 12:40,0.55,1.37,0.17,0.17,0.33,0.89,TREND-DOWN
2026-09-28,M6,PERSISTENT,SELL,ENTRY SELL,290,09:20,560,5322.0,,,0,0,scanner-table preview (90/290) — no chart label,0.895,-0.931,IT,0,0,1,0,0,-60.5,,,,,,,-98,-0.12,OPEN,0.64,0.82,0.64,0.64,-0.12,0.89,TREND-DOWN
2026-09-28,M6,PFC,SELL,ENTRY SELL,290,09:20,560,334.95,,,0,0,scanner-table preview (90/290) — no chart label,0.895,-0.902,FIN,0,0,0,0,1,-60.5,,,,,,,327,0.91,100% trail 11:30,1.91,0.08,1.14,1.6,1.48,0.89,TREND-DOWN
2026-09-28,M6,PHOENIXLTD,SELL,ENTRY SELL,290,09:25,565,1953.8,,,0,0,scanner-table preview (90/290) — no chart label,0.895,-1.243,REALTY,0,0,0,0,1,-60.5,,,,,,,-1,0.1,OPEN,0.83,0.57,0.62,0.62,0.08,0.89,TREND-DOWN
2026-09-28,M6,PNB,SELL,ENTRY SELL,290,09:20,560,115.07,,,0,0,scanner-table preview (90/290) — no chart label,0.895,-1.312,PSUBK,0,0,0,1,1,-60.5,,,,,,,572,1.13,100% trail 13:10,1.96,0.09,0.57,1.0,2.15,0.89,TREND-DOWN
2026-09-28,M6,PNBHOUSING,SELL,ENTRY SELL,290,09:20,560,1073.9,,,0,0,scanner-table preview (90/290) — no chart label,0.895,-1.918,FIN,0,0,0,0,1,-60.5,,,,,,,-655,-1.0,100% SL 10:45,0.69,1.96,0.69,0.69,-1.03,0.89,TREND-DOWN
2026-09-28,M6,POLYCAB,SELL,ENTRY SELL,290,09:20,560,8337.0,,,0,0,scanner-table preview (90/290) — no chart label,0.895,-0.85,CAPGOODS,0,1,0,0,1,-60.5,,,,,,,509,2.13,100% trail 11:45,2.87,0.5,1.13,1.92,1.75,0.89,TREND-DOWN
2026-09-28,M6,POWERGRID,SELL,ENTRY SELL,290,09:20,560,266.55,,,0,0,scanner-table preview (90/290) — no chart label,0.895,-1.095,ENE,0,0,0,0,1,-60.5,,,,,,,837,1.71,OPEN,1.71,0.27,0.29,0.53,1.76,0.89,TREND-DOWN
2026-09-28,M6,PREMIERENE,SELL,ENTRY SELL,290,09:20,560,887.4,,,0,0,scanner-table preview (90/290) — no chart label,0.895,-1.004,GREEN,0,0,0,0,1,-60.5,,,,,,,-721,-1.03,100% SL 11:30,0.4,2.27,0.4,0.4,-2.1,0.89,TREND-DOWN
2026-09-28,M6,PRESTIGE,SELL,ENTRY SELL,290,09:20,560,1449.5,,,0,0,scanner-table preview (90/290) — no chart label,0.895,-1.915,REALTY,0,0,0,0,1,-60.5,,,,,,,-417,-1.0,100% trail 10:35,1.25,2.2,1.25,1.25,-1.47,0.89,TREND-DOWN
2026-09-28,M6,RBLBANK,SELL,ENTRY SELL,290,09:25,565,408.4,,,0,0,scanner-table preview (90/290) — no chart label,0.895,-1.602,BANK,0,0,0,0,1,-60.5,,,,,,,129,0.27,OPEN,0.75,0.62,0.75,0.75,0.34,0.89,TREND-DOWN
2026-09-28,M6,RECLTD,SELL,ENTRY SELL,290,09:20,560,308.7,,,0,0,scanner-table preview (90/290) — no chart label,0.895,-1.358,FIN,0,0,0,0,1,-60.5,,,,,,,72,0.44,100% trail 11:25,2.41,0.49,1.11,1.79,1.77,0.89,TREND-DOWN
2026-09-28,M6,RELIANCE,SELL,ENTRY SELL,290,09:20,560,1214.0,,,0,0,scanner-table preview (90/290) — no chart label,0.895,-0.979,ENE,0,0,0,0,1,-60.5,,,,,,,630,2.76,OPEN,2.79,0.29,0.96,0.96,1.35,0.89,TREND-DOWN
2026-09-28,M6,RVNL,SELL,ENTRY SELL,290,09:20,560,204.52,,,0,0,scanner-table preview (90/290) — no chart label,0.895,-1.198,RAILWAYS,0,1,0,0,1,-60.5,,,,,,,212,0.77,100% trail 14:45,1.39,0.75,0.91,0.91,0.87,0.89,TREND-DOWN
2026-09-28,M6,SAIL,SELL,ENTRY SELL,290,09:25,565,183.59,,,0,0,scanner-table preview (90/290) — no chart label,0.895,-0.762,MET,0,0,0,0,1,-60.5,,,,,,,-719,-1.0,100% SL 14:05,0.36,1.94,0.36,0.36,-0.33,0.89,TREND-DOWN
2026-09-28,M6,SBIN,SELL,ENTRY SELL,290,09:20,560,974.1,,,0,0,scanner-table preview (90/290) — no chart label,0.895,-0.905,PSUBK,0,0,0,1,1,-60.5,,,,,,,326,1.14,100% trail 10:45,2.54,0.14,1.11,1.44,1.24,0.89,TREND-DOWN
2026-09-28,M6,SHRIRAMFIN,SELL,ENTRY SELL,290,09:25,565,978.9,,,0,0,scanner-table preview (90/290) — no chart label,0.895,-1.529,FIN,0,0,0,0,1,-60.5,,,,,,,91,0.21,OPEN,0.7,0.46,0.27,0.27,0.27,0.89,TREND-DOWN
2026-09-28,M6,SIEMENS,SELL,ENTRY SELL,290,09:20,560,3814.4,,,0,0,scanner-table preview (90/290) — no chart label,0.895,-1.615,CAPGOODS,0,1,0,0,1,-60.5,,,,,,,334,0.59,OPEN,0.87,0.32,0.46,0.46,0.76,0.89,TREND-DOWN
2026-09-28,M6,SONACOMS,SELL,ENTRY SELL,290,09:20,560,811.1,,,0,0,scanner-table preview (90/290) — no chart label,0.895,-1.625,AUTO,0,0,0,0,1,-60.5,,,,,,,-891,-1.0,100% SL 11:45,0.35,1.23,0.26,0.26,0.39,0.89,TREND-DOWN
2026-09-28,M6,TATAELXSI,SELL,ENTRY SELL,290,09:20,560,3182.7,,,0,0,scanner-table preview (90/290) — no chart label,0.895,-0.132,IT,0,0,1,0,0,-60.5,,,,,,,216,1.04,100% trail 09:45,1.09,1.55,1.09,1.09,-0.26,0.89,TREND-DOWN
2026-09-28,M6,TATAPOWER,SELL,ENTRY SELL,290,09:20,560,363.25,,,0,0,scanner-table preview (90/290) — no chart label,0.895,-1.156,ENE,0,0,0,0,1,-60.5,,,,,,,143,0.48,OPEN,1.12,0.43,0.59,0.59,0.37,0.89,TREND-DOWN
2026-09-28,M6,TATASTEEL,SELL,ENTRY SELL,290,09:20,560,186.8,,,0,0,scanner-table preview (90/290) — no chart label,0.895,-0.622,MET,0,0,0,0,1,-60.5,,,,,,,91,0.28,OPEN,0.81,0.93,0.55,0.55,0.27,0.89,TREND-DOWN
2026-09-28,M6,TECHM,SELL,ENTRY SELL,290,09:25,565,1543.5,,,0,0,scanner-table preview (90/290) — no chart label,0.895,-0.291,IT,0,0,1,0,0,-60.5,,,,,,,153,0.54,100% trail 11:30,1.21,0.62,0.59,1.12,0.08,0.89,TREND-DOWN
2026-09-28,M6,TIINDIA,SELL,ENTRY SELL,290,09:20,560,2492.8,,,0,0,scanner-table preview (90/290) — no chart label,0.895,-0.729,AUTO,0,0,0,0,1,-60.5,,,,,,,-464,-1.0,100% SL 09:55,2.6,1.38,0.11,0.11,1.36,0.89,TREND-DOWN
2026-09-28,M6,TITAN,SELL,ENTRY SELL,290,09:25,565,4827.0,,,0,0,scanner-table preview (90/290) — no chart label,0.895,-1.167,CDUR,0,0,1,0,0,-60.5,,,,,,,34,0.14,OPEN,0.32,0.24,0.23,0.23,0.16,0.89,TREND-DOWN
2026-09-28,M6,TMPV,SELL,ENTRY SELL,290,09:20,560,288.3,,,0,0,scanner-table preview (90/290) — no chart label,0.895,-0.74,AUTO,0,0,0,0,1,-60.5,,,,,,,405,1.03,100% trail 10:55,2.83,0.25,0.83,1.38,2.27,0.89,TREND-DOWN
2026-09-28,M6,TORNTPHARM,SELL,ENTRY SELL,290,09:20,560,4938.0,,,0,0,scanner-table preview (90/290) — no chart label,0.895,-1.012,PHA,0,0,0,0,0,-60.5,,,,,,,328,0.85,100% trail 14:10,1.7,0.18,0.49,0.84,1.4,0.89,TREND-DOWN
2026-09-28,M6,UNIONBANK,SELL,ENTRY SELL,290,09:20,560,177.15,,,0,0,scanner-table preview (90/290) — no chart label,0.895,-1.693,PSUBK,0,0,0,1,1,-60.5,,,,,,,625,1.8,100% trail 11:20,3.87,0.08,1.6,2.22,3.05,0.89,TREND-DOWN
2026-09-28,M6,UNITDSPR,SELL,ENTRY SELL,290,09:20,560,1409.7,,,0,0,scanner-table preview (90/290) — no chart label,0.895,-0.99,FMCG,0,0,0,0,0,-60.5,,,,,,,-321,-1.0,100% SL 10:15,0.55,1.54,0.55,0.55,-0.4,0.89,TREND-DOWN
2026-09-28,M6,VBL,SELL,ENTRY SELL,290,09:20,560,427.8,,,0,0,scanner-table preview (90/290) — no chart label,0.895,-1.61,FMCG,0,0,0,0,0,-60.5,,,,,,,-297,-0.44,OPEN,0.31,0.63,0.31,0.31,-0.51,0.89,TREND-DOWN
2026-09-28,M6,VEDL,SELL,ENTRY SELL,290,09:20,560,259.5,,,0,0,scanner-table preview (90/290) — no chart label,0.895,-2.572,MET,0,0,0,0,1,-60.5,,,,,,,54,0.11,OPEN,0.27,0.64,0.27,0.27,0.19,0.89,TREND-DOWN
2026-09-28,M6,VMM,SELL,ENTRY SELL,290,09:20,560,102.95,,,0,0,scanner-table preview (90/290) — no chart label,0.895,-0.531,CONSUMPTION,0,0,0,0,0,-60.5,,,,,,,996,2.58,OPEN,2.95,0.18,0.66,0.66,2.08,0.89,TREND-DOWN
2026-09-28,M6,WAAREEENER,SELL,ENTRY SELL,290,09:20,560,2484.6,,,0,0,scanner-table preview (90/290) — no chart label,0.895,-0.417,GREEN,0,0,0,0,1,-60.5,,,,,,,133,0.57,100% trail 10:10,2.36,0.44,1.07,1.07,1.19,0.89,TREND-DOWN
2026-09-28,M6,WIPRO,SELL,ENTRY SELL,290,09:20,560,163.15,,,0,0,scanner-table preview (90/290) — no chart label,0.895,-0.53,IT,0,0,1,0,0,-60.5,,,,,,,334,1.1,100% trail 11:35,1.72,0.49,1.19,1.43,0.97,0.89,TREND-DOWN
2026-09-28,M6,YESBANK,SELL,ENTRY SELL,290,09:20,560,21.74,,,0,0,scanner-table preview (90/290) — no chart label,0.895,-3.378,BANK,0,0,0,0,1,-60.5,,,,,,,834,0.96,OPEN,1.07,0.12,0.33,0.33,2.58,0.89,TREND-DOWN
2026-09-28,M6,360ONE,SELL,SELL-EX3,203,09:30,570,1051.9,,,0,0,"sector CAPMKTS bear-qualified but outside top-2 (board LOGISTICS 89, GREEN 82)",0.895,-1.966,CAPMKTS,0,1,0,0,1,-60.5,,,,,,,234,0.3,OPEN,0.37,0.4,0.04,0.04,0.66,0.89,TREND-DOWN
2026-09-28,M6,ABB,SELL,SELL-EX5,205,09:30,570,6933.0,,,0,0,"sector CAPGOODS bear-qualified but outside top-2 (board LOGISTICS 89, GREEN 82)",0.895,-1.694,CAPGOODS,0,1,0,0,1,-60.5,,,,,,,-317,-0.41,OPEN,0.23,0.65,0.23,0.23,-0.57,0.89,TREND-DOWN
2026-09-28,M6,ABCAPITAL,SELL,SELL-EX3,203,09:30,570,381.7,,,0,0,sector FIN not bear-qualified (bull 3/bear 72),0.895,-2.128,FIN,0,0,0,0,1,-60.5,,,,,,,-168,-0.14,OPEN,0.13,0.39,0.13,0.13,-0.26,0.89,TREND-DOWN
2026-09-28,M6,ADANIENSOL,SELL,SELL-EX1,201,10:20,620,1311.5,,,0,0,"sector ENE bear-qualified but outside top-2 (board LOGISTICS 89, GREEN 82)",0.895,-2.017,ENE,0,0,0,0,1,-60.5,,,,,,,855,2.1,OPEN,2.47,0.49,0.48,0.76,1.8,0.89,TREND-DOWN
2026-09-28,M6,ADANIENT,SELL,SELL-EX1,201,10:20,620,2846.6,,,0,0,sector INFRA not bear-qualified (bull 4/bear 66),0.895,-2.397,INFRA,0,0,0,0,1,-60.5,,,,,,,222,0.5,OPEN,1.13,0.52,0.2,0.41,0.54,0.89,TREND-DOWN
2026-09-28,M6,ADANIGREEN,SELL,SELL-EX1,201,10:05,605,1276.7,,,0,0,lags own sector (stock -1.39% vs GREEN -1.78%),0.895,-1.535,GREEN,0,0,0,0,1,-60.5,,,,,,,1449,2.88,100% trail 14:45,3.72,0.33,2.17,2.42,3.27,0.89,TREND-DOWN
2026-09-28,M6,ADANIPORTS,SELL,SELL-EX3,203,09:30,570,1770.0,,,0,0,lags own sector (stock -1.06% vs LOGISTICS -1.90%),0.895,-1.007,LOGISTICS,0,1,0,1,1,-60.5,,,,,,,712,1.29,100% trail 13:35,1.5,0.23,0.19,0.51,1.49,0.89,TREND-DOWN
2026-09-28,M6,ADANIPOWER,SELL,SELL-EX1,201,10:05,605,200.15,,,0,0,"sector ENE bear-qualified but outside top-2 (board LOGISTICS 89, GREEN 82)",0.895,-1.282,ENE,0,0,0,0,1,-60.5,,,,,,,956,1.19,OPEN,1.41,0.15,0.54,0.58,2.0,0.89,TREND-DOWN
2026-09-28,M6,ALKEM,SELL,SELL-EX5,205,10:05,605,5219.0,,,0,0,sector PHA not bear-qualified (bull 8/bear 55),0.895,-1.043,PHA,0,0,0,0,0,-60.5,,,,,,,356,1.16,OPEN,2.16,0.68,0.96,0.96,0.84,0.89,TREND-DOWN
2026-09-28,M6,AMBER,SELL,NORMAL SELL,280,10:25,625,6896.0,,,0,0,sector CDUR not bear-qualified (bull 8/bear 51),0.895,-0.92,CDUR,0,0,1,0,0,-60.5,,,,,,,-501,-1.0,100% SL 11:00,0.25,2.4,0.25,0.25,-1.36,0.89,TREND-DOWN
2026-09-28,M6,AMBUJACEM,SELL,SELL-EX3,203,09:30,570,378.7,,,0,0,sector CEMENT not bear-qualified (bull 5/bear 67),0.895,-1.329,CEMENT,0,0,0,0,1,-60.5,,,,,,,532,0.84,OPEN,0.91,0.35,0.33,0.33,1.15,0.89,TREND-DOWN
2026-09-28,M6,ANGELONE,SELL,SELL-EX3,203,09:30,570,278.4,,,0,0,"sector CAPMKTS bear-qualified but outside top-2 (board LOGISTICS 89, GREEN 82)",0.895,-3.333,CAPMKTS,0,1,0,0,1,-60.5,,,,,,,-142,-0.12,OPEN,0.05,0.51,0.02,0.02,-0.29,0.89,TREND-DOWN
2026-09-28,M6,APLAPOLLO,SELL,SELL-EX8,208,09:40,580,2188.3,,,0,0,"sector MET bear-qualified but outside top-2 (board LOGISTICS 89, GREEN 82)",0.895,-1.192,MET,0,0,0,0,1,-60.5,,,,,,,-232,-0.4,OPEN,0.59,0.53,-0.0,0.29,-0.4,0.89,TREND-DOWN
2026-09-28,M6,APOLLOHOSP,BUY,BUY-EX6,105,10:00,600,8898.0,,,0,0,sector HOSPITALS not bull-qualified (bull 35/bear 18),0.895,0.101,HOSPITALS,0,0,1,0,0,-60.5,,,,,,,-218,-0.4,OPEN,0.05,0.65,0.05,0.05,-0.43,0.89,TREND-DOWN
2026-09-28,M6,ASIANPAINT,SELL,SELL-EX1,201,09:35,575,2417.0,,,0,0,sector CHEMICALS not bear-qualified (bull 6/bear 60),0.895,-1.105,CHEMICALS,0,0,0,0,0,-60.5,,,,,,,-101,-0.15,OPEN,0.13,0.71,0.04,0.04,-0.12,0.89,TREND-DOWN
2026-09-28,M6,ASTRAL,SELL,SELL-EX12,212,09:30,570,1375.0,,,0,0,sector BUILDMAT not bear-qualified (bull 4/bear 65),0.895,-1.716,BUILDMAT,0,0,0,0,1,-60.5,,,,,,,120,0.25,OPEN,0.62,0.21,0.24,0.42,0.33,0.89,TREND-DOWN
2026-09-28,M6,AUBANK,SELL,SELL-EX8,208,09:30,570,1002.4,,,0,0,sector BANK not bear-qualified (bull 2/bear 78),0.895,-1.532,BANK,0,0,0,0,1,-60.5,,,,,,,307,0.7,OPEN,0.7,0.09,0.41,0.47,0.71,0.89,TREND-DOWN
2026-09-28,M6,AUROPHARMA,SELL,NORMAL SELL,280,10:05,605,1694.0,,,0,0,sector PHA not bear-qualified (bull 8/bear 55),0.895,-1.051,PHA,0,0,0,0,0,-60.5,,,,,,,-143,-0.31,OPEN,0.62,0.89,0.62,0.62,-0.21,0.89,TREND-DOWN
2026-09-28,M6,AXISBANK,SELL,ENTRY SELL,290,09:35,575,1210.1,,,0,0,scanner-table preview (90/290) — no chart label,0.895,-1.006,BANK,0,0,0,0,1,-60.5,,,,,,,-34,0.03,OPEN,0.67,0.54,0.26,0.26,0.02,0.89,TREND-DOWN
2026-09-28,M6,BAJAJ-AUTO,SELL,SELL-EX3,203,09:35,575,11145.0,,,0,0,sector AUTO not bear-qualified (bull 6/bear 61),0.895,-1.206,AUTO,0,0,0,0,1,-60.5,,,,,,,253,0.74,100% trail 13:30,1.7,0.27,0.29,0.4,1.09,0.89,TREND-DOWN
2026-09-28,M6,BAJAJFINSV,SELL,SELL-EX3,203,09:30,570,1743.0,,,0,0,sector FIN not bear-qualified (bull 3/bear 72),0.895,-1.581,FIN,0,0,0,0,1,-60.5,,,,,,,-293,-0.34,OPEN,0.13,0.65,0.13,0.13,-0.52,0.89,TREND-DOWN
2026-09-28,M6,BAJAJFINSV,SELL,ENTRY SELL,290,09:35,575,1741.0,,,0,0,scanner-table preview (90/290) — no chart label,0.895,-1.694,FIN,0,0,0,0,1,-60.5,,,,,,,-349,-0.39,OPEN,0.05,0.67,0.05,0.05,-0.63,0.89,TREND-DOWN
2026-09-28,M6,BANDHANBNK,SELL,SELL-EX1,201,09:35,575,184.24,,,0,0,sector BANK not bear-qualified (bull 2/bear 78),0.895,-1.843,BANK,0,0,0,0,1,-60.5,,,,,,,836,1.27,OPEN,1.43,0.68,0.07,0.15,1.76,0.89,TREND-DOWN
2026-09-28,M6,BANKBARODA,SELL,SELL-EX3,203,09:30,570,232.03,,,0,0,lags own sector (stock -1.36% vs PSUBK -2.21%),0.895,-1.373,PSUBK,0,0,0,1,1,-60.5,,,,,,,520,0.96,100% trail 13:40,1.53,0.12,0.2,0.45,1.95,0.89,TREND-DOWN
2026-09-28,M6,BANKINDIA,SELL,SELL-EX3,203,09:30,570,134.63,,,0,0,lags own sector (stock -2.18% vs PSUBK -2.21%),0.895,-2.4,PSUBK,0,0,0,1,1,-60.5,,,,,,,1535,1.75,OPEN,1.95,0.21,0.35,0.67,3.45,0.89,TREND-DOWN
2026-09-28,M6,BDL,SELL,SELL-EX3,203,09:35,575,1121.6,,,0,0,"sector DEF bear-qualified but outside top-2 (board LOGISTICS 89, GREEN 82)",0.895,-1.614,DEF,0,0,0,0,1,-60.5,,,,,,,248,0.38,OPEN,0.58,0.47,0.14,0.14,0.59,0.89,TREND-DOWN
2026-09-28,M6,BEL,SELL,SELL-EX1,201,10:25,625,386.8,,,0,0,"sector DEF bear-qualified but outside top-2 (board LOGISTICS 89, GREEN 82)",0.895,-1.715,DEF,0,0,0,0,1,-60.5,,,,,,,126,0.2,OPEN,0.42,0.2,0.22,0.38,0.34,0.89,TREND-DOWN
2026-09-28,M6,BHARATFORG,SELL,SELL-EX1,201,10:15,615,1980.9,,,0,0,sector AUTO not bear-qualified (bull 6/bear 61),0.895,-1.35,AUTO,0,0,0,0,1,-60.5,,,,,,,113,0.81,100% trail 13:10,2.98,0.36,0.17,0.8,1.21,0.89,TREND-DOWN
2026-09-28,M6,BHARTIARTL,SELL,ENTRY SELL,290,09:35,575,1765.4,,,0,0,scanner-table preview (90/290) — no chart label,0.895,-1.12,TELECOM,0,1,0,1,1,-60.5,,,,,,,-369,-1.0,100% SL 11:10,0.17,1.88,0.17,0.17,-0.34,0.89,TREND-DOWN
2026-09-28,M6,BIOCON,SELL,SELL-EX5,205,09:30,570,376.15,,,0,0,sector PHA not bear-qualified (bull 8/bear 55),0.895,-1.57,PHA,0,0,0,0,0,-60.5,,,,,,,123,0.25,OPEN,0.38,0.7,0.21,0.21,0.33,0.89,TREND-DOWN
2026-09-28,M6,BOSCHLTD,SELL,SELL-EX1,201,10:15,615,47440.0,,,0,0,sector AUTO not bear-qualified (bull 6/bear 61),0.895,-1.679,AUTO,0,0,0,0,1,-60.5,,,,,,,380,0.74,OPEN,0.93,0.28,0.3,0.4,0.89,0.89,TREND-DOWN
2026-09-28,M6,BPCL,SELL,SELL-EX3,203,09:30,570,304.35,,,0,0,sector OIL not bear-qualified (bull 6/bear 61),0.895,-1.345,OIL,0,0,0,0,1,-60.5,,,,,,,302,0.6,OPEN,0.95,0.63,0.33,0.33,0.69,0.89,TREND-DOWN
2026-09-28,M6,BRITANNIA,SELL,ENTRY SELL,290,09:35,575,4880.5,,,0,0,scanner-table preview (90/290) — no chart label,0.895,-1.154,FMCG,0,0,0,0,0,-60.5,,,,,,,-386,-0.7,OPEN,0.23,0.7,0.06,0.11,-0.71,0.89,TREND-DOWN
2026-09-28,M6,BSE,SELL,SELL-EX1,201,09:30,570,3121.5,,,0,0,"sector CAPMKTS bear-qualified but outside top-2 (board LOGISTICS 89, GREEN 82)",0.895,-2.193,CAPMKTS,0,1,0,0,1,-60.5,,,,,,,321,0.42,OPEN,0.8,0.91,0.17,0.17,0.77,0.89,TREND-DOWN
2026-09-28,M6,CAMS,SELL,SELL-EX6,206,09:35,575,700.05,,,0,0,"sector CAPMKTS bear-qualified but outside top-2 (board LOGISTICS 89, GREEN 82)",0.895,-1.032,CAPMKTS,0,1,0,0,1,-60.5,,,,,,,562,1.16,OPEN,1.31,0.44,0.41,0.41,1.21,0.89,TREND-DOWN
2026-09-28,M6,CANBK,SELL,SELL-EX3,203,09:30,570,122.68,,,0,0,lags own sector (stock -1.75% vs PSUBK -2.21%),0.895,-1.848,PSUBK,0,0,0,1,1,-60.5,,,,,,,784,1.23,OPEN,1.46,0.2,0.23,0.65,1.65,0.89,TREND-DOWN
2026-09-28,M6,CDSL,SELL,SELL-EX3,203,09:30,570,1301.9,,,0,0,"sector CAPMKTS bear-qualified but outside top-2 (board LOGISTICS 89, GREEN 82)",0.895,-1.222,CAPMKTS,0,1,0,0,1,-60.5,,,,,,,448,0.84,OPEN,1.0,0.44,0.49,0.49,0.99,0.89,TREND-DOWN
2026-09-28,M6,CGPOWER,SELL,SELL-EX3,203,09:30,570,870.2,,,0,0,"sector CAPGOODS bear-qualified but outside top-2 (board LOGISTICS 89, GREEN 82)",0.895,-1.783,CAPGOODS,0,1,0,0,1,-60.5,,,,,,,254,0.41,OPEN,0.5,0.66,0.05,0.05,0.6,0.89,TREND-DOWN
2026-09-28,M6,CHOLAFIN,SELL,SELL-EX3,203,09:30,570,1623.6,,,0,0,sector FIN not bear-qualified (bull 3/bear 72),0.895,-2.352,FIN,0,0,0,0,1,-60.5,,,,,,,-287,-0.29,OPEN,0.07,0.52,0.07,0.07,-0.65,0.89,TREND-DOWN
2026-09-28,M6,CIPLA,SELL,NORMAL SELL,280,09:45,585,1391.0,,,0,0,sector PHA not bear-qualified (bull 8/bear 55),0.895,-0.622,PHA,0,0,0,0,0,-60.5,,,,,,,215,0.81,OPEN,0.89,0.4,0.56,0.77,0.52,0.89,TREND-DOWN
2026-09-28,M6,COCHINSHIP,SELL,ENTRY SELL,290,09:30,570,1354.3,,,0,0,scanner-table preview (90/290) — no chart label,0.895,-1.649,DEF,0,0,0,0,1,-60.5,,,,,,,870,1.46,OPEN,1.55,0.26,0.18,0.23,1.87,0.89,TREND-DOWN
2026-09-28,M6,COCHINSHIP,SELL,NORMAL SELL,280,10:25,625,1351.3,,,0,0,"sector DEF bear-qualified but outside top-2 (board LOGISTICS 89, GREEN 82)",0.895,-1.866,DEF,0,0,0,0,1,-60.5,,,,,,,783,2.83,OPEN,3.05,0.64,0.15,0.42,1.65,0.89,TREND-DOWN
2026-09-28,M6,COLPAL,SELL,SELL-EX8,208,09:30,570,1836.6,,,0,0,"sector FMCG bear-qualified but outside top-2 (board LOGISTICS 89, GREEN 82)",0.895,-1.035,FMCG,0,0,0,0,0,-60.5,,,,,,,-514,-1.0,100% SL 12:00,0.61,1.35,0.11,0.11,-0.51,0.89,TREND-DOWN
2026-09-28,M6,CONCOR,SELL,SELL-EX5,205,09:30,570,456.0,,,0,0,lags own sector (stock -1.21% vs LOGISTICS -1.90%),0.895,-1.192,LOGISTICS,0,1,0,1,1,-60.5,,,,,,,137,0.46,100% trail 12:25,1.45,0.2,0.51,0.51,1.32,0.89,TREND-DOWN
2026-09-28,M6,CROMPTON,SELL,SELL-EX3,203,09:30,570,214.99,,,0,0,sector CDUR not bear-qualified (bull 8/bear 51),0.895,-1.651,CDUR,0,0,1,0,0,-60.5,,,,,,,-983,-1.0,100% SL 11:40,0.12,1.57,0.12,0.12,-1.77,0.89,TREND-DOWN
2026-09-28,M6,CUMMINSIND,SELL,SELL-EX1,201,10:15,615,4868.0,,,0,0,"sector CAPGOODS bear-qualified but outside top-2 (board LOGISTICS 89, GREEN 82)",0.895,-1.557,CAPGOODS,0,1,0,0,1,-60.5,,,,,,,214,1.31,100% trail 15:10,2.07,0.76,0.57,0.57,0.27,0.89,TREND-DOWN
2026-09-28,M6,DABUR,SELL,SELL-EX1,201,09:35,575,382.55,,,0,0,"sector FMCG bear-qualified but outside top-2 (board LOGISTICS 89, GREEN 82)",0.895,-0.791,FMCG,0,0,0,0,0,-60.5,,,,,,,-325,-1.0,100% SL 09:45,0.3,2.02,0.3,0.3,-0.84,0.89,TREND-DOWN
2026-09-28,M6,DALBHARAT,SELL,SELL-EX5,205,09:35,575,1679.1,,,0,0,sector CEMENT not bear-qualified (bull 5/bear 67),0.895,-0.645,CEMENT,0,0,0,0,1,-60.5,,,,,,,261,0.61,100% trail 13:15,1.47,0.69,0.0,1.32,1.37,0.89,TREND-DOWN
2026-09-28,M6,DELHIVERY,SELL,SELL-EX3,203,09:30,570,414.05,,,0,0,lags own sector (stock -1.70% vs LOGISTICS -1.90%),0.895,-2.046,LOGISTICS,0,1,0,1,1,-60.5,,,,,,,671,0.9,100% trail 15:05,1.28,0.27,0.5,0.71,1.58,0.89,TREND-DOWN
2026-09-28,M6,DIXON,SELL,ENTRY SELL,290,09:30,570,13251.0,,,0,0,scanner-table preview (90/290) — no chart label,0.895,-1.038,CDUR,0,0,1,0,0,-60.5,,,,,,,-336,-1.0,100% SL 09:50,0.15,5.81,0.15,0.15,-2.94,0.89,TREND-DOWN
2026-09-28,M6,DLF,SELL,SELL-EX3,203,09:30,570,666.55,,,0,0,"sector REALTY bear-qualified but outside top-2 (board LOGISTICS 89, GREEN 82)",0.895,-2.408,REALTY,0,0,0,0,1,-60.5,,,,,,,183,0.33,OPEN,0.33,0.59,0.21,0.21,0.45,0.89,TREND-DOWN
2026-09-28,M6,DRREDDY,BUY,BUY-EX,101,09:50,590,1218.8,,,0,0,sector PHA not bull-qualified (bull 8/bear 55),0.895,1.482,PHA,0,0,0,0,0,-60.5,,,,,,,59,0.16,OPEN,0.78,0.48,0.14,0.14,0.18,0.89,TREND-DOWN
2026-09-28,M6,EICHERMOT,SELL,SELL-EX3,203,09:30,570,7279.5,,,0,0,sector AUTO not bear-qualified (bull 6/bear 61),0.895,-1.094,AUTO,0,0,0,0,1,-60.5,,,,,,,157,1.02,100% trail 12:50,2.35,0.31,0.29,1.0,0.91,0.89,TREND-DOWN
2026-09-28,M6,ETERNAL,SELL,ENTRY SELL,290,09:35,575,331.15,,,0,0,scanner-table preview (90/290) — no chart label,0.895,-1.149,NEWAGE,0,0,0,0,1,-60.5,,,,,,,-12,0.05,OPEN,0.6,0.43,0.15,0.15,0.06,0.89,TREND-DOWN
2026-09-28,M6,EXIDEIND,SELL,SELL-EX3,203,09:35,575,417.0,,,0,0,sector AUTO not bear-qualified (bull 6/bear 61),0.895,-1.57,AUTO,0,0,0,0,1,-60.5,,,,,,,571,0.95,100% EOD 15:20,1.06,0.56,0.11,0.11,1.34,0.89,TREND-DOWN
2026-09-28,M6,FORCEMOT,BUY,BUY-EX6,105,10:00,600,17327.0,,,0,0,sector AUTO not bull-qualified (bull 6/bear 61),0.895,-0.351,AUTO,0,0,0,0,1,-60.5,,,,,,,-482,-1.0,100% SL 11:10,0.12,1.34,0.12,0.12,-1.31,0.89,TREND-DOWN
2026-09-28,M6,FORTIS,SELL,SELL-EX12,212,09:30,570,825.1,,,0,0,sector HOSPITALS not bear-qualified (bull 35/bear 18),0.895,-1.522,HOSPITALS,0,0,1,0,0,-60.5,,,,,,,-381,-0.38,OPEN,0.51,0.71,0.31,0.51,-0.68,0.89,TREND-DOWN
2026-09-28,M6,FORTIS,SELL,SELL-EX1,201,10:15,615,819.65,,,0,0,sector HOSPITALS not bear-qualified (bull 35/bear 18),0.895,-2.172,HOSPITALS,0,0,1,0,0,-60.5,,,,,,,-642,-1.0,100% SL 13:15,0.24,1.76,0.24,0.24,-1.35,0.89,TREND-DOWN
2026-09-28,M6,GAIL,SELL,SELL-EX2,202,10:20,620,171.56,,,0,0,sector OIL not bear-qualified (bull 6/bear 61),0.895,-0.66,OIL,0,0,0,0,1,-60.5,,,,,,,-301,-0.29,OPEN,0.17,0.39,0.17,0.17,-0.52,0.89,TREND-DOWN
2026-09-28,M6,GLENMARK,SELL,SELL-EX19,219,10:15,615,2341.6,,,0,0,sector PHA not bear-qualified (bull 8/bear 55),0.895,-1.613,PHA,0,0,0,0,0,-60.5,,,,,,,213,1.06,100% trail 15:10,2.05,0.8,0.89,0.89,0.68,0.89,TREND-DOWN
2026-09-28,M6,GMRAIRPORT,SELL,SELL-EX3,203,09:30,570,96.19,,,0,0,sector INFRA not bear-qualified (bull 4/bear 66),0.895,-1.797,INFRA,0,0,0,0,1,-60.5,,,,,,,811,1.52,100% trail 14:55,1.87,0.46,0.13,0.13,1.5,0.89,TREND-DOWN
2026-09-28,M6,GODREJCP,SELL,SELL-EX3,203,09:30,570,862.65,,,0,0,"sector FMCG bear-qualified but outside top-2 (board LOGISTICS 89, GREEN 82)",0.895,-1.972,FMCG,0,0,0,0,0,-60.5,,,,,,,-346,-0.41,OPEN,0.23,0.6,0.13,0.17,-0.62,0.89,TREND-DOWN
2026-09-28,M6,GODREJPROP,SELL,SELL-EX1,201,09:30,570,1679.2,,,0,0,"sector REALTY bear-qualified but outside top-2 (board LOGISTICS 89, GREEN 82)",0.895,-1.229,REALTY,0,0,0,0,1,-60.5,,,,,,,232,0.45,OPEN,0.59,0.51,0.14,0.28,0.56,0.89,TREND-DOWN
2026-09-28,M6,GRASIM,SELL,SELL-EX1,201,10:20,620,3147.1,,,0,0,sector CEMENT not bear-qualified (bull 5/bear 67),0.895,-1.376,CEMENT,0,0,0,0,1,-60.5,,,,,,,-84,-0.2,OPEN,0.63,0.71,0.49,0.49,-0.09,0.89,TREND-DOWN
2026-09-28,M6,GVT&D,SELL,SELL-EX3,203,09:35,575,4220.7,,,0,0,"sector CAPGOODS bear-qualified but outside top-2 (board LOGISTICS 89, GREEN 82)",0.895,-1.386,CAPGOODS,0,1,0,0,1,-60.5,,,,,,,156,0.29,OPEN,0.72,0.46,0.04,0.04,0.42,0.89,TREND-DOWN
2026-09-28,M6,HAL,SELL,SELL-EX3,203,09:30,570,4725.0,,,0,0,"sector DEF bear-qualified but outside top-2 (board LOGISTICS 89, GREEN 82)",0.895,-1.562,DEF,0,0,0,0,1,-60.5,,,,,,,-547,-1.0,100% SL 10:00,0.09,1.15,0.07,0.07,-0.28,0.89,TREND-DOWN
2026-09-28,M6,HAVELLS,SELL,SELL-EX3,203,09:30,570,1082.7,,,0,0,sector CDUR not bear-qualified (bull 8/bear 51),0.895,-1.259,CDUR,0,0,1,0,0,-60.5,,,,,,,-148,-0.18,OPEN,0.63,0.4,0.12,0.34,-0.21,0.89,TREND-DOWN
2026-09-28,M6,HCLTECH,SELL,ENTRY SELL,290,09:40,580,1251.6,,,0,0,scanner-table preview (90/290) — no chart label,0.895,-0.509,IT,0,0,1,0,0,-60.5,,,,,,,-521,-1.0,100% SL 14:05,0.88,1.36,0.28,0.28,-0.08,0.89,TREND-DOWN
2026-09-28,M6,HDFCAMC,SELL,SELL-EX1,201,10:15,615,2322.1,,,0,0,"sector CAPMKTS bear-qualified but outside top-2 (board LOGISTICS 89, GREEN 82)",0.895,-2.351,CAPMKTS,0,1,0,0,1,-60.5,,,,,,,375,0.85,OPEN,0.92,0.3,0.37,0.41,0.85,0.89,TREND-DOWN
2026-09-28,M6,HDFCBANK,SELL,SELL-EX12,212,09:35,575,724.4,,,0,0,sector BANK not bear-qualified (bull 2/bear 78),0.895,-1.523,BANK,0,0,0,0,1,-60.5,,,,,,,327,0.63,OPEN,0.72,0.07,0.33,0.33,0.74,0.89,TREND-DOWN
2026-09-28,M6,HDFCLIFE,SELL,ENTRY SELL,290,09:30,570,530.05,,,0,0,scanner-table preview (90/290) — no chart label,0.895,-0.179,INSURANCE,0,0,0,0,0,-60.5,,,,,,,60,0.57,100% trail 10:45,1.47,1.61,0.58,0.96,-0.29,0.89,TREND-DOWN
2026-09-28,M6,HINDALCO,SELL,SELL-EX12,212,09:30,570,953.4,,,0,0,"sector MET bear-qualified but outside top-2 (board LOGISTICS 89, GREEN 82)",0.895,-2.416,MET,0,0,0,0,1,-60.5,,,,,,,-172,-0.19,OPEN,0.16,0.89,0.16,0.16,-0.26,0.89,TREND-DOWN
2026-09-28,M6,HINDPETRO,SELL,SELL-EX3,203,09:30,570,345.95,,,0,0,sector OIL not bear-qualified (bull 6/bear 61),0.895,-1.439,OIL,0,0,0,0,1,-60.5,,,,,,,462,1.48,OPEN,2.13,0.57,0.65,0.65,1.01,0.89,TREND-DOWN
2026-09-28,M6,HINDUNILVR,SELL,SELL-EX3,203,09:30,570,1910.1,,,0,0,"sector FMCG bear-qualified but outside top-2 (board LOGISTICS 89, GREEN 82)",0.895,-1.688,FMCG,0,0,0,0,0,-60.5,,,,,,,325,0.6,OPEN,0.69,0.28,0.1,0.1,0.74,0.89,TREND-DOWN
2026-09-28,M6,HYUNDAI,SELL,SELL-EX8,208,09:30,570,2083.2,,,0,0,sector AUTO not bear-qualified (bull 6/bear 61),0.895,-1.504,AUTO,0,0,0,0,1,-60.5,,,,,,,611,0.99,100% trail 14:05,1.45,0.33,0.14,0.38,1.56,0.89,TREND-DOWN
2026-09-28,M6,ICICIBANK,SELL,SELL-EX3,203,09:30,570,1309.8,,,0,0,sector BANK not bear-qualified (bull 2/bear 78),0.895,-1.281,BANK,0,0,0,0,1,-60.5,,,,,,,254,0.63,OPEN,0.78,0.22,0.69,0.71,0.6,0.89,TREND-DOWN
2026-09-28,M6,ICICIGI,SELL,SELL-EX5,205,09:30,570,1535.5,,,0,0,sector INSURANCE not bear-qualified (bull 7/bear 60),0.895,-1.171,INSURANCE,0,0,0,0,0,-60.5,,,,,,,-507,-1.0,100% SL 12:50,0.71,1.78,0.41,0.71,-0.29,0.89,TREND-DOWN
2026-09-28,M6,ICICIGI,SELL,ENTRY SELL,290,09:35,575,1533.8,,,0,0,scanner-table preview (90/290) — no chart label,0.895,-1.281,INSURANCE,0,0,0,0,0,-60.5,,,,,,,-561,-1.0,100% SL 12:50,0.51,1.69,0.51,0.51,-0.4,0.89,TREND-DOWN
2026-09-28,M6,IDEA,SELL,SELL-EX5,205,09:30,570,13.88,,,0,0,"sector TELECOM bear-qualified but outside top-2 (board LOGISTICS 89, GREEN 82)",0.895,-2.665,TELECOM,0,1,0,1,1,-60.5,,,,,,,900,1.07,100% trail 14:45,1.29,0.46,0.09,0.09,2.95,0.89,TREND-DOWN
2026-09-28,M6,IDFCFIRSTB,SELL,SELL-EX3,203,09:30,570,81.74,,,0,0,sector BANK not bear-qualified (bull 2/bear 78),0.895,-2.458,BANK,0,0,0,0,1,-60.5,,,,,,,567,0.67,OPEN,0.71,0.17,0.11,0.14,1.46,0.89,TREND-DOWN
2026-09-28,M6,INDHOTEL,SELL,SELL-EX3,203,09:30,570,712.25,,,0,0,sector TRAVEL not bear-qualified (bull 7/bear 64),0.895,-2.002,TRAVEL,0,0,0,0,0,-60.5,,,,,,,46,0.15,OPEN,0.23,0.92,0.08,0.08,0.18,0.89,TREND-DOWN
2026-09-28,M6,INDIANB,SELL,SELL-EX3,203,09:35,575,823.1,,,0,0,lags own sector (stock -1.02% vs PSUBK -2.21%),0.895,-1.07,PSUBK,0,0,0,1,1,-60.5,,,,,,,1197,2.28,OPEN,2.35,0.37,0.23,0.44,2.51,0.89,TREND-DOWN
2026-09-28,M6,INDIGO,SELL,NORMAL SELL,280,10:15,615,4880.0,,,0,0,sector TRAVEL not bear-qualified (bull 7/bear 64),0.895,-1.215,TRAVEL,0,0,0,0,0,-60.5,,,,,,,-76,0.05,100% trail 11:40,1.82,1.37,0.47,1.69,0.11,0.89,TREND-DOWN
2026-09-28,M6,INDUSINDBK,SELL,SELL-EX1,201,09:35,575,897.4,,,0,0,sector BANK not bear-qualified (bull 2/bear 78),0.895,-1.622,BANK,0,0,0,0,1,-60.5,,,,,,,-653,-1.0,100% SL 13:25,0.75,1.35,0.07,0.27,-1.37,0.89,TREND-DOWN
2026-09-28,M6,INFY,SELL,SELL-EX1,201,09:40,580,990.8,,,0,0,"sector IT bear-qualified but outside top-2 (board LOGISTICS 89, GREEN 82)",0.895,-0.94,IT,0,0,1,0,0,-60.5,,,,,,,-758,-1.0,100% SL 13:15,0.31,1.4,0.07,0.31,-1.25,0.89,TREND-DOWN
2026-09-28,M6,INOXWIND,SELL,SELL-EX8,208,09:30,570,73.47,,,0,0,lags own sector (stock -1.71% vs GREEN -1.78%),0.895,-1.712,GREEN,0,0,0,0,1,-60.5,,,,,,,958,1.3,OPEN,1.3,0.45,0.04,0.07,2.0,0.89,TREND-DOWN
2026-09-28,M6,IOC,SELL,SELL-EX12,212,09:35,575,133.84,,,0,0,sector OIL not bear-qualified (bull 6/bear 61),0.895,-1.371,OIL,0,0,0,0,1,-60.5,,,,,,,152,0.34,OPEN,0.52,0.41,0.08,0.12,0.39,0.89,TREND-DOWN
2026-09-28,M6,IREDA,BUY,BUY-EX6,105,10:00,600,113.87,,,0,0,sector FIN not bull-qualified (bull 3/bear 72),0.895,0.574,FIN,0,0,0,0,1,-60.5,,,,,,,318,0.46,100% trail 13:10,1.73,0.64,0.23,0.23,0.83,0.89,TREND-DOWN
2026-09-28,M6,IRFC,SELL,SELL-EX3,203,09:30,570,78.6,,,0,0,sector RAILWAYS not bear-qualified (bull 6/bear 64),0.895,-1.689,RAILWAYS,0,1,0,0,1,-60.5,,,,,,,-10,0.04,OPEN,0.15,0.99,0.04,0.04,0.06,0.89,TREND-DOWN
2026-09-28,M6,ITC,SELL,SELL-EX8,208,09:30,570,267.0,,,0,0,"sector FMCG bear-qualified but outside top-2 (board LOGISTICS 89, GREEN 82)",0.895,-0.743,FMCG,0,0,0,0,0,-60.5,,,,,,,295,0.76,OPEN,0.77,0.15,0.19,0.72,0.67,0.89,TREND-DOWN
2026-09-28,M6,JINDALSTEL,SELL,SELL-EX3,203,09:35,575,1147.9,,,0,0,"sector MET bear-qualified but outside top-2 (board LOGISTICS 89, GREEN 82)",0.895,-1.451,MET,0,0,0,0,1,-60.5,,,,,,,315,0.79,OPEN,1.31,0.87,0.09,0.09,0.72,0.89,TREND-DOWN
2026-09-28,M6,JIOFIN,SELL,SELL-EX3,203,09:30,570,223.85,,,0,0,sector FIN not bear-qualified (bull 3/bear 72),0.895,-1.388,FIN,0,0,0,0,1,-60.5,,,,,,,673,1.14,100% trail 15:15,1.58,0.15,0.42,0.42,1.5,0.89,TREND-DOWN
2026-09-28,M6,JSWENERGY,SELL,SELL-EX3,203,09:30,570,499.5,,,0,0,"sector ENE bear-qualified but outside top-2 (board LOGISTICS 89, GREEN 82)",0.895,-1.392,ENE,0,0,0,0,1,-60.5,,,,,,,-594,-1.0,100% SL 12:30,1.02,1.09,0.18,0.69,0.9,0.89,TREND-DOWN
2026-09-28,M6,JSWSTEEL,SELL,SELL-EX3,203,09:30,570,1265.3,,,0,0,"sector MET bear-qualified but outside top-2 (board LOGISTICS 89, GREEN 82)",0.895,-0.916,MET,0,0,0,0,1,-60.5,,,,,,,5,0.1,OPEN,0.97,0.74,0.33,0.33,0.09,0.89,TREND-DOWN
2026-09-28,M6,KAYNES,SELL,SELL-EX1,201,10:05,605,3592.0,,,0,0,"sector CAPGOODS bear-qualified but outside top-2 (board LOGISTICS 89, GREEN 82)",0.895,-1.589,CAPGOODS,0,1,0,0,1,-60.5,,,,,,,-542,-1.0,100% SL 11:35,0.06,2.91,0.06,0.06,-1.84,0.89,TREND-DOWN
2026-09-28,M6,KEI,SELL,SELL-EX12,212,09:35,575,4594.0,,,0,0,"sector CAPGOODS bear-qualified but outside top-2 (board LOGISTICS 89, GREEN 82)",0.895,-1.701,CAPGOODS,0,1,0,0,1,-60.5,,,,,,,741,1.28,OPEN,1.33,0.37,0.06,0.12,1.7,0.89,TREND-DOWN
2026-09-28,M6,KFINTECH,SELL,ENTRY SELL,290,09:35,575,876.05,,,0,0,scanner-table preview (90/290) — no chart label,0.895,-1.435,CAPMKTS,0,1,0,0,1,-60.5,,,,,,,-498,-0.62,OPEN,0.14,0.88,0.14,0.14,-0.91,0.89,TREND-DOWN
2026-09-28,M6,KOTAKBANK,SELL,SELL-EX3,203,09:35,575,396.4,,,0,0,sector BANK not bear-qualified (bull 2/bear 78),0.895,-1.881,BANK,0,0,0,0,1,-60.5,,,,,,,-805,-1.0,100% SL 14:00,0.07,1.28,0.07,0.07,-1.3,0.89,TREND-DOWN
2026-09-28,M6,KPITTECH,SELL,SELL-EX8,208,09:40,580,510.9,,,0,0,"sector IT bear-qualified but outside top-2 (board LOGISTICS 89, GREEN 82)",0.895,-1.637,IT,0,0,1,0,0,-60.5,,,,,,,142,0.26,OPEN,0.67,0.4,0.01,0.07,0.37,0.89,TREND-DOWN
2026-09-28,M6,LAURUSLABS,BUY,BUY-EX9,108,09:50,590,2006.0,,,0,0,sector PHA not bull-qualified (bull 8/bear 55),0.895,-0.05,PHA,0,0,0,0,0,-60.5,,,,,,,83,0.22,OPEN,0.3,0.59,0.29,0.29,0.23,0.89,TREND-DOWN
2026-09-28,M6,LICHSGFIN,BUY,BUY-EX,101,09:55,595,571.25,,,0,0,sector FIN not bull-qualified (bull 3/bear 72),0.895,0.928,FIN,0,0,0,0,1,-60.5,,,,,,,-680,-1.0,100% SL 15:05,0.51,1.17,0.26,0.26,-1.24,0.89,TREND-DOWN
2026-09-28,M6,LICI,SELL,SELL-EX1,201,09:30,570,403.5,,,0,0,sector INSURANCE not bear-qualified (bull 7/bear 60),0.895,-1.357,INSURANCE,0,0,0,0,0,-60.5,,,,,,,309,0.62,OPEN,0.64,0.56,0.23,0.26,0.71,0.89,TREND-DOWN
2026-09-28,M6,LODHA,SELL,SELL-EX3,203,09:35,575,1135.2,,,0,0,"sector REALTY bear-qualified but outside top-2 (board LOGISTICS 89, GREEN 82)",0.895,-2.558,REALTY,0,0,0,0,1,-60.5,,,,,,,531,0.64,OPEN,0.7,0.24,0.11,0.2,1.59,0.89,TREND-DOWN
2026-09-28,M6,LT,SELL,SELL-EX3,203,09:30,570,3828.6,,,0,0,sector INFRA not bear-qualified (bull 4/bear 66),0.895,-1.228,INFRA,0,0,0,0,1,-60.5,,,,,,,767,2.22,OPEN,2.22,0.45,0.15,0.31,1.62,0.89,TREND-DOWN
2026-09-28,M6,LTF,SELL,SELL-EX3,203,09:30,570,278.4,,,0,0,sector FIN not bear-qualified (bull 3/bear 72),0.895,-1.972,FIN,0,0,0,0,1,-60.5,,,,,,,-923,-1.0,100% SL 11:50,0.09,1.08,0.09,0.09,-0.88,0.89,TREND-DOWN
2026-09-28,M6,LTM,SELL,SELL-EX8,208,09:40,580,4023.1,,,0,0,"sector IT bear-qualified but outside top-2 (board LOGISTICS 89, GREEN 82)",0.895,-1.467,IT,0,0,1,0,0,-60.5,,,,,,,-815,-1.0,100% SL 11:00,0.05,1.8,0.05,0.05,-1.7,0.89,TREND-DOWN
2026-09-28,M6,LUPIN,SELL,SELL-EX1,201,09:35,575,2078.6,,,0,0,sector PHA not bear-qualified (bull 8/bear 55),0.895,-0.641,PHA,0,0,0,0,0,-60.5,,,,,,,185,0.64,100% trail 12:25,1.27,0.29,0.63,0.76,0.8,0.89,TREND-DOWN
2026-09-28,M6,M&M,SELL,SELL-EX8,208,09:30,570,2990.7,,,0,0,sector AUTO not bear-qualified (bull 6/bear 61),0.895,-1.46,AUTO,0,0,0,0,1,-60.5,,,,,,,-109,-0.15,OPEN,0.43,0.5,0.15,0.15,-0.14,0.89,TREND-DOWN
2026-09-28,M6,MANAPPURAM,SELL,SELL-EX8,208,09:30,570,326.2,,,0,0,sector FIN not bear-qualified (bull 3/bear 72),0.895,-2.335,FIN,0,0,0,0,1,-60.5,,,,,,,1978,4.24,OPEN,4.5,0.51,1.11,1.86,4.05,0.89,TREND-DOWN
2026-09-28,M6,MANKIND,SELL,SELL-EX8,208,10:15,615,2464.0,,,0,0,sector PHA not bear-qualified (bull 8/bear 55),0.895,-0.44,PHA,0,0,0,0,0,-60.5,,,,,,,175,1.01,100% trail 12:25,2.18,0.52,0.79,1.46,1.15,0.89,TREND-DOWN
2026-09-28,M6,MARICO,SELL,SELL-EX1,201,09:55,595,807.7,,,0,0,"sector FMCG bear-qualified but outside top-2 (board LOGISTICS 89, GREEN 82)",0.895,-1.38,FMCG,0,0,0,0,0,-60.5,,,,,,,-380,-0.8,OPEN,0.46,0.8,0.1,0.38,-0.69,0.89,TREND-DOWN
2026-09-28,M6,MARUTI,SELL,SELL-EX8,208,09:35,575,11985.0,,,0,0,sector AUTO not bear-qualified (bull 6/bear 61),0.895,-0.663,AUTO,0,0,0,0,1,-60.5,,,,,,,-132,-0.17,OPEN,0.3,0.7,0.03,0.03,-0.19,0.89,TREND-DOWN
2026-09-28,M6,MAZDOCK,SELL,SELL-EX3,203,09:30,570,2155.7,,,0,0,"sector DEF bear-qualified but outside top-2 (board LOGISTICS 89, GREEN 82)",0.895,-1.996,DEF,0,0,0,0,1,-60.5,,,,,,,365,0.48,OPEN,0.66,0.46,0.02,0.02,0.82,0.89,TREND-DOWN
2026-09-28,M6,MCX,SELL,SELL-EX3,203,09:30,570,3274.0,,,0,0,"sector CAPMKTS bear-qualified but outside top-2 (board LOGISTICS 89, GREEN 82)",0.895,-1.531,CAPMKTS,0,1,0,0,1,-60.5,,,,,,,-622,-1.0,100% SL 10:10,0.63,1.32,0.13,0.13,0.32,0.89,TREND-DOWN
2026-09-28,M6,MFSL,SELL,SELL-EX1,201,10:15,615,1443.8,,,0,0,sector INSURANCE not bear-qualified (bull 7/bear 60),0.895,-0.974,INSURANCE,0,0,0,0,0,-60.5,,,,,,,-48,-0.02,OPEN,0.95,0.93,0.24,0.72,-0.01,0.89,TREND-DOWN
2026-09-28,M6,MOTILALOFS,SELL,SELL-EX3,203,09:30,570,1002.6,,,0,0,"sector CAPMKTS bear-qualified but outside top-2 (board LOGISTICS 89, GREEN 82)",0.895,-2.566,CAPMKTS,0,1,0,0,1,-60.5,,,,,,,-354,-0.37,OPEN,0.11,0.65,0.11,0.11,-0.9,0.89,TREND-DOWN
2026-09-28,M6,MPHASIS,SELL,SELL-EX2,202,09:40,580,2218.2,,,0,0,"sector IT bear-qualified but outside top-2 (board LOGISTICS 89, GREEN 82)",0.895,-0.707,IT,0,0,1,0,0,-60.5,,,,,,,-466,-0.7,OPEN,0.39,0.82,0.11,0.39,-0.87,0.89,TREND-DOWN
2026-09-28,M6,MUTHOOTFIN,SELL,SELL-EX12,212,09:30,570,2776.6,,,0,0,sector FIN not bear-qualified (bull 3/bear 72),0.895,-2.06,FIN,0,0,0,0,1,-60.5,,,,,,,257,0.56,OPEN,0.65,0.82,0.23,0.23,0.6,0.89,TREND-DOWN
2026-09-28,M6,NAM-INDIA,SELL,NORMAL SELL,280,10:25,625,1116.0,,,0,0,"sector CAPMKTS bear-qualified but outside top-2 (board LOGISTICS 89, GREEN 82)",0.895,-3.544,CAPMKTS,0,1,0,0,1,-60.5,,,,,,,327,0.84,100% trail 13:20,2.2,0.27,0.29,0.46,1.98,0.89,TREND-DOWN
2026-09-28,M6,NAUKRI,BUY,BUY-EX,101,09:50,590,1257.1,,,0,0,sector NEWAGE not bull-qualified (bull 8/bear 56),0.895,0.183,NEWAGE,0,0,0,0,1,-60.5,,,,,,,-155,-0.16,OPEN,0.3,0.94,0.3,0.3,-0.25,0.89,TREND-DOWN
2026-09-28,M6,NBCC,SELL,SELL-EX3,203,09:30,570,81.26,,,0,0,"sector PSE bear-qualified but outside top-2 (board LOGISTICS 89, GREEN 82)",0.895,-1.931,PSE,0,0,0,0,1,-60.5,,,,,,,604,0.99,OPEN,1.18,0.38,0.34,0.34,1.29,0.89,TREND-DOWN
2026-09-28,M6,NHPC,SELL,SELL-EX3,203,09:35,575,75.14,,,0,0,"sector ENE bear-qualified but outside top-2 (board LOGISTICS 89, GREEN 82)",0.895,-1.132,ENE,0,0,0,0,1,-60.5,,,,,,,328,0.87,100% trail 14:55,1.14,0.35,0.01,0.11,0.85,0.89,TREND-DOWN
2026-09-28,M6,NMDC,SELL,SELL-EX3,203,09:30,570,79.29,,,0,0,"sector MET bear-qualified but outside top-2 (board LOGISTICS 89, GREEN 82)",0.895,-0.763,MET,0,0,0,0,1,-60.5,,,,,,,1057,1.22,OPEN,1.22,0.3,0.22,0.23,2.35,0.89,TREND-DOWN
2026-09-28,M6,NTPC,SELL,SELL-EX3,203,09:35,575,323.1,,,0,0,"sector ENE bear-qualified but outside top-2 (board LOGISTICS 89, GREEN 82)",0.895,-1.072,ENE,0,0,0,0,1,-60.5,,,,,,,266,0.59,OPEN,0.86,0.34,0.22,0.46,0.62,0.89,TREND-DOWN
2026-09-28,M6,NUVAMA,SELL,SELL-EX12,212,09:35,575,1612.4,,,0,0,"sector CAPMKTS bear-qualified but outside top-2 (board LOGISTICS 89, GREEN 82)",0.895,-4.104,CAPMKTS,0,1,0,0,1,-60.5,,,,,,,-459,-0.48,100% EOD 15:20,0.13,0.77,0.1,0.13,-0.98,0.89,TREND-DOWN
2026-09-28,M6,OBEROIRLTY,SELL,SELL-EX3,203,09:30,570,1835.9,,,0,0,"sector REALTY bear-qualified but outside top-2 (board LOGISTICS 89, GREEN 82)",0.895,-1.216,REALTY,0,0,0,0,1,-60.5,,,,,,,-479,-1.0,100% SL 13:25,0.95,1.32,0.74,0.74,0.32,0.89,TREND-DOWN
2026-09-28,M6,OFSS,SELL,SELL-EX1,201,09:40,580,10601.0,,,0,0,"sector IT bear-qualified but outside top-2 (board LOGISTICS 89, GREEN 82)",0.895,-1.569,IT,0,0,1,0,0,-60.5,,,,,,,-949,-1.0,100% SL 11:55,0.0,1.39,0.0,0.0,-1.88,0.89,TREND-DOWN
2026-09-28,M6,OIL,SELL,SELL-EX1,201,10:25,625,467.2,,,0,0,sector OIL not bear-qualified (bull 6/bear 61),0.895,-1.673,OIL,0,0,0,0,1,-60.5,,,,,,,89,0.51,100% trail 13:30,1.17,0.51,0.34,0.59,-0.17,0.89,TREND-DOWN
2026-09-28,M6,ONGC,SELL,NORMAL SELL,280,10:25,625,233.18,,,0,0,sector OIL not bear-qualified (bull 6/bear 61),0.895,-1.136,OIL,0,0,0,0,1,-60.5,,,,,,,146,0.73,100% trail 13:00,2.2,0.17,0.31,0.89,1.36,0.89,TREND-DOWN
2026-09-28,M6,PAGEIND,SELL,ENTRY SELL,290,09:35,575,37375.0,,,0,0,scanner-table preview (90/290) — no chart label,0.895,-0.849,CONSUMPTION,0,0,0,0,0,-60.5,,,,,,,-156,-0.4,OPEN,0.27,0.8,0.27,0.27,-0.33,0.89,TREND-DOWN
2026-09-28,M6,PERSISTENT,SELL,SELL-EX8,208,09:40,580,5289.5,,,0,0,"sector IT bear-qualified but outside top-2 (board LOGISTICS 89, GREEN 82)",0.895,-1.536,IT,0,0,1,0,0,-60.5,,,,,,,-391,-0.45,OPEN,0.02,0.89,0.02,0.02,-0.74,0.89,TREND-DOWN
2026-09-28,M6,PETRONET,BUY,BUY-EX,101,09:55,595,288.0,,,0,0,sector OIL not bull-qualified (bull 6/bear 61),0.895,0.524,OIL,0,0,0,0,1,-60.5,,,,,,,395,1.58,100% trail 12:10,2.87,1.22,1.34,1.85,0.64,0.89,TREND-DOWN
2026-09-28,M6,PFC,SELL,SELL-EX3,203,09:30,570,332.55,,,0,0,sector FIN not bear-qualified (bull 3/bear 72),0.895,-1.612,FIN,0,0,0,0,1,-60.5,,,,,,,341,0.47,OPEN,0.63,0.29,0.2,0.46,0.77,0.89,TREND-DOWN
2026-09-28,M6,PGEL,SELL,SELL-EX5,205,09:30,570,513.2,,,0,0,sector CDUR not bear-qualified (bull 8/bear 51),0.895,-1.022,CDUR,0,0,1,0,0,-60.5,,,,,,,559,0.78,OPEN,1.03,0.42,0.12,0.12,1.21,0.89,TREND-DOWN
2026-09-28,M6,PHOENIXLTD,SELL,SELL-EX8,208,09:30,570,1948.0,,,0,0,"sector REALTY bear-qualified but outside top-2 (board LOGISTICS 89, GREEN 82)",0.895,-1.537,REALTY,0,0,0,0,1,-60.5,,,,,,,-146,-0.19,OPEN,0.35,0.68,0.2,0.2,-0.22,0.89,TREND-DOWN
2026-09-28,M6,PIDILITIND,SELL,SELL-EX1,201,09:35,575,1490.5,,,0,0,sector CHEMICALS not bear-qualified (bull 6/bear 60),0.895,-1.76,CHEMICALS,0,0,0,0,0,-60.5,,,,,,,-595,-1.0,100% SL 12:40,0.22,1.12,0.09,0.09,-0.84,0.89,TREND-DOWN
2026-09-28,M6,PIIND,SELL,SELL-EX5,205,09:30,570,2361.0,,,0,0,sector CHEMICALS not bear-qualified (bull 6/bear 60),0.895,-1.625,CHEMICALS,0,0,0,0,0,-60.5,,,,,,,210,0.32,OPEN,0.84,0.26,0.1,0.22,0.51,0.89,TREND-DOWN
2026-09-28,M6,PIIND,SELL,ENTRY SELL,290,09:35,575,2359.9,,,0,0,scanner-table preview (90/290) — no chart label,0.895,-1.671,CHEMICALS,0,0,0,0,0,-60.5,,,,,,,187,0.29,OPEN,0.78,0.28,0.07,0.19,0.46,0.89,TREND-DOWN
2026-09-28,M6,PNB,SELL,SELL-EX3,203,09:30,570,114.71,,,0,0,lags own sector (stock -1.62% vs PSUBK -2.21%),0.895,-1.621,PSUBK,0,0,0,1,1,-60.5,,,,,,,876,1.24,OPEN,1.34,0.18,0.24,0.58,1.84,0.89,TREND-DOWN
2026-09-28,M6,PNBHOUSING,SELL,SELL-EX3,203,09:30,570,1068.6,,,0,0,sector FIN not bear-qualified (bull 3/bear 72),0.895,-2.402,FIN,0,0,0,0,1,-60.5,,,,,,,-897,-1.0,100% SL 10:45,0.18,1.67,0.18,0.18,-1.53,0.89,TREND-DOWN
2026-09-28,M6,POLYCAB,SELL,SELL-EX3,203,09:30,570,8309.5,,,0,0,"sector CAPGOODS bear-qualified but outside top-2 (board LOGISTICS 89, GREEN 82)",0.895,-1.177,CAPGOODS,0,1,0,0,1,-60.5,,,,,,,446,1.08,100% trail 11:45,1.58,0.19,0.42,0.96,1.43,0.89,TREND-DOWN
2026-09-28,M6,POWERGRID,SELL,SELL-EX12,212,09:35,575,266.35,,,0,0,"sector ENE bear-qualified but outside top-2 (board LOGISTICS 89, GREEN 82)",0.895,-1.169,ENE,0,0,0,0,1,-60.5,,,,,,,799,1.52,OPEN,1.53,0.08,0.24,0.54,1.69,0.89,TREND-DOWN
2026-09-28,M6,POWERINDIA,SELL,ENTRY SELL,290,09:35,575,30420.0,,,0,0,scanner-table preview (90/290) — no chart label,0.895,-1.982,CAPGOODS,0,1,0,0,1,-60.5,,,,,,,134,0.48,OPEN,1.25,0.39,0.12,0.12,0.53,0.89,TREND-DOWN
2026-09-28,M6,PREMIERENE,SELL,SELL-EX12,212,09:30,570,884.6,,,0,0,lags own sector (stock -1.71% vs GREEN -1.78%),0.895,-1.316,GREEN,0,0,0,0,1,-60.5,,,,,,,-878,-1.02,100% SL 11:30,0.12,2.01,0.12,0.12,-2.42,0.89,TREND-DOWN
2026-09-28,M6,PRESTIGE,SELL,SELL-EX3,203,09:30,570,1444.2,,,0,0,"sector REALTY bear-qualified but outside top-2 (board LOGISTICS 89, GREEN 82)",0.895,-2.274,REALTY,0,0,0,0,1,-60.5,,,,,,,-597,-1.0,100% SL 10:35,0.45,1.77,0.45,0.45,-1.84,0.89,TREND-DOWN
2026-09-28,M6,RBLBANK,SELL,SELL-EX3,203,09:30,570,405.5,,,0,0,sector BANK not bear-qualified (bull 2/bear 78),0.895,-2.301,BANK,0,0,0,0,1,-60.5,,,,,,,-204,-0.19,OPEN,0.12,0.75,0.12,0.12,-0.37,0.89,TREND-DOWN
2026-09-28,M6,RECLTD,SELL,SELL-EX3,203,09:30,570,307.05,,,0,0,sector FIN not bear-qualified (bull 3/bear 72),0.895,-1.885,FIN,0,0,0,0,1,-60.5,,,,,,,574,0.97,OPEN,0.97,0.41,0.27,0.68,1.24,0.89,TREND-DOWN
2026-09-28,M6,RELIANCE,SELL,SELL-EX8,208,09:35,575,1209.2,,,0,0,"sector ENE bear-qualified but outside top-2 (board LOGISTICS 89, GREEN 82)",0.895,-1.37,ENE,0,0,0,0,1,-60.5,,,,,,,434,1.08,OPEN,1.1,0.52,0.08,0.17,0.96,0.89,TREND-DOWN
2026-09-28,M6,RVNL,SELL,SELL-EX3,203,09:30,570,203.52,,,0,0,sector RAILWAYS not bear-qualified (bull 6/bear 64),0.895,-1.681,RAILWAYS,0,1,0,0,1,-60.5,,,,,,,147,0.3,OPEN,0.47,0.85,0.18,0.18,0.38,0.89,TREND-DOWN
2026-09-28,M6,SAIL,SELL,SELL-EX8,208,09:30,570,183.29,,,0,0,"sector MET bear-qualified but outside top-2 (board LOGISTICS 89, GREEN 82)",0.895,-0.924,MET,0,0,0,0,1,-60.5,,,,,,,-801,-1.0,100% SL 14:05,0.2,1.84,0.2,0.2,-0.5,0.89,TREND-DOWN
2026-09-28,M6,SBICARD,SELL,SELL-EX1,201,09:30,570,600.35,,,0,0,sector FIN not bear-qualified (bull 3/bear 72),0.895,-1.775,FIN,0,0,0,0,1,-60.5,,,,,,,492,0.83,100% trail 14:25,1.16,0.21,0.42,0.64,1.56,0.89,TREND-DOWN
2026-09-28,M6,SBILIFE,SELL,SELL-EX1,201,09:55,595,1737.2,,,0,0,sector INSURANCE not bear-qualified (bull 7/bear 60),0.895,-0.276,INSURANCE,0,0,0,0,0,-60.5,,,,,,,214,0.59,OPEN,0.78,0.57,0.77,0.77,0.52,0.89,TREND-DOWN
2026-09-28,M6,SBIN,SELL,SELL-EX3,203,09:30,570,970.5,,,0,0,lags own sector (stock -1.27% vs PSUBK -2.21%),0.895,-1.272,PSUBK,0,0,0,1,1,-60.5,,,,,,,392,0.79,OPEN,1.35,0.21,0.47,0.62,0.88,0.89,TREND-DOWN
2026-09-28,M6,SHRIRAMFIN,SELL,SELL-EX3,203,09:30,570,976.7,,,0,0,sector FIN not bear-qualified (bull 3/bear 72),0.895,-1.75,FIN,0,0,0,0,1,-60.5,,,,,,,-22,0.03,OPEN,0.45,0.54,0.08,0.08,0.04,0.89,TREND-DOWN
2026-09-28,M6,SIEMENS,SELL,SELL-EX3,203,09:30,570,3807.6,,,0,0,"sector CAPGOODS bear-qualified but outside top-2 (board LOGISTICS 89, GREEN 82)",0.895,-1.79,CAPGOODS,0,1,0,0,1,-60.5,,,,,,,245,0.4,OPEN,0.64,0.4,0.28,0.28,0.58,0.89,TREND-DOWN
2026-09-28,M6,SOLARINDS,SELL,ENTRY SELL,290,09:30,570,19470.0,,,0,0,scanner-table preview (90/290) — no chart label,0.895,-1.393,DEF,0,0,0,0,1,-60.5,,,,,,,607,1.29,OPEN,1.99,0.46,0.08,0.08,1.64,0.89,TREND-DOWN
2026-09-28,M6,SRF,SELL,SELL-EX1,201,09:30,570,2500.9,,,0,0,sector CHEMICALS not bear-qualified (bull 6/bear 60),0.895,-1.539,CHEMICALS,0,0,0,0,0,-60.5,,,,,,,139,0.37,OPEN,0.47,0.56,0.45,0.45,0.38,0.89,TREND-DOWN
2026-09-28,M6,SUNPHARMA,SELL,SELL-EX1,201,09:35,575,1844.1,,,0,0,sector PHA not bear-qualified (bull 8/bear 55),0.895,-0.437,PHA,0,0,0,0,0,-60.5,,,,,,,-392,-1.0,100% SL 14:05,0.54,1.1,0.1,0.42,0.33,0.89,TREND-DOWN
2026-09-28,M6,SUZLON,SELL,SELL-EX5,205,09:30,570,40.19,,,0,0,lags own sector (stock -1.35% vs GREEN -1.78%),0.895,-1.495,GREEN,0,0,0,0,1,-60.5,,,,,,,617,0.76,OPEN,0.94,0.29,0.26,0.39,1.32,0.89,TREND-DOWN
2026-09-28,M6,SWIGGY,SELL,SELL-EX1,201,09:35,575,262.0,,,0,0,sector NEWAGE not bear-qualified (bull 8/bear 56),0.895,-1.076,NEWAGE,0,0,0,0,1,-60.5,,,,,,,663,0.97,100% trail 14:00,1.67,0.27,0.12,0.95,2.29,0.89,TREND-DOWN
2026-09-28,M6,TATACONSUM,SELL,SELL-EX1,201,09:30,570,969.3,,,0,0,"sector FMCG bear-qualified but outside top-2 (board LOGISTICS 89, GREEN 82)",0.895,-1.092,FMCG,0,0,0,0,0,-60.5,,,,,,,439,0.89,100% trail 15:15,1.18,0.28,0.63,0.67,0.96,0.89,TREND-DOWN
2026-09-28,M6,TATAELXSI,SELL,SELL-EX8,208,09:35,575,3171.0,,,0,0,"sector IT bear-qualified but outside top-2 (board LOGISTICS 89, GREEN 82)",0.895,-0.499,IT,0,0,1,0,0,-60.5,,,,,,,-548,-1.0,100% SL 13:00,0.3,1.34,0.3,0.3,-0.63,0.89,TREND-DOWN
2026-09-28,M6,TATAPOWER,SELL,SELL-EX3,203,09:30,570,362.0,,,0,0,"sector ENE bear-qualified but outside top-2 (board LOGISTICS 89, GREEN 82)",0.895,-1.497,ENE,0,0,0,0,1,-60.5,,,,,,,-28,0.02,OPEN,0.47,0.59,0.1,0.1,0.03,0.89,TREND-DOWN
2026-09-28,M6,TATASTEEL,SELL,SELL-EX3,203,09:30,570,186.2,,,0,0,"sector MET bear-qualified but outside top-2 (board LOGISTICS 89, GREEN 82)",0.895,-0.942,MET,0,0,0,0,1,-60.5,,,,,,,-69,-0.04,OPEN,0.36,0.95,0.17,0.17,-0.05,0.89,TREND-DOWN
2026-09-28,M6,TCS,SELL,SELL-EX2,202,09:40,580,2063.6,,,0,0,"sector IT bear-qualified but outside top-2 (board LOGISTICS 89, GREEN 82)",0.895,-0.884,IT,0,0,1,0,0,-60.5,,,,,,,-212,-0.2,OPEN,0.35,0.79,0.2,0.35,-0.34,0.89,TREND-DOWN
2026-09-28,M6,TECHM,SELL,SELL-EX8,208,09:40,580,1536.7,,,0,0,"sector IT bear-qualified but outside top-2 (board LOGISTICS 89, GREEN 82)",0.895,-0.73,IT,0,0,1,0,0,-60.5,,,,,,,-217,-0.27,OPEN,0.48,0.74,0.08,0.48,-0.36,0.89,TREND-DOWN
2026-09-28,M6,TITAN,SELL,SELL-EX3,203,09:30,570,4817.5,,,0,0,sector CDUR not bear-qualified (bull 8/bear 51),0.895,-1.362,CDUR,0,0,1,0,0,-60.5,,,,,,,-61,-0.03,OPEN,0.12,0.35,0.04,0.04,-0.04,0.89,TREND-DOWN
2026-09-28,M6,TMPV,SELL,SELL-EX3,203,09:30,570,286.6,,,0,0,sector AUTO not bear-qualified (bull 6/bear 61),0.895,-1.326,AUTO,0,0,0,0,1,-60.5,,,,,,,802,1.09,OPEN,1.37,0.16,0.13,0.47,1.69,0.89,TREND-DOWN
2026-09-28,M6,TORNTPHARM,SELL,SELL-EX8,208,09:30,570,4921.0,,,0,0,sector PHA not bear-qualified (bull 8/bear 55),0.895,-1.353,PHA,0,0,0,0,0,-60.5,,,,,,,479,0.79,OPEN,1.01,0.21,0.11,0.36,1.06,0.89,TREND-DOWN
2026-09-28,M6,TRENT,SELL,SELL-EX2,202,09:35,575,2627.7,,,0,0,sector CONSUMPTION not bear-qualified (bull 5/bear 63),0.895,-1.558,CONSUMPTION,0,0,0,0,0,-60.5,,,,,,,-10,0.06,OPEN,0.41,0.67,0.25,0.35,0.06,0.89,TREND-DOWN
2026-09-28,M6,ULTRACEMCO,SELL,SELL-EX1,201,10:15,615,11030.0,,,0,0,sector CEMENT not bear-qualified (bull 5/bear 67),0.895,-1.121,CEMENT,0,0,0,0,1,-60.5,,,,,,,-17,0.11,OPEN,1.08,0.62,0.97,0.97,0.05,0.89,TREND-DOWN
2026-09-28,M6,UNOMINDA,SELL,ENTRY SELL,290,09:40,580,1205.8,,,0,0,scanner-table preview (90/290) — no chart label,0.895,-1.002,AUTO,0,0,0,0,1,-60.5,,,,,,,-327,-1.0,100% SL 09:50,6.3,1.39,0.65,0.65,2.72,0.89,TREND-DOWN
2026-09-28,M6,UPL,SELL,SELL-EX1,201,09:30,570,544.75,,,0,0,sector CHEMICALS not bear-qualified (bull 6/bear 60),0.895,-0.955,CHEMICALS,0,0,0,0,0,-60.5,,,,,,,-585,-1.0,100% SL 13:15,0.3,1.26,0.3,0.3,-0.87,0.89,TREND-DOWN
2026-09-28,M6,VBL,SELL,SELL-EX3,203,09:30,570,427.2,,,0,0,"sector FMCG bear-qualified but outside top-2 (board LOGISTICS 89, GREEN 82)",0.895,-1.748,FMCG,0,0,0,0,0,-60.5,,,,,,,-370,-0.5,OPEN,0.17,0.66,0.17,0.17,-0.66,0.89,TREND-DOWN
2026-09-28,M6,VMM,SELL,SELL-EX3,203,09:35,575,102.51,,,0,0,sector CONSUMPTION not bear-qualified (bull 5/bear 63),0.895,-0.957,CONSUMPTION,0,0,0,0,0,-60.5,,,,,,,786,1.34,OPEN,1.58,0.28,0.09,0.24,1.66,0.89,TREND-DOWN
2026-09-28,M6,WAAREEENER,SELL,SELL-EX3,203,09:30,570,2469.1,,,0,0,lags own sector (stock -1.04% vs GREEN -1.78%),0.895,-1.038,GREEN,0,0,0,0,1,-60.5,,,,,,,240,0.41,OPEN,0.86,0.69,0.15,0.15,0.57,0.89,TREND-DOWN
2026-09-28,M6,WIPRO,SELL,SELL-EX8,208,09:40,580,162.16,,,0,0,"sector IT bear-qualified but outside top-2 (board LOGISTICS 89, GREEN 82)",0.895,-1.134,IT,0,0,1,0,0,-60.5,,,,,,,143,0.27,OPEN,0.52,0.58,0.26,0.43,0.37,0.89,TREND-DOWN
2026-09-28,M6,ZYDUSLIFE,BUY,BUY-EX,101,09:40,580,1218.6,,,0,0,sector PHA not bull-qualified (bull 8/bear 55),0.895,1.221,PHA,0,0,0,0,0,-60.5,,,,,,,-179,-0.2,OPEN,0.56,0.62,0.4,0.56,-0.3,0.89,TREND-DOWN
2026-09-28,M6,ASHOKLEY,SELL,SELL-EX5,205,11:20,680,156.25,,,0,0,"sector AUTO bear-qualified but outside top-2 (board LOGISTICS 93, GREEN 82)",0.895,-1.779,AUTO,0,0,0,0,1,-60.5,,,,,,,288,1.61,OPEN,2.33,0.47,0.2,0.23,0.66,0.89,TREND-DOWN
2026-09-28,M6,AXISBANK,SELL,SELL-EX15,215,10:40,640,1209.0,,,0,0,sector BANK not bear-qualified (bull 3/bear 77),0.895,-1.096,BANK,0,0,0,0,1,-60.5,,,,,,,-97,-0.07,100% trail 15:10,1.16,0.99,0.61,0.61,-0.07,0.89,TREND-DOWN
2026-09-28,M6,BAJFINANCE,SELL,SELL-EX1,201,10:35,635,976.1,,,0,0,sector FIN not bear-qualified (bull 4/bear 73),0.895,-2.086,FIN,0,0,0,0,1,-60.5,,,,,,,-496,-0.55,OPEN,0.09,0.55,0.09,0.09,-0.91,0.89,TREND-DOWN
2026-09-28,M6,BHARTIARTL,BUY,BUY-EX9,108,11:10,670,1775.9,,,0,0,sector TELECOM not bull-qualified (bull 4/bear 71),0.895,-0.532,TELECOM,0,1,0,1,1,-60.5,,,,,,,-157,-0.66,OPEN,1.23,0.77,0.45,0.45,-0.25,0.89,TREND-DOWN
2026-09-28,M6,BRITANNIA,SELL,NORMAL SELL,280,10:35,635,4875.5,,,0,0,sector FMCG not bear-qualified (bull 9/bear 58),0.895,-1.256,FMCG,0,0,0,0,0,-60.5,,,,,,,-366,-1.0,100% SL 13:55,0.23,1.41,0.23,0.23,-0.81,0.89,TREND-DOWN
2026-09-28,M6,COALINDIA,BUY,BUY-EX,101,10:30,630,428.55,,,0,0,sector ENE not bull-qualified (bull 3/bear 77),0.895,0.575,ENE,0,0,0,0,1,-60.5,,,,,,,-323,-1.0,100% SL 11:15,0.37,3.6,0.37,0.37,-1.41,0.89,TREND-DOWN
2026-09-28,M6,ETERNAL,SELL,SELL-EX1,201,10:45,645,330.55,,,0,0,"sector NEWAGE bear-qualified but outside top-2 (board LOGISTICS 93, GREEN 82)",0.895,-1.328,NEWAGE,0,0,0,0,1,-60.5,,,,,,,-102,-0.17,OPEN,0.76,0.53,0.15,0.15,-0.12,0.89,TREND-DOWN
2026-09-28,M6,FORCEMOT,SELL,SELL-EX2,202,11:10,670,17103.0,,,0,0,"sector AUTO bear-qualified but outside top-2 (board LOGISTICS 93, GREEN 82)",0.895,-1.639,AUTO,0,0,0,0,1,-60.5,,,,,,,-23,0.02,OPEN,0.38,0.94,0.25,0.25,0.02,0.89,TREND-DOWN
2026-09-28,M6,HCLTECH,SELL,NORMAL SELL,280,11:10,670,1242.8,,,0,0,sector IT not bear-qualified (bull 4/bear 68),0.895,-1.208,IT,0,0,1,0,0,-60.5,,,,,,,-446,-1.0,100% SL 13:05,0.11,2.68,0.11,0.11,-0.79,0.89,TREND-DOWN
2026-09-28,M6,HEROMOTOCO,SELL,NORMAL SELL,280,11:00,660,5317.5,,,0,0,"sector AUTO bear-qualified but outside top-2 (board LOGISTICS 93, GREEN 82)",0.895,-0.793,AUTO,0,0,0,0,1,-60.5,,,,,,,-365,-1.0,100% SL 12:10,0.35,2.33,0.35,0.35,-1.36,0.89,TREND-DOWN
2026-09-28,M6,HINDALCO,BUY,BUY-EX9,108,11:15,675,964.2,,,0,0,sector MET not bull-qualified (bull 7/bear 62),0.895,-1.31,MET,0,0,0,0,1,-60.5,,,,,,,-240,-1.0,100% SL 11:55,0.37,3.04,0.37,0.37,-0.86,0.89,TREND-DOWN
2026-09-28,M6,IEX,SELL,SELL-EX1,201,10:30,630,111.32,,,0,0,sector CAPMKTS not bear-qualified (bull 5/bear 68),0.895,-1.224,CAPMKTS,0,1,0,0,1,-60.5,,,,,,,-55,-0.02,OPEN,0.28,0.65,0.28,0.28,-0.03,0.89,TREND-DOWN
2026-09-28,M6,LTM,BUY,BUY-EX,101,11:00,660,4085.6,,,0,0,sector IT not bull-qualified (bull 4/bear 68),0.895,0.064,IT,0,0,1,0,0,-60.5,,,,,,,40,0.12,OPEN,0.96,0.42,0.25,0.42,0.14,0.89,TREND-DOWN
2026-09-28,M6,MOTHERSON,SELL,SELL-EX15,215,11:15,675,162.75,,,0,0,"sector AUTO bear-qualified but outside top-2 (board LOGISTICS 93, GREEN 82)",0.895,-1.786,AUTO,0,0,0,0,1,-60.5,,,,,,,75,0.24,OPEN,0.78,0.37,0.15,0.16,0.23,0.89,TREND-DOWN
2026-09-28,M6,NESTLEIND,BUY,BUY-EX9,108,11:15,675,1351.2,,,0,0,sector FMCG not bull-qualified (bull 9/bear 58),0.895,-0.837,FMCG,0,0,0,0,0,-60.5,,,,,,,9,0.74,100% trail 12:45,1.54,1.46,1.18,1.54,-0.38,0.89,TREND-DOWN
2026-09-28,M6,NUVAMA,BUY,BUY-EX9,108,11:05,665,1636.9,,,0,0,sector CAPMKTS not bull-qualified (bull 5/bear 68),0.895,-2.647,CAPMKTS,0,1,0,0,1,-60.5,,,,,,,-17,0.06,100% EOD 15:20,0.56,0.48,0.41,0.54,-0.53,0.89,TREND-DOWN
2026-09-28,M6,NYKAA,SELL,SELL-EX5,205,10:40,640,327.7,,,0,0,"sector NEWAGE bear-qualified but outside top-2 (board LOGISTICS 93, GREEN 82)",0.895,-1.798,NEWAGE,0,0,0,0,1,-60.5,,,,,,,214,0.62,100% trail 13:10,1.15,0.36,0.42,0.92,0.67,0.89,TREND-DOWN
2026-09-28,M6,PATANJALI,SELL,SELL-EX5,205,10:35,635,395.95,,,0,0,sector FMCG not bear-qualified (bull 9/bear 58),0.895,-1.98,FMCG,0,0,0,0,0,-60.5,,,,,,,607,1.59,OPEN,3.2,0.87,0.12,0.54,1.3,0.89,TREND-DOWN
2026-09-28,M6,SOLARINDS,SELL,NORMAL SELL,280,11:05,665,19430.0,,,0,0,"sector DEF bear-qualified but outside top-2 (board LOGISTICS 93, GREEN 82)",0.895,-1.595,DEF,0,0,0,0,1,-60.5,,,,,,,527,1.76,OPEN,2.86,0.31,0.79,1.04,1.44,0.89,TREND-DOWN
2026-09-28,M6,SUPREMEIND,SELL,SELL-EX2,202,10:30,630,3503.7,,,0,0,sector BUILDMAT not bear-qualified (bull 6/bear 69),0.895,-1.304,BUILDMAT,0,0,0,0,1,-60.5,,,,,,,-576,-1.0,100% SL 13:30,1.05,1.03,0.21,0.27,0.11,0.89,TREND-DOWN
2026-09-28,M6,TIINDIA,SELL,SELL-EX1,201,11:05,665,2485.5,,,0,0,"sector AUTO bear-qualified but outside top-2 (board LOGISTICS 93, GREEN 82)",0.895,-1.019,AUTO,0,0,0,0,1,-60.5,,,,,,,488,0.78,OPEN,1.23,0.22,0.48,0.78,1.07,0.89,TREND-DOWN
2026-09-28,M6,TVSMOTOR,SELL,SELL-EX1,201,11:05,665,4119.0,,,0,0,"sector AUTO bear-qualified but outside top-2 (board LOGISTICS 93, GREEN 82)",0.895,-0.921,AUTO,0,0,0,0,1,-60.5,,,,,,,288,0.94,100% trail 15:00,1.85,0.28,0.79,0.86,0.58,0.89,TREND-DOWN
2026-09-28,M6,UNOMINDA,SELL,SELL-EX1,201,10:45,645,1200.5,,,0,0,"sector AUTO bear-qualified but outside top-2 (board LOGISTICS 93, GREEN 82)",0.895,-1.437,AUTO,0,0,0,0,1,-60.5,,,,,,,286,0.66,100% trail 13:40,2.31,0.31,0.67,1.06,2.29,0.89,TREND-DOWN
2026-09-28,M6,ANGELONE,SELL,SELL-EX15,215,11:40,700,279.5,,,0,0,sector CAPMKTS not bear-qualified (bull 16/bear 40),0.895,-2.951,CAPMKTS,0,1,0,0,1,-60.5,,,,,,,-267,-1.0,100% trail 12:25,1.39,1.68,1.39,1.39,0.11,0.89,TREND-DOWN
2026-09-28,M6,APOLLOHOSP,SELL,SELL-EX1,201,11:50,710,8852.5,,,0,0,sector HOSPITALS not bear-qualified (bull 52/bear 10),0.895,-0.411,HOSPITALS,0,0,1,0,0,-60.5,,,,,,,-207,-1.0,100% SL 13:05,0.64,1.86,0.31,0.31,-0.08,0.89,TREND-DOWN
2026-09-28,M6,COALINDIA,SELL,SELL-EX6,206,11:50,710,425.0,,,0,0,sector ENE not bear-qualified (bull 3/bear 73),0.895,-0.258,ENE,0,0,0,0,1,-60.5,,,,,,,250,0.57,OPEN,0.87,0.38,0.05,0.05,0.59,0.89,TREND-DOWN
2026-09-28,M6,DIVISLAB,SELL,SELL-EX1,201,11:35,695,9573.0,,,0,0,sector PHA not bear-qualified (bull 10/bear 56),0.895,-0.483,PHA,0,0,0,0,0,-60.5,,,,,,,9,0.5,100% trail 13:35,1.71,0.45,0.77,1.34,0.24,0.89,TREND-DOWN
2026-09-28,M6,NAUKRI,SELL,SELL-EX15,215,11:45,705,1245.4,,,0,0,sector NEWAGE not bear-qualified (bull 2/bear 79),0.895,-0.749,NEWAGE,0,0,0,0,1,-60.5,,,,,,,-382,-0.57,OPEN,0.44,0.62,0.32,0.36,-0.68,0.89,TREND-DOWN
2026-09-28,M6,POWERINDIA,SELL,NORMAL SELL,280,11:30,690,30350.0,,,0,0,sector CAPGOODS not bear-qualified (bull 11/bear 51),0.895,-2.207,CAPGOODS,0,1,0,0,1,-60.5,,,,,,,-180,-1.0,100% SL 11:40,2.78,1.27,0.28,0.28,0.3,0.89,TREND-DOWN
2026-09-28,M7,360ONE,SELL,SELL-EX3,203,09:30,570,1051.9,,BREAKOUT,1,0,,0.895,-1.966,CAPMKTS,,,,,,,,218.0,,0.25,,OPEN,234,0.3,OPEN,0.37,0.4,0.04,0.04,0.66,0.89,TREND-DOWN
2026-09-28,M7,ABB,SELL,SELL-EX5,205,09:30,570,6933.0,,BREAKOUT,1,0,,0.895,-1.694,CAPGOODS,,,,,,,,-434.0,,-0.65,,OPEN,-317,-0.41,OPEN,0.23,0.65,0.23,0.23,-0.57,0.89,TREND-DOWN
2026-09-28,M7,ABCAPITAL,SELL,SELL-EX3,203,09:30,570,381.7,,BREAKOUT,1,0,,0.895,-2.128,FIN,,,,,,,,-311.0,,-0.35,,OPEN,-168,-0.14,OPEN,0.13,0.39,0.13,0.13,-0.26,0.89,TREND-DOWN
2026-09-28,M7,ADANIENSOL,SELL,SELL-EX1,201,10:20,620,1311.5,,BREAKOUT,1,0,,0.895,-2.017,ENE,,,,,,,,657.0,,1.54,,OPEN,855,2.1,OPEN,2.47,0.49,0.48,0.76,1.8,0.89,TREND-DOWN
2026-09-28,M7,ADANIENT,SELL,SELL-EX1,201,10:20,620,2846.6,,BREAKOUT,1,0,,0.895,-2.397,INFRA,,,,,,,,452.0,,0.86,,OPEN,222,0.5,OPEN,1.13,0.52,0.2,0.41,0.54,0.89,TREND-DOWN
2026-09-28,M7,ADANIGREEN,SELL,SELL-EX1,201,10:05,605,1276.7,,BREAKOUT,1,0,,0.895,-1.535,GREEN,,,,,,,,1275.0,,2.39,,OPEN,1449,2.88,100% trail 14:45,3.72,0.33,2.17,2.42,3.27,0.89,TREND-DOWN
2026-09-28,M7,ADANIPORTS,SELL,SELL-EX3,203,09:30,570,1770.0,,BREAKOUT,1,0,,0.895,-1.007,LOGISTICS,,,,,,,,812.0,,1.31,,OPEN,712,1.29,100% trail 13:35,1.5,0.23,0.19,0.51,1.49,0.89,TREND-DOWN
2026-09-28,M7,ADANIPOWER,SELL,SELL-EX1,201,10:05,605,200.15,,BREAKOUT,1,0,,0.895,-1.282,ENE,,,,,,,,934.0,,1.11,,OPEN,956,1.19,OPEN,1.41,0.15,0.54,0.58,2.0,0.89,TREND-DOWN
2026-09-28,M7,ALKEM,SELL,SELL-EX5,205,10:05,605,5219.0,,BREAKOUT,1,0,,0.895,-1.043,PHA,,,,,,,,702.0,,2.05,,OPEN,356,1.16,OPEN,2.16,0.68,0.96,0.96,0.84,0.89,TREND-DOWN
2026-09-28,M7,AMBER,SELL,NORMAL SELL,280,10:25,625,6896.0,,BREAKOUT,1,0,,0.895,-0.92,CDUR,,,,,,,,-416.0,,-1.0,,100% SL 11:00,-501,-1.0,100% SL 11:00,0.25,2.4,0.25,0.25,-1.36,0.89,TREND-DOWN
2026-09-28,M7,AMBUJACEM,SELL,SELL-EX3,203,09:30,570,378.7,,BREAKOUT,1,0,,0.895,-1.329,CEMENT,,,,,,,,515.0,,0.75,,OPEN,532,0.84,OPEN,0.91,0.35,0.33,0.33,1.15,0.89,TREND-DOWN
2026-09-28,M7,ANGELONE,SELL,SELL-EX3,203,09:30,570,278.4,,BREAKOUT,1,0,,0.895,-3.333,CAPMKTS,,,,,,,,-110.0,,-0.12,,OPEN,-142,-0.12,OPEN,0.05,0.51,0.02,0.02,-0.29,0.89,TREND-DOWN
2026-09-28,M7,APLAPOLLO,SELL,SELL-EX8,208,09:40,580,2188.3,,BREAKOUT,1,0,,0.895,-1.192,MET,,,,,,,,84.0,,0.17,,OPEN,-232,-0.4,OPEN,0.59,0.53,-0.0,0.29,-0.4,0.89,TREND-DOWN
2026-09-28,M7,APOLLOHOSP,BUY,BUY-EX6,105,10:00,600,8898.0,,BREAKOUT,1,0,,0.895,0.101,HOSPITALS,,,,,,,,-228.0,,-0.48,,OPEN,-218,-0.4,OPEN,0.05,0.65,0.05,0.05,-0.43,0.89,TREND-DOWN
2026-09-28,M7,ASIANPAINT,SELL,SELL-EX1,201,09:35,575,2417.0,,BREAKOUT,1,0,,0.895,-1.105,CHEMICALS,,,,,,,,-40.0,,-0.1,,OPEN,-101,-0.15,OPEN,0.13,0.71,0.04,0.04,-0.12,0.89,TREND-DOWN
2026-09-28,M7,ASTRAL,SELL,SELL-EX12,212,09:30,570,1375.0,,BREAKOUT,1,0,,0.895,-1.716,BUILDMAT,,,,,,,,281.0,,0.43,,OPEN,120,0.25,OPEN,0.62,0.21,0.24,0.42,0.33,0.89,TREND-DOWN
2026-09-28,M7,AUBANK,SELL,SELL-EX8,208,09:30,570,1002.4,,BREAKOUT,1,0,,0.895,-1.532,BANK,,,,,,,,191.0,,0.38,,OPEN,307,0.7,OPEN,0.7,0.09,0.41,0.47,0.71,0.89,TREND-DOWN
2026-09-28,M7,AUROPHARMA,SELL,NORMAL SELL,280,10:05,605,1694.0,,BREAKOUT,1,0,,0.895,-1.051,PHA,,,,,,,,-61.0,,-0.19,,OPEN,-143,-0.31,OPEN,0.62,0.89,0.62,0.62,-0.21,0.89,TREND-DOWN
2026-09-28,M7,BAJAJ-AUTO,SELL,SELL-EX3,203,09:35,575,11145.0,,BREAKOUT,1,0,,0.895,-1.206,AUTO,,,,,,,,632.0,,1.42,,OPEN,253,0.74,100% trail 13:30,1.7,0.27,0.29,0.4,1.09,0.89,TREND-DOWN
2026-09-28,M7,BAJAJFINSV,SELL,SELL-EX3,203,09:30,570,1743.0,,BREAKOUT,1,0,,0.895,-1.581,FIN,,,,,,,,-196.0,,-0.27,,OPEN,-293,-0.34,OPEN,0.13,0.65,0.13,0.13,-0.52,0.89,TREND-DOWN
2026-09-28,M7,BANDHANBNK,SELL,SELL-EX1,201,09:35,575,184.24,,BREAKOUT,1,0,,0.895,-1.843,BANK,,,,,,,,859.0,,1.24,,OPEN,836,1.27,OPEN,1.43,0.68,0.07,0.15,1.76,0.89,TREND-DOWN
2026-09-28,M7,BANKBARODA,SELL,SELL-EX3,203,09:30,570,232.03,,BREAKOUT,1,0,,0.895,-1.373,PSUBK,,,,,,,,888.0,,1.4,,OPEN,520,0.96,100% trail 13:40,1.53,0.12,0.2,0.45,1.95,0.89,TREND-DOWN
2026-09-28,M7,BANKINDIA,SELL,SELL-EX3,203,09:30,570,134.63,,BREAKOUT,1,0,,0.895,-2.4,PSUBK,,,,,,,,1573.0,,1.75,,OPEN,1535,1.75,OPEN,1.95,0.21,0.35,0.67,3.45,0.89,TREND-DOWN
2026-09-28,M7,BDL,SELL,SELL-EX3,203,09:35,575,1121.6,,BREAKOUT,1,0,,0.895,-1.614,DEF,,,,,,,,418.0,,0.54,,OPEN,248,0.38,OPEN,0.58,0.47,0.14,0.14,0.59,0.89,TREND-DOWN
2026-09-28,M7,BEL,SELL,SELL-EX1,201,10:25,625,386.8,,BREAKOUT,1,0,,0.895,-1.715,DEF,,,,,,,,103.0,,0.13,,OPEN,126,0.2,OPEN,0.42,0.2,0.22,0.38,0.34,0.89,TREND-DOWN
2026-09-28,M7,BHARATFORG,SELL,SELL-EX1,201,10:15,615,1980.9,,BREAKOUT,1,0,,0.895,-1.35,AUTO,,,,,,,,723.0,,2.92,,OPEN,113,0.81,100% trail 13:10,2.98,0.36,0.17,0.8,1.21,0.89,TREND-DOWN
2026-09-28,M7,BIOCON,SELL,SELL-EX5,205,09:30,570,376.15,,BREAKOUT,1,0,,0.895,-1.57,PHA,,,,,,,,125.0,,0.19,,OPEN,123,0.25,OPEN,0.38,0.7,0.21,0.21,0.33,0.89,TREND-DOWN
2026-09-28,M7,BOSCHLTD,SELL,SELL-EX1,201,10:15,615,47440.0,,BREAKOUT,1,0,,0.895,-1.679,AUTO,,,,,,,,440.0,,0.77,,OPEN,380,0.74,OPEN,0.93,0.28,0.3,0.4,0.89,0.89,TREND-DOWN
2026-09-28,M7,BPCL,SELL,SELL-EX3,203,09:30,570,304.35,,BREAKOUT,1,0,,0.895,-1.345,OIL,,,,,,,,533.0,,0.93,,OPEN,302,0.6,OPEN,0.95,0.63,0.33,0.33,0.69,0.89,TREND-DOWN
2026-09-28,M7,BSE,SELL,SELL-EX1,201,09:30,570,3121.5,,BREAKOUT,1,0,,0.895,-2.193,CAPMKTS,,,,,,,,444.0,,0.52,,OPEN,321,0.42,OPEN,0.8,0.91,0.17,0.17,0.77,0.89,TREND-DOWN
2026-09-28,M7,CAMS,SELL,SELL-EX6,206,09:35,575,700.05,,BREAKOUT,1,0,,0.895,-1.032,CAPMKTS,,,,,,,,604.0,,1.16,,OPEN,562,1.16,OPEN,1.31,0.44,0.41,0.41,1.21,0.89,TREND-DOWN
2026-09-28,M7,CANBK,SELL,SELL-EX3,203,09:30,570,122.68,,BREAKOUT,1,0,,0.895,-1.848,PSUBK,,,,,,,,826.0,,1.23,,OPEN,784,1.23,OPEN,1.46,0.2,0.23,0.65,1.65,0.89,TREND-DOWN
2026-09-28,M7,CDSL,SELL,SELL-EX3,203,09:30,570,1301.9,,BREAKOUT,1,0,,0.895,-1.222,CAPMKTS,,,,,,,,509.0,,0.87,,OPEN,448,0.84,OPEN,1.0,0.44,0.49,0.49,0.99,0.89,TREND-DOWN
2026-09-28,M7,CGPOWER,SELL,SELL-EX3,203,09:30,570,870.2,,BREAKOUT,1,0,,0.895,-1.783,CAPGOODS,,,,,,,,353.0,,0.49,,OPEN,254,0.41,OPEN,0.5,0.66,0.05,0.05,0.6,0.89,TREND-DOWN
2026-09-28,M7,CHOLAFIN,SELL,SELL-EX3,203,09:30,570,1623.6,,BREAKOUT,1,0,,0.895,-2.352,FIN,,,,,,,,-154.0,,-0.17,,OPEN,-287,-0.29,OPEN,0.07,0.52,0.07,0.07,-0.65,0.89,TREND-DOWN
2026-09-28,M7,CIPLA,SELL,NORMAL SELL,280,09:45,585,1391.0,,BREAKOUT,1,0,,0.895,-0.622,PHA,,,,,,,,280.0,,0.89,,OPEN,215,0.81,OPEN,0.89,0.4,0.56,0.77,0.52,0.89,TREND-DOWN
2026-09-28,M7,COCHINSHIP,SELL,NORMAL SELL,280,10:25,625,1351.3,,BREAKOUT,1,0,,0.895,-1.866,DEF,,,,,,,,832.0,,2.86,,OPEN,783,2.83,OPEN,3.05,0.64,0.15,0.42,1.65,0.89,TREND-DOWN
2026-09-28,M7,COLPAL,SELL,SELL-EX8,208,09:30,570,1836.6,,BREAKOUT,1,0,,0.895,-1.035,FMCG,,,,,,,,-426.0,,-1.0,,100% SL 12:00,-514,-1.0,100% SL 12:00,0.61,1.35,0.11,0.11,-0.51,0.89,TREND-DOWN
2026-09-28,M7,CONCOR,SELL,SELL-EX5,205,09:30,570,456.0,,BREAKOUT,1,0,,0.895,-1.192,LOGISTICS,,,,,,,,654.0,,1.34,,OPEN,137,0.46,100% trail 12:25,1.45,0.2,0.51,0.51,1.32,0.89,TREND-DOWN
2026-09-28,M7,CROMPTON,SELL,SELL-EX3,203,09:30,570,214.99,,BREAKOUT,1,0,,0.895,-1.651,CDUR,,,,,,,,-897.0,,-1.0,,100% SL 11:40,-983,-1.0,100% SL 11:40,0.12,1.57,0.12,0.12,-1.77,0.89,TREND-DOWN
2026-09-28,M7,CUMMINSIND,SELL,SELL-EX1,201,10:15,615,4868.0,,BREAKOUT,1,0,,0.895,-1.557,CAPGOODS,,,,,,,,365.0,,1.59,,OPEN,214,1.31,100% trail 15:10,2.07,0.76,0.57,0.57,0.27,0.89,TREND-DOWN
2026-09-28,M7,DABUR,SELL,SELL-EX1,201,09:35,575,382.55,,BREAKOUT,1,0,,0.895,-0.791,FMCG,,,,,,,,-237.0,,-1.0,,100% SL 09:45,-325,-1.0,100% SL 09:45,0.3,2.02,0.3,0.3,-0.84,0.89,TREND-DOWN
2026-09-28,M7,DALBHARAT,SELL,SELL-EX5,205,09:35,575,1679.1,,BREAKOUT,1,0,,0.895,-0.645,CEMENT,,,,,,,,711.0,,1.24,,100% EOD 15:20,261,0.61,100% trail 13:15,1.47,0.69,0.0,1.32,1.37,0.89,TREND-DOWN
2026-09-28,M7,DELHIVERY,SELL,SELL-EX3,203,09:30,570,414.05,,BREAKOUT,1,0,,0.895,-2.046,LOGISTICS,,,,,,,,786.0,,0.94,,OPEN,671,0.9,100% trail 15:05,1.28,0.27,0.5,0.71,1.58,0.89,TREND-DOWN
2026-09-28,M7,DLF,SELL,SELL-EX3,203,09:30,570,666.55,,BREAKOUT,1,0,,0.895,-2.408,REALTY,,,,,,,,79.0,,0.11,,OPEN,183,0.33,OPEN,0.33,0.59,0.21,0.21,0.45,0.89,TREND-DOWN
2026-09-28,M7,DRREDDY,BUY,BUY-EX,101,09:50,590,1218.8,,BREAKOUT,1,0,,0.895,1.482,PHA,,,,,,,,90.0,,0.16,,OPEN,59,0.16,OPEN,0.78,0.48,0.14,0.14,0.18,0.89,TREND-DOWN
2026-09-28,M7,EICHERMOT,SELL,SELL-EX3,203,09:30,570,7279.5,,BREAKOUT,1,0,,0.895,-1.094,AUTO,,,,,,,,387.0,,1.68,,OPEN,157,1.02,100% trail 12:50,2.35,0.31,0.29,1.0,0.91,0.89,TREND-DOWN
2026-09-28,M7,EXIDEIND,SELL,SELL-EX3,203,09:35,575,417.0,,BREAKOUT,1,0,,0.895,-1.57,AUTO,,,,,,,,643.0,,0.95,,100% EOD 15:20,571,0.95,100% EOD 15:20,1.06,0.56,0.11,0.11,1.34,0.89,TREND-DOWN
2026-09-28,M7,FORCEMOT,BUY,BUY-EX6,105,10:00,600,17327.0,,BREAKOUT,1,0,,0.895,-0.351,AUTO,,,,,,,,-421.0,,-1.0,,100% SL 11:10,-482,-1.0,100% SL 11:10,0.12,1.34,0.12,0.12,-1.31,0.89,TREND-DOWN
2026-09-28,M7,FORTIS,SELL,SELL-EX12,212,09:30,570,825.1,,BREAKOUT,1,0,,0.895,-1.522,HOSPITALS,,,,,,,,-630.0,,-0.7,,OPEN,-381,-0.38,OPEN,0.51,0.71,0.31,0.51,-0.68,0.89,TREND-DOWN
2026-09-28,M7,GAIL,SELL,SELL-EX2,202,10:20,620,171.56,,BREAKOUT,1,0,,0.895,-0.66,OIL,,,,,,,,35.0,,0.04,,OPEN,-301,-0.29,OPEN,0.17,0.39,0.17,0.17,-0.52,0.89,TREND-DOWN
2026-09-28,M7,GLENMARK,SELL,SELL-EX19,219,10:15,615,2341.6,,PULLBACK,1,0,,0.895,-1.613,PHA,,,,,,,,19.0,,0.07,,OPEN,213,1.06,100% trail 15:10,2.05,0.8,0.89,0.89,0.68,0.89,TREND-DOWN
2026-09-28,M7,GMRAIRPORT,SELL,SELL-EX3,203,09:30,570,96.19,,BREAKOUT,1,0,,0.895,-1.797,INFRA,,,,,,,,747.0,,1.26,,OPEN,811,1.52,100% trail 14:55,1.87,0.46,0.13,0.13,1.5,0.89,TREND-DOWN
2026-09-28,M7,GODREJCP,SELL,SELL-EX3,203,09:30,570,862.65,,BREAKOUT,1,0,,0.895,-1.972,FMCG,,,,,,,,-422.0,,-0.57,,OPEN,-346,-0.41,OPEN,0.23,0.6,0.13,0.17,-0.62,0.89,TREND-DOWN
2026-09-28,M7,GODREJPROP,SELL,SELL-EX1,201,09:30,570,1679.2,,BREAKOUT,1,0,,0.895,-1.229,REALTY,,,,,,,,348.0,,0.58,,OPEN,232,0.45,OPEN,0.59,0.51,0.14,0.28,0.56,0.89,TREND-DOWN
2026-09-28,M7,GRASIM,SELL,SELL-EX1,201,10:20,620,3147.1,,BREAKOUT,1,0,,0.895,-1.376,CEMENT,,,,,,,,-14.0,,-0.06,,OPEN,-84,-0.2,OPEN,0.63,0.71,0.49,0.49,-0.09,0.89,TREND-DOWN
2026-09-28,M7,GVT&D,SELL,SELL-EX3,203,09:35,575,4220.7,,BREAKOUT,1,0,,0.895,-1.386,CAPGOODS,,,,,,,,427.0,,0.63,,OPEN,156,0.29,OPEN,0.72,0.46,0.04,0.04,0.42,0.89,TREND-DOWN
2026-09-28,M7,HAL,SELL,SELL-EX3,203,09:30,570,4725.0,,BREAKOUT,1,0,,0.895,-1.562,DEF,,,,,,,,-463.0,,-1.0,,100% SL 10:00,-547,-1.0,100% SL 10:00,0.09,1.15,0.07,0.07,-0.28,0.89,TREND-DOWN
2026-09-28,M7,HAVELLS,SELL,SELL-EX3,203,09:30,570,1082.7,,BREAKOUT,1,0,,0.895,-1.259,CDUR,,,,,,,,-239.0,,-0.4,,OPEN,-148,-0.18,OPEN,0.63,0.4,0.12,0.34,-0.21,0.89,TREND-DOWN
2026-09-28,M7,HDFCAMC,SELL,SELL-EX1,201,10:15,615,2322.1,,BREAKOUT,1,0,,0.895,-2.351,CAPMKTS,,,,,,,,212.0,,0.43,,OPEN,375,0.85,OPEN,0.92,0.3,0.37,0.41,0.85,0.89,TREND-DOWN
2026-09-28,M7,HDFCBANK,SELL,SELL-EX12,212,09:35,575,724.4,,BREAKOUT,1,0,,0.895,-1.523,BANK,,,,,,,,373.0,,0.64,,OPEN,327,0.63,OPEN,0.72,0.07,0.33,0.33,0.74,0.89,TREND-DOWN
2026-09-28,M7,HINDALCO,SELL,SELL-EX12,212,09:30,570,953.4,,BREAKOUT,1,0,,0.895,-2.416,MET,,,,,,,,-291.0,,-0.42,,OPEN,-172,-0.19,OPEN,0.16,0.89,0.16,0.16,-0.26,0.89,TREND-DOWN
2026-09-28,M7,HINDPETRO,SELL,SELL-EX3,203,09:30,570,345.95,,BREAKOUT,1,0,,0.895,-1.439,OIL,,,,,,,,670.0,,1.96,,OPEN,462,1.48,OPEN,2.13,0.57,0.65,0.65,1.01,0.89,TREND-DOWN
2026-09-28,M7,HINDUNILVR,SELL,SELL-EX3,203,09:30,570,1910.1,,BREAKOUT,1,0,,0.895,-1.688,FMCG,,,,,,,,250.0,,0.41,,OPEN,325,0.6,OPEN,0.69,0.28,0.1,0.1,0.74,0.89,TREND-DOWN
2026-09-28,M7,HYUNDAI,SELL,SELL-EX8,208,09:30,570,2083.2,,BREAKOUT,1,0,,0.895,-1.504,AUTO,,,,,,,,852.0,,1.21,,OPEN,611,0.99,100% trail 14:05,1.45,0.33,0.14,0.38,1.56,0.89,TREND-DOWN
2026-09-28,M7,ICICIBANK,SELL,SELL-EX3,203,09:30,570,1309.8,,BREAKOUT,1,0,,0.895,-1.281,BANK,,,,,,,,338.0,,0.71,,OPEN,254,0.63,OPEN,0.78,0.22,0.69,0.71,0.6,0.89,TREND-DOWN
2026-09-28,M7,ICICIGI,SELL,SELL-EX5,205,09:30,570,1535.5,,BREAKOUT,1,0,,0.895,-1.171,INSURANCE,,,,,,,,-420.0,,-1.0,,100% SL 12:50,-507,-1.0,100% SL 12:50,0.71,1.78,0.41,0.71,-0.29,0.89,TREND-DOWN
2026-09-28,M7,IDEA,SELL,SELL-EX5,205,09:30,570,13.88,,BREAKOUT,1,0,,0.895,-2.665,TELECOM,,,,,,,,1045.0,,1.16,,OPEN,900,1.07,100% trail 14:45,1.29,0.46,0.09,0.09,2.95,0.89,TREND-DOWN
2026-09-28,M7,IDFCFIRSTB,SELL,SELL-EX3,203,09:30,570,81.74,,BREAKOUT,1,0,,0.895,-2.458,BANK,,,,,,,,582.0,,0.65,,OPEN,567,0.67,OPEN,0.71,0.17,0.11,0.14,1.46,0.89,TREND-DOWN
2026-09-28,M7,INDHOTEL,SELL,SELL-EX3,203,09:30,570,712.25,,BREAKOUT,1,0,,0.895,-2.002,TRAVEL,,,,,,,,70.0,,0.12,,OPEN,46,0.15,OPEN,0.23,0.92,0.08,0.08,0.18,0.89,TREND-DOWN
2026-09-28,M7,INDIANB,SELL,SELL-EX3,203,09:35,575,823.1,,BREAKOUT,1,0,,0.895,-1.07,PSUBK,,,,,,,,1269.0,,2.33,,OPEN,1197,2.28,OPEN,2.35,0.37,0.23,0.44,2.51,0.89,TREND-DOWN
2026-09-28,M7,INDIGO,SELL,NORMAL SELL,280,10:15,615,4880.0,,BREAKOUT,1,0,,0.895,-1.215,TRAVEL,,,,,,,,-190.0,,-1.0,,100% SL 12:25,-76,0.05,100% trail 11:40,1.82,1.37,0.47,1.69,0.11,0.89,TREND-DOWN
2026-09-28,M7,INDUSINDBK,SELL,SELL-EX1,201,09:35,575,897.4,,BREAKOUT,1,0,,0.895,-1.622,BANK,,,,,,,,-565.0,,-1.0,,100% SL 13:25,-653,-1.0,100% SL 13:25,0.75,1.35,0.07,0.27,-1.37,0.89,TREND-DOWN
2026-09-28,M7,INFY,SELL,SELL-EX1,201,09:40,580,990.8,,BREAKOUT,1,0,,0.895,-0.94,IT,,,,,,,,-670.0,,-1.0,,100% SL 13:15,-758,-1.0,100% SL 13:15,0.31,1.4,0.07,0.31,-1.25,0.89,TREND-DOWN
2026-09-28,M7,INOXWIND,SELL,SELL-EX8,208,09:30,570,73.47,,BREAKOUT,1,0,,0.895,-1.712,GREEN,,,,,,,,966.0,,1.25,,OPEN,958,1.3,OPEN,1.3,0.45,0.04,0.07,2.0,0.89,TREND-DOWN
2026-09-28,M7,IOC,SELL,SELL-EX12,212,09:35,575,133.84,,BREAKOUT,1,0,,0.895,-1.371,OIL,,,,,,,,295.0,,0.51,,OPEN,152,0.34,OPEN,0.52,0.41,0.08,0.12,0.39,0.89,TREND-DOWN
2026-09-28,M7,IREDA,BUY,BUY-EX6,105,10:00,600,113.87,,BREAKOUT,1,0,,0.895,0.574,FIN,,,,,,,,294.0,,0.33,,OPEN,318,0.46,100% trail 13:10,1.73,0.64,0.23,0.23,0.83,0.89,TREND-DOWN
2026-09-28,M7,IRFC,SELL,SELL-EX3,203,09:30,570,78.6,,BREAKOUT,1,0,,0.895,-1.689,RAILWAYS,,,,,,,,32.0,,0.04,,OPEN,-10,0.04,OPEN,0.15,0.99,0.04,0.04,0.06,0.89,TREND-DOWN
2026-09-28,M7,ITC,SELL,SELL-EX8,208,09:30,570,267.0,,BREAKOUT,1,0,,0.895,-0.743,FMCG,,,,,,,,178.0,,0.4,,OPEN,295,0.76,OPEN,0.77,0.15,0.19,0.72,0.67,0.89,TREND-DOWN
2026-09-28,M7,JINDALSTEL,SELL,SELL-EX3,203,09:35,575,1147.9,,BREAKOUT,1,0,,0.895,-1.451,MET,,,,,,,,525.0,,1.16,,OPEN,315,0.79,OPEN,1.31,0.87,0.09,0.09,0.72,0.89,TREND-DOWN
2026-09-28,M7,JIOFIN,SELL,SELL-EX3,203,09:30,570,223.85,,BREAKOUT,1,0,,0.895,-1.388,FIN,,,,,,,,992.0,,1.49,,OPEN,673,1.14,100% trail 15:15,1.58,0.15,0.42,0.42,1.5,0.89,TREND-DOWN
2026-09-28,M7,JSWENERGY,SELL,SELL-EX3,203,09:30,570,499.5,,BREAKOUT,1,0,,0.895,-1.392,ENE,,,,,,,,-505.0,,-1.0,,100% SL 12:30,-594,-1.0,100% SL 12:30,1.02,1.09,0.18,0.69,0.9,0.89,TREND-DOWN
2026-09-28,M7,JSWSTEEL,SELL,SELL-EX3,203,09:30,570,1265.3,,BREAKOUT,1,0,,0.895,-0.916,MET,,,,,,,,226.0,,0.5,,OPEN,5,0.1,OPEN,0.97,0.74,0.33,0.33,0.09,0.89,TREND-DOWN
2026-09-28,M7,KAYNES,SELL,SELL-EX1,201,10:05,605,3592.0,,BREAKOUT,1,0,,0.895,-1.589,CAPGOODS,,,,,,,,-459.0,,-1.0,,100% SL 11:35,-542,-1.0,100% SL 11:35,0.06,2.91,0.06,0.06,-1.84,0.89,TREND-DOWN
2026-09-28,M7,KEI,SELL,SELL-EX12,212,09:35,575,4594.0,,BREAKOUT,1,0,,0.895,-1.701,CAPGOODS,,,,,,,,760.0,,1.25,,OPEN,741,1.28,OPEN,1.33,0.37,0.06,0.12,1.7,0.89,TREND-DOWN
2026-09-28,M7,KOTAKBANK,SELL,SELL-EX3,203,09:35,575,396.4,,BREAKOUT,1,0,,0.895,-1.881,BANK,,,,,,,,-716.0,,-1.0,,100% SL 14:00,-805,-1.0,100% SL 14:00,0.07,1.28,0.07,0.07,-1.3,0.89,TREND-DOWN
2026-09-28,M7,KPITTECH,SELL,SELL-EX8,208,09:40,580,510.9,,BREAKOUT,1,0,,0.895,-1.637,IT,,,,,,,,310.0,,0.44,,OPEN,142,0.26,OPEN,0.67,0.4,0.01,0.07,0.37,0.89,TREND-DOWN
2026-09-28,M7,LAURUSLABS,BUY,BUY-EX9,108,09:50,590,2006.0,,BREAKOUT,1,0,,0.895,-0.05,PHA,,,,,,,,53.0,,0.11,,OPEN,83,0.22,OPEN,0.3,0.59,0.29,0.29,0.23,0.89,TREND-DOWN
2026-09-28,M7,LICHSGFIN,BUY,BUY-EX,101,09:55,595,571.25,,BREAKOUT,1,0,,0.895,0.928,FIN,,,,,,,,-593.0,,-1.0,,100% SL 15:05,-680,-1.0,100% SL 15:05,0.51,1.17,0.26,0.26,-1.24,0.89,TREND-DOWN
2026-09-28,M7,LICI,SELL,SELL-EX1,201,09:30,570,403.5,,BREAKOUT,1,0,,0.895,-1.357,INSURANCE,,,,,,,,184.0,,0.33,,OPEN,309,0.62,OPEN,0.64,0.56,0.23,0.26,0.71,0.89,TREND-DOWN
2026-09-28,M7,LODHA,SELL,SELL-EX3,203,09:35,575,1135.2,,BREAKOUT,1,0,,0.895,-2.558,REALTY,,,,,,,,605.0,,0.69,,OPEN,531,0.64,OPEN,0.7,0.24,0.11,0.2,1.59,0.89,TREND-DOWN
2026-09-28,M7,LT,SELL,SELL-EX3,203,09:30,570,3828.6,,BREAKOUT,1,0,,0.895,-1.228,INFRA,,,,,,,,749.0,,2.05,,OPEN,767,2.22,OPEN,2.22,0.45,0.15,0.31,1.62,0.89,TREND-DOWN
2026-09-28,M7,LTF,SELL,SELL-EX3,203,09:30,570,278.4,,BREAKOUT,1,0,,0.895,-1.972,FIN,,,,,,,,-834.0,,-1.0,,100% SL 11:50,-923,-1.0,100% SL 11:50,0.09,1.08,0.09,0.09,-0.88,0.89,TREND-DOWN
2026-09-28,M7,LTM,SELL,SELL-EX8,208,09:40,580,4023.1,,BREAKOUT,1,0,,0.895,-1.467,IT,,,,,,,,-729.0,,-1.0,,100% SL 11:00,-815,-1.0,100% SL 11:00,0.05,1.8,0.05,0.05,-1.7,0.89,TREND-DOWN
2026-09-28,M7,LUPIN,SELL,SELL-EX1,201,09:35,575,2078.6,,BREAKOUT,1,0,,0.895,-0.641,PHA,,,,,,,,384.0,,0.9,,OPEN,185,0.64,100% trail 12:25,1.27,0.29,0.63,0.76,0.8,0.89,TREND-DOWN
2026-09-28,M7,M&M,SELL,SELL-EX8,208,09:30,570,2990.7,,BREAKOUT,1,0,,0.895,-1.46,AUTO,,,,,,,,-83.0,,-0.18,,OPEN,-109,-0.15,OPEN,0.43,0.5,0.15,0.15,-0.14,0.89,TREND-DOWN
2026-09-28,M7,MANAPPURAM,SELL,SELL-EX8,208,09:30,570,326.2,,BREAKOUT,1,0,,0.895,-2.335,FIN,,,,,,,,1759.0,,3.69,,OPEN,1978,4.24,OPEN,4.5,0.51,1.11,1.86,4.05,0.89,TREND-DOWN
2026-09-28,M7,MANKIND,SELL,SELL-EX8,208,10:15,615,2464.0,,BREAKOUT,1,0,,0.895,-0.44,PHA,,,,,,,,276.0,,1.06,,OPEN,175,1.01,100% trail 12:25,2.18,0.52,0.79,1.46,1.15,0.89,TREND-DOWN
2026-09-28,M7,MARICO,SELL,SELL-EX1,201,09:55,595,807.7,,BREAKOUT,1,0,,0.895,-1.38,FMCG,,,,,,,,-18.0,,-0.04,,OPEN,-380,-0.8,OPEN,0.46,0.8,0.1,0.38,-0.69,0.89,TREND-DOWN
2026-09-28,M7,MARUTI,SELL,SELL-EX8,208,09:35,575,11985.0,,BREAKOUT,1,0,,0.895,-0.663,AUTO,,,,,,,,-220.0,,-0.41,,OPEN,-132,-0.17,OPEN,0.3,0.7,0.03,0.03,-0.19,0.89,TREND-DOWN
2026-09-28,M7,MAZDOCK,SELL,SELL-EX3,203,09:30,570,2155.7,,BREAKOUT,1,0,,0.895,-1.996,DEF,,,,,,,,435.0,,0.51,,OPEN,365,0.48,OPEN,0.66,0.46,0.02,0.02,0.82,0.89,TREND-DOWN
2026-09-28,M7,MCX,SELL,SELL-EX3,203,09:30,570,3274.0,,BREAKOUT,1,0,,0.895,-1.531,CAPMKTS,,,,,,,,-535.0,,-1.0,,100% SL 10:10,-622,-1.0,100% SL 10:10,0.63,1.32,0.13,0.13,0.32,0.89,TREND-DOWN
2026-09-28,M7,MFSL,SELL,SELL-EX1,201,10:15,615,1443.8,,BREAKOUT,1,0,,0.895,-0.974,INSURANCE,,,,,,,,-41.0,,-0.1,,OPEN,-48,-0.02,OPEN,0.95,0.93,0.24,0.72,-0.01,0.89,TREND-DOWN
2026-09-28,M7,MOTILALOFS,SELL,SELL-EX3,203,09:30,570,1002.6,,BREAKOUT,1,0,,0.895,-2.566,CAPMKTS,,,,,,,,-446.0,,-0.5,,OPEN,-354,-0.37,OPEN,0.11,0.65,0.11,0.11,-0.9,0.89,TREND-DOWN
2026-09-28,M7,MPHASIS,SELL,SELL-EX2,202,09:40,580,2218.2,,BREAKOUT,1,0,,0.895,-0.707,IT,,,,,,,,-244.0,,-0.4,,OPEN,-466,-0.7,OPEN,0.39,0.82,0.11,0.39,-0.87,0.89,TREND-DOWN
2026-09-28,M7,MUTHOOTFIN,SELL,SELL-EX12,212,09:30,570,2776.6,,BREAKOUT,1,0,,0.895,-2.06,FIN,,,,,,,,101.0,,0.19,,OPEN,257,0.56,OPEN,0.65,0.82,0.23,0.23,0.6,0.89,TREND-DOWN
2026-09-28,M7,NAM-INDIA,SELL,NORMAL SELL,280,10:25,625,1116.0,,BREAKOUT,1,0,,0.895,-3.544,CAPMKTS,,,,,,,,836.0,,1.69,,OPEN,327,0.84,100% trail 13:20,2.2,0.27,0.29,0.46,1.98,0.89,TREND-DOWN
2026-09-28,M7,NAUKRI,BUY,BUY-EX,101,09:50,590,1257.1,,BREAKOUT,1,0,,0.895,0.183,NEWAGE,,,,,,,,-589.0,,-0.78,,OPEN,-155,-0.16,OPEN,0.3,0.94,0.3,0.3,-0.25,0.89,TREND-DOWN
2026-09-28,M7,NBCC,SELL,SELL-EX3,203,09:30,570,81.26,,BREAKOUT,1,0,,0.895,-1.931,PSE,,,,,,,,732.0,,1.13,,OPEN,604,0.99,OPEN,1.18,0.38,0.34,0.34,1.29,0.89,TREND-DOWN
2026-09-28,M7,NHPC,SELL,SELL-EX3,203,09:35,575,75.14,,BREAKOUT,1,0,,0.895,-1.132,ENE,,,,,,,,432.0,,0.91,,OPEN,328,0.87,100% trail 14:55,1.14,0.35,0.01,0.11,0.85,0.89,TREND-DOWN
2026-09-28,M7,NMDC,SELL,SELL-EX3,203,09:30,570,79.29,,BREAKOUT,1,0,,0.895,-0.763,MET,,,,,,,,819.0,,0.91,,OPEN,1057,1.22,OPEN,1.22,0.3,0.22,0.23,2.35,0.89,TREND-DOWN
2026-09-28,M7,NTPC,SELL,SELL-EX3,203,09:35,575,323.1,,BREAKOUT,1,0,,0.895,-1.072,ENE,,,,,,,,285.0,,0.55,,OPEN,266,0.59,OPEN,0.86,0.34,0.22,0.46,0.62,0.89,TREND-DOWN
2026-09-28,M7,NUVAMA,SELL,SELL-EX12,212,09:35,575,1612.4,,BREAKOUT,1,0,,0.895,-4.104,CAPMKTS,,,,,,,,-421.0,,-0.48,,100% EOD 15:20,-459,-0.48,100% EOD 15:20,0.13,0.77,0.1,0.13,-0.98,0.89,TREND-DOWN
2026-09-28,M7,OBEROIRLTY,SELL,SELL-EX3,203,09:30,570,1835.9,,BREAKOUT,1,0,,0.895,-1.216,REALTY,,,,,,,,-391.0,,-1.0,,100% SL 13:25,-479,-1.0,100% SL 13:25,0.95,1.32,0.74,0.74,0.32,0.89,TREND-DOWN
2026-09-28,M7,OFSS,SELL,SELL-EX1,201,09:40,580,10601.0,,BREAKOUT,1,0,,0.895,-1.569,IT,,,,,,,,-873.0,,-1.0,,100% SL 11:55,-949,-1.0,100% SL 11:55,0.0,1.39,0.0,0.0,-1.88,0.89,TREND-DOWN
2026-09-28,M7,OIL,SELL,SELL-EX1,201,10:25,625,467.2,,BREAKOUT,1,0,,0.895,-1.673,OIL,,,,,,,,53.0,,0.15,,OPEN,89,0.51,100% trail 13:30,1.17,0.51,0.34,0.59,-0.17,0.89,TREND-DOWN
2026-09-28,M7,ONGC,SELL,NORMAL SELL,280,10:25,625,233.18,,BREAKOUT,1,0,,0.895,-1.136,OIL,,,,,,,,612.0,,1.9,,OPEN,146,0.73,100% trail 13:00,2.2,0.17,0.31,0.89,1.36,0.89,TREND-DOWN
2026-09-28,M7,PERSISTENT,SELL,SELL-EX8,208,09:40,580,5289.5,,BREAKOUT,1,0,,0.895,-1.536,IT,,,,,,,,-292.0,,-0.38,,OPEN,-391,-0.45,OPEN,0.02,0.89,0.02,0.02,-0.74,0.89,TREND-DOWN
2026-09-28,M7,PETRONET,BUY,BUY-EX,101,09:55,595,288.0,,PULLBACK,1,0,,0.895,0.524,OIL,,,,,,,,-138.0,,-0.67,,OPEN,395,1.58,100% trail 12:10,2.87,1.22,1.34,1.85,0.64,0.89,TREND-DOWN
2026-09-28,M7,PFC,SELL,SELL-EX3,203,09:30,570,332.55,,BREAKOUT,1,0,,0.895,-1.612,FIN,,,,,,,,352.0,,0.43,,OPEN,341,0.47,OPEN,0.63,0.29,0.2,0.46,0.77,0.89,TREND-DOWN
2026-09-28,M7,PGEL,SELL,SELL-EX5,205,09:30,570,513.2,,BREAKOUT,1,0,,0.895,-1.022,CDUR,,,,,,,,572.0,,0.75,,OPEN,559,0.78,OPEN,1.03,0.42,0.12,0.12,1.21,0.89,TREND-DOWN
2026-09-28,M7,PHOENIXLTD,SELL,SELL-EX8,208,09:30,570,1948.0,,BREAKOUT,1,0,,0.895,-1.537,REALTY,,,,,,,,92.0,,0.17,,OPEN,-146,-0.19,OPEN,0.35,0.68,0.2,0.2,-0.22,0.89,TREND-DOWN
2026-09-28,M7,PIDILITIND,SELL,SELL-EX1,201,09:35,575,1490.5,,BREAKOUT,1,0,,0.895,-1.76,CHEMICALS,,,,,,,,-508.0,,-1.0,,100% SL 12:40,-595,-1.0,100% SL 12:40,0.22,1.12,0.09,0.09,-0.84,0.89,TREND-DOWN
2026-09-28,M7,PIIND,SELL,SELL-EX5,205,09:30,570,2361.0,,BREAKOUT,1,0,,0.895,-1.625,CHEMICALS,,,,,,,,445.0,,0.57,,OPEN,210,0.32,OPEN,0.84,0.26,0.1,0.22,0.51,0.89,TREND-DOWN
2026-09-28,M7,PNB,SELL,SELL-EX3,203,09:30,570,114.71,,BREAKOUT,1,0,,0.895,-1.621,PSUBK,,,,,,,,961.0,,1.3,,OPEN,876,1.24,OPEN,1.34,0.18,0.24,0.58,1.84,0.89,TREND-DOWN
2026-09-28,M7,PNBHOUSING,SELL,SELL-EX3,203,09:30,570,1068.6,,BREAKOUT,1,0,,0.895,-2.402,FIN,,,,,,,,-810.0,,-1.0,,100% SL 10:45,-897,-1.0,100% SL 10:45,0.18,1.67,0.18,0.18,-1.53,0.89,TREND-DOWN
2026-09-28,M7,POLYCAB,SELL,SELL-EX3,203,09:30,570,8309.5,,BREAKOUT,1,0,,0.895,-1.177,CAPGOODS,,,,,,,,756.0,,1.53,,OPEN,446,1.08,100% trail 11:45,1.58,0.19,0.42,0.96,1.43,0.89,TREND-DOWN
2026-09-28,M7,POWERGRID,SELL,SELL-EX12,212,09:35,575,266.35,,BREAKOUT,1,0,,0.895,-1.169,ENE,,,,,,,,757.0,,1.37,,OPEN,799,1.52,OPEN,1.53,0.08,0.24,0.54,1.69,0.89,TREND-DOWN
2026-09-28,M7,PREMIERENE,SELL,SELL-EX12,212,09:30,570,884.6,,BREAKOUT,1,0,,0.895,-1.316,GREEN,,,,,,,,-790.0,,-1.02,,100% SL 11:30,-878,-1.02,100% SL 11:30,0.12,2.01,0.12,0.12,-2.42,0.89,TREND-DOWN
2026-09-28,M7,PRESTIGE,SELL,SELL-EX3,203,09:30,570,1444.2,,BREAKOUT,1,0,,0.895,-2.274,REALTY,,,,,,,,-510.0,,-1.0,,100% SL 10:35,-597,-1.0,100% SL 10:35,0.45,1.77,0.45,0.45,-1.84,0.89,TREND-DOWN
2026-09-28,M7,RBLBANK,SELL,SELL-EX3,203,09:30,570,405.5,,BREAKOUT,1,0,,0.895,-2.301,BANK,,,,,,,,-61.0,,-0.07,,OPEN,-204,-0.19,OPEN,0.12,0.75,0.12,0.12,-0.37,0.89,TREND-DOWN
2026-09-28,M7,RECLTD,SELL,SELL-EX3,203,09:30,570,307.05,,BREAKOUT,1,0,,0.895,-1.885,FIN,,,,,,,,559.0,,0.88,,OPEN,574,0.97,OPEN,0.97,0.41,0.27,0.68,1.24,0.89,TREND-DOWN
2026-09-28,M7,RELIANCE,SELL,SELL-EX8,208,09:35,575,1209.2,,BREAKOUT,1,0,,0.895,-1.37,ENE,,,,,,,,422.0,,0.96,,OPEN,434,1.08,OPEN,1.1,0.52,0.08,0.17,0.96,0.89,TREND-DOWN
2026-09-28,M7,RVNL,SELL,SELL-EX3,203,09:30,570,203.52,,BREAKOUT,1,0,,0.895,-1.681,RAILWAYS,,,,,,,,223.0,,0.35,,OPEN,147,0.3,OPEN,0.47,0.85,0.18,0.18,0.38,0.89,TREND-DOWN
2026-09-28,M7,SAIL,SELL,SELL-EX8,208,09:30,570,183.29,,BREAKOUT,1,0,,0.895,-0.924,MET,,,,,,,,-712.0,,-1.0,,100% SL 14:05,-801,-1.0,100% SL 14:05,0.2,1.84,0.2,0.2,-0.5,0.89,TREND-DOWN
2026-09-28,M7,SBICARD,SELL,SELL-EX1,201,09:30,570,600.35,,BREAKOUT,1,0,,0.895,-1.775,FIN,,,,,,,,801.0,,1.15,,OPEN,492,0.83,100% trail 14:25,1.16,0.21,0.42,0.64,1.56,0.89,TREND-DOWN
2026-09-28,M7,SBILIFE,SELL,SELL-EX1,201,09:55,595,1737.2,,BREAKOUT,1,0,,0.895,-0.276,INSURANCE,,,,,,,,190.0,,0.44,,OPEN,214,0.59,OPEN,0.78,0.57,0.77,0.77,0.52,0.89,TREND-DOWN
2026-09-28,M7,SBIN,SELL,SELL-EX3,203,09:30,570,970.5,,BREAKOUT,1,0,,0.895,-1.272,PSUBK,,,,,,,,439.0,,0.8,,OPEN,392,0.79,OPEN,1.35,0.21,0.47,0.62,0.88,0.89,TREND-DOWN
2026-09-28,M7,SHRIRAMFIN,SELL,SELL-EX3,203,09:30,570,976.7,,BREAKOUT,1,0,,0.895,-1.75,FIN,,,,,,,,-46.0,,-0.06,,OPEN,-22,0.03,OPEN,0.45,0.54,0.08,0.08,0.04,0.89,TREND-DOWN
2026-09-28,M7,SIEMENS,SELL,SELL-EX3,203,09:30,570,3807.6,,BREAKOUT,1,0,,0.895,-1.79,CAPGOODS,,,,,,,,455.0,,0.63,,OPEN,245,0.4,OPEN,0.64,0.4,0.28,0.28,0.58,0.89,TREND-DOWN
2026-09-28,M7,SRF,SELL,SELL-EX1,201,09:30,570,2500.9,,BREAKOUT,1,0,,0.895,-1.539,CHEMICALS,,,,,,,,-19.0,,-0.04,,OPEN,139,0.37,OPEN,0.47,0.56,0.45,0.45,0.38,0.89,TREND-DOWN
2026-09-28,M7,SUNPHARMA,SELL,SELL-EX1,201,09:35,575,1844.1,,BREAKOUT,1,0,,0.895,-0.437,PHA,,,,,,,,-304.0,,-1.0,,100% SL 14:05,-392,-1.0,100% SL 14:05,0.54,1.1,0.1,0.42,0.33,0.89,TREND-DOWN
2026-09-28,M7,SUZLON,SELL,SELL-EX5,205,09:30,570,40.19,,BREAKOUT,1,0,,0.895,-1.495,GREEN,,,,,,,,672.0,,0.77,,OPEN,617,0.76,OPEN,0.94,0.29,0.26,0.39,1.32,0.89,TREND-DOWN
2026-09-28,M7,SWIGGY,SELL,SELL-EX1,201,09:35,575,262.0,,BREAKOUT,1,0,,0.895,-1.076,NEWAGE,,,,,,,,883.0,,1.15,,OPEN,663,0.97,100% trail 14:00,1.67,0.27,0.12,0.95,2.29,0.89,TREND-DOWN
2026-09-28,M7,TATACONSUM,SELL,SELL-EX1,201,09:30,570,969.3,,BREAKOUT,1,0,,0.895,-1.092,FMCG,,,,,,,,602.0,,1.02,,OPEN,439,0.89,100% trail 15:15,1.18,0.28,0.63,0.67,0.96,0.89,TREND-DOWN
2026-09-28,M7,TATAELXSI,SELL,SELL-EX8,208,09:35,575,3171.0,,BREAKOUT,1,0,,0.895,-0.499,IT,,,,,,,,-464.0,,-1.0,,100% SL 13:00,-548,-1.0,100% SL 13:00,0.3,1.34,0.3,0.3,-0.63,0.89,TREND-DOWN
2026-09-28,M7,TATAPOWER,SELL,SELL-EX3,203,09:30,570,362.0,,BREAKOUT,1,0,,0.895,-1.497,ENE,,,,,,,,262.0,,0.47,,OPEN,-28,0.02,OPEN,0.47,0.59,0.1,0.1,0.03,0.89,TREND-DOWN
2026-09-28,M7,TATASTEEL,SELL,SELL-EX3,203,09:30,570,186.2,,BREAKOUT,1,0,,0.895,-0.942,MET,,,,,,,,188.0,,0.29,,OPEN,-69,-0.04,OPEN,0.36,0.95,0.17,0.17,-0.05,0.89,TREND-DOWN
2026-09-28,M7,TCS,SELL,SELL-EX2,202,09:40,580,2063.6,,BREAKOUT,1,0,,0.895,-0.884,IT,,,,,,,,-238.0,,-0.28,,OPEN,-212,-0.2,OPEN,0.35,0.79,0.2,0.35,-0.34,0.89,TREND-DOWN
2026-09-28,M7,TECHM,SELL,SELL-EX8,208,09:40,580,1536.7,,BREAKOUT,1,0,,0.895,-0.73,IT,,,,,,,,-400.0,,-0.61,,OPEN,-217,-0.27,OPEN,0.48,0.74,0.08,0.48,-0.36,0.89,TREND-DOWN
2026-09-28,M7,TITAN,SELL,SELL-EX3,203,09:30,570,4817.5,,BREAKOUT,1,0,,0.895,-1.362,CDUR,,,,,,,,75.0,,0.12,,OPEN,-61,-0.03,OPEN,0.12,0.35,0.04,0.04,-0.04,0.89,TREND-DOWN
2026-09-28,M7,TMPV,SELL,SELL-EX3,203,09:30,570,286.6,,BREAKOUT,1,0,,0.895,-1.326,AUTO,,,,,,,,887.0,,1.14,,OPEN,802,1.09,OPEN,1.37,0.16,0.13,0.47,1.69,0.89,TREND-DOWN
2026-09-28,M7,TORNTPHARM,SELL,SELL-EX8,208,09:30,570,4921.0,,BREAKOUT,1,0,,0.895,-1.353,PHA,,,,,,,,560.0,,0.85,,OPEN,479,0.79,OPEN,1.01,0.21,0.11,0.36,1.06,0.89,TREND-DOWN
2026-09-28,M7,TRENT,SELL,SELL-EX2,202,09:35,575,2627.7,,BREAKOUT,1,0,,0.895,-1.558,CONSUMPTION,,,,,,,,108.0,,0.18,,OPEN,-10,0.06,OPEN,0.41,0.67,0.25,0.35,0.06,0.89,TREND-DOWN
2026-09-28,M7,ULTRACEMCO,SELL,SELL-EX1,201,10:15,615,11030.0,,BREAKOUT,1,0,,0.895,-1.121,CEMENT,,,,,,,,40.0,,0.22,,OPEN,-17,0.11,OPEN,1.08,0.62,0.97,0.97,0.05,0.89,TREND-DOWN
2026-09-28,M7,UNIONBANK,SELL,SELL-EX3,203,09:30,570,175.99,,BREAKOUT,1,0,,0.895,-2.336,PSUBK,,,,,,,,1025.0,,1.41,,OPEN,1162,1.65,OPEN,1.67,0.25,0.42,0.77,2.41,0.89,TREND-DOWN
2026-09-28,M7,UPL,SELL,SELL-EX1,201,09:30,570,544.75,,BREAKOUT,1,0,,0.895,-0.955,CHEMICALS,,,,,,,,-497.0,,-1.0,,100% SL 13:15,-585,-1.0,100% SL 13:15,0.3,1.26,0.3,0.3,-0.87,0.89,TREND-DOWN
2026-09-28,M7,VBL,SELL,SELL-EX3,203,09:30,570,427.2,,BREAKOUT,1,0,,0.895,-1.748,FMCG,,,,,,,,-333.0,,-0.51,,OPEN,-370,-0.5,OPEN,0.17,0.66,0.17,0.17,-0.66,0.89,TREND-DOWN
2026-09-28,M7,VMM,SELL,SELL-EX3,203,09:35,575,102.51,,BREAKOUT,1,0,,0.895,-0.957,CONSUMPTION,,,,,,,,950.0,,1.53,,OPEN,786,1.34,OPEN,1.58,0.28,0.09,0.24,1.66,0.89,TREND-DOWN
2026-09-28,M7,WAAREEENER,SELL,SELL-EX3,203,09:30,570,2469.1,,BREAKOUT,1,0,,0.895,-1.038,GREEN,,,,,,,,262.0,,0.38,,OPEN,240,0.41,OPEN,0.86,0.69,0.15,0.15,0.57,0.89,TREND-DOWN
2026-09-28,M7,WIPRO,SELL,SELL-EX8,208,09:40,580,162.16,,BREAKOUT,1,0,,0.895,-1.134,IT,,,,,,,,-6.0,,-0.01,,OPEN,143,0.27,OPEN,0.52,0.58,0.26,0.43,0.37,0.89,TREND-DOWN
2026-09-28,M7,ZYDUSLIFE,BUY,BUY-EX,101,09:40,580,1218.6,,BREAKOUT,1,0,,0.895,1.221,PHA,,,,,,,,-271.0,,-0.37,,OPEN,-179,-0.2,OPEN,0.56,0.62,0.4,0.56,-0.3,0.89,TREND-DOWN
2026-09-28,M7,ASHOKLEY,SELL,SELL-EX5,205,11:20,680,156.25,,BREAKOUT,1,0,,0.895,-1.779,AUTO,,,,,,,,275.0,,1.34,,OPEN,288,1.61,OPEN,2.33,0.47,0.2,0.23,0.66,0.89,TREND-DOWN
2026-09-28,M7,AXISBANK,SELL,SELL-EX15,215,10:40,640,1209.0,,PULLBACK,1,0,,0.895,-1.096,BANK,,,,,,,,-82.0,,-0.58,,OPEN,-97,-0.07,100% trail 15:10,1.16,0.99,0.61,0.61,-0.07,0.89,TREND-DOWN
2026-09-28,M7,BAJFINANCE,SELL,SELL-EX1,201,10:35,635,976.1,,BREAKOUT,1,0,,0.895,-2.086,FIN,,,,,,,,-352.0,,-0.43,,OPEN,-496,-0.55,OPEN,0.09,0.55,0.09,0.09,-0.91,0.89,TREND-DOWN
2026-09-28,M7,BHARTIARTL,BUY,BUY-EX9,108,11:10,670,1775.9,,BREAKOUT,1,0,,0.895,-0.532,TELECOM,,,,,,,,-53.0,,-0.28,,OPEN,-157,-0.66,OPEN,1.23,0.77,0.45,0.45,-0.25,0.89,TREND-DOWN
2026-09-28,M7,BRITANNIA,SELL,NORMAL SELL,280,10:35,635,4875.5,,BREAKOUT,1,0,,0.895,-1.256,FMCG,,,,,,,,-280.0,,-1.0,,100% SL 13:55,-366,-1.0,100% SL 13:55,0.23,1.41,0.23,0.23,-0.81,0.89,TREND-DOWN
2026-09-28,M7,COALINDIA,BUY,BUY-EX,101,10:30,630,428.55,,BREAKOUT,1,0,,0.895,0.575,ENE,,,,,,,,-236.0,,-1.0,,100% SL 11:15,-323,-1.0,100% SL 11:15,0.37,3.6,0.37,0.37,-1.41,0.89,TREND-DOWN
2026-09-28,M7,ETERNAL,SELL,SELL-EX1,201,10:45,645,330.55,,BREAKOUT,1,0,,0.895,-1.328,NEWAGE,,,,,,,,8.0,,0.02,,OPEN,-102,-0.17,OPEN,0.76,0.53,0.15,0.15,-0.12,0.89,TREND-DOWN
2026-09-28,M7,FORCEMOT,SELL,SELL-EX2,202,11:10,670,17103.0,,BREAKOUT,1,0,,0.895,-1.639,AUTO,,,,,,,,-20.0,,-0.07,,OPEN,-23,0.02,OPEN,0.38,0.94,0.25,0.25,0.02,0.89,TREND-DOWN
2026-09-28,M7,HCLTECH,SELL,NORMAL SELL,280,11:10,670,1242.8,,BREAKOUT,1,0,,0.895,-1.208,IT,,,,,,,,-358.0,,-1.0,,100% SL 13:05,-446,-1.0,100% SL 13:05,0.11,2.68,0.11,0.11,-0.79,0.89,TREND-DOWN
2026-09-28,M7,HEROMOTOCO,SELL,NORMAL SELL,280,11:00,660,5317.5,,BREAKOUT,1,0,,0.895,-0.793,AUTO,,,,,,,,-280.0,,-1.0,,100% SL 12:10,-365,-1.0,100% SL 12:10,0.35,2.33,0.35,0.35,-1.36,0.89,TREND-DOWN
2026-09-28,M7,IEX,SELL,SELL-EX1,201,10:30,630,111.32,,BREAKOUT,1,0,,0.895,-1.224,CAPMKTS,,,,,,,,58.0,,0.1,,OPEN,-55,-0.02,OPEN,0.28,0.65,0.28,0.28,-0.03,0.89,TREND-DOWN
2026-09-28,M7,LTM,BUY,BUY-EX,101,11:00,660,4085.6,,BREAKOUT,1,0,,0.895,0.064,IT,,,,,,,,125.0,,0.21,,OPEN,40,0.12,OPEN,0.96,0.42,0.25,0.42,0.14,0.89,TREND-DOWN
2026-09-28,M7,MOTHERSON,SELL,SELL-EX15,215,11:15,675,162.75,,BREAKOUT,1,0,,0.895,-1.786,AUTO,,,,,,,,384.0,,0.78,,OPEN,75,0.24,OPEN,0.78,0.37,0.15,0.16,0.23,0.89,TREND-DOWN
2026-09-28,M7,NESTLEIND,BUY,BUY-EX9,108,11:15,675,1351.2,,PULLBACK,1,0,,0.895,-0.837,FMCG,,,,,,,,-135.0,,-1.0,,100% SL 15:00,9,0.74,100% trail 12:45,1.54,1.46,1.18,1.54,-0.38,0.89,TREND-DOWN
2026-09-28,M7,NYKAA,SELL,SELL-EX5,205,10:40,640,327.7,,BREAKOUT,1,0,,0.895,-1.798,NEWAGE,,,,,,,,312.0,,0.64,,OPEN,214,0.62,100% trail 13:10,1.15,0.36,0.42,0.92,0.67,0.89,TREND-DOWN
2026-09-28,M7,PATANJALI,SELL,SELL-EX5,205,10:35,635,395.95,,BREAKOUT,1,0,,0.895,-1.98,FMCG,,,,,,,,756.0,,1.86,,OPEN,607,1.59,OPEN,3.2,0.87,0.12,0.54,1.3,0.89,TREND-DOWN
2026-09-28,M7,SOLARINDS,SELL,NORMAL SELL,280,11:05,665,19430.0,,BREAKOUT,1,0,,0.895,-1.595,DEF,,,,,,,,730.0,,2.3,,OPEN,527,1.76,OPEN,2.86,0.31,0.79,1.04,1.44,0.89,TREND-DOWN
2026-09-28,M7,SUPREMEIND,SELL,SELL-EX2,202,10:30,630,3503.7,,BREAKOUT,1,0,,0.895,-1.304,BUILDMAT,,,,,,,,-489.0,,-1.0,,100% SL 13:30,-576,-1.0,100% SL 13:30,1.05,1.03,0.21,0.27,0.11,0.89,TREND-DOWN
2026-09-28,M7,TIINDIA,SELL,SELL-EX1,201,11:05,665,2485.5,,BREAKOUT,1,0,,0.895,-1.019,AUTO,,,,,,,,510.0,,0.75,,OPEN,488,0.78,OPEN,1.23,0.22,0.48,0.78,1.07,0.89,TREND-DOWN
2026-09-28,M7,TVSMOTOR,SELL,SELL-EX1,201,11:05,665,4119.0,,BREAKOUT,1,0,,0.895,-0.921,AUTO,,,,,,,,456.0,,1.15,,OPEN,288,0.94,100% trail 15:00,1.85,0.28,0.79,0.86,0.58,0.89,TREND-DOWN
2026-09-28,M7,UNOMINDA,SELL,SELL-EX1,201,10:45,645,1200.5,,BREAKOUT,1,0,,0.895,-1.437,AUTO,,,,,,,,1128.0,,2.02,,OPEN,286,0.66,100% trail 13:40,2.31,0.31,0.67,1.06,2.29,0.89,TREND-DOWN
2026-09-28,M7,COALINDIA,SELL,SELL-EX6,206,11:50,710,425.0,,BREAKOUT,1,0,,0.895,-0.258,ENE,,,,,,,,445.0,,0.87,,OPEN,250,0.57,OPEN,0.87,0.38,0.05,0.05,0.59,0.89,TREND-DOWN
2026-09-28,M7,DIVISLAB,SELL,SELL-EX1,201,11:35,695,9573.0,,BREAKOUT,1,0,,0.895,-0.483,PHA,,,,,,,,205.0,,1.11,,OPEN,9,0.5,100% trail 13:35,1.71,0.45,0.77,1.34,0.24,0.89,TREND-DOWN
2026-09-28,M7,POWERINDIA,SELL,NORMAL SELL,280,11:30,690,30350.0,,BREAKOUT,1,0,,0.895,-2.207,CAPGOODS,,,,,,,,-126.0,,-1.0,,100% SL 11:40,-180,-1.0,100% SL 11:40,2.78,1.27,0.28,0.28,0.3,0.89,TREND-DOWN
2026-09-28,M7,360ONE,SELL,ENTRY SELL,290,09:25,565,1055.1,,,0,0,scanner-table preview (90/290) — no chart label,0.895,-1.668,CAPMKTS,,,,,,,,,,,,,414,0.51,OPEN,0.6,0.31,0.21,0.21,0.96,0.89,TREND-DOWN
2026-09-28,M7,ABB,SELL,ENTRY SELL,290,09:20,560,6949.0,,,0,0,scanner-table preview (90/290) — no chart label,0.895,-1.468,CAPGOODS,,,,,,,,,,,,,-205,-0.3,OPEN,0.48,0.58,0.48,0.48,-0.34,0.89,TREND-DOWN
2026-09-28,M7,ABCAPITAL,SELL,ENTRY SELL,290,09:20,560,382.8,,,0,0,scanner-table preview (90/290) — no chart label,0.895,-1.846,FIN,,,,,,,,,,,,,-29,0.02,OPEN,0.33,0.28,0.33,0.33,0.03,0.89,TREND-DOWN
2026-09-28,M7,ADANIENSOL,SELL,ENTRY SELL,290,09:20,560,1319.2,,,0,0,scanner-table preview (90/290) — no chart label,0.895,-1.442,ENE,,,,,,,,,,,,,260,0.63,100% trail 12:10,2.4,0.36,0.22,0.52,2.37,0.89,TREND-DOWN
2026-09-28,M7,ADANIGREEN,SELL,ENTRY SELL,290,09:20,560,1282.0,,,0,0,scanner-table preview (90/290) — no chart label,0.895,-1.126,GREEN,,,,,,,,,,,,,1654,5.34,100% trail 14:45,6.71,0.31,0.57,3.23,3.67,0.89,TREND-DOWN
2026-09-28,M7,ADANIPORTS,SELL,ENTRY SELL,290,09:20,560,1777.0,,,0,0,scanner-table preview (90/290) — no chart label,0.895,-0.615,LOGISTICS,,,,,,,,,,,,,908,2.35,100% trail 13:35,2.65,0.05,0.74,1.01,1.87,0.89,TREND-DOWN
2026-09-28,M7,ADANIPOWER,SELL,ENTRY SELL,290,09:20,560,201.36,,,0,0,scanner-table preview (90/290) — no chart label,0.895,-0.686,ENE,,,,,,,,,,,,,1253,2.4,OPEN,2.76,0.16,0.53,1.09,2.59,0.89,TREND-DOWN
2026-09-28,M7,AMBUJACEM,SELL,ENTRY SELL,290,09:20,560,380.4,,,0,0,scanner-table preview (90/290) — no chart label,0.895,-0.886,CEMENT,,,,,,,,,,,,,552,1.4,100% trail 13:30,1.84,0.1,0.98,0.98,1.59,0.89,TREND-DOWN
2026-09-28,M7,ANGELONE,SELL,ENTRY SELL,290,09:20,560,279.45,,,0,0,scanner-table preview (90/290) — no chart label,0.895,-2.969,CAPMKTS,,,,,,,,,,,,,3,0.05,OPEN,0.25,0.5,0.22,0.22,0.09,0.89,TREND-DOWN
2026-09-28,M7,APLAPOLLO,SELL,ENTRY SELL,290,09:20,560,2196.7,,,0,0,scanner-table preview (90/290) — no chart label,0.895,-0.813,MET,,,,,,,,,,,,,95,0.6,100% trail 10:50,1.58,0.46,0.62,0.82,-0.01,0.89,TREND-DOWN
2026-09-28,M7,APOLLOHOSP,SELL,ENTRY SELL,290,09:20,560,8814.0,,,0,0,scanner-table preview (90/290) — no chart label,0.895,-0.844,HOSPITALS,,,,,,,,,,,,,-482,-1.0,100% SL 10:00,0.12,1.1,0.12,0.12,-0.52,0.89,TREND-DOWN
2026-09-28,M7,ASHOKLEY,SELL,ENTRY SELL,290,09:20,560,156.5,,,0,0,scanner-table preview (90/290) — no chart label,0.895,-1.622,AUTO,,,,,,,,,,,,,366,0.53,OPEN,0.73,0.34,0.08,0.08,0.82,0.89,TREND-DOWN
2026-09-28,M7,ASTRAL,SELL,ENTRY SELL,290,09:20,560,1381.7,,,0,0,scanner-table preview (90/290) — no chart label,0.895,-1.237,BUILDMAT,,,,,,,,,,,,,216,0.73,100% trail 11:25,1.57,0.26,0.97,0.97,0.81,0.89,TREND-DOWN
2026-09-28,M7,AUBANK,SELL,ENTRY SELL,290,09:20,560,1004.9,,,0,0,scanner-table preview (90/290) — no chart label,0.895,-1.287,BANK,,,,,,,,,,,,,183,0.71,100% trail 13:30,1.25,0.21,0.87,0.87,0.96,0.89,TREND-DOWN
2026-09-28,M7,AUROPHARMA,SELL,ENTRY SELL,290,09:20,560,1698.4,,,0,0,scanner-table preview (90/290) — no chart label,0.895,-0.794,PHA,,,,,,,,,,,,,-15,0.07,OPEN,0.85,0.48,0.33,0.8,0.05,0.89,TREND-DOWN
2026-09-28,M7,BAJAJ-AUTO,SELL,ENTRY SELL,290,09:20,560,11180.0,,,0,0,scanner-table preview (90/290) — no chart label,0.895,-0.895,AUTO,,,,,,,,,,,,,96,0.57,100% trail 10:45,2.94,0.35,0.49,0.98,1.4,0.89,TREND-DOWN
2026-09-28,M7,BAJAJHLDNG,SELL,ENTRY SELL,290,09:25,565,10800.0,,,0,0,scanner-table preview (90/290) — no chart label,0.895,-1.28,FIN,,,,,,,,,,,,,-36,0.0,OPEN,0.06,0.83,0.06,0.06,-0.0,0.89,TREND-DOWN
2026-09-28,M7,BAJFINANCE,SELL,ENTRY SELL,290,09:20,560,979.7,,,0,0,scanner-table preview (90/290) — no chart label,0.895,-1.725,FIN,,,,,,,,,,,,,-312,-0.42,OPEN,0.41,0.42,0.23,0.23,-0.54,0.89,TREND-DOWN
2026-09-28,M7,BANKBARODA,SELL,ENTRY SELL,290,09:20,560,232.44,,,0,0,scanner-table preview (90/290) — no chart label,0.895,-1.199,PSUBK,,,,,,,,,,,,,608,1.27,100% trail 13:40,1.94,0.18,0.39,0.68,2.13,0.89,TREND-DOWN
2026-09-28,M7,BANKINDIA,SELL,ENTRY SELL,290,09:20,560,135.29,,,0,0,scanner-table preview (90/290) — no chart label,0.895,-1.921,PSUBK,,,,,,,,,,,,,1914,2.67,OPEN,2.93,0.2,0.8,1.08,3.92,0.89,TREND-DOWN
2026-09-28,M7,BDL,SELL,ENTRY SELL,290,09:20,560,1130.7,,,0,0,scanner-table preview (90/290) — no chart label,0.895,-0.816,DEF,,,,,,,,,,,,,327,1.12,100% trail 09:40,2.28,0.08,1.38,1.38,1.39,0.89,TREND-DOWN
2026-09-28,M7,BEL,SELL,ENTRY SELL,290,09:20,560,388.2,,,0,0,scanner-table preview (90/290) — no chart label,0.895,-1.359,DEF,,,,,,,,,,,,,304,0.54,OPEN,0.81,0.03,0.22,0.22,0.7,0.89,TREND-DOWN
2026-09-28,M7,BHARATFORG,SELL,ENTRY SELL,290,09:20,560,1984.1,,,0,0,scanner-table preview (90/290) — no chart label,0.895,-1.19,AUTO,,,,,,,,,,,,,193,1.07,100% trail 13:10,3.11,0.6,0.3,0.4,1.37,0.89,TREND-DOWN
2026-09-28,M7,BIOCON,SELL,ENTRY SELL,290,09:20,560,377.25,,,0,0,scanner-table preview (90/290) — no chart label,0.895,-1.282,PHA,,,,,,,,,,,,,268,0.6,OPEN,0.76,0.61,0.55,0.55,0.62,0.89,TREND-DOWN
2026-09-28,M7,BPCL,SELL,ENTRY SELL,290,09:20,560,305.25,,,0,0,scanner-table preview (90/290) — no chart label,0.895,-1.053,OIL,,,,,,,,,,,,,213,0.7,100% trail 13:35,1.63,0.5,0.79,0.79,0.98,0.89,TREND-DOWN
2026-09-28,M7,CANBK,SELL,ENTRY SELL,290,09:20,560,123.28,,,0,0,scanner-table preview (90/290) — no chart label,0.895,-1.368,PSUBK,,,,,,,,,,,,,523,1.43,100% trail 11:30,2.87,0.05,0.93,1.44,2.13,0.89,TREND-DOWN
2026-09-28,M7,CDSL,SELL,ENTRY SELL,290,09:25,565,1305.0,,,0,0,scanner-table preview (90/290) — no chart label,0.895,-0.986,CAPMKTS,,,,,,,,,,,,,566,1.3,OPEN,1.5,0.41,0.87,0.87,1.23,0.89,TREND-DOWN
2026-09-28,M7,CGPOWER,SELL,ENTRY SELL,290,09:20,560,873.25,,,0,0,scanner-table preview (90/290) — no chart label,0.895,-1.439,CAPGOODS,,,,,,,,,,,,,428,0.85,OPEN,0.98,0.55,0.38,0.38,0.94,0.89,TREND-DOWN
2026-09-28,M7,CHOLAFIN,SELL,ENTRY SELL,290,09:20,560,1637.6,,,0,0,scanner-table preview (90/290) — no chart label,0.895,-1.51,FIN,,,,,,,,,,,,,61,0.15,OPEN,0.72,0.64,0.72,0.72,0.21,0.89,TREND-DOWN
2026-09-28,M7,COLPAL,SELL,ENTRY SELL,290,09:20,560,1839.4,,,0,0,scanner-table preview (90/290) — no chart label,0.895,-0.884,FMCG,,,,,,,,,,,,,-438,-1.0,100% SL 12:00,0.96,1.43,0.35,0.35,-0.35,0.89,TREND-DOWN
2026-09-28,M7,CONCOR,SELL,ENTRY SELL,290,09:20,560,456.3,,,0,0,scanner-table preview (90/290) — no chart label,0.895,-1.127,LOGISTICS,,,,,,,,,,,,,170,0.56,100% trail 12:25,1.62,0.2,0.62,0.62,1.38,0.89,TREND-DOWN
2026-09-28,M7,CROMPTON,SELL,ENTRY SELL,290,09:20,560,216.36,,,0,0,scanner-table preview (90/290) — no chart label,0.895,-1.025,CDUR,,,,,,,,,,,,,-697,-1.0,100% SL 11:40,0.7,1.87,0.7,0.7,-1.13,0.89,TREND-DOWN
2026-09-28,M7,CUMMINSIND,SELL,ENTRY SELL,290,09:20,560,4872.0,,,0,0,scanner-table preview (90/290) — no chart label,0.895,-1.476,CAPGOODS,,,,,,,,,,,,,254,0.69,100% trail 15:10,1.05,0.37,0.09,0.14,0.35,0.89,TREND-DOWN
2026-09-28,M7,DELHIVERY,SELL,ENTRY SELL,290,09:20,560,415.9,,,0,0,scanner-table preview (90/290) — no chart label,0.895,-1.609,LOGISTICS,,,,,,,,,,,,,893,1.59,100% trail 15:05,2.11,0.19,0.91,1.33,2.02,0.89,TREND-DOWN
2026-09-28,M7,DIVISLAB,SELL,ENTRY SELL,290,09:20,560,9581.5,,,0,0,scanner-table preview (90/290) — no chart label,0.895,-0.395,PHA,,,,,,,,,,,,,51,0.42,100% trail 13:35,1.12,0.79,0.35,0.35,0.33,0.89,TREND-DOWN
2026-09-28,M7,DLF,SELL,ENTRY SELL,290,09:20,560,671.0,,,0,0,scanner-table preview (90/290) — no chart label,0.895,-1.757,REALTY,,,,,,,,,,,,,62,0.43,100% trail 11:35,1.57,0.22,1.26,1.34,1.11,0.89,TREND-DOWN
2026-09-28,M7,EICHERMOT,SELL,ENTRY SELL,290,09:20,560,7293.0,,,0,0,scanner-table preview (90/290) — no chart label,0.895,-0.91,AUTO,,,,,,,,,,,,,238,2.11,100% trail 12:50,4.17,0.52,0.88,1.64,1.09,0.89,TREND-DOWN
2026-09-28,M7,EXIDEIND,SELL,ENTRY SELL,290,09:20,560,419.75,,,0,0,scanner-table preview (90/290) — no chart label,0.895,-0.921,AUTO,,,,,,,,,,,,,402,1.4,100% trail 11:35,2.99,0.36,1.14,1.14,1.99,0.89,TREND-DOWN
2026-09-28,M7,FORCEMOT,SELL,ENTRY SELL,290,09:20,560,17147.0,,,0,0,scanner-table preview (90/290) — no chart label,0.895,-1.386,AUTO,,,,,,,,,,,,,-278,-1.0,100% SL 10:00,0.94,1.9,0.25,0.25,0.27,0.89,TREND-DOWN
2026-09-28,M7,FORTIS,SELL,ENTRY SELL,290,09:20,560,828.85,,,0,0,scanner-table preview (90/290) — no chart label,0.895,-1.074,HOSPITALS,,,,,,,,,,,,,58,0.22,100% trail 11:30,1.02,0.61,0.75,1.02,-0.23,0.89,TREND-DOWN
2026-09-28,M7,GAIL,BUY,ENTRY BUY,90,09:20,560,174.27,,,0,0,scanner-table preview (90/290) — no chart label,0.895,0.909,OIL,,,,,,,,,,,,,-860,-1.0,100% SL 10:20,0.11,1.19,0.11,0.11,-1.04,0.89,TREND-DOWN
2026-09-28,M7,GMRAIRPORT,SELL,ENTRY SELL,290,09:20,560,96.74,,,0,0,scanner-table preview (90/290) — no chart label,0.895,-1.235,INFRA,,,,,,,,,,,,,1090,3.87,100% trail 14:55,4.54,0.2,1.19,1.19,2.06,0.89,TREND-DOWN
2026-09-28,M7,GODREJCP,SELL,ENTRY SELL,290,09:20,560,864.55,,,0,0,scanner-table preview (90/290) — no chart label,0.895,-1.756,FMCG,,,,,,,,,,,,,-238,-0.31,OPEN,0.43,0.53,0.32,0.37,-0.4,0.89,TREND-DOWN
2026-09-28,M7,GVT&D,SELL,ENTRY SELL,290,09:25,565,4232.1,,,0,0,scanner-table preview (90/290) — no chart label,0.895,-1.119,CAPGOODS,,,,,,,,,,,,,393,0.87,100% trail 13:25,1.12,0.34,0.28,0.28,0.69,0.89,TREND-DOWN
2026-09-28,M7,HAL,SELL,ENTRY SELL,290,09:20,560,4739.1,,,0,0,scanner-table preview (90/290) — no chart label,0.895,-1.269,DEF,,,,,,,,,,,,,-406,-1.0,100% SL 10:00,0.57,1.22,0.54,0.54,0.02,0.89,TREND-DOWN
2026-09-28,M7,HAVELLS,SELL,ENTRY SELL,290,09:20,560,1085.0,,,0,0,scanner-table preview (90/290) — no chart label,0.895,-1.049,CDUR,,,,,,,,,,,,,-42,0.0,OPEN,0.97,0.27,0.36,0.36,-0.0,0.89,TREND-DOWN
2026-09-28,M7,HDFCBANK,SELL,ENTRY SELL,290,09:20,560,725.5,,,0,0,scanner-table preview (90/290) — no chart label,0.895,-1.373,BANK,,,,,,,,,,,,,397,0.88,OPEN,0.98,0.16,0.52,0.53,0.89,0.89,TREND-DOWN
2026-09-28,M7,HINDALCO,SELL,ENTRY SELL,290,09:20,560,955.0,,,0,0,scanner-table preview (90/290) — no chart label,0.895,-2.252,MET,,,,,,,,,,,,,-89,-0.08,OPEN,0.32,0.87,0.32,0.32,-0.09,0.89,TREND-DOWN
2026-09-28,M7,HINDPETRO,SELL,ENTRY SELL,290,09:20,560,347.0,,,0,0,scanner-table preview (90/290) — no chart label,0.895,-1.14,OIL,,,,,,,,,,,,,613,3.45,OPEN,4.62,0.34,1.97,1.97,1.31,0.89,TREND-DOWN
2026-09-28,M7,HINDUNILVR,SELL,ENTRY SELL,290,09:20,560,1915.8,,,0,0,scanner-table preview (90/290) — no chart label,0.895,-1.395,FMCG,,,,,,,,,,,,,379,1.01,100% trail 15:10,1.24,0.1,0.45,0.45,1.03,0.89,TREND-DOWN
2026-09-28,M7,HYUNDAI,SELL,ENTRY SELL,290,09:20,560,2095.0,,,0,0,scanner-table preview (90/290) — no chart label,0.895,-0.946,AUTO,,,,,,,,,,,,,856,2.33,100% trail 14:05,3.1,0.29,0.91,1.2,2.11,0.89,TREND-DOWN
2026-09-28,M7,ICICIBANK,SELL,ENTRY SELL,290,09:25,565,1312.5,,,0,0,scanner-table preview (90/290) — no chart label,0.895,-1.078,BANK,,,,,,,,,,,,,153,0.65,100% trail 11:30,1.27,0.22,0.92,1.18,0.8,0.89,TREND-DOWN
2026-09-28,M7,IDEA,SELL,ENTRY SELL,290,09:20,560,13.93,,,0,0,scanner-table preview (90/290) — no chart label,0.895,-2.314,TELECOM,,,,,,,,,,,,,1198,1.41,100% trail 14:45,1.67,0.37,0.27,0.27,3.3,0.89,TREND-DOWN
2026-09-28,M7,IDFCFIRSTB,SELL,ENTRY SELL,290,09:25,565,82.05,,,0,0,scanner-table preview (90/290) — no chart label,0.895,-2.088,BANK,,,,,,,,,,,,,871,1.02,OPEN,1.07,0.06,0.34,0.37,1.83,0.89,TREND-DOWN
2026-09-28,M7,IEX,SELL,ENTRY SELL,290,09:20,560,111.77,,,0,0,scanner-table preview (90/290) — no chart label,0.895,-0.825,CAPMKTS,,,,,,,,,,,,,146,0.44,OPEN,0.86,0.87,0.33,0.33,0.38,0.89,TREND-DOWN
2026-09-28,M7,INDHOTEL,SELL,ENTRY SELL,290,09:20,560,716.35,,,0,0,scanner-table preview (90/290) — no chart label,0.895,-1.438,TRAVEL,,,,,,,,,,,,,-221,-0.45,100% trail 11:50,1.41,0.85,1.12,1.12,0.75,0.89,TREND-DOWN
2026-09-28,M7,INDIANB,SELL,ENTRY SELL,290,09:20,560,826.2,,,0,0,scanner-table preview (90/290) — no chart label,0.895,-0.697,PSUBK,,,,,,,,,,,,,1383,3.98,OPEN,4.09,0.37,0.73,1.11,2.87,0.89,TREND-DOWN
2026-09-28,M7,INDIGO,SELL,ENTRY SELL,290,09:20,560,4889.0,,,0,0,scanner-table preview (90/290) — no chart label,0.895,-1.032,TRAVEL,,,,,,,,,,,,,189,1.72,100% trail 11:30,2.72,1.06,0.44,1.0,0.3,0.89,TREND-DOWN
2026-09-28,M7,INDUSTOWER,SELL,ENTRY SELL,290,09:20,560,368.15,,,0,0,scanner-table preview (90/290) — no chart label,0.895,-1.735,TELECOM,,,,,,,,,,,,,909,1.56,100% trail 15:05,2.66,0.46,0.34,0.34,2.21,0.89,TREND-DOWN
2026-09-28,M7,INOXWIND,SELL,ENTRY SELL,290,09:20,560,73.88,,,0,0,scanner-table preview (90/290) — no chart label,0.895,-1.164,GREEN,,,,,,,,,,,,,179,0.55,100% trail 12:30,2.61,0.5,0.64,0.64,2.54,0.89,TREND-DOWN
2026-09-28,M7,IOC,SELL,ENTRY SELL,290,09:20,560,134.47,,,0,0,scanner-table preview (90/290) — no chart label,0.895,-0.906,OIL,,,,,,,,,,,,,165,0.75,100% trail 12:30,1.55,0.27,0.83,0.83,0.86,0.89,TREND-DOWN
2026-09-28,M7,IREDA,SELL,ENTRY SELL,290,09:20,560,112.0,,,0,0,scanner-table preview (90/290) — no chart label,0.895,-1.078,FIN,,,,,,,,,,,,,-661,-1.0,100% SL 10:00,0.11,4.21,0.11,0.11,-2.52,0.89,TREND-DOWN
2026-09-28,M7,IRFC,SELL,ENTRY SELL,290,09:20,560,78.85,,,0,0,scanner-table preview (90/290) — no chart label,0.895,-1.376,RAILWAYS,,,,,,,,,,,,,148,0.27,OPEN,0.41,0.98,0.28,0.28,0.38,0.89,TREND-DOWN
2026-09-28,M7,ITC,SELL,ENTRY SELL,290,09:20,560,267.3,,,0,0,scanner-table preview (90/290) — no chart label,0.895,-0.632,FMCG,,,,,,,,,,,,,351,1.02,OPEN,1.02,0.27,0.37,0.9,0.79,0.89,TREND-DOWN
2026-09-28,M7,JINDALSTEL,SELL,ENTRY SELL,290,09:25,565,1149.6,,,0,0,scanner-table preview (90/290) — no chart label,0.895,-1.305,MET,,,,,,,,,,,,,388,1.13,OPEN,1.76,0.85,0.31,0.31,0.87,0.89,TREND-DOWN
2026-09-28,M7,JIOFIN,SELL,ENTRY SELL,290,09:20,560,224.89,,,0,0,scanner-table preview (90/290) — no chart label,0.895,-0.93,FIN,,,,,,,,,,,,,186,0.63,100% trail 11:45,2.95,0.12,1.17,1.17,1.95,0.89,TREND-DOWN
2026-09-28,M7,JSWENERGY,SELL,ENTRY SELL,290,09:20,560,502.0,,,0,0,scanner-table preview (90/290) — no chart label,0.895,-0.898,ENE,,,,,,,,,,,,,299,1.53,100% trail 11:25,3.0,1.18,1.33,2.25,1.39,0.89,TREND-DOWN
2026-09-28,M7,JSWSTEEL,SELL,ENTRY SELL,290,09:25,565,1265.8,,,0,0,scanner-table preview (90/290) — no chart label,0.895,-0.877,MET,,,,,,,,,,,,,94,0.42,100% trail 15:15,1.06,0.72,0.39,0.39,0.13,0.89,TREND-DOWN
2026-09-28,M7,JUBLFOOD,SELL,ENTRY SELL,290,09:20,560,482.75,,,0,0,scanner-table preview (90/290) — no chart label,0.895,-0.371,CONSUMPTION,,,,,,,,,,,,,375,1.37,OPEN,2.12,0.78,0.88,0.88,0.84,0.89,TREND-DOWN
2026-09-28,M7,KALYANKJIL,SELL,ENTRY SELL,290,09:20,560,563.1,,,0,0,scanner-table preview (90/290) — no chart label,0.895,-1.728,CDUR,,,,,,,,,,,,,-114,-0.08,OPEN,0.33,0.45,0.33,0.33,-0.16,0.89,TREND-DOWN
2026-09-28,M7,KEI,SELL,ENTRY SELL,290,09:20,560,4616.5,,,0,0,scanner-table preview (90/290) — no chart label,0.895,-1.22,CAPGOODS,,,,,,,,,,,,,340,1.1,100% trail 12:05,2.69,0.48,0.68,0.69,2.18,0.89,TREND-DOWN
2026-09-28,M7,KOTAKBANK,SELL,ENTRY SELL,290,09:20,560,398.05,,,0,0,scanner-table preview (90/290) — no chart label,0.895,-1.473,BANK,,,,,,,,,,,,,-592,-1.0,100% SL 14:00,0.51,1.39,0.51,0.51,-0.88,0.89,TREND-DOWN
2026-09-28,M7,KPITTECH,SELL,ENTRY SELL,290,09:20,560,514.4,,,0,0,scanner-table preview (90/290) — no chart label,0.895,-0.963,IT,,,,,,,,,,,,,140,0.61,100% trail 12:10,2.18,0.3,0.94,0.94,1.05,0.89,TREND-DOWN
2026-09-28,M7,LAURUSLABS,SELL,ENTRY SELL,290,09:25,565,1986.6,,,0,0,scanner-table preview (90/290) — no chart label,0.895,-1.016,PHA,,,,,,,,,,,,,-591,-1.0,100% SL 09:50,0.05,1.28,0.05,0.05,-1.21,0.89,TREND-DOWN
2026-09-28,M7,LODHA,SELL,ENTRY SELL,290,09:20,560,1144.1,,,0,0,scanner-table preview (90/290) — no chart label,0.895,-1.794,REALTY,,,,,,,,,,,,,1120,1.4,OPEN,1.49,0.37,0.5,0.75,2.36,0.89,TREND-DOWN
2026-09-28,M7,LT,SELL,ENTRY SELL,290,09:20,560,3837.6,,,0,0,scanner-table preview (90/290) — no chart label,0.895,-0.996,INFRA,,,,,,,,,,,,,884,3.73,OPEN,3.73,0.5,0.7,0.92,1.86,0.89,TREND-DOWN
2026-09-28,M7,LTF,SELL,ENTRY SELL,290,09:20,560,280.3,,,0,0,scanner-table preview (90/290) — no chart label,0.895,-1.303,FIN,,,,,,,,,,,,,-579,-1.0,100% SL 11:50,0.83,1.14,0.83,0.83,-0.2,0.89,TREND-DOWN
2026-09-28,M7,LTM,SELL,ENTRY SELL,290,09:20,560,4047.2,,,0,0,scanner-table preview (90/290) — no chart label,0.895,-0.877,IT,,,,,,,,,,,,,-525,-1.0,100% SL 11:00,0.74,2.33,0.74,0.74,-1.09,0.89,TREND-DOWN
2026-09-28,M7,M&M,SELL,ENTRY SELL,290,09:20,560,2998.0,,,0,0,scanner-table preview (90/290) — no chart label,0.895,-1.219,AUTO,,,,,,,,,,,,,8,0.13,OPEN,0.9,0.34,0.52,0.52,0.1,0.89,TREND-DOWN
2026-09-28,M7,MANKIND,SELL,ENTRY SELL,290,09:25,565,2473.7,,,0,0,scanner-table preview (90/290) — no chart label,0.895,-0.048,PHA,,,,,,,,,,,,,421,2.0,100% trail 11:55,3.0,1.09,0.57,1.09,1.54,0.89,TREND-DOWN
2026-09-28,M7,MAXHEALTH,SELL,ENTRY SELL,290,09:20,560,993.4,,,0,0,scanner-table preview (90/290) — no chart label,0.895,-2.032,HOSPITALS,,,,,,,,,,,,,-377,-0.38,OPEN,0.22,0.9,0.22,0.22,-0.67,0.89,TREND-DOWN
2026-09-28,M7,MAZDOCK,SELL,ENTRY SELL,290,09:20,560,2168.5,,,0,0,scanner-table preview (90/290) — no chart label,0.895,-1.414,DEF,,,,,,,,,,,,,660,1.26,OPEN,1.55,0.25,0.56,0.56,1.41,0.89,TREND-DOWN
2026-09-28,M7,MCX,SELL,ENTRY SELL,290,09:25,565,3279.1,,,0,0,scanner-table preview (90/290) — no chart label,0.895,-1.377,CAPMKTS,,,,,,,,,,,,,-545,-1.0,100% SL 10:10,0.9,1.37,0.32,0.32,0.48,0.89,TREND-DOWN
2026-09-28,M7,MOTHERSON,SELL,ENTRY SELL,290,09:20,560,163.45,,,0,0,scanner-table preview (90/290) — no chart label,0.895,-1.364,AUTO,,,,,,,,,,,,,287,0.52,OPEN,0.95,0.61,0.38,0.38,0.66,0.89,TREND-DOWN
2026-09-28,M7,MOTILALOFS,SELL,ENTRY SELL,290,09:20,560,1008.8,,,0,0,scanner-table preview (90/290) — no chart label,0.895,-1.963,CAPMKTS,,,,,,,,,,,,,-175,-0.15,OPEN,0.48,0.53,0.48,0.48,-0.28,0.89,TREND-DOWN
2026-09-28,M7,MUTHOOTFIN,SELL,ENTRY SELL,290,09:25,565,2779.9,,,0,0,scanner-table preview (90/290) — no chart label,0.895,-1.944,FIN,,,,,,,,,,,,,298,0.76,OPEN,0.86,0.8,0.39,0.39,0.72,0.89,TREND-DOWN
2026-09-28,M7,NAM-INDIA,SELL,ENTRY SELL,290,09:20,560,1120.0,,,0,0,scanner-table preview (90/290) — no chart label,0.895,-3.198,CAPMKTS,,,,,,,,,,,,,654,0.77,OPEN,0.84,0.21,0.08,0.08,2.33,0.89,TREND-DOWN
2026-09-28,M7,NATIONALUM,SELL,ENTRY SELL,290,09:20,560,346.3,,,0,0,scanner-table preview (90/290) — no chart label,0.895,-3.457,MET,,,,,,,,,,,,,-320,-0.32,OPEN,0.23,0.44,0.2,0.2,-0.78,0.89,TREND-DOWN
2026-09-28,M7,NBCC,SELL,ENTRY SELL,290,09:20,560,81.69,,,0,0,scanner-table preview (90/290) — no chart label,0.895,-1.412,PSE,,,,,,,,,,,,,337,1.11,100% trail 13:25,2.67,0.43,1.25,1.25,1.81,0.89,TREND-DOWN
2026-09-28,M7,NESTLEIND,SELL,ENTRY SELL,290,09:20,560,1346.7,,,0,0,scanner-table preview (90/290) — no chart label,0.895,-1.167,FMCG,,,,,,,,,,,,,-205,-1.0,100% SL 09:40,0.79,3.15,0.38,0.38,0.05,0.89,TREND-DOWN
2026-09-28,M7,NHPC,SELL,ENTRY SELL,290,09:20,560,75.28,,,0,0,scanner-table preview (90/290) — no chart label,0.895,-0.947,ENE,,,,,,,,,,,,,420,1.33,100% trail 14:55,1.66,0.33,0.26,0.28,1.04,0.89,TREND-DOWN
2026-09-28,M7,NMDC,SELL,ENTRY SELL,290,09:25,565,79.46,,,0,0,scanner-table preview (90/290) — no chart label,0.895,-0.551,MET,,,,,,,,,,,,,1235,1.5,OPEN,1.49,0.39,0.38,0.38,2.55,0.89,TREND-DOWN
2026-09-28,M7,NTPC,SELL,ENTRY SELL,290,09:20,560,324.25,,,0,0,scanner-table preview (90/290) — no chart label,0.895,-0.72,ENE,,,,,,,,,,,,,87,0.51,100% trail 11:35,1.82,0.29,0.56,1.22,0.97,0.89,TREND-DOWN
2026-09-28,M7,OBEROIRLTY,SELL,ENTRY SELL,290,09:25,565,1839.9,,,0,0,scanner-table preview (90/290) — no chart label,0.895,-1.001,REALTY,,,,,,,,,,,,,-98,-0.04,100% trail 10:40,1.7,1.44,1.4,1.4,0.54,0.89,TREND-DOWN
2026-09-28,M7,OIL,SELL,ENTRY SELL,290,09:20,560,468.0,,,0,0,scanner-table preview (90/290) — no chart label,0.895,-1.505,OIL,,,,,,,,,,,,,-42,0.0,OPEN,0.67,0.41,0.07,0.07,-0.0,0.89,TREND-DOWN
2026-09-28,M7,ONGC,SELL,ENTRY SELL,290,09:20,560,233.4,,,0,0,scanner-table preview (90/290) — no chart label,0.895,-1.043,OIL,,,,,,,,,,,,,193,0.61,100% trail 13:00,1.65,0.58,0.08,0.08,1.46,0.89,TREND-DOWN
2026-09-28,M7,PATANJALI,SELL,ENTRY SELL,290,09:20,560,396.2,,,0,0,scanner-table preview (90/290) — no chart label,0.895,-1.919,FMCG,,,,,,,,,,,,,638,0.95,OPEN,1.87,0.51,0.02,0.02,1.36,0.89,TREND-DOWN
2026-09-28,M7,PAYTM,SELL,ENTRY SELL,290,09:25,565,1641.2,,,0,0,scanner-table preview (90/290) — no chart label,0.895,-1.959,NEWAGE,,,,,,,,,,,,,-863,-1.0,100% SL 12:40,0.55,1.37,0.17,0.17,0.33,0.89,TREND-DOWN
2026-09-28,M7,PERSISTENT,SELL,ENTRY SELL,290,09:20,560,5322.0,,,0,0,scanner-table preview (90/290) — no chart label,0.895,-0.931,IT,,,,,,,,,,,,,-98,-0.12,OPEN,0.64,0.82,0.64,0.64,-0.12,0.89,TREND-DOWN
2026-09-28,M7,PFC,SELL,ENTRY SELL,290,09:20,560,334.95,,,0,0,scanner-table preview (90/290) — no chart label,0.895,-0.902,FIN,,,,,,,,,,,,,327,0.91,100% trail 11:30,1.91,0.08,1.14,1.6,1.48,0.89,TREND-DOWN
2026-09-28,M7,PHOENIXLTD,SELL,ENTRY SELL,290,09:25,565,1953.8,,,0,0,scanner-table preview (90/290) — no chart label,0.895,-1.243,REALTY,,,,,,,,,,,,,-1,0.1,OPEN,0.83,0.57,0.62,0.62,0.08,0.89,TREND-DOWN
2026-09-28,M7,PNB,SELL,ENTRY SELL,290,09:20,560,115.07,,,0,0,scanner-table preview (90/290) — no chart label,0.895,-1.312,PSUBK,,,,,,,,,,,,,572,1.13,100% trail 13:10,1.96,0.09,0.57,1.0,2.15,0.89,TREND-DOWN
2026-09-28,M7,PNBHOUSING,SELL,ENTRY SELL,290,09:20,560,1073.9,,,0,0,scanner-table preview (90/290) — no chart label,0.895,-1.918,FIN,,,,,,,,,,,,,-655,-1.0,100% SL 10:45,0.69,1.96,0.69,0.69,-1.03,0.89,TREND-DOWN
2026-09-28,M7,POLYCAB,SELL,ENTRY SELL,290,09:20,560,8337.0,,,0,0,scanner-table preview (90/290) — no chart label,0.895,-0.85,CAPGOODS,,,,,,,,,,,,,509,2.13,100% trail 11:45,2.87,0.5,1.13,1.92,1.75,0.89,TREND-DOWN
2026-09-28,M7,POWERGRID,SELL,ENTRY SELL,290,09:20,560,266.55,,,0,0,scanner-table preview (90/290) — no chart label,0.895,-1.095,ENE,,,,,,,,,,,,,837,1.71,OPEN,1.71,0.27,0.29,0.53,1.76,0.89,TREND-DOWN
2026-09-28,M7,PREMIERENE,SELL,ENTRY SELL,290,09:20,560,887.4,,,0,0,scanner-table preview (90/290) — no chart label,0.895,-1.004,GREEN,,,,,,,,,,,,,-721,-1.03,100% SL 11:30,0.4,2.27,0.4,0.4,-2.1,0.89,TREND-DOWN
2026-09-28,M7,PRESTIGE,SELL,ENTRY SELL,290,09:20,560,1449.5,,,0,0,scanner-table preview (90/290) — no chart label,0.895,-1.915,REALTY,,,,,,,,,,,,,-417,-1.0,100% trail 10:35,1.25,2.2,1.25,1.25,-1.47,0.89,TREND-DOWN
2026-09-28,M7,RBLBANK,SELL,ENTRY SELL,290,09:25,565,408.4,,,0,0,scanner-table preview (90/290) — no chart label,0.895,-1.602,BANK,,,,,,,,,,,,,129,0.27,OPEN,0.75,0.62,0.75,0.75,0.34,0.89,TREND-DOWN
2026-09-28,M7,RECLTD,SELL,ENTRY SELL,290,09:20,560,308.7,,,0,0,scanner-table preview (90/290) — no chart label,0.895,-1.358,FIN,,,,,,,,,,,,,72,0.44,100% trail 11:25,2.41,0.49,1.11,1.79,1.77,0.89,TREND-DOWN
2026-09-28,M7,RELIANCE,SELL,ENTRY SELL,290,09:20,560,1214.0,,,0,0,scanner-table preview (90/290) — no chart label,0.895,-0.979,ENE,,,,,,,,,,,,,630,2.76,OPEN,2.79,0.29,0.96,0.96,1.35,0.89,TREND-DOWN
2026-09-28,M7,RVNL,SELL,ENTRY SELL,290,09:20,560,204.52,,,0,0,scanner-table preview (90/290) — no chart label,0.895,-1.198,RAILWAYS,,,,,,,,,,,,,212,0.77,100% trail 14:45,1.39,0.75,0.91,0.91,0.87,0.89,TREND-DOWN
2026-09-28,M7,SAIL,SELL,ENTRY SELL,290,09:25,565,183.59,,,0,0,scanner-table preview (90/290) — no chart label,0.895,-0.762,MET,,,,,,,,,,,,,-719,-1.0,100% SL 14:05,0.36,1.94,0.36,0.36,-0.33,0.89,TREND-DOWN
2026-09-28,M7,SBIN,SELL,ENTRY SELL,290,09:20,560,974.1,,,0,0,scanner-table preview (90/290) — no chart label,0.895,-0.905,PSUBK,,,,,,,,,,,,,326,1.14,100% trail 10:45,2.54,0.14,1.11,1.44,1.24,0.89,TREND-DOWN
2026-09-28,M7,SHRIRAMFIN,SELL,ENTRY SELL,290,09:25,565,978.9,,,0,0,scanner-table preview (90/290) — no chart label,0.895,-1.529,FIN,,,,,,,,,,,,,91,0.21,OPEN,0.7,0.46,0.27,0.27,0.27,0.89,TREND-DOWN
2026-09-28,M7,SIEMENS,SELL,ENTRY SELL,290,09:20,560,3814.4,,,0,0,scanner-table preview (90/290) — no chart label,0.895,-1.615,CAPGOODS,,,,,,,,,,,,,334,0.59,OPEN,0.87,0.32,0.46,0.46,0.76,0.89,TREND-DOWN
2026-09-28,M7,SONACOMS,SELL,ENTRY SELL,290,09:20,560,811.1,,,0,0,scanner-table preview (90/290) — no chart label,0.895,-1.625,AUTO,,,,,,,,,,,,,-891,-1.0,100% SL 11:45,0.35,1.23,0.26,0.26,0.39,0.89,TREND-DOWN
2026-09-28,M7,TATAELXSI,SELL,ENTRY SELL,290,09:20,560,3182.7,,,0,0,scanner-table preview (90/290) — no chart label,0.895,-0.132,IT,,,,,,,,,,,,,216,1.04,100% trail 09:45,1.09,1.55,1.09,1.09,-0.26,0.89,TREND-DOWN
2026-09-28,M7,TATAPOWER,SELL,ENTRY SELL,290,09:20,560,363.25,,,0,0,scanner-table preview (90/290) — no chart label,0.895,-1.156,ENE,,,,,,,,,,,,,143,0.48,OPEN,1.12,0.43,0.59,0.59,0.37,0.89,TREND-DOWN
2026-09-28,M7,TATASTEEL,SELL,ENTRY SELL,290,09:20,560,186.8,,,0,0,scanner-table preview (90/290) — no chart label,0.895,-0.622,MET,,,,,,,,,,,,,91,0.28,OPEN,0.81,0.93,0.55,0.55,0.27,0.89,TREND-DOWN
2026-09-28,M7,TECHM,SELL,ENTRY SELL,290,09:25,565,1543.5,,,0,0,scanner-table preview (90/290) — no chart label,0.895,-0.291,IT,,,,,,,,,,,,,153,0.54,100% trail 11:30,1.21,0.62,0.59,1.12,0.08,0.89,TREND-DOWN
2026-09-28,M7,TIINDIA,SELL,ENTRY SELL,290,09:20,560,2492.8,,,0,0,scanner-table preview (90/290) — no chart label,0.895,-0.729,AUTO,,,,,,,,,,,,,-464,-1.0,100% SL 09:55,2.6,1.38,0.11,0.11,1.36,0.89,TREND-DOWN
2026-09-28,M7,TITAN,SELL,ENTRY SELL,290,09:25,565,4827.0,,,0,0,scanner-table preview (90/290) — no chart label,0.895,-1.167,CDUR,,,,,,,,,,,,,34,0.14,OPEN,0.32,0.24,0.23,0.23,0.16,0.89,TREND-DOWN
2026-09-28,M7,TMPV,SELL,ENTRY SELL,290,09:20,560,288.3,,,0,0,scanner-table preview (90/290) — no chart label,0.895,-0.74,AUTO,,,,,,,,,,,,,405,1.03,100% trail 10:55,2.83,0.25,0.83,1.38,2.27,0.89,TREND-DOWN
2026-09-28,M7,TORNTPHARM,SELL,ENTRY SELL,290,09:20,560,4938.0,,,0,0,scanner-table preview (90/290) — no chart label,0.895,-1.012,PHA,,,,,,,,,,,,,328,0.85,100% trail 14:10,1.7,0.18,0.49,0.84,1.4,0.89,TREND-DOWN
2026-09-28,M7,UNIONBANK,SELL,ENTRY SELL,290,09:20,560,177.15,,,0,0,scanner-table preview (90/290) — no chart label,0.895,-1.693,PSUBK,,,,,,,,,,,,,625,1.8,100% trail 11:20,3.87,0.08,1.6,2.22,3.05,0.89,TREND-DOWN
2026-09-28,M7,UNITDSPR,SELL,ENTRY SELL,290,09:20,560,1409.7,,,0,0,scanner-table preview (90/290) — no chart label,0.895,-0.99,FMCG,,,,,,,,,,,,,-321,-1.0,100% SL 10:15,0.55,1.54,0.55,0.55,-0.4,0.89,TREND-DOWN
2026-09-28,M7,VBL,SELL,ENTRY SELL,290,09:20,560,427.8,,,0,0,scanner-table preview (90/290) — no chart label,0.895,-1.61,FMCG,,,,,,,,,,,,,-297,-0.44,OPEN,0.31,0.63,0.31,0.31,-0.51,0.89,TREND-DOWN
2026-09-28,M7,VEDL,SELL,ENTRY SELL,290,09:20,560,259.5,,,0,0,scanner-table preview (90/290) — no chart label,0.895,-2.572,MET,,,,,,,,,,,,,54,0.11,OPEN,0.27,0.64,0.27,0.27,0.19,0.89,TREND-DOWN
2026-09-28,M7,VMM,SELL,ENTRY SELL,290,09:20,560,102.95,,,0,0,scanner-table preview (90/290) — no chart label,0.895,-0.531,CONSUMPTION,,,,,,,,,,,,,996,2.58,OPEN,2.95,0.18,0.66,0.66,2.08,0.89,TREND-DOWN
2026-09-28,M7,WAAREEENER,SELL,ENTRY SELL,290,09:20,560,2484.6,,,0,0,scanner-table preview (90/290) — no chart label,0.895,-0.417,GREEN,,,,,,,,,,,,,133,0.57,100% trail 10:10,2.36,0.44,1.07,1.07,1.19,0.89,TREND-DOWN
2026-09-28,M7,WIPRO,SELL,ENTRY SELL,290,09:20,560,163.15,,,0,0,scanner-table preview (90/290) — no chart label,0.895,-0.53,IT,,,,,,,,,,,,,334,1.1,100% trail 11:35,1.72,0.49,1.19,1.43,0.97,0.89,TREND-DOWN
2026-09-28,M7,YESBANK,SELL,ENTRY SELL,290,09:20,560,21.74,,,0,0,scanner-table preview (90/290) — no chart label,0.895,-3.378,BANK,,,,,,,,,,,,,834,0.96,OPEN,1.07,0.12,0.33,0.33,2.58,0.89,TREND-DOWN
2026-09-28,M7,AXISBANK,SELL,ENTRY SELL,290,09:35,575,1210.1,,,0,0,scanner-table preview (90/290) — no chart label,0.895,-1.006,BANK,,,,,,,,,,,,,-34,0.03,OPEN,0.67,0.54,0.26,0.26,0.02,0.89,TREND-DOWN
2026-09-28,M7,BAJAJFINSV,SELL,ENTRY SELL,290,09:35,575,1741.0,,,0,0,scanner-table preview (90/290) — no chart label,0.895,-1.694,FIN,,,,,,,,,,,,,-349,-0.39,OPEN,0.05,0.67,0.05,0.05,-0.63,0.89,TREND-DOWN
2026-09-28,M7,BHARTIARTL,SELL,ENTRY SELL,290,09:35,575,1765.4,,,0,0,scanner-table preview (90/290) — no chart label,0.895,-1.12,TELECOM,,,,,,,,,,,,,-369,-1.0,100% SL 11:10,0.17,1.88,0.17,0.17,-0.34,0.89,TREND-DOWN
2026-09-28,M7,BRITANNIA,SELL,ENTRY SELL,290,09:35,575,4880.5,,,0,0,scanner-table preview (90/290) — no chart label,0.895,-1.154,FMCG,,,,,,,,,,,,,-386,-0.7,OPEN,0.23,0.7,0.06,0.11,-0.71,0.89,TREND-DOWN
2026-09-28,M7,COCHINSHIP,SELL,ENTRY SELL,290,09:30,570,1354.3,,,0,0,scanner-table preview (90/290) — no chart label,0.895,-1.649,DEF,,,,,,,,,,,,,870,1.46,OPEN,1.55,0.26,0.18,0.23,1.87,0.89,TREND-DOWN
2026-09-28,M7,DIXON,SELL,ENTRY SELL,290,09:30,570,13251.0,,,0,0,scanner-table preview (90/290) — no chart label,0.895,-1.038,CDUR,,,,,,,,,,,,,-336,-1.0,100% SL 09:50,0.15,5.81,0.15,0.15,-2.94,0.89,TREND-DOWN
2026-09-28,M7,ETERNAL,SELL,ENTRY SELL,290,09:35,575,331.15,,,0,0,scanner-table preview (90/290) — no chart label,0.895,-1.149,NEWAGE,,,,,,,,,,,,,-12,0.05,OPEN,0.6,0.43,0.15,0.15,0.06,0.89,TREND-DOWN
2026-09-28,M7,FORTIS,SELL,SELL-EX1,201,10:15,615,819.65,,,0,0,open position already on stock (1-open-trade rule),0.895,-2.172,HOSPITALS,,,,,,,,,,,,,-642,-1.0,100% SL 13:15,0.24,1.76,0.24,0.24,-1.35,0.89,TREND-DOWN
2026-09-28,M7,HCLTECH,SELL,ENTRY SELL,290,09:40,580,1251.6,,,0,0,scanner-table preview (90/290) — no chart label,0.895,-0.509,IT,,,,,,,,,,,,,-521,-1.0,100% SL 14:05,0.88,1.36,0.28,0.28,-0.08,0.89,TREND-DOWN
2026-09-28,M7,HDFCLIFE,SELL,ENTRY SELL,290,09:30,570,530.05,,,0,0,scanner-table preview (90/290) — no chart label,0.895,-0.179,INSURANCE,,,,,,,,,,,,,60,0.57,100% trail 10:45,1.47,1.61,0.58,0.96,-0.29,0.89,TREND-DOWN
2026-09-28,M7,ICICIGI,SELL,ENTRY SELL,290,09:35,575,1533.8,,,0,0,scanner-table preview (90/290) — no chart label,0.895,-1.281,INSURANCE,,,,,,,,,,,,,-561,-1.0,100% SL 12:50,0.51,1.69,0.51,0.51,-0.4,0.89,TREND-DOWN
2026-09-28,M7,KFINTECH,SELL,ENTRY SELL,290,09:35,575,876.05,,,0,0,scanner-table preview (90/290) — no chart label,0.895,-1.435,CAPMKTS,,,,,,,,,,,,,-498,-0.62,OPEN,0.14,0.88,0.14,0.14,-0.91,0.89,TREND-DOWN
2026-09-28,M7,PAGEIND,SELL,ENTRY SELL,290,09:35,575,37375.0,,,0,0,scanner-table preview (90/290) — no chart label,0.895,-0.849,CONSUMPTION,,,,,,,,,,,,,-156,-0.4,OPEN,0.27,0.8,0.27,0.27,-0.33,0.89,TREND-DOWN
2026-09-28,M7,PIIND,SELL,ENTRY SELL,290,09:35,575,2359.9,,,0,0,scanner-table preview (90/290) — no chart label,0.895,-1.671,CHEMICALS,,,,,,,,,,,,,187,0.29,OPEN,0.78,0.28,0.07,0.19,0.46,0.89,TREND-DOWN
2026-09-28,M7,POWERINDIA,SELL,ENTRY SELL,290,09:35,575,30420.0,,,0,0,scanner-table preview (90/290) — no chart label,0.895,-1.982,CAPGOODS,,,,,,,,,,,,,134,0.48,OPEN,1.25,0.39,0.12,0.12,0.53,0.89,TREND-DOWN
2026-09-28,M7,SOLARINDS,SELL,ENTRY SELL,290,09:30,570,19470.0,,,0,0,scanner-table preview (90/290) — no chart label,0.895,-1.393,DEF,,,,,,,,,,,,,607,1.29,OPEN,1.99,0.46,0.08,0.08,1.64,0.89,TREND-DOWN
2026-09-28,M7,UNOMINDA,SELL,ENTRY SELL,290,09:40,580,1205.8,,,0,0,scanner-table preview (90/290) — no chart label,0.895,-1.002,AUTO,,,,,,,,,,,,,-327,-1.0,100% SL 09:50,6.3,1.39,0.65,0.65,2.72,0.89,TREND-DOWN
2026-09-28,M7,HINDALCO,BUY,BUY-EX9,108,11:15,675,964.2,,,0,0,open position already on stock (1-open-trade rule),0.895,-1.31,MET,,,,,,,,,,,,,-240,-1.0,100% SL 11:55,0.37,3.04,0.37,0.37,-0.86,0.89,TREND-DOWN
2026-09-28,M7,NUVAMA,BUY,BUY-EX9,108,11:05,665,1636.9,,,0,0,open position already on stock (1-open-trade rule),0.895,-2.647,CAPMKTS,,,,,,,,,,,,,-17,0.06,100% EOD 15:20,0.56,0.48,0.41,0.54,-0.53,0.89,TREND-DOWN
2026-09-28,M7,ANGELONE,SELL,SELL-EX15,215,11:40,700,279.5,,,0,0,open position already on stock (1-open-trade rule),0.895,-2.951,CAPMKTS,,,,,,,,,,,,,-267,-1.0,100% trail 12:25,1.39,1.68,1.39,1.39,0.11,0.89,TREND-DOWN
2026-09-28,M7,APOLLOHOSP,SELL,SELL-EX1,201,11:50,710,8852.5,,,0,0,open position already on stock (1-open-trade rule),0.895,-0.411,HOSPITALS,,,,,,,,,,,,,-207,-1.0,100% SL 13:05,0.64,1.86,0.31,0.31,-0.08,0.89,TREND-DOWN
2026-09-28,M7,NAUKRI,SELL,SELL-EX15,215,11:45,705,1245.4,,,0,0,open position already on stock (1-open-trade rule),0.895,-0.749,NEWAGE,,,,,,,,,,,,,-382,-0.57,OPEN,0.44,0.62,0.32,0.36,-0.68,0.89,TREND-DOWN
2026-09-28,M8,UNIONBANK,SELL,SELL-EX3,203,09:30,570,175.99,,BREAKOUT,1,0,,0.895,-2.336,PSUBK,0,0,0,1,1,-60.5,,1025.0,,1.41,,OPEN,1162,1.65,OPEN,1.67,0.25,0.42,0.77,2.41,0.89,TREND-DOWN
2026-09-28,M8,360ONE,SELL,ENTRY SELL,290,09:25,565,1055.1,,,0,0,scanner-table preview (90/290) — no chart label,0.895,-1.668,CAPMKTS,0,1,0,0,1,-60.5,,,,,,,414,0.51,OPEN,0.6,0.31,0.21,0.21,0.96,0.89,TREND-DOWN
2026-09-28,M8,ABB,SELL,ENTRY SELL,290,09:20,560,6949.0,,,0,0,scanner-table preview (90/290) — no chart label,0.895,-1.468,CAPGOODS,0,1,0,0,1,-60.5,,,,,,,-205,-0.3,OPEN,0.48,0.58,0.48,0.48,-0.34,0.89,TREND-DOWN
2026-09-28,M8,ABCAPITAL,SELL,ENTRY SELL,290,09:20,560,382.8,,,0,0,scanner-table preview (90/290) — no chart label,0.895,-1.846,FIN,0,0,0,0,1,-60.5,,,,,,,-29,0.02,OPEN,0.33,0.28,0.33,0.33,0.03,0.89,TREND-DOWN
2026-09-28,M8,ADANIENSOL,SELL,ENTRY SELL,290,09:20,560,1319.2,,,0,0,scanner-table preview (90/290) — no chart label,0.895,-1.442,ENE,0,0,0,0,1,-60.5,,,,,,,260,0.63,100% trail 12:10,2.4,0.36,0.22,0.52,2.37,0.89,TREND-DOWN
2026-09-28,M8,ADANIGREEN,SELL,ENTRY SELL,290,09:20,560,1282.0,,,0,0,scanner-table preview (90/290) — no chart label,0.895,-1.126,GREEN,0,0,0,0,1,-60.5,,,,,,,1654,5.34,100% trail 14:45,6.71,0.31,0.57,3.23,3.67,0.89,TREND-DOWN
2026-09-28,M8,ADANIPORTS,SELL,ENTRY SELL,290,09:20,560,1777.0,,,0,0,scanner-table preview (90/290) — no chart label,0.895,-0.615,LOGISTICS,0,1,0,1,1,-60.5,,,,,,,908,2.35,100% trail 13:35,2.65,0.05,0.74,1.01,1.87,0.89,TREND-DOWN
2026-09-28,M8,ADANIPOWER,SELL,ENTRY SELL,290,09:20,560,201.36,,,0,0,scanner-table preview (90/290) — no chart label,0.895,-0.686,ENE,0,0,0,0,1,-60.5,,,,,,,1253,2.4,OPEN,2.76,0.16,0.53,1.09,2.59,0.89,TREND-DOWN
2026-09-28,M8,AMBUJACEM,SELL,ENTRY SELL,290,09:20,560,380.4,,,0,0,scanner-table preview (90/290) — no chart label,0.895,-0.886,CEMENT,0,0,0,0,1,-60.5,,,,,,,552,1.4,100% trail 13:30,1.84,0.1,0.98,0.98,1.59,0.89,TREND-DOWN
2026-09-28,M8,ANGELONE,SELL,ENTRY SELL,290,09:20,560,279.45,,,0,0,scanner-table preview (90/290) — no chart label,0.895,-2.969,CAPMKTS,0,1,0,0,1,-60.5,,,,,,,3,0.05,OPEN,0.25,0.5,0.22,0.22,0.09,0.89,TREND-DOWN
2026-09-28,M8,APLAPOLLO,SELL,ENTRY SELL,290,09:20,560,2196.7,,,0,0,scanner-table preview (90/290) — no chart label,0.895,-0.813,MET,0,0,0,0,1,-60.5,,,,,,,95,0.6,100% trail 10:50,1.58,0.46,0.62,0.82,-0.01,0.89,TREND-DOWN
2026-09-28,M8,APOLLOHOSP,SELL,ENTRY SELL,290,09:20,560,8814.0,,,0,0,scanner-table preview (90/290) — no chart label,0.895,-0.844,HOSPITALS,0,0,1,0,0,-60.5,,,,,,,-482,-1.0,100% SL 10:00,0.12,1.1,0.12,0.12,-0.52,0.89,TREND-DOWN
2026-09-28,M8,ASHOKLEY,SELL,ENTRY SELL,290,09:20,560,156.5,,,0,0,scanner-table preview (90/290) — no chart label,0.895,-1.622,AUTO,0,0,0,0,1,-60.5,,,,,,,366,0.53,OPEN,0.73,0.34,0.08,0.08,0.82,0.89,TREND-DOWN
2026-09-28,M8,ASTRAL,SELL,ENTRY SELL,290,09:20,560,1381.7,,,0,0,scanner-table preview (90/290) — no chart label,0.895,-1.237,BUILDMAT,0,0,0,0,1,-60.5,,,,,,,216,0.73,100% trail 11:25,1.57,0.26,0.97,0.97,0.81,0.89,TREND-DOWN
2026-09-28,M8,AUBANK,SELL,ENTRY SELL,290,09:20,560,1004.9,,,0,0,scanner-table preview (90/290) — no chart label,0.895,-1.287,BANK,0,0,0,0,1,-60.5,,,,,,,183,0.71,100% trail 13:30,1.25,0.21,0.87,0.87,0.96,0.89,TREND-DOWN
2026-09-28,M8,AUROPHARMA,SELL,ENTRY SELL,290,09:20,560,1698.4,,,0,0,scanner-table preview (90/290) — no chart label,0.895,-0.794,PHA,0,0,0,0,0,-60.5,,,,,,,-15,0.07,OPEN,0.85,0.48,0.33,0.8,0.05,0.89,TREND-DOWN
2026-09-28,M8,BAJAJ-AUTO,SELL,ENTRY SELL,290,09:20,560,11180.0,,,0,0,scanner-table preview (90/290) — no chart label,0.895,-0.895,AUTO,0,0,0,0,1,-60.5,,,,,,,96,0.57,100% trail 10:45,2.94,0.35,0.49,0.98,1.4,0.89,TREND-DOWN
2026-09-28,M8,BAJAJHLDNG,SELL,ENTRY SELL,290,09:25,565,10800.0,,,0,0,scanner-table preview (90/290) — no chart label,0.895,-1.28,FIN,0,0,0,0,1,-60.5,,,,,,,-36,0.0,OPEN,0.06,0.83,0.06,0.06,-0.0,0.89,TREND-DOWN
2026-09-28,M8,BAJFINANCE,SELL,ENTRY SELL,290,09:20,560,979.7,,,0,0,scanner-table preview (90/290) — no chart label,0.895,-1.725,FIN,0,0,0,0,1,-60.5,,,,,,,-312,-0.42,OPEN,0.41,0.42,0.23,0.23,-0.54,0.89,TREND-DOWN
2026-09-28,M8,BANKBARODA,SELL,ENTRY SELL,290,09:20,560,232.44,,,0,0,scanner-table preview (90/290) — no chart label,0.895,-1.199,PSUBK,0,0,0,1,1,-60.5,,,,,,,608,1.27,100% trail 13:40,1.94,0.18,0.39,0.68,2.13,0.89,TREND-DOWN
2026-09-28,M8,BANKINDIA,SELL,ENTRY SELL,290,09:20,560,135.29,,,0,0,scanner-table preview (90/290) — no chart label,0.895,-1.921,PSUBK,0,0,0,1,1,-60.5,,,,,,,1914,2.67,OPEN,2.93,0.2,0.8,1.08,3.92,0.89,TREND-DOWN
2026-09-28,M8,BDL,SELL,ENTRY SELL,290,09:20,560,1130.7,,,0,0,scanner-table preview (90/290) — no chart label,0.895,-0.816,DEF,0,0,0,0,1,-60.5,,,,,,,327,1.12,100% trail 09:40,2.28,0.08,1.38,1.38,1.39,0.89,TREND-DOWN
2026-09-28,M8,BEL,SELL,ENTRY SELL,290,09:20,560,388.2,,,0,0,scanner-table preview (90/290) — no chart label,0.895,-1.359,DEF,0,0,0,0,1,-60.5,,,,,,,304,0.54,OPEN,0.81,0.03,0.22,0.22,0.7,0.89,TREND-DOWN
2026-09-28,M8,BHARATFORG,SELL,ENTRY SELL,290,09:20,560,1984.1,,,0,0,scanner-table preview (90/290) — no chart label,0.895,-1.19,AUTO,0,0,0,0,1,-60.5,,,,,,,193,1.07,100% trail 13:10,3.11,0.6,0.3,0.4,1.37,0.89,TREND-DOWN
2026-09-28,M8,BIOCON,SELL,ENTRY SELL,290,09:20,560,377.25,,,0,0,scanner-table preview (90/290) — no chart label,0.895,-1.282,PHA,0,0,0,0,0,-60.5,,,,,,,268,0.6,OPEN,0.76,0.61,0.55,0.55,0.62,0.89,TREND-DOWN
2026-09-28,M8,BPCL,SELL,ENTRY SELL,290,09:20,560,305.25,,,0,0,scanner-table preview (90/290) — no chart label,0.895,-1.053,OIL,0,0,0,0,1,-60.5,,,,,,,213,0.7,100% trail 13:35,1.63,0.5,0.79,0.79,0.98,0.89,TREND-DOWN
2026-09-28,M8,CANBK,SELL,ENTRY SELL,290,09:20,560,123.28,,,0,0,scanner-table preview (90/290) — no chart label,0.895,-1.368,PSUBK,0,0,0,1,1,-60.5,,,,,,,523,1.43,100% trail 11:30,2.87,0.05,0.93,1.44,2.13,0.89,TREND-DOWN
2026-09-28,M8,CDSL,SELL,ENTRY SELL,290,09:25,565,1305.0,,,0,0,scanner-table preview (90/290) — no chart label,0.895,-0.986,CAPMKTS,0,1,0,0,1,-60.5,,,,,,,566,1.3,OPEN,1.5,0.41,0.87,0.87,1.23,0.89,TREND-DOWN
2026-09-28,M8,CGPOWER,SELL,ENTRY SELL,290,09:20,560,873.25,,,0,0,scanner-table preview (90/290) — no chart label,0.895,-1.439,CAPGOODS,0,1,0,0,1,-60.5,,,,,,,428,0.85,OPEN,0.98,0.55,0.38,0.38,0.94,0.89,TREND-DOWN
2026-09-28,M8,CHOLAFIN,SELL,ENTRY SELL,290,09:20,560,1637.6,,,0,0,scanner-table preview (90/290) — no chart label,0.895,-1.51,FIN,0,0,0,0,1,-60.5,,,,,,,61,0.15,OPEN,0.72,0.64,0.72,0.72,0.21,0.89,TREND-DOWN
2026-09-28,M8,COLPAL,SELL,ENTRY SELL,290,09:20,560,1839.4,,,0,0,scanner-table preview (90/290) — no chart label,0.895,-0.884,FMCG,0,0,0,0,0,-60.5,,,,,,,-438,-1.0,100% SL 12:00,0.96,1.43,0.35,0.35,-0.35,0.89,TREND-DOWN
2026-09-28,M8,CONCOR,SELL,ENTRY SELL,290,09:20,560,456.3,,,0,0,scanner-table preview (90/290) — no chart label,0.895,-1.127,LOGISTICS,0,1,0,1,1,-60.5,,,,,,,170,0.56,100% trail 12:25,1.62,0.2,0.62,0.62,1.38,0.89,TREND-DOWN
2026-09-28,M8,CROMPTON,SELL,ENTRY SELL,290,09:20,560,216.36,,,0,0,scanner-table preview (90/290) — no chart label,0.895,-1.025,CDUR,0,0,1,0,0,-60.5,,,,,,,-697,-1.0,100% SL 11:40,0.7,1.87,0.7,0.7,-1.13,0.89,TREND-DOWN
2026-09-28,M8,CUMMINSIND,SELL,ENTRY SELL,290,09:20,560,4872.0,,,0,0,scanner-table preview (90/290) — no chart label,0.895,-1.476,CAPGOODS,0,1,0,0,1,-60.5,,,,,,,254,0.69,100% trail 15:10,1.05,0.37,0.09,0.14,0.35,0.89,TREND-DOWN
2026-09-28,M8,DELHIVERY,SELL,ENTRY SELL,290,09:20,560,415.9,,,0,0,scanner-table preview (90/290) — no chart label,0.895,-1.609,LOGISTICS,0,1,0,1,1,-60.5,,,,,,,893,1.59,100% trail 15:05,2.11,0.19,0.91,1.33,2.02,0.89,TREND-DOWN
2026-09-28,M8,DIVISLAB,SELL,ENTRY SELL,290,09:20,560,9581.5,,,0,0,scanner-table preview (90/290) — no chart label,0.895,-0.395,PHA,0,0,0,0,0,-60.5,,,,,,,51,0.42,100% trail 13:35,1.12,0.79,0.35,0.35,0.33,0.89,TREND-DOWN
2026-09-28,M8,DLF,SELL,ENTRY SELL,290,09:20,560,671.0,,,0,0,scanner-table preview (90/290) — no chart label,0.895,-1.757,REALTY,0,0,0,0,1,-60.5,,,,,,,62,0.43,100% trail 11:35,1.57,0.22,1.26,1.34,1.11,0.89,TREND-DOWN
2026-09-28,M8,EICHERMOT,SELL,ENTRY SELL,290,09:20,560,7293.0,,,0,0,scanner-table preview (90/290) — no chart label,0.895,-0.91,AUTO,0,0,0,0,1,-60.5,,,,,,,238,2.11,100% trail 12:50,4.17,0.52,0.88,1.64,1.09,0.89,TREND-DOWN
2026-09-28,M8,EXIDEIND,SELL,ENTRY SELL,290,09:20,560,419.75,,,0,0,scanner-table preview (90/290) — no chart label,0.895,-0.921,AUTO,0,0,0,0,1,-60.5,,,,,,,402,1.4,100% trail 11:35,2.99,0.36,1.14,1.14,1.99,0.89,TREND-DOWN
2026-09-28,M8,FORCEMOT,SELL,ENTRY SELL,290,09:20,560,17147.0,,,0,0,scanner-table preview (90/290) — no chart label,0.895,-1.386,AUTO,0,0,0,0,1,-60.5,,,,,,,-278,-1.0,100% SL 10:00,0.94,1.9,0.25,0.25,0.27,0.89,TREND-DOWN
2026-09-28,M8,FORTIS,SELL,ENTRY SELL,290,09:20,560,828.85,,,0,0,scanner-table preview (90/290) — no chart label,0.895,-1.074,HOSPITALS,0,0,1,0,0,-60.5,,,,,,,58,0.22,100% trail 11:30,1.02,0.61,0.75,1.02,-0.23,0.89,TREND-DOWN
2026-09-28,M8,GAIL,BUY,ENTRY BUY,90,09:20,560,174.27,,,0,0,scanner-table preview (90/290) — no chart label,0.895,0.909,OIL,0,0,0,0,1,-60.5,,,,,,,-860,-1.0,100% SL 10:20,0.11,1.19,0.11,0.11,-1.04,0.89,TREND-DOWN
2026-09-28,M8,GMRAIRPORT,SELL,ENTRY SELL,290,09:20,560,96.74,,,0,0,scanner-table preview (90/290) — no chart label,0.895,-1.235,INFRA,0,0,0,0,1,-60.5,,,,,,,1090,3.87,100% trail 14:55,4.54,0.2,1.19,1.19,2.06,0.89,TREND-DOWN
2026-09-28,M8,GODREJCP,SELL,ENTRY SELL,290,09:20,560,864.55,,,0,0,scanner-table preview (90/290) — no chart label,0.895,-1.756,FMCG,0,0,0,0,0,-60.5,,,,,,,-238,-0.31,OPEN,0.43,0.53,0.32,0.37,-0.4,0.89,TREND-DOWN
2026-09-28,M8,GVT&D,SELL,ENTRY SELL,290,09:25,565,4232.1,,,0,0,scanner-table preview (90/290) — no chart label,0.895,-1.119,CAPGOODS,0,1,0,0,1,-60.5,,,,,,,393,0.87,100% trail 13:25,1.12,0.34,0.28,0.28,0.69,0.89,TREND-DOWN
2026-09-28,M8,HAL,SELL,ENTRY SELL,290,09:20,560,4739.1,,,0,0,scanner-table preview (90/290) — no chart label,0.895,-1.269,DEF,0,0,0,0,1,-60.5,,,,,,,-406,-1.0,100% SL 10:00,0.57,1.22,0.54,0.54,0.02,0.89,TREND-DOWN
2026-09-28,M8,HAVELLS,SELL,ENTRY SELL,290,09:20,560,1085.0,,,0,0,scanner-table preview (90/290) — no chart label,0.895,-1.049,CDUR,0,0,1,0,0,-60.5,,,,,,,-42,0.0,OPEN,0.97,0.27,0.36,0.36,-0.0,0.89,TREND-DOWN
2026-09-28,M8,HDFCBANK,SELL,ENTRY SELL,290,09:20,560,725.5,,,0,0,scanner-table preview (90/290) — no chart label,0.895,-1.373,BANK,0,0,0,0,1,-60.5,,,,,,,397,0.88,OPEN,0.98,0.16,0.52,0.53,0.89,0.89,TREND-DOWN
2026-09-28,M8,HINDALCO,SELL,ENTRY SELL,290,09:20,560,955.0,,,0,0,scanner-table preview (90/290) — no chart label,0.895,-2.252,MET,0,0,0,0,1,-60.5,,,,,,,-89,-0.08,OPEN,0.32,0.87,0.32,0.32,-0.09,0.89,TREND-DOWN
2026-09-28,M8,HINDPETRO,SELL,ENTRY SELL,290,09:20,560,347.0,,,0,0,scanner-table preview (90/290) — no chart label,0.895,-1.14,OIL,0,0,0,0,1,-60.5,,,,,,,613,3.45,OPEN,4.62,0.34,1.97,1.97,1.31,0.89,TREND-DOWN
2026-09-28,M8,HINDUNILVR,SELL,ENTRY SELL,290,09:20,560,1915.8,,,0,0,scanner-table preview (90/290) — no chart label,0.895,-1.395,FMCG,0,0,0,0,0,-60.5,,,,,,,379,1.01,100% trail 15:10,1.24,0.1,0.45,0.45,1.03,0.89,TREND-DOWN
2026-09-28,M8,HYUNDAI,SELL,ENTRY SELL,290,09:20,560,2095.0,,,0,0,scanner-table preview (90/290) — no chart label,0.895,-0.946,AUTO,0,0,0,0,1,-60.5,,,,,,,856,2.33,100% trail 14:05,3.1,0.29,0.91,1.2,2.11,0.89,TREND-DOWN
2026-09-28,M8,ICICIBANK,SELL,ENTRY SELL,290,09:25,565,1312.5,,,0,0,scanner-table preview (90/290) — no chart label,0.895,-1.078,BANK,0,0,0,0,1,-60.5,,,,,,,153,0.65,100% trail 11:30,1.27,0.22,0.92,1.18,0.8,0.89,TREND-DOWN
2026-09-28,M8,IDEA,SELL,ENTRY SELL,290,09:20,560,13.93,,,0,0,scanner-table preview (90/290) — no chart label,0.895,-2.314,TELECOM,0,1,0,1,1,-60.5,,,,,,,1198,1.41,100% trail 14:45,1.67,0.37,0.27,0.27,3.3,0.89,TREND-DOWN
2026-09-28,M8,IDFCFIRSTB,SELL,ENTRY SELL,290,09:25,565,82.05,,,0,0,scanner-table preview (90/290) — no chart label,0.895,-2.088,BANK,0,0,0,0,1,-60.5,,,,,,,871,1.02,OPEN,1.07,0.06,0.34,0.37,1.83,0.89,TREND-DOWN
2026-09-28,M8,IEX,SELL,ENTRY SELL,290,09:20,560,111.77,,,0,0,scanner-table preview (90/290) — no chart label,0.895,-0.825,CAPMKTS,0,1,0,0,1,-60.5,,,,,,,146,0.44,OPEN,0.86,0.87,0.33,0.33,0.38,0.89,TREND-DOWN
2026-09-28,M8,INDHOTEL,SELL,ENTRY SELL,290,09:20,560,716.35,,,0,0,scanner-table preview (90/290) — no chart label,0.895,-1.438,TRAVEL,0,0,0,0,0,-60.5,,,,,,,-221,-0.45,100% trail 11:50,1.41,0.85,1.12,1.12,0.75,0.89,TREND-DOWN
2026-09-28,M8,INDIANB,SELL,ENTRY SELL,290,09:20,560,826.2,,,0,0,scanner-table preview (90/290) — no chart label,0.895,-0.697,PSUBK,0,0,0,1,1,-60.5,,,,,,,1383,3.98,OPEN,4.09,0.37,0.73,1.11,2.87,0.89,TREND-DOWN
2026-09-28,M8,INDIGO,SELL,ENTRY SELL,290,09:20,560,4889.0,,,0,0,scanner-table preview (90/290) — no chart label,0.895,-1.032,TRAVEL,0,0,0,0,0,-60.5,,,,,,,189,1.72,100% trail 11:30,2.72,1.06,0.44,1.0,0.3,0.89,TREND-DOWN
2026-09-28,M8,INDUSTOWER,SELL,ENTRY SELL,290,09:20,560,368.15,,,0,0,scanner-table preview (90/290) — no chart label,0.895,-1.735,TELECOM,0,1,0,1,1,-60.5,,,,,,,909,1.56,100% trail 15:05,2.66,0.46,0.34,0.34,2.21,0.89,TREND-DOWN
2026-09-28,M8,INOXWIND,SELL,ENTRY SELL,290,09:20,560,73.88,,,0,0,scanner-table preview (90/290) — no chart label,0.895,-1.164,GREEN,0,0,0,0,1,-60.5,,,,,,,179,0.55,100% trail 12:30,2.61,0.5,0.64,0.64,2.54,0.89,TREND-DOWN
2026-09-28,M8,IOC,SELL,ENTRY SELL,290,09:20,560,134.47,,,0,0,scanner-table preview (90/290) — no chart label,0.895,-0.906,OIL,0,0,0,0,1,-60.5,,,,,,,165,0.75,100% trail 12:30,1.55,0.27,0.83,0.83,0.86,0.89,TREND-DOWN
2026-09-28,M8,IREDA,SELL,ENTRY SELL,290,09:20,560,112.0,,,0,0,scanner-table preview (90/290) — no chart label,0.895,-1.078,FIN,0,0,0,0,1,-60.5,,,,,,,-661,-1.0,100% SL 10:00,0.11,4.21,0.11,0.11,-2.52,0.89,TREND-DOWN
2026-09-28,M8,IRFC,SELL,ENTRY SELL,290,09:20,560,78.85,,,0,0,scanner-table preview (90/290) — no chart label,0.895,-1.376,RAILWAYS,0,1,0,0,1,-60.5,,,,,,,148,0.27,OPEN,0.41,0.98,0.28,0.28,0.38,0.89,TREND-DOWN
2026-09-28,M8,ITC,SELL,ENTRY SELL,290,09:20,560,267.3,,,0,0,scanner-table preview (90/290) — no chart label,0.895,-0.632,FMCG,0,0,0,0,0,-60.5,,,,,,,351,1.02,OPEN,1.02,0.27,0.37,0.9,0.79,0.89,TREND-DOWN
2026-09-28,M8,JINDALSTEL,SELL,ENTRY SELL,290,09:25,565,1149.6,,,0,0,scanner-table preview (90/290) — no chart label,0.895,-1.305,MET,0,0,0,0,1,-60.5,,,,,,,388,1.13,OPEN,1.76,0.85,0.31,0.31,0.87,0.89,TREND-DOWN
2026-09-28,M8,JIOFIN,SELL,ENTRY SELL,290,09:20,560,224.89,,,0,0,scanner-table preview (90/290) — no chart label,0.895,-0.93,FIN,0,0,0,0,1,-60.5,,,,,,,186,0.63,100% trail 11:45,2.95,0.12,1.17,1.17,1.95,0.89,TREND-DOWN
2026-09-28,M8,JSWENERGY,SELL,ENTRY SELL,290,09:20,560,502.0,,,0,0,scanner-table preview (90/290) — no chart label,0.895,-0.898,ENE,0,0,0,0,1,-60.5,,,,,,,299,1.53,100% trail 11:25,3.0,1.18,1.33,2.25,1.39,0.89,TREND-DOWN
2026-09-28,M8,JSWSTEEL,SELL,ENTRY SELL,290,09:25,565,1265.8,,,0,0,scanner-table preview (90/290) — no chart label,0.895,-0.877,MET,0,0,0,0,1,-60.5,,,,,,,94,0.42,100% trail 15:15,1.06,0.72,0.39,0.39,0.13,0.89,TREND-DOWN
2026-09-28,M8,JUBLFOOD,SELL,ENTRY SELL,290,09:20,560,482.75,,,0,0,scanner-table preview (90/290) — no chart label,0.895,-0.371,CONSUMPTION,0,0,0,0,0,-60.5,,,,,,,375,1.37,OPEN,2.12,0.78,0.88,0.88,0.84,0.89,TREND-DOWN
2026-09-28,M8,KALYANKJIL,SELL,ENTRY SELL,290,09:20,560,563.1,,,0,0,scanner-table preview (90/290) — no chart label,0.895,-1.728,CDUR,0,0,1,0,0,-60.5,,,,,,,-114,-0.08,OPEN,0.33,0.45,0.33,0.33,-0.16,0.89,TREND-DOWN
2026-09-28,M8,KEI,SELL,ENTRY SELL,290,09:20,560,4616.5,,,0,0,scanner-table preview (90/290) — no chart label,0.895,-1.22,CAPGOODS,0,1,0,0,1,-60.5,,,,,,,340,1.1,100% trail 12:05,2.69,0.48,0.68,0.69,2.18,0.89,TREND-DOWN
2026-09-28,M8,KOTAKBANK,SELL,ENTRY SELL,290,09:20,560,398.05,,,0,0,scanner-table preview (90/290) — no chart label,0.895,-1.473,BANK,0,0,0,0,1,-60.5,,,,,,,-592,-1.0,100% SL 14:00,0.51,1.39,0.51,0.51,-0.88,0.89,TREND-DOWN
2026-09-28,M8,KPITTECH,SELL,ENTRY SELL,290,09:20,560,514.4,,,0,0,scanner-table preview (90/290) — no chart label,0.895,-0.963,IT,0,0,1,0,0,-60.5,,,,,,,140,0.61,100% trail 12:10,2.18,0.3,0.94,0.94,1.05,0.89,TREND-DOWN
2026-09-28,M8,LAURUSLABS,SELL,ENTRY SELL,290,09:25,565,1986.6,,,0,0,scanner-table preview (90/290) — no chart label,0.895,-1.016,PHA,0,0,0,0,0,-60.5,,,,,,,-591,-1.0,100% SL 09:50,0.05,1.28,0.05,0.05,-1.21,0.89,TREND-DOWN
2026-09-28,M8,LODHA,SELL,ENTRY SELL,290,09:20,560,1144.1,,,0,0,scanner-table preview (90/290) — no chart label,0.895,-1.794,REALTY,0,0,0,0,1,-60.5,,,,,,,1120,1.4,OPEN,1.49,0.37,0.5,0.75,2.36,0.89,TREND-DOWN
2026-09-28,M8,LT,SELL,ENTRY SELL,290,09:20,560,3837.6,,,0,0,scanner-table preview (90/290) — no chart label,0.895,-0.996,INFRA,0,0,0,0,1,-60.5,,,,,,,884,3.73,OPEN,3.73,0.5,0.7,0.92,1.86,0.89,TREND-DOWN
2026-09-28,M8,LTF,SELL,ENTRY SELL,290,09:20,560,280.3,,,0,0,scanner-table preview (90/290) — no chart label,0.895,-1.303,FIN,0,0,0,0,1,-60.5,,,,,,,-579,-1.0,100% SL 11:50,0.83,1.14,0.83,0.83,-0.2,0.89,TREND-DOWN
2026-09-28,M8,LTM,SELL,ENTRY SELL,290,09:20,560,4047.2,,,0,0,scanner-table preview (90/290) — no chart label,0.895,-0.877,IT,0,0,1,0,0,-60.5,,,,,,,-525,-1.0,100% SL 11:00,0.74,2.33,0.74,0.74,-1.09,0.89,TREND-DOWN
2026-09-28,M8,M&M,SELL,ENTRY SELL,290,09:20,560,2998.0,,,0,0,scanner-table preview (90/290) — no chart label,0.895,-1.219,AUTO,0,0,0,0,1,-60.5,,,,,,,8,0.13,OPEN,0.9,0.34,0.52,0.52,0.1,0.89,TREND-DOWN
2026-09-28,M8,MANKIND,SELL,ENTRY SELL,290,09:25,565,2473.7,,,0,0,scanner-table preview (90/290) — no chart label,0.895,-0.048,PHA,0,0,0,0,0,-60.5,,,,,,,421,2.0,100% trail 11:55,3.0,1.09,0.57,1.09,1.54,0.89,TREND-DOWN
2026-09-28,M8,MAXHEALTH,SELL,ENTRY SELL,290,09:20,560,993.4,,,0,0,scanner-table preview (90/290) — no chart label,0.895,-2.032,HOSPITALS,0,0,1,0,0,-60.5,,,,,,,-377,-0.38,OPEN,0.22,0.9,0.22,0.22,-0.67,0.89,TREND-DOWN
2026-09-28,M8,MAZDOCK,SELL,ENTRY SELL,290,09:20,560,2168.5,,,0,0,scanner-table preview (90/290) — no chart label,0.895,-1.414,DEF,0,0,0,0,1,-60.5,,,,,,,660,1.26,OPEN,1.55,0.25,0.56,0.56,1.41,0.89,TREND-DOWN
2026-09-28,M8,MCX,SELL,ENTRY SELL,290,09:25,565,3279.1,,,0,0,scanner-table preview (90/290) — no chart label,0.895,-1.377,CAPMKTS,0,1,0,0,1,-60.5,,,,,,,-545,-1.0,100% SL 10:10,0.9,1.37,0.32,0.32,0.48,0.89,TREND-DOWN
2026-09-28,M8,MOTHERSON,SELL,ENTRY SELL,290,09:20,560,163.45,,,0,0,scanner-table preview (90/290) — no chart label,0.895,-1.364,AUTO,0,0,0,0,1,-60.5,,,,,,,287,0.52,OPEN,0.95,0.61,0.38,0.38,0.66,0.89,TREND-DOWN
2026-09-28,M8,MOTILALOFS,SELL,ENTRY SELL,290,09:20,560,1008.8,,,0,0,scanner-table preview (90/290) — no chart label,0.895,-1.963,CAPMKTS,0,1,0,0,1,-60.5,,,,,,,-175,-0.15,OPEN,0.48,0.53,0.48,0.48,-0.28,0.89,TREND-DOWN
2026-09-28,M8,MUTHOOTFIN,SELL,ENTRY SELL,290,09:25,565,2779.9,,,0,0,scanner-table preview (90/290) — no chart label,0.895,-1.944,FIN,0,0,0,0,1,-60.5,,,,,,,298,0.76,OPEN,0.86,0.8,0.39,0.39,0.72,0.89,TREND-DOWN
2026-09-28,M8,NAM-INDIA,SELL,ENTRY SELL,290,09:20,560,1120.0,,,0,0,scanner-table preview (90/290) — no chart label,0.895,-3.198,CAPMKTS,0,1,0,0,1,-60.5,,,,,,,654,0.77,OPEN,0.84,0.21,0.08,0.08,2.33,0.89,TREND-DOWN
2026-09-28,M8,NATIONALUM,SELL,ENTRY SELL,290,09:20,560,346.3,,,0,0,scanner-table preview (90/290) — no chart label,0.895,-3.457,MET,0,0,0,0,1,-60.5,,,,,,,-320,-0.32,OPEN,0.23,0.44,0.2,0.2,-0.78,0.89,TREND-DOWN
2026-09-28,M8,NBCC,SELL,ENTRY SELL,290,09:20,560,81.69,,,0,0,scanner-table preview (90/290) — no chart label,0.895,-1.412,PSE,0,0,0,0,1,-60.5,,,,,,,337,1.11,100% trail 13:25,2.67,0.43,1.25,1.25,1.81,0.89,TREND-DOWN
2026-09-28,M8,NESTLEIND,SELL,ENTRY SELL,290,09:20,560,1346.7,,,0,0,scanner-table preview (90/290) — no chart label,0.895,-1.167,FMCG,0,0,0,0,0,-60.5,,,,,,,-205,-1.0,100% SL 09:40,0.79,3.15,0.38,0.38,0.05,0.89,TREND-DOWN
2026-09-28,M8,NHPC,SELL,ENTRY SELL,290,09:20,560,75.28,,,0,0,scanner-table preview (90/290) — no chart label,0.895,-0.947,ENE,0,0,0,0,1,-60.5,,,,,,,420,1.33,100% trail 14:55,1.66,0.33,0.26,0.28,1.04,0.89,TREND-DOWN
2026-09-28,M8,NMDC,SELL,ENTRY SELL,290,09:25,565,79.46,,,0,0,scanner-table preview (90/290) — no chart label,0.895,-0.551,MET,0,0,0,0,1,-60.5,,,,,,,1235,1.5,OPEN,1.49,0.39,0.38,0.38,2.55,0.89,TREND-DOWN
2026-09-28,M8,NTPC,SELL,ENTRY SELL,290,09:20,560,324.25,,,0,0,scanner-table preview (90/290) — no chart label,0.895,-0.72,ENE,0,0,0,0,1,-60.5,,,,,,,87,0.51,100% trail 11:35,1.82,0.29,0.56,1.22,0.97,0.89,TREND-DOWN
2026-09-28,M8,OBEROIRLTY,SELL,ENTRY SELL,290,09:25,565,1839.9,,,0,0,scanner-table preview (90/290) — no chart label,0.895,-1.001,REALTY,0,0,0,0,1,-60.5,,,,,,,-98,-0.04,100% trail 10:40,1.7,1.44,1.4,1.4,0.54,0.89,TREND-DOWN
2026-09-28,M8,OIL,SELL,ENTRY SELL,290,09:20,560,468.0,,,0,0,scanner-table preview (90/290) — no chart label,0.895,-1.505,OIL,0,0,0,0,1,-60.5,,,,,,,-42,0.0,OPEN,0.67,0.41,0.07,0.07,-0.0,0.89,TREND-DOWN
2026-09-28,M8,ONGC,SELL,ENTRY SELL,290,09:20,560,233.4,,,0,0,scanner-table preview (90/290) — no chart label,0.895,-1.043,OIL,0,0,0,0,1,-60.5,,,,,,,193,0.61,100% trail 13:00,1.65,0.58,0.08,0.08,1.46,0.89,TREND-DOWN
2026-09-28,M8,PATANJALI,SELL,ENTRY SELL,290,09:20,560,396.2,,,0,0,scanner-table preview (90/290) — no chart label,0.895,-1.919,FMCG,0,0,0,0,0,-60.5,,,,,,,638,0.95,OPEN,1.87,0.51,0.02,0.02,1.36,0.89,TREND-DOWN
2026-09-28,M8,PAYTM,SELL,ENTRY SELL,290,09:25,565,1641.2,,,0,0,scanner-table preview (90/290) — no chart label,0.895,-1.959,NEWAGE,0,0,0,0,1,-60.5,,,,,,,-863,-1.0,100% SL 12:40,0.55,1.37,0.17,0.17,0.33,0.89,TREND-DOWN
2026-09-28,M8,PERSISTENT,SELL,ENTRY SELL,290,09:20,560,5322.0,,,0,0,scanner-table preview (90/290) — no chart label,0.895,-0.931,IT,0,0,1,0,0,-60.5,,,,,,,-98,-0.12,OPEN,0.64,0.82,0.64,0.64,-0.12,0.89,TREND-DOWN
2026-09-28,M8,PFC,SELL,ENTRY SELL,290,09:20,560,334.95,,,0,0,scanner-table preview (90/290) — no chart label,0.895,-0.902,FIN,0,0,0,0,1,-60.5,,,,,,,327,0.91,100% trail 11:30,1.91,0.08,1.14,1.6,1.48,0.89,TREND-DOWN
2026-09-28,M8,PHOENIXLTD,SELL,ENTRY SELL,290,09:25,565,1953.8,,,0,0,scanner-table preview (90/290) — no chart label,0.895,-1.243,REALTY,0,0,0,0,1,-60.5,,,,,,,-1,0.1,OPEN,0.83,0.57,0.62,0.62,0.08,0.89,TREND-DOWN
2026-09-28,M8,PNB,SELL,ENTRY SELL,290,09:20,560,115.07,,,0,0,scanner-table preview (90/290) — no chart label,0.895,-1.312,PSUBK,0,0,0,1,1,-60.5,,,,,,,572,1.13,100% trail 13:10,1.96,0.09,0.57,1.0,2.15,0.89,TREND-DOWN
2026-09-28,M8,PNBHOUSING,SELL,ENTRY SELL,290,09:20,560,1073.9,,,0,0,scanner-table preview (90/290) — no chart label,0.895,-1.918,FIN,0,0,0,0,1,-60.5,,,,,,,-655,-1.0,100% SL 10:45,0.69,1.96,0.69,0.69,-1.03,0.89,TREND-DOWN
2026-09-28,M8,POLYCAB,SELL,ENTRY SELL,290,09:20,560,8337.0,,,0,0,scanner-table preview (90/290) — no chart label,0.895,-0.85,CAPGOODS,0,1,0,0,1,-60.5,,,,,,,509,2.13,100% trail 11:45,2.87,0.5,1.13,1.92,1.75,0.89,TREND-DOWN
2026-09-28,M8,POWERGRID,SELL,ENTRY SELL,290,09:20,560,266.55,,,0,0,scanner-table preview (90/290) — no chart label,0.895,-1.095,ENE,0,0,0,0,1,-60.5,,,,,,,837,1.71,OPEN,1.71,0.27,0.29,0.53,1.76,0.89,TREND-DOWN
2026-09-28,M8,PREMIERENE,SELL,ENTRY SELL,290,09:20,560,887.4,,,0,0,scanner-table preview (90/290) — no chart label,0.895,-1.004,GREEN,0,0,0,0,1,-60.5,,,,,,,-721,-1.03,100% SL 11:30,0.4,2.27,0.4,0.4,-2.1,0.89,TREND-DOWN
2026-09-28,M8,PRESTIGE,SELL,ENTRY SELL,290,09:20,560,1449.5,,,0,0,scanner-table preview (90/290) — no chart label,0.895,-1.915,REALTY,0,0,0,0,1,-60.5,,,,,,,-417,-1.0,100% trail 10:35,1.25,2.2,1.25,1.25,-1.47,0.89,TREND-DOWN
2026-09-28,M8,RBLBANK,SELL,ENTRY SELL,290,09:25,565,408.4,,,0,0,scanner-table preview (90/290) — no chart label,0.895,-1.602,BANK,0,0,0,0,1,-60.5,,,,,,,129,0.27,OPEN,0.75,0.62,0.75,0.75,0.34,0.89,TREND-DOWN
2026-09-28,M8,RECLTD,SELL,ENTRY SELL,290,09:20,560,308.7,,,0,0,scanner-table preview (90/290) — no chart label,0.895,-1.358,FIN,0,0,0,0,1,-60.5,,,,,,,72,0.44,100% trail 11:25,2.41,0.49,1.11,1.79,1.77,0.89,TREND-DOWN
2026-09-28,M8,RELIANCE,SELL,ENTRY SELL,290,09:20,560,1214.0,,,0,0,scanner-table preview (90/290) — no chart label,0.895,-0.979,ENE,0,0,0,0,1,-60.5,,,,,,,630,2.76,OPEN,2.79,0.29,0.96,0.96,1.35,0.89,TREND-DOWN
2026-09-28,M8,RVNL,SELL,ENTRY SELL,290,09:20,560,204.52,,,0,0,scanner-table preview (90/290) — no chart label,0.895,-1.198,RAILWAYS,0,1,0,0,1,-60.5,,,,,,,212,0.77,100% trail 14:45,1.39,0.75,0.91,0.91,0.87,0.89,TREND-DOWN
2026-09-28,M8,SAIL,SELL,ENTRY SELL,290,09:25,565,183.59,,,0,0,scanner-table preview (90/290) — no chart label,0.895,-0.762,MET,0,0,0,0,1,-60.5,,,,,,,-719,-1.0,100% SL 14:05,0.36,1.94,0.36,0.36,-0.33,0.89,TREND-DOWN
2026-09-28,M8,SBIN,SELL,ENTRY SELL,290,09:20,560,974.1,,,0,0,scanner-table preview (90/290) — no chart label,0.895,-0.905,PSUBK,0,0,0,1,1,-60.5,,,,,,,326,1.14,100% trail 10:45,2.54,0.14,1.11,1.44,1.24,0.89,TREND-DOWN
2026-09-28,M8,SHRIRAMFIN,SELL,ENTRY SELL,290,09:25,565,978.9,,,0,0,scanner-table preview (90/290) — no chart label,0.895,-1.529,FIN,0,0,0,0,1,-60.5,,,,,,,91,0.21,OPEN,0.7,0.46,0.27,0.27,0.27,0.89,TREND-DOWN
2026-09-28,M8,SIEMENS,SELL,ENTRY SELL,290,09:20,560,3814.4,,,0,0,scanner-table preview (90/290) — no chart label,0.895,-1.615,CAPGOODS,0,1,0,0,1,-60.5,,,,,,,334,0.59,OPEN,0.87,0.32,0.46,0.46,0.76,0.89,TREND-DOWN
2026-09-28,M8,SONACOMS,SELL,ENTRY SELL,290,09:20,560,811.1,,,0,0,scanner-table preview (90/290) — no chart label,0.895,-1.625,AUTO,0,0,0,0,1,-60.5,,,,,,,-891,-1.0,100% SL 11:45,0.35,1.23,0.26,0.26,0.39,0.89,TREND-DOWN
2026-09-28,M8,TATAELXSI,SELL,ENTRY SELL,290,09:20,560,3182.7,,,0,0,scanner-table preview (90/290) — no chart label,0.895,-0.132,IT,0,0,1,0,0,-60.5,,,,,,,216,1.04,100% trail 09:45,1.09,1.55,1.09,1.09,-0.26,0.89,TREND-DOWN
2026-09-28,M8,TATAPOWER,SELL,ENTRY SELL,290,09:20,560,363.25,,,0,0,scanner-table preview (90/290) — no chart label,0.895,-1.156,ENE,0,0,0,0,1,-60.5,,,,,,,143,0.48,OPEN,1.12,0.43,0.59,0.59,0.37,0.89,TREND-DOWN
2026-09-28,M8,TATASTEEL,SELL,ENTRY SELL,290,09:20,560,186.8,,,0,0,scanner-table preview (90/290) — no chart label,0.895,-0.622,MET,0,0,0,0,1,-60.5,,,,,,,91,0.28,OPEN,0.81,0.93,0.55,0.55,0.27,0.89,TREND-DOWN
2026-09-28,M8,TECHM,SELL,ENTRY SELL,290,09:25,565,1543.5,,,0,0,scanner-table preview (90/290) — no chart label,0.895,-0.291,IT,0,0,1,0,0,-60.5,,,,,,,153,0.54,100% trail 11:30,1.21,0.62,0.59,1.12,0.08,0.89,TREND-DOWN
2026-09-28,M8,TIINDIA,SELL,ENTRY SELL,290,09:20,560,2492.8,,,0,0,scanner-table preview (90/290) — no chart label,0.895,-0.729,AUTO,0,0,0,0,1,-60.5,,,,,,,-464,-1.0,100% SL 09:55,2.6,1.38,0.11,0.11,1.36,0.89,TREND-DOWN
2026-09-28,M8,TITAN,SELL,ENTRY SELL,290,09:25,565,4827.0,,,0,0,scanner-table preview (90/290) — no chart label,0.895,-1.167,CDUR,0,0,1,0,0,-60.5,,,,,,,34,0.14,OPEN,0.32,0.24,0.23,0.23,0.16,0.89,TREND-DOWN
2026-09-28,M8,TMPV,SELL,ENTRY SELL,290,09:20,560,288.3,,,0,0,scanner-table preview (90/290) — no chart label,0.895,-0.74,AUTO,0,0,0,0,1,-60.5,,,,,,,405,1.03,100% trail 10:55,2.83,0.25,0.83,1.38,2.27,0.89,TREND-DOWN
2026-09-28,M8,TORNTPHARM,SELL,ENTRY SELL,290,09:20,560,4938.0,,,0,0,scanner-table preview (90/290) — no chart label,0.895,-1.012,PHA,0,0,0,0,0,-60.5,,,,,,,328,0.85,100% trail 14:10,1.7,0.18,0.49,0.84,1.4,0.89,TREND-DOWN
2026-09-28,M8,UNIONBANK,SELL,ENTRY SELL,290,09:20,560,177.15,,,0,0,scanner-table preview (90/290) — no chart label,0.895,-1.693,PSUBK,0,0,0,1,1,-60.5,,,,,,,625,1.8,100% trail 11:20,3.87,0.08,1.6,2.22,3.05,0.89,TREND-DOWN
2026-09-28,M8,UNITDSPR,SELL,ENTRY SELL,290,09:20,560,1409.7,,,0,0,scanner-table preview (90/290) — no chart label,0.895,-0.99,FMCG,0,0,0,0,0,-60.5,,,,,,,-321,-1.0,100% SL 10:15,0.55,1.54,0.55,0.55,-0.4,0.89,TREND-DOWN
2026-09-28,M8,VBL,SELL,ENTRY SELL,290,09:20,560,427.8,,,0,0,scanner-table preview (90/290) — no chart label,0.895,-1.61,FMCG,0,0,0,0,0,-60.5,,,,,,,-297,-0.44,OPEN,0.31,0.63,0.31,0.31,-0.51,0.89,TREND-DOWN
2026-09-28,M8,VEDL,SELL,ENTRY SELL,290,09:20,560,259.5,,,0,0,scanner-table preview (90/290) — no chart label,0.895,-2.572,MET,0,0,0,0,1,-60.5,,,,,,,54,0.11,OPEN,0.27,0.64,0.27,0.27,0.19,0.89,TREND-DOWN
2026-09-28,M8,VMM,SELL,ENTRY SELL,290,09:20,560,102.95,,,0,0,scanner-table preview (90/290) — no chart label,0.895,-0.531,CONSUMPTION,0,0,0,0,0,-60.5,,,,,,,996,2.58,OPEN,2.95,0.18,0.66,0.66,2.08,0.89,TREND-DOWN
2026-09-28,M8,WAAREEENER,SELL,ENTRY SELL,290,09:20,560,2484.6,,,0,0,scanner-table preview (90/290) — no chart label,0.895,-0.417,GREEN,0,0,0,0,1,-60.5,,,,,,,133,0.57,100% trail 10:10,2.36,0.44,1.07,1.07,1.19,0.89,TREND-DOWN
2026-09-28,M8,WIPRO,SELL,ENTRY SELL,290,09:20,560,163.15,,,0,0,scanner-table preview (90/290) — no chart label,0.895,-0.53,IT,0,0,1,0,0,-60.5,,,,,,,334,1.1,100% trail 11:35,1.72,0.49,1.19,1.43,0.97,0.89,TREND-DOWN
2026-09-28,M8,YESBANK,SELL,ENTRY SELL,290,09:20,560,21.74,,,0,0,scanner-table preview (90/290) — no chart label,0.895,-3.378,BANK,0,0,0,0,1,-60.5,,,,,,,834,0.96,OPEN,1.07,0.12,0.33,0.33,2.58,0.89,TREND-DOWN
2026-09-28,M8,360ONE,SELL,SELL-EX3,203,09:30,570,1051.9,,,0,0,"sector CAPMKTS bear-qualified but outside top-2 (board LOGISTICS 89, GREEN 82)",0.895,-1.966,CAPMKTS,0,1,0,0,1,-60.5,,,,,,,234,0.3,OPEN,0.37,0.4,0.04,0.04,0.66,0.89,TREND-DOWN
2026-09-28,M8,ABB,SELL,SELL-EX5,205,09:30,570,6933.0,,,0,0,"sector CAPGOODS bear-qualified but outside top-2 (board LOGISTICS 89, GREEN 82)",0.895,-1.694,CAPGOODS,0,1,0,0,1,-60.5,,,,,,,-317,-0.41,OPEN,0.23,0.65,0.23,0.23,-0.57,0.89,TREND-DOWN
2026-09-28,M8,ABCAPITAL,SELL,SELL-EX3,203,09:30,570,381.7,,,0,0,sector FIN not bear-qualified (bull 3/bear 72),0.895,-2.128,FIN,0,0,0,0,1,-60.5,,,,,,,-168,-0.14,OPEN,0.13,0.39,0.13,0.13,-0.26,0.89,TREND-DOWN
2026-09-28,M8,ADANIENSOL,SELL,SELL-EX1,201,10:20,620,1311.5,,,0,0,"sector ENE bear-qualified but outside top-2 (board LOGISTICS 89, GREEN 82)",0.895,-2.017,ENE,0,0,0,0,1,-60.5,,,,,,,855,2.1,OPEN,2.47,0.49,0.48,0.76,1.8,0.89,TREND-DOWN
2026-09-28,M8,ADANIENT,SELL,SELL-EX1,201,10:20,620,2846.6,,,0,0,sector INFRA not bear-qualified (bull 4/bear 66),0.895,-2.397,INFRA,0,0,0,0,1,-60.5,,,,,,,222,0.5,OPEN,1.13,0.52,0.2,0.41,0.54,0.89,TREND-DOWN
2026-09-28,M8,ADANIGREEN,SELL,SELL-EX1,201,10:05,605,1276.7,,,0,0,lags own sector (stock -1.39% vs GREEN -1.78%),0.895,-1.535,GREEN,0,0,0,0,1,-60.5,,,,,,,1449,2.88,100% trail 14:45,3.72,0.33,2.17,2.42,3.27,0.89,TREND-DOWN
2026-09-28,M8,ADANIPORTS,SELL,SELL-EX3,203,09:30,570,1770.0,,,0,0,lags own sector (stock -1.06% vs LOGISTICS -1.90%),0.895,-1.007,LOGISTICS,0,1,0,1,1,-60.5,,,,,,,712,1.29,100% trail 13:35,1.5,0.23,0.19,0.51,1.49,0.89,TREND-DOWN
2026-09-28,M8,ADANIPOWER,SELL,SELL-EX1,201,10:05,605,200.15,,,0,0,"sector ENE bear-qualified but outside top-2 (board LOGISTICS 89, GREEN 82)",0.895,-1.282,ENE,0,0,0,0,1,-60.5,,,,,,,956,1.19,OPEN,1.41,0.15,0.54,0.58,2.0,0.89,TREND-DOWN
2026-09-28,M8,ALKEM,SELL,SELL-EX5,205,10:05,605,5219.0,,,0,0,sector PHA not bear-qualified (bull 8/bear 55),0.895,-1.043,PHA,0,0,0,0,0,-60.5,,,,,,,356,1.16,OPEN,2.16,0.68,0.96,0.96,0.84,0.89,TREND-DOWN
2026-09-28,M8,AMBER,SELL,NORMAL SELL,280,10:25,625,6896.0,,,0,0,sector CDUR not bear-qualified (bull 8/bear 51),0.895,-0.92,CDUR,0,0,1,0,0,-60.5,,,,,,,-501,-1.0,100% SL 11:00,0.25,2.4,0.25,0.25,-1.36,0.89,TREND-DOWN
2026-09-28,M8,AMBUJACEM,SELL,SELL-EX3,203,09:30,570,378.7,,,0,0,sector CEMENT not bear-qualified (bull 5/bear 67),0.895,-1.329,CEMENT,0,0,0,0,1,-60.5,,,,,,,532,0.84,OPEN,0.91,0.35,0.33,0.33,1.15,0.89,TREND-DOWN
2026-09-28,M8,ANGELONE,SELL,SELL-EX3,203,09:30,570,278.4,,,0,0,"sector CAPMKTS bear-qualified but outside top-2 (board LOGISTICS 89, GREEN 82)",0.895,-3.333,CAPMKTS,0,1,0,0,1,-60.5,,,,,,,-142,-0.12,OPEN,0.05,0.51,0.02,0.02,-0.29,0.89,TREND-DOWN
2026-09-28,M8,APLAPOLLO,SELL,SELL-EX8,208,09:40,580,2188.3,,,0,0,"sector MET bear-qualified but outside top-2 (board LOGISTICS 89, GREEN 82)",0.895,-1.192,MET,0,0,0,0,1,-60.5,,,,,,,-232,-0.4,OPEN,0.59,0.53,-0.0,0.29,-0.4,0.89,TREND-DOWN
2026-09-28,M8,APOLLOHOSP,BUY,BUY-EX6,105,10:00,600,8898.0,,,0,0,sector HOSPITALS not bull-qualified (bull 35/bear 18),0.895,0.101,HOSPITALS,0,0,1,0,0,-60.5,,,,,,,-218,-0.4,OPEN,0.05,0.65,0.05,0.05,-0.43,0.89,TREND-DOWN
2026-09-28,M8,ASIANPAINT,SELL,SELL-EX1,201,09:35,575,2417.0,,,0,0,sector CHEMICALS not bear-qualified (bull 6/bear 60),0.895,-1.105,CHEMICALS,0,0,0,0,0,-60.5,,,,,,,-101,-0.15,OPEN,0.13,0.71,0.04,0.04,-0.12,0.89,TREND-DOWN
2026-09-28,M8,ASTRAL,SELL,SELL-EX12,212,09:30,570,1375.0,,,0,0,sector BUILDMAT not bear-qualified (bull 4/bear 65),0.895,-1.716,BUILDMAT,0,0,0,0,1,-60.5,,,,,,,120,0.25,OPEN,0.62,0.21,0.24,0.42,0.33,0.89,TREND-DOWN
2026-09-28,M8,AUBANK,SELL,SELL-EX8,208,09:30,570,1002.4,,,0,0,sector BANK not bear-qualified (bull 2/bear 78),0.895,-1.532,BANK,0,0,0,0,1,-60.5,,,,,,,307,0.7,OPEN,0.7,0.09,0.41,0.47,0.71,0.89,TREND-DOWN
2026-09-28,M8,AUROPHARMA,SELL,NORMAL SELL,280,10:05,605,1694.0,,,0,0,sector PHA not bear-qualified (bull 8/bear 55),0.895,-1.051,PHA,0,0,0,0,0,-60.5,,,,,,,-143,-0.31,OPEN,0.62,0.89,0.62,0.62,-0.21,0.89,TREND-DOWN
2026-09-28,M8,AXISBANK,SELL,ENTRY SELL,290,09:35,575,1210.1,,,0,0,scanner-table preview (90/290) — no chart label,0.895,-1.006,BANK,0,0,0,0,1,-60.5,,,,,,,-34,0.03,OPEN,0.67,0.54,0.26,0.26,0.02,0.89,TREND-DOWN
2026-09-28,M8,BAJAJ-AUTO,SELL,SELL-EX3,203,09:35,575,11145.0,,,0,0,sector AUTO not bear-qualified (bull 6/bear 61),0.895,-1.206,AUTO,0,0,0,0,1,-60.5,,,,,,,253,0.74,100% trail 13:30,1.7,0.27,0.29,0.4,1.09,0.89,TREND-DOWN
2026-09-28,M8,BAJAJFINSV,SELL,SELL-EX3,203,09:30,570,1743.0,,,0,0,sector FIN not bear-qualified (bull 3/bear 72),0.895,-1.581,FIN,0,0,0,0,1,-60.5,,,,,,,-293,-0.34,OPEN,0.13,0.65,0.13,0.13,-0.52,0.89,TREND-DOWN
2026-09-28,M8,BAJAJFINSV,SELL,ENTRY SELL,290,09:35,575,1741.0,,,0,0,scanner-table preview (90/290) — no chart label,0.895,-1.694,FIN,0,0,0,0,1,-60.5,,,,,,,-349,-0.39,OPEN,0.05,0.67,0.05,0.05,-0.63,0.89,TREND-DOWN
2026-09-28,M8,BANDHANBNK,SELL,SELL-EX1,201,09:35,575,184.24,,,0,0,sector BANK not bear-qualified (bull 2/bear 78),0.895,-1.843,BANK,0,0,0,0,1,-60.5,,,,,,,836,1.27,OPEN,1.43,0.68,0.07,0.15,1.76,0.89,TREND-DOWN
2026-09-28,M8,BANKBARODA,SELL,SELL-EX3,203,09:30,570,232.03,,,0,0,lags own sector (stock -1.36% vs PSUBK -2.21%),0.895,-1.373,PSUBK,0,0,0,1,1,-60.5,,,,,,,520,0.96,100% trail 13:40,1.53,0.12,0.2,0.45,1.95,0.89,TREND-DOWN
2026-09-28,M8,BANKINDIA,SELL,SELL-EX3,203,09:30,570,134.63,,,0,0,lags own sector (stock -2.18% vs PSUBK -2.21%),0.895,-2.4,PSUBK,0,0,0,1,1,-60.5,,,,,,,1535,1.75,OPEN,1.95,0.21,0.35,0.67,3.45,0.89,TREND-DOWN
2026-09-28,M8,BDL,SELL,SELL-EX3,203,09:35,575,1121.6,,,0,0,"sector DEF bear-qualified but outside top-2 (board LOGISTICS 89, GREEN 82)",0.895,-1.614,DEF,0,0,0,0,1,-60.5,,,,,,,248,0.38,OPEN,0.58,0.47,0.14,0.14,0.59,0.89,TREND-DOWN
2026-09-28,M8,BEL,SELL,SELL-EX1,201,10:25,625,386.8,,,0,0,"sector DEF bear-qualified but outside top-2 (board LOGISTICS 89, GREEN 82)",0.895,-1.715,DEF,0,0,0,0,1,-60.5,,,,,,,126,0.2,OPEN,0.42,0.2,0.22,0.38,0.34,0.89,TREND-DOWN
2026-09-28,M8,BHARATFORG,SELL,SELL-EX1,201,10:15,615,1980.9,,,0,0,sector AUTO not bear-qualified (bull 6/bear 61),0.895,-1.35,AUTO,0,0,0,0,1,-60.5,,,,,,,113,0.81,100% trail 13:10,2.98,0.36,0.17,0.8,1.21,0.89,TREND-DOWN
2026-09-28,M8,BHARTIARTL,SELL,ENTRY SELL,290,09:35,575,1765.4,,,0,0,scanner-table preview (90/290) — no chart label,0.895,-1.12,TELECOM,0,1,0,1,1,-60.5,,,,,,,-369,-1.0,100% SL 11:10,0.17,1.88,0.17,0.17,-0.34,0.89,TREND-DOWN
2026-09-28,M8,BIOCON,SELL,SELL-EX5,205,09:30,570,376.15,,,0,0,sector PHA not bear-qualified (bull 8/bear 55),0.895,-1.57,PHA,0,0,0,0,0,-60.5,,,,,,,123,0.25,OPEN,0.38,0.7,0.21,0.21,0.33,0.89,TREND-DOWN
2026-09-28,M8,BOSCHLTD,SELL,SELL-EX1,201,10:15,615,47440.0,,,0,0,sector AUTO not bear-qualified (bull 6/bear 61),0.895,-1.679,AUTO,0,0,0,0,1,-60.5,,,,,,,380,0.74,OPEN,0.93,0.28,0.3,0.4,0.89,0.89,TREND-DOWN
2026-09-28,M8,BPCL,SELL,SELL-EX3,203,09:30,570,304.35,,,0,0,sector OIL not bear-qualified (bull 6/bear 61),0.895,-1.345,OIL,0,0,0,0,1,-60.5,,,,,,,302,0.6,OPEN,0.95,0.63,0.33,0.33,0.69,0.89,TREND-DOWN
2026-09-28,M8,BRITANNIA,SELL,ENTRY SELL,290,09:35,575,4880.5,,,0,0,scanner-table preview (90/290) — no chart label,0.895,-1.154,FMCG,0,0,0,0,0,-60.5,,,,,,,-386,-0.7,OPEN,0.23,0.7,0.06,0.11,-0.71,0.89,TREND-DOWN
2026-09-28,M8,BSE,SELL,SELL-EX1,201,09:30,570,3121.5,,,0,0,"sector CAPMKTS bear-qualified but outside top-2 (board LOGISTICS 89, GREEN 82)",0.895,-2.193,CAPMKTS,0,1,0,0,1,-60.5,,,,,,,321,0.42,OPEN,0.8,0.91,0.17,0.17,0.77,0.89,TREND-DOWN
2026-09-28,M8,CAMS,SELL,SELL-EX6,206,09:35,575,700.05,,,0,0,"sector CAPMKTS bear-qualified but outside top-2 (board LOGISTICS 89, GREEN 82)",0.895,-1.032,CAPMKTS,0,1,0,0,1,-60.5,,,,,,,562,1.16,OPEN,1.31,0.44,0.41,0.41,1.21,0.89,TREND-DOWN
2026-09-28,M8,CANBK,SELL,SELL-EX3,203,09:30,570,122.68,,,0,0,lags own sector (stock -1.75% vs PSUBK -2.21%),0.895,-1.848,PSUBK,0,0,0,1,1,-60.5,,,,,,,784,1.23,OPEN,1.46,0.2,0.23,0.65,1.65,0.89,TREND-DOWN
2026-09-28,M8,CDSL,SELL,SELL-EX3,203,09:30,570,1301.9,,,0,0,"sector CAPMKTS bear-qualified but outside top-2 (board LOGISTICS 89, GREEN 82)",0.895,-1.222,CAPMKTS,0,1,0,0,1,-60.5,,,,,,,448,0.84,OPEN,1.0,0.44,0.49,0.49,0.99,0.89,TREND-DOWN
2026-09-28,M8,CGPOWER,SELL,SELL-EX3,203,09:30,570,870.2,,,0,0,"sector CAPGOODS bear-qualified but outside top-2 (board LOGISTICS 89, GREEN 82)",0.895,-1.783,CAPGOODS,0,1,0,0,1,-60.5,,,,,,,254,0.41,OPEN,0.5,0.66,0.05,0.05,0.6,0.89,TREND-DOWN
2026-09-28,M8,CHOLAFIN,SELL,SELL-EX3,203,09:30,570,1623.6,,,0,0,sector FIN not bear-qualified (bull 3/bear 72),0.895,-2.352,FIN,0,0,0,0,1,-60.5,,,,,,,-287,-0.29,OPEN,0.07,0.52,0.07,0.07,-0.65,0.89,TREND-DOWN
2026-09-28,M8,CIPLA,SELL,NORMAL SELL,280,09:45,585,1391.0,,,0,0,sector PHA not bear-qualified (bull 8/bear 55),0.895,-0.622,PHA,0,0,0,0,0,-60.5,,,,,,,215,0.81,OPEN,0.89,0.4,0.56,0.77,0.52,0.89,TREND-DOWN
2026-09-28,M8,COCHINSHIP,SELL,ENTRY SELL,290,09:30,570,1354.3,,,0,0,scanner-table preview (90/290) — no chart label,0.895,-1.649,DEF,0,0,0,0,1,-60.5,,,,,,,870,1.46,OPEN,1.55,0.26,0.18,0.23,1.87,0.89,TREND-DOWN
2026-09-28,M8,COCHINSHIP,SELL,NORMAL SELL,280,10:25,625,1351.3,,,0,0,"sector DEF bear-qualified but outside top-2 (board LOGISTICS 89, GREEN 82)",0.895,-1.866,DEF,0,0,0,0,1,-60.5,,,,,,,783,2.83,OPEN,3.05,0.64,0.15,0.42,1.65,0.89,TREND-DOWN
2026-09-28,M8,COLPAL,SELL,SELL-EX8,208,09:30,570,1836.6,,,0,0,"sector FMCG bear-qualified but outside top-2 (board LOGISTICS 89, GREEN 82)",0.895,-1.035,FMCG,0,0,0,0,0,-60.5,,,,,,,-514,-1.0,100% SL 12:00,0.61,1.35,0.11,0.11,-0.51,0.89,TREND-DOWN
2026-09-28,M8,CONCOR,SELL,SELL-EX5,205,09:30,570,456.0,,,0,0,lags own sector (stock -1.21% vs LOGISTICS -1.90%),0.895,-1.192,LOGISTICS,0,1,0,1,1,-60.5,,,,,,,137,0.46,100% trail 12:25,1.45,0.2,0.51,0.51,1.32,0.89,TREND-DOWN
2026-09-28,M8,CROMPTON,SELL,SELL-EX3,203,09:30,570,214.99,,,0,0,sector CDUR not bear-qualified (bull 8/bear 51),0.895,-1.651,CDUR,0,0,1,0,0,-60.5,,,,,,,-983,-1.0,100% SL 11:40,0.12,1.57,0.12,0.12,-1.77,0.89,TREND-DOWN
2026-09-28,M8,CUMMINSIND,SELL,SELL-EX1,201,10:15,615,4868.0,,,0,0,"sector CAPGOODS bear-qualified but outside top-2 (board LOGISTICS 89, GREEN 82)",0.895,-1.557,CAPGOODS,0,1,0,0,1,-60.5,,,,,,,214,1.31,100% trail 15:10,2.07,0.76,0.57,0.57,0.27,0.89,TREND-DOWN
2026-09-28,M8,DABUR,SELL,SELL-EX1,201,09:35,575,382.55,,,0,0,"sector FMCG bear-qualified but outside top-2 (board LOGISTICS 89, GREEN 82)",0.895,-0.791,FMCG,0,0,0,0,0,-60.5,,,,,,,-325,-1.0,100% SL 09:45,0.3,2.02,0.3,0.3,-0.84,0.89,TREND-DOWN
2026-09-28,M8,DALBHARAT,SELL,SELL-EX5,205,09:35,575,1679.1,,,0,0,sector CEMENT not bear-qualified (bull 5/bear 67),0.895,-0.645,CEMENT,0,0,0,0,1,-60.5,,,,,,,261,0.61,100% trail 13:15,1.47,0.69,0.0,1.32,1.37,0.89,TREND-DOWN
2026-09-28,M8,DELHIVERY,SELL,SELL-EX3,203,09:30,570,414.05,,,0,0,lags own sector (stock -1.70% vs LOGISTICS -1.90%),0.895,-2.046,LOGISTICS,0,1,0,1,1,-60.5,,,,,,,671,0.9,100% trail 15:05,1.28,0.27,0.5,0.71,1.58,0.89,TREND-DOWN
2026-09-28,M8,DIXON,SELL,ENTRY SELL,290,09:30,570,13251.0,,,0,0,scanner-table preview (90/290) — no chart label,0.895,-1.038,CDUR,0,0,1,0,0,-60.5,,,,,,,-336,-1.0,100% SL 09:50,0.15,5.81,0.15,0.15,-2.94,0.89,TREND-DOWN
2026-09-28,M8,DLF,SELL,SELL-EX3,203,09:30,570,666.55,,,0,0,"sector REALTY bear-qualified but outside top-2 (board LOGISTICS 89, GREEN 82)",0.895,-2.408,REALTY,0,0,0,0,1,-60.5,,,,,,,183,0.33,OPEN,0.33,0.59,0.21,0.21,0.45,0.89,TREND-DOWN
2026-09-28,M8,DRREDDY,BUY,BUY-EX,101,09:50,590,1218.8,,,0,0,sector PHA not bull-qualified (bull 8/bear 55),0.895,1.482,PHA,0,0,0,0,0,-60.5,,,,,,,59,0.16,OPEN,0.78,0.48,0.14,0.14,0.18,0.89,TREND-DOWN
2026-09-28,M8,EICHERMOT,SELL,SELL-EX3,203,09:30,570,7279.5,,,0,0,sector AUTO not bear-qualified (bull 6/bear 61),0.895,-1.094,AUTO,0,0,0,0,1,-60.5,,,,,,,157,1.02,100% trail 12:50,2.35,0.31,0.29,1.0,0.91,0.89,TREND-DOWN
2026-09-28,M8,ETERNAL,SELL,ENTRY SELL,290,09:35,575,331.15,,,0,0,scanner-table preview (90/290) — no chart label,0.895,-1.149,NEWAGE,0,0,0,0,1,-60.5,,,,,,,-12,0.05,OPEN,0.6,0.43,0.15,0.15,0.06,0.89,TREND-DOWN
2026-09-28,M8,EXIDEIND,SELL,SELL-EX3,203,09:35,575,417.0,,,0,0,sector AUTO not bear-qualified (bull 6/bear 61),0.895,-1.57,AUTO,0,0,0,0,1,-60.5,,,,,,,571,0.95,100% EOD 15:20,1.06,0.56,0.11,0.11,1.34,0.89,TREND-DOWN
2026-09-28,M8,FORCEMOT,BUY,BUY-EX6,105,10:00,600,17327.0,,,0,0,sector AUTO not bull-qualified (bull 6/bear 61),0.895,-0.351,AUTO,0,0,0,0,1,-60.5,,,,,,,-482,-1.0,100% SL 11:10,0.12,1.34,0.12,0.12,-1.31,0.89,TREND-DOWN
2026-09-28,M8,FORTIS,SELL,SELL-EX12,212,09:30,570,825.1,,,0,0,sector HOSPITALS not bear-qualified (bull 35/bear 18),0.895,-1.522,HOSPITALS,0,0,1,0,0,-60.5,,,,,,,-381,-0.38,OPEN,0.51,0.71,0.31,0.51,-0.68,0.89,TREND-DOWN
2026-09-28,M8,FORTIS,SELL,SELL-EX1,201,10:15,615,819.65,,,0,0,sector HOSPITALS not bear-qualified (bull 35/bear 18),0.895,-2.172,HOSPITALS,0,0,1,0,0,-60.5,,,,,,,-642,-1.0,100% SL 13:15,0.24,1.76,0.24,0.24,-1.35,0.89,TREND-DOWN
2026-09-28,M8,GAIL,SELL,SELL-EX2,202,10:20,620,171.56,,,0,0,sector OIL not bear-qualified (bull 6/bear 61),0.895,-0.66,OIL,0,0,0,0,1,-60.5,,,,,,,-301,-0.29,OPEN,0.17,0.39,0.17,0.17,-0.52,0.89,TREND-DOWN
2026-09-28,M8,GLENMARK,SELL,SELL-EX19,219,10:15,615,2341.6,,,0,0,sector PHA not bear-qualified (bull 8/bear 55),0.895,-1.613,PHA,0,0,0,0,0,-60.5,,,,,,,213,1.06,100% trail 15:10,2.05,0.8,0.89,0.89,0.68,0.89,TREND-DOWN
2026-09-28,M8,GMRAIRPORT,SELL,SELL-EX3,203,09:30,570,96.19,,,0,0,sector INFRA not bear-qualified (bull 4/bear 66),0.895,-1.797,INFRA,0,0,0,0,1,-60.5,,,,,,,811,1.52,100% trail 14:55,1.87,0.46,0.13,0.13,1.5,0.89,TREND-DOWN
2026-09-28,M8,GODREJCP,SELL,SELL-EX3,203,09:30,570,862.65,,,0,0,"sector FMCG bear-qualified but outside top-2 (board LOGISTICS 89, GREEN 82)",0.895,-1.972,FMCG,0,0,0,0,0,-60.5,,,,,,,-346,-0.41,OPEN,0.23,0.6,0.13,0.17,-0.62,0.89,TREND-DOWN
2026-09-28,M8,GODREJPROP,SELL,SELL-EX1,201,09:30,570,1679.2,,,0,0,"sector REALTY bear-qualified but outside top-2 (board LOGISTICS 89, GREEN 82)",0.895,-1.229,REALTY,0,0,0,0,1,-60.5,,,,,,,232,0.45,OPEN,0.59,0.51,0.14,0.28,0.56,0.89,TREND-DOWN
2026-09-28,M8,GRASIM,SELL,SELL-EX1,201,10:20,620,3147.1,,,0,0,sector CEMENT not bear-qualified (bull 5/bear 67),0.895,-1.376,CEMENT,0,0,0,0,1,-60.5,,,,,,,-84,-0.2,OPEN,0.63,0.71,0.49,0.49,-0.09,0.89,TREND-DOWN
2026-09-28,M8,GVT&D,SELL,SELL-EX3,203,09:35,575,4220.7,,,0,0,"sector CAPGOODS bear-qualified but outside top-2 (board LOGISTICS 89, GREEN 82)",0.895,-1.386,CAPGOODS,0,1,0,0,1,-60.5,,,,,,,156,0.29,OPEN,0.72,0.46,0.04,0.04,0.42,0.89,TREND-DOWN
2026-09-28,M8,HAL,SELL,SELL-EX3,203,09:30,570,4725.0,,,0,0,"sector DEF bear-qualified but outside top-2 (board LOGISTICS 89, GREEN 82)",0.895,-1.562,DEF,0,0,0,0,1,-60.5,,,,,,,-547,-1.0,100% SL 10:00,0.09,1.15,0.07,0.07,-0.28,0.89,TREND-DOWN
2026-09-28,M8,HAVELLS,SELL,SELL-EX3,203,09:30,570,1082.7,,,0,0,sector CDUR not bear-qualified (bull 8/bear 51),0.895,-1.259,CDUR,0,0,1,0,0,-60.5,,,,,,,-148,-0.18,OPEN,0.63,0.4,0.12,0.34,-0.21,0.89,TREND-DOWN
2026-09-28,M8,HCLTECH,SELL,ENTRY SELL,290,09:40,580,1251.6,,,0,0,scanner-table preview (90/290) — no chart label,0.895,-0.509,IT,0,0,1,0,0,-60.5,,,,,,,-521,-1.0,100% SL 14:05,0.88,1.36,0.28,0.28,-0.08,0.89,TREND-DOWN
2026-09-28,M8,HDFCAMC,SELL,SELL-EX1,201,10:15,615,2322.1,,,0,0,"sector CAPMKTS bear-qualified but outside top-2 (board LOGISTICS 89, GREEN 82)",0.895,-2.351,CAPMKTS,0,1,0,0,1,-60.5,,,,,,,375,0.85,OPEN,0.92,0.3,0.37,0.41,0.85,0.89,TREND-DOWN
2026-09-28,M8,HDFCBANK,SELL,SELL-EX12,212,09:35,575,724.4,,,0,0,sector BANK not bear-qualified (bull 2/bear 78),0.895,-1.523,BANK,0,0,0,0,1,-60.5,,,,,,,327,0.63,OPEN,0.72,0.07,0.33,0.33,0.74,0.89,TREND-DOWN
2026-09-28,M8,HDFCLIFE,SELL,ENTRY SELL,290,09:30,570,530.05,,,0,0,scanner-table preview (90/290) — no chart label,0.895,-0.179,INSURANCE,0,0,0,0,0,-60.5,,,,,,,60,0.57,100% trail 10:45,1.47,1.61,0.58,0.96,-0.29,0.89,TREND-DOWN
2026-09-28,M8,HINDALCO,SELL,SELL-EX12,212,09:30,570,953.4,,,0,0,"sector MET bear-qualified but outside top-2 (board LOGISTICS 89, GREEN 82)",0.895,-2.416,MET,0,0,0,0,1,-60.5,,,,,,,-172,-0.19,OPEN,0.16,0.89,0.16,0.16,-0.26,0.89,TREND-DOWN
2026-09-28,M8,HINDPETRO,SELL,SELL-EX3,203,09:30,570,345.95,,,0,0,sector OIL not bear-qualified (bull 6/bear 61),0.895,-1.439,OIL,0,0,0,0,1,-60.5,,,,,,,462,1.48,OPEN,2.13,0.57,0.65,0.65,1.01,0.89,TREND-DOWN
2026-09-28,M8,HINDUNILVR,SELL,SELL-EX3,203,09:30,570,1910.1,,,0,0,"sector FMCG bear-qualified but outside top-2 (board LOGISTICS 89, GREEN 82)",0.895,-1.688,FMCG,0,0,0,0,0,-60.5,,,,,,,325,0.6,OPEN,0.69,0.28,0.1,0.1,0.74,0.89,TREND-DOWN
2026-09-28,M8,HYUNDAI,SELL,SELL-EX8,208,09:30,570,2083.2,,,0,0,sector AUTO not bear-qualified (bull 6/bear 61),0.895,-1.504,AUTO,0,0,0,0,1,-60.5,,,,,,,611,0.99,100% trail 14:05,1.45,0.33,0.14,0.38,1.56,0.89,TREND-DOWN
2026-09-28,M8,ICICIBANK,SELL,SELL-EX3,203,09:30,570,1309.8,,,0,0,sector BANK not bear-qualified (bull 2/bear 78),0.895,-1.281,BANK,0,0,0,0,1,-60.5,,,,,,,254,0.63,OPEN,0.78,0.22,0.69,0.71,0.6,0.89,TREND-DOWN
2026-09-28,M8,ICICIGI,SELL,SELL-EX5,205,09:30,570,1535.5,,,0,0,sector INSURANCE not bear-qualified (bull 7/bear 60),0.895,-1.171,INSURANCE,0,0,0,0,0,-60.5,,,,,,,-507,-1.0,100% SL 12:50,0.71,1.78,0.41,0.71,-0.29,0.89,TREND-DOWN
2026-09-28,M8,ICICIGI,SELL,ENTRY SELL,290,09:35,575,1533.8,,,0,0,scanner-table preview (90/290) — no chart label,0.895,-1.281,INSURANCE,0,0,0,0,0,-60.5,,,,,,,-561,-1.0,100% SL 12:50,0.51,1.69,0.51,0.51,-0.4,0.89,TREND-DOWN
2026-09-28,M8,IDEA,SELL,SELL-EX5,205,09:30,570,13.88,,,0,0,"sector TELECOM bear-qualified but outside top-2 (board LOGISTICS 89, GREEN 82)",0.895,-2.665,TELECOM,0,1,0,1,1,-60.5,,,,,,,900,1.07,100% trail 14:45,1.29,0.46,0.09,0.09,2.95,0.89,TREND-DOWN
2026-09-28,M8,IDFCFIRSTB,SELL,SELL-EX3,203,09:30,570,81.74,,,0,0,sector BANK not bear-qualified (bull 2/bear 78),0.895,-2.458,BANK,0,0,0,0,1,-60.5,,,,,,,567,0.67,OPEN,0.71,0.17,0.11,0.14,1.46,0.89,TREND-DOWN
2026-09-28,M8,INDHOTEL,SELL,SELL-EX3,203,09:30,570,712.25,,,0,0,sector TRAVEL not bear-qualified (bull 7/bear 64),0.895,-2.002,TRAVEL,0,0,0,0,0,-60.5,,,,,,,46,0.15,OPEN,0.23,0.92,0.08,0.08,0.18,0.89,TREND-DOWN
2026-09-28,M8,INDIANB,SELL,SELL-EX3,203,09:35,575,823.1,,,0,0,lags own sector (stock -1.02% vs PSUBK -2.21%),0.895,-1.07,PSUBK,0,0,0,1,1,-60.5,,,,,,,1197,2.28,OPEN,2.35,0.37,0.23,0.44,2.51,0.89,TREND-DOWN
2026-09-28,M8,INDIGO,SELL,NORMAL SELL,280,10:15,615,4880.0,,,0,0,sector TRAVEL not bear-qualified (bull 7/bear 64),0.895,-1.215,TRAVEL,0,0,0,0,0,-60.5,,,,,,,-76,0.05,100% trail 11:40,1.82,1.37,0.47,1.69,0.11,0.89,TREND-DOWN
2026-09-28,M8,INDUSINDBK,SELL,SELL-EX1,201,09:35,575,897.4,,,0,0,sector BANK not bear-qualified (bull 2/bear 78),0.895,-1.622,BANK,0,0,0,0,1,-60.5,,,,,,,-653,-1.0,100% SL 13:25,0.75,1.35,0.07,0.27,-1.37,0.89,TREND-DOWN
2026-09-28,M8,INFY,SELL,SELL-EX1,201,09:40,580,990.8,,,0,0,"sector IT bear-qualified but outside top-2 (board LOGISTICS 89, GREEN 82)",0.895,-0.94,IT,0,0,1,0,0,-60.5,,,,,,,-758,-1.0,100% SL 13:15,0.31,1.4,0.07,0.31,-1.25,0.89,TREND-DOWN
2026-09-28,M8,INOXWIND,SELL,SELL-EX8,208,09:30,570,73.47,,,0,0,lags own sector (stock -1.71% vs GREEN -1.78%),0.895,-1.712,GREEN,0,0,0,0,1,-60.5,,,,,,,958,1.3,OPEN,1.3,0.45,0.04,0.07,2.0,0.89,TREND-DOWN
2026-09-28,M8,IOC,SELL,SELL-EX12,212,09:35,575,133.84,,,0,0,sector OIL not bear-qualified (bull 6/bear 61),0.895,-1.371,OIL,0,0,0,0,1,-60.5,,,,,,,152,0.34,OPEN,0.52,0.41,0.08,0.12,0.39,0.89,TREND-DOWN
2026-09-28,M8,IREDA,BUY,BUY-EX6,105,10:00,600,113.87,,,0,0,sector FIN not bull-qualified (bull 3/bear 72),0.895,0.574,FIN,0,0,0,0,1,-60.5,,,,,,,318,0.46,100% trail 13:10,1.73,0.64,0.23,0.23,0.83,0.89,TREND-DOWN
2026-09-28,M8,IRFC,SELL,SELL-EX3,203,09:30,570,78.6,,,0,0,sector RAILWAYS not bear-qualified (bull 6/bear 64),0.895,-1.689,RAILWAYS,0,1,0,0,1,-60.5,,,,,,,-10,0.04,OPEN,0.15,0.99,0.04,0.04,0.06,0.89,TREND-DOWN
2026-09-28,M8,ITC,SELL,SELL-EX8,208,09:30,570,267.0,,,0,0,"sector FMCG bear-qualified but outside top-2 (board LOGISTICS 89, GREEN 82)",0.895,-0.743,FMCG,0,0,0,0,0,-60.5,,,,,,,295,0.76,OPEN,0.77,0.15,0.19,0.72,0.67,0.89,TREND-DOWN
2026-09-28,M8,JINDALSTEL,SELL,SELL-EX3,203,09:35,575,1147.9,,,0,0,"sector MET bear-qualified but outside top-2 (board LOGISTICS 89, GREEN 82)",0.895,-1.451,MET,0,0,0,0,1,-60.5,,,,,,,315,0.79,OPEN,1.31,0.87,0.09,0.09,0.72,0.89,TREND-DOWN
2026-09-28,M8,JIOFIN,SELL,SELL-EX3,203,09:30,570,223.85,,,0,0,sector FIN not bear-qualified (bull 3/bear 72),0.895,-1.388,FIN,0,0,0,0,1,-60.5,,,,,,,673,1.14,100% trail 15:15,1.58,0.15,0.42,0.42,1.5,0.89,TREND-DOWN
2026-09-28,M8,JSWENERGY,SELL,SELL-EX3,203,09:30,570,499.5,,,0,0,"sector ENE bear-qualified but outside top-2 (board LOGISTICS 89, GREEN 82)",0.895,-1.392,ENE,0,0,0,0,1,-60.5,,,,,,,-594,-1.0,100% SL 12:30,1.02,1.09,0.18,0.69,0.9,0.89,TREND-DOWN
2026-09-28,M8,JSWSTEEL,SELL,SELL-EX3,203,09:30,570,1265.3,,,0,0,"sector MET bear-qualified but outside top-2 (board LOGISTICS 89, GREEN 82)",0.895,-0.916,MET,0,0,0,0,1,-60.5,,,,,,,5,0.1,OPEN,0.97,0.74,0.33,0.33,0.09,0.89,TREND-DOWN
2026-09-28,M8,KAYNES,SELL,SELL-EX1,201,10:05,605,3592.0,,,0,0,"sector CAPGOODS bear-qualified but outside top-2 (board LOGISTICS 89, GREEN 82)",0.895,-1.589,CAPGOODS,0,1,0,0,1,-60.5,,,,,,,-542,-1.0,100% SL 11:35,0.06,2.91,0.06,0.06,-1.84,0.89,TREND-DOWN
2026-09-28,M8,KEI,SELL,SELL-EX12,212,09:35,575,4594.0,,,0,0,"sector CAPGOODS bear-qualified but outside top-2 (board LOGISTICS 89, GREEN 82)",0.895,-1.701,CAPGOODS,0,1,0,0,1,-60.5,,,,,,,741,1.28,OPEN,1.33,0.37,0.06,0.12,1.7,0.89,TREND-DOWN
2026-09-28,M8,KFINTECH,SELL,ENTRY SELL,290,09:35,575,876.05,,,0,0,scanner-table preview (90/290) — no chart label,0.895,-1.435,CAPMKTS,0,1,0,0,1,-60.5,,,,,,,-498,-0.62,OPEN,0.14,0.88,0.14,0.14,-0.91,0.89,TREND-DOWN
2026-09-28,M8,KOTAKBANK,SELL,SELL-EX3,203,09:35,575,396.4,,,0,0,sector BANK not bear-qualified (bull 2/bear 78),0.895,-1.881,BANK,0,0,0,0,1,-60.5,,,,,,,-805,-1.0,100% SL 14:00,0.07,1.28,0.07,0.07,-1.3,0.89,TREND-DOWN
2026-09-28,M8,KPITTECH,SELL,SELL-EX8,208,09:40,580,510.9,,,0,0,"sector IT bear-qualified but outside top-2 (board LOGISTICS 89, GREEN 82)",0.895,-1.637,IT,0,0,1,0,0,-60.5,,,,,,,142,0.26,OPEN,0.67,0.4,0.01,0.07,0.37,0.89,TREND-DOWN
2026-09-28,M8,LAURUSLABS,BUY,BUY-EX9,108,09:50,590,2006.0,,,0,0,sector PHA not bull-qualified (bull 8/bear 55),0.895,-0.05,PHA,0,0,0,0,0,-60.5,,,,,,,83,0.22,OPEN,0.3,0.59,0.29,0.29,0.23,0.89,TREND-DOWN
2026-09-28,M8,LICHSGFIN,BUY,BUY-EX,101,09:55,595,571.25,,,0,0,sector FIN not bull-qualified (bull 3/bear 72),0.895,0.928,FIN,0,0,0,0,1,-60.5,,,,,,,-680,-1.0,100% SL 15:05,0.51,1.17,0.26,0.26,-1.24,0.89,TREND-DOWN
2026-09-28,M8,LICI,SELL,SELL-EX1,201,09:30,570,403.5,,,0,0,sector INSURANCE not bear-qualified (bull 7/bear 60),0.895,-1.357,INSURANCE,0,0,0,0,0,-60.5,,,,,,,309,0.62,OPEN,0.64,0.56,0.23,0.26,0.71,0.89,TREND-DOWN
2026-09-28,M8,LODHA,SELL,SELL-EX3,203,09:35,575,1135.2,,,0,0,"sector REALTY bear-qualified but outside top-2 (board LOGISTICS 89, GREEN 82)",0.895,-2.558,REALTY,0,0,0,0,1,-60.5,,,,,,,531,0.64,OPEN,0.7,0.24,0.11,0.2,1.59,0.89,TREND-DOWN
2026-09-28,M8,LT,SELL,SELL-EX3,203,09:30,570,3828.6,,,0,0,sector INFRA not bear-qualified (bull 4/bear 66),0.895,-1.228,INFRA,0,0,0,0,1,-60.5,,,,,,,767,2.22,OPEN,2.22,0.45,0.15,0.31,1.62,0.89,TREND-DOWN
2026-09-28,M8,LTF,SELL,SELL-EX3,203,09:30,570,278.4,,,0,0,sector FIN not bear-qualified (bull 3/bear 72),0.895,-1.972,FIN,0,0,0,0,1,-60.5,,,,,,,-923,-1.0,100% SL 11:50,0.09,1.08,0.09,0.09,-0.88,0.89,TREND-DOWN
2026-09-28,M8,LTM,SELL,SELL-EX8,208,09:40,580,4023.1,,,0,0,"sector IT bear-qualified but outside top-2 (board LOGISTICS 89, GREEN 82)",0.895,-1.467,IT,0,0,1,0,0,-60.5,,,,,,,-815,-1.0,100% SL 11:00,0.05,1.8,0.05,0.05,-1.7,0.89,TREND-DOWN
2026-09-28,M8,LUPIN,SELL,SELL-EX1,201,09:35,575,2078.6,,,0,0,sector PHA not bear-qualified (bull 8/bear 55),0.895,-0.641,PHA,0,0,0,0,0,-60.5,,,,,,,185,0.64,100% trail 12:25,1.27,0.29,0.63,0.76,0.8,0.89,TREND-DOWN
2026-09-28,M8,M&M,SELL,SELL-EX8,208,09:30,570,2990.7,,,0,0,sector AUTO not bear-qualified (bull 6/bear 61),0.895,-1.46,AUTO,0,0,0,0,1,-60.5,,,,,,,-109,-0.15,OPEN,0.43,0.5,0.15,0.15,-0.14,0.89,TREND-DOWN
2026-09-28,M8,MANAPPURAM,SELL,SELL-EX8,208,09:30,570,326.2,,,0,0,sector FIN not bear-qualified (bull 3/bear 72),0.895,-2.335,FIN,0,0,0,0,1,-60.5,,,,,,,1978,4.24,OPEN,4.5,0.51,1.11,1.86,4.05,0.89,TREND-DOWN
2026-09-28,M8,MANKIND,SELL,SELL-EX8,208,10:15,615,2464.0,,,0,0,sector PHA not bear-qualified (bull 8/bear 55),0.895,-0.44,PHA,0,0,0,0,0,-60.5,,,,,,,175,1.01,100% trail 12:25,2.18,0.52,0.79,1.46,1.15,0.89,TREND-DOWN
2026-09-28,M8,MARICO,SELL,SELL-EX1,201,09:55,595,807.7,,,0,0,"sector FMCG bear-qualified but outside top-2 (board LOGISTICS 89, GREEN 82)",0.895,-1.38,FMCG,0,0,0,0,0,-60.5,,,,,,,-380,-0.8,OPEN,0.46,0.8,0.1,0.38,-0.69,0.89,TREND-DOWN
2026-09-28,M8,MARUTI,SELL,SELL-EX8,208,09:35,575,11985.0,,,0,0,sector AUTO not bear-qualified (bull 6/bear 61),0.895,-0.663,AUTO,0,0,0,0,1,-60.5,,,,,,,-132,-0.17,OPEN,0.3,0.7,0.03,0.03,-0.19,0.89,TREND-DOWN
2026-09-28,M8,MAZDOCK,SELL,SELL-EX3,203,09:30,570,2155.7,,,0,0,"sector DEF bear-qualified but outside top-2 (board LOGISTICS 89, GREEN 82)",0.895,-1.996,DEF,0,0,0,0,1,-60.5,,,,,,,365,0.48,OPEN,0.66,0.46,0.02,0.02,0.82,0.89,TREND-DOWN
2026-09-28,M8,MCX,SELL,SELL-EX3,203,09:30,570,3274.0,,,0,0,"sector CAPMKTS bear-qualified but outside top-2 (board LOGISTICS 89, GREEN 82)",0.895,-1.531,CAPMKTS,0,1,0,0,1,-60.5,,,,,,,-622,-1.0,100% SL 10:10,0.63,1.32,0.13,0.13,0.32,0.89,TREND-DOWN
2026-09-28,M8,MFSL,SELL,SELL-EX1,201,10:15,615,1443.8,,,0,0,sector INSURANCE not bear-qualified (bull 7/bear 60),0.895,-0.974,INSURANCE,0,0,0,0,0,-60.5,,,,,,,-48,-0.02,OPEN,0.95,0.93,0.24,0.72,-0.01,0.89,TREND-DOWN
2026-09-28,M8,MOTILALOFS,SELL,SELL-EX3,203,09:30,570,1002.6,,,0,0,"sector CAPMKTS bear-qualified but outside top-2 (board LOGISTICS 89, GREEN 82)",0.895,-2.566,CAPMKTS,0,1,0,0,1,-60.5,,,,,,,-354,-0.37,OPEN,0.11,0.65,0.11,0.11,-0.9,0.89,TREND-DOWN
2026-09-28,M8,MPHASIS,SELL,SELL-EX2,202,09:40,580,2218.2,,,0,0,"sector IT bear-qualified but outside top-2 (board LOGISTICS 89, GREEN 82)",0.895,-0.707,IT,0,0,1,0,0,-60.5,,,,,,,-466,-0.7,OPEN,0.39,0.82,0.11,0.39,-0.87,0.89,TREND-DOWN
2026-09-28,M8,MUTHOOTFIN,SELL,SELL-EX12,212,09:30,570,2776.6,,,0,0,sector FIN not bear-qualified (bull 3/bear 72),0.895,-2.06,FIN,0,0,0,0,1,-60.5,,,,,,,257,0.56,OPEN,0.65,0.82,0.23,0.23,0.6,0.89,TREND-DOWN
2026-09-28,M8,NAM-INDIA,SELL,NORMAL SELL,280,10:25,625,1116.0,,,0,0,"sector CAPMKTS bear-qualified but outside top-2 (board LOGISTICS 89, GREEN 82)",0.895,-3.544,CAPMKTS,0,1,0,0,1,-60.5,,,,,,,327,0.84,100% trail 13:20,2.2,0.27,0.29,0.46,1.98,0.89,TREND-DOWN
2026-09-28,M8,NAUKRI,BUY,BUY-EX,101,09:50,590,1257.1,,,0,0,sector NEWAGE not bull-qualified (bull 8/bear 56),0.895,0.183,NEWAGE,0,0,0,0,1,-60.5,,,,,,,-155,-0.16,OPEN,0.3,0.94,0.3,0.3,-0.25,0.89,TREND-DOWN
2026-09-28,M8,NBCC,SELL,SELL-EX3,203,09:30,570,81.26,,,0,0,"sector PSE bear-qualified but outside top-2 (board LOGISTICS 89, GREEN 82)",0.895,-1.931,PSE,0,0,0,0,1,-60.5,,,,,,,604,0.99,OPEN,1.18,0.38,0.34,0.34,1.29,0.89,TREND-DOWN
2026-09-28,M8,NHPC,SELL,SELL-EX3,203,09:35,575,75.14,,,0,0,"sector ENE bear-qualified but outside top-2 (board LOGISTICS 89, GREEN 82)",0.895,-1.132,ENE,0,0,0,0,1,-60.5,,,,,,,328,0.87,100% trail 14:55,1.14,0.35,0.01,0.11,0.85,0.89,TREND-DOWN
2026-09-28,M8,NMDC,SELL,SELL-EX3,203,09:30,570,79.29,,,0,0,"sector MET bear-qualified but outside top-2 (board LOGISTICS 89, GREEN 82)",0.895,-0.763,MET,0,0,0,0,1,-60.5,,,,,,,1057,1.22,OPEN,1.22,0.3,0.22,0.23,2.35,0.89,TREND-DOWN
2026-09-28,M8,NTPC,SELL,SELL-EX3,203,09:35,575,323.1,,,0,0,"sector ENE bear-qualified but outside top-2 (board LOGISTICS 89, GREEN 82)",0.895,-1.072,ENE,0,0,0,0,1,-60.5,,,,,,,266,0.59,OPEN,0.86,0.34,0.22,0.46,0.62,0.89,TREND-DOWN
2026-09-28,M8,NUVAMA,SELL,SELL-EX12,212,09:35,575,1612.4,,,0,0,"sector CAPMKTS bear-qualified but outside top-2 (board LOGISTICS 89, GREEN 82)",0.895,-4.104,CAPMKTS,0,1,0,0,1,-60.5,,,,,,,-459,-0.48,100% EOD 15:20,0.13,0.77,0.1,0.13,-0.98,0.89,TREND-DOWN
2026-09-28,M8,OBEROIRLTY,SELL,SELL-EX3,203,09:30,570,1835.9,,,0,0,"sector REALTY bear-qualified but outside top-2 (board LOGISTICS 89, GREEN 82)",0.895,-1.216,REALTY,0,0,0,0,1,-60.5,,,,,,,-479,-1.0,100% SL 13:25,0.95,1.32,0.74,0.74,0.32,0.89,TREND-DOWN
2026-09-28,M8,OFSS,SELL,SELL-EX1,201,09:40,580,10601.0,,,0,0,"sector IT bear-qualified but outside top-2 (board LOGISTICS 89, GREEN 82)",0.895,-1.569,IT,0,0,1,0,0,-60.5,,,,,,,-949,-1.0,100% SL 11:55,0.0,1.39,0.0,0.0,-1.88,0.89,TREND-DOWN
2026-09-28,M8,OIL,SELL,SELL-EX1,201,10:25,625,467.2,,,0,0,sector OIL not bear-qualified (bull 6/bear 61),0.895,-1.673,OIL,0,0,0,0,1,-60.5,,,,,,,89,0.51,100% trail 13:30,1.17,0.51,0.34,0.59,-0.17,0.89,TREND-DOWN
2026-09-28,M8,ONGC,SELL,NORMAL SELL,280,10:25,625,233.18,,,0,0,sector OIL not bear-qualified (bull 6/bear 61),0.895,-1.136,OIL,0,0,0,0,1,-60.5,,,,,,,146,0.73,100% trail 13:00,2.2,0.17,0.31,0.89,1.36,0.89,TREND-DOWN
2026-09-28,M8,PAGEIND,SELL,ENTRY SELL,290,09:35,575,37375.0,,,0,0,scanner-table preview (90/290) — no chart label,0.895,-0.849,CONSUMPTION,0,0,0,0,0,-60.5,,,,,,,-156,-0.4,OPEN,0.27,0.8,0.27,0.27,-0.33,0.89,TREND-DOWN
2026-09-28,M8,PERSISTENT,SELL,SELL-EX8,208,09:40,580,5289.5,,,0,0,"sector IT bear-qualified but outside top-2 (board LOGISTICS 89, GREEN 82)",0.895,-1.536,IT,0,0,1,0,0,-60.5,,,,,,,-391,-0.45,OPEN,0.02,0.89,0.02,0.02,-0.74,0.89,TREND-DOWN
2026-09-28,M8,PETRONET,BUY,BUY-EX,101,09:55,595,288.0,,,0,0,sector OIL not bull-qualified (bull 6/bear 61),0.895,0.524,OIL,0,0,0,0,1,-60.5,,,,,,,395,1.58,100% trail 12:10,2.87,1.22,1.34,1.85,0.64,0.89,TREND-DOWN
2026-09-28,M8,PFC,SELL,SELL-EX3,203,09:30,570,332.55,,,0,0,sector FIN not bear-qualified (bull 3/bear 72),0.895,-1.612,FIN,0,0,0,0,1,-60.5,,,,,,,341,0.47,OPEN,0.63,0.29,0.2,0.46,0.77,0.89,TREND-DOWN
2026-09-28,M8,PGEL,SELL,SELL-EX5,205,09:30,570,513.2,,,0,0,sector CDUR not bear-qualified (bull 8/bear 51),0.895,-1.022,CDUR,0,0,1,0,0,-60.5,,,,,,,559,0.78,OPEN,1.03,0.42,0.12,0.12,1.21,0.89,TREND-DOWN
2026-09-28,M8,PHOENIXLTD,SELL,SELL-EX8,208,09:30,570,1948.0,,,0,0,"sector REALTY bear-qualified but outside top-2 (board LOGISTICS 89, GREEN 82)",0.895,-1.537,REALTY,0,0,0,0,1,-60.5,,,,,,,-146,-0.19,OPEN,0.35,0.68,0.2,0.2,-0.22,0.89,TREND-DOWN
2026-09-28,M8,PIDILITIND,SELL,SELL-EX1,201,09:35,575,1490.5,,,0,0,sector CHEMICALS not bear-qualified (bull 6/bear 60),0.895,-1.76,CHEMICALS,0,0,0,0,0,-60.5,,,,,,,-595,-1.0,100% SL 12:40,0.22,1.12,0.09,0.09,-0.84,0.89,TREND-DOWN
2026-09-28,M8,PIIND,SELL,SELL-EX5,205,09:30,570,2361.0,,,0,0,sector CHEMICALS not bear-qualified (bull 6/bear 60),0.895,-1.625,CHEMICALS,0,0,0,0,0,-60.5,,,,,,,210,0.32,OPEN,0.84,0.26,0.1,0.22,0.51,0.89,TREND-DOWN
2026-09-28,M8,PIIND,SELL,ENTRY SELL,290,09:35,575,2359.9,,,0,0,scanner-table preview (90/290) — no chart label,0.895,-1.671,CHEMICALS,0,0,0,0,0,-60.5,,,,,,,187,0.29,OPEN,0.78,0.28,0.07,0.19,0.46,0.89,TREND-DOWN
2026-09-28,M8,PNB,SELL,SELL-EX3,203,09:30,570,114.71,,,0,0,lags own sector (stock -1.62% vs PSUBK -2.21%),0.895,-1.621,PSUBK,0,0,0,1,1,-60.5,,,,,,,876,1.24,OPEN,1.34,0.18,0.24,0.58,1.84,0.89,TREND-DOWN
2026-09-28,M8,PNBHOUSING,SELL,SELL-EX3,203,09:30,570,1068.6,,,0,0,sector FIN not bear-qualified (bull 3/bear 72),0.895,-2.402,FIN,0,0,0,0,1,-60.5,,,,,,,-897,-1.0,100% SL 10:45,0.18,1.67,0.18,0.18,-1.53,0.89,TREND-DOWN
2026-09-28,M8,POLYCAB,SELL,SELL-EX3,203,09:30,570,8309.5,,,0,0,"sector CAPGOODS bear-qualified but outside top-2 (board LOGISTICS 89, GREEN 82)",0.895,-1.177,CAPGOODS,0,1,0,0,1,-60.5,,,,,,,446,1.08,100% trail 11:45,1.58,0.19,0.42,0.96,1.43,0.89,TREND-DOWN
2026-09-28,M8,POWERGRID,SELL,SELL-EX12,212,09:35,575,266.35,,,0,0,"sector ENE bear-qualified but outside top-2 (board LOGISTICS 89, GREEN 82)",0.895,-1.169,ENE,0,0,0,0,1,-60.5,,,,,,,799,1.52,OPEN,1.53,0.08,0.24,0.54,1.69,0.89,TREND-DOWN
2026-09-28,M8,POWERINDIA,SELL,ENTRY SELL,290,09:35,575,30420.0,,,0,0,scanner-table preview (90/290) — no chart label,0.895,-1.982,CAPGOODS,0,1,0,0,1,-60.5,,,,,,,134,0.48,OPEN,1.25,0.39,0.12,0.12,0.53,0.89,TREND-DOWN
2026-09-28,M8,PREMIERENE,SELL,SELL-EX12,212,09:30,570,884.6,,,0,0,lags own sector (stock -1.71% vs GREEN -1.78%),0.895,-1.316,GREEN,0,0,0,0,1,-60.5,,,,,,,-878,-1.02,100% SL 11:30,0.12,2.01,0.12,0.12,-2.42,0.89,TREND-DOWN
2026-09-28,M8,PRESTIGE,SELL,SELL-EX3,203,09:30,570,1444.2,,,0,0,"sector REALTY bear-qualified but outside top-2 (board LOGISTICS 89, GREEN 82)",0.895,-2.274,REALTY,0,0,0,0,1,-60.5,,,,,,,-597,-1.0,100% SL 10:35,0.45,1.77,0.45,0.45,-1.84,0.89,TREND-DOWN
2026-09-28,M8,RBLBANK,SELL,SELL-EX3,203,09:30,570,405.5,,,0,0,sector BANK not bear-qualified (bull 2/bear 78),0.895,-2.301,BANK,0,0,0,0,1,-60.5,,,,,,,-204,-0.19,OPEN,0.12,0.75,0.12,0.12,-0.37,0.89,TREND-DOWN
2026-09-28,M8,RECLTD,SELL,SELL-EX3,203,09:30,570,307.05,,,0,0,sector FIN not bear-qualified (bull 3/bear 72),0.895,-1.885,FIN,0,0,0,0,1,-60.5,,,,,,,574,0.97,OPEN,0.97,0.41,0.27,0.68,1.24,0.89,TREND-DOWN
2026-09-28,M8,RELIANCE,SELL,SELL-EX8,208,09:35,575,1209.2,,,0,0,"sector ENE bear-qualified but outside top-2 (board LOGISTICS 89, GREEN 82)",0.895,-1.37,ENE,0,0,0,0,1,-60.5,,,,,,,434,1.08,OPEN,1.1,0.52,0.08,0.17,0.96,0.89,TREND-DOWN
2026-09-28,M8,RVNL,SELL,SELL-EX3,203,09:30,570,203.52,,,0,0,sector RAILWAYS not bear-qualified (bull 6/bear 64),0.895,-1.681,RAILWAYS,0,1,0,0,1,-60.5,,,,,,,147,0.3,OPEN,0.47,0.85,0.18,0.18,0.38,0.89,TREND-DOWN
2026-09-28,M8,SAIL,SELL,SELL-EX8,208,09:30,570,183.29,,,0,0,"sector MET bear-qualified but outside top-2 (board LOGISTICS 89, GREEN 82)",0.895,-0.924,MET,0,0,0,0,1,-60.5,,,,,,,-801,-1.0,100% SL 14:05,0.2,1.84,0.2,0.2,-0.5,0.89,TREND-DOWN
2026-09-28,M8,SBICARD,SELL,SELL-EX1,201,09:30,570,600.35,,,0,0,sector FIN not bear-qualified (bull 3/bear 72),0.895,-1.775,FIN,0,0,0,0,1,-60.5,,,,,,,492,0.83,100% trail 14:25,1.16,0.21,0.42,0.64,1.56,0.89,TREND-DOWN
2026-09-28,M8,SBILIFE,SELL,SELL-EX1,201,09:55,595,1737.2,,,0,0,sector INSURANCE not bear-qualified (bull 7/bear 60),0.895,-0.276,INSURANCE,0,0,0,0,0,-60.5,,,,,,,214,0.59,OPEN,0.78,0.57,0.77,0.77,0.52,0.89,TREND-DOWN
2026-09-28,M8,SBIN,SELL,SELL-EX3,203,09:30,570,970.5,,,0,0,lags own sector (stock -1.27% vs PSUBK -2.21%),0.895,-1.272,PSUBK,0,0,0,1,1,-60.5,,,,,,,392,0.79,OPEN,1.35,0.21,0.47,0.62,0.88,0.89,TREND-DOWN
2026-09-28,M8,SHRIRAMFIN,SELL,SELL-EX3,203,09:30,570,976.7,,,0,0,sector FIN not bear-qualified (bull 3/bear 72),0.895,-1.75,FIN,0,0,0,0,1,-60.5,,,,,,,-22,0.03,OPEN,0.45,0.54,0.08,0.08,0.04,0.89,TREND-DOWN
2026-09-28,M8,SIEMENS,SELL,SELL-EX3,203,09:30,570,3807.6,,,0,0,"sector CAPGOODS bear-qualified but outside top-2 (board LOGISTICS 89, GREEN 82)",0.895,-1.79,CAPGOODS,0,1,0,0,1,-60.5,,,,,,,245,0.4,OPEN,0.64,0.4,0.28,0.28,0.58,0.89,TREND-DOWN
2026-09-28,M8,SOLARINDS,SELL,ENTRY SELL,290,09:30,570,19470.0,,,0,0,scanner-table preview (90/290) — no chart label,0.895,-1.393,DEF,0,0,0,0,1,-60.5,,,,,,,607,1.29,OPEN,1.99,0.46,0.08,0.08,1.64,0.89,TREND-DOWN
2026-09-28,M8,SRF,SELL,SELL-EX1,201,09:30,570,2500.9,,,0,0,sector CHEMICALS not bear-qualified (bull 6/bear 60),0.895,-1.539,CHEMICALS,0,0,0,0,0,-60.5,,,,,,,139,0.37,OPEN,0.47,0.56,0.45,0.45,0.38,0.89,TREND-DOWN
2026-09-28,M8,SUNPHARMA,SELL,SELL-EX1,201,09:35,575,1844.1,,,0,0,sector PHA not bear-qualified (bull 8/bear 55),0.895,-0.437,PHA,0,0,0,0,0,-60.5,,,,,,,-392,-1.0,100% SL 14:05,0.54,1.1,0.1,0.42,0.33,0.89,TREND-DOWN
2026-09-28,M8,SUZLON,SELL,SELL-EX5,205,09:30,570,40.19,,,0,0,lags own sector (stock -1.35% vs GREEN -1.78%),0.895,-1.495,GREEN,0,0,0,0,1,-60.5,,,,,,,617,0.76,OPEN,0.94,0.29,0.26,0.39,1.32,0.89,TREND-DOWN
2026-09-28,M8,SWIGGY,SELL,SELL-EX1,201,09:35,575,262.0,,,0,0,sector NEWAGE not bear-qualified (bull 8/bear 56),0.895,-1.076,NEWAGE,0,0,0,0,1,-60.5,,,,,,,663,0.97,100% trail 14:00,1.67,0.27,0.12,0.95,2.29,0.89,TREND-DOWN
2026-09-28,M8,TATACONSUM,SELL,SELL-EX1,201,09:30,570,969.3,,,0,0,"sector FMCG bear-qualified but outside top-2 (board LOGISTICS 89, GREEN 82)",0.895,-1.092,FMCG,0,0,0,0,0,-60.5,,,,,,,439,0.89,100% trail 15:15,1.18,0.28,0.63,0.67,0.96,0.89,TREND-DOWN
2026-09-28,M8,TATAELXSI,SELL,SELL-EX8,208,09:35,575,3171.0,,,0,0,"sector IT bear-qualified but outside top-2 (board LOGISTICS 89, GREEN 82)",0.895,-0.499,IT,0,0,1,0,0,-60.5,,,,,,,-548,-1.0,100% SL 13:00,0.3,1.34,0.3,0.3,-0.63,0.89,TREND-DOWN
2026-09-28,M8,TATAPOWER,SELL,SELL-EX3,203,09:30,570,362.0,,,0,0,"sector ENE bear-qualified but outside top-2 (board LOGISTICS 89, GREEN 82)",0.895,-1.497,ENE,0,0,0,0,1,-60.5,,,,,,,-28,0.02,OPEN,0.47,0.59,0.1,0.1,0.03,0.89,TREND-DOWN
2026-09-28,M8,TATASTEEL,SELL,SELL-EX3,203,09:30,570,186.2,,,0,0,"sector MET bear-qualified but outside top-2 (board LOGISTICS 89, GREEN 82)",0.895,-0.942,MET,0,0,0,0,1,-60.5,,,,,,,-69,-0.04,OPEN,0.36,0.95,0.17,0.17,-0.05,0.89,TREND-DOWN
2026-09-28,M8,TCS,SELL,SELL-EX2,202,09:40,580,2063.6,,,0,0,"sector IT bear-qualified but outside top-2 (board LOGISTICS 89, GREEN 82)",0.895,-0.884,IT,0,0,1,0,0,-60.5,,,,,,,-212,-0.2,OPEN,0.35,0.79,0.2,0.35,-0.34,0.89,TREND-DOWN
2026-09-28,M8,TECHM,SELL,SELL-EX8,208,09:40,580,1536.7,,,0,0,"sector IT bear-qualified but outside top-2 (board LOGISTICS 89, GREEN 82)",0.895,-0.73,IT,0,0,1,0,0,-60.5,,,,,,,-217,-0.27,OPEN,0.48,0.74,0.08,0.48,-0.36,0.89,TREND-DOWN
2026-09-28,M8,TITAN,SELL,SELL-EX3,203,09:30,570,4817.5,,,0,0,sector CDUR not bear-qualified (bull 8/bear 51),0.895,-1.362,CDUR,0,0,1,0,0,-60.5,,,,,,,-61,-0.03,OPEN,0.12,0.35,0.04,0.04,-0.04,0.89,TREND-DOWN
2026-09-28,M8,TMPV,SELL,SELL-EX3,203,09:30,570,286.6,,,0,0,sector AUTO not bear-qualified (bull 6/bear 61),0.895,-1.326,AUTO,0,0,0,0,1,-60.5,,,,,,,802,1.09,OPEN,1.37,0.16,0.13,0.47,1.69,0.89,TREND-DOWN
2026-09-28,M8,TORNTPHARM,SELL,SELL-EX8,208,09:30,570,4921.0,,,0,0,sector PHA not bear-qualified (bull 8/bear 55),0.895,-1.353,PHA,0,0,0,0,0,-60.5,,,,,,,479,0.79,OPEN,1.01,0.21,0.11,0.36,1.06,0.89,TREND-DOWN
2026-09-28,M8,TRENT,SELL,SELL-EX2,202,09:35,575,2627.7,,,0,0,sector CONSUMPTION not bear-qualified (bull 5/bear 63),0.895,-1.558,CONSUMPTION,0,0,0,0,0,-60.5,,,,,,,-10,0.06,OPEN,0.41,0.67,0.25,0.35,0.06,0.89,TREND-DOWN
2026-09-28,M8,ULTRACEMCO,SELL,SELL-EX1,201,10:15,615,11030.0,,,0,0,sector CEMENT not bear-qualified (bull 5/bear 67),0.895,-1.121,CEMENT,0,0,0,0,1,-60.5,,,,,,,-17,0.11,OPEN,1.08,0.62,0.97,0.97,0.05,0.89,TREND-DOWN
2026-09-28,M8,UNOMINDA,SELL,ENTRY SELL,290,09:40,580,1205.8,,,0,0,scanner-table preview (90/290) — no chart label,0.895,-1.002,AUTO,0,0,0,0,1,-60.5,,,,,,,-327,-1.0,100% SL 09:50,6.3,1.39,0.65,0.65,2.72,0.89,TREND-DOWN
2026-09-28,M8,UPL,SELL,SELL-EX1,201,09:30,570,544.75,,,0,0,sector CHEMICALS not bear-qualified (bull 6/bear 60),0.895,-0.955,CHEMICALS,0,0,0,0,0,-60.5,,,,,,,-585,-1.0,100% SL 13:15,0.3,1.26,0.3,0.3,-0.87,0.89,TREND-DOWN
2026-09-28,M8,VBL,SELL,SELL-EX3,203,09:30,570,427.2,,,0,0,"sector FMCG bear-qualified but outside top-2 (board LOGISTICS 89, GREEN 82)",0.895,-1.748,FMCG,0,0,0,0,0,-60.5,,,,,,,-370,-0.5,OPEN,0.17,0.66,0.17,0.17,-0.66,0.89,TREND-DOWN
2026-09-28,M8,VMM,SELL,SELL-EX3,203,09:35,575,102.51,,,0,0,sector CONSUMPTION not bear-qualified (bull 5/bear 63),0.895,-0.957,CONSUMPTION,0,0,0,0,0,-60.5,,,,,,,786,1.34,OPEN,1.58,0.28,0.09,0.24,1.66,0.89,TREND-DOWN
2026-09-28,M8,WAAREEENER,SELL,SELL-EX3,203,09:30,570,2469.1,,,0,0,lags own sector (stock -1.04% vs GREEN -1.78%),0.895,-1.038,GREEN,0,0,0,0,1,-60.5,,,,,,,240,0.41,OPEN,0.86,0.69,0.15,0.15,0.57,0.89,TREND-DOWN
2026-09-28,M8,WIPRO,SELL,SELL-EX8,208,09:40,580,162.16,,,0,0,"sector IT bear-qualified but outside top-2 (board LOGISTICS 89, GREEN 82)",0.895,-1.134,IT,0,0,1,0,0,-60.5,,,,,,,143,0.27,OPEN,0.52,0.58,0.26,0.43,0.37,0.89,TREND-DOWN
2026-09-28,M8,ZYDUSLIFE,BUY,BUY-EX,101,09:40,580,1218.6,,,0,0,sector PHA not bull-qualified (bull 8/bear 55),0.895,1.221,PHA,0,0,0,0,0,-60.5,,,,,,,-179,-0.2,OPEN,0.56,0.62,0.4,0.56,-0.3,0.89,TREND-DOWN
2026-09-28,M8,ASHOKLEY,SELL,SELL-EX5,205,11:20,680,156.25,,,0,0,"sector AUTO bear-qualified but outside top-2 (board LOGISTICS 93, GREEN 82)",0.895,-1.779,AUTO,0,0,0,0,1,-60.5,,,,,,,288,1.61,OPEN,2.33,0.47,0.2,0.23,0.66,0.89,TREND-DOWN
2026-09-28,M8,AXISBANK,SELL,SELL-EX15,215,10:40,640,1209.0,,,0,0,sector BANK not bear-qualified (bull 3/bear 77),0.895,-1.096,BANK,0,0,0,0,1,-60.5,,,,,,,-97,-0.07,100% trail 15:10,1.16,0.99,0.61,0.61,-0.07,0.89,TREND-DOWN
2026-09-28,M8,BAJFINANCE,SELL,SELL-EX1,201,10:35,635,976.1,,,0,0,sector FIN not bear-qualified (bull 4/bear 73),0.895,-2.086,FIN,0,0,0,0,1,-60.5,,,,,,,-496,-0.55,OPEN,0.09,0.55,0.09,0.09,-0.91,0.89,TREND-DOWN
2026-09-28,M8,BHARTIARTL,BUY,BUY-EX9,108,11:10,670,1775.9,,,0,0,sector TELECOM not bull-qualified (bull 4/bear 71),0.895,-0.532,TELECOM,0,1,0,1,1,-60.5,,,,,,,-157,-0.66,OPEN,1.23,0.77,0.45,0.45,-0.25,0.89,TREND-DOWN
2026-09-28,M8,BRITANNIA,SELL,NORMAL SELL,280,10:35,635,4875.5,,,0,0,sector FMCG not bear-qualified (bull 9/bear 58),0.895,-1.256,FMCG,0,0,0,0,0,-60.5,,,,,,,-366,-1.0,100% SL 13:55,0.23,1.41,0.23,0.23,-0.81,0.89,TREND-DOWN
2026-09-28,M8,COALINDIA,BUY,BUY-EX,101,10:30,630,428.55,,,0,0,sector ENE not bull-qualified (bull 3/bear 77),0.895,0.575,ENE,0,0,0,0,1,-60.5,,,,,,,-323,-1.0,100% SL 11:15,0.37,3.6,0.37,0.37,-1.41,0.89,TREND-DOWN
2026-09-28,M8,ETERNAL,SELL,SELL-EX1,201,10:45,645,330.55,,,0,0,"sector NEWAGE bear-qualified but outside top-2 (board LOGISTICS 93, GREEN 82)",0.895,-1.328,NEWAGE,0,0,0,0,1,-60.5,,,,,,,-102,-0.17,OPEN,0.76,0.53,0.15,0.15,-0.12,0.89,TREND-DOWN
2026-09-28,M8,FORCEMOT,SELL,SELL-EX2,202,11:10,670,17103.0,,,0,0,"sector AUTO bear-qualified but outside top-2 (board LOGISTICS 93, GREEN 82)",0.895,-1.639,AUTO,0,0,0,0,1,-60.5,,,,,,,-23,0.02,OPEN,0.38,0.94,0.25,0.25,0.02,0.89,TREND-DOWN
2026-09-28,M8,HCLTECH,SELL,NORMAL SELL,280,11:10,670,1242.8,,,0,0,sector IT not bear-qualified (bull 4/bear 68),0.895,-1.208,IT,0,0,1,0,0,-60.5,,,,,,,-446,-1.0,100% SL 13:05,0.11,2.68,0.11,0.11,-0.79,0.89,TREND-DOWN
2026-09-28,M8,HEROMOTOCO,SELL,NORMAL SELL,280,11:00,660,5317.5,,,0,0,"sector AUTO bear-qualified but outside top-2 (board LOGISTICS 93, GREEN 82)",0.895,-0.793,AUTO,0,0,0,0,1,-60.5,,,,,,,-365,-1.0,100% SL 12:10,0.35,2.33,0.35,0.35,-1.36,0.89,TREND-DOWN
2026-09-28,M8,HINDALCO,BUY,BUY-EX9,108,11:15,675,964.2,,,0,0,sector MET not bull-qualified (bull 7/bear 62),0.895,-1.31,MET,0,0,0,0,1,-60.5,,,,,,,-240,-1.0,100% SL 11:55,0.37,3.04,0.37,0.37,-0.86,0.89,TREND-DOWN
2026-09-28,M8,IEX,SELL,SELL-EX1,201,10:30,630,111.32,,,0,0,sector CAPMKTS not bear-qualified (bull 5/bear 68),0.895,-1.224,CAPMKTS,0,1,0,0,1,-60.5,,,,,,,-55,-0.02,OPEN,0.28,0.65,0.28,0.28,-0.03,0.89,TREND-DOWN
2026-09-28,M8,LTM,BUY,BUY-EX,101,11:00,660,4085.6,,,0,0,sector IT not bull-qualified (bull 4/bear 68),0.895,0.064,IT,0,0,1,0,0,-60.5,,,,,,,40,0.12,OPEN,0.96,0.42,0.25,0.42,0.14,0.89,TREND-DOWN
2026-09-28,M8,MOTHERSON,SELL,SELL-EX15,215,11:15,675,162.75,,,0,0,"sector AUTO bear-qualified but outside top-2 (board LOGISTICS 93, GREEN 82)",0.895,-1.786,AUTO,0,0,0,0,1,-60.5,,,,,,,75,0.24,OPEN,0.78,0.37,0.15,0.16,0.23,0.89,TREND-DOWN
2026-09-28,M8,NESTLEIND,BUY,BUY-EX9,108,11:15,675,1351.2,,,0,0,sector FMCG not bull-qualified (bull 9/bear 58),0.895,-0.837,FMCG,0,0,0,0,0,-60.5,,,,,,,9,0.74,100% trail 12:45,1.54,1.46,1.18,1.54,-0.38,0.89,TREND-DOWN
2026-09-28,M8,NUVAMA,BUY,BUY-EX9,108,11:05,665,1636.9,,,0,0,sector CAPMKTS not bull-qualified (bull 5/bear 68),0.895,-2.647,CAPMKTS,0,1,0,0,1,-60.5,,,,,,,-17,0.06,100% EOD 15:20,0.56,0.48,0.41,0.54,-0.53,0.89,TREND-DOWN
2026-09-28,M8,NYKAA,SELL,SELL-EX5,205,10:40,640,327.7,,,0,0,"sector NEWAGE bear-qualified but outside top-2 (board LOGISTICS 93, GREEN 82)",0.895,-1.798,NEWAGE,0,0,0,0,1,-60.5,,,,,,,214,0.62,100% trail 13:10,1.15,0.36,0.42,0.92,0.67,0.89,TREND-DOWN
2026-09-28,M8,PATANJALI,SELL,SELL-EX5,205,10:35,635,395.95,,,0,0,sector FMCG not bear-qualified (bull 9/bear 58),0.895,-1.98,FMCG,0,0,0,0,0,-60.5,,,,,,,607,1.59,OPEN,3.2,0.87,0.12,0.54,1.3,0.89,TREND-DOWN
2026-09-28,M8,SOLARINDS,SELL,NORMAL SELL,280,11:05,665,19430.0,,,0,0,"sector DEF bear-qualified but outside top-2 (board LOGISTICS 93, GREEN 82)",0.895,-1.595,DEF,0,0,0,0,1,-60.5,,,,,,,527,1.76,OPEN,2.86,0.31,0.79,1.04,1.44,0.89,TREND-DOWN
2026-09-28,M8,SUPREMEIND,SELL,SELL-EX2,202,10:30,630,3503.7,,,0,0,sector BUILDMAT not bear-qualified (bull 6/bear 69),0.895,-1.304,BUILDMAT,0,0,0,0,1,-60.5,,,,,,,-576,-1.0,100% SL 13:30,1.05,1.03,0.21,0.27,0.11,0.89,TREND-DOWN
2026-09-28,M8,TIINDIA,SELL,SELL-EX1,201,11:05,665,2485.5,,,0,0,"sector AUTO bear-qualified but outside top-2 (board LOGISTICS 93, GREEN 82)",0.895,-1.019,AUTO,0,0,0,0,1,-60.5,,,,,,,488,0.78,OPEN,1.23,0.22,0.48,0.78,1.07,0.89,TREND-DOWN
2026-09-28,M8,TVSMOTOR,SELL,SELL-EX1,201,11:05,665,4119.0,,,0,0,"sector AUTO bear-qualified but outside top-2 (board LOGISTICS 93, GREEN 82)",0.895,-0.921,AUTO,0,0,0,0,1,-60.5,,,,,,,288,0.94,100% trail 15:00,1.85,0.28,0.79,0.86,0.58,0.89,TREND-DOWN
2026-09-28,M8,UNOMINDA,SELL,SELL-EX1,201,10:45,645,1200.5,,,0,0,"sector AUTO bear-qualified but outside top-2 (board LOGISTICS 93, GREEN 82)",0.895,-1.437,AUTO,0,0,0,0,1,-60.5,,,,,,,286,0.66,100% trail 13:40,2.31,0.31,0.67,1.06,2.29,0.89,TREND-DOWN
2026-09-28,M8,ANGELONE,SELL,SELL-EX15,215,11:40,700,279.5,,,0,0,sector CAPMKTS not bear-qualified (bull 16/bear 40),0.895,-2.951,CAPMKTS,0,1,0,0,1,-60.5,,,,,,,-267,-1.0,100% trail 12:25,1.39,1.68,1.39,1.39,0.11,0.89,TREND-DOWN
2026-09-28,M8,APOLLOHOSP,SELL,SELL-EX1,201,11:50,710,8852.5,,,0,0,sector HOSPITALS not bear-qualified (bull 52/bear 10),0.895,-0.411,HOSPITALS,0,0,1,0,0,-60.5,,,,,,,-207,-1.0,100% SL 13:05,0.64,1.86,0.31,0.31,-0.08,0.89,TREND-DOWN
2026-09-28,M8,COALINDIA,SELL,SELL-EX6,206,11:50,710,425.0,,,0,0,sector ENE not bear-qualified (bull 3/bear 73),0.895,-0.258,ENE,0,0,0,0,1,-60.5,,,,,,,250,0.57,OPEN,0.87,0.38,0.05,0.05,0.59,0.89,TREND-DOWN
2026-09-28,M8,DIVISLAB,SELL,SELL-EX1,201,11:35,695,9573.0,,,0,0,sector PHA not bear-qualified (bull 10/bear 56),0.895,-0.483,PHA,0,0,0,0,0,-60.5,,,,,,,9,0.5,100% trail 13:35,1.71,0.45,0.77,1.34,0.24,0.89,TREND-DOWN
2026-09-28,M8,NAUKRI,SELL,SELL-EX15,215,11:45,705,1245.4,,,0,0,sector NEWAGE not bear-qualified (bull 2/bear 79),0.895,-0.749,NEWAGE,0,0,0,0,1,-60.5,,,,,,,-382,-0.57,OPEN,0.44,0.62,0.32,0.36,-0.68,0.89,TREND-DOWN
2026-09-28,M8,POWERINDIA,SELL,NORMAL SELL,280,11:30,690,30350.0,,,0,0,sector CAPGOODS not bear-qualified (bull 11/bear 51),0.895,-2.207,CAPGOODS,0,1,0,0,1,-60.5,,,,,,,-180,-1.0,100% SL 11:40,2.78,1.27,0.28,0.28,0.3,0.89,TREND-DOWN
