decision_id,symbol,side,signal,code,time,entry,sector,bar_dt,signal_age_min,score,accepted,model_reason,subtype,opening_breadth_coverage,taken,why,f_dir_prev_pct,f_dir_gap_pct,f_ema9_20_atr,f_ema20_50_atr,f_close_ema20_atr,f_close_vwap_atr,f_candle_clv,f_body_atr,f_range_atr,f_relvol20,f_clock_relvol,f_master_total_score,f_opening_breadth_dir,f_live_breadth_dir,f_sector_breadth_dir,f_prior_vix_return,f_video_setups,f_video_setup_count,f_s1,f_s2,f_s3,f_s4,f_market_adv_ratio,f_market_breadth_dir,f_dir_market_pct,f_market_regime,f_sector_adv_ratio,f_sector_breadth_prev_dir,f_dir_sector_pct,f_sector_leads_market,f_sector_lags_market,f_dir_stock_pct,f_stock_leads_sector,cf_net,cf_gross,cf_drag,cf_r,cf_exit,cf_win
CGPOWER|BUY|09:25|90,CGPOWER,BUY,ENTRY BUY,90,09:25,922.05,CAPGOODS,2026-09-09T09:25:00+05:30,1.385,81.66,False,not a real enabled chart master variant,MOMENTUM-EXTENDED,210,0,not a real enabled chart master variant,0.9967660292745428,-0.10405960833875794,0.73743188986669,0.7565437903197106,3.2050510203361005,1.1861465635744866,0.7299231050244585,1.7447809162252246,2.3903626343856588,2.227417585488095,5.231225616224088,95.0,0.3,0.3523809523809524,0.8,0.13474371196011692,,0,0,0,0,0,0.3523809523809524,0.3523809523809524,-0.33124573525492584,BEAR,0.8,0.8,0.8347084834790186,True,False,0.9967660292745428,True,-1111.75,-897.0,214.75,-1.0,SL 09:35,0
SUZLON|BUY|09:25|90,SUZLON,BUY,ENTRY BUY,90,09:25,46.08,GREEN,2026-09-09T09:25:00+05:30,2.136,79.7,False,not a real enabled chart master variant,MOMENTUM-EXTENDED,210,0,not a real enabled chart master variant,1.4754503102707206,0.5285216456138775,0.9282917696703769,0.544622840181776,4.872027225191388,2.3130656729686225,1.0,3.5504415637170093,3.5504415637170093,4.802636215800624,3.189430207954861,95.0,0.3,0.3523809523809524,1.0,0.13474371196011692,,0,0,0,0,0,0.3523809523809524,0.3523809523809524,-0.33124573525492584,BEAR,1.0,1.0,0.6796359612263769,True,False,1.4754503102707206,True,77.3,203.0,125.7,0.23,time exit 10:25,1
PAYTM|BUY|09:25|90,PAYTM,BUY,ENTRY BUY,90,09:25,1726.0,NEWAGE,2026-09-09T09:25:00+05:30,1.956,78.68,False,not a real enabled chart master variant,MOMENTUM-EXTENDED,210,0,not a real enabled chart master variant,3.8507821901323736,1.119132105050391,1.5546570109536373,1.4465552837535265,5.975426771518833,1.8436640624232274,0.7582464753779495,0.8848825584657435,1.1670117662263737,1.4815432126842918,3.3561459256537183,95.0,0.3,0.3523809523809524,0.4,0.13474371196011692,,0,0,0,0,0,0.3523809523809524,0.3523809523809524,-0.33124573525492584,BEAR,0.4,0.4,-0.9477899032522608,False,True,3.8507821901323736,True,-1170.25,-898.0,272.25,-1.0,SL 09:35,0
GVT&D|BUY|09:25|90,GVT&D,BUY,ENTRY BUY,90,09:25,4811.0,CAPGOODS,2026-09-09T09:25:00+05:30,1.545,75.84,False,not a real enabled chart master variant,MOMENTUM-CONTROLLED,210,0,not a real enabled chart master variant,1.1691992008673546,0.5803948820928273,0.6640249179980854,1.6991324042287228,2.175996997647333,0.4712242370823964,0.6266666666666667,-0.05337790048909401,2.0016712683410254,2.211534140588789,4.448846759821267,85.0,0.3,0.3523809523809524,0.8,0.13474371196011692,,0,0,0,0,0,0.3523809523809524,0.3523809523809524,-0.33124573525492584,BEAR,0.8,0.8,0.8347084834790186,True,False,1.1691992008673546,True,-1109.2,-880.0,229.2,-1.0,SL 09:30,0
ABB|BUY|09:25|90,ABB,BUY,ENTRY BUY,90,09:25,7454.5,CAPGOODS,2026-09-09T09:25:00+05:30,1.172,73.9,False,not a real enabled chart master variant,MOMENTUM-EXTENDED,210,0,not a real enabled chart master variant,0.6005398110661364,0.15519568151147745,0.41181496316562877,0.14362607970560878,2.8396697159146385,0.9477924985545915,0.6304347826086957,2.6222962252180193,4.159504357242375,4.162283669060038,3.603249574910259,95.0,0.3,0.3523809523809524,0.8,0.13474371196011692,,0,0,0,0,0,0.3523809523809524,0.3523809523809524,-0.33124573525492584,BEAR,0.8,0.8,0.8347084834790186,True,False,0.6005398110661364,False,-769.44,-610.0,159.44,-0.68,momentum failure 09:35,0
PREMIERENE|BUY|09:25|90,PREMIERENE,BUY,ENTRY BUY,90,09:25,992.7,GREEN,2026-09-09T09:25:00+05:30,2.031,70.14,False,not a real enabled chart master variant,MOMENTUM-EXTENDED,210,0,not a real enabled chart master variant,0.7817271276173932,0.4467029861992433,0.3948844395568145,0.016213499279316607,2.6405219403127442,0.797401270128236,0.74000244140625,1.6295536576937104,2.909929932169346,6.452507327893527,4.48204704911267,75.0,0.3,0.3523809523809524,1.0,0.13474371196011692,,0,0,0,0,0,0.3523809523809524,0.3523809523809524,-0.33124573525492584,BEAR,1.0,1.0,0.6796359612263769,True,False,0.7817271276173932,True,-426.44,-207.0,219.44,-0.23,momentum failure 09:35,0
NATIONALUM|BUY|09:25|90,NATIONALUM,BUY,ENTRY BUY,90,09:25,375.3,MET,2026-09-09T09:25:00+05:30,1.877,63.12,False,not a real enabled chart master variant,MOMENTUM-EXTENDED,210,0,not a real enabled chart master variant,1.4872904763531647,0.5678761960076883,0.8278182421848046,-0.26641192619527143,3.669535167330344,0.5230000284995886,0.360649176522383,0.8886051955802032,2.4639046847374506,3.288264896779761,2.0503903757218604,90.0,0.3,0.3523809523809524,1.0,0.13474371196011692,,0,0,0,0,0,0.3523809523809524,0.3523809523809524,-0.33124573525492584,BEAR,1.0,1.0,0.5868940922362009,True,False,1.4872904763531647,True,-1092.23,-782.0,310.23,-1.0,SL 09:30,0
CAMS|SELL|09:25|290,CAMS,SELL,ENTRY SELL,290,09:25,716.0,CAPMKTS,2026-09-09T09:25:00+05:30,1.368,60.91,False,not a real enabled chart master variant,MOMENTUM-EXTENDED,210,0,not a real enabled chart master variant,1.8842069201781442,-0.027408318880617344,1.870913685688682,1.6675026118055127,6.112252942632532,1.5712752241545487,1.0,1.2578944762716058,1.3137872484106274,3.303223210195773,3.525173611111111,15.0,0.7,0.6476190476190475,0.8333333333333334,0.13474371196011692,,0,0,0,0,0,0.3523809523809524,0.6476190476190475,0.33124573525492584,BEAR,0.16666666666666666,0.8333333333333334,0.9756196695922592,True,False,1.8842069201781442,True,-759.96,-524.0,235.96,-0.6,momentum failure 09:40,0
TCS|SELL|09:25|290,TCS,SELL,ENTRY SELL,290,09:25,2196.2,IT,2026-09-09T09:25:00+05:30,2.169,58.32,False,not a real enabled chart master variant,MOMENTUM-EXTENDED,210,0,not a real enabled chart master variant,2.904635660658439,1.1936867750877433,2.0602282380623755,1.374324473417251,7.150656476136869,1.4615174906421151,0.8602997935553361,1.5771474182099583,1.8332532798736667,2.860784002141077,2.7567093810444874,15.0,0.7,0.6476190476190475,1.0,0.13474371196011692,,0,0,0,0,0,0.3523809523809524,0.6476190476190475,0.33124573525492584,BEAR,0.0,1.0,2.52923716230139,True,False,2.904635660658439,True,-1117.14,-898.0,219.14,-1.0,SL 09:35,0
NMDC|BUY|09:25|90,NMDC,BUY,ENTRY BUY,90,09:25,84.97,MET,2026-09-09T09:25:00+05:30,1.904,55.32,False,not a real enabled chart master variant,MOMENTUM-EXTENDED,210,0,not a real enabled chart master variant,0.6753550764444505,0.21327049990702562,0.9891403840873927,0.4665449189612331,3.0341913280861705,0.7392962775447436,0.5238147138964577,0.6098495975066643,1.1642467867506545,2.0489980398098884,1.6865060492981787,100.0,0.3,0.3523809523809524,1.0,0.13474371196011692,,0,0,0,0,0,0.3523809523809524,0.3523809523809524,-0.33124573525492584,BEAR,1.0,1.0,0.5868940922362009,True,False,0.6753550764444505,True,-684.59,-374.0,310.59,-1.0,SL 09:30,0
VEDL|BUY|09:25|90,VEDL,BUY,ENTRY BUY,90,09:25,272.2,MET,2026-09-09T09:25:00+05:30,2.242,54.21,False,not a real enabled chart master variant,MOMENTUM-CONTROLLED,210,0,not a real enabled chart master variant,0.4984331080279514,-0.4615100505193537,0.6126534581097663,0.3456089287364271,1.9216468252085384,0.8999821625529445,0.3333333333333333,0.7036963935278729,2.111089180583619,2.680517013814638,1.5526352987965721,95.0,0.3,0.3523809523809524,1.0,0.13474371196011692,,0,0,0,0,0,0.3523809523809524,0.3523809523809524,-0.33124573525492584,BEAR,1.0,1.0,0.5868940922362009,True,False,0.4984331080279514,False,-819.38,-509.0,310.38,-1.0,SL 09:30,0
BHEL|BUY|09:25|90,BHEL,BUY,ENTRY BUY,90,09:25,428.35,CAPGOODS,2026-09-09T09:25:00+05:30,1.33,52.99,False,not a real enabled chart master variant,MOMENTUM-EXTENDED,210,0,not a real enabled chart master variant,0.8950697019922904,-0.4828613477592225,0.7468314732133646,0.33883968788503016,3.199876839665721,1.570618074783302,0.9464305177111717,2.0230190560800025,2.137525172975646,2.2048654534613745,1.3857048722203256,90.0,0.3,0.3523809523809524,0.8,0.13474371196011692,,0,0,0,0,0,0.3523809523809524,0.3523809523809524,-0.33124573525492584,BEAR,0.8,0.8,0.8347084834790186,True,False,0.8950697019922904,True,-1095.14,-900.0,195.14,-1.0,SL 10:00,0
HINDALCO|BUY|09:25|90,HINDALCO,BUY,ENTRY BUY,90,09:25,1018.5,MET,2026-09-09T09:25:00+05:30,1.588,50.03,False,not a real enabled chart master variant,MOMENTUM-EXTENDED,210,0,not a real enabled chart master variant,0.8415841584158423,0.5742562171256127,0.7023516580446103,-0.1637096260611426,3.604560275468063,1.2396324428809697,0.722220338408328,1.392334442632729,1.9278527183286451,2.0314166298241876,1.3959795385496443,85.0,0.3,0.3523809523809524,1.0,0.13474371196011692,,0,0,0,0,0,0.3523809523809524,0.3523809523809524,-0.33124573525492584,BEAR,1.0,1.0,0.5868940922362009,True,False,0.8415841584158423,True,-996.87,-687.0,309.87,-1.0,SL 09:30,0
HINDZINC|BUY|09:25|90,HINDZINC,BUY,ENTRY BUY,90,09:25,600.0,MET,2026-09-09T09:25:00+05:30,1.605,48.61,False,not a real enabled chart master variant,MOMENTUM-EXTENDED,210,0,not a real enabled chart master variant,0.9166617305404801,-0.025223005968422196,0.5153212198317317,-0.14531125012464616,2.6318530416813686,1.2345127431662508,0.7384690504807693,1.0613538279418044,2.1559078595500574,1.8642961417388437,1.184218761505044,85.0,0.3,0.3523809523809524,1.0,0.13474371196011692,,0,0,0,0,0,0.3523809523809524,0.3523809523809524,-0.33124573525492584,BEAR,1.0,1.0,0.5868940922362009,True,False,0.9166617305404801,True,-583.7,-375.0,208.7,-0.42,momentum failure 09:35,0
POWERINDIA|BUY|09:25|90,POWERINDIA,BUY,ENTRY BUY,90,09:25,31480.0,CAPGOODS,2026-09-09T09:25:00+05:30,2.024,47.93,False,not a real enabled chart master variant,MOMENTUM-EXTENDED,210,0,not a real enabled chart master variant,1.6139444803098701,0.7585539057456403,0.8385251372995641,-0.007167444192565248,3.1929118240993204,1.1221055148806651,0.9069767441860465,1.6036994634015878,1.8147125506912705,1.3731294195033712,1.693711967545639,65.0,0.3,0.3523809523809524,0.8,0.13474371196011692,,0,0,0,0,0,0.3523809523809524,0.3523809523809524,-0.33124573525492584,BEAR,0.8,0.8,0.8347084834790186,True,False,1.6139444803098701,True,-984.39,-805.0,179.39,-1.0,SL 09:35,0
LAURUSLABS|BUY|09:25|90,LAURUSLABS,BUY,ENTRY BUY,90,09:25,1953.0,PHA,2026-09-09T09:25:00+05:30,1.762,47.86,False,not a real enabled chart master variant,MOMENTUM-CONTROLLED,210,0,not a real enabled chart master variant,0.514668039114774,0.20072179176853222,0.524420620638401,1.9555796804498071,1.690353094095091,0.5963642351187676,0.7118679135976165,0.6195588249094218,1.2184455210580314,1.1344179416623923,0.9769019583918004,95.0,0.3,0.3523809523809524,0.7692307692307693,0.13474371196011692,,0,0,0,0,0,0.3523809523809524,0.3523809523809524,-0.33124573525492584,BEAR,0.7692307692307693,0.7692307692307693,0.42330281478673015,True,False,0.514668039114774,True,-897.42,-587.0,310.42,-1.0,SL 09:30,0
SIEMENS|BUY|09:25|90,SIEMENS,BUY,ENTRY BUY,90,09:25,3999.8999,CAPGOODS,2026-09-09T09:25:00+05:30,2.101,46.14,False,not a real enabled chart master variant,MOMENTUM-CONTROLLED,210,0,not a real enabled chart master variant,1.2120420633539908,-0.017711315077806322,0.30814940389813034,0.2161304446062081,2.4857306681102043,1.712011329303285,0.8945541512348242,2.0717774335437005,2.6254388973891576,1.1814619542936684,1.4120328167730174,70.0,0.3,0.3523809523809524,0.8,0.13474371196011692,,0,0,0,0,0,0.3523809523809524,0.3523809523809524,-0.33124573525492584,BEAR,0.8,0.8,0.8347084834790186,True,False,1.2120420633539908,True,-443.69,-297.0,146.69,-0.33,momentum failure 09:35,0
SUNPHARMA|BUY|09:25|90,SUNPHARMA,BUY,ENTRY BUY,90,09:25,1897.9,PHA,2026-09-09T09:25:00+05:30,2.123,46.07,False,not a real enabled chart master variant,MOMENTUM-EXTENDED,210,0,not a real enabled chart master variant,0.42330281478673015,0.17990498810203093,0.9321799819219057,0.1695040374540164,3.2537282373721554,0.5449612975686586,0.7931136086206171,0.5973320503043358,0.9623502996799204,0.27338851266616504,0.6505204718945177,95.0,0.3,0.3523809523809524,0.7692307692307693,0.13474371196011692,,0,0,0,0,0,0.3523809523809524,0.3523809523809524,-0.33124573525492584,BEAR,0.7692307692307693,0.7692307692307693,0.42330281478673015,True,False,0.42330281478673015,True,-660.18,-351.0,309.18,-1.0,SL 09:30,0
SAIL|BUY|09:25|90,SAIL,BUY,ENTRY BUY,90,09:25,187.87,MET,2026-09-09T09:25:00+05:30,2.069,35.88,False,not a real enabled chart master variant,MOMENTUM-CONTROLLED,210,0,not a real enabled chart master variant,0.7075808329327415,-0.3645177826031132,0.04016419201594013,-0.7627059960722439,1.5823245731105438,1.6895676071688963,0.8015864365728126,1.6111326034333129,2.333367383339866,0.9715252800872471,0.8592951182556263,65.0,0.3,0.3523809523809524,1.0,0.13474371196011692,,0,0,0,0,0,0.3523809523809524,0.3523809523809524,-0.33124573525492584,BEAR,1.0,1.0,0.5868940922362009,True,False,0.7075808329327415,True,-769.72,-601.0,168.72,-0.67,momentum failure 09:35,0
YESBANK|SELL|09:25|290,YESBANK,SELL,ENTRY SELL,290,09:25,22.44,BANK,2026-09-09T09:25:00+05:30,2.271,29.79,False,not a real enabled chart master variant,REVERSION-ALIGNMENT,210,0,not a real enabled chart master variant,0.08904074456914657,0.08904074456914657,-0.1452854566075363,-0.30967833642223414,0.7449706049099305,0.840018842387429,0.6999942779759294,1.0073301227848541,2.0146986727507104,1.885588950558525,1.932510099038199,30.0,0.7,0.6476190476190475,0.9090909090909091,0.13474371196011692,,0,0,0,0,0,0.3523809523809524,0.6476190476190475,0.33124573525492584,BEAR,0.09090909090909091,0.9090909090909091,0.4416343114038823,True,False,0.08904074456914657,False,-235.89,-0.0,235.89,-0.0,momentum failure 09:35,0
BHARATFORG|SELL|09:25|290,BHARATFORG,SELL,ENTRY SELL,290,09:25,1990.1,AUTO,2026-09-09T09:25:00+05:30,1.319,27.58,False,not a real enabled chart master variant,MOMENTUM-CONTROLLED,210,0,not a real enabled chart master variant,0.29559240551415567,0.01001759378130851,0.7309763671235592,-1.0372079228416915,2.1226975558815613,0.1873339965095312,0.3666788736979167,0.3581829767109911,0.9768301432224732,0.44397345283747497,1.659148879044167,15.0,0.7,0.6476190476190475,0.9411764705882353,0.13474371196011692,,0,0,0,0,0,0.3523809523809524,0.6476190476190475,0.33124573525492584,BEAR,0.058823529411764705,0.9411764705882353,0.6017080745341574,True,False,0.29559240551415567,False,-634.78,-325.0,309.78,-1.0,SL 09:30,0
BAJFINANCE|SELL|09:25|290,BAJFINANCE,SELL,ENTRY SELL,290,09:25,1046.2,FIN,2026-09-09T09:25:00+05:30,1.287,25.47,False,not a real enabled chart master variant,MOMENTUM-EXTENDED,210,0,not a real enabled chart master variant,0.8529189174056429,0.7391894540129673,0.9167870928187012,0.5554887331464919,3.162125599427046,0.5198550581517067,0.6250254323499491,0.5968667979198381,1.1018217133431003,0.5121581940190473,0.5200066753103377,20.0,0.7,0.6476190476190475,0.9375,0.13474371196011692,,0,0,0,0,0,0.3523809523809524,0.6476190476190475,0.33124573525492584,BEAR,0.0625,0.9375,0.5287715737668175,True,False,0.8529189174056429,True,3.33,262.0,258.67,0.64,60% book +0.75R 09:30 · runner stop 09:35,1
SWIGGY|SELL|09:25|290,SWIGGY,SELL,ENTRY SELL,290,09:25,273.5,NEWAGE,2026-09-09T09:25:00+05:30,2.142,25.04,False,not a real enabled chart master variant,MOMENTUM-EXTENDED,210,0,not a real enabled chart master variant,1.2635379061371799,1.0469292045069967,0.7871878074963577,0.8570439271834484,2.792359186021575,0.8815775987360805,0.8125047684443427,0.6344269980998454,1.0150677080193693,0.8776592446036205,1.1249769479755554,15.0,0.7,0.6476190476190475,0.6,0.13474371196011692,,0,0,0,0,0,0.3523809523809524,0.6476190476190475,0.33124573525492584,BEAR,0.4,0.6,0.9477899032522608,True,False,1.2635379061371799,True,-601.98,-366.0,235.98,-0.57,momentum failure 09:40,0
VMM|SELL|09:25|290,VMM,SELL,ENTRY SELL,290,09:25,103.18,CONSUMPTION,2026-09-09T09:25:00+05:30,2.249,24.74,False,not a real enabled chart master variant,MOMENTUM-EXTENDED,210,0,not a real enabled chart master variant,0.8266057312416031,0.04806137189330428,0.7105484225373502,9.238532839225054e-05,2.6085697201469538,0.5741798054666183,0.5151431081518473,0.6506447283778697,1.2630368495312978,0.5704197383526214,0.7618833977165139,15.0,0.7,0.6476190476190475,1.0,0.13474371196011692,,0,0,0,0,0,0.3523809523809524,0.6476190476190475,0.33124573525492584,BEAR,0.0,1.0,0.6559679979946553,True,False,0.8266057312416031,True,-308.85,-73.0,235.85,-0.16,momentum failure 09:35,0
LTF|SELL|09:25|290,LTF,SELL,ENTRY SELL,290,09:25,307.55,FIN,2026-09-09T09:25:00+05:30,1.789,24.32,False,not a real enabled chart master variant,MOMENTUM-CONTROLLED,210,0,not a real enabled chart master variant,0.3725378583047223,0.2915530866448135,0.6556926159244307,1.1854866737222425,2.490952020615262,1.395412464573542,0.7142888283378747,1.6606048679428371,2.3248366795922135,1.820081096274914,0.6933633056646187,15.0,0.7,0.6476190476190475,0.9375,0.13474371196011692,,0,0,0,0,0,0.3523809523809524,0.6476190476190475,0.33124573525492584,BEAR,0.0625,0.9375,0.5287715737668175,True,False,0.3725378583047223,False,-1173.11,-862.0,311.11,-1.0,SL 09:35,0
BLUESTARCO|BUY|09:25|90,BLUESTARCO,BUY,ENTRY BUY,90,09:25,1458.8,CDUR,2026-09-09T09:25:00+05:30,1.342,23.94,False,not a real enabled chart master variant,REVERSION-ALIGNMENT,210,0,not a real enabled chart master variant,0.12354487495709332,0.8922443376801592,-0.49011551666331976,-1.3134658800827101,-0.4008127858696468,0.21494705119076207,0.971435546875,1.002686967895967,1.43240281724487,0.3647188023813653,1.4728912466843502,63.0,0.3,0.3523809523809524,0.4444444444444444,0.13474371196011692,,0,0,0,0,0,0.3523809523809524,0.3523809523809524,-0.33124573525492584,BEAR,0.4444444444444444,0.4444444444444444,-0.2977775677582173,True,False,0.12354487495709332,True,-777.65,-592.0,185.65,-0.66,momentum failure 09:40,0
SUPREMEIND|SELL|09:25|290,SUPREMEIND,SELL,ENTRY SELL,290,09:25,3545.0,BUILDMAT,2026-09-09T09:25:00+05:30,2.13,23.23,False,not a real enabled chart master variant,MOMENTUM-CONTROLLED,210,0,not a real enabled chart master variant,0.3625706933253592,0.13771894876868362,0.4542703384986131,0.5048557123942521,1.840584609471513,0.7406251695145752,0.5519515520466723,1.0953362477165267,2.032285785024063,0.280309276053388,0.37755102040816324,5.0,0.7,0.6476190476190475,1.0,0.13474371196011692,,0,0,0,0,0,0.3523809523809524,0.6476190476190475,0.33124573525492584,BEAR,0.0,1.0,0.19464035457050777,False,True,0.3625706933253592,True,511.1,769.0,257.9,1.19,60% book +0.75R 09:30 · runner stop 09:40,1
HAVELLS|SELL|09:25|290,HAVELLS,SELL,ENTRY SELL,290,09:25,1138.4,CDUR,2026-09-09T09:25:00+05:30,1.556,16.92,False,not a real enabled chart master variant,MOMENTUM-CONTROLLED,210,0,not a real enabled chart master variant,0.2977775677582173,0.16640605472145742,0.10022480063406303,0.3953757709188255,0.671220818356366,0.203107708848204,0.26085341258889716,-0.5762780173602123,1.3254675785035548,0.47110954434406205,1.4395941629611073,25.0,0.7,0.6476190476190475,0.5555555555555556,0.13474371196011692,,0,0,0,0,0,0.3523809523809524,0.6476190476190475,0.33124573525492584,BEAR,0.4444444444444444,0.5555555555555556,0.2977775677582173,False,True,0.2977775677582173,True,95.11,354.0,258.89,1.95,60% book +0.75R 09:30 · runner stop 09:35,1
NHPC|BUY|09:30|101,NHPC,BUY,BUY-EX,101,09:30,77.64,ENE,2026-09-09T09:30:00+05:30,12.968,95.42,False,outside 09:45-12:00,MOMENTUM-EXTENDED,210,0,outside 09:45-12:00,2.427435704236358,0.22427198166368179,1.8719952593057376,1.4391653675890992,6.837749767436175,2.6566590339125424,1.0,3.3228695696392343,3.449049209298727,4.506861513952417,11.067313239504076,100.0,0.3,0.3238095238095238,0.8888888888888888,0.1347,,0,0,0,0,0,0.3238095238095238,0.3238095238095238,-0.3480310606898185,BEAR,0.8888888888888888,0.8888888888888888,1.3205056258043912,True,False,2.427435704236358,True,-142.3,-32.0,110.3,-0.04,momentum failure 09:45,0
JSWENERGY|BUY|09:30|101,JSWENERGY,BUY,BUY-EX,101,09:30,538.6,ENE,2026-09-09T09:30:00+05:30,12.429,94.91,False,outside 09:45-12:00,MOMENTUM-EXTENDED,210,0,outside 09:45-12:00,2.561163581184589,0.2856326630992001,1.9960690377758021,0.7809666441389036,6.679722672295234,2.4733093668536217,0.774993896484375,0.7019391614008669,1.27628134728574,2.039792461261293,6.159749257670736,100.0,0.3,0.3238095238095238,0.8888888888888888,0.1347,,0,0,0,0,0,0.3238095238095238,0.3238095238095238,-0.3480310606898185,BEAR,0.8888888888888888,0.8888888888888888,1.3205056258043912,True,False,2.561163581184589,True,448.22,708.0,259.78,0.92,60% book +0.75R 09:35 · breadth flip 09:35,1
TATAPOWER|BUY|09:30|101,TATAPOWER,BUY,BUY-EX,101,09:30,370.3,ENE,2026-09-09T09:30:00+05:30,13.702,89.34,False,outside 09:45-12:00,MOMENTUM-EXTENDED,210,0,outside 09:45-12:00,1.7028238356278536,0.013729138184781498,0.8555165866792201,0.8005761898147431,3.821177520606476,1.867912443614866,0.8550716945749188,2.537596154681023,2.967699867486008,2.993948865373395,6.594813614262561,100.0,0.3,0.3238095238095238,0.8888888888888888,0.1347,,0,0,0,0,0,0.3238095238095238,0.3238095238095238,-0.3480310606898185,BEAR,0.8888888888888888,0.8888888888888888,1.3205056258043912,True,False,1.7028238356278536,True,429.97,576.0,146.03,0.64,60% book +0.75R 09:40 · breadth flip 09:40,1
SUZLON|BUY|09:30|101,SUZLON,BUY,BUY-EX,101,09:30,46.13,GREEN,2026-09-09T09:30:00+05:30,13.641,84.97,False,outside 09:45-12:00,MOMENTUM-EXTENDED,210,0,outside 09:45-12:00,1.5855565362750346,0.5285216456138775,1.1711423927053892,0.739848616065244,4.339692018675301,1.5767158410008475,0.17856948228882835,0.4098293544754151,2.2950693994427,3.49392815002124,4.361038980613946,100.0,0.3,0.3238095238095238,1.0,0.1347,,0,0,0,0,0,0.3238095238095238,0.3238095238095238,-0.3480310606898185,BEAR,1.0,1.0,0.6073397114428669,True,False,1.5855565362750346,True,166.31,426.0,259.69,1.33,60% book +0.75R 09:35 · breadth flip 09:35,1
NTPC|BUY|09:30|101,NTPC,BUY,BUY-EX,101,09:30,335.95,ENE,2026-09-09T09:30:00+05:30,12.999,84.3,False,outside 09:45-12:00,MOMENTUM-EXTENDED,210,0,outside 09:45-12:00,1.03759765625,-0.3458628260103347,1.0344755771132477,1.1412287600544417,4.0158577679219745,2.0931922341117586,0.9655259502462432,1.4689837104320425,1.9363931756822879,2.0572572773008284,4.8611487871810235,100.0,0.3,0.3238095238095238,0.8888888888888888,0.1347,,0,0,0,0,0,0.3238095238095238,0.3238095238095238,-0.3480310606898185,BEAR,0.8888888888888888,0.8888888888888888,1.3205056258043912,True,False,1.03759765625,False,-110.69,92.0,202.69,0.1,time exit 10:30,0
ADANIENT|BUY|09:30|101,ADANIENT,BUY,BUY-EX,101,09:30,3000.8,INFRA,2026-09-09T09:30:00+05:30,10.881,83.45,False,outside 09:45-12:00,MOMENTUM-EXTENDED,210,0,outside 09:45-12:00,1.5842941377158137,-0.027083575765907142,1.5229732187912182,1.0728987992426078,4.464596813224106,1.7247217552640155,0.7972979660513684,1.0286589475236305,1.8342304926267026,2.710225298992606,4.334424603174603,100.0,0.3,0.3238095238095238,0.6666666666666666,0.1347,,0,0,0,0,0,0.3238095238095238,0.3238095238095238,-0.3480310606898185,BEAR,0.6666666666666666,0.6666666666666666,0.9842197532364816,True,False,1.5842941377158137,True,794.62,1029.0,234.38,1.15,60% book +0.75R 09:35 · breadth flip 09:35,1
FORTIS|BUY|09:30|101,FORTIS,BUY,BUY-EX,101,09:30,916.65,HOSPITALS,2026-09-09T09:30:00+05:30,11.811,75.32,False,outside 09:45-12:00,MOMENTUM-EXTENDED,210,0,outside 09:45-12:00,1.2649151626847877,0.05523641109779209,0.6792352890237919,0.3012327836713078,3.4471053980284516,1.5573815246928415,0.9534995954635136,0.7192278894833113,1.7672406543662373,2.076588796275655,2.9452634172381225,100.0,0.3,0.3238095238095238,1.0,0.1347,,0,0,0,0,0,0.3238095238095238,0.3238095238095238,-0.3480310606898185,BEAR,1.0,1.0,1.5624112266348522,True,False,1.2649151626847877,False,-1148.54,-899.0,249.54,-1.0,SL 09:40,0
NUVAMA|SELL|09:30|201,NUVAMA,SELL,SELL-EX1,201,09:30,1796.0,CAPMKTS,2026-09-09T09:30:00+05:30,13.015,69.25,False,outside 09:45-12:00,MOMENTUM-EXTENDED,210,0,outside 09:45-12:00,2.332917714095517,0.5927469829435483,1.2742714309309284,0.5014528012988039,5.133809309447087,1.5223912316002661,0.9226504805260496,2.581417649742903,2.8489955415792374,5.332687859717067,4.180300219261258,10.0,0.7,0.6761904761904762,0.8333333333333334,0.1347,,0,0,0,0,0,0.3238095238095238,0.6761904761904762,0.3480310606898185,BEAR,0.16666666666666666,0.8333333333333334,0.8573941223321946,True,False,2.332917714095517,True,-221.72,-104.0,117.72,-0.12,momentum failure 09:45,0
PERSISTENT|SELL|09:30|213,PERSISTENT,SELL,SELL-EX12,213,09:30,5412.5,IT,2026-09-09T09:30:00+05:30,13.152,68.27,False,outside 09:45-12:00,MOMENTUM-EXTENDED,210,0,outside 09:45-12:00,2.871242709735311,2.6020637056976215,2.007005590815937,1.0999500825268462,5.770497431350732,0.8479381062758465,0.5555555555555556,0.6165688966171603,1.4939938648800424,4.454039691106868,4.039536853996046,15.0,0.7,0.6761904761904762,1.0,0.1347,,0,0,0,0,0,0.3238095238095238,0.6761904761904762,0.3480310606898185,BEAR,0.0,1.0,2.539634627294168,True,False,2.871242709735311,True,-1165.31,-855.0,310.31,-1.0,SL 09:35,0
POWERGRID|BUY|09:30|101,POWERGRID,BUY,BUY-EX,101,09:30,268.55,ENE,2026-09-09T09:30:00+05:30,13.323,65.73,False,outside 09:45-12:00,MOMENTUM-EXTENDED,210,0,outside 09:45-12:00,1.3205056258043912,-0.07545055599449402,0.7917926179202306,0.7056881389277557,3.5107601275691502,1.5487935674228128,0.8636149257872104,1.5371761381980285,1.7799323428747449,1.3448237698961407,2.7721857872429316,80.0,0.3,0.3238095238095238,0.8888888888888888,0.1347,,0,0,0,0,0,0.3238095238095238,0.3238095238095238,-0.3480310606898185,BEAR,0.8888888888888888,0.8888888888888888,1.3205056258043912,True,False,1.3205056258043912,True,-1199.3,-899.0,300.3,-1.0,SL 09:40,0
ADANIGREEN|BUY|09:30|101,ADANIGREEN,BUY,BUY-EX,101,09:30,1308.2,GREEN,2026-09-09T09:30:00+05:30,10.897,61.26,False,outside 09:45-12:00,MOMENTUM-EXTENDED,210,0,outside 09:45-12:00,1.0349012850190853,-0.3166587505121665,0.8864113896400473,0.9543097886047849,2.9727629457222418,1.838510508152278,0.7792133673647331,1.1562280760650998,2.1197962800125105,2.461092582692678,1.7734410137077377,100.0,0.3,0.3238095238095238,1.0,0.1347,,0,0,0,0,0,0.3238095238095238,0.3238095238095238,-0.3480310606898185,BEAR,1.0,1.0,0.6073397114428669,True,False,1.0349012850190853,True,720.54,933.0,212.46,1.04,59% book +0.75R 09:35 · breadth flip 09:35,1
KALYANKJIL|SELL|09:30|201,KALYANKJIL,SELL,SELL-EX1,201,09:30,608.55,CDUR,2026-09-09T09:30:00+05:30,12.476,44.82,False,outside 09:45-12:00,MOMENTUM-CONTROLLED,210,0,outside 09:45-12:00,1.2895396929491043,0.9732360097323589,0.09425849178114823,-1.116573127445589,2.1642798340293945,1.8874049806340354,0.9537039130139928,1.5613777112474456,2.248394069415796,1.820237127794795,2.380671997705024,15.0,0.7,0.6761904761904762,0.7777777777777778,0.1347,,0,0,0,0,0,0.3238095238095238,0.6761904761904762,0.3480310606898185,BEAR,0.2222222222222222,0.7777777777777778,0.5156913329222745,True,False,1.2895396929491043,True,-363.35,-238.0,125.35,-0.27,momentum failure 09:45,0
FORCEMOT|SELL|09:30|202,FORCEMOT,SELL,SELL-EX2,202,09:30,17499.0,AUTO,2026-09-09T09:30:00+05:30,11.795,40.63,False,outside 09:45-12:00,MOMENTUM-EXTENDED,210,0,outside 09:45-12:00,0.7599387512051248,0.49906425452277414,0.8503739883210837,0.8054106001879012,3.2295333233063896,1.4504242737096242,0.9705882352941176,1.7613925996897097,3.685375285504623,4.656786755131146,2.354970210097209,15.0,0.7,0.6761904761904762,0.9411764705882353,0.1347,,0,0,0,0,0,0.3238095238095238,0.6761904761904762,0.3480310606898185,BEAR,0.058823529411764705,0.9411764705882353,0.6213770837537047,True,False,0.7599387512051248,True,35.59,162.0,126.41,0.2,momentum failure 09:45,1
HAVELLS|SELL|09:30|203,HAVELLS,SELL,SELL-EX3,203,09:30,1135.2,CDUR,2026-09-09T09:30:00+05:30,11.968,35.99,False,outside 09:45-12:00,MOMENTUM-CONTROLLED,210,0,outside 09:45-12:00,0.5780432101946342,0.16640605472145742,0.3132062475379993,0.47459138885560426,2.0739245352663027,1.311072752849508,0.8292791853991127,1.7855575208533665,2.1531440222921057,0.739651805886382,2.111234315728042,10.0,0.7,0.6761904761904762,0.7777777777777778,0.1347,,0,0,0,0,0,0.3238095238095238,0.6761904761904762,0.3480310606898185,BEAR,0.2222222222222222,0.7777777777777778,0.5156913329222745,True,False,0.5780432101946342,True,-543.79,-308.0,235.79,-0.39,momentum failure 09:40,0
IOC|BUY|09:30|102,IOC,BUY,BUY-EX17,102,09:30,134.57,OIL,2026-09-09T09:30:00+05:30,12.337,35.13,False,outside 09:45-12:00,MOMENTUM-CONTROLLED,210,0,outside 09:45-12:00,0.4253786001632509,-0.35820576682019656,0.2656936874599599,-0.5196242511875437,1.4930416150153094,1.4321228287143737,0.8723459515615869,1.3218306870372079,1.5152597254231512,1.308696757060983,1.4455405993423072,65.0,0.3,0.3238095238095238,0.7142857142857143,0.1347,,0,0,0,0,0,0.3238095238095238,0.3238095238095238,-0.3480310606898185,BEAR,0.7142857142857143,0.7142857142857143,0.42024593182659054,True,False,0.4253786001632509,True,-1121.16,-811.0,310.16,-1.0,SL 10:00,0
BAJFINANCE|SELL|09:30|203,BAJFINANCE,SELL,SELL-EX3,203,09:30,1044.5,FIN,2026-09-09T09:30:00+05:30,11.176,30.17,False,outside 09:45-12:00,MOMENTUM-EXTENDED,210,0,outside 09:45-12:00,1.0140211966454316,0.7391894540129673,1.1570149125295064,0.7615233336383409,3.5999378970374827,1.0787385990680614,1.0,0.8340285364649107,0.8803508863472355,0.825848184540804,1.1056794745429999,20.0,0.7,0.6761904761904762,0.875,0.1347,,0,0,0,0,0,0.3238095238095238,0.6761904761904762,0.3480310606898185,BEAR,0.125,0.875,0.5402517909685489,True,False,1.0140211966454316,True,-129.19,130.0,259.19,0.26,60% book +0.75R 09:35 · runner stop 09:40,0
MARICO|SELL|09:30|209,MARICO,SELL,SELL-EX8,209,09:30,813.6,FMCG,2026-09-09T09:30:00+05:30,12.736,30.17,False,outside 09:45-12:00,MOMENTUM-EXTENDED,210,0,outside 09:45-12:00,1.2261790058775923,0.2428068435547548,0.9248587092243534,-0.18821443550453082,2.843520533835194,1.026256687668908,0.8333333333333334,0.13864169290419517,0.8318501574251711,0.8764820781794203,1.1845891818875902,15.0,0.7,0.6761904761904762,1.0,0.1347,,0,0,0,0,0,0.3238095238095238,0.6761904761904762,0.3480310606898185,BEAR,0.0,1.0,0.5369221267515933,True,False,1.2261790058775923,True,-744.91,-434.0,310.91,-1.0,SL 09:40,0
SBICARD|SELL|09:30|201,SBICARD,SELL,SELL-EX1,201,09:30,660.9,FIN,2026-09-09T09:30:00+05:30,13.473,29.66,False,outside 09:45-12:00,MOMENTUM-EXTENDED,210,0,outside 09:45-12:00,0.9145390683564458,0.25487439385776245,0.4840799640051346,0.2775388853853595,2.6856725275859774,0.9961958380241377,0.9268169232143388,1.199319157214493,1.4462707357950302,1.2926470147286957,1.133953539884265,15.0,0.7,0.6761904761904762,0.875,0.1347,,0,0,0,0,0,0.3238095238095238,0.6761904761904762,0.3480310606898185,BEAR,0.125,0.875,0.5402517909685489,True,False,0.9145390683564458,True,259.77,519.0,259.23,0.68,60% book +0.75R 09:40 · runner stop 09:50,1
SUPREMEIND|SELL|09:30|209,SUPREMEIND,SELL,SELL-EX8,209,09:30,3531.3999,BUILDMAT,2026-09-09T09:30:00+05:30,13.625,29.25,False,outside 09:45-12:00,MOMENTUM-EXTENDED,210,0,outside 09:45-12:00,0.744821403843976,0.13771894876868362,0.6628910787153556,0.6134196642610451,2.9295227391772225,1.3482845861928519,1.0,2.3743139781064846,2.4213181634598615,2.269915111985037,1.2295103260163658,5.0,0.7,0.6761904761904762,1.0,0.1347,,0,0,0,0,0,0.3238095238095238,0.6761904761904762,0.3480310606898185,BEAR,0.0,1.0,0.4592386364240697,True,False,0.744821403843976,True,582.93,763.0,180.07,0.85,60% book +0.75R 09:55 · runner stop 10:05,1
POLICYBZR|SELL|09:30|290,POLICYBZR,SELL,ENTRY SELL,290,09:30,1794.1,INSURANCE,2026-09-09T09:30:00+05:30,13.291,28.25,False,not a real enabled chart master variant,MOMENTUM-EXTENDED,210,0,not a real enabled chart master variant,1.5312856429232968,0.976951088261524,1.1427571626430262,0.44191066089080533,3.138227768105839,0.011645239664904897,0.19048633985661695,-0.20962983063385496,1.0159635232428637,0.4661158629318435,0.7115337120276611,30.0,0.7,0.6761904761904762,1.0,0.1347,,0,0,0,0,0,0.3238095238095238,0.6761904761904762,0.3480310606898185,BEAR,0.0,1.0,0.9252347959512242,True,False,1.5312856429232968,True,-527.37,-217.0,310.37,-1.0,SL 09:35,0
TRENT|SELL|09:30|201,TRENT,SELL,SELL-EX1,201,09:30,2783.3999,CONSUMPTION,2026-09-09T09:30:00+05:30,13.826,26.62,False,outside 09:45-12:00,MOMENTUM-CONTROLLED,210,0,outside 09:45-12:00,0.7700569574420668,0.4919803503787845,0.3545456710963368,0.03972618966837791,1.7664585394257122,1.1266266161645984,1.0,0.5478099702045429,0.6695496468870525,0.5681253866057971,0.8146667499531514,15.0,0.7,0.6761904761904762,0.8,0.1347,,0,0,0,0,0,0.3238095238095238,0.6761904761904762,0.3480310606898185,BEAR,0.2,0.8,0.7700569574420668,True,False,0.7700569574420668,True,-749.75,-441.0,308.75,-1.0,SL 09:35,0
DIVISLAB|SELL|09:30|201,DIVISLAB,SELL,SELL-EX1,201,09:30,9495.0,PHA,2026-09-09T09:30:00+05:30,11.654,24.73,False,outside 09:45-12:00,MOMENTUM-CONTROLLED,210,0,outside 09:45-12:00,0.8147916013788836,0.09401441554371948,-0.16408438232271105,-1.2750919843735693,1.7621294078368137,2.4517400646002057,0.9361702127659575,1.9103033324671448,2.040551286953541,0.8781162683449529,1.5716135296973621,15.0,0.7,0.6761904761904762,0.3076923076923077,0.1347,,0,0,0,0,0,0.3238095238095238,0.6761904761904762,0.3480310606898185,BEAR,0.6923076923076923,0.3076923076923077,-0.0823456297446068,False,True,0.8147916013788836,True,-1109.99,-872.0,237.99,-1.0,SL 09:40,0
IREDA|BUY|09:30|90,IREDA,BUY,ENTRY BUY,90,09:30,112.15,FIN,2026-09-09T09:30:00+05:30,12.353,23.62,False,not a real enabled chart master variant,REVERSION-ALIGNMENT,210,0,not a real enabled chart master variant,0.0,-0.15158106699274532,-0.0423480158041946,-0.39182898548032846,0.5755380956478465,1.0337051895642606,0.8718064087014359,1.761279102190565,2.020263999680855,1.467606984259173,1.2243591449942768,69.0,0.3,0.3238095238095238,0.125,0.1347,,0,0,0,0,0,0.3238095238095238,0.3238095238095238,-0.3480310606898185,BEAR,0.125,0.125,-0.5402517909685489,False,True,0.0,True,-1118.25,-808.0,310.25,-1.0,SL 10:00,0
PHOENIXLTD|SELL|09:30|290,PHOENIXLTD,SELL,ENTRY SELL,290,09:30,1878.7,REALTY,2026-09-09T09:30:00+05:30,13.214,23.22,False,not a real enabled chart master variant,MOMENTUM-CONTROLLED,210,0,not a real enabled chart master variant,0.534736202623276,0.1429517774452993,0.842035816603582,1.2253746922708744,2.378084526524763,1.191527968211937,0.512833354200576,0.4344613095087494,0.9966374607729968,0.3480863657765521,0.5938037865748709,15.0,0.7,0.6761904761904762,1.0,0.1347,,0,0,0,0,0,0.3238095238095238,0.6761904761904762,0.3480310606898185,BEAR,0.0,1.0,0.5067730937276582,True,False,0.534736202623276,True,-134.37,125.0,259.37,0.39,59% book +0.75R 09:35 · runner stop 09:40,0
CHOLAFIN|SELL|09:30|290,CHOLAFIN,SELL,ENTRY SELL,290,09:30,1817.9,FIN,2026-09-09T09:30:00+05:30,11.466,23.05,False,not a real enabled chart master variant,MOMENTUM-CONTROLLED,210,0,not a real enabled chart master variant,0.5633916985508192,0.26254933191174334,0.5610036454656825,-0.07490822544057053,1.6263273192152892,0.28892826455366427,0.523803987676568,0.28745774500142973,1.0975775357362325,0.44472086749644146,0.6896686924132523,15.0,0.7,0.6761904761904762,0.875,0.1347,,0,0,0,0,0,0.3238095238095238,0.6761904761904762,0.3480310606898185,BEAR,0.125,0.875,0.5402517909685489,True,False,0.5633916985508192,True,-661.1,-351.0,310.1,-1.0,SL 09:35,0
TITAN|SELL|09:30|203,TITAN,SELL,SELL-EX3,203,09:30,4973.5,CDUR,2026-09-09T09:30:00+05:30,13.779,22.22,False,outside 09:45-12:00,MOMENTUM-CONTROLLED,210,0,outside 09:45-12:00,0.19064820389324,-0.3110575958258144,0.5238572221328734,0.2785648169011122,1.9758792500244289,1.5123775669936221,1.0,1.5945909864664172,1.6559214090228178,0.4088116924380428,0.36453530359424474,15.0,0.7,0.6761904761904762,0.7777777777777778,0.1347,,0,0,0,0,0,0.3238095238095238,0.6761904761904762,0.3480310606898185,BEAR,0.2222222222222222,0.7777777777777778,0.5156913329222745,True,False,0.19064820389324,False,-434.96,-200.0,234.96,-0.28,momentum failure 09:45,0
GLENMARK|SELL|09:30|201,GLENMARK,SELL,SELL-EX1,201,09:30,2457.0,PHA,2026-09-09T09:30:00+05:30,11.844,16.97,False,outside 09:45-12:00,MOMENTUM-CONTROLLED,210,0,outside 09:45-12:00,0.5585255202933292,-0.44114870197284883,0.43127006848282695,0.12817520121863563,2.4462591855602103,1.8455836902408882,1.0,1.9798033806026796,2.0277100227519353,0.5944720074706036,0.7240232108317215,10.0,0.7,0.6761904761904762,0.3076923076923077,0.1347,,0,0,0,0,0,0.3238095238095238,0.6761904761904762,0.3480310606898185,BEAR,0.6923076923076923,0.3076923076923077,-0.0823456297446068,False,True,0.5585255202933292,True,-499.4,-326.0,173.4,-0.36,momentum failure 09:40,0
COCHINSHIP|SELL|09:30|209,COCHINSHIP,SELL,SELL-EX8,209,09:30,1520.0,DEF,2026-09-09T09:30:00+05:30,11.514,16.08,False,outside 09:45-12:00,MOMENTUM-CONTROLLED,210,0,outside 09:45-12:00,0.42581067802162087,-0.14411733847854435,0.010917109614662582,-0.3229304285116818,1.0727786021512915,1.2239529195448162,0.7317116741596451,0.5415178652048259,1.2334165562616632,0.8722400759144481,1.0781842759342433,20.0,0.7,0.6761904761904762,0.5,0.1347,,0,0,0,0,0,0.3238095238095238,0.6761904761904762,0.3480310606898185,BEAR,0.5,0.5,-0.016861611518320663,False,True,0.42581067802162087,True,64.13,323.0,258.87,0.6,60% book +0.75R 09:35 · runner stop 09:40,1
APLAPOLLO|SELL|09:30|201,APLAPOLLO,SELL,SELL-EX1,201,09:30,2174.1001,MET,2026-09-09T09:30:00+05:30,11.007,15.3,False,outside 09:45-12:00,MOMENTUM-CONTROLLED,210,0,outside 09:45-12:00,0.2797841322923711,-0.07797225988199763,0.27882325679683373,0.5791482328370419,1.2680676844497518,0.8911412121442832,0.8709588501673557,1.285215779731889,1.4756331823081348,0.9347801216217405,1.07385128645807,10.0,0.7,0.6761904761904762,0.30000000000000004,0.1347,,0,0,0,0,0,0.3238095238095238,0.6761904761904762,0.3480310606898185,BEAR,0.7,0.30000000000000004,-0.34161448374822045,False,True,0.2797841322923711,True,-982.01,-673.0,309.01,-1.01,SL 09:40,0
TORNTPHARM|SELL|09:30|202,TORNTPHARM,SELL,SELL-EX2,202,09:30,4942.0,PHA,2026-09-09T09:30:00+05:30,13.81,14.47,False,outside 09:45-12:00,MOMENTUM-EXTENDED,210,0,outside 09:45-12:00,0.4331620832074168,-0.2014707363755308,0.21864620172388596,-0.9197943961564172,2.529511231061623,2.3183479647644902,1.0,3.262872631306442,3.6524693634027336,1.0117898654372248,0.8883199219702511,15.0,0.7,0.6761904761904762,0.3076923076923077,0.1347,,0,0,0,0,0,0.3238095238095238,0.6761904761904762,0.3480310606898185,BEAR,0.6923076923076923,0.3076923076923077,-0.0823456297446068,False,True,0.4331620832074168,True,-363.06,-230.0,133.06,-0.26,time exit 10:30,0
DRREDDY|SELL|09:30|201,DRREDDY,SELL,SELL-EX1,201,09:30,1145.5,PHA,2026-09-09T09:30:00+05:30,11.717,13.49,False,outside 09:45-12:00,MOMENTUM-CONTROLLED,210,0,outside 09:45-12:00,0.26121027427078447,0.16543529943948698,0.6491063770585982,0.2805312890365215,2.4467693974091884,1.1525890638746081,0.7777702427777025,0.6921727704137121,1.1327022164599487,0.6616052616739546,0.6019028075739203,15.0,0.7,0.6761904761904762,0.3076923076923077,0.1347,,0,0,0,0,0,0.3238095238095238,0.6761904761904762,0.3480310606898185,BEAR,0.6923076923076923,0.3076923076923077,-0.0823456297446068,False,True,0.26121027427078447,True,-19.23,240.0,259.23,0.67,60% book +0.75R 09:45 · runner stop 09:50,0
PAYTM|BUY|09:35|101,PAYTM,BUY,BUY-EX,101,09:35,1748.4,NEWAGE,2026-09-09T09:35:00+05:30,8.141,86.0,False,outside 09:45-12:00,MOMENTUM-EXTENDED,210,0,outside 09:45-12:00,5.1985574256355305,1.119132105050391,1.821376225742393,1.6375994582053495,5.8275396140152305,2.794737946655345,0.914081778321607,2.388536246444772,4.169988626662882,4.484532249719868,13.054961855170744,100.0,0.3,0.3476190476190476,0.4,0.1347,,0,0,0,0,0,0.3476190476190476,0.3476190476190476,-0.2947222768496238,BEAR,0.4,0.4,-0.8234909872617102,False,True,5.1985574256355305,True,-286.63,-228.0,58.63,-0.26,momentum failure 09:45,0
BANDHANBNK|BUY|09:35|90,BANDHANBNK,BUY,ENTRY BUY,90,09:35,174.3,BANK,2026-09-09T09:35:00+05:30,6.198,78.59,False,not a real enabled chart master variant,MOMENTUM-EXTENDED,210,0,not a real enabled chart master variant,1.5734247390489342,-0.7575775090436832,0.4176189298834027,0.7797760437980238,3.2039945902017344,2.7746826997386127,0.9637695848797909,3.490991866026923,3.7058128889458497,2.5104742643529243,13.316527532179133,100.0,0.3,0.3476190476190476,0.09090909090909091,0.1347,,0,0,0,0,0,0.3476190476190476,0.3476190476190476,-0.2947222768496238,BEAR,0.09090909090909091,0.09090909090909091,-0.22019329653019115,True,False,1.5734247390489342,True,-390.58,-334.0,56.58,-0.37,momentum failure 09:50,0
INOXWIND|BUY|09:35|101,INOXWIND,BUY,BUY-EX,101,09:35,76.45,GREEN,2026-09-09T09:35:00+05:30,7.326,67.17,False,outside 09:45-12:00,MOMENTUM-EXTENDED,210,0,outside 09:45-12:00,0.9374162985186452,-0.1980479668730717,1.0751195605193367,1.3359385607850895,2.5511392495900598,1.0361519593956368,0.6888881353633312,0.9604671216996444,1.728829094607191,1.4512484703190625,2.4988093690759676,95.0,0.3,0.3476190476190476,1.0,0.1347,,0,0,0,0,0,0.3476190476190476,0.3476190476190476,-0.2947222768496238,BEAR,1.0,1.0,0.9374162985186452,True,False,0.9374162985186452,True,539.15,770.0,230.85,0.86,60% book +0.75R 09:45 · breadth flip 09:45,1
ADANIPOWER|BUY|09:35|101,ADANIPOWER,BUY,BUY-EX,101,09:35,210.4,ENE,2026-09-09T09:35:00+05:30,5.935,60.1,False,outside 09:45-12:00,MOMENTUM-EXTENDED,210,0,outside 09:45-12:00,1.153843219463635,-0.639423957237828,0.7771040155582783,1.055500454555445,2.9735001658705924,2.1846516556790445,1.0,1.892674039004779,2.1047941480841215,2.023327348438649,2.320718077072455,80.0,0.3,0.3476190476190476,0.8888888888888888,0.1347,,0,0,0,0,0,0.3476190476190476,0.3476190476190476,-0.2947222768496238,BEAR,0.8888888888888888,0.8888888888888888,1.153843219463635,True,False,1.153843219463635,True,601.98,777.0,175.02,0.86,60% book +0.75R 09:40 · breadth flip 09:40,1
TVSMOTOR|SELL|09:35|209,TVSMOTOR,SELL,SELL-EX8,209,09:35,4082.0,AUTO,2026-09-09T09:35:00+05:30,8.849,57.9,False,outside 09:45-12:00,MOMENTUM-EXTENDED,210,0,outside 09:45-12:00,0.9535779135213862,0.2741806037660166,0.7580972671795407,0.38475313565057906,2.508319357649887,0.9601585982462841,0.7837837837837838,1.4038177176777245,1.9526716114093516,3.0174835155927866,5.448771795850834,5.0,0.7,0.6523809523809524,0.8823529411764706,0.1347,,0,0,0,0,0,0.3476190476190476,0.6523809523809524,0.2947222768496238,BEAR,0.11764705882352941,0.8823529411764706,0.6862133499688117,True,False,0.9535779135213862,True,-1186.44,-889.0,297.44,-1.0,SL 10:10,0
ADANIENSOL|BUY|09:35|101,ADANIENSOL,BUY,BUY-EX,101,09:35,1414.6,ENE,2026-09-09T09:35:00+05:30,5.87,47.63,False,outside 09:45-12:00,MOMENTUM-EXTENDED,210,0,outside 09:45-12:00,0.898714378454879,-0.12839149986626497,0.8495649760195235,1.3130702755329342,2.7221925586417455,1.874797164307755,1.0,1.4828421493220234,1.812347728991429,1.0485298750927403,0.5689641860516418,85.0,0.3,0.3476190476190476,0.8888888888888888,0.1347,,0,0,0,0,0,0.3476190476190476,0.3476190476190476,-0.2947222768496238,BEAR,0.8888888888888888,0.8888888888888888,1.153843219463635,True,False,0.898714378454879,False,628.98,839.0,210.02,0.94,60% book +0.75R 09:40 · breadth flip 09:40,1
MANKIND|SELL|09:35|201,MANKIND,SELL,SELL-EX1,201,09:35,2293.2,PHA,2026-09-09T09:35:00+05:30,7.725,46.19,False,outside 09:45-12:00,MOMENTUM-EXTENDED,210,0,outside 09:45-12:00,0.4471477676633362,-0.07379861827110368,0.5556853076118267,0.790976587722404,2.58908976429065,1.4021991192870613,0.8039221943863792,2.135793425280592,2.769288853762635,1.6944906881583246,4.55499790882476,30.0,0.7,0.6523809523809524,0.5384615384615384,0.1347,,0,0,0,0,0,0.3476190476190476,0.6523809523809524,0.2947222768496238,BEAR,0.46153846153846156,0.5384615384615384,0.05072109941123282,False,True,0.4471477676633362,True,-98.35,70.0,168.35,0.08,time exit 10:35,0
GAIL|BUY|09:35|102,GAIL,BUY,BUY-EX17,102,09:35,175.28,OIL,2026-09-09T09:35:00+05:30,6.832,41.42,False,outside 09:45-12:00,MOMENTUM-CONTROLLED,210,0,outside 09:45-12:00,0.7066910117624614,-0.03447144932017254,0.2971700024885058,-0.21720621942222157,1.8752802606350039,1.8660655244606383,0.9722163353537067,1.253863608562672,1.671841765340593,0.9352400252487095,1.215389289445799,70.0,0.3,0.3476190476190476,0.8571428571428571,0.1347,,0,0,0,0,0,0.3476190476190476,0.3476190476190476,-0.2947222768496238,BEAR,0.8571428571428571,0.8571428571428571,0.41790862581623234,True,False,0.7066910117624614,True,-1190.78,-918.0,272.78,-1.02,SL 09:50,0
KEI|SELL|09:35|213,KEI,SELL,SELL-EX12,213,09:35,4664.5,CAPGOODS,2026-09-09T09:35:00+05:30,7.512,41.24,False,outside 09:45-12:00,MOMENTUM-CONTROLLED,210,0,outside 09:45-12:00,0.7658759706414164,-0.37230081906181045,0.6957232943606003,0.5941613739097918,2.2449317707150125,1.298303261052041,0.375,0.328607210462614,0.8762858945669706,0.9871604869873544,3.658351298634637,5.0,0.7,0.6523809523809524,0.19999999999999996,0.1347,,0,0,0,0,0,0.3476190476190476,0.6523809523809524,0.2947222768496238,BEAR,0.8,0.19999999999999996,-0.3332623676854607,False,True,0.7658759706414164,True,-596.13,-288.0,308.13,-1.0,SL 09:40,0
PETRONET|BUY|09:35|108,PETRONET,BUY,BUY-EX9,108,09:35,287.1,OIL,2026-09-09T09:35:00+05:30,8.173,33.42,False,outside 09:45-12:00,MOMENTUM-CONTROLLED,210,0,outside 09:45-12:00,0.5428185525508278,0.08755034518903582,0.1655218663691366,-0.48312517097685664,1.2748220077467411,1.8547137605220037,0.619049003080858,0.8534526958665786,1.6292456002877158,0.2919977421735921,0.31306007494821125,65.0,0.3,0.3476190476190476,0.8571428571428571,0.1347,,0,0,0,0,0,0.3476190476190476,0.3476190476190476,-0.2947222768496238,BEAR,0.8571428571428571,0.8571428571428571,0.41790862581623234,True,False,0.5428185525508278,True,313.39,573.0,259.61,0.93,60% book +0.75R 10:00 · breadth flip 10:00,1
TRENT|BUY|09:35|90,TRENT,BUY,ENTRY BUY,90,09:35,2800.0,CONSUMPTION,2026-09-09T09:35:00+05:30,8.833,25.8,False,not a real enabled chart master variant,REVERSION-ALIGNMENT,210,0,not a real enabled chart master variant,-0.17825311942959443,-0.4919803503787845,-0.1785873356270553,0.0038337146257103947,0.6013595386360008,1.095160398554628,0.9137078484589359,2.130627367503809,2.6233284440803506,0.8173716471764553,1.591097571295591,66.0,0.3,0.3476190476190476,0.2,0.1347,,0,0,0,0,0,0.3476190476190476,0.3476190476190476,-0.2947222768496238,BEAR,0.2,0.2,-0.6396884995132801,False,True,-0.17825311942959443,True,567.05,736.0,168.95,0.83,58% book +0.75R 09:50 · breadth flip 09:50,1
MARUTI|SELL|09:35|290,MARUTI,SELL,ENTRY SELL,290,09:35,12598.0,AUTO,2026-09-09T09:35:00+05:30,7.758,25.37,False,not a real enabled chart master variant,MOMENTUM-CONTROLLED,210,0,not a real enabled chart master variant,0.34804619522227354,0.4508780256288536,0.7551489065986924,0.9337934770658313,1.6685328846820024,0.5630014925013792,0.125,0.09471310632060649,0.7577048505648519,0.5291952911031657,1.4789915966386555,15.0,0.7,0.6523809523809524,0.8823529411764706,0.1347,,0,0,0,0,0,0.3476190476190476,0.6523809523809524,0.2947222768496238,BEAR,0.11764705882352941,0.8823529411764706,0.6862133499688117,True,False,0.34804619522227354,False,-214.46,37.0,251.46,0.43,58% book +0.75R 09:40 · runner stop 09:45,0
ASTRAL|SELL|09:35|209,ASTRAL,SELL,SELL-EX8,209,09:35,1491.5,BUILDMAT,2026-09-09T09:35:00+05:30,6.074,23.89,False,outside 09:45-12:00,MOMENTUM-CONTROLLED,210,0,outside 09:45-12:00,0.38070741101838834,0.2604797268860093,-0.05831703491324418,0.030253679618575634,1.0433544063088893,1.495927646503067,0.75,0.5711491997606043,1.0384761390387016,0.9263455695201224,0.9493109532211149,28.0,0.7,0.6523809523809524,1.0,0.1347,,0,0,0,0,0,0.3476190476190476,0.6523809523809524,0.2947222768496238,BEAR,0.0,1.0,0.6372438030433025,True,False,0.38070741101838834,False,694.45,953.0,258.55,1.73,60% book +0.75R 09:45 · runner stop 10:20,1
BAJAJFINSV|SELL|09:35|213,BAJAJFINSV,SELL,SELL-EX12,213,09:35,1933.0,FIN,2026-09-09T09:35:00+05:30,6.15,20.57,False,outside 09:45-12:00,MOMENTUM-CONTROLLED,210,0,outside 09:45-12:00,0.37109325600829246,0.16492893786241858,0.7280394979547323,0.5688705266552787,1.8036466052708884,0.6683441655663147,0.29411553513086564,0.3315500958735414,1.1272784204548032,0.3153522015797465,0.6426212410916043,15.0,0.7,0.6523809523809524,0.8125,0.1347,,0,0,0,0,0,0.3476190476190476,0.6523809523809524,0.2947222768496238,BEAR,0.1875,0.8125,0.45883882540679877,True,False,0.37109325600829246,False,-489.33,-179.0,310.33,-1.0,SL 09:40,0
BEL|SELL|09:35|290,BEL,SELL,ENTRY SELL,290,09:35,410.7,DEF,2026-09-09T09:35:00+05:30,6.259,16.43,False,not a real enabled chart master variant,REVERSION-ALIGNMENT,210,0,not a real enabled chart master variant,0.07298973064933101,-0.24330900243310083,0.25524441459793257,0.33665927770312554,0.655781137299414,0.9060244202077539,0.0,-0.24353812937278402,0.9741153587896755,0.7912125434896963,1.9843440021161223,20.0,0.7,0.6523809523809524,0.33333333333333337,0.1347,,0,0,0,0,0,0.3476190476190476,0.6523809523809524,0.2947222768496238,BEAR,0.6666666666666666,0.33333333333333337,-0.028663029151310138,False,True,0.07298973064933101,True,-360.62,-50.0,310.62,-1.0,SL 09:40,0
POLYCAB|SELL|09:35|290,POLYCAB,SELL,ENTRY SELL,290,09:35,8340.0,CAPGOODS,2026-09-09T09:35:00+05:30,8.312,11.22,False,not a real enabled chart master variant,MOMENTUM-CONTROLLED,210,0,not a real enabled chart master variant,0.46544933762978635,0.07757488960496994,0.2861008998964901,-0.0339971727094862,1.010535566361351,0.45533260092218886,0.0,-0.029825215373335576,0.9245816765734028,0.5188213914849429,0.8817560114714317,25.0,0.7,0.6523809523809524,0.19999999999999996,0.1347,,0,0,0,0,0,0.3476190476190476,0.6523809523809524,0.2947222768496238,BEAR,0.8,0.19999999999999996,-0.3332623676854607,False,True,0.46544933762978635,True,-350.34,-48.0,302.34,-1.0,SL 09:40,0
MAZDOCK|SELL|09:35|290,MAZDOCK,SELL,ENTRY SELL,290,09:35,2443.3999,DEF,2026-09-09T09:35:00+05:30,7.789,6.74,False,not a real enabled chart master variant,REVERSION-ALIGNMENT,210,0,not a real enabled chart master variant,-0.057326058302620275,-0.36036235987408904,0.7108662611156455,0.877709162938105,1.5244026263009391,0.701630145514039,0.3958598240170897,0.23810976512886087,0.8162992314208428,1.092260748959778,0.7309720056434247,15.0,0.7,0.6523809523809524,0.33333333333333337,0.1347,,0,0,0,0,0,0.3476190476190476,0.6523809523809524,0.2947222768496238,BEAR,0.6666666666666666,0.33333333333333337,-0.028663029151310138,False,True,-0.057326058302620275,False,-554.23,-244.0,310.23,-1.0,SL 09:40,0
ADANIPORTS|BUY|09:40|101,ADANIPORTS,BUY,BUY-EX,101,09:40,1724.6,LOGISTICS,2026-09-09T09:40:00+05:30,0.924,77.81,False,outside 09:45-12:00,MOMENTUM-EXTENDED,210,0,outside 09:45-12:00,0.8302122877213769,-0.2572511898536578,0.9880785559855324,1.245200646541976,3.4735079226060024,2.436864170163856,0.8607608628469003,1.618031525006492,2.1303818394433622,1.9761010816486038,9.093789814119107,100.0,0.3,0.319047619047619,0.6666666666666666,0.1347,,0,0,0,0,0,0.319047619047619,0.319047619047619,-0.35211835085858234,BEAR,0.6666666666666666,0.6666666666666666,0.8302122877213769,True,False,0.8302122877213769,True,-709.67,-500.0,209.67,-0.56,momentum failure 09:50,0
TATASTEEL|BUY|09:40|102,TATASTEEL,BUY,BUY-EX17,102,09:40,185.73,MET,2026-09-09T09:40:00+05:30,3.728,76.45,False,outside 09:45-12:00,MOMENTUM-EXTENDED,210,0,outside 09:45-12:00,0.8799060951697246,-0.005428551845532148,0.2125164914510795,-0.4277746374057301,2.787683861280478,2.3883131532117714,0.8895335426979649,3.3191762783897047,3.7313671931050596,2.004516359822025,4.68943871842853,90.0,0.3,0.319047619047619,0.7,0.1347,,0,0,0,0,0,0.319047619047619,0.319047619047619,-0.35211835085858234,BEAR,0.7,0.7,0.6732023367431506,True,False,0.8799060951697246,True,-1057.94,-899.0,158.94,-1.0,SL 10:00,0
HDFCLIFE|SELL|09:40|201,HDFCLIFE,SELL,SELL-EX1,201,09:40,521.95,INSURANCE,2026-09-09T09:40:00+05:30,2.039,69.78,False,outside 09:45-12:00,MOMENTUM-EXTENDED,210,0,outside 09:45-12:00,2.347986490733167,0.5893403955215204,1.8093816835492724,1.9056843956965015,5.6392107336301445,1.7363516504936891,0.9393958076448828,2.6889468958908775,3.1318013737469865,9.005578366086574,50.44853843127271,15.0,0.7,0.680952380952381,1.0,0.1347,,0,0,0,0,0,0.319047619047619,0.680952380952381,0.35211835085858234,BEAR,0.0,1.0,1.0940738641244563,True,False,2.347986490733167,True,711.54,844.0,132.46,0.94,60% book +0.75R 09:55 · time exit 10:40,1
ICICIPRULI|SELL|09:40|209,ICICIPRULI,SELL,SELL-EX8,209,09:40,460.3,INSURANCE,2026-09-09T09:40:00+05:30,2.178,60.58,False,outside 09:45-12:00,MOMENTUM-EXTENDED,210,0,outside 09:45-12:00,1.8550132637593308,1.0021347989405682,1.3593022863446216,1.7653847548174777,3.842113504902877,1.8624272568930569,0.9767497977317569,1.4485594584238448,1.7796537110319877,1.5910259808819496,3.474272709281615,15.0,0.7,0.680952380952381,1.0,0.1347,,0,0,0,0,0,0.319047619047619,0.680952380952381,0.35211835085858234,BEAR,0.0,1.0,1.0940738641244563,True,False,1.8550132637593308,True,594.97,808.0,213.03,0.9,60% book +0.75R 09:50 · runner stop 10:25,1
VMM|SELL|09:40|203,VMM,SELL,SELL-EX3,203,09:40,102.67,CONSUMPTION,2026-09-09T09:40:00+05:30,3.974,59.21,False,outside 09:45-12:00,MOMENTUM-EXTENDED,210,0,outside 09:45-12:00,1.3168038586373831,0.04806137189330428,1.104924446250384,0.46616255044243043,3.5174143630553547,1.6822689578379586,1.0,2.038127410843863,2.4020698090936214,1.7700070781420407,3.892651432347932,15.0,0.7,0.680952380952381,0.8,0.1347,,0,0,0,0,0,0.319047619047619,0.680952380952381,0.35211835085858234,BEAR,0.2,0.8,0.764844945070231,True,False,1.3168038586373831,True,-83.63,66.0,149.63,0.07,momentum failure 09:55,0
CUMMINSIND|BUY|09:40|101,CUMMINSIND,BUY,BUY-EX,101,09:40,5081.0,CAPGOODS,2026-09-09T09:40:00+05:30,1.601,53.75,False,outside 09:45-12:00,MOMENTUM-EXTENDED,210,0,outside 09:45-12:00,0.8835500843839883,-0.1687679936463793,1.7213506617764696,1.709363323232051,3.757631862181096,1.245096106534573,0.7714285714285715,1.1511820671527573,1.4922730500128334,0.8046265742569735,1.5240051903114187,95.0,0.3,0.319047619047619,0.7,0.1347,,0,0,0,0,0,0.319047619047619,0.319047619047619,-0.35211835085858234,BEAR,0.7,0.7,0.32191791999631736,True,False,0.8835500843839883,True,187.06,446.0,258.94,0.63,59% book +0.75R 09:55 · breadth flip 09:55,1
MUTHOOTFIN|SELL|09:40|290,MUTHOOTFIN,SELL,ENTRY SELL,290,09:40,2830.8999,FIN,2026-09-09T09:40:00+05:30,2.885,50.32,False,not a real enabled chart master variant,MOMENTUM-EXTENDED,210,0,not a real enabled chart master variant,2.0449860780709317,1.2145362510813107,1.6596201397196357,1.4052243012657986,4.034688851708745,1.139586428405843,0.6397156500197465,0.9223193437467117,1.6290019455534026,2.483552369573875,2.552263239747892,15.0,0.7,0.680952380952381,0.8125,0.1347,,0,0,0,0,0,0.319047619047619,0.680952380952381,0.35211835085858234,BEAR,0.1875,0.8125,0.5255984098263,True,False,2.0449860780709317,True,1123.53,1382.0,258.47,1.69,59% book +0.75R 09:45 · runner stop 10:10,1
MANAPPURAM|SELL|09:40|213,MANAPPURAM,SELL,SELL-EX12,213,09:40,318.7,FIN,2026-09-09T09:40:00+05:30,2.714,50.05,False,outside 09:45-12:00,MOMENTUM-EXTENDED,210,0,outside 09:45-12:00,1.8024883087252586,-0.0924413254756562,1.5671967403620817,1.5377924655015403,4.129704755276526,1.6802700003212705,0.7446789169534446,1.7109258557993112,2.2975349735949004,3.493857388866811,2.654093603318769,15.0,0.7,0.680952380952381,0.8125,0.1347,,0,0,0,0,0,0.319047619047619,0.680952380952381,0.35211835085858234,BEAR,0.1875,0.8125,0.5255984098263,True,False,1.8024883087252586,True,1208.76,1397.0,188.24,1.55,60% book +0.75R 09:45 · runner stop 10:25,1
HINDUNILVR|SELL|09:40|209,HINDUNILVR,SELL,SELL-EX8,209,09:40,1955.7,FMCG,2026-09-09T09:40:00+05:30,2.101,41.89,False,outside 09:45-12:00,MOMENTUM-EXTENDED,210,0,outside 09:45-12:00,1.092403637427286,0.24275773578066318,2.4745905600738753,1.502275335813312,6.3400087365870235,2.484603592616426,0.9682619647355164,2.0971582528412225,2.165899652388047,0.6928120201193553,2.215478710891555,15.0,0.7,0.680952380952381,1.0,0.1347,,0,0,0,0,0,0.319047619047619,0.680952380952381,0.35211835085858234,BEAR,0.0,1.0,0.7476306064360894,True,False,1.092403637427286,True,191.84,450.0,258.16,0.55,60% book +0.75R 10:05 · runner stop 10:20,1
CHOLAFIN|SELL|09:40|209,CHOLAFIN,SELL,SELL-EX8,209,09:40,1813.6,FIN,2026-09-09T09:40:00+05:30,1.477,36.53,False,outside 09:45-12:00,MOMENTUM-CONTROLLED,210,0,outside 09:45-12:00,0.798598401481132,0.26254933191174334,0.7039513976026422,0.14710050077299044,2.1846311142501933,1.0246827883289298,0.8717956743560049,0.7751131215062029,0.9446534090788358,0.720616780225004,1.8829085263294087,15.0,0.7,0.680952380952381,0.8125,0.1347,,0,0,0,0,0,0.319047619047619,0.680952380952381,0.35211835085858234,BEAR,0.1875,0.8125,0.5255984098263,True,False,0.798598401481132,True,-98.3,160.0,258.3,0.31,60% book +0.75R 09:50 · runner stop 09:55,0
DABUR|SELL|09:40|203,DABUR,SELL,SELL-EX3,203,09:40,371.4,FMCG,2026-09-09T09:40:00+05:30,1.617,34.69,False,outside 09:45-12:00,MOMENTUM-EXTENDED,210,0,outside 09:45-12:00,0.9467977583600407,0.38672147214936503,1.6494765891826324,1.5759165559346073,3.903152200007449,1.3742539192581034,0.8571470092425739,1.4605700780411834,1.703990170054761,0.8590110861771324,1.6386244645406949,15.0,0.7,0.680952380952381,1.0,0.1347,,0,0,0,0,0,0.319047619047619,0.680952380952381,0.35211835085858234,BEAR,0.0,1.0,0.7476306064360894,True,False,0.9467977583600407,True,683.79,943.0,259.21,1.44,60% book +0.75R 09:50 · runner stop 10:15,1
COLPAL|SELL|09:40|280,COLPAL,SELL,NORMAL SELL,280,09:40,1802.3,FMCG,2026-09-09T09:40:00+05:30,1.555,33.72,False,outside 09:45-12:00,MOMENTUM-EXTENDED,210,0,outside 09:45-12:00,0.7762593809965357,0.21471175741261117,1.1500744387361648,1.2366158994064735,2.858207439467686,0.9337406217800542,1.0,1.042710325928754,1.042710325928754,1.1840764475442132,1.6513500710563713,15.0,0.7,0.680952380952381,1.0,0.1347,,0,0,0,0,0,0.319047619047619,0.680952380952381,0.35211835085858234,BEAR,0.0,1.0,0.7476306064360894,True,False,0.7762593809965357,True,84.56,343.0,258.44,0.58,59% book +0.75R 10:00 · runner stop 10:15,1
GODREJPROP|SELL|09:40|201,GODREJPROP,SELL,SELL-EX1,201,09:40,1891.6,REALTY,2026-09-09T09:40:00+05:30,1.915,33.16,False,outside 09:45-12:00,MOMENTUM-EXTENDED,210,0,outside 09:45-12:00,1.1186630639865358,0.5697869531658406,0.8408679218864596,0.5999315937769113,2.569019902236655,1.1791897306091392,0.9333360460069444,1.5141834216933854,1.6824310950886885,1.469260753607331,1.3208330131407056,10.0,0.7,0.680952380952381,1.0,0.1347,,0,0,0,0,0,0.319047619047619,0.680952380952381,0.35211835085858234,BEAR,0.0,1.0,0.6620352069912294,True,False,1.1186630639865358,True,472.75,689.0,216.25,0.77,60% book +0.75R 09:55 · runner stop 10:10,1
GVT&D|SELL|09:40|205,GVT&D,SELL,SELL-EX5,205,09:40,4751.6001,CAPGOODS,2026-09-09T09:40:00+05:30,1.947,33.07,False,outside 09:45-12:00,REVERSION-ALIGNMENT,210,0,outside 09:45-12:00,0.0799050503749954,-0.5803948820928273,-0.19469775143294238,-1.2651347447399963,0.7843009480930099,1.7620078090096507,0.5238095238095238,0.35887937467736586,1.4681987582716867,1.1116096399165198,3.515635699611961,25.0,0.7,0.680952380952381,0.30000000000000004,0.1347,,0,0,0,0,0,0.319047619047619,0.680952380952381,0.35211835085858234,BEAR,0.7,0.30000000000000004,-0.32191791999631736,False,True,0.0799050503749954,True,842.58,1096.0,253.42,1.23,59% book +0.75R 09:45 · runner stop 10:00,1
SBILIFE|SELL|09:40|201,SBILIFE,SELL,SELL-EX1,201,09:40,1687.2,INSURANCE,2026-09-09T09:40:00+05:30,3.499,31.29,False,outside 09:45-12:00,MOMENTUM-EXTENDED,210,0,outside 09:45-12:00,1.0614025179139785,0.17005948108987923,1.5399272811728253,2.028614956442505,3.804285527913491,1.6849113509660145,0.8909135298295454,1.0958337136474512,1.5067713562652454,0.8354732360298868,1.185820939392158,25.0,0.7,0.680952380952381,1.0,0.1347,,0,0,0,0,0,0.319047619047619,0.680952380952381,0.35211835085858234,BEAR,0.0,1.0,1.0940738641244563,True,False,1.0614025179139785,False,167.83,427.0,259.17,0.55,59% book +0.75R 09:55 · runner stop 10:00,1
NESTLEIND|SELL|09:40|203,NESTLEIND,SELL,SELL-EX3,203,09:40,1392.4,FMCG,2026-09-09T09:40:00+05:30,2.962,30.48,False,outside 09:45-12:00,MOMENTUM-EXTENDED,210,0,outside 09:45-12:00,0.6776517465266862,0.09273477462620194,0.9660844538573821,1.0696992405544274,3.0262219928089933,2.341969428808988,1.0,1.016045786211815,1.053668604681273,0.34760614749435687,1.4061228573334223,10.0,0.7,0.680952380952381,1.0,0.1347,,0,0,0,0,0,0.319047619047619,0.680952380952381,0.35211835085858234,BEAR,0.0,1.0,0.7476306064360894,True,False,0.6776517465266862,False,68.16,327.0,258.84,0.59,60% book +0.75R 10:05 · runner stop 10:10,1
KOTAKBANK|SELL|09:40|203,KOTAKBANK,SELL,SELL-EX3,203,09:40,417.4,BANK,2026-09-09T09:40:00+05:30,2.548,29.23,False,outside 09:45-12:00,MOMENTUM-EXTENDED,210,0,outside 09:45-12:00,0.3818630318653038,-0.05966587112171684,1.1377313520222518,1.4521862973374595,3.2615223673472693,1.9155201167250715,0.9444576311417042,1.3188991216448154,1.3964619249785393,0.561402739672647,1.5178737519651662,15.0,0.7,0.680952380952381,0.9090909090909091,0.1347,,0,0,0,0,0,0.319047619047619,0.680952380952381,0.35211835085858234,BEAR,0.09090909090909091,0.9090909090909091,0.3818630318653038,True,False,0.3818630318653038,True,628.03,887.0,258.97,1.59,60% book +0.75R 09:55 · runner stop 10:20,1
ICICIGI|SELL|09:40|213,ICICIGI,SELL,SELL-EX12,213,09:40,1464.5,INSURANCE,2026-09-09T09:40:00+05:30,2.162,28.95,False,outside 09:45-12:00,MOMENTUM-EXTENDED,210,0,outside 09:45-12:00,1.0940738641244563,0.047271641450452595,1.1459293431673285,1.395790893439085,3.0841402971501655,1.144894956029865,0.7083312140786329,0.9642232237722858,1.4930177438540588,0.651592088137706,1.0392515167019956,25.0,0.7,0.680952380952381,1.0,0.1347,,0,0,0,0,0,0.319047619047619,0.680952380952381,0.35211835085858234,BEAR,0.0,1.0,1.0940738641244563,True,False,1.0940738641244563,True,-938.17,-628.0,310.17,-1.0,SL 09:45,0
INDUSTOWER|BUY|09:40|108,INDUSTOWER,BUY,BUY-EX9,108,09:40,372.0,TELECOM,2026-09-09T09:40:00+05:30,2.3,20.83,False,outside 09:45-12:00,REVERSION-ALIGNMENT,210,0,outside 09:45-12:00,0.053795646476095804,-0.2420639930159285,-0.3198678902915714,-1.1838067102577703,0.6267987498901285,1.056810672324876,0.7142857142857143,1.4738652540573125,2.242850333802047,0.5201909739747487,0.5554730479635264,69.0,0.3,0.319047619047619,0.3333333333333333,0.1347,,0,0,0,0,0,0.319047619047619,0.319047619047619,-0.35211835085858234,BEAR,0.3333333333333333,0.3333333333333333,-0.8805757244030876,False,True,0.053795646476095804,True,-1200.19,-890.0,310.19,-1.0,SL 09:50,0
DMART|SELL|09:40|201,DMART,SELL,SELL-EX1,201,09:40,3711.3,CONSUMPTION,2026-09-09T09:40:00+05:30,1.71,19.98,False,outside 09:45-12:00,REVERSION-ALIGNMENT,210,0,outside 09:45-12:00,0.12110447120046164,-0.20184078533411753,0.0660408221493456,-0.7121576996405429,0.8716708876938636,1.1231223143366955,0.8659736729505927,0.6308249791484267,1.3019223545034617,0.36652682711415324,0.8724597056762439,15.0,0.7,0.680952380952381,0.8,0.1347,,0,0,0,0,0,0.319047619047619,0.680952380952381,0.35211835085858234,BEAR,0.2,0.8,0.764844945070231,True,False,0.12110447120046164,False,-684.01,-449.0,235.01,-0.73,time exit 10:40,0
FEDERALBNK|SELL|09:40|202,FEDERALBNK,SELL,SELL-EX2,202,09:40,342.45,BANK,2026-09-09T09:40:00+05:30,1.789,17.42,False,outside 09:45-12:00,REVERSION-ALIGNMENT,210,0,outside 09:45-12:00,0.05836325492932781,-0.1313329096883642,0.5595599896942771,0.3392494745573231,1.4928126055037403,1.046095388057537,0.5555404855554048,0.1934828028517066,0.58048777433393,0.2514492779400273,0.6359383434294968,15.0,0.7,0.680952380952381,0.9090909090909091,0.1347,,0,0,0,0,0,0.319047619047619,0.680952380952381,0.35211835085858234,BEAR,0.09090909090909091,0.9090909090909091,0.3818630318653038,True,False,0.05836325492932781,False,-544.02,-233.0,311.02,-1.0,SL 09:45,0
COALINDIA|BUY|09:45|101,COALINDIA,BUY,BUY-EX,101,09:45,434.05,ENE,2026-09-09T09:45:00+05:30,11.801,92.75,False,opening market breadth below 55% in signal direction,MOMENTUM-EXTENDED,210,0,opening market breadth below 55% in signal direction,3.480742677563997,0.2741670909564231,2.5185566669344963,2.1764591148070016,5.405614643712189,2.214443979838752,0.6666666666666666,0.22791972874383365,0.976866978306323,1.5005731940916198,12.496881041114454,100.0,0.3,0.26666666666666666,0.8888888888888888,0.1347,S1,1,1,0,0,0,0.26666666666666666,0.26666666666666666,-0.43182225818203523,BEAR,0.8888888888888888,0.8888888888888888,1.4336987306390991,True,False,3.480742677563997,True,-934.97,-625.0,309.97,-1.0,SL 09:50,0
MUTHOOTFIN|SELL|09:45|203,MUTHOOTFIN,SELL,SELL-EX3,203,09:45,2819.6001,FIN,2026-09-09T09:45:00+05:30,13.754,68.38,False,A+ score 68.38 below 70.00,MOMENTUM-EXTENDED,210,0,A+ score 68.38 below 70.00,2.4359827800605527,1.2145362510813107,1.8455729749250573,1.6112930617078705,4.754951830782809,2.09792545910326,1.0,1.226704130943449,1.3084787018003794,2.4704992169490927,3.7895702871949903,15.0,0.7,0.7333333333333334,0.9375,0.1347,S1,1,1,0,0,0,0.26666666666666666,0.7333333333333334,0.43182225818203523,BEAR,0.0625,0.9375,0.6178398874344126,True,False,2.4359827800605527,True,635.68,868.0,232.32,0.97,59% book +0.75R 09:55 · runner stop 10:10,1
CAMS|SELL|09:45|280,CAMS,SELL,NORMAL SELL,280,09:45,714.55,CAPMKTS,2026-09-09T09:45:00+05:30,11.665,57.37,False,A+ score 57.37 below 70.00,MOMENTUM-EXTENDED,210,0,A+ score 57.37 below 70.00,2.0829067772567655,-0.027408318880617344,2.193244722371966,2.350624452074061,4.792244571465481,1.8577122861415718,0.8405838124723574,1.5437171651513215,1.8364821475813118,1.4856285110280674,3.049433463201916,15.0,0.7,0.7333333333333334,0.8333333333333334,0.1347,S1,1,1,0,0,0,0.26666666666666666,0.7333333333333334,0.43182225818203523,BEAR,0.16666666666666666,0.8333333333333334,1.1415051169224477,True,False,2.0829067772567655,True,241.22,471.0,229.78,0.53,60% book +0.75R 09:55 · runner stop 10:10,1
NBCC|SELL|09:45|280,NBCC,SELL,NORMAL SELL,280,09:45,84.66,PSE,2026-09-09T09:45:00+05:30,13.842,56.84,False,A+ score 56.84 below 70.00,MOMENTUM-EXTENDED,210,0,A+ score 56.84 below 70.00,1.3171666177397734,0.7460069737947772,0.8580397172141543,0.5347069070508166,2.73725905410611,1.1161052247170795,0.8275762279340191,1.0585572024171626,1.27910537626216,2.5281720555337186,3.575046833506028,25.0,0.7,0.7333333333333334,1.0,0.1347,S1,1,1,0,0,0,0.26666666666666666,0.7333333333333334,0.43182225818203523,BEAR,0.0,1.0,1.3171666177397734,True,False,1.3171666177397734,True,385.73,645.0,259.27,0.85,60% book +0.75R 09:55 · runner stop 10:15,1
HDFCBANK|SELL|09:45|203,HDFCBANK,SELL,SELL-EX3,203,09:45,695.35,BANK,2026-09-09T09:45:00+05:30,12.523,43.72,False,A+ score 43.72 below 70.00,MOMENTUM-EXTENDED,210,0,A+ score 43.72 below 70.00,1.2707670541181604,0.9086984935157361,1.658613247941919,1.7111067109373301,3.903227922211123,1.5668605258998565,0.875,1.2748107798927724,1.4569266055917398,1.6003333572978915,2.2714537244989788,15.0,0.7,0.7333333333333334,0.9090909090909091,0.1347,S1+S4,2,1,0,0,1,0.26666666666666666,0.7333333333333334,0.43182225818203523,BEAR,0.09090909090909091,0.9090909090909091,0.36951466566116364,False,True,1.2707670541181604,True,491.98,751.0,259.02,1.11,60% book +0.75R 09:50 · runner stop 10:10,1
CIPLA|SELL|09:45|201,CIPLA,SELL,SELL-EX1,201,09:45,1376.1,PHA,2026-09-09T09:45:00+05:30,11.777,43.4,False,A+ score 43.40 below 70.00,MOMENTUM-CONTROLLED,210,0,A+ score 43.40 below 70.00,0.28261046478713636,0.05072109941123282,0.3171984776387171,0.6983394761009901,1.7623509318071997,2.0620661768803643,0.7857267416514081,0.8609280517497682,1.0957092410273641,0.6144103816512954,3.3291427332827572,15.0,0.7,0.7333333333333334,0.6923076923076923,0.1347,S1,1,1,0,0,0,0.26666666666666666,0.7333333333333334,0.43182225818203523,BEAR,0.3076923076923077,0.6923076923076923,0.28261046478713636,False,True,0.28261046478713636,True,22.27,281.0,258.73,0.63,60% book +0.75R 09:55 · runner stop 10:00,1
RBLBANK|SELL|09:45|201,RBLBANK,SELL,SELL-EX1,201,09:45,415.2,BANK,2026-09-09T09:45:00+05:30,14.5,43.36,False,A+ score 43.36 below 70.00,MOMENTUM-EXTENDED,210,0,A+ score 43.36 below 70.00,0.8832613376374088,0.8593951195915328,0.6681146588997418,-0.08988570038095273,2.6765664289868565,2.064802227769785,1.0,1.2639803076014637,1.3843681314696843,0.7205710514909727,2.529172231814184,15.0,0.7,0.7333333333333334,0.9090909090909091,0.1347,S1,1,1,0,0,0,0.26666666666666666,0.7333333333333334,0.43182225818203523,BEAR,0.09090909090909091,0.9090909090909091,0.36951466566116364,False,True,0.8832613376374088,True,-1053.27,-742.0,311.27,-1.0,SL 09:55,0
PGEL|SELL|09:45|209,PGEL,SELL,SELL-EX8,209,09:45,548.05,CDUR,2026-09-09T09:45:00+05:30,14.211,37.75,False,A+ score 37.75 below 70.00,MOMENTUM-CONTROLLED,210,0,A+ score 37.75 below 70.00,1.0293475768905158,0.04514672686229959,0.7915496114865277,0.9685730502136958,2.320699654395852,1.6049245670943506,1.0,1.0538681495152222,1.259514734560709,0.9983107447183128,1.8816814698432038,5.0,0.7,0.7333333333333334,0.7777777777777778,0.1347,S1+S4,2,1,0,0,1,0.26666666666666666,0.7333333333333334,0.43182225818203523,BEAR,0.2222222222222222,0.7777777777777778,0.4632398278916372,True,False,1.0293475768905158,True,-1149.62,-899.0,250.62,-1.0,SL 10:20,0
SHREECEM|SELL|09:45|203,SHREECEM,SELL,SELL-EX3,203,09:45,23030.0,CEMENT,2026-09-09T09:45:00+05:30,14.674,34.55,False,A+ score 34.55 below 70.00,MOMENTUM-CONTROLLED,210,0,A+ score 34.55 below 70.00,1.0738831615120237,0.5584192439862523,0.8475960549692538,1.4506746934723966,2.1662767070699656,1.0527399886485596,1.0,0.5277715979854963,0.96758126297341,0.9686609686609687,1.5555555555555556,25.0,0.7,0.7333333333333334,0.8,0.1347,S1,1,1,0,0,0,0.26666666666666666,0.7333333333333334,0.43182225818203523,BEAR,0.2,0.8,0.5102012327584227,True,False,1.0738831615120237,True,-890.46,-600.0,290.46,-1.01,SL 09:55,0
PRESTIGE|SELL|09:45|209,PRESTIGE,SELL,SELL-EX8,209,09:45,1543.9,REALTY,2026-09-09T09:45:00+05:30,14.455,34.36,False,A+ score 34.36 below 70.00,MOMENTUM-CONTROLLED,210,0,A+ score 34.36 below 70.00,0.8349926004331931,0.29545735203316825,0.8170852403503535,0.6058771904643887,2.3412087076778976,1.013614481014496,0.7560961086134517,0.4308134160076732,1.0390442484166105,1.1701399080324821,1.723549897922421,15.0,0.7,0.7333333333333334,1.0,0.1347,S1,1,1,0,0,0,0.26666666666666666,0.7333333333333334,0.43182225818203523,BEAR,0.0,1.0,0.7760797371535566,True,False,0.8349926004331931,True,285.72,544.0,258.28,0.99,60% book +0.75R 10:00 · runner stop 10:10,1
TMPV|SELL|09:45|201,TMPV,SELL,SELL-EX1,201,09:45,302.0,AUTO,2026-09-09T09:45:00+05:30,15.073,34.29,False,A+ score 34.29 below 70.00,MOMENTUM-EXTENDED,210,0,A+ score 34.29 below 70.00,1.3394335255678125,0.13067425302470959,1.1174645300288086,0.8816233906204493,3.038168199864242,1.5958045004834798,1.0,0.7330568051222007,0.7330568051222007,0.6865058513888925,1.278114912141753,25.0,0.7,0.7333333333333334,1.0,0.1347,S1,1,1,0,0,0,0.26666666666666666,0.7333333333333334,0.43182225818203523,BEAR,0.0,1.0,0.6220110295491965,True,False,1.3394335255678125,True,184.8,444.0,259.2,1.05,60% book +0.75R 09:55 · runner stop 10:10,1
MAZDOCK|SELL|09:45|203,MAZDOCK,SELL,SELL-EX3,203,09:45,2432.0,DEF,2026-09-09T09:45:00+05:30,13.623,30.92,False,A+ score 30.92 below 70.00,MOMENTUM-EXTENDED,210,0,A+ score 30.92 below 70.00,0.40950040950040734,-0.36036235987408904,0.9247868963252471,1.0589559589291233,2.8721196554650668,2.0840049923597883,1.0,1.4795389059344444,1.6439321177049382,1.7087109927954194,1.7062236286919832,15.0,0.7,0.7333333333333334,0.8333333333333334,0.1347,S1,1,1,0,0,0,0.26666666666666666,0.7333333333333334,0.43182225818203523,BEAR,0.16666666666666666,0.8333333333333334,0.3868627098088828,False,True,0.40950040950040734,True,709.42,936.0,226.58,1.05,60% book +0.75R 09:55 · runner stop 10:05,1
ASHOKLEY|SELL|09:45|201,ASHOKLEY,SELL,SELL-EX1,201,09:45,167.17,AUTO,2026-09-09T09:45:00+05:30,11.139,30.74,False,A+ score 30.74 below 70.00,MOMENTUM-EXTENDED,210,0,A+ score 30.74 below 70.00,1.2172768484319696,1.0813696609677903,1.273404680621612,1.0610342048317007,3.522078683416065,2.103180712112902,0.9545359966708281,1.0020083060075877,1.1915997819215935,0.5934654360133489,0.7214010711121217,15.0,0.7,0.7333333333333334,1.0,0.1347,S1,1,1,0,0,0,0.26666666666666666,0.7333333333333334,0.43182225818203523,BEAR,0.0,1.0,0.6220110295491965,True,False,1.2172768484319696,True,332.72,592.0,259.28,0.87,60% book +0.75R 10:00 · runner stop 10:20,1
M&M|SELL|09:45|209,M&M,SELL,SELL-EX8,209,09:45,3127.0,AUTO,2026-09-09T09:45:00+05:30,13.491,28.49,False,A+ score 28.49 below 70.00,MOMENTUM-CONTROLLED,210,0,A+ score 28.49 below 70.00,0.8654867452532744,0.3645816765045051,0.6065407903062553,0.3063985863086455,1.7736774365399859,1.1703694271402298,0.9242435451653473,0.5022453920844833,1.10495621171972,0.3146717706838016,0.6065441768538175,15.0,0.7,0.7333333333333334,1.0,0.1347,S1,1,1,0,0,0,0.26666666666666666,0.7333333333333334,0.43182225818203523,BEAR,0.0,1.0,0.6220110295491965,True,False,0.8654867452532744,True,59.82,317.0,257.18,0.6,59% book +0.75R 10:00 · runner stop 10:10,1
BDL|SELL|09:45|201,BDL,SELL,SELL-EX1,201,09:45,1231.0,DEF,2026-09-09T09:45:00+05:30,11.422,25.0,False,A+ score 25.00 below 70.00,MOMENTUM-CONTROLLED,210,0,A+ score 25.00 below 70.00,0.3642250101173583,-0.3156636514821898,0.5343519117309159,1.0353928886483572,1.8222916543009278,1.396432196088141,1.0,1.5383648709635371,1.727308258443211,0.9829721206055702,0.8906195725698824,5.0,0.7,0.7333333333333334,0.8333333333333334,0.1347,S1,1,1,0,0,0,0.26666666666666666,0.7333333333333334,0.43182225818203523,BEAR,0.16666666666666666,0.8333333333333334,0.3868627098088828,False,True,0.3642250101173583,False,695.24,891.0,195.76,0.99,60% book +0.75R 09:50 · runner stop 09:55,1
ZYDUSLIFE|SELL|09:45|202,ZYDUSLIFE,SELL,SELL-EX2,202,09:45,1144.4,PHA,2026-09-09T09:45:00+05:30,15.425,19.01,False,A+ score 19.01 below 70.00,MOMENTUM-EXTENDED,210,0,A+ score 19.01 below 70.00,0.41767551007271253,-0.20014348467205512,0.2410522851730672,0.42767697087146395,1.6329271444511233,2.504350777236222,0.8333107283331073,0.4879064921161661,0.5855036729121895,0.2549296134343139,0.6632216152369703,10.0,0.7,0.7333333333333334,0.6923076923076923,0.1347,S1,1,1,0,0,0,0.26666666666666666,0.7333333333333334,0.43182225818203523,BEAR,0.3076923076923077,0.6923076923076923,0.28261046478713636,False,True,0.41767551007271253,True,-687.57,-377.0,310.57,-1.0,SL 09:50,0
TRENT|BUY|09:50|101,TRENT,BUY,BUY-EX,101,09:50,2817.3,CONSUMPTION,2026-09-09T09:50:00+05:30,10.125,61.82,False,opening market breadth below 55% in signal direction,MOMENTUM-CONTROLLED,210,0,opening market breadth below 55% in signal direction,0.43850441454991174,-0.4919803503787845,0.2830773149333733,0.2205029635046356,2.156284460834482,1.8331037418908533,1.0,2.174457279831061,2.2907387214158645,0.9794944864329079,3.0808651597817613,95.0,0.3,0.3,0.2,0.1347,S1,1,1,0,0,0,0.3,0.3,-0.4560575759643082,BEAR,0.2,0.2,-0.8204700319844216,False,True,0.43850441454991174,True,-628.53,-488.0,140.53,-0.55,momentum failure 10:00,0
UPL|SELL|09:50|201,UPL,SELL,SELL-EX1,201,09:50,571.15,CHEMICALS,2026-09-09T09:50:00+05:30,10.257,53.49,False,A+ score 53.49 below 70.00,MOMENTUM-CONTROLLED,210,0,A+ score 53.49 below 70.00,0.43580578638579004,0.026152603099027782,0.17891218469991485,0.28187888685434637,1.1613600609727601,0.542770075300166,0.699981689453125,0.9392737556121465,1.5655199605238461,2.685651012505396,10.33521113197554,5.0,0.7,0.7,0.8,0.1347,S1,1,1,0,0,0,0.3,0.7,0.4560575759643082,BEAR,0.2,0.8,0.43580578638579004,False,True,0.43580578638579004,True,294.95,554.0,259.05,0.84,60% book +0.75R 09:55 · runner stop 10:05,1
GRASIM|SELL|09:50|280,GRASIM,SELL,NORMAL SELL,280,09:50,3290.8999,CEMENT,2026-09-09T09:50:00+05:30,7.398,52.77,False,A+ score 52.77 below 70.00,MOMENTUM-CONTROLLED,210,0,A+ score 52.77 below 70.00,0.27576053503788334,-0.12727124763256548,-0.01743039014749336,-0.049865123959248005,0.8613740784828036,1.0610962636360615,1.0,0.6028804697083301,0.6028804697083301,1.2067269067241986,3.993129713987006,5.0,0.7,0.7,0.8,0.1347,S1,1,1,0,0,0,0.3,0.7,0.4560575759643082,BEAR,0.2,0.8,0.5043382496010107,True,False,0.27576053503788334,False,-29.04,228.0,257.04,0.68,60% book +0.75R 09:55 · runner stop 10:00,0
HYUNDAI|SELL|09:50|209,HYUNDAI,SELL,SELL-EX8,209,09:50,2194.6001,AUTO,2026-09-09T09:50:00+05:30,7.684,31.65,False,A+ score 31.65 below 70.00,MOMENTUM-CONTROLLED,210,0,A+ score 31.65 below 70.00,1.1441397452139679,0.45045045045044585,0.7805814270909185,0.5058078417781989,2.3752695041914595,1.8635747381377836,1.0,0.8643983443387304,0.8643983443387304,0.38732099099015155,0.6431499961321265,20.0,0.7,0.7,0.9411764705882353,0.1347,S1+S4,2,1,0,0,1,0.3,0.7,0.4560575759643082,BEAR,0.058823529411764705,0.9411764705882353,0.6937784441350181,True,False,1.1441397452139679,True,-28.92,229.0,257.92,0.44,59% book +0.75R 09:55 · runner stop 10:00,0
SOLARINDS|SELL|09:50|209,SOLARINDS,SELL,SELL-EX8,209,09:50,22325.0,DEF,2026-09-09T09:50:00+05:30,9.748,18.89,False,A+ score 18.89 below 70.00,REVERSION-ALIGNMENT,210,0,A+ score 18.89 below 70.00,-0.17949293246577458,-1.076957594794714,0.3345081033022702,-0.22577383054433153,0.9820222630556485,1.0384455619442021,0.9166666666666666,0.4576108270630921,0.9152216541261842,0.6808187541522984,1.354310887350535,10.0,0.7,0.7,0.6666666666666667,0.1347,S1,1,1,0,0,0,0.3,0.7,0.4560575759643082,BEAR,0.3333333333333333,0.6666666666666667,0.5238780490628481,True,False,-0.17949293246577458,False,-397.61,-165.0,232.61,-0.25,momentum failure 10:00,0
TATAELXSI|SELL|09:55|201,TATAELXSI,SELL,SELL-EX1,201,09:55,3426.7,IT,2026-09-09T09:55:00+05:30,4.933,63.55,False,A+ score 63.55 below 70.00,MOMENTUM-EXTENDED,210,0,A+ score 63.55 below 70.00,1.8671769808783156,1.3030155867142845,1.5308890899722256,1.472443422380087,3.461064366772212,1.3768009870334605,0.8349569793074024,0.8311080665615835,1.1726570422449634,2.7025746615404236,3.8021020251217634,15.0,0.7,0.719047619047619,1.0,0.1347,S1,1,1,0,0,0,0.28095238095238095,0.719047619047619,0.5261456202561354,BEAR,0.0,1.0,2.6135867603648775,True,False,1.8671769808783156,False,-976.83,-669.0,307.83,-1.0,SL 10:20,0
CDSL|SELL|09:55|201,CDSL,SELL,SELL-EX1,201,09:55,1370.7,CAPMKTS,2026-09-09T09:55:00+05:30,1.725,50.6,False,A+ score 50.60 below 70.00,MOMENTUM-EXTENDED,210,0,A+ score 50.60 below 70.00,2.057881302474096,0.46445158985352064,1.8086912414371428,2.094047049493719,3.7812509227756865,1.8103033093485266,0.9444576311417042,0.716348452995513,0.9550988845468001,0.9397965179096028,2.3811764705882354,15.0,0.7,0.719047619047619,0.8333333333333334,0.1347,S1,1,1,0,0,0,0.28095238095238095,0.719047619047619,0.5261456202561354,BEAR,0.16666666666666666,0.8333333333333334,1.4311961497946668,True,False,2.057881302474096,True,366.07,625.0,258.93,0.93,60% book +0.75R 10:15 · runner stop 10:25,1
SWIGGY|SELL|09:55|280,SWIGGY,SELL,NORMAL SELL,280,09:55,272.6,NEWAGE,2026-09-09T09:55:00+05:30,4.889,48.38,False,A+ score 48.38 below 70.00,MOMENTUM-EXTENDED,210,0,A+ score 48.38 below 70.00,1.5884454499943579,1.0469292045069967,1.190472659668027,1.4791136906537241,2.8589169523551887,1.6823719801646153,0.8888914006691383,1.167781899976457,1.8546655702207504,1.483336497498985,2.5993407535676702,25.0,0.7,0.719047619047619,0.8,0.1347,S1,1,1,0,0,0,0.28095238095238095,0.719047619047619,0.5261456202561354,BEAR,0.2,0.8,0.807947695638267,True,False,1.5884454499943579,True,-1153.88,-900.0,253.88,-1.0,SL 10:20,0
BHARATFORG|SELL|09:55|209,BHARATFORG,SELL,SELL-EX8,209,09:55,1984.3,AUTO,2026-09-09T09:55:00+05:30,1.483,39.93,False,A+ score 39.93 below 70.00,MOMENTUM-CONTROLLED,210,0,A+ score 39.93 below 70.00,0.5861698983905317,0.01001759378130851,1.1480694129716824,-0.21589847635359674,2.197262627692097,0.8664222774446423,0.9347716476925935,0.3234887126393997,0.8753428951881731,0.44393848824857507,2.422857142857143,15.0,0.7,0.719047619047619,0.9411764705882353,0.1347,S1,1,1,0,0,0,0.28095238095238095,0.719047619047619,0.5261456202561354,BEAR,0.058823529411764705,0.9411764705882353,0.7057445471366663,True,False,0.5861698983905317,False,430.16,688.0,257.84,1.17,60% book +0.75R 10:20 · runner stop 10:30,1
KFINTECH|SELL|09:55|280,KFINTECH,SELL,NORMAL SELL,280,09:55,911.55,CAPMKTS,2026-09-09T09:55:00+05:30,3.262,39.53,False,A+ score 39.53 below 70.00,MOMENTUM-EXTENDED,210,0,A+ score 39.53 below 70.00,1.6613651449656541,0.6958317193042629,1.0076667496378637,1.0178699682379613,2.8145737166408367,1.5069392356827163,0.8166707356770834,0.9642671385655103,1.1807293887738712,1.3006555423122765,1.6176964502866409,10.0,0.7,0.719047619047619,0.8333333333333334,0.1347,S1,1,1,0,0,0,0.28095238095238095,0.719047619047619,0.5261456202561354,BEAR,0.16666666666666666,0.8333333333333334,1.4311961497946668,True,False,1.6613651449656541,True,144.78,404.0,259.22,0.56,60% book +0.75R 10:05 · runner stop 10:20,1
PIIND|SELL|09:55|203,PIIND,SELL,SELL-EX3,203,09:55,2372.0,CHEMICALS,2026-09-09T09:55:00+05:30,4.292,38.07,False,A+ score 38.07 below 70.00,MOMENTUM-EXTENDED,210,0,A+ score 38.07 below 70.00,0.9603340292275608,-0.0,1.1829687859303297,1.5317358168240454,3.5052180721911848,1.863161965096108,0.8461466231601681,1.8652907587290244,2.2044533508419395,1.9376463339494763,1.9719087032856784,15.0,0.7,0.719047619047619,1.0,0.1347,S1,1,1,0,0,0,0.28095238095238095,0.719047619047619,0.5261456202561354,BEAR,0.0,1.0,0.618852728499597,True,False,0.9603340292275608,True,-1190.41,-900.0,290.41,-1.0,SL 10:10,0
GODREJCP|SELL|09:55|209,GODREJCP,SELL,SELL-EX8,209,09:55,859.05,FMCG,2026-09-09T09:55:00+05:30,2.36,36.46,False,A+ score 36.46 below 70.00,PULLBACK-REENTRY,210,0,A+ score 36.46 below 70.00,1.0709953422516572,0.39729962214222203,1.1540183902231638,0.5944369406888371,3.1317358295602458,2.0855344647528042,0.9729792147806005,1.0135773223935718,1.1029881392219567,0.8202031124871842,1.3394976883668623,15.0,0.7,0.719047619047619,1.0,0.1347,S1+S2,2,1,1,0,0,0.28095238095238095,0.719047619047619,0.5261456202561354,BEAR,0.0,1.0,0.8525995214357485,True,False,1.0709953422516572,True,-511.96,-276.0,235.96,-0.48,momentum failure 10:10,0
PNBHOUSING|SELL|09:55|203,PNBHOUSING,SELL,SELL-EX3,203,09:55,1154.3,FIN,2026-09-09T09:55:00+05:30,4.337,34.56,False,A+ score 34.56 below 70.00,MOMENTUM-EXTENDED,210,0,A+ score 34.56 below 70.00,1.257480853026094,0.34217279726261873,1.396934060172647,1.6277585138448711,3.1741139874001782,1.6390366281613198,0.8363591974431818,1.3514620236381814,1.6158870826909189,1.0005415437677776,1.3895582329317269,10.0,0.7,0.719047619047619,0.9375,0.1347,S1,1,1,0,0,0,0.28095238095238095,0.719047619047619,0.5261456202561354,BEAR,0.0625,0.9375,0.7240322116913223,True,False,1.257480853026094,True,-1173.18,-899.0,274.18,-1.0,SL 10:30,0
LICHSGFIN|SELL|09:55|280,LICHSGFIN,SELL,NORMAL SELL,280,09:55,552.55,FIN,2026-09-09T09:55:00+05:30,3.351,33.17,False,A+ score 33.17 below 70.00,MOMENTUM-EXTENDED,210,0,A+ score 33.17 below 70.00,1.4711127281703318,0.09807200516056547,-0.16476882313784927,-0.8358479088922477,2.063577068503163,3.137046312967846,1.0,1.132029969044119,1.132029969044119,0.32162172173655357,1.0398826277022577,25.0,0.7,0.719047619047619,0.9375,0.1347,S1+S4,2,1,0,0,1,0.28095238095238095,0.719047619047619,0.5261456202561354,BEAR,0.0625,0.9375,0.7240322116913223,True,False,1.4711127281703318,True,-1189.17,-899.0,290.17,-1.0,SL 10:30,0
LICI|SELL|09:55|201,LICI,SELL,SELL-EX1,201,09:55,408.15,INSURANCE,2026-09-09T09:55:00+05:30,3.374,26.62,False,A+ score 26.62 below 70.00,MOMENTUM-CONTROLLED,210,0,A+ score 26.62 below 70.00,0.402633954522702,-0.024403637504777365,0.8015831919871028,1.2641623307769323,2.0034969789118398,1.105242098668157,0.8333389847750161,0.9209701927185984,1.1840758546283103,0.8031573508631047,1.1314184722484553,15.0,0.7,0.719047619047619,1.0,0.1347,S1,1,1,0,0,0,0.28095238095238095,0.719047619047619,0.5261456202561354,BEAR,0.0,1.0,1.3368983957219305,True,False,0.402633954522702,False,196.78,456.0,259.22,0.9,60% book +0.75R 10:05 · runner stop 10:15,1
ITC|SELL|09:55|203,ITC,SELL,SELL-EX3,203,09:55,262.1,FMCG,2026-09-09T09:55:00+05:30,3.064,26.61,False,A+ score 26.61 below 70.00,MOMENTUM-EXTENDED,210,0,A+ score 26.61 below 70.00,0.7008926000975357,0.11366482162219471,1.3603666815061641,1.60776390068318,2.635679411985908,1.2106870407791468,1.0,0.883688383916377,0.883688383916377,0.32785588337763066,0.6367224894519755,15.0,0.7,0.719047619047619,1.0,0.1347,S1,1,1,0,0,0,0.28095238095238095,0.719047619047619,0.5261456202561354,BEAR,0.0,1.0,0.8525995214357485,True,False,0.7008926000975357,False,14.74,274.0,259.26,0.64,60% book +0.75R 10:00 · runner stop 10:05,1
AMBER|SELL|09:55|209,AMBER,SELL,SELL-EX8,209,09:55,7296.5,CDUR,2026-09-09T09:55:00+05:30,1.044,21.19,False,A+ score 21.19 below 70.00,REVERSION-ALIGNMENT,210,0,A+ score 21.19 below 70.00,-0.013707079706670733,-0.596257967240077,0.02092262434133874,0.49609009760160633,1.2219308729465594,1.6659221284070482,1.0,1.1730877499799033,1.1730877499799033,0.8681624249113794,0.8386303055156858,38.0,0.7,0.719047619047619,0.7777777777777778,0.1347,S1+S2,2,1,1,0,0,0.28095238095238095,0.719047619047619,0.5261456202561354,BEAR,0.2222222222222222,0.7777777777777778,0.4457631059143763,False,True,-0.013707079706670733,False,-937.23,-628.0,309.23,-1.0,SL 10:20,0
SUNPHARMA|SELL|09:55|209,SUNPHARMA,SELL,SELL-EX8,209,09:55,1885.6,PHA,2026-09-09T09:55:00+05:30,4.822,20.8,False,A+ score 20.80 below 70.00,MOMENTUM-EXTENDED,210,0,A+ score 20.80 below 70.00,0.22752784658321978,-0.17990498810203093,-0.19777045449856068,-0.17611069589053277,0.947663095310291,2.5332201909939616,1.0,0.9365091957446527,0.9365091957446527,0.20871559633027523,0.5967213114754099,25.0,0.7,0.719047619047619,0.7692307692307692,0.1347,S1,1,1,0,0,0,0.28095238095238095,0.719047619047619,0.5261456202561354,BEAR,0.23076923076923078,0.7692307692307692,0.3260869565217428,False,True,0.22752784658321978,False,301.48,560.0,258.52,1.34,60% book +0.75R 10:00 · runner stop 10:15,1
JSWSTEEL|SELL|09:55|201,JSWSTEEL,SELL,SELL-EX1,201,09:55,1292.3,MET,2026-09-09T09:55:00+05:30,3.152,18.78,False,A+ score 18.78 below 70.00,MOMENTUM-CONTROLLED,210,0,A+ score 18.78 below 70.00,0.5617056705869206,-0.18467408888496184,0.5447427476341443,0.8339354332853202,2.1225253530256194,1.9435653808591804,0.8703573931324456,1.5488867312337704,1.7795985229231808,0.42896432879545066,1.197321840849623,0.0,0.7,0.719047619047619,0.30000000000000004,0.1347,S1,1,1,0,0,0,0.28095238095238095,0.719047619047619,0.5261456202561354,BEAR,0.7,0.30000000000000004,-0.2808792239514357,False,True,0.5617056705869206,True,-1192.44,-898.0,294.44,-1.0,SL 10:15,0
MAXHEALTH|BUY|10:00|101,MAXHEALTH,BUY,BUY-EX,101,10:00,1034.4,HOSPITALS,2026-09-09T10:00:00+05:30,13.475,96.0,False,opening market breadth below 55% in signal direction,MOMENTUM-EXTENDED,210,0,opening market breadth below 55% in signal direction,3.9284675073488318,0.35165277232254155,2.168888453424151,2.507245762198188,4.969733064331441,2.63635293300771,0.9450547976444391,1.7779799640196694,2.1864217412740516,2.020129802976131,11.348512324534891,100.0,0.3,0.2857142857142857,1.0,0.1347,S1,1,1,0,0,0,0.2857142857142857,0.2857142857142857,-0.5386847826455821,BEAR,1.0,1.0,1.4374183285040587,True,False,3.9284675073488318,True,-565.63,-439.0,126.63,-0.49,time exit 11:00,0
DLF|SELL|10:00|201,DLF,SELL,SELL-EX1,201,10:00,665.4,REALTY,2026-09-09T10:00:00+05:30,11.928,61.44,False,A+ score 61.44 below 70.00,MOMENTUM-EXTENDED,210,0,A+ score 61.44 below 70.00,1.3052488332299883,0.9492768166988963,1.1417064146173617,1.0749935562756945,2.6429518305343564,1.5686637525163878,1.0,1.1759799172931547,1.5488328109500697,0.3815664203012044,6.888282873747336,25.0,0.7,0.7142857142857143,1.0,0.1347,S1,1,1,0,0,0,0.2857142857142857,0.7142857142857143,0.5386847826455821,BEAR,0.0,1.0,0.9804477857768223,True,False,1.3052488332299883,True,155.09,385.0,229.91,0.43,60% book +0.75R 10:05 · runner stop 10:10,1
GODFRYPHLP|SELL|10:00|201,GODFRYPHLP,SELL,SELL-EX1,201,10:00,1993.1,FMCG,2026-09-09T10:00:00+05:30,12.194,44.35,False,A+ score 44.35 below 70.00,MOMENTUM-CONTROLLED,210,0,A+ score 44.35 below 70.00,0.9344424971414855,0.09443930568149295,0.8071226160865619,1.0529746556494821,2.3603215357175484,1.612834162609203,0.660009765625,0.6650057334560592,1.2314586935376908,2.0179232660173634,2.629231704844922,10.0,0.7,0.7142857142857143,1.0,0.1347,S1,1,1,0,0,0,0.2857142857142857,0.7142857142857143,0.5386847826455821,BEAR,0.0,1.0,0.8972456073394031,True,False,0.9344424971414855,True,865.45,1124.0,258.55,2.43,60% book +0.75R 10:05 · runner stop 10:20,1
ASIANPAINT|SELL|10:00|201,ASIANPAINT,SELL,SELL-EX1,201,10:00,2458.7,CHEMICALS,2026-09-09T10:00:00+05:30,11.025,35.93,False,A+ score 35.93 below 70.00,MOMENTUM-EXTENDED,210,0,A+ score 35.93 below 70.00,1.1379191326145954,0.9288338422295928,1.8018308979428859,1.760192661954295,3.900881447368258,2.2275215425815587,0.8888888888888888,0.8572657637892785,1.01517009689457,1.2742552370258604,1.7147916420729548,15.0,0.7,0.7142857142857143,0.8,0.1347,S1,1,1,0,0,0,0.2857142857142857,0.7142857142857143,0.5386847826455821,BEAR,0.2,0.8,0.8367556216924865,True,False,1.1379191326145954,True,-763.4,-454.0,309.4,-1.0,SL 10:10,0
INDUSINDBK|BUY|10:00|103,INDUSINDBK,BUY,BUY-EX4,103,10:00,1000.0,BANK,2026-09-09T10:00:00+05:30,12.767,33.38,False,opening market breadth below 55% in signal direction,PULLBACK-REENTRY,210,0,opening market breadth below 55% in signal direction,0.09008351877244358,-0.11009664826509002,0.2803530822637757,-0.2979719941091329,1.6727620482643606,1.967742892055232,0.8,1.0061634549288936,1.3974587200802782,0.5203715634706183,1.4899504405286343,75.0,0.3,0.2857142857142857,0.2727272727272727,0.1347,S1+S2,2,1,1,0,0,0.2857142857142857,0.2857142857142857,-0.5386847826455821,BEAR,0.2727272727272727,0.2727272727272727,-0.35306552047386086,True,False,0.09008351877244358,True,207.27,467.0,259.73,0.85,60% book +0.75R 10:10 · breadth flip 10:10,1
LODHA|SELL|10:00|280,LODHA,SELL,NORMAL SELL,280,10:00,1201.0,REALTY,2026-09-09T10:00:00+05:30,13.251,31.46,False,A+ score 31.46 below 70.00,PULLBACK-REENTRY,210,0,A+ score 31.46 below 70.00,0.9974425710538082,0.6264921060827322,1.2065888374505416,0.5204153051211644,2.781224275523261,1.6075639767564127,0.7368454866688082,0.8701514416364337,1.1809143943736238,0.4265302381006944,0.402628305662214,15.0,0.7,0.7142857142857143,1.0,0.1347,S1+S2+S4,3,1,1,0,1,0.2857142857142857,0.7142857142857143,0.5386847826455821,BEAR,0.0,1.0,0.9804477857768223,True,False,0.9974425710538082,True,-69.31,190.0,259.31,0.3,60% book +0.75R 10:05 · runner stop 10:10,0
DELHIVERY|SELL|10:00|201,DELHIVERY,SELL,SELL-EX1,201,10:00,448.7,LOGISTICS,2026-09-09T10:00:00+05:30,11.86,31.15,False,A+ score 31.15 below 70.00,MOMENTUM-CONTROLLED,210,0,A+ score 31.15 below 70.00,1.003858310638439,0.2978502158887175,1.085628074661069,1.3775580847567328,2.430909313514678,1.2460210234412203,0.7777627072666237,0.5549359200934619,0.7135028652167364,0.697332929379801,2.2144547464794195,20.0,0.7,0.7142857142857143,0.33333333333333337,0.1347,S1+S4,2,1,0,0,1,0.2857142857142857,0.7142857142857143,0.5386847826455821,BEAR,0.6666666666666666,0.33333333333333337,-0.4075522451230107,False,True,1.003858310638439,True,18.63,278.0,259.37,0.63,60% book +0.75R 10:05 · runner stop 10:10,1
MFSL|SELL|10:00|201,MFSL,SELL,SELL-EX1,201,10:00,1474.6,INSURANCE,2026-09-09T10:00:00+05:30,13.543,31.11,False,A+ score 31.11 below 70.00,MOMENTUM-CONTROLLED,210,0,A+ score 31.11 below 70.00,1.430482915378506,0.17379515948779956,0.9695408416551763,1.5432370292570292,2.2366385976489322,1.1843919351563479,0.36363636363636365,0.08598888544264184,1.1822750144960852,0.6583456027023562,1.1901526656542243,25.0,0.7,0.7142857142857143,1.0,0.1347,S1,1,1,0,0,0,0.2857142857142857,0.7142857142857143,0.5386847826455821,BEAR,0.0,1.0,1.430482915378506,True,False,1.430482915378506,True,-336.33,-101.0,235.33,-0.26,momentum failure 10:10,0
HDFCAMC|SELL|10:00|201,HDFCAMC,SELL,SELL-EX1,201,10:00,2428.0,CAPMKTS,2026-09-09T10:00:00+05:30,12.371,29.16,False,A+ score 29.16 below 70.00,PULLBACK-REENTRY,210,0,A+ score 29.16 below 70.00,0.6952965235173858,0.6134969325153339,0.7586739385471825,0.6791289586987496,2.1723282562231487,1.8780120313889335,0.8372225061034463,0.7688342609438911,0.9183153287674457,0.4410725026116135,0.9587155963302753,15.0,0.7,0.7142857142857143,0.8333333333333334,0.1347,S1+S2,2,1,1,0,0,0.2857142857142857,0.7142857142857143,0.5386847826455821,BEAR,0.16666666666666666,0.8333333333333334,1.407290644972542,True,False,0.6952965235173858,False,224.4,482.0,257.6,1.16,60% book +0.75R 10:05 · runner stop 10:10,1
RECLTD|SELL|10:00|207,RECLTD,SELL,SELL-EX6,207,10:00,315.45,FIN,2026-09-09T10:00:00+05:30,14.415,28.7,False,A+ score 28.70 below 70.00,PULLBACK-REENTRY,210,0,A+ score 28.70 below 70.00,0.6769502062867194,0.33061029293703914,0.406637321973758,-0.027213669896219216,1.6809898932748462,1.255223178005158,0.7058739049260376,0.8992315867892987,1.2739266609997735,0.8125436016830121,0.7596573178531971,15.0,0.7,0.7142857142857143,0.9375,0.1347,S1+S2+S4,3,1,1,0,1,0.2857142857142857,0.7142857142857143,0.5386847826455821,BEAR,0.0625,0.9375,0.7572331902701068,True,False,0.6769502062867194,False,56.7,316.0,259.3,0.6,60% book +0.75R 10:05 · runner stop 10:10,1
PATANJALI|SELL|10:00|205,PATANJALI,SELL,SELL-EX5,205,10:00,339.1,FMCG,2026-09-09T10:00:00+05:30,13.991,27.69,False,A+ score 27.69 below 70.00,MOMENTUM-CONTROLLED,210,0,A+ score 27.69 below 70.00,0.6882430866895772,0.2928686379409684,0.6018834119925811,0.7272445076997864,1.7270928166454278,1.1606346311885465,0.9166369971008596,0.6988950753436474,1.0483692741536164,0.16831166524186475,0.10709744266001037,10.0,0.7,0.7142857142857143,1.0,0.1347,S1,1,1,0,0,0,0.2857142857142857,0.7142857142857143,0.5386847826455821,BEAR,0.0,1.0,0.8972456073394031,True,False,0.6882430866895772,False,-766.07,-455.0,311.07,-1.0,SL 10:10,0
NAM-INDIA|SELL|10:00|201,NAM-INDIA,SELL,SELL-EX1,201,10:00,1178.4,CAPMKTS,2026-09-09T10:00:00+05:30,13.655,26.44,False,A+ score 26.44 below 70.00,PULLBACK-REENTRY,210,0,A+ score 26.44 below 70.00,0.7746675110308909,0.10104001318145261,0.7016749722726987,0.538838382118324,2.165854495263597,1.8244204207144228,0.5555404855554048,0.259438246139917,0.6671915552108854,0.524567780504456,0.6874622173860476,5.0,0.7,0.7142857142857143,0.8333333333333334,0.1347,S1+S2,2,1,1,0,0,0.2857142857142857,0.7142857142857143,0.5386847826455821,BEAR,0.16666666666666666,0.8333333333333334,1.407290644972542,True,False,0.7746675110308909,False,161.74,421.0,259.26,1.61,60% book +0.75R 10:05 · runner stop 10:10,1
UNOMINDA|SELL|10:00|205,UNOMINDA,SELL,SELL-EX5,205,10:00,1227.0,AUTO,2026-09-09T10:00:00+05:30,15.122,24.47,False,A+ score 24.47 below 70.00,PULLBACK-REENTRY,210,0,A+ score 24.47 below 70.00,0.41392546765631755,-0.397696981670026,0.7577463878583216,0.7117144211276206,1.7309279079952737,1.229587456875702,0.6250095368886854,0.2811757251216881,0.6427223978322228,0.24970290306151322,0.39734353894642055,15.0,0.7,0.7142857142857143,0.8823529411764706,0.1347,S1+S2,2,1,1,0,0,0.2857142857142857,0.7142857142857143,0.5386847826455821,BEAR,0.11764705882352941,0.8823529411764706,0.8851703844572345,True,False,0.41392546765631755,False,-563.08,-253.0,310.08,-1.0,SL 10:05,0
PAGEIND|SELL|10:00|207,PAGEIND,SELL,SELL-EX6,207,10:00,35625.0,CONSUMPTION,2026-09-09T10:00:00+05:30,13.967,17.86,False,A+ score 17.86 below 70.00,MOMENTUM-EXTENDED,210,0,A+ score 17.86 below 70.00,0.9178139340842772,0.6535947712418277,1.6979969931070986,1.7520050586698706,3.108354344116353,1.2093331325130814,0.4444444444444444,0.2454493116862815,0.7363479350588445,0.5194805194805194,0.7875243664717348,15.0,0.7,0.7142857142857143,0.6,0.1347,S1,1,1,0,0,0,0.2857142857142857,0.7142857142857143,0.5386847826455821,BEAR,0.4,0.6,0.9178139340842772,True,False,0.9178139340842772,True,-223.02,36.0,259.02,0.19,57% book +0.75R 10:10 · runner stop 10:15,0
UNITDSPR|SELL|10:05|280,UNITDSPR,SELL,NORMAL SELL,280,10:05,1417.3,FMCG,2026-09-09T10:05:00+05:30,10.106,64.16,False,A+ score 64.16 below 70.00,MOMENTUM-EXTENDED,210,0,A+ score 64.16 below 70.00,1.6446877981870278,0.09021851687196492,1.3209600383058722,1.243711555655821,3.6800531875825118,2.1251530028086902,0.9381347293709021,2.2851134041274643,3.121949803692738,2.18246291033296,7.325748293366007,30.0,0.7,0.7095238095238094,1.0,0.1347,S1,1,1,0,0,0,0.2904761904761905,0.7095238095238094,0.5990535739586467,BEAR,0.0,1.0,1.0362345471102874,True,False,1.6446877981870278,True,-348.88,-200.0,148.88,-0.22,momentum failure 10:20,0
PHOENIXLTD|SELL|10:05|280,PHOENIXLTD,SELL,NORMAL SELL,280,10:05,1868.3,REALTY,2026-09-09T10:05:00+05:30,9.134,46.55,False,A+ score 46.55 below 70.00,MOMENTUM-EXTENDED,210,0,A+ score 46.55 below 70.00,1.0853451646572587,0.1429517774452993,1.156662679213911,1.6753945756272715,3.3516363497533037,2.410334890530828,0.7052580180921053,1.6449857874773324,2.3324595329343714,1.2656990068754774,2.8086116290896763,15.0,0.7,0.7095238095238094,1.0,0.1347,S1,1,1,0,0,0,0.2904761904761905,0.7095238095238094,0.5990535739586467,BEAR,0.0,1.0,1.152859482645191,True,False,1.0853451646572587,False,-582.39,-356.0,226.39,-0.4,momentum failure 10:15,0
MARUTI|SELL|10:05|201,MARUTI,SELL,SELL-EX1,201,10:05,12576.0,AUTO,2026-09-09T10:05:00+05:30,8.459,45.25,False,A+ score 45.25 below 70.00,MOMENTUM-CONTROLLED,210,0,A+ score 45.25 below 70.00,0.5220692928334159,0.4508780256288536,0.8336298517428496,1.2797545260403522,2.0585195626426813,1.3860961527794786,0.92,1.1875422442346157,1.290806787211539,0.8560507546203255,2.9230355220667383,15.0,0.7,0.7095238095238094,0.8235294117647058,0.1347,S1,1,1,0,0,0,0.2904761904761905,0.7095238095238094,0.5990535739586467,BEAR,0.17647058823529413,0.8235294117647058,0.6138792586437014,True,False,0.5220692928334159,False,-784.52,-485.0,299.52,-1.0,SL 10:20,0
PFC|SELL|10:05|207,PFC,SELL,SELL-EX6,207,10:05,352.7,FIN,2026-09-09T10:05:00+05:30,9.089,29.27,False,A+ score 29.27 below 70.00,PULLBACK-REENTRY,210,0,A+ score 29.27 below 70.00,0.8155213292207253,0.1968538231204242,0.6575118744787638,0.16576019403129075,2.188383579664536,1.7450175007642064,0.727237418853687,0.5847998483245694,0.8041388316436802,0.4586300907272249,0.7880913716574646,20.0,0.7,0.7095238095238094,0.9375,0.1347,S1+S2,2,1,1,0,0,0.2904761904761905,0.7095238095238094,0.5990535739586467,BEAR,0.0625,0.9375,0.8043256024527878,True,False,0.8155213292207253,True,-643.79,-333.0,310.79,-1.0,SL 10:20,0
OIL|BUY|10:10|101,OIL,BUY,BUY-EX,101,10:10,503.1,OIL,2026-09-09T10:10:00+05:30,3.935,77.96,False,opening market breadth below 55% in signal direction,MOMENTUM-CONTROLLED,210,0,opening market breadth below 55% in signal direction,1.5338054699325143,0.5650833083690632,0.8518359000232131,1.7557766974318867,2.106576972212299,1.2317039315035636,0.44897984604269947,0.6848191497443287,1.5252781517484864,1.4135696344765734,5.921635658405101,85.0,0.3,0.3047619047619048,0.7142857142857143,0.1347,S1,1,1,0,0,0,0.3047619047619048,0.3047619047619048,-0.49348811532535786,BEAR,0.7142857142857143,0.7142857142857143,0.21641290009910552,True,False,1.5338054699325143,True,77.68,337.0,259.32,0.57,60% book +0.75R 10:15 · breadth flip 10:15,1
UNIONBANK|BUY|10:10|108,UNIONBANK,BUY,BUY-EX9,108,10:10,183.15,PSUBK,2026-09-09T10:10:00+05:30,5.089,46.25,False,opening market breadth below 55% in signal direction,MOMENTUM-EXTENDED,210,0,opening market breadth below 55% in signal direction,0.46625936944457713,-0.2962197124969701,0.42108088488355483,-0.5707260755331548,1.9247100021344912,2.740504817704164,0.6458134655731451,0.6918663961710099,1.0713099572134097,0.32784075554136816,0.8177758098131875,85.0,0.3,0.3047619047619048,0.8571428571428571,0.1347,S1+S3,2,1,0,1,0,0.3047619047619048,0.3047619047619048,-0.49348811532535786,BEAR,0.8571428571428571,0.8571428571428571,0.080126980509454,True,False,0.46625936944457713,True,35.35,295.0,259.65,0.62,60% book +0.75R 10:15 · breadth flip 10:15,1
UPL|BUY|10:15|101,UPL,BUY,BUY-EX,101,10:15,577.8,CHEMICALS,2026-09-09T10:15:00+05:30,14.95,67.2,False,S1 Morning Base is mandatory,MOMENTUM-EXTENDED,210,0,S1 Morning Base is mandatory,0.7234312215265826,-0.026152603099027782,0.02730111340369851,-0.24008032990875244,3.212428222291226,3.9426765610189345,0.9856062668505037,4.0380984875301005,4.097070628856501,1.560293173911575,12.616922488665537,80.0,0.3,0.36666666666666664,0.6,0.1347,,0,0,0,0,0,0.36666666666666664,0.36666666666666664,-0.38854698832295753,BEAR,0.6,0.6,0.012685344178375857,True,False,0.7234312215265826,True,-464.28,-361.0,103.28,-0.4,momentum failure 10:30,0
HINDZINC|BUY|10:15|106,HINDZINC,BUY,BUY-EX7,106,10:15,601.75,MET,2026-09-09T10:15:00+05:30,12.673,57.86,False,opening market breadth below 55% in signal direction,PULLBACK-REENTRY,210,0,opening market breadth below 55% in signal direction,1.2110019939212346,-0.025223005968422196,0.7997760510472782,0.6554654848590132,2.163745627214674,1.71470217189775,1.0,0.6142509612685267,0.8082145638791794,0.8495584109580859,1.3002014914521924,95.0,0.3,0.36666666666666664,0.7,0.1347,S1+S2,2,1,1,0,0,0.36666666666666664,0.36666666666666664,-0.38854698832295753,BEAR,0.7,0.7,0.5664993793211281,True,False,1.2110019939212346,True,237.46,497.0,259.54,0.87,60% book +0.75R 10:40 · breadth flip 10:40,1
AUBANK|BUY|10:15|105,AUBANK,BUY,BUY-EX6,105,10:15,1073.4,BANK,2026-09-09T10:15:00+05:30,11.4,51.65,False,opening market breadth below 55% in signal direction,PULLBACK-REENTRY,210,0,opening market breadth below 55% in signal direction,0.28026905190348117,0.1494745468464842,0.3126562095095141,0.6045425446287734,1.7530117644441314,2.2932349115180766,1.0,1.0887301908601843,1.6893946944424734,0.7526617666009381,2.2574199664551884,90.0,0.3,0.36666666666666664,0.45454545454545453,0.1347,S1+S2,2,1,1,0,0,0.36666666666666664,0.36666666666666664,-0.38854698832295753,BEAR,0.45454545454545453,0.45454545454545453,-0.04451612618325829,True,False,0.28026905190348117,True,83.72,285.0,201.28,0.32,time exit 11:15,1
AXISBANK|BUY|10:15|102,AXISBANK,BUY,BUY-EX17,102,10:15,1248.7,BANK,2026-09-09T10:15:00+05:30,11.439,44.24,False,opening market breadth below 55% in signal direction,MOMENTUM-EXTENDED,210,0,opening market breadth below 55% in signal direction,0.20060986181624774,-0.5937973546533581,0.19437271663410297,-0.5911663499652405,2.255119473980981,3.2500051302342405,0.9433875351236815,1.916205750575283,2.031196808556583,0.5741583569966321,3.040538272157565,70.0,0.3,0.36666666666666664,0.45454545454545453,0.1347,S1,1,1,0,0,0,0.36666666666666664,0.36666666666666664,-0.38854698832295753,BEAR,0.45454545454545453,0.45454545454545453,-0.04451612618325829,True,False,0.20060986181624774,True,-447.26,-239.0,208.26,-0.27,momentum failure 10:30,0
LTF|BUY|10:20|103,LTF,BUY,BUY-EX4,103,10:20,311.3,FIN,2026-09-09T10:20:00+05:30,8.355,69.6,False,opening market breadth below 55% in signal direction,MOMENTUM-EXTENDED,210,0,opening market breadth below 55% in signal direction,0.8422337165940208,-0.2915530866448135,0.13845034455221994,-0.5181175465652291,2.560341757073305,2.5925713457988984,0.8431288071901292,2.343836012125463,2.7799263791456696,2.876410223723628,4.045395055309537,90.0,0.3,0.38571428571428573,0.3125,0.1347,S1,1,1,0,0,0,0.38571428571428573,0.38571428571428573,-0.31366892003242275,BEAR,0.3125,0.3125,-0.3992754831204537,False,True,0.8422337165940208,True,535.99,697.0,161.01,0.78,60% book +0.75R 10:45 · breadth flip 10:45,1
CANBK|BUY|10:20|101,CANBK,BUY,BUY-EX,101,10:20,125.13,PSUBK,2026-09-09T10:20:00+05:30,6.833,62.12,False,opening market breadth below 55% in signal direction,PULLBACK-REENTRY,210,0,opening market breadth below 55% in signal direction,0.2644184243515646,-0.1602600743156768,0.8109193874505269,0.7812732055791262,2.5009360821126876,2.412507350824638,0.8620662439820052,1.0921112770885806,1.3770397980963989,1.2310179583952725,2.0742590538005907,95.0,0.3,0.38571428571428573,1.0,0.1347,S1+S2,2,1,1,0,0,0.38571428571428573,0.38571428571428573,-0.31366892003242275,BEAR,1.0,1.0,0.2644184243515646,True,False,0.2644184243515646,True,67.42,327.0,259.58,0.6,60% book +0.75R 11:00 · runner stop 11:05,1
INDIANB|BUY|10:20|103,INDIANB,BUY,BUY-EX4,103,10:20,866.05,PSUBK,2026-09-09T10:20:00+05:30,7.853,59.51,False,opening market breadth below 55% in signal direction,PULLBACK-REENTRY,210,0,opening market breadth below 55% in signal direction,0.7855231113568006,0.09892198686944909,0.8673078873183596,0.3982179296486401,2.8238732655499637,2.7128731237065695,0.7796536527838123,1.268349174945126,1.6268110466954004,0.8401540837974862,1.447518082933024,95.0,0.3,0.38571428571428573,1.0,0.1347,S1+S2,2,1,1,0,0,0.38571428571428573,0.38571428571428573,-0.31366892003242275,BEAR,1.0,1.0,0.2644184243515646,True,False,0.7855231113568006,True,-681.25,-446.0,235.25,-0.63,momentum failure 10:30,0
CHOLAFIN|BUY|10:20|105,CHOLAFIN,BUY,BUY-EX6,105,10:20,1829.0,FIN,2026-09-09T10:20:00+05:30,6.892,56.11,False,S1 Morning Base is mandatory,MOMENTUM-CONTROLLED,210,0,S1 Morning Base is mandatory,0.043761560523636334,-0.26254933191174334,-0.13244538589987484,-0.32792442971087493,1.9225490578560689,2.3900048528211286,0.8,1.562259249911037,2.1698192287937363,1.5124830855997768,4.898795583807294,75.0,0.3,0.38571428571428573,0.3125,0.1347,,0,0,0,0,0,0.38571428571428573,0.38571428571428573,-0.31366892003242275,BEAR,0.3125,0.3125,-0.3992754831204537,False,True,0.043761560523636334,True,410.17,629.0,218.83,0.7,60% book +0.75R 10:45 · breadth flip 10:45,1
JINDALSTEL|BUY|10:20|106,JINDALSTEL,BUY,BUY-EX7,106,10:20,1142.1,MET,2026-09-09T10:20:00+05:30,8.046,49.19,False,opening market breadth below 55% in signal direction,MOMENTUM-CONTROLLED,210,0,opening market breadth below 55% in signal direction,0.27216642545544456,-0.08779631255487752,-0.09161056472488155,-0.4730626059537676,1.7610916047778677,1.7517716859112316,0.8703573931324456,1.6832928228824937,2.019960519907033,1.4201496214666487,2.3586042705155865,70.0,0.3,0.38571428571428573,1.0,0.1347,S1,1,1,0,0,0,0.38571428571428573,0.38571428571428573,-0.31366892003242275,BEAR,1.0,1.0,0.6982113344699115,True,False,0.27216642545544456,False,335.03,563.0,227.97,0.63,60% book +0.75R 10:45 · breadth flip 10:45,1
LAURUSLABS|SELL|10:20|202,LAURUSLABS,SELL,SELL-EX2,202,10:20,1929.4,PHA,2026-09-09T10:20:00+05:30,8.258,49.05,False,A+ score 49.05 below 70.00,MOMENTUM-EXTENDED,210,0,A+ score 49.05 below 70.00,0.6999472766823223,-0.20072179176853222,0.3551552829767363,-0.9338450551029609,2.5464891764219417,2.9862980551911162,0.9014063923800354,2.4026512936813935,2.8196363547187007,1.4623961904625715,3.254946687178399,15.0,0.7,0.6142857142857143,0.8461538461538461,0.1347,S1,1,1,0,0,0,0.38571428571428573,0.6142857142857143,0.31366892003242275,BEAR,0.15384615384615385,0.8461538461538461,0.3776840100662038,True,False,0.6999472766823223,True,-391.3,-245.0,146.3,-0.27,momentum failure 10:30,0
BANKINDIA|BUY|10:20|106,BANKINDIA,BUY,BUY-EX7,106,10:20,141.0,PSUBK,2026-09-09T10:20:00+05:30,6.582,48.42,False,opening market breadth below 55% in signal direction,MOMENTUM-CONTROLLED,210,0,opening market breadth below 55% in signal direction,0.3916006149579987,0.08544704776376477,0.28065098181543524,-0.2844801624329662,1.3092373162784712,2.090110937486185,0.7777903362531788,0.7246758449431046,0.9783427997458026,0.6136556083326546,1.7122128836203356,80.0,0.3,0.38571428571428573,1.0,0.1347,S1,1,1,0,0,0,0.38571428571428573,0.38571428571428573,-0.31366892003242275,BEAR,1.0,1.0,0.2644184243515646,True,False,0.3916006149579987,True,-69.59,190.0,259.59,0.45,60% book +0.75R 10:30 · breadth flip 10:30,0
OFSS|SELL|10:20|280,OFSS,SELL,NORMAL SELL,280,10:20,11632.0,IT,2026-09-09T10:20:00+05:30,8.877,39.95,False,A+ score 39.95 below 70.00,MOMENTUM-CONTROLLED,210,0,A+ score 39.95 below 70.00,1.2982605006364056,0.7212558336868846,0.9267605227078158,0.8820607398619296,1.8439797045773954,1.333500489283877,0.9787234042553191,1.257357907774022,1.5152774785994625,0.8361107821408632,1.7064917127071824,15.0,0.7,0.6142857142857143,1.0,0.1347,S1,1,1,0,0,0,0.38571428571428573,0.6142857142857143,0.31366892003242275,BEAR,0.0,1.0,2.385703532175537,True,False,1.2982605006364056,False,208.28,437.0,228.72,0.5,56% book +0.75R 10:30 · runner stop 10:45,1
APLAPOLLO|BUY|10:20|105,APLAPOLLO,BUY,BUY-EX6,105,10:20,2188.7,MET,2026-09-09T10:20:00+05:30,6.308,35.97,False,S1 Morning Base is mandatory,MOMENTUM-CONTROLLED,210,0,S1 Morning Base is mandatory,0.3898724974941592,0.07797225988199763,0.004120888440508168,-0.5114075753134993,2.3715195788930257,2.320855207220312,0.8852357320099256,2.2623216939774697,2.603881882475577,0.6500581568341043,1.4891560292477382,60.0,0.3,0.38571428571428573,1.0,0.1347,,0,0,0,0,0,0.38571428571428573,0.38571428571428573,-0.31366892003242275,BEAR,1.0,1.0,0.6982113344699115,True,False,0.3898724974941592,False,-475.22,-296.0,179.22,-0.33,momentum failure 10:35,0
JSWSTEEL|BUY|10:20|105,JSWSTEEL,BUY,BUY-EX6,105,10:20,1304.3,MET,2026-09-09T10:20:00+05:30,8.104,35.31,False,S1 Morning Base is mandatory,MOMENTUM-CONTROLLED,210,0,S1 Morning Base is mandatory,0.3616553809235423,0.18467408888496184,-0.09896921816199983,-0.6925518380553844,1.8587115458034662,1.9169611867658523,0.8793197794334301,1.5588768579914984,1.8083123786769544,0.5115661684809526,1.4494580940455115,60.0,0.3,0.38571428571428573,1.0,0.1347,,0,0,0,0,0,0.38571428571428573,0.38571428571428573,-0.31366892003242275,BEAR,1.0,1.0,0.6982113344699115,True,False,0.3616553809235423,False,-846.3,-635.0,211.3,-0.71,momentum failure 10:30,0
GMRAIRPORT|BUY|10:20|105,GMRAIRPORT,BUY,BUY-EX6,105,10:20,96.99,INFRA,2026-09-09T10:20:00+05:30,7.373,31.04,False,opening market breadth below 55% in signal direction,REVERSION-ALIGNMENT,210,0,opening market breadth below 55% in signal direction,-0.02062083498652889,-0.05154422292208416,0.15269335866915526,0.13219737997964026,0.9077493726027303,1.351200512284452,0.49998410528658166,0.3028866587859683,1.0384638283847634,0.29233569847642643,1.0009465492833869,80.0,0.3,0.38571428571428573,0.6666666666666666,0.1347,S1+S2,2,1,1,0,0,0.38571428571428573,0.38571428571428573,-0.31366892003242275,BEAR,0.6666666666666666,0.6666666666666666,0.561332320643726,True,False,-0.02062083498652889,False,840.0,1100.0,260.0,3.06,60% book +0.75R 10:25 · breadth flip 10:25,1
MCX|SELL|10:20|207,MCX,SELL,SELL-EX6,207,10:20,3328.2,CAPMKTS,2026-09-09T10:20:00+05:30,8.548,30.68,False,A+ score 30.68 below 70.00,MOMENTUM-EXTENDED,210,0,A+ score 30.68 below 70.00,0.14401586643039144,-0.8100810081008047,0.46705546765902023,-0.48671836099600446,2.072282676663335,3.4887025679736765,0.6692270132211539,0.705046125744662,1.2555531956674277,1.1588270467889061,2.02642151616695,15.0,0.7,0.6142857142857143,0.9166666666666666,0.1347,S1,1,1,0,0,0,0.38571428571428573,0.6142857142857143,0.31366892003242275,BEAR,0.08333333333333333,0.9166666666666666,1.541151268622304,True,False,0.14401586643039144,False,-1013.9,-703.0,310.9,-1.0,SL 10:25,0
RVNL|BUY|10:25|106,RVNL,BUY,BUY-EX7,106,10:25,208.99,RAILWAYS,2026-09-09T10:25:00+05:30,4.365,81.91,False,opening market breadth below 55% in signal direction,PULLBACK-REENTRY,210,0,opening market breadth below 55% in signal direction,0.8833760372197741,-0.16412257765990867,0.14404723797020363,-0.44402664396869307,1.6100595361490668,1.3511219174386684,0.60000530743306,1.046376005312684,1.8801986986242223,1.6246411060674633,6.363930399181167,90.0,0.3,0.42857142857142855,1.0,0.1347,S1+S2,2,1,1,0,0,0.42857142857142855,0.42857142857142855,-0.26347436296210724,BEAR,1.0,1.0,0.5819339679596358,True,False,0.8833760372197741,True,-1185.16,-875.0,310.16,-1.0,SL 10:30,0
NMDC|BUY|10:25|101,NMDC,BUY,BUY-EX,101,10:25,85.12,MET,2026-09-09T10:25:00+05:30,3.786,63.97,False,opening market breadth below 55% in signal direction,MOMENTUM-CONTROLLED,210,0,opening market breadth below 55% in signal direction,0.8530819996281025,0.21327049990702562,0.8449130253942665,1.1979011498174679,2.0427633068846425,1.3274604436708237,0.5000238424490964,0.4572420620484738,0.9144405190938912,0.9914918030170542,2.3213809853926675,95.0,0.3,0.42857142857142855,1.0,0.1347,S1,1,1,0,0,0,0.42857142857142855,0.42857142857142855,-0.26347436296210724,BEAR,1.0,1.0,0.8522823654545264,True,False,0.8530819996281025,True,-96.58,163.0,259.58,0.57,60% book +0.75R 10:30 · breadth flip 10:30,0
SHRIRAMFIN|BUY|10:25|101,SHRIRAMFIN,BUY,BUY-EX,101,10:25,1033.1,FIN,2026-09-09T10:25:00+05:30,4.482,58.5,False,opening market breadth below 55% in signal direction,PULLBACK-REENTRY,210,0,opening market breadth below 55% in signal direction,0.3204434454598948,-1.0778827048731676,0.27621814689386226,-0.09969512501884244,2.376094360061377,2.9172418832137543,0.8863642668886115,1.2593225575611902,1.6297088854806698,1.3440446190926887,3.20759657292478,85.0,0.3,0.42857142857142855,0.375,0.1347,S1+S2,2,1,1,0,0,0.42857142857142855,0.42857142857142855,-0.26347436296210724,BEAR,0.375,0.375,-0.19988546362945114,True,False,0.3204434454598948,True,-852.67,-635.0,217.67,-0.71,momentum failure 10:35,0
CROMPTON|BUY|10:25|105,CROMPTON,BUY,BUY-EX6,105,10:25,231.65,CDUR,2026-09-09T10:25:00+05:30,2.033,57.74,False,opening market breadth below 55% in signal direction,MOMENTUM-EXTENDED,210,0,opening market breadth below 55% in signal direction,0.02590680061422823,-0.7383701723382097,-0.4651972155705765,-1.2013619325557734,2.7238939618136895,3.3477577298991457,0.9961500991818961,4.0110903813522345,4.089768391058502,2.404076534592693,4.2925555855612565,75.0,0.3,0.42857142857142855,0.5555555555555556,0.1347,S1,1,1,0,0,0,0.42857142857142855,0.42857142857142855,-0.26347436296210724,BEAR,0.5555555555555556,0.5555555555555556,0.02590680061422823,True,False,0.02590680061422823,True,489.31,601.0,111.69,0.67,60% book +0.75R 11:05 · breadth flip 11:05,1
SAIL|BUY|10:25|106,SAIL,BUY,BUY-EX7,106,10:25,188.15,MET,2026-09-09T10:25:00+05:30,4.385,56.53,False,opening market breadth below 55% in signal direction,PULLBACK-REENTRY,210,0,opening market breadth below 55% in signal direction,0.8576739847506953,-0.3645177826031132,-0.00558167569327576,-0.4569069965238549,1.9054240680961485,1.9759994419016047,1.0,1.8612164476232882,1.9591712745169823,1.1972090441511816,2.683678495466249,65.0,0.3,0.42857142857142855,1.0,0.1347,S1+S2,2,1,1,0,0,0.42857142857142855,0.42857142857142855,-0.26347436296210724,BEAR,1.0,1.0,0.8522823654545264,True,False,0.8576739847506953,True,283.93,454.0,170.07,0.5,60% book +0.75R 10:45 · breadth flip 10:45,1
ABCAPITAL|BUY|10:25|105,ABCAPITAL,BUY,BUY-EX6,105,10:25,397.9,FIN,2026-09-09T10:25:00+05:30,1.12,52.67,False,S1 Morning Base is mandatory,MOMENTUM-CONTROLLED,210,0,S1 Morning Base is mandatory,-0.03768217587847289,-0.3140309102710348,-0.28439929684417303,-0.987594595427337,1.8839535265425402,2.3602518928030793,1.0,1.7412984245760068,2.3046845031350833,0.948636888779313,3.6280491729420095,75.0,0.3,0.42857142857142855,0.375,0.1347,,0,0,0,0,0,0.42857142857142855,0.42857142857142855,-0.26347436296210724,BEAR,0.375,0.375,-0.19988546362945114,True,False,-0.03768217587847289,True,-163.13,-0.0,163.13,-0.0,momentum failure 10:40,0
SONACOMS|SELL|10:25|201,SONACOMS,SELL,SELL-EX1,201,10:25,794.65,AUTO,2026-09-09T10:25:00+05:30,4.541,32.27,False,A+ score 32.27 below 70.00,PULLBACK-REENTRY,210,0,A+ score 32.27 below 70.00,1.2857112529114922,0.248447204968949,0.42412791573230674,-0.7997651047042552,1.3096910485073414,1.4315240213850522,0.8392806539509536,0.8437617662539876,1.3500129403913812,0.9019869941052192,0.9047755218758936,10.0,0.7,0.5714285714285714,0.7647058823529411,0.1347,S1+S2,2,1,1,0,0,0.42857142857142855,0.5714285714285714,0.26347436296210724,BEAR,0.23529411764705882,0.7647058823529411,0.7303485536623633,True,False,1.2857112529114922,True,-675.66,-440.0,235.66,-0.56,time exit 11:25,0
POLYCAB|SELL|10:25|280,POLYCAB,SELL,NORMAL SELL,280,10:25,8318.0,CAPGOODS,2026-09-09T10:25:00+05:30,4.191,18.32,False,A+ score 18.32 below 70.00,MOMENTUM-CONTROLLED,210,0,A+ score 18.32 below 70.00,0.7280105024465966,0.07757488960496994,0.5558439256764434,0.47241214294934436,1.4984419163463607,1.4783546119006414,1.0,0.9877244691335559,1.40193150457666,0.5519912621270112,0.9958602417618811,0.0,0.7,0.5714285714285714,0.4,0.1347,S1,1,1,0,0,0,0.42857142857142855,0.5714285714285714,0.26347436296210724,BEAR,0.6,0.4,-0.3060157578565148,False,True,0.7280105024465966,True,-1020.82,-710.0,310.82,-1.0,SL 10:55,0
NATIONALUM|BUY|10:30|106,NATIONALUM,BUY,BUY-EX7,106,10:30,377.05,MET,2026-09-09T10:30:00+05:30,13.741,93.58,False,opening market breadth below 55% in signal direction,MOMENTUM-EXTENDED,210,0,opening market breadth below 55% in signal direction,1.960519264283711,0.5678761960076883,1.203546902139161,1.0876623089302788,2.710195332547009,1.9890374998978875,0.7812470197791299,0.7266962149840375,1.3679432663865467,1.2959983037563467,3.887064033954604,95.0,0.3,0.3952380952380952,1.0,0.1347,S1+S3,2,1,0,1,0,0.3952380952380952,0.3952380952380952,-0.3528278737760959,BEAR,1.0,1.0,0.9146098178787088,True,False,1.960519264283711,True,294.24,554.0,259.76,0.63,60% book +0.75R 10:45 · breadth flip 10:45,1
SBIN|BUY|10:30|101,SBIN,BUY,BUY-EX,101,10:30,1011.5,PSUBK,2026-09-09T10:30:00+05:30,14.6,64.81,False,opening market breadth below 55% in signal direction,MOMENTUM-EXTENDED,210,0,opening market breadth below 55% in signal direction,0.35717586057508743,-0.6845941310571702,0.4597069669058068,0.01718156649782167,2.2336469893694058,4.237848795423957,0.8148156520559713,1.1018920873009208,1.3523207176010772,1.1023040448374735,3.204082513378215,85.0,0.3,0.3952380952380952,1.0,0.1347,S1,1,1,0,0,0,0.3952380952380952,0.3952380952380952,-0.3528278737760959,BEAR,1.0,1.0,0.35717586057508743,True,False,0.35717586057508743,True,-729.54,-494.0,235.54,-0.83,momentum failure 10:40,0
APOLLOHOSP|BUY|10:30|111,APOLLOHOSP,BUY,BUY-EX12,111,10:30,8938.5,HOSPITALS,2026-09-09T10:30:00+05:30,11.061,63.99,False,opening market breadth below 55% in signal direction,MOMENTUM-CONTROLLED,210,0,opening market breadth below 55% in signal direction,1.5680927220044216,0.09090392591331042,0.9736846621195874,1.7466936138808846,2.0362563272206806,1.2116101631561924,0.8367346938775511,0.8609105910553262,1.2407240871091467,0.8314620298559487,1.4336569579288025,95.0,0.3,0.3952380952380952,1.0,0.1347,S1,1,1,0,0,0,0.3952380952380952,0.3952380952380952,-0.3528278737760959,BEAR,1.0,1.0,1.5680927220044216,True,False,1.5680927220044216,True,-903.29,-602.0,301.29,-1.0,SL 11:05,0
HINDALCO|BUY|10:30|103,HINDALCO,BUY,BUY-EX4,103,10:30,1019.5,MET,2026-09-09T10:30:00+05:30,12.535,57.4,False,S1 Morning Base is mandatory,PULLBACK-REENTRY,210,0,S1 Morning Base is mandatory,0.9405940594059414,0.5742562171256127,0.8213469845924581,0.6771153804123837,2.0571855035716884,1.7081407792136216,0.899993896484375,0.47092426883679017,0.9418485376735803,0.6007530381769903,1.2182483282462313,90.0,0.3,0.3952380952380952,1.0,0.1347,S2+S3,2,0,1,1,0,0.3952380952380952,0.3952380952380952,-0.3528278737760959,BEAR,1.0,1.0,0.9146098178787088,True,False,0.9405940594059414,True,157.46,417.0,259.54,0.85,60% book +0.75R 10:40 · breadth flip 10:40,1
DIXON|SELL|10:30|201,DIXON,SELL,SELL-EX1,201,10:30,14081.0,CDUR,2026-09-09T10:30:00+05:30,11.984,49.5,False,A+ score 49.50 below 70.00,MOMENTUM-CONTROLLED,210,0,A+ score 49.50 below 70.00,0.1984548869515934,0.007087674533989841,0.2463165126406762,0.08058136352617859,1.8802121957961582,2.2071148456200413,1.0,1.9231260125065572,2.1570197167303276,2.192654774396642,4.963420427553444,5.0,0.7,0.6047619047619048,0.6666666666666667,0.1347,S1,1,1,0,0,0,0.3952380952380952,0.6047619047619048,0.3528278737760959,BEAR,0.3333333333333333,0.6666666666666667,0.1984548869515934,False,True,0.1984548869515934,True,-213.5,-60.0,153.5,-0.07,momentum failure 10:45,0
RADICO|SELL|10:35|280,RADICO,SELL,NORMAL SELL,280,10:35,4416.1001,FMCG,2026-09-09T10:35:00+05:30,9.431,31.39,False,A+ score 31.39 below 70.00,MOMENTUM-CONTROLLED,210,0,A+ score 31.39 below 70.00,1.1438954025357995,0.11640837851764063,1.038534147375563,1.3044655020162936,2.088351352946497,2.0442125326447402,1.0,0.7154734283455467,1.073237436080094,1.1658538009988026,0.8791015194890993,10.0,0.7,0.6142857142857143,0.9285714285714286,0.1347,S1,1,1,0,0,0,0.38571428571428573,0.6142857142857143,0.40204751561260244,BEAR,0.07142857142857142,0.9285714285714286,1.0757768166021697,True,False,1.1438954025357995,True,-895.39,-587.0,308.39,-1.0,SL 10:45,0
ABB|SELL|10:35|202,ABB,SELL,SELL-EX2,202,10:35,7381.5,CAPGOODS,2026-09-09T10:35:00+05:30,5.802,15.95,False,A+ score 15.95 below 70.00,MOMENTUM-EXTENDED,210,0,A+ score 15.95 below 70.00,0.38461538461538325,-0.15519568151147745,0.30566527146471123,-0.1629190913785253,1.9883919656679914,2.5594622570089225,1.0,0.769045162128632,0.769045162128632,0.4739520609144944,1.196860693263571,15.0,0.7,0.6142857142857143,0.4,0.1347,S1,1,1,0,0,0,0.38571428571428573,0.6142857142857143,0.40204751561260244,BEAR,0.6,0.4,-0.09440722794593626,False,True,0.38461538461538325,True,27.41,282.0,254.59,0.61,58% book +0.75R 10:40 · runner stop 10:45,1
SIEMENS|SELL|10:40|201,SIEMENS,SELL,SELL-EX1,201,10:40,3943.0,CAPGOODS,2026-09-09T10:40:00+05:30,4.682,36.5,False,A+ score 36.50 below 70.00,MOMENTUM-EXTENDED,210,0,A+ score 36.50 below 70.00,0.22773279352226172,0.017711315077806322,0.33951402047202894,-0.1478568017229489,2.650803441507849,2.68637335491948,0.6287880889628705,0.9666160054338275,2.1265670114662054,2.432803825647227,2.9128002632444883,5.0,0.7,0.6285714285714286,0.7,0.1347,S1,1,1,0,0,0,0.37142857142857144,0.6285714285714286,0.389729753720941,BEAR,0.3,0.7,0.25557962107872756,False,True,0.22773279352226172,False,-1146.82,-887.0,259.82,-1.0,SL 10:50,0
BAJAJFINSV|BUY|10:45|106,BAJAJFINSV,BUY,BUY-EX7,106,10:45,1943.3,FIN,2026-09-09T10:45:00+05:30,11.235,43.92,False,S1 Morning Base is mandatory,MOMENTUM-EXTENDED,210,0,S1 Morning Base is mandatory,0.15978237987159805,-0.16492893786241858,0.32828898018432456,-0.3611613786578866,1.8852407383505785,2.5161206833615744,0.7666829427083334,1.1714056319269144,1.8021512291612163,0.5757573562960334,1.7777280858676208,85.0,0.3,0.4095238095238095,0.5,0.1347,S3,1,0,0,1,0,0.4095238095238095,0.4095238095238095,-0.28115376693960137,BEAR,0.5,0.5,-0.07688153053791447,True,False,0.15978237987159805,True,278.18,537.0,258.82,0.84,59% book +0.75R 11:00 · runner stop 11:05,1
MOTHERSON|BUY|10:45|106,MOTHERSON,BUY,BUY-EX7,106,10:45,163.7,AUTO,2026-09-09T10:45:00+05:30,13.642,34.44,False,opening market breadth below 55% in signal direction,MOMENTUM-CONTROLLED,210,0,opening market breadth below 55% in signal direction,0.42944598051668503,-0.12269751425900699,0.24916753936815061,0.10249376302009083,0.9702673409714673,1.7505079035827618,0.3571117166212534,0.17987744280945814,0.8394585644846279,1.0455243843465165,1.0717124252269337,90.0,0.3,0.4095238095238095,0.23529411764705882,0.1347,S1,1,1,0,0,0,0.4095238095238095,0.4095238095238095,-0.28115376693960137,BEAR,0.23529411764705882,0.23529411764705882,-0.5741612192546319,False,True,0.42944598051668503,True,-513.71,-203.0,310.71,-1.0,SL 10:50,0
IEX|BUY|10:50|111,IEX,BUY,BUY-EX12,111,10:50,117.35,CAPMKTS,2026-09-09T10:50:00+05:30,7.767,71.54,False,opening market breadth below 55% in signal direction,MOMENTUM-CONTROLLED,210,0,opening market breadth below 55% in signal direction,0.9115122110659568,-0.07739613601907003,0.462760039921641,0.33374799616922174,1.7694810493312834,1.6182791370701928,0.8235162122742062,1.2507402816353084,1.5187803992119213,2.584384731065257,5.1414625642813565,90.0,0.3,0.40476190476190477,0.16666666666666666,0.1347,S1,1,1,0,0,0,0.40476190476190477,0.40476190476190477,-0.22435937425432373,BEAR,0.16666666666666666,0.16666666666666666,-1.1703622521824497,False,True,0.9115122110659568,True,-214.88,21.0,235.88,0.03,momentum failure 11:00,0
VEDL|BUY|10:50|101,VEDL,BUY,BUY-EX,101,10:50,273.5,MET,2026-09-09T10:50:00+05:30,10.256,70.72,False,opening market breadth below 55% in signal direction,MOMENTUM-CONTROLLED,210,0,opening market breadth below 55% in signal direction,0.9783990536339715,-0.4615100505193537,0.582279596721467,0.8031823566498429,2.0959936297699238,2.1946865467882204,1.0,1.7101911228133966,1.7101911228133966,1.876685932782793,2.539294467315033,95.0,0.3,0.40476190476190477,1.0,0.1347,S1,1,1,0,0,0,0.40476190476190477,0.40476190476190477,-0.22435937425432373,BEAR,1.0,1.0,1.0519939172595638,True,False,0.9783990536339715,False,488.78,697.0,208.22,0.77,60% book +0.75R 11:05 · breadth flip 11:05,1
ICICIBANK|SELL|10:50|201,ICICIBANK,SELL,SELL-EX1,201,10:50,1386.4,BANK,2026-09-09T10:50:00+05:30,7.655,21.87,False,A+ score 21.87 below 70.00,MOMENTUM-CONTROLLED,210,0,A+ score 21.87 below 70.00,0.928969542175273,0.2786926072618434,0.9527442596270762,2.3081342122617365,2.1376795090771243,1.8441130285719036,0.6874952315556573,0.3870513383617863,0.7741617414783966,0.2153212553299217,1.4447054874979024,25.0,0.7,0.5952380952380952,0.4545454545454546,0.1347,S1,1,1,0,0,0,0.40476190476190477,0.5952380952380952,0.22435937425432373,BEAR,0.5454545454545454,0.4545454545454546,-0.07222150933452465,False,True,0.928969542175273,True,-558.57,-248.0,310.57,-1.0,SL 11:00,0
BAJFINANCE|BUY|10:55|108,BAJFINANCE,BUY,BUY-EX9,108,10:55,1054.7,FIN,2026-09-09T10:55:00+05:30,1.296,57.32,False,opening market breadth below 55% in signal direction,MOMENTUM-EXTENDED,210,0,opening market breadth below 55% in signal direction,-0.04738438430030856,-0.7391894540129673,0.38322587165008976,-0.6302479809359712,2.151406993670771,3.089392050915473,0.33331395686798815,0.19897251985697986,0.8356748679442443,1.24813292772573,4.723664009174821,85.0,0.3,0.4238095238095238,0.5,0.1347,S1,1,1,0,0,0,0.4238095238095238,0.4238095238095238,-0.21791962592322967,BEAR,0.5,0.5,0.04427742706588078,True,False,-0.04738438430030856,False,56.37,316.0,259.63,1.46,60% book +0.75R 11:00 · runner stop 11:05,1
PERSISTENT|BUY|10:55|108,PERSISTENT,BUY,BUY-EX9,108,10:55,5468.0,IT,2026-09-09T10:55:00+05:30,4.119,53.36,False,opening market breadth below 55% in signal direction,MOMENTUM-CONTROLLED,210,0,opening market breadth below 55% in signal direction,-1.8752803947958752,-2.6020637056976215,-0.6133480447567574,-2.287974838475631,0.44906896373602107,1.9251490741138695,0.7843137254901961,1.0336761497906541,1.4643745455367598,0.9424255385488661,3.880184331797235,73.0,0.3,0.4238095238095238,0.0,0.1347,S1,1,1,0,0,0,0.4238095238095238,0.4238095238095238,-0.21791962592322967,BEAR,0.0,0.0,-2.0738785272961358,False,True,-1.8752803947958752,True,-640.34,-420.0,220.34,-0.47,momentum failure 11:10,0
MARICO|SELL|10:55|280,MARICO,SELL,NORMAL SELL,280,10:55,812.85,FMCG,2026-09-09T10:55:00+05:30,3.523,37.4,False,A+ score 37.40 below 70.00,PULLBACK-REENTRY,210,0,A+ score 37.40 below 70.00,1.3172315722106198,0.2428068435547548,0.5464813195524449,0.6822876226737606,1.5539682633936216,1.314599630546509,0.8750286106660563,0.38372317131422495,0.9444994566038585,0.18148226646339924,1.382012559032643,10.0,0.7,0.5761904761904761,1.0,0.1347,S1+S2,2,1,1,0,0,0.4238095238095238,0.5761904761904761,0.21791962592322967,BEAR,0.0,1.0,0.9144598282844418,True,False,1.3172315722106198,True,-204.55,31.0,235.55,0.06,momentum failure 11:10,0
TIINDIA|BUY|11:00|103,TIINDIA,BUY,BUY-EX4,103,11:00,2666.1001,AUTO,2026-09-09T11:00:00+05:30,14.965,57.95,False,opening market breadth below 55% in signal direction,PULLBACK-REENTRY,210,0,opening market breadth below 55% in signal direction,0.8778310253795718,0.7794505436237609,0.39355835097529807,0.1706875009987139,1.5658065745856915,1.753460652744593,0.6197304174403411,0.5696765786527683,0.9192328835587754,1.5860604805302403,2.390167772142021,95.0,0.3,0.4523809523809524,0.23529411764705882,0.1347,S1+S2,2,1,1,0,0,0.4523809523809524,0.4523809523809524,-0.202921154488106,NEUTRAL,0.23529411764705882,0.23529411764705882,-0.5575505575505568,False,True,0.8778310253795718,True,-767.38,-459.0,308.38,-1.0,SL 11:05,0
PNB|BUY|11:00|101,PNB,BUY,BUY-EX,101,11:00,116.71,PSUBK,2026-09-09T11:00:00+05:30,14.241,44.0,False,opening market breadth below 55% in signal direction,MOMENTUM-CONTROLLED,210,0,opening market breadth below 55% in signal direction,0.33528145690477906,-0.7479390894640336,0.6325156587590816,0.694065950656178,1.281811147474063,2.499049165221576,0.7272853377722291,0.05547684675266223,0.6101183649732143,0.7641226292719735,0.9083029944193195,90.0,0.3,0.4523809523809524,0.8571428571428571,0.1347,S1,1,1,0,0,0,0.4523809523809524,0.4523809523809524,-0.202921154488106,NEUTRAL,0.8571428571428571,0.8571428571428571,0.36057446894097733,True,False,0.33528145690477906,False,-531.72,-221.0,310.72,-1.0,SL 11:05,0
ANGELONE|BUY|11:00|108,ANGELONE,BUY,BUY-EX9,108,11:00,294.2,CAPMKTS,2026-09-09T11:00:00+05:30,11.005,32.32,False,S1 Morning Base is mandatory,MOMENTUM-CONTROLLED,210,0,S1 Morning Base is mandatory,-1.2420214049211453,-0.4531742635700553,-0.4822385786726091,-2.397591415948998,0.6726048642546989,1.5323279993045447,0.6842274333440411,0.6883382424672778,1.3078594658207006,1.1797394352436366,1.5405665781388325,79.0,0.3,0.4523809523809524,0.16666666666666666,0.1347,,0,0,0,0,0,0.4523809523809524,0.4523809523809524,-0.202921154488106,NEUTRAL,0.16666666666666666,0.16666666666666666,-1.0504585552213064,False,True,-1.2420214049211453,False,-912.19,-602.0,310.19,-1.0,SL 11:10,0
GRASIM|BUY|11:00|106,GRASIM,BUY,BUY-EX7,106,11:00,3307.3,CEMENT,2026-09-09T11:00:00+05:30,12.331,28.62,False,S1 Morning Base is mandatory,PULLBACK-REENTRY,210,0,S1 Morning Base is mandatory,0.22121360085227693,0.12727124763256548,0.38876604965929584,0.23714001527304648,1.4159007347860355,2.2613105888597524,0.2692488262910798,0.21785954010563954,0.8091383093722968,0.5444939353028097,1.2780504033934958,75.0,0.3,0.4523809523809524,0.4,0.1347,S2,1,0,1,0,0,0.4523809523809524,0.4523809523809524,-0.202921154488106,NEUTRAL,0.4,0.4,-0.4750161751043258,False,True,0.22121360085227693,True,-131.09,127.0,258.09,0.82,60% book +0.75R 11:05 · breadth flip 11:05,0
OFSS|BUY|11:00|108,OFSS,BUY,BUY-EX9,108,11:00,11719.0,IT,2026-09-09T11:00:00+05:30,13.956,28.43,False,S1 Morning Base is mandatory,REVERSION-ALIGNMENT,210,0,S1 Morning Base is mandatory,-0.5600339414509992,-0.7212558336868846,0.0037691319831734357,-0.7328476152634228,1.2712021078276325,1.6256989819353678,0.4074074074074074,0.21652204476662557,0.8351564583855557,0.9198799964704845,1.230814639905549,85.0,0.3,0.4523809523809524,0.08333333333333333,0.1347,,0,0,0,0,0,0.4523809523809524,0.4523809523809524,-0.202921154488106,NEUTRAL,0.08333333333333333,0.08333333333333333,-2.084472196957793,False,True,-0.5600339414509992,True,-586.57,-280.0,306.57,-1.0,SL 11:05,0
IDFCFIRSTB|BUY|11:00|106,IDFCFIRSTB,BUY,BUY-EX7,106,11:00,86.66,BANK,2026-09-09T11:00:00+05:30,12.729,28.34,False,opening market breadth below 55% in signal direction,MOMENTUM-CONTROLLED,210,0,opening market breadth below 55% in signal direction,0.06929005663460774,-0.03464062335502005,0.17358436767040222,-0.5188010276890447,1.4813887201636549,2.0906634928613093,0.8889454052221092,0.19669129430238977,0.5899238514088456,0.5305654078865012,1.1472140331735157,70.0,0.3,0.4523809523809524,0.6363636363636364,0.1347,S1,1,1,0,0,0,0.4523809523809524,0.4523809523809524,-0.202921154488106,NEUTRAL,0.6363636363636364,0.6363636363636364,0.06929005663460774,True,False,0.06929005663460774,True,-87.53,172.0,259.53,0.61,60% book +0.75R 11:05 · breadth flip 11:05,0
POLICYBZR|BUY|11:00|108,POLICYBZR,BUY,BUY-EX9,108,11:00,1807.8,INSURANCE,2026-09-09T11:00:00+05:30,14.287,25.19,False,opening market breadth below 55% in signal direction,REVERSION-ALIGNMENT,210,0,opening market breadth below 55% in signal direction,-0.7793606570732692,-0.976951088261524,-0.11307132109132953,-1.0154362675601687,0.9671754161170297,1.908011086622404,0.4693953812809845,0.42518376617769854,0.9920542640164496,1.5691370966583857,1.397314578005115,75.0,0.3,0.4523809523809524,0.0,0.1347,S1,1,1,0,0,0,0.4523809523809524,0.4523809523809524,-0.202921154488106,NEUTRAL,0.0,0.0,-0.6818149179060873,False,True,-0.7793606570732692,False,-677.06,-367.0,310.06,-1.0,SL 11:10,0
JUBLFOOD|BUY|11:00|108,JUBLFOOD,BUY,BUY-EX9,108,11:00,477.05,CONSUMPTION,2026-09-09T11:00:00+05:30,13.104,18.98,False,S1 Morning Base is mandatory,REVERSION-ALIGNMENT,210,0,S1 Morning Base is mandatory,-0.7902710330274676,-0.8838515017269399,-0.10781461213036445,-1.0897871904976681,0.9034648151214324,1.9506057513974635,0.6428478004970135,0.48973066399812687,0.7618143262207552,1.3262593568910095,0.7078238157426096,69.0,0.3,0.4523809523809524,0.4,0.1347,,0,0,0,0,0,0.4523809523809524,0.4523809523809524,-0.202921154488106,NEUTRAL,0.4,0.4,-0.6396884995132801,False,True,-0.7902710330274676,False,-596.65,-286.0,310.65,-1.0,SL 11:05,0
HINDPETRO|BUY|11:10|106,HINDPETRO,BUY,BUY-EX7,106,11:10,347.8,OIL,2026-09-09T11:10:00+05:30,2.566,64.56,False,opening market breadth below 55% in signal direction,MOMENTUM-EXTENDED,210,0,opening market breadth below 55% in signal direction,0.3462151380039913,-0.8799821860464574,0.11058761611838279,-1.427629591343496,1.957587350866267,2.5584053650478316,0.9761818261084388,2.0312798209950063,2.5852823038476216,2.7975057355850885,2.85703924570876,90.0,0.3,0.38095238095238093,0.8571428571428571,0.1347,S1,1,1,0,0,0,0.38095238095238093,0.38095238095238093,-0.34746953385889623,BEAR,0.8571428571428571,0.8571428571428571,0.3462151380039913,True,False,0.3462151380039913,True,673.98,854.0,180.02,0.95,60% book +0.75R 11:25 · breadth flip 11:25,1
NAUKRI|SELL|11:10|216,NAUKRI,SELL,SELL-EX15,216,11:10,1261.3,NEWAGE,2026-09-09T11:10:00+05:30,3.773,49.19,False,A+ score 49.19 below 70.00,MOMENTUM-EXTENDED,210,0,A+ score 49.19 below 70.00,2.5044371621411265,1.4454627717142565,1.0406520055812116,2.4372333907112953,1.9621369331544167,1.407886589938873,0.9310098076356442,0.8244745689214061,0.9563985514582933,1.941027117579311,2.4441331575477916,28.0,0.7,0.6190476190476191,0.6,0.1347,S1,1,1,0,0,0,0.38095238095238093,0.6190476190476191,0.34746953385889623,BEAR,0.4,0.6,0.6991920712711597,True,False,2.5044371621411265,True,-895.96,-585.0,310.96,-1.0,SL 12:00,0
360ONE|SELL|11:10|202,360ONE,SELL,SELL-EX2,202,11:10,1097.2,CAPMKTS,2026-09-09T11:10:00+05:30,0.777,41.03,False,A+ score 41.03 below 70.00,MOMENTUM-EXTENDED,210,0,A+ score 41.03 below 70.00,1.206557240107342,0.6843126015672607,0.5060723120459165,1.0138426394639892,2.777823101521154,2.8919819673203473,1.0,2.981256359774986,2.981256359774986,1.5990499838065422,2.0797528784049426,15.0,0.7,0.6190476190476191,0.8333333333333334,0.1347,S1,1,1,0,0,0,0.38095238095238093,0.6190476190476191,0.34746953385889623,BEAR,0.16666666666666666,0.8333333333333334,1.5157557761710516,True,False,1.206557240107342,False,-562.59,-425.0,137.59,-0.47,momentum failure 11:25,0
RELIANCE|BUY|11:10|108,RELIANCE,BUY,BUY-EX9,108,11:10,1289.3,ENE,2026-09-09T11:10:00+05:30,4.499,33.35,False,opening market breadth below 55% in signal direction,REVERSION-ALIGNMENT,210,0,opening market breadth below 55% in signal direction,-0.11620699901288001,-0.43384702854126767,0.15331546234948146,-0.8926940219926709,1.142237356244225,2.008394503704712,0.6428633708257041,0.3802594751908618,0.6654250718590164,0.4623467150233745,1.1380752440934387,75.0,0.3,0.38095238095238093,0.8888888888888888,0.1347,S1,1,1,0,0,0,0.38095238095238093,0.38095238095238093,-0.34746953385889623,BEAR,0.8888888888888888,0.8888888888888888,1.3732490843679113,True,False,-0.11620699901288001,False,215.15,474.0,258.85,2.12,60% book +0.75R 11:15 · breadth flip 11:15,1
INDUSTOWER|SELL|11:10|202,INDUSTOWER,SELL,SELL-EX2,202,11:10,370.0,TELECOM,2026-09-09T11:10:00+05:30,2.876,27.86,False,S1 Morning Base is mandatory,MOMENTUM-CONTROLLED,210,0,S1 Morning Base is mandatory,0.4841279860318459,0.2420639930159285,0.24023666240884375,0.8907501381503304,1.9923111235494242,1.8926457429018153,1.0,1.9875575074866565,2.146571812956231,2.777891491908723,1.6070473832463175,20.0,0.7,0.6190476190476191,0.6666666666666667,0.1347,,0,0,0,0,0,0.38095238095238093,0.6190476190476191,0.34746953385889623,BEAR,0.3333333333333333,0.6666666666666667,0.4841279860318459,True,False,0.4841279860318459,True,-475.49,-252.0,223.49,-0.28,momentum failure 11:25,0
EXIDEIND|BUY|11:10|108,EXIDEIND,BUY,BUY-EX9,108,11:10,416.55,AUTO,2026-09-09T11:10:00+05:30,2.124,27.16,False,opening market breadth below 55% in signal direction,REVERSION-ALIGNMENT,210,0,opening market breadth below 55% in signal direction,-0.3468928724955189,0.15550093217329142,0.2253467479426752,-0.7097668985145537,0.8910948306072081,2.486022520101797,0.8285609654017857,0.6350691760631471,1.7098176830914646,1.0147819199587067,1.6012020108405651,70.0,0.3,0.38095238095238093,0.11764705882352941,0.1347,S1,1,1,0,0,0,0.38095238095238093,0.38095238095238093,-0.34746953385889623,BEAR,0.11764705882352941,0.11764705882352941,-0.44088420982589804,False,True,-0.3468928724955189,True,572.23,828.0,255.77,0.92,60% book +0.75R 11:15 · breadth flip 11:15,1
LUPIN|SELL|11:15|202,LUPIN,SELL,SELL-EX2,202,11:15,2093.0,PHA,2026-09-09T11:15:00+05:30,13.467,45.38,False,A+ score 45.38 below 70.00,PULLBACK-REENTRY,210,0,A+ score 45.38 below 70.00,0.43763444893748504,0.35200754046373905,0.207126170597324,0.297857219500264,1.8317457102955217,2.73012197501475,0.8703770684510354,1.75136366631914,2.4249060422327298,2.213778915991435,2.7567638217226507,0.0,0.7,0.6047619047619048,0.9230769230769231,0.1347,S1+S2,2,1,1,0,0,0.3952380952380952,0.6047619047619048,0.37945131326451165,BEAR,0.07692307692307693,0.9230769230769231,0.5144909844882251,True,False,0.43763444893748504,False,-591.07,-400.0,191.07,-0.45,momentum failure 11:25,0
ULTRACEMCO|SELL|11:15|202,ULTRACEMCO,SELL,SELL-EX2,202,11:15,10932.0,CEMENT,2026-09-09T11:15:00+05:30,15.144,43.14,False,S1 Morning Base is mandatory,MOMENTUM-CONTROLLED,210,0,S1 Morning Base is mandatory,0.9513454743136696,0.9422850412249661,0.4320703391632887,1.5337884301116982,2.0270652785412526,1.7210924253802398,0.9615384615384616,1.3115260436382266,1.4825946580258214,1.3796964419009705,2.928052805280528,38.0,0.7,0.6047619047619048,0.6,0.1347,,0,0,0,0,0,0.3952380952380952,0.6047619047619048,0.37945131326451165,BEAR,0.4,0.6,0.42809799242580215,True,False,0.9513454743136696,True,-492.81,-264.0,228.81,-0.44,momentum failure 11:30,0
BAJAJ-AUTO|SELL|11:15|201,BAJAJ-AUTO,SELL,SELL-EX1,201,11:15,11806.0,AUTO,2026-09-09T11:15:00+05:30,11.287,26.42,False,A+ score 26.42 below 70.00,MOMENTUM-CONTROLLED,210,0,A+ score 26.42 below 70.00,0.5726798046151282,0.20212228398180931,0.3103308381385809,-0.37477888035259854,2.039714019825259,2.355325088633748,1.0,1.4636342521095753,1.4636342521095753,1.814219149255975,0.7922546767312111,5.0,0.7,0.6047619047619048,0.8235294117647058,0.1347,S1,1,1,0,0,0,0.3952380952380952,0.6047619047619048,0.37945131326451165,BEAR,0.17647058823529413,0.8235294117647058,0.5887681159420288,True,False,0.5726798046151282,False,64.15,322.0,257.85,0.58,57% book +0.75R 11:20 · runner stop 11:35,1
HCLTECH|SELL|11:20|216,HCLTECH,SELL,SELL-EX15,216,11:20,1236.0,IT,2026-09-09T11:20:00+05:30,7.496,57.55,False,A+ score 57.55 below 70.00,MOMENTUM-EXTENDED,210,0,A+ score 57.55 below 70.00,3.187902618349503,1.5743695742674535,1.288780733017203,3.626773699724868,2.209428887371395,1.627622533117197,0.8292791853991127,1.0327695948449522,1.3232483551559246,1.7119129297366666,2.6987647116039297,28.0,0.7,0.6,1.0,0.1347,S1,1,1,0,0,0,0.4,0.6,0.35228614444251516,BEAR,0.0,1.0,2.422470642702729,True,False,3.187902618349503,True,151.85,411.0,259.15,0.56,60% book +0.75R 11:35 · runner stop 11:40,1
TCS|SELL|11:30|280,TCS,SELL,NORMAL SELL,280,11:30,2194.2,IT,2026-09-09T11:30:00+05:30,14.43,40.25,False,A+ score 40.25 below 70.00,MOMENTUM-EXTENDED,210,0,A+ score 40.25 below 70.00,2.9930569032575294,1.1936867750877433,1.3586214850658864,4.319283249554089,2.3167042599795002,2.0863188452105947,0.8437476157778286,0.5817397722442214,0.7446155463676767,0.8769992427080242,1.0281162671330533,28.0,0.7,0.6238095238095238,1.0,0.1347,S1,1,1,0,0,0,0.3761904761904762,0.6238095238095238,0.34282239725595964,BEAR,0.0,1.0,2.393656154377793,True,False,2.9930569032575294,True,-663.94,-355.0,308.94,-1.0,SL 11:40,0
WIPRO|SELL|11:35|216,WIPRO,SELL,SELL-EX15,216,11:35,167.62,IT,2026-09-09T11:35:00+05:30,9.788,45.95,False,A+ score 45.95 below 70.00,MOMENTUM-CONTROLLED,210,0,A+ score 45.95 below 70.00,2.188247713630176,1.558031303624352,1.164353870271577,3.917818861952573,2.045745421388701,1.9599663831877139,0.8889454052221092,0.4602365477850339,0.6902670461121755,0.9546330021548848,1.7075125778118871,28.0,0.7,0.6285714285714286,1.0,0.1347,S1,1,1,0,0,0,0.37142857142857144,0.6285714285714286,0.31286570631499644,BEAR,0.0,1.0,2.431835973746205,True,False,2.188247713630176,False,-599.98,-289.0,310.98,-1.0,SL 11:40,0
INDIANB|SELL|11:45|201,INDIANB,SELL,SELL-EX1,201,11:45,857.35,PSUBK,2026-09-09T11:45:00+05:30,12.781,47.98,False,S1 Morning Base is mandatory,PULLBACK-REENTRY,210,0,S1 Morning Base is mandatory,0.226930319414953,-0.09892198686944909,0.6879491480275084,0.05215849636648722,1.9332841189055618,1.68446751891171,1.0,0.6940970540221182,1.3014187375754724,7.678120431645058,22.46305586259672,15.0,0.7,0.6,0.2857142857142857,0.1347,S2+S3,2,0,1,1,0,0.4,0.6,0.3249329715748206,BEAR,0.7142857142857143,0.2857142857142857,-0.11871900447353312,False,True,0.226930319414953,True,136.99,396.0,259.01,0.56,60% book +0.75R 12:00 · runner stop 12:30,1
PIDILITIND|SELL|11:50|201,PIDILITIND,SELL,SELL-EX1,201,11:50,1570.0,CHEMICALS,2026-09-09T11:50:00+05:30,9.099,25.65,False,A+ score 25.65 below 70.00,PULLBACK-REENTRY,210,0,A+ score 25.65 below 70.00,0.4565021173457029,-0.25361400734433825,0.2171851610131887,-0.1042237287497455,2.0734594417625463,1.706231737832928,0.8529422324345672,1.997797785136046,2.3422427793658414,4.245784245784246,1.4044829342842589,10.0,0.7,0.6142857142857143,0.6,0.1347,S1+S2,2,1,1,0,0,0.38571428571428573,0.6142857142857143,0.3978297650291951,BEAR,0.4,0.6,0.4565021173457029,True,False,0.4565021173457029,True,-735.54,-514.0,221.54,-0.57,time exit 12:50,0
VBL|SELL|11:55|216,VBL,SELL,SELL-EX15,216,11:55,398.65,FMCG,2026-09-09T11:55:00+05:30,5.049,67.61,False,A+ score 67.61 below 70.00,MOMENTUM-CONTROLLED,210,0,A+ score 67.61 below 70.00,1.9672937710744076,1.6967893766256403,0.6969107100920502,1.787805269285516,1.704182362272449,2.1399721075988283,1.0,0.5976365576521245,0.7769202295796265,1.733782136692608,7.283297887141977,15.0,0.7,0.6619047619047619,1.0,0.1347,S1,1,1,0,0,0,0.3380952380952381,0.6619047619047619,0.42665700124506767,BEAR,0.0,1.0,1.1726975224422065,True,False,1.9672937710744076,True,323.69,583.0,259.31,1.27,60% book +0.75R 12:00 · runner stop 12:10,1
PERSISTENT|SELL|11:55|216,PERSISTENT,SELL,SELL-EX15,216,11:55,5425.0,IT,2026-09-09T11:55:00+05:30,4.002,39.68,False,S1 Morning Base is mandatory,MOMENTUM-EXTENDED,210,0,S1 Morning Base is mandatory,2.6469268730372364,2.6020637056976215,0.768886957030909,2.7100205742773666,1.698003236826798,0.9406038803890779,1.0,0.37760031748542777,0.6712894533074272,0.4513018731682453,0.5795717987181236,28.0,0.7,0.6619047619047619,1.0,0.1347,,0,0,0,0,0,0.3380952380952381,0.6619047619047619,0.42665700124506767,BEAR,0.0,1.0,2.5240815731166597,True,False,2.6469268730372364,True,-728.67,-418.0,310.67,-1.0,SL 12:00,0
MOTILALOFS|SELL|11:55|205,MOTILALOFS,SELL,SELL-EX5,205,11:55,1029.5,CAPMKTS,2026-09-09T11:55:00+05:30,3.593,35.21,False,A+ score 35.21 below 70.00,MOMENTUM-EXTENDED,210,0,A+ score 35.21 below 70.00,1.8682657556054805,-0.03813024719965252,0.7984636941799005,1.6629500161476245,2.241572612776134,2.9082469464586542,1.0,0.6961884604245855,1.1216159808969808,0.8461531846832515,0.9518282066163668,25.0,0.7,0.6619047619047619,0.8333333333333334,0.1347,S1,1,1,0,0,0,0.3380952380952381,0.6619047619047619,0.42665700124506767,BEAR,0.16666666666666666,0.8333333333333334,1.4122651516789986,True,False,1.8682657556054805,True,338.31,597.0,258.69,0.79,60% book +0.75R 12:00 · runner stop 12:25,1
EICHERMOT|SELL|12:00|280,EICHERMOT,SELL,NORMAL SELL,280,12:00,7673.5,AUTO,2026-09-09T12:00:00+05:30,12.035,54.37,False,A+ score 54.37 below 70.00,MOMENTUM-CONTROLLED,210,0,A+ score 54.37 below 70.00,0.7052277432712195,0.07763975155279379,0.430781665138701,0.6733472599785432,1.3241616959676894,1.1993599082687219,0.45454545454545453,0.6042051782288685,1.5337516062732817,4.576113333770578,5.879993258048205,5.0,0.7,0.6857142857142857,0.8235294117647058,0.1347,S1,1,1,0,0,0,0.3142857142857143,0.6857142857142857,0.45452449106587745,BEAR,0.17647058823529413,0.8235294117647058,0.6513026052104243,True,False,0.7052277432712195,True,-595.38,-289.0,306.38,-1.0,SL 12:10,0
KPITTECH|SELL|12:00|201,KPITTECH,SELL,SELL-EX1,201,12:00,552.75,IT,2026-09-09T12:00:00+05:30,13.107,37.59,False,A+ score 37.59 below 70.00,MOMENTUM-CONTROLLED,210,0,A+ score 37.59 below 70.00,1.6459074733096046,1.0142370475144546,0.5046092031348494,1.4982707861168867,1.4320551551235554,1.919069071996015,0.7916687859213671,0.6779838525191249,1.0847851989240327,1.4352664168713705,1.2978810523083222,28.0,0.7,0.6857142857142857,1.0,0.1347,S1,1,1,0,0,0,0.3142857142857143,0.6857142857142857,0.45452449106587745,BEAR,0.0,1.0,2.398102034983279,True,False,1.6459074733096046,False,-790.01,-479.0,311.01,-1.0,SL 12:30,0
OBEROIRLTY|SELL|12:00|280,OBEROIRLTY,SELL,NORMAL SELL,280,12:00,1811.1,REALTY,2026-09-09T12:00:00+05:30,13.756,37.0,False,A+ score 37.00 below 70.00,MOMENTUM-EXTENDED,210,0,A+ score 37.00 below 70.00,1.4581886104859887,0.7835042288904304,0.661480454997259,1.1773958410752112,2.818347790674798,3.076686787589956,0.9873449016487167,1.6645655338335037,1.9338255780903828,3.306913067435256,1.4331373989713445,10.0,0.7,0.6857142857142857,1.0,0.1347,S1,1,1,0,0,0,0.3142857142857143,0.6857142857142857,0.45452449106587745,BEAR,0.0,1.0,1.3557638435132247,True,False,1.4581886104859887,True,503.02,724.0,220.98,0.81,60% book +0.75R 12:05 · runner stop 12:15,1
INDIGO|SELL|12:00|201,INDIGO,SELL,SELL-EX1,201,12:00,4974.5,TRAVEL,2026-09-09T12:00:00+05:30,12.722,31.9,False,S1 Morning Base is mandatory,MOMENTUM-CONTROLLED,210,0,S1 Morning Base is mandatory,0.6193187493756858,0.6892418339826234,0.3094716306427176,0.4877543155666742,1.3974377973474867,0.7449031660414687,0.8125,1.0306604481242285,1.2685051669221272,0.9222330391818192,1.4995744680851064,10.0,0.7,0.6857142857142857,1.0,0.1347,,0,0,0,0,0,0.3142857142857143,0.6857142857142857,0.45452449106587745,BEAR,0.0,1.0,0.37900750228839764,False,True,0.6193187493756858,True,-684.77,-375.0,309.77,-1.0,SL 12:20,0
NYKAA|SELL|12:00|216,NYKAA,SELL,SELL-EX15,216,12:00,339.3,NEWAGE,2026-09-09T12:00:00+05:30,13.734,22.29,False,A+ score 22.29 below 70.00,MOMENTUM-CONTROLLED,210,0,A+ score 22.29 below 70.00,0.24989155336404556,-0.1616987565533412,0.3253832853580918,-0.10755361045777373,1.5281356514769515,1.6427560113899833,0.7692379923940091,0.7531233352778771,0.9790511424611514,0.6466370957638344,0.5865842601933318,10.0,0.7,0.6857142857142857,0.8,0.1347,S1,1,1,0,0,0,0.3142857142857143,0.6857142857142857,0.45452449106587745,BEAR,0.2,0.8,0.4512635379061325,False,True,0.24989155336404556,False,-145.26,114.0,259.26,0.27,60% book +0.75R 12:05 · runner stop 12:10,0
CANBK|SELL|12:00|216,CANBK,SELL,SELL-EX15,216,12:00,124.75,PSUBK,2026-09-09T12:00:00+05:30,11.627,15.28,False,S1 Morning Base is mandatory,REVERSION-ALIGNMENT,210,0,S1 Morning Base is mandatory,0.04006654690310585,0.1602600743156768,0.21975899442045668,-1.2482015960918191,1.4359858871027624,0.3385086000390438,0.7000076295109483,0.35336960460340083,0.7066852925750343,0.6238287728770723,0.6840799937012834,15.0,0.7,0.6857142857142857,0.7142857142857143,0.1347,,0,0,0,0,0,0.3142857142857143,0.6857142857142857,0.45452449106587745,BEAR,0.2857142857142857,0.7142857142857143,0.04006654690310585,False,True,0.04006654690310585,True,-173.48,86.0,259.48,0.45,60% book +0.75R 12:05 · runner stop 12:10,0
