decision_id,symbol,side,signal,code,time,entry,sector,bar_dt,signal_age_min,score,accepted,model_reason,subtype,opening_breadth_coverage,taken,why,f_dir_prev_pct,f_dir_gap_pct,f_ema9_20_atr,f_ema20_50_atr,f_close_ema20_atr,f_close_vwap_atr,f_candle_clv,f_body_atr,f_range_atr,f_relvol20,f_clock_relvol,f_master_total_score,f_opening_breadth_dir,f_live_breadth_dir,f_sector_breadth_dir,f_prior_vix_return,f_video_setups,f_video_setup_count,f_s1,f_s2,f_s3,f_s4,f_market_adv_ratio,f_market_breadth_dir,f_dir_market_pct,f_market_regime,f_sector_adv_ratio,f_sector_breadth_prev_dir,f_dir_sector_pct,f_sector_leads_market,f_sector_lags_market,f_dir_stock_pct,f_stock_leads_sector,cf_net,cf_gross,cf_drag,cf_r,cf_exit,cf_win,trade_key
OFSS|BUY|09:25|90,OFSS,BUY,ENTRY BUY,90,09:25,12319.0,IT,2026-09-04T09:25:00+05:30,1.976,80.62,False,not a real enabled chart master variant,MOMENTUM-EXTENDED,210,0,not a real enabled chart master variant,1.399292122808471,0.3786319861716958,1.1008830479285778,0.6075977813201002,3.7489265793301363,0.751098303412137,0.7916666666666666,1.314997643667715,2.25428167485894,2.473795004231863,3.410321615557218,95.0,0.6428571428571429,0.4857142857142857,1.0,-1.3657078983912885,,0,0,0,0,0,0.4857142857142857,0.4857142857142857,-0.08469372964029498,NEUTRAL,1.0,1.0,0.8776816589512682,True,False,1.399292122808471,True,-1052.46,-863.0,189.46,-1.0,SL 09:35,0,
SRF|SELL|09:25|290,SRF,SELL,ENTRY SELL,290,09:25,2550.0,CHEMICALS,2026-09-04T09:25:00+05:30,2.238,60.56,False,not a real enabled chart master variant,MOMENTUM-EXTENDED,210,0,not a real enabled chart master variant,2.560183416125339,-0.0,1.396277180938556,0.9218712046711213,5.166284117810169,0.9422246790712292,0.19999767485119047,0.2597508290071097,2.1819069636597215,4.33768735215192,7.7825868142929036,15.0,0.3571428571428571,0.5142857142857142,0.6,-1.3657078983912885,,0,0,0,0,0,0.4857142857142857,0.5142857142857142,0.08469372964029498,NEUTRAL,0.4,0.6,0.3479260863273992,True,False,2.560183416125339,True,117.67,377.0,259.33,0.82,59% book +0.75R 09:30 · runner stop 09:35,1,
COALINDIA|SELL|09:25|290,COALINDIA,SELL,ENTRY SELL,290,09:25,413.35,ENE,2026-09-04T09:25:00+05:30,1.221,53.95,False,not a real enabled chart master variant,MOMENTUM-EXTENDED,210,0,not a real enabled chart master variant,1.595043895764936,1.1308177926530827,0.9171804976135439,0.8081333794936784,3.6834005114272976,0.8027425442830712,0.9696863209292003,1.3202285362071795,1.4522728779225622,1.0071687360590003,3.199795186891961,15.0,0.3571428571428571,0.5142857142857142,0.7777777777777778,-1.3657078983912885,,0,0,0,0,0,0.4857142857142857,0.5142857142857142,0.08469372964029498,NEUTRAL,0.2222222222222222,0.7777777777777778,0.23044588939021837,True,False,1.595043895764936,True,-1179.54,-899.0,280.54,-1.0,SL 10:05,0,
COFORGE|BUY|09:25|90,COFORGE,BUY,ENTRY BUY,90,09:25,1988.8,IT,2026-09-04T09:25:00+05:30,1.239,52.83,False,not a real enabled chart master variant,MOMENTUM-EXTENDED,210,0,not a real enabled chart master variant,0.8621563839651625,0.5274318940163836,0.8638735130008802,0.8333994193813431,3.470336233971602,1.0768561920513386,0.7602350035336194,1.9447835227891643,2.748386972104379,1.07731006990862,1.0809926568596564,95.0,0.6428571428571429,0.4857142857142857,1.0,-1.3657078983912885,,0,0,0,0,0,0.4857142857142857,0.4857142857142857,-0.08469372964029498,NEUTRAL,1.0,1.0,0.8776816589512682,True,False,0.8621563839651625,False,-469.62,-322.0,147.62,-0.36,momentum failure 09:35,0,
JIOFIN|BUY|09:25|90,JIOFIN,BUY,ENTRY BUY,90,09:25,239.39,FIN,2026-09-04T09:25:00+05:30,1.661,50.78,False,not a real enabled chart master variant,MOMENTUM-EXTENDED,210,0,not a real enabled chart master variant,0.817015146910749,0.14740202485321596,0.6178453974421463,0.42483522608635377,2.8296316713671668,0.6493334836333479,0.6097506512839598,0.4059789650096319,0.9247757536290954,1.7934535287513562,1.1284608031431151,95.0,0.6428571428571429,0.4857142857142857,0.875,-1.3657078983912885,,0,0,0,0,0,0.4857142857142857,0.4857142857142857,-0.08469372964029498,NEUTRAL,0.875,0.875,0.44415806950237613,True,False,0.817015146910749,True,-621.58,-311.0,310.58,-1.0,SL 09:30,0,
COCHINSHIP|BUY|09:25|90,COCHINSHIP,BUY,ENTRY BUY,90,09:25,1498.7,DEF,2026-09-04T09:25:00+05:30,1.23,42.18,False,not a real enabled chart master variant,MOMENTUM-CONTROLLED,210,0,not a real enabled chart master variant,0.8071568167161924,0.2354207382088802,0.6361893041964315,1.0024402760478228,2.2725867904556467,0.25886692889068996,0.3953329926758644,0.4968447741577373,1.2567753852133028,1.2611553698141134,0.5053494592394464,80.0,0.6428571428571429,0.4857142857142857,1.0,-1.3657078983912885,,0,0,0,0,0,0.4857142857142857,0.4857142857142857,-0.08469372964029498,NEUTRAL,1.0,1.0,0.7494507777607184,True,False,0.8071568167161924,True,171.21,430.0,258.79,1.3,60% book +0.75R 09:30 · runner stop 09:35,1,
BEL|BUY|09:25|90,BEL,BUY,ENTRY BUY,90,09:25,409.75,DEF,2026-09-04T09:25:00+05:30,1.098,39.91,False,not a real enabled chart master variant,MOMENTUM-CONTROLLED,210,0,not a real enabled chart master variant,0.28144735176363067,0.07341845043751238,0.3426189440076083,0.43078824908250074,1.396307772597628,0.12193952123801301,0.13635733111388543,0.22883700246566194,1.6782156162512278,1.1382022182588285,0.7704987584483071,85.0,0.6428571428571429,0.4857142857142857,1.0,-1.3657078983912885,,0,0,0,0,0,0.4857142857142857,0.4857142857142857,-0.08469372964029498,NEUTRAL,1.0,1.0,0.7494507777607184,True,False,0.28144735176363067,False,164.33,424.0,259.67,3.0,60% book +0.75R 09:30 · runner stop 09:35,1,
GODREJCP|SELL|09:25|290,GODREJCP,SELL,ENTRY SELL,290,09:25,870.25,FMCG,2026-09-04T09:25:00+05:30,1.411,38.55,False,not a real enabled chart master variant,MOMENTUM-CONTROLLED,210,0,not a real enabled chart master variant,1.107954545454548,0.5000027743252811,0.3237851542837366,0.32023629327014674,1.7978093865040066,0.9738051712655694,0.9199951171875,0.9651129109624319,1.096713131724822,0.22262651409967923,2.0583048034028426,10.0,0.3571428571428571,0.5142857142857142,0.7142857142857143,-1.3657078983912885,,0,0,0,0,0,0.4857142857142857,0.5142857142857142,0.08469372964029498,NEUTRAL,0.2857142857142857,0.7142857142857143,0.3007595110624317,True,False,1.107954545454548,True,255.81,515.0,259.19,0.72,60% book +0.75R 09:30 · runner stop 09:40,1,
ASIANPAINT|BUY|09:25|90,ASIANPAINT,BUY,ENTRY BUY,90,09:25,2543.0,CHEMICALS,2026-09-04T09:25:00+05:30,1.001,36.81,False,not a real enabled chart master variant,REVERSION-ALIGNMENT,210,0,not a real enabled chart master variant,0.05507956759369659,-0.1495140337627987,0.9215763884482787,1.405139374554615,1.7471775579600246,0.7286042717489533,0.8367296098849085,0.8312200962310956,1.1637429235110435,0.4507307556467482,1.0760459327069782,95.0,0.6428571428571429,0.4857142857142857,0.4,-1.3657078983912885,,0,0,0,0,0,0.4857142857142857,0.4857142857142857,-0.08469372964029498,NEUTRAL,0.4,0.4,-0.3479260863273992,False,True,0.05507956759369659,True,-761.72,-452.0,309.72,-1.0,SL 09:30,0,
GLENMARK|SELL|09:25|290,GLENMARK,SELL,ENTRY SELL,290,09:25,2426.7,PHA,2026-09-04T09:25:00+05:30,1.387,34.98,False,not a real enabled chart master variant,MOMENTUM-CONTROLLED,210,0,not a real enabled chart master variant,1.3135440759709183,0.23587022481191822,-0.14047837919850445,-0.11290215639841711,1.700596872844058,1.5288086735790385,0.8731370476988668,1.403413134908463,1.918929107959092,0.893977544786593,1.2136452787895768,20.0,0.3571428571428571,0.5142857142857142,0.9230769230769231,-1.3657078983912885,,0,0,0,0,0,0.4857142857142857,0.5142857142857142,0.08469372964029498,NEUTRAL,0.07692307692307693,0.9230769230769231,0.5496854413729269,True,False,1.3135440759709183,True,-1124.56,-890.0,234.56,-1.0,SL 09:35,0,
ZYDUSLIFE|SELL|09:25|290,ZYDUSLIFE,SELL,ENTRY SELL,290,09:25,1128.5,PHA,2026-09-04T09:25:00+05:30,2.456,31.77,False,not a real enabled chart master variant,MOMENTUM-EXTENDED,210,0,not a real enabled chart master variant,1.2685914260717412,-0.2624671916010568,0.34260375268050935,0.4856631001945784,2.908938585768224,2.4069174680939525,1.0,2.158866817567648,2.6543550713685193,1.1070309841970036,1.062253743104807,25.0,0.3571428571428571,0.5142857142857142,0.9230769230769231,-1.3657078983912885,,0,0,0,0,0,0.4857142857142857,0.5142857142857142,0.08469372964029498,NEUTRAL,0.07692307692307693,0.9230769230769231,0.5496854413729269,True,False,1.2685914260717412,True,-1081.79,-896.0,185.79,-1.0,SL 10:05,0,
BOSCHLTD|SELL|09:25|290,BOSCHLTD,SELL,ENTRY SELL,290,09:25,46765.0,AUTO,2026-09-04T09:25:00+05:30,1.146,31.03,False,not a real enabled chart master variant,MOMENTUM-CONTROLLED,210,0,not a real enabled chart master variant,0.5000000000000004,0.21276595744680327,0.2094260142462755,0.2871911437625416,2.0502392470806545,1.139859386459559,0.9318181818181818,1.2111737149967103,2.8048233399923816,1.99761620977354,1.960233918128655,5.0,0.3571428571428571,0.5142857142857142,0.6470588235294117,-1.3657078983912885,,0,0,0,0,0,0.4857142857142857,0.5142857142857142,0.08469372964029498,NEUTRAL,0.35294117647058826,0.6470588235294117,0.23809523809523725,True,False,0.5000000000000004,True,-348.44,-160.0,188.44,-0.19,momentum failure 09:35,0,
BIOCON|SELL|09:25|290,BIOCON,SELL,ENTRY SELL,290,09:25,401.45,PHA,2026-09-04T09:25:00+05:30,1.13,30.59,False,not a real enabled chart master variant,REVERSION-ALIGNMENT,210,0,not a real enabled chart master variant,0.13681288382306755,-0.4975124378109541,0.11060127130459643,-0.07188149317327885,1.2863633657821132,1.200497884075864,0.9666544596354166,1.6152613383874956,2.202677985362951,3.133564633243748,1.8496349729313923,25.0,0.3571428571428571,0.5142857142857142,0.9230769230769231,-1.3657078983912885,,0,0,0,0,0,0.4857142857142857,0.5142857142857142,0.08469372964029498,NEUTRAL,0.07692307692307693,0.9230769230769231,0.5496854413729269,True,False,0.13681288382306755,False,-1196.7,-900.0,296.7,-1.0,SL 09:55,0,
LAURUSLABS|SELL|09:25|290,LAURUSLABS,SELL,ENTRY SELL,290,09:25,1854.0,PHA,2026-09-04T09:25:00+05:30,1.738,28.71,False,not a real enabled chart master variant,MOMENTUM-CONTROLLED,210,0,not a real enabled chart master variant,0.7760235483007749,0.7225046829007264,0.4740647839143782,0.062122409672937695,2.005982656151286,1.3859747130970923,0.9484533487704815,1.2498429865742278,1.8651409141969892,0.9482779730411403,0.4998236058407978,10.0,0.3571428571428571,0.5142857142857142,0.9230769230769231,-1.3657078983912885,,0,0,0,0,0,0.4857142857142857,0.5142857142857142,0.08469372964029498,NEUTRAL,0.07692307692307693,0.9230769230769231,0.5496854413729269,True,False,0.7760235483007749,True,-921.94,-743.0,178.94,-0.83,momentum failure 09:35,0,
HINDUNILVR|SELL|09:25|290,HINDUNILVR,SELL,ENTRY SELL,290,09:25,1956.7,FMCG,2026-09-04T09:25:00+05:30,1.507,26.65,False,not a real enabled chart master variant,MOMENTUM-CONTROLLED,210,0,not a real enabled chart master variant,0.2701350065303254,-0.2599375935747883,0.4641874763476014,0.6794482692388778,1.675322087565347,1.0194584621978338,0.8620979962956726,0.5139983130479093,1.0646563715028452,0.5244243713551349,1.6508925742051337,15.0,0.3571428571428571,0.5142857142857142,0.7142857142857143,-1.3657078983912885,,0,0,0,0,0,0.4857142857142857,0.5142857142857142,0.08469372964029498,NEUTRAL,0.2857142857142857,0.7142857142857143,0.3007595110624317,True,False,0.2701350065303254,False,71.72,330.0,258.28,0.9,60% book +0.75R 09:40 · runner stop 09:55,1,
RADICO|SELL|09:25|290,RADICO,SELL,ENTRY SELL,290,09:25,4505.2998,FMCG,2026-09-04T09:25:00+05:30,2.133,26.07,False,not a real enabled chart master variant,MOMENTUM-CONTROLLED,210,0,not a real enabled chart master variant,1.1778941722417224,0.31585659889777906,0.45312478773573933,-0.4085616092477118,2.350981779457511,0.6749043364437783,0.7327048585931835,0.3476602346692687,0.8564191918701707,0.3831712045267993,0.6045742628823367,25.0,0.3571428571428571,0.5142857142857142,0.7142857142857143,-1.3657078983912885,,0,0,0,0,0,0.4857142857142857,0.5142857142857142,0.08469372964029498,NEUTRAL,0.2857142857142857,0.7142857142857143,0.3007595110624317,True,False,1.1778941722417224,True,-765.83,-457.0,308.83,-1.0,SL 09:35,0,
SHREECEM|SELL|09:25|290,SHREECEM,SELL,ENTRY SELL,290,09:25,23780.0,CEMENT,2026-09-04T09:25:00+05:30,2.2,25.6,False,not a real enabled chart master variant,MOMENTUM-CONTROLLED,210,0,not a real enabled chart master variant,0.5437055625261422,0.46005855290672804,0.32598188080158386,-0.26386088823924214,1.4435182817109777,1.248637292027442,1.0,0.8427389666026348,1.1236519554701798,0.238484155504737,0.2780952380952381,25.0,0.3571428571428571,0.5142857142857142,0.8,-1.3657078983912885,,0,0,0,0,0,0.4857142857142857,0.5142857142857142,0.08469372964029498,NEUTRAL,0.2,0.8,0.43806646525679227,True,False,0.5437055625261422,True,-946.4,-648.0,298.4,-1.0,SL 09:30,0,
VOLTAS|BUY|09:25|90,VOLTAS,BUY,ENTRY BUY,90,09:25,1174.2,CDUR,2026-09-04T09:25:00+05:30,2.425,24.14,False,not a real enabled chart master variant,REVERSION-ALIGNMENT,210,0,not a real enabled chart master variant,-0.322584790163416,-0.5093378607809895,-0.18623270777869938,0.13928719689023644,0.26995599927793185,0.607726477168861,0.8908913352272727,1.1534631081868485,1.9224811823499663,0.7948821647854701,0.5619128949615713,69.0,0.6428571428571429,0.4857142857142857,0.5555555555555556,-1.3657078983912885,,0,0,0,0,0,0.4857142857142857,0.4857142857142857,-0.08469372964029498,NEUTRAL,0.5555555555555556,0.5555555555555556,0.08077493986864415,True,False,-0.322584790163416,False,-815.0,-613.0,202.0,-0.68,momentum failure 09:35,0,
TORNTPHARM|SELL|09:25|290,TORNTPHARM,SELL,ENTRY SELL,290,09:25,4899.0,PHA,2026-09-04T09:25:00+05:30,2.341,23.56,False,not a real enabled chart master variant,MOMENTUM-CONTROLLED,210,0,not a real enabled chart master variant,0.13250433187238508,-0.3363571501376006,0.3121185470053684,0.12742508142101197,2.237285678458525,1.4052192112886552,1.0,1.3124947009769954,1.3124947009769954,0.3053096527379919,0.34819264411423756,15.0,0.3571428571428571,0.5142857142857142,0.9230769230769231,-1.3657078983912885,,0,0,0,0,0,0.4857142857142857,0.5142857142857142,0.08469372964029498,NEUTRAL,0.07692307692307693,0.9230769230769231,0.5496854413729269,True,False,0.13250433187238508,False,-1177.24,-866.0,311.24,-1.0,SL 09:30,0,
PETRONET|SELL|09:25|290,PETRONET,SELL,ENTRY SELL,290,09:25,290.05,OIL,2026-09-04T09:25:00+05:30,2.029,20.05,False,not a real enabled chart master variant,REVERSION-ALIGNMENT,210,0,not a real enabled chart master variant,-0.18997851225173168,-0.5181347150259086,0.20262788833818302,0.2275649733009782,1.3241143081257443,0.44948065431805173,0.9230949809850227,0.387159864940901,1.25818095260547,1.3038082315694255,1.034241267472231,20.0,0.3571428571428571,0.5142857142857142,0.8571428571428572,-1.3657078983912885,,0,0,0,0,0,0.4857142857142857,0.5142857142857142,0.08469372964029498,NEUTRAL,0.14285714285714285,0.8571428571428572,0.6240933173481511,True,False,-0.18997851225173168,False,-192.69,43.0,235.69,0.08,momentum failure 09:40,0,
UPL|SELL|09:25|290,UPL,SELL,ENTRY SELL,290,09:25,580.7,CHEMICALS,2026-09-04T09:25:00+05:30,2.394,19.92,False,not a real enabled chart master variant,MOMENTUM-CONTROLLED,210,0,not a real enabled chart master variant,0.7943902917654677,0.7346011740522296,0.041401917778314826,-0.7603605419491405,1.6549970653447,0.5013735356981496,0.5714098875228878,0.5994617198352451,1.0490923117098383,0.45174750256087365,0.9539354550641232,25.0,0.3571428571428571,0.5142857142857142,0.6,-1.3657078983912885,,0,0,0,0,0,0.4857142857142857,0.5142857142857142,0.08469372964029498,NEUTRAL,0.4,0.6,0.3479260863273992,True,False,0.7943902917654677,True,-107.24,152.0,259.24,0.38,60% book +0.75R 09:30 · runner stop 09:35,0,
MARUTI|SELL|09:25|290,MARUTI,SELL,ENTRY SELL,290,09:25,12779.0,AUTO,2026-09-04T09:25:00+05:30,1.827,18.15,False,not a real enabled chart master variant,MOMENTUM-EXTENDED,210,0,not a real enabled chart master variant,0.6066734074823055,0.11666796297736814,0.8772181928681312,0.4967223954497324,2.5142231371688792,0.5123320680718364,0.6785714285714286,0.40089587799833304,1.2472316204392584,0.704634325757869,0.8895405669599218,20.0,0.3571428571428571,0.5142857142857142,0.6470588235294117,-1.3657078983912885,,0,0,0,0,0,0.4857142857142857,0.5142857142857142,0.08469372964029498,NEUTRAL,0.35294117647058826,0.6470588235294117,0.23809523809523725,True,False,0.6066734074823055,True,6.0,260.0,254.0,0.63,58% book +0.75R 09:35 · runner stop 09:40,1,
KAYNES|SELL|09:25|290,KAYNES,SELL,ENTRY SELL,290,09:25,3481.0,CAPGOODS,2026-09-04T09:25:00+05:30,1.7,16.92,False,not a real enabled chart master variant,REVERSION-ALIGNMENT,210,0,not a real enabled chart master variant,0.11477761836441447,-0.2008608321377281,0.3839417159274382,1.0066881931137381,0.9187284038945343,0.3297924167928853,0.06832863251751432,-0.5900622097636632,1.3380181034686243,1.3170359476670783,0.8427556818181818,20.0,0.3571428571428571,0.5142857142857142,1.0,-1.3657078983912885,,0,0,0,0,0,0.4857142857142857,0.5142857142857142,0.08469372964029498,NEUTRAL,0.0,1.0,0.4452203918006048,True,False,0.11477761836441447,False,-435.97,-128.0,307.97,-1.0,SL 09:30,0,
NYKAA|SELL|09:25|290,NYKAA,SELL,ENTRY SELL,290,09:25,333.25,NEWAGE,2026-09-04T09:25:00+05:30,1.96,13.35,False,not a real enabled chart master variant,MOMENTUM-CONTROLLED,210,0,not a real enabled chart master variant,0.2842645638333252,0.32914603929882214,0.05347955434704666,0.6461516755817626,0.18819178522538627,0.5119853201315775,0.8387084071667651,0.46761627766616587,2.0708196654167375,0.4503181219664716,0.754055340442775,38.0,0.3571428571428571,0.5142857142857142,0.19999999999999996,-1.3657078983912885,,0,0,0,0,0,0.4857142857142857,0.5142857142857142,0.08469372964029498,NEUTRAL,0.8,0.19999999999999996,-0.26170139638594936,False,True,0.2842645638333252,True,405.86,642.0,236.14,0.71,60% book +0.75R 09:35 · breadth flip 09:55,1,
HAL|BUY|09:30|101,HAL,BUY,BUY-EX,101,09:30,4901.0,DEF,2026-09-04T09:30:00+05:30,11.905,95.92,False,outside 09:45-12:00,MOMENTUM-EXTENDED,210,0,outside 09:45-12:00,2.841193125087016,1.6640045967453387,1.4162508949786392,0.8729095819286246,5.025610715801267,1.5079575536153775,0.8873871396993325,1.919793131464707,2.3099960201296432,3.6637271966688143,6.455373406193078,100.0,0.6428571428571429,0.5095238095238095,1.0,-1.3657,,0,0,0,0,0,0.5095238095238095,0.5095238095238095,0.031943228068753715,NEUTRAL,1.0,1.0,1.1509394042222953,True,False,2.841193125087016,True,-392.46,-264.0,128.46,-0.3,momentum failure 09:40,0,
SWIGGY|BUY|09:30|101,SWIGGY,BUY,BUY-EX,101,09:30,276.55,NEWAGE,2026-09-04T09:30:00+05:30,13.586,89.19,False,outside 09:45-12:00,MOMENTUM-EXTENDED,210,0,outside 09:45-12:00,2.6921649939225523,0.0,0.42366182079300874,0.9796860929545729,2.1779176760762784,1.5008545274937684,0.9499918619791666,1.6432507783858168,1.7297524791026613,1.0344603966462778,5.135253325157433,85.0,0.6428571428571429,0.5095238095238095,0.8,-1.3657,,0,0,0,0,0,0.5095238095238095,0.5095238095238095,0.031943228068753715,NEUTRAL,0.8,0.8,0.8979811345067201,True,False,2.6921649939225523,True,311.29,430.0,118.71,0.48,60% book +0.75R 09:50 · runner stop 10:10,1,
PAYTM|BUY|09:30|101,PAYTM,BUY,BUY-EX,101,09:30,1651.7,NEWAGE,2026-09-04T09:30:00+05:30,13.072,81.93,False,outside 09:45-12:00,MOMENTUM-EXTENDED,210,0,outside 09:45-12:00,0.8979811345067201,-0.10996022163255459,0.7666498150294273,0.662143076041471,3.2279732919249535,1.085993256468201,0.915581378758214,2.424978891781769,2.6485672907314073,7.769193609405465,4.396553541315345,95.0,0.6428571428571429,0.5095238095238095,0.8,-1.3657,,0,0,0,0,0,0.5095238095238095,0.5095238095238095,0.031943228068753715,NEUTRAL,0.8,0.8,0.8979811345067201,True,False,0.8979811345067201,True,677.17,815.0,137.83,0.91,60% book +0.75R 09:40 · runner stop 09:55,1,
SOLARINDS|BUY|09:30|101,SOLARINDS,BUY,BUY-EX,101,09:30,21650.0,DEF,2026-09-04T09:30:00+05:30,13.495,79.37,False,outside 09:45-12:00,MOMENTUM-CONTROLLED,210,0,outside 09:45-12:00,0.6976744186046435,0.23255813953488857,0.35838059654031246,1.0094872803357382,1.8814467186330786,1.1071737121744913,0.75,1.0875815732846879,1.9032677532482036,1.9969835276953563,4.117479674796748,90.0,0.6428571428571429,0.5095238095238095,1.0,-1.3657,,0,0,0,0,0,0.5095238095238095,0.5095238095238095,0.031943228068753715,NEUTRAL,1.0,1.0,1.1509394042222953,True,False,0.6976744186046435,False,-697.68,-520.0,177.68,-0.59,momentum failure 09:40,0,
NAM-INDIA|BUY|09:30|102,NAM-INDIA,BUY,BUY-EX17,102,09:30,1179.0,CAPMKTS,2026-09-04T09:30:00+05:30,12.831,72.19,False,outside 09:45-12:00,MOMENTUM-EXTENDED,210,0,outside 09:45-12:00,1.2104022053763597,-0.16310622149898757,1.2753144895483584,0.9824417570516005,3.734387824829299,1.0344003532925536,1.0,0.5819172524036446,1.047443950844475,1.4907808633594297,2.760259179265659,95.0,0.6428571428571429,0.5095238095238095,0.8333333333333334,-1.3657,,0,0,0,0,0,0.5095238095238095,0.5095238095238095,0.031943228068753715,NEUTRAL,0.8333333333333334,0.8333333333333334,0.7866585909086732,True,False,1.2104022053763597,True,12.4,272.0,259.6,0.33,60% book +0.75R 09:35 · runner stop 09:40,1,
CIPLA|SELL|09:30|209,CIPLA,SELL,SELL-EX8,209,09:30,1377.9,PHA,2026-09-04T09:30:00+05:30,11.441,59.63,False,outside 09:45-12:00,MOMENTUM-EXTENDED,210,0,outside 09:45-12:00,1.204554911161837,-0.0,1.1712153434836794,1.363342692998263,4.184726690450646,2.995031187696541,0.7550883136942278,1.1900011654050657,1.5759761392452902,1.801216790485799,4.511524619036679,10.0,0.3571428571428571,0.4904761904761905,0.8461538461538461,-1.3657,,0,0,0,0,0,0.5095238095238095,0.4904761904761905,-0.031943228068753715,NEUTRAL,0.15384615384615385,0.8461538461538461,0.6144511095802052,True,False,1.204554911161837,True,-253.45,-18.0,235.45,-0.03,momentum failure 09:40,0,
GODREJCP|SELL|09:30|209,GODREJCP,SELL,SELL-EX8,209,09:30,867.0,FMCG,2026-09-04T09:30:00+05:30,11.842,58.49,False,outside 09:45-12:00,MOMENTUM-EXTENDED,210,0,outside 09:45-12:00,1.477272727272727,0.5000027743252811,0.5756213305900879,0.47099479638336117,2.813354669709951,1.5177005441360307,0.9710211591536339,1.3541359341959476,1.4599015724978874,0.44261422777458714,3.9069128942637685,10.0,0.3571428571428571,0.4904761904761905,0.7142857142857143,-1.3657,,0,0,0,0,0,0.5095238095238095,0.4904761904761905,-0.031943228068753715,NEUTRAL,0.2857142857142857,0.7142857142857143,0.3146193390217267,True,False,1.477272727272727,True,-1055.3,-841.0,214.3,-0.94,momentum failure 09:45,0,
COCHINSHIP|BUY|09:30|101,COCHINSHIP,BUY,BUY-EX,101,09:30,1503.9,DEF,2026-09-04T09:30:00+05:30,11.472,56.74,False,outside 09:45-12:00,MOMENTUM-EXTENDED,210,0,outside 09:45-12:00,1.1569296971207788,0.2354207382088802,0.8651001695402301,1.1222071326026963,3.275422889710229,1.378269990454793,0.9056612464876319,1.2833860925300145,1.4787054471636594,1.6548835128484956,1.1488941176470588,100.0,0.6428571428571429,0.5095238095238095,1.0,-1.3657,,0,0,0,0,0,0.5095238095238095,0.5095238095238095,0.031943228068753715,NEUTRAL,1.0,1.0,1.1509394042222953,True,False,1.1569296971207788,True,-1156.86,-847.0,309.86,-1.0,SL 09:40,0,
DABUR|SELL|09:30|201,DABUR,SELL,SELL-EX1,201,09:30,377.6,FMCG,2026-09-04T09:30:00+05:30,11.568,55.62,False,outside 09:45-12:00,MOMENTUM-CONTROLLED,210,0,outside 09:45-12:00,0.814291043896731,0.5122175320474653,0.12433063385931149,0.4520803372426152,1.2172914459318962,0.9241723567201121,0.944425606944256,0.9769648881104143,1.4654721774147976,1.7289279557087496,4.793815763991995,25.0,0.3571428571428571,0.4904761904761905,0.7142857142857143,-1.3657,,0,0,0,0,0,0.5095238095238095,0.4904761904761905,-0.031943228068753715,NEUTRAL,0.2857142857142857,0.7142857142857143,0.3146193390217267,True,False,0.814291043896731,True,-500.95,-265.0,235.95,-0.43,momentum failure 09:45,0,
BEL|BUY|09:30|101,BEL,BUY,BUY-EX,101,09:30,411.4,DEF,2026-09-04T09:30:00+05:30,11.213,55.46,False,outside 09:45-12:00,MOMENTUM-EXTENDED,210,0,outside 09:45-12:00,0.685263766799693,0.07341845043751238,0.6172008250450814,0.5712347260602503,3.1946515497096954,1.7846253396431118,1.0,1.6517303823088496,2.1335008295177254,1.5889818564702587,1.3975344777259295,95.0,0.6428571428571429,0.5095238095238095,1.0,-1.3657,,0,0,0,0,0,0.5095238095238095,0.5095238095238095,0.031943228068753715,NEUTRAL,1.0,1.0,1.1509394042222953,True,False,0.685263766799693,False,-108.36,110.0,218.36,0.12,momentum failure 09:45,0,
LUPIN|SELL|09:30|203,LUPIN,SELL,SELL-EX3,203,09:30,2118.8999,PHA,2026-09-04T09:30:00+05:30,12.619,50.75,False,outside 09:45-12:00,MOMENTUM-EXTENDED,210,0,outside 09:45-12:00,0.6144511095802052,-0.304878048780477,1.2672698804643987,0.9744217528348283,4.217149635550646,1.9673124354222447,1.0,0.9868987484465298,1.227600027095868,1.6723799076740253,3.4928405836628937,15.0,0.3571428571428571,0.4904761904761905,0.8461538461538461,-1.3657,,0,0,0,0,0,0.5095238095238095,0.4904761904761905,-0.031943228068753715,NEUTRAL,0.15384615384615385,0.8461538461538461,0.6144511095802052,True,False,0.6144511095802052,True,-363.36,-129.0,234.36,-0.2,momentum failure 09:40,0,
BHEL|BUY|09:30|101,BHEL,BUY,BUY-EX,101,09:30,433.25,CAPGOODS,2026-09-04T09:30:00+05:30,11.259,47.86,False,outside 09:45-12:00,MOMENTUM-CONTROLLED,210,0,outside 09:45-12:00,0.33580644928745684,0.277909273032817,0.3922086915481911,0.8557639859184076,1.7471288789618475,1.0450365247400395,0.7826075418623782,1.4577186923210168,1.915848684526119,2.1511957850484436,1.8412209259666887,95.0,0.6428571428571429,0.5095238095238095,0.3,-1.3657,,0,0,0,0,0,0.5095238095238095,0.5095238095238095,0.031943228068753715,NEUTRAL,0.3,0.3,-0.2813799728917543,False,True,0.33580644928745684,True,243.98,471.0,227.02,0.52,60% book +0.75R 09:35 · runner stop 10:25,1,
YESBANK|BUY|09:30|101,YESBANK,BUY,BUY-EX,101,09:30,22.6,BANK,2026-09-04T09:30:00+05:30,13.952,46.96,False,outside 09:45-12:00,MOMENTUM-EXTENDED,210,0,outside 09:45-12:00,0.2661910537059997,-0.22183292980585412,0.7607210333806425,1.3115160620427824,2.7009354097499716,1.7036044553399634,0.8999980926586432,2.1720535090540323,2.41339790247518,1.5876803711747385,1.6448096528603688,95.0,0.6428571428571429,0.5095238095238095,0.5454545454545454,-1.3657,,0,0,0,0,0,0.5095238095238095,0.5095238095238095,0.031943228068753715,NEUTRAL,0.5454545454545454,0.5454545454545454,0.2661910537059997,True,False,0.2661910537059997,True,-685.42,-476.0,209.42,-0.53,momentum failure 09:40,0,
PIIND|BUY|09:30|101,PIIND,BUY,BUY-EX,101,09:30,2433.5,CHEMICALS,2026-09-04T09:30:00+05:30,13.18,42.12,False,outside 09:45-12:00,MOMENTUM-EXTENDED,210,0,outside 09:45-12:00,0.5620107527207097,-0.181821667065174,0.6733785364667948,1.2854026142223673,2.6763161722857993,1.3606140122569867,1.0,1.5579716504266374,1.5904211387970004,1.6357666412390965,1.9955492615820352,80.0,0.6428571428571429,0.5095238095238095,0.2,-1.3657,,0,0,0,0,0,0.5095238095238095,0.5095238095238095,0.031943228068753715,NEUTRAL,0.2,0.2,-0.5554597683592344,False,True,0.5620107527207097,True,1037.78,1269.0,231.22,1.42,60% book +0.75R 09:35 · runner stop 09:40,1,
TMPV|BUY|09:30|101,TMPV,BUY,BUY-EX,101,09:30,313.7,AUTO,2026-09-04T09:30:00+05:30,13.723,34.61,False,outside 09:45-12:00,MOMENTUM-EXTENDED,210,0,outside 09:45-12:00,0.54487570738182,0.0,0.7196298258126604,-0.04224073850649266,3.306236734872207,2.0328006872113664,0.9677495569994093,2.160686757514553,2.232692065717858,1.3097158341606858,1.2074392918054089,80.0,0.6428571428571429,0.5095238095238095,0.47058823529411764,-1.3657,,0,0,0,0,0,0.5095238095238095,0.5095238095238095,0.031943228068753715,NEUTRAL,0.47058823529411764,0.47058823529411764,-0.05910165484633856,False,True,0.54487570738182,True,-327.52,-144.0,183.52,-0.16,momentum failure 09:40,0,
ZYDUSLIFE|SELL|09:30|203,ZYDUSLIFE,SELL,SELL-EX3,203,09:30,1126.3,PHA,2026-09-04T09:30:00+05:30,13.968,33.18,False,outside 09:45-12:00,MOMENTUM-EXTENDED,210,0,outside 09:45-12:00,1.4610630946522263,-0.2624671916010568,0.6259858920287001,0.6381246621912098,3.1624983062454506,2.4464536403157315,0.9599853515625,0.7044857013131317,1.6773664085209483,0.9032443697897224,1.0889232644260067,25.0,0.3571428571428571,0.4904761904761905,0.8461538461538461,-1.3657,,0,0,0,0,0,0.5095238095238095,0.4904761904761905,-0.031943228068753715,NEUTRAL,0.15384615384615385,0.8461538461538461,0.6144511095802052,True,False,1.4610630946522263,True,-1160.37,-900.0,260.37,-1.0,SL 09:40,0,
HINDUNILVR|SELL|09:30|203,HINDUNILVR,SELL,SELL-EX3,203,09:30,1955.2,FMCG,2026-09-04T09:30:00+05:30,12.043,30.62,False,outside 09:45-12:00,MOMENTUM-CONTROLLED,210,0,outside 09:45-12:00,0.3465876059187023,-0.2599375935747883,0.6212321469191822,0.7989619638834017,2.069589283563927,1.2443039884288443,0.8750286106660563,0.5281794794122783,0.6036139538457347,0.7109105248159268,1.9750517836593786,15.0,0.3571428571428571,0.4904761904761905,0.7142857142857143,-1.3657,,0,0,0,0,0,0.5095238095238095,0.4904761904761905,-0.031943228068753715,NEUTRAL,0.2857142857142857,0.7142857142857143,0.3146193390217267,True,False,0.3465876059187023,True,-76.18,182.0,258.18,0.8,60% book +0.75R 09:40 · runner stop 09:45,0,
AUROPHARMA|SELL|09:30|201,AUROPHARMA,SELL,SELL-EX1,201,09:30,1622.6,PHA,2026-09-04T09:30:00+05:30,11.06,29.59,False,outside 09:45-12:00,MOMENTUM-CONTROLLED,210,0,outside 09:45-12:00,0.8978240275940186,-0.2137665605339123,0.8811800379180879,1.7361662886043943,2.312048484640296,1.8048074232892892,1.0,0.9624155522575663,1.1724099435538227,0.28450268380737714,0.5484203549598645,25.0,0.3571428571428571,0.4904761904761905,0.8461538461538461,-1.3657,,0,0,0,0,0,0.5095238095238095,0.4904761904761905,-0.031943228068753715,NEUTRAL,0.15384615384615385,0.8461538461538461,0.6144511095802052,True,False,0.8978240275940186,True,-1165.79,-899.0,266.79,-1.0,SL 09:40,0,
HEROMOTOCO|BUY|09:30|102,HEROMOTOCO,BUY,BUY-EX17,102,09:30,5312.5,AUTO,2026-09-04T09:30:00+05:30,11.997,28.89,False,outside 09:45-12:00,REVERSION-ALIGNMENT,210,0,outside 09:45-12:00,0.0753508524065083,-0.10360742205896001,0.3464672697489285,0.22495110031758384,1.627989386234865,1.252898725887608,0.5357142857142857,0.6741257989955192,1.258368158124969,0.8010606221645419,0.6891241578440809,85.0,0.6428571428571429,0.5095238095238095,0.47058823529411764,-1.3657,,0,0,0,0,0,0.5095238095238095,0.5095238095238095,0.031943228068753715,NEUTRAL,0.47058823529411764,0.47058823529411764,-0.05910165484633856,False,True,0.0753508524065083,True,-447.56,-212.0,235.56,-0.53,momentum failure 09:40,0,
PGEL|SELL|09:30|209,PGEL,SELL,SELL-EX8,209,09:30,553.15,CDUR,2026-09-04T09:30:00+05:30,13.133,27.27,False,outside 09:45-12:00,REVERSION-ALIGNMENT,210,0,outside 09:45-12:00,0.13540349646913308,-0.3791253824476648,0.3627216116458342,1.2256056191349014,1.4016027348980244,1.118577732470764,0.7659502629699371,1.7778792813189181,3.0948909046469684,1.8361773056181845,2.0609057651065976,43.0,0.3571428571428571,0.4904761904761905,0.6666666666666667,-1.3657,,0,0,0,0,0,0.5095238095238095,0.4904761904761905,-0.031943228068753715,NEUTRAL,0.3333333333333333,0.6666666666666667,0.13540349646913308,True,False,0.13540349646913308,True,-281.28,-133.0,148.28,-0.15,momentum failure 09:40,0,
PIDILITIND|SELL|09:30|209,PIDILITIND,SELL,SELL-EX8,209,09:30,1629.2,CHEMICALS,2026-09-04T09:30:00+05:30,13.164,27.27,False,outside 09:45-12:00,MOMENTUM-CONTROLLED,210,0,outside 09:45-12:00,0.5554597683592344,0.1587070486941511,-0.3272046700136787,-0.6787078142576614,1.2387638043808797,1.8342914845573361,1.0,0.9365562023927101,0.9755694534867353,0.6702867485948366,1.1572368421052632,25.0,0.3571428571428571,0.4904761904761905,0.8,-1.3657,,0,0,0,0,0,0.5095238095238095,0.4904761904761905,-0.031943228068753715,NEUTRAL,0.2,0.8,0.5554597683592344,True,False,0.5554597683592344,True,-742.38,-432.0,310.38,-1.0,SL 10:00,0,
KAYNES|SELL|09:30|209,KAYNES,SELL,SELL-EX8,209,09:30,3452.8999,CAPGOODS,2026-09-04T09:30:00+05:30,12.439,26.96,False,outside 09:45-12:00,MOMENTUM-EXTENDED,210,0,outside 09:45-12:00,0.9210931895624053,-0.2008608321377281,0.5700000516027709,1.0110623864171016,2.589527314018276,1.9287743727053197,1.0,2.061348539091949,2.565710422353859,1.6506860638122005,1.2336441381440513,5.0,0.3571428571428571,0.4904761904761905,0.7,-1.3657,,0,0,0,0,0,0.5095238095238095,0.4904761904761905,-0.031943228068753715,NEUTRAL,0.3,0.7,0.2813799728917543,True,False,0.9210931895624053,True,-480.46,-368.0,112.46,-0.41,momentum failure 09:45,0,
BIOCON|SELL|09:30|203,BIOCON,SELL,SELL-EX3,203,09:30,400.7,PHA,2026-09-04T09:30:00+05:30,11.275,24.95,False,outside 09:45-12:00,MOMENTUM-CONTROLLED,210,0,outside 09:45-12:00,0.32338004800217535,-0.4975124378109541,0.3293294111511997,0.06292678148081754,2.1010228979447323,1.8559619522891404,1.0,0.7854690797513326,1.356723281743382,1.3497331771443446,0.9039006319459577,20.0,0.3571428571428571,0.4904761904761905,0.8461538461538461,-1.3657,,0,0,0,0,0,0.5095238095238095,0.4904761904761905,-0.031943228068753715,NEUTRAL,0.15384615384615385,0.8461538461538461,0.6144511095802052,True,False,0.32338004800217535,False,-952.88,-642.0,310.88,-1.0,SL 09:40,0,
GVT&D|BUY|09:30|90,GVT&D,BUY,ENTRY BUY,90,09:30,4357.7002,CAPGOODS,2026-09-04T09:30:00+05:30,11.889,24.95,False,not a real enabled chart master variant,REVERSION-ALIGNMENT,210,0,not a real enabled chart master variant,-0.09857415606373543,-0.05272362878266934,-0.05869943298842077,0.5064315857541184,0.7393416128591085,1.5534153459979112,0.7322901247621062,1.4501076567988858,1.9802365316205404,0.9890731899394595,0.5933562992125985,77.0,0.6428571428571429,0.5095238095238095,0.3,-1.3657,,0,0,0,0,0,0.5095238095238095,0.5095238095238095,0.031943228068753715,NEUTRAL,0.3,0.3,-0.2813799728917543,False,True,-0.09857415606373543,True,-1153.94,-896.0,257.94,-1.0,SL 09:50,0,
360ONE|SELL|09:30|201,360ONE,SELL,SELL-EX1,201,09:30,1148.5,CAPMKTS,2026-09-04T09:30:00+05:30,10.785,17.66,False,outside 09:45-12:00,MOMENTUM-CONTROLLED,210,0,outside 09:45-12:00,0.2432075661748745,0.1389818108562313,0.9893427433474099,0.7724425917604213,2.4817133846620076,1.2246417753533823,0.909077458015832,0.9509701344090434,1.207029748514676,0.8702223766504517,1.321461548608363,10.0,0.3571428571428571,0.4904761904761905,0.16666666666666663,-1.3657,,0,0,0,0,0,0.5095238095238095,0.4904761904761905,-0.031943228068753715,NEUTRAL,0.8333333333333334,0.16666666666666663,-0.7866585909086732,False,True,0.2432075661748745,True,352.25,611.0,258.75,0.87,60% book +0.75R 09:45 · breadth flip 09:55,1,
COLPAL|SELL|09:30|290,COLPAL,SELL,ENTRY SELL,290,09:30,1846.6,FMCG,2026-09-04T09:30:00+05:30,11.504,15.3,False,not a real enabled chart master variant,REVERSION-ALIGNMENT,210,0,not a real enabled chart master variant,0.18378510346284127,-0.7513526710304141,0.18286670002396627,0.39604968188733636,0.9476818014664408,0.9540544364905876,0.6956533276722217,-0.15744937398911657,1.2071866143246937,0.7529072656793558,0.8463687150837989,30.0,0.3571428571428571,0.4904761904761905,0.7142857142857143,-1.3657,,0,0,0,0,0,0.5095238095238095,0.4904761904761905,-0.031943228068753715,NEUTRAL,0.2857142857142857,0.7142857142857143,0.3146193390217267,True,False,0.18378510346284127,False,715.29,974.0,258.71,2.02,60% book +0.75R 09:35 · runner stop 09:50,1,
NYKAA|SELL|09:30|220,NYKAA,SELL,SELL-EX19,220,09:30,332.75,NEWAGE,2026-09-04T09:30:00+05:30,12.967,14.95,False,outside 09:45-12:00,MOMENTUM-CONTROLLED,210,0,outside 09:45-12:00,0.4338755697390506,0.32914603929882214,0.13438575907251848,0.6783936840478307,0.7857971268708188,1.0383913924598165,0.9166836215666327,0.47433897184204976,0.8131052564665358,0.2573620200618364,0.46340956628942664,33.0,0.3571428571428571,0.4904761904761905,0.19999999999999996,-1.3657,,0,0,0,0,0,0.5095238095238095,0.4904761904761905,-0.031943228068753715,NEUTRAL,0.8,0.19999999999999996,-0.8979811345067201,False,True,0.4338755697390506,True,-6.36,253.0,259.36,0.55,60% book +0.75R 09:35 · runner stop 09:40,0,
AXISBANK|SELL|09:30|290,AXISBANK,SELL,ENTRY SELL,290,09:30,1264.3,BANK,2026-09-04T09:30:00+05:30,11.076,9.57,False,not a real enabled chart master variant,MOMENTUM-CONTROLLED,210,0,not a real enabled chart master variant,0.21309796147395144,-0.2288890618833861,0.9643718761976153,0.31647358940575615,2.2819689552558744,0.24262169177636925,0.13040709091874103,0.08165884076248323,0.9392760798571101,0.4330364647394342,0.40494626500961084,10.0,0.3571428571428571,0.4904761904761905,0.4545454545454546,-1.3657,,0,0,0,0,0,0.5095238095238095,0.4904761904761905,-0.031943228068753715,NEUTRAL,0.5454545454545454,0.4545454545454546,-0.2661910537059997,False,True,0.21309796147395144,True,-418.98,-109.0,309.98,-1.0,SL 09:35,0,
RBLBANK|BUY|09:35|101,RBLBANK,BUY,BUY-EX,101,09:35,412.25,BANK,2026-09-04T09:35:00+05:30,8.335,72.47,False,outside 09:45-12:00,MOMENTUM-CONTROLLED,210,0,outside 09:45-12:00,1.0169061098792787,0.2205326839069155,0.4064294678115923,1.469905811007479,2.1918451717981116,1.8183562652941454,1.0,1.5574133232764193,1.6948255676289776,0.7751109015606931,7.791715244236123,85.0,0.6428571428571429,0.5333333333333333,0.5454545454545454,-1.3657,,0,0,0,0,0,0.5333333333333333,0.5333333333333333,0.05921954791335837,NEUTRAL,0.5454545454545454,0.5454545454545454,0.17745788178364919,True,False,1.0169061098792787,True,-563.71,-372.0,191.71,-0.41,momentum failure 09:50,0,
MCX|BUY|09:35|102,MCX,BUY,BUY-EX17,102,09:35,3232.3999,CAPMKTS,2026-09-04T09:35:00+05:30,7.746,67.16,False,outside 09:45-12:00,MOMENTUM-EXTENDED,210,0,outside 09:45-12:00,1.962019813573046,0.7255062883808838,0.5208481146398095,-0.20511649309988164,3.238321229358585,2.3101588445703682,0.9335141276561211,2.675031232911743,2.8655498119008063,3.6814512798564336,2.4218408859646523,80.0,0.6428571428571429,0.5333333333333333,0.8333333333333334,-1.3657,,0,0,0,0,0,0.5333333333333333,0.5333333333333333,0.05921954791335837,NEUTRAL,0.8333333333333334,0.8333333333333334,0.9661786984850207,True,False,1.962019813573046,True,139.24,250.0,110.76,0.28,time exit 10:35,1,
DELHIVERY|BUY|09:35|101,DELHIVERY,BUY,BUY-EX,101,09:35,465.4,LOGISTICS,2026-09-04T09:35:00+05:30,6.604,57.74,False,outside 09:45-12:00,MOMENTUM-CONTROLLED,210,0,outside 09:45-12:00,0.22611990506460344,-0.25842838187962736,0.40809323409723436,0.9346106130425157,1.833245104597684,1.7585049199467273,1.0,2.311238455194425,2.627846992186854,0.8470059423476924,2.579048741247649,90.0,0.6428571428571429,0.5333333333333333,0.6666666666666666,-1.3657,,0,0,0,0,0,0.5333333333333333,0.5333333333333333,0.05921954791335837,NEUTRAL,0.6666666666666666,0.6666666666666666,0.06445798921403956,True,False,0.22611990506460344,True,-789.35,-668.0,121.35,-0.74,momentum failure 09:50,0,
BANDHANBNK|BUY|09:35|111,BANDHANBNK,BUY,BUY-EX12,111,09:35,166.55,BANK,2026-09-04T09:35:00+05:30,6.157,57.34,False,outside 09:45-12:00,MOMENTUM-EXTENDED,210,0,outside 09:45-12:00,1.4126574831480276,0.6819767430516599,0.6036650963198568,0.39180793833597816,3.0407636928728903,1.6443815360481762,0.8857192681615392,1.8794748625318547,2.3776505876533602,1.983176566386378,1.7744239283902894,95.0,0.6428571428571429,0.5333333333333333,0.5454545454545454,-1.3657,,0,0,0,0,0,0.5333333333333333,0.5333333333333333,0.05921954791335837,NEUTRAL,0.5454545454545454,0.5454545454545454,0.17745788178364919,True,False,1.4126574831480276,True,-397.5,-233.0,164.5,-0.26,momentum failure 09:50,0,
KALYANKJIL|BUY|09:35|102,KALYANKJIL,BUY,BUY-EX17,102,09:35,597.2,CDUR,2026-09-04T09:35:00+05:30,7.428,57.18,False,outside 09:45-12:00,MOMENTUM-EXTENDED,210,0,outside 09:45-12:00,2.0331496091320123,0.29899197616574114,1.0483279754118606,0.7164832461212131,3.5966151952626615,1.7910555628871905,0.9178121133072472,1.1506911794730488,1.8261187780921706,1.5271076573221434,1.491437860295225,100.0,0.6428571428571429,0.5333333333333333,0.3333333333333333,-1.3657,,0,0,0,0,0,0.5333333333333333,0.5333333333333333,0.05921954791335837,NEUTRAL,0.3333333333333333,0.3333333333333333,-0.20192502514614352,False,True,2.0331496091320123,True,-1107.65,-898.0,209.65,-1.0,SL 09:50,0,
ADANIENT|BUY|09:35|102,ADANIENT,BUY,BUY-EX17,102,09:35,2913.0,INFRA,2026-09-04T09:35:00+05:30,5.852,53.8,False,outside 09:45-12:00,MOMENTUM-CONTROLLED,210,0,outside 09:45-12:00,0.4136504653567741,-0.2033747791709728,0.2819582528859648,0.001443465259836022,2.184343607654736,1.8765235495895787,0.7741975405870639,2.2238237108902257,2.9788278636885828,1.86390775599117,1.655969674852259,90.0,0.6428571428571429,0.5333333333333333,1.0,-1.3657,,0,0,0,0,0,0.5333333333333333,0.5333333333333333,0.05921954791335837,NEUTRAL,1.0,1.0,0.08553213443396324,True,False,0.4136504653567741,True,646.45,828.0,181.55,0.93,59% book +0.75R 10:05 · runner stop 10:30,1,
GMRAIRPORT|BUY|09:35|101,GMRAIRPORT,BUY,BUY-EX,101,09:35,96.95,INFRA,2026-09-04T09:35:00+05:30,6.816,48.78,False,outside 09:45-12:00,REVERSION-ALIGNMENT,210,0,outside 09:45-12:00,0.0825789195747495,-0.02065063682641366,0.646918537299878,1.8890217737067478,1.7818747345187744,1.1136179908792208,1.0,0.8775387729571165,1.5461260793216465,0.6457506570646978,1.2120914289427513,95.0,0.6428571428571429,0.5333333333333333,1.0,-1.3657,,0,0,0,0,0,0.5333333333333333,0.5333333333333333,0.05921954791335837,NEUTRAL,1.0,1.0,0.08553213443396324,True,False,0.0825789195747495,False,-908.98,-693.0,215.98,-0.77,momentum failure 09:45,0,
COLPAL|SELL|09:35|213,COLPAL,SELL,SELL-EX12,213,09:35,1845.1,FMCG,2026-09-04T09:35:00+05:30,6.51,41.58,False,outside 09:45-12:00,MOMENTUM-CONTROLLED,210,0,outside 09:45-12:00,0.2648661845439215,-0.7513526710304141,0.28740880501431537,0.4566093610915726,1.2160985171167684,0.917239176681726,0.5675684592543715,0.4207482923398514,0.9729824323507206,1.653111466805333,3.3618638466622603,20.0,0.3571428571428571,0.4666666666666667,0.7142857142857143,-1.3657,,0,0,0,0,0,0.5333333333333333,0.4666666666666667,-0.05921954791335837,NEUTRAL,0.2857142857142857,0.7142857142857143,0.3296838245957723,True,False,0.2648661845439215,False,498.39,757.0,258.61,2.27,60% book +0.75R 09:40 · runner stop 09:45,1,
POWERINDIA|BUY|09:35|102,POWERINDIA,BUY,BUY-EX17,102,09:35,32130.0,CAPGOODS,2026-09-04T09:35:00+05:30,8.275,40.47,False,outside 09:45-12:00,MOMENTUM-CONTROLLED,210,0,outside 09:45-12:00,0.406250000000008,0.29687499999999645,-0.11228696699896747,-0.6954258852945319,1.4074723190489553,1.9504634989598397,0.5806451612903226,1.168937874184581,2.01317078331789,1.603128054740958,1.4494271685761047,90.0,0.6428571428571429,0.5333333333333333,0.3,-1.3657,,0,0,0,0,0,0.5333333333333333,0.5333333333333333,0.05921954791335837,NEUTRAL,0.3,0.3,-0.3102083535495015,False,True,0.406250000000008,True,-958.91,-675.0,283.91,-1.0,SL 09:40,0,
ADANIGREEN|BUY|09:35|102,ADANIGREEN,BUY,BUY-EX17,102,09:35,1291.6,GREEN,2026-09-04T09:35:00+05:30,5.868,39.84,False,outside 09:45-12:00,MOMENTUM-CONTROLLED,210,0,outside 09:45-12:00,0.638924031158461,0.3895901437498184,-0.2604042590926201,-0.6331499654053034,1.384350983607821,1.582406723643533,0.7456124382957308,2.2975052075839315,3.0813665244579473,1.4432306253212843,0.8917778973495565,85.0,0.6428571428571429,0.5333333333333333,0.6,-1.3657,,0,0,0,0,0,0.5333333333333333,0.5333333333333333,0.05921954791335837,NEUTRAL,0.6,0.6,0.13179373669831573,True,False,0.638924031158461,True,-615.41,-469.0,146.41,-0.53,momentum failure 09:45,0,
ASHOKLEY|BUY|09:35|101,ASHOKLEY,BUY,BUY-EX,101,09:35,169.9,AUTO,2026-09-04T09:35:00+05:30,6.004,38.44,False,outside 09:45-12:00,MOMENTUM-EXTENDED,210,0,outside 09:45-12:00,0.3247639640665767,-0.25391669269115846,1.4022029995466028,1.7288955382304205,3.0586513641976074,1.0824050245204113,0.9629273806159933,0.5805177771705056,0.6028676604866539,0.6633305766694936,1.0527803012991646,95.0,0.6428571428571429,0.5333333333333333,0.4117647058823529,-1.3657,,0,0,0,0,0,0.5333333333333333,0.5333333333333333,0.05921954791335837,NEUTRAL,0.4117647058823529,0.4117647058823529,-0.09999847412109908,False,True,0.3247639640665767,True,288.29,548.0,259.71,1.27,60% book +0.75R 09:40 · runner stop 09:50,1,
UNOMINDA|SELL|09:35|209,UNOMINDA,SELL,SELL-EX8,209,09:35,1240.2,AUTO,2026-09-04T09:35:00+05:30,8.835,36.54,False,outside 09:45-12:00,MOMENTUM-CONTROLLED,210,0,outside 09:45-12:00,2.2695073938632793,0.874702567843777,0.6835920767333549,0.02655404072569471,2.314357442151327,1.324137272927147,0.94287109375,0.9027639030200777,1.053224553523424,1.0269004612513644,1.2427163781624502,20.0,0.3571428571428571,0.4666666666666667,0.5882352941176471,-1.3657,,0,0,0,0,0,0.5333333333333333,0.4666666666666667,-0.05921954791335837,NEUTRAL,0.4117647058823529,0.5882352941176471,0.09999847412109908,True,False,2.2695073938632793,True,44.12,303.0,258.88,0.43,60% book +0.75R 09:50 · runner stop 09:55,1,
ICICIBANK|SELL|09:35|213,ICICIBANK,SELL,SELL-EX12,213,09:35,1425.0,BANK,2026-09-04T09:35:00+05:30,7.095,36.06,False,outside 09:45-12:00,MOMENTUM-EXTENDED,210,0,outside 09:45-12:00,0.34965034965035446,-0.20979020979021712,1.4481477966191871,1.4823458434206447,3.089021590974082,0.9675514168544518,0.42107292001284935,0.34778981221953364,0.8259610050651573,1.4343670711346577,3.605862815407241,15.0,0.3571428571428571,0.4666666666666667,0.4545454545454546,-1.3657,,0,0,0,0,0,0.5333333333333333,0.4666666666666667,-0.05921954791335837,NEUTRAL,0.5454545454545454,0.4545454545454546,-0.17745788178364919,False,True,0.34965034965035446,True,-103.99,155.0,258.99,0.82,60% book +0.75R 09:40 · runner stop 09:45,0,
ADANIENSOL|BUY|09:35|111,ADANIENSOL,BUY,BUY-EX12,111,09:35,1393.7,ENE,2026-09-04T09:35:00+05:30,5.835,33.65,False,outside 09:45-12:00,MOMENTUM-CONTROLLED,210,0,outside 09:45-12:00,0.5773255597818716,-0.12267815773806534,0.30299730111392936,-0.12782559701871218,2.2805018355389923,1.9549232267877827,0.9055065888753256,2.6985269581443707,3.0875284138344696,0.8233819861321622,0.6737894798523351,75.0,0.6428571428571429,0.5333333333333333,0.5555555555555556,-1.3657,,0,0,0,0,0,0.5333333333333333,0.5333333333333333,0.05921954791335837,NEUTRAL,0.5555555555555556,0.5555555555555556,0.041015556871104586,False,True,0.5773255597818716,True,671.27,813.0,141.73,0.91,59% book +0.75R 10:10 · runner stop 10:30,1,
MARUTI|SELL|09:35|203,MARUTI,SELL,SELL-EX3,203,09:35,12761.0,AUTO,2026-09-04T09:35:00+05:30,7.7,27.94,False,outside 09:45-12:00,MOMENTUM-EXTENDED,210,0,outside 09:45-12:00,0.7466749630551495,0.11666796297736814,1.0283996203237535,0.7213580076773862,2.7338054846781223,1.0326708491999237,0.8387096774193549,1.1219720591241535,1.3377359166480294,0.9087189406338342,1.7894158579014832,20.0,0.3571428571428571,0.4666666666666667,0.5882352941176471,-1.3657,,0,0,0,0,0,0.5333333333333333,0.4666666666666667,-0.05921954791335837,NEUTRAL,0.4117647058823529,0.5882352941176471,0.09999847412109908,True,False,0.7466749630551495,True,-230.21,0.0,230.21,0.0,momentum failure 09:45,0,
DIXON|SELL|09:35|201,DIXON,SELL,SELL-EX1,201,09:35,14349.0,CDUR,2026-09-04T09:35:00+05:30,6.635,27.21,False,outside 09:45-12:00,MOMENTUM-CONTROLLED,210,0,outside 09:45-12:00,0.6645898234683312,0.048459674627898686,0.955102428222407,1.411275439438293,2.194706459062272,0.8699833372048816,0.6571428571428571,0.8106101754294143,1.5761864522238611,1.1169725548732912,1.549047282992237,15.0,0.3571428571428571,0.4666666666666667,0.6666666666666667,-1.3657,,0,0,0,0,0,0.5333333333333333,0.4666666666666667,-0.05921954791335837,NEUTRAL,0.3333333333333333,0.6666666666666667,0.20192502514614352,True,False,0.6645898234683312,True,192.2,447.0,254.8,0.54,59% book +0.75R 09:40 · runner stop 09:45,1,
ADANIPOWER|BUY|09:35|111,ADANIPOWER,BUY,BUY-EX12,111,09:35,208.5,ENE,2026-09-04T09:35:00+05:30,5.899,26.48,False,outside 09:45-12:00,REVERSION-ALIGNMENT,210,0,outside 09:45-12:00,0.10082419733852266,-0.023999133218122193,0.21395016324061555,-0.4111088801171938,1.3604079397886362,1.102825535545024,0.6039642851747217,1.2041100269506566,1.9936775344295696,0.9449416974339951,0.8682160686441232,75.0,0.6428571428571429,0.5333333333333333,0.5555555555555556,-1.3657,,0,0,0,0,0,0.5333333333333333,0.5333333333333333,0.05921954791335837,NEUTRAL,0.5555555555555556,0.5555555555555556,0.041015556871104586,False,True,0.10082419733852266,True,-1197.2,-887.0,310.2,-1.14,SL 09:45,0,
HCLTECH|SELL|09:35|220,HCLTECH,SELL,SELL-EX19,220,09:35,1312.6,IT,2026-09-04T09:35:00+05:30,6.942,26.39,False,outside 09:45-12:00,MOMENTUM-CONTROLLED,210,0,outside 09:45-12:00,0.4852179237348375,-0.4473104180487075,-0.04469100854421644,0.3051141466981103,1.0038843311141878,2.2984738024879054,0.8965734972217545,0.7604466158737087,0.8481698580541726,1.0772644129404076,2.015011192555853,38.0,0.3571428571428571,0.4666666666666667,0.16666666666666663,-1.3657,,0,0,0,0,0,0.5333333333333333,0.4666666666666667,-0.05921954791335837,NEUTRAL,0.8333333333333334,0.16666666666666663,-0.4970954267735195,False,True,0.4852179237348375,True,-854.57,-544.0,310.57,-1.0,SL 09:45,0,
SUNPHARMA|SELL|09:35|203,SUNPHARMA,SELL,SELL-EX3,203,09:35,1905.6,PHA,2026-09-04T09:35:00+05:30,8.546,24.11,False,outside 09:45-12:00,MOMENTUM-EXTENDED,210,0,outside 09:45-12:00,0.5427987690011737,0.12004430209420214,0.9883593076059868,1.209059181541033,2.522118577862093,1.1176341862301185,1.0,0.4070167597956339,1.0853366247627447,0.3601811800813178,0.7661735700197239,20.0,0.3571428571428571,0.4666666666666667,0.9230769230769231,-1.3657,,0,0,0,0,0,0.5333333333333333,0.4666666666666667,-0.05921954791335837,NEUTRAL,0.07692307692307693,0.9230769230769231,0.5427987690011737,True,False,0.5427987690011737,True,-779.78,-469.0,310.78,-1.0,SL 09:45,0,
TORNTPHARM|SELL|09:35|209,TORNTPHARM,SELL,SELL-EX8,209,09:35,4897.0,PHA,2026-09-04T09:35:00+05:30,8.744,22.39,False,outside 09:45-12:00,REVERSION-ALIGNMENT,210,0,outside 09:45-12:00,0.17327489552543263,-0.3363571501376006,0.5024745873552509,0.28978614353520554,1.8666947952617619,1.1029114739462578,0.9347826086956522,1.1554850880835008,1.71459077586584,0.5210271678451805,0.7129217059197963,15.0,0.3571428571428571,0.4666666666666667,0.9230769230769231,-1.3657,,0,0,0,0,0,0.5333333333333333,0.4666666666666667,-0.05921954791335837,NEUTRAL,0.07692307692307693,0.9230769230769231,0.5427987690011737,True,False,0.17327489552543263,False,-495.13,-300.0,195.13,-0.33,momentum failure 09:45,0,
TCS|SELL|09:35|201,TCS,SELL,SELL-EX1,201,09:35,2328.3,IT,2026-09-04T09:35:00+05:30,8.667,21.48,False,outside 09:45-12:00,REVERSION-ALIGNMENT,210,0,outside 09:45-12:00,-0.353430922232989,-0.525837276770913,-0.14563834719463256,-0.13564764813811991,0.9152107676538164,2.037330627007575,0.7719193044074185,0.7270383146011082,0.9418579253685536,1.7303638214108588,2.150533029473394,30.0,0.3571428571428571,0.4666666666666667,0.16666666666666663,-1.3657,,0,0,0,0,0,0.5333333333333333,0.4666666666666667,-0.05921954791335837,NEUTRAL,0.8333333333333334,0.16666666666666663,-0.4970954267735195,False,True,-0.353430922232989,True,-831.28,-521.0,310.28,-1.0,SL 09:40,0,
TRENT|BUY|09:40|106,TRENT,BUY,BUY-EX7,106,09:40,2870.2,CONSUMPTION,2026-09-04T09:40:00+05:30,3.765,74.13,False,outside 09:45-12:00,MOMENTUM-EXTENDED,210,0,outside 09:45-12:00,1.9391906386519553,1.1862445370545593,0.6991203610147052,-0.2221436174222229,4.0294118445863205,2.195804857001605,0.8964413823617717,3.570164111991603,3.9825962770545242,4.09891282598546,6.4207914326759825,75.0,0.6428571428571429,0.5142857142857142,0.6,-1.3657,,0,0,0,0,0,0.5142857142857142,0.5142857142857142,0.0077550777069168575,NEUTRAL,0.6,0.6,0.0,False,True,1.9391906386519553,True,31.57,146.0,114.43,0.17,momentum failure 09:55,1,
COLPAL|SELL|09:40|203,COLPAL,SELL,SELL-EX3,203,09:40,1832.0,FMCG,2026-09-04T09:40:00+05:30,1.516,55.39,False,outside 09:45-12:00,MOMENTUM-EXTENDED,210,0,outside 09:45-12:00,0.9729729729729741,-0.7513526710304141,0.6114436247153598,0.5957794192027531,3.5901417091630257,2.4395219731124023,1.0,2.932754362078911,2.932754362078911,3.654990944195742,8.444339175746093,5.0,0.3571428571428571,0.48571428571428577,0.7142857142857143,-1.3657,,0,0,0,0,0,0.5142857142857142,0.48571428571428577,-0.0077550777069168575,NEUTRAL,0.2857142857142857,0.7142857142857143,0.44833120303301444,True,False,0.9729729729729741,True,-158.47,-20.0,138.47,-0.02,momentum failure 09:55,0,
JIOFIN|BUY|09:40|111,JIOFIN,BUY,BUY-EX12,111,09:40,239.69,FIN,2026-09-04T09:40:00+05:30,2.372,54.24,False,outside 09:45-12:00,MOMENTUM-EXTENDED,210,0,outside 09:45-12:00,0.9433588216269051,0.14740202485321596,0.993878174174456,0.7970868233657664,2.6841965098251177,1.0901209818268665,0.8493133504734433,1.1502572776427502,1.6147615370083281,1.141376721644387,1.194827924074412,95.0,0.6428571428571429,0.5142857142857142,0.8125,-1.3657,,0,0,0,0,0,0.5142857142857142,0.5142857142857142,0.0077550777069168575,NEUTRAL,0.8125,0.8125,0.2639828026197,True,False,0.9433588216269051,True,133.31,393.0,259.69,0.56,60% book +0.75R 09:50 · runner stop 09:55,1,
GRASIM|BUY|09:40|90,GRASIM,BUY,ENTRY BUY,90,09:40,3319.3,CEMENT,2026-09-04T09:40:00+05:30,1.883,48.42,False,not a real enabled chart master variant,MOMENTUM-CONTROLLED,210,0,not a real enabled chart master variant,0.28096824254153496,0.09667526199017562,0.5345551310969663,0.47416810836177115,1.9344458504348128,1.989451569457481,0.5119165261872929,0.08750215856572158,0.8165444175785779,0.31357811845616723,1.9575590597338648,95.0,0.6428571428571429,0.5142857142857142,0.6,-1.3657,,0,0,0,0,0,0.5142857142857142,0.5142857142857142,0.0077550777069168575,NEUTRAL,0.6,0.6,0.04938573013117953,True,False,0.28096824254153496,True,-11.83,247.0,258.83,0.66,60% book +0.75R 09:50 · runner stop 09:55,0,
INDIANB|SELL|09:40|203,INDIANB,SELL,SELL-EX3,203,09:40,879.85,PSUBK,2026-09-04T09:40:00+05:30,2.207,29.12,False,outside 09:45-12:00,MOMENTUM-EXTENDED,210,0,outside 09:45-12:00,1.0014092167721533,0.42194092827003704,1.4701798209596484,1.3113978694092712,3.581386358987187,1.6660820605309001,0.9000069754464286,1.5458709104697186,1.7739218260220833,1.007842725488454,1.7074438970990695,15.0,0.3571428571428571,0.48571428571428577,0.5714285714285714,-1.3657,,0,0,0,0,0,0.5142857142857142,0.48571428571428577,-0.0077550777069168575,NEUTRAL,0.42857142857142855,0.5714285714285714,0.05822633015591938,True,False,1.0014092167721533,True,-240.52,-14.0,226.52,-0.02,momentum failure 09:55,0,
CONCOR|SELL|09:40|205,CONCOR,SELL,SELL-EX5,205,09:40,504.6,LOGISTICS,2026-09-04T09:40:00+05:30,1.532,27.68,False,outside 09:45-12:00,MOMENTUM-EXTENDED,210,0,outside 09:45-12:00,0.8352166550107953,0.6583484451868404,0.9410432132426244,1.2353339525373508,2.6010471210220385,1.1473504691641665,1.0,1.3439862344454492,1.3439862344454492,0.8504967288587352,0.2947685619720397,20.0,0.3571428571428571,0.48571428571428577,1.0,-1.3657,,0,0,0,0,0,0.5142857142857142,0.48571428571428577,-0.0077550777069168575,NEUTRAL,0.0,1.0,0.09961624212569964,True,False,0.8352166550107953,True,-557.82,-322.0,235.82,-0.45,momentum failure 09:50,0,
VOLTAS|SELL|09:40|201,VOLTAS,SELL,SELL-EX1,201,09:40,1167.9,CDUR,2026-09-04T09:40:00+05:30,3.916,24.78,False,outside 09:45-12:00,MOMENTUM-CONTROLLED,210,0,outside 09:45-12:00,0.8573833264802655,0.5093378607809895,0.3961088176157456,0.05217235490547925,1.6393888362416364,1.3854351335003574,0.9032092931679464,0.9508973192035878,1.091782142199797,0.5941935247672163,0.5358204027731924,5.0,0.3571428571428571,0.48571428571428577,0.6666666666666667,-1.3657,,0,0,0,0,0,0.5142857142857142,0.48571428571428577,-0.0077550777069168575,NEUTRAL,0.3333333333333333,0.6666666666666667,0.1989258006763528,True,False,0.8573833264802655,True,-960.2,-649.0,311.2,-1.0,SL 09:50,0,
BLUESTARCO|SELL|09:40|201,BLUESTARCO,SELL,SELL-EX1,201,09:40,1478.7,CDUR,2026-09-04T09:40:00+05:30,1.301,20.19,False,outside 09:45-12:00,MOMENTUM-EXTENDED,210,0,outside 09:45-12:00,0.4711583920076645,0.04711255266064418,0.8340014314740131,-0.27256833257633317,2.6257657939008974,1.5143445784376612,1.0,0.9198523388890137,1.0249847368570417,0.6710056825690498,0.9230769230769231,15.0,0.3571428571428571,0.48571428571428577,0.6666666666666667,-1.3657,,0,0,0,0,0,0.5142857142857142,0.48571428571428577,-0.0077550777069168575,NEUTRAL,0.3333333333333333,0.6666666666666667,0.1989258006763528,True,False,0.4711583920076645,True,-776.97,-541.0,235.97,-0.76,momentum failure 09:55,0,
INDHOTEL|SELL|09:40|209,INDHOTEL,SELL,SELL-EX8,209,09:40,726.2,TRAVEL,2026-09-04T09:40:00+05:30,2.191,19.91,False,outside 09:45-12:00,MOMENTUM-CONTROLLED,210,0,outside 09:45-12:00,0.7923480591487397,0.054648143997604315,-0.10482764623422587,-0.8047467262300791,1.4462547901096205,1.7674088118169842,0.8709588501673557,0.9155389508843637,1.0511850826344342,0.23600540876890677,0.93341615641731,25.0,0.3571428571428571,0.48571428571428577,0.5,-1.3657,,0,0,0,0,0,0.5142857142857142,0.48571428571428577,-0.0077550777069168575,NEUTRAL,0.5,0.5,0.11504953158240072,True,False,0.7923480591487397,True,-459.82,-224.0,235.82,-0.43,momentum failure 09:50,0,
RELIANCE|BUY|09:45|101,RELIANCE,BUY,BUY-EX,101,09:45,1322.9,ENE,2026-09-04T09:45:00+05:30,14.404,72.97,False,stale signal 14.40m > 5.0m,MOMENTUM-EXTENDED,210,0,stale signal 14.40m > 5.0m,1.5662206843809923,0.12283881657868534,0.8115587785181579,0.6440537813633411,3.227149009696702,2.0069850306987735,1.0,2.876285126790697,2.876285126790697,2.374199849650754,5.80306340391774,85.0,0.6428571428571429,0.5285714285714286,0.3333333333333333,-1.3657,S1,1,1,0,0,0,0.5285714285714286,0.5285714285714286,0.03691984231994905,NEUTRAL,0.3333333333333333,0.3333333333333333,-0.2112377919244346,False,True,1.5662206843809923,True,361.85,522.0,160.15,0.58,60% book +0.75R 09:50 · time exit 10:45,1,
PRESTIGE|BUY|09:45|106,PRESTIGE,BUY,BUY-EX7,106,09:45,1637.4,REALTY,2026-09-04T09:45:00+05:30,14.323,60.66,False,A+ score 60.66 below 70.00,MOMENTUM-CONTROLLED,210,0,A+ score 60.66 below 70.00,1.3744473695705972,0.7243730557135564,0.9429224312289931,1.1955427012675106,2.3242080268998833,0.7303919177899607,0.6268697505784612,0.7821881564494766,1.4557648551436853,1.5050398202624378,1.850983765186539,100.0,0.6428571428571429,0.5285714285714286,0.6666666666666666,-1.3657,S1,1,1,0,0,0,0.5285714285714286,0.5285714285714286,0.03691984231994905,NEUTRAL,0.6666666666666666,0.6666666666666666,0.2364195839579475,True,False,1.3744473695705972,True,306.06,565.0,258.94,0.82,60% book +0.75R 09:55 · runner stop 10:10,1,
SBILIFE|BUY|09:45|106,SBILIFE,BUY,BUY-EX7,106,09:45,1722.6,INSURANCE,2026-09-04T09:45:00+05:30,14.485,59.06,False,A+ score 59.06 below 70.00,MOMENTUM-CONTROLLED,210,0,A+ score 59.06 below 70.00,0.4431472644861545,0.0,0.4332579244561591,-0.5322668240022899,1.445629142747361,0.8983103737708741,0.5,0.4555527984865887,0.9111055969731774,1.2733730377493198,3.7147376746638545,85.0,0.6428571428571429,0.5285714285714286,0.42857142857142855,-1.3657,S1,1,1,0,0,0,0.5285714285714286,0.5285714285714286,0.03691984231994905,NEUTRAL,0.42857142857142855,0.42857142857142855,-0.2038872909474465,False,True,0.4431472644861545,True,-87.42,172.0,259.42,0.68,60% book +0.75R 09:50 · runner stop 09:55,0,
TATACONSUM|SELL|09:45|201,TATACONSUM,SELL,SELL-EX1,201,09:45,1014.3,FMCG,2026-09-04T09:45:00+05:30,14.728,52.65,False,opening market breadth below 55% in signal direction,MOMENTUM-CONTROLLED,210,0,opening market breadth below 55% in signal direction,0.480771620425291,-0.3532158107162786,0.35989715213530843,0.3162182462447224,1.475849117883186,0.7640862072962987,0.8518627362329324,1.0876580556338902,1.3983678248327596,3.526682975446226,9.014955002646904,10.0,0.3571428571428571,0.4714285714285714,0.7142857142857143,-1.3657,S1+S4,2,1,0,0,1,0.5285714285714286,0.4714285714285714,-0.03691984231994905,NEUTRAL,0.2857142857142857,0.7142857142857143,0.44770085652405256,True,False,0.480771620425291,True,-653.65,-418.0,235.65,-0.68,momentum failure 09:55,0,
GODFRYPHLP|BUY|09:45|101,GODFRYPHLP,BUY,BUY-EX,101,09:45,2061.0,FMCG,2026-09-04T09:45:00+05:30,12.361,48.75,False,A+ score 48.75 below 70.00,MOMENTUM-EXTENDED,210,0,A+ score 48.75 below 70.00,0.7823960880195546,0.2004937729217504,0.9375912197589378,0.7468348923964573,2.8944416727078686,1.436227756939424,0.953498935415188,1.728234798658252,1.857820763633329,1.696093286777785,1.6492632927610507,100.0,0.6428571428571429,0.5285714285714286,0.2857142857142857,-1.3657,S1,1,1,0,0,0,0.5285714285714286,0.5285714285714286,0.03691984231994905,NEUTRAL,0.2857142857142857,0.2857142857142857,-0.44770085652405256,False,True,0.7823960880195546,True,237.18,470.0,232.82,0.52,60% book +0.75R 09:50 · runner stop 10:05,1,
BAJAJHLDNG|BUY|09:45|102,BAJAJHLDNG,BUY,BUY-EX17,102,09:45,11209.0,FIN,2026-09-04T09:45:00+05:30,11.422,48.61,False,A+ score 48.61 below 70.00,MOMENTUM-CONTROLLED,210,0,A+ score 48.61 below 70.00,0.3940886699507429,-0.22391401701746805,0.2695385160275372,-0.07441160706187618,1.821888454702973,1.4297559970490494,1.0,0.7896950038210367,0.7896950038210367,0.21190415280975525,1.632183908045977,80.0,0.6428571428571429,0.5285714285714286,0.875,-1.3657,S1,1,1,0,0,0,0.5285714285714286,0.5285714285714286,0.03691984231994905,NEUTRAL,0.875,0.875,0.39441432808271504,True,False,0.3940886699507429,False,586.65,844.0,257.35,1.65,59% book +0.75R 09:55 · runner stop 10:10,1,
AUROPHARMA|BUY|09:45|108,AUROPHARMA,BUY,BUY-EX9,108,09:45,1640.5,PHA,2026-09-04T09:45:00+05:30,11.339,25.84,False,A+ score 25.84 below 70.00,REVERSION-ALIGNMENT,210,0,A+ score 25.84 below 70.00,0.19544073025377084,0.2137665605339123,-0.3800372582075761,-1.4674615020466932,0.7689681466897081,1.1946629780843763,0.6279063165365507,0.4383592796575001,0.7249732675682163,0.23887724301035118,0.5387609264339948,79.0,0.6428571428571429,0.5285714285714286,0.15384615384615385,-1.3657,S1,1,1,0,0,0,0.5285714285714286,0.5285714285714286,0.03691984231994905,NEUTRAL,0.15384615384615385,0.15384615384615385,-0.4981445704529852,False,True,0.19544073025377084,True,894.42,1154.0,259.58,2.51,60% book +0.75R 09:50 · runner stop 10:10,1,
BANKBARODA|SELL|09:45|201,BANKBARODA,SELL,SELL-EX1,201,09:45,240.18,PSUBK,2026-09-04T09:45:00+05:30,11.484,18.67,False,opening market breadth below 55% in signal direction,REVERSION-ALIGNMENT,210,0,opening market breadth below 55% in signal direction,0.10813914614243858,-0.802692004734773,0.5023757163688755,0.9209272827493076,1.2631827816508905,1.0911721817595053,1.0,0.2890613879861434,0.6985252053483333,1.2657537438308868,1.536547893779369,15.0,0.3571428571428571,0.4714285714285714,0.5714285714285714,-1.3657,S1,1,1,0,0,0,0.5285714285714286,0.4714285714285714,-0.03691984231994905,NEUTRAL,0.42857142857142855,0.5714285714285714,0.10813914614243858,True,False,0.10813914614243858,True,-464.8,-229.0,235.8,-0.65,momentum failure 09:55,0,
BDL|BUY|09:50|101,BDL,BUY,BUY-EX,101,09:50,1281.7,DEF,2026-09-04T09:50:00+05:30,6.535,77.82,False,stale signal 6.53m > 5.0m,MOMENTUM-EXTENDED,210,0,stale signal 6.53m > 5.0m,1.9082452835939012,-0.06360235261734237,1.266905336897335,0.9914026170966981,4.134864458129032,2.619652696561295,0.9898891505653444,2.3579496236321433,2.4065851907350737,3.04736117965926,2.6549280549616854,100.0,0.6428571428571429,0.5190476190476191,1.0,-1.3657,S1,1,1,0,0,0,0.5190476190476191,0.5190476190476191,0.030538166448168536,NEUTRAL,1.0,1.0,1.208407118022381,True,False,1.9082452835939012,True,-569.09,-436.0,133.09,-0.49,momentum failure 10:00,0,
MAZDOCK|BUY|09:50|101,MAZDOCK,BUY,BUY-EX,101,09:50,2507.0,DEF,2026-09-04T09:50:00+05:30,8.564,58.13,False,A+ score 58.13 below 70.00,MOMENTUM-EXTENDED,210,0,A+ score 58.13 below 70.00,1.3338722716248919,0.7801151506922066,1.123366477834316,1.0280846366665382,3.009164681397795,1.3211504583155584,1.0,2.0300594470579294,2.0300594470579294,1.6741904339430629,1.1457654359569625,100.0,0.6428571428571429,0.5190476190476191,1.0,-1.3657,S1,1,1,0,0,0,0.5190476190476191,0.5190476190476191,0.030538166448168536,NEUTRAL,1.0,1.0,1.208407118022381,True,False,1.3338722716248919,True,968.89,1163.0,194.11,1.31,60% book +0.75R 09:55 · runner stop 10:20,1,
TIINDIA|SELL|09:50|209,TIINDIA,SELL,SELL-EX8,209,09:50,2696.7,AUTO,2026-09-04T09:50:00+05:30,9.856,56.92,False,opening market breadth below 55% in signal direction,MOMENTUM-CONTROLLED,210,0,opening market breadth below 55% in signal direction,1.414782209311194,0.5666447522616025,0.2910861388773624,-0.2644035536566493,1.3003975811960882,0.7010864705459534,0.8425978253498203,1.1674700683051862,1.3855602675220402,2.683369896465123,5.738059859902356,25.0,0.3571428571428571,0.4809523809523809,0.5882352941176471,-1.3657,S1,1,1,0,0,0,0.5190476190476191,0.4809523809523809,-0.030538166448168536,NEUTRAL,0.4117647058823529,0.5882352941176471,0.17283875265239335,True,False,1.414782209311194,True,-584.56,-350.0,234.56,-0.39,momentum failure 10:00,0,
NHPC|BUY|09:50|104,NHPC,BUY,BUY-EX5,104,09:50,76.48,ENE,2026-09-04T09:50:00+05:30,8.805,47.66,False,A+ score 47.66 below 70.00,MOMENTUM-CONTROLLED,210,0,A+ score 47.66 below 70.00,0.03924971862552251,-0.07847947807554378,-0.05293601916100261,-0.926693927641436,2.0067515654161876,2.2619840293294713,1.0,1.933544970838965,2.1406973325004675,1.0830774567786627,2.2765994447142917,85.0,0.6428571428571429,0.5190476190476191,0.5555555555555556,-1.3657,S1+S4,2,1,0,0,1,0.5190476190476191,0.5190476190476191,0.030538166448168536,NEUTRAL,0.5555555555555556,0.5555555555555556,0.027338141263411053,False,True,0.03924971862552251,True,290.82,498.0,207.18,0.55,time exit 10:50,1,
APLAPOLLO|BUY|09:50|111,APLAPOLLO,BUY,BUY-EX12,111,09:50,2165.8,MET,2026-09-04T09:50:00+05:30,6.222,30.01,False,A+ score 30.01 below 70.00,MOMENTUM-CONTROLLED,210,0,A+ score 30.01 below 70.00,0.2963854206637917,-0.11113746653156342,0.44657462988431423,-0.2067186196729761,1.7302833212776678,1.257044298978325,0.9881125385107249,1.2677038199630521,1.2829548968923368,0.22498602934487374,0.6827036832557772,75.0,0.6428571428571429,0.5190476190476191,0.5,-1.3657,S1,1,1,0,0,0,0.5190476190476191,0.5190476190476191,0.030538166448168536,NEUTRAL,0.5,0.5,0.09616886458982399,True,False,0.2963854206637917,True,649.39,889.0,239.61,0.99,59% book +0.75R 10:00 · runner stop 10:25,1,
UNIONBANK|SELL|09:50|201,UNIONBANK,SELL,SELL-EX1,201,09:50,187.48,PSUBK,2026-09-04T09:50:00+05:30,9.997,21.97,False,opening market breadth below 55% in signal direction,MOMENTUM-CONTROLLED,210,0,opening market breadth below 55% in signal direction,0.8042350647941454,-0.0,0.8051622712157747,0.5653890987542157,2.422832078372749,1.666772387898903,1.0,1.2144703113395756,1.3764353764271804,0.4729278588618607,0.8070411344049875,15.0,0.3571428571428571,0.4809523809523809,0.5714285714285714,-1.3657,S1,1,1,0,0,0,0.5190476190476191,0.4809523809523809,-0.030538166448168536,NEUTRAL,0.42857142857142855,0.5714285714285714,0.09981928577901256,True,False,0.8042350647941454,True,-368.87,-133.0,235.87,-0.18,time exit 10:50,0,
PHOENIXLTD|SELL|09:50|209,PHOENIXLTD,SELL,SELL-EX8,209,09:50,1953.8,REALTY,2026-09-04T09:50:00+05:30,9.129,13.46,False,opening market breadth below 55% in signal direction,MOMENTUM-CONTROLLED,210,0,opening market breadth below 55% in signal direction,0.3163240393813771,-0.47449228714924185,-0.1700720842232506,-0.8317852785296498,0.8573826908889752,1.8784116350425837,0.9411553513086561,0.2962338955926769,0.7194805278987468,0.4207075536128944,0.8975230694511899,20.0,0.3571428571428571,0.4809523809523809,0.33333333333333337,-1.3657,S1+S4,2,1,0,0,1,0.5190476190476191,0.4809523809523809,-0.030538166448168536,NEUTRAL,0.6666666666666666,0.33333333333333337,-0.17561479884338205,False,True,0.3163240393813771,True,-7.03,251.0,258.03,0.55,60% book +0.75R 09:55 · breadth flip 09:55,0,
HDFCLIFE|BUY|09:55|101,HDFCLIFE,BUY,BUY-EX,101,09:55,541.85,INSURANCE,2026-09-04T09:55:00+05:30,2.577,85.08,True,qualified,MOMENTUM-EXTENDED,210,1,selected,1.5651313188261406,0.26242257058342044,1.2859836966792728,0.680259451331816,3.9238971064294708,2.0262105851444545,0.89247227144451,2.197763487778746,2.878747852009418,3.5462145037461843,23.752565343659246,100.0,0.6428571428571429,0.5761904761904761,0.7142857142857143,-1.3657,S1,1,1,0,0,0,0.5761904761904761,0.5761904761904761,0.15071352093997126,BULL,0.7142857142857143,0.7142857142857143,0.4033800372072127,True,False,1.5651313188261406,True,532.77,683.0,150.23,0.76,60% book +0.75R 10:00 · time exit 10:55,1,HDFCLIFE
PAGEIND|BUY|09:55|104,PAGEIND,BUY,BUY-EX5,104,09:55,36105.0,CONSUMPTION,2026-09-04T09:55:00+05:30,3.993,65.05,False,A+ score 65.05 below 70.00,MOMENTUM-CONTROLLED,210,0,A+ score 65.05 below 70.00,0.6691760769552468,0.0,-0.23415747783147542,-0.7033148932892889,2.187890758067094,1.7895012757369968,0.8289473684210527,3.3174331973339792,4.066531016086813,2.5193320632074414,5.73469387755102,75.0,0.6428571428571429,0.5761904761904761,0.6,-1.3657,S1,1,1,0,0,0,0.5761904761904761,0.5761904761904761,0.15071352093997126,BULL,0.6,0.6,0.15531166069153723,True,False,0.6691760769552468,True,-131.69,-30.0,101.69,-0.05,momentum failure 10:05,0,
ICICIGI|BUY|09:55|104,ICICIGI,BUY,BUY-EX5,104,09:55,1526.0,INSURANCE,2026-09-04T09:55:00+05:30,2.742,63.76,False,A+ score 63.76 below 70.00,MOMENTUM-EXTENDED,210,0,A+ score 63.76 below 70.00,0.28258191273604627,-0.34171987505621226,0.08128249837195897,-0.4731217154331252,2.6865038022571115,2.4494492686832072,1.0,3.2259140928592216,3.469394728139919,3.570049362338249,10.31331533963113,75.0,0.6428571428571429,0.5761904761904761,0.7142857142857143,-1.3657,S1,1,1,0,0,0,0.5761904761904761,0.5761904761904761,0.15071352093997126,BULL,0.7142857142857143,0.7142857142857143,0.4033800372072127,True,False,0.28258191273604627,False,108.14,243.0,134.86,0.27,time exit 10:55,1,
ICICIPRULI|BUY|09:55|104,ICICIPRULI,BUY,BUY-EX5,104,09:55,497.35,INSURANCE,2026-09-04T09:55:00+05:30,2.764,54.4,False,A+ score 54.40 below 70.00,MOMENTUM-CONTROLLED,210,0,A+ score 54.40 below 70.00,0.46460324558350585,0.0,0.023620528873727085,-0.6548205193683103,1.8186503199664161,1.6579972431798502,0.8333333333333334,2.0304590003993597,2.436550800479232,1.3178057433798527,2.8107094645267736,75.0,0.6428571428571429,0.5761904761904761,0.7142857142857143,-1.3657,S1,1,1,0,0,0,0.5761904761904761,0.5761904761904761,0.15071352093997126,BULL,0.7142857142857143,0.7142857142857143,0.4033800372072127,True,False,0.46460324558350585,True,723.86,925.0,201.14,1.03,60% book +0.75R 10:15 · runner stop 10:50,1,
DLF|BUY|09:55|111,DLF,BUY,BUY-EX12,111,09:55,686.95,REALTY,2026-09-04T09:55:00+05:30,2.132,52.77,False,A+ score 52.77 below 70.00,MOMENTUM-EXTENDED,210,0,A+ score 52.77 below 70.00,0.7775233042094598,0.1320271908858084,0.8609416988083443,1.0143471905521635,3.1419926104373452,1.8546475494387251,1.0,2.5819936736650706,2.805152949054554,0.9338360558451724,1.0964308453766773,95.0,0.6428571428571429,0.5761904761904761,0.8333333333333334,-1.3657,S1,1,1,0,0,0,0.5761904761904761,0.5761904761904761,0.15071352093997126,BULL,0.8333333333333334,0.8333333333333334,0.6160905450834364,True,False,0.7775233042094598,True,-99.89,50.0,149.89,0.06,momentum failure 10:10,0,
CHOLAFIN|BUY|09:55|101,CHOLAFIN,BUY,BUY-EX,101,09:55,1858.5,FIN,2026-09-04T09:55:00+05:30,1.845,51.48,False,A+ score 51.48 below 70.00,MOMENTUM-CONTROLLED,210,0,A+ score 51.48 below 70.00,0.4974828815748289,-0.3947465871074307,0.793866125650777,1.369108644644635,1.801213943149341,1.0171945868571046,0.9473605311061142,1.1531147053966309,1.2401467402573974,0.503476925855685,0.8822511250679986,95.0,0.6428571428571429,0.5761904761904761,0.875,-1.3657,S1,1,1,0,0,0,0.5761904761904761,0.5761904761904761,0.15071352093997126,BULL,0.875,0.875,0.47295277297823013,True,False,0.4974828815748289,True,-1082.28,-773.0,309.28,-1.0,SL 10:10,0,
CROMPTON|BUY|09:55|101,CROMPTON,BUY,BUY-EX,101,09:55,229.5,CDUR,2026-09-04T09:55:00+05:30,1.988,47.92,False,A+ score 47.92 below 70.00,PULLBACK-REENTRY,210,0,A+ score 47.92 below 70.00,1.3200324778930739,0.4988763896589976,0.930934994799397,0.5488341975481281,3.24381520721742,2.500730888386782,0.7445230272317203,1.7837494226362056,2.545560548539962,1.350635893766884,1.4383185550082103,85.0,0.6428571428571429,0.5761904761904761,0.3333333333333333,-1.3657,S1+S2,2,1,1,0,0,0.5761904761904761,0.5761904761904761,0.15071352093997126,BULL,0.3333333333333333,0.3333333333333333,-0.1889795106425285,False,True,1.3200324778930739,True,1664.08,1882.0,217.92,2.09,60% book +0.75R 10:05 · runner stop 10:50,1,
SONACOMS|BUY|09:55|103,SONACOMS,BUY,BUY-EX4,103,09:55,804.5,AUTO,2026-09-04T09:55:00+05:30,4.62,47.38,False,A+ score 47.38 below 70.00,PULLBACK-REENTRY,210,0,A+ score 47.38 below 70.00,0.5624999999999991,0.0,0.06841243970826563,0.9622188094132312,2.1407051675700965,2.160038669458554,0.9009028824053403,2.559188613597446,2.8406931130740887,1.7995313664353987,2.008648129241487,82.0,0.6428571428571429,0.5761904761904761,0.47058823529411764,-1.3657,S1+S2,2,1,1,0,0,0.5761904761904761,0.5761904761904761,0.15071352093997126,BULL,0.47058823529411764,0.47058823529411764,-0.08024992766203498,False,True,0.5624999999999991,True,-787.55,-635.0,152.55,-0.71,momentum failure 10:10,0,
MAXHEALTH|BUY|09:55|101,MAXHEALTH,BUY,BUY-EX,101,09:55,997.6,HOSPITALS,2026-09-04T09:55:00+05:30,3.549,43.38,False,A+ score 43.38 below 70.00,MOMENTUM-CONTROLLED,210,0,A+ score 43.38 below 70.00,0.2713791441974367,0.2713791441974367,0.5225506538205698,0.7250339783730575,1.8224392166295127,1.453656263995803,0.9523643444647891,0.2548508541643774,1.0703922533244303,0.4339932188559554,0.2368333094590078,95.0,0.6428571428571429,0.5761904761904761,0.6666666666666666,-1.3657,S1,1,1,0,0,0,0.5761904761904761,0.5761904761904761,0.15071352093997126,BULL,0.6666666666666666,0.6666666666666666,0.23009664058903923,True,False,0.2713791441974367,True,-859.84,-550.0,309.84,-1.0,SL 10:00,0,
M&M|BUY|09:55|106,M&M,BUY,BUY-EX7,106,09:55,3167.3,AUTO,2026-09-04T09:55:00+05:30,3.448,36.22,False,A+ score 36.22 below 70.00,MOMENTUM-CONTROLLED,210,0,A+ score 36.22 below 70.00,0.5492078993055483,0.21269686259921539,-0.05703942062301278,-0.9884173235474094,1.5039482589502242,1.7378427523093973,1.0,2.209212251011256,2.2274433113127694,1.1802374353816492,1.770223978919631,70.0,0.6428571428571429,0.5761904761904761,0.47058823529411764,-1.3657,S1,1,1,0,0,0,0.5761904761904761,0.5761904761904761,0.15071352093997126,BULL,0.47058823529411764,0.47058823529411764,-0.08024992766203498,False,True,0.5492078993055483,True,-585.37,-371.0,214.37,-0.41,momentum failure 10:10,0,
ASIANPAINT|BUY|09:55|101,ASIANPAINT,BUY,BUY-EX,101,09:55,2545.6001,CHEMICALS,2026-09-04T09:55:00+05:30,1.291,27.72,False,A+ score 27.72 below 70.00,REVERSION-ALIGNMENT,210,0,A+ score 27.72 below 70.00,0.1573811711641282,-0.1495140337627987,0.8211274989196672,1.5666070342904146,1.7054070735619193,1.1321996510937942,0.6818333148374209,0.49539422614379663,1.089843108345154,0.2518315981351001,0.9498876107364802,82.0,0.6428571428571429,0.5761904761904761,0.4,-1.3657,S1,1,1,0,0,0,0.5761904761904761,0.5761904761904761,0.15071352093997126,BULL,0.4,0.4,-0.5310427261728146,False,True,0.1573811711641282,True,-25.22,234.0,259.22,0.68,59% book +0.75R 10:00 · runner stop 10:05,0,
HYUNDAI|BUY|09:55|106,HYUNDAI,BUY,BUY-EX7,106,09:55,2164.8,AUTO,2026-09-04T09:55:00+05:30,2.7,26.11,False,A+ score 26.11 below 70.00,MOMENTUM-CONTROLLED,210,0,A+ score 26.11 below 70.00,0.5947978079983818,0.0,0.17300210929444246,-0.15939521883809896,1.3386904393587609,1.2788764399890775,0.9841497442257015,1.3492953776825976,1.5455086082085294,0.39292858571714345,0.9828621466099575,65.0,0.6428571428571429,0.5761904761904761,0.47058823529411764,-1.3657,S1,1,1,0,0,0,0.5761904761904761,0.5761904761904761,0.15071352093997126,BULL,0.47058823529411764,0.47058823529411764,-0.08024992766203498,False,True,0.5947978079983818,True,-1072.2,-763.0,309.2,-1.0,SL 10:05,0,
BANKINDIA|SELL|09:55|209,BANKINDIA,SELL,SELL-EX8,209,09:55,144.31,PSUBK,2026-09-04T09:55:00+05:30,1.52,17.81,False,opening market breadth below 55% in signal direction,MOMENTUM-CONTROLLED,210,0,opening market breadth below 55% in signal direction,0.4758637526939613,-0.14483221646013344,0.3264659392020911,-0.053222787214756234,1.1102591222469982,1.0926013517435968,1.0,0.30936883608754234,0.6875037868089892,0.3655495105492108,0.6864048803487063,5.0,0.3571428571428571,0.42380952380952386,0.5714285714285714,-1.3657,S1,1,1,0,0,0,0.5761904761904761,0.42380952380952386,-0.15071352093997126,BULL,0.42857142857142855,0.5714285714285714,0.016639720726852048,True,False,0.4758637526939613,True,-11.4,248.0,259.4,0.62,60% book +0.75R 10:15 · breadth flip 10:15,0,
GODREJPROP|BUY|10:00|104,GODREJPROP,BUY,BUY-EX5,104,10:00,2020.0,REALTY,2026-09-04T10:00:00+05:30,11.889,81.4,False,stale signal 11.89m > 5.0m,PULLBACK-REENTRY,210,0,stale signal 11.89m > 5.0m,0.9243067699225671,0.1748688483637295,0.6965899829444449,0.5990582845537102,2.3067276043182474,1.037460396655201,0.8888916289564863,1.2713258405858738,1.4302371618442913,1.110317029244447,3.4988125460650235,95.0,0.6428571428571429,0.6,0.8333333333333334,-1.3657,S1+S2,2,1,1,0,0,0.6,0.6,0.18294444196867987,BULL,0.8333333333333334,0.8333333333333334,0.9315998127236491,True,False,0.9243067699225671,False,-495.95,-301.0,194.95,-0.34,momentum failure 10:15,0,
SHREECEM|BUY|10:00|102,SHREECEM,BUY,BUY-EX17,102,10:00,24020.0,CEMENT,2026-09-04T10:00:00+05:30,13.471,75.16,False,stale signal 13.47m > 5.0m,PULLBACK-REENTRY,210,0,stale signal 13.47m > 5.0m,0.46005855290673914,-0.46005855290672804,0.5087318371419114,0.5708908355590664,2.4024534546076706,2.0748701659404536,1.0,1.4088741005951892,1.5027990406348686,2.2096087573484695,3.1232091690544412,100.0,0.6428571428571429,0.6,0.8,-1.3657,S1+S2+S3,3,1,1,1,0,0.6,0.6,0.18294444196867987,BULL,0.8,0.8,0.2098780502507669,True,False,0.46005855290673914,True,205.67,458.0,252.33,0.54,60% book +0.75R 10:15 · runner stop 10:30,1,
IDEA|BUY|10:00|101,IDEA,BUY,BUY-EX,101,10:00,14.85,TELECOM,2026-09-04T10:00:00+05:30,12.159,72.43,False,stale signal 12.16m > 5.0m,MOMENTUM-EXTENDED,210,0,stale signal 12.16m > 5.0m,2.5552544953758582,0.34530519554933914,1.447161559452474,1.4142417827516944,3.2221178665556685,1.8156002865080707,0.5000079472303902,0.5429833159903185,1.0859493714009438,1.5856918587455124,2.4315908728649456,100.0,0.6428571428571429,0.6,0.6666666666666666,-1.3657,S1,1,1,0,0,0,0.6,0.6,0.18294444196867987,BULL,0.6666666666666666,0.6666666666666666,0.3867133330435868,True,False,2.5552544953758582,True,57.34,317.0,259.66,0.57,60% book +0.75R 10:05 · runner stop 10:10,1,
DABUR|BUY|10:00|103,DABUR,BUY,BUY-EX4,103,10:00,379.9,FMCG,2026-09-04T10:00:00+05:30,11.604,54.49,False,A+ score 54.49 below 70.00,MOMENTUM-CONTROLLED,210,0,A+ score 54.49 below 70.00,-0.21014402019819967,-0.5122175320474653,0.21902669145643014,-0.23076015693913743,2.1423236583899135,2.34433572603182,1.0,1.7485728944763468,1.9671834168243472,1.0691147506996994,3.5322951784663137,80.0,0.6428571428571429,0.6,0.35714285714285715,-1.3657,S1,1,1,0,0,0,0.6,0.6,0.18294444196867987,BULL,0.35714285714285715,0.35714285714285715,-0.18917111377200757,False,True,-0.21014402019819967,False,328.98,581.0,252.02,0.65,60% book +0.75R 10:15 · time exit 11:00,1,
TATAPOWER|BUY|10:00|106,TATAPOWER,BUY,BUY-EX7,106,10:00,366.55,ENE,2026-09-04T10:00:00+05:30,13.651,51.99,False,A+ score 51.99 below 70.00,MOMENTUM-CONTROLLED,210,0,A+ score 51.99 below 70.00,0.23242427059486648,0.0,0.17031410550721354,-0.2779759841143652,1.3424790454307163,1.2511284406493648,0.739113127935674,0.7777704996051334,1.6262748716357922,1.3760277069960474,2.662128066168018,80.0,0.6428571428571429,0.6,0.6666666666666666,-1.3657,S1,1,1,0,0,0,0.6,0.6,0.18294444196867987,BULL,0.6666666666666666,0.6666666666666666,0.03924971862552251,False,True,0.23242427059486648,True,-269.88,-34.0,235.88,-0.05,momentum failure 10:10,0,
ABCAPITAL|BUY|10:00|101,ABCAPITAL,BUY,BUY-EX,101,10:00,402.75,FIN,2026-09-04T10:00:00+05:30,10.865,47.42,False,S1 Morning Base is mandatory,REVERSION-ALIGNMENT,210,0,S1 Morning Base is mandatory,0.1865671641791078,-0.2611909932758061,0.3523070045142325,0.8023059110466523,1.1790858675208173,0.5784046578275531,0.4666748046875,0.409669263553496,1.3655271695498057,1.1079005894730678,1.6424047510999744,90.0,0.6428571428571429,0.6,0.875,-1.3657,,0,0,0,0,0,0.6,0.6,0.18294444196867987,BULL,0.875,0.875,0.48678067592322627,True,False,0.1865671641791078,False,107.54,367.0,259.46,0.76,60% book +0.75R 10:05 · runner stop 10:10,1,
AMBUJACEM|BUY|10:00|101,AMBUJACEM,BUY,BUY-EX,101,10:00,405.85,CEMENT,2026-09-04T10:00:00+05:30,10.988,46.27,False,A+ score 46.27 below 70.00,MOMENTUM-EXTENDED,210,0,A+ score 46.27 below 70.00,0.2098780502507669,0.07407105999228669,1.1425370449691457,1.294558773280936,2.5725880517989155,1.3163359588474512,0.9000244140625,0.749268952248863,0.8324984750878457,0.839202531041829,0.3580403927354123,95.0,0.6428571428571429,0.6,0.8,-1.3657,S1,1,1,0,0,0,0.6,0.6,0.18294444196867987,BULL,0.8,0.8,0.2098780502507669,True,False,0.2098780502507669,True,-100.28,159.0,259.28,0.49,60% book +0.75R 10:10 · runner stop 10:15,0,
MFSL|BUY|10:00|101,MFSL,BUY,BUY-EX,101,10:00,1558.2,INSURANCE,2026-09-04T10:00:00+05:30,12.781,44.76,False,A+ score 44.76 below 70.00,MOMENTUM-EXTENDED,210,0,A+ score 44.76 below 70.00,1.3793071679814473,-0.11711443253903386,0.6033412230850198,0.7380672035628905,4.1446840291747185,3.1755564634492717,1.0,3.362191233814445,3.663612085519136,1.1460336441348997,1.2231804070369092,75.0,0.6428571428571429,0.6,0.7142857142857143,-1.3657,S1,1,1,0,0,0,0.6,0.6,0.18294444196867987,BULL,0.7142857142857143,0.7142857142857143,0.7754517452036147,True,False,1.3793071679814473,True,-512.69,-401.0,111.69,-0.45,momentum failure 10:15,0,
KOTAKBANK|BUY|10:00|103,KOTAKBANK,BUY,BUY-EX4,103,10:00,424.5,BANK,2026-09-04T10:00:00+05:30,12.509,40.13,False,A+ score 40.13 below 70.00,PULLBACK-REENTRY,210,0,A+ score 40.13 below 70.00,0.7954425150339839,0.47489018852784337,0.2907610522222696,-0.010630130006546867,1.6793262450007425,1.9159900190331742,0.7894635399935753,1.0869741296399031,1.376851589180102,0.4831585382039094,1.3174713969227034,80.0,0.6428571428571429,0.6,0.45454545454545453,-1.3657,S1+S2,2,1,1,0,0,0.6,0.6,0.18294444196867987,BULL,0.45454545454545453,0.45454545454545453,-0.048947634396856454,False,True,0.7954425150339839,True,-801.1,-491.0,310.1,-1.0,SL 10:40,0,
ITC|BUY|10:00|111,ITC,BUY,BUY-EX12,111,10:00,264.35,FMCG,2026-09-04T10:00:00+05:30,12.356,30.41,False,A+ score 30.41 below 70.00,MOMENTUM-CONTROLLED,210,0,A+ score 30.41 below 70.00,0.5133103055192434,0.36122137149476874,0.126337436888461,-0.8161831125358143,1.1579271242940077,1.2185126253712857,0.7857267416514081,1.1690517585889217,1.4878604693176878,0.45029093109454055,1.062652368671101,75.0,0.6428571428571429,0.6,0.35714285714285715,-1.3657,S1,1,1,0,0,0,0.6,0.6,0.18294444196867987,BULL,0.35714285714285715,0.35714285714285715,-0.18917111377200757,False,True,0.5133103055192434,True,-660.55,-425.0,235.55,-0.75,momentum failure 10:10,0,
TATASTEEL|BUY|10:00|106,TATASTEEL,BUY,BUY-EX7,106,10:00,184.2,MET,2026-09-04T10:00:00+05:30,13.667,27.11,False,A+ score 27.11 below 70.00,REVERSION-ALIGNMENT,210,0,A+ score 27.11 below 70.00,0.0,0.0,0.5923299459765716,1.0066531823499882,1.2216014936246353,0.41706142836770915,0.49091413510889165,0.6542088484032853,1.7134833556675209,0.709407106728178,1.0596107024881012,72.0,0.6428571428571429,0.6,0.7,-1.3657,S1,1,1,0,0,0,0.6,0.6,0.18294444196867987,BULL,0.7,0.7,0.04332405430054198,False,True,0.0,False,-425.78,-190.0,235.78,-0.46,momentum failure 10:10,0,
AMBER|SELL|10:00|201,AMBER,SELL,SELL-EX1,201,10:00,7386.5,CDUR,2026-09-04T10:00:00+05:30,10.972,22.27,False,opening market breadth below 55% in signal direction,PULLBACK-REENTRY,210,0,opening market breadth below 55% in signal direction,0.3171390013495312,-0.24291497975708065,0.21434628648907172,-0.10003454981503414,1.7753703406705617,2.2587862543271395,0.8703703703703703,1.4387720568683844,1.8068300249044826,0.703079828855568,0.5588235294117647,10.0,0.3571428571428571,0.4,0.6666666666666667,-1.3657,S1+S2,2,1,1,0,0,0.6,0.4,-0.18294444196867987,BULL,0.3333333333333333,0.6666666666666667,0.2784961209468917,True,False,0.3171390013495312,True,-660.3,-429.0,231.3,-0.52,momentum failure 10:10,0,
BOSCHLTD|SELL|10:00|201,BOSCHLTD,SELL,SELL-EX1,201,10:00,46700.0,AUTO,2026-09-04T10:00:00+05:30,11.348,18.12,False,opening market breadth below 55% in signal direction,MOMENTUM-CONTROLLED,210,0,opening market breadth below 55% in signal direction,0.6382978723404209,0.21276595744680327,0.7283421584370624,0.7824240377843067,1.8620553171795102,1.4775983555703793,1.0,1.037343137017926,1.167011029145167,0.39614676913085833,0.7038461538461539,15.0,0.3571428571428571,0.4,0.47058823529411764,-1.3657,S1,1,1,0,0,0,0.6,0.4,-0.18294444196867987,BULL,0.5294117647058824,0.47058823529411764,-0.035459549996308404,True,False,0.6382978723404209,True,-790.78,-497.0,293.78,-1.0,SL 10:15,0,
LICHSGFIN|BUY|10:05|101,LICHSGFIN,BUY,BUY-EX,101,10:05,563.15,FIN,2026-09-04T10:05:00+05:30,7.56,87.61,False,stale signal 7.56m > 5.0m,MOMENTUM-EXTENDED,210,0,stale signal 7.56m > 5.0m,1.651628955606954,0.19855154980821244,1.9783977572747025,3.2372020524510847,3.3143989057711063,1.5340516237523283,0.6428633708257041,0.8536541108823733,1.4341639156801669,1.030533208280893,5.762253247279307,95.0,0.6428571428571429,0.5904761904761905,0.9375,-1.3657,S1,1,1,0,0,0,0.5904761904761905,0.5904761904761905,0.19655499730820702,BULL,0.9375,0.9375,0.44918629465169335,True,False,1.651628955606954,True,-523.37,-288.0,235.37,-0.44,momentum failure 10:15,0,
OBEROIRLTY|BUY|10:05|101,OBEROIRLTY,BUY,BUY-EX,101,10:05,1928.7,REALTY,2026-09-04T10:05:00+05:30,8.012,79.96,False,stale signal 8.01m > 5.0m,MOMENTUM-EXTENDED,210,0,stale signal 8.01m > 5.0m,1.4037829217599995,0.3154574132492094,1.2511175716953271,1.7246041355354818,2.9380751583993026,1.6614171100841155,0.739990234375,0.7040408968467438,0.9514191730400074,1.156735226211248,4.654751773049646,85.0,0.6428571428571429,0.5904761904761905,0.8333333333333334,-1.3657,S1,1,1,0,0,0,0.5904761904761905,0.5904761904761905,0.19655499730820702,BULL,0.8333333333333334,0.8333333333333334,0.9054493893829618,True,False,1.4037829217599995,True,-836.22,-527.0,309.22,-1.0,SL 10:10,0,
IREDA|BUY|10:05|103,IREDA,BUY,BUY-EX4,103,10:05,114.04,FIN,2026-09-04T10:05:00+05:30,7.33,63.11,False,A+ score 63.11 below 70.00,PULLBACK-REENTRY,210,0,A+ score 63.11 below 70.00,0.9203547925020761,0.5486749969752402,0.6265062227579044,0.6431330648703294,2.2575291647944624,1.409427042627944,0.627916467060556,1.1180608539621515,1.923066033635279,1.5714755536066651,2.350341800103135,85.0,0.6428571428571429,0.5904761904761905,0.9375,-1.3657,S1+S2,2,1,1,0,0,0.5904761904761905,0.5904761904761905,0.19655499730820702,BULL,0.9375,0.9375,0.44918629465169335,True,False,0.9203547925020761,True,319.23,579.0,259.77,0.9,60% book +0.75R 10:15 · runner stop 10:25,1,
INDUSTOWER|BUY|10:05|111,INDUSTOWER,BUY,BUY-EX12,111,10:05,377.45,TELECOM,2026-09-04T10:05:00+05:30,7.269,52.29,False,A+ score 52.29 below 70.00,PULLBACK-REENTRY,210,0,A+ score 52.29 below 70.00,0.6667555457018137,-0.10668739859691634,0.8106100532672279,0.16989627040904726,2.4182550248501014,1.8335848560005032,0.960009765625,1.260991502219639,1.6591780254068875,1.137597496503165,1.2036874451273047,95.0,0.6428571428571429,0.5904761904761905,0.6666666666666666,-1.3657,S1+S2,2,1,1,0,0,0.5904761904761905,0.5904761904761905,0.19655499730820702,BULL,0.6666666666666666,0.6666666666666666,0.6667555457018137,True,False,0.6667555457018137,True,-599.63,-364.0,235.63,-0.43,momentum failure 10:15,0,
PGEL|BUY|10:05|106,PGEL,BUY,BUY-EX7,106,10:05,557.5,CDUR,2026-09-04T10:05:00+05:30,8.161,35.84,False,A+ score 35.84 below 70.00,MOMENTUM-CONTROLLED,210,0,A+ score 35.84 below 70.00,0.6499323753859088,0.3791253824476648,0.1436148688925996,-0.8437009977520529,1.3544463243346951,1.613075749333891,0.5675684592543715,0.6554423475198262,1.212552340901241,0.5918821029153899,0.8336892869445401,80.0,0.6428571428571429,0.5904761904761905,0.4444444444444444,-1.3657,S1+S3,2,1,0,1,0,0.5904761904761905,0.5904761904761905,0.19655499730820702,BULL,0.4444444444444444,0.4444444444444444,-0.13495276653171517,False,True,0.6499323753859088,True,-830.24,-520.0,310.24,-1.0,SL 10:10,0,
VOLTAS|BUY|10:05|103,VOLTAS,BUY,BUY-EX4,103,10:05,1176.4,CDUR,2026-09-04T10:05:00+05:30,8.926,34.81,False,A+ score 34.81 below 70.00,PULLBACK-REENTRY,210,0,A+ score 34.81 below 70.00,-0.1358213570405331,-0.5093378607809895,-0.07239303429738488,-0.060805439773496735,1.4549892575991228,1.6073273979159395,1.0,0.8009043703126655,0.8009043703126655,1.0800410171327182,1.6422564821303434,75.0,0.6428571428571429,0.5904761904761905,0.4444444444444444,-1.3657,S1+S2+S4,3,1,1,0,1,0.5904761904761905,0.5904761904761905,0.19655499730820702,BULL,0.4444444444444444,0.4444444444444444,-0.13495276653171517,False,True,-0.1358213570405331,False,-825.86,-516.0,309.86,-1.0,SL 10:15,0,
PNB|BUY|10:05|111,PNB,BUY,BUY-EX12,111,10:05,117.15,PSUBK,2026-09-04T10:05:00+05:30,8.222,31.51,False,A+ score 31.51 below 70.00,MOMENTUM-CONTROLLED,210,0,A+ score 31.51 below 70.00,0.7135504068365384,0.283701712448825,0.21261968345382845,-0.6735226389635224,1.3793476815381303,1.4491949666120112,1.0,0.5286991768206988,0.5286991768206988,0.39870779057260197,0.5583078293089859,70.0,0.6428571428571429,0.5904761904761905,0.5714285714285714,-1.3657,S1,1,1,0,0,0,0.5904761904761905,0.5904761904761905,0.19655499730820702,BULL,0.5714285714285714,0.5714285714285714,0.07902280796747707,False,True,0.7135504068365384,True,-573.69,-263.0,310.69,-1.0,SL 10:10,0,
BPCL|BUY|10:05|105,BPCL,BUY,BUY-EX6,105,10:05,320.45,OIL,2026-09-04T10:05:00+05:30,6.369,28.0,False,A+ score 28.00 below 70.00,MOMENTUM-CONTROLLED,210,0,A+ score 28.00 below 70.00,0.2973434137812925,-0.03130081487187075,0.18050542956999327,0.3630815726225658,1.5383914914502568,1.8459205912089218,0.8750286106660563,0.6035524071609979,0.6897516261800679,0.30513906608828784,0.753756681346018,75.0,0.6428571428571429,0.5904761904761905,0.2857142857142857,-1.3657,S1,1,1,0,0,0,0.5904761904761905,0.5904761904761905,0.19655499730820702,BULL,0.2857142857142857,0.2857142857142857,-0.38775385642538795,False,True,0.2973434137812925,True,-633.6,-323.0,310.6,-1.0,SL 10:10,0,
JUBLFOOD|BUY|10:10|103,JUBLFOOD,BUY,BUY-EX4,103,10:10,485.85,CONSUMPTION,2026-09-04T10:10:00+05:30,2.442,78.14,False,S1 Morning Base is mandatory,PULLBACK-REENTRY,210,0,S1 Morning Base is mandatory,0.6108950599124752,0.22779169961046897,0.23507599450853506,0.4616238790203828,2.2249426942979906,1.6393429041266718,0.9358973355765092,3.494903909941395,3.73428129036028,4.627008043011685,4.524697901208395,95.0,0.6428571428571429,0.5857142857142857,0.6,-1.3657,S2,1,0,1,0,0,0.5857142857142857,0.5857142857142857,0.15893922806660132,BULL,0.6,0.6,0.39035271155722917,True,False,0.6108950599124752,True,-483.04,-348.0,135.04,-0.39,time exit 11:10,0,
ADANIPORTS|BUY|10:10|101,ADANIPORTS,BUY,BUY-EX,101,10:10,1712.3,LOGISTICS,2026-09-04T10:10:00+05:30,0.936,50.33,False,A+ score 50.33 below 70.00,MOMENTUM-CONTROLLED,210,0,A+ score 50.33 below 70.00,0.3398798024099037,-0.046882439386175534,0.33783866732202733,0.5177675149952521,1.7902845816296458,1.940129331655817,0.7910578289545603,1.3530355959502947,1.8500463794954753,1.7080949459794434,2.635200386286818,85.0,0.6428571428571429,0.5857142857142857,0.3333333333333333,-1.3657,S1,1,1,0,0,0,0.5857142857142857,0.5857142857142857,0.15893922806660132,BULL,0.3333333333333333,0.3333333333333333,-0.4028728084813693,False,True,0.3398798024099037,True,189.28,449.0,259.72,0.55,60% book +0.75R 10:25 · runner stop 10:30,1,
KAYNES|BUY|10:10|104,KAYNES,BUY,BUY-EX5,104,10:10,3513.0,CAPGOODS,2026-09-04T10:10:00+05:30,2.473,32.9,False,A+ score 32.90 below 70.00,MOMENTUM-CONTROLLED,210,0,A+ score 32.90 below 70.00,0.8034433285509346,0.2008608321377281,0.09900335300494142,-0.6288779763019334,1.6182351254502763,2.028469610256755,0.9565263542760093,1.0700030785565349,1.2877368812589305,0.7684050189373571,1.5642240178322653,65.0,0.6428571428571429,0.5857142857142857,0.2,-1.3657,S1,1,1,0,0,0,0.5857142857142857,0.5857142857142857,0.15893922806660132,BULL,0.2,0.2,-0.38393414732157405,False,True,0.8034433285509346,True,1451.15,1636.0,184.85,1.86,58% book +0.75R 10:30 · runner stop 11:10,1,
TVSMOTOR|SELL|10:10|201,TVSMOTOR,SELL,SELL-EX1,201,10:10,4170.2002,AUTO,2026-09-04T10:10:00+05:30,3.796,18.71,False,opening market breadth below 55% in signal direction,PULLBACK-REENTRY,210,0,opening market breadth below 55% in signal direction,0.7095191592261907,0.8000023251488075,0.20778223483318495,-0.06261313412688897,0.9663988230165734,1.3583710146388588,0.57998046875,0.336006230713888,1.1200207690462933,0.34992860542598764,0.40958217270194985,15.0,0.3571428571428571,0.41428571428571426,0.5294117647058824,-1.3657,S1+S2,2,1,1,0,0,0.5857142857142857,0.41428571428571426,-0.15893922806660132,BULL,0.47058823529411764,0.5294117647058824,0.09876769266010665,True,False,0.7095191592261907,True,-697.95,-391.0,306.95,-1.0,SL 10:15,0,
TATAELXSI|SELL|10:10|209,TATAELXSI,SELL,SELL-EX8,209,10:10,3597.0,IT,2026-09-04T10:10:00+05:30,3.645,16.96,False,opening market breadth below 55% in signal direction,REVERSION-ALIGNMENT,210,0,opening market breadth below 55% in signal direction,-0.47486033519552606,-1.2541872163058576,0.0972097159297635,-0.237061166469113,0.9791409297147198,1.972894084130256,0.8641871119416481,0.6840601217104809,0.7915648269430223,0.4027602502483688,1.254180602006689,15.0,0.3571428571428571,0.41428571428571426,0.25,-1.3657,S1+S3,2,1,0,1,0,0.5857142857142857,0.41428571428571426,-0.15893922806660132,BULL,0.75,0.25,-0.1908171438591122,False,True,-0.47486033519552606,False,-358.57,-124.0,234.57,-0.23,momentum failure 10:20,0,
BRITANNIA|BUY|10:15|101,BRITANNIA,BUY,BUY-EX,101,10:15,5157.0,FMCG,2026-09-04T10:15:00+05:30,11.499,77.0,False,stale signal 11.50m > 5.0m,PULLBACK-REENTRY,210,0,stale signal 11.50m > 5.0m,0.5263157894736858,0.45808966861597966,0.4448210190409272,0.22669604505079166,2.8290639464524703,2.8210908771724195,0.8108108108108109,1.4665896309478812,1.871166080864538,1.3392526822049573,3.9029649595687332,95.0,0.6428571428571429,0.6190476190476191,0.6428571428571429,-1.3657,S1+S2+S4,3,1,1,0,1,0.6190476190476191,0.6190476190476191,0.20414826692468635,BULL,0.6428571428571429,0.6428571428571429,0.1378063037171473,False,True,0.5263157894736858,True,-449.94,-216.0,233.94,-0.28,momentum failure 10:25,0,
VBL|BUY|10:15|106,VBL,BUY,BUY-EX7,106,10:15,412.05,FMCG,2026-09-04T10:15:00+05:30,13.993,58.1,False,A+ score 58.10 below 70.00,MOMENTUM-EXTENDED,210,0,A+ score 58.10 below 70.00,1.2034861770697125,0.09824239284799141,0.12338789480371454,-0.5929820400297662,3.107803833560566,3.337209047559222,0.8554200033826763,3.8173007438286777,4.462487115958861,1.2362841013887413,3.4600716884085974,65.0,0.6428571428571429,0.6190476190476191,0.6428571428571429,-1.3657,S1,1,1,0,0,0,0.6190476190476191,0.6190476190476191,0.20414826692468635,BULL,0.6428571428571429,0.6428571428571429,0.1378063037171473,False,True,1.2034861770697125,True,-358.91,-235.0,123.91,-0.26,momentum failure 10:25,0,
FORCEMOT|BUY|10:15|104,FORCEMOT,BUY,BUY-EX5,104,10:15,17712.0,AUTO,2026-09-04T10:15:00+05:30,11.907,51.0,False,A+ score 51.00 below 70.00,PULLBACK-REENTRY,210,0,A+ score 51.00 below 70.00,1.2114285714285744,0.5028571428571382,0.5134285483059384,-0.42427972209507847,2.4961327453077304,1.9888378208082103,0.9574468085106383,1.1534619227606002,1.2907788183273383,0.8127352253077001,1.815909090909091,80.0,0.6428571428571429,0.6190476190476191,0.5294117647058824,-1.3657,S1+S2+S4,3,1,1,0,1,0.6190476190476191,0.6190476190476191,0.20414826692468635,BULL,0.5294117647058824,0.5294117647058824,0.09258882499034726,False,True,1.2114285714285744,True,117.85,376.0,258.15,0.55,57% book +0.75R 10:30 · runner stop 10:35,1,
SHRIRAMFIN|BUY|10:15|106,SHRIRAMFIN,BUY,BUY-EX7,106,10:15,1052.0,FIN,2026-09-04T10:15:00+05:30,13.603,46.89,False,A+ score 46.89 below 70.00,PULLBACK-REENTRY,210,0,A+ score 46.89 below 70.00,0.7469880475833524,0.0,0.7041064449789616,0.8238999137910596,1.8575344667218672,1.7599367989504668,0.7500108994201509,0.9747516507800065,1.2996499804650938,0.6961477060898053,1.0681087001163667,80.0,0.6428571428571429,0.6190476190476191,0.9375,-1.3657,S1+S2,2,1,1,0,0,0.6190476190476191,0.6190476190476191,0.20414826692468635,BULL,0.9375,0.9375,0.5671913821329699,True,False,0.7469880475833524,True,-306.36,-71.0,235.36,-0.13,momentum failure 10:25,0,
RECLTD|BUY|10:15|106,RECLTD,BUY,BUY-EX7,106,10:15,315.25,FIN,2026-09-04T10:15:00+05:30,13.483,40.6,False,A+ score 40.60 below 70.00,MOMENTUM-CONTROLLED,210,0,A+ score 40.60 below 70.00,0.5261460026693143,0.0,0.5441108351742531,-0.5177412903704669,1.6567258571928158,1.701694640937476,1.0,0.9707957284571944,1.0678516002353247,0.26888401357103275,0.6379823021531186,75.0,0.6428571428571429,0.6190476190476191,0.9375,-1.3657,S1,1,1,0,0,0,0.6190476190476191,0.6190476190476191,0.20414826692468635,BULL,0.9375,0.9375,0.5671913821329699,True,False,0.5261460026693143,False,-275.88,-40.0,235.88,-0.08,momentum failure 10:30,0,
NESTLEIND|BUY|10:15|104,NESTLEIND,BUY,BUY-EX5,104,10:15,1419.0,FMCG,2026-09-04T10:15:00+05:30,13.031,37.56,False,A+ score 37.56 below 70.00,PULLBACK-REENTRY,210,0,A+ score 37.56 below 70.00,0.21186440677967155,-0.5649717514124242,0.4928153825418486,-0.03373306823634164,2.5579970825193454,3.2984437452508355,0.880950996919142,1.4540064306953802,1.6504963792314502,0.4238491821536445,0.6907524411257898,80.0,0.6428571428571429,0.6190476190476191,0.6428571428571429,-1.3657,S1+S2,2,1,1,0,0,0.6190476190476191,0.6190476190476191,0.20414826692468635,BULL,0.6428571428571429,0.6428571428571429,0.1378063037171473,False,True,0.21186440677967155,True,-675.5,-440.0,235.5,-0.63,momentum failure 10:30,0,
RADICO|SELL|10:15|280,RADICO,SELL,NORMAL SELL,280,10:15,4481.6001,FMCG,2026-09-04T10:15:00+05:30,13.452,32.99,False,opening market breadth below 55% in signal direction,MOMENTUM-EXTENDED,210,0,opening market breadth below 55% in signal direction,1.6977385905626252,0.31585659889777906,1.154892630811763,0.6555522942994043,3.133086817331088,2.42011524568703,1.0,1.2352581109704337,1.2352581109704337,0.9519878571618778,1.840885684860968,15.0,0.3571428571428571,0.38095238095238093,0.3571428571428571,-1.3657,S1,1,1,0,0,0,0.6190476190476191,0.38095238095238093,-0.20414826692468635,BULL,0.6428571428571429,0.3571428571428571,-0.1378063037171473,True,False,1.6977385905626252,True,310.3,567.0,256.7,0.76,60% book +0.75R 10:30 · breadth flip 10:30,1,
BHARTIARTL|SELL|10:15|201,BHARTIARTL,SELL,SELL-EX1,201,10:15,1860.5,TELECOM,2026-09-04T10:15:00+05:30,11.407,14.66,False,opening market breadth below 55% in signal direction,MOMENTUM-CONTROLLED,210,0,opening market breadth below 55% in signal direction,0.4547886570358428,0.04280625083601386,0.4143110442800141,0.48220873949425025,1.3271755392540292,1.4523993248733063,1.0,0.3254193010168731,0.6973757186772475,0.2588041564154579,0.42227215502541793,15.0,0.3571428571428571,0.38095238095238093,0.33333333333333337,-1.3657,S1,1,1,0,0,0,0.6190476190476191,0.38095238095238093,-0.20414826692468635,BULL,0.6666666666666666,0.33333333333333337,-0.520064442183954,False,True,0.4547886570358428,True,-97.94,161.0,258.94,0.64,60% book +0.75R 10:35 · breadth flip 10:35,0,
HINDUNILVR|BUY|10:20|103,HINDUNILVR,BUY,BUY-EX4,103,10:20,1967.4,FMCG,2026-09-04T10:20:00+05:30,7.197,59.05,False,S1 Morning Base is mandatory,MOMENTUM-EXTENDED,210,0,S1 Morning Base is mandatory,0.27523060214385,0.2599375935747883,0.20861365735922338,-0.6119649221086328,2.7148688810249064,2.9796738189194323,0.8863642668886115,1.2157804427211816,1.4859721968697226,1.2190866318930536,4.76062607696726,70.0,0.6428571428571429,0.6238095238095238,0.6428571428571429,-1.3657,,0,0,0,0,0,0.6238095238095238,0.6238095238095238,0.22448927169472777,BULL,0.6428571428571429,0.6428571428571429,0.19941891770753895,False,True,0.27523060214385,True,381.29,641.0,259.71,1.18,60% book +0.75R 10:55 · runner stop 11:05,1,
PFC|BUY|10:20|106,PFC,BUY,BUY-EX7,106,10:20,346.55,FIN,2026-09-04T10:20:00+05:30,8.259,46.12,False,A+ score 46.12 below 70.00,MOMENTUM-CONTROLLED,210,0,A+ score 46.12 below 70.00,0.3039038474583977,-0.17366312692203012,0.7091167121428819,0.2259754149291946,1.376541030839931,1.042832995262727,0.5555404855554048,0.268809234178951,0.8064823941409586,0.34914780778856075,0.570786142571619,95.0,0.6428571428571429,0.6238095238095238,0.9375,-1.3657,S1,1,1,0,0,0,0.6238095238095238,0.6238095238095238,0.22448927169472777,BULL,0.9375,0.9375,0.5310493134144889,True,False,0.3039038474583977,False,-199.82,36.0,235.82,0.16,momentum failure 10:30,0,
ITC|BUY|10:20|106,ITC,BUY,BUY-EX7,106,10:20,264.55,FMCG,2026-09-04T10:20:00+05:30,7.481,37.14,False,A+ score 37.14 below 70.00,PULLBACK-REENTRY,210,0,A+ score 37.14 below 70.00,0.5893489707105459,0.36122137149476874,0.3527658745641798,-0.5216200483038719,1.2826357521081808,1.4771314578289807,1.0,0.5477722553474678,0.8764222352098706,0.3690688144254887,0.7319432225092602,75.0,0.6428571428571429,0.6238095238095238,0.6428571428571429,-1.3657,S1+S2,2,1,1,0,0,0.6238095238095238,0.6238095238095238,0.22448927169472777,BULL,0.6428571428571429,0.6428571428571429,0.19941891770753895,False,True,0.5893489707105459,True,182.28,442.0,259.72,1.03,60% book +0.75R 10:35 · runner stop 10:40,1,
MARICO|BUY|10:20|103,MARICO,BUY,BUY-EX4,103,10:20,824.15,FMCG,2026-09-04T10:20:00+05:30,7.826,34.47,False,S1 Morning Base is mandatory,MOMENTUM-EXTENDED,210,0,S1 Morning Base is mandatory,-0.39279670100342834,-0.7372536186971423,0.1033711317110928,-0.4050804966546249,1.8975337487517792,2.521208229106039,0.8254020538655299,1.441526610669463,2.1622689678452347,0.844370932240988,2.078129969256864,65.0,0.6428571428571429,0.6238095238095238,0.6428571428571429,-1.3657,,0,0,0,0,0,0.6238095238095238,0.6238095238095238,0.22448927169472777,BULL,0.6428571428571429,0.6428571428571429,0.19941891770753895,False,True,-0.39279670100342834,False,-599.51,-364.0,235.51,-0.43,momentum failure 10:30,0,
PREMIERENE|SELL|10:20|201,PREMIERENE,SELL,SELL-EX1,201,10:20,1000.0,GREEN,2026-09-04T10:20:00+05:30,8.425,30.4,False,opening market breadth below 55% in signal direction,MOMENTUM-CONTROLLED,210,0,opening market breadth below 55% in signal direction,0.7936507936507908,0.49603174603174427,0.6997450864922651,0.9101984946638505,1.4381062976426604,1.3595676793537168,0.9166836215666327,0.5283747799154375,0.6340239363487243,1.2157292383470357,1.864472679302923,5.0,0.3571428571428571,0.3761904761904762,0.6,-1.3657,S1,1,1,0,0,0,0.6238095238095238,0.3761904761904762,-0.22448927169472777,BULL,0.4,0.6,0.08107778188344295,True,False,0.7936507936507908,True,-636.09,-325.0,311.09,-1.0,SL 10:35,0,
SBIN|BUY|10:20|102,SBIN,BUY,BUY-EX17,102,10:20,1027.0,PSUBK,2026-09-04T10:20:00+05:30,8.578,29.33,False,A+ score 29.33 below 70.00,MOMENTUM-CONTROLLED,210,0,A+ score 29.33 below 70.00,0.35176622044723604,0.2540527187720354,0.22910581386135645,-0.6306720183150522,1.467099538853998,2.104545781948293,0.839990234375,1.4224215283072785,1.6933786490573193,0.9595412746099766,1.301793103448276,65.0,0.6428571428571429,0.6238095238095238,0.5714285714285714,-1.3657,S1,1,1,0,0,0,0.6238095238095238,0.6238095238095238,0.22448927169472777,BULL,0.5714285714285714,0.5714285714285714,0.016633374532815104,False,True,0.35176622044723604,True,-575.41,-340.0,235.41,-0.61,momentum failure 10:30,0,
CDSL|BUY|10:25|101,CDSL,BUY,BUY-EX,101,10:25,1412.0,CAPMKTS,2026-09-04T10:25:00+05:30,1.569,85.32,True,qualified,MOMENTUM-CONTROLLED,210,1,selected,1.2912482065997155,0.7675718200771176,0.9821980981685898,2.1677071664068013,2.174525440042361,1.1301993657412792,0.7058844648691344,0.5172395666541255,0.8793135772715673,1.2549346395502936,4.162592183961443,95.0,0.6428571428571429,0.6095238095238096,0.8333333333333334,-1.3657,S1,1,1,0,0,0,0.6095238095238096,0.6095238095238096,0.24797225416751667,BULL,0.8333333333333334,0.8333333333333334,1.0652632082908897,True,False,1.2912482065997155,True,215.32,475.0,259.68,1.0,60% book +0.75R 10:30 · runner stop 10:35,1,CDSL
POLICYBZR|BUY|10:25|103,POLICYBZR,BUY,BUY-EX4,103,10:25,1858.5,INSURANCE,2026-09-04T10:25:00+05:30,3.37,59.17,False,A+ score 59.17 below 70.00,MOMENTUM-EXTENDED,210,0,A+ score 59.17 below 70.00,-0.6149732620320814,-0.9625668449197877,0.5319027613669421,0.2972902153566778,2.407440929199849,2.9112227111548212,0.7472500938992327,1.316653811310467,1.9642174126107683,1.2981872356158723,2.9679290627330737,85.0,0.6428571428571429,0.6095238095238096,0.8571428571428571,-1.3657,S1,1,1,0,0,0,0.6095238095238096,0.6095238095238096,0.24797225416751667,BULL,0.8571428571428571,0.8571428571428571,1.070602654526942,True,False,-0.6149732620320814,False,-1187.54,-896.0,291.54,-1.0,SL 10:35,0,
CUMMINSIND|SELL|10:25|203,CUMMINSIND,SELL,SELL-EX3,203,10:25,5027.0,CAPGOODS,2026-09-04T10:25:00+05:30,1.721,34.92,False,opening market breadth below 55% in signal direction,MOMENTUM-EXTENDED,210,0,opening market breadth below 55% in signal direction,1.4023732470334394,0.5295675198587868,1.4899098901175751,1.5771966056324405,3.0617581955858615,2.358412226199991,1.0,0.6486104267672708,0.6486104267672708,0.7482509883900735,1.692889561270802,15.0,0.3571428571428571,0.3904761904761904,0.7,-1.3657,S1,1,1,0,0,0,0.6095238095238096,0.3904761904761904,-0.24797225416751667,BULL,0.3,0.7,0.2863142130761165,True,False,1.4023732470334394,True,-675.23,-368.0,307.23,-1.0,SL 10:35,0,
SUPREMEIND|SELL|10:25|201,SUPREMEIND,SELL,SELL-EX1,201,10:25,3494.7,BUILDMAT,2026-09-04T10:25:00+05:30,3.705,26.84,False,opening market breadth below 55% in signal direction,PULLBACK-REENTRY,210,0,opening market breadth below 55% in signal direction,0.38197731282888503,-0.057010916003674694,0.14755152990856266,-0.19263881611931138,0.9962791665689835,1.6640205323426567,1.0,0.5708471430836677,0.6875947749655075,0.4882210993640594,0.8839005551532706,15.0,0.3571428571428571,0.3904761904761904,1.0,-1.3657,S1+S2,2,1,1,0,0,0.6095238095238096,0.3904761904761904,-0.24797225416751667,BULL,0.0,1.0,0.3347796843114925,True,False,0.38197731282888503,True,-735.17,-426.0,309.17,-1.0,SL 10:30,0,
GRASIM|BUY|10:30|101,GRASIM,BUY,BUY-EX,101,10:30,3325.8999,CEMENT,2026-09-04T10:30:00+05:30,12.452,84.09,False,stale signal 12.45m > 5.0m,MOMENTUM-CONTROLLED,210,0,stale signal 12.45m > 5.0m,0.4803595874244726,0.09667526199017562,0.6914485385652139,1.044210175396535,1.751213762500777,1.768627048269622,1.0,0.8701791550708128,1.1641624789878409,1.0359021862919653,7.311257340975023,95.0,0.6428571428571429,0.6,0.8,-1.3657,S1+S3,2,1,0,1,0,0.6,0.6,0.1895602765034421,BULL,0.8,0.8,0.470066518847001,True,False,0.4803595874244726,True,-347.43,-112.0,235.43,-0.14,time exit 11:30,0,
LT|BUY|10:30|111,LT,BUY,BUY-EX12,111,10:30,3991.5,INFRA,2026-09-04T10:30:00+05:30,13.459,37.82,False,A+ score 37.82 below 70.00,MOMENTUM-CONTROLLED,210,0,A+ score 37.82 below 70.00,0.41509433962263476,0.37484031053458544,0.03843953412147933,-0.7368500528896027,1.3808818355030106,2.3141296826555497,0.7446885876058387,0.5070633430806175,0.8826726121389789,0.2783305200081507,0.7107799049209816,75.0,0.6428571428571429,0.6,1.0,-1.3657,S1,1,1,0,0,0,0.6,0.6,0.1895602765034421,BULL,1.0,1.0,0.41509433962263476,True,False,0.41509433962263476,True,-574.03,-266.0,308.03,-1.0,SL 10:35,0,
EXIDEIND|SELL|10:30|201,EXIDEIND,SELL,SELL-EX1,201,10:30,420.2,AUTO,2026-09-04T10:30:00+05:30,12.224,18.0,False,opening market breadth below 55% in signal direction,MOMENTUM-CONTROLLED,210,0,opening market breadth below 55% in signal direction,0.6619356484559691,-0.449171133920645,0.3850582082823478,0.643093482888515,1.5456852330481647,1.425355194572785,1.0,0.565800901060201,0.6528533238394056,0.8770762495044595,1.0423610966978685,15.0,0.3571428571428571,0.4,0.47058823529411764,-1.3657,S1,1,1,0,0,0,0.6,0.4,-0.1895602765034421,BULL,0.5294117647058824,0.47058823529411764,-0.0,True,False,0.6619356484559691,True,58.88,318.0,259.12,0.64,60% book +0.75R 10:35 · breadth flip 10:35,1,
MANKIND|SELL|10:35|205,MANKIND,SELL,SELL-EX5,205,10:35,2355.0,PHA,2026-09-04T10:35:00+05:30,8.598,23.76,False,opening market breadth below 55% in signal direction,PULLBACK-REENTRY,210,0,opening market breadth below 55% in signal direction,0.5825755042073721,-0.8949658364944213,0.28320791182297833,0.47197214067484644,1.3098492095755037,1.5498461966365433,1.0,0.33372621826367294,0.7342085436637479,0.3819383173538811,0.760046820132657,20.0,0.3571428571428571,0.4095238095238095,0.6923076923076923,-1.3657,S1+S2,2,1,1,0,0,0.5904761904761905,0.4095238095238095,-0.1732416455878183,BULL,0.3076923076923077,0.6923076923076923,0.4977280614463453,True,False,0.5825755042073721,True,-468.69,-233.0,235.69,-0.58,momentum failure 10:45,0,
UNITDSPR|SELL|10:35|205,UNITDSPR,SELL,SELL-EX5,205,10:35,1477.8,FMCG,2026-09-04T10:35:00+05:30,10.254,19.43,False,opening market breadth below 55% in signal direction,MOMENTUM-CONTROLLED,210,0,opening market breadth below 55% in signal direction,0.74551517253858,-0.06716367678170077,0.39684657409875435,-0.6052380001887371,1.7989650500635688,1.7829697502837552,0.6444227430555556,0.6835864496901406,1.9226162265489692,0.5693301477745333,1.2930064308681672,10.0,0.3571428571428571,0.4095238095238095,0.4285714285714286,-1.3657,S1,1,1,0,0,0,0.5904761904761905,0.4095238095238095,-0.1732416455878183,BULL,0.5714285714285714,0.4285714285714286,-0.07471023319584047,True,False,0.74551517253858,True,377.86,637.0,259.14,1.18,60% book +0.75R 10:45 · breadth flip 10:45,1,
INFY|SELL|10:35|280,INFY,SELL,NORMAL SELL,280,10:35,1130.7,IT,2026-09-04T10:35:00+05:30,8.006,18.06,False,opening market breadth below 55% in signal direction,MOMENTUM-EXTENDED,210,0,opening market breadth below 55% in signal direction,-0.03538019344195842,-0.2565604015284828,0.2081431953085801,-0.5435276821442052,1.9235738097515191,3.1031539709274867,0.968758344459279,1.2565229487394012,1.2970447748150653,1.055271396314284,1.581349526214914,10.0,0.3571428571428571,0.4095238095238095,0.5,-1.3657,S1,1,1,0,0,0,0.5904761904761905,0.4095238095238095,-0.1732416455878183,BULL,0.5,0.5,-0.005627622419990264,True,False,-0.03538019344195842,False,-500.89,-265.0,235.89,-0.36,time exit 11:35,0,
TECHM|SELL|10:35|280,TECHM,SELL,NORMAL SELL,280,10:35,1599.0,IT,2026-09-04T10:35:00+05:30,10.058,14.25,False,opening market breadth below 55% in signal direction,REVERSION-ALIGNMENT,210,0,opening market breadth below 55% in signal direction,-0.06257822277846437,-0.5006257822277815,0.2010611034000101,0.06861488856326708,1.0443815128886007,2.4678396589772,1.0,1.0312817399824241,1.0312817399824241,0.4785098209755744,0.7336642465550451,20.0,0.3571428571428571,0.4095238095238095,0.5,-1.3657,S1+S2,2,1,1,0,0,0.5904761904761905,0.4095238095238095,-0.1732416455878183,BULL,0.5,0.5,-0.005627622419990264,True,False,-0.06257822277846437,False,-984.7,-674.0,310.7,-1.0,SL 11:30,0,
APOLLOHOSP|SELL|10:40|280,APOLLOHOSP,SELL,NORMAL SELL,280,10:40,8688.0,HOSPITALS,2026-09-04T10:40:00+05:30,1.176,31.53,False,opening market breadth below 55% in signal direction,MOMENTUM-CONTROLLED,210,0,opening market breadth below 55% in signal direction,0.046019328117807845,-0.2358490566037652,0.27831420957071296,0.2651488512428272,1.874752912883581,2.063594103982183,0.9,1.7868413876824423,2.0421044430656483,1.9332903295167447,2.3248222365869426,0.0,0.3571428571428571,0.4095238095238095,0.6666666666666667,-1.3657,S1,1,1,0,0,0,0.5904761904761905,0.4095238095238095,-0.20355018809209424,BULL,0.3333333333333333,0.6666666666666667,0.046019328117807845,True,False,0.046019328117807845,True,216.71,471.0,254.29,0.85,57% book +0.75R 11:10 · breadth flip 11:10,1,
GAIL|SELL|10:40|201,GAIL,SELL,SELL-EX1,201,10:40,172.89,OIL,2026-09-04T10:40:00+05:30,2.331,28.2,False,opening market breadth below 55% in signal direction,MOMENTUM-CONTROLLED,210,0,opening market breadth below 55% in signal direction,1.0190638334897195,0.4007539678137162,0.5817187341699652,0.13950126931678788,1.9292873414691905,2.205562659522804,0.7857220708446866,0.7325166747432525,0.9322847122720685,0.48854155011621864,1.1861925007290532,5.0,0.3571428571428571,0.4095238095238095,0.7142857142857143,-1.3657,S1,1,1,0,0,0,0.5904761904761905,0.4095238095238095,-0.20355018809209424,BULL,0.2857142857142857,0.7142857142857143,0.3338219910593243,True,False,1.0190638334897195,True,21.57,281.0,259.43,0.76,60% book +0.75R 11:10 · breadth flip 11:10,1,
PNBHOUSING|BUY|10:45|101,PNBHOUSING,BUY,BUY-EX,101,10:45,1167.6,FIN,2026-09-04T10:45:00+05:30,13.99,91.17,False,stale signal 13.99m > 5.0m,MOMENTUM-EXTENDED,210,0,stale signal 13.99m > 5.0m,1.9292863889949885,0.6634636041848552,0.6879499980207673,1.2553382116838483,2.785816206828655,2.1282093774199105,0.857137108133124,2.3933040983942453,2.9038678486815725,4.321051381002712,6.209584363593548,100.0,0.6428571428571429,0.6142857142857143,0.875,-1.3657,S1,1,1,0,0,0,0.6142857142857143,0.6142857142857143,0.22826687484441832,BULL,0.875,0.875,0.42817273760014096,True,False,1.9292863889949885,True,1030.63,1196.0,165.37,1.33,60% book +0.75R 11:10 · runner stop 11:45,1,
NATIONALUM|BUY|10:45|103,NATIONALUM,BUY,BUY-EX4,103,10:45,377.0,MET,2026-09-04T10:45:00+05:30,13.518,78.65,False,S1 Morning Base is mandatory,PULLBACK-REENTRY,210,0,S1 Morning Base is mandatory,0.8021390374331583,0.7219283976019453,0.7549474989923901,1.361208683330109,2.467877077693756,1.7020178590016646,0.8717956743560049,1.7161054509696767,2.390315119478156,2.812852367912371,3.290613222361809,100.0,0.6428571428571429,0.6142857142857143,0.9,-1.3657,S2,1,0,1,0,0,0.6142857142857143,0.6142857142857143,0.22826687484441832,BULL,0.9,0.9,0.46871833905427485,True,False,0.8021390374331583,True,-546.3,-355.0,191.3,-0.39,momentum failure 10:55,0,
BIOCON|BUY|10:45|105,BIOCON,BUY,BUY-EX6,105,10:45,404.55,PHA,2026-09-04T10:45:00+05:30,11.508,66.19,False,A+ score 66.19 below 70.00,PULLBACK-REENTRY,210,0,A+ score 66.19 below 70.00,0.6343253216340106,0.4975124378109541,0.44626777461336853,0.4419735454637372,1.7272034826870468,1.9690780642313404,0.8913037709311892,1.908398376439522,2.5819648512474824,1.6768117988025146,4.011522797258369,80.0,0.6428571428571429,0.6142857142857143,0.3076923076923077,-1.3657,S1+S2,2,1,1,0,0,0.6142857142857143,0.6142857142857143,0.22826687484441832,BULL,0.3076923076923077,0.3076923076923077,-0.365668298880506,False,True,0.6343253216340106,True,-555.88,-380.0,175.88,-0.42,momentum failure 10:55,0,
NMDC|BUY|10:45|103,NMDC,BUY,BUY-EX4,103,10:45,85.12,MET,2026-09-04T10:45:00+05:30,13.616,46.6,False,S1 Morning Base is mandatory,MOMENTUM-CONTROLLED,210,0,S1 Morning Base is mandatory,1.1046445874889121,0.7601845481520986,0.3135095364342256,0.075358204629883,1.9830132137650842,1.651441123083414,0.9375029802113963,2.5606814098795394,2.793474665393453,1.6861654173840663,1.4147034548257136,70.0,0.6428571428571429,0.6142857142857143,0.9,-1.3657,,0,0,0,0,0,0.6142857142857143,0.6142857142857143,0.22826687484441832,BULL,0.9,0.9,0.46871833905427485,True,False,1.1046445874889121,True,-575.81,-405.0,170.81,-0.45,momentum failure 11:00,0,
NUVAMA|SELL|10:45|201,NUVAMA,SELL,SELL-EX1,201,10:45,1837.0,CAPMKTS,2026-09-04T10:45:00+05:30,13.658,19.92,False,opening market breadth below 55% in signal direction,REVERSION-ALIGNMENT,210,0,opening market breadth below 55% in signal direction,0.11961457319924484,-0.9732505920662549,-0.16922879709842006,-1.1882594476560147,1.2408003933599527,2.0447525974298166,0.8478246447384133,1.1134703764366711,1.384320975584411,0.819696952050407,1.829002079002079,25.0,0.3571428571428571,0.3857142857142857,0.25,-1.3657,S1,1,1,0,0,0,0.6142857142857143,0.3857142857142857,-0.22826687484441832,BULL,0.75,0.25,-0.9326349575272674,False,True,0.11961457319924484,True,466.86,690.0,223.14,0.77,60% book +0.75R 11:20 · breadth flip 11:20,1,
NTPC|BUY|10:50|103,NTPC,BUY,BUY-EX4,103,10:50,332.35,ENE,2026-09-04T10:50:00+05:30,8.644,46.83,False,A+ score 46.83 below 70.00,MOMENTUM-EXTENDED,210,0,A+ score 46.83 below 70.00,0.4382025487388974,0.37775763767196047,0.8645805885117295,0.8487369876015288,2.5175842717327566,2.8261530844132046,1.0,1.3334274202839125,1.5385845476734792,1.1491880725045749,1.190815639058527,95.0,0.6428571428571429,0.6095238095238096,0.6666666666666666,-1.3657,S1,1,1,0,0,0,0.6095238095238096,0.6095238095238096,0.21791083515017018,BULL,0.6666666666666666,0.6666666666666666,0.27469813243989893,True,False,0.4382025487388974,True,-924.34,-614.0,310.34,-1.0,SL 11:40,0,
HDFCAMC|SELL|10:50|201,HDFCAMC,SELL,SELL-EX1,201,10:50,2489.2,CAPMKTS,2026-09-04T10:50:00+05:30,7.375,30.21,False,opening market breadth below 55% in signal direction,MOMENTUM-CONTROLLED,210,0,opening market breadth below 55% in signal direction,0.8602874476735578,-0.15931177004187003,0.13584836044322235,0.03703014357333062,1.2624089215529755,2.0888975393718807,0.910715842706426,1.3050919862101062,1.49151512030728,1.300339927293329,2.0824118703336167,10.0,0.3571428571428571,0.3904761904761904,0.25,-1.3657,S1+S4,2,1,0,0,1,0.6095238095238096,0.3904761904761904,-0.21791083515017018,BULL,0.75,0.25,-0.9735774063019065,False,True,0.8602874476735578,True,-165.07,70.0,235.07,0.13,momentum failure 11:05,0,
BLUESTARCO|BUY|10:55|111,BLUESTARCO,BUY,BUY-EX12,111,10:55,1492.7,CDUR,2026-09-04T10:55:00+05:30,1.542,78.0,True,qualified,PULLBACK-REENTRY,210,1,selected,0.4711583920076645,-0.04711255266064418,0.20171476257379234,0.01884352971651651,1.5738563590545498,1.4782092044180886,0.9142717633928571,0.5805329883065843,0.9235957075089548,2.6495165509066507,5.7131389945078155,100.0,0.6428571428571429,0.6095238095238096,0.6666666666666666,-1.3657,S1+S2,2,1,1,0,0,0.6095238095238096,0.6095238095238096,0.22094892340241978,BULL,0.6666666666666666,0.6666666666666666,0.580296896086363,True,False,0.4711583920076645,False,-893.68,-584.0,309.68,-1.0,SL 11:00,0,BLUESTARCO
HDFCBANK|BUY|10:55|105,HDFCBANK,BUY,BUY-EX6,105,10:55,712.25,BANK,2026-09-04T10:55:00+05:30,2.403,52.64,False,A+ score 52.64 below 70.00,MOMENTUM-CONTROLLED,210,0,A+ score 52.64 below 70.00,0.7924680382740856,0.47406431333745225,0.8092222065401828,1.4789999626936696,2.0086395086798245,2.0647950238068398,0.9285901124771122,0.5886460935600619,0.9156628301967109,1.8786813959518758,1.4799231224127736,100.0,0.6428571428571429,0.6095238095238096,0.6363636363636364,-1.3657,S1,1,1,0,0,0,0.6095238095238096,0.6095238095238096,0.22094892340241978,BULL,0.6363636363636364,0.6363636363636364,0.08872470986132086,False,True,0.7924680382740856,True,-54.6,205.0,259.6,0.74,60% book +0.75R 11:00 · runner stop 11:05,0,
AMBER|BUY|10:55|103,AMBER,BUY,BUY-EX4,103,10:55,7453.0,CDUR,2026-09-04T10:55:00+05:30,1.072,48.18,False,S1 Morning Base is mandatory,PULLBACK-REENTRY,210,0,S1 Morning Base is mandatory,0.580296896086363,0.24291497975708065,0.5473637846843582,0.27446401999439124,2.5787735050995466,2.1624043217791606,0.45161290322580644,0.4954977901371349,1.0971736781607988,2.6039716959598267,1.2069403300888701,95.0,0.6428571428571429,0.6095238095238096,0.6666666666666666,-1.3657,S2,1,0,1,0,0,0.6095238095238096,0.6095238095238096,0.22094892340241978,BULL,0.6666666666666666,0.6666666666666666,0.580296896086363,True,False,0.580296896086363,True,-586.41,-280.0,306.41,-1.0,SL 11:00,0,
NAM-INDIA|SELL|10:55|201,NAM-INDIA,SELL,SELL-EX1,201,10:55,1162.0,CAPMKTS,2026-09-04T10:55:00+05:30,3.51,46.49,False,opening market breadth below 55% in signal direction,PULLBACK-REENTRY,210,0,opening market breadth below 55% in signal direction,0.24895049817869053,0.16310622149898757,0.20558690580039976,-0.4925625648173489,1.4217846278946744,2.773879694677426,0.9056612464876319,1.0836153989643917,1.6409184358341227,1.3907030349596619,4.822464083587287,10.0,0.3571428571428571,0.3904761904761904,0.33333333333333337,-1.3657,S1+S2,2,1,1,0,0,0.6095238095238096,0.3904761904761904,-0.22094892340241978,BULL,0.6666666666666666,0.33333333333333337,-1.0220340729357624,False,True,0.24895049817869053,True,-434.38,-231.0,203.38,-0.26,momentum failure 11:05,0,
POWERINDIA|SELL|11:00|201,POWERINDIA,SELL,SELL-EX1,201,11:00,31690.0,CAPGOODS,2026-09-04T11:00:00+05:30,14.514,54.76,False,opening market breadth below 55% in signal direction,MOMENTUM-EXTENDED,210,0,opening market breadth below 55% in signal direction,0.968749999999996,-0.29687499999999645,0.7757445680911486,1.3846369957322766,2.482632968739631,2.86087595060953,0.8620689655172413,1.5742688714122337,2.075172603225217,2.0718367346938775,4.073836276083467,15.0,0.3571428571428571,0.41428571428571426,0.7,-1.3657,S1,1,1,0,0,0,0.5857142857142857,0.41428571428571426,-0.18570695059337838,BULL,0.3,0.7,0.4764872311271484,True,False,0.968749999999996,True,411.85,626.0,214.15,0.79,50% book +0.75R 11:30 · breadth flip 11:30,1,
BHARTIARTL|BUY|11:00|106,BHARTIARTL,BUY,BUY-EX7,106,11:00,1867.4,TELECOM,2026-09-04T11:00:00+05:30,11.61,41.48,False,S1 Morning Base is mandatory,MOMENTUM-CONTROLLED,210,0,S1 Morning Base is mandatory,-0.08560597035514039,-0.04280625083601386,0.11996145827669072,-0.3818667288572286,1.968420955060093,1.677691814584596,0.2571498325892857,0.2993364864317095,1.4965258481203094,3.170289925639118,2.0962781712813907,80.0,0.6428571428571429,0.5857142857142857,0.6666666666666666,-1.3657,,0,0,0,0,0,0.5857142857142857,0.5857142857142857,0.18570695059337838,BULL,0.6666666666666666,0.6666666666666666,1.1868199878857455,True,False,-0.08560597035514039,False,-478.04,-169.0,309.04,-1.0,SL 11:05,0,
MOTHERSON|SELL|11:00|201,MOTHERSON,SELL,SELL-EX1,201,11:00,161.17,AUTO,2026-09-04T11:00:00+05:30,13.794,28.61,False,opening market breadth below 55% in signal direction,MOMENTUM-CONTROLLED,210,0,opening market breadth below 55% in signal direction,0.5123468092930183,-0.543212890625,0.43394772619474964,0.754202435378552,1.9234394644214412,1.9526001208622432,0.9762034514078111,1.3344643267588683,1.366994067511643,1.7410255800149583,2.002796354382435,10.0,0.3571428571428571,0.41428571428571426,0.5294117647058824,-1.3657,S1,1,1,0,0,0,0.5857142857142857,0.41428571428571426,-0.18570695059337838,BULL,0.47058823529411764,0.5294117647058824,0.34042553191488967,True,False,0.5123468092930183,True,247.65,507.0,259.35,0.74,60% book +0.75R 11:05 · breadth flip 11:05,1,
TIINDIA|SELL|11:05|280,TIINDIA,SELL,NORMAL SELL,280,11:05,2691.7,AUTO,2026-09-04T11:05:00+05:30,10.132,57.27,False,opening market breadth below 55% in signal direction,MOMENTUM-CONTROLLED,210,0,opening market breadth below 55% in signal direction,1.5975708390729926,0.5666447522616025,0.5279269257255548,0.48493084447135176,1.471135257431782,1.798259767544934,1.0,1.1107931510878137,1.460467761649975,2.044068702475524,4.543196544276458,0.0,0.3571428571428571,0.40476190476190477,0.5294117647058824,-1.3657,S1,1,1,0,0,0,0.5952380952380952,0.40476190476190477,-0.18237107129958074,BULL,0.47058823529411764,0.5294117647058824,0.23404255319149359,True,False,1.5975708390729926,True,-1011.81,-703.0,308.81,-1.0,SL 11:10,0,
UNIONBANK|BUY|11:05|108,UNIONBANK,BUY,BUY-EX9,108,11:05,188.35,PSUBK,2026-09-04T11:05:00+05:30,10.286,32.56,False,S1 Morning Base is mandatory,MOMENTUM-CONTROLLED,210,0,S1 Morning Base is mandatory,-0.3439121145419999,0.0,-0.10136550842658103,-0.9878270773200724,1.6131556466210404,1.7948142205630522,0.9074288620757862,1.4963468672693796,1.6489963343753642,1.0647287291672372,1.061411649107484,85.0,0.6428571428571429,0.5952380952380952,0.42857142857142855,-1.3657,,0,0,0,0,0,0.5952380952380952,0.5952380952380952,0.18237107129958074,BULL,0.42857142857142855,0.42857142857142855,-0.08275525323275801,False,True,-0.3439121145419999,False,326.26,586.0,259.74,0.84,60% book +0.75R 11:20 · runner stop 11:30,1,
OIL|BUY|11:05|106,OIL,BUY,BUY-EX7,106,11:05,490.5,OIL,2026-09-04T11:05:00+05:30,9.15,28.53,False,A+ score 28.53 below 70.00,MOMENTUM-EXTENDED,210,0,A+ score 28.53 below 70.00,0.10204081632652073,0.0,0.4521218981522964,-0.5544244181294172,1.8686489167514726,2.710262829291731,0.8823466053925968,0.7340216899406171,1.0398609495913742,2.141669030116742,1.0362348403367578,80.0,0.6428571428571429,0.5952380952380952,0.42857142857142855,-1.3657,S1,1,1,0,0,0,0.5952380952380952,0.5952380952380952,0.18237107129958074,BULL,0.42857142857142855,0.42857142857142855,-0.22496193884503635,False,True,0.10204081632652073,True,-742.21,-432.0,310.21,-1.0,SL 11:10,0,
LAURUSLABS|SELL|11:05|201,LAURUSLABS,SELL,SELL-EX1,201,11:05,1850.0,PHA,2026-09-04T11:05:00+05:30,8.429,27.31,False,opening market breadth below 55% in signal direction,MOMENTUM-CONTROLLED,210,0,opening market breadth below 55% in signal direction,0.990099009900991,0.7225046829007264,0.4751479953279543,0.5926971731458517,2.215243717777179,2.2923137504901576,0.9358978371780025,1.7992533951712453,1.9224891047900108,1.9143631930360276,1.083163567910467,25.0,0.3571428571428571,0.40476190476190477,0.6923076923076923,-1.3657,S1,1,1,0,0,0,0.5952380952380952,0.40476190476190477,-0.18237107129958074,BULL,0.3076923076923077,0.6923076923076923,0.3369921047564062,True,False,0.990099009900991,True,-549.67,-339.0,210.67,-0.38,momentum failure 11:20,0,
HAVELLS|SELL|11:10|280,HAVELLS,SELL,NORMAL SELL,280,11:10,1156.3,CDUR,2026-09-04T11:10:00+05:30,2.584,59.71,False,opening market breadth below 55% in signal direction,MOMENTUM-EXTENDED,210,0,opening market breadth below 55% in signal direction,3.641662597656248,2.749999999999997,1.144293353632333,2.4738331767168518,2.652591595217377,2.0776186065530755,0.75,0.6870620497341272,1.0178881112979419,1.624519338982831,18.646287028269985,28.0,0.3571428571428571,0.419047619047619,0.33333333333333337,-1.3657,S1,1,1,0,0,0,0.580952380952381,0.419047619047619,-0.1915692989309381,BULL,0.6666666666666666,0.33333333333333337,-0.6281854341309456,False,True,3.641662597656248,True,331.84,591.0,259.16,0.85,60% book +0.75R 11:15 · breadth flip 11:15,1,
INDUSINDBK|BUY|11:10|101,INDUSINDBK,BUY,BUY-EX,101,11:10,1003.6,BANK,2026-09-04T11:10:00+05:30,3.022,39.48,False,S1 Morning Base is mandatory,MOMENTUM-CONTROLLED,210,0,S1 Morning Base is mandatory,-0.11942796791499788,-0.10947209387945911,0.8699596351249043,1.6187017848842227,1.7563683046126028,1.9230500325319826,0.5713662917429593,0.15549507254640657,0.5443751486675021,1.2289220194933443,1.4169681025978296,90.0,0.6428571428571429,0.580952380952381,0.6363636363636364,-1.3657,,0,0,0,0,0,0.580952380952381,0.580952380952381,0.1915692989309381,BULL,0.6363636363636364,0.6363636363636364,0.17745788178364919,False,True,-0.11942796791499788,False,-112.5,147.0,259.5,0.99,60% book +0.75R 11:15 · runner stop 11:20,0,
LODHA|SELL|11:10|216,LODHA,SELL,SELL-EX15,216,11:10,1222.7,REALTY,2026-09-04T11:10:00+05:30,3.503,27.46,False,S1 Morning Base is mandatory,PULLBACK-REENTRY,210,0,S1 Morning Base is mandatory,0.9157251886649065,0.575362689298009,0.4539938956073045,-0.40912554353024616,1.445825637500633,2.092478578150879,0.8889140066913825,0.7381390052187071,0.830382916302699,0.9638016664775018,1.3901213660739486,10.0,0.3571428571428571,0.419047619047619,0.33333333333333337,-1.3657,S2+S3,2,0,1,1,0,0.580952380952381,0.419047619047619,-0.1915692989309381,BULL,0.6666666666666666,0.33333333333333337,-0.43000646446922364,False,True,0.9157251886649065,True,-480.54,-245.0,235.54,-0.45,momentum failure 11:20,0,
IDFCFIRSTB|SELL|11:10|202,IDFCFIRSTB,SELL,SELL-EX2,202,11:10,87.06,BANK,2026-09-04T11:10:00+05:30,2.911,17.6,False,opening market breadth below 55% in signal direction,MOMENTUM-CONTROLLED,210,0,opening market breadth below 55% in signal direction,0.5028599330357153,-0.3542829241071521,0.44345563235008334,-0.5652556437132552,1.3817120269652106,2.0769471847005896,0.9000534065766385,0.4814510952538187,0.5349139192584387,0.3686648619543152,1.206926406926407,5.0,0.3571428571428571,0.419047619047619,0.36363636363636365,-1.3657,S1,1,1,0,0,0,0.580952380952381,0.419047619047619,-0.1915692989309381,BULL,0.6363636363636364,0.36363636363636365,-0.17745788178364919,True,False,0.5028599330357153,True,-656.04,-345.0,311.04,-1.12,SL 11:20,0,
IRFC|BUY|11:15|106,IRFC,BUY,BUY-EX7,106,11:15,83.6,RAILWAYS,2026-09-04T11:15:00+05:30,13.16,84.35,False,stale signal 13.16m > 5.0m,MOMENTUM-EXTENDED,210,0,stale signal 13.16m > 5.0m,1.1494215737488211,0.12099028708401072,0.8244729903096739,1.2310060817745967,2.276400809208816,2.649216481893826,0.7647032424548412,1.4579977229720433,2.3606055776293955,2.926523210440245,6.390842191332788,100.0,0.6428571428571429,0.6047619047619047,1.0,-1.3657,S1,1,1,0,0,0,0.6047619047619047,0.6047619047619047,0.22722648582891303,BULL,1.0,1.0,1.372607654812985,True,False,1.1494215737488211,False,192.3,452.0,259.7,0.55,60% book +0.75R 11:25 · runner stop 11:55,1,
NYKAA|BUY|11:15|103,NYKAA,BUY,BUY-EX4,103,11:15,335.95,NEWAGE,2026-09-04T11:15:00+05:30,14.102,54.54,False,S1 Morning Base is mandatory,MOMENTUM-EXTENDED,210,0,S1 Morning Base is mandatory,0.5236385206700334,-0.32914603929882214,0.49058936524246205,-0.2033553469196593,4.174909182041502,3.9920711142914866,1.0,4.0374439649220575,4.0374439649220575,6.309328128210397,2.3930874588423245,80.0,0.6428571428571429,0.6047619047619047,0.8,-1.3657,,0,0,0,0,0,0.6047619047619047,0.6047619047619047,0.22722648582891303,BULL,0.8,0.8,0.5236385206700334,True,False,0.5236385206700334,True,-477.01,-343.0,134.01,-0.38,momentum failure 11:30,0,
ADANIPOWER|SELL|11:25|201,ADANIPOWER,SELL,SELL-EX1,201,11:25,207.48,ENE,2026-09-04T11:25:00+05:30,1.132,19.35,False,opening market breadth below 55% in signal direction,MOMENTUM-CONTROLLED,210,0,opening market breadth below 55% in signal direction,0.38887972764060086,0.023999133218122193,0.2256841477820599,0.2588261420903599,1.1481211479158724,1.3878871858403132,0.8571366291742959,0.6377454542979408,1.014607104361643,1.350459893728841,1.4515246325489684,0.0,0.3571428571428571,0.37142857142857144,0.33333333333333337,-1.3657,S1+S4,2,1,0,0,1,0.6285714285714286,0.37142857142857144,-0.192233379496487,BULL,0.6666666666666666,0.33333333333333337,-0.3139378714776875,False,True,0.38887972764060086,True,-721.93,-411.0,310.93,-1.0,SL 11:40,0,
TORNTPHARM|SELL|11:30|201,TORNTPHARM,SELL,SELL-EX1,201,11:30,4890.5,PHA,2026-09-04T11:30:00+05:30,14.587,51.58,False,opening market breadth below 55% in signal direction,MOMENTUM-CONTROLLED,210,0,opening market breadth below 55% in signal direction,0.3057792273978177,-0.3363571501376006,0.5126959917917476,0.6941328060960107,1.7625723225389933,1.7363156177343049,0.696969696969697,0.774526064085428,1.5974600071761953,3.981675631324642,4.412730487496843,5.0,0.3571428571428571,0.3857142857142857,0.7692307692307692,-1.3657,S1,1,1,0,0,0,0.6142857142857143,0.3857142857142857,-0.22992583296838065,BULL,0.23076923076923078,0.7692307692307692,0.3057792273978177,True,False,0.3057792273978177,True,-388.5,-153.0,235.5,-0.24,momentum failure 11:40,0,
MPHASIS|SELL|11:45|280,MPHASIS,SELL,NORMAL SELL,280,11:45,2453.5,IT,2026-09-04T11:45:00+05:30,13.268,47.31,False,opening market breadth below 55% in signal direction,PULLBACK-REENTRY,210,0,opening market breadth below 55% in signal direction,0.7082152974504208,-0.3358983742664856,0.5403217469896702,0.3247152024497151,1.268650753649622,2.581872199906164,0.5192262547537443,0.648843767160881,1.2496358980703142,2.5676202773406502,4.202994275649494,20.0,0.3571428571428571,0.40476190476190477,0.25,-1.3657,S1+S2,2,1,1,0,0,0.5952380952380952,0.40476190476190477,-0.2060773470252908,BULL,0.75,0.25,-0.1825895245336051,True,False,0.7082152974504208,True,-52.79,205.0,257.79,0.64,59% book +0.75R 11:55 · breadth flip 11:55,0,
AUBANK|SELL|11:45|201,AUBANK,SELL,SELL-EX1,201,11:45,1065.5,BANK,2026-09-04T11:45:00+05:30,11.541,25.14,False,opening market breadth below 55% in signal direction,MOMENTUM-CONTROLLED,210,0,opening market breadth below 55% in signal direction,0.6063432835820892,0.01865216155549909,0.5206307621725942,0.701639346883844,1.515006337870915,1.79821012172953,0.6999918619791666,1.0208254174733842,1.8015083627621635,1.5413410974776434,1.9035039442304165,15.0,0.3571428571428571,0.40476190476190477,0.36363636363636365,-1.3657,S1,1,1,0,0,0,0.5952380952380952,0.40476190476190477,-0.2060773470252908,BULL,0.6363636363636364,0.36363636363636365,-0.2167815095061254,False,True,0.6063432835820892,True,-469.46,-234.0,235.46,-0.43,momentum failure 11:55,0,
BAJAJFINSV|SELL|11:50|201,BAJAJFINSV,SELL,SELL-EX1,201,11:50,1983.0,FIN,2026-09-04T11:50:00+05:30,6.607,46.62,False,opening market breadth below 55% in signal direction,PULLBACK-REENTRY,210,0,opening market breadth below 55% in signal direction,0.45680315734459853,0.5070014411785118,0.2890241704139777,-0.42538111198685596,1.1007504914658348,1.2647865785730812,0.660009765625,0.7897884781046335,1.716895025112291,10.208257141696127,10.060672807368842,5.0,0.3571428571428571,0.40476190476190477,0.25,-1.3657,S1+S2,2,1,1,0,0,0.5952380952380952,0.40476190476190477,-0.18958343832075064,BULL,0.75,0.25,-0.5556366593056694,False,True,0.45680315734459853,True,357.77,617.0,259.23,1.33,60% book +0.75R 12:00 · runner stop 12:25,1,
CHOLAFIN|SELL|11:55|201,CHOLAFIN,SELL,SELL-EX1,201,11:55,1841.3,FIN,2026-09-04T11:55:00+05:30,1.93,25.58,False,S1 Morning Base is mandatory,PULLBACK-REENTRY,210,0,S1 Morning Base is mandatory,0.43259610602776055,0.3947465871074307,0.6977766192307612,-0.030610164860402765,1.506908220097075,3.148640624076174,0.6,0.2774916149632556,0.8672406950171638,2.036974207566647,2.1124419823326845,5.0,0.3571428571428571,0.4,0.25,-1.3657,S2,1,0,1,0,0,0.6,0.4,-0.20871439938823233,BULL,0.75,0.25,-0.5056515512099735,False,True,0.43259610602776055,True,270.71,529.0,258.29,2.1,60% book +0.75R 12:00 · runner stop 12:25,1,
TATASTEEL|SELL|11:55|202,TATASTEEL,SELL,SELL-EX2,202,11:55,183.31,MET,2026-09-04T11:55:00+05:30,4.117,17.69,False,S1 Morning Base is mandatory,MOMENTUM-EXTENDED,210,0,S1 Morning Base is mandatory,0.48317014353617127,-0.0,0.4612577105021762,-0.4873952085781582,2.390285232472381,2.759575690323344,0.9076951969576036,2.0883717591785786,2.4239907410759973,1.9455293277805987,1.1572690484495693,15.0,0.3571428571428571,0.4,0.5,-1.3657,S4,1,0,0,0,1,0.6,0.4,-0.20871439938823233,BULL,0.5,0.5,-0.020140473371071943,True,False,0.48317014353617127,True,-1165.23,-854.0,311.23,-1.0,SL 12:45,0,
ASTRAL|SELL|12:00|216,ASTRAL,SELL,SELL-EX15,216,12:00,1489.1,BUILDMAT,2026-09-04T12:00:00+05:30,11.206,51.33,False,opening market breadth below 55% in signal direction,MOMENTUM-EXTENDED,210,0,opening market breadth below 55% in signal direction,0.4079705581288007,0.27420918404418293,0.2584825179284005,-0.5054081353122039,2.063337450915087,3.1163599988500064,0.9042529705863256,2.407951421793269,2.727068553625183,1.5347338156186237,3.706565868682626,0.0,0.3571428571428571,0.46190476190476193,1.0,-1.3657,S1,1,1,0,0,0,0.5380952380952381,0.46190476190476193,-0.07859322627852272,NEUTRAL,0.0,1.0,0.30803089670515815,True,False,0.4079705581288007,True,-181.85,-20.0,161.85,-0.02,momentum failure 12:15,0,
GLENMARK|SELL|12:00|216,GLENMARK,SELL,SELL-EX15,216,12:00,2430.0,PHA,2026-09-04T12:00:00+05:30,12.181,35.23,False,opening market breadth below 55% in signal direction,MOMENTUM-CONTROLLED,210,0,opening market breadth below 55% in signal direction,1.1793411956079747,0.23587022481191822,0.43983968300631826,0.40246728215779254,1.5789117634381828,1.968067078703059,1.0,0.8794523074540909,1.1432593716855182,1.0932922309420996,1.339483926769497,0.0,0.3571428571428571,0.46190476190476193,0.8461538461538461,-1.3657,S1,1,1,0,0,0,0.5380952380952381,0.46190476190476193,-0.07859322627852272,NEUTRAL,0.15384615384615385,0.8461538461538461,0.5458898138546942,True,False,1.1793411956079747,True,-755.9,-447.0,308.9,-1.0,SL 12:15,0,
DMART|SELL|12:00|201,DMART,SELL,SELL-EX1,201,12:00,3751.8999,CONSUMPTION,2026-09-04T12:00:00+05:30,12.004,29.46,False,opening market breadth below 55% in signal direction,MOMENTUM-CONTROLLED,210,0,opening market breadth below 55% in signal direction,0.2949800068097308,-0.04252186171271877,0.24106303335257726,0.8303040855788146,1.6574254013701168,1.7972355741739556,0.8055678003458683,1.069107355502898,1.3745333080973043,2.6948025289432627,2.5188027628549503,25.0,0.3571428571428571,0.46190476190476193,0.4,-1.3657,S1,1,1,0,0,0,0.5380952380952381,0.46190476190476193,-0.07859322627852272,NEUTRAL,0.6,0.4,-0.01035790250136781,True,False,0.2949800068097308,True,-247.11,-13.0,234.11,-0.03,momentum failure 12:10,0,
BPCL|SELL|12:00|201,BPCL,SELL,SELL-EX1,201,12:00,318.55,OIL,2026-09-04T12:00:00+05:30,11.575,24.88,False,S1 Morning Base is mandatory,MOMENTUM-CONTROLLED,210,0,S1 Morning Base is mandatory,0.2973434137813036,0.03130081487187075,0.6528425438891671,0.32517828090970546,1.8824434604029883,2.4861841055702905,1.0,1.0926288451889663,1.0926288451889663,1.884226653523201,0.3734786600437863,0.0,0.3571428571428571,0.46190476190476193,0.8571428571428572,-1.3657,S4,1,0,0,0,1,0.5380952380952381,0.46190476190476193,-0.07859322627852272,NEUTRAL,0.14285714285714285,0.8571428571428572,0.2973434137813036,True,False,0.2973434137813036,True,-15.24,244.0,259.24,0.67,60% book +0.75R 12:10 · runner stop 12:15,0,
MARICO|SELL|12:00|216,MARICO,SELL,SELL-EX15,216,12:00,819.8,FMCG,2026-09-04T12:00:00+05:30,13.303,22.17,False,S1 Morning Base is mandatory,MOMENTUM-CONTROLLED,210,0,S1 Morning Base is mandatory,0.9185444037756563,0.7372536186971423,0.4434126570967346,0.5962192239347367,1.2119427503444256,1.0605656920548545,0.8181767741219553,0.7335544636124776,1.152746717036157,1.2811297833569548,0.47420684486635023,0.0,0.3571428571428571,0.46190476190476193,0.5714285714285714,-1.3657,,0,0,0,0,0,0.5380952380952381,0.46190476190476193,-0.07859322627852272,NEUTRAL,0.42857142857142855,0.5714285714285714,0.22597725810687974,True,False,0.9185444037756563,True,-33.85,225.0,258.85,0.7,60% book +0.75R 12:30 · runner stop 12:35,0,
